源文件,行号,图片哈希,语义块,块标题,答案区,跨题重复,出现文件数,上下文摘要,核验结论,备注
真题/第25届初赛/化学原理/题-025-1-1-居里夫人发现元素.md,38,4e293826f39fd1fbde0c8bae1b5d6b43439298f7ae5da210010e5ebdc2c4871a.jpg,题干图示,题目图示与结构参考,是,是,5,![[4e293826f39fd1fbde0c8bae1b5d6b43439298f7ae5da210010e5ebdc2c4871a.jpg]],,
真题/第25届初赛/化学原理/题-025-1-1-居里夫人发现元素.md,40,ed2c9eaee823880bf399218d07b9596fecba1fc5a60c47719372d5208e7eaacc.jpg,题干图示,题目图示与结构参考,是,是,5,![[ed2c9eaee823880bf399218d07b9596fecba1fc5a60c47719372d5208e7eaacc.jpg]],,
真题/第25届初赛/化学原理/题-025-1-1-居里夫人发现元素.md,42,df8d66d087567b7be1c8cece58c9b5e1b662a94a51643513b283a8d0515ab38a.jpg,题干图示,题目图示与结构参考,是,是,5,![[df8d66d087567b7be1c8cece58c9b5e1b662a94a51643513b283a8d0515ab38a.jpg]],,
真题/第25届初赛/化学原理/题-025-1-2-Ti红氧化与CuCl沉淀.md,44,4e293826f39fd1fbde0c8bae1b5d6b43439298f7ae5da210010e5ebdc2c4871a.jpg,题干图示,题目图示与结构参考,是,是,5,![[4e293826f39fd1fbde0c8bae1b5d6b43439298f7ae5da210010e5ebdc2c4871a.jpg]],,
真题/第25届初赛/化学原理/题-025-1-2-Ti红氧化与CuCl沉淀.md,46,ed2c9eaee823880bf399218d07b9596fecba1fc5a60c47719372d5208e7eaacc.jpg,题干图示,题目图示与结构参考,是,是,5,![[ed2c9eaee823880bf399218d07b9596fecba1fc5a60c47719372d5208e7eaacc.jpg]],,
真题/第25届初赛/化学原理/题-025-1-2-Ti红氧化与CuCl沉淀.md,48,df8d66d087567b7be1c8cece58c9b5e1b662a94a51643513b283a8d0515ab38a.jpg,题干图示,题目图示与结构参考,是,是,5,![[df8d66d087567b7be1c8cece58c9b5e1b662a94a51643513b283a8d0515ab38a.jpg]],,
真题/第25届初赛/化学原理/题-025-1-5-高铁酸根氧化还原.md,64,4e293826f39fd1fbde0c8bae1b5d6b43439298f7ae5da210010e5ebdc2c4871a.jpg,题干图示,题目图示与结构参考,是,是,5,![[4e293826f39fd1fbde0c8bae1b5d6b43439298f7ae5da210010e5ebdc2c4871a.jpg]],,
真题/第25届初赛/化学原理/题-025-1-5-高铁酸根氧化还原.md,66,ed2c9eaee823880bf399218d07b9596fecba1fc5a60c47719372d5208e7eaacc.jpg,题干图示,题目图示与结构参考,是,是,5,![[ed2c9eaee823880bf399218d07b9596fecba1fc5a60c47719372d5208e7eaacc.jpg]],,
真题/第25届初赛/化学原理/题-025-1-5-高铁酸根氧化还原.md,68,df8d66d087567b7be1c8cece58c9b5e1b662a94a51643513b283a8d0515ab38a.jpg,题干图示,题目图示与结构参考,是,是,5,![[df8d66d087567b7be1c8cece58c9b5e1b662a94a51643513b283a8d0515ab38a.jpg]],,
真题/第25届初赛/无机和结构化学/题-025-1-3-SNF与SNF3结构.md,38,4e293826f39fd1fbde0c8bae1b5d6b43439298f7ae5da210010e5ebdc2c4871a.jpg,题干图示,题目图示与结构参考,是,是,5,![[4e293826f39fd1fbde0c8bae1b5d6b43439298f7ae5da210010e5ebdc2c4871a.jpg]],,
真题/第25届初赛/无机和结构化学/题-025-1-3-SNF与SNF3结构.md,40,ed2c9eaee823880bf399218d07b9596fecba1fc5a60c47719372d5208e7eaacc.jpg,题干图示,题目图示与结构参考,是,是,5,![[ed2c9eaee823880bf399218d07b9596fecba1fc5a60c47719372d5208e7eaacc.jpg]],,
真题/第25届初赛/无机和结构化学/题-025-1-3-SNF与SNF3结构.md,42,df8d66d087567b7be1c8cece58c9b5e1b662a94a51643513b283a8d0515ab38a.jpg,题干图示,题目图示与结构参考,是,是,5,![[df8d66d087567b7be1c8cece58c9b5e1b662a94a51643513b283a8d0515ab38a.jpg]],,
真题/第25届初赛/无机和结构化学/题-025-1-4-铝镁有机金属结构.md,38,4e293826f39fd1fbde0c8bae1b5d6b43439298f7ae5da210010e5ebdc2c4871a.jpg,题干图示,题目图示与结构参考,是,是,5,![[4e293826f39fd1fbde0c8bae1b5d6b43439298f7ae5da210010e5ebdc2c4871a.jpg]],,
真题/第25届初赛/无机和结构化学/题-025-1-4-铝镁有机金属结构.md,40,ed2c9eaee823880bf399218d07b9596fecba1fc5a60c47719372d5208e7eaacc.jpg,题干图示,题目图示与结构参考,是,是,5,![[ed2c9eaee823880bf399218d07b9596fecba1fc5a60c47719372d5208e7eaacc.jpg]],,
真题/第25届初赛/无机和结构化学/题-025-1-4-铝镁有机金属结构.md,42,df8d66d087567b7be1c8cece58c9b5e1b662a94a51643513b283a8d0515ab38a.jpg,题干图示,题目图示与结构参考,是,是,5,![[df8d66d087567b7be1c8cece58c9b5e1b662a94a51643513b283a8d0515ab38a.jpg]],,
真题/第25届初赛/无机和结构化学/题-025-2-1-乙酰丙酮锰配合物结构.md,36,2b44af171833f3b1c67f865b58fc87e06bfda4d114d28995f16f3b39485c3755.jpg,题干图示,题目图示与结构参考,是,是,5,![[2b44af171833f3b1c67f865b58fc87e06bfda4d114d28995f16f3b39485c3755.jpg]],,
真题/第25届初赛/无机和结构化学/题-025-2-1-乙酰丙酮锰配合物结构.md,38,fa8391a7866700de5d322b244563d8934e6bf7871299058b2cf422d5c3da3ed7.jpg,题干图示,题目图示与结构参考,是,是,5,![[fa8391a7866700de5d322b244563d8934e6bf7871299058b2cf422d5c3da3ed7.jpg]],,
真题/第25届初赛/无机和结构化学/题-025-2-2-磁矩计算.md,40,2b44af171833f3b1c67f865b58fc87e06bfda4d114d28995f16f3b39485c3755.jpg,题干图示,题目图示与结构参考,是,是,5,![[2b44af171833f3b1c67f865b58fc87e06bfda4d114d28995f16f3b39485c3755.jpg]],,
真题/第25届初赛/无机和结构化学/题-025-2-2-磁矩计算.md,42,fa8391a7866700de5d322b244563d8934e6bf7871299058b2cf422d5c3da3ed7.jpg,题干图示,题目图示与结构参考,是,是,5,![[fa8391a7866700de5d322b244563d8934e6bf7871299058b2cf422d5c3da3ed7.jpg]],,
真题/第25届初赛/无机和结构化学/题-025-2-3-配合物手性判据.md,40,2b44af171833f3b1c67f865b58fc87e06bfda4d114d28995f16f3b39485c3755.jpg,题干图示,题目图示与结构参考,是,是,5,![[2b44af171833f3b1c67f865b58fc87e06bfda4d114d28995f16f3b39485c3755.jpg]],,
真题/第25届初赛/无机和结构化学/题-025-2-3-配合物手性判据.md,42,fa8391a7866700de5d322b244563d8934e6bf7871299058b2cf422d5c3da3ed7.jpg,题干图示,题目图示与结构参考,是,是,5,![[fa8391a7866700de5d322b244563d8934e6bf7871299058b2cf422d5c3da3ed7.jpg]],,
真题/第25届初赛/无机和结构化学/题-025-2-4-离域π键.md,38,2b44af171833f3b1c67f865b58fc87e06bfda4d114d28995f16f3b39485c3755.jpg,题干图示,题目图示与结构参考,是,是,5,![[2b44af171833f3b1c67f865b58fc87e06bfda4d114d28995f16f3b39485c3755.jpg]],,
真题/第25届初赛/无机和结构化学/题-025-2-4-离域π键.md,40,fa8391a7866700de5d322b244563d8934e6bf7871299058b2cf422d5c3da3ed7.jpg,题干图示,题目图示与结构参考,是,是,5,![[fa8391a7866700de5d322b244563d8934e6bf7871299058b2cf422d5c3da3ed7.jpg]],,
真题/第25届初赛/无机和结构化学/题-025-2-5-六氨合钴合成机理.md,44,2b44af171833f3b1c67f865b58fc87e06bfda4d114d28995f16f3b39485c3755.jpg,题干图示,题目图示与结构参考,是,是,5,![[2b44af171833f3b1c67f865b58fc87e06bfda4d114d28995f16f3b39485c3755.jpg]],,
真题/第25届初赛/无机和结构化学/题-025-2-5-六氨合钴合成机理.md,46,fa8391a7866700de5d322b244563d8934e6bf7871299058b2cf422d5c3da3ed7.jpg,题干图示,题目图示与结构参考,是,是,5,![[fa8391a7866700de5d322b244563d8934e6bf7871299058b2cf422d5c3da3ed7.jpg]],,
真题/第25届初赛/无机和结构化学/题-025-5-1-Wilkinson催化剂结构.md,40,fb2e95a760791ce194ef0091e6e4649c84b603c1a6e6cdcf4e3739ba65e3a0de.jpg,题干图示,题目图示与结构参考,是,是,5,![[fb2e95a760791ce194ef0091e6e4649c84b603c1a6e6cdcf4e3739ba65e3a0de.jpg]],,
真题/第25届初赛/无机和结构化学/题-025-5-2-催化中间体D结构.md,38,fb2e95a760791ce194ef0091e6e4649c84b603c1a6e6cdcf4e3739ba65e3a0de.jpg,题干图示,题目图示与结构参考,是,是,5,![[fb2e95a760791ce194ef0091e6e4649c84b603c1a6e6cdcf4e3739ba65e3a0de.jpg]],,
真题/第25届初赛/无机和结构化学/题-025-5-3-配合物氧化态.md,44,fb2e95a760791ce194ef0091e6e4649c84b603c1a6e6cdcf4e3739ba65e3a0de.jpg,题干图示,题目图示与结构参考,是,是,5,![[fb2e95a760791ce194ef0091e6e4649c84b603c1a6e6cdcf4e3739ba65e3a0de.jpg]],,
真题/第25届初赛/无机和结构化学/题-025-5-4-杂化轨道类型.md,43,fb2e95a760791ce194ef0091e6e4649c84b603c1a6e6cdcf4e3739ba65e3a0de.jpg,题干图示,题目图示与结构参考,是,是,5,![[fb2e95a760791ce194ef0091e6e4649c84b603c1a6e6cdcf4e3739ba65e3a0de.jpg]],,
真题/第25届初赛/无机和结构化学/题-025-5-5-顺磁性抗磁性判断.md,38,fb2e95a760791ce194ef0091e6e4649c84b603c1a6e6cdcf4e3739ba65e3a0de.jpg,题干图示,题目图示与结构参考,是,是,5,![[fb2e95a760791ce194ef0091e6e4649c84b603c1a6e6cdcf4e3739ba65e3a0de.jpg]],,
真题/第25届初赛/无机和结构化学/题-025-7-1-金刚石晶胞键连.md,36,94ac035d4be620acf64d716d571db1184abdebd8e456898b17f7dc03b0c8ece4.jpg,题干图示,题目图示与结构参考,是,是,4,![[94ac035d4be620acf64d716d571db1184abdebd8e456898b17f7dc03b0c8ece4.jpg]],,
真题/第25届初赛/无机和结构化学/题-025-7-1-金刚石晶胞键连.md,38,f62d8450f931d0cccaf13003aef328057f462ef68269760165e60c464c8975f1.jpg,题干图示,题目图示与结构参考,是,是,4,![[f62d8450f931d0cccaf13003aef328057f462ef68269760165e60c464c8975f1.jpg]],,
真题/第25届初赛/无机和结构化学/题-025-7-1-金刚石晶胞键连.md,40,c62bed1f1c644275d18f18fc53c4abdf893a2c7060f22400c60970b5e1dc1968.jpg,题干图示,题目图示与结构参考,是,是,4,![[c62bed1f1c644275d18f18fc53c4abdf893a2c7060f22400c60970b5e1dc1968.jpg]],,
真题/第25届初赛/无机和结构化学/题-025-7-1-金刚石晶胞键连.md,42,1938f87046d5c2efb3809a1f4be6872a1b5f80a393f63584463c6a59f3ea0dec.jpg,题干图示,题目图示与结构参考,是,是,4,![[1938f87046d5c2efb3809a1f4be6872a1b5f80a393f63584463c6a59f3ea0dec.jpg]],,
真题/第25届初赛/无机和结构化学/题-025-7-1-金刚石晶胞键连.md,44,c29db43a837a1956096b05dcd08a238403c431db01dc7f286c35f53aa47f4125.jpg,题干图示,题目图示与结构参考,是,是,4,![[c29db43a837a1956096b05dcd08a238403c431db01dc7f286c35f53aa47f4125.jpg]],,
真题/第25届初赛/无机和结构化学/题-025-7-1-金刚石晶胞键连.md,46,f6f37f3513bbaf90fb72185592fce2822ad68f7782bf6e2ec4ea203b31ce1b32.jpg,题干图示,题目图示与结构参考,是,是,4,![[f6f37f3513bbaf90fb72185592fce2822ad68f7782bf6e2ec4ea203b31ce1b32.jpg]],,
真题/第25届初赛/无机和结构化学/题-025-7-1-金刚石晶胞键连.md,48,8f937fb19745bdc7a336657997785a44054901819aea41aa3afa2f6c91814235.jpg,题干图示,题目图示与结构参考,是,是,4,![[8f937fb19745bdc7a336657997785a44054901819aea41aa3afa2f6c91814235.jpg]],,
真题/第25届初赛/无机和结构化学/题-025-7-1-金刚石晶胞键连.md,50,855b731bbbddf8b5c1c500a69726eb06b70ceec50b970bca38e2b921232957df.jpg,题干图示,题目图示与结构参考,是,是,4,![[855b731bbbddf8b5c1c500a69726eb06b70ceec50b970bca38e2b921232957df.jpg]],,
真题/第25届初赛/无机和结构化学/题-025-7-2-立方与六方金刚石对比.md,38,94ac035d4be620acf64d716d571db1184abdebd8e456898b17f7dc03b0c8ece4.jpg,题干图示,题目图示与结构参考,是,是,4,![[94ac035d4be620acf64d716d571db1184abdebd8e456898b17f7dc03b0c8ece4.jpg]],,
真题/第25届初赛/无机和结构化学/题-025-7-2-立方与六方金刚石对比.md,40,f62d8450f931d0cccaf13003aef328057f462ef68269760165e60c464c8975f1.jpg,题干图示,题目图示与结构参考,是,是,4,![[f62d8450f931d0cccaf13003aef328057f462ef68269760165e60c464c8975f1.jpg]],,
真题/第25届初赛/无机和结构化学/题-025-7-2-立方与六方金刚石对比.md,42,c62bed1f1c644275d18f18fc53c4abdf893a2c7060f22400c60970b5e1dc1968.jpg,题干图示,题目图示与结构参考,是,是,4,![[c62bed1f1c644275d18f18fc53c4abdf893a2c7060f22400c60970b5e1dc1968.jpg]],,
真题/第25届初赛/无机和结构化学/题-025-7-2-立方与六方金刚石对比.md,44,1938f87046d5c2efb3809a1f4be6872a1b5f80a393f63584463c6a59f3ea0dec.jpg,题干图示,题目图示与结构参考,是,是,4,![[1938f87046d5c2efb3809a1f4be6872a1b5f80a393f63584463c6a59f3ea0dec.jpg]],,
真题/第25届初赛/无机和结构化学/题-025-7-2-立方与六方金刚石对比.md,46,c29db43a837a1956096b05dcd08a238403c431db01dc7f286c35f53aa47f4125.jpg,题干图示,题目图示与结构参考,是,是,4,![[c29db43a837a1956096b05dcd08a238403c431db01dc7f286c35f53aa47f4125.jpg]],,
真题/第25届初赛/无机和结构化学/题-025-7-2-立方与六方金刚石对比.md,48,f6f37f3513bbaf90fb72185592fce2822ad68f7782bf6e2ec4ea203b31ce1b32.jpg,题干图示,题目图示与结构参考,是,是,4,![[f6f37f3513bbaf90fb72185592fce2822ad68f7782bf6e2ec4ea203b31ce1b32.jpg]],,
真题/第25届初赛/无机和结构化学/题-025-7-2-立方与六方金刚石对比.md,50,8f937fb19745bdc7a336657997785a44054901819aea41aa3afa2f6c91814235.jpg,题干图示,题目图示与结构参考,是,是,4,![[8f937fb19745bdc7a336657997785a44054901819aea41aa3afa2f6c91814235.jpg]],,
真题/第25届初赛/无机和结构化学/题-025-7-2-立方与六方金刚石对比.md,52,855b731bbbddf8b5c1c500a69726eb06b70ceec50b970bca38e2b921232957df.jpg,题干图示,题目图示与结构参考,是,是,4,![[855b731bbbddf8b5c1c500a69726eb06b70ceec50b970bca38e2b921232957df.jpg]],,
真题/第25届初赛/无机和结构化学/题-025-7-3-六方ZnS晶胞框选.md,40,94ac035d4be620acf64d716d571db1184abdebd8e456898b17f7dc03b0c8ece4.jpg,题干图示,题目图示与结构参考,是,是,4,![[94ac035d4be620acf64d716d571db1184abdebd8e456898b17f7dc03b0c8ece4.jpg]],,
真题/第25届初赛/无机和结构化学/题-025-7-3-六方ZnS晶胞框选.md,42,f62d8450f931d0cccaf13003aef328057f462ef68269760165e60c464c8975f1.jpg,题干图示,题目图示与结构参考,是,是,4,![[f62d8450f931d0cccaf13003aef328057f462ef68269760165e60c464c8975f1.jpg]],,
真题/第25届初赛/无机和结构化学/题-025-7-3-六方ZnS晶胞框选.md,44,c62bed1f1c644275d18f18fc53c4abdf893a2c7060f22400c60970b5e1dc1968.jpg,题干图示,题目图示与结构参考,是,是,4,![[c62bed1f1c644275d18f18fc53c4abdf893a2c7060f22400c60970b5e1dc1968.jpg]],,
真题/第25届初赛/无机和结构化学/题-025-7-3-六方ZnS晶胞框选.md,46,1938f87046d5c2efb3809a1f4be6872a1b5f80a393f63584463c6a59f3ea0dec.jpg,题干图示,题目图示与结构参考,是,是,4,![[1938f87046d5c2efb3809a1f4be6872a1b5f80a393f63584463c6a59f3ea0dec.jpg]],,
真题/第25届初赛/无机和结构化学/题-025-7-3-六方ZnS晶胞框选.md,48,c29db43a837a1956096b05dcd08a238403c431db01dc7f286c35f53aa47f4125.jpg,题干图示,题目图示与结构参考,是,是,4,![[c29db43a837a1956096b05dcd08a238403c431db01dc7f286c35f53aa47f4125.jpg]],,
真题/第25届初赛/无机和结构化学/题-025-7-3-六方ZnS晶胞框选.md,50,f6f37f3513bbaf90fb72185592fce2822ad68f7782bf6e2ec4ea203b31ce1b32.jpg,题干图示,题目图示与结构参考,是,是,4,![[f6f37f3513bbaf90fb72185592fce2822ad68f7782bf6e2ec4ea203b31ce1b32.jpg]],,
真题/第25届初赛/无机和结构化学/题-025-7-3-六方ZnS晶胞框选.md,52,8f937fb19745bdc7a336657997785a44054901819aea41aa3afa2f6c91814235.jpg,题干图示,题目图示与结构参考,是,是,4,![[8f937fb19745bdc7a336657997785a44054901819aea41aa3afa2f6c91814235.jpg]],,
真题/第25届初赛/无机和结构化学/题-025-7-3-六方ZnS晶胞框选.md,54,855b731bbbddf8b5c1c500a69726eb06b70ceec50b970bca38e2b921232957df.jpg,题干图示,题目图示与结构参考,是,是,4,![[855b731bbbddf8b5c1c500a69726eb06b70ceec50b970bca38e2b921232957df.jpg]],,
真题/第25届初赛/无机和结构化学/题-025-7-4-金刚石结构基元.md,45,94ac035d4be620acf64d716d571db1184abdebd8e456898b17f7dc03b0c8ece4.jpg,题干图示,题目图示与结构参考,是,是,4,![[94ac035d4be620acf64d716d571db1184abdebd8e456898b17f7dc03b0c8ece4.jpg]],,
真题/第25届初赛/无机和结构化学/题-025-7-4-金刚石结构基元.md,47,f62d8450f931d0cccaf13003aef328057f462ef68269760165e60c464c8975f1.jpg,题干图示,题目图示与结构参考,是,是,4,![[f62d8450f931d0cccaf13003aef328057f462ef68269760165e60c464c8975f1.jpg]],,
真题/第25届初赛/无机和结构化学/题-025-7-4-金刚石结构基元.md,49,c62bed1f1c644275d18f18fc53c4abdf893a2c7060f22400c60970b5e1dc1968.jpg,题干图示,题目图示与结构参考,是,是,4,![[c62bed1f1c644275d18f18fc53c4abdf893a2c7060f22400c60970b5e1dc1968.jpg]],,
真题/第25届初赛/无机和结构化学/题-025-7-4-金刚石结构基元.md,51,1938f87046d5c2efb3809a1f4be6872a1b5f80a393f63584463c6a59f3ea0dec.jpg,题干图示,题目图示与结构参考,是,是,4,![[1938f87046d5c2efb3809a1f4be6872a1b5f80a393f63584463c6a59f3ea0dec.jpg]],,
真题/第25届初赛/无机和结构化学/题-025-7-4-金刚石结构基元.md,53,c29db43a837a1956096b05dcd08a238403c431db01dc7f286c35f53aa47f4125.jpg,题干图示,题目图示与结构参考,是,是,4,![[c29db43a837a1956096b05dcd08a238403c431db01dc7f286c35f53aa47f4125.jpg]],,
真题/第25届初赛/无机和结构化学/题-025-7-4-金刚石结构基元.md,55,f6f37f3513bbaf90fb72185592fce2822ad68f7782bf6e2ec4ea203b31ce1b32.jpg,题干图示,题目图示与结构参考,是,是,4,![[f6f37f3513bbaf90fb72185592fce2822ad68f7782bf6e2ec4ea203b31ce1b32.jpg]],,
真题/第25届初赛/无机和结构化学/题-025-7-4-金刚石结构基元.md,57,8f937fb19745bdc7a336657997785a44054901819aea41aa3afa2f6c91814235.jpg,题干图示,题目图示与结构参考,是,是,4,![[8f937fb19745bdc7a336657997785a44054901819aea41aa3afa2f6c91814235.jpg]],,
真题/第25届初赛/无机和结构化学/题-025-7-4-金刚石结构基元.md,59,855b731bbbddf8b5c1c500a69726eb06b70ceec50b970bca38e2b921232957df.jpg,题干图示,题目图示与结构参考,是,是,4,![[855b731bbbddf8b5c1c500a69726eb06b70ceec50b970bca38e2b921232957df.jpg]],,
真题/第25届初赛/有机化学/题-025-10-1-Vilsmeier试剂共振式.md,44,7c15969c41ab47f5a27235bcc1049bf8e684eaad1ae5f6109e1bd460b9b08118.jpg,题干图示,题目图示与结构参考,是,是,3,![[7c15969c41ab47f5a27235bcc1049bf8e684eaad1ae5f6109e1bd460b9b08118.jpg]],,
真题/第25届初赛/有机化学/题-025-10-1-Vilsmeier试剂共振式.md,46,a7007ea4cfec7fc28d4ec1020134e3211754b221220c904cadbd60d818610a94.jpg,题干图示,题目图示与结构参考,是,是,3,![[a7007ea4cfec7fc28d4ec1020134e3211754b221220c904cadbd60d818610a94.jpg]],,
真题/第25届初赛/有机化学/题-025-10-1-Vilsmeier试剂共振式.md,48,daad9101d443a59fddc993be66341ff819098b13fb69f252d5f94305eb968eee.jpg,题干图示,题目图示与结构参考,是,是,3,![[daad9101d443a59fddc993be66341ff819098b13fb69f252d5f94305eb968eee.jpg]],,
真题/第25届初赛/有机化学/题-025-10-1-Vilsmeier试剂共振式.md,50,b6990c246f45a1b72e9892d419433a015e96d47fa2be0fc96535bab85b2127ef.jpg,题干图示,题目图示与结构参考,是,是,3,![[b6990c246f45a1b72e9892d419433a015e96d47fa2be0fc96535bab85b2127ef.jpg]],,
真题/第25届初赛/有机化学/题-025-10-1-Vilsmeier试剂共振式.md,52,b379b82b39df262bb15608af80003a833635cef8084a209254fed966d7ebabd4.jpg,题干图示,题目图示与结构参考,是,是,3,![[b379b82b39df262bb15608af80003a833635cef8084a209254fed966d7ebabd4.jpg]],,
真题/第25届初赛/有机化学/题-025-10-1-Vilsmeier试剂共振式.md,54,e359e3d72559f07e0d0c0c9f2640e25e9a9a8b21efab8b3e2c713c658adbb5ba.jpg,题干图示,题目图示与结构参考,是,是,3,![[e359e3d72559f07e0d0c0c9f2640e25e9a9a8b21efab8b3e2c713c658adbb5ba.jpg]],,
真题/第25届初赛/有机化学/题-025-10-1-Vilsmeier试剂共振式.md,56,9d6a1c9b5b91dc0b8d9e83fe7a54ff51300e6fe8cac562b94a59b01d85e1578a.jpg,题干图示,题目图示与结构参考,是,是,3,![[9d6a1c9b5b91dc0b8d9e83fe7a54ff51300e6fe8cac562b94a59b01d85e1578a.jpg]],,
真题/第25届初赛/有机化学/题-025-10-1-Vilsmeier试剂共振式.md,58,9c66682326b7f2e1d41518b98d3e810ded45396868ae93c2e30c71077f55955f.jpg,题干图示,题目图示与结构参考,是,是,3,![[9c66682326b7f2e1d41518b98d3e810ded45396868ae93c2e30c71077f55955f.jpg]],,
真题/第25届初赛/有机化学/题-025-10-1-Vilsmeier试剂共振式.md,60,cd2ecdc4715abe61e7fcdcb129537a0cebf941cfdbd08d978cc29dc2c751f697.jpg,题干图示,题目图示与结构参考,是,是,3,![[cd2ecdc4715abe61e7fcdcb129537a0cebf941cfdbd08d978cc29dc2c751f697.jpg]],,
真题/第25届初赛/有机化学/题-025-10-1-Vilsmeier试剂共振式.md,62,5b630ae357a812b474879762b15a30b9138b532d338ed3adea44b8a4eeaba9c4.jpg,题干图示,题目图示与结构参考,是,是,3,![[5b630ae357a812b474879762b15a30b9138b532d338ed3adea44b8a4eeaba9c4.jpg]],,
真题/第25届初赛/有机化学/题-025-10-1-Vilsmeier试剂共振式.md,64,6f698ca5467e2aa36106d86789a1be8e6340a0e6282439049e3ec37c56c607f4.jpg,题干图示,题目图示与结构参考,是,是,3,![[6f698ca5467e2aa36106d86789a1be8e6340a0e6282439049e3ec37c56c607f4.jpg]],,
真题/第25届初赛/有机化学/题-025-10-1-Vilsmeier试剂共振式.md,66,f7bd1585074362a6849c3ba2ba95ad190a143bd6a3922194d216240964e4e5de.jpg,题干图示,题目图示与结构参考,是,是,3,![[f7bd1585074362a6849c3ba2ba95ad190a143bd6a3922194d216240964e4e5de.jpg]],,
真题/第25届初赛/有机化学/题-025-10-2-芳香亲电取代机理.md,44,7c15969c41ab47f5a27235bcc1049bf8e684eaad1ae5f6109e1bd460b9b08118.jpg,题干图示,题目图示与结构参考,是,是,3,![[7c15969c41ab47f5a27235bcc1049bf8e684eaad1ae5f6109e1bd460b9b08118.jpg]],,
真题/第25届初赛/有机化学/题-025-10-2-芳香亲电取代机理.md,46,a7007ea4cfec7fc28d4ec1020134e3211754b221220c904cadbd60d818610a94.jpg,题干图示,题目图示与结构参考,是,是,3,![[a7007ea4cfec7fc28d4ec1020134e3211754b221220c904cadbd60d818610a94.jpg]],,
真题/第25届初赛/有机化学/题-025-10-2-芳香亲电取代机理.md,48,daad9101d443a59fddc993be66341ff819098b13fb69f252d5f94305eb968eee.jpg,题干图示,题目图示与结构参考,是,是,3,![[daad9101d443a59fddc993be66341ff819098b13fb69f252d5f94305eb968eee.jpg]],,
真题/第25届初赛/有机化学/题-025-10-2-芳香亲电取代机理.md,50,b6990c246f45a1b72e9892d419433a015e96d47fa2be0fc96535bab85b2127ef.jpg,题干图示,题目图示与结构参考,是,是,3,![[b6990c246f45a1b72e9892d419433a015e96d47fa2be0fc96535bab85b2127ef.jpg]],,
真题/第25届初赛/有机化学/题-025-10-2-芳香亲电取代机理.md,52,b379b82b39df262bb15608af80003a833635cef8084a209254fed966d7ebabd4.jpg,题干图示,题目图示与结构参考,是,是,3,![[b379b82b39df262bb15608af80003a833635cef8084a209254fed966d7ebabd4.jpg]],,
真题/第25届初赛/有机化学/题-025-10-2-芳香亲电取代机理.md,54,e359e3d72559f07e0d0c0c9f2640e25e9a9a8b21efab8b3e2c713c658adbb5ba.jpg,题干图示,题目图示与结构参考,是,是,3,![[e359e3d72559f07e0d0c0c9f2640e25e9a9a8b21efab8b3e2c713c658adbb5ba.jpg]],,
真题/第25届初赛/有机化学/题-025-10-2-芳香亲电取代机理.md,56,9d6a1c9b5b91dc0b8d9e83fe7a54ff51300e6fe8cac562b94a59b01d85e1578a.jpg,题干图示,题目图示与结构参考,是,是,3,![[9d6a1c9b5b91dc0b8d9e83fe7a54ff51300e6fe8cac562b94a59b01d85e1578a.jpg]],,
真题/第25届初赛/有机化学/题-025-10-2-芳香亲电取代机理.md,58,9c66682326b7f2e1d41518b98d3e810ded45396868ae93c2e30c71077f55955f.jpg,题干图示,题目图示与结构参考,是,是,3,![[9c66682326b7f2e1d41518b98d3e810ded45396868ae93c2e30c71077f55955f.jpg]],,
真题/第25届初赛/有机化学/题-025-10-2-芳香亲电取代机理.md,60,cd2ecdc4715abe61e7fcdcb129537a0cebf941cfdbd08d978cc29dc2c751f697.jpg,题干图示,题目图示与结构参考,是,是,3,![[cd2ecdc4715abe61e7fcdcb129537a0cebf941cfdbd08d978cc29dc2c751f697.jpg]],,
真题/第25届初赛/有机化学/题-025-10-2-芳香亲电取代机理.md,62,5b630ae357a812b474879762b15a30b9138b532d338ed3adea44b8a4eeaba9c4.jpg,题干图示,题目图示与结构参考,是,是,3,![[5b630ae357a812b474879762b15a30b9138b532d338ed3adea44b8a4eeaba9c4.jpg]],,
真题/第25届初赛/有机化学/题-025-10-2-芳香亲电取代机理.md,64,6f698ca5467e2aa36106d86789a1be8e6340a0e6282439049e3ec37c56c607f4.jpg,题干图示,题目图示与结构参考,是,是,3,![[6f698ca5467e2aa36106d86789a1be8e6340a0e6282439049e3ec37c56c607f4.jpg]],,
真题/第25届初赛/有机化学/题-025-10-2-芳香亲电取代机理.md,66,f7bd1585074362a6849c3ba2ba95ad190a143bd6a3922194d216240964e4e5de.jpg,题干图示,题目图示与结构参考,是,是,3,![[f7bd1585074362a6849c3ba2ba95ad190a143bd6a3922194d216240964e4e5de.jpg]],,
真题/第25届初赛/有机化学/题-025-10-3-Vilsmeier反应完成.md,44,7c15969c41ab47f5a27235bcc1049bf8e684eaad1ae5f6109e1bd460b9b08118.jpg,题干图示,题目图示与结构参考,是,是,3,![[7c15969c41ab47f5a27235bcc1049bf8e684eaad1ae5f6109e1bd460b9b08118.jpg]],,
真题/第25届初赛/有机化学/题-025-10-3-Vilsmeier反应完成.md,46,a7007ea4cfec7fc28d4ec1020134e3211754b221220c904cadbd60d818610a94.jpg,题干图示,题目图示与结构参考,是,是,3,![[a7007ea4cfec7fc28d4ec1020134e3211754b221220c904cadbd60d818610a94.jpg]],,
真题/第25届初赛/有机化学/题-025-10-3-Vilsmeier反应完成.md,48,daad9101d443a59fddc993be66341ff819098b13fb69f252d5f94305eb968eee.jpg,题干图示,题目图示与结构参考,是,是,3,![[daad9101d443a59fddc993be66341ff819098b13fb69f252d5f94305eb968eee.jpg]],,
真题/第25届初赛/有机化学/题-025-10-3-Vilsmeier反应完成.md,50,b6990c246f45a1b72e9892d419433a015e96d47fa2be0fc96535bab85b2127ef.jpg,题干图示,题目图示与结构参考,是,是,3,![[b6990c246f45a1b72e9892d419433a015e96d47fa2be0fc96535bab85b2127ef.jpg]],,
真题/第25届初赛/有机化学/题-025-10-3-Vilsmeier反应完成.md,52,b379b82b39df262bb15608af80003a833635cef8084a209254fed966d7ebabd4.jpg,题干图示,题目图示与结构参考,是,是,3,![[b379b82b39df262bb15608af80003a833635cef8084a209254fed966d7ebabd4.jpg]],,
真题/第25届初赛/有机化学/题-025-10-3-Vilsmeier反应完成.md,54,e359e3d72559f07e0d0c0c9f2640e25e9a9a8b21efab8b3e2c713c658adbb5ba.jpg,题干图示,题目图示与结构参考,是,是,3,![[e359e3d72559f07e0d0c0c9f2640e25e9a9a8b21efab8b3e2c713c658adbb5ba.jpg]],,
真题/第25届初赛/有机化学/题-025-10-3-Vilsmeier反应完成.md,56,9d6a1c9b5b91dc0b8d9e83fe7a54ff51300e6fe8cac562b94a59b01d85e1578a.jpg,题干图示,题目图示与结构参考,是,是,3,![[9d6a1c9b5b91dc0b8d9e83fe7a54ff51300e6fe8cac562b94a59b01d85e1578a.jpg]],,
真题/第25届初赛/有机化学/题-025-10-3-Vilsmeier反应完成.md,58,9c66682326b7f2e1d41518b98d3e810ded45396868ae93c2e30c71077f55955f.jpg,题干图示,题目图示与结构参考,是,是,3,![[9c66682326b7f2e1d41518b98d3e810ded45396868ae93c2e30c71077f55955f.jpg]],,
真题/第25届初赛/有机化学/题-025-10-3-Vilsmeier反应完成.md,60,cd2ecdc4715abe61e7fcdcb129537a0cebf941cfdbd08d978cc29dc2c751f697.jpg,题干图示,题目图示与结构参考,是,是,3,![[cd2ecdc4715abe61e7fcdcb129537a0cebf941cfdbd08d978cc29dc2c751f697.jpg]],,
真题/第25届初赛/有机化学/题-025-10-3-Vilsmeier反应完成.md,62,5b630ae357a812b474879762b15a30b9138b532d338ed3adea44b8a4eeaba9c4.jpg,题干图示,题目图示与结构参考,是,是,3,![[5b630ae357a812b474879762b15a30b9138b532d338ed3adea44b8a4eeaba9c4.jpg]],,
真题/第25届初赛/有机化学/题-025-10-3-Vilsmeier反应完成.md,64,6f698ca5467e2aa36106d86789a1be8e6340a0e6282439049e3ec37c56c607f4.jpg,题干图示,题目图示与结构参考,是,是,3,![[6f698ca5467e2aa36106d86789a1be8e6340a0e6282439049e3ec37c56c607f4.jpg]],,
真题/第25届初赛/有机化学/题-025-10-3-Vilsmeier反应完成.md,66,f7bd1585074362a6849c3ba2ba95ad190a143bd6a3922194d216240964e4e5de.jpg,题干图示,题目图示与结构参考,是,是,3,![[f7bd1585074362a6849c3ba2ba95ad190a143bd6a3922194d216240964e4e5de.jpg]],,
真题/第25届初赛/有机化学/题-025-8-1-维生素A不饱和度.md,44,518527b8c23fd3877e2e19a29eb2adc20c61fa38bb2922a67116a1410a598f3e.jpg,题干图示,题目图示与结构参考,是,是,4,![[518527b8c23fd3877e2e19a29eb2adc20c61fa38bb2922a67116a1410a598f3e.jpg]],,
真题/第25届初赛/有机化学/题-025-8-1-维生素A不饱和度.md,46,5cc97829b6af01baf95d637927facebfb137e7b1f928a5495130443f90238b45.jpg,题干图示,题目图示与结构参考,是,是,4,![[5cc97829b6af01baf95d637927facebfb137e7b1f928a5495130443f90238b45.jpg]],,
真题/第25届初赛/有机化学/题-025-8-1-维生素A不饱和度.md,48,259ae15511bbf956c1a1adf0d6175bc7f4567b0c9c753ef55c02c255ca4d5a33.jpg,题干图示,题目图示与结构参考,是,是,4,![[259ae15511bbf956c1a1adf0d6175bc7f4567b0c9c753ef55c02c255ca4d5a33.jpg]],,
真题/第25届初赛/有机化学/题-025-8-1-维生素A不饱和度.md,50,478f6b3ed7a4841154e6f0d88d816cde6f67c078acd8e6810f310b59a02a3d2d.jpg,题干图示,题目图示与结构参考,是,是,4,![[478f6b3ed7a4841154e6f0d88d816cde6f67c078acd8e6810f310b59a02a3d2d.jpg]],,
真题/第25届初赛/有机化学/题-025-8-2-紫罗兰酮同分异构体.md,40,518527b8c23fd3877e2e19a29eb2adc20c61fa38bb2922a67116a1410a598f3e.jpg,题干图示,题目图示与结构参考,是,是,4,![[518527b8c23fd3877e2e19a29eb2adc20c61fa38bb2922a67116a1410a598f3e.jpg]],,
真题/第25届初赛/有机化学/题-025-8-2-紫罗兰酮同分异构体.md,42,5cc97829b6af01baf95d637927facebfb137e7b1f928a5495130443f90238b45.jpg,题干图示,题目图示与结构参考,是,是,4,![[5cc97829b6af01baf95d637927facebfb137e7b1f928a5495130443f90238b45.jpg]],,
真题/第25届初赛/有机化学/题-025-8-2-紫罗兰酮同分异构体.md,44,259ae15511bbf956c1a1adf0d6175bc7f4567b0c9c753ef55c02c255ca4d5a33.jpg,题干图示,题目图示与结构参考,是,是,4,![[259ae15511bbf956c1a1adf0d6175bc7f4567b0c9c753ef55c02c255ca4d5a33.jpg]],,
真题/第25届初赛/有机化学/题-025-8-2-紫罗兰酮同分异构体.md,46,478f6b3ed7a4841154e6f0d88d816cde6f67c078acd8e6810f310b59a02a3d2d.jpg,题干图示,题目图示与结构参考,是,是,4,![[478f6b3ed7a4841154e6f0d88d816cde6f67c078acd8e6810f310b59a02a3d2d.jpg]],,
真题/第25届初赛/有机化学/题-025-8-3-中间体B结构.md,38,518527b8c23fd3877e2e19a29eb2adc20c61fa38bb2922a67116a1410a598f3e.jpg,题干图示,题目图示与结构参考,是,是,4,![[518527b8c23fd3877e2e19a29eb2adc20c61fa38bb2922a67116a1410a598f3e.jpg]],,
真题/第25届初赛/有机化学/题-025-8-3-中间体B结构.md,40,5cc97829b6af01baf95d637927facebfb137e7b1f928a5495130443f90238b45.jpg,题干图示,题目图示与结构参考,是,是,4,![[5cc97829b6af01baf95d637927facebfb137e7b1f928a5495130443f90238b45.jpg]],,
真题/第25届初赛/有机化学/题-025-8-3-中间体B结构.md,42,259ae15511bbf956c1a1adf0d6175bc7f4567b0c9c753ef55c02c255ca4d5a33.jpg,题干图示,题目图示与结构参考,是,是,4,![[259ae15511bbf956c1a1adf0d6175bc7f4567b0c9c753ef55c02c255ca4d5a33.jpg]],,
真题/第25届初赛/有机化学/题-025-8-3-中间体B结构.md,44,478f6b3ed7a4841154e6f0d88d816cde6f67c078acd8e6810f310b59a02a3d2d.jpg,题干图示,题目图示与结构参考,是,是,4,![[478f6b3ed7a4841154e6f0d88d816cde6f67c078acd8e6810f310b59a02a3d2d.jpg]],,
真题/第25届初赛/有机化学/题-025-8-4-反应类型分类.md,41,518527b8c23fd3877e2e19a29eb2adc20c61fa38bb2922a67116a1410a598f3e.jpg,题干图示,题目图示与结构参考,是,是,4,![[518527b8c23fd3877e2e19a29eb2adc20c61fa38bb2922a67116a1410a598f3e.jpg]],,
真题/第25届初赛/有机化学/题-025-8-4-反应类型分类.md,43,5cc97829b6af01baf95d637927facebfb137e7b1f928a5495130443f90238b45.jpg,题干图示,题目图示与结构参考,是,是,4,![[5cc97829b6af01baf95d637927facebfb137e7b1f928a5495130443f90238b45.jpg]],,
真题/第25届初赛/有机化学/题-025-8-4-反应类型分类.md,45,259ae15511bbf956c1a1adf0d6175bc7f4567b0c9c753ef55c02c255ca4d5a33.jpg,题干图示,题目图示与结构参考,是,是,4,![[259ae15511bbf956c1a1adf0d6175bc7f4567b0c9c753ef55c02c255ca4d5a33.jpg]],,
真题/第25届初赛/有机化学/题-025-8-4-反应类型分类.md,47,478f6b3ed7a4841154e6f0d88d816cde6f67c078acd8e6810f310b59a02a3d2d.jpg,题干图示,题目图示与结构参考,是,是,4,![[478f6b3ed7a4841154e6f0d88d816cde6f67c078acd8e6810f310b59a02a3d2d.jpg]],,
真题/第25届初赛/有机化学/题-025-9-1-有机推断结构式.md,44,20537a122a81103859d18697ac119f30c0872373a4c6d201519d0655104637b2.jpg,题干图示,题目图示与结构参考,是,是,4,![[20537a122a81103859d18697ac119f30c0872373a4c6d201519d0655104637b2.jpg]],,
真题/第25届初赛/有机化学/题-025-9-1-有机推断结构式.md,46,58edefed0566f708721e4fbde9884643b322b8936ecdbbbf7b94e606088bc278.jpg,题干图示,题目图示与结构参考,是,是,4,![[58edefed0566f708721e4fbde9884643b322b8936ecdbbbf7b94e606088bc278.jpg]],,
真题/第25届初赛/有机化学/题-025-9-1-有机推断结构式.md,48,ffea9805815030770074755583522e4ff3e7c47605998242f792f2ed6b5f617a.jpg,题干图示,题目图示与结构参考,是,是,4,![[ffea9805815030770074755583522e4ff3e7c47605998242f792f2ed6b5f617a.jpg]],,
真题/第25届初赛/有机化学/题-025-9-1-有机推断结构式.md,50,424a904d93eae391858d105dc39d7521cefb5995307cb6b9c63d9dce223edbfb.jpg,题干图示,题目图示与结构参考,是,是,4,![[424a904d93eae391858d105dc39d7521cefb5995307cb6b9c63d9dce223edbfb.jpg]],,
真题/第25届初赛/有机化学/题-025-9-1-有机推断结构式.md,52,f80d6189db9f37544606d0f46c9a39ef8bae2c2025d1b2cab945944845644a29.jpg,题干图示,题目图示与结构参考,是,是,4,![[f80d6189db9f37544606d0f46c9a39ef8bae2c2025d1b2cab945944845644a29.jpg]],,
真题/第25届初赛/有机化学/题-025-9-1-有机推断结构式.md,54,690a3399707fc8d5f04444d23f8b7fdc98f8bd86461f9b64dd81ce576e16dfa7.jpg,题干图示,题目图示与结构参考,是,是,4,![[690a3399707fc8d5f04444d23f8b7fdc98f8bd86461f9b64dd81ce576e16dfa7.jpg]],,
真题/第25届初赛/有机化学/题-025-9-1-有机推断结构式.md,56,1c77707c74523022138e4115885aadf37f81e1c266556e5797513a725b92b265.jpg,题干图示,题目图示与结构参考,是,是,4,![[1c77707c74523022138e4115885aadf37f81e1c266556e5797513a725b92b265.jpg]],,
真题/第25届初赛/有机化学/题-025-9-2-异构体类型判断.md,40,20537a122a81103859d18697ac119f30c0872373a4c6d201519d0655104637b2.jpg,题干图示,题目图示与结构参考,是,是,4,![[20537a122a81103859d18697ac119f30c0872373a4c6d201519d0655104637b2.jpg]],,
真题/第25届初赛/有机化学/题-025-9-2-异构体类型判断.md,42,58edefed0566f708721e4fbde9884643b322b8936ecdbbbf7b94e606088bc278.jpg,题干图示,题目图示与结构参考,是,是,4,![[58edefed0566f708721e4fbde9884643b322b8936ecdbbbf7b94e606088bc278.jpg]],,
真题/第25届初赛/有机化学/题-025-9-2-异构体类型判断.md,44,ffea9805815030770074755583522e4ff3e7c47605998242f792f2ed6b5f617a.jpg,题干图示,题目图示与结构参考,是,是,4,![[ffea9805815030770074755583522e4ff3e7c47605998242f792f2ed6b5f617a.jpg]],,
真题/第25届初赛/有机化学/题-025-9-2-异构体类型判断.md,46,424a904d93eae391858d105dc39d7521cefb5995307cb6b9c63d9dce223edbfb.jpg,题干图示,题目图示与结构参考,是,是,4,![[424a904d93eae391858d105dc39d7521cefb5995307cb6b9c63d9dce223edbfb.jpg]],,
真题/第25届初赛/有机化学/题-025-9-2-异构体类型判断.md,48,f80d6189db9f37544606d0f46c9a39ef8bae2c2025d1b2cab945944845644a29.jpg,题干图示,题目图示与结构参考,是,是,4,![[f80d6189db9f37544606d0f46c9a39ef8bae2c2025d1b2cab945944845644a29.jpg]],,
真题/第25届初赛/有机化学/题-025-9-2-异构体类型判断.md,50,690a3399707fc8d5f04444d23f8b7fdc98f8bd86461f9b64dd81ce576e16dfa7.jpg,题干图示,题目图示与结构参考,是,是,4,![[690a3399707fc8d5f04444d23f8b7fdc98f8bd86461f9b64dd81ce576e16dfa7.jpg]],,
真题/第25届初赛/有机化学/题-025-9-2-异构体类型判断.md,52,1c77707c74523022138e4115885aadf37f81e1c266556e5797513a725b92b265.jpg,题干图示,题目图示与结构参考,是,是,4,![[1c77707c74523022138e4115885aadf37f81e1c266556e5797513a725b92b265.jpg]],,
真题/第25届初赛/有机化学/题-025-9-3-A自发转化为BC原因.md,38,20537a122a81103859d18697ac119f30c0872373a4c6d201519d0655104637b2.jpg,题干图示,题目图示与结构参考,是,是,4,![[20537a122a81103859d18697ac119f30c0872373a4c6d201519d0655104637b2.jpg]],,
真题/第25届初赛/有机化学/题-025-9-3-A自发转化为BC原因.md,40,58edefed0566f708721e4fbde9884643b322b8936ecdbbbf7b94e606088bc278.jpg,题干图示,题目图示与结构参考,是,是,4,![[58edefed0566f708721e4fbde9884643b322b8936ecdbbbf7b94e606088bc278.jpg]],,
真题/第25届初赛/有机化学/题-025-9-3-A自发转化为BC原因.md,42,ffea9805815030770074755583522e4ff3e7c47605998242f792f2ed6b5f617a.jpg,题干图示,题目图示与结构参考,是,是,4,![[ffea9805815030770074755583522e4ff3e7c47605998242f792f2ed6b5f617a.jpg]],,
真题/第25届初赛/有机化学/题-025-9-3-A自发转化为BC原因.md,44,424a904d93eae391858d105dc39d7521cefb5995307cb6b9c63d9dce223edbfb.jpg,题干图示,题目图示与结构参考,是,是,4,![[424a904d93eae391858d105dc39d7521cefb5995307cb6b9c63d9dce223edbfb.jpg]],,
真题/第25届初赛/有机化学/题-025-9-3-A自发转化为BC原因.md,46,f80d6189db9f37544606d0f46c9a39ef8bae2c2025d1b2cab945944845644a29.jpg,题干图示,题目图示与结构参考,是,是,4,![[f80d6189db9f37544606d0f46c9a39ef8bae2c2025d1b2cab945944845644a29.jpg]],,
真题/第25届初赛/有机化学/题-025-9-3-A自发转化为BC原因.md,48,690a3399707fc8d5f04444d23f8b7fdc98f8bd86461f9b64dd81ce576e16dfa7.jpg,题干图示,题目图示与结构参考,是,是,4,![[690a3399707fc8d5f04444d23f8b7fdc98f8bd86461f9b64dd81ce576e16dfa7.jpg]],,
真题/第25届初赛/有机化学/题-025-9-3-A自发转化为BC原因.md,50,1c77707c74523022138e4115885aadf37f81e1c266556e5797513a725b92b265.jpg,题干图示,题目图示与结构参考,是,是,4,![[1c77707c74523022138e4115885aadf37f81e1c266556e5797513a725b92b265.jpg]],,
真题/第25届初赛/有机化学/题-025-9-4-旋光异构体手性碳.md,38,20537a122a81103859d18697ac119f30c0872373a4c6d201519d0655104637b2.jpg,题干图示,题目图示与结构参考,是,是,4,![[20537a122a81103859d18697ac119f30c0872373a4c6d201519d0655104637b2.jpg]],,
真题/第25届初赛/有机化学/题-025-9-4-旋光异构体手性碳.md,40,58edefed0566f708721e4fbde9884643b322b8936ecdbbbf7b94e606088bc278.jpg,题干图示,题目图示与结构参考,是,是,4,![[58edefed0566f708721e4fbde9884643b322b8936ecdbbbf7b94e606088bc278.jpg]],,
真题/第25届初赛/有机化学/题-025-9-4-旋光异构体手性碳.md,42,ffea9805815030770074755583522e4ff3e7c47605998242f792f2ed6b5f617a.jpg,题干图示,题目图示与结构参考,是,是,4,![[ffea9805815030770074755583522e4ff3e7c47605998242f792f2ed6b5f617a.jpg]],,
真题/第25届初赛/有机化学/题-025-9-4-旋光异构体手性碳.md,44,424a904d93eae391858d105dc39d7521cefb5995307cb6b9c63d9dce223edbfb.jpg,题干图示,题目图示与结构参考,是,是,4,![[424a904d93eae391858d105dc39d7521cefb5995307cb6b9c63d9dce223edbfb.jpg]],,
真题/第25届初赛/有机化学/题-025-9-4-旋光异构体手性碳.md,46,f80d6189db9f37544606d0f46c9a39ef8bae2c2025d1b2cab945944845644a29.jpg,题干图示,题目图示与结构参考,是,是,4,![[f80d6189db9f37544606d0f46c9a39ef8bae2c2025d1b2cab945944845644a29.jpg]],,
真题/第25届初赛/有机化学/题-025-9-4-旋光异构体手性碳.md,48,690a3399707fc8d5f04444d23f8b7fdc98f8bd86461f9b64dd81ce576e16dfa7.jpg,题干图示,题目图示与结构参考,是,是,4,![[690a3399707fc8d5f04444d23f8b7fdc98f8bd86461f9b64dd81ce576e16dfa7.jpg]],,
真题/第25届初赛/有机化学/题-025-9-4-旋光异构体手性碳.md,50,1c77707c74523022138e4115885aadf37f81e1c266556e5797513a725b92b265.jpg,题干图示,题目图示与结构参考,是,是,4,![[1c77707c74523022138e4115885aadf37f81e1c266556e5797513a725b92b265.jpg]],,
真题/第26届初赛/化学原理/题-026-8-1-碳酸分布系数计算.md,44,982bd12d6e0a9f99a219a5ba80fd100dcab62a65f38d109cc284602588877067.jpg,题干图示,题目图示与结构参考,是,是,5,![[982bd12d6e0a9f99a219a5ba80fd100dcab62a65f38d109cc284602588877067.jpg]],,
真题/第26届初赛/化学原理/题-026-8-2-铀物种转化方程.md,50,982bd12d6e0a9f99a219a5ba80fd100dcab62a65f38d109cc284602588877067.jpg,题干图示,题目图示与结构参考,是,是,5,![[982bd12d6e0a9f99a219a5ba80fd100dcab62a65f38d109cc284602588877067.jpg]],,
真题/第26届初赛/化学原理/题-026-8-3-电极反应与斜率.md,50,982bd12d6e0a9f99a219a5ba80fd100dcab62a65f38d109cc284602588877067.jpg,题干图示,题目图示与结构参考,是,是,5,![[982bd12d6e0a9f99a219a5ba80fd100dcab62a65f38d109cc284602588877067.jpg]],,
真题/第26届初赛/化学原理/题-026-8-4-UCl3加入pH4缓冲液.md,40,982bd12d6e0a9f99a219a5ba80fd100dcab62a65f38d109cc284602588877067.jpg,题干图示,题目图示与结构参考,是,是,5,![[982bd12d6e0a9f99a219a5ba80fd100dcab62a65f38d109cc284602588877067.jpg]],,
真题/第26届初赛/化学原理/题-026-8-5-铀物种共存判断.md,48,982bd12d6e0a9f99a219a5ba80fd100dcab62a65f38d109cc284602588877067.jpg,题干图示,题目图示与结构参考,是,是,5,![[982bd12d6e0a9f99a219a5ba80fd100dcab62a65f38d109cc284602588877067.jpg]],,
真题/第26届初赛/无机和结构化学/题-026-2-1-BCl元素推断.md,38,7a7e4e8fd414ca73db9e836030f71844609b16f2d25e7c52a6408ce4b69b4739.jpg,题干图示,题目图示与结构参考,是,是,4,![[7a7e4e8fd414ca73db9e836030f71844609b16f2d25e7c52a6408ce4b69b4739.jpg]],,
真题/第26届初赛/无机和结构化学/题-026-2-2-B4Cl4结构.md,36,7a7e4e8fd414ca73db9e836030f71844609b16f2d25e7c52a6408ce4b69b4739.jpg,题干图示,题目图示与结构参考,是,是,4,![[7a7e4e8fd414ca73db9e836030f71844609b16f2d25e7c52a6408ce4b69b4739.jpg]],,
真题/第26届初赛/无机和结构化学/题-026-2-3-BCl3格氏反应.md,38,7a7e4e8fd414ca73db9e836030f71844609b16f2d25e7c52a6408ce4b69b4739.jpg,题干图示,题目图示与结构参考,是,是,4,![[7a7e4e8fd414ca73db9e836030f71844609b16f2d25e7c52a6408ce4b69b4739.jpg]],,
真题/第26届初赛/无机和结构化学/题-026-2-4-B2Cl4醇解.md,38,7a7e4e8fd414ca73db9e836030f71844609b16f2d25e7c52a6408ce4b69b4739.jpg,题干图示,题目图示与结构参考,是,是,4,![[7a7e4e8fd414ca73db9e836030f71844609b16f2d25e7c52a6408ce4b69b4739.jpg]],,
真题/第26届初赛/无机和结构化学/题-026-4-1-Co配合物立体异构.md,38,0a1e34db1964c28455dd7f5bdcb8f4785cf3b74cc502dcc5744c91f15922f739.jpg,题干图示,题目图示与结构参考,是,是,2,![[0a1e34db1964c28455dd7f5bdcb8f4785cf3b74cc502dcc5744c91f15922f739.jpg]],,
真题/第26届初赛/无机和结构化学/题-026-4-1-Co配合物立体异构.md,40,26a4c893f1cd2dd01e2914a3886faf6b7509cceb3f093ccd34306a13392cfa12.jpg,题干图示,题目图示与结构参考,是,是,2,![[26a4c893f1cd2dd01e2914a3886faf6b7509cceb3f093ccd34306a13392cfa12.jpg]],,
真题/第26届初赛/无机和结构化学/题-026-4-2-H5O2结构.md,44,0a1e34db1964c28455dd7f5bdcb8f4785cf3b74cc502dcc5744c91f15922f739.jpg,题干图示,题目图示与结构参考,是,是,2,![[0a1e34db1964c28455dd7f5bdcb8f4785cf3b74cc502dcc5744c91f15922f739.jpg]],,
真题/第26届初赛/无机和结构化学/题-026-4-2-H5O2结构.md,46,26a4c893f1cd2dd01e2914a3886faf6b7509cceb3f093ccd34306a13392cfa12.jpg,题干图示,题目图示与结构参考,是,是,2,![[26a4c893f1cd2dd01e2914a3886faf6b7509cceb3f093ccd34306a13392cfa12.jpg]],,
真题/第26届初赛/无机和结构化学/题-026-5-1-晶胞分子比例计算.md,48,06ba87d6b8c8007ecee02b4a256f437fe2c666af6b2722d67d8be94ed947ec34.jpg,题干图示,题目图示与结构参考,是,是,2,![[06ba87d6b8c8007ecee02b4a256f437fe2c666af6b2722d67d8be94ed947ec34.jpg]],,
真题/第26届初赛/无机和结构化学/题-026-5-1-晶胞分子比例计算.md,50,a70f4cfa64aa2083e0e6484c0998bd0b810e83aafc8c5cedf60e74c5e88ac525.jpg,题干图示,题目图示与结构参考,是,是,2,![[a70f4cfa64aa2083e0e6484c0998bd0b810e83aafc8c5cedf60e74c5e88ac525.jpg]],,
真题/第26届初赛/无机和结构化学/题-026-5-2-氢键二维结构.md,40,06ba87d6b8c8007ecee02b4a256f437fe2c666af6b2722d67d8be94ed947ec34.jpg,题干图示,题目图示与结构参考,是,是,2,![[06ba87d6b8c8007ecee02b4a256f437fe2c666af6b2722d67d8be94ed947ec34.jpg]],,
真题/第26届初赛/无机和结构化学/题-026-5-2-氢键二维结构.md,42,a70f4cfa64aa2083e0e6484c0998bd0b810e83aafc8c5cedf60e74c5e88ac525.jpg,题干图示,题目图示与结构参考,是,是,2,![[a70f4cfa64aa2083e0e6484c0998bd0b810e83aafc8c5cedf60e74c5e88ac525.jpg]],,
真题/第26届初赛/无机和结构化学/题-026-7-1-五硼酸根结构.md,41,9327fc7eeda9192f4eefdeed25458009a6f1f06e29ba11cc9b8df03927501f78.jpg,题干图示,题目图示与结构参考,是,是,2,![[9327fc7eeda9192f4eefdeed25458009a6f1f06e29ba11cc9b8df03927501f78.jpg]],,
真题/第26届初赛/无机和结构化学/题-026-7-1-五硼酸根结构.md,43,4e355579a145dcc5bfc04ec660757ad15865c921da65238c1127da1bda229e26.jpg,题干图示,题目图示与结构参考,是,是,2,![[4e355579a145dcc5bfc04ec660757ad15865c921da65238c1127da1bda229e26.jpg]],,
真题/第26届初赛/无机和结构化学/题-026-7-2-硼酸盐pH分布.md,43,9327fc7eeda9192f4eefdeed25458009a6f1f06e29ba11cc9b8df03927501f78.jpg,题干图示,题目图示与结构参考,是,是,2,![[9327fc7eeda9192f4eefdeed25458009a6f1f06e29ba11cc9b8df03927501f78.jpg]],,
真题/第26届初赛/无机和结构化学/题-026-7-2-硼酸盐pH分布.md,45,4e355579a145dcc5bfc04ec660757ad15865c921da65238c1127da1bda229e26.jpg,题干图示,题目图示与结构参考,是,是,2,![[4e355579a145dcc5bfc04ec660757ad15865c921da65238c1127da1bda229e26.jpg]],,
真题/第26届初赛/有机化学/题-026-10-辣椒素合成路线.md,45,82c4bba870b880581a420cb1266df9bb56d3cca1889ba5809024a514b5545e68.jpg,题干图示,题目图示与结构参考,是,否,1,![[82c4bba870b880581a420cb1266df9bb56d3cca1889ba5809024a514b5545e68.jpg]],,
真题/第26届初赛/有机化学/题-026-10-辣椒素合成路线.md,47,6a88ab8be264515560708a26a96510a59d58697f37ef2a1fae2e1f0c3923129b.jpg,题干图示,题目图示与结构参考,是,否,1,![[6a88ab8be264515560708a26a96510a59d58697f37ef2a1fae2e1f0c3923129b.jpg]],,
真题/第26届初赛/有机化学/题-026-10-辣椒素合成路线.md,49,6c7079d731f4e557021fc1a98d910c4bb29c14dc2f8761c5b5f11dee51119c09.jpg,题干图示,题目图示与结构参考,是,否,1,![[6c7079d731f4e557021fc1a98d910c4bb29c14dc2f8761c5b5f11dee51119c09.jpg]],,
真题/第26届初赛/有机化学/题-026-10-辣椒素合成路线.md,51,7ccde802cb53adf8a788cd18920ec6c46765edcbba803ac10adf7c333272fb98.jpg,题干图示,题目图示与结构参考,是,否,1,![[7ccde802cb53adf8a788cd18920ec6c46765edcbba803ac10adf7c333272fb98.jpg]],,
真题/第26届初赛/有机化学/题-026-10-辣椒素合成路线.md,53,c1274319771dbc499afdee9cf648503d2afc181721e8fcc3436acc5cac87baed.jpg,题干图示,题目图示与结构参考,是,否,1,![[c1274319771dbc499afdee9cf648503d2afc181721e8fcc3436acc5cac87baed.jpg]],,
真题/第26届初赛/有机化学/题-026-10-辣椒素合成路线.md,55,e5d5c547d5a2d17d11a99a225a1acf3795be9a4b34934a2c6d55610c4a8dd154.jpg,题干图示,题目图示与结构参考,是,否,1,![[e5d5c547d5a2d17d11a99a225a1acf3795be9a4b34934a2c6d55610c4a8dd154.jpg]],,
真题/第26届初赛/有机化学/题-026-10-辣椒素合成路线.md,57,898a4200f11410b60db343fa4236bc845cfbe97df51b78618456d8ce52d5ad9e.jpg,题干图示,题目图示与结构参考,是,否,1,![[898a4200f11410b60db343fa4236bc845cfbe97df51b78618456d8ce52d5ad9e.jpg]],,
真题/第26届初赛/有机化学/题-026-11-1-羟汞化反应产物.md,38,9aaa0160ae5725c2a05b4589c42923d7e8709359f4a72d993ea03f0828bfdc17.jpg,题干图示,题目图示与结构参考,是,是,5,![[9aaa0160ae5725c2a05b4589c42923d7e8709359f4a72d993ea03f0828bfdc17.jpg]],,
真题/第26届初赛/有机化学/题-026-11-1-羟汞化反应产物.md,40,741bc4e421fc2afd028baedc52b8a50d05f7de06bfddb3fd9f28e76b6991a19e.jpg,题干图示,题目图示与结构参考,是,是,5,![[741bc4e421fc2afd028baedc52b8a50d05f7de06bfddb3fd9f28e76b6991a19e.jpg]],,
真题/第26届初赛/有机化学/题-026-11-1-羟汞化反应产物.md,42,5b9d69a46432f89a7a525d69213f8de23546ebca881bdbb82d02a459b5b65989.jpg,题干图示,题目图示与结构参考,是,是,5,![[5b9d69a46432f89a7a525d69213f8de23546ebca881bdbb82d02a459b5b65989.jpg]],,
真题/第26届初赛/有机化学/题-026-11-1-羟汞化反应产物.md,44,7775e67e81d145558d6808c05b051da1398feef7e5a3c580b684ebebd1b82dfb.jpg,题干图示,题目图示与结构参考,是,是,5,![[7775e67e81d145558d6808c05b051da1398feef7e5a3c580b684ebebd1b82dfb.jpg]],,
真题/第26届初赛/有机化学/题-026-11-1-羟汞化反应产物.md,46,8750520264fe0285d295ac4e812bfe00a39059d24737793a1941d4ddff60a253.jpg,题干图示,题目图示与结构参考,是,是,5,![[8750520264fe0285d295ac4e812bfe00a39059d24737793a1941d4ddff60a253.jpg]],,
真题/第26届初赛/有机化学/题-026-11-1-羟汞化反应产物.md,48,acd853dc6c8d2eba7369da98ae23801c4c17fcccb2219b0c8beda0acdf075fa7.jpg,题干图示,题目图示与结构参考,是,是,5,![[acd853dc6c8d2eba7369da98ae23801c4c17fcccb2219b0c8beda0acdf075fa7.jpg]],,
真题/第26届初赛/有机化学/题-026-11-1-羟汞化反应产物.md,50,1132f60e9dd4ba7c44388bd75b1dfc22238d5e7747f279f99290a0413f281168.jpg,题干图示,题目图示与结构参考,是,是,5,![[1132f60e9dd4ba7c44388bd75b1dfc22238d5e7747f279f99290a0413f281168.jpg]],,
真题/第26届初赛/有机化学/题-026-11-1-羟汞化反应产物.md,52,44640ca2b1e7aba4041572fa1f7b1e70fe6c88e0373a7d049c08e641cb7e4972.jpg,题干图示,题目图示与结构参考,是,是,5,![[44640ca2b1e7aba4041572fa1f7b1e70fe6c88e0373a7d049c08e641cb7e4972.jpg]],,
真题/第26届初赛/有机化学/题-026-11-1-羟汞化反应产物.md,54,577ab1239d21b0b950f45ae09d3b6523412106ca5a35e65b15a6ce4696ae3432.jpg,题干图示,题目图示与结构参考,是,是,5,![[577ab1239d21b0b950f45ae09d3b6523412106ca5a35e65b15a6ce4696ae3432.jpg]],,
真题/第26届初赛/有机化学/题-026-11-1-羟汞化反应产物.md,56,86fbd0ce908d25043b9ebe5ca8069e54b77301f04ca5fd976c6e9a4dd1275b42.jpg,题干图示,题目图示与结构参考,是,是,5,![[86fbd0ce908d25043b9ebe5ca8069e54b77301f04ca5fd976c6e9a4dd1275b42.jpg]],,
真题/第26届初赛/有机化学/题-026-11-1-羟汞化反应产物.md,58,fe25026e474149d7cd0c7d0db20203b39bd214433c5696b74c1a763f4a7a1348.jpg,题干图示,题目图示与结构参考,是,是,5,![[fe25026e474149d7cd0c7d0db20203b39bd214433c5696b74c1a763f4a7a1348.jpg]],,
真题/第26届初赛/有机化学/题-026-11-1-羟汞化反应产物.md,60,e8aac41e76c9516e72d54fc166f4c2bfcd8b347bccf386558075a008b409f099.jpg,题干图示,题目图示与结构参考,是,是,5,![[e8aac41e76c9516e72d54fc166f4c2bfcd8b347bccf386558075a008b409f099.jpg]],,
真题/第26届初赛/有机化学/题-026-11-1-羟汞化反应产物.md,62,d38b2faa0e957da410c2a30d8fe06ce1e412da5cd7d7d5ff476096c2219e82ff.jpg,题干图示,题目图示与结构参考,是,是,5,![[d38b2faa0e957da410c2a30d8fe06ce1e412da5cd7d7d5ff476096c2219e82ff.jpg]],,
真题/第26届初赛/有机化学/题-026-11-1-羟汞化反应产物.md,64,71b570e71e626603246d12d48cb0b7b265fed247a9708eea93aab17caa1687a3.jpg,题干图示,题目图示与结构参考,是,是,5,![[71b570e71e626603246d12d48cb0b7b265fed247a9708eea93aab17caa1687a3.jpg]],,
真题/第26届初赛/有机化学/题-026-11-1-羟汞化反应产物.md,66,a1dadc9283c893c7aa9ffe9de768fe31ec374cf1391dac1c47cc154ac316c1a3.jpg,题干图示,题目图示与结构参考,是,是,5,![[a1dadc9283c893c7aa9ffe9de768fe31ec374cf1391dac1c47cc154ac316c1a3.jpg]],,
真题/第26届初赛/有机化学/题-026-11-2-芳香性判断.md,44,9aaa0160ae5725c2a05b4589c42923d7e8709359f4a72d993ea03f0828bfdc17.jpg,题干图示,题目图示与结构参考,是,是,5,![[9aaa0160ae5725c2a05b4589c42923d7e8709359f4a72d993ea03f0828bfdc17.jpg]],,
真题/第26届初赛/有机化学/题-026-11-2-芳香性判断.md,46,741bc4e421fc2afd028baedc52b8a50d05f7de06bfddb3fd9f28e76b6991a19e.jpg,题干图示,题目图示与结构参考,是,是,5,![[741bc4e421fc2afd028baedc52b8a50d05f7de06bfddb3fd9f28e76b6991a19e.jpg]],,
真题/第26届初赛/有机化学/题-026-11-2-芳香性判断.md,48,5b9d69a46432f89a7a525d69213f8de23546ebca881bdbb82d02a459b5b65989.jpg,题干图示,题目图示与结构参考,是,是,5,![[5b9d69a46432f89a7a525d69213f8de23546ebca881bdbb82d02a459b5b65989.jpg]],,
真题/第26届初赛/有机化学/题-026-11-2-芳香性判断.md,50,7775e67e81d145558d6808c05b051da1398feef7e5a3c580b684ebebd1b82dfb.jpg,题干图示,题目图示与结构参考,是,是,5,![[7775e67e81d145558d6808c05b051da1398feef7e5a3c580b684ebebd1b82dfb.jpg]],,
真题/第26届初赛/有机化学/题-026-11-2-芳香性判断.md,52,8750520264fe0285d295ac4e812bfe00a39059d24737793a1941d4ddff60a253.jpg,题干图示,题目图示与结构参考,是,是,5,![[8750520264fe0285d295ac4e812bfe00a39059d24737793a1941d4ddff60a253.jpg]],,
真题/第26届初赛/有机化学/题-026-11-2-芳香性判断.md,54,acd853dc6c8d2eba7369da98ae23801c4c17fcccb2219b0c8beda0acdf075fa7.jpg,题干图示,题目图示与结构参考,是,是,5,![[acd853dc6c8d2eba7369da98ae23801c4c17fcccb2219b0c8beda0acdf075fa7.jpg]],,
真题/第26届初赛/有机化学/题-026-11-2-芳香性判断.md,56,1132f60e9dd4ba7c44388bd75b1dfc22238d5e7747f279f99290a0413f281168.jpg,题干图示,题目图示与结构参考,是,是,5,![[1132f60e9dd4ba7c44388bd75b1dfc22238d5e7747f279f99290a0413f281168.jpg]],,
真题/第26届初赛/有机化学/题-026-11-2-芳香性判断.md,58,44640ca2b1e7aba4041572fa1f7b1e70fe6c88e0373a7d049c08e641cb7e4972.jpg,题干图示,题目图示与结构参考,是,是,5,![[44640ca2b1e7aba4041572fa1f7b1e70fe6c88e0373a7d049c08e641cb7e4972.jpg]],,
真题/第26届初赛/有机化学/题-026-11-2-芳香性判断.md,60,577ab1239d21b0b950f45ae09d3b6523412106ca5a35e65b15a6ce4696ae3432.jpg,题干图示,题目图示与结构参考,是,是,5,![[577ab1239d21b0b950f45ae09d3b6523412106ca5a35e65b15a6ce4696ae3432.jpg]],,
真题/第26届初赛/有机化学/题-026-11-2-芳香性判断.md,62,86fbd0ce908d25043b9ebe5ca8069e54b77301f04ca5fd976c6e9a4dd1275b42.jpg,题干图示,题目图示与结构参考,是,是,5,![[86fbd0ce908d25043b9ebe5ca8069e54b77301f04ca5fd976c6e9a4dd1275b42.jpg]],,
真题/第26届初赛/有机化学/题-026-11-2-芳香性判断.md,64,fe25026e474149d7cd0c7d0db20203b39bd214433c5696b74c1a763f4a7a1348.jpg,题干图示,题目图示与结构参考,是,是,5,![[fe25026e474149d7cd0c7d0db20203b39bd214433c5696b74c1a763f4a7a1348.jpg]],,
真题/第26届初赛/有机化学/题-026-11-2-芳香性判断.md,66,e8aac41e76c9516e72d54fc166f4c2bfcd8b347bccf386558075a008b409f099.jpg,题干图示,题目图示与结构参考,是,是,5,![[e8aac41e76c9516e72d54fc166f4c2bfcd8b347bccf386558075a008b409f099.jpg]],,
真题/第26届初赛/有机化学/题-026-11-2-芳香性判断.md,68,d38b2faa0e957da410c2a30d8fe06ce1e412da5cd7d7d5ff476096c2219e82ff.jpg,题干图示,题目图示与结构参考,是,是,5,![[d38b2faa0e957da410c2a30d8fe06ce1e412da5cd7d7d5ff476096c2219e82ff.jpg]],,
真题/第26届初赛/有机化学/题-026-11-2-芳香性判断.md,70,71b570e71e626603246d12d48cb0b7b265fed247a9708eea93aab17caa1687a3.jpg,题干图示,题目图示与结构参考,是,是,5,![[71b570e71e626603246d12d48cb0b7b265fed247a9708eea93aab17caa1687a3.jpg]],,
真题/第26届初赛/有机化学/题-026-11-2-芳香性判断.md,72,a1dadc9283c893c7aa9ffe9de768fe31ec374cf1391dac1c47cc154ac316c1a3.jpg,题干图示,题目图示与结构参考,是,是,5,![[a1dadc9283c893c7aa9ffe9de768fe31ec374cf1391dac1c47cc154ac316c1a3.jpg]],,
真题/第26届初赛/有机化学/题-026-11-3-臭氧B名称.md,38,9aaa0160ae5725c2a05b4589c42923d7e8709359f4a72d993ea03f0828bfdc17.jpg,题干图示,题目图示与结构参考,是,是,5,![[9aaa0160ae5725c2a05b4589c42923d7e8709359f4a72d993ea03f0828bfdc17.jpg]],,
真题/第26届初赛/有机化学/题-026-11-3-臭氧B名称.md,40,741bc4e421fc2afd028baedc52b8a50d05f7de06bfddb3fd9f28e76b6991a19e.jpg,题干图示,题目图示与结构参考,是,是,5,![[741bc4e421fc2afd028baedc52b8a50d05f7de06bfddb3fd9f28e76b6991a19e.jpg]],,
真题/第26届初赛/有机化学/题-026-11-3-臭氧B名称.md,42,5b9d69a46432f89a7a525d69213f8de23546ebca881bdbb82d02a459b5b65989.jpg,题干图示,题目图示与结构参考,是,是,5,![[5b9d69a46432f89a7a525d69213f8de23546ebca881bdbb82d02a459b5b65989.jpg]],,
真题/第26届初赛/有机化学/题-026-11-3-臭氧B名称.md,44,7775e67e81d145558d6808c05b051da1398feef7e5a3c580b684ebebd1b82dfb.jpg,题干图示,题目图示与结构参考,是,是,5,![[7775e67e81d145558d6808c05b051da1398feef7e5a3c580b684ebebd1b82dfb.jpg]],,
真题/第26届初赛/有机化学/题-026-11-3-臭氧B名称.md,46,8750520264fe0285d295ac4e812bfe00a39059d24737793a1941d4ddff60a253.jpg,题干图示,题目图示与结构参考,是,是,5,![[8750520264fe0285d295ac4e812bfe00a39059d24737793a1941d4ddff60a253.jpg]],,
真题/第26届初赛/有机化学/题-026-11-3-臭氧B名称.md,48,acd853dc6c8d2eba7369da98ae23801c4c17fcccb2219b0c8beda0acdf075fa7.jpg,题干图示,题目图示与结构参考,是,是,5,![[acd853dc6c8d2eba7369da98ae23801c4c17fcccb2219b0c8beda0acdf075fa7.jpg]],,
真题/第26届初赛/有机化学/题-026-11-3-臭氧B名称.md,50,1132f60e9dd4ba7c44388bd75b1dfc22238d5e7747f279f99290a0413f281168.jpg,题干图示,题目图示与结构参考,是,是,5,![[1132f60e9dd4ba7c44388bd75b1dfc22238d5e7747f279f99290a0413f281168.jpg]],,
真题/第26届初赛/有机化学/题-026-11-3-臭氧B名称.md,52,44640ca2b1e7aba4041572fa1f7b1e70fe6c88e0373a7d049c08e641cb7e4972.jpg,题干图示,题目图示与结构参考,是,是,5,![[44640ca2b1e7aba4041572fa1f7b1e70fe6c88e0373a7d049c08e641cb7e4972.jpg]],,
真题/第26届初赛/有机化学/题-026-11-3-臭氧B名称.md,54,577ab1239d21b0b950f45ae09d3b6523412106ca5a35e65b15a6ce4696ae3432.jpg,题干图示,题目图示与结构参考,是,是,5,![[577ab1239d21b0b950f45ae09d3b6523412106ca5a35e65b15a6ce4696ae3432.jpg]],,
真题/第26届初赛/有机化学/题-026-11-3-臭氧B名称.md,56,86fbd0ce908d25043b9ebe5ca8069e54b77301f04ca5fd976c6e9a4dd1275b42.jpg,题干图示,题目图示与结构参考,是,是,5,![[86fbd0ce908d25043b9ebe5ca8069e54b77301f04ca5fd976c6e9a4dd1275b42.jpg]],,
真题/第26届初赛/有机化学/题-026-11-3-臭氧B名称.md,58,fe25026e474149d7cd0c7d0db20203b39bd214433c5696b74c1a763f4a7a1348.jpg,题干图示,题目图示与结构参考,是,是,5,![[fe25026e474149d7cd0c7d0db20203b39bd214433c5696b74c1a763f4a7a1348.jpg]],,
真题/第26届初赛/有机化学/题-026-11-3-臭氧B名称.md,60,e8aac41e76c9516e72d54fc166f4c2bfcd8b347bccf386558075a008b409f099.jpg,题干图示,题目图示与结构参考,是,是,5,![[e8aac41e76c9516e72d54fc166f4c2bfcd8b347bccf386558075a008b409f099.jpg]],,
真题/第26届初赛/有机化学/题-026-11-3-臭氧B名称.md,62,d38b2faa0e957da410c2a30d8fe06ce1e412da5cd7d7d5ff476096c2219e82ff.jpg,题干图示,题目图示与结构参考,是,是,5,![[d38b2faa0e957da410c2a30d8fe06ce1e412da5cd7d7d5ff476096c2219e82ff.jpg]],,
真题/第26届初赛/有机化学/题-026-11-3-臭氧B名称.md,64,71b570e71e626603246d12d48cb0b7b265fed247a9708eea93aab17caa1687a3.jpg,题干图示,题目图示与结构参考,是,是,5,![[71b570e71e626603246d12d48cb0b7b265fed247a9708eea93aab17caa1687a3.jpg]],,
真题/第26届初赛/有机化学/题-026-11-3-臭氧B名称.md,66,a1dadc9283c893c7aa9ffe9de768fe31ec374cf1391dac1c47cc154ac316c1a3.jpg,题干图示,题目图示与结构参考,是,是,5,![[a1dadc9283c893c7aa9ffe9de768fe31ec374cf1391dac1c47cc154ac316c1a3.jpg]],,
真题/第26届初赛/有机化学/题-026-11-4-圈出来自A的氧原子.md,38,9aaa0160ae5725c2a05b4589c42923d7e8709359f4a72d993ea03f0828bfdc17.jpg,题干图示,题目图示与结构参考,是,是,5,![[9aaa0160ae5725c2a05b4589c42923d7e8709359f4a72d993ea03f0828bfdc17.jpg]],,
真题/第26届初赛/有机化学/题-026-11-4-圈出来自A的氧原子.md,40,741bc4e421fc2afd028baedc52b8a50d05f7de06bfddb3fd9f28e76b6991a19e.jpg,题干图示,题目图示与结构参考,是,是,5,![[741bc4e421fc2afd028baedc52b8a50d05f7de06bfddb3fd9f28e76b6991a19e.jpg]],,
真题/第26届初赛/有机化学/题-026-11-4-圈出来自A的氧原子.md,42,5b9d69a46432f89a7a525d69213f8de23546ebca881bdbb82d02a459b5b65989.jpg,题干图示,题目图示与结构参考,是,是,5,![[5b9d69a46432f89a7a525d69213f8de23546ebca881bdbb82d02a459b5b65989.jpg]],,
真题/第26届初赛/有机化学/题-026-11-4-圈出来自A的氧原子.md,44,7775e67e81d145558d6808c05b051da1398feef7e5a3c580b684ebebd1b82dfb.jpg,题干图示,题目图示与结构参考,是,是,5,![[7775e67e81d145558d6808c05b051da1398feef7e5a3c580b684ebebd1b82dfb.jpg]],,
真题/第26届初赛/有机化学/题-026-11-4-圈出来自A的氧原子.md,46,8750520264fe0285d295ac4e812bfe00a39059d24737793a1941d4ddff60a253.jpg,题干图示,题目图示与结构参考,是,是,5,![[8750520264fe0285d295ac4e812bfe00a39059d24737793a1941d4ddff60a253.jpg]],,
真题/第26届初赛/有机化学/题-026-11-4-圈出来自A的氧原子.md,48,acd853dc6c8d2eba7369da98ae23801c4c17fcccb2219b0c8beda0acdf075fa7.jpg,题干图示,题目图示与结构参考,是,是,5,![[acd853dc6c8d2eba7369da98ae23801c4c17fcccb2219b0c8beda0acdf075fa7.jpg]],,
真题/第26届初赛/有机化学/题-026-11-4-圈出来自A的氧原子.md,50,1132f60e9dd4ba7c44388bd75b1dfc22238d5e7747f279f99290a0413f281168.jpg,题干图示,题目图示与结构参考,是,是,5,![[1132f60e9dd4ba7c44388bd75b1dfc22238d5e7747f279f99290a0413f281168.jpg]],,
真题/第26届初赛/有机化学/题-026-11-4-圈出来自A的氧原子.md,52,44640ca2b1e7aba4041572fa1f7b1e70fe6c88e0373a7d049c08e641cb7e4972.jpg,题干图示,题目图示与结构参考,是,是,5,![[44640ca2b1e7aba4041572fa1f7b1e70fe6c88e0373a7d049c08e641cb7e4972.jpg]],,
真题/第26届初赛/有机化学/题-026-11-4-圈出来自A的氧原子.md,54,577ab1239d21b0b950f45ae09d3b6523412106ca5a35e65b15a6ce4696ae3432.jpg,题干图示,题目图示与结构参考,是,是,5,![[577ab1239d21b0b950f45ae09d3b6523412106ca5a35e65b15a6ce4696ae3432.jpg]],,
真题/第26届初赛/有机化学/题-026-11-4-圈出来自A的氧原子.md,56,86fbd0ce908d25043b9ebe5ca8069e54b77301f04ca5fd976c6e9a4dd1275b42.jpg,题干图示,题目图示与结构参考,是,是,5,![[86fbd0ce908d25043b9ebe5ca8069e54b77301f04ca5fd976c6e9a4dd1275b42.jpg]],,
真题/第26届初赛/有机化学/题-026-11-4-圈出来自A的氧原子.md,58,fe25026e474149d7cd0c7d0db20203b39bd214433c5696b74c1a763f4a7a1348.jpg,题干图示,题目图示与结构参考,是,是,5,![[fe25026e474149d7cd0c7d0db20203b39bd214433c5696b74c1a763f4a7a1348.jpg]],,
真题/第26届初赛/有机化学/题-026-11-4-圈出来自A的氧原子.md,60,e8aac41e76c9516e72d54fc166f4c2bfcd8b347bccf386558075a008b409f099.jpg,题干图示,题目图示与结构参考,是,是,5,![[e8aac41e76c9516e72d54fc166f4c2bfcd8b347bccf386558075a008b409f099.jpg]],,
真题/第26届初赛/有机化学/题-026-11-4-圈出来自A的氧原子.md,62,d38b2faa0e957da410c2a30d8fe06ce1e412da5cd7d7d5ff476096c2219e82ff.jpg,题干图示,题目图示与结构参考,是,是,5,![[d38b2faa0e957da410c2a30d8fe06ce1e412da5cd7d7d5ff476096c2219e82ff.jpg]],,
真题/第26届初赛/有机化学/题-026-11-4-圈出来自A的氧原子.md,64,71b570e71e626603246d12d48cb0b7b265fed247a9708eea93aab17caa1687a3.jpg,题干图示,题目图示与结构参考,是,是,5,![[71b570e71e626603246d12d48cb0b7b265fed247a9708eea93aab17caa1687a3.jpg]],,
真题/第26届初赛/有机化学/题-026-11-4-圈出来自A的氧原子.md,66,a1dadc9283c893c7aa9ffe9de768fe31ec374cf1391dac1c47cc154ac316c1a3.jpg,题干图示,题目图示与结构参考,是,是,5,![[a1dadc9283c893c7aa9ffe9de768fe31ec374cf1391dac1c47cc154ac316c1a3.jpg]],,
真题/第26届初赛/有机化学/题-026-11-5-臭氧化产物D结构.md,43,9aaa0160ae5725c2a05b4589c42923d7e8709359f4a72d993ea03f0828bfdc17.jpg,题干图示,题目图示与结构参考,是,是,5,![[9aaa0160ae5725c2a05b4589c42923d7e8709359f4a72d993ea03f0828bfdc17.jpg]],,
真题/第26届初赛/有机化学/题-026-11-5-臭氧化产物D结构.md,45,741bc4e421fc2afd028baedc52b8a50d05f7de06bfddb3fd9f28e76b6991a19e.jpg,题干图示,题目图示与结构参考,是,是,5,![[741bc4e421fc2afd028baedc52b8a50d05f7de06bfddb3fd9f28e76b6991a19e.jpg]],,
真题/第26届初赛/有机化学/题-026-11-5-臭氧化产物D结构.md,47,5b9d69a46432f89a7a525d69213f8de23546ebca881bdbb82d02a459b5b65989.jpg,题干图示,题目图示与结构参考,是,是,5,![[5b9d69a46432f89a7a525d69213f8de23546ebca881bdbb82d02a459b5b65989.jpg]],,
真题/第26届初赛/有机化学/题-026-11-5-臭氧化产物D结构.md,49,7775e67e81d145558d6808c05b051da1398feef7e5a3c580b684ebebd1b82dfb.jpg,题干图示,题目图示与结构参考,是,是,5,![[7775e67e81d145558d6808c05b051da1398feef7e5a3c580b684ebebd1b82dfb.jpg]],,
真题/第26届初赛/有机化学/题-026-11-5-臭氧化产物D结构.md,51,8750520264fe0285d295ac4e812bfe00a39059d24737793a1941d4ddff60a253.jpg,题干图示,题目图示与结构参考,是,是,5,![[8750520264fe0285d295ac4e812bfe00a39059d24737793a1941d4ddff60a253.jpg]],,
真题/第26届初赛/有机化学/题-026-11-5-臭氧化产物D结构.md,53,acd853dc6c8d2eba7369da98ae23801c4c17fcccb2219b0c8beda0acdf075fa7.jpg,题干图示,题目图示与结构参考,是,是,5,![[acd853dc6c8d2eba7369da98ae23801c4c17fcccb2219b0c8beda0acdf075fa7.jpg]],,
真题/第26届初赛/有机化学/题-026-11-5-臭氧化产物D结构.md,55,1132f60e9dd4ba7c44388bd75b1dfc22238d5e7747f279f99290a0413f281168.jpg,题干图示,题目图示与结构参考,是,是,5,![[1132f60e9dd4ba7c44388bd75b1dfc22238d5e7747f279f99290a0413f281168.jpg]],,
真题/第26届初赛/有机化学/题-026-11-5-臭氧化产物D结构.md,57,44640ca2b1e7aba4041572fa1f7b1e70fe6c88e0373a7d049c08e641cb7e4972.jpg,题干图示,题目图示与结构参考,是,是,5,![[44640ca2b1e7aba4041572fa1f7b1e70fe6c88e0373a7d049c08e641cb7e4972.jpg]],,
真题/第26届初赛/有机化学/题-026-11-5-臭氧化产物D结构.md,59,577ab1239d21b0b950f45ae09d3b6523412106ca5a35e65b15a6ce4696ae3432.jpg,题干图示,题目图示与结构参考,是,是,5,![[577ab1239d21b0b950f45ae09d3b6523412106ca5a35e65b15a6ce4696ae3432.jpg]],,
真题/第26届初赛/有机化学/题-026-11-5-臭氧化产物D结构.md,61,86fbd0ce908d25043b9ebe5ca8069e54b77301f04ca5fd976c6e9a4dd1275b42.jpg,题干图示,题目图示与结构参考,是,是,5,![[86fbd0ce908d25043b9ebe5ca8069e54b77301f04ca5fd976c6e9a4dd1275b42.jpg]],,
真题/第26届初赛/有机化学/题-026-11-5-臭氧化产物D结构.md,63,fe25026e474149d7cd0c7d0db20203b39bd214433c5696b74c1a763f4a7a1348.jpg,题干图示,题目图示与结构参考,是,是,5,![[fe25026e474149d7cd0c7d0db20203b39bd214433c5696b74c1a763f4a7a1348.jpg]],,
真题/第26届初赛/有机化学/题-026-11-5-臭氧化产物D结构.md,65,e8aac41e76c9516e72d54fc166f4c2bfcd8b347bccf386558075a008b409f099.jpg,题干图示,题目图示与结构参考,是,是,5,![[e8aac41e76c9516e72d54fc166f4c2bfcd8b347bccf386558075a008b409f099.jpg]],,
真题/第26届初赛/有机化学/题-026-11-5-臭氧化产物D结构.md,67,d38b2faa0e957da410c2a30d8fe06ce1e412da5cd7d7d5ff476096c2219e82ff.jpg,题干图示,题目图示与结构参考,是,是,5,![[d38b2faa0e957da410c2a30d8fe06ce1e412da5cd7d7d5ff476096c2219e82ff.jpg]],,
真题/第26届初赛/有机化学/题-026-11-5-臭氧化产物D结构.md,69,71b570e71e626603246d12d48cb0b7b265fed247a9708eea93aab17caa1687a3.jpg,题干图示,题目图示与结构参考,是,是,5,![[71b570e71e626603246d12d48cb0b7b265fed247a9708eea93aab17caa1687a3.jpg]],,
真题/第26届初赛/有机化学/题-026-11-5-臭氧化产物D结构.md,71,a1dadc9283c893c7aa9ffe9de768fe31ec374cf1391dac1c47cc154ac316c1a3.jpg,题干图示,题目图示与结构参考,是,是,5,![[a1dadc9283c893c7aa9ffe9de768fe31ec374cf1391dac1c47cc154ac316c1a3.jpg]],,
真题/第26届初赛/有机化学/题-026-6-1-喹啉酸最低构型.md,42,b087aa9d36ae0dfa22c294288aad11b094c972bc5e1473a3fd1d5aa0fc926f4b.jpg,题干图示,题目图示与结构参考,是,是,3,![[b087aa9d36ae0dfa22c294288aad11b094c972bc5e1473a3fd1d5aa0fc926f4b.jpg]],,
真题/第26届初赛/有机化学/题-026-6-1-喹啉酸最低构型.md,44,fa8d59589b6b75d312d7b9a7c29f812d1df63be63b9284cd32de3d1dc3ed996f.jpg,题干图示,题目图示与结构参考,是,是,3,![[fa8d59589b6b75d312d7b9a7c29f812d1df63be63b9284cd32de3d1dc3ed996f.jpg]],,
真题/第26届初赛/有机化学/题-026-6-1-喹啉酸最低构型.md,46,324e37b69555ae7ed900b06a991d4fdfceb9aa50ae5b449b9c3269451d235f60.jpg,题干图示,题目图示与结构参考,是,是,3,![[324e37b69555ae7ed900b06a991d4fdfceb9aa50ae5b449b9c3269451d235f60.jpg]],,
真题/第26届初赛/有机化学/题-026-6-2-喹啉酸一级电离.md,42,b087aa9d36ae0dfa22c294288aad11b094c972bc5e1473a3fd1d5aa0fc926f4b.jpg,题干图示,题目图示与结构参考,是,是,3,![[b087aa9d36ae0dfa22c294288aad11b094c972bc5e1473a3fd1d5aa0fc926f4b.jpg]],,
真题/第26届初赛/有机化学/题-026-6-2-喹啉酸一级电离.md,44,fa8d59589b6b75d312d7b9a7c29f812d1df63be63b9284cd32de3d1dc3ed996f.jpg,题干图示,题目图示与结构参考,是,是,3,![[fa8d59589b6b75d312d7b9a7c29f812d1df63be63b9284cd32de3d1dc3ed996f.jpg]],,
真题/第26届初赛/有机化学/题-026-6-2-喹啉酸一级电离.md,46,324e37b69555ae7ed900b06a991d4fdfceb9aa50ae5b449b9c3269451d235f60.jpg,题干图示,题目图示与结构参考,是,是,3,![[324e37b69555ae7ed900b06a991d4fdfceb9aa50ae5b449b9c3269451d235f60.jpg]],,
真题/第26届初赛/有机化学/题-026-6-3-烟酸结构.md,40,b087aa9d36ae0dfa22c294288aad11b094c972bc5e1473a3fd1d5aa0fc926f4b.jpg,题干图示,题目图示与结构参考,是,是,3,![[b087aa9d36ae0dfa22c294288aad11b094c972bc5e1473a3fd1d5aa0fc926f4b.jpg]],,
真题/第26届初赛/有机化学/题-026-6-3-烟酸结构.md,42,fa8d59589b6b75d312d7b9a7c29f812d1df63be63b9284cd32de3d1dc3ed996f.jpg,题干图示,题目图示与结构参考,是,是,3,![[fa8d59589b6b75d312d7b9a7c29f812d1df63be63b9284cd32de3d1dc3ed996f.jpg]],,
真题/第26届初赛/有机化学/题-026-6-3-烟酸结构.md,44,324e37b69555ae7ed900b06a991d4fdfceb9aa50ae5b449b9c3269451d235f60.jpg,题干图示,题目图示与结构参考,是,是,3,![[324e37b69555ae7ed900b06a991d4fdfceb9aa50ae5b449b9c3269451d235f60.jpg]],,
真题/第26届初赛/有机化学/题-026-9-1-Knoevenagel亲核试剂.md,36,f78d6996622e4c5320b59cdc9449d16534eaf43a328a1ae16b84a031fa6e3ef4.jpg,题干图示,题目图示与结构参考,是,是,4,![[f78d6996622e4c5320b59cdc9449d16534eaf43a328a1ae16b84a031fa6e3ef4.jpg]],,
真题/第26届初赛/有机化学/题-026-9-1-Knoevenagel亲核试剂.md,38,60564579e0af0d28ed7def78f788267f72901f24e6f5eb920537bfd7e0315821.jpg,题干图示,题目图示与结构参考,是,是,4,![[60564579e0af0d28ed7def78f788267f72901f24e6f5eb920537bfd7e0315821.jpg]],,
真题/第26届初赛/有机化学/题-026-9-1-Knoevenagel亲核试剂.md,40,c5a24c9ce3963d0acb531f71f44a669a25955a6af4404a09219bed1b6da563d2.jpg,题干图示,题目图示与结构参考,是,是,4,![[c5a24c9ce3963d0acb531f71f44a669a25955a6af4404a09219bed1b6da563d2.jpg]],,
真题/第26届初赛/有机化学/题-026-9-1-Knoevenagel亲核试剂.md,42,0a43a544f137d7908fc4bc6bd3e49f2c6097fed694c9bb37dc34f42553a4a472.jpg,题干图示,题目图示与结构参考,是,是,4,![[0a43a544f137d7908fc4bc6bd3e49f2c6097fed694c9bb37dc34f42553a4a472.jpg]],,
真题/第26届初赛/有机化学/题-026-9-1-Knoevenagel亲核试剂.md,44,31b52f1a740bf306410302296acf84a018d0734579134778a4cc44657537a44f.jpg,题干图示,题目图示与结构参考,是,是,4,![[31b52f1a740bf306410302296acf84a018d0734579134778a4cc44657537a44f.jpg]],,
真题/第26届初赛/有机化学/题-026-9-1-Knoevenagel亲核试剂.md,46,37d1ff4cc8cb58a562d2c94c158a220f6b6ac8c2c41dad7c893845d4a066a2ac.jpg,题干图示,题目图示与结构参考,是,是,4,![[37d1ff4cc8cb58a562d2c94c158a220f6b6ac8c2c41dad7c893845d4a066a2ac.jpg]],,
真题/第26届初赛/有机化学/题-026-9-1-Knoevenagel亲核试剂.md,48,4e893eb5571b52efd522e69b98a9a4a13e99b7ff123a5270cfffcbc3bfbc7b84.jpg,题干图示,题目图示与结构参考,是,是,4,![[4e893eb5571b52efd522e69b98a9a4a13e99b7ff123a5270cfffcbc3bfbc7b84.jpg]],,
真题/第26届初赛/有机化学/题-026-9-1-Knoevenagel亲核试剂.md,50,5784458798fab2778a01d25ff505c5b251e08b3423d459c1f5fc35b356895340.jpg,题干图示,题目图示与结构参考,是,是,4,![[5784458798fab2778a01d25ff505c5b251e08b3423d459c1f5fc35b356895340.jpg]],,
真题/第26届初赛/有机化学/题-026-9-2-六氢吡啶催化作用.md,39,f78d6996622e4c5320b59cdc9449d16534eaf43a328a1ae16b84a031fa6e3ef4.jpg,题干图示,题目图示与结构参考,是,是,4,![[f78d6996622e4c5320b59cdc9449d16534eaf43a328a1ae16b84a031fa6e3ef4.jpg]],,
真题/第26届初赛/有机化学/题-026-9-2-六氢吡啶催化作用.md,41,60564579e0af0d28ed7def78f788267f72901f24e6f5eb920537bfd7e0315821.jpg,题干图示,题目图示与结构参考,是,是,4,![[60564579e0af0d28ed7def78f788267f72901f24e6f5eb920537bfd7e0315821.jpg]],,
真题/第26届初赛/有机化学/题-026-9-2-六氢吡啶催化作用.md,43,c5a24c9ce3963d0acb531f71f44a669a25955a6af4404a09219bed1b6da563d2.jpg,题干图示,题目图示与结构参考,是,是,4,![[c5a24c9ce3963d0acb531f71f44a669a25955a6af4404a09219bed1b6da563d2.jpg]],,
真题/第26届初赛/有机化学/题-026-9-2-六氢吡啶催化作用.md,45,0a43a544f137d7908fc4bc6bd3e49f2c6097fed694c9bb37dc34f42553a4a472.jpg,题干图示,题目图示与结构参考,是,是,4,![[0a43a544f137d7908fc4bc6bd3e49f2c6097fed694c9bb37dc34f42553a4a472.jpg]],,
真题/第26届初赛/有机化学/题-026-9-2-六氢吡啶催化作用.md,47,31b52f1a740bf306410302296acf84a018d0734579134778a4cc44657537a44f.jpg,题干图示,题目图示与结构参考,是,是,4,![[31b52f1a740bf306410302296acf84a018d0734579134778a4cc44657537a44f.jpg]],,
真题/第26届初赛/有机化学/题-026-9-2-六氢吡啶催化作用.md,49,37d1ff4cc8cb58a562d2c94c158a220f6b6ac8c2c41dad7c893845d4a066a2ac.jpg,题干图示,题目图示与结构参考,是,是,4,![[37d1ff4cc8cb58a562d2c94c158a220f6b6ac8c2c41dad7c893845d4a066a2ac.jpg]],,
真题/第26届初赛/有机化学/题-026-9-2-六氢吡啶催化作用.md,51,4e893eb5571b52efd522e69b98a9a4a13e99b7ff123a5270cfffcbc3bfbc7b84.jpg,题干图示,题目图示与结构参考,是,是,4,![[4e893eb5571b52efd522e69b98a9a4a13e99b7ff123a5270cfffcbc3bfbc7b84.jpg]],,
真题/第26届初赛/有机化学/题-026-9-2-六氢吡啶催化作用.md,53,5784458798fab2778a01d25ff505c5b251e08b3423d459c1f5fc35b356895340.jpg,题干图示,题目图示与结构参考,是,是,4,![[5784458798fab2778a01d25ff505c5b251e08b3423d459c1f5fc35b356895340.jpg]],,
真题/第26届初赛/有机化学/题-026-9-3-gabapentin前体合成.md,41,f78d6996622e4c5320b59cdc9449d16534eaf43a328a1ae16b84a031fa6e3ef4.jpg,题干图示,题目图示与结构参考,是,是,4,![[f78d6996622e4c5320b59cdc9449d16534eaf43a328a1ae16b84a031fa6e3ef4.jpg]],,
真题/第26届初赛/有机化学/题-026-9-3-gabapentin前体合成.md,43,60564579e0af0d28ed7def78f788267f72901f24e6f5eb920537bfd7e0315821.jpg,题干图示,题目图示与结构参考,是,是,4,![[60564579e0af0d28ed7def78f788267f72901f24e6f5eb920537bfd7e0315821.jpg]],,
真题/第26届初赛/有机化学/题-026-9-3-gabapentin前体合成.md,45,c5a24c9ce3963d0acb531f71f44a669a25955a6af4404a09219bed1b6da563d2.jpg,题干图示,题目图示与结构参考,是,是,4,![[c5a24c9ce3963d0acb531f71f44a669a25955a6af4404a09219bed1b6da563d2.jpg]],,
真题/第26届初赛/有机化学/题-026-9-3-gabapentin前体合成.md,47,0a43a544f137d7908fc4bc6bd3e49f2c6097fed694c9bb37dc34f42553a4a472.jpg,题干图示,题目图示与结构参考,是,是,4,![[0a43a544f137d7908fc4bc6bd3e49f2c6097fed694c9bb37dc34f42553a4a472.jpg]],,
真题/第26届初赛/有机化学/题-026-9-3-gabapentin前体合成.md,49,31b52f1a740bf306410302296acf84a018d0734579134778a4cc44657537a44f.jpg,题干图示,题目图示与结构参考,是,是,4,![[31b52f1a740bf306410302296acf84a018d0734579134778a4cc44657537a44f.jpg]],,
真题/第26届初赛/有机化学/题-026-9-3-gabapentin前体合成.md,51,37d1ff4cc8cb58a562d2c94c158a220f6b6ac8c2c41dad7c893845d4a066a2ac.jpg,题干图示,题目图示与结构参考,是,是,4,![[37d1ff4cc8cb58a562d2c94c158a220f6b6ac8c2c41dad7c893845d4a066a2ac.jpg]],,
真题/第26届初赛/有机化学/题-026-9-3-gabapentin前体合成.md,53,4e893eb5571b52efd522e69b98a9a4a13e99b7ff123a5270cfffcbc3bfbc7b84.jpg,题干图示,题目图示与结构参考,是,是,4,![[4e893eb5571b52efd522e69b98a9a4a13e99b7ff123a5270cfffcbc3bfbc7b84.jpg]],,
真题/第26届初赛/有机化学/题-026-9-3-gabapentin前体合成.md,55,5784458798fab2778a01d25ff505c5b251e08b3423d459c1f5fc35b356895340.jpg,题干图示,题目图示与结构参考,是,是,4,![[5784458798fab2778a01d25ff505c5b251e08b3423d459c1f5fc35b356895340.jpg]],,
真题/第26届初赛/有机化学/题-026-9-4-Michael加成串联反应.md,40,f78d6996622e4c5320b59cdc9449d16534eaf43a328a1ae16b84a031fa6e3ef4.jpg,题干图示,题目图示与结构参考,是,是,4,![[f78d6996622e4c5320b59cdc9449d16534eaf43a328a1ae16b84a031fa6e3ef4.jpg]],,
真题/第26届初赛/有机化学/题-026-9-4-Michael加成串联反应.md,42,60564579e0af0d28ed7def78f788267f72901f24e6f5eb920537bfd7e0315821.jpg,题干图示,题目图示与结构参考,是,是,4,![[60564579e0af0d28ed7def78f788267f72901f24e6f5eb920537bfd7e0315821.jpg]],,
真题/第26届初赛/有机化学/题-026-9-4-Michael加成串联反应.md,44,c5a24c9ce3963d0acb531f71f44a669a25955a6af4404a09219bed1b6da563d2.jpg,题干图示,题目图示与结构参考,是,是,4,![[c5a24c9ce3963d0acb531f71f44a669a25955a6af4404a09219bed1b6da563d2.jpg]],,
真题/第26届初赛/有机化学/题-026-9-4-Michael加成串联反应.md,46,0a43a544f137d7908fc4bc6bd3e49f2c6097fed694c9bb37dc34f42553a4a472.jpg,题干图示,题目图示与结构参考,是,是,4,![[0a43a544f137d7908fc4bc6bd3e49f2c6097fed694c9bb37dc34f42553a4a472.jpg]],,
真题/第26届初赛/有机化学/题-026-9-4-Michael加成串联反应.md,48,31b52f1a740bf306410302296acf84a018d0734579134778a4cc44657537a44f.jpg,题干图示,题目图示与结构参考,是,是,4,![[31b52f1a740bf306410302296acf84a018d0734579134778a4cc44657537a44f.jpg]],,
真题/第26届初赛/有机化学/题-026-9-4-Michael加成串联反应.md,50,37d1ff4cc8cb58a562d2c94c158a220f6b6ac8c2c41dad7c893845d4a066a2ac.jpg,题干图示,题目图示与结构参考,是,是,4,![[37d1ff4cc8cb58a562d2c94c158a220f6b6ac8c2c41dad7c893845d4a066a2ac.jpg]],,
真题/第26届初赛/有机化学/题-026-9-4-Michael加成串联反应.md,52,4e893eb5571b52efd522e69b98a9a4a13e99b7ff123a5270cfffcbc3bfbc7b84.jpg,题干图示,题目图示与结构参考,是,是,4,![[4e893eb5571b52efd522e69b98a9a4a13e99b7ff123a5270cfffcbc3bfbc7b84.jpg]],,
真题/第26届初赛/有机化学/题-026-9-4-Michael加成串联反应.md,54,5784458798fab2778a01d25ff505c5b251e08b3423d459c1f5fc35b356895340.jpg,题干图示,题目图示与结构参考,是,是,4,![[5784458798fab2778a01d25ff505c5b251e08b3423d459c1f5fc35b356895340.jpg]],,
真题/第27届初赛/化学原理/题-027-2-8-甲烷燃烧体积比.md,46,d50206ff9c5b8a939b460825692de308e9ee7e76e66b17d5f837d8f73292ae83.jpg,题干图示,题目图示与结构参考,是,是,10,![[d50206ff9c5b8a939b460825692de308e9ee7e76e66b17d5f837d8f73292ae83.jpg]],,
真题/第27届初赛/化学原理/题-027-2-8-甲烷燃烧体积比.md,48,94ba0ccf835497bcafefbedb1b7edfea4eb7bada4240519a544afab21ffbe04c.jpg,题干图示,题目图示与结构参考,是,是,10,![[94ba0ccf835497bcafefbedb1b7edfea4eb7bada4240519a544afab21ffbe04c.jpg]],,
真题/第27届初赛/化学原理/题-027-2-8-甲烷燃烧体积比.md,50,0a1498d59a7843bd0ce5525c07283d7dfb9bf468e44673deaaa3369b41e6b891.jpg,题干图示,题目图示与结构参考,是,是,10,![[0a1498d59a7843bd0ce5525c07283d7dfb9bf468e44673deaaa3369b41e6b891.jpg]],,
真题/第27届初赛/化学原理/题-027-2-8-甲烷燃烧体积比.md,52,81a8d5b638511406e9e810a993f3a2d775264832df8b007f3a79e19fd694bf2a.jpg,题干图示,题目图示与结构参考,是,是,10,![[81a8d5b638511406e9e810a993f3a2d775264832df8b007f3a79e19fd694bf2a.jpg]],,
真题/第27届初赛/化学原理/题-027-2-8-甲烷燃烧体积比.md,54,fd4e14d9deb96227f15759c88d573c59ae3b5c407076d839b612698e459acab6.jpg,题干图示,题目图示与结构参考,是,是,10,![[fd4e14d9deb96227f15759c88d573c59ae3b5c407076d839b612698e459acab6.jpg]],,
真题/第27届初赛/化学原理/题-027-2-8-甲烷燃烧体积比.md,56,87c23673ef9590263d5a2e6cc8d6bdb9cc39afda631bae3cde804b5224f40d21.jpg,题干图示,题目图示与结构参考,是,是,10,![[87c23673ef9590263d5a2e6cc8d6bdb9cc39afda631bae3cde804b5224f40d21.jpg]],,
真题/第27届初赛/化学原理/题-027-2-8-甲烷燃烧体积比.md,58,724f92736ebd1304052ca58bcdf78fc6c9cd46b44ba86978ed8b297f1d07a5f2.jpg,题干图示,题目图示与结构参考,是,是,10,![[724f92736ebd1304052ca58bcdf78fc6c9cd46b44ba86978ed8b297f1d07a5f2.jpg]],,
真题/第27届初赛/化学原理/题-027-5-1-反钙钛矿M摩尔质量.md,44,5a3fcb756b7fef96a16dc7c20ec64b0b5d9eb5c483faa20680c855b3e7e50b68.jpg,题干图示,题目图示与结构参考,是,是,4,![[5a3fcb756b7fef96a16dc7c20ec64b0b5d9eb5c483faa20680c855b3e7e50b68.jpg]],,
真题/第27届初赛/无机和结构化学/题-027-1-1-Mn2O3与CO反应.md,40,c438d1b47827355c2309b9a8e20b9b8bd69ce7927ec1b728a852631a4cace834.jpg,题干图示,题目图示与结构参考,是,是,6,![[c438d1b47827355c2309b9a8e20b9b8bd69ce7927ec1b728a852631a4cace834.jpg]],,
真题/第27届初赛/无机和结构化学/题-027-1-1-Mn2O3与CO反应.md,42,2ef4305c8eac398f8d264a1a7c511e240353e8bc1ecaa09286d858a0627aab78.jpg,题干图示,题目图示与结构参考,是,是,6,![[2ef4305c8eac398f8d264a1a7c511e240353e8bc1ecaa09286d858a0627aab78.jpg]],,
真题/第27届初赛/无机和结构化学/题-027-1-1-Mn2O3与CO反应.md,44,4a627192094cf81aad272057093061c160d420a691a29ef82ad7eeaffabc080d.jpg,题干图示,题目图示与结构参考,是,是,6,![[4a627192094cf81aad272057093061c160d420a691a29ef82ad7eeaffabc080d.jpg]],,
真题/第27届初赛/无机和结构化学/题-027-1-1-Mn2O3与CO反应.md,46,4c96c9b6d0f470f2d7de3c49e5beb6d86104985ba9e7767b51d9a1d5a2f96eb0.jpg,题干图示,题目图示与结构参考,是,是,6,![[4c96c9b6d0f470f2d7de3c49e5beb6d86104985ba9e7767b51d9a1d5a2f96eb0.jpg]],,
真题/第27届初赛/无机和结构化学/题-027-1-2-KCN与CuSO4反应.md,36,c438d1b47827355c2309b9a8e20b9b8bd69ce7927ec1b728a852631a4cace834.jpg,题干图示,题目图示与结构参考,是,是,6,![[c438d1b47827355c2309b9a8e20b9b8bd69ce7927ec1b728a852631a4cace834.jpg]],,
真题/第27届初赛/无机和结构化学/题-027-1-2-KCN与CuSO4反应.md,38,2ef4305c8eac398f8d264a1a7c511e240353e8bc1ecaa09286d858a0627aab78.jpg,题干图示,题目图示与结构参考,是,是,6,![[2ef4305c8eac398f8d264a1a7c511e240353e8bc1ecaa09286d858a0627aab78.jpg]],,
真题/第27届初赛/无机和结构化学/题-027-1-2-KCN与CuSO4反应.md,40,4a627192094cf81aad272057093061c160d420a691a29ef82ad7eeaffabc080d.jpg,题干图示,题目图示与结构参考,是,是,6,![[4a627192094cf81aad272057093061c160d420a691a29ef82ad7eeaffabc080d.jpg]],,
真题/第27届初赛/无机和结构化学/题-027-1-2-KCN与CuSO4反应.md,42,4c96c9b6d0f470f2d7de3c49e5beb6d86104985ba9e7767b51d9a1d5a2f96eb0.jpg,题干图示,题目图示与结构参考,是,是,6,![[4c96c9b6d0f470f2d7de3c49e5beb6d86104985ba9e7767b51d9a1d5a2f96eb0.jpg]],,
真题/第27届初赛/无机和结构化学/题-027-1-3-Cr2O3与铁氰化钾反应.md,36,c438d1b47827355c2309b9a8e20b9b8bd69ce7927ec1b728a852631a4cace834.jpg,题干图示,题目图示与结构参考,是,是,6,![[c438d1b47827355c2309b9a8e20b9b8bd69ce7927ec1b728a852631a4cace834.jpg]],,
真题/第27届初赛/无机和结构化学/题-027-1-3-Cr2O3与铁氰化钾反应.md,38,2ef4305c8eac398f8d264a1a7c511e240353e8bc1ecaa09286d858a0627aab78.jpg,题干图示,题目图示与结构参考,是,是,6,![[2ef4305c8eac398f8d264a1a7c511e240353e8bc1ecaa09286d858a0627aab78.jpg]],,
真题/第27届初赛/无机和结构化学/题-027-1-3-Cr2O3与铁氰化钾反应.md,40,4a627192094cf81aad272057093061c160d420a691a29ef82ad7eeaffabc080d.jpg,题干图示,题目图示与结构参考,是,是,6,![[4a627192094cf81aad272057093061c160d420a691a29ef82ad7eeaffabc080d.jpg]],,
真题/第27届初赛/无机和结构化学/题-027-1-3-Cr2O3与铁氰化钾反应.md,42,4c96c9b6d0f470f2d7de3c49e5beb6d86104985ba9e7767b51d9a1d5a2f96eb0.jpg,题干图示,题目图示与结构参考,是,是,6,![[4c96c9b6d0f470f2d7de3c49e5beb6d86104985ba9e7767b51d9a1d5a2f96eb0.jpg]],,
真题/第27届初赛/无机和结构化学/题-027-1-4-锌氰配合物与甲醛反应.md,36,c438d1b47827355c2309b9a8e20b9b8bd69ce7927ec1b728a852631a4cace834.jpg,题干图示,题目图示与结构参考,是,是,6,![[c438d1b47827355c2309b9a8e20b9b8bd69ce7927ec1b728a852631a4cace834.jpg]],,
真题/第27届初赛/无机和结构化学/题-027-1-4-锌氰配合物与甲醛反应.md,38,2ef4305c8eac398f8d264a1a7c511e240353e8bc1ecaa09286d858a0627aab78.jpg,题干图示,题目图示与结构参考,是,是,6,![[2ef4305c8eac398f8d264a1a7c511e240353e8bc1ecaa09286d858a0627aab78.jpg]],,
真题/第27届初赛/无机和结构化学/题-027-1-4-锌氰配合物与甲醛反应.md,40,4a627192094cf81aad272057093061c160d420a691a29ef82ad7eeaffabc080d.jpg,题干图示,题目图示与结构参考,是,是,6,![[4a627192094cf81aad272057093061c160d420a691a29ef82ad7eeaffabc080d.jpg]],,
真题/第27届初赛/无机和结构化学/题-027-1-4-锌氰配合物与甲醛反应.md,42,4c96c9b6d0f470f2d7de3c49e5beb6d86104985ba9e7767b51d9a1d5a2f96eb0.jpg,题干图示,题目图示与结构参考,是,是,6,![[4c96c9b6d0f470f2d7de3c49e5beb6d86104985ba9e7767b51d9a1d5a2f96eb0.jpg]],,
真题/第27届初赛/无机和结构化学/题-027-1-5-Fe(OH)2转化为Fe3O4.md,36,c438d1b47827355c2309b9a8e20b9b8bd69ce7927ec1b728a852631a4cace834.jpg,题干图示,题目图示与结构参考,是,是,6,![[c438d1b47827355c2309b9a8e20b9b8bd69ce7927ec1b728a852631a4cace834.jpg]],,
真题/第27届初赛/无机和结构化学/题-027-1-5-Fe(OH)2转化为Fe3O4.md,38,2ef4305c8eac398f8d264a1a7c511e240353e8bc1ecaa09286d858a0627aab78.jpg,题干图示,题目图示与结构参考,是,是,6,![[2ef4305c8eac398f8d264a1a7c511e240353e8bc1ecaa09286d858a0627aab78.jpg]],,
真题/第27届初赛/无机和结构化学/题-027-1-5-Fe(OH)2转化为Fe3O4.md,40,4a627192094cf81aad272057093061c160d420a691a29ef82ad7eeaffabc080d.jpg,题干图示,题目图示与结构参考,是,是,6,![[4a627192094cf81aad272057093061c160d420a691a29ef82ad7eeaffabc080d.jpg]],,
真题/第27届初赛/无机和结构化学/题-027-1-5-Fe(OH)2转化为Fe3O4.md,42,4c96c9b6d0f470f2d7de3c49e5beb6d86104985ba9e7767b51d9a1d5a2f96eb0.jpg,题干图示,题目图示与结构参考,是,是,6,![[4c96c9b6d0f470f2d7de3c49e5beb6d86104985ba9e7767b51d9a1d5a2f96eb0.jpg]],,
真题/第27届初赛/无机和结构化学/题-027-1-6-NaN3制备.md,36,c438d1b47827355c2309b9a8e20b9b8bd69ce7927ec1b728a852631a4cace834.jpg,题干图示,题目图示与结构参考,是,是,6,![[c438d1b47827355c2309b9a8e20b9b8bd69ce7927ec1b728a852631a4cace834.jpg]],,
真题/第27届初赛/无机和结构化学/题-027-1-6-NaN3制备.md,38,2ef4305c8eac398f8d264a1a7c511e240353e8bc1ecaa09286d858a0627aab78.jpg,题干图示,题目图示与结构参考,是,是,6,![[2ef4305c8eac398f8d264a1a7c511e240353e8bc1ecaa09286d858a0627aab78.jpg]],,
真题/第27届初赛/无机和结构化学/题-027-1-6-NaN3制备.md,40,4a627192094cf81aad272057093061c160d420a691a29ef82ad7eeaffabc080d.jpg,题干图示,题目图示与结构参考,是,是,6,![[4a627192094cf81aad272057093061c160d420a691a29ef82ad7eeaffabc080d.jpg]],,
真题/第27届初赛/无机和结构化学/题-027-1-6-NaN3制备.md,42,4c96c9b6d0f470f2d7de3c49e5beb6d86104985ba9e7767b51d9a1d5a2f96eb0.jpg,题干图示,题目图示与结构参考,是,是,6,![[4c96c9b6d0f470f2d7de3c49e5beb6d86104985ba9e7767b51d9a1d5a2f96eb0.jpg]],,
真题/第27届初赛/无机和结构化学/题-027-2-1-Bi2Cl8结构与杂化.md,40,d50206ff9c5b8a939b460825692de308e9ee7e76e66b17d5f837d8f73292ae83.jpg,题干图示,题目图示与结构参考,是,是,10,![[d50206ff9c5b8a939b460825692de308e9ee7e76e66b17d5f837d8f73292ae83.jpg]],,
真题/第27届初赛/无机和结构化学/题-027-2-1-Bi2Cl8结构与杂化.md,42,94ba0ccf835497bcafefbedb1b7edfea4eb7bada4240519a544afab21ffbe04c.jpg,题干图示,题目图示与结构参考,是,是,10,![[94ba0ccf835497bcafefbedb1b7edfea4eb7bada4240519a544afab21ffbe04c.jpg]],,
真题/第27届初赛/无机和结构化学/题-027-2-1-Bi2Cl8结构与杂化.md,44,0a1498d59a7843bd0ce5525c07283d7dfb9bf468e44673deaaa3369b41e6b891.jpg,题干图示,题目图示与结构参考,是,是,10,![[0a1498d59a7843bd0ce5525c07283d7dfb9bf468e44673deaaa3369b41e6b891.jpg]],,
真题/第27届初赛/无机和结构化学/题-027-2-1-Bi2Cl8结构与杂化.md,46,81a8d5b638511406e9e810a993f3a2d775264832df8b007f3a79e19fd694bf2a.jpg,题干图示,题目图示与结构参考,是,是,10,![[81a8d5b638511406e9e810a993f3a2d775264832df8b007f3a79e19fd694bf2a.jpg]],,
真题/第27届初赛/无机和结构化学/题-027-2-1-Bi2Cl8结构与杂化.md,48,fd4e14d9deb96227f15759c88d573c59ae3b5c407076d839b612698e459acab6.jpg,题干图示,题目图示与结构参考,是,是,10,![[fd4e14d9deb96227f15759c88d573c59ae3b5c407076d839b612698e459acab6.jpg]],,
真题/第27届初赛/无机和结构化学/题-027-2-1-Bi2Cl8结构与杂化.md,50,87c23673ef9590263d5a2e6cc8d6bdb9cc39afda631bae3cde804b5224f40d21.jpg,题干图示,题目图示与结构参考,是,是,10,![[87c23673ef9590263d5a2e6cc8d6bdb9cc39afda631bae3cde804b5224f40d21.jpg]],,
真题/第27届初赛/无机和结构化学/题-027-2-1-Bi2Cl8结构与杂化.md,52,724f92736ebd1304052ca58bcdf78fc6c9cd46b44ba86978ed8b297f1d07a5f2.jpg,题干图示,题目图示与结构参考,是,是,10,![[724f92736ebd1304052ca58bcdf78fc6c9cd46b44ba86978ed8b297f1d07a5f2.jpg]],,
真题/第27届初赛/无机和结构化学/题-027-2-2-液氨中Mg置换Na.md,36,d50206ff9c5b8a939b460825692de308e9ee7e76e66b17d5f837d8f73292ae83.jpg,题干图示,题目图示与结构参考,是,是,10,![[d50206ff9c5b8a939b460825692de308e9ee7e76e66b17d5f837d8f73292ae83.jpg]],,
真题/第27届初赛/无机和结构化学/题-027-2-2-液氨中Mg置换Na.md,38,94ba0ccf835497bcafefbedb1b7edfea4eb7bada4240519a544afab21ffbe04c.jpg,题干图示,题目图示与结构参考,是,是,10,![[94ba0ccf835497bcafefbedb1b7edfea4eb7bada4240519a544afab21ffbe04c.jpg]],,
真题/第27届初赛/无机和结构化学/题-027-2-2-液氨中Mg置换Na.md,40,0a1498d59a7843bd0ce5525c07283d7dfb9bf468e44673deaaa3369b41e6b891.jpg,题干图示,题目图示与结构参考,是,是,10,![[0a1498d59a7843bd0ce5525c07283d7dfb9bf468e44673deaaa3369b41e6b891.jpg]],,
真题/第27届初赛/无机和结构化学/题-027-2-2-液氨中Mg置换Na.md,42,81a8d5b638511406e9e810a993f3a2d775264832df8b007f3a79e19fd694bf2a.jpg,题干图示,题目图示与结构参考,是,是,10,![[81a8d5b638511406e9e810a993f3a2d775264832df8b007f3a79e19fd694bf2a.jpg]],,
真题/第27届初赛/无机和结构化学/题-027-2-2-液氨中Mg置换Na.md,44,fd4e14d9deb96227f15759c88d573c59ae3b5c407076d839b612698e459acab6.jpg,题干图示,题目图示与结构参考,是,是,10,![[fd4e14d9deb96227f15759c88d573c59ae3b5c407076d839b612698e459acab6.jpg]],,
真题/第27届初赛/无机和结构化学/题-027-2-2-液氨中Mg置换Na.md,46,87c23673ef9590263d5a2e6cc8d6bdb9cc39afda631bae3cde804b5224f40d21.jpg,题干图示,题目图示与结构参考,是,是,10,![[87c23673ef9590263d5a2e6cc8d6bdb9cc39afda631bae3cde804b5224f40d21.jpg]],,
真题/第27届初赛/无机和结构化学/题-027-2-2-液氨中Mg置换Na.md,48,724f92736ebd1304052ca58bcdf78fc6c9cd46b44ba86978ed8b297f1d07a5f2.jpg,题干图示,题目图示与结构参考,是,是,10,![[724f92736ebd1304052ca58bcdf78fc6c9cd46b44ba86978ed8b297f1d07a5f2.jpg]],,
真题/第27届初赛/无机和结构化学/题-027-2-3-Pb液氨电解.md,40,d50206ff9c5b8a939b460825692de308e9ee7e76e66b17d5f837d8f73292ae83.jpg,题干图示,题目图示与结构参考,是,是,10,![[d50206ff9c5b8a939b460825692de308e9ee7e76e66b17d5f837d8f73292ae83.jpg]],,
真题/第27届初赛/无机和结构化学/题-027-2-3-Pb液氨电解.md,42,94ba0ccf835497bcafefbedb1b7edfea4eb7bada4240519a544afab21ffbe04c.jpg,题干图示,题目图示与结构参考,是,是,10,![[94ba0ccf835497bcafefbedb1b7edfea4eb7bada4240519a544afab21ffbe04c.jpg]],,
真题/第27届初赛/无机和结构化学/题-027-2-3-Pb液氨电解.md,44,0a1498d59a7843bd0ce5525c07283d7dfb9bf468e44673deaaa3369b41e6b891.jpg,题干图示,题目图示与结构参考,是,是,10,![[0a1498d59a7843bd0ce5525c07283d7dfb9bf468e44673deaaa3369b41e6b891.jpg]],,
真题/第27届初赛/无机和结构化学/题-027-2-3-Pb液氨电解.md,46,81a8d5b638511406e9e810a993f3a2d775264832df8b007f3a79e19fd694bf2a.jpg,题干图示,题目图示与结构参考,是,是,10,![[81a8d5b638511406e9e810a993f3a2d775264832df8b007f3a79e19fd694bf2a.jpg]],,
真题/第27届初赛/无机和结构化学/题-027-2-3-Pb液氨电解.md,48,fd4e14d9deb96227f15759c88d573c59ae3b5c407076d839b612698e459acab6.jpg,题干图示,题目图示与结构参考,是,是,10,![[fd4e14d9deb96227f15759c88d573c59ae3b5c407076d839b612698e459acab6.jpg]],,
真题/第27届初赛/无机和结构化学/题-027-2-3-Pb液氨电解.md,50,87c23673ef9590263d5a2e6cc8d6bdb9cc39afda631bae3cde804b5224f40d21.jpg,题干图示,题目图示与结构参考,是,是,10,![[87c23673ef9590263d5a2e6cc8d6bdb9cc39afda631bae3cde804b5224f40d21.jpg]],,
真题/第27届初赛/无机和结构化学/题-027-2-3-Pb液氨电解.md,52,724f92736ebd1304052ca58bcdf78fc6c9cd46b44ba86978ed8b297f1d07a5f2.jpg,题干图示,题目图示与结构参考,是,是,10,![[724f92736ebd1304052ca58bcdf78fc6c9cd46b44ba86978ed8b297f1d07a5f2.jpg]],,
真题/第27届初赛/无机和结构化学/题-027-2-4-1-金属氧化物配位数.md,39,d50206ff9c5b8a939b460825692de308e9ee7e76e66b17d5f837d8f73292ae83.jpg,题干图示,题目图示与结构参考,是,是,10,![[d50206ff9c5b8a939b460825692de308e9ee7e76e66b17d5f837d8f73292ae83.jpg]],,
真题/第27届初赛/无机和结构化学/题-027-2-4-1-金属氧化物配位数.md,41,94ba0ccf835497bcafefbedb1b7edfea4eb7bada4240519a544afab21ffbe04c.jpg,题干图示,题目图示与结构参考,是,是,10,![[94ba0ccf835497bcafefbedb1b7edfea4eb7bada4240519a544afab21ffbe04c.jpg]],,
真题/第27届初赛/无机和结构化学/题-027-2-4-1-金属氧化物配位数.md,43,0a1498d59a7843bd0ce5525c07283d7dfb9bf468e44673deaaa3369b41e6b891.jpg,题干图示,题目图示与结构参考,是,是,10,![[0a1498d59a7843bd0ce5525c07283d7dfb9bf468e44673deaaa3369b41e6b891.jpg]],,
真题/第27届初赛/无机和结构化学/题-027-2-4-1-金属氧化物配位数.md,45,81a8d5b638511406e9e810a993f3a2d775264832df8b007f3a79e19fd694bf2a.jpg,题干图示,题目图示与结构参考,是,是,10,![[81a8d5b638511406e9e810a993f3a2d775264832df8b007f3a79e19fd694bf2a.jpg]],,
真题/第27届初赛/无机和结构化学/题-027-2-4-1-金属氧化物配位数.md,47,fd4e14d9deb96227f15759c88d573c59ae3b5c407076d839b612698e459acab6.jpg,题干图示,题目图示与结构参考,是,是,10,![[fd4e14d9deb96227f15759c88d573c59ae3b5c407076d839b612698e459acab6.jpg]],,
真题/第27届初赛/无机和结构化学/题-027-2-4-1-金属氧化物配位数.md,49,87c23673ef9590263d5a2e6cc8d6bdb9cc39afda631bae3cde804b5224f40d21.jpg,题干图示,题目图示与结构参考,是,是,10,![[87c23673ef9590263d5a2e6cc8d6bdb9cc39afda631bae3cde804b5224f40d21.jpg]],,
真题/第27届初赛/无机和结构化学/题-027-2-4-1-金属氧化物配位数.md,51,724f92736ebd1304052ca58bcdf78fc6c9cd46b44ba86978ed8b297f1d07a5f2.jpg,题干图示,题目图示与结构参考,是,是,10,![[724f92736ebd1304052ca58bcdf78fc6c9cd46b44ba86978ed8b297f1d07a5f2.jpg]],,
真题/第27届初赛/无机和结构化学/题-027-2-4-2-晶胞原子数.md,40,d50206ff9c5b8a939b460825692de308e9ee7e76e66b17d5f837d8f73292ae83.jpg,题干图示,题目图示与结构参考,是,是,10,![[d50206ff9c5b8a939b460825692de308e9ee7e76e66b17d5f837d8f73292ae83.jpg]],,
真题/第27届初赛/无机和结构化学/题-027-2-4-2-晶胞原子数.md,42,94ba0ccf835497bcafefbedb1b7edfea4eb7bada4240519a544afab21ffbe04c.jpg,题干图示,题目图示与结构参考,是,是,10,![[94ba0ccf835497bcafefbedb1b7edfea4eb7bada4240519a544afab21ffbe04c.jpg]],,
真题/第27届初赛/无机和结构化学/题-027-2-4-2-晶胞原子数.md,44,0a1498d59a7843bd0ce5525c07283d7dfb9bf468e44673deaaa3369b41e6b891.jpg,题干图示,题目图示与结构参考,是,是,10,![[0a1498d59a7843bd0ce5525c07283d7dfb9bf468e44673deaaa3369b41e6b891.jpg]],,
真题/第27届初赛/无机和结构化学/题-027-2-4-2-晶胞原子数.md,46,81a8d5b638511406e9e810a993f3a2d775264832df8b007f3a79e19fd694bf2a.jpg,题干图示,题目图示与结构参考,是,是,10,![[81a8d5b638511406e9e810a993f3a2d775264832df8b007f3a79e19fd694bf2a.jpg]],,
真题/第27届初赛/无机和结构化学/题-027-2-4-2-晶胞原子数.md,48,fd4e14d9deb96227f15759c88d573c59ae3b5c407076d839b612698e459acab6.jpg,题干图示,题目图示与结构参考,是,是,10,![[fd4e14d9deb96227f15759c88d573c59ae3b5c407076d839b612698e459acab6.jpg]],,
真题/第27届初赛/无机和结构化学/题-027-2-4-2-晶胞原子数.md,50,87c23673ef9590263d5a2e6cc8d6bdb9cc39afda631bae3cde804b5224f40d21.jpg,题干图示,题目图示与结构参考,是,是,10,![[87c23673ef9590263d5a2e6cc8d6bdb9cc39afda631bae3cde804b5224f40d21.jpg]],,
真题/第27届初赛/无机和结构化学/题-027-2-4-2-晶胞原子数.md,52,724f92736ebd1304052ca58bcdf78fc6c9cd46b44ba86978ed8b297f1d07a5f2.jpg,题干图示,题目图示与结构参考,是,是,10,![[724f92736ebd1304052ca58bcdf78fc6c9cd46b44ba86978ed8b297f1d07a5f2.jpg]],,
真题/第27届初赛/无机和结构化学/题-027-2-4-3-金属氧化物化学式.md,39,d50206ff9c5b8a939b460825692de308e9ee7e76e66b17d5f837d8f73292ae83.jpg,题干图示,题目图示与结构参考,是,是,10,![[d50206ff9c5b8a939b460825692de308e9ee7e76e66b17d5f837d8f73292ae83.jpg]],,
真题/第27届初赛/无机和结构化学/题-027-2-4-3-金属氧化物化学式.md,41,94ba0ccf835497bcafefbedb1b7edfea4eb7bada4240519a544afab21ffbe04c.jpg,题干图示,题目图示与结构参考,是,是,10,![[94ba0ccf835497bcafefbedb1b7edfea4eb7bada4240519a544afab21ffbe04c.jpg]],,
真题/第27届初赛/无机和结构化学/题-027-2-4-3-金属氧化物化学式.md,43,0a1498d59a7843bd0ce5525c07283d7dfb9bf468e44673deaaa3369b41e6b891.jpg,题干图示,题目图示与结构参考,是,是,10,![[0a1498d59a7843bd0ce5525c07283d7dfb9bf468e44673deaaa3369b41e6b891.jpg]],,
真题/第27届初赛/无机和结构化学/题-027-2-4-3-金属氧化物化学式.md,45,81a8d5b638511406e9e810a993f3a2d775264832df8b007f3a79e19fd694bf2a.jpg,题干图示,题目图示与结构参考,是,是,10,![[81a8d5b638511406e9e810a993f3a2d775264832df8b007f3a79e19fd694bf2a.jpg]],,
真题/第27届初赛/无机和结构化学/题-027-2-4-3-金属氧化物化学式.md,47,fd4e14d9deb96227f15759c88d573c59ae3b5c407076d839b612698e459acab6.jpg,题干图示,题目图示与结构参考,是,是,10,![[fd4e14d9deb96227f15759c88d573c59ae3b5c407076d839b612698e459acab6.jpg]],,
真题/第27届初赛/无机和结构化学/题-027-2-4-3-金属氧化物化学式.md,49,87c23673ef9590263d5a2e6cc8d6bdb9cc39afda631bae3cde804b5224f40d21.jpg,题干图示,题目图示与结构参考,是,是,10,![[87c23673ef9590263d5a2e6cc8d6bdb9cc39afda631bae3cde804b5224f40d21.jpg]],,
真题/第27届初赛/无机和结构化学/题-027-2-4-3-金属氧化物化学式.md,51,724f92736ebd1304052ca58bcdf78fc6c9cd46b44ba86978ed8b297f1d07a5f2.jpg,题干图示,题目图示与结构参考,是,是,10,![[724f92736ebd1304052ca58bcdf78fc6c9cd46b44ba86978ed8b297f1d07a5f2.jpg]],,
真题/第27届初赛/无机和结构化学/题-027-2-5-多核钴配合物手性结构.md,41,d50206ff9c5b8a939b460825692de308e9ee7e76e66b17d5f837d8f73292ae83.jpg,题干图示,题目图示与结构参考,是,是,10,![[d50206ff9c5b8a939b460825692de308e9ee7e76e66b17d5f837d8f73292ae83.jpg]],,
真题/第27届初赛/无机和结构化学/题-027-2-5-多核钴配合物手性结构.md,43,94ba0ccf835497bcafefbedb1b7edfea4eb7bada4240519a544afab21ffbe04c.jpg,题干图示,题目图示与结构参考,是,是,10,![[94ba0ccf835497bcafefbedb1b7edfea4eb7bada4240519a544afab21ffbe04c.jpg]],,
真题/第27届初赛/无机和结构化学/题-027-2-5-多核钴配合物手性结构.md,45,0a1498d59a7843bd0ce5525c07283d7dfb9bf468e44673deaaa3369b41e6b891.jpg,题干图示,题目图示与结构参考,是,是,10,![[0a1498d59a7843bd0ce5525c07283d7dfb9bf468e44673deaaa3369b41e6b891.jpg]],,
真题/第27届初赛/无机和结构化学/题-027-2-5-多核钴配合物手性结构.md,47,81a8d5b638511406e9e810a993f3a2d775264832df8b007f3a79e19fd694bf2a.jpg,题干图示,题目图示与结构参考,是,是,10,![[81a8d5b638511406e9e810a993f3a2d775264832df8b007f3a79e19fd694bf2a.jpg]],,
真题/第27届初赛/无机和结构化学/题-027-2-5-多核钴配合物手性结构.md,49,fd4e14d9deb96227f15759c88d573c59ae3b5c407076d839b612698e459acab6.jpg,题干图示,题目图示与结构参考,是,是,10,![[fd4e14d9deb96227f15759c88d573c59ae3b5c407076d839b612698e459acab6.jpg]],,
真题/第27届初赛/无机和结构化学/题-027-2-5-多核钴配合物手性结构.md,51,87c23673ef9590263d5a2e6cc8d6bdb9cc39afda631bae3cde804b5224f40d21.jpg,题干图示,题目图示与结构参考,是,是,10,![[87c23673ef9590263d5a2e6cc8d6bdb9cc39afda631bae3cde804b5224f40d21.jpg]],,
真题/第27届初赛/无机和结构化学/题-027-2-5-多核钴配合物手性结构.md,53,724f92736ebd1304052ca58bcdf78fc6c9cd46b44ba86978ed8b297f1d07a5f2.jpg,题干图示,题目图示与结构参考,是,是,10,![[724f92736ebd1304052ca58bcdf78fc6c9cd46b44ba86978ed8b297f1d07a5f2.jpg]],,
真题/第27届初赛/无机和结构化学/题-027-2-6-铬酰氯推断与结构.md,40,d50206ff9c5b8a939b460825692de308e9ee7e76e66b17d5f837d8f73292ae83.jpg,题干图示,题目图示与结构参考,是,是,10,![[d50206ff9c5b8a939b460825692de308e9ee7e76e66b17d5f837d8f73292ae83.jpg]],,
真题/第27届初赛/无机和结构化学/题-027-2-6-铬酰氯推断与结构.md,42,94ba0ccf835497bcafefbedb1b7edfea4eb7bada4240519a544afab21ffbe04c.jpg,题干图示,题目图示与结构参考,是,是,10,![[94ba0ccf835497bcafefbedb1b7edfea4eb7bada4240519a544afab21ffbe04c.jpg]],,
真题/第27届初赛/无机和结构化学/题-027-2-6-铬酰氯推断与结构.md,44,0a1498d59a7843bd0ce5525c07283d7dfb9bf468e44673deaaa3369b41e6b891.jpg,题干图示,题目图示与结构参考,是,是,10,![[0a1498d59a7843bd0ce5525c07283d7dfb9bf468e44673deaaa3369b41e6b891.jpg]],,
真题/第27届初赛/无机和结构化学/题-027-2-6-铬酰氯推断与结构.md,46,81a8d5b638511406e9e810a993f3a2d775264832df8b007f3a79e19fd694bf2a.jpg,题干图示,题目图示与结构参考,是,是,10,![[81a8d5b638511406e9e810a993f3a2d775264832df8b007f3a79e19fd694bf2a.jpg]],,
真题/第27届初赛/无机和结构化学/题-027-2-6-铬酰氯推断与结构.md,48,fd4e14d9deb96227f15759c88d573c59ae3b5c407076d839b612698e459acab6.jpg,题干图示,题目图示与结构参考,是,是,10,![[fd4e14d9deb96227f15759c88d573c59ae3b5c407076d839b612698e459acab6.jpg]],,
真题/第27届初赛/无机和结构化学/题-027-2-6-铬酰氯推断与结构.md,50,87c23673ef9590263d5a2e6cc8d6bdb9cc39afda631bae3cde804b5224f40d21.jpg,题干图示,题目图示与结构参考,是,是,10,![[87c23673ef9590263d5a2e6cc8d6bdb9cc39afda631bae3cde804b5224f40d21.jpg]],,
真题/第27届初赛/无机和结构化学/题-027-2-6-铬酰氯推断与结构.md,52,724f92736ebd1304052ca58bcdf78fc6c9cd46b44ba86978ed8b297f1d07a5f2.jpg,题干图示,题目图示与结构参考,是,是,10,![[724f92736ebd1304052ca58bcdf78fc6c9cd46b44ba86978ed8b297f1d07a5f2.jpg]],,
真题/第27届初赛/无机和结构化学/题-027-2-7-钯配合物组成计算.md,41,d50206ff9c5b8a939b460825692de308e9ee7e76e66b17d5f837d8f73292ae83.jpg,题干图示,题目图示与结构参考,是,是,10,![[d50206ff9c5b8a939b460825692de308e9ee7e76e66b17d5f837d8f73292ae83.jpg]],,
真题/第27届初赛/无机和结构化学/题-027-2-7-钯配合物组成计算.md,43,94ba0ccf835497bcafefbedb1b7edfea4eb7bada4240519a544afab21ffbe04c.jpg,题干图示,题目图示与结构参考,是,是,10,![[94ba0ccf835497bcafefbedb1b7edfea4eb7bada4240519a544afab21ffbe04c.jpg]],,
真题/第27届初赛/无机和结构化学/题-027-2-7-钯配合物组成计算.md,45,0a1498d59a7843bd0ce5525c07283d7dfb9bf468e44673deaaa3369b41e6b891.jpg,题干图示,题目图示与结构参考,是,是,10,![[0a1498d59a7843bd0ce5525c07283d7dfb9bf468e44673deaaa3369b41e6b891.jpg]],,
真题/第27届初赛/无机和结构化学/题-027-2-7-钯配合物组成计算.md,47,81a8d5b638511406e9e810a993f3a2d775264832df8b007f3a79e19fd694bf2a.jpg,题干图示,题目图示与结构参考,是,是,10,![[81a8d5b638511406e9e810a993f3a2d775264832df8b007f3a79e19fd694bf2a.jpg]],,
真题/第27届初赛/无机和结构化学/题-027-2-7-钯配合物组成计算.md,49,fd4e14d9deb96227f15759c88d573c59ae3b5c407076d839b612698e459acab6.jpg,题干图示,题目图示与结构参考,是,是,10,![[fd4e14d9deb96227f15759c88d573c59ae3b5c407076d839b612698e459acab6.jpg]],,
真题/第27届初赛/无机和结构化学/题-027-2-7-钯配合物组成计算.md,51,87c23673ef9590263d5a2e6cc8d6bdb9cc39afda631bae3cde804b5224f40d21.jpg,题干图示,题目图示与结构参考,是,是,10,![[87c23673ef9590263d5a2e6cc8d6bdb9cc39afda631bae3cde804b5224f40d21.jpg]],,
真题/第27届初赛/无机和结构化学/题-027-2-7-钯配合物组成计算.md,53,724f92736ebd1304052ca58bcdf78fc6c9cd46b44ba86978ed8b297f1d07a5f2.jpg,题干图示,题目图示与结构参考,是,是,10,![[724f92736ebd1304052ca58bcdf78fc6c9cd46b44ba86978ed8b297f1d07a5f2.jpg]],,
真题/第27届初赛/无机和结构化学/题-027-3-1-硫脲结构式.md,42,093be01dd3f863f25a39031790de6302d26b8b0c0bfd12702d182a9d7bf2cc66.jpg,题干图示,题目图示与结构参考,是,是,6,![[093be01dd3f863f25a39031790de6302d26b8b0c0bfd12702d182a9d7bf2cc66.jpg]],,
真题/第27届初赛/无机和结构化学/题-027-3-1-硫脲结构式.md,44,6746d9a92c83be9a668adaa89cf83b23aa663cc8a6c49bfb1b5ccbac979ef664.jpg,题干图示,题目图示与结构参考,是,是,6,![[6746d9a92c83be9a668adaa89cf83b23aa663cc8a6c49bfb1b5ccbac979ef664.jpg]],,
真题/第27届初赛/无机和结构化学/题-027-3-1-硫脲结构式.md,46,4e79e8ddda410b30d3b24fb6138e5654647e562b0622462f1572575b789da353.jpg,题干图示,题目图示与结构参考,是,是,6,![[4e79e8ddda410b30d3b24fb6138e5654647e562b0622462f1572575b789da353.jpg]],,
真题/第27届初赛/无机和结构化学/题-027-3-2-硫脲合成方程式.md,46,093be01dd3f863f25a39031790de6302d26b8b0c0bfd12702d182a9d7bf2cc66.jpg,题干图示,题目图示与结构参考,是,是,6,![[093be01dd3f863f25a39031790de6302d26b8b0c0bfd12702d182a9d7bf2cc66.jpg]],,
真题/第27届初赛/无机和结构化学/题-027-3-2-硫脲合成方程式.md,48,6746d9a92c83be9a668adaa89cf83b23aa663cc8a6c49bfb1b5ccbac979ef664.jpg,题干图示,题目图示与结构参考,是,是,6,![[6746d9a92c83be9a668adaa89cf83b23aa663cc8a6c49bfb1b5ccbac979ef664.jpg]],,
真题/第27届初赛/无机和结构化学/题-027-3-2-硫脲合成方程式.md,50,4e79e8ddda410b30d3b24fb6138e5654647e562b0622462f1572575b789da353.jpg,题干图示,题目图示与结构参考,是,是,6,![[4e79e8ddda410b30d3b24fb6138e5654647e562b0622462f1572575b789da353.jpg]],,
真题/第27届初赛/无机和结构化学/题-027-3-3-异构体B结构式.md,46,093be01dd3f863f25a39031790de6302d26b8b0c0bfd12702d182a9d7bf2cc66.jpg,题干图示,题目图示与结构参考,是,是,6,![[093be01dd3f863f25a39031790de6302d26b8b0c0bfd12702d182a9d7bf2cc66.jpg]],,
真题/第27届初赛/无机和结构化学/题-027-3-3-异构体B结构式.md,48,6746d9a92c83be9a668adaa89cf83b23aa663cc8a6c49bfb1b5ccbac979ef664.jpg,题干图示,题目图示与结构参考,是,是,6,![[6746d9a92c83be9a668adaa89cf83b23aa663cc8a6c49bfb1b5ccbac979ef664.jpg]],,
真题/第27届初赛/无机和结构化学/题-027-3-3-异构体B结构式.md,50,4e79e8ddda410b30d3b24fb6138e5654647e562b0622462f1572575b789da353.jpg,题干图示,题目图示与结构参考,是,是,6,![[4e79e8ddda410b30d3b24fb6138e5654647e562b0622462f1572575b789da353.jpg]],,
真题/第27届初赛/无机和结构化学/题-027-3-4-硫脲溶解金离子方程式.md,40,093be01dd3f863f25a39031790de6302d26b8b0c0bfd12702d182a9d7bf2cc66.jpg,题干图示,题目图示与结构参考,是,是,6,![[093be01dd3f863f25a39031790de6302d26b8b0c0bfd12702d182a9d7bf2cc66.jpg]],,
真题/第27届初赛/无机和结构化学/题-027-3-4-硫脲溶解金离子方程式.md,42,6746d9a92c83be9a668adaa89cf83b23aa663cc8a6c49bfb1b5ccbac979ef664.jpg,题干图示,题目图示与结构参考,是,是,6,![[6746d9a92c83be9a668adaa89cf83b23aa663cc8a6c49bfb1b5ccbac979ef664.jpg]],,
真题/第27届初赛/无机和结构化学/题-027-3-4-硫脲溶解金离子方程式.md,44,4e79e8ddda410b30d3b24fb6138e5654647e562b0622462f1572575b789da353.jpg,题干图示,题目图示与结构参考,是,是,6,![[4e79e8ddda410b30d3b24fb6138e5654647e562b0622462f1572575b789da353.jpg]],,
真题/第27届初赛/无机和结构化学/题-027-3-5-配位原子判断.md,38,093be01dd3f863f25a39031790de6302d26b8b0c0bfd12702d182a9d7bf2cc66.jpg,题干图示,题目图示与结构参考,是,是,6,![[093be01dd3f863f25a39031790de6302d26b8b0c0bfd12702d182a9d7bf2cc66.jpg]],,
真题/第27届初赛/无机和结构化学/题-027-3-5-配位原子判断.md,40,6746d9a92c83be9a668adaa89cf83b23aa663cc8a6c49bfb1b5ccbac979ef664.jpg,题干图示,题目图示与结构参考,是,是,6,![[6746d9a92c83be9a668adaa89cf83b23aa663cc8a6c49bfb1b5ccbac979ef664.jpg]],,
真题/第27届初赛/无机和结构化学/题-027-3-5-配位原子判断.md,42,4e79e8ddda410b30d3b24fb6138e5654647e562b0622462f1572575b789da353.jpg,题干图示,题目图示与结构参考,是,是,6,![[4e79e8ddda410b30d3b24fb6138e5654647e562b0622462f1572575b789da353.jpg]],,
真题/第27届初赛/无机和结构化学/题-027-3-6-氧化偶联产物C.md,46,093be01dd3f863f25a39031790de6302d26b8b0c0bfd12702d182a9d7bf2cc66.jpg,题干图示,题目图示与结构参考,是,是,6,![[093be01dd3f863f25a39031790de6302d26b8b0c0bfd12702d182a9d7bf2cc66.jpg]],,
真题/第27届初赛/无机和结构化学/题-027-3-6-氧化偶联产物C.md,48,6746d9a92c83be9a668adaa89cf83b23aa663cc8a6c49bfb1b5ccbac979ef664.jpg,题干图示,题目图示与结构参考,是,是,6,![[6746d9a92c83be9a668adaa89cf83b23aa663cc8a6c49bfb1b5ccbac979ef664.jpg]],,
真题/第27届初赛/无机和结构化学/题-027-3-6-氧化偶联产物C.md,50,4e79e8ddda410b30d3b24fb6138e5654647e562b0622462f1572575b789da353.jpg,题干图示,题目图示与结构参考,是,是,6,![[4e79e8ddda410b30d3b24fb6138e5654647e562b0622462f1572575b789da353.jpg]],,
真题/第27届初赛/无机和结构化学/题-027-5-2-元素推断AMXY.md,45,5a3fcb756b7fef96a16dc7c20ec64b0b5d9eb5c483faa20680c855b3e7e50b68.jpg,题干图示,题目图示与结构参考,是,是,4,![[5a3fcb756b7fef96a16dc7c20ec64b0b5d9eb5c483faa20680c855b3e7e50b68.jpg]],,
真题/第27届初赛/无机和结构化学/题-027-5-3-反钙钛矿水解方程式.md,38,5a3fcb756b7fef96a16dc7c20ec64b0b5d9eb5c483faa20680c855b3e7e50b68.jpg,题干图示,题目图示与结构参考,是,是,4,![[5a3fcb756b7fef96a16dc7c20ec64b0b5d9eb5c483faa20680c855b3e7e50b68.jpg]],,
真题/第27届初赛/无机和结构化学/题-027-5-4-反钙钛矿晶体坐标.md,45,5a3fcb756b7fef96a16dc7c20ec64b0b5d9eb5c483faa20680c855b3e7e50b68.jpg,题干图示,题目图示与结构参考,是,是,4,![[5a3fcb756b7fef96a16dc7c20ec64b0b5d9eb5c483faa20680c855b3e7e50b68.jpg]],,
真题/第27届初赛/无机和结构化学/题-027-6-离子鉴别方案设计.md,44,a5e609f3e296c3f89de38e48df37e7cdbf73961a4da69fd83e08c3cbf9886368.jpg,题干图示,题目图示与结构参考,是,否,1,![[a5e609f3e296c3f89de38e48df37e7cdbf73961a4da69fd83e08c3cbf9886368.jpg]],,
真题/第27届初赛/有机化学/题-027-7-有机推断ABCDF.md,48,fb8c21ca348a48cdcb65ff251a7cc42f2ab1968869896745e39152d9fee21e66.jpg,题干图示,题目图示与结构参考,是,否,1,![[fb8c21ca348a48cdcb65ff251a7cc42f2ab1968869896745e39152d9fee21e66.jpg]],,
真题/第27届初赛/有机化学/题-027-7-有机推断ABCDF.md,50,695d01df1a5a2eeab6b0c3aa3e1df884a49bc9036a3305c4506c56c50ee31339.jpg,题干图示,题目图示与结构参考,是,否,1,![[695d01df1a5a2eeab6b0c3aa3e1df884a49bc9036a3305c4506c56c50ee31339.jpg]],,
真题/第27届初赛/有机化学/题-027-7-有机推断ABCDF.md,52,b11c81328a0878618ad29fba9227fa09bb99d44a004875bb15f837a80b7391af.jpg,题干图示,题目图示与结构参考,是,否,1,![[b11c81328a0878618ad29fba9227fa09bb99d44a004875bb15f837a80b7391af.jpg]],,
真题/第27届初赛/有机化学/题-027-7-有机推断ABCDF.md,54,7504eb3d95f936dc556a82f80fdbce4bd938a7050fe08218af8e95c0836bd908.jpg,题干图示,题目图示与结构参考,是,否,1,![[7504eb3d95f936dc556a82f80fdbce4bd938a7050fe08218af8e95c0836bd908.jpg]],,
真题/第27届初赛/有机化学/题-027-8-1-HBr加成中间体与产物.md,42,06c3f726f479af97ff05cc83b3b6e8d922309c45a7d461fb9e46e5fef1863034.jpg,题干图示,题目图示与结构参考,是,是,4,![[06c3f726f479af97ff05cc83b3b6e8d922309c45a7d461fb9e46e5fef1863034.jpg]],,
真题/第27届初赛/有机化学/题-027-8-1-HBr加成中间体与产物.md,44,0e99bcd740e68bbd0ad570c16a4b21a4f1a1c9453e4cca76f712b88ee95eed09.jpg,题干图示,题目图示与结构参考,是,是,4,![[0e99bcd740e68bbd0ad570c16a4b21a4f1a1c9453e4cca76f712b88ee95eed09.jpg]],,
真题/第27届初赛/有机化学/题-027-8-1-HBr加成中间体与产物.md,46,a01d137f3f2f2137f158d150bbe23768da93e11094c5513b9bfbbc23280cfd97.jpg,题干图示,题目图示与结构参考,是,是,4,![[a01d137f3f2f2137f158d150bbe23768da93e11094c5513b9bfbbc23280cfd97.jpg]],,
真题/第27届初赛/有机化学/题-027-8-1-HBr加成中间体与产物.md,48,5261d7b6e21260192cfddab0c2525aa325cb6d54a652b7541543b68b2872e1cb.jpg,题干图示,题目图示与结构参考,是,是,4,![[5261d7b6e21260192cfddab0c2525aa325cb6d54a652b7541543b68b2872e1cb.jpg]],,
真题/第27届初赛/有机化学/题-027-8-1-HBr加成中间体与产物.md,50,c39f6c77165d41769a4a570a2fbc8292fef3128a11c39d00e078131466abe2b2.jpg,题干图示,题目图示与结构参考,是,是,4,![[c39f6c77165d41769a4a570a2fbc8292fef3128a11c39d00e078131466abe2b2.jpg]],,
真题/第27届初赛/有机化学/题-027-8-1-HBr加成中间体与产物.md,52,21eb376bfcff65c0ea27b00e58a700ded57726159f4b65900be3faeaaf853098.jpg,题干图示,题目图示与结构参考,是,是,4,![[21eb376bfcff65c0ea27b00e58a700ded57726159f4b65900be3faeaaf853098.jpg]],,
真题/第27届初赛/有机化学/题-027-8-1-HBr加成中间体与产物.md,54,d2611e50a885d27a31fa6b09ffca5f3aa8f1fe81af3e39ebd60ee334e4f81647.jpg,题干图示,题目图示与结构参考,是,是,4,![[d2611e50a885d27a31fa6b09ffca5f3aa8f1fe81af3e39ebd60ee334e4f81647.jpg]],,
"真题/第27届初赛/有机化学/题-027-8-2-烷基铜锂1,4-加成.md",40,06c3f726f479af97ff05cc83b3b6e8d922309c45a7d461fb9e46e5fef1863034.jpg,题干图示,题目图示与结构参考,是,是,4,![[06c3f726f479af97ff05cc83b3b6e8d922309c45a7d461fb9e46e5fef1863034.jpg]],,
"真题/第27届初赛/有机化学/题-027-8-2-烷基铜锂1,4-加成.md",42,0e99bcd740e68bbd0ad570c16a4b21a4f1a1c9453e4cca76f712b88ee95eed09.jpg,题干图示,题目图示与结构参考,是,是,4,![[0e99bcd740e68bbd0ad570c16a4b21a4f1a1c9453e4cca76f712b88ee95eed09.jpg]],,
"真题/第27届初赛/有机化学/题-027-8-2-烷基铜锂1,4-加成.md",44,a01d137f3f2f2137f158d150bbe23768da93e11094c5513b9bfbbc23280cfd97.jpg,题干图示,题目图示与结构参考,是,是,4,![[a01d137f3f2f2137f158d150bbe23768da93e11094c5513b9bfbbc23280cfd97.jpg]],,
"真题/第27届初赛/有机化学/题-027-8-2-烷基铜锂1,4-加成.md",46,5261d7b6e21260192cfddab0c2525aa325cb6d54a652b7541543b68b2872e1cb.jpg,题干图示,题目图示与结构参考,是,是,4,![[5261d7b6e21260192cfddab0c2525aa325cb6d54a652b7541543b68b2872e1cb.jpg]],,
"真题/第27届初赛/有机化学/题-027-8-2-烷基铜锂1,4-加成.md",48,c39f6c77165d41769a4a570a2fbc8292fef3128a11c39d00e078131466abe2b2.jpg,题干图示,题目图示与结构参考,是,是,4,![[c39f6c77165d41769a4a570a2fbc8292fef3128a11c39d00e078131466abe2b2.jpg]],,
"真题/第27届初赛/有机化学/题-027-8-2-烷基铜锂1,4-加成.md",50,21eb376bfcff65c0ea27b00e58a700ded57726159f4b65900be3faeaaf853098.jpg,题干图示,题目图示与结构参考,是,是,4,![[21eb376bfcff65c0ea27b00e58a700ded57726159f4b65900be3faeaaf853098.jpg]],,
"真题/第27届初赛/有机化学/题-027-8-2-烷基铜锂1,4-加成.md",52,d2611e50a885d27a31fa6b09ffca5f3aa8f1fe81af3e39ebd60ee334e4f81647.jpg,题干图示,题目图示与结构参考,是,是,4,![[d2611e50a885d27a31fa6b09ffca5f3aa8f1fe81af3e39ebd60ee334e4f81647.jpg]],,
真题/第27届初赛/有机化学/题-027-8-3-CH3SeCl与烯烃反应.md,46,06c3f726f479af97ff05cc83b3b6e8d922309c45a7d461fb9e46e5fef1863034.jpg,题干图示,题目图示与结构参考,是,是,4,![[06c3f726f479af97ff05cc83b3b6e8d922309c45a7d461fb9e46e5fef1863034.jpg]],,
真题/第27届初赛/有机化学/题-027-8-3-CH3SeCl与烯烃反应.md,48,0e99bcd740e68bbd0ad570c16a4b21a4f1a1c9453e4cca76f712b88ee95eed09.jpg,题干图示,题目图示与结构参考,是,是,4,![[0e99bcd740e68bbd0ad570c16a4b21a4f1a1c9453e4cca76f712b88ee95eed09.jpg]],,
真题/第27届初赛/有机化学/题-027-8-3-CH3SeCl与烯烃反应.md,50,a01d137f3f2f2137f158d150bbe23768da93e11094c5513b9bfbbc23280cfd97.jpg,题干图示,题目图示与结构参考,是,是,4,![[a01d137f3f2f2137f158d150bbe23768da93e11094c5513b9bfbbc23280cfd97.jpg]],,
真题/第27届初赛/有机化学/题-027-8-3-CH3SeCl与烯烃反应.md,52,5261d7b6e21260192cfddab0c2525aa325cb6d54a652b7541543b68b2872e1cb.jpg,题干图示,题目图示与结构参考,是,是,4,![[5261d7b6e21260192cfddab0c2525aa325cb6d54a652b7541543b68b2872e1cb.jpg]],,
真题/第27届初赛/有机化学/题-027-8-3-CH3SeCl与烯烃反应.md,54,c39f6c77165d41769a4a570a2fbc8292fef3128a11c39d00e078131466abe2b2.jpg,题干图示,题目图示与结构参考,是,是,4,![[c39f6c77165d41769a4a570a2fbc8292fef3128a11c39d00e078131466abe2b2.jpg]],,
真题/第27届初赛/有机化学/题-027-8-3-CH3SeCl与烯烃反应.md,56,21eb376bfcff65c0ea27b00e58a700ded57726159f4b65900be3faeaaf853098.jpg,题干图示,题目图示与结构参考,是,是,4,![[21eb376bfcff65c0ea27b00e58a700ded57726159f4b65900be3faeaaf853098.jpg]],,
真题/第27届初赛/有机化学/题-027-8-3-CH3SeCl与烯烃反应.md,58,d2611e50a885d27a31fa6b09ffca5f3aa8f1fe81af3e39ebd60ee334e4f81647.jpg,题干图示,题目图示与结构参考,是,是,4,![[d2611e50a885d27a31fa6b09ffca5f3aa8f1fe81af3e39ebd60ee334e4f81647.jpg]],,
真题/第27届初赛/有机化学/题-027-8-4-炔与溴水加成.md,48,06c3f726f479af97ff05cc83b3b6e8d922309c45a7d461fb9e46e5fef1863034.jpg,题干图示,题目图示与结构参考,是,是,4,![[06c3f726f479af97ff05cc83b3b6e8d922309c45a7d461fb9e46e5fef1863034.jpg]],,
真题/第27届初赛/有机化学/题-027-8-4-炔与溴水加成.md,50,0e99bcd740e68bbd0ad570c16a4b21a4f1a1c9453e4cca76f712b88ee95eed09.jpg,题干图示,题目图示与结构参考,是,是,4,![[0e99bcd740e68bbd0ad570c16a4b21a4f1a1c9453e4cca76f712b88ee95eed09.jpg]],,
真题/第27届初赛/有机化学/题-027-8-4-炔与溴水加成.md,52,a01d137f3f2f2137f158d150bbe23768da93e11094c5513b9bfbbc23280cfd97.jpg,题干图示,题目图示与结构参考,是,是,4,![[a01d137f3f2f2137f158d150bbe23768da93e11094c5513b9bfbbc23280cfd97.jpg]],,
真题/第27届初赛/有机化学/题-027-8-4-炔与溴水加成.md,54,5261d7b6e21260192cfddab0c2525aa325cb6d54a652b7541543b68b2872e1cb.jpg,题干图示,题目图示与结构参考,是,是,4,![[5261d7b6e21260192cfddab0c2525aa325cb6d54a652b7541543b68b2872e1cb.jpg]],,
真题/第27届初赛/有机化学/题-027-8-4-炔与溴水加成.md,56,c39f6c77165d41769a4a570a2fbc8292fef3128a11c39d00e078131466abe2b2.jpg,题干图示,题目图示与结构参考,是,是,4,![[c39f6c77165d41769a4a570a2fbc8292fef3128a11c39d00e078131466abe2b2.jpg]],,
真题/第27届初赛/有机化学/题-027-8-4-炔与溴水加成.md,58,21eb376bfcff65c0ea27b00e58a700ded57726159f4b65900be3faeaaf853098.jpg,题干图示,题目图示与结构参考,是,是,4,![[21eb376bfcff65c0ea27b00e58a700ded57726159f4b65900be3faeaaf853098.jpg]],,
真题/第27届初赛/有机化学/题-027-8-4-炔与溴水加成.md,60,d2611e50a885d27a31fa6b09ffca5f3aa8f1fe81af3e39ebd60ee334e4f81647.jpg,题干图示,题目图示与结构参考,是,是,4,![[d2611e50a885d27a31fa6b09ffca5f3aa8f1fe81af3e39ebd60ee334e4f81647.jpg]],,
真题/第27届初赛/有机化学/题-027-9-1-同位素标记反应历程.md,45,b30bbab619319a56de48b3a26a47e405d3dbd4461a2c94ebc10adc6f40578006.jpg,题干图示,题目图示与结构参考,是,是,2,![[b30bbab619319a56de48b3a26a47e405d3dbd4461a2c94ebc10adc6f40578006.jpg]],,
真题/第27届初赛/有机化学/题-027-9-1-同位素标记反应历程.md,47,919ea05a21304d20819c1174a39776ff4fc808e3e56a10bd91e544237d7ea93c.jpg,题干图示,题目图示与结构参考,是,是,2,![[919ea05a21304d20819c1174a39776ff4fc808e3e56a10bd91e544237d7ea93c.jpg]],,
真题/第27届初赛/有机化学/题-027-9-1-同位素标记反应历程.md,49,f4aa07e15f113fb1e5e496e6b4fa08aaf10094577907370bc3ce2da8aea09ba8.jpg,题干图示,题目图示与结构参考,是,是,2,![[f4aa07e15f113fb1e5e496e6b4fa08aaf10094577907370bc3ce2da8aea09ba8.jpg]],,
真题/第27届初赛/有机化学/题-027-9-1-同位素标记反应历程.md,51,48f0bab9492bc61859ab5556937435644be993bd6c710de772d445811ab80549.jpg,题干图示,题目图示与结构参考,是,是,2,![[48f0bab9492bc61859ab5556937435644be993bd6c710de772d445811ab80549.jpg]],,
真题/第27届初赛/有机化学/题-027-9-1-同位素标记反应历程.md,53,d34eff455082bc89aa47e599422bc11b076fdfb9e7ae50ecb40739c42fe436fa.jpg,题干图示,题目图示与结构参考,是,是,2,![[d34eff455082bc89aa47e599422bc11b076fdfb9e7ae50ecb40739c42fe436fa.jpg]],,
真题/第27届初赛/有机化学/题-027-9-2-芳香亲核取代.md,49,b30bbab619319a56de48b3a26a47e405d3dbd4461a2c94ebc10adc6f40578006.jpg,题干图示,题目图示与结构参考,是,是,2,![[b30bbab619319a56de48b3a26a47e405d3dbd4461a2c94ebc10adc6f40578006.jpg]],,
真题/第27届初赛/有机化学/题-027-9-2-芳香亲核取代.md,51,919ea05a21304d20819c1174a39776ff4fc808e3e56a10bd91e544237d7ea93c.jpg,题干图示,题目图示与结构参考,是,是,2,![[919ea05a21304d20819c1174a39776ff4fc808e3e56a10bd91e544237d7ea93c.jpg]],,
真题/第27届初赛/有机化学/题-027-9-2-芳香亲核取代.md,53,f4aa07e15f113fb1e5e496e6b4fa08aaf10094577907370bc3ce2da8aea09ba8.jpg,题干图示,题目图示与结构参考,是,是,2,![[f4aa07e15f113fb1e5e496e6b4fa08aaf10094577907370bc3ce2da8aea09ba8.jpg]],,
真题/第27届初赛/有机化学/题-027-9-2-芳香亲核取代.md,55,48f0bab9492bc61859ab5556937435644be993bd6c710de772d445811ab80549.jpg,题干图示,题目图示与结构参考,是,是,2,![[48f0bab9492bc61859ab5556937435644be993bd6c710de772d445811ab80549.jpg]],,
真题/第27届初赛/有机化学/题-027-9-2-芳香亲核取代.md,57,d34eff455082bc89aa47e599422bc11b076fdfb9e7ae50ecb40739c42fe436fa.jpg,题干图示,题目图示与结构参考,是,是,2,![[d34eff455082bc89aa47e599422bc11b076fdfb9e7ae50ecb40739c42fe436fa.jpg]],,
真题/第38届初赛/题-038-10-2-2-外消旋化解释.md,66,22c43540909f7d9e031b9035a94713d9170dd62e20296022a218caed36380bc1.jpg,解题思路,解题思路,是,否,1,![[mineru/02-真题解析/38届初赛试题解析_images/22c43540909f7d9e031b9035a94713d9170dd62e20296022a218caed36380bc1.jpg]],,
真题/第38届初赛/题-038-8-2-化合物鉴别试剂.md,71,f0e2390eea153d36caa3b5a7599206a7d93c15a6a889027a730a7dd33f417cc6.jpg,解题思路,解题思路,是,否,1,![[mineru/02-真题解析/38届初赛试题解析_images/f0e2390eea153d36caa3b5a7599206a7d93c15a6a889027a730a7dd33f417cc6.jpg]],,
真题/第38届初赛/题-038-8-2-化合物鉴别试剂.md,73,572128b01b7f75fccc029d5d1dbded594ea1d09a5acda48f2dfcacd87a0339a3.jpg,解题思路,解题思路,是,否,1,![[mineru/02-真题解析/38届初赛试题解析_images/572128b01b7f75fccc029d5d1dbded594ea1d09a5acda48f2dfcacd87a0339a3.jpg]],,
真题/第38届初赛/题-038-8-2-化合物鉴别试剂.md,76,66cc0f4022d2aa63a73ee3d0526d76d5f5474cec49fc1c6c5ed20e28075f4875.jpg,解题思路,解题思路,是,否,1,![[mineru/02-真题解析/38届初赛试题解析_images/66cc0f4022d2aa63a73ee3d0526d76d5f5474cec49fc1c6c5ed20e28075f4875.jpg]],,
真题/第38届初赛/题-038-8-4-溴噻吩副产物.md,62,be975d5f7b9a1e4ae4bf1e7f9478d8944ce885823d465a2025ea236048f000bf.jpg,解题思路,解题思路,是,否,1,![[mineru/02-真题解析/38届初赛试题解析_images/be975d5f7b9a1e4ae4bf1e7f9478d8944ce885823d465a2025ea236048f000bf.jpg]],,
真题/第39届初赛/化学原理/题-039-6-1-高压储氢与液相储氢.md,58,141b82695cfd497ee613b1e94ec8a879fa8e9bedfd36e6d38ff392026654acfb.jpg,解题思路,## 解题思路1. $\rho \to V_{\mathrm{m}} \to$ …,是,否,1,## 解题思路1. $\rho \to V_{\mathrm{m}} \to$ 代入 vdW 方程求 $p$2. 密度翻倍 → $V_{\mathrm{m}}$ 减半 → 非线性 → $p$ 增幅 > 2 倍![[06-外部资料导入/真题/…,,
真题/第39届初赛/化学原理/题-039-6-3-有机液态储氢与MOF吸附.md,68,04cd54c14fae6750a1080d785a66b01bc93ab372aa3b6385b59d0f7a97216d6d.jpg,相关图片,相关图片,是,否,1,## 12H-NEC 立体异构体（6.3.3 剩余 8 种）![[06-外部资料导入/真题/images/04cd54c14fae6750a1080d785a66b01bc93ab372aa3b6385b59d0f7a97216d6d.jp…,,
真题/第39届初赛/化学原理/题-039-6-3-有机液态储氢与MOF吸附.md,68,dc8b1517ac19e27b0fd08534f166ae8dbabe94f0c20c0574ec7934663fbb64bd.jpg,相关图片,相关图片,是,否,1,## 12H-NEC 立体异构体（6.3.3 剩余 8 种）![[06-外部资料导入/真题/images/04cd54c14fae6750a1080d785a66b01bc93ab372aa3b6385b59d0f7a97216d6d.jp…,,
真题/第39届初赛/化学原理/题-039-6-3-有机液态储氢与MOF吸附.md,68,c05102cf42c201b034a3c67e81ee709d7d5e02a4f827aa66df076eccee93ea11.jpg,相关图片,相关图片,是,否,1,## 12H-NEC 立体异构体（6.3.3 剩余 8 种）![[06-外部资料导入/真题/images/04cd54c14fae6750a1080d785a66b01bc93ab372aa3b6385b59d0f7a97216d6d.jp…,,
真题/第39届初赛/化学原理/题-039-6-3-有机液态储氢与MOF吸附.md,68,97813fb677aee61efabd27b23e2a70594b07cf9c5895ece0ef67a0cd4fc3f934.jpg,相关图片,相关图片,是,否,1,## 12H-NEC 立体异构体（6.3.3 剩余 8 种）![[06-外部资料导入/真题/images/04cd54c14fae6750a1080d785a66b01bc93ab372aa3b6385b59d0f7a97216d6d.jp…,,
真题/第39届初赛/化学原理/题-039-6-3-有机液态储氢与MOF吸附.md,68,27f0d583e368b70d158d5796c7fc096692f2640435b3836c8f90fbfd80a1e985.jpg,相关图片,相关图片,是,否,1,## 12H-NEC 立体异构体（6.3.3 剩余 8 种）![[06-外部资料导入/真题/images/04cd54c14fae6750a1080d785a66b01bc93ab372aa3b6385b59d0f7a97216d6d.jp…,,
真题/第39届初赛/化学原理/题-039-6-3-有机液态储氢与MOF吸附.md,68,097aaf88f075ecbf9ee9abd85b0ff397b292e00c69e7f2f3ef159fc91cdbd315.jpg,相关图片,相关图片,是,否,1,## 12H-NEC 立体异构体（6.3.3 剩余 8 种）![[06-外部资料导入/真题/images/04cd54c14fae6750a1080d785a66b01bc93ab372aa3b6385b59d0f7a97216d6d.jp…,,
真题/第39届初赛/化学原理/题-039-6-3-有机液态储氢与MOF吸附.md,68,dd7d11b538c43f04d228e9751c2e8c6583444485538b7dfc0de6ba489744a161.jpg,相关图片,相关图片,是,否,1,## 12H-NEC 立体异构体（6.3.3 剩余 8 种）![[06-外部资料导入/真题/images/04cd54c14fae6750a1080d785a66b01bc93ab372aa3b6385b59d0f7a97216d6d.jp…,,
真题/第39届初赛/化学原理/题-039-6-3-有机液态储氢与MOF吸附.md,68,2cb890eefb2da9d1972bd9190f923025534e8e242c47b2defd188dceaa9d834f.jpg,相关图片,相关图片,是,否,1,## 12H-NEC 立体异构体（6.3.3 剩余 8 种）![[06-外部资料导入/真题/images/04cd54c14fae6750a1080d785a66b01bc93ab372aa3b6385b59d0f7a97216d6d.jp…,,
真题/第39届初赛/化学原理/题-039-6-3-有机液态储氢与MOF吸附.md,70,42de327147a27ed2ebacc8406c7ccf6f9008e90f78b2c7128e2eddbf7e7bfd00.jpg,其他/扩展,## MOF 知识扩展,是,否,1,## MOF 知识扩展![[06-外部资料导入/真题/images/42de327147a27ed2ebacc8406c7ccf6f9008e90f78b2c7128e2eddbf7e7bfd00.jpg]]![[06-外部资料导入/真题/…,,
真题/第39届初赛/化学原理/题-039-6-3-有机液态储氢与MOF吸附.md,70,1dd5277ca9bef878e415e8514685fad8fe2955f66a62edfe1ff53c3b1b0f9be5.jpg,其他/扩展,## MOF 知识扩展,是,否,1,## MOF 知识扩展![[06-外部资料导入/真题/images/42de327147a27ed2ebacc8406c7ccf6f9008e90f78b2c7128e2eddbf7e7bfd00.jpg]]![[06-外部资料导入/真题/…,,
真题/第39届初赛/化学原理/题-039-6-3-有机液态储氢与MOF吸附.md,70,6a5600fb60fba913d504a77778ae2a78c07c606d071671e55642986bea32f1eb.jpg,其他/扩展,## MOF 知识扩展,是,否,1,## MOF 知识扩展![[06-外部资料导入/真题/images/42de327147a27ed2ebacc8406c7ccf6f9008e90f78b2c7128e2eddbf7e7bfd00.jpg]]![[06-外部资料导入/真题/…,,
真题/第39届初赛/化学原理/题-039-6-3-有机液态储氢与MOF吸附.md,70,6a330cb1a3ab9030ae14b4a39875f253468020f12253e690f8623ed17fa0e5bf.jpg,其他/扩展,## MOF 知识扩展,是,否,1,## MOF 知识扩展![[06-外部资料导入/真题/images/42de327147a27ed2ebacc8406c7ccf6f9008e90f78b2c7128e2eddbf7e7bfd00.jpg]]![[06-外部资料导入/真题/…,,
真题/第39届初赛/化学原理/题-039-6-3-有机液态储氢与MOF吸附.md,70,560b29d61d4d7f8bebf8b17362441ce5bc239d0e366b0ad2103ce0b6e65e4207.jpg,其他/扩展,## MOF 知识扩展,是,否,1,## MOF 知识扩展![[06-外部资料导入/真题/images/42de327147a27ed2ebacc8406c7ccf6f9008e90f78b2c7128e2eddbf7e7bfd00.jpg]]![[06-外部资料导入/真题/…,,
真题/第39届初赛/无机和结构化学/题-039-4-2-多碘阴离子的结构与键合.md,50,4c83b988f105dfd213face037089a422985a3d77484c92d35d71c70d3aca2eca.jpg,解题思路,解题思路1. 中心碘原子数电子对（VSEPR 第一步）,是,否,1,## 4.2.2 S_N2 类比与分子轨道分析2. 键长变化 → 思考反键轨道占据 → $\mathrm{S_N2}$ 过渡态类比（Nuc + R–LG → [Nuc···R···LG]⁻）![[06-外部资料导入/真题/images/4c…,,
真题/第39届初赛/无机和结构化学/题-039-4-2-多碘阴离子的结构与键合.md,50,cc8debf2837c5a3153abcbd98867a59d8aebad1e6d564985d39204ebc32ab722.jpg,解题思路,解题思路1. 中心碘原子数电子对（VSEPR 第一步）,是,否,1,## 4.2.2 S_N2 类比与分子轨道分析2. 键长变化 → 思考反键轨道占据 → $\mathrm{S_N2}$ 过渡态类比（Nuc + R–LG → [Nuc···R···LG]⁻）![[06-外部资料导入/真题/images/4c…,,
真题/第39届初赛/无机和结构化学/题-039-4-2-多碘阴离子的结构与键合.md,50,440fc02be21e7d19b0c4d413e0282f98f0841f5ed6e246d7152249af905d023c.jpg,解题思路,解题思路1. 中心碘原子数电子对（VSEPR 第一步）,是,否,1,## 4.2.2 S_N2 类比与分子轨道分析2. 键长变化 → 思考反键轨道占据 → $\mathrm{S_N2}$ 过渡态类比（Nuc + R–LG → [Nuc···R···LG]⁻）![[06-外部资料导入/真题/images/4c…,,
真题/第39届初赛/无机和结构化学/题-039-4-2-多碘阴离子的结构与键合.md,50,1cdc979de9b4992b040725375ed779e41eb3792f75086029ca17c57597534ce4.jpg,解题思路,解题思路1. 中心碘原子数电子对（VSEPR 第一步）,是,否,1,## 4.2.2 S_N2 类比与分子轨道分析2. 键长变化 → 思考反键轨道占据 → $\mathrm{S_N2}$ 过渡态类比（Nuc + R–LG → [Nuc···R···LG]⁻）![[06-外部资料导入/真题/images/4c…,,
真题/第39届初赛/无机和结构化学/题-039-4-2-多碘阴离子的结构与键合.md,50,86aca52189461ddf0b34a74d4aa5f15303a93c40dcdc29a2db9dc4c748f1aef0.jpg,解题思路,解题思路1. 中心碘原子数电子对（VSEPR 第一步）,是,否,1,## 4.2.2 S_N2 类比与分子轨道分析2. 键长变化 → 思考反键轨道占据 → $\mathrm{S_N2}$ 过渡态类比（Nuc + R–LG → [Nuc···R···LG]⁻）![[06-外部资料导入/真题/images/4c…,,
真题/第39届初赛/无机和结构化学/题-039-4-2-多碘阴离子的结构与键合.md,52,38825c155902aabe9262ee2c4ad4bf1ee7483b9b7623be7761bed31bc150c687.jpg,解题思路,解题思路1. 中心碘原子数电子对（VSEPR 第一步）,是,否,1,## 4.2.3 I₅⁻ 结构3. 多碘离子生长：$\mathrm{I^- \to I_3^- \to I_5^- \to I_7^-}$（每次加 $\mathrm{I_2}$），枚举进攻位点![[06-外部资料导入/真题/images/3…,,
真题/第39届初赛/无机和结构化学/题-039-4-2-多碘阴离子的结构与键合.md,52,539b10c8f3de8e740cd39511db9f9b4e70ee884b5aaabd328511a80f4f0c5df1.jpg,解题思路,解题思路1. 中心碘原子数电子对（VSEPR 第一步）,是,否,1,## 4.2.3 I₅⁻ 结构3. 多碘离子生长：$\mathrm{I^- \to I_3^- \to I_5^- \to I_7^-}$（每次加 $\mathrm{I_2}$），枚举进攻位点![[06-外部资料导入/真题/images/3…,,
真题/第39届初赛/无机和结构化学/题-039-4-2-多碘阴离子的结构与键合.md,52,0d6c0d1b82502ce3745d5895eb6a38d0b9d4cb008ce96ab609633b776dc68845.jpg,解题思路,解题思路1. 中心碘原子数电子对（VSEPR 第一步）,是,否,1,## 4.2.3 I₅⁻ 结构3. 多碘离子生长：$\mathrm{I^- \to I_3^- \to I_5^- \to I_7^-}$（每次加 $\mathrm{I_2}$），枚举进攻位点![[06-外部资料导入/真题/images/3…,,
真题/第39届初赛/无机和结构化学/题-039-4-2-多碘阴离子的结构与键合.md,54,ccb93dd6bc32ddc6c6274e571594543fbe8073b81ff2e1253d3662bbcb0d4f53.jpg,解题思路,解题思路1. 中心碘原子数电子对（VSEPR 第一步）,是,否,1,## 4.2.4 I₇⁻ 异构体枚举4. 注意去除等同结构![[06-外部资料导入/真题/images/ccb93dd6bc32ddc6c6274e571594543fbe8073b81ff2e1253d3662bbcb0d4f53.jpg…,,
真题/第39届初赛/无机和结构化学/题-039-4-2-多碘阴离子的结构与键合.md,54,b985bd0caa7aa99c37b72df617a8f453a4e0a88956c5ec3d7be04480d08e6467.jpg,解题思路,解题思路1. 中心碘原子数电子对（VSEPR 第一步）,是,否,1,## 4.2.4 I₇⁻ 异构体枚举4. 注意去除等同结构![[06-外部资料导入/真题/images/ccb93dd6bc32ddc6c6274e571594543fbe8073b81ff2e1253d3662bbcb0d4f53.jpg…,,
真题/第39届初赛/无机和结构化学/题-039-4-2-多碘阴离子的结构与键合.md,54,76021aec446fc663049443e621592f50851868ffca53d6a15ac6c3f1febe2799.jpg,解题思路,解题思路1. 中心碘原子数电子对（VSEPR 第一步）,是,否,1,## 4.2.4 I₇⁻ 异构体枚举4. 注意去除等同结构![[06-外部资料导入/真题/images/ccb93dd6bc32ddc6c6274e571594543fbe8073b81ff2e1253d3662bbcb0d4f53.jpg…,,
真题/第39届初赛/无机和结构化学/题-039-4-2-多碘阴离子的结构与键合.md,54,c490bdbb30743f155c87287e5212671884724bad8887ce7159d75efba7d6423d.jpg,解题思路,解题思路1. 中心碘原子数电子对（VSEPR 第一步）,是,否,1,## 4.2.4 I₇⁻ 异构体枚举4. 注意去除等同结构![[06-外部资料导入/真题/images/ccb93dd6bc32ddc6c6274e571594543fbe8073b81ff2e1253d3662bbcb0d4f53.jpg…,,
真题/第39届初赛/无机和结构化学/题-039-4-2-多碘阴离子的结构与键合.md,54,8806d84aea1a6a21e5b5733e7bc78c78e5baabfb449e5d30dde9d23bdd7ed7fd.jpg,解题思路,解题思路1. 中心碘原子数电子对（VSEPR 第一步）,是,否,1,## 4.2.4 I₇⁻ 异构体枚举4. 注意去除等同结构![[06-外部资料导入/真题/images/ccb93dd6bc32ddc6c6274e571594543fbe8073b81ff2e1253d3662bbcb0d4f53.jpg…,,
真题/第39届初赛/无机和结构化学/题-039-4-2-多碘阴离子的结构与键合.md,54,0a4f05220c78e993924017a244bdb15a585c7d03f3308d46a62324a9d4097b91.jpg,解题思路,解题思路1. 中心碘原子数电子对（VSEPR 第一步）,是,否,1,## 4.2.4 I₇⁻ 异构体枚举4. 注意去除等同结构![[06-外部资料导入/真题/images/ccb93dd6bc32ddc6c6274e571594543fbe8073b81ff2e1253d3662bbcb0d4f53.jpg…,,
真题/第39届初赛/无机和结构化学/题-039-4-2-多碘阴离子的结构与键合.md,54,2637619a08ebd6b77591c61612cf596b3ed441c0b0587890603c5981f98f8677.jpg,解题思路,解题思路1. 中心碘原子数电子对（VSEPR 第一步）,是,否,1,## 4.2.4 I₇⁻ 异构体枚举4. 注意去除等同结构![[06-外部资料导入/真题/images/ccb93dd6bc32ddc6c6274e571594543fbe8073b81ff2e1253d3662bbcb0d4f53.jpg…,,
真题/第39届初赛/无机和结构化学/题-039-5-2-XeOₓ晶胞投影图分析.md,41,12e4135b59b36afdc886c16d2bc09e3349bc3aeebd2aad1015cedd2002460225.jpg,解题思路,## 解题思路1. 从投影图中原子与边框线的遮挡关系确定原子位置2. 晶胞内原子…,是,否,1,## 解题思路1. 从投影图中原子与边框线的遮挡关系确定原子位置2. 晶胞内原子计数（区分顶点/棱/面/内部）3. Xe 化合价 = O 原子数 × 2 / Xe 原子数（O 为 -2 价）4. 晶系判断：$\alpha=\beta=\ga…,,
真题/第39届初赛/无机和结构化学/题-039-5-2-XeOₓ晶胞投影图分析.md,41,0506c3c732b8d19a6669b817e8d7b0cbee33f114f0727aff4a0b59d3cd82d85c.jpg,解题思路,## 解题思路1. 从投影图中原子与边框线的遮挡关系确定原子位置2. 晶胞内原子…,是,否,1,## 解题思路1. 从投影图中原子与边框线的遮挡关系确定原子位置2. 晶胞内原子计数（区分顶点/棱/面/内部）3. Xe 化合价 = O 原子数 × 2 / Xe 原子数（O 为 -2 价）4. 晶系判断：$\alpha=\beta=\ga…,,
真题/第39届初赛/无机和结构化学/题-039-5-2-XeOₓ晶胞投影图分析.md,41,9382e7e2c2e4740c5a859a63cbbccbe1f1fae4da8d67a93597e63afabef1993e.jpg,解题思路,## 解题思路1. 从投影图中原子与边框线的遮挡关系确定原子位置2. 晶胞内原子…,是,否,1,## 解题思路1. 从投影图中原子与边框线的遮挡关系确定原子位置2. 晶胞内原子计数（区分顶点/棱/面/内部）3. Xe 化合价 = O 原子数 × 2 / Xe 原子数（O 为 -2 价）4. 晶系判断：$\alpha=\beta=\ga…,,
真题/第39届初赛/无机和结构化学/题-039-5-2-XeOₓ晶胞投影图分析.md,41,17e829e2927767405a4dc800d8c785b42ba658a95453c121ad36298c62a221cb.jpg,解题思路,## 解题思路1. 从投影图中原子与边框线的遮挡关系确定原子位置2. 晶胞内原子…,是,否,1,## 解题思路1. 从投影图中原子与边框线的遮挡关系确定原子位置2. 晶胞内原子计数（区分顶点/棱/面/内部）3. Xe 化合价 = O 原子数 × 2 / Xe 原子数（O 为 -2 价）4. 晶系判断：$\alpha=\beta=\ga…,,
真题/第39届初赛/无机和结构化学/题-039-5-2-XeOₓ晶胞投影图分析.md,45,097b3ed48c2b96d40fe74f86d6fadac1792932376b960b601f553a1e20e435f5.jpg,相关图片,## 相关图片以下为原题解析中的补充图片。,是,否,1,## 相关图片以下为原题解析中的补充图片。![[06-外部资料导入/真题/images/097b3ed48c2b96d40fe74f86d6fadac1792932376b960b601f553a1e20e435f5.jpg]]![[06-…,,
真题/第39届初赛/无机和结构化学/题-039-5-2-XeOₓ晶胞投影图分析.md,45,ce76aecf4505e6db9134dfec14782a95b30d6fc3cb14eef08bb3803879bd9101.jpg,相关图片,## 相关图片以下为原题解析中的补充图片。,是,否,1,## 相关图片以下为原题解析中的补充图片。![[06-外部资料导入/真题/images/097b3ed48c2b96d40fe74f86d6fadac1792932376b960b601f553a1e20e435f5.jpg]]![[06-…,,
真题/第39届初赛/无机和结构化学/题-039-5-2-XeOₓ晶胞投影图分析.md,45,abc099074b3d785f1ce5d52b84f7a316d1f36c0af3a398f98d3c75a57d4737d4.jpg,相关图片,## 相关图片以下为原题解析中的补充图片。,是,否,1,## 相关图片以下为原题解析中的补充图片。![[06-外部资料导入/真题/images/097b3ed48c2b96d40fe74f86d6fadac1792932376b960b601f553a1e20e435f5.jpg]]![[06-…,,
真题/第39届初赛/无机和结构化学/题-039-5-2-XeOₓ晶胞投影图分析.md,45,e351edec9d6c3339bddea79d92276deb127f87e3b6e8df8ddc6090346d0b201b.jpg,相关图片,## 相关图片以下为原题解析中的补充图片。,是,否,1,## 相关图片以下为原题解析中的补充图片。![[06-外部资料导入/真题/images/097b3ed48c2b96d40fe74f86d6fadac1792932376b960b601f553a1e20e435f5.jpg]]![[06-…,,
真题/第39届初赛/无机和结构化学/题-039-5-3-FeO₂吸附Xe的结构分析.md,41,08e37d20b381cf88251c426129c74764748bb6d76ae24027c614a58e0528878e.jpg,解题思路,## 解题思路1. 5.3.1：Fe 为面心立方分布 → 晶胞含 4Fe；每个 …,是,否,1,## 解题思路1. 5.3.1：Fe 为面心立方分布 → 晶胞含 4Fe；每个 O 被 3 个八面体共享 → Fe:O = 1:22. 5.3.2：逐一在投影图中定位原子，计数3. B 的结构较规则（密堆积+填隙），C 需仔细定位每个原子!…,,
真题/第39届初赛/无机和结构化学/题-039-5-3-FeO₂吸附Xe的结构分析.md,41,d8186f1fa269c19e4beb942e3cdaf48229be0690764203d84c2256093eeb4f7d.jpg,解题思路,## 解题思路1. 5.3.1：Fe 为面心立方分布 → 晶胞含 4Fe；每个 …,是,否,1,## 解题思路1. 5.3.1：Fe 为面心立方分布 → 晶胞含 4Fe；每个 O 被 3 个八面体共享 → Fe:O = 1:22. 5.3.2：逐一在投影图中定位原子，计数3. B 的结构较规则（密堆积+填隙），C 需仔细定位每个原子!…,,
真题/第39届初赛/无机和结构化学/题-039-5-3-FeO₂吸附Xe的结构分析.md,41,68d85b2ff44fad6f94638e5c57a10d1ea2336716c794fa081edb1ee94b601aea.jpg,解题思路,## 解题思路1. 5.3.1：Fe 为面心立方分布 → 晶胞含 4Fe；每个 …,是,否,1,## 解题思路1. 5.3.1：Fe 为面心立方分布 → 晶胞含 4Fe；每个 O 被 3 个八面体共享 → Fe:O = 1:22. 5.3.2：逐一在投影图中定位原子，计数3. B 的结构较规则（密堆积+填隙），C 需仔细定位每个原子!…,,
真题/第39届初赛/无机和结构化学/题-039-5-3-FeO₂吸附Xe的结构分析.md,41,f44457ad5a40f8b98ad36f3cacd725c6d2c9a0943375af9e0ea797a403351f48.jpg,解题思路,## 解题思路1. 5.3.1：Fe 为面心立方分布 → 晶胞含 4Fe；每个 …,是,否,1,## 解题思路1. 5.3.1：Fe 为面心立方分布 → 晶胞含 4Fe；每个 O 被 3 个八面体共享 → Fe:O = 1:22. 5.3.2：逐一在投影图中定位原子，计数3. B 的结构较规则（密堆积+填隙），C 需仔细定位每个原子!…,,
真题/第39届初赛/无机和结构化学/题-039-7-1-N₅⁺的合成与结构.md,65,af15a0980b6e8e5e3c1472764ec4bb1f0eba5bd06a5629f8312626bc9947fff1.jpg,解题思路,## 解题思路1. **7.1**：从产物逆推——B 与水生成 $\mathrm…,是,否,1,## 解题思路1. **7.1**：从产物逆推——B 与水生成 $\mathrm{N_2} + \mathrm{O_2}$（10:1）→ 推测 $\mathrm{N_5^+}$2. $\mathrm{AsF_5}$ 是 Lewis 酸 → …,,
真题/第39届初赛/有机化学/题-039-10-1-NHC-硼自由基催化环化.md,40,5f4ee563d62c8fa4654dccbc01daba21f156fdb9fd1e7ca145aaefbae560ed50.jpg,相关图片,## 相关图片,否,否,1,## 相关图片![[06-外部资料导入/真题/images/5f4ee563d62c8fa4654dccbc01daba21f156fdb9fd1e7ca145aaefbae560ed50.jpg]]![[06-外部资料导入/真题/imag…,,
真题/第39届初赛/有机化学/题-039-10-1-NHC-硼自由基催化环化.md,40,ed655da9afaf9995afbdbbfd8e1f3f017b94e65490a2107a2617895407b92879.jpg,相关图片,## 相关图片,否,否,1,## 相关图片![[06-外部资料导入/真题/images/5f4ee563d62c8fa4654dccbc01daba21f156fdb9fd1e7ca145aaefbae560ed50.jpg]]![[06-外部资料导入/真题/imag…,,
真题/第39届初赛/有机化学/题-039-10-1-NHC-硼自由基催化环化.md,40,26474beb9320689e7cb4c734c577d735008af7bce7d3828772f5b90ed8999e45.jpg,相关图片,## 相关图片,否,否,1,## 相关图片![[06-外部资料导入/真题/images/5f4ee563d62c8fa4654dccbc01daba21f156fdb9fd1e7ca145aaefbae560ed50.jpg]]![[06-外部资料导入/真题/imag…,,
真题/第39届初赛/有机化学/题-039-10-1-NHC-硼自由基催化环化.md,61,eb7ba9a2212fd33a2577b5dd10ab7fd40542abae8f838235f490423b5c291948.jpg,解题思路,## 解题思路1. 跟踪单电子流向：引发 → 攫 H → 加成炔 → H 迁移 …,是,否,1,## 解题思路1. 跟踪单电子流向：引发 → 攫 H → 加成炔 → H 迁移 → 环化 → β-消除2. 电性匹配：亲核自由基进攻亲电 π 体系![[06-外部资料导入/真题/images/eb7ba9a2212fd33a2577b5dd…,,
真题/第39届初赛/有机化学/题-039-8-1-Bent规则与氟代甲烷键角.md,47,ee784f23ec8f020f99511420f3bf28aebe785a5ec17ca05f8dd14fcedf079d73.jpg,解题思路,## 解题思路1. VSEPR 层面：F 吸电子 → C–F 成键电子偏向 F …,是,否,1,## 解题思路1. VSEPR 层面：F 吸电子 → C–F 成键电子偏向 F → C–H 间排斥减小 → 键角增大2. Bent 规则层面：F 电负性大 → C–F 轨道 p 成分增加 → C–H 轨道 s 成分增加 → H–C–H 角增…,,
真题/第39届初赛/有机化学/题-039-8-2-α-氟代羰基构象分析.md,60,7cab6081440d3cca7522696c339de38f41a29dddb2cba5fed932c7ba1b7d42fa.jpg,解题思路,## 解题思路1. 识别影响构象的各类因素：静电相互作用、扭转张力、立体电子效应…,是,否,1,## 解题思路1. 识别影响构象的各类因素：静电相互作用、扭转张力、立体电子效应、氢键2. 本题中静电相互作用（偶极-偶极排斥）占绝对主导（~33.6 kJ/mol）3. 酰胺羰基极性 > 酯羰基极性 → $\Delta E_1 > \De…,,
真题/第39届初赛/有机化学/题-039-8-2-α-氟代羰基构象分析.md,60,3ec09ca6d36c48a5ff9ba7b907ad485d7dcb131e450094b6e5712845ec4fd3f2.jpg,解题思路,## 解题思路1. 识别影响构象的各类因素：静电相互作用、扭转张力、立体电子效应…,是,否,1,## 解题思路1. 识别影响构象的各类因素：静电相互作用、扭转张力、立体电子效应、氢键2. 本题中静电相互作用（偶极-偶极排斥）占绝对主导（~33.6 kJ/mol）3. 酰胺羰基极性 > 酯羰基极性 → $\Delta E_1 > \De…,,
真题/第39届初赛/有机化学/题-039-8-2-α-氟代羰基构象分析.md,64,35c615e7b0c244c291d2165c506824e63ec25677c3c79c06ca2aef4994dc3d0c.jpg,相关图片,## 相关图片,是,否,1,## 相关图片![[06-外部资料导入/真题/images/35c615e7b0c244c291d2165c506824e63ec25677c3c79c06ca2aef4994dc3d0c.jpg]]![[06-外部资料导入/真题/imag…,,
真题/第39届初赛/有机化学/题-039-8-2-α-氟代羰基构象分析.md,64,3a67034e88a2ef7d60bd6a95b07962112bfa25cfeec668fcb622c963d9ff9665.jpg,相关图片,## 相关图片,是,否,1,## 相关图片![[06-外部资料导入/真题/images/35c615e7b0c244c291d2165c506824e63ec25677c3c79c06ca2aef4994dc3d0c.jpg]]![[06-外部资料导入/真题/imag…,,
真题/第39届初赛/有机化学/题-039-8-2-α-氟代羰基构象分析.md,64,a8adfc6bb694797cd72a99b812b57506e6448a932e1f9cd6a12e151b50932fd1.jpg,相关图片,## 相关图片,是,否,1,## 相关图片![[06-外部资料导入/真题/images/35c615e7b0c244c291d2165c506824e63ec25677c3c79c06ca2aef4994dc3d0c.jpg]]![[06-外部资料导入/真题/imag…,,
真题/第39届初赛/有机化学/题-039-8-2-α-氟代羰基构象分析.md,64,f54e8b14b6aa761b89cd227bbf2acde771ba5eb5f87c9259da65069c48d759a3.jpg,相关图片,## 相关图片,是,否,1,## 相关图片![[06-外部资料导入/真题/images/35c615e7b0c244c291d2165c506824e63ec25677c3c79c06ca2aef4994dc3d0c.jpg]]![[06-外部资料导入/真题/imag…,,
真题/第39届初赛/有机化学/题-039-8-2-α-氟代羰基构象分析.md,64,a83144c363cdf74e445571669e718d170e3a594e4b677c925ce5f7f357aa99f1.jpg,相关图片,## 相关图片,是,否,1,## 相关图片![[06-外部资料导入/真题/images/35c615e7b0c244c291d2165c506824e63ec25677c3c79c06ca2aef4994dc3d0c.jpg]]![[06-外部资料导入/真题/imag…,,
真题/第39届初赛/有机化学/题-039-8-2-α-氟代羰基构象分析.md,64,b8582efb6f7d91ad1e96fa74e4eb6835b420e54b2dac1e494f56e2fdc241c147.jpg,相关图片,## 相关图片,是,否,1,## 相关图片![[06-外部资料导入/真题/images/35c615e7b0c244c291d2165c506824e63ec25677c3c79c06ca2aef4994dc3d0c.jpg]]![[06-外部资料导入/真题/imag…,,
真题/第39届初赛/有机化学/题-039-8-2-α-氟代羰基构象分析.md,64,fc2a5b31cd6df53efa2b892fda129b420e69021f31cac8975cbabff79888bfc2.jpg,相关图片,## 相关图片,是,否,1,## 相关图片![[06-外部资料导入/真题/images/35c615e7b0c244c291d2165c506824e63ec25677c3c79c06ca2aef4994dc3d0c.jpg]]![[06-外部资料导入/真题/imag…,,
真题/第39届初赛/有机化学/题-039-8-3-邻位交叉效应与构象稳定性.md,53,5198e90577e76f744bdfef2095cee335aa5cdc2df72b3069519281d6fe2f86b9.jpg,解题思路,## 解题思路1. 8.3：比较两种构象中的静电相互作用类型和大小   - ga…,是,否,1,## 解题思路1. 8.3：比较两种构象中的静电相互作用类型和大小   - gauche-3：$\mathrm{NH_3^+}$ 与 F 之间电荷-偶极吸引   - staggered-3：$\mathrm{NH_3^+}$ 与 F 远离，…,,
真题/第39届初赛/有机化学/题-039-8-3-邻位交叉效应与构象稳定性.md,53,d34f8fc6fd1f1ddda5a342bc61061ae7b28b1aeae34daca28acd5a57d7f22274.jpg,解题思路,## 解题思路1. 8.3：比较两种构象中的静电相互作用类型和大小   - ga…,是,否,1,## 解题思路1. 8.3：比较两种构象中的静电相互作用类型和大小   - gauche-3：$\mathrm{NH_3^+}$ 与 F 之间电荷-偶极吸引   - staggered-3：$\mathrm{NH_3^+}$ 与 F 远离，…,,
真题/第39届初赛/有机化学/题-039-8-3-邻位交叉效应与构象稳定性.md,53,b3fc8c372ed25e6e324ce152112a0cf93878b144cea5f4cff5a3c2e702f8adb4.jpg,解题思路,## 解题思路1. 8.3：比较两种构象中的静电相互作用类型和大小   - ga…,是,否,1,## 解题思路1. 8.3：比较两种构象中的静电相互作用类型和大小   - gauche-3：$\mathrm{NH_3^+}$ 与 F 之间电荷-偶极吸引   - staggered-3：$\mathrm{NH_3^+}$ 与 F 远离，…,,
真题/第39届初赛/有机化学/题-039-8-3-邻位交叉效应与构象稳定性.md,53,87fd9fb01759b9d9c0e66831a19ca9b29b46110b24ef56427e596c7814bc692b.jpg,解题思路,## 解题思路1. 8.3：比较两种构象中的静电相互作用类型和大小   - ga…,是,否,1,## 解题思路1. 8.3：比较两种构象中的静电相互作用类型和大小   - gauche-3：$\mathrm{NH_3^+}$ 与 F 之间电荷-偶极吸引   - staggered-3：$\mathrm{NH_3^+}$ 与 F 远离，…,,
真题/第39届初赛/有机化学/题-039-8-3-邻位交叉效应与构象稳定性.md,53,129eb401ce07a39f3236df8f75929daa6a002bf3b9e5d2c31617b8af2e002212.jpg,解题思路,## 解题思路1. 8.3：比较两种构象中的静电相互作用类型和大小   - ga…,是,否,1,## 解题思路1. 8.3：比较两种构象中的静电相互作用类型和大小   - gauche-3：$\mathrm{NH_3^+}$ 与 F 之间电荷-偶极吸引   - staggered-3：$\mathrm{NH_3^+}$ 与 F 远离，…,,
真题/第39届初赛/有机化学/题-039-8-3-邻位交叉效应与构象稳定性.md,53,dfa3d488ea0b9b6809c132db743feafdfe8e06063375e4554a91ba3e38a7a900.jpg,解题思路,## 解题思路1. 8.3：比较两种构象中的静电相互作用类型和大小   - ga…,是,否,1,## 解题思路1. 8.3：比较两种构象中的静电相互作用类型和大小   - gauche-3：$\mathrm{NH_3^+}$ 与 F 之间电荷-偶极吸引   - staggered-3：$\mathrm{NH_3^+}$ 与 F 远离，…,,
真题/第39届初赛/有机化学/题-039-8-3-邻位交叉效应与构象稳定性.md,57,66ce82ece463788330ceeb9c2a679ffd40b2b36dc36e0b6e4113f0d9598ba17c.jpg,相关图片,## 相关图片,是,否,1,## 相关图片![[06-外部资料导入/真题/images/66ce82ece463788330ceeb9c2a679ffd40b2b36dc36e0b6e4113f0d9598ba17c.jpg]]![[06-外部资料导入/真题/imag…,,
真题/第39届初赛/有机化学/题-039-8-3-邻位交叉效应与构象稳定性.md,57,daad48fbd6569a8d2d36f212cbac537c22e739b8fc38a07acf3aab6934fa4a89.jpg,相关图片,## 相关图片,是,否,1,## 相关图片![[06-外部资料导入/真题/images/66ce82ece463788330ceeb9c2a679ffd40b2b36dc36e0b6e4113f0d9598ba17c.jpg]]![[06-外部资料导入/真题/imag…,,
真题/第39届初赛/有机化学/题-039-8-3-邻位交叉效应与构象稳定性.md,57,b503f955af6cb39406db7e5eb7f27a061b2d4eb9fbbbf7bab26e50c3e3564530.jpg,相关图片,## 相关图片,是,否,1,## 相关图片![[06-外部资料导入/真题/images/66ce82ece463788330ceeb9c2a679ffd40b2b36dc36e0b6e4113f0d9598ba17c.jpg]]![[06-外部资料导入/真题/imag…,,
真题/第39届初赛/有机化学/题-039-8-3-邻位交叉效应与构象稳定性.md,57,b2ed5e83d4c0d1300582f20a4e664ba9df8607b93e4dfc1cbc7fa9a60656f588.jpg,相关图片,## 相关图片,是,否,1,## 相关图片![[06-外部资料导入/真题/images/66ce82ece463788330ceeb9c2a679ffd40b2b36dc36e0b6e4113f0d9598ba17c.jpg]]![[06-外部资料导入/真题/imag…,,
真题/第39届初赛/有机化学/题-039-8-3-邻位交叉效应与构象稳定性.md,57,1da82d9257db34c7a04e4847c894013fdadee9e82ff8edd3a1781a3fb771e8fc.jpg,相关图片,## 相关图片,是,否,1,## 相关图片![[06-外部资料导入/真题/images/66ce82ece463788330ceeb9c2a679ffd40b2b36dc36e0b6e4113f0d9598ba17c.jpg]]![[06-外部资料导入/真题/imag…,,
真题/第39届初赛/有机化学/题-039-8-3-邻位交叉效应与构象稳定性.md,57,012ff287aa14dd220393768f99ec01c7d2858d74d6f8db9c8db9c2fb5f3408cf.jpg,相关图片,## 相关图片,是,否,1,## 相关图片![[06-外部资料导入/真题/images/66ce82ece463788330ceeb9c2a679ffd40b2b36dc36e0b6e4113f0d9598ba17c.jpg]]![[06-外部资料导入/真题/imag…,,
真题/第39届初赛/有机化学/题-039-8-5-羰基红外伸缩振动波数.md,51,923d8f1eeef1ce3fbf98877e66f3dde3c78349adfa705cfcb5d9f3b46616a4ff.jpg,相关图片,## 相关图片,是,否,1,## 相关图片![[06-外部资料导入/真题/images/923d8f1eeef1ce3fbf98877e66f3dde3c78349adfa705cfcb5d9f3b46616a4ff.jpg]]![[06-外部资料导入/真题/imag…,,
真题/第39届初赛/有机化学/题-039-8-5-羰基红外伸缩振动波数.md,51,417fa09c73f5e9731f7633b6e6b32dcdd7039c7a424e004810295c8b9fa2e53d.jpg,相关图片,## 相关图片,是,否,1,## 相关图片![[06-外部资料导入/真题/images/923d8f1eeef1ce3fbf98877e66f3dde3c78349adfa705cfcb5d9f3b46616a4ff.jpg]]![[06-外部资料导入/真题/imag…,,
真题/第39届初赛/有机化学/题-039-8-5-羰基红外伸缩振动波数.md,51,65564191edc79ad2267f1970c2025278082b3cbb5ac65b40707437a59dcaf939.jpg,相关图片,## 相关图片,是,否,1,## 相关图片![[06-外部资料导入/真题/images/923d8f1eeef1ce3fbf98877e66f3dde3c78349adfa705cfcb5d9f3b46616a4ff.jpg]]![[06-外部资料导入/真题/imag…,,
真题/第39届初赛/有机化学/题-039-8-5-羰基红外伸缩振动波数.md,51,7abf5931d233c05ad70090badd8b0939a70d8ed8a8d54b50a407ecf54988d96b.jpg,相关图片,## 相关图片,是,否,1,## 相关图片![[06-外部资料导入/真题/images/923d8f1eeef1ce3fbf98877e66f3dde3c78349adfa705cfcb5d9f3b46616a4ff.jpg]]![[06-外部资料导入/真题/imag…,,
真题/第39届初赛/有机化学/题-039-8-6-烯醇与烯醇负离子化学.md,49,d5f4bdaacfa79df61fac02b039c305f9c297edc2b49cd7f114de8544faa1489f.jpg,解题思路,## 解题思路1. 酸催化 → 烯醇（非烯醇负离子）；碱催化 → 烯醇负离子2.…,是,否,1,## 解题思路1. 酸催化 → 烯醇（非烯醇负离子）；碱催化 → 烯醇负离子2. 烯醇比例 ↔ 烯醇稳定性：共轭 + 氢键3. 亲核性 vs 碱性：硬碱攫氢，软碱加成；大位阻碱攫氢4. 动力学 vs 热力学控制：LDA（不可逆，动力学）vs…,,
真题/第39届初赛/有机化学/题-039-8-6-烯醇与烯醇负离子化学.md,49,ccd3221ebc47b75a932e76ac62ee5e71d100faae2ecbdbfddfd02df966b6dea1.jpg,解题思路,## 解题思路1. 酸催化 → 烯醇（非烯醇负离子）；碱催化 → 烯醇负离子2.…,是,否,1,## 解题思路1. 酸催化 → 烯醇（非烯醇负离子）；碱催化 → 烯醇负离子2. 烯醇比例 ↔ 烯醇稳定性：共轭 + 氢键3. 亲核性 vs 碱性：硬碱攫氢，软碱加成；大位阻碱攫氢4. 动力学 vs 热力学控制：LDA（不可逆，动力学）vs…,,
真题/第39届初赛/有机化学/题-039-8-6-烯醇与烯醇负离子化学.md,53,95d550b69d7f8d2928b7b848e63b8ffc45a35af6ef4d6cc3f8b445f027d098df.jpg,相关图片,相关图片![[06-外部资料导入/真题/images/95d550b69d7f8…,是,否,1,## 相关图片![[06-外部资料导入/真题/images/95d550b69d7f8d2928b7b848e63b8ffc45a35af6ef4d6cc3f8b445f027d098df.jpg]]![[06-外部资料导入/真题/imag…,,
真题/第39届初赛/有机化学/题-039-8-6-烯醇与烯醇负离子化学.md,53,79f5334c8b5aef63cd3ce0ebdfbda042840d4dc9c4cb7acd41deb011d2e59aac.jpg,相关图片,相关图片![[06-外部资料导入/真题/images/95d550b69d7f8…,是,否,1,## 相关图片![[06-外部资料导入/真题/images/95d550b69d7f8d2928b7b848e63b8ffc45a35af6ef4d6cc3f8b445f027d098df.jpg]]![[06-外部资料导入/真题/imag…,,
真题/第39届初赛/有机化学/题-039-9-1-N-酰基亚胺盐的分子内环化.md,57,9ea5f7f613cd68343b642b332ef1a9fcfa7e8435abd27977b7d8b759526c09e1.jpg,解题思路,## 解题思路1. 识别 NAI 构建方式：Lewis 酸活化离去基团 → N …,是,否,1,## 解题思路1. 识别 NAI 构建方式：Lewis 酸活化离去基团 → N 孤对电子推动消除 → 亚胺正离子![[06-外部资料导入/真题/images/9ea5f7f613cd68343b642b332ef1a9fcfa7e8435a…,,
真题/第39届初赛/有机化学/题-039-9-1-N-酰基亚胺盐的分子内环化.md,57,950c934cfa49e3983f454e9bf514f1654855cef8a7cff94c5dbe5159111228c9.jpg,解题思路,## 解题思路1. 识别 NAI 构建方式：Lewis 酸活化离去基团 → N …,是,否,1,## 解题思路1. 识别 NAI 构建方式：Lewis 酸活化离去基团 → N 孤对电子推动消除 → 亚胺正离子![[06-外部资料导入/真题/images/9ea5f7f613cd68343b642b332ef1a9fcfa7e8435a…,,
真题/第39届初赛/有机化学/题-039-9-1-N-酰基亚胺盐的分子内环化.md,57,8395dbfcc1b4cbce557645e895af4874c20a41a6eb91eb8e9c6ca6798e95228f.jpg,解题思路,## 解题思路1. 识别 NAI 构建方式：Lewis 酸活化离去基团 → N …,是,否,1,## 解题思路1. 识别 NAI 构建方式：Lewis 酸活化离去基团 → N 孤对电子推动消除 → 亚胺正离子![[06-外部资料导入/真题/images/9ea5f7f613cd68343b642b332ef1a9fcfa7e8435a…,,
真题/第39届初赛/有机化学/题-039-9-1-N-酰基亚胺盐的分子内环化.md,61,145ccd5e85382cadedefc264b2ec1ada0f0b17a210307109057925f357ee1a99.jpg,相关图片,## 相关图片,是,否,1,## 相关图片![[06-外部资料导入/真题/images/145ccd5e85382cadedefc264b2ec1ada0f0b17a210307109057925f357ee1a99.jpg]]![[06-外部资料导入/真题/imag…,,
真题/第39届初赛/有机化学/题-039-9-1-N-酰基亚胺盐的分子内环化.md,61,23fda6bb5689ac44854f997ffdf7a22ebad4f0de2f40a524d6eb49ad551ae6fc.jpg,相关图片,## 相关图片,是,否,1,## 相关图片![[06-外部资料导入/真题/images/145ccd5e85382cadedefc264b2ec1ada0f0b17a210307109057925f357ee1a99.jpg]]![[06-外部资料导入/真题/imag…,,
真题/第39届初赛/有机化学/题-039-9-1-N-酰基亚胺盐的分子内环化.md,61,8fb8ee4bb3396ad4ef31349ef4bb0944245516a9f6f5bfd4bd4ee78c5010dd9e.jpg,相关图片,## 相关图片,是,否,1,## 相关图片![[06-外部资料导入/真题/images/145ccd5e85382cadedefc264b2ec1ada0f0b17a210307109057925f357ee1a99.jpg]]![[06-外部资料导入/真题/imag…,,
真题/第39届初赛/有机化学/题-039-9-1-N-酰基亚胺盐的分子内环化.md,61,2884dbd68f4e6d9aef35b0b4943b467f5065d31119608a005fcb0c9b30c1187e.jpg,相关图片,## 相关图片,是,否,1,## 相关图片![[06-外部资料导入/真题/images/145ccd5e85382cadedefc264b2ec1ada0f0b17a210307109057925f357ee1a99.jpg]]![[06-外部资料导入/真题/imag…,,
真题/第39届初赛/有机化学/题-039-9-1-N-酰基亚胺盐的分子内环化.md,61,ec95a3a879ae52c24e20660cc12f399d9e85c01a98a84629a8580d9955ec149d.jpg,相关图片,## 相关图片,是,否,1,## 相关图片![[06-外部资料导入/真题/images/145ccd5e85382cadedefc264b2ec1ada0f0b17a210307109057925f357ee1a99.jpg]]![[06-外部资料导入/真题/imag…,,
真题/第39届初赛/有机化学/题-039-9-1-N-酰基亚胺盐的分子内环化.md,61,2391bb8b9d149271cb52b498b093fd9eb194b1c5e6781356bec0e1c5ac17ef3a.jpg,相关图片,## 相关图片,是,否,1,## 相关图片![[06-外部资料导入/真题/images/145ccd5e85382cadedefc264b2ec1ada0f0b17a210307109057925f357ee1a99.jpg]]![[06-外部资料导入/真题/imag…,,
真题/第39届初赛/有机化学/题-039-9-1-N-酰基亚胺盐的分子内环化.md,61,566776f47ac43205d3d083b8158e5ea3a59193564c772d33a517b3e466e1fc92.jpg,相关图片,## 相关图片,是,否,1,## 相关图片![[06-外部资料导入/真题/images/145ccd5e85382cadedefc264b2ec1ada0f0b17a210307109057925f357ee1a99.jpg]]![[06-外部资料导入/真题/imag…,,
真题/第39届初赛/有机化学/题-039-9-1-N-酰基亚胺盐的分子内环化.md,61,30c145f2d2223edbd1110a04528857d970c5853b12efc4fc07d181feab86a118.jpg,相关图片,## 相关图片,是,否,1,## 相关图片![[06-外部资料导入/真题/images/145ccd5e85382cadedefc264b2ec1ada0f0b17a210307109057925f357ee1a99.jpg]]![[06-外部资料导入/真题/imag…,,
真题/第39届初赛/有机化学/题-039-9-1-N-酰基亚胺盐的分子内环化.md,61,161da6acf6d35473aea16decc85a786cfc119841827b4cd254706b79a3bb00b5.jpg,相关图片,## 相关图片,是,否,1,## 相关图片![[06-外部资料导入/真题/images/145ccd5e85382cadedefc264b2ec1ada0f0b17a210307109057925f357ee1a99.jpg]]![[06-外部资料导入/真题/imag…,,
真题/第39届初赛/有机化学/题-039-9-1-N-酰基亚胺盐的分子内环化.md,61,b9a2f263bdac0f059254599262297f394b3c058c772c99d2d9a8d475da11bd9a.jpg,相关图片,## 相关图片,是,否,1,## 相关图片![[06-外部资料导入/真题/images/145ccd5e85382cadedefc264b2ec1ada0f0b17a210307109057925f357ee1a99.jpg]]![[06-外部资料导入/真题/imag…,,
真题/第39届初赛/有机化学/题-039-9-3-NAI环化的立体选择性.md,67,c1e917fca77c84d463fefe9cc3f1f19c00e33325ce55dc75bbaf97443eaf45b7.jpg,解题思路,## 解题思路1. 追踪缩醛→NAI→环化过程中每个手性碳的构型,是,否,1,## 解题思路1. 追踪缩醛→NAI→环化过程中每个手性碳的构型![[06-外部资料导入/真题/images/c1e917fca77c84d463fefe9cc3f1f19c00e33325ce55dc75bbaf97443eaf45b7.…,,
真题/第39届初赛/有机化学/题-039-9-3-NAI环化的立体选择性.md,67,922ada083ef0a166149e90ab735b85535fb95fcd5de36135173d8f4e0fb2fb4c.jpg,解题思路,## 解题思路1. 追踪缩醛→NAI→环化过程中每个手性碳的构型,是,否,1,## 解题思路1. 追踪缩醛→NAI→环化过程中每个手性碳的构型![[06-外部资料导入/真题/images/c1e917fca77c84d463fefe9cc3f1f19c00e33325ce55dc75bbaf97443eaf45b7.…,,
真题/第39届初赛/有机化学/题-039-9-3-NAI环化的立体选择性.md,67,ab5e4e83586023defeff8d41af1413ad941e64df54d3c49ba1d3bce5e222fbe5.jpg,解题思路,## 解题思路1. 追踪缩醛→NAI→环化过程中每个手性碳的构型,是,否,1,## 解题思路1. 追踪缩醛→NAI→环化过程中每个手性碳的构型![[06-外部资料导入/真题/images/c1e917fca77c84d463fefe9cc3f1f19c00e33325ce55dc75bbaf97443eaf45b7.…,,
真题/第39届初赛/有机化学/题-039-9-3-NAI环化的立体选择性.md,71,aaefb36bd64bd27affaca101ae446f63d115bf2fa0d9660a6dd7df0f81b8b2ce.jpg,相关图片,## 相关图片,是,否,1,## 相关图片![[06-外部资料导入/真题/images/aaefb36bd64bd27affaca101ae446f63d115bf2fa0d9660a6dd7df0f81b8b2ce.jpg]]![[06-外部资料导入/真题/imag…,,
真题/第39届初赛/有机化学/题-039-9-3-NAI环化的立体选择性.md,71,12dab05d04182d3793548a27ff311f5fb02aca0619e15bfaf57de064636aca73.jpg,相关图片,## 相关图片,是,否,1,## 相关图片![[06-外部资料导入/真题/images/aaefb36bd64bd27affaca101ae446f63d115bf2fa0d9660a6dd7df0f81b8b2ce.jpg]]![[06-外部资料导入/真题/imag…,,
真题/第39届初赛/有机化学/题-039-9-3-NAI环化的立体选择性.md,71,e02c77df302d75a703f5eee356651619f2c4bba898148dfb03c891e31f995257.jpg,相关图片,## 相关图片,是,否,1,## 相关图片![[06-外部资料导入/真题/images/aaefb36bd64bd27affaca101ae446f63d115bf2fa0d9660a6dd7df0f81b8b2ce.jpg]]![[06-外部资料导入/真题/imag…,,
真题/第39届初赛/有机化学/题-039-9-3-NAI环化的立体选择性.md,71,cf0908d6defeaaf27303511a8ed030d8f1ce8a8453e70917a89bfdbe092c5e37.jpg,相关图片,## 相关图片,是,否,1,## 相关图片![[06-外部资料导入/真题/images/aaefb36bd64bd27affaca101ae446f63d115bf2fa0d9660a6dd7df0f81b8b2ce.jpg]]![[06-外部资料导入/真题/imag…,,
真题/第39届初赛/有机化学/题-039-9-3-NAI环化的立体选择性.md,71,c3d8090970af2742519b511aaa121a12d8defa0a6d32bfae23da6b8e6e0821a2.jpg,相关图片,## 相关图片,是,否,1,## 相关图片![[06-外部资料导入/真题/images/aaefb36bd64bd27affaca101ae446f63d115bf2fa0d9660a6dd7df0f81b8b2ce.jpg]]![[06-外部资料导入/真题/imag…,,
