所在类别,来源机构/班次,原相对路径,文件名,MB,文字层分档,原语义分类,页数
01-题目,2025-2026年伽马化学专题进阶线上班,2025-2026年伽马化学专题进阶线上班\12.7号线上回放\12.7号作业答案.docx,12.7号作业答案.docx,0.81,,答案/解析,
01-题目,2025-2026年伽马化学专题进阶线上班,2025-2026年伽马化学专题进阶线上班\2026年3.15号线上回放\第二周答案.docx,第二周答案.docx,0.04,,答案/解析,
01-题目,2025-2026年伽马化学专题进阶线上班,2025-2026年伽马化学专题进阶线上班\2026年3.29号线上回放\第四周答案.pdf,第四周答案.pdf,1.74,文字版,答案/解析,6
01-题目,2026一式暑期刷题班及数据,2026一式暑期刷题班及数据\一式01\一式01.pdf,一式01.pdf,7.38,纯扫描,其他/待定,8
01-题目,2026一式暑期刷题班及数据,2026一式暑期刷题班及数据\一式01\一式01答案.pdf,一式01答案.pdf,20.6,纯扫描,答案/解析,14
01-题目,2026一式暑期刷题班及数据,2026一式暑期刷题班及数据\一式02\一式02.pdf,一式02.pdf,6.69,纯扫描,其他/待定,7
01-题目,2026一式暑期刷题班及数据,2026一式暑期刷题班及数据\一式02\一式02答案.pdf,一式02答案.pdf,5.54,纯扫描,答案/解析,13
01-题目,2026一式暑期刷题班及数据,2026一式暑期刷题班及数据\一式03\一式03.pdf,一式03.pdf,7.38,纯扫描,其他/待定,8
01-题目,2026一式暑期刷题班及数据,2026一式暑期刷题班及数据\一式03\一式03答案.pdf,一式03答案.pdf,5.77,纯扫描,答案/解析,14
01-题目,2026一式暑期刷题班及数据,2026一式暑期刷题班及数据\一式04\一式04.pdf,一式04.pdf,7.0,纯扫描,其他/待定,8
01-题目,2026一式暑期刷题班及数据,2026一式暑期刷题班及数据\一式04\一式04答案.pdf,一式04答案.pdf,5.74,纯扫描,答案/解析,14
01-题目,2026一式暑期刷题班及数据,2026一式暑期刷题班及数据\一式05\一式05.pdf,一式05.pdf,6.58,纯扫描,其他/待定,7
01-题目,2026一式暑期刷题班及数据,2026一式暑期刷题班及数据\一式05\一式05答案.pdf,一式05答案.pdf,5.12,纯扫描,答案/解析,13
01-题目,2026一式暑期刷题班及数据,2026一式暑期刷题班及数据\一式06\一式06.pdf,一式06.pdf,5.83,纯扫描,其他/待定,8
01-题目,2026一式暑期刷题班及数据,2026一式暑期刷题班及数据\一式06\一式06答案.pdf,一式06答案.pdf,5.37,纯扫描,答案/解析,14
01-题目,2026一式暑期刷题班及数据,2026一式暑期刷题班及数据\一式07\一式07.pdf,一式07.pdf,5.11,纯扫描,其他/待定,7
01-题目,2026一式暑期刷题班及数据,2026一式暑期刷题班及数据\一式07\一式07答案.pdf,一式07答案.pdf,15.85,纯扫描,答案/解析,12
01-题目,2026一式暑期刷题班及数据,2026一式暑期刷题班及数据\一式08\一式08.pdf,一式08.pdf,13.6,纯扫描,其他/待定,7
01-题目,2026一式暑期刷题班及数据,2026一式暑期刷题班及数据\一式08\一式08答案.pdf,一式08答案.pdf,14.0,纯扫描,答案/解析,15
01-题目,2026一式暑期刷题班及数据,2026一式暑期刷题班及数据\一式09\一式09.pdf,一式09.pdf,13.93,纯扫描,其他/待定,7
01-题目,2026一式暑期刷题班及数据,2026一式暑期刷题班及数据\一式09\一式09答案.pdf,一式09答案.pdf,18.25,纯扫描,答案/解析,14
01-题目,2026一式暑期刷题班及数据,2026一式暑期刷题班及数据\一式10\一式10.pdf,一式10.pdf,13.5,纯扫描,其他/待定,8
01-题目,2026一式暑期刷题班及数据,2026一式暑期刷题班及数据\一式10\一式10答案.pdf,一式10答案.pdf,23.89,纯扫描,答案/解析,16
01-题目,2026伽马寒假线上班,2026伽马寒假线上班\有机\11.23\2025.11-培尖线上班L3课后题答案.docx,2025.11-培尖线上班L3课后题答案.docx,0.11,,答案/解析,
01-题目,2026伽马寒假线上班,2026伽马寒假线上班\无机\11.30\2025.11-培尖线上班L4课后题答案.docx,2025.11-培尖线上班L4课后题答案.docx,0.02,,答案/解析,
01-题目,2026伽马寒假线上班,2026伽马寒假线上班\无机\2026年1.18无机\gamma晶体结构习题.docx,gamma晶体结构习题.docx,2.38,,练习/题单,
01-题目,2026伽马寒假线上班,2026伽马寒假线上班\无机\12.21无机\习题答案手写版.pdf,习题答案手写版.pdf,3.96,文字版,答案/解析,4
01-题目,2026伽马寒假线上班,2026伽马寒假线上班\有机\11.30\亲电加成__课后题.docx,亲电加成__课后题.docx,0.24,,其他/待定,
01-题目,2026伽马寒假线上班,2026伽马寒假线上班\有机\11.30\亲电加成课后题答案.docx,亲电加成课后题答案.docx,1.91,,答案/解析,
01-题目,2026伽马寒假线上班,2026伽马寒假线上班\有机\12.7\作业(1).docx,作业(1).docx,0.67,,练习/题单,
01-题目,2026伽马寒假线上班,2026伽马寒假线上班\有机\12.21有机\作业2及答案.docx,作业2及答案.docx,6.61,,答案/解析,
01-题目,2026伽马寒假线上班,2026伽马寒假线上班\无机\11.9\无机化学一_课后习题11.9.pdf,无机化学一_课后习题11.9.pdf,0.39,文字版,练习/题单,8
01-题目,2026伽马寒假线上班,2026伽马寒假线上班\无机\2026年1.4无机\晶体题答案.pdf,晶体题答案.pdf,1.56,纯扫描,答案/解析,8
01-题目,2026伽马寒假线上班,2026伽马寒假线上班\有机\12.14有机\有机作业L6.docx,有机作业L6.docx,1.17,,练习/题单,
01-题目,2026伽马寒假线上班,2026伽马寒假线上班\有机\11.9\有机化学一_课后习题Ans11.9.pdf,有机化学一_课后习题Ans11.9.pdf,0.24,文字版,练习/题单,3
01-题目,2026伽马寒假线上班,2026伽马寒假线上班\无机\12.14无机\结构专题进阶2 课后作业.docx,结构专题进阶2 课后作业.docx,0.78,,练习/题单,
01-题目,2026伽马寒假线上班,2026伽马寒假线上班\有机\12.14有机\结构专题进阶2 课后作业答案.pdf,结构专题进阶2 课后作业答案.pdf,0.6,半文字(正文多为图),答案/解析,6
01-题目,2026伽马寒假线上班,2026伽马寒假线上班\无机\12.21无机\配合物结构习题 2025.12.21.docx,配合物结构习题 2025.12.21.docx,0.04,,练习/题单,
01-题目,2026伽马寒假线上班,2026伽马寒假线上班\无机\12.21无机\配合物结构习题 答案版.pdf,配合物结构习题 答案版.pdf,1.19,文字版,答案/解析,6
01-题目,2026伽马暑假刷题班,2026伽马暑假刷题班\伽马化学2026年暑期模拟1.pdf,伽马化学2026年暑期模拟1.pdf,0.63,文字版,模拟卷/试题,6
01-题目,2026伽马暑假刷题班,2026伽马暑假刷题班\伽马化学2026年暑期模拟10.pdf,伽马化学2026年暑期模拟10.pdf,1.06,文字版,模拟卷/试题,7
01-题目,2026伽马暑假刷题班,2026伽马暑假刷题班\伽马化学2026年暑期模拟10答案.pdf,伽马化学2026年暑期模拟10答案.pdf,2.79,文字版,答案/解析,14
01-题目,2026伽马暑假刷题班,2026伽马暑假刷题班\伽马化学2026年暑期模拟1答案.pdf,伽马化学2026年暑期模拟1答案.pdf,1.6,文字版,答案/解析,13
01-题目,2026伽马暑假刷题班,2026伽马暑假刷题班\伽马化学2026年暑期模拟2.pdf,伽马化学2026年暑期模拟2.pdf,1.1,文字版,模拟卷/试题,8
01-题目,2026伽马暑假刷题班,2026伽马暑假刷题班\伽马化学2026年暑期模拟2答案.pdf,伽马化学2026年暑期模拟2答案.pdf,2.11,文字版,答案/解析,15
01-题目,2026伽马暑假刷题班,2026伽马暑假刷题班\伽马化学2026年暑期模拟3.pdf,伽马化学2026年暑期模拟3.pdf,2.18,文字版,模拟卷/试题,7
01-题目,2026伽马暑假刷题班,2026伽马暑假刷题班\伽马化学2026年暑期模拟3答案.pdf,伽马化学2026年暑期模拟3答案.pdf,2.09,文字版,答案/解析,8
01-题目,2026伽马暑假刷题班,2026伽马暑假刷题班\伽马化学2026年暑期模拟4.pdf,伽马化学2026年暑期模拟4.pdf,1.89,文字版,模拟卷/试题,9
01-题目,2026伽马暑假刷题班,2026伽马暑假刷题班\伽马化学2026年暑期模拟4答案.pdf,伽马化学2026年暑期模拟4答案.pdf,3.13,文字版,答案/解析,16
01-题目,2026伽马暑假刷题班,2026伽马暑假刷题班\伽马化学2026年暑期模拟5.pdf,伽马化学2026年暑期模拟5.pdf,2.05,文字版,模拟卷/试题,7
01-题目,2026伽马暑假刷题班,2026伽马暑假刷题班\伽马化学2026年暑期模拟5答案.pdf,伽马化学2026年暑期模拟5答案.pdf,1.72,文字版,答案/解析,5
01-题目,2026伽马暑假刷题班,2026伽马暑假刷题班\伽马化学2026年暑期模拟6.pdf,伽马化学2026年暑期模拟6.pdf,2.18,文字版,模拟卷/试题,8
01-题目,2026伽马暑假刷题班,2026伽马暑假刷题班\伽马化学2026年暑期模拟6答案.pdf,伽马化学2026年暑期模拟6答案.pdf,2.34,文字版,答案/解析,9
01-题目,2026伽马暑假刷题班,2026伽马暑假刷题班\伽马化学2026年暑期模拟7.pdf,伽马化学2026年暑期模拟7.pdf,2.12,文字版,模拟卷/试题,8
01-题目,2026伽马暑假刷题班,2026伽马暑假刷题班\伽马化学2026年暑期模拟7答案.pdf,伽马化学2026年暑期模拟7答案.pdf,1.94,文字版,答案/解析,7
01-题目,2026伽马暑假刷题班,2026伽马暑假刷题班\伽马化学2026年暑期模拟8.pdf,伽马化学2026年暑期模拟8.pdf,1.86,文字版,模拟卷/试题,8
01-题目,2026伽马暑假刷题班,2026伽马暑假刷题班\伽马化学2026年暑期模拟9.pdf,伽马化学2026年暑期模拟9.pdf,2.29,文字版,模拟卷/试题,9
01-题目,2026伽马暑假刷题班,2026伽马暑假刷题班\伽马化学2026年暑期模拟9答案.pdf,伽马化学2026年暑期模拟9答案.pdf,4.48,文字版,答案/解析,17
01-题目,2026北斗有机北京班,2026北斗有机北京班\北京夏令营-有机巩固练习一-答案.pdf,北京夏令营-有机巩固练习一-答案.pdf,0.67,文字版,答案/解析,5
01-题目,2026北斗有机北京班,2026北斗有机北京班\北京夏令营-有机巩固练习一.pdf,北京夏令营-有机巩固练习一.pdf,0.55,文字版,练习/题单,4
01-题目,2026北斗有机北京班,2026北斗有机北京班\北京夏令营-有机巩固练习三-答案.pdf,北京夏令营-有机巩固练习三-答案.pdf,0.87,半文字(正文多为图),答案/解析,5
01-题目,2026北斗有机北京班,2026北斗有机北京班\北京夏令营-有机巩固练习三.pdf,北京夏令营-有机巩固练习三.pdf,0.55,文字版,练习/题单,4
01-题目,2026北斗有机北京班,2026北斗有机北京班\北京夏令营-有机巩固练习二-答案.pdf,北京夏令营-有机巩固练习二-答案.pdf,0.84,文字版,答案/解析,5
01-题目,2026北斗有机北京班,2026北斗有机北京班\北京夏令营-有机巩固练习二.pdf,北京夏令营-有机巩固练习二.pdf,0.61,文字版,练习/题单,5
01-题目,2026北斗有机北京班,2026北斗有机北京班\北京夏令营-有机巩固练习四-答案.pdf,北京夏令营-有机巩固练习四-答案.pdf,0.8,半文字(正文多为图),答案/解析,6
01-题目,2026北斗有机北京班,2026北斗有机北京班\北京夏令营-有机巩固练习四.pdf,北京夏令营-有机巩固练习四.pdf,0.53,文字版,练习/题单,5
01-题目,2026北斗有机北京班,2026北斗有机北京班\北京夏令营-有机综合-答案.docx,北京夏令营-有机综合-答案.docx,1.29,,答案/解析,
01-题目,2026北斗有机北京班,2026北斗有机北京班\北京夏令营-有机综合-答案.pdf,北京夏令营-有机综合-答案.pdf,1.24,文字版,答案/解析,8
01-题目,2026北斗有机北京班,2026北斗有机北京班\北京夏令营-有机综合.pdf,北京夏令营-有机综合.pdf,0.96,文字版,其他/待定,8
01-题目,2026年8月汇智长沙夏令营刷题班,2026年8月汇智长沙夏令营刷题班\答题卡\答题卡\260609-汇智起航2026年（暑假）全国化学初赛模拟试题5试题.pdf,260609-汇智起航2026年（暑假）全国化学初赛模拟试题5试题.pdf,1.99,文字版,模拟卷/试题,9
01-题目,2026年8月汇智长沙夏令营刷题班,2026年8月汇智长沙夏令营刷题班\2026暑假长沙化学刷题试题\长沙化学刷初赛模拟1.pdf,长沙化学刷初赛模拟1.pdf,16.18,纯扫描,模拟卷/试题,28
01-题目,2026年8月汇智长沙夏令营刷题班,2026年8月汇智长沙夏令营刷题班\2026暑假长沙化学刷题试题\长沙化学刷初赛模拟10.pdf,长沙化学刷初赛模拟10.pdf,9.3,纯扫描,模拟卷/试题,25
01-题目,2026年8月汇智长沙夏令营刷题班,2026年8月汇智长沙夏令营刷题班\2026暑假长沙化学刷题试题\长沙化学刷初赛模拟11.pdf,长沙化学刷初赛模拟11.pdf,16.89,纯扫描,模拟卷/试题,27
01-题目,2026年8月汇智长沙夏令营刷题班,2026年8月汇智长沙夏令营刷题班\2026暑假长沙化学刷题试题\长沙化学刷初赛模拟12.pdf,长沙化学刷初赛模拟12.pdf,9.2,纯扫描,模拟卷/试题,29
01-题目,2026年8月汇智长沙夏令营刷题班,2026年8月汇智长沙夏令营刷题班\2026暑假长沙化学刷题试题\长沙化学刷初赛模拟2.pdf,长沙化学刷初赛模拟2.pdf,6.54,纯扫描,模拟卷/试题,16
01-题目,2026年8月汇智长沙夏令营刷题班,2026年8月汇智长沙夏令营刷题班\2026暑假长沙化学刷题试题\长沙化学刷初赛模拟3.pdf,长沙化学刷初赛模拟3.pdf,7.05,纯扫描,模拟卷/试题,23
01-题目,2026年8月汇智长沙夏令营刷题班,2026年8月汇智长沙夏令营刷题班\2026暑假长沙化学刷题试题\长沙化学刷初赛模拟4.pdf,长沙化学刷初赛模拟4.pdf,11.92,纯扫描,模拟卷/试题,20
01-题目,2026年8月汇智长沙夏令营刷题班,2026年8月汇智长沙夏令营刷题班\2026暑假长沙化学刷题试题\长沙化学刷初赛模拟5.pdf,长沙化学刷初赛模拟5.pdf,3.55,纯扫描,模拟卷/试题,9
01-题目,2026年8月汇智长沙夏令营刷题班,2026年8月汇智长沙夏令营刷题班\2026暑假长沙化学刷题试题\长沙化学刷初赛模拟6.pdf,长沙化学刷初赛模拟6.pdf,6.5,纯扫描,模拟卷/试题,15
01-题目,2026年8月汇智长沙夏令营刷题班,2026年8月汇智长沙夏令营刷题班\2026暑假长沙化学刷题试题\长沙化学刷初赛模拟7.pdf,长沙化学刷初赛模拟7.pdf,7.59,纯扫描,模拟卷/试题,28
01-题目,2026年8月汇智长沙夏令营刷题班,2026年8月汇智长沙夏令营刷题班\2026暑假长沙化学刷题试题\长沙化学刷初赛模拟8.pdf,长沙化学刷初赛模拟8.pdf,8.28,纯扫描,模拟卷/试题,25
01-题目,2026年8月汇智长沙夏令营刷题班,2026年8月汇智长沙夏令营刷题班\2026暑假长沙化学刷题试题\长沙化学刷初赛模拟9.pdf,长沙化学刷初赛模拟9.pdf,8.63,纯扫描,模拟卷/试题,24
01-题目,2026年XEchem寒假班,2026年XEchem寒假班\Xechem有机答案.pdf,Xechem有机答案.pdf,11.33,纯扫描,答案/解析,21
01-题目,2026年XEchem寒假班,2026年XEchem寒假班\Xechem模拟6.pdf,Xechem模拟6.pdf,7.82,纯扫描,模拟卷/试题,11
01-题目,2026年XEchem寒假班,2026年XEchem寒假班\Xechem模拟6答案.pdf,Xechem模拟6答案.pdf,11.66,纯扫描,答案/解析,20
01-题目,2026年XEchem寒假班,2026年XEchem寒假班\Xechem模拟7.pdf,Xechem模拟7.pdf,7.23,纯扫描,模拟卷/试题,10
01-题目,2026年XEchem寒假班,2026年XEchem寒假班\Xechem模拟7答案.pdf,Xechem模拟7答案.pdf,9.99,纯扫描,答案/解析,17
01-题目,2026年XEchem寒假班,2026年XEchem寒假班\Xechem模拟8.pdf,Xechem模拟8.pdf,7.83,纯扫描,模拟卷/试题,9
01-题目,2026年XEchem寒假班,2026年XEchem寒假班\Xechem模拟9（有机）.pdf,Xechem模拟9（有机）.pdf,8.7,纯扫描,模拟卷/试题,12
01-题目,2026年XEchem寒假班,2026年XEchem寒假班\Xechem模拟一.pdf,Xechem模拟一.pdf,10.33,纯扫描,模拟卷/试题,13
01-题目,2026年XEchem寒假班,2026年XEchem寒假班\Xechem模拟一答案.pdf,Xechem模拟一答案.pdf,14.54,纯扫描,答案/解析,22
01-题目,2026年XEchem寒假班,2026年XEchem寒假班\Xechem模拟三（晶体）.pdf,Xechem模拟三（晶体）.pdf,4.29,纯扫描,模拟卷/试题,6
01-题目,2026年XEchem寒假班,2026年XEchem寒假班\Xechem模拟三（晶体）答案.pdf,Xechem模拟三（晶体）答案.pdf,8.9,纯扫描,答案/解析,13
01-题目,2026年XEchem寒假班,2026年XEchem寒假班\Xechem模拟二.pdf,Xechem模拟二.pdf,6.66,纯扫描,模拟卷/试题,9
01-题目,2026年XEchem寒假班,2026年XEchem寒假班\Xechem模拟二答案.pdf,Xechem模拟二答案.pdf,9.52,纯扫描,答案/解析,17
01-题目,2026年XEchem寒假班,2026年XEchem寒假班\Xechem模拟五.pdf,Xechem模拟五.pdf,8.84,纯扫描,模拟卷/试题,12
01-题目,2026年XEchem寒假班,2026年XEchem寒假班\Xechem模拟五答案.pdf,Xechem模拟五答案.pdf,12.67,纯扫描,答案/解析,20
01-题目,2026年XEchem寒假班,2026年XEchem寒假班\Xechem模拟四.pdf,Xechem模拟四.pdf,6.57,纯扫描,模拟卷/试题,9
01-题目,2026年XEchem寒假班,2026年XEchem寒假班\Xechem模拟四答案.pdf,Xechem模拟四答案.pdf,10.15,纯扫描,答案/解析,17
01-题目,2026年XEchem寒假班,2026年XEchem寒假班\初赛模拟8讲评_202603012138_22493.pdf,初赛模拟8讲评_202603012138_22493.pdf,12.7,文字版,模拟卷/试题,23
01-题目,2026年XeChem6月线上班,2026年XeChem6月线上班\Xe6月网课资料\T1.1.pdf,T1.1.pdf,0.38,文字版,其他/待定,2
01-题目,2026年XeChem6月线上班,2026年XeChem6月线上班\Xe6月网课资料\T1.pdf,T1.pdf,0.42,文字版,其他/待定,3
01-题目,2026年XeChem6月线上班,2026年XeChem6月线上班\Xe6月网课资料\物化答案.docx,物化答案.docx,1.09,,答案/解析,
01-题目,2026年XeChem6月线上班,2026年XeChem6月线上班\Xe6月网课资料\模拟试题\第40届XeChem初赛模拟试题（十一）.pdf,第40届XeChem初赛模拟试题（十一）.pdf,0.95,文字版,模拟卷/试题,10
01-题目,2026年XeChem6月线上班,2026年XeChem6月线上班\Xe6月网课资料\模拟试题\第40届XeChem初赛模拟试题（十一）答案.pdf,第40届XeChem初赛模拟试题（十一）答案.pdf,1.19,文字版,答案/解析,16
01-题目,2026年XeChem6月线上班,2026年XeChem6月线上班\Xe6月网课资料\模拟试题\第40届XeChem初赛模拟试题（十）.pdf,第40届XeChem初赛模拟试题（十）.pdf,0.85,文字版,模拟卷/试题,10
01-题目,2026年XeChem6月线上班,2026年XeChem6月线上班\Xe6月网课资料\模拟试题\第40届XeChem初赛模拟试题（十）答案.pdf,第40届XeChem初赛模拟试题（十）答案.pdf,1.3,文字版,答案/解析,17
01-题目,2026年chemy夏令营,2026年chemy夏令营\新-2026年暑假Chemy刷题（15套）.pdf,新-2026年暑假Chemy刷题（15套）.pdf,43.11,纯扫描,练习/题单,391
01-题目,2026年chemy夏令营,2026年chemy夏令营\第40届chemy夏季班\暑假班试卷与答案勘误.pdf,暑假班试卷与答案勘误.pdf,0.8,,,
01-题目,2026年chemy夏令营,2026年chemy夏令营\第40届chemy夏季班\第40届chemy初赛无机模拟19\第40届chemy初赛无机模拟19答案.pdf,第40届chemy初赛无机模拟19答案.pdf,8.69,,,
01-题目,2026年chemy夏令营,2026年chemy夏令营\第40届chemy夏季班\第40届chemy初赛无机模拟19\第40届chemy初赛无机模拟19试题.pdf,第40届chemy初赛无机模拟19试题.pdf,5.28,,,
01-题目,2026年chemy夏令营,2026年chemy夏令营\第40届chemy夏季班\第40届chemy初赛有机模拟20\第40届chemy初赛有机模拟20答案.pdf,第40届chemy初赛有机模拟20答案.pdf,6.16,,,
01-题目,2026年chemy夏令营,2026年chemy夏令营\第40届chemy夏季班\第40届chemy初赛有机模拟20\第40届chemy初赛有机模拟20试题.pdf,第40届chemy初赛有机模拟20试题.pdf,5.95,,,
01-题目,2026年chemy夏令营,2026年chemy夏令营\第40届chemy夏季班\第40届chemy初赛有机模拟21\第40届chemy初赛有机模拟21答案.pdf,第40届chemy初赛有机模拟21答案.pdf,8.7,,,
01-题目,2026年chemy夏令营,2026年chemy夏令营\第40届chemy夏季班\第40届chemy初赛有机模拟21\第40届chemy初赛有机模拟21试题.pdf,第40届chemy初赛有机模拟21试题.pdf,7.62,,,
01-题目,2026年chemy夏令营,2026年chemy夏令营\第40届chemy夏季班\第40届chemy初赛有机模拟22\第40届chemy初赛有机模拟22答案.pdf,第40届chemy初赛有机模拟22答案.pdf,12.28,,,
01-题目,2026年chemy夏令营,2026年chemy夏令营\第40届chemy夏季班\第40届chemy初赛有机模拟22\第40届chemy初赛有机模拟22试题.pdf,第40届chemy初赛有机模拟22试题.pdf,8.91,,,
01-题目,2026年chemy夏令营,2026年chemy夏令营\第40届chemy夏季班\第40届chemy初赛模拟10\第40届chemy初赛模拟10答案.pdf,第40届chemy初赛模拟10答案.pdf,8.78,,,
01-题目,2026年chemy夏令营,2026年chemy夏令营\第40届chemy夏季班\第40届chemy初赛模拟10\第40届chemy初赛模拟10试卷.pdf,第40届chemy初赛模拟10试卷.pdf,4.83,,,
01-题目,2026年chemy夏令营,2026年chemy夏令营\第40届chemy夏季班\第40届chemy初赛模拟11\第40届chemy初赛模拟11答案.pdf,第40届chemy初赛模拟11答案.pdf,9.53,,,
01-题目,2026年chemy夏令营,2026年chemy夏令营\第40届chemy夏季班\第40届chemy初赛模拟11\第40届chemy初赛模拟11试卷.pdf,第40届chemy初赛模拟11试卷.pdf,5.64,,,
01-题目,2026年chemy夏令营,2026年chemy夏令营\第40届chemy夏季班\第40届chemy初赛模拟12\第40届chemy初赛模拟12答案.pdf,第40届chemy初赛模拟12答案.pdf,9.88,,,
01-题目,2026年chemy夏令营,2026年chemy夏令营\第40届chemy夏季班\第40届chemy初赛模拟12\第40届chemy初赛模拟12试卷.pdf,第40届chemy初赛模拟12试卷.pdf,6.59,,,
01-题目,2026年chemy夏令营,2026年chemy夏令营\第40届chemy夏季班\第40届chemy初赛模拟13\第40届chemy初赛模拟13答案.pdf,第40届chemy初赛模拟13答案.pdf,11.35,,,
01-题目,2026年chemy夏令营,2026年chemy夏令营\第40届chemy夏季班\第40届chemy初赛模拟13\第40届chemy初赛模拟13试题.pdf,第40届chemy初赛模拟13试题.pdf,6.7,,,
01-题目,2026年chemy夏令营,2026年chemy夏令营\第40届chemy夏季班\第40届chemy初赛模拟14\第40届chemy初赛模拟14答案.pdf,第40届chemy初赛模拟14答案.pdf,10.58,,,
01-题目,2026年chemy夏令营,2026年chemy夏令营\第40届chemy夏季班\第40届chemy初赛模拟14\第40届chemy初赛模拟14试卷.pdf,第40届chemy初赛模拟14试卷.pdf,7.06,,,
01-题目,2026年chemy夏令营,2026年chemy夏令营\第40届chemy夏季班\第40届chemy初赛模拟15\第40届chemy初赛模拟15答案.pdf,第40届chemy初赛模拟15答案.pdf,12.73,,,
01-题目,2026年chemy夏令营,2026年chemy夏令营\第40届chemy夏季班\第40届chemy初赛模拟15\第40届chemy初赛模拟15试题.pdf,第40届chemy初赛模拟15试题.pdf,9.38,,,
01-题目,2026年chemy夏令营,2026年chemy夏令营\第40届chemy夏季班\第40届chemy初赛模拟16\第40届chemy初赛模拟16答案.pdf,第40届chemy初赛模拟16答案.pdf,7.59,,,
01-题目,2026年chemy夏令营,2026年chemy夏令营\第40届chemy夏季班\第40届chemy初赛模拟16\第40届chemy初赛模拟16试题.pdf,第40届chemy初赛模拟16试题.pdf,5.21,,,
01-题目,2026年chemy夏令营,2026年chemy夏令营\第40届chemy夏季班\第40届chemy初赛模拟17\第40届chemy初赛模拟17答案.pdf,第40届chemy初赛模拟17答案.pdf,10.5,,,
01-题目,2026年chemy夏令营,2026年chemy夏令营\第40届chemy夏季班\第40届chemy初赛模拟17\第40届chemy初赛模拟17试题.pdf,第40届chemy初赛模拟17试题.pdf,5.97,,,
01-题目,2026年chemy夏令营,2026年chemy夏令营\第40届chemy夏季班\第40届chemy初赛模拟18\第40届chemy初赛模拟18答案.pdf,第40届chemy初赛模拟18答案.pdf,9.13,,,
01-题目,2026年chemy夏令营,2026年chemy夏令营\第40届chemy夏季班\第40届chemy初赛模拟18\第40届chemy初赛模拟18试题.pdf,第40届chemy初赛模拟18试题.pdf,5.38,,,
01-题目,2026年chemy夏令营,2026年chemy夏令营\第40届chemy夏季班\第41届chemy联赛\第41届Chemy联赛试题答案.pdf,第41届Chemy联赛试题答案.pdf,10.06,,,
01-题目,2026年chemy夏令营,2026年chemy夏令营\第40届chemy夏季班\第41届chemy联赛\第41届chemy联赛.pdf,第41届chemy联赛.pdf,6.24,,,
01-题目,2026年chemy夏令营,2026年chemy夏令营\第40届chemy夏季班\第42届chemy联赛(决赛)\第42届Chemy联赛(决赛)试题答案.pdf,第42届Chemy联赛(决赛)试题答案.pdf,9.58,,,
01-题目,2026年chemy夏令营,2026年chemy夏令营\第40届chemy夏季班\第42届chemy联赛(决赛)\第42届chemy联赛(决赛).pdf,第42届chemy联赛(决赛).pdf,6.21,,,
01-题目,2026年chemy寒假班,2026年chemy寒假班\cm化学试卷-初赛模拟试题3+答案3.pdf,cm化学试卷-初赛模拟试题3+答案3.pdf,14.25,纯扫描,答案/解析,33
01-题目,2026年chemy寒假班,2026年chemy寒假班\化学试卷-初赛模拟试题1+答案.pdf,化学试卷-初赛模拟试题1+答案.pdf,18.47,纯扫描,答案/解析,27
01-题目,2026年chemy寒假班,2026年chemy寒假班\化学试卷-初赛模拟试题4+答案.pdf,化学试卷-初赛模拟试题4+答案.pdf,11.39,纯扫描,答案/解析,25
01-题目,2026年chemy寒假班,2026年chemy寒假班\第40届Chemy化学奥林匹克(初赛)模拟试题2+答案.pdf,第40届Chemy化学奥林匹克(初赛)模拟试题2+答案.pdf,15.88,纯扫描,答案/解析,26
01-题目,2026年chemy寒假班,2026年chemy寒假班\第三十九届Chemy化学奥林匹克竞赛联赛试题5.pdf,第三十九届Chemy化学奥林匹克竞赛联赛试题5.pdf,1.1,文字版,模拟卷/试题,8
01-题目,2026年chemy寒假班,2026年chemy寒假班\第三十九届Chemy化学奥林匹克竞赛联赛试题答案5与评分标准.pdf,第三十九届Chemy化学奥林匹克竞赛联赛试题答案5与评分标准.pdf,1.25,文字版,答案/解析,16
01-题目,2026年五一伽马初赛模拟杭州班,2026年五一伽马初赛模拟杭州班\讲义\2026年伽马五一班模拟试卷3讲评.pdf,2026年伽马五一班模拟试卷3讲评.pdf,18.94,纯扫描,模拟卷/试题,27
01-题目,2026年五一伽马初赛模拟杭州班,2026年五一伽马初赛模拟杭州班\试题➕答案\五一伽马杭州1.pdf,五一伽马杭州1.pdf,4.42,纯扫描,其他/待定,-1
01-题目,2026年五一伽马初赛模拟杭州班,2026年五一伽马初赛模拟杭州班\试题➕答案\五一伽马杭州2.pdf,五一伽马杭州2.pdf,10.36,纯扫描,其他/待定,-1
01-题目,2026年五一伽马初赛模拟杭州班,2026年五一伽马初赛模拟杭州班\试题➕答案\五一伽马杭州3.pdf,五一伽马杭州3.pdf,9.12,纯扫描,其他/待定,-1
01-题目,2026年五一伽马初赛模拟杭州班,2026年五一伽马初赛模拟杭州班\试题➕答案\五一伽马杭州4.pdf,五一伽马杭州4.pdf,17.08,纯扫描,其他/待定,-1
01-题目,2026年五一伽马初赛模拟杭州班,2026年五一伽马初赛模拟杭州班\试题➕答案\五一伽马杭州5.pdf,五一伽马杭州5.pdf,15.26,纯扫描,其他/待定,-1
01-题目,2026年五一伽马初赛模拟杭州班,2026年五一伽马初赛模拟杭州班\试题➕答案\五一伽马杭州6.pdf,五一伽马杭州6.pdf,19.19,纯扫描,其他/待定,-1
01-题目,2026年五一伽马初赛模拟杭州班,2026年五一伽马初赛模拟杭州班\试题➕答案\五一伽马杭州答案1.pdf,五一伽马杭州答案1.pdf,2.05,纯扫描,答案/解析,-1
01-题目,2026年五一伽马初赛模拟杭州班,2026年五一伽马初赛模拟杭州班\试题➕答案\五一伽马杭州答案2.pdf,五一伽马杭州答案2.pdf,46.19,纯扫描,答案/解析,-1
01-题目,2026年五一伽马初赛模拟杭州班,2026年五一伽马初赛模拟杭州班\试题➕答案\五一伽马杭州答案3.pdf,五一伽马杭州答案3.pdf,36.85,纯扫描,答案/解析,-1
01-题目,2026年五一伽马初赛模拟杭州班,2026年五一伽马初赛模拟杭州班\试题➕答案\五一伽马杭州答案4.pdf,五一伽马杭州答案4.pdf,43.87,纯扫描,答案/解析,-1
01-题目,2026年五一伽马初赛模拟杭州班,2026年五一伽马初赛模拟杭州班\试题➕答案\五一伽马杭州答案5.pdf,五一伽马杭州答案5.pdf,40.58,纯扫描,答案/解析,-1
01-题目,2026年五一伽马初赛模拟杭州班,2026年五一伽马初赛模拟杭州班\试题➕答案\五一伽马杭州答案6.pdf,五一伽马杭州答案6.pdf,56.85,纯扫描,答案/解析,-1
01-题目,2026年五一伽马初赛模拟杭州班,2026年五一伽马初赛模拟杭州班\讲义\伽马化学2026年五一模拟1 - 讲稿.pdf,伽马化学2026年五一模拟1 - 讲稿.pdf,17.26,文字版,模拟卷/试题,19
01-题目,2026年五一伽马初赛模拟杭州班,2026年五一伽马初赛模拟杭州班\讲义\伽马化学2026年五一模拟2 - 讲稿.pdf,伽马化学2026年五一模拟2 - 讲稿.pdf,13.42,文字版,模拟卷/试题,12
01-题目,2026年五一伽马初赛模拟杭州班,2026年五一伽马初赛模拟杭州班\讲义\伽马化学2026年五一模拟4 - 讲稿.pdf,伽马化学2026年五一模拟4 - 讲稿.pdf,12.65,文字版,模拟卷/试题,15
01-题目,2026年五一伽马初赛模拟杭州班,2026年五一伽马初赛模拟杭州班\讲义\伽马化学2026年五一模拟5 - 讲稿(1).pdf,伽马化学2026年五一模拟5 - 讲稿(1).pdf,8.53,文字版,模拟卷/试题,11
01-题目,2026年五一伽马初赛模拟杭州班,2026年五一伽马初赛模拟杭州班\讲义\伽马化学2026年五一模拟6 - 讲稿.pdf,伽马化学2026年五一模拟6 - 讲稿.pdf,9.75,文字版,模拟卷/试题,11
01-题目,2026年化英社4月春季班,2026年化英社4月春季班\2026化英社 春季班试卷\7\初赛模拟7答案(已优化).pdf,初赛模拟7答案(已优化).pdf,52.76,纯扫描,答案/解析,20
01-题目,2026年化英社4月春季班,2026年化英社4月春季班\2026化英社 春季班试卷\7\初赛模拟7答案.pdf,初赛模拟7答案.pdf,6.54,纯扫描,答案/解析,20
01-题目,2026年化英社4月春季班,2026年化英社4月春季班\2026化英社 春季班试卷\7\初赛模拟7试卷(已优化).pdf,初赛模拟7试卷(已优化).pdf,32.12,纯扫描,模拟卷/试题,12
01-题目,2026年化英社4月春季班,2026年化英社4月春季班\2026化英社 春季班试卷\7\初赛模拟7试卷.pdf,初赛模拟7试卷.pdf,4.13,纯扫描,模拟卷/试题,12
01-题目,2026年化英社4月春季班,2026年化英社4月春季班\2026化英社 春季班试卷\9\初赛模拟9答案.pdf,初赛模拟9答案.pdf,3.33,纯扫描,答案/解析,13
01-题目,2026年化英社4月春季班,2026年化英社4月春季班\2026化英社 春季班试卷\9\初赛模拟9答案（清晰版）.pdf,初赛模拟9答案（清晰版）.pdf,5.37,纯扫描,答案/解析,13
01-题目,2026年化英社4月春季班,2026年化英社4月春季班\2026化英社 春季班试卷\有机\春季-有机专题1试卷(已优化).pdf,春季-有机专题1试卷(已优化).pdf,22.49,纯扫描,模拟卷/试题,12
01-题目,2026年化英社4月春季班,2026年化英社4月春季班\2026化英社 春季班试卷\有机\春季-有机专题1试卷.pdf,春季-有机专题1试卷.pdf,3.66,纯扫描,模拟卷/试题,12
01-题目,2026年化英社4月春季班,2026年化英社4月春季班\2026化英社 春季班试卷\9\春季模拟试题9试题-清晰版.pdf,春季模拟试题9试题-清晰版.pdf,2.59,纯扫描,模拟卷/试题,6
01-题目,2026年化英社4月春季班,2026年化英社4月春季班\2026化英社 春季班试卷\9\春季模拟试题9试题.pdf,春季模拟试题9试题.pdf,0.83,纯扫描,模拟卷/试题,6
01-题目,2026年化英社4月春季班,2026年化英社4月春季班\2026化英社 春季班试卷\决赛模拟\第40届决赛模拟1答案(已优化).pdf,第40届决赛模拟1答案(已优化).pdf,54.24,纯扫描,答案/解析,19
01-题目,2026年化英社4月春季班,2026年化英社4月春季班\2026化英社 春季班试卷\决赛模拟\第40届决赛模拟1答案.pdf,第40届决赛模拟1答案.pdf,10.26,纯扫描,答案/解析,19
01-题目,2026年化英社4月春季班,2026年化英社4月春季班\2026化英社 春季班试卷\决赛模拟\第40届决赛模拟1（清晰版）.pdf,第40届决赛模拟1（清晰版）.pdf,4.62,纯扫描,模拟卷/试题,10
01-题目,2026年化英社4月春季班,2026年化英社4月春季班\2026化英社 春季班试卷\10\第40届初赛模拟10（清晰版）.pdf,第40届初赛模拟10（清晰版）.pdf,4.73,纯扫描,模拟卷/试题,8
01-题目,2026年化英社4月春季班,2026年化英社4月春季班\2026化英社 春季班试卷\11\第40届初赛模拟11（清晰版）.pdf,第40届初赛模拟11（清晰版）.pdf,7.18,纯扫描,模拟卷/试题,14
01-题目,2026年化英社4月春季班,2026年化英社4月春季班\2026化英社 春季班试卷\10\第40届初赛模拟试题10参考答案（清晰版）.pdf,第40届初赛模拟试题10参考答案（清晰版）.pdf,7.11,纯扫描,答案/解析,16
01-题目,2026年化英社4月春季班,2026年化英社4月春季班\2026化英社 春季班试卷\11\第40届初赛模拟试题11答案-清晰版.pdf,第40届初赛模拟试题11答案-清晰版.pdf,9.93,纯扫描,答案/解析,19
01-题目,2026年化英社五一物化班,2026年化英社五一物化班\2026年化英社五一物化班\华英社 物化专题 2026五一期间\化英社2026第40届决赛物化专题2试卷（清晰版）.pdf,化英社2026第40届决赛物化专题2试卷（清晰版）.pdf,5.0,纯扫描,模拟卷/试题,10
01-题目,2026年化英社五一物化班,2026年化英社五一物化班\2026年化英社五一物化班\华英社 物化专题 2026五一期间\第40届决赛模拟试题2答案（清晰版）.pdf,第40届决赛模拟试题2答案（清晰版）.pdf,9.32,纯扫描,答案/解析,20
01-题目,2026年化英社五一物化班,2026年化英社五一物化班\2026年化英社五一物化班\华英社 物化专题 2026五一期间\第40届化英社化学奥林匹克(决赛)模拟试题3参考答案（清晰版）.pdf,第40届化英社化学奥林匹克(决赛)模拟试题3参考答案（清晰版）.pdf,9.78,纯扫描,答案/解析,18
01-题目,2026年化英社五一物化班,2026年化英社五一物化班\2026年化英社五一物化班\华英社 物化专题 2026五一期间\第40届化英社化学奥林匹克（决赛）模拟试题3.pdf,第40届化英社化学奥林匹克（决赛）模拟试题3.pdf,2.23,纯扫描,模拟卷/试题,10
01-题目,2026年化英社五一物化班,2026年化英社五一物化班\2026年化英社五一物化班\华英社 物化专题 2026五一期间\第40届化英社化学奥林匹克（决赛）模拟试题3（清晰）.pdf,第40届化英社化学奥林匹克（决赛）模拟试题3（清晰）.pdf,4.56,纯扫描,模拟卷/试题,10
01-题目,2026年化英社五一物化班,2026年化英社五一物化班\2026年化英社五一物化班\华英社 物化专题 2026五一期间\第40届化英社化学奥林匹克（初赛）模拟试题13（高清版）.pdf,第40届化英社化学奥林匹克（初赛）模拟试题13（高清版）.pdf,4.57,纯扫描,模拟卷/试题,11
01-题目,2026年化英社五一物化班,2026年化英社五一物化班\2026年化英社五一物化班\华英社 物化专题 2026五一期间\第40届化英社奥林匹克（决赛）模拟试题2 试卷（清晰）.pdf,第40届化英社奥林匹克（决赛）模拟试题2 试卷（清晰）.pdf,6.48,纯扫描,模拟卷/试题,13
01-题目,2026年化英社五一物化班,2026年化英社五一物化班\2026年化英社五一物化班\华英社 物化专题 2026五一期间\第40届化英社奥林匹克（初赛）模拟试题13 答案（清晰）.pdf,第40届化英社奥林匹克（初赛）模拟试题13 答案（清晰）.pdf,7.3,纯扫描,答案/解析,18
01-题目,2026年化英社寒假年前班,2026年化英社寒假年前班\化英社寒假初赛模拟 1.pdf,化英社寒假初赛模拟 1.pdf,27.48,纯扫描,模拟卷/试题,30
01-题目,2026年化英社寒假年前班,2026年化英社寒假年前班\化英社寒假初赛模拟 2.pdf,化英社寒假初赛模拟 2.pdf,16.67,纯扫描,模拟卷/试题,23
01-题目,2026年化英社寒假年前班,2026年化英社寒假年前班\化英社寒假初赛模拟 3.pdf,化英社寒假初赛模拟 3.pdf,27.99,纯扫描,模拟卷/试题,32
01-题目,2026年化英社年后寒假班,2026年化英社年后寒假班\化英社年后国初模拟 1.pdf,化英社年后国初模拟 1.pdf,19.07,纯扫描,模拟卷/试题,26
01-题目,2026年化英社年后寒假班,2026年化英社年后寒假班\化英社年后国初模拟 2.pdf,化英社年后国初模拟 2.pdf,25.51,纯扫描,模拟卷/试题,28
01-题目,2026年化英社年后寒假班,2026年化英社年后寒假班\化英社年后国初模拟 3.pdf,化英社年后国初模拟 3.pdf,20.16,纯扫描,模拟卷/试题,23
01-题目,2026年化英社春季联考线上班,2026年化英社春季联考线上班\化英社春季联考1\第40届化英社化学奥林匹克（初赛）春季联考1 答案(1).pdf,第40届化英社化学奥林匹克（初赛）春季联考1 答案(1).pdf,4.13,纯扫描,答案/解析,14
01-题目,2026年化英社春季联考线上班,2026年化英社春季联考线上班\化英社春季联考1\第40届化英社化学奥林匹克（初赛）春季联考1.pdf,第40届化英社化学奥林匹克（初赛）春季联考1.pdf,2.76,纯扫描,模拟卷/试题,8
01-题目,2026年化英社春季联考线上班,2026年化英社春季联考线上班\化英社春季联考2\第40届化英社化学奥林匹克（初赛）春季联考2 答案.pdf,第40届化英社化学奥林匹克（初赛）春季联考2 答案.pdf,4.28,纯扫描,答案/解析,18
01-题目,2026年化英社春季联考线上班,2026年化英社春季联考线上班\化英社春季联考2\第40届化英社化学奥林匹克（初赛）春季联考2.pdf,第40届化英社化学奥林匹克（初赛）春季联考2.pdf,2.81,纯扫描,模拟卷/试题,10
01-题目,2026年化英社春季联考线上班,2026年化英社春季联考线上班\化英社春季联考3\第40届化英社化学奥林匹克（初赛）春季联考3答案.pdf,第40届化英社化学奥林匹克（初赛）春季联考3答案.pdf,3.9,文字版,答案/解析,18
01-题目,2026年化英社春季联考线上班,2026年化英社春季联考线上班\化英社春季联考3\第40届化英社化学奥林匹克（初赛）春季联考3试卷.pdf,第40届化英社化学奥林匹克（初赛）春季联考3试卷.pdf,2.39,文字版,模拟卷/试题,10
01-题目,2026年化英社春季联考线上班,2026年化英社春季联考线上班\化英社春季联考4\第40届化英社化学奥林匹克（初赛）春季联考4参考答案.pdf,第40届化英社化学奥林匹克（初赛）春季联考4参考答案.pdf,4.14,文字版,答案/解析,14
01-题目,2026年化英社春季联考线上班,2026年化英社春季联考线上班\化英社春季联考4\第40届化英社化学奥林匹克（初赛）春季联考4试卷.pdf,第40届化英社化学奥林匹克（初赛）春季联考4试卷.pdf,1.94,文字版,模拟卷/试题,7
01-题目,2026年化英社春季联考线上班,2026年化英社春季联考线上班\化英社春季联考5\第40届化英社化学奥林匹克（初赛）春季联考5 答案.pdf,第40届化英社化学奥林匹克（初赛）春季联考5 答案.pdf,3.82,文字版,答案/解析,16
01-题目,2026年化英社春季联考线上班,2026年化英社春季联考线上班\化英社春季联考5\第40届化英社化学奥林匹克（初赛）春季联考5.pdf,第40届化英社化学奥林匹克（初赛）春季联考5.pdf,2.71,纯扫描,模拟卷/试题,10
01-题目,2026年化英社春季联考线上班,2026年化英社春季联考线上班\化英社春季联考6\第40届化英社化学奥林匹克（初赛）春季联考6 答案-final.pdf,第40届化英社化学奥林匹克（初赛）春季联考6 答案-final.pdf,3.89,纯扫描,答案/解析,16
01-题目,2026年化英社春季联考线上班,2026年化英社春季联考线上班\化英社春季联考6\第40届化英社化学奥林匹克（初赛）春季联考6-final.pdf,第40届化英社化学奥林匹克（初赛）春季联考6-final.pdf,2.47,纯扫描,模拟卷/试题,9
01-题目,2026年壹尖五一有机密训班,2026年壹尖五一有机密训班\五一有机密训测试卷-3套\模拟测试卷1.pdf,模拟测试卷1.pdf,1.03,文字版,模拟卷/试题,9
01-题目,2026年壹尖五一有机密训班,2026年壹尖五一有机密训班\五一有机密训测试卷-3套\模拟测试卷1参考答案.pdf,模拟测试卷1参考答案.pdf,1.73,文字版,答案/解析,14
01-题目,2026年壹尖五一有机密训班,2026年壹尖五一有机密训班\五一有机密训测试卷-3套\模拟测试卷2.pdf,模拟测试卷2.pdf,1.53,文字版,模拟卷/试题,10
01-题目,2026年壹尖五一有机密训班,2026年壹尖五一有机密训班\五一有机密训测试卷-3套\模拟测试卷2答案.pdf,模拟测试卷2答案.pdf,1.66,文字版,答案/解析,11
01-题目,2026年壹尖五一有机密训班,2026年壹尖五一有机密训班\五一有机密训测试卷-3套\模拟测试卷3.pdf,模拟测试卷3.pdf,1.36,文字版,模拟卷/试题,10
01-题目,2026年壹尖五一有机密训班,2026年壹尖五一有机密训班\五一有机密训测试卷-3套\模拟测试卷3参考答案.pdf,模拟测试卷3参考答案.pdf,2.81,文字版,答案/解析,15
01-题目,2026年壹尖培优夏令营（国初高端冲刺营）,2026年壹尖培优夏令营（国初高端冲刺营）\第40届中国化学奥林匹克（初赛）模拟试题和答题卡\第 40 届中国化学奥林匹克（初赛）模拟试题1.pdf,第 40 届中国化学奥林匹克（初赛）模拟试题1.pdf,0.73,文字版,模拟卷/试题,6
01-题目,2026年壹尖培优夏令营（国初高端冲刺营）,2026年壹尖培优夏令营（国初高端冲刺营）\第40届中国化学奥林匹克（初赛）模拟试题和答题卡\第 40 届中国化学奥林匹克（初赛）模拟试题10.pdf,第 40 届中国化学奥林匹克（初赛）模拟试题10.pdf,1.1,文字版,模拟卷/试题,8
01-题目,2026年壹尖培优夏令营（国初高端冲刺营）,2026年壹尖培优夏令营（国初高端冲刺营）\第40届中国化学奥林匹克（初赛）模拟试题答案\第 40 届中国化学奥林匹克（初赛）模拟试题10参考答案.pdf,第 40 届中国化学奥林匹克（初赛）模拟试题10参考答案.pdf,1.33,文字版,答案/解析,6
01-题目,2026年壹尖培优夏令营（国初高端冲刺营）,2026年壹尖培优夏令营（国初高端冲刺营）\第40届中国化学奥林匹克（初赛）模拟试题和答题卡\第 40 届中国化学奥林匹克（初赛）模拟试题11.pdf,第 40 届中国化学奥林匹克（初赛）模拟试题11.pdf,0.76,文字版,模拟卷/试题,6
01-题目,2026年壹尖培优夏令营（国初高端冲刺营）,2026年壹尖培优夏令营（国初高端冲刺营）\第40届中国化学奥林匹克（初赛）模拟试题答案\第 40 届中国化学奥林匹克（初赛）模拟试题11参考答案.pdf,第 40 届中国化学奥林匹克（初赛）模拟试题11参考答案.pdf,1.2,文字版,答案/解析,6
01-题目,2026年壹尖培优夏令营（国初高端冲刺营）,2026年壹尖培优夏令营（国初高端冲刺营）\第40届中国化学奥林匹克（初赛）模拟试题和答题卡\第 40 届中国化学奥林匹克（初赛）模拟试题12.pdf,第 40 届中国化学奥林匹克（初赛）模拟试题12.pdf,1.49,文字版,模拟卷/试题,8
01-题目,2026年壹尖培优夏令营（国初高端冲刺营）,2026年壹尖培优夏令营（国初高端冲刺营）\第40届中国化学奥林匹克（初赛）模拟试题答案\第 40 届中国化学奥林匹克（初赛）模拟试题12参考答案.pdf,第 40 届中国化学奥林匹克（初赛）模拟试题12参考答案.pdf,1.38,文字版,答案/解析,7
01-题目,2026年壹尖培优夏令营（国初高端冲刺营）,2026年壹尖培优夏令营（国初高端冲刺营）\第40届中国化学奥林匹克（初赛）模拟试题和答题卡\第 40 届中国化学奥林匹克（初赛）模拟试题13.pdf,第 40 届中国化学奥林匹克（初赛）模拟试题13.pdf,1.22,文字版,模拟卷/试题,8
01-题目,2026年壹尖培优夏令营（国初高端冲刺营）,2026年壹尖培优夏令营（国初高端冲刺营）\第40届中国化学奥林匹克（初赛）模拟试题答案\第 40 届中国化学奥林匹克（初赛）模拟试题13参考答案.pdf,第 40 届中国化学奥林匹克（初赛）模拟试题13参考答案.pdf,2.64,文字版,答案/解析,7
01-题目,2026年壹尖培优夏令营（国初高端冲刺营）,2026年壹尖培优夏令营（国初高端冲刺营）\第40届中国化学奥林匹克（初赛）模拟试题答案\第 40 届中国化学奥林匹克（初赛）模拟试题1参考答案.pdf,第 40 届中国化学奥林匹克（初赛）模拟试题1参考答案.pdf,0.94,文字版,答案/解析,8
01-题目,2026年壹尖培优夏令营（国初高端冲刺营）,2026年壹尖培优夏令营（国初高端冲刺营）\第40届中国化学奥林匹克（初赛）模拟试题和答题卡\第 40 届中国化学奥林匹克（初赛）模拟试题2.pdf,第 40 届中国化学奥林匹克（初赛）模拟试题2.pdf,1.07,文字版,模拟卷/试题,7
01-题目,2026年壹尖培优夏令营（国初高端冲刺营）,2026年壹尖培优夏令营（国初高端冲刺营）\第40届中国化学奥林匹克（初赛）模拟试题答案\第 40 届中国化学奥林匹克（初赛）模拟试题2参考答案.pdf,第 40 届中国化学奥林匹克（初赛）模拟试题2参考答案.pdf,3.06,文字版,答案/解析,9
01-题目,2026年壹尖培优夏令营（国初高端冲刺营）,2026年壹尖培优夏令营（国初高端冲刺营）\第40届中国化学奥林匹克（初赛）模拟试题和答题卡\第 40 届中国化学奥林匹克（初赛）模拟试题4.pdf,第 40 届中国化学奥林匹克（初赛）模拟试题4.pdf,0.67,文字版,模拟卷/试题,6
01-题目,2026年壹尖培优夏令营（国初高端冲刺营）,2026年壹尖培优夏令营（国初高端冲刺营）\第40届中国化学奥林匹克（初赛）模拟试题答案\第 40 届中国化学奥林匹克（初赛）模拟试题4参考答案.pdf,第 40 届中国化学奥林匹克（初赛）模拟试题4参考答案.pdf,2.05,文字版,答案/解析,8
01-题目,2026年壹尖培优夏令营（国初高端冲刺营）,2026年壹尖培优夏令营（国初高端冲刺营）\第40届中国化学奥林匹克（初赛）模拟试题和答题卡\第 40 届中国化学奥林匹克（初赛）模拟试题5.pdf,第 40 届中国化学奥林匹克（初赛）模拟试题5.pdf,1.16,文字版,模拟卷/试题,8
01-题目,2026年壹尖培优夏令营（国初高端冲刺营）,2026年壹尖培优夏令营（国初高端冲刺营）\第40届中国化学奥林匹克（初赛）模拟试题答案\第 40 届中国化学奥林匹克（初赛）模拟试题5答案.pdf,第 40 届中国化学奥林匹克（初赛）模拟试题5答案.pdf,1.8,文字版,答案/解析,10
01-题目,2026年壹尖培优夏令营（国初高端冲刺营）,2026年壹尖培优夏令营（国初高端冲刺营）\第40届中国化学奥林匹克（初赛）模拟试题和答题卡\第 40 届中国化学奥林匹克（初赛）模拟试题6.pdf,第 40 届中国化学奥林匹克（初赛）模拟试题6.pdf,0.98,文字版,模拟卷/试题,7
01-题目,2026年壹尖培优夏令营（国初高端冲刺营）,2026年壹尖培优夏令营（国初高端冲刺营）\第40届中国化学奥林匹克（初赛）模拟试题答案\第 40 届中国化学奥林匹克（初赛）模拟试题6答案.pdf,第 40 届中国化学奥林匹克（初赛）模拟试题6答案.pdf,1.77,文字版,答案/解析,9
01-题目,2026年壹尖培优夏令营（国初高端冲刺营）,2026年壹尖培优夏令营（国初高端冲刺营）\第40届中国化学奥林匹克（初赛）模拟试题和答题卡\第 40 届中国化学奥林匹克（初赛）模拟试题7.pdf,第 40 届中国化学奥林匹克（初赛）模拟试题7.pdf,0.77,文字版,模拟卷/试题,6
01-题目,2026年壹尖培优夏令营（国初高端冲刺营）,2026年壹尖培优夏令营（国初高端冲刺营）\第40届中国化学奥林匹克（初赛）模拟试题答案\第 40 届中国化学奥林匹克（初赛）模拟试题7答案.pdf,第 40 届中国化学奥林匹克（初赛）模拟试题7答案.pdf,1.94,文字版,答案/解析,7
01-题目,2026年壹尖培优夏令营（国初高端冲刺营）,2026年壹尖培优夏令营（国初高端冲刺营）\第40届中国化学奥林匹克（初赛）模拟试题和答题卡\第 40 届中国化学奥林匹克（初赛）模拟试题8.pdf,第 40 届中国化学奥林匹克（初赛）模拟试题8.pdf,0.83,文字版,模拟卷/试题,6
01-题目,2026年壹尖培优夏令营（国初高端冲刺营）,2026年壹尖培优夏令营（国初高端冲刺营）\第40届中国化学奥林匹克（初赛）模拟试题答案\第 40 届中国化学奥林匹克（初赛）模拟试题8答案.pdf,第 40 届中国化学奥林匹克（初赛）模拟试题8答案.pdf,1.94,文字版,答案/解析,7
01-题目,2026年壹尖培优夏令营（国初高端冲刺营）,2026年壹尖培优夏令营（国初高端冲刺营）\第40届中国化学奥林匹克（初赛）模拟试题和答题卡\第 40 届中国化学奥林匹克（初赛）模拟试题9.pdf,第 40 届中国化学奥林匹克（初赛）模拟试题9.pdf,0.89,文字版,模拟卷/试题,8
01-题目,2026年壹尖培优夏令营（国初高端冲刺营）,2026年壹尖培优夏令营（国初高端冲刺营）\第40届中国化学奥林匹克（初赛）模拟试题答案\第 40 届中国化学奥林匹克（初赛）模拟试题9参考答案.pdf,第 40 届中国化学奥林匹克（初赛）模拟试题9参考答案.pdf,1.91,文字版,答案/解析,7
01-题目,2026年壹尖培优夏令营（国初高端冲刺营）,2026年壹尖培优夏令营（国初高端冲刺营）\第40届中国化学奥林匹克（初赛）模拟试题和答题卡\第 40届中国化学奥林匹克（初赛）模拟试题3.pdf,第 40届中国化学奥林匹克（初赛）模拟试题3.pdf,1.9,文字版,模拟卷/试题,9
01-题目,2026年壹尖培优夏令营（国初高端冲刺营）,2026年壹尖培优夏令营（国初高端冲刺营）\第40届中国化学奥林匹克（初赛）模拟试题答案\第 40届中国化学奥林匹克（初赛）模拟试题3参考答案.pdf,第 40届中国化学奥林匹克（初赛）模拟试题3参考答案.pdf,1.88,文字版,答案/解析,8
01-题目,2026年壹尖广州寒假班,2026年壹尖广州寒假班\20260228广州模拟测试题.pdf,20260228广州模拟测试题.pdf,0.97,文字版,模拟卷/试题,10
01-题目,2026年壹尖广州寒假班,2026年壹尖广州寒假班\无机专题卷1.pdf,无机专题卷1.pdf,0.89,文字版,模拟卷/试题,10
01-题目,2026年壹尖广州寒假班,2026年壹尖广州寒假班\无机专题卷1答案.pdf,无机专题卷1答案.pdf,0.41,文字版,答案/解析,5
01-题目,2026年壹尖广州寒假班,2026年壹尖广州寒假班\无机专题卷2.pdf,无机专题卷2.pdf,0.33,文字版,模拟卷/试题,6
01-题目,2026年壹尖广州寒假班,2026年壹尖广州寒假班\无机专题卷2答案.pdf,无机专题卷2答案.pdf,1.26,文字版,答案/解析,7
01-题目,2026年夏令营汇智长沙班,2026年夏令营汇智长沙班\热力学等44项文件\卷1讲评..pdf,卷1讲评..pdf,36.58,文字版,模拟卷/试题,23
01-题目,2026年夏令营汇智长沙班,2026年夏令营汇智长沙班\热力学等44项文件\卷2-讲评..pdf,卷2-讲评..pdf,30.98,文字版,模拟卷/试题,20
01-题目,2026年夏令营汇智长沙班,2026年夏令营汇智长沙班\热力学等44项文件\卷3-讲评.(1).pdf,卷3-讲评.(1).pdf,51.3,文字版,模拟卷/试题,21
01-题目,2026年夏令营汇智长沙班,2026年夏令营汇智长沙班\热力学等44项文件\改汇智起航2026年暑假（刷题班）全国化学初赛模拟卷6(4).pdf,改汇智起航2026年暑假（刷题班）全国化学初赛模拟卷6(4).pdf,5.83,文字版,模拟卷/试题,30
01-题目,2026年夏令营汇智长沙班,2026年夏令营汇智长沙班\热力学等44项文件\改：汇智起航2026年暑假（刷题班）全国化学初赛模拟卷4答案-version2.pdf,改：汇智起航2026年暑假（刷题班）全国化学初赛模拟卷4答案-version2.pdf,7.51,文字版,答案/解析,28
01-题目,2026年夏令营汇智长沙班,2026年夏令营汇智长沙班\热力学等44项文件\汇智起航2026年暑假（冲刺班）结构化学初赛模拟卷1答案-250610-sjh(2)(2)(1)(1)(1)(1)(1).pdf,汇智起航2026年暑假（冲刺班）结构化学初赛模拟卷1答案-250610-sjh(2)(2)(1)(1)(1)(1)(1).pdf,7.76,文字版,答案/解析,11
01-题目,2026年夏令营汇智长沙班,2026年夏令营汇智长沙班\热力学等44项文件\汇智起航2026年（暑假）无机化学初赛模拟试题1.pdf,汇智起航2026年（暑假）无机化学初赛模拟试题1.pdf,3.13,文字版,模拟卷/试题,8
01-题目,2026年夏令营汇智长沙班,2026年夏令营汇智长沙班\热力学等44项文件\物化1解析手稿(1).pdf,物化1解析手稿(1).pdf,2.85,纯扫描,答案/解析,9
01-题目,2026年夏令营汇智长沙班,2026年夏令营汇智长沙班\热力学等44项文件\讲评 - 副本(1).pdf,讲评 - 副本(1).pdf,7.4,文字版,其他/待定,27
01-题目,2026年夏令营汇智长沙班,2026年夏令营汇智长沙班\长沙冲刺测试卷\长沙冲刺无机综合.pdf,长沙冲刺无机综合.pdf,9.5,,,
01-题目,2026年夏令营汇智长沙班,2026年夏令营汇智长沙班\长沙冲刺测试卷\长沙冲刺有机1.pdf,长沙冲刺有机1.pdf,9.57,,,
01-题目,2026年夏令营汇智长沙班,2026年夏令营汇智长沙班\长沙冲刺测试卷\长沙冲刺有机2.pdf,长沙冲刺有机2.pdf,11.65,,,
01-题目,2026年夏令营汇智长沙班,2026年夏令营汇智长沙班\长沙冲刺测试卷\长沙冲刺物化1.pdf,长沙冲刺物化1.pdf,10.43,,,
01-题目,2026年夏令营汇智长沙班,2026年夏令营汇智长沙班\长沙冲刺测试卷\长沙冲刺物化2.pdf,长沙冲刺物化2.pdf,8.41,,,
01-题目,2026年夏令营汇智长沙班,2026年夏令营汇智长沙班\长沙冲刺测试卷\长沙冲刺结构.pdf,长沙冲刺结构.pdf,8.38,,,
01-题目,2026年夏令营汇智长沙班,2026年夏令营汇智长沙班\长沙冲刺测试卷\长沙冲刺综合1.pdf,长沙冲刺综合1.pdf,11.18,,,
01-题目,2026年夏令营汇智长沙班,2026年夏令营汇智长沙班\长沙冲刺测试卷\长沙冲刺综合2.pdf,长沙冲刺综合2.pdf,9.32,,,
01-题目,2026年夏令营汇智长沙班,2026年夏令营汇智长沙班\长沙冲刺测试卷\长沙冲刺综合3.pdf,长沙冲刺综合3.pdf,9.06,,,
01-题目,2026年夏令营汇智长沙班,2026年夏令营汇智长沙班\长沙冲刺测试卷\长沙冲刺综合4.pdf,长沙冲刺综合4.pdf,8.29,,,
01-题目,2026年夏令营汇智长沙班,2026年夏令营汇智长沙班\长沙冲刺测试卷\长沙冲刺综合5.pdf,长沙冲刺综合5.pdf,8.4,,,
01-题目,2026年夏令营汇智长沙班,2026年夏令营汇智长沙班\长沙冲刺测试卷\长沙冲刺综合6.pdf,长沙冲刺综合6.pdf,10.09,,,
01-题目,2026年夏令营汇智长沙班,2026年夏令营汇智长沙班\长沙冲刺测试卷\长沙冲刺综合7.pdf,长沙冲刺综合7.pdf,8.63,,,
01-题目,2026年方圆杭州寒假班,2026年方圆杭州寒假班\方圆2026冬令营无机提高补充资料2.14\习题手稿\2.10习题三答案.pdf,2.10习题三答案.pdf,4.53,文字版,答案/解析,10
01-题目,2026年方圆杭州寒假班,2026年方圆杭州寒假班\方圆2026冬令营无机提高补充资料2.14\习题手稿\2.10习题三讲评.pdf,2.10习题三讲评.pdf,3.37,纯扫描,练习/题单,8
01-题目,2026年方圆杭州寒假班,2026年方圆杭州寒假班\方圆2026冬令营无机提高补充资料2.14\习题手稿\2.13试卷二讲评.pdf,2.13试卷二讲评.pdf,6.97,纯扫描,模拟卷/试题,9
01-题目,2026年方圆杭州寒假班,2026年方圆杭州寒假班\方圆2026冬令营无机提高补充资料2.14\习题手稿\2.6习题一答案.pdf,2.6习题一答案.pdf,0.65,文字版,答案/解析,9
01-题目,2026年方圆杭州寒假班,2026年方圆杭州寒假班\方圆2026冬令营无机提高补充资料2.14\习题手稿\2.6习题一解析.pdf,2.6习题一解析.pdf,0.45,文字版,答案/解析,2
01-题目,2026年方圆杭州寒假班,2026年方圆杭州寒假班\方圆2026冬令营无机提高补充资料2.14\习题手稿\2.7习题二答案.pdf,2.7习题二答案.pdf,2.97,文字版,答案/解析,7
01-题目,2026年方圆杭州寒假班,2026年方圆杭州寒假班\方圆2026冬令营无机提高补充资料2.14\习题手稿\2.9试卷一讲评.pdf,2.9试卷一讲评.pdf,5.96,纯扫描,模拟卷/试题,10
01-题目,2026年方圆杭州寒假班,2026年方圆杭州寒假班\方圆2026冬令营无机提高补充资料2.14\试卷及答案\无机专题试卷一.pdf,无机专题试卷一.pdf,0.99,文字版,模拟卷/试题,8
01-题目,2026年方圆杭州寒假班,2026年方圆杭州寒假班\方圆2026冬令营无机提高补充资料2.14\试卷及答案\无机专题试卷二.pdf,无机专题试卷二.pdf,0.71,文字版,模拟卷/试题,5
01-题目,2026年方圆杭州寒假班,2026年方圆杭州寒假班\2026寒假有机专题资料合集\有机2.10日晚上习题课.pdf,有机2.10日晚上习题课.pdf,7.52,纯扫描,练习/题单,10
01-题目,2026年方圆杭州寒假班,2026年方圆杭州寒假班\2026寒假有机专题资料合集\试卷2\有机化学测试2参考答案.pdf,有机化学测试2参考答案.pdf,1.64,文字版,答案/解析,15
01-题目,2026年方圆杭州寒假班,2026年方圆杭州寒假班\2026寒假有机专题资料合集\试卷1\有机化学测试题1 答案.pdf,有机化学测试题1 答案.pdf,1.9,半文字(正文多为图),答案/解析,7
01-题目,2026年方圆杭州寒假班,2026年方圆杭州寒假班\2026寒假有机专题资料合集\试卷1\有机化学测试题1.pdf,有机化学测试题1.pdf,1.35,文字版,模拟卷/试题,7
01-题目,2026年方圆杭州寒假班,2026年方圆杭州寒假班\2026寒假有机专题资料合集\有机化学试卷讲解1.pdf,有机化学试卷讲解1.pdf,6.99,文字版,模拟卷/试题,7
01-题目,2026年方圆杭州寒假班,2026年方圆杭州寒假班\2026寒假有机专题资料合集\有机化学试卷讲解2.pdf,有机化学试卷讲解2.pdf,6.84,文字版,模拟卷/试题,8
01-题目,2026年方圆杭州寒假班,2026年方圆杭州寒假班\方圆2026冬令营无机提高补充资料2.14\试卷及答案\答案--无机专题试卷一.pdf,答案--无机专题试卷一.pdf,0.64,文字版,答案/解析,5
01-题目,2026年方圆杭州寒假班,2026年方圆杭州寒假班\方圆2026冬令营无机提高补充资料2.14\试卷及答案\答案--无机专题试卷二.pdf,答案--无机专题试卷二.pdf,0.79,半文字(正文多为图),答案/解析,6
01-题目,2026年汇智五一有机班,2026年汇智五一有机班\2026五一有机营-成都\汇智起航2026年(五一期间)有机化学初赛模拟卷1(4).pdf,汇智起航2026年(五一期间)有机化学初赛模拟卷1(4).pdf,2.84,,,
01-题目,2026年汇智五一有机班,2026年汇智五一有机班\2026五一有机营-成都\汇智起航2026年(五一期间)有机化学初赛模拟卷1答案(5).pdf,汇智起航2026年(五一期间)有机化学初赛模拟卷1答案(5).pdf,2.3,,,
01-题目,2026年汇智五一有机班,2026年汇智五一有机班\2026五一有机营-成都\汇智起航2026年(五一期间)有机化学初赛模拟卷2.pdf,汇智起航2026年(五一期间)有机化学初赛模拟卷2.pdf,7.8,,,
01-题目,2026年汇智五一有机班,2026年汇智五一有机班\2026五一有机营-成都\汇智起航2026年(五一期间)有机化学初赛模拟卷2答案(3).pdf,汇智起航2026年(五一期间)有机化学初赛模拟卷2答案(3).pdf,13.5,,,
01-题目,2026年汇智杭州有机寒假班,2026年汇智杭州有机寒假班\杭州有机试题、练习题、手稿\2.5练习题及答案.pdf,2.5练习题及答案.pdf,3.36,纯扫描,答案/解析,7
01-题目,2026年汇智杭州有机寒假班,2026年汇智杭州有机寒假班\杭州有机试题、练习题、手稿\手稿\2.7晚-有机小练答案(2).pdf,2.7晚-有机小练答案(2).pdf,5.31,文字版,答案/解析,5
01-题目,2026年汇智杭州有机寒假班,2026年汇智杭州有机寒假班\杭州有机试题、练习题、手稿\2.7杭州有机化学班第三天练习题.pdf,2.7杭州有机化学班第三天练习题.pdf,5.04,纯扫描,练习/题单,8
01-题目,2026年汇智杭州有机寒假班,2026年汇智杭州有机寒假班\杭州有机试题、练习题、手稿\2026年寒假杭州有机化学班第五天练习题及答案.pdf,2026年寒假杭州有机化学班第五天练习题及答案.pdf,2.22,纯扫描,答案/解析,6
01-题目,2026年汇智杭州有机寒假班,2026年汇智杭州有机寒假班\杭州有机试题、练习题、手稿\2026年寒假杭州有机化学班练习5习题及答案.pdf,2026年寒假杭州有机化学班练习5习题及答案.pdf,3.96,纯扫描,答案/解析,12
01-题目,2026年汇智杭州有机寒假班,2026年汇智杭州有机寒假班\杭州有机试题、练习题、手稿\2026年寒假杭州有机化学班练习题4练习题及答案.pdf,2026年寒假杭州有机化学班练习题4练习题及答案.pdf,3.04,纯扫描,答案/解析,9
01-题目,2026年汇智杭州有机寒假班,2026年汇智杭州有机寒假班\杭州有机试题、练习题、手稿\有机化学专题初赛模拟卷1试题及答案.pdf,有机化学专题初赛模拟卷1试题及答案.pdf,11.36,纯扫描,答案/解析,19
01-题目,2026年汇智杭州有机寒假班,2026年汇智杭州有机寒假班\杭州有机试题、练习题、手稿\汇智起航2026年寒假有机化学专题初赛模拟卷2及答案.pdf,汇智起航2026年寒假有机化学专题初赛模拟卷2及答案.pdf,27.87,纯扫描,答案/解析,29
01-题目,2026年汇智杭州有机寒假班,2026年汇智杭州有机寒假班\杭州有机试题、练习题、手稿\手稿\汇智起航2026年（寒假）有机化学初赛模拟卷2答案-260106-hth.pdf,汇智起航2026年（寒假）有机化学初赛模拟卷2答案-260106-hth.pdf,3.27,文字版,答案/解析,18
01-题目,2026年汇智杭州有机寒假班,2026年汇智杭州有机寒假班\杭州有机试题、练习题、手稿\手稿\练习1 (1).pdf,练习1 (1).pdf,8.75,半文字(正文多为图),练习/题单,6
01-题目,2026年汇智杭州有机寒假班,2026年汇智杭州有机寒假班\杭州有机试题、练习题、手稿\手稿\练习5.pdf,练习5.pdf,2.08,半文字(正文多为图),练习/题单,8
01-题目,2026年清北营4月春季班,2026年清北营4月春季班\清北营 2026 春季研讨班\春季模拟1.pdf,春季模拟1.pdf,12.07,纯扫描,模拟卷/试题,11
01-题目,2026年清北营4月春季班,2026年清北营4月春季班\清北营 2026 春季研讨班\春季模拟10.pdf,春季模拟10.pdf,13.14,纯扫描,模拟卷/试题,10
01-题目,2026年清北营4月春季班,2026年清北营4月春季班\清北营 2026 春季研讨班\春季模拟11.pdf,春季模拟11.pdf,21.42,纯扫描,模拟卷/试题,16
01-题目,2026年清北营4月春季班,2026年清北营4月春季班\清北营 2026 春季研讨班\春季模拟12.pdf,春季模拟12.pdf,14.81,纯扫描,模拟卷/试题,12
01-题目,2026年清北营4月春季班,2026年清北营4月春季班\清北营 2026 春季研讨班\春季模拟2.pdf,春季模拟2.pdf,14.44,纯扫描,模拟卷/试题,11
01-题目,2026年清北营4月春季班,2026年清北营4月春季班\清北营 2026 春季研讨班\春季模拟3.pdf,春季模拟3.pdf,16.57,纯扫描,模拟卷/试题,12
01-题目,2026年清北营4月春季班,2026年清北营4月春季班\清北营 2026 春季研讨班\春季模拟4.pdf,春季模拟4.pdf,15.64,纯扫描,模拟卷/试题,12
01-题目,2026年清北营4月春季班,2026年清北营4月春季班\清北营 2026 春季研讨班\春季模拟5.pdf,春季模拟5.pdf,17.0,纯扫描,模拟卷/试题,13
01-题目,2026年清北营4月春季班,2026年清北营4月春季班\清北营 2026 春季研讨班\春季模拟6.pdf,春季模拟6.pdf,19.09,纯扫描,模拟卷/试题,16
01-题目,2026年清北营4月春季班,2026年清北营4月春季班\清北营 2026 春季研讨班\春季模拟7.pdf,春季模拟7.pdf,17.81,纯扫描,模拟卷/试题,13
01-题目,2026年清北营4月春季班,2026年清北营4月春季班\清北营 2026 春季研讨班\春季模拟8.pdf,春季模拟8.pdf,14.22,纯扫描,模拟卷/试题,12
01-题目,2026年清北营4月春季班,2026年清北营4月春季班\清北营 2026 春季研讨班\春季模拟9.pdf,春季模拟9.pdf,18.03,纯扫描,模拟卷/试题,13
01-题目,2026年清北营6月物化班,2026年清北营6月物化班\清北营2026年物化专题班(试卷2)答案.pdf,清北营2026年物化专题班(试卷2)答案.pdf,5.48,纯扫描,答案/解析,10
01-题目,2026年清北营6月物化班,2026年清北营6月物化班\清北营2026年物化专题班试卷1.pdf,清北营2026年物化专题班试卷1.pdf,3.34,纯扫描,模拟卷/试题,6
01-题目,2026年清北营6月物化班,2026年清北营6月物化班\清北营2026年物化专题班试卷1答案.pdf,清北营2026年物化专题班试卷1答案.pdf,6.44,纯扫描,答案/解析,13
01-题目,2026年清北营6月物化班,2026年清北营6月物化班\清北营2026年物化专题班试卷2.pdf,清北营2026年物化专题班试卷2.pdf,2.89,纯扫描,模拟卷/试题,4
01-题目,2026年清北营寒假班,2026年清北营寒假班\2026年清北营寒假高二班试卷（未修订版）(1)\2026年清北营寒假班-试卷1-参考答案.pdf,2026年清北营寒假班-试卷1-参考答案.pdf,1.2,文字版,答案/解析,14
01-题目,2026年清北营寒假班,2026年清北营寒假班\2026年清北营寒假高二班试卷（未修订版）(1)\2026年清北营寒假班-试卷1.pdf,2026年清北营寒假班-试卷1.pdf,0.74,文字版,模拟卷/试题,8
01-题目,2026年清北营寒假班,2026年清北营寒假班\2026年清北营寒假高二班试卷（未修订版）(1)\2026年清北营寒假班-试卷2-参考答案.pdf,2026年清北营寒假班-试卷2-参考答案.pdf,1.61,文字版,答案/解析,18
01-题目,2026年清北营寒假班,2026年清北营寒假班\2026年清北营寒假高二班试卷（未修订版）(1)\2026年清北营寒假班-试卷2.pdf,2026年清北营寒假班-试卷2.pdf,0.88,文字版,模拟卷/试题,9
01-题目,2026年清北营寒假班,2026年清北营寒假班\2026年清北营寒假高二班试卷（未修订版）(1)\2026年清北营寒假班-试卷3-参考答案.pdf,2026年清北营寒假班-试卷3-参考答案.pdf,1.75,文字版,答案/解析,16
01-题目,2026年清北营寒假班,2026年清北营寒假班\2026年清北营寒假高二班试卷（未修订版）(1)\2026年清北营寒假班-试卷3.pdf,2026年清北营寒假班-试卷3.pdf,0.89,文字版,模拟卷/试题,9
01-题目,2026年清北营寒假班,2026年清北营寒假班\2026年清北营寒假高二班试卷（未修订版）(1)\2026年清北营寒假班-试卷4-参考答案.pdf,2026年清北营寒假班-试卷4-参考答案.pdf,1.17,文字版,答案/解析,15
01-题目,2026年清北营寒假班,2026年清北营寒假班\2026年清北营寒假高二班试卷（未修订版）(1)\2026年清北营寒假班-试卷4.pdf,2026年清北营寒假班-试卷4.pdf,0.75,文字版,模拟卷/试题,8
01-题目,2026年清北营寒假班,2026年清北营寒假班\2026年清北营寒假高二班试卷（未修订版）(1)\2026年清北营寒假班-试卷5-参考答案.pdf,2026年清北营寒假班-试卷5-参考答案.pdf,1.38,文字版,答案/解析,15
01-题目,2026年清北营寒假班,2026年清北营寒假班\2026年清北营寒假高二班试卷（未修订版）(1)\2026年清北营寒假班-试卷5.pdf,2026年清北营寒假班-试卷5.pdf,0.59,文字版,模拟卷/试题,7
01-题目,2026方圆暑期冲刺营,2026方圆暑期冲刺营\方圆\试卷及答案电子版\卷一\卷一 答案.pdf,卷一 答案.pdf,1.77,,,
01-题目,2026方圆暑期冲刺营,2026方圆暑期冲刺营\方圆\卷一\卷一\卷一.pdf,卷一.pdf,1.84,文字版,模拟卷/试题,14
01-题目,2026方圆暑期冲刺营,2026方圆暑期冲刺营\方圆\试卷及答案电子版\卷一\卷一.pdf,卷一.pdf,1.21,,,
01-题目,2026方圆暑期冲刺营,2026方圆暑期冲刺营\方圆\卷一\卷一\卷一答案.pdf,卷一答案.pdf,2.49,文字版,答案/解析,23
01-题目,2026方圆暑期冲刺营,2026方圆暑期冲刺营\方圆\卷三\卷三\卷三.pdf,卷三.pdf,1.84,文字版,模拟卷/试题,9
01-题目,2026方圆暑期冲刺营,2026方圆暑期冲刺营\方圆\试卷及答案电子版\卷三\卷三.pdf,卷三.pdf,2.62,,,
01-题目,2026方圆暑期冲刺营,2026方圆暑期冲刺营\方圆\卷三\卷三\卷三答案.pdf,卷三答案.pdf,1.26,文字版,答案/解析,10
01-题目,2026方圆暑期冲刺营,2026方圆暑期冲刺营\方圆\试卷及答案电子版\卷三\卷三答案.pdf,卷三答案.pdf,2.27,,,
01-题目,2026方圆暑期冲刺营,2026方圆暑期冲刺营\方圆\卷二\卷二\卷二.pdf,卷二.pdf,0.85,文字版,模拟卷/试题,6
01-题目,2026方圆暑期冲刺营,2026方圆暑期冲刺营\方圆\试卷及答案电子版\卷二\卷二.pdf,卷二.pdf,2.41,,,
01-题目,2026方圆暑期冲刺营,2026方圆暑期冲刺营\方圆\卷二\卷二\卷二答案.pdf,卷二答案.pdf,1.29,文字版,答案/解析,6
01-题目,2026方圆暑期冲刺营,2026方圆暑期冲刺营\方圆\试卷及答案电子版\卷二\卷二答案.pdf,卷二答案.pdf,3.37,,,
01-题目,2026暑假化英社解题技巧班,2026暑假化英社解题技巧班\施朱鸣-计算专题-讲评.pdf,施朱鸣-计算专题-讲评.pdf,6.84,文字版,其他/待定,26
01-题目,2026暑假化英社解题技巧班,2026暑假化英社解题技巧班\第40届化英社化学奥林匹克(初赛)模拟试题15.pdf,第40届化英社化学奥林匹克(初赛)模拟试题15.pdf,5.07,纯扫描,模拟卷/试题,10
01-题目,2026暑假化英社解题技巧班,2026暑假化英社解题技巧班\第40届化英社化学奥林匹克(初赛)计算与实验.pdf,第40届化英社化学奥林匹克(初赛)计算与实验.pdf,5.94,纯扫描,其他/待定,13
01-题目,2026暑假化英社解题技巧班,2026暑假化英社解题技巧班\第40届化英社化学奥林匹克（初赛）夏季模拟14参考答案.pdf,第40届化英社化学奥林匹克（初赛）夏季模拟14参考答案.pdf,8.96,纯扫描,答案/解析,20
01-题目,2026暑假化英社解题技巧班,2026暑假化英社解题技巧班\第40届化英社化学奥林匹克（初赛）模拟试题14.pdf,第40届化英社化学奥林匹克（初赛）模拟试题14.pdf,6.79,纯扫描,模拟卷/试题,14
01-题目,2026暑假化英社解题技巧班,2026暑假化英社解题技巧班\第40届化英社化学奥林匹克（初赛）模拟试题15参考答案.pdf,第40届化英社化学奥林匹克（初赛）模拟试题15参考答案.pdf,7.69,纯扫描,答案/解析,17
01-题目,2026暑假化英社解题技巧班,2026暑假化英社解题技巧班\第40届化英社化学奥林匹克（初赛）计算与实验参考答案.pdf,第40届化英社化学奥林匹克（初赛）计算与实验参考答案.pdf,8.85,纯扫描,答案/解析,19
01-题目,2026清北营夏令营,2026清北营夏令营\清北营高二试卷（前13套）\2026年清北营暑假高二班-试卷1-参考答案.pdf,2026年清北营暑假高二班-试卷1-参考答案.pdf,1.86,文字版,答案/解析,16
01-题目,2026清北营夏令营,2026清北营夏令营\清北营高二试卷（前13套）\2026年清北营暑假高二班-试卷1.pdf,2026年清北营暑假高二班-试卷1.pdf,1.36,文字版,模拟卷/试题,9
01-题目,2026清北营夏令营,2026清北营夏令营\清北营高二试卷（前13套）\2026年清北营暑假高二班-试卷10-参考答案.pdf,2026年清北营暑假高二班-试卷10-参考答案.pdf,2.59,文字版,答案/解析,19
01-题目,2026清北营夏令营,2026清北营夏令营\清北营高二试卷（前13套）\2026年清北营暑假高二班-试卷10.pdf,2026年清北营暑假高二班-试卷10.pdf,1.58,文字版,模拟卷/试题,10
01-题目,2026清北营夏令营,2026清北营夏令营\清北营高二试卷（前13套）\2026年清北营暑假高二班-试卷11-参考答案.pdf,2026年清北营暑假高二班-试卷11-参考答案.pdf,3.02,文字版,答案/解析,18
01-题目,2026清北营夏令营,2026清北营夏令营\清北营高二试卷（前13套）\2026年清北营暑假高二班-试卷11.pdf,2026年清北营暑假高二班-试卷11.pdf,1.89,文字版,模拟卷/试题,8
01-题目,2026清北营夏令营,2026清北营夏令营\清北营高二试卷（前13套）\2026年清北营暑假高二班-试卷13-参考答案.pdf,2026年清北营暑假高二班-试卷13-参考答案.pdf,1.94,文字版,答案/解析,19
01-题目,2026清北营夏令营,2026清北营夏令营\清北营高二试卷（前13套）\2026年清北营暑假高二班-试卷13.pdf,2026年清北营暑假高二班-试卷13.pdf,1.03,文字版,模拟卷/试题,10
01-题目,2026清北营夏令营,2026清北营夏令营\清北营高二试卷（前13套）\2026年清北营暑假高二班-试卷16-参考答案.pdf,2026年清北营暑假高二班-试卷16-参考答案.pdf,2.92,文字版,答案/解析,21
01-题目,2026清北营夏令营,2026清北营夏令营\清北营高二试卷（前13套）\2026年清北营暑假高二班-试卷16.pdf,2026年清北营暑假高二班-试卷16.pdf,1.18,文字版,模拟卷/试题,12
01-题目,2026清北营夏令营,2026清北营夏令营\清北营高二试卷（前13套）\2026年清北营暑假高二班-试卷17-参考答案.pdf,2026年清北营暑假高二班-试卷17-参考答案.pdf,1.74,文字版,答案/解析,20
01-题目,2026清北营夏令营,2026清北营夏令营\清北营高二试卷（前13套）\2026年清北营暑假高二班-试卷17.pdf,2026年清北营暑假高二班-试卷17.pdf,1.16,文字版,模拟卷/试题,11
01-题目,2026清北营夏令营,2026清北营夏令营\清北营高二试卷（前13套）\2026年清北营暑假高二班-试卷2-参考答案.pdf,2026年清北营暑假高二班-试卷2-参考答案.pdf,1.94,文字版,答案/解析,15
01-题目,2026清北营夏令营,2026清北营夏令营\清北营高二试卷（前13套）\2026年清北营暑假高二班-试卷2.pdf,2026年清北营暑假高二班-试卷2.pdf,0.96,文字版,模拟卷/试题,8
01-题目,2026清北营夏令营,2026清北营夏令营\清北营高二试卷（前13套）\2026年清北营暑假高二班-试卷3-参考答案.pdf,2026年清北营暑假高二班-试卷3-参考答案.pdf,2.83,文字版,答案/解析,16
01-题目,2026清北营夏令营,2026清北营夏令营\清北营高二试卷（前13套）\2026年清北营暑假高二班-试卷3.pdf,2026年清北营暑假高二班-试卷3.pdf,2.34,文字版,模拟卷/试题,8
01-题目,2026清北营夏令营,2026清北营夏令营\清北营高二试卷（前13套）\2026年清北营暑假高二班-试卷4-参考答案.pdf,2026年清北营暑假高二班-试卷4-参考答案.pdf,2.99,文字版,答案/解析,16
01-题目,2026清北营夏令营,2026清北营夏令营\清北营高二试卷（前13套）\2026年清北营暑假高二班-试卷4.pdf,2026年清北营暑假高二班-试卷4.pdf,1.1,文字版,模拟卷/试题,8
01-题目,2026清北营夏令营,2026清北营夏令营\清北营高二试卷（前13套）\2026年清北营暑假高二班-试卷5-参考答案.pdf,2026年清北营暑假高二班-试卷5-参考答案.pdf,1.83,文字版,答案/解析,18
01-题目,2026清北营夏令营,2026清北营夏令营\清北营高二试卷（前13套）\2026年清北营暑假高二班-试卷5.pdf,2026年清北营暑假高二班-试卷5.pdf,1.06,文字版,模拟卷/试题,8
01-题目,2026清北营夏令营,2026清北营夏令营\清北营高二试卷（前13套）\2026年清北营暑假高二班-试卷6-参考答案.pdf,2026年清北营暑假高二班-试卷6-参考答案.pdf,1.59,文字版,答案/解析,16
01-题目,2026清北营夏令营,2026清北营夏令营\清北营高二试卷（前13套）\2026年清北营暑假高二班-试卷6.pdf,2026年清北营暑假高二班-试卷6.pdf,1.12,文字版,模拟卷/试题,8
01-题目,2026清北营夏令营,2026清北营夏令营\清北营高二试卷（前13套）\2026年清北营暑假高二班-试卷7-有机专题-参考答案.pdf,2026年清北营暑假高二班-试卷7-有机专题-参考答案.pdf,1.68,文字版,答案/解析,18
01-题目,2026清北营夏令营,2026清北营夏令营\清北营高二试卷（前13套）\2026年清北营暑假高二班-试卷7-有机专题.pdf,2026年清北营暑假高二班-试卷7-有机专题.pdf,1.08,文字版,模拟卷/试题,11
01-题目,2026清北营夏令营,2026清北营夏令营\清北营高二试卷（前13套）\2026年清北营暑假高二班-试卷8-参考答案.pdf,2026年清北营暑假高二班-试卷8-参考答案.pdf,1.85,文字版,答案/解析,18
01-题目,2026清北营夏令营,2026清北营夏令营\清北营高二试卷（前13套）\2026年清北营暑假高二班-试卷8.pdf,2026年清北营暑假高二班-试卷8.pdf,0.99,文字版,模拟卷/试题,8
01-题目,2026清北营夏令营,2026清北营夏令营\清北营高二试卷（前13套）\2026年清北营暑假高二班-试卷9-参考答案.pdf,2026年清北营暑假高二班-试卷9-参考答案.pdf,2.47,文字版,答案/解析,18
01-题目,2026清北营夏令营,2026清北营夏令营\清北营高二试卷（前13套）\2026年清北营暑假高二班-试卷9.pdf,2026年清北营暑假高二班-试卷9.pdf,1.12,文字版,模拟卷/试题,10
01-题目,2ChO资料汇总_20260525版(1),2ChO资料汇总_20260525版(1)\2026年中学生化学春季研讨会试题解析\2026年中学生化学春季研讨会试题解析.pdf,2026年中学生化学春季研讨会试题解析.pdf,3.24,文字版,答案/解析,61
01-题目,2ChO资料汇总_20260525版(1),2ChO资料汇总_20260525版(1)\2026年中学生化学春季研讨会试题解析\2026年中学生化学春季研讨会试题解析补充说明.pdf,2026年中学生化学春季研讨会试题解析补充说明.pdf,0.36,文字版,答案/解析,5
01-题目,2ChO资料汇总_20260525版(1),2ChO资料汇总_20260525版(1)\第1届2ChO化学奥林匹克联考\第1届2ChO化学奥林匹克联考试题.pdf,第1届2ChO化学奥林匹克联考试题.pdf,1.47,文字版,模拟卷/试题,7
01-题目,2ChO资料汇总_20260525版(1),2ChO资料汇总_20260525版(1)\第1届2ChO化学奥林匹克联考\第1届2ChO化学奥林匹克联考试题、答案、说明与评分细则.pdf,第1届2ChO化学奥林匹克联考试题、答案、说明与评分细则.pdf,1.41,文字版,答案/解析,17
01-题目,2ChO资料汇总_20260525版(1),2ChO资料汇总_20260525版(1)\第1届2ChO化学奥林匹克联考\第1届2ChO化学奥林匹克联考试题解析.pdf,第1届2ChO化学奥林匹克联考试题解析.pdf,1.79,文字版,答案/解析,18
01-题目,2ChO资料汇总_20260525版(1),2ChO资料汇总_20260525版(1)\第2届2ChO化学奥林匹克联考\第2届2ChO化学奥林匹克联考试题.pdf,第2届2ChO化学奥林匹克联考试题.pdf,0.69,文字版,模拟卷/试题,6
01-题目,2ChO资料汇总_20260525版(1),2ChO资料汇总_20260525版(1)\第2届2ChO化学奥林匹克联考\第2届2ChO化学奥林匹克联考试题、答案、说明与评分细则.pdf,第2届2ChO化学奥林匹克联考试题、答案、说明与评分细则.pdf,1.14,文字版,答案/解析,17
01-题目,2ChO资料汇总_20260525版(1),2ChO资料汇总_20260525版(1)\第37届中国化学奥林匹克(初赛)试题解析\第37届中国化学奥林匹克(初赛)第7题补充说明_最终版_2ChO化学团队制作.pdf,第37届中国化学奥林匹克(初赛)第7题补充说明_最终版_2ChO化学团队制作.pdf,0.54,文字版,其他/待定,8
01-题目,2ChO资料汇总_20260525版(1),2ChO资料汇总_20260525版(1)\第37届中国化学奥林匹克(初赛)试题解析\第37届中国化学奥林匹克(初赛)试题解析_最终版_2ChO化学团队制作.pdf,第37届中国化学奥林匹克(初赛)试题解析_最终版_2ChO化学团队制作.pdf,1.65,文字版,答案/解析,34
01-题目,2ChO资料汇总_20260525版(1),2ChO资料汇总_20260525版(1)\第38届中国化学奥林匹克(初赛)试题解析\第38届中国化学奥林匹克(初赛)试题解析_最终版_2ChO化学团队制作.pdf,第38届中国化学奥林匹克(初赛)试题解析_最终版_2ChO化学团队制作.pdf,1.91,文字版,答案/解析,28
01-题目,2ChO资料汇总_20260525版(1),2ChO资料汇总_20260525版(1)\第39届中国化学奥林匹克(初赛)试题解析\第39届中国化学奥林匹克(初赛)试题解析_2ChO化学团队制作.pdf,第39届中国化学奥林匹克(初赛)试题解析_2ChO化学团队制作.pdf,17.84,文字版,答案/解析,67
01-题目,2ChO资料汇总_20260525版(1),2ChO资料汇总_20260525版(1)\第3届2ChO化学奥林匹克联考\第3届2ChO化学奥林匹克联考试题.pdf,第3届2ChO化学奥林匹克联考试题.pdf,1.06,文字版,模拟卷/试题,11
01-题目,2ChO资料汇总_20260525版(1),2ChO资料汇总_20260525版(1)\第3届2ChO化学奥林匹克联考\第3届2ChO化学奥林匹克联考试题、答案、说明与评分细则.pdf,第3届2ChO化学奥林匹克联考试题、答案、说明与评分细则.pdf,1.56,文字版,答案/解析,22
01-题目,2ChO资料汇总_20260525版(1),2ChO资料汇总_20260525版(1)\第3届2ChO化学奥林匹克联考\第3届2ChO化学奥林匹克联考试题解析.pdf,第3届2ChO化学奥林匹克联考试题解析.pdf,1.88,文字版,答案/解析,28
01-题目,2ChO资料汇总_20260525版(1),2ChO资料汇总_20260525版(1)\第4届2ChO化学奥林匹克联考\第4届2ChO化学奥林匹克联考试题.pdf,第4届2ChO化学奥林匹克联考试题.pdf,0.95,文字版,模拟卷/试题,10
01-题目,2ChO资料汇总_20260525版(1),2ChO资料汇总_20260525版(1)\第4届2ChO化学奥林匹克联考\第4届2ChO化学奥林匹克联考试题、答案、说明与评分细则.pdf,第4届2ChO化学奥林匹克联考试题、答案、说明与评分细则.pdf,1.57,文字版,答案/解析,26
01-题目,2ChO资料汇总_20260525版(1),2ChO资料汇总_20260525版(1)\第4届2ChO化学奥林匹克联考\第4届2ChO化学奥林匹克联考试题解析.pdf,第4届2ChO化学奥林匹克联考试题解析.pdf,1.81,文字版,答案/解析,39
01-题目,2ChO资料汇总_20260525版(1),2ChO资料汇总_20260525版(1)\第5届2ChO化学奥林匹克联考\第5届2ChO化学奥林匹克联考试题.pdf,第5届2ChO化学奥林匹克联考试题.pdf,1.19,文字版,模拟卷/试题,14
01-题目,2ChO资料汇总_20260525版(1),2ChO资料汇总_20260525版(1)\第5届2ChO化学奥林匹克联考\第5届2ChO化学奥林匹克联考试题、答案、说明与评分细则_20251124版初稿.pdf,第5届2ChO化学奥林匹克联考试题、答案、说明与评分细则_20251124版初稿.pdf,1.57,文字版,答案/解析,29
01-题目,2ChO资料汇总_20260525版(1),2ChO资料汇总_20260525版(1)\第6届2ChO化学奥林匹克联考\第6届2ChO化学奥林匹克联考试题.pdf,第6届2ChO化学奥林匹克联考试题.pdf,1.21,文字版,模拟卷/试题,12
01-题目,2ChO资料汇总_20260525版(1),2ChO资料汇总_20260525版(1)\第6届2ChO化学奥林匹克联考\第6届2ChO化学奥林匹克联考试题、答案、说明与评分细则_20260524版.pdf,第6届2ChO化学奥林匹克联考试题、答案、说明与评分细则_20260524版.pdf,1.55,文字版,答案/解析,28
01-题目,化学-夏令营-北京,化学-夏令营-北京\北京夏令营-无机巩固练习一-答案1785409364.pdf,北京夏令营-无机巩固练习一-答案1785409364.pdf,1.28,文字版,答案/解析,9
01-题目,化学-夏令营-北京,化学-夏令营-北京\北京夏令营-无机巩固练习一1785409334.pdf,北京夏令营-无机巩固练习一1785409334.pdf,0.28,文字版,练习/题单,4
01-题目,化学-夏令营-北京,化学-夏令营-北京\北京夏令营-无机巩固练习三1785602414.pdf,北京夏令营-无机巩固练习三1785602414.pdf,1.5,文字版,练习/题单,6
01-题目,化学-夏令营-北京,化学-夏令营-北京\北京夏令营-无机巩固练习二-答案1785491473.pdf,北京夏令营-无机巩固练习二-答案1785491473.pdf,0.67,文字版,答案/解析,8
01-题目,化学-夏令营-北京,化学-夏令营-北京\北京夏令营-无机巩固练习二1785491436.pdf,北京夏令营-无机巩固练习二1785491436.pdf,0.36,文字版,练习/题单,5
01-题目,化学-夏令营-北京,化学-夏令营-北京\北京夏令营-无机综合-答案.docx,北京夏令营-无机综合-答案.docx,0.36,,答案/解析,
01-题目,化学-夏令营-北京,化学-夏令营-北京\北京夏令营-无机综合.docx,北京夏令营-无机综合.docx,0.14,,其他/待定,
01-题目,汇智起航（五一期间）刷题班8套,汇智起航（五一期间）刷题班8套\汇智起航五一初赛模拟1答案.pdf,汇智起航五一初赛模拟1答案.pdf,11.41,纯扫描,答案/解析,17
01-题目,汇智起航（五一期间）刷题班8套,汇智起航（五一期间）刷题班8套\汇智起航五一初赛模拟1试卷.pdf,汇智起航五一初赛模拟1试卷.pdf,6.95,纯扫描,模拟卷/试题,9
01-题目,汇智起航（五一期间）刷题班8套,汇智起航（五一期间）刷题班8套\汇智起航五一初赛模拟2答案.pdf,汇智起航五一初赛模拟2答案.pdf,9.41,纯扫描,答案/解析,17
01-题目,汇智起航（五一期间）刷题班8套,汇智起航（五一期间）刷题班8套\汇智起航五一初赛模拟2试卷.pdf,汇智起航五一初赛模拟2试卷.pdf,10.53,纯扫描,模拟卷/试题,14
01-题目,汇智起航（五一期间）刷题班8套,汇智起航（五一期间）刷题班8套\汇智起航五一初赛模拟3答案.pdf,汇智起航五一初赛模拟3答案.pdf,4.06,纯扫描,答案/解析,7
01-题目,汇智起航（五一期间）刷题班8套,汇智起航（五一期间）刷题班8套\汇智起航五一初赛模拟3试卷.pdf,汇智起航五一初赛模拟3试卷.pdf,8.33,纯扫描,模拟卷/试题,10
01-题目,汇智起航（五一期间）刷题班8套,汇智起航（五一期间）刷题班8套\汇智起航五一初赛模拟4答案.pdf,汇智起航五一初赛模拟4答案.pdf,4.96,纯扫描,答案/解析,8
01-题目,汇智起航（五一期间）刷题班8套,汇智起航（五一期间）刷题班8套\汇智起航五一初赛模拟4试卷.pdf,汇智起航五一初赛模拟4试卷.pdf,7.04,纯扫描,模拟卷/试题,9
01-题目,汇智起航（五一期间）刷题班8套,汇智起航（五一期间）刷题班8套\汇智起航五一初赛模拟5答案.pdf,汇智起航五一初赛模拟5答案.pdf,12.16,纯扫描,答案/解析,18
01-题目,汇智起航（五一期间）刷题班8套,汇智起航（五一期间）刷题班8套\汇智起航五一初赛模拟5试卷.pdf,汇智起航五一初赛模拟5试卷.pdf,7.45,纯扫描,模拟卷/试题,10
01-题目,汇智起航（五一期间）刷题班8套,汇智起航（五一期间）刷题班8套\汇智起航五一初赛模拟6答案.pdf,汇智起航五一初赛模拟6答案.pdf,9.13,纯扫描,答案/解析,14
01-题目,汇智起航（五一期间）刷题班8套,汇智起航（五一期间）刷题班8套\汇智起航五一初赛模拟6试卷.pdf,汇智起航五一初赛模拟6试卷.pdf,5.77,纯扫描,模拟卷/试题,8
01-题目,汇智起航（五一期间）刷题班8套,汇智起航（五一期间）刷题班8套\汇智起航五一初赛模拟7答案.pdf,汇智起航五一初赛模拟7答案.pdf,11.64,纯扫描,答案/解析,16
01-题目,汇智起航（五一期间）刷题班8套,汇智起航（五一期间）刷题班8套\汇智起航五一初赛模拟7试卷.pdf,汇智起航五一初赛模拟7试卷.pdf,7.58,纯扫描,模拟卷/试题,10
01-题目,汇智起航（五一期间）刷题班8套,汇智起航（五一期间）刷题班8套\汇智起航五一初赛模拟8答案.pdf,汇智起航五一初赛模拟8答案.pdf,8.57,纯扫描,答案/解析,13
01-题目,汇智起航（五一期间）刷题班8套,汇智起航（五一期间）刷题班8套\汇智起航五一初赛模拟8试卷.pdf,汇智起航五一初赛模拟8试卷.pdf,5.98,纯扫描,模拟卷/试题,8
01-题目,第40届XeChem初赛模拟试题（暑假杭州集训）,第40届XeChem初赛模拟试题（暑假杭州集训）\第40届XeChem初赛模拟试题\1.第40届XeChem初赛模拟试题（十二）.pdf,1.第40届XeChem初赛模拟试题（十二）.pdf,15.45,纯扫描,模拟卷/试题,11
01-题目,第40届XeChem初赛模拟试题（暑假杭州集训）,第40届XeChem初赛模拟试题（暑假杭州集训）\第40届XeChem初赛模拟试题\讲义\1.第40届XeChem初赛模拟试题（十二）.pdf,1.第40届XeChem初赛模拟试题（十二）.pdf,6.42,文字版,模拟卷/试题,15
01-题目,第40届XeChem初赛模拟试题（暑假杭州集训）,第40届XeChem初赛模拟试题（暑假杭州集训）\第40届XeChem初赛模拟试题\1.第40届XeChem初赛模拟试题（十二）答案.pdf,1.第40届XeChem初赛模拟试题（十二）答案.pdf,16.52,纯扫描,答案/解析,11
01-题目,第40届XeChem初赛模拟试题（暑假杭州集训）,第40届XeChem初赛模拟试题（暑假杭州集训）\第40届XeChem初赛模拟试题\10.第40届XeChem初赛模拟试题（二十一）.pdf,10.第40届XeChem初赛模拟试题（二十一）.pdf,16.91,纯扫描,模拟卷/试题,15
01-题目,第40届XeChem初赛模拟试题（暑假杭州集训）,第40届XeChem初赛模拟试题（暑假杭州集训）\第40届XeChem初赛模拟试题\讲义\10.第40届XeChem初赛模拟试题（二十一）.pdf,10.第40届XeChem初赛模拟试题（二十一）.pdf,6.39,文字版,模拟卷/试题,21
01-题目,第40届XeChem初赛模拟试题（暑假杭州集训）,第40届XeChem初赛模拟试题（暑假杭州集训）\第40届XeChem初赛模拟试题\10.第40届XeChem初赛模拟试题（二十一）答案.pdf,10.第40届XeChem初赛模拟试题（二十一）答案.pdf,19.83,纯扫描,答案/解析,16
01-题目,第40届XeChem初赛模拟试题（暑假杭州集训）,第40届XeChem初赛模拟试题（暑假杭州集训）\第40届XeChem初赛模拟试题\11.第40届XeChem初赛模拟试题（二十二）.pdf,11.第40届XeChem初赛模拟试题（二十二）.pdf,16.8,纯扫描,模拟卷/试题,15
01-题目,第40届XeChem初赛模拟试题（暑假杭州集训）,第40届XeChem初赛模拟试题（暑假杭州集训）\第40届XeChem初赛模拟试题\讲义\11.第40届XeChem初赛模拟试题（二十二）.pdf,11.第40届XeChem初赛模拟试题（二十二）.pdf,6.56,文字版,模拟卷/试题,18
01-题目,第40届XeChem初赛模拟试题（暑假杭州集训）,第40届XeChem初赛模拟试题（暑假杭州集训）\第40届XeChem初赛模拟试题\11.第40届XeChem初赛模拟试题（二十二）答案.pdf,11.第40届XeChem初赛模拟试题（二十二）答案.pdf,18.26,纯扫描,答案/解析,17
01-题目,第40届XeChem初赛模拟试题（暑假杭州集训）,第40届XeChem初赛模拟试题（暑假杭州集训）\第40届XeChem初赛模拟试题\12.第40届XeChem初赛模拟试题（二十三）.pdf,12.第40届XeChem初赛模拟试题（二十三）.pdf,20.55,纯扫描,模拟卷/试题,15
01-题目,第40届XeChem初赛模拟试题（暑假杭州集训）,第40届XeChem初赛模拟试题（暑假杭州集训）\第40届XeChem初赛模拟试题\讲义\12.第40届XeChem初赛模拟试题（二十三）.pdf,12.第40届XeChem初赛模拟试题（二十三）.pdf,8.23,半文字(正文多为图),模拟卷/试题,18
01-题目,第40届XeChem初赛模拟试题（暑假杭州集训）,第40届XeChem初赛模拟试题（暑假杭州集训）\第40届XeChem初赛模拟试题\12.第40届XeChem初赛模拟试题（二十三）答案.pdf,12.第40届XeChem初赛模拟试题（二十三）答案.pdf,14.84,纯扫描,答案/解析,15
01-题目,第40届XeChem初赛模拟试题（暑假杭州集训）,第40届XeChem初赛模拟试题（暑假杭州集训）\第40届XeChem初赛模拟试题\13.第40届XeChem初赛模拟试题（二十四）.pdf,13.第40届XeChem初赛模拟试题（二十四）.pdf,16.11,纯扫描,模拟卷/试题,14
01-题目,第40届XeChem初赛模拟试题（暑假杭州集训）,第40届XeChem初赛模拟试题（暑假杭州集训）\第40届XeChem初赛模拟试题\讲义\13.第40届XeChem初赛模拟试题（二十四）.pdf,13.第40届XeChem初赛模拟试题（二十四）.pdf,9.49,半文字(正文多为图),模拟卷/试题,21
01-题目,第40届XeChem初赛模拟试题（暑假杭州集训）,第40届XeChem初赛模拟试题（暑假杭州集训）\第40届XeChem初赛模拟试题\13.第40届XeChem初赛模拟试题（二十四）答案.pdf,13.第40届XeChem初赛模拟试题（二十四）答案.pdf,18.05,纯扫描,答案/解析,15
01-题目,第40届XeChem初赛模拟试题（暑假杭州集训）,第40届XeChem初赛模拟试题（暑假杭州集训）\第40届XeChem初赛模拟试题\14.第40届XeChem初赛模拟试题（二十五）.pdf,14.第40届XeChem初赛模拟试题（二十五）.pdf,17.01,纯扫描,模拟卷/试题,14
01-题目,第40届XeChem初赛模拟试题（暑假杭州集训）,第40届XeChem初赛模拟试题（暑假杭州集训）\第40届XeChem初赛模拟试题\讲义\14.第40届XeChem初赛模拟试题（二十五）.pdf,14.第40届XeChem初赛模拟试题（二十五）.pdf,7.81,文字版,模拟卷/试题,22
01-题目,第40届XeChem初赛模拟试题（暑假杭州集训）,第40届XeChem初赛模拟试题（暑假杭州集训）\第40届XeChem初赛模拟试题\14.第40届XeChem初赛模拟试题（二十五）答案.pdf,14.第40届XeChem初赛模拟试题（二十五）答案.pdf,19.86,纯扫描,答案/解析,17
01-题目,第40届XeChem初赛模拟试题（暑假杭州集训）,第40届XeChem初赛模拟试题（暑假杭州集训）\第40届XeChem初赛模拟试题\15.第40届XeChem初赛模拟试题有机专题（二十六）.pdf,15.第40届XeChem初赛模拟试题有机专题（二十六）.pdf,18.18,纯扫描,模拟卷/试题,18
01-题目,第40届XeChem初赛模拟试题（暑假杭州集训）,第40届XeChem初赛模拟试题（暑假杭州集训）\第40届XeChem初赛模拟试题\讲义\15.第40届XeChem初赛模拟试题有机专题（二十六）.pdf,15.第40届XeChem初赛模拟试题有机专题（二十六）.pdf,4.86,文字版,模拟卷/试题,45
01-题目,第40届XeChem初赛模拟试题（暑假杭州集训）,第40届XeChem初赛模拟试题（暑假杭州集训）\第40届XeChem初赛模拟试题\15.第40届XeChem初赛模拟试题有机专题（二十六）答案.pdf,15.第40届XeChem初赛模拟试题有机专题（二十六）答案.pdf,18.62,纯扫描,答案/解析,19
01-题目,第40届XeChem初赛模拟试题（暑假杭州集训）,第40届XeChem初赛模拟试题（暑假杭州集训）\第40届XeChem初赛模拟试题\2.第40届XeChem初赛模拟试题（十三）.pdf,2.第40届XeChem初赛模拟试题（十三）.pdf,18.0,纯扫描,模拟卷/试题,16
01-题目,第40届XeChem初赛模拟试题（暑假杭州集训）,第40届XeChem初赛模拟试题（暑假杭州集训）\第40届XeChem初赛模拟试题\讲义\2.第40届XeChem初赛模拟试题（十三）.pdf,2.第40届XeChem初赛模拟试题（十三）.pdf,10.47,文字版,模拟卷/试题,22
01-题目,第40届XeChem初赛模拟试题（暑假杭州集训）,第40届XeChem初赛模拟试题（暑假杭州集训）\第40届XeChem初赛模拟试题\2.第40届XeChem初赛模拟试题（十三）答案.pdf,2.第40届XeChem初赛模拟试题（十三）答案.pdf,19.9,纯扫描,答案/解析,17
01-题目,第40届XeChem初赛模拟试题（暑假杭州集训）,第40届XeChem初赛模拟试题（暑假杭州集训）\第40届XeChem初赛模拟试题\3.第40届XeChem初赛模拟试题（十四）.pdf,3.第40届XeChem初赛模拟试题（十四）.pdf,18.71,纯扫描,模拟卷/试题,16
01-题目,第40届XeChem初赛模拟试题（暑假杭州集训）,第40届XeChem初赛模拟试题（暑假杭州集训）\第40届XeChem初赛模拟试题\讲义\3.第40届XeChem初赛模拟试题（十四）.pdf,3.第40届XeChem初赛模拟试题（十四）.pdf,9.26,文字版,模拟卷/试题,19
01-题目,第40届XeChem初赛模拟试题（暑假杭州集训）,第40届XeChem初赛模拟试题（暑假杭州集训）\第40届XeChem初赛模拟试题\3.第40届XeChem初赛模拟试题（十四）答案.pdf,3.第40届XeChem初赛模拟试题（十四）答案.pdf,20.47,纯扫描,答案/解析,16
01-题目,第40届XeChem初赛模拟试题（暑假杭州集训）,第40届XeChem初赛模拟试题（暑假杭州集训）\第40届XeChem初赛模拟试题\4.第40届XeChem初赛模拟试题（十五）.pdf,4.第40届XeChem初赛模拟试题（十五）.pdf,16.56,纯扫描,模拟卷/试题,13
01-题目,第40届XeChem初赛模拟试题（暑假杭州集训）,第40届XeChem初赛模拟试题（暑假杭州集训）\第40届XeChem初赛模拟试题\讲义\4.第40届XeChem初赛模拟试题（十五）.pdf,4.第40届XeChem初赛模拟试题（十五）.pdf,7.05,文字版,模拟卷/试题,14
01-题目,第40届XeChem初赛模拟试题（暑假杭州集训）,第40届XeChem初赛模拟试题（暑假杭州集训）\第40届XeChem初赛模拟试题\4.第40届XeChem初赛模拟试题（十五）答案.pdf,4.第40届XeChem初赛模拟试题（十五）答案.pdf,17.78,纯扫描,答案/解析,14
01-题目,第40届XeChem初赛模拟试题（暑假杭州集训）,第40届XeChem初赛模拟试题（暑假杭州集训）\第40届XeChem初赛模拟试题\5.第40届XeChem初赛模拟试题（十六）.pdf,5.第40届XeChem初赛模拟试题（十六）.pdf,18.4,纯扫描,模拟卷/试题,16
01-题目,第40届XeChem初赛模拟试题（暑假杭州集训）,第40届XeChem初赛模拟试题（暑假杭州集训）\第40届XeChem初赛模拟试题\讲义\5.第40届XeChem初赛模拟试题（十六）.pdf,5.第40届XeChem初赛模拟试题（十六）.pdf,15.15,文字版,模拟卷/试题,33
01-题目,第40届XeChem初赛模拟试题（暑假杭州集训）,第40届XeChem初赛模拟试题（暑假杭州集训）\第40届XeChem初赛模拟试题\5.第40届XeChem初赛模拟试题（十六）答案.pdf,5.第40届XeChem初赛模拟试题（十六）答案.pdf,20.41,纯扫描,答案/解析,18
01-题目,第40届XeChem初赛模拟试题（暑假杭州集训）,第40届XeChem初赛模拟试题（暑假杭州集训）\第40届XeChem初赛模拟试题\6.第40届XeChem初赛模拟试题（十七）.pdf,6.第40届XeChem初赛模拟试题（十七）.pdf,19.54,纯扫描,模拟卷/试题,17
01-题目,第40届XeChem初赛模拟试题（暑假杭州集训）,第40届XeChem初赛模拟试题（暑假杭州集训）\第40届XeChem初赛模拟试题\讲义\6.第40届XeChem初赛模拟试题（十七）.pdf,6.第40届XeChem初赛模拟试题（十七）.pdf,8.39,文字版,模拟卷/试题,25
01-题目,第40届XeChem初赛模拟试题（暑假杭州集训）,第40届XeChem初赛模拟试题（暑假杭州集训）\第40届XeChem初赛模拟试题\6.第40届XeChem初赛模拟试题（十七）答案.pdf,6.第40届XeChem初赛模拟试题（十七）答案.pdf,19.91,纯扫描,答案/解析,17
01-题目,第40届XeChem初赛模拟试题（暑假杭州集训）,第40届XeChem初赛模拟试题（暑假杭州集训）\第40届XeChem初赛模拟试题\7.第40届XeChem初赛模拟试题（十八）.pdf,7.第40届XeChem初赛模拟试题（十八）.pdf,20.06,纯扫描,模拟卷/试题,16
01-题目,第40届XeChem初赛模拟试题（暑假杭州集训）,第40届XeChem初赛模拟试题（暑假杭州集训）\第40届XeChem初赛模拟试题\讲义\7.第40届XeChem初赛模拟试题（十八）.pdf,7.第40届XeChem初赛模拟试题（十八）.pdf,4.56,文字版,模拟卷/试题,19
01-题目,第40届XeChem初赛模拟试题（暑假杭州集训）,第40届XeChem初赛模拟试题（暑假杭州集训）\第40届XeChem初赛模拟试题\7.第40届XeChem初赛模拟试题（十八）答案.pdf,7.第40届XeChem初赛模拟试题（十八）答案.pdf,23.88,纯扫描,答案/解析,18
01-题目,第40届XeChem初赛模拟试题（暑假杭州集训）,第40届XeChem初赛模拟试题（暑假杭州集训）\第40届XeChem初赛模拟试题\8.第40届XeChem初赛模拟试题（十九）.pdf,8.第40届XeChem初赛模拟试题（十九）.pdf,24.46,纯扫描,模拟卷/试题,21
01-题目,第40届XeChem初赛模拟试题（暑假杭州集训）,第40届XeChem初赛模拟试题（暑假杭州集训）\第40届XeChem初赛模拟试题\讲义\8.第40届XeChem初赛模拟试题（十九）.pdf,8.第40届XeChem初赛模拟试题（十九）.pdf,4.49,文字版,模拟卷/试题,24
01-题目,第40届XeChem初赛模拟试题（暑假杭州集训）,第40届XeChem初赛模拟试题（暑假杭州集训）\第40届XeChem初赛模拟试题\8.第40届XeChem初赛模拟试题（十九）答案.pdf,8.第40届XeChem初赛模拟试题（十九）答案.pdf,29.62,纯扫描,答案/解析,23
01-题目,第40届XeChem初赛模拟试题（暑假杭州集训）,第40届XeChem初赛模拟试题（暑假杭州集训）\第40届XeChem初赛模拟试题\9.第40届XeChem初赛模拟试题（二十）.pdf,9.第40届XeChem初赛模拟试题（二十）.pdf,25.3,纯扫描,模拟卷/试题,21
01-题目,第40届XeChem初赛模拟试题（暑假杭州集训）,第40届XeChem初赛模拟试题（暑假杭州集训）\第40届XeChem初赛模拟试题\讲义\9.第40届XeChem初赛模拟试题（二十）.pdf,9.第40届XeChem初赛模拟试题（二十）.pdf,4.49,文字版,模拟卷/试题,26
01-题目,第40届XeChem初赛模拟试题（暑假杭州集训）,第40届XeChem初赛模拟试题（暑假杭州集训）\第40届XeChem初赛模拟试题\9.第40届XeChem初赛模拟试题（二十）答案.pdf,9.第40届XeChem初赛模拟试题（二十）答案.pdf,28.84,纯扫描,答案/解析,25
01-题目,第40届XeChem初赛模拟试题（暑假杭州集训）,第40届XeChem初赛模拟试题（暑假杭州集训）\第40届XeChem初赛模拟试题\讲义\解析.pdf,解析.pdf,0.45,文字版,答案/解析,5
01-题目,第40届化英社化学奥林匹克（初赛）夏季,第40届化英社化学奥林匹克（初赛）夏季\第40届化英社化学奥林匹克(决赛)夏季模拟试题1.pdf,第40届化英社化学奥林匹克(决赛)夏季模拟试题1.pdf,8.17,纯扫描,模拟卷/试题,10
01-题目,第40届化英社化学奥林匹克（初赛）夏季,第40届化英社化学奥林匹克（初赛）夏季\第40届化英社化学奥林匹克(决赛)夏季模拟试题2.pdf,第40届化英社化学奥林匹克(决赛)夏季模拟试题2.pdf,12.05,纯扫描,模拟卷/试题,21
01-题目,第40届化英社化学奥林匹克（初赛）夏季,第40届化英社化学奥林匹克（初赛）夏季\第40届化英社化学奥林匹克(决赛)夏季模拟试题2参考答案.pdf,第40届化英社化学奥林匹克(决赛)夏季模拟试题2参考答案.pdf,12.47,纯扫描,答案/解析,22
01-题目,第40届化英社化学奥林匹克（初赛）夏季,第40届化英社化学奥林匹克（初赛）夏季\第40届化英社化学奥林匹克(初赛)夏季初赛模拟11参考答案.pdf,第40届化英社化学奥林匹克(初赛)夏季初赛模拟11参考答案.pdf,11.95,纯扫描,答案/解析,20
01-题目,第40届化英社化学奥林匹克（初赛）夏季,第40届化英社化学奥林匹克（初赛）夏季\第40届化英社化学奥林匹克(初赛)夏季初赛模拟12_1.pdf,第40届化英社化学奥林匹克(初赛)夏季初赛模拟12_1.pdf,5.32,纯扫描,模拟卷/试题,8
01-题目,第40届化英社化学奥林匹克（初赛）夏季,第40届化英社化学奥林匹克（初赛）夏季\第40届化英社化学奥林匹克(初赛)夏季初赛模拟12参考答案_1.pdf,第40届化英社化学奥林匹克(初赛)夏季初赛模拟12参考答案_1.pdf,7.79,纯扫描,答案/解析,14
01-题目,第40届化英社化学奥林匹克（初赛）夏季,第40届化英社化学奥林匹克（初赛）夏季\第40届化英社化学奥林匹克(初赛)夏季初赛模拟13参考答案_1.pdf,第40届化英社化学奥林匹克(初赛)夏季初赛模拟13参考答案_1.pdf,9.22,纯扫描,答案/解析,16
01-题目,第40届化英社化学奥林匹克（初赛）夏季,第40届化英社化学奥林匹克（初赛）夏季\第40届化英社化学奥林匹克(初赛)夏季初赛模拟7参考答案.pdf,第40届化英社化学奥林匹克(初赛)夏季初赛模拟7参考答案.pdf,8.1,纯扫描,答案/解析,14
01-题目,第40届化英社化学奥林匹克（初赛）夏季,第40届化英社化学奥林匹克（初赛）夏季\第40届化英社化学奥林匹克(初赛)夏季初赛模拟8.pdf,第40届化英社化学奥林匹克(初赛)夏季初赛模拟8.pdf,5.72,纯扫描,模拟卷/试题,10
01-题目,第40届化英社化学奥林匹克（初赛）夏季,第40届化英社化学奥林匹克（初赛）夏季\第40届化英社化学奥林匹克(初赛)夏季初赛模拟8参考答案.pdf,第40届化英社化学奥林匹克(初赛)夏季初赛模拟8参考答案.pdf,12.95,纯扫描,答案/解析,18
01-题目,第40届化英社化学奥林匹克（初赛）夏季,第40届化英社化学奥林匹克（初赛）夏季\第40届化英社化学奥林匹克(初赛)夏季初赛模拟9.pdf,第40届化英社化学奥林匹克(初赛)夏季初赛模拟9.pdf,10.73,纯扫描,模拟卷/试题,17
01-题目,第40届化英社化学奥林匹克（初赛）夏季,第40届化英社化学奥林匹克（初赛）夏季\第40届化英社化学奥林匹克(初赛)夏季初赛模拟9参考答案.pdf,第40届化英社化学奥林匹克(初赛)夏季初赛模拟9参考答案.pdf,11.98,纯扫描,答案/解析,22
01-题目,第40届化英社化学奥林匹克（初赛）夏季,第40届化英社化学奥林匹克（初赛）夏季\第40届化英社化学奥林匹克(初赛)夏季无机专题2参考答案.pdf,第40届化英社化学奥林匹克(初赛)夏季无机专题2参考答案.pdf,13.79,纯扫描,答案/解析,18
01-题目,第40届化英社化学奥林匹克（初赛）夏季,第40届化英社化学奥林匹克（初赛）夏季\第40届化英社化学奥林匹克(初赛)夏季有机专题1参考答案.pdf,第40届化英社化学奥林匹克(初赛)夏季有机专题1参考答案.pdf,8.74,纯扫描,答案/解析,20
01-题目,第40届化英社化学奥林匹克（初赛）夏季,第40届化英社化学奥林匹克（初赛）夏季\第40届化英社化学奥林匹克(初赛)夏季模拟试题1参考答案.pdf,第40届化英社化学奥林匹克(初赛)夏季模拟试题1参考答案.pdf,7.99,纯扫描,答案/解析,16
01-题目,第40届化英社化学奥林匹克（初赛）夏季,第40届化英社化学奥林匹克（初赛）夏季\第40届化英社化学奥林匹克(初赛)夏季模拟试题2参考答案.pdf,第40届化英社化学奥林匹克(初赛)夏季模拟试题2参考答案.pdf,10.6,纯扫描,答案/解析,18
01-题目,第40届化英社化学奥林匹克（初赛）夏季,第40届化英社化学奥林匹克（初赛）夏季\第40届化英社化学奥林匹克(初赛)夏季模拟试题3参考答案.pdf,第40届化英社化学奥林匹克(初赛)夏季模拟试题3参考答案.pdf,10.15,纯扫描,答案/解析,19
01-题目,第40届化英社化学奥林匹克（初赛）夏季,第40届化英社化学奥林匹克（初赛）夏季\第40届化英社化学奥林匹克(初赛)夏季模拟试题4.pdf,第40届化英社化学奥林匹克(初赛)夏季模拟试题4.pdf,7.68,纯扫描,模拟卷/试题,10
01-题目,第40届化英社化学奥林匹克（初赛）夏季,第40届化英社化学奥林匹克（初赛）夏季\第40届化英社化学奥林匹克(初赛)夏季模拟试题5.pdf,第40届化英社化学奥林匹克(初赛)夏季模拟试题5.pdf,6.06,纯扫描,模拟卷/试题,9
01-题目,第40届化英社化学奥林匹克（初赛）夏季,第40届化英社化学奥林匹克（初赛）夏季\第40届化英社化学奥林匹克(初赛)夏季模拟试题6.pdf,第40届化英社化学奥林匹克(初赛)夏季模拟试题6.pdf,4.61,纯扫描,模拟卷/试题,8
01-题目,第40届化英社化学奥林匹克（初赛）夏季,第40届化英社化学奥林匹克（初赛）夏季\第40届化英社化学奥林匹克(初赛)夏季模拟试题6参考答案.pdf,第40届化英社化学奥林匹克(初赛)夏季模拟试题6参考答案.pdf,7.89,纯扫描,答案/解析,14
01-题目,第40届化英社化学奥林匹克（初赛）夏季,第40届化英社化学奥林匹克（初赛）夏季\第40届化英社化学奥林匹克(初赛)夏季结构专题参考答案.pdf,第40届化英社化学奥林匹克(初赛)夏季结构专题参考答案.pdf,9.21,纯扫描,答案/解析,16
01-题目,第40届化英社化学奥林匹克（初赛）夏季,第40届化英社化学奥林匹克（初赛）夏季\第40届化英社化学奥林匹克竞赛（初赛）夏季有机专题2参考答案.pdf,第40届化英社化学奥林匹克竞赛（初赛）夏季有机专题2参考答案.pdf,7.51,纯扫描,答案/解析,16
01-题目,第40届化英社化学奥林匹克（初赛）夏季,第40届化英社化学奥林匹克（初赛）夏季\第40届化英社化学奥林匹克（决赛）夏季模拟试题1参考答案.pdf,第40届化英社化学奥林匹克（决赛）夏季模拟试题1参考答案.pdf,12.1,纯扫描,答案/解析,18
01-题目,第40届化英社化学奥林匹克（初赛）夏季,第40届化英社化学奥林匹克（初赛）夏季\第40届化英社化学奥林匹克（初赛）夏季初赛模拟10.pdf,第40届化英社化学奥林匹克（初赛）夏季初赛模拟10.pdf,8.46,纯扫描,模拟卷/试题,12
01-题目,第40届化英社化学奥林匹克（初赛）夏季,第40届化英社化学奥林匹克（初赛）夏季\第40届化英社化学奥林匹克（初赛）夏季初赛模拟10参考答案.pdf,第40届化英社化学奥林匹克（初赛）夏季初赛模拟10参考答案.pdf,13.15,纯扫描,答案/解析,20
01-题目,第40届化英社化学奥林匹克（初赛）夏季,第40届化英社化学奥林匹克（初赛）夏季\第40届化英社化学奥林匹克（初赛）夏季初赛模拟13.pdf,第40届化英社化学奥林匹克（初赛）夏季初赛模拟13.pdf,8.41,纯扫描,模拟卷/试题,10
01-题目,第40届化英社化学奥林匹克（初赛）夏季,第40届化英社化学奥林匹克（初赛）夏季\第40届化英社化学奥林匹克（初赛）夏季初赛模拟2.pdf,第40届化英社化学奥林匹克（初赛）夏季初赛模拟2.pdf,8.47,纯扫描,模拟卷/试题,11
01-题目,第40届化英社化学奥林匹克（初赛）夏季,第40届化英社化学奥林匹克（初赛）夏季\第40届化英社化学奥林匹克（初赛）夏季初赛模拟5参考答案.pdf,第40届化英社化学奥林匹克（初赛）夏季初赛模拟5参考答案.pdf,9.1,纯扫描,答案/解析,15
01-题目,第40届化英社化学奥林匹克（初赛）夏季,第40届化英社化学奥林匹克（初赛）夏季\第40届化英社化学奥林匹克（初赛）夏季初赛模拟7.pdf,第40届化英社化学奥林匹克（初赛）夏季初赛模拟7.pdf,5.0,纯扫描,模拟卷/试题,8
01-题目,第40届化英社化学奥林匹克（初赛）夏季,第40届化英社化学奥林匹克（初赛）夏季\第40届化英社化学奥林匹克（初赛）夏季无机专题1参考答案.pdf,第40届化英社化学奥林匹克（初赛）夏季无机专题1参考答案.pdf,11.92,纯扫描,答案/解析,14
01-题目,第40届化英社化学奥林匹克（初赛）夏季,第40届化英社化学奥林匹克（初赛）夏季\第40届化英社化学奥林匹克（初赛）夏季模拟试题1.pdf,第40届化英社化学奥林匹克（初赛）夏季模拟试题1.pdf,5.63,纯扫描,模拟卷/试题,8
01-题目,第40届化英社化学奥林匹克（初赛）夏季,第40届化英社化学奥林匹克（初赛）夏季\第40届化英社化学奥林匹克（初赛）夏季模拟试题11.pdf,第40届化英社化学奥林匹克（初赛）夏季模拟试题11.pdf,7.86,纯扫描,模拟卷/试题,11
01-题目,第40届化英社化学奥林匹克（初赛）夏季,第40届化英社化学奥林匹克（初赛）夏季\第40届化英社化学奥林匹克（初赛）夏季模拟试题3.pdf,第40届化英社化学奥林匹克（初赛）夏季模拟试题3.pdf,7.81,纯扫描,模拟卷/试题,10
01-题目,第40届化英社化学奥林匹克（初赛）夏季,第40届化英社化学奥林匹克（初赛）夏季\第40届化英社化学奥林匹克（初赛）夏季模拟试题4参考答案.pdf,第40届化英社化学奥林匹克（初赛）夏季模拟试题4参考答案.pdf,11.78,纯扫描,答案/解析,18
01-题目,质心合集新,质心合集新\UChO模拟试题合集\10th ZCHEM-UChO.pdf,10th ZCHEM-UChO.pdf,2.87,文字版,其他/待定,14
01-题目,质心合集新,质心合集新\UChO模拟试题合集答案\1st ZCHEM-UChO 答案.pdf,1st ZCHEM-UChO 答案.pdf,1.45,文字版,答案/解析,16
01-题目,质心合集新,质心合集新\UChO模拟试题合集\1st ZCHEM-UChO.pdf,1st ZCHEM-UChO.pdf,1.06,文字版,其他/待定,17
01-题目,质心合集新,质心合集新\UChO模拟试题合集答案\2nd ZCHEM-UChO 答案.pdf,2nd ZCHEM-UChO 答案.pdf,1.19,文字版,答案/解析,13
01-题目,质心合集新,质心合集新\UChO模拟试题合集\2nd ZCHEM-UChO.pdf,2nd ZCHEM-UChO.pdf,0.9,文字版,其他/待定,13
01-题目,质心合集新,质心合集新\UChO模拟试题合集答案\3rd ZCHEM-UChO-Tour1 答案.pdf,3rd ZCHEM-UChO-Tour1 答案.pdf,1.17,文字版,答案/解析,11
01-题目,质心合集新,质心合集新\UChO模拟试题合集\3rd ZCHEM-UChO-Tour1.pdf,3rd ZCHEM-UChO-Tour1.pdf,0.9,文字版,其他/待定,6
01-题目,质心合集新,质心合集新\UChO模拟试题合集答案\3rd ZCHEM-UChO-Tour2 答案.pdf,3rd ZCHEM-UChO-Tour2 答案.pdf,1.4,文字版,答案/解析,14
01-题目,质心合集新,质心合集新\UChO模拟试题合集\3rd ZCHEM-UChO-Tour2.pdf,3rd ZCHEM-UChO-Tour2.pdf,0.95,文字版,其他/待定,7
01-题目,质心合集新,质心合集新\UChO模拟试题合集答案\4th ZCHEM-UChO 答案.pdf,4th ZCHEM-UChO 答案.pdf,21.55,纯扫描,答案/解析,15
01-题目,质心合集新,质心合集新\UChO模拟试题合集\4th ZCHEM-UChO-Tour1.pdf,4th ZCHEM-UChO-Tour1.pdf,0.73,文字版,其他/待定,6
01-题目,质心合集新,质心合集新\UChO模拟试题合集\4th ZCHEM-UChO-Tour2.pdf,4th ZCHEM-UChO-Tour2.pdf,0.84,文字版,其他/待定,6
01-题目,质心合集新,质心合集新\UChO模拟试题合集答案\5th ZCHEM-UChO 答案.pdf,5th ZCHEM-UChO 答案.pdf,20.47,纯扫描,答案/解析,18
01-题目,质心合集新,质心合集新\UChO模拟试题合集\5th ZCHEM-UChO-Tour1.pdf,5th ZCHEM-UChO-Tour1.pdf,0.65,文字版,其他/待定,5
01-题目,质心合集新,质心合集新\UChO模拟试题合集\5th ZCHEM-UChO-Tour2.pdf,5th ZCHEM-UChO-Tour2.pdf,0.87,文字版,其他/待定,6
01-题目,质心合集新,质心合集新\UChO模拟试题合集答案\6th ZCHEM-UChO-Tour1 答案.pdf,6th ZCHEM-UChO-Tour1 答案.pdf,7.27,半文字(正文多为图),答案/解析,18
01-题目,质心合集新,质心合集新\UChO模拟试题合集\6th ZCHEM-UChO-Tour1.pdf,6th ZCHEM-UChO-Tour1.pdf,0.9,文字版,其他/待定,6
01-题目,质心合集新,质心合集新\UChO模拟试题合集答案\6th ZCHEM-UChO-Tour2 答案.pdf,6th ZCHEM-UChO-Tour2 答案.pdf,5.85,文字版,答案/解析,15
01-题目,质心合集新,质心合集新\UChO模拟试题合集\6th ZCHEM-UChO-Tour2.pdf,6th ZCHEM-UChO-Tour2.pdf,0.89,文字版,其他/待定,6
01-题目,质心合集新,质心合集新\UChO模拟试题合集答案\7th ZCHEM-UChO-Tour1 答案.pdf,7th ZCHEM-UChO-Tour1 答案.pdf,1.28,文字版,答案/解析,14
01-题目,质心合集新,质心合集新\UChO模拟试题合集\7th ZCHEM-UChO-Tour1.pdf,7th ZCHEM-UChO-Tour1.pdf,0.92,文字版,其他/待定,7
01-题目,质心合集新,质心合集新\UChO模拟试题合集答案\7th ZCHEM-UChO-Tour2 答案.pdf,7th ZCHEM-UChO-Tour2 答案.pdf,1.33,文字版,答案/解析,13
01-题目,质心合集新,质心合集新\UChO模拟试题合集\7th ZCHEM-UChO-Tour2.pdf,7th ZCHEM-UChO-Tour2.pdf,0.9,文字版,其他/待定,6
01-题目,质心合集新,质心合集新\UChO模拟试题合集答案\8th ZCHEM-UChO-Tour1 答案.pdf,8th ZCHEM-UChO-Tour1 答案.pdf,3.83,文字版,答案/解析,14
01-题目,质心合集新,质心合集新\UChO模拟试题合集\8th ZCHEM-UChO-Tour1.pdf,8th ZCHEM-UChO-Tour1.pdf,1.07,文字版,其他/待定,8
01-题目,质心合集新,质心合集新\UChO模拟试题合集答案\8th ZCHEM-UChO-Tour2 答案.pdf,8th ZCHEM-UChO-Tour2 答案.pdf,3.71,文字版,答案/解析,16
01-题目,质心合集新,质心合集新\UChO模拟试题合集\8th ZCHEM-UChO-Tour2.pdf,8th ZCHEM-UChO-Tour2.pdf,0.98,文字版,其他/待定,8
01-题目,质心合集新,质心合集新\UChO模拟试题合集答案\9th ZCHEM-UChO-Tour1 答案.pdf,9th ZCHEM-UChO-Tour1 答案.pdf,2.33,文字版,答案/解析,18
01-题目,质心合集新,质心合集新\UChO模拟试题合集\9th ZCHEM-UChO-Tour1.pdf,9th ZCHEM-UChO-Tour1.pdf,11.74,纯扫描,其他/待定,10
01-题目,质心合集新,质心合集新\UChO模拟试题合集答案\9th ZCHEM-UChO-Tour2 答案.pdf,9th ZCHEM-UChO-Tour2 答案.pdf,1.97,文字版,答案/解析,19
01-题目,质心合集新,质心合集新\UChO模拟试题合集\9th ZCHEM-UChO-Tour2.pdf,9th ZCHEM-UChO-Tour2.pdf,11.74,纯扫描,其他/待定,10
01-题目,质心合集新,质心合集新\GChO模拟试题合集答案\ZCHEM-GChO10解析手稿.pdf,ZCHEM-GChO10解析手稿.pdf,7.45,纯扫描,答案/解析,4
01-题目,质心合集新,质心合集新\GChO模拟试题合集\ZCHEM-GChO10试题（线下营）.pdf,ZCHEM-GChO10试题（线下营）.pdf,1.88,纯扫描,模拟卷/试题,9
01-题目,质心合集新,质心合集新\GChO模拟试题合集答案\ZCHEM-GChO11解析手稿.pdf,ZCHEM-GChO11解析手稿.pdf,8.0,纯扫描,答案/解析,5
01-题目,质心合集新,质心合集新\GChO模拟试题合集\ZCHEM-GChO11试题（线下营）.pdf,ZCHEM-GChO11试题（线下营）.pdf,2.02,纯扫描,模拟卷/试题,10
01-题目,质心合集新,质心合集新\GChO模拟试题合集答案\ZCHEM-GChO12参考答案与评分标准.pdf,ZCHEM-GChO12参考答案与评分标准.pdf,1.17,文字版,答案/解析,11
01-题目,质心合集新,质心合集新\GChO模拟试题合集\ZCHEM-GChO12试题.pdf,ZCHEM-GChO12试题.pdf,0.91,文字版,模拟卷/试题,7
01-题目,质心合集新,质心合集新\GChO模拟试题合集答案\ZCHEM-GChO13解析手稿.pdf,ZCHEM-GChO13解析手稿.pdf,8.52,纯扫描,答案/解析,6
01-题目,质心合集新,质心合集新\GChO模拟试题合集\ZCHEM-GChO13试题.pdf,ZCHEM-GChO13试题.pdf,0.74,文字版,模拟卷/试题,5
01-题目,质心合集新,质心合集新\GChO模拟试题合集答案\ZCHEM-GChO14解析手稿.pdf,ZCHEM-GChO14解析手稿.pdf,9.63,纯扫描,答案/解析,7
01-题目,质心合集新,质心合集新\GChO模拟试题合集\ZCHEM-GChO14试题.pdf,ZCHEM-GChO14试题.pdf,0.91,文字版,模拟卷/试题,6
01-题目,质心合集新,质心合集新\GChO模拟试题合集答案\ZCHEM-GChO15解析手稿.pdf,ZCHEM-GChO15解析手稿.pdf,9.42,纯扫描,答案/解析,6
01-题目,质心合集新,质心合集新\GChO模拟试题合集\ZCHEM-GChO15试题（线下营）.pdf,ZCHEM-GChO15试题（线下营）.pdf,0.75,纯扫描,模拟卷/试题,4
01-题目,质心合集新,质心合集新\GChO模拟试题合集答案\ZCHEM-GChO16解析手稿.pdf,ZCHEM-GChO16解析手稿.pdf,9.48,纯扫描,答案/解析,7
01-题目,质心合集新,质心合集新\GChO模拟试题合集\ZCHEM-GChO16试题（线下营）.pdf,ZCHEM-GChO16试题（线下营）.pdf,0.66,纯扫描,模拟卷/试题,5
01-题目,质心合集新,质心合集新\GChO模拟试题合集答案\ZCHEM-GChO17解析手稿.pdf,ZCHEM-GChO17解析手稿.pdf,8.23,纯扫描,答案/解析,7
01-题目,质心合集新,质心合集新\GChO模拟试题合集\ZCHEM-GChO17试题（线下营）.pdf,ZCHEM-GChO17试题（线下营）.pdf,0.86,纯扫描,模拟卷/试题,5
01-题目,质心合集新,质心合集新\GChO模拟试题合集答案\ZCHEM-GChO18解析手稿.pdf,ZCHEM-GChO18解析手稿.pdf,7.22,纯扫描,答案/解析,5
01-题目,质心合集新,质心合集新\GChO模拟试题合集\ZCHEM-GChO18试题（线下营）.pdf,ZCHEM-GChO18试题（线下营）.pdf,0.57,纯扫描,模拟卷/试题,4
01-题目,质心合集新,质心合集新\GChO模拟试题合集答案\ZCHEM-GChO19解析手稿.pdf,ZCHEM-GChO19解析手稿.pdf,7.99,纯扫描,答案/解析,5
01-题目,质心合集新,质心合集新\GChO模拟试题合集\ZCHEM-GChO19试题（线下营）.pdf,ZCHEM-GChO19试题（线下营）.pdf,0.63,纯扫描,模拟卷/试题,5
01-题目,质心合集新,质心合集新\GChO模拟试题合集答案\ZCHEM-GChO1参考答案与评分标准.pdf,ZCHEM-GChO1参考答案与评分标准.pdf,0.33,文字版,答案/解析,7
01-题目,质心合集新,质心合集新\GChO模拟试题合集\ZCHEM-GChO1试题.pdf,ZCHEM-GChO1试题.pdf,1.2,文字版,模拟卷/试题,13
01-题目,质心合集新,质心合集新\GChO模拟试题合集答案\ZCHEM-GChO20解析手稿.pdf,ZCHEM-GChO20解析手稿.pdf,8.57,纯扫描,答案/解析,5
01-题目,质心合集新,质心合集新\GChO模拟试题合集\ZCHEM-GChO20试题（线下营）.pdf,ZCHEM-GChO20试题（线下营）.pdf,0.86,纯扫描,模拟卷/试题,6
01-题目,质心合集新,质心合集新\GChO模拟试题合集答案\ZCHEM-GChO21解析手稿.pdf,ZCHEM-GChO21解析手稿.pdf,6.27,纯扫描,答案/解析,10
01-题目,质心合集新,质心合集新\GChO模拟试题合集\ZCHEM-GChO21试题（线下营）.pdf,ZCHEM-GChO21试题（线下营）.pdf,0.65,纯扫描,模拟卷/试题,5
01-题目,质心合集新,质心合集新\GChO模拟试题合集答案\ZCHEM-GChO22解析手稿.pdf,ZCHEM-GChO22解析手稿.pdf,5.76,纯扫描,答案/解析,11
01-题目,质心合集新,质心合集新\GChO模拟试题合集\ZCHEM-GChO22试题（线下营）.pdf,ZCHEM-GChO22试题（线下营）.pdf,1.13,纯扫描,模拟卷/试题,4
01-题目,质心合集新,质心合集新\GChO模拟试题合集答案\ZCHEM-GChO23解析手稿.pdf,ZCHEM-GChO23解析手稿.pdf,4.77,纯扫描,答案/解析,5
01-题目,质心合集新,质心合集新\GChO模拟试题合集\ZCHEM-GChO23试题（线下营）.pdf,ZCHEM-GChO23试题（线下营）.pdf,1.94,纯扫描,模拟卷/试题,6
01-题目,质心合集新,质心合集新\GChO模拟试题合集答案\ZCHEM-GChO24解析手稿.pdf,ZCHEM-GChO24解析手稿.pdf,5.49,纯扫描,答案/解析,10
01-题目,质心合集新,质心合集新\GChO模拟试题合集\ZCHEM-GChO24试题（线下营）.pdf,ZCHEM-GChO24试题（线下营）.pdf,1.98,纯扫描,模拟卷/试题,5
01-题目,质心合集新,质心合集新\GChO模拟试题合集答案\ZCHEM-GChO25解析手稿.pdf,ZCHEM-GChO25解析手稿.pdf,7.39,纯扫描,答案/解析,5
01-题目,质心合集新,质心合集新\GChO模拟试题合集\ZCHEM-GChO25试题（线下营）.pdf,ZCHEM-GChO25试题（线下营）.pdf,2.1,纯扫描,模拟卷/试题,6
01-题目,质心合集新,质心合集新\GChO模拟试题合集答案\ZCHEM-GChO26解析手稿.pdf,ZCHEM-GChO26解析手稿.pdf,8.25,纯扫描,答案/解析,4
01-题目,质心合集新,质心合集新\GChO模拟试题合集\ZCHEM-GChO26试题（线下营）.pdf,ZCHEM-GChO26试题（线下营）.pdf,1.98,纯扫描,模拟卷/试题,6
01-题目,质心合集新,质心合集新\GChO模拟试题合集答案\ZCHEM-GChO27参考答案与评分标准.pdf,ZCHEM-GChO27参考答案与评分标准.pdf,1.03,文字版,答案/解析,11
01-题目,质心合集新,质心合集新\GChO模拟试题合集\ZCHEM-GChO27试题.pdf,ZCHEM-GChO27试题.pdf,0.77,文字版,模拟卷/试题,5
01-题目,质心合集新,质心合集新\GChO模拟试题合集答案\ZCHEM-GChO28参考答案与评分标准.pdf,ZCHEM-GChO28参考答案与评分标准.pdf,1.09,文字版,答案/解析,12
01-题目,质心合集新,质心合集新\GChO模拟试题合集\ZCHEM-GChO28试题.pdf,ZCHEM-GChO28试题.pdf,0.83,文字版,模拟卷/试题,6
01-题目,质心合集新,质心合集新\GChO模拟试题合集答案\ZCHEM-GChO29解析手稿.pdf,ZCHEM-GChO29解析手稿.pdf,7.6,纯扫描,答案/解析,5
01-题目,质心合集新,质心合集新\GChO模拟试题合集\ZCHEM-GChO29试题.pdf,ZCHEM-GChO29试题.pdf,0.77,文字版,模拟卷/试题,6
01-题目,质心合集新,质心合集新\GChO模拟试题合集答案\ZCHEM-GChO2解析手稿.pdf,ZCHEM-GChO2解析手稿.pdf,4.06,文字版,答案/解析,12
01-题目,质心合集新,质心合集新\GChO模拟试题合集\ZCHEM-GChO2试题.pdf,ZCHEM-GChO2试题.pdf,1.3,文字版,模拟卷/试题,12
01-题目,质心合集新,质心合集新\GChO模拟试题合集答案\ZCHEM-GChO30参考答案与评分标准.pdf,ZCHEM-GChO30参考答案与评分标准.pdf,0.91,文字版,答案/解析,10
01-题目,质心合集新,质心合集新\GChO模拟试题合集\ZCHEM-GChO30试题.pdf,ZCHEM-GChO30试题.pdf,0.68,文字版,模拟卷/试题,5
01-题目,质心合集新,质心合集新\GChO模拟试题合集答案\ZCHEM-GChO31参考答案与评分标准.pdf,ZCHEM-GChO31参考答案与评分标准.pdf,0.85,文字版,答案/解析,9
01-题目,质心合集新,质心合集新\GChO模拟试题合集\ZCHEM-GChO31试题.pdf,ZCHEM-GChO31试题.pdf,0.66,文字版,模拟卷/试题,5
01-题目,质心合集新,质心合集新\GChO模拟试题合集答案\ZCHEM-GChO32参考答案与评分标准.pdf,ZCHEM-GChO32参考答案与评分标准.pdf,0.98,文字版,答案/解析,10
01-题目,质心合集新,质心合集新\GChO模拟试题合集\ZCHEM-GChO32试题.pdf,ZCHEM-GChO32试题.pdf,0.72,文字版,模拟卷/试题,5
01-题目,质心合集新,质心合集新\GChO模拟试题合集答案\ZCHEM-GChO33解析手稿.pdf,ZCHEM-GChO33解析手稿.pdf,5.1,纯扫描,答案/解析,10
01-题目,质心合集新,质心合集新\GChO模拟试题合集\ZCHEM-GChO33试题.pdf,ZCHEM-GChO33试题.pdf,0.72,文字版,模拟卷/试题,5
01-题目,质心合集新,质心合集新\GChO模拟试题合集答案\ZCHEM-GChO34解析手稿.pdf,ZCHEM-GChO34解析手稿.pdf,8.21,纯扫描,答案/解析,4
01-题目,质心合集新,质心合集新\GChO模拟试题合集\ZCHEM-GChO34试题.pdf,ZCHEM-GChO34试题.pdf,0.63,文字版,模拟卷/试题,4
01-题目,质心合集新,质心合集新\GChO模拟试题合集答案\ZCHEM-GChO35解析手稿.pdf,ZCHEM-GChO35解析手稿.pdf,10.19,纯扫描,答案/解析,10
01-题目,质心合集新,质心合集新\GChO模拟试题合集\ZCHEM-GChO35试题.pdf,ZCHEM-GChO35试题.pdf,0.75,文字版,模拟卷/试题,5
01-题目,质心合集新,质心合集新\GChO模拟试题合集答案\ZCHEM-GChO36解析手稿.pdf,ZCHEM-GChO36解析手稿.pdf,7.93,纯扫描,答案/解析,9
01-题目,质心合集新,质心合集新\GChO模拟试题合集\ZCHEM-GChO36试题.pdf,ZCHEM-GChO36试题.pdf,1.0,文字版,模拟卷/试题,6
01-题目,质心合集新,质心合集新\GChO模拟试题合集答案\ZCHEM-GChO37解析手稿.pdf,ZCHEM-GChO37解析手稿.pdf,8.02,纯扫描,答案/解析,10
01-题目,质心合集新,质心合集新\GChO模拟试题合集\ZCHEM-GChO37试题.pdf,ZCHEM-GChO37试题.pdf,0.74,文字版,模拟卷/试题,5
01-题目,质心合集新,质心合集新\GChO模拟试题合集答案\ZCHEM-GChO38解析手稿.pdf,ZCHEM-GChO38解析手稿.pdf,8.13,纯扫描,答案/解析,9
01-题目,质心合集新,质心合集新\GChO模拟试题合集\ZCHEM-GChO38试题.pdf,ZCHEM-GChO38试题.pdf,0.85,文字版,模拟卷/试题,5
01-题目,质心合集新,质心合集新\GChO模拟试题合集答案\ZCHEM-GChO39解析手稿.pdf,ZCHEM-GChO39解析手稿.pdf,8.34,纯扫描,答案/解析,7
01-题目,质心合集新,质心合集新\GChO模拟试题合集\ZCHEM-GChO39试题.pdf,ZCHEM-GChO39试题.pdf,0.68,文字版,模拟卷/试题,5
01-题目,质心合集新,质心合集新\GChO模拟试题合集答案\ZCHEM-GChO3参考答案与评分标准.pdf,ZCHEM-GChO3参考答案与评分标准.pdf,1.17,文字版,答案/解析,10
01-题目,质心合集新,质心合集新\GChO模拟试题合集\ZCHEM-GChO3试题.pdf,ZCHEM-GChO3试题.pdf,0.97,文字版,模拟卷/试题,9
01-题目,质心合集新,质心合集新\GChO模拟试题合集答案\ZCHEM-GChO40解析手稿.pdf,ZCHEM-GChO40解析手稿.pdf,8.56,纯扫描,答案/解析,6
01-题目,质心合集新,质心合集新\GChO模拟试题合集\ZCHEM-GChO40试题.pdf,ZCHEM-GChO40试题.pdf,0.69,文字版,模拟卷/试题,4
01-题目,质心合集新,质心合集新\GChO模拟试题合集答案\ZCHEM-GChO41参考答案与评分标准.pdf,ZCHEM-GChO41参考答案与评分标准.pdf,1.12,文字版,答案/解析,8
01-题目,质心合集新,质心合集新\GChO模拟试题合集\ZCHEM-GChO41试题.pdf,ZCHEM-GChO41试题.pdf,0.69,文字版,模拟卷/试题,5
01-题目,质心合集新,质心合集新\GChO模拟试题合集答案\ZCHEM-GChO42参考答案与评分标准.pdf,ZCHEM-GChO42参考答案与评分标准.pdf,0.96,文字版,答案/解析,8
01-题目,质心合集新,质心合集新\GChO模拟试题合集\ZCHEM-GChO42试题.pdf,ZCHEM-GChO42试题.pdf,0.82,文字版,模拟卷/试题,7
01-题目,质心合集新,质心合集新\GChO模拟试题合集答案\ZCHEM-GChO43解析手稿.pdf,ZCHEM-GChO43解析手稿.pdf,8.22,纯扫描,答案/解析,7
01-题目,质心合集新,质心合集新\GChO模拟试题合集\ZCHEM-GChO43试题（线下营）.pdf,ZCHEM-GChO43试题（线下营）.pdf,2.61,纯扫描,模拟卷/试题,6
01-题目,质心合集新,质心合集新\GChO模拟试题合集答案\ZCHEM-GChO44解析手稿.pdf,ZCHEM-GChO44解析手稿.pdf,6.68,纯扫描,答案/解析,7
01-题目,质心合集新,质心合集新\GChO模拟试题合集\ZCHEM-GChO44试题（线下营）.pdf,ZCHEM-GChO44试题（线下营）.pdf,1.99,纯扫描,模拟卷/试题,5
01-题目,质心合集新,质心合集新\GChO模拟试题合集答案\ZCHEM-GChO45解析手稿.pdf,ZCHEM-GChO45解析手稿.pdf,7.1,纯扫描,答案/解析,7
01-题目,质心合集新,质心合集新\GChO模拟试题合集\ZCHEM-GChO45试题.pdf,ZCHEM-GChO45试题.pdf,1.01,文字版,模拟卷/试题,11
01-题目,质心合集新,质心合集新\GChO模拟试题合集答案\ZCHEM-GChO46解析手稿.pdf,ZCHEM-GChO46解析手稿.pdf,7.73,纯扫描,答案/解析,6
01-题目,质心合集新,质心合集新\GChO模拟试题合集\ZCHEM-GChO46试题.pdf,ZCHEM-GChO46试题.pdf,0.85,文字版,模拟卷/试题,11
01-题目,质心合集新,质心合集新\GChO模拟试题合集答案\ZCHEM-GChO47参考答案与评分标准.pdf,ZCHEM-GChO47参考答案与评分标准.pdf,1.11,文字版,答案/解析,11
01-题目,质心合集新,质心合集新\GChO模拟试题合集\ZCHEM-GChO47试题.pdf,ZCHEM-GChO47试题.pdf,0.97,文字版,模拟卷/试题,12
01-题目,质心合集新,质心合集新\GChO模拟试题合集答案\ZCHEM-GChO48参考答案与评分标准.pdf,ZCHEM-GChO48参考答案与评分标准.pdf,0.98,文字版,答案/解析,10
01-题目,质心合集新,质心合集新\GChO模拟试题合集\ZCHEM-GChO48试题.pdf,ZCHEM-GChO48试题.pdf,0.88,文字版,模拟卷/试题,5
01-题目,质心合集新,质心合集新\GChO模拟试题合集答案\ZCHEM-GChO49解析手稿.pdf,ZCHEM-GChO49解析手稿.pdf,6.59,纯扫描,答案/解析,11
01-题目,质心合集新,质心合集新\GChO模拟试题合集\ZCHEM-GChO49试题.pdf,ZCHEM-GChO49试题.pdf,0.91,文字版,模拟卷/试题,5
01-题目,质心合集新,质心合集新\GChO模拟试题合集答案\ZCHEM-GChO4解析手稿.pdf,ZCHEM-GChO4解析手稿.pdf,2.39,纯扫描,答案/解析,5
01-题目,质心合集新,质心合集新\GChO模拟试题合集\ZCHEM-GChO4试题.pdf,ZCHEM-GChO4试题.pdf,1.23,文字版,模拟卷/试题,12
01-题目,质心合集新,质心合集新\GChO模拟试题合集答案\ZCHEM-GChO50参考答案与评分标准.pdf,ZCHEM-GChO50参考答案与评分标准.pdf,1.05,文字版,答案/解析,11
01-题目,质心合集新,质心合集新\GChO模拟试题合集\ZCHEM-GChO50试题.pdf,ZCHEM-GChO50试题.pdf,0.74,文字版,模拟卷/试题,5
01-题目,质心合集新,质心合集新\GChO模拟试题合集答案\ZCHEM-GChO51参考答案和评分标准.pdf,ZCHEM-GChO51参考答案和评分标准.pdf,1.04,文字版,答案/解析,10
01-题目,质心合集新,质心合集新\GChO模拟试题合集\ZCHEM-GChO51试题.pdf,ZCHEM-GChO51试题.pdf,0.78,文字版,模拟卷/试题,6
01-题目,质心合集新,质心合集新\GChO模拟试题合集答案\ZCHEM-GChO52参考答案与评分标准.pdf,ZCHEM-GChO52参考答案与评分标准.pdf,1.12,文字版,答案/解析,11
01-题目,质心合集新,质心合集新\GChO模拟试题合集\ZCHEM-GChO52试题.pdf,ZCHEM-GChO52试题.pdf,0.9,文字版,模拟卷/试题,6
01-题目,质心合集新,质心合集新\GChO模拟试题合集答案\ZCHEM-GChO53参考答案与评分标准.pdf,ZCHEM-GChO53参考答案与评分标准.pdf,1.15,文字版,答案/解析,14
01-题目,质心合集新,质心合集新\GChO模拟试题合集\ZCHEM-GChO53试题.pdf,ZCHEM-GChO53试题.pdf,0.91,文字版,模拟卷/试题,14
01-题目,质心合集新,质心合集新\GChO模拟试题合集答案\ZCHEM-GChO54解析手稿.pdf,ZCHEM-GChO54解析手稿.pdf,7.01,纯扫描,答案/解析,11
01-题目,质心合集新,质心合集新\GChO模拟试题合集\ZCHEM-GChO54试题.pdf,ZCHEM-GChO54试题.pdf,0.97,文字版,模拟卷/试题,12
01-题目,质心合集新,质心合集新\GChO模拟试题合集答案\ZCHEM-GChO55解析手稿.pdf,ZCHEM-GChO55解析手稿.pdf,5.29,纯扫描,答案/解析,9
01-题目,质心合集新,质心合集新\GChO模拟试题合集\ZCHEM-GChO55试题.pdf,ZCHEM-GChO55试题.pdf,0.87,文字版,模拟卷/试题,11
01-题目,质心合集新,质心合集新\GChO模拟试题合集答案\ZCHEM-GChO56解析手稿.pdf,ZCHEM-GChO56解析手稿.pdf,6.36,纯扫描,答案/解析,10
01-题目,质心合集新,质心合集新\GChO模拟试题合集\ZCHEM-GChO56试题.pdf,ZCHEM-GChO56试题.pdf,0.96,文字版,模拟卷/试题,12
01-题目,质心合集新,质心合集新\GChO模拟试题合集答案\ZCHEM-GChO57解析手稿.pdf,ZCHEM-GChO57解析手稿.pdf,7.23,纯扫描,答案/解析,10
01-题目,质心合集新,质心合集新\GChO模拟试题合集\ZCHEM-GChO57试题.pdf,ZCHEM-GChO57试题.pdf,0.93,文字版,模拟卷/试题,13
01-题目,质心合集新,质心合集新\GChO模拟试题合集答案\ZCHEM-GChO58解析手稿.pdf,ZCHEM-GChO58解析手稿.pdf,5.95,纯扫描,答案/解析,6
01-题目,质心合集新,质心合集新\GChO模拟试题合集\ZCHEM-GChO58试题.pdf,ZCHEM-GChO58试题.pdf,1.01,文字版,模拟卷/试题,13
01-题目,质心合集新,质心合集新\GChO模拟试题合集答案\ZCHEM-GChO59解析手稿.pdf,ZCHEM-GChO59解析手稿.pdf,5.22,纯扫描,答案/解析,5
01-题目,质心合集新,质心合集新\GChO模拟试题合集\ZCHEM-GChO59试题.pdf,ZCHEM-GChO59试题.pdf,0.85,文字版,模拟卷/试题,12
01-题目,质心合集新,质心合集新\GChO模拟试题合集答案\ZCHEM-GChO60参考答案和评分标准.pdf,ZCHEM-GChO60参考答案和评分标准.pdf,1.15,文字版,答案/解析,11
01-题目,质心合集新,质心合集新\GChO模拟试题合集\ZCHEM-GChO60试题.pdf,ZCHEM-GChO60试题.pdf,0.86,文字版,模拟卷/试题,6
01-题目,质心合集新,质心合集新\GChO模拟试题合集答案\ZCHEM-GChO61参考答案和评分标准.pdf,ZCHEM-GChO61参考答案和评分标准.pdf,1.21,文字版,答案/解析,12
01-题目,质心合集新,质心合集新\GChO模拟试题合集\ZCHEM-GChO61试题.pdf,ZCHEM-GChO61试题.pdf,0.99,文字版,模拟卷/试题,6
01-题目,质心合集新,质心合集新\GChO模拟试题合集答案\ZCHEM-GChO62参考答案与评分标准.pdf,ZCHEM-GChO62参考答案与评分标准.pdf,1.1,文字版,答案/解析,10
01-题目,质心合集新,质心合集新\GChO模拟试题合集\ZCHEM-GChO62试题.pdf,ZCHEM-GChO62试题.pdf,0.88,文字版,模拟卷/试题,6
01-题目,质心合集新,质心合集新\GChO模拟试题合集答案\ZCHEM-GChO63解析手稿.pdf,ZCHEM-GChO63解析手稿.pdf,5.61,纯扫描,答案/解析,11
01-题目,质心合集新,质心合集新\GChO模拟试题合集\ZCHEM-GChO63试题.pdf,ZCHEM-GChO63试题.pdf,0.75,文字版,模拟卷/试题,11
01-题目,质心合集新,质心合集新\GChO模拟试题合集答案\ZCHEM-GChO64解析手稿.pdf,ZCHEM-GChO64解析手稿.pdf,5.15,纯扫描,答案/解析,12
01-题目,质心合集新,质心合集新\GChO模拟试题合集\ZCHEM-GChO64试题.pdf,ZCHEM-GChO64试题.pdf,0.9,文字版,模拟卷/试题,13
01-题目,质心合集新,质心合集新\GChO模拟试题合集答案\ZCHEM-GChO65解析手稿.pdf,ZCHEM-GChO65解析手稿.pdf,4.13,文字版,答案/解析,10
01-题目,质心合集新,质心合集新\GChO模拟试题合集\ZCHEM-GChO65试题.pdf,ZCHEM-GChO65试题.pdf,0.9,文字版,模拟卷/试题,9
01-题目,质心合集新,质心合集新\GChO模拟试题合集答案\ZCHEM-GChO66解析手稿.pdf,ZCHEM-GChO66解析手稿.pdf,5.22,半文字(正文多为图),答案/解析,12
01-题目,质心合集新,质心合集新\GChO模拟试题合集\ZCHEM-GChO66试题.pdf,ZCHEM-GChO66试题.pdf,0.82,文字版,模拟卷/试题,8
01-题目,质心合集新,质心合集新\GChO模拟试题合集答案\ZCHEM-GChO67参考答案与评分标准.pdf,ZCHEM-GChO67参考答案与评分标准.pdf,3.84,文字版,答案/解析,17
01-题目,质心合集新,质心合集新\GChO模拟试题合集\ZCHEM-GChO67试题.pdf,ZCHEM-GChO67试题.pdf,20.01,纯扫描,模拟卷/试题,27
01-题目,质心合集新,质心合集新\GChO模拟试题合集答案\ZCHEM-GChO68解析手稿.pdf,ZCHEM-GChO68解析手稿.pdf,6.91,纯扫描,答案/解析,10
01-题目,质心合集新,质心合集新\GChO模拟试题合集\ZCHEM-GChO68试题.pdf,ZCHEM-GChO68试题.pdf,1.48,文字版,模拟卷/试题,8
01-题目,质心合集新,质心合集新\GChO模拟试题合集答案\ZCHEM-GChO69解析手稿.pdf,ZCHEM-GChO69解析手稿.pdf,6.38,文字版,答案/解析,11
01-题目,质心合集新,质心合集新\GChO模拟试题合集\ZCHEM-GChO69试题.pdf,ZCHEM-GChO69试题.pdf,2.42,文字版,模拟卷/试题,8
01-题目,质心合集新,质心合集新\GChO模拟试题合集答案\ZCHEM-GChO6解析手稿.pdf,ZCHEM-GChO6解析手稿.pdf,3.3,纯扫描,答案/解析,4
01-题目,质心合集新,质心合集新\GChO模拟试题合集\ZCHEM-GChO6试题（线下营）.pdf,ZCHEM-GChO6试题（线下营）.pdf,38.91,纯扫描,模拟卷/试题,184
01-题目,质心合集新,质心合集新\GChO模拟试题合集答案\ZCHEM-GChO70解析手稿.pdf,ZCHEM-GChO70解析手稿.pdf,7.66,纯扫描,答案/解析,10
01-题目,质心合集新,质心合集新\GChO模拟试题合集\ZCHEM-GChO70试题.pdf,ZCHEM-GChO70试题.pdf,2.41,文字版,模拟卷/试题,10
01-题目,质心合集新,质心合集新\GChO模拟试题合集答案\ZCHEM-GChO71解析手稿.pdf,ZCHEM-GChO71解析手稿.pdf,6.16,文字版,答案/解析,9
01-题目,质心合集新,质心合集新\GChO模拟试题合集\ZCHEM-GChO71试题.pdf,ZCHEM-GChO71试题.pdf,2.1,文字版,模拟卷/试题,7
01-题目,质心合集新,质心合集新\GChO模拟试题合集答案\ZCHEM-GChO72解析手稿.pdf,ZCHEM-GChO72解析手稿.pdf,3.14,文字版,答案/解析,12
01-题目,质心合集新,质心合集新\GChO模拟试题合集\ZCHEM-GChO72试题.pdf,ZCHEM-GChO72试题.pdf,1.91,文字版,模拟卷/试题,6
01-题目,质心合集新,质心合集新\GChO模拟试题合集答案\ZCHEM-GChO73参考答案与评分标准.pdf,ZCHEM-GChO73参考答案与评分标准.pdf,1.15,文字版,答案/解析,15
01-题目,质心合集新,质心合集新\GChO模拟试题合集\ZCHEM-GChO73试题.pdf,ZCHEM-GChO73试题.pdf,13.73,纯扫描,模拟卷/试题,9
01-题目,质心合集新,质心合集新\GChO模拟试题合集答案\ZCHEM-GChO74参考答案与评分标准.pdf,ZCHEM-GChO74参考答案与评分标准.pdf,1.69,文字版,答案/解析,15
01-题目,质心合集新,质心合集新\GChO模拟试题合集\ZCHEM-GChO74试题.pdf,ZCHEM-GChO74试题.pdf,5.82,纯扫描,模拟卷/试题,8
01-题目,质心合集新,质心合集新\GChO模拟试题合集答案\ZCHEM-GChO75参考答案与评分标准.pdf,ZCHEM-GChO75参考答案与评分标准.pdf,11.57,文字版,答案/解析,15
01-题目,质心合集新,质心合集新\GChO模拟试题合集\ZCHEM-GChO75试题.pdf,ZCHEM-GChO75试题.pdf,21.4,纯扫描,模拟卷/试题,20
01-题目,质心合集新,质心合集新\GChO模拟试题合集答案\ZCHEM-GChO76解析手稿.pdf,ZCHEM-GChO76解析手稿.pdf,4.49,文字版,答案/解析,14
01-题目,质心合集新,质心合集新\GChO模拟试题合集\ZCHEM-GChO76试题.pdf,ZCHEM-GChO76试题.pdf,2.59,文字版,模拟卷/试题,14
01-题目,质心合集新,质心合集新\GChO模拟试题合集答案\ZCHEM-GChO77解析手稿.pdf,ZCHEM-GChO77解析手稿.pdf,5.2,文字版,答案/解析,14
01-题目,质心合集新,质心合集新\GChO模拟试题合集\ZCHEM-GChO77试题.pdf,ZCHEM-GChO77试题.pdf,1.06,文字版,模拟卷/试题,14
01-题目,质心合集新,质心合集新\GChO模拟试题合集答案\ZCHEM-GChO78解析手稿.pdf,ZCHEM-GChO78解析手稿.pdf,4.19,文字版,答案/解析,14
01-题目,质心合集新,质心合集新\GChO模拟试题合集\ZCHEM-GChO78试题.pdf,ZCHEM-GChO78试题.pdf,0.99,文字版,模拟卷/试题,14
01-题目,质心合集新,质心合集新\GChO模拟试题合集答案\ZCHEM-GChO79解析手稿.pdf,ZCHEM-GChO79解析手稿.pdf,4.85,文字版,答案/解析,15
01-题目,质心合集新,质心合集新\GChO模拟试题合集\ZCHEM-GChO79试题.pdf,ZCHEM-GChO79试题.pdf,1.15,文字版,模拟卷/试题,15
01-题目,质心合集新,质心合集新\GChO模拟试题合集答案\ZCHEM-GChO7解析手稿.pdf,ZCHEM-GChO7解析手稿.pdf,3.67,纯扫描,答案/解析,5
01-题目,质心合集新,质心合集新\GChO模拟试题合集\ZCHEM-GChO7试题（线下营）.pdf,ZCHEM-GChO7试题（线下营）.pdf,8.2,纯扫描,模拟卷/试题,10
01-题目,质心合集新,质心合集新\GChO模拟试题合集答案\ZCHEM-GChO80参考答案与评分标准.pdf,ZCHEM-GChO80参考答案与评分标准.pdf,2.18,文字版,答案/解析,16
01-题目,质心合集新,质心合集新\GChO模拟试题合集\ZCHEM-GChO80试题.pdf,ZCHEM-GChO80试题.pdf,2.34,文字版,模拟卷/试题,10
01-题目,质心合集新,质心合集新\GChO模拟试题合集答案\ZCHEM-GChO81参考答案与评分标准.pdf,ZCHEM-GChO81参考答案与评分标准.pdf,1.5,文字版,答案/解析,16
01-题目,质心合集新,质心合集新\GChO模拟试题合集\ZCHEM-GChO81试题.pdf,ZCHEM-GChO81试题.pdf,2.66,文字版,模拟卷/试题,11
01-题目,质心合集新,质心合集新\GChO模拟试题合集答案\ZCHEM-GChO82参考答案与评分标准.pdf,ZCHEM-GChO82参考答案与评分标准.pdf,1.34,文字版,答案/解析,14
01-题目,质心合集新,质心合集新\GChO模拟试题合集\ZCHEM-GChO82试题.pdf,ZCHEM-GChO82试题.pdf,2.33,文字版,模拟卷/试题,10
01-题目,质心合集新,质心合集新\GChO模拟试题合集答案\ZCHEM-GChO83参考答案与评分标准.pdf,ZCHEM-GChO83参考答案与评分标准.pdf,1.41,文字版,答案/解析,15
01-题目,质心合集新,质心合集新\GChO模拟试题合集\ZCHEM-GChO83试题.pdf,ZCHEM-GChO83试题.pdf,2.06,文字版,模拟卷/试题,10
01-题目,质心合集新,质心合集新\GChO模拟试题合集答案\ZCHEM-GChO8参考答案与评分标准.pdf,ZCHEM-GChO8参考答案与评分标准.pdf,1.17,文字版,答案/解析,12
01-题目,质心合集新,质心合集新\GChO模拟试题合集\ZCHEM-GChO8试题.pdf,ZCHEM-GChO8试题.pdf,0.95,文字版,模拟卷/试题,12
01-题目,质心合集新,质心合集新\GChO模拟试题合集答案\ZCHEM-GChO9解析手稿.pdf,ZCHEM-GChO9解析手稿.pdf,13.99,纯扫描,答案/解析,6
01-题目,质心合集新,质心合集新\GChO模拟试题合集\ZCHEM-GChO9试题.pdf,ZCHEM-GChO9试题.pdf,0.73,文字版,模拟卷/试题,6
01-题目,质心合集新,质心合集新\GChO模拟试题合集\国初模拟汇编.pdf,国初模拟汇编.pdf,16.88,文字版,模拟卷/试题,272
02-讲义,2025-2026年伽马化学专题进阶线上班,2025-2026年伽马化学专题进阶线上班\2026年3.15号线上回放\2026年伽马化学线上课无机补充讲义315_--无机材料_0_1773545290562.pdf,2026年伽马化学线上课无机补充讲义315_--无机材料_0_1773545290562.pdf,11.93,纯扫描,讲义/课件,18
02-讲义,2025-2026年伽马化学专题进阶线上班,2025-2026年伽马化学专题进阶线上班\2026年3.22号线上回放\2026年伽马化学线上课讲义--无机部分(3).pdf,2026年伽马化学线上课讲义--无机部分(3).pdf,12.57,纯扫描,讲义/课件,32
02-讲义,2025-2026年伽马化学专题进阶线上班,2025-2026年伽马化学专题进阶线上班\2026年3.22号线上回放\2026年伽马化学线上课讲义--无机部分3.22(3).pdf,2026年伽马化学线上课讲义--无机部分3.22(3).pdf,1.54,纯扫描,讲义/课件,32
02-讲义,2025-2026年伽马化学专题进阶线上班,2025-2026年伽马化学专题进阶线上班\2026年3.29号线上回放\2026年伽马化学线上课讲义--无机部分3.29.pdf,2026年伽马化学线上课讲义--无机部分3.29.pdf,4.2,纯扫描,讲义/课件,54
02-讲义,2025-2026年伽马化学专题进阶线上班,2025-2026年伽马化学专题进阶线上班\2026年3.15号线上回放\2026年伽马化学线上课讲义--无机部分315__0_1773545256546.pdf,2026年伽马化学线上课讲义--无机部分315__0_1773545256546.pdf,19.99,纯扫描,讲义/课件,48
02-讲义,2025-2026年伽马化学专题进阶线上班,2025-2026年伽马化学专题进阶线上班\2026年1.11号线上回放\1.11有机\2026年伽马化学线上课讲义--有机部分1.11.pdf,2026年伽马化学线上课讲义--有机部分1.11.pdf,6.63,纯扫描,讲义/课件,38
02-讲义,2025-2026年伽马化学专题进阶线上班,2025-2026年伽马化学专题进阶线上班\2026年3.15号线上回放\2026年伽马化学线上课讲义--有机部分3.15.pdf,2026年伽马化学线上课讲义--有机部分3.15.pdf,17.88,纯扫描,讲义/课件,96
02-讲义,2025-2026年伽马化学专题进阶线上班,2025-2026年伽马化学专题进阶线上班\2026年3.22号线上回放\2026年伽马化学线上课讲义--有机部分3.22(2).pdf,2026年伽马化学线上课讲义--有机部分3.22(2).pdf,22.98,纯扫描,讲义/课件,172
02-讲义,2025-2026年伽马化学专题进阶线上班,2025-2026年伽马化学专题进阶线上班\2026年3.29号线上回放\2026年伽马化学线上课讲义--有机部分3.29.pdf,2026年伽马化学线上课讲义--有机部分3.29.pdf,2.62,纯扫描,讲义/课件,46
02-讲义,2025-2026年伽马化学专题进阶线上班,2025-2026年伽马化学专题进阶线上班\2026年3.8号线上回放\2026年伽马化学线上课讲义--有机部分3.8.pdf,2026年伽马化学线上课讲义--有机部分3.8.pdf,9.32,纯扫描,讲义/课件,68
02-讲义,2025-2026年伽马化学专题进阶线上班,2025-2026年伽马化学专题进阶线上班\2026年3.8号线上回放\元素化学第一讲_0_1772940517431.pdf,元素化学第一讲_0_1772940517431.pdf,16.53,文字版,其他/待定,40
02-讲义,2025-2026年伽马化学专题进阶线上班,2025-2026年伽马化学专题进阶线上班\2026年3.29号线上回放\元素化学第四讲_最终版_v2_0_1774754922452.pdf,元素化学第四讲_最终版_v2_0_1774754922452.pdf,24.68,半文字(正文多为图),其他/待定,50
02-讲义,2026伽马寒假线上班,2026伽马寒假线上班\无机\11.23\2025年伽马化学线上课讲义--无机部分11.23.pdf,2025年伽马化学线上课讲义--无机部分11.23.pdf,1.58,纯扫描,讲义/课件,28
02-讲义,2026伽马寒假线上班,2026伽马寒假线上班\无机\11.30\2025年伽马化学线上课讲义--无机部分11.30.pdf,2025年伽马化学线上课讲义--无机部分11.30.pdf,1.11,纯扫描,讲义/课件,20
02-讲义,2026伽马寒假线上班,2026伽马寒假线上班\无机\11.9\2025年伽马化学线上课讲义--无机部分11.9.pdf,2025年伽马化学线上课讲义--无机部分11.9.pdf,1.76,纯扫描,讲义/课件,14
02-讲义,2026伽马寒假线上班,2026伽马寒假线上班\无机\12.21无机\2025年伽马化学线上课讲义--无机部分12.21.pdf,2025年伽马化学线上课讲义--无机部分12.21.pdf,1.13,纯扫描,讲义/课件,16
02-讲义,2026伽马寒假线上班,2026伽马寒假线上班\无机\12.28无机\2025年伽马化学线上课讲义--无机部分12.28.pdf,2025年伽马化学线上课讲义--无机部分12.28.pdf,1.22,纯扫描,讲义/课件,14
02-讲义,2026伽马寒假线上班,2026伽马寒假线上班\无机\12.7\2025年伽马化学线上课讲义--无机部分12.7.pdf,2025年伽马化学线上课讲义--无机部分12.7.pdf,1.19,纯扫描,讲义/课件,18
02-讲义,2026伽马寒假线上班,2026伽马寒假线上班\有机\11.16\2025年伽马化学线上课讲义--有机部分11.16(2).pdf,2025年伽马化学线上课讲义--有机部分11.16(2).pdf,2.44,纯扫描,讲义/课件,18
02-讲义,2026伽马寒假线上班,2026伽马寒假线上班\有机\11.23\2025年伽马化学线上课讲义--有机部分11.23.pdf,2025年伽马化学线上课讲义--有机部分11.23.pdf,5.16,纯扫描,讲义/课件,42
02-讲义,2026伽马寒假线上班,2026伽马寒假线上班\有机\11.30\2025年伽马化学线上课讲义--有机部分11.30.pdf,2025年伽马化学线上课讲义--有机部分11.30.pdf,3.3,纯扫描,讲义/课件,26
02-讲义,2026伽马寒假线上班,2026伽马寒假线上班\有机\11.9\2025年伽马化学线上课讲义--有机部分11.9.pdf,2025年伽马化学线上课讲义--有机部分11.9.pdf,1.19,纯扫描,讲义/课件,14
02-讲义,2026伽马寒假线上班,2026伽马寒假线上班\有机\12.21有机\2025年伽马化学线上课讲义--有机部分12.21.pdf,2025年伽马化学线上课讲义--有机部分12.21.pdf,2.87,纯扫描,讲义/课件,24
02-讲义,2026伽马寒假线上班,2026伽马寒假线上班\有机\12.7\2025年伽马化学线上课讲义--有机部分12.7.pdf,2025年伽马化学线上课讲义--有机部分12.7.pdf,1.81,纯扫描,讲义/课件,18
02-讲义,2026伽马寒假线上班,2026伽马寒假线上班\有机\12.14有机\2025年伽马化学线上课讲义--有机部分12_14.pdf,2025年伽马化学线上课讲义--有机部分12_14.pdf,6.3,纯扫描,讲义/课件,22
02-讲义,2026伽马寒假线上班,2026伽马寒假线上班\有机\12.21有机\2025年伽马化学线上课讲义--有机部分12_21.pdf,2025年伽马化学线上课讲义--有机部分12_21.pdf,7.44,纯扫描,讲义/课件,25
02-讲义,2026伽马寒假线上班,2026伽马寒假线上班\有机\12.28有机\2025年伽马化学线上课讲义--有机部分12_28.pdf,2025年伽马化学线上课讲义--有机部分12_28.pdf,9.11,纯扫描,讲义/课件,25
02-讲义,2026伽马寒假线上班,2026伽马寒假线上班\无机\2026年1.18无机\2026年伽马化学线上课讲义--无机部分1.18.pdf,2026年伽马化学线上课讲义--无机部分1.18.pdf,0.81,纯扫描,讲义/课件,12
02-讲义,2026伽马寒假线上班,2026伽马寒假线上班\无机\2026年1.4无机\2026年伽马化学线上课讲义--无机部分1.4.pdf,2026年伽马化学线上课讲义--无机部分1.4.pdf,3.62,纯扫描,讲义/课件,24
02-讲义,2026伽马寒假线上班,2026伽马寒假线上班\有机\2026年1.18有机\2026年伽马化学线上课讲义--有机部分1.18.pdf,2026年伽马化学线上课讲义--有机部分1.18.pdf,2.64,纯扫描,讲义/课件,28
02-讲义,2026伽马寒假线上班,2026伽马寒假线上班\有机\2026年1.4有机\2026年伽马化学线上课讲义--有机部分1.4..pdf,2026年伽马化学线上课讲义--有机部分1.4..pdf,2.78,纯扫描,讲义/课件,16
02-讲义,2026伽马寒假线上班,2026伽马寒假线上班\有机\12.14有机\乙烯型卤代烃的亲核取代反应.pdf,乙烯型卤代烃的亲核取代反应.pdf,0.5,文字版,其他/待定,6
02-讲义,2026伽马寒假线上班,2026伽马寒假线上班\无机\12.7\原子结构.pdf,原子结构.pdf,6.44,文字版,其他/待定,18
02-讲义,2026伽马寒假线上班,2026伽马寒假线上班\无机\2026年1.25无机回放\年伽马化学线上课讲义--无机部分1.25.pdf,年伽马化学线上课讲义--无机部分1.25.pdf,4.89,纯扫描,讲义/课件,36
02-讲义,2026伽马寒假线上班,2026伽马寒假线上班\无机\12.28无机\无机L8手写讲义.pdf,无机L8手写讲义.pdf,15.03,纯扫描,讲义/课件,7
02-讲义,2026伽马寒假线上班,2026伽马寒假线上班\无机\11.16\无机进阶l2板书(2).pdf,无机进阶l2板书(2).pdf,9.38,纯扫描,其他/待定,4
02-讲义,2026伽马寒假线上班,2026伽马寒假线上班\无机\2026年1.18无机\晶体结构.pdf,晶体结构.pdf,29.89,纯扫描,其他/待定,185
02-讲义,2026伽马寒假线上班,2026伽马寒假线上班\有机\11.23\机理实验.pdf,机理实验.pdf,0.88,纯扫描,其他/待定,8
02-讲义,2026伽马寒假线上班,2026伽马寒假线上班\无机\11.16\讲义L2无机(2).pdf,讲义L2无机(2).pdf,0.69,文字版,讲义/课件,10
02-讲义,2026伽马寒假线上班,2026伽马寒假线上班\无机\11.16\讲义L2无机课后题(2).pdf,讲义L2无机课后题(2).pdf,1.18,文字版,讲义/课件,3
02-讲义,2026伽马寒假线上班,2026伽马寒假线上班\无机\11.16\讲义L2无机课后题解析(2).pdf,讲义L2无机课后题解析(2).pdf,1.25,文字版,答案/解析,7
02-讲义,2026伽马寒假线上班,2026伽马寒假线上班\无机\12.21无机\讲义（笔记版）(1).pdf,讲义（笔记版）(1).pdf,13.57,文字版,讲义/课件,12
02-讲义,2026伽马寒假线上班,2026伽马寒假线上班\有机\11.23\识谱.pdf,识谱.pdf,0.46,半文字(正文多为图),其他/待定,1
02-讲义,2026年XeChem6月线上班,2026年XeChem6月线上班\Xe6月网课资料\Xe2026高考假网课班-生化_0.pdf,Xe2026高考假网课班-生化_0.pdf,5.84,纯扫描,其他/待定,33
02-讲义,2026年XeChem6月线上班,2026年XeChem6月线上班\Xe6月网课资料\元素化学手稿1.pdf,元素化学手稿1.pdf,6.46,纯扫描,讲义/课件,24
02-讲义,2026年XeChem6月线上班,2026年XeChem6月线上班\Xe6月网课资料\元素化学手稿2(1).pdf,元素化学手稿2(1).pdf,5.65,纯扫描,讲义/课件,23
02-讲义,2026年XeChem6月线上班,2026年XeChem6月线上班\Xe6月网课资料\元素化学手稿2.pdf,元素化学手稿2.pdf,2.77,纯扫描,讲义/课件,13
02-讲义,2026年XeChem6月线上班,2026年XeChem6月线上班\Xe6月网课资料\分析化学_0_1780752961782.pdf,分析化学_0_1780752961782.pdf,21.58,半文字(正文多为图),其他/待定,70
02-讲义,2026年XeChem6月线上班,2026年XeChem6月线上班\Xe6月网课资料\分析化学_0_1780753018403.pdf,分析化学_0_1780753018403.pdf,4.34,纯扫描,其他/待定,28
02-讲义,2026年XeChem6月线上班,2026年XeChem6月线上班\Xe6月网课资料\掃描全能王 2026-6-8 11.46.pdf,掃描全能王 2026-6-8 11.46.pdf,2.15,纯扫描,其他/待定,4
02-讲义,2026年XeChem6月线上班,2026年XeChem6月线上班\Xe6月网课资料\晶体 .pdf,晶体 .pdf,4.98,半文字(正文多为图),其他/待定,93
02-讲义,2026年XeChem6月线上班,2026年XeChem6月线上班\Xe6月网课资料\晶体 上午讲义.pdf,晶体 上午讲义.pdf,15.1,半文字(正文多为图),讲义/课件,99
02-讲义,2026年XeChem6月线上班,2026年XeChem6月线上班\Xe6月网课资料\晶体 下午讲义.pdf,晶体 下午讲义.pdf,22.95,半文字(正文多为图),讲义/课件,101
02-讲义,2026年XeChem6月线上班,2026年XeChem6月线上班\Xe6月网课资料\波谱 (1).pdf,波谱 (1).pdf,2.77,文字版,其他/待定,57
02-讲义,2026年XeChem6月线上班,2026年XeChem6月线上班\Xe6月网课资料\波谱 - 副本(1).pdf,波谱 - 副本(1).pdf,20.5,半文字(正文多为图),其他/待定,27
02-讲义,2026年XeChem6月线上班,2026年XeChem6月线上班\Xe6月网课资料\波谱 - 副本.pdf,波谱 - 副本.pdf,6.9,半文字(正文多为图),其他/待定,21
02-讲义,2026年XeChem6月线上班,2026年XeChem6月线上班\Xe6月网课资料\物理化学_0_1780824749566.pdf,物理化学_0_1780824749566.pdf,10.11,纯扫描,其他/待定,53
02-讲义,2026年XeChem6月线上班,2026年XeChem6月线上班\Xe6月网课资料\物理化学_0_1780824805116.pdf,物理化学_0_1780824805116.pdf,0.98,半文字(正文多为图),其他/待定,5
02-讲义,2026年XeChem6月线上班,2026年XeChem6月线上班\Xe6月网课资料\笔记 2026年6月14日 (2).pdf,笔记 2026年6月14日 (2).pdf,6.39,纯扫描,讲义/课件,20
02-讲义,2026年XeChem6月线上班,2026年XeChem6月线上班\Xe6月网课资料\笔记 2026年6月14日 (3).pdf,笔记 2026年6月14日 (3).pdf,3.87,纯扫描,讲义/课件,16
02-讲义,2026年XeChem6月线上班,2026年XeChem6月线上班\Xe6月网课资料\笔记 2026年6月14日 (4).pdf,笔记 2026年6月14日 (4).pdf,57.23,半文字(正文多为图),讲义/课件,394
02-讲义,2026年XeChem6月线上班,2026年XeChem6月线上班\Xe6月网课资料\笔记 2026年6月14日 (5).pdf,笔记 2026年6月14日 (5).pdf,1.03,纯扫描,讲义/课件,4
02-讲义,2026年XeChem6月线上班,2026年XeChem6月线上班\Xe6月网课资料\笔记 2026年6月14日 (6).pdf,笔记 2026年6月14日 (6).pdf,0.73,纯扫描,讲义/课件,3
02-讲义,2026年XeChem6月线上班,2026年XeChem6月线上班\Xe6月网课资料\笔记 2026年6月14日.pdf,笔记 2026年6月14日.pdf,5.14,纯扫描,讲义/课件,16
02-讲义,2026年XeChem6月线上班,2026年XeChem6月线上班\Xe6月网课资料\笔记 2026年6月8日 (1).pdf,笔记 2026年6月8日 (1).pdf,8.59,纯扫描,讲义/课件,43
02-讲义,2026年XeChem6月线上班,2026年XeChem6月线上班\Xe6月网课资料\笔记 2026年6月8日 (2).pdf,笔记 2026年6月8日 (2).pdf,1.05,纯扫描,讲义/课件,5
02-讲义,2026年XeChem6月线上班,2026年XeChem6月线上班\Xe6月网课资料\笔记 2026年6月8日 (3).pdf,笔记 2026年6月8日 (3).pdf,0.01,纯扫描,讲义/课件,1
02-讲义,2026年XeChem6月线上班,2026年XeChem6月线上班\Xe6月网课资料\笔记 2026年6月8日.pdf,笔记 2026年6月8日.pdf,1.44,纯扫描,讲义/课件,6
02-讲义,2026年XeChem6月线上班,2026年XeChem6月线上班\Xe6月网课资料\网课班物理化学讲义(1).pdf,网课班物理化学讲义(1).pdf,41.62,纯扫描,讲义/课件,39
02-讲义,2026年XeChem6月线上班,2026年XeChem6月线上班\Xe6月网课资料\网课班物理化学讲义（上午）.pdf,网课班物理化学讲义（上午）.pdf,24.88,纯扫描,讲义/课件,12
02-讲义,2026年XeChem6月线上班,2026年XeChem6月线上班\Xe6月网课资料\网课班物理化学讲义（下午）.pdf,网课班物理化学讲义（下午）.pdf,23.08,纯扫描,讲义/课件,13
02-讲义,2026年XeChem6月线上班,2026年XeChem6月线上班\Xe6月网课资料\网课班物理化学讲义（晚上）.pdf,网课班物理化学讲义（晚上）.pdf,27.46,纯扫描,讲义/课件,12
02-讲义,2026年XeChem6月线上班,2026年XeChem6月线上班\Xe6月网课资料\过渡金属结构化学手稿.pdf,过渡金属结构化学手稿.pdf,4.72,纯扫描,讲义/课件,26
02-讲义,2026年XeChem6月线上班,2026年XeChem6月线上班\Xe6月网课资料\骨架编辑 (1).pdf,骨架编辑 (1).pdf,4.57,文字版,其他/待定,44
02-讲义,2026年XeChem6月线上班,2026年XeChem6月线上班\Xe6月网课资料\骨架编辑.pdf,骨架编辑.pdf,13.46,文字版,其他/待定,45
02-讲义,2026年五一伽马初赛模拟杭州班,2026年五一伽马初赛模拟杭州班\讲义\26伽马结构1.pdf,26伽马结构1.pdf,20.69,半文字(正文多为图),其他/待定,26
02-讲义,2026年五一伽马初赛模拟杭州班,2026年五一伽马初赛模拟杭州班\讲义\4.29下午手稿.pdf,4.29下午手稿.pdf,6.58,文字版,讲义/课件,41
02-讲义,2026年五一伽马初赛模拟杭州班,2026年五一伽马初赛模拟杭州班\讲义\循环伏安法.pdf,循环伏安法.pdf,2.22,文字版,其他/待定,10
02-讲义,2026年五一伽马初赛模拟杭州班,2026年五一伽马初赛模拟杭州班\讲义\非共价.pdf,非共价.pdf,2.32,半文字(正文多为图),其他/待定,19
02-讲义,2026年化英社4月春季班,2026年化英社4月春季班\2026化英社 春季班试卷\有机\春季-有机专题1答案(已优化).pdf,春季-有机专题1答案(已优化).pdf,41.09,纯扫描,答案/解析,20
02-讲义,2026年化英社4月春季班,2026年化英社4月春季班\2026化英社 春季班试卷\有机\春季-有机专题1答案.pdf,春季-有机专题1答案.pdf,5.78,纯扫描,答案/解析,20
02-讲义,2026年化英社4月春季班,2026年化英社4月春季班\2026化英社 春季班试卷\计算\第40届化英社化学奥林匹克（初赛）计算专题1  清晰版.pdf,第40届化英社化学奥林匹克（初赛）计算专题1  清晰版.pdf,3.39,纯扫描,其他/待定,6
02-讲义,2026年化英社4月春季班,2026年化英社4月春季班\2026化英社 春季班试卷\结构\第40届结构专题1答案（清晰版）.pdf,第40届结构专题1答案（清晰版）.pdf,6.28,纯扫描,答案/解析,15
02-讲义,2026年化英社4月春季班,2026年化英社4月春季班\2026化英社 春季班试卷\结构\第40届结构专题1（清晰版）.pdf,第40届结构专题1（清晰版）.pdf,4.43,纯扫描,其他/待定,9
02-讲义,2026年化英社4月春季班,2026年化英社4月春季班\2026化英社 春季班试卷\计算\第40届计算专题1答案（清晰版）.pdf,第40届计算专题1答案（清晰版）.pdf,5.69,纯扫描,答案/解析,12
02-讲义,2026年化英社五一物化班,2026年化英社五一物化班\2026年化英社五一物化班\华英社 物化专题 2026五一期间\2026化英社第40届决赛物化专题1答案（清晰版）.pdf,2026化英社第40届决赛物化专题1答案（清晰版）.pdf,8.39,纯扫描,答案/解析,14
02-讲义,2026年化英社五一物化班,2026年化英社五一物化班\2026年化英社五一物化班\华英社 物化专题 2026五一期间\化英社2026第40届决赛物化专题2答案（清晰版）.pdf,化英社2026第40届决赛物化专题2答案（清晰版）.pdf,8.21,纯扫描,答案/解析,18
02-讲义,2026年化英社五一物化班,2026年化英社五一物化班\2026年化英社五一物化班\华英社 物化专题 2026五一期间\第40届化英社化学奥林匹克（决赛）物化专题1（清晰版）.pdf,第40届化英社化学奥林匹克（决赛）物化专题1（清晰版）.pdf,3.81,纯扫描,其他/待定,7
02-讲义,2026年壹尖广州寒假班,2026年壹尖广州寒假班\2026.2.28上下午.pdf,2026.2.28上下午.pdf,70.76,纯扫描,其他/待定,47
02-讲义,2026年壹尖广州寒假班,2026年壹尖广州寒假班\2026.2.28晚上ppt拍照.pdf,2026.2.28晚上ppt拍照.pdf,17.73,纯扫描,其他/待定,57
02-讲义,2026年壹尖广州寒假班,2026年壹尖广州寒假班\2026.3.1上午ppt拍照.pdf,2026.3.1上午ppt拍照.pdf,22.37,纯扫描,其他/待定,74
02-讲义,2026年夏令营汇智长沙班,2026年夏令营汇智长沙班\热力学等44项文件\Chapter1 原子结构、分子结构.pdf,Chapter1 原子结构、分子结构.pdf,7.16,纯扫描,其他/待定,13
02-讲义,2026年夏令营汇智长沙班,2026年夏令营汇智长沙班\热力学等44项文件\Chapter2 配合物结构.pdf,Chapter2 配合物结构.pdf,10.95,纯扫描,其他/待定,22
02-讲义,2026年夏令营汇智长沙班,2026年夏令营汇智长沙班\热力学等44项文件\Chapter3 晶体结构.pdf,Chapter3 晶体结构.pdf,11.93,纯扫描,其他/待定,24
02-讲义,2026年夏令营汇智长沙班,2026年夏令营汇智长沙班\热力学等44项文件\分析化学-第六版上册-武汉大学(1).pdf,分析化学-第六版上册-武汉大学(1).pdf,56.98,纯扫描,其他/待定,439
02-讲义,2026年夏令营汇智长沙班,2026年夏令营汇智长沙班\热力学等44项文件\动力学讲义终稿.pdf,动力学讲义终稿.pdf,11.68,文字版,讲义/课件,21
02-讲义,2026年夏令营汇智长沙班,2026年夏令营汇智长沙班\热力学等44项文件\无机讲义.pdf(1).pdf,无机讲义.pdf(1).pdf,13.69,纯扫描,讲义/课件,32
02-讲义,2026年夏令营汇智长沙班,2026年夏令营汇智长沙班\热力学等44项文件\无机讲义.pdf.pdf,无机讲义.pdf.pdf,21.64,纯扫描,讲义/课件,45
02-讲义,2026年夏令营汇智长沙班,2026年夏令营汇智长沙班\热力学等44项文件\汇智起航2026年暑假长沙C3-T化学分模块冲刺课-物理化学2(1).pdf,汇智起航2026年暑假长沙C3-T化学分模块冲刺课-物理化学2(1).pdf,0.38,文字版,其他/待定,12
02-讲义,2026年夏令营汇智长沙班,2026年夏令营汇智长沙班\热力学等44项文件\溶液(1).pdf,溶液(1).pdf,3.59,半文字(正文多为图),其他/待定,11
02-讲义,2026年夏令营汇智长沙班,2026年夏令营汇智长沙班\热力学等44项文件\热力学.pdf,热力学.pdf,11.92,半文字(正文多为图),其他/待定,43
02-讲义,2026年夏令营汇智长沙班,2026年夏令营汇智长沙班\热力学等44项文件\热力学全篇.pdf,热力学全篇.pdf,18.17,半文字(正文多为图),其他/待定,62
02-讲义,2026年夏令营汇智长沙班,2026年夏令营汇智长沙班\热力学等44项文件\物化讲义2答案(2).pdf,物化讲义2答案(2).pdf,18.81,纯扫描,答案/解析,31
02-讲义,2026年夏令营汇智长沙班,2026年夏令营汇智长沙班\热力学等44项文件\电化学.pdf,电化学.pdf,10.05,半文字(正文多为图),其他/待定,40
02-讲义,2026年夏令营汇智长沙班,2026年夏令营汇智长沙班\热力学等44项文件\结构化学讲义 (1).pdf,结构化学讲义 (1).pdf,5.56,半文字(正文多为图),讲义/课件,30
02-讲义,2026年夏令营汇智长沙班,2026年夏令营汇智长沙班\热力学等44项文件\结构化学讲义 (2).pdf,结构化学讲义 (2).pdf,8.95,半文字(正文多为图),讲义/课件,30
02-讲义,2026年夏令营汇智长沙班,2026年夏令营汇智长沙班\热力学等44项文件\结构化学讲义.pdf,结构化学讲义.pdf,11.66,半文字(正文多为图),讲义/课件,30
02-讲义,2026年夏令营汇智长沙班,2026年夏令营汇智长沙班\热力学等44项文件\长沙有机前三天所用文献\补充材料（元素有机）-硅有机化学讲义.pdf,补充材料（元素有机）-硅有机化学讲义.pdf,0.38,,,
02-讲义,2026年夏令营汇智长沙班,2026年夏令营汇智长沙班\热力学等44项文件\长沙有机前三天所用文献\补充材料（元素有机）-硫有机化学讲义.pdf,补充材料（元素有机）-硫有机化学讲义.pdf,3.15,,,
02-讲义,2026年夏令营汇智长沙班,2026年夏令营汇智长沙班\热力学等44项文件\长沙有机前三天所用文献\补充材料（元素有机）-硼有机化学讲义.pdf,补充材料（元素有机）-硼有机化学讲义.pdf,1.75,,,
02-讲义,2026年夏令营汇智长沙班,2026年夏令营汇智长沙班\热力学等44项文件\长沙有机前三天所用文献\补充材料（元素有机）-磷有机化学讲义.pdf,补充材料（元素有机）-磷有机化学讲义.pdf,1.68,,,
02-讲义,2026年夏令营汇智长沙班,2026年夏令营汇智长沙班\热力学等44项文件\长沙有机前三天所用文献\补充材料（电子效应）-基础有机化学中立体电子效应.pdf,补充材料（电子效应）-基础有机化学中立体电子效应.pdf,1.54,,,
02-讲义,2026年夏令营汇智长沙班,2026年夏令营汇智长沙班\热力学等44项文件\长沙有机前三天所用文献\补充材料（苯炔）-有机化学中的高张力中间体.pdf,补充材料（苯炔）-有机化学中的高张力中间体.pdf,1.34,,,
02-讲义,2026年夏令营汇智长沙班,2026年夏令营汇智长沙班\热力学等44项文件\长沙化学冲刺7.11手稿.pdf,长沙化学冲刺7.11手稿.pdf,8.25,纯扫描,讲义/课件,8
02-讲义,2026年夏令营汇智长沙班,2026年夏令营汇智长沙班\热力学等44项文件\长沙化学冲刺7.13手稿.pdf,长沙化学冲刺7.13手稿.pdf,4.62,纯扫描,讲义/课件,8
02-讲义,2026年夏令营汇智长沙班,2026年夏令营汇智长沙班\热力学等44项文件\长沙化学冲刺手稿11+12号.pdf,长沙化学冲刺手稿11+12号.pdf,18.99,纯扫描,讲义/课件,8
02-讲义,2026年夏令营汇智长沙班,2026年夏令营汇智长沙班\热力学等44项文件\题目手稿.pdf,题目手稿.pdf,16.4,文字版,讲义/课件,24
02-讲义,2026年方圆杭州寒假班,2026年方圆杭州寒假班\方圆2026冬令营无机提高补充资料2.14\课程手稿\2.10手稿.pdf,2.10手稿.pdf,6.77,半文字(正文多为图),讲义/课件,15
02-讲义,2026年方圆杭州寒假班,2026年方圆杭州寒假班\方圆2026冬令营无机提高补充资料2.14\课程手稿\2.11手稿.pdf,2.11手稿.pdf,3.09,半文字(正文多为图),讲义/课件,16
02-讲义,2026年方圆杭州寒假班,2026年方圆杭州寒假班\方圆2026冬令营无机提高补充资料2.14\课程手稿\2.12-2.13手稿.pdf,2.12-2.13手稿.pdf,7.32,半文字(正文多为图),讲义/课件,36
02-讲义,2026年方圆杭州寒假班,2026年方圆杭州寒假班\方圆2026冬令营无机提高补充资料2.14\课程手稿\2.14手稿.pdf,2.14手稿.pdf,1.76,文字版,讲义/课件,10
02-讲义,2026年方圆杭州寒假班,2026年方圆杭州寒假班\方圆2026冬令营无机提高补充资料2.14\课程手稿\2.6上午手稿.pdf,2.6上午手稿.pdf,2.46,纯扫描,讲义/课件,7
02-讲义,2026年方圆杭州寒假班,2026年方圆杭州寒假班\方圆2026冬令营无机提高补充资料2.14\课程手稿\2.6下午手稿.pdf,2.6下午手稿.pdf,2.13,半文字(正文多为图),讲义/课件,14
02-讲义,2026年方圆杭州寒假班,2026年方圆杭州寒假班\方圆2026冬令营无机提高补充资料2.14\习题手稿\2.6助教手稿.pdf,2.6助教手稿.pdf,4.6,纯扫描,讲义/课件,6
02-讲义,2026年方圆杭州寒假班,2026年方圆杭州寒假班\方圆2026冬令营无机提高补充资料2.14\习题手稿\2.7助教手稿.pdf,2.7助教手稿.pdf,1.39,纯扫描,讲义/课件,9
02-讲义,2026年方圆杭州寒假班,2026年方圆杭州寒假班\方圆2026冬令营无机提高补充资料2.14\课程手稿\2.7手稿.pdf,2.7手稿.pdf,3.23,文字版,讲义/课件,19
02-讲义,2026年方圆杭州寒假班,2026年方圆杭州寒假班\方圆2026冬令营无机提高补充资料2.14\课程手稿\2.8-2.9上午手稿.pdf,2.8-2.9上午手稿.pdf,4.55,半文字(正文多为图),讲义/课件,10
02-讲义,2026年方圆杭州寒假班,2026年方圆杭州寒假班\方圆2026冬令营无机提高补充资料2.14\课程手稿\2.9下午手稿.pdf,2.9下午手稿.pdf,5.47,半文字(正文多为图),讲义/课件,12
02-讲义,2026年方圆杭州寒假班,2026年方圆杭州寒假班\2026寒假有机专题资料合集\亲电取代260210讲义.pdf,亲电取代260210讲义.pdf,2.41,文字版,讲义/课件,28
02-讲义,2026年方圆杭州寒假班,2026年方圆杭州寒假班\2026寒假有机专题资料合集\基础概念-电子效应共振-讲义0208.pdf,基础概念-电子效应共振-讲义0208.pdf,2.5,文字版,讲义/课件,32
02-讲义,2026年方圆杭州寒假班,2026年方圆杭州寒假班\2026寒假有机专题资料合集\试卷2\有机化学测试2.pdf,有机化学测试2.pdf,0.92,文字版,其他/待定,8
02-讲义,2026年方圆杭州寒假班,2026年方圆杭州寒假班\2026寒假有机专题资料合集\草稿.pdf,草稿.pdf,13.99,纯扫描,其他/待定,24
02-讲义,2026年方圆杭州寒假班,2026年方圆杭州寒假班\2026寒假有机专题资料合集\酸碱问题-构型与构象讲义0209.pdf,酸碱问题-构型与构象讲义0209.pdf,1.22,文字版,讲义/课件,17
02-讲义,2026年汇智五一有机班,2026年汇智五一有机班\2026五一有机营-成都\5.1-5.6有机手稿.pdf,5.1-5.6有机手稿.pdf,64.34,,,
02-讲义,2026年汇智杭州有机寒假班,2026年汇智杭州有机寒假班\杭州有机试题、练习题、手稿\手稿\2.10上午，有机化学(2).pdf,2.10上午，有机化学(2).pdf,8.9,纯扫描,其他/待定,14
02-讲义,2026年汇智杭州有机寒假班,2026年汇智杭州有机寒假班\杭州有机试题、练习题、手稿\手稿\2.10下午，有机化学(1).pdf,2.10下午，有机化学(1).pdf,8.29,纯扫描,其他/待定,17
02-讲义,2026年汇智杭州有机寒假班,2026年汇智杭州有机寒假班\杭州有机试题、练习题、手稿\手稿\2.11上午，有机化学(1).pdf,2.11上午，有机化学(1).pdf,5.17,纯扫描,其他/待定,14
02-讲义,2026年汇智杭州有机寒假班,2026年汇智杭州有机寒假班\杭州有机试题、练习题、手稿\手稿\2.11下午孙老师手稿(1).pdf,2.11下午孙老师手稿(1).pdf,5.43,纯扫描,讲义/课件,16
02-讲义,2026年汇智杭州有机寒假班,2026年汇智杭州有机寒假班\杭州有机试题、练习题、手稿\手稿\2.11下午手稿（更正内容）(1).pdf,2.11下午手稿（更正内容）(1).pdf,0.39,纯扫描,讲义/课件,1
02-讲义,2026年汇智杭州有机寒假班,2026年汇智杭州有机寒假班\杭州有机试题、练习题、手稿\手稿\2.11晚上讲课笔记(1).pdf,2.11晚上讲课笔记(1).pdf,3.21,纯扫描,讲义/课件,7
02-讲义,2026年汇智杭州有机寒假班,2026年汇智杭州有机寒假班\杭州有机试题、练习题、手稿\手稿\2.12上午，有机化学(1).pdf,2.12上午，有机化学(1).pdf,9.27,纯扫描,其他/待定,13
02-讲义,2026年汇智杭州有机寒假班,2026年汇智杭州有机寒假班\杭州有机试题、练习题、手稿\手稿\2.12下午，有机化学(1).pdf,2.12下午，有机化学(1).pdf,6.09,纯扫描,其他/待定,16
02-讲义,2026年汇智杭州有机寒假班,2026年汇智杭州有机寒假班\杭州有机试题、练习题、手稿\手稿\2.13上午，有机化学(1).pdf,2.13上午，有机化学(1).pdf,9.11,纯扫描,其他/待定,13
02-讲义,2026年汇智杭州有机寒假班,2026年汇智杭州有机寒假班\杭州有机试题、练习题、手稿\手稿\2.13下午有机化学(1).pdf,2.13下午有机化学(1).pdf,7.09,纯扫描,其他/待定,19
02-讲义,2026年汇智杭州有机寒假班,2026年汇智杭州有机寒假班\杭州有机试题、练习题、手稿\手稿\2.14上午，有机化学(1).pdf,2.14上午，有机化学(1).pdf,6.11,纯扫描,其他/待定,17
02-讲义,2026年汇智杭州有机寒假班,2026年汇智杭州有机寒假班\杭州有机试题、练习题、手稿\手稿\2.6下午汇智起航有机化学(2).pdf,2.6下午汇智起航有机化学(2).pdf,5.88,纯扫描,其他/待定,14
02-讲义,2026年汇智杭州有机寒假班,2026年汇智杭州有机寒假班\杭州有机试题、练习题、手稿\手稿\2.6汇智起航有机化学(1).pdf,2.6汇智起航有机化学(1).pdf,6.44,纯扫描,其他/待定,15
02-讲义,2026年汇智杭州有机寒假班,2026年汇智杭州有机寒假班\杭州有机试题、练习题、手稿\手稿\2.7上午有机化学(4).pdf,2.7上午有机化学(4).pdf,6.95,纯扫描,其他/待定,12
02-讲义,2026年汇智杭州有机寒假班,2026年汇智杭州有机寒假班\杭州有机试题、练习题、手稿\手稿\2.7下午有机化学(2).pdf,2.7下午有机化学(2).pdf,4.72,纯扫描,其他/待定,13
02-讲义,2026年汇智杭州有机寒假班,2026年汇智杭州有机寒假班\杭州有机试题、练习题、手稿\手稿\2.8上午有机化学(1).pdf,2.8上午有机化学(1).pdf,8.62,纯扫描,其他/待定,15
02-讲义,2026年汇智杭州有机寒假班,2026年汇智杭州有机寒假班\杭州有机试题、练习题、手稿\手稿\2.8下午有机化学(1).pdf,2.8下午有机化学(1).pdf,4.15,纯扫描,其他/待定,12
02-讲义,2026年汇智杭州有机寒假班,2026年汇智杭州有机寒假班\杭州有机试题、练习题、手稿\手稿\2.8晚上，讲课笔记(1).pdf,2.8晚上，讲课笔记(1).pdf,3.4,纯扫描,讲义/课件,14
02-讲义,2026年汇智杭州有机寒假班,2026年汇智杭州有机寒假班\杭州有机试题、练习题、手稿\手稿\2.9上午，有机化学(1).pdf,2.9上午，有机化学(1).pdf,5.81,纯扫描,其他/待定,14
02-讲义,2026年汇智杭州有机寒假班,2026年汇智杭州有机寒假班\杭州有机试题、练习题、手稿\手稿\2.9下午，有机化学(1).pdf,2.9下午，有机化学(1).pdf,4.74,纯扫描,其他/待定,14
02-讲义,2026年汇智杭州有机寒假班,2026年汇智杭州有机寒假班\杭州有机试题、练习题、手稿\手稿\2.9晚上讲课笔记(2).pdf,2.9晚上讲课笔记(2).pdf,1.76,文字版,讲义/课件,10
02-讲义,2026年汇智杭州有机寒假班,2026年汇智杭州有机寒假班\杭州有机试题、练习题、手稿\手稿\汇智起航2026年寒假杭州有机(1).pdf,汇智起航2026年寒假杭州有机(1).pdf,5.8,纯扫描,其他/待定,220
02-讲义,2026年汇智杭州有机寒假班,2026年汇智杭州有机寒假班\杭州有机试题、练习题、手稿\手稿\汇智起航2026年寒假杭州有机.pdf,汇智起航2026年寒假杭州有机.pdf,3.08,纯扫描,其他/待定,220
02-讲义,2026年知行堂寒假班,2026年知行堂寒假班\有机专题1(1)(1).pdf,有机专题1(1)(1).pdf,0.39,文字版,其他/待定,6
02-讲义,2026年知行堂寒假班,2026年知行堂寒假班\有机专题1答案(1).pdf,有机专题1答案(1).pdf,0.68,文字版,答案/解析,12
02-讲义,2026年知行堂寒假班,2026年知行堂寒假班\有机专题2(1).pdf,有机专题2(1).pdf,1.53,文字版,其他/待定,6
02-讲义,2026年知行堂寒假班,2026年知行堂寒假班\有机专题2答案(1).pdf,有机专题2答案(1).pdf,2.8,文字版,答案/解析,10
02-讲义,2026方圆暑期冲刺营,2026方圆暑期冲刺营\方圆\上课手稿\7.10上午.pdf,7.10上午.pdf,6.57,,,
02-讲义,2026方圆暑期冲刺营,2026方圆暑期冲刺营\方圆\上课手稿\7.10下午.pdf,7.10下午.pdf,8.9,,,
02-讲义,2026方圆暑期冲刺营,2026方圆暑期冲刺营\方圆\上课手稿\7.11上午.pdf,7.11上午.pdf,5.25,,,
02-讲义,2026方圆暑期冲刺营,2026方圆暑期冲刺营\方圆\上课手稿\7.11下午.pdf,7.11下午.pdf,6.93,,,
02-讲义,2026方圆暑期冲刺营,2026方圆暑期冲刺营\方圆\上课手稿\7.12上午.pdf,7.12上午.pdf,12.54,,,
02-讲义,2026方圆暑期冲刺营,2026方圆暑期冲刺营\方圆\上课手稿\7.12下午.pdf,7.12下午.pdf,8.15,,,
02-讲义,2026方圆暑期冲刺营,2026方圆暑期冲刺营\方圆\上课手稿\7.13上午.pdf,7.13上午.pdf,8.48,,,
02-讲义,2026方圆暑期冲刺营,2026方圆暑期冲刺营\方圆\上课手稿\7.13下午.pdf,7.13下午.pdf,10.9,,,
02-讲义,2026方圆暑期冲刺营,2026方圆暑期冲刺营\方圆\上课手稿\7.14上午.pdf,7.14上午.pdf,10.87,,,
02-讲义,2026方圆暑期冲刺营,2026方圆暑期冲刺营\方圆\上课手稿\7.14下午.pdf,7.14下午.pdf,11.25,,,
02-讲义,2026方圆暑期冲刺营,2026方圆暑期冲刺营\方圆\上课手稿\7.9上午.pdf,7.9上午.pdf,5.38,,,
02-讲义,2026方圆暑期冲刺营,2026方圆暑期冲刺营\方圆\上课手稿\7.9下午.pdf,7.9下午.pdf,7.16,,,
02-讲义,2026方圆暑期冲刺营,2026方圆暑期冲刺营\方圆\手稿\化学元素手稿1.pdf,化学元素手稿1.pdf,4.74,,,
02-讲义,2026方圆暑期冲刺营,2026方圆暑期冲刺营\方圆\手稿\化学元素讲义2.pdf,化学元素讲义2.pdf,14.28,,,
02-讲义,2026方圆暑期冲刺营,2026方圆暑期冲刺营\方圆\手稿\化学结构手稿.pdf,化学结构手稿.pdf,34.88,,,
02-讲义,2026方圆暑期冲刺营,2026方圆暑期冲刺营\方圆\手稿\试卷讲解手稿1.pdf,试卷讲解手稿1.pdf,7.36,,,
02-讲义,2026方圆暑期冲刺营,2026方圆暑期冲刺营\方圆\手稿\试卷讲解手稿2.pdf,试卷讲解手稿2.pdf,1.67,,,
02-讲义,2026方圆暑期冲刺营,2026方圆暑期冲刺营\方圆\手稿\试卷讲解手稿3.pdf,试卷讲解手稿3.pdf,4.49,,,
02-讲义,2026暑假化英社解题技巧班,2026暑假化英社解题技巧班\26.07.29化英社第一讲化学实验与化工装置.pdf,26.07.29化英社第一讲化学实验与化工装置.pdf,5.82,半文字(正文多为图),其他/待定,15
02-讲义,2026暑假化英社解题技巧班,2026暑假化英社解题技巧班\26.07.30化英社第三讲计算.pdf,26.07.30化英社第三讲计算.pdf,8.88,半文字(正文多为图),其他/待定,23
02-讲义,2026暑假化英社解题技巧班,2026暑假化英社解题技巧班\26.07.30化英社第二讲计算.pdf,26.07.30化英社第二讲计算.pdf,6.39,文字版,其他/待定,13
02-讲义,2026暑假化英社解题技巧班,2026暑假化英社解题技巧班\26.07.31化英社第四讲工业装置.pdf,26.07.31化英社第四讲工业装置.pdf,11.28,文字版,其他/待定,12
02-讲义,2026暑假化英社解题技巧班,2026暑假化英社解题技巧班\mk晶体.pdf,mk晶体.pdf,17.6,纯扫描,其他/待定,30
02-讲义,2026暑假化英社解题技巧班,2026暑假化英社解题技巧班\mk结构.pdf,mk结构.pdf,22.26,纯扫描,其他/待定,37
02-讲义,2026暑假化英社解题技巧班,2026暑假化英社解题技巧班\szm实验专题.pdf,szm实验专题.pdf,15.4,纯扫描,其他/待定,29
02-讲义,2026暑假化英社解题技巧班,2026暑假化英社解题技巧班\szm计算专题.pdf,szm计算专题.pdf,23.95,纯扫描,其他/待定,45
02-讲义,2026暑假化英社解题技巧班,2026暑假化英社解题技巧班\大老师有机1.pdf,大老师有机1.pdf,16.35,纯扫描,其他/待定,35
02-讲义,2026暑假化英社解题技巧班,2026暑假化英社解题技巧班\大老师有机2.pdf,大老师有机2.pdf,8.71,纯扫描,其他/待定,18
02-讲义,2026暑假化英社解题技巧班,2026暑假化英社解题技巧班\大老师有机3.pdf,大老师有机3.pdf,10.92,纯扫描,其他/待定,26
02-讲义,2026暑假化英社解题技巧班,2026暑假化英社解题技巧班\讲义实验部分.pdf,讲义实验部分.pdf,2.24,纯扫描,讲义/课件,30
02-讲义,2026暑假化英社解题技巧班,2026暑假化英社解题技巧班\讲义计算部分.pdf,讲义计算部分.pdf,2.52,文字版,讲义/课件,45
02-讲义,第40届化英社化学奥林匹克（初赛）夏季,第40届化英社化学奥林匹克（初赛）夏季\第40届化英社化学奥林匹克(初赛)夏季无机专题1.pdf,第40届化英社化学奥林匹克(初赛)夏季无机专题1.pdf,6.64,纯扫描,其他/待定,8
02-讲义,第40届化英社化学奥林匹克（初赛）夏季,第40届化英社化学奥林匹克（初赛）夏季\第40届化英社化学奥林匹克(初赛)夏季结构专题.pdf,第40届化英社化学奥林匹克(初赛)夏季结构专题.pdf,6.82,纯扫描,其他/待定,11
02-讲义,第40届化英社化学奥林匹克（初赛）夏季,第40届化英社化学奥林匹克（初赛）夏季\第40届化英社化学奥林匹克竞赛（初赛）夏季有机专题2.pdf,第40届化英社化学奥林匹克竞赛（初赛）夏季有机专题2.pdf,5.06,纯扫描,其他/待定,9
02-讲义,第40届化英社化学奥林匹克（初赛）夏季,第40届化英社化学奥林匹克（初赛）夏季\第40届化英社化学奥林匹克（初赛）夏季无机专题2.pdf,第40届化英社化学奥林匹克（初赛）夏季无机专题2.pdf,7.99,纯扫描,其他/待定,10
02-讲义,第40届化英社化学奥林匹克（初赛）夏季,第40届化英社化学奥林匹克（初赛）夏季\第40届化英社化学奥林匹克（初赛）夏季有机专题1.pdf,第40届化英社化学奥林匹克（初赛）夏季有机专题1.pdf,6.45,纯扫描,其他/待定,11
03-其他可提炼内容,2025-2026年伽马化学专题进阶线上班,2025-2026年伽马化学专题进阶线上班\12.28号线上回放\图片.jpg,图片.jpg,0.09,,,
03-其他可提炼内容,2025-2026年伽马化学专题进阶线上班,2025-2026年伽马化学专题进阶线上班\2026年3.29号线上回放\考前注意_0_1774754957775.pdf,考前注意_0_1774754957775.pdf,1.11,文字版,其他/待定,3
03-其他可提炼内容,2026伽马寒假线上班,2026伽马寒假线上班\有机\12.28有机\d20bedce810c7b5431e69e1b980a5b28.jpg,d20bedce810c7b5431e69e1b980a5b28.jpg,0.09,,,
03-其他可提炼内容,2026伽马寒假线上班,2026伽马寒假线上班\有机\12.21有机\d6606a1c5d98fe2cf1cf7735ad45e560.png,d6606a1c5d98fe2cf1cf7735ad45e560.png,0.04,,,
03-其他可提炼内容,2026伽马寒假线上班,2026伽马寒假线上班\无机\2026年1.4无机\lQLPKHBSzTnPDM_NAzDNAk2wlkoNERYQjkQJMrhj-30nAA_589_816.png,lQLPKHBSzTnPDM_NAzDNAk2wlkoNERYQjkQJMrhj-30nAA_589_816.png,0.26,,,
03-其他可提炼内容,2026伽马寒假线上班,2026伽马寒假线上班\有机\12.7\science.adq4980.pdf,science.adq4980.pdf,1.29,文字版,其他/待定,7
03-其他可提炼内容,2026伽马寒假线上班,2026伽马寒假线上班\有机\12.14有机\图片.jpg,图片.jpg,0.18,,,
03-其他可提炼内容,2026年XeChem6月线上班,2026年XeChem6月线上班\Xe6月网课资料\2026XeChem暑期高峰论坛一轮通知.pdf,2026XeChem暑期高峰论坛一轮通知.pdf,0.35,文字版,其他/待定,1
03-其他可提炼内容,2026年XeChem6月线上班,2026年XeChem6月线上班\Xe6月网课资料\6_12org (1)(1).pdf,6_12org (1)(1).pdf,11.3,半文字(正文多为图),其他/待定,55
03-其他可提炼内容,2026年XeChem6月线上班,2026年XeChem6月线上班\Xe6月网课资料\ABOC 202505 (1)_202507272145_30452(1).pdf,ABOC 202505 (1)_202507272145_30452(1).pdf,44.0,半文字(正文多为图),其他/待定,397
03-其他可提炼内容,2026年XeChem6月线上班,2026年XeChem6月线上班\Xe6月网课资料\ABOC讲稿.pdf,ABOC讲稿.pdf,4.76,纯扫描,其他/待定,15
03-其他可提炼内容,2026年XeChem6月线上班,2026年XeChem6月线上班\Xe6月网课资料\zaac.201400194.pdf,zaac.201400194.pdf,0.35,文字版,其他/待定,8
03-其他可提炼内容,2026年chemy春季班,2026年chemy春季班\26chemy 五一研讨会.pdf,26chemy 五一研讨会.pdf,25.63,纯扫描,其他/待定,146
03-其他可提炼内容,2026年壹尖五一有机密训班,2026年壹尖五一有机密训班\2026年五一有机秘训班第一轮通知.pdf,2026年五一有机秘训班第一轮通知.pdf,0.22,文字版,其他/待定,3
03-其他可提炼内容,2026年夏令营汇智长沙班,2026年夏令营汇智长沙班\热力学等44项文件\【电子版】fx-991CN CW II化学竞赛应用案例集.pdf,【电子版】fx-991CN CW II化学竞赛应用案例集.pdf,18.04,纯扫描,其他/待定,74
03-其他可提炼内容,2026年夏令营汇智长沙班,2026年夏令营汇智长沙班\热力学等44项文件\七元氮环重排成间羟基苯甲醛.pdf,七元氮环重排成间羟基苯甲醛.pdf,0.38,文字版,其他/待定,7
03-其他可提炼内容,2026年夏令营汇智长沙班,2026年夏令营汇智长沙班\热力学等44项文件\长沙有机前三天所用文献\合成补充1-紫杉醇.pdf,合成补充1-紫杉醇.pdf,4.23,,,
03-其他可提炼内容,2026年夏令营汇智长沙班,2026年夏令营汇智长沙班\热力学等44项文件\长沙有机前三天所用文献\合成补充2-环巴胺.pdf,合成补充2-环巴胺.pdf,3.65,,,
03-其他可提炼内容,2026年夏令营汇智长沙班,2026年夏令营汇智长沙班\热力学等44项文件\长沙有机前三天所用文献\合成补充3-虎皮楠生物碱.pdf,合成补充3-虎皮楠生物碱.pdf,1.58,,,
03-其他可提炼内容,2026年夏令营汇智长沙班,2026年夏令营汇智长沙班\热力学等44项文件\长沙有机前三天所用文献\合成补充4-重排型C19二萜生物碱.pdf,合成补充4-重排型C19二萜生物碱.pdf,3.39,,,
03-其他可提炼内容,2026年夏令营汇智长沙班,2026年夏令营汇智长沙班\热力学等44项文件\微积分.pdf,微积分.pdf,17.68,文字版,其他/待定,13
03-其他可提炼内容,2026年夏令营汇智长沙班,2026年夏令营汇智长沙班\热力学等44项文件\长沙有机前三天所用文献\方法学-酰胺合成新策略.pdf,方法学-酰胺合成新策略.pdf,2.94,,,
03-其他可提炼内容,2026年夏令营汇智长沙班,2026年夏令营汇智长沙班\热力学等44项文件\长沙有机前三天所用文献\补充材料（卡宾）-富电子、与氧相连的卡宾物种.pdf,补充材料（卡宾）-富电子、与氧相连的卡宾物种.pdf,30.88,,,
03-其他可提炼内容,2026年夏令营汇智长沙班,2026年夏令营汇智长沙班\热力学等44项文件\长沙有机前三天所用文献\补充材料（反转）-亲卤&亲硫亲核取代.pdf,补充材料（反转）-亲卤&亲硫亲核取代.pdf,2.15,,,
03-其他可提炼内容,2026年夏令营汇智长沙班,2026年夏令营汇智长沙班\热力学等44项文件\长沙有机前三天所用文献\补充材料（周环）-串联DA逆DA.pdf,补充材料（周环）-串联DA逆DA.pdf,1.94,,,
03-其他可提炼内容,2026年夏令营汇智长沙班,2026年夏令营汇智长沙班\热力学等44项文件\长沙有机前三天所用文献\补充材料（电子效应）-综述-经典立体电子效应的复杂性.pdf,补充材料（电子效应）-综述-经典立体电子效应的复杂性.pdf,14.63,,,
03-其他可提炼内容,2026年夏令营汇智长沙班,2026年夏令营汇智长沙班\热力学等44项文件\长沙有机前三天所用文献\补充材料（碳正）-氧鎓离子在合成中的应用.pdf,补充材料（碳正）-氧鎓离子在合成中的应用.pdf,1.62,,,
03-其他可提炼内容,2026年夏令营汇智长沙班,2026年夏令营汇智长沙班\热力学等44项文件\长沙有机前三天所用文献\补充材料（碳正）-碘苯催化烯烃氟化转化.pdf,补充材料（碳正）-碘苯催化烯烃氟化转化.pdf,9.8,,,
03-其他可提炼内容,2026年夏令营汇智长沙班,2026年夏令营汇智长沙班\热力学等44项文件\长沙有机前三天所用文献\补充材料（碳正）-超共轭与立体电子效应.pdf,补充材料（碳正）-超共轭与立体电子效应.pdf,2.58,,,
03-其他可提炼内容,2026年夏令营汇智长沙班,2026年夏令营汇智长沙班\热力学等44项文件\长沙有机前三天所用文献\补充材料（碳正）-非经典碳正离子的不对称转化.pdf,补充材料（碳正）-非经典碳正离子的不对称转化.pdf,1.64,,,
03-其他可提炼内容,2026年夏令营汇智长沙班,2026年夏令营汇智长沙班\热力学等44项文件\长沙有机前三天所用文献\补充材料（碳正）-非经典碳正离子简介.pdf,补充材料（碳正）-非经典碳正离子简介.pdf,2.78,,,
03-其他可提炼内容,2026年夏令营汇智长沙班,2026年夏令营汇智长沙班\热力学等44项文件\长沙有机前三天所用文献\补充材料（碳负）-TosMIC化学综述.pdf,补充材料（碳负）-TosMIC化学综述.pdf,16.33,,,
03-其他可提炼内容,2026年夏令营汇智长沙班,2026年夏令营汇智长沙班\热力学等44项文件\长沙有机前三天所用文献\补充材料（碳负）-pKa表.pdf,补充材料（碳负）-pKa表.pdf,0.23,,,
03-其他可提炼内容,2026年夏令营汇智长沙班,2026年夏令营汇智长沙班\热力学等44项文件\长沙有机前三天所用文献\补充材料（自由基）-Baran自由基化学发展史.pdf,补充材料（自由基）-Baran自由基化学发展史.pdf,8.78,,,
03-其他可提炼内容,2026年夏令营汇智长沙班,2026年夏令营汇智长沙班\热力学等44项文件\长沙有机前三天所用文献\补充材料（苯炔）-苯炔的历史、形成与反应性.pdf,补充材料（苯炔）-苯炔的历史、形成与反应性.pdf,7.35,,,
03-其他可提炼内容,2026年夏令营汇智长沙班,2026年夏令营汇智长沙班\热力学等44项文件\长沙有机前三天所用文献\补充材料（邻参）-三重邻参.pdf,补充材料（邻参）-三重邻参.pdf,4.5,,,
03-其他可提炼内容,2026年夏令营汇智长沙班,2026年夏令营汇智长沙班\热力学等44项文件\长沙有机前三天所用文献\补充材料（金属有机）-对四大基元反应的讨论.pdf,补充材料（金属有机）-对四大基元反应的讨论.pdf,2.07,,,
03-其他可提炼内容,2026年方圆杭州寒假班,2026年方圆杭州寒假班\方圆2026冬令营无机提高补充资料2.14\习题手稿\竞赛经历分享.pptx,竞赛经历分享.pptx,7.88,,其他/待定,
03-其他可提炼内容,2026年清北营寒假班,2026年清北营寒假班\密码：37548612.txt,密码：37548612.txt,0.0,,其他/待定,
03-其他可提炼内容,2026方圆暑期冲刺营,2026方圆暑期冲刺营\方圆教育2026年化学竞赛资料7月9日12：15.pdf,方圆教育2026年化学竞赛资料7月9日12：15.pdf,5.38,纯扫描,讲义/课件,16
03-其他可提炼内容,第40届XeChem初赛模拟试题（暑假杭州集训）,第40届XeChem初赛模拟试题（暑假杭州集训）\第40届XeChem初赛模拟试题\讲义\anie.199704861.pdf,anie.199704861.pdf,0.7,文字版,其他/待定,3
03-其他可提炼内容,第40届XeChem初赛模拟试题（暑假杭州集训）,第40届XeChem初赛模拟试题（暑假杭州集训）\第40届XeChem初赛模拟试题\讲义\dodecahedrane(1st gen.) Neil Garg.pdf,dodecahedrane(1st gen.) Neil Garg.pdf,1.05,文字版,其他/待定,14
03-其他可提炼内容,第40届XeChem初赛模拟试题（暑假杭州集训）,第40届XeChem初赛模拟试题（暑假杭州集训）\第40届XeChem初赛模拟试题\讲义\dodecahedrane(2nd gen.) Neil Garg(3).pdf,dodecahedrane(2nd gen.) Neil Garg(3).pdf,1.4,文字版,其他/待定,5
_答题卡-可删,2026一式暑期刷题班及数据,2026一式暑期刷题班及数据\一式01\一式01答题卡.pdf,一式01答题卡.pdf,2.3,纯扫描,答案/解析,5
_答题卡-可删,2026一式暑期刷题班及数据,2026一式暑期刷题班及数据\一式02\一式02答题卡.pdf,一式02答题卡.pdf,1.36,纯扫描,答案/解析,8
_答题卡-可删,2026一式暑期刷题班及数据,2026一式暑期刷题班及数据\一式03\一式03答题卡.pdf,一式03答题卡.pdf,2.06,纯扫描,答案/解析,4
_答题卡-可删,2026一式暑期刷题班及数据,2026一式暑期刷题班及数据\一式04\一式04答题卡.pdf,一式04答题卡.pdf,1.44,纯扫描,答案/解析,4
_答题卡-可删,2026一式暑期刷题班及数据,2026一式暑期刷题班及数据\一式05\一式05答题卡.pdf,一式05答题卡.pdf,1.64,纯扫描,答案/解析,4
_答题卡-可删,2026一式暑期刷题班及数据,2026一式暑期刷题班及数据\一式06\一式06答题卡.pdf,一式06答题卡.pdf,1.71,纯扫描,答案/解析,4
_答题卡-可删,2026一式暑期刷题班及数据,2026一式暑期刷题班及数据\一式07\一式07答题卡.pdf,一式07答题卡.pdf,1.61,纯扫描,答案/解析,4
_答题卡-可删,2026一式暑期刷题班及数据,2026一式暑期刷题班及数据\一式08\一式08答题卡.pdf,一式08答题卡.pdf,1.09,纯扫描,答案/解析,5
_答题卡-可删,2026一式暑期刷题班及数据,2026一式暑期刷题班及数据\一式09\一式09答题卡.pdf,一式09答题卡.pdf,2.04,纯扫描,答案/解析,4
_答题卡-可删,2026一式暑期刷题班及数据,2026一式暑期刷题班及数据\一式10\一式10答题卡.pdf,一式10答题卡.pdf,1.49,纯扫描,答案/解析,4
_答题卡-可删,2026伽马暑假刷题班,2026伽马暑假刷题班\伽马化学2026年暑期模拟10答题卡.pdf,伽马化学2026年暑期模拟10答题卡.pdf,0.13,文字版,答案/解析,6
_答题卡-可删,2026伽马暑假刷题班,2026伽马暑假刷题班\伽马化学2026年暑期模拟1答题卡.pdf,伽马化学2026年暑期模拟1答题卡.pdf,0.17,文字版,答案/解析,9
_答题卡-可删,2026伽马暑假刷题班,2026伽马暑假刷题班\伽马化学2026年暑期模拟2答题卡.pdf,伽马化学2026年暑期模拟2答题卡.pdf,0.17,文字版,答案/解析,8
_答题卡-可删,2026伽马暑假刷题班,2026伽马暑假刷题班\伽马化学2026年暑期模拟3答题卡.pdf,伽马化学2026年暑期模拟3答题卡.pdf,0.17,文字版,答案/解析,10
_答题卡-可删,2026伽马暑假刷题班,2026伽马暑假刷题班\伽马化学2026年暑期模拟4答题卡.pdf,伽马化学2026年暑期模拟4答题卡.pdf,0.21,文字版,答案/解析,10
_答题卡-可删,2026伽马暑假刷题班,2026伽马暑假刷题班\伽马化学2026年暑期模拟5答题卡.pdf,伽马化学2026年暑期模拟5答题卡.pdf,0.15,文字版,答案/解析,8
_答题卡-可删,2026伽马暑假刷题班,2026伽马暑假刷题班\伽马化学2026年暑期模拟6答题卡.pdf,伽马化学2026年暑期模拟6答题卡.pdf,0.17,文字版,答案/解析,11
_答题卡-可删,2026伽马暑假刷题班,2026伽马暑假刷题班\伽马化学2026年暑期模拟7答题卡.pdf,伽马化学2026年暑期模拟7答题卡.pdf,0.17,文字版,答案/解析,9
_答题卡-可删,2026伽马暑假刷题班,2026伽马暑假刷题班\伽马化学2026年暑期模拟8答题卡.pdf,伽马化学2026年暑期模拟8答题卡.pdf,0.13,文字版,答案/解析,7
_答题卡-可删,2026伽马暑假刷题班,2026伽马暑假刷题班\伽马化学2026年暑期模拟9答题卡.pdf,伽马化学2026年暑期模拟9答题卡.pdf,0.18,文字版,答案/解析,9
_答题卡-可删,2026年8月汇智长沙夏令营刷题班,2026年8月汇智长沙夏令营刷题班\答题卡\答题卡\0702-汇智起航2026年（暑假）全国化学初赛模拟试题8答题卡.pdf,0702-汇智起航2026年（暑假）全国化学初赛模拟试题8答题卡.pdf,0.35,文字版,答案/解析,13
_答题卡-可删,2026年8月汇智长沙夏令营刷题班,2026年8月汇智长沙夏令营刷题班\答题卡\答题卡\251010-汇智起航2026年（暑假）全国化学初赛模拟试题6答题卡-ykc(1).pdf,251010-汇智起航2026年（暑假）全国化学初赛模拟试题6答题卡-ykc(1).pdf,0.29,文字版,答案/解析,8
_答题卡-可删,2026年8月汇智长沙夏令营刷题班,2026年8月汇智长沙夏令营刷题班\答题卡\答题卡\260530-汇智起航2026年（暑假）全国化学初赛模拟试题12答题卡.pdf,260530-汇智起航2026年（暑假）全国化学初赛模拟试题12答题卡.pdf,0.3,文字版,答案/解析,10
_答题卡-可删,2026年8月汇智长沙夏令营刷题班,2026年8月汇智长沙夏令营刷题班\答题卡\答题卡\260531-汇智起航2026年（暑假）全国化学初赛模拟试题3答题卡(3).pdf,260531-汇智起航2026年（暑假）全国化学初赛模拟试题3答题卡(3).pdf,0.3,文字版,答案/解析,10
_答题卡-可删,2026年8月汇智长沙夏令营刷题班,2026年8月汇智长沙夏令营刷题班\答题卡\答题卡\260601-汇智起航2026年（暑假）全国化学初赛模拟试题2答题卡(1).pdf,260601-汇智起航2026年（暑假）全国化学初赛模拟试题2答题卡(1).pdf,0.29,文字版,答案/解析,6
_答题卡-可删,2026年8月汇智长沙夏令营刷题班,2026年8月汇智长沙夏令营刷题班\答题卡\答题卡\260602-汇智起航2026年（暑假）全国化学初赛模拟试题10答题卡(2).pdf,260602-汇智起航2026年（暑假）全国化学初赛模拟试题10答题卡(2).pdf,0.31,文字版,答案/解析,14
_答题卡-可删,2026年8月汇智长沙夏令营刷题班,2026年8月汇智长沙夏令营刷题班\答题卡\答题卡\260615-汇智起航2026年（暑假）全国化学初赛模拟试题1答题卡(1).pdf,260615-汇智起航2026年（暑假）全国化学初赛模拟试题1答题卡(1).pdf,0.3,文字版,答案/解析,11
_答题卡-可删,2026年8月汇智长沙夏令营刷题班,2026年8月汇智长沙夏令营刷题班\答题卡\答题卡\260624-汇智起航2026年（暑假）全国化学初赛模拟试题4答题卡(1).pdf,260624-汇智起航2026年（暑假）全国化学初赛模拟试题4答题卡(1).pdf,0.3,文字版,答案/解析,8
_答题卡-可删,2026年8月汇智长沙夏令营刷题班,2026年8月汇智长沙夏令营刷题班\答题卡\答题卡\260701-汇智起航2026年（暑假）全国化学初赛模拟试题11答题卡.pdf,260701-汇智起航2026年（暑假）全国化学初赛模拟试题11答题卡.pdf,0.3,文字版,答案/解析,10
_答题卡-可删,2026年8月汇智长沙夏令营刷题班,2026年8月汇智长沙夏令营刷题班\答题卡\答题卡\260711-汇智起航2026年（暑假）全国化学初赛模拟试题9答题卡 .pdf,260711-汇智起航2026年（暑假）全国化学初赛模拟试题9答题卡 .pdf,0.3,文字版,答案/解析,10
_答题卡-可删,2026年8月汇智长沙夏令营刷题班,2026年8月汇智长沙夏令营刷题班\答题卡\答题卡\260723-汇智起航2026年（暑假）全国化学初赛模拟试题7答题卡(3).pdf,260723-汇智起航2026年（暑假）全国化学初赛模拟试题7答题卡(3).pdf,0.3,文字版,答案/解析,11
_答题卡-可删,2026年XeChem6月线上班,2026年XeChem6月线上班\Xe6月网课资料\模拟试题\40届11卷答题卡A4.pdf,40届11卷答题卡A4.pdf,0.33,文字版,答案/解析,13
_答题卡-可删,2026年XeChem6月线上班,2026年XeChem6月线上班\Xe6月网课资料\模拟试题\40届卷11答题卡.pdf,40届卷11答题卡.pdf,0.36,文字版,答案/解析,7
_答题卡-可删,2026年XeChem6月线上班,2026年XeChem6月线上班\Xe6月网课资料\模拟试题\第40届XeChem初赛模拟试题（十）答题卡A3.pdf,第40届XeChem初赛模拟试题（十）答题卡A3.pdf,0.35,文字版,答案/解析,5
_答题卡-可删,2026年XeChem6月线上班,2026年XeChem6月线上班\Xe6月网课资料\模拟试题\第40届XeChem初赛模拟试题（十）答题卡A4.pdf,第40届XeChem初赛模拟试题（十）答题卡A4.pdf,0.36,文字版,答案/解析,10
_答题卡-可删,2026年chemy夏令营,2026年chemy夏令营\第40届chemy夏季班\第40届chemy初赛模拟10\第40届chemy初赛模拟10答题卡.pdf,第40届chemy初赛模拟10答题卡.pdf,3.48,,,
_答题卡-可删,2026年chemy夏令营,2026年chemy夏令营\第40届chemy夏季班\第40届chemy初赛模拟12\第40届chemy初赛模拟12答题卡.pdf,第40届chemy初赛模拟12答题卡.pdf,2.92,,,
_答题卡-可删,2026年chemy夏令营,2026年chemy夏令营\第40届chemy夏季班\第40届chemy初赛模拟13\第40届chemy初赛模拟13答题卡.pdf,第40届chemy初赛模拟13答题卡.pdf,3.23,,,
_答题卡-可删,2026年chemy夏令营,2026年chemy夏令营\第40届chemy夏季班\第41届chemy联赛\第41届chemy联赛答题卡.pdf,第41届chemy联赛答题卡.pdf,2.98,,,
_答题卡-可删,2026年化英社4月春季班,2026年化英社4月春季班\2026化英社 春季班试卷\7\初赛模拟7答题卡(已优化).pdf,初赛模拟7答题卡(已优化).pdf,14.77,纯扫描,答案/解析,10
_答题卡-可删,2026年化英社4月春季班,2026年化英社4月春季班\2026化英社 春季班试卷\7\初赛模拟7答题卡.pdf,初赛模拟7答题卡.pdf,1.74,纯扫描,答案/解析,10
_答题卡-可删,2026年化英社4月春季班,2026年化英社4月春季班\2026化英社 春季班试卷\有机\春季-有机专题1答题卡(已优化).pdf,春季-有机专题1答题卡(已优化).pdf,6.97,纯扫描,答案/解析,6
_答题卡-可删,2026年化英社4月春季班,2026年化英社4月春季班\2026化英社 春季班试卷\有机\春季-有机专题1答题卡.pdf,春季-有机专题1答题卡.pdf,6.52,纯扫描,答案/解析,6
_答题卡-可删,2026年化英社4月春季班,2026年化英社4月春季班\2026化英社 春季班试卷\9\模拟试题9答题卡.pdf,模拟试题9答题卡.pdf,1.91,纯扫描,答案/解析,6
_答题卡-可删,2026年化英社4月春季班,2026年化英社4月春季班\2026化英社 春季班试卷\9\模拟试题9答题卡（清晰版）.pdf,模拟试题9答题卡（清晰版）.pdf,1.86,纯扫描,答案/解析,6
_答题卡-可删,2026年化英社4月春季班,2026年化英社4月春季班\2026化英社 春季班试卷\决赛模拟\第40届决赛模拟1答题卡（清晰版）.pdf,第40届决赛模拟1答题卡（清晰版）.pdf,2.13,纯扫描,答案/解析,6
_答题卡-可删,2026年化英社4月春季班,2026年化英社4月春季班\2026化英社 春季班试卷\10\第40届初赛模拟10答题卡（清晰版）.pdf,第40届初赛模拟10答题卡（清晰版）.pdf,2.09,纯扫描,答案/解析,5
_答题卡-可删,2026年化英社4月春季班,2026年化英社4月春季班\2026化英社 春季班试卷\11\第40届初赛模拟11答题卡（清晰版）.pdf,第40届初赛模拟11答题卡（清晰版）.pdf,1.66,纯扫描,答案/解析,5
_答题卡-可删,2026年化英社4月春季班,2026年化英社4月春季班\2026化英社 春季班试卷\计算\第40届初赛计算专题1答题卡（清晰版）.pdf,第40届初赛计算专题1答题卡（清晰版）.pdf,1.91,纯扫描,答案/解析,4
_答题卡-可删,2026年化英社4月春季班,2026年化英社4月春季班\2026化英社 春季班试卷\结构\第40届化英社初赛结构专题1-答题卡-清晰版.pdf,第40届化英社初赛结构专题1-答题卡-清晰版.pdf,1.25,纯扫描,答案/解析,5
_答题卡-可删,2026年化英社五一物化班,2026年化英社五一物化班\2026年化英社五一物化班\华英社 物化专题 2026五一期间\2026化英社决赛物化专题2答题卡（清晰版）.pdf,2026化英社决赛物化专题2答题卡（清晰版）.pdf,1.42,纯扫描,答案/解析,5
_答题卡-可删,2026年化英社五一物化班,2026年化英社五一物化班\2026年化英社五一物化班\华英社 物化专题 2026五一期间\2026化英社第40届决赛模拟3答题卡（清晰版）.pdf,2026化英社第40届决赛模拟3答题卡（清晰版）.pdf,1.86,纯扫描,答案/解析,6
_答题卡-可删,2026年化英社五一物化班,2026年化英社五一物化班\2026年化英社五一物化班\华英社 物化专题 2026五一期间\第40届决赛模拟试题2答题卡（清晰版）.pdf,第40届决赛模拟试题2答题卡（清晰版）.pdf,1.56,纯扫描,答案/解析,6
_答题卡-可删,2026年化英社五一物化班,2026年化英社五一物化班\2026年化英社五一物化班\华英社 物化专题 2026五一期间\第40届化英社化学奥林匹克（决赛）物化专题1答题卡（清晰版）.pdf,第40届化英社化学奥林匹克（决赛）物化专题1答题卡（清晰版）.pdf,1.19,纯扫描,答案/解析,5
_答题卡-可删,2026年化英社五一物化班,2026年化英社五一物化班\2026年化英社五一物化班\华英社 物化专题 2026五一期间\第40届化英社奥林匹克（初赛）模拟试题13 答题卡（清晰）.pdf,第40届化英社奥林匹克（初赛）模拟试题13 答题卡（清晰）.pdf,1.66,纯扫描,答案/解析,5
_答题卡-可删,2026年化英社春季联考线上班,2026年化英社春季联考线上班\化英社春季联考2\第40届化英社化学奥林匹克（初赛）春季联考2答题卡.pdf,第40届化英社化学奥林匹克（初赛）春季联考2答题卡.pdf,0.32,半文字(正文多为图),答案/解析,8
_答题卡-可删,2026年化英社春季联考线上班,2026年化英社春季联考线上班\化英社春季联考3\第40届化英社化学奥林匹克（初赛）春季联考3答题卡.pdf,第40届化英社化学奥林匹克（初赛）春季联考3答题卡.pdf,0.33,半文字(正文多为图),答案/解析,10
_答题卡-可删,2026年化英社春季联考线上班,2026年化英社春季联考线上班\化英社春季联考4\第40届化英社化学奥林匹克（初赛）春季联考4答题卡.pdf,第40届化英社化学奥林匹克（初赛）春季联考4答题卡.pdf,0.34,半文字(正文多为图),答案/解析,10
_答题卡-可删,2026年化英社春季联考线上班,2026年化英社春季联考线上班\化英社春季联考5\第40届化英社化学奥林匹克（初赛）春季联考5 答题卡.pdf,第40届化英社化学奥林匹克（初赛）春季联考5 答题卡.pdf,0.33,半文字(正文多为图),答案/解析,8
_答题卡-可删,2026年化英社春季联考线上班,2026年化英社春季联考线上班\化英社春季联考6\第40届化英社化学奥林匹克（初赛）春季联考6 答题卡-final.pdf,第40届化英社化学奥林匹克（初赛）春季联考6 答题卡-final.pdf,0.36,半文字(正文多为图),答案/解析,10
_答题卡-可删,2026年壹尖培优夏令营（国初高端冲刺营）,2026年壹尖培优夏令营（国初高端冲刺营）\第40届中国化学奥林匹克（初赛）模拟试题和答题卡\第 40 届中国化学奥林匹克（初赛）模拟试题10答题卡.pdf,第 40 届中国化学奥林匹克（初赛）模拟试题10答题卡.pdf,0.21,半文字(正文多为图),答案/解析,8
_答题卡-可删,2026年壹尖培优夏令营（国初高端冲刺营）,2026年壹尖培优夏令营（国初高端冲刺营）\第40届中国化学奥林匹克（初赛）模拟试题和答题卡\第 40 届中国化学奥林匹克（初赛）模拟试题11答题卡.pdf,第 40 届中国化学奥林匹克（初赛）模拟试题11答题卡.pdf,0.16,半文字(正文多为图),答案/解析,8
_答题卡-可删,2026年壹尖培优夏令营（国初高端冲刺营）,2026年壹尖培优夏令营（国初高端冲刺营）\第40届中国化学奥林匹克（初赛）模拟试题和答题卡\第 40 届中国化学奥林匹克（初赛）模拟试题12答题卡.pdf,第 40 届中国化学奥林匹克（初赛）模拟试题12答题卡.pdf,0.2,半文字(正文多为图),答案/解析,8
_答题卡-可删,2026年壹尖培优夏令营（国初高端冲刺营）,2026年壹尖培优夏令营（国初高端冲刺营）\第40届中国化学奥林匹克（初赛）模拟试题和答题卡\第 40 届中国化学奥林匹克（初赛）模拟试题13答题卡.pdf,第 40 届中国化学奥林匹克（初赛）模拟试题13答题卡.pdf,0.22,半文字(正文多为图),答案/解析,9
_答题卡-可删,2026年壹尖培优夏令营（国初高端冲刺营）,2026年壹尖培优夏令营（国初高端冲刺营）\第40届中国化学奥林匹克（初赛）模拟试题和答题卡\第 40 届中国化学奥林匹克（初赛）模拟试题1答题卡.pdf,第 40 届中国化学奥林匹克（初赛）模拟试题1答题卡.pdf,0.18,半文字(正文多为图),答案/解析,8
_答题卡-可删,2026年壹尖培优夏令营（国初高端冲刺营）,2026年壹尖培优夏令营（国初高端冲刺营）\第40届中国化学奥林匹克（初赛）模拟试题和答题卡\第 40 届中国化学奥林匹克（初赛）模拟试题2答题卡.pdf,第 40 届中国化学奥林匹克（初赛）模拟试题2答题卡.pdf,0.16,半文字(正文多为图),答案/解析,9
_答题卡-可删,2026年壹尖培优夏令营（国初高端冲刺营）,2026年壹尖培优夏令营（国初高端冲刺营）\第40届中国化学奥林匹克（初赛）模拟试题和答题卡\第 40 届中国化学奥林匹克（初赛）模拟试题4答题卡.pdf,第 40 届中国化学奥林匹克（初赛）模拟试题4答题卡.pdf,0.19,半文字(正文多为图),答案/解析,8
_答题卡-可删,2026年壹尖培优夏令营（国初高端冲刺营）,2026年壹尖培优夏令营（国初高端冲刺营）\第40届中国化学奥林匹克（初赛）模拟试题和答题卡\第 40 届中国化学奥林匹克（初赛）模拟试题5答题卡.pdf,第 40 届中国化学奥林匹克（初赛）模拟试题5答题卡.pdf,0.16,半文字(正文多为图),答案/解析,9
_答题卡-可删,2026年壹尖培优夏令营（国初高端冲刺营）,2026年壹尖培优夏令营（国初高端冲刺营）\第40届中国化学奥林匹克（初赛）模拟试题和答题卡\第 40 届中国化学奥林匹克（初赛）模拟试题6答题卡.pdf,第 40 届中国化学奥林匹克（初赛）模拟试题6答题卡.pdf,0.19,半文字(正文多为图),答案/解析,10
_答题卡-可删,2026年壹尖培优夏令营（国初高端冲刺营）,2026年壹尖培优夏令营（国初高端冲刺营）\第40届中国化学奥林匹克（初赛）模拟试题和答题卡\第 40 届中国化学奥林匹克（初赛）模拟试题7答题卡.pdf,第 40 届中国化学奥林匹克（初赛）模拟试题7答题卡.pdf,0.22,半文字(正文多为图),答案/解析,9
_答题卡-可删,2026年壹尖培优夏令营（国初高端冲刺营）,2026年壹尖培优夏令营（国初高端冲刺营）\第40届中国化学奥林匹克（初赛）模拟试题和答题卡\第 40 届中国化学奥林匹克（初赛）模拟试题8答题卡.pdf,第 40 届中国化学奥林匹克（初赛）模拟试题8答题卡.pdf,0.25,半文字(正文多为图),答案/解析,8
_答题卡-可删,2026年壹尖培优夏令营（国初高端冲刺营）,2026年壹尖培优夏令营（国初高端冲刺营）\第40届中国化学奥林匹克（初赛）模拟试题和答题卡\第 40 届中国化学奥林匹克（初赛）模拟试题9答题卡.pdf,第 40 届中国化学奥林匹克（初赛）模拟试题9答题卡.pdf,0.18,半文字(正文多为图),答案/解析,9
_答题卡-可删,2026年壹尖培优夏令营（国初高端冲刺营）,2026年壹尖培优夏令营（国初高端冲刺营）\第40届中国化学奥林匹克（初赛）模拟试题和答题卡\第 40届中国化学奥林匹克（初赛）模拟试题3答题卡.pdf,第 40届中国化学奥林匹克（初赛）模拟试题3答题卡.pdf,0.24,半文字(正文多为图),答案/解析,9
_答题卡-可删,2026年方圆杭州寒假班,2026年方圆杭州寒假班\2026寒假有机专题资料合集\试卷2\有机化学测试2答题卡.pdf,有机化学测试2答题卡.pdf,0.31,半文字(正文多为图),答案/解析,8
_答题卡-可删,2026年方圆杭州寒假班,2026年方圆杭州寒假班\2026寒假有机专题资料合集\试卷1\有机化学测试题1 答题卡(1).pdf,有机化学测试题1 答题卡(1).pdf,0.47,半文字(正文多为图),答案/解析,7
_答题卡-可删,2026年清北营寒假班,2026年清北营寒假班\2026年清北营寒假高二班试卷（未修订版）(1)\2026年清北营寒假班-试卷1-答题卡.pdf,2026年清北营寒假班-试卷1-答题卡.pdf,0.27,文字版,答案/解析,8
_答题卡-可删,2026年清北营寒假班,2026年清北营寒假班\2026年清北营寒假高二班试卷（未修订版）(1)\2026年清北营寒假班-试卷2-答题卡.pdf,2026年清北营寒假班-试卷2-答题卡.pdf,0.33,文字版,答案/解析,10
_答题卡-可删,2026年清北营寒假班,2026年清北营寒假班\2026年清北营寒假高二班试卷（未修订版）(1)\2026年清北营寒假班-试卷3-答题卡.pdf,2026年清北营寒假班-试卷3-答题卡.pdf,0.28,文字版,答案/解析,8
_答题卡-可删,2026年清北营寒假班,2026年清北营寒假班\2026年清北营寒假高二班试卷（未修订版）(1)\2026年清北营寒假班-试卷4-答题卡.pdf,2026年清北营寒假班-试卷4-答题卡.pdf,0.39,文字版,答案/解析,8
_答题卡-可删,2026年清北营寒假班,2026年清北营寒假班\2026年清北营寒假高二班试卷（未修订版）(1)\2026年清北营寒假班-试卷5-答题卡 .pdf,2026年清北营寒假班-试卷5-答题卡 .pdf,0.27,文字版,答案/解析,8
_答题卡-可删,2026年知行堂寒假班,2026年知行堂寒假班\有机专题1答题卡(1).pdf,有机专题1答题卡(1).pdf,0.12,半文字(正文多为图),答案/解析,5
_答题卡-可删,2026年知行堂寒假班,2026年知行堂寒假班\有机专题2答题卡(1).pdf,有机专题2答题卡(1).pdf,0.16,半文字(正文多为图),答案/解析,6
_答题卡-可删,2026方圆暑期冲刺营,2026方圆暑期冲刺营\方圆\试卷及答案电子版\卷一\卷一答题卡.pdf,卷一答题卡.pdf,0.27,,,
_答题卡-可删,2026方圆暑期冲刺营,2026方圆暑期冲刺营\方圆\试卷及答案电子版\卷三\卷三答题卡.pdf,卷三答题卡.pdf,0.28,,,
_答题卡-可删,2026方圆暑期冲刺营,2026方圆暑期冲刺营\方圆\试卷及答案电子版\卷二\卷二答题卡.pdf,卷二答题卡.pdf,0.34,,,
_答题卡-可删,2026暑假化英社解题技巧班,2026暑假化英社解题技巧班\第40届化英社化学奥林匹克（初赛）模拟试题14答题卡.pdf,第40届化英社化学奥林匹克（初赛）模拟试题14答题卡.pdf,1.35,纯扫描,答案/解析,4
_答题卡-可删,2026暑假化英社解题技巧班,2026暑假化英社解题技巧班\第40届化英社化学奥林匹克（初赛）模拟试题15答题卡.pdf,第40届化英社化学奥林匹克（初赛）模拟试题15答题卡.pdf,1.87,纯扫描,答案/解析,6
_答题卡-可删,2026暑假化英社解题技巧班,2026暑假化英社解题技巧班\第40届化英社化学奥林匹克（初赛）计算与实验答题卡.pdf,第40届化英社化学奥林匹克（初赛）计算与实验答题卡.pdf,1.54,纯扫描,答案/解析,5
_答题卡-可删,2026清北营夏令营,2026清北营夏令营\清北营高二试卷（前13套）\2026年清北营暑假高二班-试卷1-答题卡.pdf,2026年清北营暑假高二班-试卷1-答题卡.pdf,0.34,文字版,答案/解析,8
_答题卡-可删,2026清北营夏令营,2026清北营夏令营\清北营高二试卷（前13套）\2026年清北营暑假高二班-试卷10-答题卡.pdf,2026年清北营暑假高二班-试卷10-答题卡.pdf,0.3,文字版,答案/解析,10
_答题卡-可删,2026清北营夏令营,2026清北营夏令营\清北营高二试卷（前13套）\2026年清北营暑假高二班-试卷11-答题卡.pdf,2026年清北营暑假高二班-试卷11-答题卡.pdf,1.25,文字版,答案/解析,10
_答题卡-可删,2026清北营夏令营,2026清北营夏令营\清北营高二试卷（前13套）\2026年清北营暑假高二班-试卷13-答题卡.pdf,2026年清北营暑假高二班-试卷13-答题卡.pdf,0.53,文字版,答案/解析,10
_答题卡-可删,2026清北营夏令营,2026清北营夏令营\清北营高二试卷（前13套）\2026年清北营暑假高二班-试卷16-答题卡.pdf,2026年清北营暑假高二班-试卷16-答题卡.pdf,0.34,文字版,答案/解析,12
_答题卡-可删,2026清北营夏令营,2026清北营夏令营\清北营高二试卷（前13套）\2026年清北营暑假高二班-试卷17-答题卡.pdf,2026年清北营暑假高二班-试卷17-答题卡.pdf,0.26,文字版,答案/解析,12
_答题卡-可删,2026清北营夏令营,2026清北营夏令营\清北营高二试卷（前13套）\2026年清北营暑假高二班-试卷2- 答题卡.pdf,2026年清北营暑假高二班-试卷2- 答题卡.pdf,0.31,文字版,答案/解析,8
_答题卡-可删,2026清北营夏令营,2026清北营夏令营\清北营高二试卷（前13套）\2026年清北营暑假高二班-试卷3-答题卡.pdf,2026年清北营暑假高二班-试卷3-答题卡.pdf,0.33,文字版,答案/解析,8
_答题卡-可删,2026清北营夏令营,2026清北营夏令营\清北营高二试卷（前13套）\2026年清北营暑假高二班-试卷4-答题卡.pdf,2026年清北营暑假高二班-试卷4-答题卡.pdf,0.36,文字版,答案/解析,10
_答题卡-可删,2026清北营夏令营,2026清北营夏令营\清北营高二试卷（前13套）\2026年清北营暑假高二班-试卷5-答题卡pdf.pdf,2026年清北营暑假高二班-试卷5-答题卡pdf.pdf,0.37,文字版,答案/解析,12
_答题卡-可删,2026清北营夏令营,2026清北营夏令营\清北营高二试卷（前13套）\2026年清北营暑假高二班-试卷6-答题卡.pdf,2026年清北营暑假高二班-试卷6-答题卡.pdf,0.31,文字版,答案/解析,8
_答题卡-可删,2026清北营夏令营,2026清北营夏令营\清北营高二试卷（前13套）\2026年清北营暑假高二班-试卷7-答题卡.pdf,2026年清北营暑假高二班-试卷7-答题卡.pdf,0.35,文字版,答案/解析,8
_答题卡-可删,2026清北营夏令营,2026清北营夏令营\清北营高二试卷（前13套）\2026年清北营暑假高二班-试卷8-答题卡.pdf,2026年清北营暑假高二班-试卷8-答题卡.pdf,0.37,文字版,答案/解析,8
_答题卡-可删,2026清北营夏令营,2026清北营夏令营\清北营高二试卷（前13套）\2026年清北营暑假高二班-试卷9-答题卡.pdf,2026年清北营暑假高二班-试卷9-答题卡.pdf,0.35,文字版,答案/解析,8
_答题卡-可删,2ChO资料汇总_20260525版(1),2ChO资料汇总_20260525版(1)\第1届2ChO化学奥林匹克联考\第1届2ChO化学奥林匹克联考答题卡（A3）.pdf,第1届2ChO化学奥林匹克联考答题卡（A3）.pdf,0.38,文字版,答案/解析,4
_答题卡-可删,2ChO资料汇总_20260525版(1),2ChO资料汇总_20260525版(1)\第1届2ChO化学奥林匹克联考\第1届2ChO化学奥林匹克联考答题卡（A4）.pdf,第1届2ChO化学奥林匹克联考答题卡（A4）.pdf,0.68,文字版,答案/解析,8
_答题卡-可删,2ChO资料汇总_20260525版(1),2ChO资料汇总_20260525版(1)\第2届2ChO化学奥林匹克联考\第2届2ChO化学奥林匹克联考答题卡（A3）.pdf,第2届2ChO化学奥林匹克联考答题卡（A3）.pdf,0.41,文字版,答案/解析,4
_答题卡-可删,2ChO资料汇总_20260525版(1),2ChO资料汇总_20260525版(1)\第2届2ChO化学奥林匹克联考\第2届2ChO化学奥林匹克联考试题答题卡（A4）.pdf,第2届2ChO化学奥林匹克联考试题答题卡（A4）.pdf,0.35,文字版,答案/解析,8
_答题卡-可删,2ChO资料汇总_20260525版(1),2ChO资料汇总_20260525版(1)\第3届2ChO化学奥林匹克联考\第3届2ChO化学奥林匹克联考答题卡（A3）.pdf,第3届2ChO化学奥林匹克联考答题卡（A3）.pdf,0.47,文字版,答案/解析,5
_答题卡-可删,2ChO资料汇总_20260525版(1),2ChO资料汇总_20260525版(1)\第3届2ChO化学奥林匹克联考\第3届2ChO化学奥林匹克联考试题答卷（A4）.pdf,第3届2ChO化学奥林匹克联考试题答卷（A4）.pdf,0.4,文字版,模拟卷/试题,9
_答题卡-可删,2ChO资料汇总_20260525版(1),2ChO资料汇总_20260525版(1)\第4届2ChO化学奥林匹克联考\第4届2ChO化学奥林匹克联考答题卡（A3）.pdf,第4届2ChO化学奥林匹克联考答题卡（A3）.pdf,16.35,纯扫描,答案/解析,6
_答题卡-可删,2ChO资料汇总_20260525版(1),2ChO资料汇总_20260525版(1)\第4届2ChO化学奥林匹克联考\第4届2ChO化学奥林匹克联考答题卡（A4）.pdf,第4届2ChO化学奥林匹克联考答题卡（A4）.pdf,22.61,纯扫描,答案/解析,12
_答题卡-可删,2ChO资料汇总_20260525版(1),2ChO资料汇总_20260525版(1)\第5届2ChO化学奥林匹克联考\第5届2ChO化学奥林匹克联考答题卡（A3）.pdf,第5届2ChO化学奥林匹克联考答题卡（A3）.pdf,12.2,纯扫描,答案/解析,6
_答题卡-可删,2ChO资料汇总_20260525版(1),2ChO资料汇总_20260525版(1)\第5届2ChO化学奥林匹克联考\第5届2ChO化学奥林匹克联考答题卡（A4）.pdf,第5届2ChO化学奥林匹克联考答题卡（A4）.pdf,14.23,纯扫描,答案/解析,12
_答题卡-可删,2ChO资料汇总_20260525版(1),2ChO资料汇总_20260525版(1)\第6届2ChO化学奥林匹克联考\第6届2ChO化学奥林匹克联考答题卡（A3）.pdf,第6届2ChO化学奥林匹克联考答题卡（A3）.pdf,13.4,纯扫描,答案/解析,7
_答题卡-可删,2ChO资料汇总_20260525版(1),2ChO资料汇总_20260525版(1)\第6届2ChO化学奥林匹克联考\第6届2ChO化学奥林匹克联考答题卡（A4）.pdf,第6届2ChO化学奥林匹克联考答题卡（A4）.pdf,14.8,纯扫描,答案/解析,14
_答题卡-可删,汇智起航（五一期间）刷题班8套,汇智起航（五一期间）刷题班8套\汇智起航五一初赛模拟1答题卡.pdf,汇智起航五一初赛模拟1答题卡.pdf,3.73,纯扫描,答案/解析,11
_答题卡-可删,汇智起航（五一期间）刷题班8套,汇智起航（五一期间）刷题班8套\汇智起航五一初赛模拟2答题卡.pdf,汇智起航五一初赛模拟2答题卡.pdf,4.26,纯扫描,答案/解析,14
_答题卡-可删,汇智起航（五一期间）刷题班8套,汇智起航（五一期间）刷题班8套\汇智起航五一初赛模拟3答题卡.pdf,汇智起航五一初赛模拟3答题卡.pdf,3.57,纯扫描,答案/解析,9
_答题卡-可删,汇智起航（五一期间）刷题班8套,汇智起航（五一期间）刷题班8套\汇智起航五一初赛模拟4答题卡.pdf,汇智起航五一初赛模拟4答题卡.pdf,3.13,纯扫描,答案/解析,10
_答题卡-可删,汇智起航（五一期间）刷题班8套,汇智起航（五一期间）刷题班8套\汇智起航五一初赛模拟5答题卡.pdf,汇智起航五一初赛模拟5答题卡.pdf,3.3,纯扫描,答案/解析,11
_答题卡-可删,汇智起航（五一期间）刷题班8套,汇智起航（五一期间）刷题班8套\汇智起航五一初赛模拟6答题卡.pdf,汇智起航五一初赛模拟6答题卡.pdf,2.49,纯扫描,答案/解析,8
_答题卡-可删,汇智起航（五一期间）刷题班8套,汇智起航（五一期间）刷题班8套\汇智起航五一初赛模拟7答题卡.pdf,汇智起航五一初赛模拟7答题卡.pdf,2.86,纯扫描,答案/解析,9
_答题卡-可删,汇智起航（五一期间）刷题班8套,汇智起航（五一期间）刷题班8套\汇智起航五一初赛模拟8答题卡.pdf,汇智起航五一初赛模拟8答题卡.pdf,2.24,纯扫描,答案/解析,7
