path,inst,qno,mod,stage,diff,verdict,reason,klass
04-题库/2026机构初赛模拟题/化英社/题-HYS-01-01-11在DielsAlder反.md,化英社,01,有机化学,初赛,4,弃卡,非目标模块,B
04-题库/2026机构初赛模拟题/化英社/题-HYS-01-01-11型含氧酸盐A由四种元素组.md,化英社,01,元素与分析,初赛,4,入池,,
04-题库/2026机构初赛模拟题/化英社/题-HYS-01-01-化合物A的化学式为XYZ其中.md,化英社,01,结构化学,初赛,4,弃卡,题面含竞赛真题特征,B
04-题库/2026机构初赛模拟题/化英社/题-HYS-01-01-含元素M的药物早在1901年.md,化英社,01,结构化学,初赛,4,弃卡,有机章节,B
04-题库/2026机构初赛模拟题/化英社/题-HYS-01-01-本题可能用到氨基酸相关的缩写.md,化英社,01,结构化学,初赛,4,弃卡,有机章节,B
04-题库/2026机构初赛模拟题/化英社/题-HYS-01-01-某金属元素M在自然界中分布广.md,化英社,01,结构化学,初赛,4,入池,,
04-题库/2026机构初赛模拟题/化英社/题-HYS-01-01-科学家在合成簇合物时常常使用.md,化英社,01,化学原理,初赛,4,入池,,
04-题库/2026机构初赛模拟题/化英社/题-HYS-01-01-金属元素X在自然界中丰度较低.md,化英社,01,结构化学,初赛,4,弃卡,题面含竞赛真题特征,B
04-题库/2026机构初赛模拟题/化英社/题-HYS-01-02-AIndene是一种芳香烃含.md,化英社,02,结构化学,初赛,4,弃卡,有机章节,B
04-题库/2026机构初赛模拟题/化英社/题-HYS-01-02-对二元化合物进行了以下的分析.md,化英社,02,化学原理,初赛,4,入池,,
04-题库/2026机构初赛模拟题/化英社/题-HYS-01-02-将200mg乙酸铜123三唑.md,化英社,02,结构化学,初赛,4,入池,,
04-题库/2026机构初赛模拟题/化英社/题-HYS-01-02-研究钙钛矿衍生结构时常用Ra.md,化英社,02,结构化学,初赛,4,弃卡,题面含竞赛真题特征,B
04-题库/2026机构初赛模拟题/化英社/题-HYS-01-02-自然界中存在的含氮化合物大多.md,化英社,02,有机化学,初赛,4,弃卡,非目标模块,B
04-题库/2026机构初赛模拟题/化英社/题-HYS-01-02-载有生物活性分子的碳硼簇药物.md,化英社,02,化学原理,初赛,4,弃卡,有机章节,B
04-题库/2026机构初赛模拟题/化英社/题-HYS-01-02-酿氢醒电极QQH是一个对pH.md,化英社,02,化学原理,初赛,4,弃卡,题面含竞赛真题特征,B
04-题库/2026机构初赛模拟题/化英社/题-HYS-01-02-金属金属单键是金属键中最常见.md,化英社,02,结构化学,初赛,4,弃卡,答案公式未转录,A
04-题库/2026机构初赛模拟题/化英社/题-HYS-01-03-31向的DMF溶液中通入一氧.md,化英社,03,元素与分析,初赛,4,入池,,
04-题库/2026机构初赛模拟题/化英社/题-HYS-01-03-31研究人员利用CO激活有机.md,化英社,03,有机化学,初赛,4,弃卡,非目标模块,B
04-题库/2026机构初赛模拟题/化英社/题-HYS-01-03-31研究人员利用激活有机硼化.md,化英社,03,有机化学,初赛,4,弃卡,非目标模块,B
04-题库/2026机构初赛模拟题/化英社/题-HYS-01-03-Co元素由于其价格低廉储量丰.md,化英社,03,化学原理,初赛,4,弃卡,有机章节,B
04-题库/2026机构初赛模拟题/化英社/题-HYS-01-03-在过去的几十年里主族元素多重.md,化英社,03,元素与分析,初赛,4,弃卡,题面含竞赛真题特征,B
04-题库/2026机构初赛模拟题/化英社/题-HYS-01-03-如下展示了一种四方晶系的晶体.md,化英社,03,结构化学,初赛,4,入池,,
04-题库/2026机构初赛模拟题/化英社/题-HYS-01-03-氯代碳酸乙烯酯CEC是合成碳.md,化英社,03,化学原理,初赛,4,弃卡,题面含竞赛真题特征,B
04-题库/2026机构初赛模拟题/化英社/题-HYS-01-03-纳米孔Nanopore技术是.md,化英社,03,化学原理,初赛,4,弃卡,答案公式未转录,A
04-题库/2026机构初赛模拟题/化英社/题-HYS-01-03-高度活泼物质的稳定化和隔离一.md,化英社,03,结构化学,初赛,4,弃卡,有机章节,B
04-题库/2026机构初赛模拟题/化英社/题-HYS-01-04-HgI具有有趣的晶体结构通常.md,化英社,04,结构化学,初赛,4,弃卡,题面含竞赛真题特征,B
04-题库/2026机构初赛模拟题/化英社/题-HYS-01-04-tabletrtd温馨提示本.md,化英社,04,结构化学,初赛,4,弃卡,有机章节,B
04-题库/2026机构初赛模拟题/化英社/题-HYS-01-04-利用二价Fe的自旋态对温度的.md,化英社,04,化学原理,初赛,4,弃卡,题面含竞赛真题特征,B
04-题库/2026机构初赛模拟题/化英社/题-HYS-01-04-常见的环状共轭体系一般使用H.md,化英社,04,结构化学,初赛,4,弃卡,答案公式未转录,A
04-题库/2026机构初赛模拟题/化英社/题-HYS-01-04-某三元化合物X具有ABC三种.md,化英社,04,结构化学,初赛,4,入池,,
04-题库/2026机构初赛模拟题/化英社/题-HYS-01-04-科学家希望通过超分子来模拟生.md,化英社,04,化学原理,初赛,4,弃卡,有机章节,B
04-题库/2026机构初赛模拟题/化英社/题-HYS-01-04-聚甲炔菁染料在近红外区有较大.md,化英社,04,化学原理,初赛,4,入池,,
04-题库/2026机构初赛模拟题/化英社/题-HYS-01-04-苯炔是最具反应性的有机中间体.md,化英社,04,有机化学,初赛,4,弃卡,非目标模块,B
04-题库/2026机构初赛模拟题/化英社/题-HYS-01-05-20世纪70年代钯催化的交叉.md,化英社,05,化学原理,初赛,4,弃卡,答案公式未转录,A
04-题库/2026机构初赛模拟题/化英社/题-HYS-01-05-下图是金属的一种羧酸盐晶体的.md,化英社,05,结构化学,初赛,4,弃卡,有机章节,B
04-题库/2026机构初赛模拟题/化英社/题-HYS-01-05-凝胶点指的是高分子体系由可流.md,化英社,05,有机化学,初赛,4,弃卡,非目标模块,B
04-题库/2026机构初赛模拟题/化英社/题-HYS-01-05-将一定量的钴和钒的氧化物置于.md,化英社,05,结构化学,初赛,4,入池,,
04-题库/2026机构初赛模拟题/化英社/题-HYS-01-05-所谓药有三分毒而毒素也可入药.md,化英社,05,化学原理,初赛,4,弃卡,题面含竞赛真题特征,B
04-题库/2026机构初赛模拟题/化英社/题-HYS-01-05-本题中可能用到如下的公式一球.md,化英社,05,化学原理,初赛,4,弃卡,答案公式未转录,A
04-题库/2026机构初赛模拟题/化英社/题-HYS-01-05-生物传感器与化学传感器是指一.md,化英社,05,化学原理,初赛,4,弃卡,有机章节,B
04-题库/2026机构初赛模拟题/化英社/题-HYS-01-05-糖识别在细胞识别信息传递中起.md,化英社,05,化学原理,初赛,4,弃卡,题面含竞赛真题特征,B
04-题库/2026机构初赛模拟题/化英社/题-HYS-01-06-61酸性是有机化合物的基本性.md,化英社,06,有机化学,初赛,4,弃卡,非目标模块,B
04-题库/2026机构初赛模拟题/化英社/题-HYS-01-06-61重结晶是基本的分离操作之.md,化英社,06,化学原理,初赛,4,入池,,
04-题库/2026机构初赛模拟题/化英社/题-HYS-01-06-下图是一种含Co的有机金属骨.md,化英社,06,结构化学,初赛,4,弃卡,答案公式未转录,A
04-题库/2026机构初赛模拟题/化英社/题-HYS-01-06-光子晶体通过周期性微纳米结构.md,化英社,06,结构化学,初赛,4,入池,,
04-题库/2026机构初赛模拟题/化英社/题-HYS-01-06-卤原子转移反应是实现氧化态转.md,化英社,06,化学原理,初赛,4,弃卡,答案公式未转录,A
04-题库/2026机构初赛模拟题/化英社/题-HYS-01-06-在表面化学的体系中通常表面物.md,化英社,06,化学原理,初赛,4,入池,,
04-题库/2026机构初赛模拟题/化英社/题-HYS-01-06-热释光是指被辐照后的材料在加.md,化英社,06,化学原理,初赛,4,弃卡,题面含竞赛真题特征,B
04-题库/2026机构初赛模拟题/化英社/题-HYS-01-07-12迁移反应是正离子重排的常.md,化英社,07,化学原理,初赛,4,弃卡,题面含竞赛真题特征,B
04-题库/2026机构初赛模拟题/化英社/题-HYS-01-07-71氯甲基麟酸二氯存在两种构.md,化英社,07,有机化学,初赛,4,弃卡,非目标模块,B
04-题库/2026机构初赛模拟题/化英社/题-HYS-01-07-CC键迁移在环状结构的构建中.md,化英社,07,有机化学,初赛,4,弃卡,非目标模块,B
04-题库/2026机构初赛模拟题/化英社/题-HYS-01-07-仿照自然界构筑的分子的方式应.md,化英社,07,有机化学,初赛,4,弃卡,非目标模块,B
04-题库/2026机构初赛模拟题/化英社/题-HYS-01-07-有机化学中对于炔烃的转化主要.md,化英社,07,有机化学,初赛,4,弃卡,非目标模块,B
04-题库/2026机构初赛模拟题/化英社/题-HYS-01-07-注本题中所有讨论均设在单位面.md,化英社,07,化学原理,初赛,4,弃卡,答案公式未转录,A
04-题库/2026机构初赛模拟题/化英社/题-HYS-01-07-申联反应不仅体现了步骤经济性.md,化英社,07,有机化学,初赛,4,弃卡,非目标模块,B
04-题库/2026机构初赛模拟题/化英社/题-HYS-01-07-科学家利用过渡金属偶联反应制.md,化英社,07,化学原理,初赛,4,入池,,
04-题库/2026机构初赛模拟题/化英社/题-HYS-01-08-三价磷可以催化一些特殊的缺电.md,化英社,08,有机化学,初赛,4,弃卡,非目标模块,B
04-题库/2026机构初赛模拟题/化英社/题-HYS-01-08-将三级胺类药物转化为季铵盐以.md,化英社,08,有机化学,初赛,4,弃卡,非目标模块,B
04-题库/2026机构初赛模拟题/化英社/题-HYS-01-08-科学家发现如下反应以下反应所.md,化英社,08,有机化学,初赛,4,弃卡,非目标模块,B
04-题库/2026机构初赛模拟题/化英社/题-HYS-01-08-羟基具有强的共轭给电子性同时.md,化英社,08,有机化学,初赛,4,弃卡,非目标模块,B
04-题库/2026机构初赛模拟题/化英社/题-HYS-01-08-耐甲氧西林金黄色葡萄球菌MR.md,化英社,08,有机化学,初赛,4,弃卡,非目标模块,B
04-题库/2026机构初赛模拟题/化英社/题-HYS-01-08-自由基介导的有机合成已经成为.md,化英社,08,有机化学,初赛,4,弃卡,非目标模块,B
04-题库/2026机构初赛模拟题/化英社/题-HYS-01-08-近日科学家发现了一种通过三价.md,化英社,08,有机化学,初赛,4,弃卡,非目标模块,B
04-题库/2026机构初赛模拟题/化英社/题-HYS-01-09-伊博加生物碱是一类主要来自热.md,化英社,09,有机化学,初赛,4,弃卡,非目标模块,B
04-题库/2026机构初赛模拟题/化英社/题-HYS-01-09-在缺电子芳环的附近引入负离子.md,化英社,09,有机化学,初赛,4,弃卡,非目标模块,B
04-题库/2026机构初赛模拟题/化英社/题-HYS-01-09-基于硼试剂的手性控制策略被广.md,化英社,09,有机化学,初赛,4,弃卡,非目标模块,B
04-题库/2026机构初赛模拟题/化英社/题-HYS-01-09-自2003年以来一些高氧化态.md,化英社,09,有机化学,初赛,4,弃卡,非目标模块,B
04-题库/2026机构初赛模拟题/化英社/题-HYS-01-10-具有吗啡骨架的化合物是一类常.md,化英社,10,化学原理,初赛,4,入池,,
04-题库/2026机构初赛模拟题/化英社/题-HYS-01-10-注意本题要求立体化学在萜类衍.md,化英社,10,有机化学,初赛,4,弃卡,非目标模块,B
04-题库/2026机构初赛模拟题/化英社/题-HYS-02-01-In混合卤化物因其光致发光的.md,化英社,01,结构化学,初赛,4,弃卡,题面泄露,A
04-题库/2026机构初赛模拟题/化英社/题-HYS-02-01-分子机器几十年来一直激发着人.md,化英社,01,有机化学,初赛,4,弃卡,非目标模块,B
04-题库/2026机构初赛模拟题/化英社/题-HYS-02-01-在有机化合物中常见的元素除碳.md,化英社,01,结构化学,初赛,4,弃卡,有机章节,B
04-题库/2026机构初赛模拟题/化英社/题-HYS-02-01-已知XYZ是同族元素其相对原.md,化英社,01,元素与分析,初赛,4,入池,,
04-题库/2026机构初赛模拟题/化英社/题-HYS-02-01-战国时期考工记记载的金有六齐.md,化英社,01,化学原理,初赛,4,入池,,
04-题库/2026机构初赛模拟题/化英社/题-HYS-02-01-科学并不是追求复杂从错综复杂.md,化英社,01,化学原理,初赛,4,弃卡,题面/答案过短,A
04-题库/2026机构初赛模拟题/化英社/题-HYS-02-02-21唯象热力学中的热容在唯象.md,化英社,02,化学原理,初赛,4,入池,,
04-题库/2026机构初赛模拟题/化英社/题-HYS-02-02-Wade规则又称多面体骨架电.md,化英社,02,结构化学,初赛,4,入池,,
04-题库/2026机构初赛模拟题/化英社/题-HYS-02-02-传统的过渡金属配合物中往往难.md,化英社,02,结构化学,初赛,4,弃卡,题面泄露,A
04-题库/2026机构初赛模拟题/化英社/题-HYS-02-02-化学发光是指发光分子的外层电.md,化英社,02,化学原理,初赛,4,弃卡,有机章节,B
04-题库/2026机构初赛模拟题/化英社/题-HYS-02-02-对非金属硫化物XmSn进行了.md,化英社,02,元素与分析,初赛,4,入池,,
04-题库/2026机构初赛模拟题/化英社/题-HYS-02-02-溶液中的化学反应与反应物和产.md,化英社,02,化学原理,初赛,4,弃卡,题面含竞赛真题特征,B
04-题库/2026机构初赛模拟题/化英社/题-HYS-02-03-常见NHC的结构及名称下文中.md,化英社,03,结构化学,初赛,4,入池,,
04-题库/2026机构初赛模拟题/化英社/题-HYS-02-03-注意本题画的结构若含自由基需.md,化英社,03,有机化学,初赛,4,弃卡,非目标模块,B
04-题库/2026机构初赛模拟题/化英社/题-HYS-02-03-理想溶液是物理化学中非常重要.md,化英社,03,化学原理,初赛,4,弃卡,题面泄露,A
04-题库/2026机构初赛模拟题/化英社/题-HYS-02-03-电解水是利用电能将水分解为氢.md,化英社,03,结构化学,初赛,4,弃卡,有机章节,B
04-题库/2026机构初赛模拟题/化英社/题-HYS-02-03-金属有机框架MOF是由金属离.md,化英社,03,结构化学,初赛,4,弃卡,题面含竞赛真题特征,B
04-题库/2026机构初赛模拟题/化英社/题-HYS-02-03-钴氧体系在电化学中十分重要的.md,化英社,03,化学原理,初赛,4,入池,,
04-题库/2026机构初赛模拟题/化英社/题-HYS-02-04-41堆积参数在自组装问题中几.md,化英社,04,结构化学,初赛,4,弃卡,有机章节,B
04-题库/2026机构初赛模拟题/化英社/题-HYS-02-04-41氯仿与氯气在光照条件下发.md,化英社,04,化学原理,初赛,4,弃卡,题面泄露,A
04-题库/2026机构初赛模拟题/化英社/题-HYS-02-04-硼单质有着较其他元素更复杂的.md,化英社,04,结构化学,初赛,4,入池,,
04-题库/2026机构初赛模拟题/化英社/题-HYS-02-04-萃取是利用溶质在互不相溶溶剂.md,化英社,04,有机化学,初赛,4,弃卡,非目标模块,B
04-题库/2026机构初赛模拟题/化英社/题-HYS-02-04-轮烷是一种超分子其由两个不由.md,化英社,04,有机化学,初赛,4,弃卡,非目标模块,B
04-题库/2026机构初赛模拟题/化英社/题-HYS-02-04-齿合度是指在配合物中单一配体.md,化英社,04,结构化学,初赛,4,弃卡,题面含竞赛真题特征,B
04-题库/2026机构初赛模拟题/化英社/题-HYS-02-05-NiNO32是实验室中最常见.md,化英社,05,结构化学,初赛,4,入池,,
04-题库/2026机构初赛模拟题/化英社/题-HYS-02-05-含Ge配合物M的可以与还原剂.md,化英社,05,有机化学,初赛,4,弃卡,非目标模块,B
04-题库/2026机构初赛模拟题/化英社/题-HYS-02-05-机械互锁聚合物是一类具有机械.md,化英社,05,结构化学,初赛,4,弃卡,题面含竞赛真题特征,B
04-题库/2026机构初赛模拟题/化英社/题-HYS-02-05-稀磁半导体Dilutedma.md,化英社,05,结构化学,初赛,4,弃卡,题面泄露,A
04-题库/2026机构初赛模拟题/化英社/题-HYS-02-05-色谱法是分离鉴定化合物的一种.md,化英社,05,化学原理,初赛,4,入池,,
04-题库/2026机构初赛模拟题/化英社/题-HYS-02-05-酶支撑生命之流的网格51推断.md,化英社,05,化学原理,初赛,4,入池,,
04-题库/2026机构初赛模拟题/化英社/题-HYS-02-06-61单壁碳纳米管可以看做单层.md,化英社,06,结构化学,初赛,4,弃卡,题面含竞赛真题特征,B
04-题库/2026机构初赛模拟题/化英社/题-HYS-02-06-61受自然界叶片气孔的光响应.md,化英社,06,结构化学,初赛,4,弃卡,题面泄露,A
04-题库/2026机构初赛模拟题/化英社/题-HYS-02-06-在噪声中偏向于随机里定轨在化.md,化英社,06,化学原理,初赛,4,入池,,
04-题库/2026机构初赛模拟题/化英社/题-HYS-02-06-孟山都公司MonsantoC.md,化英社,06,化学原理,初赛,4,弃卡,有机章节,B
04-题库/2026机构初赛模拟题/化英社/题-HYS-02-06-有一类材料在突加荷载时既产生.md,化英社,06,化学原理,初赛,4,入池,,
04-题库/2026机构初赛模拟题/化英社/题-HYS-02-06-表面张力是液体表面分子因内部.md,化英社,06,化学原理,初赛,4,入池,,
04-题库/2026机构初赛模拟题/化英社/题-HYS-02-07-71顺1氟4叔丁基环己烷最稳.md,化英社,07,化学原理,初赛,4,入池,,
04-题库/2026机构初赛模拟题/化英社/题-HYS-02-07-万物始于分离成于边界相分离P.md,化英社,07,化学原理,初赛,4,弃卡,题面/答案过短,A
04-题库/2026机构初赛模拟题/化英社/题-HYS-02-07-对固体表面气体的多层吸附行为.md,化英社,07,化学原理,初赛,4,入池,,
04-题库/2026机构初赛模拟题/化英社/题-HYS-02-07-氯仿四氯化碳等简单的卤代烃在.md,化英社,07,化学原理,初赛,4,弃卡,有机章节,B
04-题库/2026机构初赛模拟题/化英社/题-HYS-02-07-肿瘤细胞的增殖依赖于两个密切.md,化英社,07,有机化学,初赛,4,弃卡,非目标模块,B
04-题库/2026机构初赛模拟题/化英社/题-HYS-02-07-高张力氮杂桥环凭借其刚性三维.md,化英社,07,化学原理,初赛,4,弃卡,题面泄露,A
04-题库/2026机构初赛模拟题/化英社/题-HYS-02-08-81具有偶数个累积双键的结构.md,化英社,08,有机化学,初赛,4,弃卡,非目标模块,B
04-题库/2026机构初赛模拟题/化英社/题-HYS-02-08-81有机硼氮化合物具有非常丰.md,化英社,08,化学原理,初赛,4,弃卡,有机章节,B
04-题库/2026机构初赛模拟题/化英社/题-HYS-02-08-本题的两问可以说没有先后之分.md,化英社,08,有机化学,初赛,4,弃卡,非目标模块,B
04-题库/2026机构初赛模拟题/化英社/题-HYS-02-08-氧杂三元环由于可以通过双键环.md,化英社,08,元素与分析,初赛,4,弃卡,题面含竞赛真题特征,B
04-题库/2026机构初赛模拟题/化英社/题-HYS-02-08-环庚三烯与双环410庚24二.md,化英社,08,化学原理,初赛,4,弃卡,题面泄露,A
04-题库/2026机构初赛模拟题/化英社/题-HYS-02-09-TEMPO是一类稳定的氮氧自.md,化英社,09,有机化学,初赛,4,弃卡,非目标模块,B
04-题库/2026机构初赛模拟题/化英社/题-HYS-02-09-在全合成流程中某些步骤往往不.md,化英社,09,化学原理,初赛,4,弃卡,题面泄露,A
04-题库/2026机构初赛模拟题/化英社/题-HYS-02-09-在有机合成中过渡金属偶联反应.md,化英社,09,有机化学,初赛,4,弃卡,非目标模块,B
04-题库/2026机构初赛模拟题/化英社/题-HYS-02-09-联烯是最简单的累积双键分子而.md,化英社,09,有机化学,初赛,4,弃卡,非目标模块,B
04-题库/2026机构初赛模拟题/化英社/题-HYS-02-09-金属铜配合物作为有机反应的催.md,化英社,09,结构化学,初赛,4,弃卡,有机章节,B
04-题库/2026机构初赛模拟题/化英社/题-HYS-02-10-101以下是两个十分经典的反.md,化英社,10,化学原理,初赛,4,入池,,
04-题库/2026机构初赛模拟题/化英社/题-HYS-03-01-M单质与稀酸反应速率较慢这可.md,化英社,01,元素与分析,初赛,4,弃卡,题面含竞赛真题特征,B
04-题库/2026机构初赛模拟题/化英社/题-HYS-03-01-早期主族金属元素M的名称来源.md,化英社,01,结构化学,初赛,4,入池,,
04-题库/2026机构初赛模拟题/化英社/题-HYS-03-01-磷是一个神秘又有趣的元素以其.md,化英社,01,元素与分析,初赛,4,弃卡,题面含竞赛真题特征,B
04-题库/2026机构初赛模拟题/化英社/题-HYS-03-01-质地柔软的变质矿物青金石是一.md,化英社,01,结构化学,初赛,4,入池,,
04-题库/2026机构初赛模拟题/化英社/题-HYS-03-01-高周期过渡金属M具有很好的生.md,化英社,01,元素与分析,初赛,4,入池,,
04-题库/2026机构初赛模拟题/化英社/题-HYS-03-02-21聚硅氧烷是一种主链由硅氧.md,化英社,02,化学原理,初赛,4,弃卡,题面含竞赛真题特征,B
04-题库/2026机构初赛模拟题/化英社/题-HYS-03-02-X是金属M的一种氧化物将06.md,化英社,02,化学原理,初赛,4,入池,,
04-题库/2026机构初赛模拟题/化英社/题-HYS-03-02-某同学期望制备漂亮的针状草酸.md,化英社,02,化学原理,初赛,4,入池,,
04-题库/2026机构初赛模拟题/化英社/题-HYS-03-02-配位化学中芳基可通过键与与金.md,化英社,02,有机化学,初赛,4,弃卡,非目标模块,B
04-题库/2026机构初赛模拟题/化英社/题-HYS-03-02-高松灯是一位热爱拾石的少女一.md,化英社,02,结构化学,初赛,4,弃卡,题面含竞赛真题特征,B
04-题库/2026机构初赛模拟题/化英社/题-HYS-03-03-31脲基嘧啶酮UPy是一类具.md,化英社,03,有机化学,初赛,4,弃卡,非目标模块,B
04-题库/2026机构初赛模拟题/化英社/题-HYS-03-03-在酸性溶液中钒能形成黄色蓝色.md,化英社,03,化学原理,初赛,4,入池,,
04-题库/2026机构初赛模拟题/化英社/题-HYS-03-03-异核金属金属键配合物常常可以.md,化英社,03,有机化学,初赛,4,弃卡,非目标模块,B
04-题库/2026机构初赛模拟题/化英社/题-HYS-03-03-高松灯捡到方钠石后却不禁陷入.md,化英社,03,化学原理,初赛,4,弃卡,题面含竞赛真题特征,B
04-题库/2026机构初赛模拟题/化英社/题-HYS-03-04-具有多样的氟化物对于其结构我.md,化英社,04,结构化学,初赛,4,弃卡,有机章节,B
04-题库/2026机构初赛模拟题/化英社/题-HYS-03-04-在均相CoRh催化剂的存在下.md,化英社,04,有机化学,初赛,4,弃卡,非目标模块,B
04-题库/2026机构初赛模拟题/化英社/题-HYS-03-04-本题可能需要用到的积分公式i.md,化英社,04,化学原理,初赛,4,弃卡,题面含竞赛真题特征,B
04-题库/2026机构初赛模拟题/化英社/题-HYS-03-04-甲烷单加氧酶MMO可在常温常.md,化英社,04,化学原理,初赛,4,弃卡,题面含竞赛真题特征,B
04-题库/2026机构初赛模拟题/化英社/题-HYS-03-04-血红蛋白Hb是一种重要的O运.md,化英社,04,化学原理,初赛,4,入池,,
04-题库/2026机构初赛模拟题/化英社/题-HYS-03-05-卡诺循环是一种理想化的热力学.md,化英社,05,化学原理,初赛,4,入池,,
04-题库/2026机构初赛模拟题/化英社/题-HYS-03-05-室温下单质钠的晶体随压力改变.md,化英社,05,结构化学,初赛,4,入池,,
04-题库/2026机构初赛模拟题/化英社/题-HYS-03-05-染料敏化太阳能电池DSSCs.md,化英社,05,化学原理,初赛,4,入池,,
04-题库/2026机构初赛模拟题/化英社/题-HYS-03-05-硫与铜元素可形成多种化合物它.md,化英社,05,结构化学,初赛,4,弃卡,题面含竞赛真题特征,B
04-题库/2026机构初赛模拟题/化英社/题-HYS-03-05-诱导反应是容量分析中的一个重.md,化英社,05,化学原理,初赛,4,弃卡,题面含竞赛真题特征,B
04-题库/2026机构初赛模拟题/化英社/题-HYS-03-06-1918年Langmuir基.md,化英社,06,化学原理,初赛,4,弃卡,有机章节,B
04-题库/2026机构初赛模拟题/化英社/题-HYS-03-06-天上繁星地上流萤夏夜的稻田间.md,化英社,06,化学原理,初赛,4,弃卡,有机章节,B
04-题库/2026机构初赛模拟题/化英社/题-HYS-03-06-本题所有解释题超过15个字均.md,化英社,06,有机化学,初赛,4,弃卡,非目标模块,B
04-题库/2026机构初赛模拟题/化英社/题-HYS-03-06-水宝宝是一种外表晶莹漂亮的凝.md,化英社,06,化学原理,初赛,4,弃卡,题面含竞赛真题特征,B
04-题库/2026机构初赛模拟题/化英社/题-HYS-03-06-高分子的交联是指在高分子链之.md,化英社,06,元素与分析,初赛,4,弃卡,题面含竞赛真题特征,B
04-题库/2026机构初赛模拟题/化英社/题-HYS-03-07-71判断下述化合物的DL构型.md,化英社,07,有机化学,初赛,4,弃卡,非目标模块,B
04-题库/2026机构初赛模拟题/化英社/题-HYS-03-07-71比较下列碳正离子的稳定性.md,化英社,07,有机化学,初赛,4,弃卡,非目标模块,B
04-题库/2026机构初赛模拟题/化英社/题-HYS-03-07-吲哚类化合物是一类重要的含氮.md,化英社,07,有机化学,初赛,4,弃卡,非目标模块,B
04-题库/2026机构初赛模拟题/化英社/题-HYS-03-07-质子耦合电子转移是有机化学中.md,化英社,07,化学原理,初赛,4,弃卡,有机章节,B
04-题库/2026机构初赛模拟题/化英社/题-HYS-03-07-闭壳层和开壳层是描述分子或原.md,化英社,07,有机化学,初赛,4,弃卡,非目标模块,B
04-题库/2026机构初赛模拟题/化英社/题-HYS-03-08-123三唑骨架在自然界中并不.md,化英社,08,结构化学,初赛,4,弃卡,题面含竞赛真题特征,B
04-题库/2026机构初赛模拟题/化英社/题-HYS-03-08-22二取代13环戊二酮是一类.md,化英社,08,有机化学,初赛,4,弃卡,非目标模块,B
04-题库/2026机构初赛模拟题/化英社/题-HYS-03-08-81薄层色谱TLC是有机合成.md,化英社,08,有机化学,初赛,4,弃卡,非目标模块,B
04-题库/2026机构初赛模拟题/化英社/题-HYS-03-08-固相多肽合成SPPS的基本思.md,化英社,08,有机化学,初赛,4,弃卡,非目标模块,B
04-题库/2026机构初赛模拟题/化英社/题-HYS-03-08-在硫属元素中硒原子较氧硫拥有.md,化英社,08,化学原理,初赛,4,弃卡,题面含竞赛真题特征,B
04-题库/2026机构初赛模拟题/化英社/题-HYS-03-09-91在碘存在下研究人员实现了.md,化英社,09,化学原理,初赛,4,弃卡,有机章节,B
04-题库/2026机构初赛模拟题/化英社/题-HYS-03-09-烯烃与醛的酸催化缩合反应可能.md,化英社,09,有机化学,初赛,4,弃卡,非目标模块,B
04-题库/2026机构初赛模拟题/化英社/题-HYS-03-09-用有机强碱处理环氧乙烷可得到.md,化英社,09,有机化学,初赛,4,弃卡,非目标模块,B
04-题库/2026机构初赛模拟题/化英社/题-HYS-03-09-研究人员希望实现一个简单的亲.md,化英社,09,有机化学,初赛,4,弃卡,非目标模块,B
04-题库/2026机构初赛模拟题/化英社/题-HYS-03-10-SecuamamineD是一.md,化英社,10,有机化学,初赛,4,弃卡,非目标模块,B
04-题库/2026机构初赛模拟题/化英社/题-HYS-03-10-在有机化学中氮氧化物常以亚硝.md,化英社,10,元素与分析,初赛,4,弃卡,有机章节,B
04-题库/2026机构初赛模拟题/化英社/题-HYS-04-01-金属元素M早在数千年前就被人.md,化英社,01,元素与分析,初赛,4,弃卡,题面含竞赛真题特征,B
04-题库/2026机构初赛模拟题/化英社/题-HYS-04-01-非金属元素X有一段曲折的发现.md,化英社,01,结构化学,初赛,4,弃卡,题面含竞赛真题特征,B
04-题库/2026机构初赛模拟题/化英社/题-HYS-04-02-21将混合反应可以制得簇合物.md,化英社,02,结构化学,初赛,4,弃卡,题面含竞赛真题特征,B
04-题库/2026机构初赛模拟题/化英社/题-HYS-04-02-21设金属离子M的初始浓度为.md,化英社,02,化学原理,初赛,4,弃卡,题面含竞赛真题特征,B
04-题库/2026机构初赛模拟题/化英社/题-HYS-04-03-2020年研究人员发现一例特.md,化英社,03,结构化学,初赛,4,弃卡,题面含竞赛真题特征,B
04-题库/2026机构初赛模拟题/化英社/题-HYS-04-03-氨是农业肥料化工原料的核心成.md,化英社,03,结构化学,初赛,4,弃卡,题面含竞赛真题特征,B
04-题库/2026机构初赛模拟题/化英社/题-HYS-04-04-利用胺基溶液或固体材料捕集工.md,化英社,04,结构化学,初赛,4,弃卡,题面含竞赛真题特征,B
04-题库/2026机构初赛模拟题/化英社/题-HYS-04-04-累积多烯Cumulenes是.md,化英社,04,结构化学,初赛,4,弃卡,题面含竞赛真题特征,B
04-题库/2026机构初赛模拟题/化英社/题-HYS-04-05-51葡萄糖Glucose具有.md,化英社,05,有机化学,初赛,4,弃卡,非目标模块,B
04-题库/2026机构初赛模拟题/化英社/题-HYS-04-05-晶系晶体按其几何形态的对称程.md,化英社,05,结构化学,初赛,4,弃卡,题面含竞赛真题特征,B
04-题库/2026机构初赛模拟题/化英社/题-HYS-04-06-61如下的反应通过手性硫叶立.md,化英社,06,有机化学,初赛,4,弃卡,非目标模块,B
04-题库/2026机构初赛模拟题/化英社/题-HYS-04-06-多光子激发MPE具有三维荧光.md,化英社,06,化学原理,初赛,4,弃卡,题面含竞赛真题特征,B
04-题库/2026机构初赛模拟题/化英社/题-HYS-04-07-71比较下列化合物的酸性按从.md,化英社,07,有机化学,初赛,4,弃卡,非目标模块,B
04-题库/2026机构初赛模拟题/化英社/题-HYS-04-07-近日报道了一种通过RhIII.md,化英社,07,有机化学,初赛,4,弃卡,非目标模块,B
04-题库/2026机构初赛模拟题/化英社/题-HYS-04-08-81以下合成路线使用了一种含.md,化英社,08,元素与分析,初赛,4,弃卡,题面含竞赛真题特征,B
04-题库/2026机构初赛模拟题/化英社/题-HYS-04-09-中国科学家开发了一种Lewi.md,化英社,09,有机化学,初赛,4,弃卡,非目标模块,B
04-题库/2026机构初赛模拟题/化英社/题-HYS-05-01-MN两种金属元素常用于制作餐.md,化英社,01,化学原理,初赛,4,弃卡,题面含竞赛真题特征,B
04-题库/2026机构初赛模拟题/化英社/题-HYS-05-01-几千年以来某种元素是导致腹绞.md,化英社,01,结构化学,初赛,4,弃卡,题面含竞赛真题特征,B
04-题库/2026机构初赛模拟题/化英社/题-HYS-05-02-在罗马奥斯提亚Ostia港口.md,化英社,02,化学原理,初赛,4,弃卡,题面含竞赛真题特征,B
04-题库/2026机构初赛模拟题/化英社/题-HYS-05-02-将炔烃中的一个碳原子替换为较.md,化英社,02,结构化学,初赛,4,弃卡,题面含竞赛真题特征,B
04-题库/2026机构初赛模拟题/化英社/题-HYS-05-03-临界描述了一个系统发生变化的.md,化英社,03,结构化学,初赛,4,弃卡,题面含竞赛真题特征,B
04-题库/2026机构初赛模拟题/化英社/题-HYS-05-03-原子转移自由基聚合ATRP是.md,化英社,03,化学原理,初赛,4,弃卡,题面含竞赛真题特征,B
04-题库/2026机构初赛模拟题/化英社/题-HYS-05-04-MOFsMetalOrgan.md,化英社,04,结构化学,初赛,4,弃卡,题面含竞赛真题特征,B
04-题库/2026机构初赛模拟题/化英社/题-HYS-05-04-X是一种团簇化合物其由四种元.md,化英社,04,结构化学,初赛,4,弃卡,题面含竞赛真题特征,B
04-题库/2026机构初赛模拟题/化英社/题-HYS-05-05-传统的气液压缩制冷剂如氟利昂.md,化英社,05,化学原理,初赛,4,弃卡,题面含竞赛真题特征,B
04-题库/2026机构初赛模拟题/化英社/题-HYS-05-05-激光技术应用广泛其物理原理涉.md,化英社,05,化学原理,初赛,4,弃卡,题面含竞赛真题特征,B
04-题库/2026机构初赛模拟题/化英社/题-HYS-05-06-61口罩是由高分子化合物制成.md,化英社,06,有机化学,初赛,4,弃卡,非目标模块,B
04-题库/2026机构初赛模拟题/化英社/题-HYS-05-06-地球的历史令人着迷今天我们将.md,化英社,06,化学原理,初赛,4,弃卡,题面含竞赛真题特征,B
04-题库/2026机构初赛模拟题/化英社/题-HYS-05-07-作为地壳中最丰富的金属Al在.md,化英社,07,有机化学,初赛,4,弃卡,非目标模块,B
04-题库/2026机构初赛模拟题/化英社/题-HYS-05-07-环的合成是化学中的重要课题使.md,化英社,07,化学原理,初赛,4,弃卡,题面含竞赛真题特征,B
04-题库/2026机构初赛模拟题/化英社/题-HYS-05-08-1952年Lane等人首次从.md,化英社,08,有机化学,初赛,4,弃卡,非目标模块,B
04-题库/2026机构初赛模拟题/化英社/题-HYS-05-08-在学术文献中堆积常被用作一个.md,化英社,08,结构化学,初赛,4,弃卡,题面含竞赛真题特征,B
04-题库/2026机构初赛模拟题/化英社/题-HYS-05-09-吲哚是有机合成中的常见基团探.md,化英社,09,有机化学,初赛,4,弃卡,非目标模块,B
04-题库/2026机构初赛模拟题/化英社/题-HYS-05-09-铜催化的Ullmann反应在.md,化英社,09,化学原理,初赛,4,弃卡,题面含竞赛真题特征,B
04-题库/2026机构初赛模拟题/化英社/题-HYS-05-10-通过高度立体选择性的33重排.md,化英社,10,有机化学,初赛,4,弃卡,非目标模块,B
04-题库/2026机构初赛模拟题/化英社/题-HYS-06-01-11一氯甲烷与单质在约和粉催.md,化英社,01,元素与分析,初赛,4,弃卡,题面含竞赛真题特征,B
04-题库/2026机构初赛模拟题/化英社/题-HYS-06-02-Oxone试剂是一种强氧化剂.md,化英社,02,化学原理,初赛,4,弃卡,题面含竞赛真题特征,B
04-题库/2026机构初赛模拟题/化英社/题-HYS-06-03-31葫芦脲cucurbitu.md,化英社,03,结构化学,初赛,4,弃卡,题面含竞赛真题特征,B
04-题库/2026机构初赛模拟题/化英社/题-HYS-06-04-盐类X是一种常见的干燥剂其沿.md,化英社,04,结构化学,初赛,4,弃卡,题面含竞赛真题特征,B
04-题库/2026机构初赛模拟题/化英社/题-HYS-06-05-在化学上常用比磁化率和摩尔磁.md,化英社,05,化学原理,初赛,4,弃卡,题面含竞赛真题特征,B
04-题库/2026机构初赛模拟题/化英社/题-HYS-06-06-质谱massspectrum.md,化英社,06,有机化学,初赛,4,弃卡,非目标模块,B
04-题库/2026机构初赛模拟题/化英社/题-HYS-06-07-71机理探究与立体化学已知有.md,化英社,07,有机化学,初赛,4,弃卡,非目标模块,B
04-题库/2026机构初赛模拟题/化英社/题-HYS-06-08-以下是一种雌激素受体调节剂e.md,化英社,08,化学原理,初赛,4,弃卡,题面含竞赛真题特征,B
04-题库/2026机构初赛模拟题/化英社/题-HYS-07-01-本题涉及所有含M化合物中M的.md,化英社,01,结构化学,初赛,4,入池,,
04-题库/2026机构初赛模拟题/化英社/题-HYS-07-01-环境的开发利用与健康状况是人.md,化英社,01,化学原理,初赛,4,弃卡,有机章节,B
04-题库/2026机构初赛模拟题/化英社/题-HYS-07-02-PAOx是一类新兴的生物相容.md,化英社,02,化学原理,初赛,4,弃卡,有机章节,B
04-题库/2026机构初赛模拟题/化英社/题-HYS-07-02-主族的同枝多原子阳离子簇具有.md,化英社,02,元素与分析,初赛,4,弃卡,有机章节,B
04-题库/2026机构初赛模拟题/化英社/题-HYS-07-03-31研究人员首先通过研究硼的.md,化英社,03,结构化学,初赛,4,入池,,
04-题库/2026机构初赛模拟题/化英社/题-HYS-07-03-分析化学中的测定离子的浓度往.md,化英社,03,化学原理,初赛,4,入池,,
04-题库/2026机构初赛模拟题/化英社/题-HYS-07-04-葡萄酒初榨橄榄油水果蔬菜全谷.md,化英社,04,化学原理,初赛,4,入池,,
04-题库/2026机构初赛模拟题/化英社/题-HYS-07-04-近日JessCampos课题.md,化英社,04,化学原理,初赛,4,弃卡,有机章节,B
04-题库/2026机构初赛模拟题/化英社/题-HYS-07-05-含有过渡金属阳离子的扩展固体.md,化英社,05,结构化学,初赛,4,入池,,
04-题库/2026机构初赛模拟题/化英社/题-HYS-07-05-碳分子筛CMS材料的吸附曲线.md,化英社,05,化学原理,初赛,4,入池,,
04-题库/2026机构初赛模拟题/化英社/题-HYS-07-06-TIS存在多种晶型其中一种四.md,化英社,06,结构化学,初赛,4,入池,,
04-题库/2026机构初赛模拟题/化英社/题-HYS-07-06-析氧反应OER是电化学水分解.md,化英社,06,化学原理,初赛,4,入池,,
04-题库/2026机构初赛模拟题/化英社/题-HYS-07-07-71比较下列化合物的酸性按从.md,化英社,07,元素与分析,初赛,4,弃卡,有机章节,B
04-题库/2026机构初赛模拟题/化英社/题-HYS-07-07-据此回顾B的定义用63中的已.md,化英社,07,化学原理,初赛,4,弃卡,题面泄露,A
04-题库/2026机构初赛模拟题/化英社/题-HYS-07-08-81写出如下反应的产物82在.md,化英社,08,有机化学,初赛,4,弃卡,非目标模块,B
04-题库/2026机构初赛模拟题/化英社/题-HYS-07-09-均相金催化下可以发生极为丰富.md,化英社,09,有机化学,初赛,4,弃卡,非目标模块,B
04-题库/2026机构初赛模拟题/化英社/题-HYS-08-01-NO在人体中是一种关键的信号.md,化英社,01,化学原理,初赛,4,入池,,
04-题库/2026机构初赛模拟题/化英社/题-HYS-08-02-21高锰酸钾法是一种常见的氧.md,化英社,02,化学原理,初赛,4,入池,,
04-题库/2026机构初赛模拟题/化英社/题-HYS-08-03-金刚石晶体是最基础的几种晶体.md,化英社,03,结构化学,初赛,4,入池,,
04-题库/2026机构初赛模拟题/化英社/题-HYS-08-04-在推动金属基氧化还原化学研究.md,化英社,04,结构化学,初赛,4,入池,,
04-题库/2026机构初赛模拟题/化英社/题-HYS-08-05-光谱是复色光经系统分光后按波.md,化英社,05,化学原理,初赛,4,入池,,
04-题库/2026机构初赛模拟题/化英社/题-HYS-08-06-实验是化学中不可或缺的一部分.md,化英社,06,化学原理,初赛,4,弃卡,有机章节,B
04-题库/2026机构初赛模拟题/化英社/题-HYS-08-07-71对于下面的环氧化反应说法.md,化英社,07,元素与分析,初赛,4,弃卡,有机章节,B
04-题库/2026机构初赛模拟题/化英社/题-HYS-08-08-812018年NielsMa.md,化英社,08,有机化学,初赛,4,弃卡,非目标模块,B
04-题库/2026机构初赛模拟题/化英社/题-HYS-08-09-2011年LomaADuff.md,化英社,09,有机化学,初赛,4,弃卡,非目标模块,B
04-题库/2026机构初赛模拟题/化英社/题-HYS-09-01-元素和的分离问题是当今化学研.md,化英社,01,元素与分析,初赛,4,入池,,
04-题库/2026机构初赛模拟题/化英社/题-HYS-09-01-通常亚硝酸根还原为一氧化氮是.md,化英社,01,元素与分析,初赛,4,弃卡,有机章节,B
04-题库/2026机构初赛模拟题/化英社/题-HYS-09-02-L乳酸LA是一种关键的代谢产.md,化英社,02,化学原理,初赛,4,弃卡,有机章节,B
04-题库/2026机构初赛模拟题/化英社/题-HYS-09-02-稳定的硅宾化合物的常常具有强.md,化英社,02,有机化学,初赛,4,弃卡,非目标模块,B
04-题库/2026机构初赛模拟题/化英社/题-HYS-09-03-31由于半径规则与电价规则的.md,化英社,03,化学原理,初赛,4,入池,,
04-题库/2026机构初赛模拟题/化英社/题-HYS-09-03-Li是生产氚的核心原料而氚是.md,化英社,03,结构化学,初赛,4,弃卡,有机章节,B
04-题库/2026机构初赛模拟题/化英社/题-HYS-09-04-41pH的操作定义411pH.md,化英社,04,化学原理,初赛,4,弃卡,有机章节,B
04-题库/2026机构初赛模拟题/化英社/题-HYS-09-05-51空间同位素效应一般出现在.md,化英社,05,化学原理,初赛,4,入池,,
04-题库/2026机构初赛模拟题/化英社/题-HYS-09-05-蛋白质的功能多样性主要源于其.md,化英社,05,化学原理,初赛,4,弃卡,有机章节,B
04-题库/2026机构初赛模拟题/化英社/题-HYS-09-06-61Quadricyclan.md,化英社,06,有机化学,初赛,4,弃卡,非目标模块,B
04-题库/2026机构初赛模拟题/化英社/题-HYS-09-06-现有一有机纯净物样品为无色澄.md,化英社,06,化学原理,初赛,4,入池,,
04-题库/2026机构初赛模拟题/化英社/题-HYS-09-07-硅系绳siliconteth.md,化英社,07,有机化学,初赛,4,弃卡,非目标模块,B
04-题库/2026机构初赛模拟题/化英社/题-HYS-09-07-硫叶立德是一类经典的一碳合成.md,化英社,07,元素与分析,初赛,4,弃卡,有机章节,B
04-题库/2026机构初赛模拟题/化英社/题-HYS-09-08-萜类化合物pedrolide.md,化英社,08,有机化学,初赛,4,弃卡,非目标模块,B
04-题库/2026机构初赛模拟题/化英社/题-HYS-10-01-数硼烷作为使算的储敷材料即用.md,化英社,01,有机化学,初赛,4,弃卡,非目标模块,B
04-题库/2026机构初赛模拟题/化英社/题-HYS-10-01-磷元素因兼具适中的电负性丰富.md,化英社,01,结构化学,初赛,4,入池,,
04-题库/2026机构初赛模拟题/化英社/题-HYS-10-02-21某种钾的含水锗酸盐A系立.md,化英社,02,结构化学,初赛,4,入池,,
04-题库/2026机构初赛模拟题/化英社/题-HYS-10-02-瑞典林雪平大学的LarsHu.md,化英社,02,结构化学,初赛,4,入池,,
04-题库/2026机构初赛模拟题/化英社/题-HYS-10-03-蜗型螯合配阴离子HBmt具有.md,化英社,03,化学原理,初赛,4,入池,,
04-题库/2026机构初赛模拟题/化英社/题-HYS-10-03-近几十年来低价态主族元素配合.md,化英社,03,化学原理,初赛,4,弃卡,有机章节,B
04-题库/2026机构初赛模拟题/化英社/题-HYS-10-04-41利用催化剂以发烟硫酸为工.md,化英社,04,结构化学,初赛,4,弃卡,题面泄露,A
04-题库/2026机构初赛模拟题/化英社/题-HYS-10-04-已知在29815K下将具有完.md,化英社,04,化学原理,初赛,4,入池,,
04-题库/2026机构初赛模拟题/化英社/题-HYS-10-05-CCB是一种由三种元素金属元.md,化英社,05,结构化学,初赛,4,入池,,
04-题库/2026机构初赛模拟题/化英社/题-HYS-10-06-气相吸附是指气体混合物中的特.md,化英社,06,结构化学,初赛,4,入池,,
04-题库/2026机构初赛模拟题/化英社/题-HYS-10-06-过去认为水蒸发的微观本质是水.md,化英社,06,化学原理,初赛,4,入池,,
04-题库/2026机构初赛模拟题/化英社/题-HYS-10-07-71利用叠氮阴离子的亲核性可.md,化英社,07,有机化学,初赛,4,弃卡,非目标模块,B
04-题库/2026机构初赛模拟题/化英社/题-HYS-10-07-芳基重氮盐的光化学分解是重氮.md,化英社,07,有机化学,初赛,4,弃卡,非目标模块,B
04-题库/2026机构初赛模拟题/化英社/题-HYS-10-08-52环加成是一种常见快速地构.md,化英社,08,有机化学,初赛,4,弃卡,非目标模块,B
04-题库/2026机构初赛模拟题/化英社/题-HYS-10-08-81酸性比较811比较下列化.md,化英社,08,化学原理,初赛,4,弃卡,答案公式未转录,A
04-题库/2026机构初赛模拟题/化英社/题-HYS-10-09-偶氮烯烃的结构可看作存在杂原.md,化英社,09,有机化学,初赛,4,弃卡,非目标模块,B
04-题库/2026机构初赛模拟题/化英社/题-HYS-10-09-烯炔复分解是一种将烯烃和炔烃.md,化英社,09,有机化学,初赛,4,弃卡,非目标模块,B
04-题库/2026机构初赛模拟题/化英社/题-HYS-10-10-101首先让我们明确碳氢活化.md,化英社,10,结构化学,初赛,4,弃卡,有机章节,B
04-题库/2026机构初赛模拟题/化英社/题-HYS-11-01-基于距离的微流控分析传感器D.md,化英社,01,化学原理,初赛,4,弃卡,有机章节,B
04-题库/2026机构初赛模拟题/化英社/题-HYS-11-01-据统计有29种元素参与生物演.md,化英社,01,结构化学,初赛,4,弃卡,题面含竞赛真题特征,B
04-题库/2026机构初赛模拟题/化英社/题-HYS-11-02-在酸性溶液中含有金属M的黄色.md,化英社,02,化学原理,初赛,4,弃卡,越界（含他题内容）,A
04-题库/2026机构初赛模拟题/化英社/题-HYS-11-02-火锅是重庆人生活中不可或缺的.md,化英社,02,化学原理,初赛,4,弃卡,题面含竞赛真题特征,B
04-题库/2026机构初赛模拟题/化英社/题-HYS-11-03-乙烯基聚合物具有低密度廉价与.md,化英社,03,有机化学,初赛,4,弃卡,非目标模块,B
04-题库/2026机构初赛模拟题/化英社/题-HYS-11-03-黄素自然界中最普遍的有机辅因.md,化英社,03,有机化学,初赛,4,弃卡,非目标模块,B
04-题库/2026机构初赛模拟题/化英社/题-HYS-11-04-分子氙通常被视为惰性物质因为.md,化英社,04,结构化学,初赛,4,入池,,
04-题库/2026机构初赛模拟题/化英社/题-HYS-11-04-在最新最热街机音游舞萌DX中.md,化英社,04,结构化学,初赛,4,弃卡,题面含竞赛真题特征,B
04-题库/2026机构初赛模拟题/化英社/题-HYS-11-05-51S元素可以形成多硫阴离子.md,化英社,05,结构化学,初赛,4,弃卡,题面含竞赛真题特征,B
04-题库/2026机构初赛模拟题/化英社/题-HYS-11-05-分子能够响应环境的变化例如当.md,化英社,05,化学原理,初赛,4,入池,,
04-题库/2026机构初赛模拟题/化英社/题-HYS-11-06-对氯苯氧乙酸俗称防落素白色结.md,化英社,06,化学原理,初赛,4,入池,,
04-题库/2026机构初赛模拟题/化英社/题-HYS-11-06-电子顺磁共振EPR波谱被用于.md,化英社,06,结构化学,初赛,4,弃卡,题面含竞赛真题特征,B
04-题库/2026机构初赛模拟题/化英社/题-HYS-11-07-71观察如下反应结合机理研究.md,化英社,07,有机化学,初赛,4,弃卡,非目标模块,B
04-题库/2026机构初赛模拟题/化英社/题-HYS-11-07-在OLED有机发光半导体OF.md,化英社,07,化学原理,初赛,4,弃卡,题面含竞赛真题特征,B
04-题库/2026机构初赛模拟题/化英社/题-HYS-11-08-异戊烯基化天然产物是一类结构.md,化英社,08,有机化学,初赛,4,弃卡,非目标模块,B
04-题库/2026机构初赛模拟题/化英社/题-HYS-11-08-酶催化有机合成可以利用生物催.md,化英社,08,有机化学,初赛,4,弃卡,非目标模块,B
04-题库/2026机构初赛模拟题/化英社/题-HYS-11-09-碳正离子是有机中最经典的活泼.md,化英社,09,有机化学,初赛,4,弃卡,非目标模块,B
04-题库/2026机构初赛模拟题/化英社/题-HYS-13-01-炸药最早起源于我国早在宋代我.md,化英社,01,化学原理,初赛,4,入池,,
04-题库/2026机构初赛模拟题/化英社/题-HYS-13-02-金属双氢配合物在光照下可以脱.md,化英社,02,结构化学,初赛,4,入池,,
04-题库/2026机构初赛模拟题/化英社/题-HYS-13-03-2026年是北京大学化学与分.md,化英社,03,元素与分析,初赛,4,弃卡,有机章节,B
04-题库/2026机构初赛模拟题/化英社/题-HYS-13-04-含第一过渡系金属M主族金属N.md,化英社,04,结构化学,初赛,4,入池,,
04-题库/2026机构初赛模拟题/化英社/题-HYS-13-05-X是一种较为常见的过渡金属元.md,化英社,05,化学原理,初赛,4,入池,,
04-题库/2026机构初赛模拟题/化英社/题-HYS-13-06-抗原与抗体的相互作用是免疫过.md,化英社,06,化学原理,初赛,4,入池,,
04-题库/2026机构初赛模拟题/化英社/题-HYS-13-07-格氏反应是有机化学中最经典最.md,化英社,07,有机化学,初赛,4,弃卡,非目标模块,B
04-题库/2026机构初赛模拟题/化英社/题-HYS-13-08-1887年Claisen首次.md,化英社,08,有机化学,初赛,4,弃卡,非目标模块,B
04-题库/2026机构初赛模拟题/化英社/题-HYS-13-09-自由基偶联反应作为一种高效的.md,化英社,09,有机化学,初赛,4,弃卡,非目标模块,B
04-题库/2026机构初赛模拟题/化英社/题-HYS-14-01-二氧化硫是葡萄酒中最常用的防.md,化英社,01,化学原理,初赛,4,弃卡,题面含竞赛真题特征,B
04-题库/2026机构初赛模拟题/化英社/题-HYS-14-02-电化学碳捕获ECC是减少二氧.md,化英社,02,化学原理,初赛,4,弃卡,题面含竞赛真题特征,B
04-题库/2026机构初赛模拟题/化英社/题-HYS-14-03-将0063g017mmol的.md,化英社,03,结构化学,初赛,4,弃卡,题面含竞赛真题特征,B
04-题库/2026机构初赛模拟题/化英社/题-HYS-14-04-有研究团队尝试将EuPtNi.md,化英社,04,结构化学,初赛,4,弃卡,题面含竞赛真题特征,B
04-题库/2026机构初赛模拟题/化英社/题-HYS-14-05-20世纪40年代中期洛杉矶首.md,化英社,05,化学原理,初赛,4,弃卡,题面含竞赛真题特征,B
04-题库/2026机构初赛模拟题/化英社/题-HYS-14-06-直链脂肪酸的命名简写的基本格.md,化英社,06,化学原理,初赛,4,弃卡,题面含竞赛真题特征,B
04-题库/2026机构初赛模拟题/化英社/题-HYS-14-07-乙酰乙酸乙酯是重要的有机合成.md,化英社,07,化学原理,初赛,4,弃卡,题面含竞赛真题特征,B
04-题库/2026机构初赛模拟题/化英社/题-HYS-14-08-均相金催化领域始于一项发现即.md,化英社,08,结构化学,初赛,4,弃卡,题面含竞赛真题特征,B
04-题库/2026机构初赛模拟题/化英社/题-HYS-14-09-在35二甲基苷色酸衍生的类萜.md,化英社,09,有机化学,初赛,4,弃卡,非目标模块,B
04-题库/2026机构初赛模拟题/化英社/题-HYS-15-01-A和B是短周期元素P最常见的.md,化英社,01,元素与分析,初赛,4,入池,,
04-题库/2026机构初赛模拟题/化英社/题-HYS-15-02-二氧化锰的晶型种类多达20余.md,化英社,02,结构化学,初赛,4,入池,,
04-题库/2026机构初赛模拟题/化英社/题-HYS-15-03-在上一题中我们探讨了二氧化锰.md,化英社,03,化学原理,初赛,4,弃卡,有机章节,B
04-题库/2026机构初赛模拟题/化英社/题-HYS-15-04-近年来随着金属有机框架MOF.md,化英社,04,结构化学,初赛,4,入池,,
04-题库/2026机构初赛模拟题/化英社/题-HYS-15-05-锂是新能源产业的关键战略资源.md,化英社,05,化学原理,初赛,4,弃卡,有机章节,B
04-题库/2026机构初赛模拟题/化英社/题-HYS-15-06-在乙烯基手套中有时会加入一种.md,化英社,06,有机化学,初赛,4,弃卡,非目标模块,B
04-题库/2026机构初赛模拟题/化英社/题-HYS-15-07-由于羟基具有给电子共轭效应间.md,化英社,07,有机化学,初赛,4,弃卡,非目标模块,B
04-题库/2026机构初赛模拟题/化英社/题-HYS-15-08-氟原子由于其较大的电负性具有.md,化英社,08,有机化学,初赛,4,弃卡,非目标模块,B
04-题库/2026机构初赛模拟题/化英社/题-HYS-16-01-火柴小巧而便捷的点火工具自诞.md,化英社,01,化学原理,初赛,4,入池,,
04-题库/2026机构初赛模拟题/化英社/题-HYS-16-02-金属Sn是一种柔软低熔点的银.md,化英社,02,化学原理,初赛,4,入池,,
04-题库/2026机构初赛模拟题/化英社/题-HYS-16-03-31镍的常见价态为价然而其高.md,化英社,03,结构化学,初赛,4,入池,,
04-题库/2026机构初赛模拟题/化英社/题-HYS-16-04-理论斗史院都有可能改变一份未.md,化英社,04,化学原理,初赛,4,入池,,
04-题库/2026机构初赛模拟题/化英社/题-HYS-16-05-硅宾作为卡宾的较重类似物通常.md,化英社,05,化学原理,初赛,4,入池,,
04-题库/2026机构初赛模拟题/化英社/题-HYS-16-06-正当晶胞是晶体学中一个极为重.md,化英社,06,结构化学,初赛,4,入池,,
04-题库/2026机构初赛模拟题/化英社/题-HYS-16-07-中性配体pyip由于其有趣的.md,化英社,07,结构化学,初赛,4,弃卡,有机章节,B
04-题库/2026机构初赛模拟题/化英社/题-HYS-16-08-镧系金属由于其4f轨道高度屏.md,化英社,08,结构化学,初赛,4,入池,,
04-题库/2026机构初赛模拟题/化英社/题-HYS-16-09-磷酸钠作为强碱弱酸盐具有良好.md,化英社,09,化学原理,初赛,4,入池,,
04-题库/2026机构初赛模拟题/化英社/题-HYS-17-01-现有一纯净的未知矿物其颜色呈.md,化英社,01,化学原理,初赛,4,入池,,
04-题库/2026机构初赛模拟题/化英社/题-HYS-17-02-膦亚基PR桥连双核配合物因磷.md,化英社,02,结构化学,初赛,4,入池,,
04-题库/2026机构初赛模拟题/化英社/题-HYS-17-03-众所周知的是苯酚在浓硝酸中可.md,化英社,03,有机化学,初赛,4,弃卡,非目标模块,B
04-题库/2026机构初赛模拟题/化英社/题-HYS-17-04-质子交换膜燃料电池PEMFC.md,化英社,04,化学原理,初赛,4,弃卡,有机章节,B
04-题库/2026机构初赛模拟题/化英社/题-HYS-17-05-本题中将讨论多样的BM成键模.md,化英社,05,结构化学,初赛,4,入池,,
04-题库/2026机构初赛模拟题/化英社/题-HYS-17-06-帕非佛海滩PfeifferB.md,化英社,06,有机化学,初赛,4,弃卡,非目标模块,B
04-题库/2026机构初赛模拟题/化英社/题-HYS-17-07-生物膜由疏水的磷脂双分子层组.md,化英社,07,化学原理,初赛,4,入池,,
04-题库/2026机构初赛模拟题/化英社/题-HYS-18-01-11比较下列化合物的熔点按从.md,化英社,01,有机化学,初赛,4,弃卡,非目标模块,B
04-题库/2026机构初赛模拟题/化英社/题-HYS-18-02-21中国科学家开发了一种选择.md,化英社,02,有机化学,初赛,4,弃卡,非目标模块,B
04-题库/2026机构初赛模拟题/化英社/题-HYS-18-03-32环加成反应是周环反应中较.md,化英社,03,有机化学,初赛,4,弃卡,非目标模块,B
04-题库/2026机构初赛模拟题/化英社/题-HYS-18-04-苯并噻吩是广泛存在于生物活性.md,化英社,04,元素与分析,初赛,4,弃卡,有机章节,B
04-题库/2026机构初赛模拟题/化英社/题-HYS-18-05-有机磷化合物在材料科学药物化.md,化英社,05,有机化学,初赛,4,弃卡,非目标模块,B
04-题库/2026机构初赛模拟题/化英社/题-HYS-18-06-2026年研究人员开发了一种.md,化英社,06,有机化学,初赛,4,弃卡,非目标模块,B
04-题库/2026机构初赛模拟题/化英社/题-HYS-18-08-生物碱是一类含氮的天然有机分.md,化英社,08,化学原理,初赛,4,弃卡,有机章节,B
04-题库/2026机构初赛模拟题/化英社/题-HYS-19-01-11在我们讨论一步基元反应快.md,化英社,01,化学原理,初赛,4,入池,,
04-题库/2026机构初赛模拟题/化英社/题-HYS-19-02-溶剂同位素效应是同位素效应中.md,化英社,02,化学原理,初赛,4,入池,,
04-题库/2026机构初赛模拟题/化英社/题-HYS-19-03-金催化有机反应是一种较为热门.md,化英社,03,有机化学,初赛,4,弃卡,非目标模块,B
04-题库/2026机构初赛模拟题/化英社/题-HYS-19-04-41首先我们来看硫与卡宾最经.md,化英社,04,化学原理,初赛,4,入池,,
04-题库/2026机构初赛模拟题/化英社/题-HYS-19-05-以下是一个膦催化环化反应已知.md,化英社,05,有机化学,初赛,4,弃卡,非目标模块,B
04-题库/2026机构初赛模拟题/化英社/题-HYS-19-06-BeckwithHouk模型.md,化英社,06,有机化学,初赛,4,弃卡,非目标模块,B
04-题库/2026机构初赛模拟题/化英社/题-HYS-19-07-玫瑰红RoseBengalR.md,化英社,07,有机化学,初赛,4,弃卡,非目标模块,B
04-题库/2026机构初赛模拟题/化英社/题-HYS-19-08-近期研究者发现了无过渡金属无.md,化英社,08,化学原理,初赛,4,入池,,
04-题库/2026机构初赛模拟题/化英社/题-HYS-19-09-聚合物的主链重构反应是一种在.md,化英社,09,有机化学,初赛,4,弃卡,非目标模块,B
04-题库/2026机构初赛模拟题/化英社/题-HYS-20-01-首个可分离的磷杂炔化合物tB.md,化英社,01,元素与分析,初赛,4,弃卡,有机章节,B
04-题库/2026机构初赛模拟题/化英社/题-HYS-20-02-让我们从左到右细数主族金属簇.md,化英社,02,结构化学,初赛,4,入池,,
04-题库/2026机构初赛模拟题/化英社/题-HYS-20-03-1931年德国化学家Eric.md,化英社,03,有机化学,初赛,4,弃卡,非目标模块,B
04-题库/2026机构初赛模拟题/化英社/题-HYS-20-04-ABCDE是五种元素组成相同.md,化英社,04,结构化学,初赛,4,入池,,
04-题库/2026机构初赛模拟题/化英社/题-HYS-20-05-半导体材料X是一种含ABC三.md,化英社,05,结构化学,初赛,4,入池,,
04-题库/2026机构初赛模拟题/化英社/题-HYS-20-06-氟锆酸钾是一种潜在的用于熔盐.md,化英社,06,结构化学,初赛,4,入池,,
04-题库/2026机构初赛模拟题/化英社/题-HYS-20-07-自1825年法拉第发现苯以来.md,化英社,07,有机化学,初赛,4,弃卡,非目标模块,B
04-题库/2026机构初赛模拟题/化英社/题-HYS-20-08-生物固氮由固氮酶中的FeMo.md,化英社,08,有机化学,初赛,4,弃卡,非目标模块,B
04-题库/2026机构初赛模拟题/化英社/题-HYS-40-01-11制备最有用的制备肼的方法.md,化英社,01,化学原理,初赛,4,弃卡,题面含竞赛真题特征,B
04-题库/2026机构初赛模拟题/化英社/题-HYS-40-01-2023年智利和秘鲁等南美国.md,化英社,01,结构化学,初赛,4,弃卡,题面含竞赛真题特征,B
04-题库/2026机构初赛模拟题/化英社/题-HYS-40-01-小酸同学特别爱做实验由于她是.md,化英社,01,化学原理,初赛,4,弃卡,题面含竞赛真题特征,B
04-题库/2026机构初赛模拟题/化英社/题-HYS-40-01-自1963年科顿提出著名的定.md,化英社,01,结构化学,初赛,4,入池,,
04-题库/2026机构初赛模拟题/化英社/题-HYS-40-01-高周期过渡金属M具有很好的生.md,化英社,01,元素与分析,初赛,4,入池,,
04-题库/2026机构初赛模拟题/化英社/题-HYS-40-02-21不可避免苦杏仁的气味让他.md,化英社,02,结构化学,初赛,4,弃卡,题面含竞赛真题特征,B
04-题库/2026机构初赛模拟题/化英社/题-HYS-40-02-化学是一门以实验为基础的自然.md,化英社,02,有机化学,初赛,4,弃卡,非目标模块,B
04-题库/2026机构初赛模拟题/化英社/题-HYS-40-02-地球化学是一门包罗万象的学科.md,化英社,02,化学原理,初赛,4,弃卡,题面/答案过短,A
04-题库/2026机构初赛模拟题/化英社/题-HYS-40-02-配位化学中芳基可通过键与与金.md,化英社,02,有机化学,初赛,4,弃卡,非目标模块,B
04-题库/2026机构初赛模拟题/化英社/题-HYS-40-02-金属亚硝酰配合物通常具有复杂.md,化英社,02,化学原理,初赛,4,弃卡,题面含竞赛真题特征,B
04-题库/2026机构初赛模拟题/化英社/题-HYS-40-03-31在化学实验中经常会遇到一.md,化英社,03,化学原理,初赛,4,弃卡,题面含竞赛真题特征,B
04-题库/2026机构初赛模拟题/化英社/题-HYS-40-03-二氰基磷负离子已成为一种便利.md,化英社,03,化学原理,初赛,4,弃卡,题面含竞赛真题特征,B
04-题库/2026机构初赛模拟题/化英社/题-HYS-40-03-低配位超价磷物种是磷化学的研.md,化英社,03,结构化学,初赛,4,弃卡,题面/答案过短,A
04-题库/2026机构初赛模拟题/化英社/题-HYS-40-03-在半导体的催化下利用太阳能驱.md,化英社,03,结构化学,初赛,4,弃卡,有机章节,B
04-题库/2026机构初赛模拟题/化英社/题-HYS-40-03-在配合物的讨论中过渡金属经常.md,化英社,03,结构化学,初赛,4,弃卡,题面含竞赛真题特征,B
04-题库/2026机构初赛模拟题/化英社/题-HYS-40-04-2022年DenniaAKu.md,化英社,04,化学原理,初赛,4,弃卡,题面含竞赛真题特征,B
04-题库/2026机构初赛模拟题/化英社/题-HYS-40-04-一般情况下我们认为真爱的颜色.md,化英社,04,化学原理,初赛,4,入池,,
04-题库/2026机构初赛模拟题/化英社/题-HYS-40-04-一般的光在不同介质中传播的速.md,化英社,04,化学原理,初赛,4,弃卡,题面含竞赛真题特征,B
04-题库/2026机构初赛模拟题/化英社/题-HYS-40-04-具有多样的氟化物对于其结构我.md,化英社,04,结构化学,初赛,4,弃卡,有机章节,B
04-题库/2026机构初赛模拟题/化英社/题-HYS-40-04-磁性合金材料X是一种含MgN.md,化英社,04,结构化学,初赛,4,弃卡,题面含竞赛真题特征,B
04-题库/2026机构初赛模拟题/化英社/题-HYS-40-05-卡诺循环是一种理想化的热力学.md,化英社,05,化学原理,初赛,4,入池,,
04-题库/2026机构初赛模拟题/化英社/题-HYS-40-05-变压器等大型充油电力设备在运.md,化英社,05,有机化学,初赛,4,弃卡,非目标模块,B
04-题库/2026机构初赛模拟题/化英社/题-HYS-40-05-在17世纪初约翰史密斯船长送.md,化英社,05,结构化学,初赛,4,弃卡,题面含竞赛真题特征,B
04-题库/2026机构初赛模拟题/化英社/题-HYS-40-05-地球和陨石虽然在宏观的化学组.md,化英社,05,化学原理,初赛,4,弃卡,题面含竞赛真题特征,B
04-题库/2026机构初赛模拟题/化英社/题-HYS-40-05-语言的目的是以心传心机器则通.md,化英社,05,结构化学,初赛,4,入池,,
04-题库/2026机构初赛模拟题/化英社/题-HYS-40-06-1918年Langmuir基.md,化英社,06,化学原理,初赛,4,弃卡,有机章节,B
04-题库/2026机构初赛模拟题/化英社/题-HYS-40-06-碳纳米环是一类独特的非平面纳.md,化英社,06,有机化学,初赛,4,弃卡,非目标模块,B
04-题库/2026机构初赛模拟题/化英社/题-HYS-40-06-葡萄糖是一种十分重要的糖类是.md,化英社,06,化学原理,初赛,4,弃卡,题面含竞赛真题特征,B
04-题库/2026机构初赛模拟题/化英社/题-HYS-40-06-驱动蛋白是一类典型的生物分子.md,化英社,06,化学原理,初赛,4,弃卡,题面含竞赛真题特征,B
04-题库/2026机构初赛模拟题/化英社/题-HYS-40-06-魔法是想象的世界本题中我们将.md,化英社,06,化学原理,初赛,4,入池,,
04-题库/2026机构初赛模拟题/化英社/题-HYS-40-07-mathrm明信比尔定律Am.md,化英社,07,化学原理,初赛,4,弃卡,题面含竞赛真题特征,B
04-题库/2026机构初赛模拟题/化英社/题-HYS-40-07-单原子催化剂SACs通过将金.md,化英社,07,结构化学,初赛,4,弃卡,题面含竞赛真题特征,B
04-题库/2026机构初赛模拟题/化英社/题-HYS-40-07-早在1979年研究人员就报道.md,化英社,07,有机化学,初赛,4,弃卡,非目标模块,B
04-题库/2026机构初赛模拟题/化英社/题-HYS-40-07-氟原子在有机化学中具有重要的.md,化英社,07,有机化学,初赛,4,弃卡,非目标模块,B
04-题库/2026机构初赛模拟题/化英社/题-HYS-40-07-闭壳层和开壳层是描述分子或原.md,化英社,07,有机化学,初赛,4,弃卡,非目标模块,B
04-题库/2026机构初赛模拟题/化英社/题-HYS-40-08-2023年10月Alexan.md,化英社,08,化学原理,初赛,4,弃卡,题面含竞赛真题特征,B
04-题库/2026机构初赛模拟题/化英社/题-HYS-40-08-81薄层色谱TLC是有机合成.md,化英社,08,有机化学,初赛,4,弃卡,非目标模块,B
04-题库/2026机构初赛模拟题/化英社/题-HYS-40-08-在2026年化英社春季班中S.md,化英社,08,化学原理,初赛,4,弃卡,有机章节,B
04-题库/2026机构初赛模拟题/化英社/题-HYS-40-08-碘化内酯化反应可以在温和条件.md,化英社,08,化学原理,初赛,4,弃卡,题面含竞赛真题特征,B
04-题库/2026机构初赛模拟题/化英社/题-HYS-40-08-高镍层状氧化物如图是下一代高.md,化英社,08,结构化学,初赛,4,弃卡,题面含竞赛真题特征,B
04-题库/2026机构初赛模拟题/化英社/题-HYS-40-09-2025年7月埃默里大学代明.md,化英社,09,有机化学,初赛,4,弃卡,非目标模块,B
04-题库/2026机构初赛模拟题/化英社/题-HYS-40-09-23Wittig重排是一类重.md,化英社,09,有机化学,初赛,4,弃卡,非目标模块,B
04-题库/2026机构初赛模拟题/化英社/题-HYS-40-09-91在碘存在下研究人员实现了.md,化英社,09,化学原理,初赛,4,弃卡,有机章节,B
04-题库/2026机构初赛模拟题/化英社/题-HYS-40-09-自由基有机反应的历史可以追溯.md,化英社,09,有机化学,初赛,4,弃卡,非目标模块,B
04-题库/2026机构初赛模拟题/化英社/题-HYS-40-10-在有机化学中氮氧化物常以亚硝.md,化英社,10,元素与分析,初赛,4,弃卡,有机章节,B
04-题库/2026机构初赛模拟题/清北营/题-QBY-01-01-元素X的化学性质较为惰性即使.md,清北营,01,化学原理,初赛,4,入池,,
04-题库/2026机构初赛模拟题/清北营/题-QBY-01-01-在下水的初始温度为大气温度恒.md,清北营,01,化学原理,初赛,4,入池,,
04-题库/2026机构初赛模拟题/清北营/题-QBY-01-01-在元素周期表上位于同一列的元.md,清北营,01,元素与分析,初赛,4,入池,,
04-题库/2026机构初赛模拟题/清北营/题-QBY-01-01-金属M在化学史上扮演过及其重.md,清北营,01,元素与分析,初赛,4,入池,,
04-题库/2026机构初赛模拟题/清北营/题-QBY-01-02-在元素周期表中大多数金属元素.md,清北营,02,结构化学,初赛,4,入池,,
04-题库/2026机构初赛模拟题/清北营/题-QBY-01-02-在手套箱中将为五甲基环戊二烯.md,清北营,02,结构化学,初赛,4,入池,,
04-题库/2026机构初赛模拟题/清北营/题-QBY-01-02-用碘量法测定某电镀液中浓度取.md,清北营,02,化学原理,初赛,4,入池,,
04-题库/2026机构初赛模拟题/清北营/题-QBY-01-02-由氮气与氮气所组成的混合气体.md,清北营,02,化学原理,初赛,4,入池,,
04-题库/2026机构初赛模拟题/清北营/题-QBY-01-03-31将01387mol的纯硫.md,清北营,03,化学原理,初赛,4,入池,,
04-题库/2026机构初赛模拟题/清北营/题-QBY-01-03-一种测量气体热容比的方法如图.md,清北营,03,化学原理,初赛,4,入池,,
04-题库/2026机构初赛模拟题/清北营/题-QBY-01-03-在29815K与31815K.md,清北营,03,化学原理,初赛,4,入池,,
04-题库/2026机构初赛模拟题/清北营/题-QBY-01-03-在一定温度下金属氢化物可与氢.md,清北营,03,化学原理,初赛,4,入池,,
04-题库/2026机构初赛模拟题/清北营/题-QBY-01-04-在Ar气气氛下将Bi以一定比.md,清北营,04,化学原理,初赛,4,入池,,
04-题库/2026机构初赛模拟题/清北营/题-QBY-01-04-声音靠介质的弹性传播牛顿Ne.md,清北营,04,化学原理,初赛,4,入池,,
04-题库/2026机构初赛模拟题/清北营/题-QBY-01-04-某河段出现鱼类上浮现象为测定.md,清北营,04,化学原理,初赛,4,入池,,
04-题库/2026机构初赛模拟题/清北营/题-QBY-01-04-氧化还原滴定作为分析化学中最.md,清北营,04,化学原理,初赛,4,弃卡,越界（含他题内容）,A
04-题库/2026机构初赛模拟题/清北营/题-QBY-01-05-叠氮化氢是一种危险性极大的化.md,清北营,05,化学原理,初赛,4,入池,,
04-题库/2026机构初赛模拟题/清北营/题-QBY-01-05-某混合氧化物晶体在高压下合成.md,清北营,05,结构化学,初赛,4,入池,,
04-题库/2026机构初赛模拟题/清北营/题-QBY-01-05-某高价金属的膦基配合物最近被.md,清北营,05,有机化学,初赛,4,弃卡,非目标模块,B
04-题库/2026机构初赛模拟题/清北营/题-QBY-01-05-鸟粪石是一种矿石亦称鸟兽积粪.md,清北营,05,结构化学,初赛,4,入池,,
04-题库/2026机构初赛模拟题/清北营/题-QBY-01-06-61众所周知水星的英文名和某.md,清北营,06,化学原理,初赛,4,入池,,
04-题库/2026机构初赛模拟题/清北营/题-QBY-01-06-61如下为铀系元素的部分衰变.md,清北营,06,化学原理,初赛,4,入池,,
04-题库/2026机构初赛模拟题/清北营/题-QBY-01-06-放射性癌症治疗的历史源远流长.md,清北营,06,结构化学,初赛,4,入池,,
04-题库/2026机构初赛模拟题/清北营/题-QBY-01-06-某类有机发光小分子可以可逆形.md,清北营,06,有机化学,初赛,4,弃卡,非目标模块,B
04-题库/2026机构初赛模拟题/清北营/题-QBY-01-07-丁腈橡胶是一种合成橡胶耐油性.md,清北营,07,有机化学,初赛,4,弃卡,非目标模块,B
04-题库/2026机构初赛模拟题/清北营/题-QBY-01-07-使在135三甲苯中回流可以发.md,清北营,07,有机化学,初赛,4,弃卡,非目标模块,B
04-题库/2026机构初赛模拟题/清北营/题-QBY-01-07-光合作用是个复杂的过程在人们.md,清北营,07,化学原理,初赛,4,入池,,
04-题库/2026机构初赛模拟题/清北营/题-QBY-01-07-吡啶pyridinc是最简单.md,清北营,07,化学原理,初赛,4,弃卡,有机章节,B
04-题库/2026机构初赛模拟题/清北营/题-QBY-01-08-在核废料处理或放射性示踪实验.md,清北营,08,化学原理,初赛,4,入池,,
04-题库/2026机构初赛模拟题/清北营/题-QBY-01-08-氮杂芳烃具有电子特性复杂且存.md,清北营,08,有机化学,初赛,4,弃卡,非目标模块,B
04-题库/2026机构初赛模拟题/清北营/题-QBY-01-08-累积二烯结构具有较高的反应活.md,清北营,08,有机化学,初赛,4,弃卡,非目标模块,B
04-题库/2026机构初赛模拟题/清北营/题-QBY-01-08-近日南方科技大学理学院化学系.md,清北营,08,结构化学,初赛,4,弃卡,有机章节,B
04-题库/2026机构初赛模拟题/清北营/题-QBY-01-09-四氢大麻酚Tetrahydr.md,清北营,09,有机化学,初赛,4,弃卡,非目标模块,B
04-题库/2026机构初赛模拟题/清北营/题-QBY-01-09-有机碘试剂具有较强的反应活性.md,清北营,09,化学原理,初赛,4,弃卡,有机章节,B
04-题库/2026机构初赛模拟题/清北营/题-QBY-01-09-随着不断开采和使用化石资源储.md,清北营,09,有机化学,初赛,4,弃卡,非目标模块,B
04-题库/2026机构初赛模拟题/清北营/题-QBY-01-10-DhilirolideU是一.md,清北营,10,元素与分析,初赛,4,弃卡,有机章节,B
04-题库/2026机构初赛模拟题/清北营/题-QBY-01-10-illisimoninA是一.md,清北营,10,有机化学,初赛,4,弃卡,非目标模块,B
04-题库/2026机构初赛模拟题/清北营/题-QBY-02-01-11对一种含有Ag的盐X在热.md,清北营,01,结构化学,初赛,4,入池,,
04-题库/2026机构初赛模拟题/清北营/题-QBY-02-01-11欧洲中世纪炼金术士坚信哲.md,清北营,01,结构化学,初赛,4,入池,,
04-题库/2026机构初赛模拟题/清北营/题-QBY-02-01-一密封活塞中充满了液体水液体.md,清北营,01,化学原理,初赛,4,入池,,
04-题库/2026机构初赛模拟题/清北营/题-QBY-02-01-金属X燃烧时生成挥发性最高价.md,清北营,01,元素与分析,初赛,4,入池,,
04-题库/2026机构初赛模拟题/清北营/题-QBY-02-02-已知的请完成下列问题211请.md,清北营,02,化学原理,初赛,4,弃卡,有机章节,B
04-题库/2026机构初赛模拟题/清北营/题-QBY-02-02-易拉罐装可口可乐怡泉无糖苏打.md,清北营,02,化学原理,初赛,4,入池,,
04-题库/2026机构初赛模拟题/清北营/题-QBY-02-02-近日南开大学的一课题组基于碳.md,清北营,02,化学原理,初赛,4,入池,,
04-题库/2026机构初赛模拟题/清北营/题-QBY-02-02-近日西安交通大学的一课题组合.md,清北营,02,化学原理,初赛,4,弃卡,有机章节,B
04-题库/2026机构初赛模拟题/清北营/题-QBY-02-03-2025年来自中国的两个课题.md,清北营,03,有机化学,初赛,4,弃卡,非目标模块,B
04-题库/2026机构初赛模拟题/清北营/题-QBY-02-03-为确定岩石的年龄人们使用地质.md,清北营,03,结构化学,初赛,4,入池,,
04-题库/2026机构初赛模拟题/清北营/题-QBY-02-03-钌作为磁记录材料硬盘HDD和.md,清北营,03,化学原理,初赛,4,入池,,
04-题库/2026机构初赛模拟题/清北营/题-QBY-02-03-铝热反应是常见的能获得极高温.md,清北营,03,化学原理,初赛,4,入池,,
04-题库/2026机构初赛模拟题/清北营/题-QBY-02-04-41荧光探针分子ProMZ的.md,清北营,04,化学原理,初赛,4,入池,,
04-题库/2026机构初赛模拟题/清北营/题-QBY-02-04-下图为实验室制备12二溴乙烷.md,清北营,04,有机化学,初赛,4,弃卡,非目标模块,B
04-题库/2026机构初赛模拟题/清北营/题-QBY-02-04-近些年来有关主族金属金属键以.md,清北营,04,元素与分析,初赛,4,入池,,
04-题库/2026机构初赛模拟题/清北营/题-QBY-02-04-通过已知电极测定未知电极的标.md,清北营,04,化学原理,初赛,4,入池,,
04-题库/2026机构初赛模拟题/清北营/题-QBY-02-05-51如下是一个化合物的晶胞沿.md,清北营,05,结构化学,初赛,4,入池,,
04-题库/2026机构初赛模拟题/清北营/题-QBY-02-05-下图是某种物质的其中一种晶型.md,清北营,05,结构化学,初赛,4,弃卡,越界（含他题内容）,A
04-题库/2026机构初赛模拟题/清北营/题-QBY-02-05-本题记丙酮为A二氯甲烷为B在.md,清北营,05,化学原理,初赛,4,入池,,
04-题库/2026机构初赛模拟题/清北营/题-QBY-02-05-近日某课题组通过光驱动分子内.md,清北营,05,有机化学,初赛,4,弃卡,非目标模块,B
04-题库/2026机构初赛模拟题/清北营/题-QBY-02-06-固态物质的蒸气压是难以测量的.md,清北营,06,结构化学,初赛,4,入池,,
04-题库/2026机构初赛模拟题/清北营/题-QBY-02-06-在等温等压下一个自发过程可以.md,清北营,06,化学原理,初赛,4,入池,,
04-题库/2026机构初赛模拟题/清北营/题-QBY-02-06-如下是一种金属含氧酸盐的晶体.md,清北营,06,结构化学,初赛,4,入池,,
04-题库/2026机构初赛模拟题/清北营/题-QBY-02-06-对于亲核取代反应Basolo.md,清北营,06,化学原理,初赛,4,弃卡,有机章节,B
04-题库/2026机构初赛模拟题/清北营/题-QBY-02-07-12二嗪作为有机反应中较为少.md,清北营,07,有机化学,初赛,4,弃卡,非目标模块,B
04-题库/2026机构初赛模拟题/清北营/题-QBY-02-07-71Smiles重排作为一常.md,清北营,07,有机化学,初赛,4,弃卡,非目标模块,B
04-题库/2026机构初赛模拟题/清北营/题-QBY-02-07-71选出下列两个选项中酸性更.md,清北营,07,化学原理,初赛,4,弃卡,答案公式未转录,A
04-题库/2026机构初赛模拟题/清北营/题-QBY-02-07-本题中的故事是虚构的Gilb.md,清北营,07,化学原理,初赛,4,入池,,
04-题库/2026机构初赛模拟题/清北营/题-QBY-02-08-812009年BioMM报道.md,清北营,08,化学原理,初赛,4,弃卡,有机章节,B
04-题库/2026机构初赛模拟题/清北营/题-QBY-02-08-在时盐酸溶液上的气体的压力为.md,清北营,08,化学原理,初赛,4,入池,,
04-题库/2026机构初赛模拟题/清北营/题-QBY-02-08-将羧基快捷高产率地转化为氰基.md,清北营,08,有机化学,初赛,4,弃卡,非目标模块,B
04-题库/2026机构初赛模拟题/清北营/题-QBY-02-08-苯并氮硼烷作为萘的等电子体通.md,清北营,08,有机化学,初赛,4,弃卡,非目标模块,B
04-题库/2026机构初赛模拟题/清北营/题-QBY-02-09-细菌耐药性已成为21世纪全球.md,清北营,09,有机化学,初赛,4,弃卡,非目标模块,B
04-题库/2026机构初赛模拟题/清北营/题-QBY-02-09-近日浙江理工大学化学系的一课.md,清北营,09,有机化学,初赛,4,弃卡,非目标模块,B
04-题库/2026机构初赛模拟题/清北营/题-QBY-02-09-闪式真空热解FVP是一种在真.md,清北营,09,有机化学,初赛,4,弃卡,非目标模块,B
04-题库/2026机构初赛模拟题/清北营/题-QBY-03-01-11按要求书写下列反应方程式.md,清北营,01,有机化学,初赛,4,弃卡,非目标模块,B
04-题库/2026机构初赛模拟题/清北营/题-QBY-03-01-11某非金属元素A的白色挥发.md,清北营,01,结构化学,初赛,4,入池,,
04-题库/2026机构初赛模拟题/清北营/题-QBY-03-01-11用浓硝酸与氢氟酸的混合溶.md,清北营,01,元素与分析,初赛,4,入池,,
04-题库/2026机构初赛模拟题/清北营/题-QBY-03-02-从富硼化合物的合成开始在晶体.md,清北营,02,结构化学,初赛,4,入池,,
04-题库/2026机构初赛模拟题/清北营/题-QBY-03-02-以吡啶为代表的芳香族含氮杂环.md,清北营,02,结构化学,初赛,4,弃卡,有机章节,B
04-题库/2026机构初赛模拟题/清北营/题-QBY-03-02-盐A含有结晶水是一种重要的工.md,清北营,02,结构化学,初赛,4,弃卡,有机章节,B
04-题库/2026机构初赛模拟题/清北营/题-QBY-03-03-在下用邻菲罗啉phen光度法.md,清北营,03,化学原理,初赛,4,入池,,
04-题库/2026机构初赛模拟题/清北营/题-QBY-03-03-有机合成中叠氮化物有重要运用.md,清北营,03,化学原理,初赛,4,弃卡,有机章节,B
04-题库/2026机构初赛模拟题/清北营/题-QBY-03-03-某化合物含ABO三种元素属于.md,清北营,03,结构化学,初赛,4,弃卡,越界（含他题内容）,A
04-题库/2026机构初赛模拟题/清北营/题-QBY-03-04-某冶炼厂的含硫尾气经干燥除尘.md,清北营,04,化学原理,初赛,4,入池,,
04-题库/2026机构初赛模拟题/清北营/题-QBY-03-04-稳定的pH对生物体正常生理反.md,清北营,04,化学原理,初赛,4,入池,,
04-题库/2026机构初赛模拟题/清北营/题-QBY-03-04-锝是原子序数最少的没有稳定同.md,清北营,04,结构化学,初赛,4,入池,,
04-题库/2026机构初赛模拟题/清北营/题-QBY-03-05-1901年FritzUllm.md,清北营,05,结构化学,初赛,4,弃卡,有机章节,B
04-题库/2026机构初赛模拟题/清北营/题-QBY-03-05-我们都知道Mg这一碱土金属典.md,清北营,05,结构化学,初赛,4,入池,,
04-题库/2026机构初赛模拟题/清北营/题-QBY-03-05-碳酸氢钙是一种非常常见的化学.md,清北营,05,结构化学,初赛,4,入池,,
04-题库/2026机构初赛模拟题/清北营/题-QBY-03-06-Pu有一种奇怪的特性在水溶液.md,清北营,06,化学原理,初赛,4,入池,,
04-题库/2026机构初赛模拟题/清北营/题-QBY-03-06-共价有机框架Covalent.md,清北营,06,结构化学,初赛,4,弃卡,有机章节,B
04-题库/2026机构初赛模拟题/清北营/题-QBY-03-06-自由基反应长期以来被视为高度.md,清北营,06,结构化学,初赛,4,入池,,
04-题库/2026机构初赛模拟题/清北营/题-QBY-03-07-取和溶于在通入氮气的情况下与.md,清北营,07,有机化学,初赛,4,弃卡,非目标模块,B
04-题库/2026机构初赛模拟题/清北营/题-QBY-03-07-在250mL烧杯中放置711.md,清北营,07,有机化学,初赛,4,弃卡,非目标模块,B
04-题库/2026机构初赛模拟题/清北营/题-QBY-03-07-碳负离子在有机化学中的重要性.md,清北营,07,有机化学,初赛,4,弃卡,非目标模块,B
04-题库/2026机构初赛模拟题/清北营/题-QBY-03-08-早在1909年烯烃被发现在过.md,清北营,08,元素与分析,初赛,4,弃卡,有机章节,B
04-题库/2026机构初赛模拟题/清北营/题-QBY-03-08-是一个经典而优秀的自由基还原.md,清北营,08,化学原理,初赛,4,弃卡,越界（含他题内容）,A
04-题库/2026机构初赛模拟题/清北营/题-QBY-03-08-本题不要求立体化学有关化合物.md,清北营,08,有机化学,初赛,4,弃卡,非目标模块,B
04-题库/2026机构初赛模拟题/清北营/题-QBY-03-09-Ineleganolide最.md,清北营,09,有机化学,初赛,4,弃卡,非目标模块,B
04-题库/2026机构初赛模拟题/清北营/题-QBY-03-09-近些年来11二氟环丙烷类化合.md,清北营,09,有机化学,初赛,4,弃卡,非目标模块,B
04-题库/2026机构初赛模拟题/清北营/题-QBY-03-10-Nazarov环化是一个经典.md,清北营,10,有机化学,初赛,4,弃卡,非目标模块,B
04-题库/2026机构初赛模拟题/清北营/题-QBY-03-10-Prins反应早在100年前.md,清北营,10,有机化学,初赛,4,弃卡,非目标模块,B
04-题库/2026机构初赛模拟题/清北营/题-QBY-04-01-11ATGC是一类较强的分子.md,清北营,01,有机化学,初赛,4,弃卡,非目标模块,B
04-题库/2026机构初赛模拟题/清北营/题-QBY-04-01-元素X被20世纪科普作家JE.md,清北营,01,化学原理,初赛,4,入池,,
04-题库/2026机构初赛模拟题/清北营/题-QBY-04-01-烟花云幕重榴艳朝景侵夜空中的.md,清北营,01,元素与分析,初赛,4,入池,,
04-题库/2026机构初赛模拟题/清北营/题-QBY-04-02-21有一种型晶体的一种形式含.md,清北营,02,结构化学,初赛,4,入池,,
04-题库/2026机构初赛模拟题/清北营/题-QBY-04-02-NaCl是一种及其常见的化合.md,清北营,02,结构化学,初赛,4,入池,,
04-题库/2026机构初赛模拟题/清北营/题-QBY-04-02-分子笼在手性催化分子识别等方.md,清北营,02,结构化学,初赛,4,弃卡,有机章节,B
04-题库/2026机构初赛模拟题/清北营/题-QBY-04-03-常见金属互化物为体心立方点阵.md,清北营,03,结构化学,初赛,4,入池,,
04-题库/2026机构初赛模拟题/清北营/题-QBY-04-03-氧化还原滴定作为分析化学中最.md,清北营,03,有机化学,初赛,4,弃卡,非目标模块,B
04-题库/2026机构初赛模拟题/清北营/题-QBY-04-03-银离子可以与氯离子反应生成沉.md,清北营,03,化学原理,初赛,4,入池,,
04-题库/2026机构初赛模拟题/清北营/题-QBY-04-04-氢原子通过多中心键可以获得2.md,清北营,04,结构化学,初赛,4,弃卡,越界（含他题内容）,A
04-题库/2026机构初赛模拟题/清北营/题-QBY-04-04-过渡金属元素M因其化合物多彩.md,清北营,04,元素与分析,初赛,4,入池,,
04-题库/2026机构初赛模拟题/清北营/题-QBY-04-04-近年研究人员发展了基于金属有.md,清北营,04,结构化学,初赛,4,弃卡,有机章节,B
04-题库/2026机构初赛模拟题/清北营/题-QBY-04-05-51关于单质氟的制备最初是通.md,清北营,05,结构化学,初赛,4,入池,,
04-题库/2026机构初赛模拟题/清北营/题-QBY-04-05-二茂铁具有芳香性可发生Fri.md,清北营,05,有机化学,初赛,4,弃卡,非目标模块,B
04-题库/2026机构初赛模拟题/清北营/题-QBY-04-05-在本题中你可能需要以下数据本.md,清北营,05,化学原理,初赛,4,入池,,
04-题库/2026机构初赛模拟题/清北营/题-QBY-04-06-如下是一种立方晶系的三元化合.md,清北营,06,结构化学,初赛,4,弃卡,越界（含他题内容）,A
04-题库/2026机构初赛模拟题/清北营/题-QBY-04-06-由于含AlTe键的化合物容易.md,清北营,06,化学原理,初赛,4,入池,,
04-题库/2026机构初赛模拟题/清北营/题-QBY-04-06-近期何军教授团队研究了一对异.md,清北营,06,结构化学,初赛,4,入池,,
04-题库/2026机构初赛模拟题/清北营/题-QBY-04-07-71画出以下两个分子的优势构.md,清北营,07,有机化学,初赛,4,弃卡,非目标模块,B
04-题库/2026机构初赛模拟题/清北营/题-QBY-04-07-71请根据原子电负性以及轨道.md,清北营,07,化学原理,初赛,4,入池,,
04-题库/2026机构初赛模拟题/清北营/题-QBY-04-07-卡本是指中心碳原子为0价且带.md,清北营,07,化学原理,初赛,4,入池,,
04-题库/2026机构初赛模拟题/清北营/题-QBY-04-08-81选出下列反应中有碳正离子.md,清北营,08,化学原理,初赛,4,入池,,
04-题库/2026机构初赛模拟题/清北营/题-QBY-04-08-近日王平山教授团队创新性提出.md,清北营,08,结构化学,初赛,4,入池,,
04-题库/2026机构初赛模拟题/清北营/题-QBY-04-08-近日美国的一课题组开发了一种.md,清北营,08,元素与分析,初赛,4,入池,,
04-题库/2026机构初赛模拟题/清北营/题-QBY-04-09-常见的Nazarov反应往往.md,清北营,09,有机化学,初赛,4,弃卡,非目标模块,B
04-题库/2026机构初赛模拟题/清北营/题-QBY-04-09-近日国科大杭高院的某团队开发.md,清北营,09,化学原理,初赛,4,弃卡,有机章节,B
04-题库/2026机构初赛模拟题/清北营/题-QBY-04-10-alstrostineG是一.md,清北营,10,有机化学,初赛,4,弃卡,非目标模块,B
04-题库/2026机构初赛模拟题/清北营/题-QBY-05-01-以下是pH0时V的Latim.md,清北营,01,化学原理,初赛,4,入池,,
04-题库/2026机构初赛模拟题/清北营/题-QBY-05-01-在一个普普又通通的星期二上午.md,清北营,01,化学原理,初赛,4,入池,,
04-题库/2026机构初赛模拟题/清北营/题-QBY-05-01-金属M是一种具有魔力的金属相.md,清北营,01,有机化学,初赛,4,弃卡,非目标模块,B
04-题库/2026机构初赛模拟题/清北营/题-QBY-05-02-1824年SadiCarno.md,清北营,02,化学原理,初赛,4,入池,,
04-题库/2026机构初赛模拟题/清北营/题-QBY-05-02-近日我国科学家合成了一些单核.md,清北营,02,有机化学,初赛,4,弃卡,非目标模块,B
04-题库/2026机构初赛模拟题/清北营/题-QBY-05-02-镅Am是一种超铀元素也是一种.md,清北营,02,化学原理,初赛,4,入池,,
04-题库/2026机构初赛模拟题/清北营/题-QBY-05-03-半导体的能带分为上下两层下层.md,清北营,03,结构化学,初赛,4,入池,,
04-题库/2026机构初赛模拟题/清北营/题-QBY-05-03-最近一种简单卤化物能溶解多种.md,清北营,03,结构化学,初赛,4,弃卡,越界（含他题内容）,A
04-题库/2026机构初赛模拟题/清北营/题-QBY-05-03-某钠离子电池电解液碳酸酯体系.md,清北营,03,化学原理,初赛,4,入池,,
04-题库/2026机构初赛模拟题/清北营/题-QBY-05-04-2025年11月4日Para.md,清北营,04,结构化学,初赛,4,入池,,
04-题库/2026机构初赛模拟题/清北营/题-QBY-05-04-某固体氧化物电解池SOEC共.md,清北营,04,化学原理,初赛,4,入池,,
04-题库/2026机构初赛模拟题/清北营/题-QBY-05-04-热电转换是将热能转化为电能的.md,清北营,04,化学原理,初赛,4,入池,,
04-题库/2026机构初赛模拟题/清北营/题-QBY-05-05-20世纪下半叶研究人员发现具.md,清北营,05,化学原理,初赛,4,弃卡,有机章节,B
04-题库/2026机构初赛模拟题/清北营/题-QBY-05-05-51众所周知CH基团一般可以.md,清北营,05,有机化学,初赛,4,弃卡,非目标模块,B
04-题库/2026机构初赛模拟题/清北营/题-QBY-05-05-源自p区元素的主族羰基类似物.md,清北营,05,化学原理,初赛,4,弃卡,有机章节,B
04-题库/2026机构初赛模拟题/清北营/题-QBY-05-06-61铂矿石中伴生PtPdAu.md,清北营,06,结构化学,初赛,4,弃卡,有机章节,B
04-题库/2026机构初赛模拟题/清北营/题-QBY-05-06-我们来分析影响二元酸含2个等.md,清北营,06,化学原理,初赛,4,入池,,
04-题库/2026机构初赛模拟题/清北营/题-QBY-05-06-铁弹性是指晶体中应变与应力呈.md,清北营,06,结构化学,初赛,4,入池,,
04-题库/2026机构初赛模拟题/清北营/题-QBY-05-07-人们热衷于寻找具有不同性质的.md,清北营,07,有机化学,初赛,4,弃卡,非目标模块,B
04-题库/2026机构初赛模拟题/清北营/题-QBY-05-07-滑环凝胶是一类拓扑交联的聚合.md,清北营,07,有机化学,初赛,4,弃卡,非目标模块,B
04-题库/2026机构初赛模拟题/清北营/题-QBY-05-07-阿伏伽德罗提出的分子论是物质.md,清北营,07,化学原理,初赛,4,入池,,
04-题库/2026机构初赛模拟题/清北营/题-QBY-05-08-与仲醇叔醇的脱水反应相比伯醇.md,清北营,08,化学原理,初赛,4,弃卡,有机章节,B
04-题库/2026机构初赛模拟题/清北营/题-QBY-05-08-俄罗斯唯一的诺贝尔化学奖授予.md,清北营,08,有机化学,初赛,4,弃卡,非目标模块,B
04-题库/2026机构初赛模拟题/清北营/题-QBY-05-08-在有机反应中构造一个羰基位负.md,清北营,08,有机化学,初赛,4,弃卡,非目标模块,B
04-题库/2026机构初赛模拟题/清北营/题-QBY-05-09-二氧化氮的二聚反应是化学平衡.md,清北营,09,化学原理,初赛,4,入池,,
04-题库/2026机构初赛模拟题/清北营/题-QBY-05-09-吡咯并12喹喔啉骨架作为一种.md,清北营,09,有机化学,初赛,4,弃卡,非目标模块,B
04-题库/2026机构初赛模拟题/清北营/题-QBY-05-09-在20世纪末和21世纪初呋喃.md,清北营,09,化学原理,初赛,4,弃卡,有机章节,B
04-题库/2026机构初赛模拟题/清北营/题-QBY-05-10-河豚毒素是一种致命的生物碱对.md,清北营,10,有机化学,初赛,4,弃卡,非目标模块,B
04-题库/2026机构初赛模拟题/清北营/题-QBY-06-01-11请判断下列有机物中是否具.md,清北营,01,有机化学,初赛,4,弃卡,非目标模块,B
04-题库/2026机构初赛模拟题/清北营/题-QBY-06-01-硫氧阴离子以硫酸根为首是人尽.md,清北营,01,有机化学,初赛,4,弃卡,非目标模块,B
04-题库/2026机构初赛模拟题/清北营/题-QBY-06-02-典型的Nazarov环化如下.md,清北营,02,元素与分析,初赛,4,弃卡,有机章节,B
04-题库/2026机构初赛模拟题/清北营/题-QBY-06-02-聚甲基丙烯酸甲酯PMMA是一.md,清北营,02,元素与分析,初赛,4,弃卡,有机章节,B
04-题库/2026机构初赛模拟题/清北营/题-QBY-06-03-ene反应作为一种相对隐蔽的.md,清北营,03,有机化学,初赛,4,弃卡,非目标模块,B
04-题库/2026机构初赛模拟题/清北营/题-QBY-06-03-某新型多孔框架材料MAF7可.md,清北营,03,化学原理,初赛,4,入池,,
04-题库/2026机构初赛模拟题/清北营/题-QBY-06-04-某实验室拟测定一废旧锂离子电.md,清北营,04,化学原理,初赛,4,入池,,
04-题库/2026机构初赛模拟题/清北营/题-QBY-06-04-足球烯Fullerene是一.md,清北营,04,结构化学,初赛,4,弃卡,有机章节,B
04-题库/2026机构初赛模拟题/清北营/题-QBY-06-05-CS键在各种天然产物药物农用.md,清北营,05,元素与分析,初赛,4,弃卡,有机章节,B
04-题库/2026机构初赛模拟题/清北营/题-QBY-06-05-晶体X和Y由金属元素ABC和.md,清北营,05,结构化学,初赛,4,入池,,
04-题库/2026机构初赛模拟题/清北营/题-QBY-06-06-相比于钯铑和铱催化剂而言铂和.md,清北营,06,有机化学,初赛,4,弃卡,非目标模块,B
04-题库/2026机构初赛模拟题/清北营/题-QBY-06-06-靶向药物由三个部分构成设计靶.md,清北营,06,有机化学,初赛,4,弃卡,非目标模块,B
04-题库/2026机构初赛模拟题/清北营/题-QBY-06-07-PartI碘试剂的制备与基础.md,清北营,07,结构化学,初赛,4,弃卡,有机章节,B
04-题库/2026机构初赛模拟题/清北营/题-QBY-06-07-配合物A是Re的配合物具有四.md,清北营,07,元素与分析,初赛,4,入池,,
04-题库/2026机构初赛模拟题/清北营/题-QBY-06-08-81一种常见的将芳基基团上的.md,清北营,08,有机化学,初赛,4,弃卡,非目标模块,B
04-题库/2026机构初赛模拟题/清北营/题-QBY-06-08-现代有机合成致力于开发能构建.md,清北营,08,有机化学,初赛,4,弃卡,非目标模块,B
04-题库/2026机构初赛模拟题/清北营/题-QBY-06-09-91在2025年的一篇工作中.md,清北营,09,有机化学,初赛,4,弃卡,非目标模块,B
04-题库/2026机构初赛模拟题/清北营/题-QBY-06-09-巨大戟烷是一种从大戟属植物中.md,清北营,09,化学原理,初赛,4,弃卡,有机章节,B
04-题库/2026机构初赛模拟题/清北营/题-QBY-06-10-阿枯米灵家族的化合物常具有二.md,清北营,10,有机化学,初赛,4,弃卡,非目标模块,B
04-题库/2026机构初赛模拟题/清北营/题-QBY-07-01-23重排是一类重要的周环反应.md,清北营,01,有机化学,初赛,4,弃卡,非目标模块,B
04-题库/2026机构初赛模拟题/清北营/题-QBY-07-01-银自古被誉为月亮金属其温润而.md,清北营,01,化学原理,初赛,4,入池,,
04-题库/2026机构初赛模拟题/清北营/题-QBY-07-02-芳香性是有机化学中的重要性质.md,清北营,02,结构化学,初赛,4,弃卡,有机章节,B
04-题库/2026机构初赛模拟题/清北营/题-QBY-07-02-金单质通常称为黄金常用作货币.md,清北营,02,元素与分析,初赛,4,弃卡,越界（含他题内容）,A
04-题库/2026机构初赛模拟题/清北营/题-QBY-07-03-31金银单质都有绚丽的颜色3.md,清北营,03,结构化学,初赛,4,弃卡,RISK 命中,B
04-题库/2026机构初赛模拟题/清北营/题-QBY-07-03-托品酮是莨菪烷类生物碱家族中.md,清北营,03,化学原理,初赛,4,弃卡,有机章节,B
04-题库/2026机构初赛模拟题/清北营/题-QBY-07-04-Birch还原是合成非共轭烯.md,清北营,04,化学原理,初赛,4,弃卡,有机章节,B
04-题库/2026机构初赛模拟题/清北营/题-QBY-07-04-在双键化合物的制备思路中采用.md,清北营,04,化学原理,初赛,4,弃卡,有机章节,B
04-题库/2026机构初赛模拟题/清北营/题-QBY-07-05-51在第39届中国化学奥林匹.md,清北营,05,结构化学,初赛,4,弃卡,题面含竞赛真题特征,B
04-题库/2026机构初赛模拟题/清北营/题-QBY-07-05-氟原子取代基是药物合成中非常.md,清北营,05,有机化学,初赛,4,弃卡,非目标模块,B
04-题库/2026机构初赛模拟题/清北营/题-QBY-07-06-2024年XuQ等人报道了一.md,清北营,06,有机化学,初赛,4,弃卡,非目标模块,B
04-题库/2026机构初赛模拟题/清北营/题-QBY-07-06-氢有可能成为21世纪的主要能.md,清北营,06,化学原理,初赛,4,入池,,
04-题库/2026机构初赛模拟题/清北营/题-QBY-07-07-71将以下物质按从小到大排序.md,清北营,07,化学原理,初赛,4,弃卡,有机章节,B
04-题库/2026机构初赛模拟题/清北营/题-QBY-07-07-三羧酸循环是人体内重要的供能.md,清北营,07,有机化学,初赛,4,弃卡,非目标模块,B
04-题库/2026机构初赛模拟题/清北营/题-QBY-07-08-在20世纪末和21世纪初呋喃.md,清北营,08,有机化学,初赛,4,弃卡,非目标模块,B
04-题库/2026机构初赛模拟题/清北营/题-QBY-07-08-环加成反应是最有效的化学过程.md,清北营,08,化学原理,初赛,4,弃卡,有机章节,B
04-题库/2026机构初赛模拟题/清北营/题-QBY-07-09-生物碱是一类重要的天然产物它.md,清北营,09,有机化学,初赛,4,弃卡,非目标模块,B
04-题库/2026机构初赛模拟题/清北营/题-QBY-08-01-11在下热分解产物中仅有一种.md,清北营,01,元素与分析,初赛,4,入池,,
04-题库/2026机构初赛模拟题/清北营/题-QBY-08-01-含元素X的矿石与NaCl混合.md,清北营,01,结构化学,初赛,4,入池,,
04-题库/2026机构初赛模拟题/清北营/题-QBY-08-02-21将01mol金属硫化物M.md,清北营,02,化学原理,初赛,4,入池,,
04-题库/2026机构初赛模拟题/清北营/题-QBY-08-02-在刚刚入门化学的时候我们就知.md,清北营,02,结构化学,初赛,4,入池,,
04-题库/2026机构初赛模拟题/清北营/题-QBY-08-03-31M是一种经典的配合物中心.md,清北营,03,有机化学,初赛,4,弃卡,非目标模块,B
04-题库/2026机构初赛模拟题/清北营/题-QBY-08-03-在春季班试题中我们研究了co.md,清北营,03,有机化学,初赛,4,弃卡,非目标模块,B
04-题库/2026机构初赛模拟题/清北营/题-QBY-08-04-全钒液流电池是以金属钒离子为.md,清北营,04,化学原理,初赛,4,入池,,
04-题库/2026机构初赛模拟题/清北营/题-QBY-08-04-将钾与红磷置于长20厘米的密.md,清北营,04,结构化学,初赛,4,入池,,
04-题库/2026机构初赛模拟题/清北营/题-QBY-08-05-多锑配体络合物因其高光敏性和.md,清北营,05,结构化学,初赛,4,入池,,
04-题库/2026机构初赛模拟题/清北营/题-QBY-08-05-纳米是常用光催化材料其可在特.md,清北营,05,化学原理,初赛,4,弃卡,有机章节,B
04-题库/2026机构初赛模拟题/清北营/题-QBY-08-06-611堆积层永远是晶体结构问.md,清北营,06,结构化学,初赛,4,入池,,
04-题库/2026机构初赛模拟题/清北营/题-QBY-08-06-对高分子反应规律的探寻具有重.md,清北营,06,化学原理,初赛,4,弃卡,有机章节,B
04-题库/2026机构初赛模拟题/清北营/题-QBY-08-07-将金属锶与按照一定比例混合之.md,清北营,07,结构化学,初赛,4,入池,,
04-题库/2026机构初赛模拟题/清北营/题-QBY-08-07-自由基重排反应往往被认为是一.md,清北营,07,化学原理,初赛,4,弃卡,有机章节,B
04-题库/2026机构初赛模拟题/清北营/题-QBY-08-08-1975年一位印度籍的研究生.md,清北营,08,有机化学,初赛,4,弃卡,非目标模块,B
04-题库/2026机构初赛模拟题/清北营/题-QBY-08-08-广义的超共轭效应在有机化学中.md,清北营,08,化学原理,初赛,4,弃卡,有机章节,B
04-题库/2026机构初赛模拟题/清北营/题-QBY-08-09-含硼有机化合物在有机化学中常.md,清北营,09,有机化学,初赛,4,弃卡,非目标模块,B
04-题库/2026机构初赛模拟题/清北营/题-QBY-08-09-闪蒸真空热解FVPFlash.md,清北营,09,有机化学,初赛,4,弃卡,非目标模块,B
04-题库/2026机构初赛模拟题/清北营/题-QBY-08-10-醛类化合物在有机合成中有重要.md,清北营,10,有机化学,初赛,4,弃卡,非目标模块,B
04-题库/2026机构初赛模拟题/清北营/题-QBY-09-01-早在5500年前古埃及人就知.md,清北营,01,化学原理,初赛,4,弃卡,答案公式未转录,A
04-题库/2026机构初赛模拟题/清北营/题-QBY-09-01-烟花云幕重榴艳朝景俊夜空中的.md,清北营,01,化学原理,初赛,4,入池,,
04-题库/2026机构初赛模拟题/清北营/题-QBY-09-02-在钼弹筒中令Ti与计量的Ti.md,清北营,02,结构化学,初赛,4,入池,,
04-题库/2026机构初赛模拟题/清北营/题-QBY-09-02-金属有机框架MOF的合成主要.md,清北营,02,结构化学,初赛,4,弃卡,答案公式未转录,A
04-题库/2026机构初赛模拟题/清北营/题-QBY-09-03-下图所示配体是一个四齿配体现.md,清北营,03,有机化学,初赛,4,弃卡,非目标模块,B
04-题库/2026机构初赛模拟题/清北营/题-QBY-09-03-物质存在固体液体气体三种状态.md,清北营,03,化学原理,初赛,4,入池,,
04-题库/2026机构初赛模拟题/清北营/题-QBY-09-04-含磷杂环因其独特的空间结构和.md,清北营,04,有机化学,初赛,4,弃卡,非目标模块,B
04-题库/2026机构初赛模拟题/清北营/题-QBY-09-04-在如下多齿氮磷配体的螯合作用.md,清北营,04,结构化学,初赛,4,入池,,
04-题库/2026机构初赛模拟题/清北营/题-QBY-09-05-51在酸碱滴定操作中下列仪器.md,清北营,05,有机化学,初赛,4,弃卡,非目标模块,B
04-题库/2026机构初赛模拟题/清北营/题-QBY-09-05-某二元化合物的晶体为立方晶系.md,清北营,05,结构化学,初赛,4,入池,,
04-题库/2026机构初赛模拟题/清北营/题-QBY-09-06-分子变色龙是一类可以根据环境.md,清北营,06,化学原理,初赛,4,弃卡,答案公式未转录,A
04-题库/2026机构初赛模拟题/清北营/题-QBY-09-06-月球地质I月球矿物化学随着人.md,清北营,06,结构化学,初赛,4,入池,,
04-题库/2026机构初赛模拟题/清北营/题-QBY-09-07-Fentanyl及其衍生物正.md,清北营,07,化学原理,初赛,4,入池,,
04-题库/2026机构初赛模拟题/清北营/题-QBY-09-07-使用简单分子和人工分子组装模.md,清北营,07,化学原理,初赛,4,弃卡,有机章节,B
04-题库/2026机构初赛模拟题/清北营/题-QBY-09-08-1885年AdolfvonB.md,清北营,08,有机化学,初赛,4,弃卡,非目标模块,B
04-题库/2026机构初赛模拟题/清北营/题-QBY-09-09-研究人员近期合成了一种C20.md,清北营,09,有机化学,初赛,4,弃卡,非目标模块,B
04-题库/2026机构初赛模拟题/清北营/题-QBY-10-01-11298K下在一弹式热量计.md,清北营,01,化学原理,初赛,4,入池,,
04-题库/2026机构初赛模拟题/清北营/题-QBY-10-01-金属元素X在电子工业中具有重.md,清北营,01,结构化学,初赛,4,入池,,
04-题库/2026机构初赛模拟题/清北营/题-QBY-10-02-准确称取05055g奶粉置于.md,清北营,02,化学原理,初赛,4,入池,,
04-题库/2026机构初赛模拟题/清北营/题-QBY-10-02-单原子催化剂SACs为具有催.md,清北营,02,化学原理,初赛,4,弃卡,有机章节,B
04-题库/2026机构初赛模拟题/清北营/题-QBY-10-03-2025年的诺贝尔化学奖颁给.md,清北营,03,结构化学,初赛,4,入池,,
04-题库/2026机构初赛模拟题/清北营/题-QBY-10-03-月球地质II但是仅仅是元素相.md,清北营,03,化学原理,初赛,4,入池,,
04-题库/2026机构初赛模拟题/清北营/题-QBY-10-04-烟花云幕重榴艳朝景侵夜空中的.md,清北营,04,化学原理,初赛,4,入池,,
04-题库/2026机构初赛模拟题/清北营/题-QBY-10-04-超分子自组装在化学生物与材料.md,清北营,04,化学原理,初赛,4,入池,,
04-题库/2026机构初赛模拟题/清北营/题-QBY-10-05-氧气的氧化还原反应是生命过程.md,清北营,05,化学原理,初赛,4,入池,,
04-题库/2026机构初赛模拟题/清北营/题-QBY-10-05-的结构常被称为六方钙钛矿其结.md,清北营,05,结构化学,初赛,4,入池,,
04-题库/2026机构初赛模拟题/清北营/题-QBY-10-06-在化学动力学中对于R与P间的.md,清北营,06,化学原理,初赛,4,入池,,
04-题库/2026机构初赛模拟题/清北营/题-QBY-10-06-磷宾及其衍生物由于其独特反应.md,清北营,06,有机化学,初赛,4,弃卡,非目标模块,B
04-题库/2026机构初赛模拟题/清北营/题-QBY-10-07-71以下为碳硼烷的一种异构体.md,清北营,07,有机化学,初赛,4,弃卡,非目标模块,B
04-题库/2026机构初赛模拟题/清北营/题-QBY-10-08-N杂芳环的间位CH官能团化是.md,清北营,08,元素与分析,初赛,4,弃卡,有机章节,B
04-题库/2026机构初赛模拟题/清北营/题-QBY-10-09-叠氮化合物虽然具有一定危险性.md,清北营,09,有机化学,初赛,4,弃卡,非目标模块,B
04-题库/2026机构初赛模拟题/清北营/题-QBY-11-01-化学式形如的盐多种多样常常让.md,清北营,01,有机化学,初赛,4,弃卡,非目标模块,B
04-题库/2026机构初赛模拟题/清北营/题-QBY-11-01-已知VanderWaals气.md,清北营,01,化学原理,初赛,4,入池,,
04-题库/2026机构初赛模拟题/清北营/题-QBY-11-02-离子晶体在绝对零度时为完美晶.md,清北营,02,结构化学,初赛,4,入池,,
04-题库/2026机构初赛模拟题/清北营/题-QBY-11-02-过氧亚硝酸盐是一种生命体系中.md,清北营,02,化学原理,初赛,4,入池,,
04-题库/2026机构初赛模拟题/清北营/题-QBY-11-03-如果你不小心在晚上饿了又不小.md,清北营,03,化学原理,初赛,4,弃卡,有机章节,B
04-题库/2026机构初赛模拟题/清北营/题-QBY-11-03-苯拥有众所周知的芳香性这使得.md,清北营,03,结构化学,初赛,4,弃卡,有机章节,B
04-题库/2026机构初赛模拟题/清北营/题-QBY-11-04-四三苯基膦钯0PdPPh是S.md,清北营,04,有机化学,初赛,4,弃卡,非目标模块,B
04-题库/2026机构初赛模拟题/清北营/题-QBY-11-04-金属元素A可以形成一系列结构.md,清北营,04,结构化学,初赛,4,入池,,
04-题库/2026机构初赛模拟题/清北营/题-QBY-11-05-全无机三维多酸POM框架是一.md,清北营,05,结构化学,初赛,4,入池,,
04-题库/2026机构初赛模拟题/清北营/题-QBY-11-05-金属配合物促进白磷的转化研究.md,清北营,05,结构化学,初赛,4,弃卡,有机章节,B
04-题库/2026机构初赛模拟题/清北营/题-QBY-11-06-双环110丁烷BCBs具有多.md,清北营,06,元素与分析,初赛,4,弃卡,有机章节,B
04-题库/2026机构初赛模拟题/清北营/题-QBY-11-06-多核金I硫化物团簇具有丰富的.md,清北营,06,元素与分析,初赛,4,入池,,
04-题库/2026机构初赛模拟题/清北营/题-QBY-11-07-某元素X的一种晶体晶胞参数a.md,清北营,07,结构化学,初赛,4,入池,,
04-题库/2026机构初赛模拟题/清北营/题-QBY-11-07-自由基介导的烯烃双官能团化是.md,清北营,07,有机化学,初赛,4,弃卡,非目标模块,B
04-题库/2026机构初赛模拟题/清北营/题-QBY-11-08-有研究人员发现了Au与某金属.md,清北营,08,结构化学,初赛,4,入池,,
04-题库/2026机构初赛模拟题/清北营/题-QBY-11-08-继BlidingLights.md,清北营,08,有机化学,初赛,4,弃卡,非目标模块,B
04-题库/2026机构初赛模拟题/清北营/题-QBY-11-09-91自1977年Kagan等.md,清北营,09,化学原理,初赛,4,弃卡,有机章节,B
04-题库/2026机构初赛模拟题/清北营/题-QBY-11-09-多面体是结构化学中的一个重要.md,清北营,09,结构化学,初赛,4,入池,,
04-题库/2026机构初赛模拟题/清北营/题-QBY-12-01-同一个化学式对应不同异构体的.md,清北营,01,结构化学,初赛,4,入池,,
04-题库/2026机构初赛模拟题/清北营/题-QBY-12-02-是常温常压下唯一的稳定气态U.md,清北营,02,化学原理,初赛,4,入池,,
04-题库/2026机构初赛模拟题/清北营/题-QBY-12-03-化学教授ShlomoRoze.md,清北营,03,元素与分析,初赛,4,弃卡,越界（含他题内容）,A
04-题库/2026机构初赛模拟题/清北营/题-QBY-12-04-使用如下咔咯配体TpMePC.md,清北营,04,结构化学,初赛,4,入池,,
04-题库/2026机构初赛模拟题/清北营/题-QBY-12-05-共价有机框架Covalent.md,清北营,05,结构化学,初赛,4,弃卡,有机章节,B
04-题库/2026机构初赛模拟题/清北营/题-QBY-12-06-61是一种十分典型的晶体结构.md,清北营,06,结构化学,初赛,4,入池,,
04-题库/2026机构初赛模拟题/清北营/题-QBY-12-07-用滴定管将少量的溶液加到溶液.md,清北营,07,化学原理,初赛,4,入池,,
04-题库/2026机构初赛模拟题/清北营/题-QBY-12-08-在有机化学发展的初期仪器分析.md,清北营,08,有机化学,初赛,4,弃卡,非目标模块,B
04-题库/2026机构初赛模拟题/清北营/题-QBY-12-09-91给出下面转化的关键中间体.md,清北营,09,有机化学,初赛,4,弃卡,非目标模块,B
04-题库/2026机构初赛模拟题/清北营/题-QBY-12-10-近日上海交通大学的吴华课题组.md,清北营,10,元素与分析,初赛,4,弃卡,无答案/占位,A
04-题库/2026机构初赛模拟题/清北营/题-QBY-13-01-轴手性是立体异构的一种形式其.md,清北营,01,有机化学,初赛,4,弃卡,非目标模块,B
04-题库/2026机构初赛模拟题/清北营/题-QBY-13-02-卡宾与烯烃或炔烃的环加成反应.md,清北营,02,化学原理,初赛,4,弃卡,有机章节,B
04-题库/2026机构初赛模拟题/清北营/题-QBY-13-03-31画出还原酯基的一般机理并.md,清北营,03,有机化学,初赛,4,弃卡,非目标模块,B
04-题库/2026机构初赛模拟题/清北营/题-QBY-13-04-近日上海有机化学研究所施世良.md,清北营,04,化学原理,初赛,4,弃卡,有机章节,B
04-题库/2026机构初赛模拟题/清北营/题-QBY-13-05-51德国马克斯普朗克煤炭研究.md,清北营,05,有机化学,初赛,4,弃卡,非目标模块,B
04-题库/2026机构初赛模拟题/清北营/题-QBY-13-06-在现代金属卡宾化学中卡宾体系.md,清北营,06,化学原理,初赛,4,弃卡,有机章节,B
04-题库/2026机构初赛模拟题/清北营/题-QBY-13-07-71丙烯酸乙酯在高温下裂解写.md,清北营,07,化学原理,初赛,4,入池,,
04-题库/2026机构初赛模拟题/清北营/题-QBY-13-08-本题需注意立体化学Vinig.md,清北营,08,有机化学,初赛,4,弃卡,非目标模块,B
04-题库/2026机构初赛模拟题/清北营/题-QBY-16-01-化合物A1A3与化合物C1C.md,清北营,01,结构化学,初赛,4,入池,,
04-题库/2026机构初赛模拟题/清北营/题-QBY-16-02-氮气在温和条件下的转化是工业.md,清北营,02,结构化学,初赛,4,弃卡,有机章节,B
04-题库/2026机构初赛模拟题/清北营/题-QBY-16-03-首个人工合成的分子三叶结于2.md,清北营,03,有机化学,初赛,4,弃卡,非目标模块,B
04-题库/2026机构初赛模拟题/清北营/题-QBY-16-04-41解剖BeClBeCl属正.md,清北营,04,结构化学,初赛,4,入池,,
04-题库/2026机构初赛模拟题/清北营/题-QBY-16-05-液体中的起泡现象广泛存在于多.md,清北营,05,化学原理,初赛,4,入池,,
04-题库/2026机构初赛模拟题/清北营/题-QBY-16-06-一氧化碳是一种不可或缺的C1.md,清北营,06,结构化学,初赛,4,弃卡,有机章节,B
04-题库/2026机构初赛模拟题/清北营/题-QBY-16-07-在微观世界的舞台上分子们宛如.md,清北营,07,化学原理,初赛,4,入池,,
04-题库/2026机构初赛模拟题/清北营/题-QBY-16-08-同为常见的金属卡宾前体相比易.md,清北营,08,有机化学,初赛,4,弃卡,非目标模块,B
04-题库/2026机构初赛模拟题/清北营/题-QBY-16-09-小环具有独特的反应性在有机合.md,清北营,09,有机化学,初赛,4,弃卡,非目标模块,B
04-题库/2026机构初赛模拟题/清北营/题-QBY-16-10-在有机化学中有机化合物中的N.md,清北营,10,有机化学,初赛,4,弃卡,非目标模块,B
04-题库/2026机构初赛模拟题/清北营/题-QBY-17-01-11过渡金属元素M由英国传教.md,清北营,01,结构化学,初赛,4,入池,,
04-题库/2026机构初赛模拟题/清北营/题-QBY-17-02-碳族元素需要得到或失去四个电.md,清北营,02,元素与分析,初赛,4,入池,,
04-题库/2026机构初赛模拟题/清北营/题-QBY-17-03-自旋冰SpinIce是一种特.md,清北营,03,结构化学,初赛,4,弃卡,越界（含他题内容）,A
04-题库/2026机构初赛模拟题/清北营/题-QBY-17-04-水是是人们认识的最早的物种之.md,清北营,04,结构化学,初赛,4,入池,,
04-题库/2026机构初赛模拟题/清北营/题-QBY-17-05-在照相化学中显影是指将感光材.md,清北营,05,化学原理,初赛,4,弃卡,有机章节,B
04-题库/2026机构初赛模拟题/清北营/题-QBY-17-06-构建一个由个相同双膜三室浓差.md,清北营,06,化学原理,初赛,4,弃卡,有机章节,B
04-题库/2026机构初赛模拟题/清北营/题-QBY-17-07-近年来在骨架编辑和天然产物骨.md,清北营,07,有机化学,初赛,4,弃卡,非目标模块,B
04-题库/2026机构初赛模拟题/清北营/题-QBY-17-08-近些年来有关金属催化的有机反.md,清北营,08,有机化学,初赛,4,弃卡,非目标模块,B
04-题库/2026机构初赛模拟题/清北营/题-QBY-17-09-小环双环碳环骨架因其刚性结构.md,清北营,09,有机化学,初赛,4,弃卡,非目标模块,B
04-题库/2026机构初赛模拟题/chemy/题-CM-01-01-元素M是人类最早发现的金属之.md,chemy,01,结构化学,初赛,4,弃卡,有机章节,B
04-题库/2026机构初赛模拟题/chemy/题-CM-01-02-奎宁结构如右图所示是从金鸡纳.md,chemy,02,化学原理,初赛,4,入池,,
04-题库/2026机构初赛模拟题/chemy/题-CM-01-03-铝是地壳中含量第三高的元素在.md,chemy,03,化学原理,初赛,4,弃卡,有机章节,B
04-题库/2026机构初赛模拟题/chemy/题-CM-01-04-自20世纪50年代以来人们已.md,chemy,04,结构化学,初赛,4,弃卡,有机章节,B
04-题库/2026机构初赛模拟题/chemy/题-CM-01-05-很多具有钙钛矿结构的化合物是.md,chemy,05,结构化学,初赛,4,入池,,
04-题库/2026机构初赛模拟题/chemy/题-CM-01-06-氧化还原活性配体noninn.md,chemy,06,结构化学,初赛,4,入池,,
04-题库/2026机构初赛模拟题/chemy/题-CM-01-07-71有机物的熔沸点对有机反应.md,chemy,07,化学原理,初赛,4,弃卡,有机章节,B
04-题库/2026机构初赛模拟题/chemy/题-CM-01-08-硝酮nitrone是一种优秀.md,chemy,08,有机化学,初赛,4,弃卡,非目标模块,B
04-题库/2026机构初赛模拟题/chemy/题-CM-01-09-DAST试剂即二乙胺基三氟化.md,chemy,09,有机化学,初赛,4,弃卡,非目标模块,B
04-题库/2026机构初赛模拟题/chemy/题-CM-02-01-锌碘ZnI电池是一种新兴的二.md,chemy,01,化学原理,初赛,4,入池,,
04-题库/2026机构初赛模拟题/chemy/题-CM-02-02-21金属铼以莱茵Rhine冠.md,chemy,02,结构化学,初赛,4,入池,,
04-题库/2026机构初赛模拟题/chemy/题-CM-02-03-高分子降解指高分子材料在物理.md,chemy,03,化学原理,初赛,4,弃卡,有机章节,B
04-题库/2026机构初赛模拟题/chemy/题-CM-02-04-41某实验室现制备了一份氯氨.md,chemy,04,化学原理,初赛,4,入池,,
04-题库/2026机构初赛模拟题/chemy/题-CM-02-05-51氙是稀有气体的一种在很早.md,chemy,05,结构化学,初赛,4,入池,,
04-题库/2026机构初赛模拟题/chemy/题-CM-02-06-碳是一种很常见的元素它以多种.md,chemy,06,结构化学,初赛,4,弃卡,有机章节,B
04-题库/2026机构初赛模拟题/chemy/题-CM-02-07-多取代芳烃广泛存在于天然产物.md,chemy,07,有机化学,初赛,4,弃卡,非目标模块,B
04-题库/2026机构初赛模拟题/chemy/题-CM-02-08-C糖苷化合物具有广泛的药用价.md,chemy,08,有机化学,初赛,4,弃卡,非目标模块,B
04-题库/2026机构初赛模拟题/chemy/题-CM-02-09-吡啶N氧化物具有特殊的化学性.md,chemy,09,元素与分析,初赛,4,弃卡,有机章节,B
04-题库/2026机构初赛模拟题/chemy/题-CM-03-01-在17世纪后期德国人用Sax.md,chemy,01,化学原理,初赛,4,入池,,
04-题库/2026机构初赛模拟题/chemy/题-CM-03-02-132G具有非凡的氧化性质它.md,chemy,02,化学原理,初赛,4,入池,,
04-题库/2026机构初赛模拟题/chemy/题-CM-03-03-物质的磁矩主要来源于电子的自.md,chemy,03,结构化学,初赛,4,入池,,
04-题库/2026机构初赛模拟题/chemy/题-CM-03-04-元素M因其元素符号而为人所知.md,chemy,04,元素与分析,初赛,4,入池,,
04-题库/2026机构初赛模拟题/chemy/题-CM-03-05-水系有机液流电池在储存电能的.md,chemy,05,化学原理,初赛,4,弃卡,有机章节,B
04-题库/2026机构初赛模拟题/chemy/题-CM-03-06-61如下小分子的结构中缺失了.md,chemy,06,有机化学,初赛,4,弃卡,非目标模块,B
04-题库/2026机构初赛模拟题/chemy/题-CM-03-07-71通过如下得几步反应制备了.md,chemy,07,化学原理,初赛,4,入池,,
04-题库/2026机构初赛模拟题/chemy/题-CM-03-08-81在上世纪70年代有人报道.md,chemy,08,有机化学,初赛,4,弃卡,非目标模块,B
04-题库/2026机构初赛模拟题/chemy/题-CM-04-01-从古至今很多艺术品都具有缤纷.md,chemy,01,结构化学,初赛,4,弃卡,越界（含他题内容）,A
04-题库/2026机构初赛模拟题/chemy/题-CM-04-02-CO2的捕集是解决温室气体过.md,chemy,02,有机化学,初赛,4,弃卡,非目标模块,B
04-题库/2026机构初赛模拟题/chemy/题-CM-04-03-PCl和NHCl在一定条件下.md,chemy,03,有机化学,初赛,4,弃卡,非目标模块,B
04-题库/2026机构初赛模拟题/chemy/题-CM-04-04-电池研究的方向是多维度的目前.md,chemy,04,化学原理,初赛,4,入池,,
04-题库/2026机构初赛模拟题/chemy/题-CM-04-05-NO是大气与生物体内关键的活.md,chemy,05,化学原理,初赛,4,弃卡,有机章节,B
04-题库/2026机构初赛模拟题/chemy/题-CM-04-06-氢能是一种清洁能源有望促进社.md,chemy,06,化学原理,初赛,4,弃卡,有机章节,B
04-题库/2026机构初赛模拟题/chemy/题-CM-04-07-71下图所示两个反应的产物不.md,chemy,07,化学原理,初赛,4,入池,,
04-题库/2026机构初赛模拟题/chemy/题-CM-04-08-Smiles重排是一种分子内.md,chemy,08,有机化学,初赛,4,弃卡,非目标模块,B
04-题库/2026机构初赛模拟题/chemy/题-CM-04-09-炔丙醇在酸性条件下易于发生下.md,chemy,09,有机化学,初赛,4,弃卡,非目标模块,B
04-题库/2026机构初赛模拟题/chemy/题-CM-05-01-火星是距离太阳第四近的行星也.md,chemy,01,化学原理,初赛,4,入池,,
04-题库/2026机构初赛模拟题/chemy/题-CM-05-02-化合物X的组成为为正整数将X.md,chemy,02,化学原理,初赛,4,入池,,
04-题库/2026机构初赛模拟题/chemy/题-CM-05-03-一些海洋生物可以分泌粘附蛋白.md,chemy,03,化学原理,初赛,4,弃卡,有机章节,B
04-题库/2026机构初赛模拟题/chemy/题-CM-05-04-从含有MIV的盐酸溶液中经蒸.md,chemy,04,结构化学,初赛,4,入池,,
04-题库/2026机构初赛模拟题/chemy/题-CM-05-05-将配成68mmolL的无水乙.md,chemy,05,结构化学,初赛,4,入池,,
04-题库/2026机构初赛模拟题/chemy/题-CM-05-06-熔化的钢液中通常含有溶解的氢.md,chemy,06,结构化学,初赛,4,弃卡,越界（含他题内容）,A
04-题库/2026机构初赛模拟题/chemy/题-CM-05-07-由铁与dmpe化学式为以及配.md,chemy,07,有机化学,初赛,4,弃卡,非目标模块,B
04-题库/2026机构初赛模拟题/chemy/题-CM-05-08-81在甲烷分子中的HCH键角.md,chemy,08,化学原理,初赛,4,弃卡,有机章节,B
04-题库/2026机构初赛模拟题/chemy/题-CM-05-09-在以下反应中当两套体系双键或.md,chemy,09,有机化学,初赛,4,弃卡,非目标模块,B
04-题库/2026机构初赛模拟题/chemy/题-CM-05-10-烯酮在有机化学中是一种关键的.md,chemy,10,化学原理,初赛,4,弃卡,有机章节,B
04-题库/2026机构初赛模拟题/chemy/题-CM-10-01-11固态的为层状结构层内硼酸.md,chemy,01,结构化学,初赛,4,入池,,
04-题库/2026机构初赛模拟题/chemy/题-CM-10-02-1925年LTschugaj.md,chemy,02,化学原理,初赛,4,入池,,
04-题库/2026机构初赛模拟题/chemy/题-CM-10-03-31的制备过程如下称取和于锥.md,chemy,03,化学原理,初赛,4,入池,,
04-题库/2026机构初赛模拟题/chemy/题-CM-10-04-M是一种多彩的元素它的许多化.md,chemy,04,化学原理,初赛,4,弃卡,有机章节,B
04-题库/2026机构初赛模拟题/chemy/题-CM-10-05-基于YSZ的氧气传感器在包括.md,chemy,05,结构化学,初赛,4,入池,,
04-题库/2026机构初赛模拟题/chemy/题-CM-10-06-链状化合物环化时当链中有偕二.md,chemy,06,化学原理,初赛,4,入池,,
04-题库/2026机构初赛模拟题/chemy/题-CM-10-07-是一种强有机硼Lewis酸具.md,chemy,07,有机化学,初赛,4,弃卡,非目标模块,B
04-题库/2026机构初赛模拟题/chemy/题-CM-10-08-81吡啶氧化物可通过三氯氧磷.md,chemy,08,元素与分析,初赛,4,弃卡,有机章节,B
04-题库/2026机构初赛模拟题/chemy/题-CM-100-01-氯苯A和溴苯B可以形成理想液.md,chemy,01,化学原理,初赛,4,入池,,
04-题库/2026机构初赛模拟题/chemy/题-CM-100-02-将氢氧化钠加入某金属M的硝酸.md,chemy,02,结构化学,初赛,4,入池,,
04-题库/2026机构初赛模拟题/chemy/题-CM-100-03-共轭聚合物因其柔性可溶液加工.md,chemy,03,化学原理,初赛,4,弃卡,有机章节,B
04-题库/2026机构初赛模拟题/chemy/题-CM-100-04-配体X可以和PdII形成一系.md,chemy,04,结构化学,初赛,4,入池,,
04-题库/2026机构初赛模拟题/chemy/题-CM-100-05-在19世纪人们发现金属M是黑.md,chemy,05,有机化学,初赛,4,弃卡,非目标模块,B
04-题库/2026机构初赛模拟题/chemy/题-CM-100-06-不同于由电中性分子构成的普通.md,chemy,06,结构化学,初赛,4,入池,,
04-题库/2026机构初赛模拟题/chemy/题-CM-100-07-7-1与在2-2-2穴醚存在.md,chemy,07,元素与分析,初赛,4,入池,,
04-题库/2026机构初赛模拟题/chemy/题-CM-100-08-8-1请分别给出以下化合物的.md,chemy,08,有机化学,初赛,4,弃卡,非目标模块,B
04-题库/2026机构初赛模拟题/chemy/题-CM-100-09-_CrinipellinA.md,chemy,09,有机化学,初赛,4,弃卡,非目标模块,B
04-题库/2026机构初赛模拟题/chemy/题-CM-100-10-Pummerer重排通常是指.md,chemy,10,有机化学,初赛,4,弃卡,非目标模块,B
04-题库/2026机构初赛模拟题/chemy/题-CM-101-01-1-1化合物的热分解分多步进.md,chemy,01,结构化学,初赛,4,入池,,
04-题库/2026机构初赛模拟题/chemy/题-CM-101-02-2-1在外界的机械力下有些聚.md,chemy,02,化学原理,初赛,4,弃卡,有机章节,B
04-题库/2026机构初赛模拟题/chemy/题-CM-101-03-化合物常温下为固态433K以.md,chemy,03,元素与分析,初赛,4,入池,,
04-题库/2026机构初赛模拟题/chemy/题-CM-101-04-某含砷化合物的晶体属四方晶系.md,chemy,04,结构化学,初赛,4,入池,,
04-题库/2026机构初赛模拟题/chemy/题-CM-101-05-通过以下方法制备了一种钌的单.md,chemy,05,结构化学,初赛,4,入池,,
04-题库/2026机构初赛模拟题/chemy/题-CM-101-06-利用多核金属催化剂可实现对小.md,chemy,06,结构化学,初赛,4,弃卡,有机章节,B
04-题库/2026机构初赛模拟题/chemy/题-CM-101-07-7-1工业上三氟乙酸可按以下.md,chemy,07,有机化学,初赛,4,弃卡,非目标模块,B
04-题库/2026机构初赛模拟题/chemy/题-CM-101-08-如下所示利用蒎烯氧化物的水解.md,chemy,08,有机化学,初赛,4,弃卡,非目标模块,B
04-题库/2026机构初赛模拟题/chemy/题-CM-101-09-近日兰州大学和上海交通大学的.md,chemy,09,有机化学,初赛,4,弃卡,非目标模块,B
04-题库/2026机构初赛模拟题/chemy/题-CM-101-10-亚砜类化合物作为氧化剂时具有.md,chemy,10,结构化学,初赛,4,弃卡,题面泄露,A
04-题库/2026机构初赛模拟题/chemy/题-CM-103-01-1-1向两份分别含和的溶液中.md,chemy,01,元素与分析,初赛,4,入池,,
04-题库/2026机构初赛模拟题/chemy/题-CM-103-02-铅与碘能形成丰富多彩的化合物.md,chemy,02,结构化学,初赛,4,入池,,
04-题库/2026机构初赛模拟题/chemy/题-CM-103-03-雨水因溶解了而呈现一定的酸性.md,chemy,03,化学原理,初赛,4,入池,,
04-题库/2026机构初赛模拟题/chemy/题-CM-103-04-4-1在968K和1247K.md,chemy,04,化学原理,初赛,4,入池,,
04-题库/2026机构初赛模拟题/chemy/题-CM-103-05-生物正交反应是在活细胞内进行.md,chemy,05,有机化学,初赛,4,弃卡,非目标模块,B
04-题库/2026机构初赛模拟题/chemy/题-CM-103-06-金属M与卟啉配体结构如下所示.md,chemy,06,结构化学,初赛,4,弃卡,有机章节,B
04-题库/2026机构初赛模拟题/chemy/题-CM-103-07-含氧酸A是一种无机强酸其对应.md,chemy,07,元素与分析,初赛,4,入池,,
04-题库/2026机构初赛模拟题/chemy/题-CM-103-08-无支链D-构型的单糖可与稀硝.md,chemy,08,有机化学,初赛,4,弃卡,非目标模块,B
04-题库/2026机构初赛模拟题/chemy/题-CM-103-09-有时吡啶环能呈现出一些类似于.md,chemy,09,有机化学,初赛,4,弃卡,非目标模块,B
04-题库/2026机构初赛模拟题/chemy/题-CM-103-10-由于轨道对称性守恒的要求碳负.md,chemy,10,有机化学,初赛,4,弃卡,非目标模块,B
04-题库/2026机构初赛模拟题/chemy/题-CM-105-01-类氢原子的电子排布能级图与多.md,chemy,01,结构化学,初赛,4,入池,,
04-题库/2026机构初赛模拟题/chemy/题-CM-105-02-2-1某非环状阴离子带1个负.md,chemy,02,结构化学,初赛,4,入池,,
04-题库/2026机构初赛模拟题/chemy/题-CM-105-03-斜方硫是由环状分子形成的硫单.md,chemy,03,元素与分析,初赛,4,入池,,
04-题库/2026机构初赛模拟题/chemy/题-CM-105-04-将氯化铵真空干燥后与于封管中.md,chemy,04,结构化学,初赛,4,入池,,
04-题库/2026机构初赛模拟题/chemy/题-CM-105-05-5-2将重铬酸银固体加强热至.md,chemy,05,元素与分析,初赛,4,入池,,
04-题库/2026机构初赛模拟题/chemy/题-CM-105-06-6-1铬酸铅是难溶性的黄色固.md,chemy,06,化学原理,初赛,4,入池,,
04-题库/2026机构初赛模拟题/chemy/题-CM-105-07-元素M是一种常见的金属元素古.md,chemy,07,元素与分析,初赛,4,入池,,
04-题库/2026机构初赛模拟题/chemy/题-CM-105-08-二元氯化物沸点为在气相中主要.md,chemy,08,化学原理,初赛,4,入池,,
04-题库/2026机构初赛模拟题/chemy/题-CM-105-09-有以下配位催化循环反应.md,chemy,09,有机化学,初赛,4,弃卡,非目标模块,B
04-题库/2026机构初赛模拟题/chemy/题-CM-105-10-将某金属元素M的无水氯化物和.md,chemy,10,结构化学,初赛,4,入池,,
04-题库/2026机构初赛模拟题/chemy/题-CM-106-01-1-1在C减压下丙二酸用脱水.md,chemy,01,结构化学,初赛,4,入池,,
04-题库/2026机构初赛模拟题/chemy/题-CM-106-02-通过合适的试剂完成氮的氧化物.md,chemy,02,元素与分析,初赛,4,入池,,
04-题库/2026机构初赛模拟题/chemy/题-CM-106-03-将还原铁粉和沉降硫混合后用镁.md,chemy,03,元素与分析,初赛,4,入池,,
04-题库/2026机构初赛模拟题/chemy/题-CM-106-04-在C下将硝酸钠粉末加入到氨基.md,chemy,04,有机化学,初赛,4,弃卡,非目标模块,B
04-题库/2026机构初赛模拟题/chemy/题-CM-106-05-白色固体A是一种氢氧化物10.md,chemy,05,元素与分析,初赛,4,入池,,
04-题库/2026机构初赛模拟题/chemy/题-CM-106-06-硼化物的结构丰富多采现有一种.md,chemy,06,结构化学,初赛,4,入池,,
04-题库/2026机构初赛模拟题/chemy/题-CM-106-07-7-1化合物A和B分别进行水.md,chemy,07,有机化学,初赛,4,弃卡,非目标模块,B
04-题库/2026机构初赛模拟题/chemy/题-CM-106-08-将以下化合物在C加热10s发.md,chemy,08,有机化学,初赛,4,弃卡,非目标模块,B
04-题库/2026机构初赛模拟题/chemy/题-CM-106-09-多米诺苯炔是一种高活性的有机.md,chemy,09,有机化学,初赛,4,弃卡,非目标模块,B
04-题库/2026机构初赛模拟题/chemy/题-CM-107-01-在液晶技术和LED技术普及之.md,chemy,01,元素与分析,初赛,4,入池,,
04-题库/2026机构初赛模拟题/chemy/题-CM-107-02-含Te配体的化学很是有趣.md,chemy,02,结构化学,初赛,4,弃卡,有机章节,B
04-题库/2026机构初赛模拟题/chemy/题-CM-107-03-M是一种银灰色硬而脆的过渡金.md,chemy,03,元素与分析,初赛,4,入池,,
04-题库/2026机构初赛模拟题/chemy/题-CM-107-04-物质X是一种镧系离子掺杂的人.md,chemy,04,结构化学,初赛,4,入池,,
04-题库/2026机构初赛模拟题/chemy/题-CM-107-05-已知反应平衡常数.md,chemy,05,化学原理,初赛,4,入池,,
04-题库/2026机构初赛模拟题/chemy/题-CM-107-06-在密封干燥的石英管中加热和G.md,chemy,06,结构化学,初赛,4,入池,,
04-题库/2026机构初赛模拟题/chemy/题-CM-107-07-高吸水性聚合物Superab.md,chemy,07,有机化学,初赛,4,弃卡,非目标模块,B
04-题库/2026机构初赛模拟题/chemy/题-CM-107-08-设计强有力而安全的还原剂是有.md,chemy,08,有机化学,初赛,4,弃卡,非目标模块,B
04-题库/2026机构初赛模拟题/chemy/题-CM-107-09-2020年研究人员完成了Ly.md,chemy,09,有机化学,初赛,4,弃卡,非目标模块,B
04-题库/2026机构初赛模拟题/chemy/题-CM-107-10-二烷氧基卡宾是一类特征的反应.md,chemy,10,有机化学,初赛,4,弃卡,非目标模块,B
04-题库/2026机构初赛模拟题/chemy/题-CM-108-01-有AE五个有趣的烃类分子.md,chemy,01,有机化学,初赛,4,弃卡,非目标模块,B
04-题库/2026机构初赛模拟题/chemy/题-CM-108-02-2-1选出以下化合物或离子中.md,chemy,02,有机化学,初赛,4,弃卡,非目标模块,B
04-题库/2026机构初赛模拟题/chemy/题-CM-108-03-3-1对化合物A进行酰化后得.md,chemy,03,有机化学,初赛,4,弃卡,非目标模块,B
04-题库/2026机构初赛模拟题/chemy/题-CM-108-04-Pummerer重排是一类常.md,chemy,04,有机化学,初赛,4,弃卡,非目标模块,B
04-题库/2026机构初赛模拟题/chemy/题-CM-108-05-在24-二硝基苯磺酸催化下1.md,chemy,05,有机化学,初赛,4,弃卡,非目标模块,B
04-题库/2026机构初赛模拟题/chemy/题-CM-108-06-对于以下反应.md,chemy,06,化学原理,初赛,4,入池,,
04-题库/2026机构初赛模拟题/chemy/题-CM-108-07-画出以下合成中AI的结构简式.md,chemy,07,有机化学,初赛,4,弃卡,非目标模块,B
04-题库/2026机构初赛模拟题/chemy/题-CM-108-08-有机反应中不同的后处理方式可.md,chemy,08,有机化学,初赛,4,弃卡,非目标模块,B
04-题库/2026机构初赛模拟题/chemy/题-CM-108-09-2020年华中师范大学的吴安.md,chemy,09,有机化学,初赛,4,弃卡,非目标模块,B
04-题库/2026机构初赛模拟题/chemy/题-CM-108-10-以上合成路线中的试剂1可用以.md,chemy,10,有机化学,初赛,4,弃卡,非目标模块,B
04-题库/2026机构初赛模拟题/chemy/题-CM-109-01-1-13045g未知二元氢化.md,chemy,01,元素与分析,初赛,4,入池,,
04-题库/2026机构初赛模拟题/chemy/题-CM-109-02-低温下将用稀释的ClF气体缓.md,chemy,02,元素与分析,初赛,4,入池,,
04-题库/2026机构初赛模拟题/chemy/题-CM-109-03-蒎烯Pinene是一类含量丰.md,chemy,03,有机化学,初赛,4,弃卡,非目标模块,B
04-题库/2026机构初赛模拟题/chemy/题-CM-109-04-现有以下核素.md,chemy,04,元素与分析,初赛,4,入池,,
04-题库/2026机构初赛模拟题/chemy/题-CM-109-05-将和多聚甲醛溶于乙醇中搅拌均.md,chemy,05,结构化学,初赛,4,入池,,
04-题库/2026机构初赛模拟题/chemy/题-CM-109-06-利用配合物A可实现由向的转化.md,chemy,06,结构化学,初赛,4,入池,,
04-题库/2026机构初赛模拟题/chemy/题-CM-109-07-在一绝热量热计中装有一定量的.md,chemy,07,元素与分析,初赛,4,入池,,
04-题库/2026机构初赛模拟题/chemy/题-CM-109-08-8-1化合物的实际组成可表示.md,chemy,08,结构化学,初赛,4,入池,,
04-题库/2026机构初赛模拟题/chemy/题-CM-109-09-9-1葡萄糖仅考虑链状结构共.md,chemy,09,有机化学,初赛,4,弃卡,非目标模块,B
04-题库/2026机构初赛模拟题/chemy/题-CM-109-10-10-1通过以下反应得到了化.md,chemy,10,有机化学,初赛,4,弃卡,非目标模块,B
04-题库/2026机构初赛模拟题/chemy/题-CM-109-11-在室温以及碱存在下以下两化合.md,chemy,11,有机化学,初赛,4,弃卡,非目标模块,B
04-题库/2026机构初赛模拟题/chemy/题-CM-11-01-三氯化铬的四氢呋喃THF合物.md,chemy,01,有机化学,初赛,4,弃卡,非目标模块,B
04-题库/2026机构初赛模拟题/chemy/题-CM-11-02-将溴化铵与三溴化锑在浓溴化氢.md,chemy,02,结构化学,初赛,4,入池,,
04-题库/2026机构初赛模拟题/chemy/题-CM-11-03-称取05363g二氧化硒溶于.md,chemy,03,化学原理,初赛,4,入池,,
04-题库/2026机构初赛模拟题/chemy/题-CM-11-04-在冬季北极地区的温度可达到2.md,chemy,04,化学原理,初赛,4,入池,,
04-题库/2026机构初赛模拟题/chemy/题-CM-11-05-51在聚合物中柔顺性定义为高.md,chemy,05,有机化学,初赛,4,弃卡,非目标模块,B
04-题库/2026机构初赛模拟题/chemy/题-CM-11-06-61通过一些反应可以得到含有.md,chemy,06,化学原理,初赛,4,弃卡,有机章节,B
04-题库/2026机构初赛模拟题/chemy/题-CM-11-07-可以利用NO和气体在恒温恒压.md,chemy,07,化学原理,初赛,4,弃卡,越界（含他题内容）,A
04-题库/2026机构初赛模拟题/chemy/题-CM-11-08-逻辑门本身是处理一个或多个输.md,chemy,08,有机化学,初赛,4,弃卡,非目标模块,B
04-题库/2026机构初赛模拟题/chemy/题-CM-11-09-91胺的碱性与多种因素有关对.md,chemy,09,化学原理,初赛,4,弃卡,有机章节,B
04-题库/2026机构初赛模拟题/chemy/题-CM-11-10-2乙烯基氮杂环化合物和异氰酸.md,chemy,10,有机化学,初赛,4,弃卡,非目标模块,B
04-题库/2026机构初赛模拟题/chemy/题-CM-11-11-在环系结构和原子间位置合适时.md,chemy,11,有机化学,初赛,4,弃卡,非目标模块,B
04-题库/2026机构初赛模拟题/chemy/题-CM-110-01-1-1小分子X的化学式为已知.md,chemy,01,元素与分析,初赛,4,弃卡,有机章节,B
04-题库/2026机构初赛模拟题/chemy/题-CM-110-02-火星和金星是太阳系八大行星中.md,chemy,02,元素与分析,初赛,4,入池,,
04-题库/2026机构初赛模拟题/chemy/题-CM-110-03-在传统认知中元素X的化学性质.md,chemy,03,元素与分析,初赛,4,入池,,
04-题库/2026机构初赛模拟题/chemy/题-CM-110-04-构建基于定向非共价相互作用的.md,chemy,04,化学原理,初赛,4,弃卡,有机章节,B
04-题库/2026机构初赛模拟题/chemy/题-CM-110-05-贵金属纳米颗粒在催化传感医药.md,chemy,05,有机化学,初赛,4,弃卡,非目标模块,B
04-题库/2026机构初赛模拟题/chemy/题-CM-110-06-卟啉是一类由四个吡咯类亚基的.md,chemy,06,有机化学,初赛,4,弃卡,非目标模块,B
04-题库/2026机构初赛模拟题/chemy/题-CM-110-07-有机反应存在多种选择性发展研.md,chemy,07,有机化学,初赛,4,弃卡,非目标模块,B
04-题库/2026机构初赛模拟题/chemy/题-CM-110-08-8-1海人草酸XKainic.md,chemy,08,有机化学,初赛,4,弃卡,非目标模块,B
04-题库/2026机构初赛模拟题/chemy/题-CM-110-09-血浆肾素活性PRA在高血压的.md,chemy,09,有机化学,初赛,4,弃卡,非目标模块,B
04-题库/2026机构初赛模拟题/chemy/题-CM-111-01-元素WXYZ是同纵列元素它们.md,chemy,01,元素与分析,初赛,4,入池,,
04-题库/2026机构初赛模拟题/chemy/题-CM-111-02-2-1在化合物中两个硫原子的.md,chemy,02,结构化学,初赛,4,入池,,
04-题库/2026机构初赛模拟题/chemy/题-CM-111-03-3-1在C下焙烧无水草酸铈I.md,chemy,03,元素与分析,初赛,4,入池,,
04-题库/2026机构初赛模拟题/chemy/题-CM-111-04-将环戊二烯基二羰基钌二聚体溶.md,chemy,04,结构化学,初赛,4,弃卡,答案公式未转录,A
04-题库/2026机构初赛模拟题/chemy/题-CM-111-05-5-1某羧酸衍生物HR在甲苯.md,chemy,05,结构化学,初赛,4,弃卡,有机章节,B
04-题库/2026机构初赛模拟题/chemy/题-CM-111-06-常温常压下是一种分子晶体但人.md,chemy,06,结构化学,初赛,4,弃卡,有机章节,B
04-题库/2026机构初赛模拟题/chemy/题-CM-111-07-在高分子机械力化学中嵌入聚合.md,chemy,07,化学原理,初赛,4,弃卡,有机章节,B
04-题库/2026机构初赛模拟题/chemy/题-CM-111-08-8-1将以下正离子按稳定性从.md,chemy,08,有机化学,初赛,4,弃卡,非目标模块,B
04-题库/2026机构初赛模拟题/chemy/题-CM-111-09-有以下一种合成吡啶衍生物的方.md,chemy,09,有机化学,初赛,4,弃卡,非目标模块,B
04-题库/2026机构初赛模拟题/chemy/题-CM-111-10-10-1以下反应生成了互为同.md,chemy,10,元素与分析,初赛,4,入池,,
04-题库/2026机构初赛模拟题/chemy/题-CM-113-01-元素X在宇宙中丰度排名第七位.md,chemy,01,结构化学,初赛,4,入池,,
04-题库/2026机构初赛模拟题/chemy/题-CM-113-02-五氘代吡啶作答时可直接用py.md,chemy,02,化学原理,初赛,4,弃卡,有机章节,B
04-题库/2026机构初赛模拟题/chemy/题-CM-113-03-亚氨基硼烷RB≡NR和炔是等.md,chemy,03,元素与分析,初赛,4,入池,,
04-题库/2026机构初赛模拟题/chemy/题-CM-113-04-氢键是一种次级键其在多个领域.md,chemy,04,有机化学,初赛,4,弃卡,非目标模块,B
04-题库/2026机构初赛模拟题/chemy/题-CM-113-05-酰胺由于存在具有较高的稳定性.md,chemy,05,有机化学,初赛,4,弃卡,非目标模块,B
04-题库/2026机构初赛模拟题/chemy/题-CM-113-06-三氟甲基是高电负性基团同时可.md,chemy,06,有机化学,初赛,4,弃卡,非目标模块,B
04-题库/2026机构初赛模拟题/chemy/题-CM-113-07-天然产物全合成是有机化学最为.md,chemy,07,有机化学,初赛,4,弃卡,非目标模块,B
04-题库/2026机构初赛模拟题/chemy/题-CM-116-01-请根据所给条件按照要求书写化.md,chemy,01,元素与分析,初赛,4,弃卡,题面含竞赛真题特征,B
04-题库/2026机构初赛模拟题/chemy/题-CM-116-02-双原子分子是一个有趣的物种由.md,chemy,02,结构化学,初赛,4,弃卡,题面含竞赛真题特征,B
04-题库/2026机构初赛模拟题/chemy/题-CM-116-03-石膏废料的还原是重要的工业过.md,chemy,03,化学原理,初赛,4,弃卡,题面含竞赛真题特征,B
04-题库/2026机构初赛模拟题/chemy/题-CM-116-04-4-1是一种新型光催化剂其阴.md,chemy,04,结构化学,初赛,4,弃卡,题面含竞赛真题特征,B
04-题库/2026机构初赛模拟题/chemy/题-CM-116-05-5-1将聚乙烯纺织物浸渍在下.md,chemy,05,有机化学,初赛,4,弃卡,非目标模块,B
04-题库/2026机构初赛模拟题/chemy/题-CM-116-06-某晶体属六方晶系晶胞参数晶胞.md,chemy,06,结构化学,初赛,4,弃卡,题面含竞赛真题特征,B
04-题库/2026机构初赛模拟题/chemy/题-CM-116-07-7-1请画出八面体配离子的所.md,chemy,07,结构化学,初赛,4,弃卡,题面含竞赛真题特征,B
04-题库/2026机构初赛模拟题/chemy/题-CM-116-08-β-消除反应是有机化学中最为.md,chemy,08,有机化学,初赛,4,弃卡,非目标模块,B
04-题库/2026机构初赛模拟题/chemy/题-CM-116-09-天然产物Leuhistin是.md,chemy,09,有机化学,初赛,4,弃卡,非目标模块,B
04-题库/2026机构初赛模拟题/chemy/题-CM-116-10-叠氮化合物具有一定程度的亲核.md,chemy,10,有机化学,初赛,4,弃卡,非目标模块,B
04-题库/2026机构初赛模拟题/chemy/题-CM-117-01-1-1在由过渡金属元素A和短.md,chemy,01,元素与分析,初赛,4,弃卡,题面含竞赛真题特征,B
04-题库/2026机构初赛模拟题/chemy/题-CM-117-02-硼氧双键具有较高的反应活性其.md,chemy,02,元素与分析,初赛,4,弃卡,题面含竞赛真题特征,B
04-题库/2026机构初赛模拟题/chemy/题-CM-117-03-3-1化合物为金红石结构的四.md,chemy,03,结构化学,初赛,4,弃卡,题面含竞赛真题特征,B
04-题库/2026机构初赛模拟题/chemy/题-CM-117-04-硅酸盐水泥中含有少量的铝和铁.md,chemy,04,元素与分析,初赛,4,弃卡,题面含竞赛真题特征,B
04-题库/2026机构初赛模拟题/chemy/题-CM-117-05-催化剂的催化活性可由周转频率.md,chemy,05,有机化学,初赛,4,弃卡,非目标模块,B
04-题库/2026机构初赛模拟题/chemy/题-CM-117-06-DADB因其化学式为被命名为.md,chemy,06,结构化学,初赛,4,弃卡,题面含竞赛真题特征,B
04-题库/2026机构初赛模拟题/chemy/题-CM-117-07-在光化学串联反应中掺入金属C.md,chemy,07,有机化学,初赛,4,弃卡,非目标模块,B
04-题库/2026机构初赛模拟题/chemy/题-CM-117-08-8-1指出与的酸性何者更强.md,chemy,08,有机化学,初赛,4,弃卡,非目标模块,B
04-题库/2026机构初赛模拟题/chemy/题-CM-117-09-现有如下反应.md,chemy,09,有机化学,初赛,4,弃卡,非目标模块,B
04-题库/2026机构初赛模拟题/chemy/题-CM-117-10-利用环加成反应可实现一些有机.md,chemy,10,有机化学,初赛,4,弃卡,非目标模块,B
04-题库/2026机构初赛模拟题/chemy/题-CM-119-01-二十世纪五六十年代Bluse.md,chemy,01,元素与分析,初赛,4,弃卡,题面含竞赛真题特征,B
04-题库/2026机构初赛模拟题/chemy/题-CM-119-02-元素X的单质一般不溶于非氧化.md,chemy,02,元素与分析,初赛,4,弃卡,题面含竞赛真题特征,B
04-题库/2026机构初赛模拟题/chemy/题-CM-119-03-熔岩是指火山喷发出来的融化岩.md,chemy,03,元素与分析,初赛,4,弃卡,题面含竞赛真题特征,B
04-题库/2026机构初赛模拟题/chemy/题-CM-119-04-某配阴离子的水合钡盐X在氧气.md,chemy,04,元素与分析,初赛,4,弃卡,题面含竞赛真题特征,B
04-题库/2026机构初赛模拟题/chemy/题-CM-119-05-金哥哥研究了一篇名为《NaO.md,chemy,05,元素与分析,初赛,4,弃卡,题面含竞赛真题特征,B
04-题库/2026机构初赛模拟题/chemy/题-CM-119-06-X型沸石ZeoliteX可视.md,chemy,06,结构化学,初赛,4,弃卡,题面含竞赛真题特征,B
04-题库/2026机构初赛模拟题/chemy/题-CM-119-07-7-1Sulflower是一.md,chemy,07,有机化学,初赛,4,弃卡,非目标模块,B
04-题库/2026机构初赛模拟题/chemy/题-CM-119-08-8-1已知如下反应前两步为在.md,chemy,08,有机化学,初赛,4,弃卡,非目标模块,B
04-题库/2026机构初赛模拟题/chemy/题-CM-119-09-9-1如下反应为合成茉莉酮中.md,chemy,09,有机化学,初赛,4,弃卡,非目标模块,B
04-题库/2026机构初赛模拟题/chemy/题-CM-119-10-张志昊写出了24种点阵形式选.md,chemy,10,结构化学,初赛,4,弃卡,题面含竞赛真题特征,B
04-题库/2026机构初赛模拟题/chemy/题-CM-12-01-第四周期金属元素X和第二周期.md,chemy,01,结构化学,初赛,4,入池,,
04-题库/2026机构初赛模拟题/chemy/题-CM-12-02-如下图所示在二氯甲烷溶液中分.md,chemy,02,化学原理,初赛,4,入池,,
04-题库/2026机构初赛模拟题/chemy/题-CM-12-03-31有机化学中炔基正离子是一.md,chemy,03,有机化学,初赛,4,弃卡,非目标模块,B
04-题库/2026机构初赛模拟题/chemy/题-CM-12-04-41雌黄雄黄均是砷的硫化物矿.md,chemy,04,化学原理,初赛,4,入池,,
04-题库/2026机构初赛模拟题/chemy/题-CM-12-05-DNA碱基之间的特异性配对即.md,chemy,05,结构化学,初赛,4,弃卡,越界（含他题内容）,A
04-题库/2026机构初赛模拟题/chemy/题-CM-12-06-在乙腈中将和三苯基环丙烯基氯.md,chemy,06,有机化学,初赛,4,弃卡,非目标模块,B
04-题库/2026机构初赛模拟题/chemy/题-CM-12-07-71近年人们发现高压下可以制.md,chemy,07,结构化学,初赛,4,入池,,
04-题库/2026机构初赛模拟题/chemy/题-CM-12-08-81一般地可通过化学键均裂时.md,chemy,08,化学原理,初赛,4,弃卡,有机章节,B
04-题库/2026机构初赛模拟题/chemy/题-CM-12-09-周环反应是一种没有明显电性的.md,chemy,09,有机化学,初赛,4,弃卡,非目标模块,B
04-题库/2026机构初赛模拟题/chemy/题-CM-12-10-101通过高价碘试剂能将对位.md,chemy,10,有机化学,初赛,4,弃卡,非目标模块,B
04-题库/2026机构初赛模拟题/chemy/题-CM-121-01-1-1HMnCO与重氮甲烷反.md,chemy,01,元素与分析,初赛,4,弃卡,题面含竞赛真题特征,B
04-题库/2026机构初赛模拟题/chemy/题-CM-121-02-2000年PhilipBou.md,chemy,02,结构化学,初赛,4,弃卡,题面含竞赛真题特征,B
04-题库/2026机构初赛模拟题/chemy/题-CM-121-03-将100molL的硫酸铜溶液.md,chemy,03,元素与分析,初赛,4,弃卡,题面含竞赛真题特征,B
04-题库/2026机构初赛模拟题/chemy/题-CM-121-04-2000年PeterHofm.md,chemy,04,结构化学,初赛,4,弃卡,题面含竞赛真题特征,B
04-题库/2026机构初赛模拟题/chemy/题-CM-121-05-通过如下反应可以合成一种四齿.md,chemy,05,结构化学,初赛,4,弃卡,题面含竞赛真题特征,B
04-题库/2026机构初赛模拟题/chemy/题-CM-121-06-2000年H-LKeller.md,chemy,06,结构化学,初赛,4,弃卡,题面含竞赛真题特征,B
04-题库/2026机构初赛模拟题/chemy/题-CM-121-07-1991年AlfredSch.md,chemy,07,结构化学,初赛,4,弃卡,题面含竞赛真题特征,B
04-题库/2026机构初赛模拟题/chemy/题-CM-121-08-Ramburg-Backlu.md,chemy,08,有机化学,初赛,4,弃卡,非目标模块,B
04-题库/2026机构初赛模拟题/chemy/题-CM-121-09-9-1现有以下一个反应.md,chemy,09,有机化学,初赛,4,弃卡,非目标模块,B
04-题库/2026机构初赛模拟题/chemy/题-CM-121-10-2005年APadwa教授课.md,chemy,10,结构化学,初赛,4,弃卡,题面含竞赛真题特征,B
04-题库/2026机构初赛模拟题/chemy/题-CM-122-01-1-1Roussin红盐是法.md,chemy,01,结构化学,初赛,4,入池,,
04-题库/2026机构初赛模拟题/chemy/题-CM-122-02-2-1在地球的演变过程中岩石.md,chemy,02,元素与分析,初赛,4,入池,,
04-题库/2026机构初赛模拟题/chemy/题-CM-122-03-3-1聚合物在一个单元上选择.md,chemy,03,有机化学,初赛,4,弃卡,非目标模块,B
04-题库/2026机构初赛模拟题/chemy/题-CM-122-04-X是元素M的金属有机化合物只.md,chemy,04,元素与分析,初赛,4,弃卡,有机章节,B
04-题库/2026机构初赛模拟题/chemy/题-CM-122-05-5-1化合物A可发生二聚形成.md,chemy,05,结构化学,初赛,4,弃卡,有机章节,B
04-题库/2026机构初赛模拟题/chemy/题-CM-122-06-红砷镍矿NiAs的结构是一种.md,chemy,06,结构化学,初赛,4,入池,,
04-题库/2026机构初赛模拟题/chemy/题-CM-122-07-7-1化合物A结构如下图所示.md,chemy,07,有机化学,初赛,4,弃卡,非目标模块,B
04-题库/2026机构初赛模拟题/chemy/题-CM-122-08-8-1自由基重排反应能实现并.md,chemy,08,有机化学,初赛,4,弃卡,非目标模块,B
04-题库/2026机构初赛模拟题/chemy/题-CM-122-09-9-1-PepluanolA.md,chemy,09,有机化学,初赛,4,弃卡,非目标模块,B
04-题库/2026机构初赛模拟题/chemy/题-CM-123-01-1-1氰化氢在液态可形成多聚.md,chemy,01,结构化学,初赛,4,弃卡,题面含竞赛真题特征,B
04-题库/2026机构初赛模拟题/chemy/题-CM-123-02-M是一种在地壳中分布分散的金.md,chemy,02,元素与分析,初赛,4,弃卡,题面含竞赛真题特征,B
04-题库/2026机构初赛模拟题/chemy/题-CM-123-03-Fremy盐得名于法国化学家.md,chemy,03,有机化学,初赛,4,弃卡,非目标模块,B
04-题库/2026机构初赛模拟题/chemy/题-CM-123-04-利用偶氮二异丁腈AIBN结构.md,chemy,04,结构化学,初赛,4,弃卡,题面含竞赛真题特征,B
04-题库/2026机构初赛模拟题/chemy/题-CM-123-05-5-1如下所示是一种新型的二.md,chemy,05,结构化学,初赛,4,弃卡,题面含竞赛真题特征,B
04-题库/2026机构初赛模拟题/chemy/题-CM-123-06-6-1一氧化碳分子可发生迁移.md,chemy,06,有机化学,初赛,4,弃卡,非目标模块,B
04-题库/2026机构初赛模拟题/chemy/题-CM-123-07-利用手性助剂可实现双键不对称.md,chemy,07,有机化学,初赛,4,弃卡,非目标模块,B
04-题库/2026机构初赛模拟题/chemy/题-CM-123-08-1999年HWMoore课题.md,chemy,08,有机化学,初赛,4,弃卡,非目标模块,B
04-题库/2026机构初赛模拟题/chemy/题-CM-123-09-9-1通过以下反应得到了三种.md,chemy,09,有机化学,初赛,4,弃卡,非目标模块,B
04-题库/2026机构初赛模拟题/chemy/题-CM-123-10-奠是萘的同分异构体奠环体系的.md,chemy,10,有机化学,初赛,4,弃卡,非目标模块,B
04-题库/2026机构初赛模拟题/chemy/题-CM-124-01-1-1用焦炭还原重晶石得到第.md,chemy,01,结构化学,初赛,4,弃卡,题面含竞赛真题特征,B
04-题库/2026机构初赛模拟题/chemy/题-CM-124-02-将溶于沸水中再加入加热搅拌使.md,chemy,02,结构化学,初赛,4,弃卡,题面含竞赛真题特征,B
04-题库/2026机构初赛模拟题/chemy/题-CM-124-03-用气体X还原缺陷氧化物可得到.md,chemy,03,结构化学,初赛,4,弃卡,题面含竞赛真题特征,B
04-题库/2026机构初赛模拟题/chemy/题-CM-124-04-第二次世界大战中德国和苏联分.md,chemy,04,结构化学,初赛,4,弃卡,题面含竞赛真题特征,B
04-题库/2026机构初赛模拟题/chemy/题-CM-124-05-将03606g未知铁氧化物样.md,chemy,05,结构化学,初赛,4,弃卡,题面含竞赛真题特征,B
04-题库/2026机构初赛模拟题/chemy/题-CM-124-06-6-1检验-氨基酸灵敏且最简.md,chemy,06,有机化学,初赛,4,弃卡,非目标模块,B
04-题库/2026机构初赛模拟题/chemy/题-CM-124-07-DNA有四种脱氧核苷腺嘌呤脱.md,chemy,07,有机化学,初赛,4,弃卡,非目标模块,B
04-题库/2026机构初赛模拟题/chemy/题-CM-124-08-如下为口服青霉素类似物TA-.md,chemy,08,结构化学,初赛,4,弃卡,题面含竞赛真题特征,B
04-题库/2026机构初赛模拟题/chemy/题-CM-124-09-在微波促进下实现了异氰酸酯与.md,chemy,09,有机化学,初赛,4,弃卡,非目标模块,B
04-题库/2026机构初赛模拟题/chemy/题-CM-124-10-1966年Hikino等人首.md,chemy,10,有机化学,初赛,4,弃卡,非目标模块,B
04-题库/2026机构初赛模拟题/chemy/题-CM-124-11-11-1葱环系的合成有许多方.md,chemy,11,有机化学,初赛,4,弃卡,非目标模块,B
04-题库/2026机构初赛模拟题/chemy/题-CM-125-01-1-1在盐酸溶液中通入少量生.md,chemy,01,元素与分析,初赛,4,弃卡,题面含竞赛真题特征,B
04-题库/2026机构初赛模拟题/chemy/题-CM-125-02-下图为酸性溶液中氮元素的La.md,chemy,02,元素与分析,初赛,4,弃卡,题面含竞赛真题特征,B
04-题库/2026机构初赛模拟题/chemy/题-CM-125-03-二维材料展现出许多奇特的性质.md,chemy,03,结构化学,初赛,4,弃卡,题面含竞赛真题特征,B
04-题库/2026机构初赛模拟题/chemy/题-CM-125-04-609g元素A的单质与元素B.md,chemy,04,元素与分析,初赛,4,弃卡,题面含竞赛真题特征,B
04-题库/2026机构初赛模拟题/chemy/题-CM-125-05-将不含结晶水的不溶性无色盐A.md,chemy,05,结构化学,初赛,4,弃卡,题面含竞赛真题特征,B
04-题库/2026机构初赛模拟题/chemy/题-CM-125-06-下图为理想钙钛矿的立体结构图.md,chemy,06,结构化学,初赛,4,弃卡,题面含竞赛真题特征,B
04-题库/2026机构初赛模拟题/chemy/题-CM-125-07-将醋酸乙烯酯与乙烯的共聚物用.md,chemy,07,有机化学,初赛,4,弃卡,非目标模块,B
04-题库/2026机构初赛模拟题/chemy/题-CM-125-08-8-1现有如下反应.md,chemy,08,有机化学,初赛,4,弃卡,非目标模块,B
04-题库/2026机构初赛模拟题/chemy/题-CM-125-09-9-1以下反应别具一格的引入.md,chemy,09,有机化学,初赛,4,弃卡,非目标模块,B
04-题库/2026机构初赛模拟题/chemy/题-CM-125-10-MartinsSulfura.md,chemy,10,有机化学,初赛,4,弃卡,非目标模块,B
04-题库/2026机构初赛模拟题/chemy/题-CM-126-01-元素硒是生命必需的微量元素之.md,chemy,01,结构化学,初赛,4,弃卡,有机章节,B
04-题库/2026机构初赛模拟题/chemy/题-CM-126-02-通过以下实验研究了卤素离子-.md,chemy,02,化学原理,初赛,4,入池,,
04-题库/2026机构初赛模拟题/chemy/题-CM-126-03-金属氯化物具有丰富多彩的结构.md,chemy,03,结构化学,初赛,4,入池,,
04-题库/2026机构初赛模拟题/chemy/题-CM-126-04-4-1有一种针对水蒸气的稳流.md,chemy,04,化学原理,初赛,4,入池,,
04-题库/2026机构初赛模拟题/chemy/题-CM-126-05-杯芳烃是由对烷基酚与甲醛在一.md,chemy,05,有机化学,初赛,4,弃卡,非目标模块,B
04-题库/2026机构初赛模拟题/chemy/题-CM-126-06-小心控制乙硼烷的气相热解反应.md,chemy,06,化学原理,初赛,4,入池,,
04-题库/2026机构初赛模拟题/chemy/题-CM-126-07-7-1L-山梨醇是D-葡萄糖.md,chemy,07,有机化学,初赛,4,弃卡,非目标模块,B
04-题库/2026机构初赛模拟题/chemy/题-CM-126-08-天然产物Roseophili.md,chemy,08,有机化学,初赛,4,弃卡,非目标模块,B
04-题库/2026机构初赛模拟题/chemy/题-CM-126-09-在或催化剂作用下炔烃可被转化.md,chemy,09,有机化学,初赛,4,弃卡,非目标模块,B
04-题库/2026机构初赛模拟题/chemy/题-CM-127-01-CO是配合物中的常见配体18.md,chemy,01,结构化学,初赛,4,入池,,
04-题库/2026机构初赛模拟题/chemy/题-CM-127-02-臭氧是一类人类生活生产以及研.md,chemy,02,化学原理,初赛,4,弃卡,有机章节,B
04-题库/2026机构初赛模拟题/chemy/题-CM-127-03-1706年柏林布商Diesb.md,chemy,03,元素与分析,初赛,4,入池,,
04-题库/2026机构初赛模拟题/chemy/题-CM-127-04-由于乙酸酐沸点比乙酸更高所以.md,chemy,04,化学原理,初赛,4,弃卡,越界（含他题内容）,A
04-题库/2026机构初赛模拟题/chemy/题-CM-127-05-在常压下由于碳半径小以及大键.md,chemy,05,结构化学,初赛,4,入池,,
04-题库/2026机构初赛模拟题/chemy/题-CM-127-06-活性聚合指无终止无转移引发速.md,chemy,06,有机化学,初赛,4,弃卡,非目标模块,B
04-题库/2026机构初赛模拟题/chemy/题-CM-127-07-7-1下面两种底物哪一种与马.md,chemy,07,有机化学,初赛,4,弃卡,非目标模块,B
04-题库/2026机构初赛模拟题/chemy/题-CM-127-08-自1977年Kagan引入S.md,chemy,08,有机化学,初赛,4,弃卡,非目标模块,B
04-题库/2026机构初赛模拟题/chemy/题-CM-127-09-有机催化或称为小分子催化这一.md,chemy,09,有机化学,初赛,4,弃卡,非目标模块,B
04-题库/2026机构初赛模拟题/chemy/题-CM-128-01-1-1硫酸钙与焦炭在1700.md,chemy,01,元素与分析,初赛,4,入池,,
04-题库/2026机构初赛模拟题/chemy/题-CM-128-02-XY两种元素位于元素周期表的.md,chemy,02,有机化学,初赛,4,弃卡,非目标模块,B
04-题库/2026机构初赛模拟题/chemy/题-CM-128-03-一些大位阻卡宾稳定的低配位数.md,chemy,03,元素与分析,初赛,4,弃卡,有机章节,B
04-题库/2026机构初赛模拟题/chemy/题-CM-128-04-4-1铜与金能形成合金ABC.md,chemy,04,结构化学,初赛,4,入池,,
04-题库/2026机构初赛模拟题/chemy/题-CM-128-05-亲金作用AuAu次级键是一种.md,chemy,05,元素与分析,初赛,4,入池,,
04-题库/2026机构初赛模拟题/chemy/题-CM-128-06-乙硼烷在燃烧时放出巨大的热量.md,chemy,06,元素与分析,初赛,4,入池,,
04-题库/2026机构初赛模拟题/chemy/题-CM-128-07-寻找能够用于生物体内的分子并.md,chemy,07,结构化学,初赛,4,入池,,
04-题库/2026机构初赛模拟题/chemy/题-CM-128-08-盐酸哌甲酯又称利他林Rita.md,chemy,08,有机化学,初赛,4,弃卡,非目标模块,B
04-题库/2026机构初赛模拟题/chemy/题-CM-128-09-9-1通过以下反应得到了盐类.md,chemy,09,有机化学,初赛,4,弃卡,非目标模块,B
04-题库/2026机构初赛模拟题/chemy/题-CM-128-10-利用光照可实现形式上的42反.md,chemy,10,有机化学,初赛,4,弃卡,非目标模块,B
04-题库/2026机构初赛模拟题/chemy/题-CM-128-11-氧自由基作为一种缺电子的高活.md,chemy,11,有机化学,初赛,4,弃卡,非目标模块,B
04-题库/2026机构初赛模拟题/chemy/题-CM-128-12-阿司匹林的有效成分是乙酰水杨.md,chemy,12,元素与分析,初赛,4,入池,,
04-题库/2026机构初赛模拟题/chemy/题-CM-128-13-用以下方法计算铅锡合金中Pb.md,chemy,13,元素与分析,初赛,4,入池,,
04-题库/2026机构初赛模拟题/chemy/题-CM-128-14-使用EDTA进行络合滴定时最.md,chemy,14,化学原理,初赛,4,入池,,
04-题库/2026机构初赛模拟题/chemy/题-CM-129-01-三环克拉维酮是从一种草皮珊瑚.md,chemy,01,有机化学,初赛,4,弃卡,非目标模块,B
04-题库/2026机构初赛模拟题/chemy/题-CM-129-02-有X和Y两种未知元素且原子序.md,chemy,02,结构化学,初赛,4,弃卡,题面含竞赛真题特征,B
04-题库/2026机构初赛模拟题/chemy/题-CM-129-03-向和KCl的混合固体中通入并.md,chemy,03,结构化学,初赛,4,弃卡,题面含竞赛真题特征,B
04-题库/2026机构初赛模拟题/chemy/题-CM-129-04-4-1以下苯甲酸酯化合物在加.md,chemy,04,有机化学,初赛,4,弃卡,非目标模块,B
04-题库/2026机构初赛模拟题/chemy/题-CM-129-05-5-1一些难溶盐可在含络离子.md,chemy,05,元素与分析,初赛,4,弃卡,题面含竞赛真题特征,B
04-题库/2026机构初赛模拟题/chemy/题-CM-129-06-6-1如下图所示在金属M的氧.md,chemy,06,结构化学,初赛,4,弃卡,题面含竞赛真题特征,B
04-题库/2026机构初赛模拟题/chemy/题-CM-129-07-利用为苯基与重氮化合物的反应.md,chemy,07,结构化学,初赛,4,弃卡,题面含竞赛真题特征,B
04-题库/2026机构初赛模拟题/chemy/题-CM-129-08-8-1以下化合物在对甲苯磺酸.md,chemy,08,有机化学,初赛,4,弃卡,非目标模块,B
04-题库/2026机构初赛模拟题/chemy/题-CM-129-09-9-1利用硫酸-二氧化硫水溶.md,chemy,09,元素与分析,初赛,4,弃卡,题面含竞赛真题特征,B
04-题库/2026机构初赛模拟题/chemy/题-CM-129-10-向金属氯化物的四氢呋喃THF.md,chemy,10,结构化学,初赛,4,弃卡,题面含竞赛真题特征,B
04-题库/2026机构初赛模拟题/chemy/题-CM-13-01-有些过渡金属的阳离子在水溶液.md,chemy,01,化学原理,初赛,4,弃卡,有机章节,B
04-题库/2026机构初赛模拟题/chemy/题-CM-13-02-通过和混合加热可制得钙钛矿型.md,chemy,02,元素与分析,初赛,4,入池,,
04-题库/2026机构初赛模拟题/chemy/题-CM-13-03-在下的二甲基甲酰胺溶剂中带有.md,chemy,03,有机化学,初赛,4,弃卡,非目标模块,B
04-题库/2026机构初赛模拟题/chemy/题-CM-13-04-Ru的配合物X组成为其中dp.md,chemy,04,结构化学,初赛,4,入池,,
04-题库/2026机构初赛模拟题/chemy/题-CM-13-05-人们研究了一系列化学式为其中.md,chemy,05,结构化学,初赛,4,弃卡,越界（含他题内容）,A
04-题库/2026机构初赛模拟题/chemy/题-CM-13-06-可以通过吸附法测定某微球硅酸.md,chemy,06,化学原理,初赛,4,弃卡,有机章节,B
04-题库/2026机构初赛模拟题/chemy/题-CM-13-07-黄铁矿是一种二硫化物矿物化学.md,chemy,07,结构化学,初赛,4,弃卡,有机章节,B
04-题库/2026机构初赛模拟题/chemy/题-CM-13-08-81酰胺的CN键会产生顺反异.md,chemy,08,化学原理,初赛,4,弃卡,有机章节,B
04-题库/2026机构初赛模拟题/chemy/题-CM-13-09-在右图所示的Grubbs催化.md,chemy,09,有机化学,初赛,4,弃卡,非目标模块,B
04-题库/2026机构初赛模拟题/chemy/题-CM-13-10-骨架编辑被认为在药物开发中有.md,chemy,10,有机化学,初赛,4,弃卡,非目标模块,B
04-题库/2026机构初赛模拟题/chemy/题-CM-135-01-1-1离子化合物由四种元素组.md,chemy,01,结构化学,初赛,4,弃卡,题面含竞赛真题特征,B
04-题库/2026机构初赛模拟题/chemy/题-CM-135-02-纯的A是一种无色液体具有强吸.md,chemy,02,元素与分析,初赛,4,弃卡,题面含竞赛真题特征,B
04-题库/2026机构初赛模拟题/chemy/题-CM-135-03-对于离子含量很低的体系往往需.md,chemy,03,元素与分析,初赛,4,弃卡,题面含竞赛真题特征,B
04-题库/2026机构初赛模拟题/chemy/题-CM-135-04-是一种重要的无机化合物在硼酸.md,chemy,04,结构化学,初赛,4,弃卡,题面含竞赛真题特征,B
04-题库/2026机构初赛模拟题/chemy/题-CM-135-05-一含钴配合物体系内存在两个物.md,chemy,05,元素与分析,初赛,4,弃卡,题面含竞赛真题特征,B
04-题库/2026机构初赛模拟题/chemy/题-CM-135-06-由于共价键的不可逆性传统聚合.md,chemy,06,有机化学,初赛,4,弃卡,非目标模块,B
04-题库/2026机构初赛模拟题/chemy/题-CM-135-07-美国芝加哥大学一课题组研究了.md,chemy,07,有机化学,初赛,4,弃卡,非目标模块,B
04-题库/2026机构初赛模拟题/chemy/题-CM-135-08-吡啶环上的亲电取代反应条件较.md,chemy,08,有机化学,初赛,4,弃卡,非目标模块,B
04-题库/2026机构初赛模拟题/chemy/题-CM-135-09-近年来对氨基酸进行同位素标记.md,chemy,09,有机化学,初赛,4,弃卡,非目标模块,B
04-题库/2026机构初赛模拟题/chemy/题-CM-137-01-1-1在离子中As的配位几何.md,chemy,01,结构化学,初赛,4,弃卡,题面含竞赛真题特征,B
04-题库/2026机构初赛模拟题/chemy/题-CM-137-02-2-1在水溶液中酸性高锰酸钾.md,chemy,02,元素与分析,初赛,4,弃卡,题面含竞赛真题特征,B
04-题库/2026机构初赛模拟题/chemy/题-CM-137-03-含硅化合物A的分子式为可通过.md,chemy,03,结构化学,初赛,4,弃卡,题面含竞赛真题特征,B
04-题库/2026机构初赛模拟题/chemy/题-CM-137-04-近期科研人员通过计算预测了一.md,chemy,04,结构化学,初赛,4,弃卡,题面含竞赛真题特征,B
04-题库/2026机构初赛模拟题/chemy/题-CM-137-05-1950年Byström在银.md,chemy,05,元素与分析,初赛,4,弃卡,题面含竞赛真题特征,B
04-题库/2026机构初赛模拟题/chemy/题-CM-137-06-一些配合物在适当的可控外界条.md,chemy,06,结构化学,初赛,4,弃卡,题面含竞赛真题特征,B
04-题库/2026机构初赛模拟题/chemy/题-CM-137-07-弱相互作用的强度要比共价键小.md,chemy,07,有机化学,初赛,4,弃卡,非目标模块,B
04-题库/2026机构初赛模拟题/chemy/题-CM-137-08-2022年科学家报道了一种合.md,chemy,08,有机化学,初赛,4,弃卡,非目标模块,B
04-题库/2026机构初赛模拟题/chemy/题-CM-137-09-9-1一些过渡金属化合物能催.md,chemy,09,有机化学,初赛,4,弃卡,非目标模块,B
04-题库/2026机构初赛模拟题/chemy/题-CM-137-10-环蕃cyclophane由一.md,chemy,10,有机化学,初赛,4,弃卡,非目标模块,B
04-题库/2026机构初赛模拟题/chemy/题-CM-138-01-1-1氯铂酸铵在C分解产生顺.md,chemy,01,元素与分析,初赛,4,入池,,
04-题库/2026机构初赛模拟题/chemy/题-CM-138-02-2-1NaOCP的一种制备方.md,chemy,02,元素与分析,初赛,4,弃卡,越界（含他题内容）,A
04-题库/2026机构初赛模拟题/chemy/题-CM-138-03-元素X常用于制备半导体最经典.md,chemy,03,元素与分析,初赛,4,入池,,
04-题库/2026机构初赛模拟题/chemy/题-CM-138-04-有人设计了如下所示的热机试图.md,chemy,04,结构化学,初赛,4,弃卡,越界（含他题内容）,A
04-题库/2026机构初赛模拟题/chemy/题-CM-138-05-5-1如图所示是化合物X的菱.md,chemy,05,结构化学,初赛,4,入池,,
04-题库/2026机构初赛模拟题/chemy/题-CM-138-06-fac-RebipyPR3C.md,chemy,06,化学原理,初赛,4,入池,,
04-题库/2026机构初赛模拟题/chemy/题-CM-138-07-质子酸参与的反应丰富多彩是有.md,chemy,07,有机化学,初赛,4,弃卡,非目标模块,B
04-题库/2026机构初赛模拟题/chemy/题-CM-138-08-作为一个具有5个碳原子的分子.md,chemy,08,有机化学,初赛,4,弃卡,非目标模块,B
04-题库/2026机构初赛模拟题/chemy/题-CM-138-09-观察下图所示合成路线并回答后.md,chemy,09,有机化学,初赛,4,弃卡,非目标模块,B
04-题库/2026机构初赛模拟题/chemy/题-CM-138-10-利用硫试剂可以实现A的环化反.md,chemy,10,有机化学,初赛,4,弃卡,非目标模块,B
04-题库/2026机构初赛模拟题/chemy/题-CM-139-01-1-1硫氰酸钾在较浓的硫酸中.md,chemy,01,元素与分析,初赛,4,弃卡,题面含竞赛真题特征,B
04-题库/2026机构初赛模拟题/chemy/题-CM-139-02-2-1在铼的配合物和中所有R.md,chemy,02,结构化学,初赛,4,弃卡,题面含竞赛真题特征,B
04-题库/2026机构初赛模拟题/chemy/题-CM-139-03-3-1乙酸在下高温裂解产物有.md,chemy,03,有机化学,初赛,4,弃卡,非目标模块,B
04-题库/2026机构初赛模拟题/chemy/题-CM-139-04-常压下碘单质的晶体结构为I相.md,chemy,04,结构化学,初赛,4,弃卡,题面含竞赛真题特征,B
04-题库/2026机构初赛模拟题/chemy/题-CM-139-05-在的水溶液中加入为乙二胺水溶.md,chemy,05,元素与分析,初赛,4,弃卡,题面含竞赛真题特征,B
04-题库/2026机构初赛模拟题/chemy/题-CM-139-06-利用分光光度法可测定一些有机.md,chemy,06,化学原理,初赛,4,弃卡,题面含竞赛真题特征,B
04-题库/2026机构初赛模拟题/chemy/题-CM-139-07-鲁米诺Luminol结构如右.md,chemy,07,结构化学,初赛,4,弃卡,题面含竞赛真题特征,B
04-题库/2026机构初赛模拟题/chemy/题-CM-139-08-采取电化学方法测定银离子与配.md,chemy,08,化学原理,初赛,4,弃卡,题面含竞赛真题特征,B
04-题库/2026机构初赛模拟题/chemy/题-CM-139-09-Forskolin是一种从亚.md,chemy,09,有机化学,初赛,4,弃卡,非目标模块,B
04-题库/2026机构初赛模拟题/chemy/题-CM-139-10-以下反应可一锅合成多取代的呋.md,chemy,10,有机化学,初赛,4,弃卡,非目标模块,B
04-题库/2026机构初赛模拟题/chemy/题-CM-139-11-产物的正确表征是论文发表的前.md,chemy,11,有机化学,初赛,4,弃卡,非目标模块,B
04-题库/2026机构初赛模拟题/chemy/题-CM-14-01-以硫和氮为骨架可以组成多种多.md,chemy,01,结构化学,初赛,4,入池,,
04-题库/2026机构初赛模拟题/chemy/题-CM-14-02-0时向饱和溶液中通入加入KO.md,chemy,02,化学原理,初赛,4,入池,,
04-题库/2026机构初赛模拟题/chemy/题-CM-14-03-由于与重卤原子的亲和性As的.md,chemy,03,结构化学,初赛,4,入池,,
04-题库/2026机构初赛模拟题/chemy/题-CM-14-04-第111号元素轮是第七周期超.md,chemy,04,化学原理,初赛,4,入池,,
04-题库/2026机构初赛模拟题/chemy/题-CM-14-05-在高温下含有七并五环系的芳稠.md,chemy,05,化学原理,初赛,4,弃卡,有机章节,B
04-题库/2026机构初赛模拟题/chemy/题-CM-14-06-硼和碳是周期表中唯二可形成大.md,chemy,06,结构化学,初赛,4,入池,,
04-题库/2026机构初赛模拟题/chemy/题-CM-14-07-键角是反映分子空间结构的重要.md,chemy,07,化学原理,初赛,4,入池,,
04-题库/2026机构初赛模拟题/chemy/题-CM-14-08-SculponinU是一种贝.md,chemy,08,有机化学,初赛,4,弃卡,非目标模块,B
04-题库/2026机构初赛模拟题/chemy/题-CM-14-09-早在1967年人们就已经成功.md,chemy,09,化学原理,初赛,4,入池,,
04-题库/2026机构初赛模拟题/chemy/题-CM-140-01-1-1六氟化铂与100kPa.md,chemy,01,元素与分析,初赛,4,弃卡,题面含竞赛真题特征,B
04-题库/2026机构初赛模拟题/chemy/题-CM-140-02-摩尔盐是一种蓝绿色的无机复盐.md,chemy,02,元素与分析,初赛,4,弃卡,题面含竞赛真题特征,B
04-题库/2026机构初赛模拟题/chemy/题-CM-140-03-单质X主要来源于辉钼矿等伴生.md,chemy,03,结构化学,初赛,4,弃卡,题面含竞赛真题特征,B
04-题库/2026机构初赛模拟题/chemy/题-CM-140-04-相比于氢气直接作为燃料使内燃.md,chemy,04,化学原理,初赛,4,弃卡,题面含竞赛真题特征,B
04-题库/2026机构初赛模拟题/chemy/题-CM-140-05-由于其金属-金属键的独特性质.md,chemy,05,结构化学,初赛,4,弃卡,题面含竞赛真题特征,B
04-题库/2026机构初赛模拟题/chemy/题-CM-140-06-通过对生物体微环境调节来控制.md,chemy,06,有机化学,初赛,4,弃卡,非目标模块,B
04-题库/2026机构初赛模拟题/chemy/题-CM-140-07-7-1质子型和非质子型偶极溶.md,chemy,07,有机化学,初赛,4,弃卡,非目标模块,B
04-题库/2026机构初赛模拟题/chemy/题-CM-140-08-15-6π电环化作为周环反应.md,chemy,08,有机化学,初赛,4,弃卡,非目标模块,B
04-题库/2026机构初赛模拟题/chemy/题-CM-140-09-桥330辛烷环系在天然产物中.md,chemy,09,有机化学,初赛,4,弃卡,非目标模块,B
04-题库/2026机构初赛模拟题/chemy/题-CM-141-01-1-1将高氙酸钡小心地加入到.md,chemy,01,元素与分析,初赛,4,弃卡,题面含竞赛真题特征,B
04-题库/2026机构初赛模拟题/chemy/题-CM-141-02-在一些有机配体存在下在水溶液.md,chemy,02,有机化学,初赛,4,弃卡,非目标模块,B
04-题库/2026机构初赛模拟题/chemy/题-CM-141-03-M为金属元素它能与一元有机酸.md,chemy,03,元素与分析,初赛,4,弃卡,题面含竞赛真题特征,B
04-题库/2026机构初赛模拟题/chemy/题-CM-141-04-在CO气氛下金属镁与碘化锰作.md,chemy,04,结构化学,初赛,4,弃卡,题面含竞赛真题特征,B
04-题库/2026机构初赛模拟题/chemy/题-CM-141-05-有一种镁和锰的复合氧化物可用.md,chemy,05,结构化学,初赛,4,弃卡,题面含竞赛真题特征,B
04-题库/2026机构初赛模拟题/chemy/题-CM-141-06-在惰性气氛下苯基锂的四氢呋喃.md,chemy,06,有机化学,初赛,4,弃卡,非目标模块,B
04-题库/2026机构初赛模拟题/chemy/题-CM-141-07-自由女神像由单质铜制成是法国.md,chemy,07,化学原理,初赛,4,弃卡,题面含竞赛真题特征,B
04-题库/2026机构初赛模拟题/chemy/题-CM-141-08-8-1选出以下各组结构中的优.md,chemy,08,有机化学,初赛,4,弃卡,非目标模块,B
04-题库/2026机构初赛模拟题/chemy/题-CM-141-09-通过环加成反应可以构建一些复.md,chemy,09,有机化学,初赛,4,弃卡,非目标模块,B
04-题库/2026机构初赛模拟题/chemy/题-CM-141-10-在研究炔烃与叠氮的反应时意外.md,chemy,10,元素与分析,初赛,4,弃卡,题面含竞赛真题特征,B
04-题库/2026机构初赛模拟题/chemy/题-CM-142-01-金属M及其化合物具有很强的毒.md,chemy,01,元素与分析,初赛,4,弃卡,题面含竞赛真题特征,B
04-题库/2026机构初赛模拟题/chemy/题-CM-142-02-碳与氮可以形成二维材料其在新.md,chemy,02,元素与分析,初赛,4,弃卡,题面含竞赛真题特征,B
04-题库/2026机构初赛模拟题/chemy/题-CM-142-03-3-1X是一种含有整数个结晶.md,chemy,03,元素与分析,初赛,4,弃卡,题面含竞赛真题特征,B
04-题库/2026机构初赛模拟题/chemy/题-CM-142-04-配体的结构往往是决定配合物性.md,chemy,04,结构化学,初赛,4,弃卡,题面含竞赛真题特征,B
04-题库/2026机构初赛模拟题/chemy/题-CM-142-05-易爆炸的橙红色晶体M在200.md,chemy,05,结构化学,初赛,4,弃卡,题面含竞赛真题特征,B
04-题库/2026机构初赛模拟题/chemy/题-CM-142-06-蛋白质具有丰富的层次结构正是.md,chemy,06,有机化学,初赛,4,弃卡,非目标模块,B
04-题库/2026机构初赛模拟题/chemy/题-CM-142-07-第7题.md,chemy,07,有机化学,初赛,4,弃卡,非目标模块,B
04-题库/2026机构初赛模拟题/chemy/题-CM-142-08-吡啶并嘧啶酮是一种重要的杂环.md,chemy,08,有机化学,初赛,4,弃卡,非目标模块,B
04-题库/2026机构初赛模拟题/chemy/题-CM-142-09-惰性键的活化是目前有机化学界.md,chemy,09,有机化学,初赛,4,弃卡,非目标模块,B
04-题库/2026机构初赛模拟题/chemy/题-CM-143-01-1-1通过以下反应可以制备一.md,chemy,01,有机化学,初赛,4,弃卡,非目标模块,B
04-题库/2026机构初赛模拟题/chemy/题-CM-143-02-研究表明在不同的pH下过氧化.md,chemy,02,元素与分析,初赛,4,弃卡,题面含竞赛真题特征,B
04-题库/2026机构初赛模拟题/chemy/题-CM-143-03-碳具有两种稳定核素除此之外还.md,chemy,03,化学原理,初赛,4,弃卡,题面含竞赛真题特征,B
04-题库/2026机构初赛模拟题/chemy/题-CM-143-04-长期以来平面四配位碳代表着一.md,chemy,04,结构化学,初赛,4,弃卡,题面含竞赛真题特征,B
04-题库/2026机构初赛模拟题/chemy/题-CM-143-05-在高温下利用一氧化硅SiO的.md,chemy,05,结构化学,初赛,4,弃卡,题面含竞赛真题特征,B
04-题库/2026机构初赛模拟题/chemy/题-CM-143-06-2010年NeilVasde.md,chemy,06,化学原理,初赛,4,弃卡,题面含竞赛真题特征,B
04-题库/2026机构初赛模拟题/chemy/题-CM-143-07-1979年TuvianShe.md,chemy,07,有机化学,初赛,4,弃卡,非目标模块,B
04-题库/2026机构初赛模拟题/chemy/题-CM-143-08-251F是从毒蛙皮肤分泌物中.md,chemy,08,有机化学,初赛,4,弃卡,非目标模块,B
04-题库/2026机构初赛模拟题/chemy/题-CM-143-09-二环111戊烷是苯的生物电子.md,chemy,09,有机化学,初赛,4,弃卡,非目标模块,B
04-题库/2026机构初赛模拟题/chemy/题-CM-143-10-在干燥的四氢呋喃中22-二溴.md,chemy,10,元素与分析,初赛,4,弃卡,题面含竞赛真题特征,B
04-题库/2026机构初赛模拟题/chemy/题-CM-144-01-1-1用三氯化金和四氧化三铅.md,chemy,01,化学原理,初赛,4,弃卡,题面含竞赛真题特征,B
04-题库/2026机构初赛模拟题/chemy/题-CM-144-02-2-1某种配体修饰的Cu配合.md,chemy,02,结构化学,初赛,4,弃卡,题面含竞赛真题特征,B
04-题库/2026机构初赛模拟题/chemy/题-CM-144-03-含锗的铂配合物A的分子式可以.md,chemy,03,结构化学,初赛,4,弃卡,题面含竞赛真题特征,B
04-题库/2026机构初赛模拟题/chemy/题-CM-144-04-一种含Cd的新型MOFs材料.md,chemy,04,结构化学,初赛,4,弃卡,题面含竞赛真题特征,B
04-题库/2026机构初赛模拟题/chemy/题-CM-144-05-从锂电池阴极材料中提取金属元.md,chemy,05,结构化学,初赛,4,弃卡,题面含竞赛真题特征,B
04-题库/2026机构初赛模拟题/chemy/题-CM-144-06-理想的三角十二面体不同于五角.md,chemy,06,结构化学,初赛,4,弃卡,题面含竞赛真题特征,B
04-题库/2026机构初赛模拟题/chemy/题-CM-144-07-光氧化还原Photoredo.md,chemy,07,有机化学,初赛,4,弃卡,非目标模块,B
04-题库/2026机构初赛模拟题/chemy/题-CM-144-08-8-1在第36届初赛中考察了.md,chemy,08,有机化学,初赛,4,弃卡,非目标模块,B
04-题库/2026机构初赛模拟题/chemy/题-CM-144-09-9-1含异腈基团的底物A能与.md,chemy,09,有机化学,初赛,4,弃卡,非目标模块,B
04-题库/2026机构初赛模拟题/chemy/题-CM-144-10-Benzoin反应是一种利用.md,chemy,10,有机化学,初赛,4,弃卡,非目标模块,B
04-题库/2026机构初赛模拟题/chemy/题-CM-145-01-1-1硫化亚铜可以与过量的硝.md,chemy,01,元素与分析,初赛,4,入池,,
04-题库/2026机构初赛模拟题/chemy/题-CM-145-02-273K下向含100g冰与1.md,chemy,02,化学原理,初赛,4,入池,,
04-题库/2026机构初赛模拟题/chemy/题-CM-145-03-在金属氟化物的晶体中四边形共.md,chemy,03,结构化学,初赛,4,入池,,
04-题库/2026机构初赛模拟题/chemy/题-CM-145-04-XY是同族元素其中X的名称与.md,chemy,04,元素与分析,初赛,4,入池,,
04-题库/2026机构初赛模拟题/chemy/题-CM-145-05-环氧化合物的分子内开环反应存.md,chemy,05,化学原理,初赛,4,入池,,
04-题库/2026机构初赛模拟题/chemy/题-CM-145-06-随着周期数的增加金属半径不断.md,chemy,06,结构化学,初赛,4,入池,,
04-题库/2026机构初赛模拟题/chemy/题-CM-145-07-与五六元环相比中环具有较大的.md,chemy,07,有机化学,初赛,4,弃卡,非目标模块,B
04-题库/2026机构初赛模拟题/chemy/题-CM-145-08-反式5并5环系具有比较高的环.md,chemy,08,有机化学,初赛,4,弃卡,非目标模块,B
04-题库/2026机构初赛模拟题/chemy/题-CM-145-09-1978年Magnus完成了.md,chemy,09,有机化学,初赛,4,弃卡,非目标模块,B
04-题库/2026机构初赛模拟题/chemy/题-CM-146-01-1-1《本草经集注》记载鸡屎.md,chemy,01,元素与分析,初赛,4,弃卡,题面含竞赛真题特征,B
04-题库/2026机构初赛模拟题/chemy/题-CM-146-02-2-1和以不同比例反应会得到.md,chemy,02,有机化学,初赛,4,弃卡,非目标模块,B
04-题库/2026机构初赛模拟题/chemy/题-CM-146-03-烷基碘化物可以与11-二氟乙.md,chemy,03,有机化学,初赛,4,弃卡,非目标模块,B
04-题库/2026机构初赛模拟题/chemy/题-CM-146-04-4-1是一种在下可以稳定存在.md,chemy,04,结构化学,初赛,4,弃卡,题面含竞赛真题特征,B
04-题库/2026机构初赛模拟题/chemy/题-CM-146-05-将溶于乙醇中并加入Htopc.md,chemy,05,有机化学,初赛,4,弃卡,非目标模块,B
04-题库/2026机构初赛模拟题/chemy/题-CM-146-06-在873K恒压100kPa条.md,chemy,06,结构化学,初赛,4,弃卡,题面含竞赛真题特征,B
04-题库/2026机构初赛模拟题/chemy/题-CM-146-07-钼的某种三元化合物X的晶体结.md,chemy,07,结构化学,初赛,4,弃卡,题面含竞赛真题特征,B
04-题库/2026机构初赛模拟题/chemy/题-CM-146-08-8-1-BuAlH简写为DI.md,chemy,08,有机化学,初赛,4,弃卡,非目标模块,B
04-题库/2026机构初赛模拟题/chemy/题-CM-146-09-9-1利用高价碘试剂可以实现.md,chemy,09,有机化学,初赛,4,弃卡,非目标模块,B
04-题库/2026机构初赛模拟题/chemy/题-CM-146-10-化合物P首先与TFAA反应紧.md,chemy,10,有机化学,初赛,4,弃卡,非目标模块,B
04-题库/2026机构初赛模拟题/chemy/题-CM-147-01-1-1在过去的几十年里化石燃.md,chemy,01,有机化学,初赛,4,弃卡,非目标模块,B
04-题库/2026机构初赛模拟题/chemy/题-CM-147-02-下图中化合物在的作用下与反应.md,chemy,02,有机化学,初赛,4,弃卡,非目标模块,B
04-题库/2026机构初赛模拟题/chemy/题-CM-147-03-3-1已知晶体属于六方晶系所.md,chemy,03,结构化学,初赛,4,弃卡,题面含竞赛真题特征,B
04-题库/2026机构初赛模拟题/chemy/题-CM-147-04-研究人员设计出了一种含杂多酸.md,chemy,04,有机化学,初赛,4,弃卡,非目标模块,B
04-题库/2026机构初赛模拟题/chemy/题-CM-147-05-配体L可作为螯合配体与多种金.md,chemy,05,结构化学,初赛,4,弃卡,题面含竞赛真题特征,B
04-题库/2026机构初赛模拟题/chemy/题-CM-147-06-一类金属配合物可起到类似酸的.md,chemy,06,元素与分析,初赛,4,弃卡,题面含竞赛真题特征,B
04-题库/2026机构初赛模拟题/chemy/题-CM-147-07-以下反应将降冰片烯醇一步转化.md,chemy,07,有机化学,初赛,4,弃卡,非目标模块,B
04-题库/2026机构初赛模拟题/chemy/题-CM-147-08-Pictet-Spengle.md,chemy,08,有机化学,初赛,4,弃卡,非目标模块,B
04-题库/2026机构初赛模拟题/chemy/题-CM-147-09-研究人员意外发现了如下反应.md,chemy,09,有机化学,初赛,4,弃卡,非目标模块,B
04-题库/2026机构初赛模拟题/chemy/题-CM-148-01-1-1在抗磁性化合物中所有N.md,chemy,01,元素与分析,初赛,4,弃卡,题面含竞赛真题特征,B
04-题库/2026机构初赛模拟题/chemy/题-CM-148-02-M为金属元素A是金属M的常见.md,chemy,02,元素与分析,初赛,4,弃卡,题面含竞赛真题特征,B
04-题库/2026机构初赛模拟题/chemy/题-CM-148-03-金属纳米粒子常被用作催化剂然.md,chemy,03,化学原理,初赛,4,弃卡,题面含竞赛真题特征,B
04-题库/2026机构初赛模拟题/chemy/题-CM-148-04-利用光化学手段可实现从稀土离.md,chemy,04,元素与分析,初赛,4,弃卡,题面含竞赛真题特征,B
04-题库/2026机构初赛模拟题/chemy/题-CM-148-05-三磷酸腺苷ATP是人体内能量.md,chemy,05,化学原理,初赛,4,弃卡,题面含竞赛真题特征,B
04-题库/2026机构初赛模拟题/chemy/题-CM-148-06-铱与硫形成的簇合物离子化学式.md,chemy,06,结构化学,初赛,4,弃卡,题面含竞赛真题特征,B
04-题库/2026机构初赛模拟题/chemy/题-CM-148-07-金属A与氧形成了一种氧化物晶.md,chemy,07,结构化学,初赛,4,弃卡,题面含竞赛真题特征,B
04-题库/2026机构初赛模拟题/chemy/题-CM-148-08-利用碎裂化反应可实现大环的构.md,chemy,08,有机化学,初赛,4,弃卡,非目标模块,B
04-题库/2026机构初赛模拟题/chemy/题-CM-148-09-亚砜类分子为三角锥构型其翻转.md,chemy,09,结构化学,初赛,4,弃卡,题面含竞赛真题特征,B
04-题库/2026机构初赛模拟题/chemy/题-CM-148-10-10-1以下反应共经历了2次.md,chemy,10,有机化学,初赛,4,弃卡,非目标模块,B
04-题库/2026机构初赛模拟题/chemy/题-CM-149-01-肝脏缺血再灌注损伤hepat.md,chemy,01,元素与分析,初赛,4,弃卡,题面泄露,A
04-题库/2026机构初赛模拟题/chemy/题-CM-149-02-受阻自由基对frustrat.md,chemy,02,有机化学,初赛,4,弃卡,非目标模块,B
04-题库/2026机构初赛模拟题/chemy/题-CM-149-03-富组蛋白5Histatin5.md,chemy,03,结构化学,初赛,4,弃卡,题面泄露,A
04-题库/2026机构初赛模拟题/chemy/题-CM-149-04-4-1卤化物MX某一晶型为氯.md,chemy,04,结构化学,初赛,4,弃卡,题面泄露,A
04-题库/2026机构初赛模拟题/chemy/题-CM-149-05-自组装被广泛应用于各种纳米材.md,chemy,05,化学原理,初赛,4,弃卡,题面泄露,A
04-题库/2026机构初赛模拟题/chemy/题-CM-149-06-1966年第151届ACS会.md,chemy,06,元素与分析,初赛,4,入池,,
04-题库/2026机构初赛模拟题/chemy/题-CM-149-07-1985年以色列化学家YAp.md,chemy,07,化学原理,初赛,4,弃卡,题面泄露,A
04-题库/2026机构初赛模拟题/chemy/题-CM-149-08-利用苯炔的反应性可以高效构筑.md,chemy,08,有机化学,初赛,4,弃卡,非目标模块,B
04-题库/2026机构初赛模拟题/chemy/题-CM-149-09-吲哚及其衍生物是许多天然产物.md,chemy,09,有机化学,初赛,4,弃卡,非目标模块,B
04-题库/2026机构初赛模拟题/chemy/题-CM-15-01-中国陶瓷艺术中的青花瓷以其幽.md,chemy,01,化学原理,初赛,4,入池,,
04-题库/2026机构初赛模拟题/chemy/题-CM-15-02-211963年科学家在研究铋.md,chemy,02,结构化学,初赛,4,入池,,
04-题库/2026机构初赛模拟题/chemy/题-CM-15-03-癌症是影响人类生活健康的一大.md,chemy,03,化学原理,初赛,4,入池,,
04-题库/2026机构初赛模拟题/chemy/题-CM-15-04-合金纳米团簇具有原子级精确的.md,chemy,04,结构化学,初赛,4,弃卡,有机章节,B
04-题库/2026机构初赛模拟题/chemy/题-CM-15-05-工业染料废水的高效处理是环境.md,chemy,05,结构化学,初赛,4,弃卡,有机章节,B
04-题库/2026机构初赛模拟题/chemy/题-CM-15-06-受限于光的衍射极限传统光学显.md,chemy,06,化学原理,初赛,4,弃卡,有机章节,B
04-题库/2026机构初赛模拟题/chemy/题-CM-15-07-71同位素标记实验常被用于研.md,chemy,07,化学原理,初赛,4,弃卡,有机章节,B
04-题库/2026机构初赛模拟题/chemy/题-CM-15-08-核酸酶如CRISPRCas9.md,chemy,08,化学原理,初赛,4,入池,,
04-题库/2026机构初赛模拟题/chemy/题-CM-15-09-重氮酯类化合物是有机合成中重.md,chemy,09,有机化学,初赛,4,弃卡,非目标模块,B
04-题库/2026机构初赛模拟题/chemy/题-CM-150-01-1-1无水HF是一种具有较强.md,chemy,01,结构化学,初赛,4,入池,,
04-题库/2026机构初赛模拟题/chemy/题-CM-150-02-化合物X为无色气体摩尔质量5.md,chemy,02,元素与分析,初赛,4,入池,,
04-题库/2026机构初赛模拟题/chemy/题-CM-150-03-采用吸光光度法研究氨苄西林A.md,chemy,03,有机化学,初赛,4,弃卡,非目标模块,B
04-题库/2026机构初赛模拟题/chemy/题-CM-150-04-4-1氧族元素能形成多种多样.md,chemy,04,结构化学,初赛,4,入池,,
04-题库/2026机构初赛模拟题/chemy/题-CM-150-05-在封闭的制冷系统中反复地将制.md,chemy,05,化学原理,初赛,4,入池,,
04-题库/2026机构初赛模拟题/chemy/题-CM-150-06-在不同的温度和压力下锗酸钡具.md,chemy,06,结构化学,初赛,4,入池,,
04-题库/2026机构初赛模拟题/chemy/题-CM-150-07-7-1画出一分子15-二磷酸.md,chemy,07,有机化学,初赛,4,弃卡,非目标模块,B
04-题库/2026机构初赛模拟题/chemy/题-CM-150-08-8-1人们发现了以下的甲基迁.md,chemy,08,有机化学,初赛,4,弃卡,非目标模块,B
04-题库/2026机构初赛模拟题/chemy/题-CM-150-09-作为一种神经毒性的天然产物河.md,chemy,09,有机化学,初赛,4,弃卡,非目标模块,B
04-题库/2026机构初赛模拟题/chemy/题-CM-151-01-与ItBu结构见下图按计量比.md,chemy,01,结构化学,初赛,4,弃卡,题面泄露,A
04-题库/2026机构初赛模拟题/chemy/题-CM-151-02-如何高效率实现的富集一直是一.md,chemy,02,有机化学,初赛,4,弃卡,非目标模块,B
04-题库/2026机构初赛模拟题/chemy/题-CM-151-03-1961年研究人员在与石墨放.md,chemy,03,结构化学,初赛,4,弃卡,题面泄露,A
04-题库/2026机构初赛模拟题/chemy/题-CM-151-04-很多时候反应历程并不如我们想.md,chemy,04,化学原理,初赛,4,弃卡,题面泄露,A
04-题库/2026机构初赛模拟题/chemy/题-CM-151-05-2021年英国曼彻斯特大学一.md,chemy,05,化学原理,初赛,4,弃卡,题面泄露,A
04-题库/2026机构初赛模拟题/chemy/题-CM-151-06-将CsCl与HAuCl在6m.md,chemy,06,结构化学,初赛,4,弃卡,题面泄露,A
04-题库/2026机构初赛模拟题/chemy/题-CM-151-07-利用化学方法活化是新能源研究.md,chemy,07,有机化学,初赛,4,弃卡,非目标模块,B
04-题库/2026机构初赛模拟题/chemy/题-CM-151-08-在进行如下反应时研究人员意外.md,chemy,08,有机化学,初赛,4,弃卡,非目标模块,B
04-题库/2026机构初赛模拟题/chemy/题-CM-151-09-有如下反应.md,chemy,09,有机化学,初赛,4,弃卡,非目标模块,B
04-题库/2026机构初赛模拟题/chemy/题-CM-155-01-1-1与有关的信息如下.md,chemy,01,元素与分析,初赛,4,弃卡,题面含竞赛真题特征,B
04-题库/2026机构初赛模拟题/chemy/题-CM-155-02-在液晶网络中聚合物链段在交联.md,chemy,02,有机化学,初赛,4,弃卡,非目标模块,B
04-题库/2026机构初赛模拟题/chemy/题-CM-155-03-将加入至和的甲苯溶液中充分反.md,chemy,03,结构化学,初赛,4,弃卡,题面含竞赛真题特征,B
04-题库/2026机构初赛模拟题/chemy/题-CM-155-04-锂离子电池的相关研究获得了年.md,chemy,04,结构化学,初赛,4,弃卡,题面含竞赛真题特征,B
04-题库/2026机构初赛模拟题/chemy/题-CM-155-05-取粉末置于冰水冷却的锥形瓶中.md,chemy,05,结构化学,初赛,4,弃卡,题面含竞赛真题特征,B
04-题库/2026机构初赛模拟题/chemy/题-CM-155-06-第6题.md,chemy,06,化学原理,初赛,4,弃卡,题面含竞赛真题特征,B
04-题库/2026机构初赛模拟题/chemy/题-CM-155-07-7-1下面给出了的前体A的制.md,chemy,07,有机化学,初赛,4,弃卡,非目标模块,B
04-题库/2026机构初赛模拟题/chemy/题-CM-155-08-8-1如下平衡在水和DMSO.md,chemy,08,有机化学,初赛,4,弃卡,非目标模块,B
04-题库/2026机构初赛模拟题/chemy/题-CM-155-09-很多重排反应是类似的.md,chemy,09,有机化学,初赛,4,弃卡,非目标模块,B
04-题库/2026机构初赛模拟题/chemy/题-CM-155-10-七元碳环并不像五六元环一样容.md,chemy,10,有机化学,初赛,4,弃卡,非目标模块,B
04-题库/2026机构初赛模拟题/chemy/题-CM-158-01-1-1在小分子存在下五分子N.md,chemy,01,化学原理,初赛,4,入池,,
04-题库/2026机构初赛模拟题/chemy/题-CM-158-02-元素M的单质是柔软且带有白色.md,chemy,02,元素与分析,初赛,4,入池,,
04-题库/2026机构初赛模拟题/chemy/题-CM-158-03-是一种对生命体十分重要的元素.md,chemy,03,元素与分析,初赛,4,弃卡,题面泄露,A
04-题库/2026机构初赛模拟题/chemy/题-CM-158-04-仅含CH的新开发三齿配体L由.md,chemy,04,结构化学,初赛,4,入池,,
04-题库/2026机构初赛模拟题/chemy/题-CM-158-05-超强酸superacid这一.md,chemy,05,元素与分析,初赛,4,入池,,
04-题库/2026机构初赛模拟题/chemy/题-CM-158-06-金属-有机框架材料MOFs因.md,chemy,06,结构化学,初赛,4,弃卡,有机章节,B
04-题库/2026机构初赛模拟题/chemy/题-CM-158-07-AlGaInTl作为Lewi.md,chemy,07,化学原理,初赛,4,入池,,
04-题库/2026机构初赛模拟题/chemy/题-CM-158-08-作为一种经典的C-C键合成反.md,chemy,08,化学原理,初赛,4,入池,,
04-题库/2026机构初赛模拟题/chemy/题-CM-158-09-金纳米粒子AuNP常被生物化.md,chemy,09,有机化学,初赛,4,弃卡,非目标模块,B
04-题库/2026机构初赛模拟题/chemy/题-CM-158-10-叠氮乙烯是一种合成中常见的前.md,chemy,10,有机化学,初赛,4,弃卡,非目标模块,B
04-题库/2026机构初赛模拟题/chemy/题-CM-158-11-2007年某小组发现了如下反.md,chemy,11,有机化学,初赛,4,弃卡,非目标模块,B
04-题库/2026机构初赛模拟题/chemy/题-CM-158-12-12-1已知A的化学式为画出.md,chemy,12,有机化学,初赛,4,弃卡,非目标模块,B
04-题库/2026机构初赛模拟题/chemy/题-CM-158-13-化学人应该保持一颗赤子之心童.md,chemy,13,有机化学,初赛,4,弃卡,非目标模块,B
04-题库/2026机构初赛模拟题/chemy/题-CM-16-01-Bluehasnodimen.md,chemy,01,化学原理,初赛,4,入池,,
04-题库/2026机构初赛模拟题/chemy/题-CM-16-02-通过热解M和N叔丁基异丁酰胺.md,chemy,02,结构化学,初赛,4,入池,,
04-题库/2026机构初赛模拟题/chemy/题-CM-16-03-中国新能源汽车产业发展规划2.md,chemy,03,化学原理,初赛,4,入池,,
04-题库/2026机构初赛模拟题/chemy/题-CM-16-04-电解水过程中阳极处的析氧反应.md,chemy,04,结构化学,初赛,4,弃卡,有机章节,B
04-题库/2026机构初赛模拟题/chemy/题-CM-16-05-清华大学某课题组使用缓慢还原.md,chemy,05,结构化学,初赛,4,入池,,
04-题库/2026机构初赛模拟题/chemy/题-CM-16-06-三核氧心过渡金属羧酸配合物的.md,chemy,06,结构化学,初赛,4,弃卡,有机章节,B
04-题库/2026机构初赛模拟题/chemy/题-CM-16-07-氮杂环卡宾NHeterocy.md,chemy,07,化学原理,初赛,4,弃卡,有机章节,B
04-题库/2026机构初赛模拟题/chemy/题-CM-16-08-NN二取代羟胺和丙炔酸甲酯在.md,chemy,08,有机化学,初赛,4,弃卡,非目标模块,B
04-题库/2026机构初赛模拟题/chemy/题-CM-16-09-底物A和酮酯在TMSOTf催.md,chemy,09,有机化学,初赛,4,弃卡,非目标模块,B
04-题库/2026机构初赛模拟题/chemy/题-CM-16-10-2015年有课题组发现如下化.md,chemy,10,有机化学,初赛,4,弃卡,非目标模块,B
04-题库/2026机构初赛模拟题/chemy/题-CM-160-01-色谱法是分离鉴定化合物的一种.md,chemy,01,元素与分析,初赛,4,弃卡,题面含竞赛真题特征,B
04-题库/2026机构初赛模拟题/chemy/题-CM-160-02-今有如下反应.md,chemy,02,化学原理,初赛,4,弃卡,题面含竞赛真题特征,B
04-题库/2026机构初赛模拟题/chemy/题-CM-160-03-配合物中的氢键是一个受到高度.md,chemy,03,结构化学,初赛,4,弃卡,题面含竞赛真题特征,B
04-题库/2026机构初赛模拟题/chemy/题-CM-160-04-金属元素M的氧化物A是硫酸工.md,chemy,04,元素与分析,初赛,4,弃卡,题面含竞赛真题特征,B
04-题库/2026机构初赛模拟题/chemy/题-CM-160-05-Struvite是一种优质肥.md,chemy,05,结构化学,初赛,4,弃卡,题面含竞赛真题特征,B
04-题库/2026机构初赛模拟题/chemy/题-CM-160-06-取晶体放入烧杯中加入的硫酸与.md,chemy,06,元素与分析,初赛,4,弃卡,题面含竞赛真题特征,B
04-题库/2026机构初赛模拟题/chemy/题-CM-160-07-7-1溶液中-的浓度均为求出.md,chemy,07,化学原理,初赛,4,弃卡,题面含竞赛真题特征,B
04-题库/2026机构初赛模拟题/chemy/题-CM-160-08-8-1已知下列键能的数据.md,chemy,08,有机化学,初赛,4,弃卡,非目标模块,B
04-题库/2026机构初赛模拟题/chemy/题-CM-160-09-吗啉是有机化学中常用的一种试.md,chemy,09,有机化学,初赛,4,弃卡,非目标模块,B
04-题库/2026机构初赛模拟题/chemy/题-CM-160-10-观察下面的反应.md,chemy,10,有机化学,初赛,4,弃卡,非目标模块,B
04-题库/2026机构初赛模拟题/chemy/题-CM-160-11-2019年丁寒锋课题组完成了.md,chemy,11,有机化学,初赛,4,弃卡,非目标模块,B
04-题库/2026机构初赛模拟题/chemy/题-CM-162-01-蓝色是一种具有魅力的颜色其象.md,chemy,01,有机化学,初赛,4,弃卡,非目标模块,B
04-题库/2026机构初赛模拟题/chemy/题-CM-162-02-将在真空的熔融石英管中混合反.md,chemy,02,结构化学,初赛,4,弃卡,题面含竞赛真题特征,B
04-题库/2026机构初赛模拟题/chemy/题-CM-162-03-尿素和草酸都是经典的氢键给体.md,chemy,03,化学原理,初赛,4,弃卡,题面含竞赛真题特征,B
04-题库/2026机构初赛模拟题/chemy/题-CM-162-04-分子玻璃是一类分子量较大并具.md,chemy,04,化学原理,初赛,4,弃卡,题面含竞赛真题特征,B
04-题库/2026机构初赛模拟题/chemy/题-CM-162-05-得到X5-1拉曼光谱表明X在.md,chemy,05,元素与分析,初赛,4,弃卡,题面含竞赛真题特征,B
04-题库/2026机构初赛模拟题/chemy/题-CM-162-06-磷元素是生命体重要的元素之广.md,chemy,06,元素与分析,初赛,4,弃卡,题面含竞赛真题特征,B
04-题库/2026机构初赛模拟题/chemy/题-CM-162-07-将和按计量比混合研磨并于13.md,chemy,07,结构化学,初赛,4,弃卡,题面含竞赛真题特征,B
04-题库/2026机构初赛模拟题/chemy/题-CM-162-08-在-CPBA作用下烯烃可发生.md,chemy,08,有机化学,初赛,4,弃卡,非目标模块,B
04-题库/2026机构初赛模拟题/chemy/题-CM-162-09-TT氧化物试剂Thianth.md,chemy,09,有机化学,初赛,4,弃卡,非目标模块,B
04-题库/2026机构初赛模拟题/chemy/题-CM-162-10-在六氟异丙醇中利用碘苯二乙酸.md,chemy,10,有机化学,初赛,4,弃卡,非目标模块,B
04-题库/2026机构初赛模拟题/chemy/题-CM-165-01-1-1生活中使用的各种材料与.md,chemy,01,有机化学,初赛,4,弃卡,非目标模块,B
04-题库/2026机构初赛模拟题/chemy/题-CM-165-02-顾名思义超酸是一类酸度极强的.md,chemy,02,结构化学,初赛,4,弃卡,题面含竞赛真题特征,B
04-题库/2026机构初赛模拟题/chemy/题-CM-165-03-3-1采取四方锥构型和五角双.md,chemy,03,结构化学,初赛,4,弃卡,题面含竞赛真题特征,B
04-题库/2026机构初赛模拟题/chemy/题-CM-165-04-4-1的制备思路与前人报道的.md,chemy,04,结构化学,初赛,4,弃卡,题面含竞赛真题特征,B
04-题库/2026机构初赛模拟题/chemy/题-CM-165-05-CaSi2是一种应用广泛的Z.md,chemy,05,结构化学,初赛,4,弃卡,题面含竞赛真题特征,B
04-题库/2026机构初赛模拟题/chemy/题-CM-165-06-6-1该催化剂的制备方法为在.md,chemy,06,结构化学,初赛,4,弃卡,题面含竞赛真题特征,B
04-题库/2026机构初赛模拟题/chemy/题-CM-165-07-维生素A族化合物是一系列具有.md,chemy,07,有机化学,初赛,4,弃卡,非目标模块,B
04-题库/2026机构初赛模拟题/chemy/题-CM-165-08-1943年Alder首次报道.md,chemy,08,有机化学,初赛,4,弃卡,非目标模块,B
04-题库/2026机构初赛模拟题/chemy/题-CM-165-09-9-1根据杂化轨道理论两个等.md,chemy,09,有机化学,初赛,4,弃卡,非目标模块,B
04-题库/2026机构初赛模拟题/chemy/题-CM-166-01-1-1碳化铝与氯化汞的盐酸溶.md,chemy,01,元素与分析,初赛,4,弃卡,题面含竞赛真题特征,B
04-题库/2026机构初赛模拟题/chemy/题-CM-166-02-双原子分子的转动可以利用刚性.md,chemy,02,结构化学,初赛,4,弃卡,题面含竞赛真题特征,B
04-题库/2026机构初赛模拟题/chemy/题-CM-166-03-3-1分别画出A1A2BC的.md,chemy,03,结构化学,初赛,4,弃卡,题面含竞赛真题特征,B
04-题库/2026机构初赛模拟题/chemy/题-CM-166-04-如图所示在一个两端温度不等的.md,chemy,04,结构化学,初赛,4,弃卡,题面含竞赛真题特征,B
04-题库/2026机构初赛模拟题/chemy/题-CM-166-05-溴的元素化学丰富多彩在不同的.md,chemy,05,元素与分析,初赛,4,弃卡,题面含竞赛真题特征,B
04-题库/2026机构初赛模拟题/chemy/题-CM-166-06-Maxam和Gilbert建.md,chemy,06,有机化学,初赛,4,弃卡,非目标模块,B
04-题库/2026机构初赛模拟题/chemy/题-CM-166-07-探针依其遵循的方程可分为两类.md,chemy,07,有机化学,初赛,4,弃卡,非目标模块,B
04-题库/2026机构初赛模拟题/chemy/题-CM-166-08-8-1在四氯化碳溶液中336.md,chemy,08,有机化学,初赛,4,弃卡,非目标模块,B
04-题库/2026机构初赛模拟题/chemy/题-CM-166-09-9-1如图所示以下化合物经T.md,chemy,09,有机化学,初赛,4,弃卡,非目标模块,B
04-题库/2026机构初赛模拟题/chemy/题-CM-166-10-以下七元环硫醚化合物经两步处.md,chemy,10,结构化学,初赛,4,弃卡,题面含竞赛真题特征,B
04-题库/2026机构初赛模拟题/chemy/题-CM-167-01-1-1磷是生命生产与生活中的.md,chemy,01,结构化学,初赛,4,弃卡,题面含竞赛真题特征,B
04-题库/2026机构初赛模拟题/chemy/题-CM-167-02-1992年6月18日中午河南.md,chemy,02,元素与分析,初赛,4,弃卡,题面含竞赛真题特征,B
04-题库/2026机构初赛模拟题/chemy/题-CM-167-03-发展高性能电池技术是我国能源.md,chemy,03,元素与分析,初赛,4,弃卡,题面含竞赛真题特征,B
04-题库/2026机构初赛模拟题/chemy/题-CM-167-04-用于催化和生物医学目的的稳定.md,chemy,04,结构化学,初赛,4,弃卡,题面含竞赛真题特征,B
04-题库/2026机构初赛模拟题/chemy/题-CM-167-05-某矿石的主要成分是AA不溶于.md,chemy,05,有机化学,初赛,4,弃卡,非目标模块,B
04-题库/2026机构初赛模拟题/chemy/题-CM-167-06-蛋白质是一类最重要的生物大分.md,chemy,06,有机化学,初赛,4,弃卡,非目标模块,B
04-题库/2026机构初赛模拟题/chemy/题-CM-167-07-7-1同碳上亚甲基的氢酸性有.md,chemy,07,有机化学,初赛,4,弃卡,非目标模块,B
04-题库/2026机构初赛模拟题/chemy/题-CM-167-08-8-1若想专一性制备以下烯烃.md,chemy,08,有机化学,初赛,4,弃卡,非目标模块,B
04-题库/2026机构初赛模拟题/chemy/题-CM-167-09-化合物A在作用下可以转化为.md,chemy,09,结构化学,初赛,4,弃卡,题面含竞赛真题特征,B
04-题库/2026机构初赛模拟题/chemy/题-CM-169-01-分占9锑的化合物1-1Sb2.md,chemy,01,结构化学,初赛,4,弃卡,题面含竞赛真题特征,B
04-题库/2026机构初赛模拟题/chemy/题-CM-169-02-2-1小宇正在做通过分光光度.md,chemy,02,元素与分析,初赛,4,弃卡,题面含竞赛真题特征,B
04-题库/2026机构初赛模拟题/chemy/题-CM-169-03-众所周知在第34届初赛中出现.md,chemy,03,有机化学,初赛,4,弃卡,非目标模块,B
04-题库/2026机构初赛模拟题/chemy/题-CM-169-04-将醋酸钯六水合硝酸铟按照一定.md,chemy,04,结构化学,初赛,4,弃卡,题面含竞赛真题特征,B
04-题库/2026机构初赛模拟题/chemy/题-CM-169-05-近年来高压下的新研究成果时有.md,chemy,05,结构化学,初赛,4,弃卡,题面含竞赛真题特征,B
04-题库/2026机构初赛模拟题/chemy/题-CM-169-06-1溶液配制取两个烧瓶分别标号.md,chemy,06,化学原理,初赛,4,弃卡,题面含竞赛真题特征,B
04-题库/2026机构初赛模拟题/chemy/题-CM-169-07-7-2比较并解释A和B与PC.md,chemy,07,有机化学,初赛,4,弃卡,非目标模块,B
04-题库/2026机构初赛模拟题/chemy/题-CM-169-08-8-1叔膦是一种有机化学中常.md,chemy,08,有机化学,初赛,4,弃卡,非目标模块,B
04-题库/2026机构初赛模拟题/chemy/题-CM-169-09-9-11903年Zincke.md,chemy,09,有机化学,初赛,4,弃卡,非目标模块,B
04-题库/2026机构初赛模拟题/chemy/题-CM-17-01-11醋酸铍有多种碱式盐其中最.md,chemy,01,结构化学,初赛,4,入池,,
04-题库/2026机构初赛模拟题/chemy/题-CM-17-02-锂离子电池技术的进步极大地推.md,chemy,02,结构化学,初赛,4,弃卡,有机章节,B
04-题库/2026机构初赛模拟题/chemy/题-CM-17-03-31砷的氰化物在一百多年前就.md,chemy,03,元素与分析,初赛,4,弃卡,答案公式未转录,A
04-题库/2026机构初赛模拟题/chemy/题-CM-17-04-将银盐A含银与浓度为的HCl.md,chemy,04,化学原理,初赛,4,入池,,
04-题库/2026机构初赛模拟题/chemy/题-CM-17-05-51在气相的硫单质中存在着等.md,chemy,05,化学原理,初赛,4,弃卡,题面泄露,A
04-题库/2026机构初赛模拟题/chemy/题-CM-17-06-细胞膜及其刚度测量.md,chemy,06,化学原理,初赛,4,弃卡,题面泄露,A
04-题库/2026机构初赛模拟题/chemy/题-CM-17-07-超分子自组装的选择性.md,chemy,07,化学原理,初赛,4,弃卡,题面泄露,A
04-题库/2026机构初赛模拟题/chemy/题-CM-17-08-烷烃构象中的取代基排斥不仅取.md,chemy,08,有机化学,初赛,4,弃卡,非目标模块,B
04-题库/2026机构初赛模拟题/chemy/题-CM-17-09-如下所示以下联烯在肼的存在下.md,chemy,09,有机化学,初赛,4,弃卡,非目标模块,B
04-题库/2026机构初赛模拟题/chemy/题-CM-17-10-101众所周知三价锰虽然在水.md,chemy,10,有机化学,初赛,4,弃卡,非目标模块,B
04-题库/2026机构初赛模拟题/chemy/题-CM-170-01-金属的单质是高密度低熔点且柔.md,chemy,01,元素与分析,初赛,4,弃卡,题面含竞赛真题特征,B
04-题库/2026机构初赛模拟题/chemy/题-CM-170-02-某单核Ti配合物可用如下方法.md,chemy,02,结构化学,初赛,4,弃卡,题面含竞赛真题特征,B
04-题库/2026机构初赛模拟题/chemy/题-CM-170-03-笼型硼烷与笼型碳硼烷的结构极.md,chemy,03,元素与分析,初赛,4,弃卡,题面含竞赛真题特征,B
04-题库/2026机构初赛模拟题/chemy/题-CM-170-04-2018年某中国团队基于金属.md,chemy,04,结构化学,初赛,4,弃卡,题面含竞赛真题特征,B
04-题库/2026机构初赛模拟题/chemy/题-CM-170-05-分4下图为二元合金LaxNi.md,chemy,05,结构化学,初赛,4,弃卡,题面含竞赛真题特征,B
04-题库/2026机构初赛模拟题/chemy/题-CM-170-06-AlN具有热膨胀系数低电阻率.md,chemy,06,结构化学,初赛,4,弃卡,题面含竞赛真题特征,B
04-题库/2026机构初赛模拟题/chemy/题-CM-170-07-7-1表面张力surface.md,chemy,07,化学原理,初赛,4,弃卡,题面含竞赛真题特征,B
04-题库/2026机构初赛模拟题/chemy/题-CM-170-08-有科学家设计了一种双空腔离子.md,chemy,08,化学原理,初赛,4,弃卡,题面含竞赛真题特征,B
04-题库/2026机构初赛模拟题/chemy/题-CM-170-09-长时间以来试剂的高效利用一直.md,chemy,09,有机化学,初赛,4,弃卡,非目标模块,B
04-题库/2026机构初赛模拟题/chemy/题-CM-170-10-10-1在超酸介质中往往会发.md,chemy,10,有机化学,初赛,4,弃卡,非目标模块,B
04-题库/2026机构初赛模拟题/chemy/题-CM-170-11-最近某小组合成了一种光驱动的.md,chemy,11,有机化学,初赛,4,弃卡,非目标模块,B
04-题库/2026机构初赛模拟题/chemy/题-CM-170-12-12-1Nazarov环化可.md,chemy,12,有机化学,初赛,4,弃卡,非目标模块,B
04-题库/2026机构初赛模拟题/chemy/题-CM-171-01-在1772年英国自然哲学家和.md,chemy,01,结构化学,初赛,4,弃卡,题面含竞赛真题特征,B
04-题库/2026机构初赛模拟题/chemy/题-CM-171-02-有一类复合氧化物呈现出非常有.md,chemy,02,结构化学,初赛,4,弃卡,题面含竞赛真题特征,B
04-题库/2026机构初赛模拟题/chemy/题-CM-171-03-最近人们发现了一种制备硫脲衍.md,chemy,03,元素与分析,初赛,4,弃卡,题面含竞赛真题特征,B
04-题库/2026机构初赛模拟题/chemy/题-CM-171-04-盐酸洛美沙星是一种喹诺酮类抗.md,chemy,04,化学原理,初赛,4,弃卡,题面含竞赛真题特征,B
04-题库/2026机构初赛模拟题/chemy/题-CM-171-05-5-1多硫化钠是一种具有广泛.md,chemy,05,元素与分析,初赛,4,弃卡,题面含竞赛真题特征,B
04-题库/2026机构初赛模拟题/chemy/题-CM-171-06-在甲醇溶液中和KOH反应然后.md,chemy,06,结构化学,初赛,4,弃卡,题面含竞赛真题特征,B
04-题库/2026机构初赛模拟题/chemy/题-CM-171-07-对于单线态氧参与的以下反应研.md,chemy,07,有机化学,初赛,4,弃卡,非目标模块,B
04-题库/2026机构初赛模拟题/chemy/题-CM-171-08-PIDA碘苯二乙酸及其衍生物.md,chemy,08,有机化学,初赛,4,弃卡,非目标模块,B
04-题库/2026机构初赛模拟题/chemy/题-CM-172-01-1-1甲酸铝吸附将和大量HC.md,chemy,01,结构化学,初赛,4,弃卡,题面含竞赛真题特征,B
04-题库/2026机构初赛模拟题/chemy/题-CM-172-02-Al为立方最密堆积晶体从不同.md,chemy,02,结构化学,初赛,4,弃卡,题面含竞赛真题特征,B
04-题库/2026机构初赛模拟题/chemy/题-CM-172-03-3-1芳基重氮盐是合成卤代芳.md,chemy,03,有机化学,初赛,4,弃卡,非目标模块,B
04-题库/2026机构初赛模拟题/chemy/题-CM-172-04-分占104-1最简式为BS2.md,chemy,04,元素与分析,初赛,4,弃卡,题面含竞赛真题特征,B
04-题库/2026机构初赛模拟题/chemy/题-CM-172-05-为测定某水样中的微量的含量采.md,chemy,05,元素与分析,初赛,4,弃卡,题面含竞赛真题特征,B
04-题库/2026机构初赛模拟题/chemy/题-CM-172-06-如图61所示的铁硫簇是FeF.md,chemy,06,有机化学,初赛,4,弃卡,非目标模块,B
04-题库/2026机构初赛模拟题/chemy/题-CM-172-07-分子机器是能在外界刺激下模拟.md,chemy,07,有机化学,初赛,4,弃卡,非目标模块,B
04-题库/2026机构初赛模拟题/chemy/题-CM-172-08-通过以下步骤可以将取代吡啶转.md,chemy,08,有机化学,初赛,4,弃卡,非目标模块,B
04-题库/2026机构初赛模拟题/chemy/题-CM-172-09_羰基_亚胺腈是一类高官能.md,chemy,,有机化学,初赛,4,弃卡,非目标模块,B
04-题库/2026机构初赛模拟题/chemy/题-CM-172-10-腙在碘的作用下会生成重氮中间.md,chemy,10,有机化学,初赛,4,弃卡,非目标模块,B
04-题库/2026机构初赛模拟题/chemy/题-CM-173-01-某元素早在几千年前就被人类利.md,chemy,01,元素与分析,初赛,4,弃卡,题面泄露,A
04-题库/2026机构初赛模拟题/chemy/题-CM-173-02-Tr-COF.md,chemy,02,结构化学,初赛,4,弃卡,题面泄露,A
04-题库/2026机构初赛模拟题/chemy/题-CM-173-03-笼行走策略CageWalki.md,chemy,03,结构化学,初赛,4,弃卡,题面泄露,A
04-题库/2026机构初赛模拟题/chemy/题-CM-173-04-光合作用通常是指绿色植物包括.md,chemy,04,有机化学,初赛,4,弃卡,非目标模块,B
04-题库/2026机构初赛模拟题/chemy/题-CM-173-05-稀土元素是钪钇镧系元素共17.md,chemy,05,结构化学,初赛,4,弃卡,题面泄露,A
04-题库/2026机构初赛模拟题/chemy/题-CM-173-06-广受玩家喜爱的开放世界冒险游.md,chemy,06,元素与分析,初赛,4,入池,,
04-题库/2026机构初赛模拟题/chemy/题-CM-173-07-7-1水的三相点为由下列热力.md,chemy,07,化学原理,初赛,4,弃卡,题面泄露,A
04-题库/2026机构初赛模拟题/chemy/题-CM-173-08-8-2将下列化合物按照碱性从.md,chemy,08,化学原理,初赛,4,弃卡,题面泄露,A
04-题库/2026机构初赛模拟题/chemy/题-CM-173-09-9-1-1.md,chemy,09,有机化学,初赛,4,弃卡,非目标模块,B
04-题库/2026机构初赛模拟题/chemy/题-CM-173-10-10-1观察并思考下面的反应.md,chemy,10,有机化学,初赛,4,弃卡,非目标模块,B
04-题库/2026机构初赛模拟题/chemy/题-CM-174-01-砷的历史与化学.md,chemy,01,元素与分析,初赛,4,入池,,
04-题库/2026机构初赛模拟题/chemy/题-CM-175-02-氟磷酸钙中掺杂的平均价态的测.md,chemy,02,元素与分析,初赛,4,入池,,
04-题库/2026机构初赛模拟题/chemy/题-CM-176-03-锂硫电池.md,chemy,03,元素与分析,初赛,4,入池,,
04-题库/2026机构初赛模拟题/chemy/题-CM-177-04-钴氢配合物中的正氢与负氢.md,chemy,04,有机化学,初赛,4,弃卡,非目标模块,B
04-题库/2026机构初赛模拟题/chemy/题-CM-178-05-高压氮化物的结构.md,chemy,05,结构化学,初赛,4,弃卡,答案公式未转录,A
04-题库/2026机构初赛模拟题/chemy/题-CM-179-06-Co.md,chemy,06,有机化学,初赛,4,弃卡,非目标模块,B
04-题库/2026机构初赛模拟题/chemy/题-CM-18-01-以仁慈与智慧之神圣名我在库法.md,chemy,01,化学原理,初赛,4,入池,,
04-题库/2026机构初赛模拟题/chemy/题-CM-18-02-低价锑化合物为键活化与催化反.md,chemy,02,化学原理,初赛,4,入池,,
04-题库/2026机构初赛模拟题/chemy/题-CM-18-03-水系有机液流电池AORFBs.md,chemy,03,化学原理,初赛,4,弃卡,有机章节,B
04-题库/2026机构初赛模拟题/chemy/题-CM-18-04-甲基丙烯酸酯基聚合物在现代生.md,chemy,04,有机化学,初赛,4,弃卡,非目标模块,B
04-题库/2026机构初赛模拟题/chemy/题-CM-18-05-磷酸是化学中常用的三元酸被广.md,chemy,05,化学原理,初赛,4,入池,,
04-题库/2026机构初赛模拟题/chemy/题-CM-18-06-酚酞是分析化学中常见的酸碱滴.md,chemy,06,化学原理,初赛,4,入池,,
04-题库/2026机构初赛模拟题/chemy/题-CM-18-07-氮叶立德是有机化学中一类常见.md,chemy,07,有机化学,初赛,4,弃卡,非目标模块,B
04-题库/2026机构初赛模拟题/chemy/题-CM-18-08-开发出能够在单一操作中高效且.md,chemy,08,有机化学,初赛,4,弃卡,非目标模块,B
04-题库/2026机构初赛模拟题/chemy/题-CM-18-09-大环化合物Macrocycl.md,chemy,09,有机化学,初赛,4,弃卡,非目标模块,B
04-题库/2026机构初赛模拟题/chemy/题-CM-180-08-自由基反应和光催化.md,chemy,08,有机化学,初赛,4,弃卡,非目标模块,B
04-题库/2026机构初赛模拟题/chemy/题-CM-181-09-烯丙基硅烷的反应.md,chemy,09,有机化学,初赛,4,弃卡,非目标模块,B
04-题库/2026机构初赛模拟题/chemy/题-CM-182-01-振荡反应.md,chemy,01,化学原理,初赛,5,弃卡,无答案/占位,A
04-题库/2026机构初赛模拟题/chemy/题-CM-183-02-化学反应的路径势能面分析.md,chemy,02,结构化学,初赛,5,弃卡,无答案/占位,A
04-题库/2026机构初赛模拟题/chemy/题-CM-184-03-C2之谜.md,chemy,03,有机化学,初赛,5,弃卡,非目标模块,B
04-题库/2026机构初赛模拟题/chemy/题-CM-185-04-环茂配合物的合成与轨道性质研.md,chemy,04,结构化学,初赛,5,弃卡,无答案/占位,A
04-题库/2026机构初赛模拟题/chemy/题-CM-186-05-烟花中的化学.md,chemy,05,化学原理,初赛,5,弃卡,无答案/占位,A
04-题库/2026机构初赛模拟题/chemy/题-CM-187-06-mathbfC6的转换.md,chemy,06,有机化学,初赛,5,弃卡,非目标模块,B
04-题库/2026机构初赛模拟题/chemy/题-CM-188-07-立方烷.md,chemy,07,有机化学,初赛,5,弃卡,非目标模块,B
04-题库/2026机构初赛模拟题/chemy/题-CM-189-08-HalichondrinPa.md,chemy,08,有机化学,初赛,5,弃卡,非目标模块,B
04-题库/2026机构初赛模拟题/chemy/题-CM-19-01-一氟化硼BF是由硼与氟元素形.md,chemy,01,元素与分析,初赛,4,入池,,
04-题库/2026机构初赛模拟题/chemy/题-CM-19-02-苯与六氟代苯能形成加合物晶体.md,chemy,02,结构化学,初赛,4,弃卡,有机章节,B
04-题库/2026机构初赛模拟题/chemy/题-CM-19-03-硅具有与碳类似但又有不同的成.md,chemy,03,有机化学,初赛,4,弃卡,非目标模块,B
04-题库/2026机构初赛模拟题/chemy/题-CM-19-04-随着居民生活水平的提高坚果作.md,chemy,04,化学原理,初赛,4,弃卡,越界（含他题内容）,A
04-题库/2026机构初赛模拟题/chemy/题-CM-19-05-X射线衍射XRD通过使化合物.md,chemy,05,有机化学,初赛,4,弃卡,非目标模块,B
04-题库/2026机构初赛模拟题/chemy/题-CM-19-06-61量子力学理论认为所有具有.md,chemy,06,化学原理,初赛,4,入池,,
04-题库/2026机构初赛模拟题/chemy/题-CM-19-07-电势pH图是无机化学中具有重.md,chemy,07,结构化学,初赛,4,入池,,
04-题库/2026机构初赛模拟题/chemy/题-CM-19-08-81有一种工业上由乙烯与氯气.md,chemy,08,化学原理,初赛,4,入池,,
04-题库/2026机构初赛模拟题/chemy/题-CM-19-09-91电子相对于原子核来说占据.md,chemy,09,化学原理,初赛,4,入池,,
04-题库/2026机构初赛模拟题/chemy/题-CM-190-09-思考题T1.md,chemy,09,化学原理,初赛,5,弃卡,无答案/占位,A
04-题库/2026机构初赛模拟题/chemy/题-CM-191-10-思考题T7.md,chemy,10,有机化学,初赛,5,弃卡,非目标模块,B
04-题库/2026机构初赛模拟题/chemy/题-CM-20-01-11选出如下反应的主要产物1.md,chemy,01,化学原理,初赛,4,入池,,
04-题库/2026机构初赛模拟题/chemy/题-CM-20-02-21利用含磷化合物与含硼化合.md,chemy,02,有机化学,初赛,4,弃卡,非目标模块,B
04-题库/2026机构初赛模拟题/chemy/题-CM-20-03-环丁酮是有机合成中的重质中相.md,chemy,03,有机化学,初赛,4,弃卡,非目标模块,B
04-题库/2026机构初赛模拟题/chemy/题-CM-20-04-自牺牲高分子Selfimmo.md,chemy,04,有机化学,初赛,4,弃卡,非目标模块,B
04-题库/2026机构初赛模拟题/chemy/题-CM-20-05-大肠杆菌色氨酸合酶由2个亚基.md,chemy,05,有机化学,初赛,4,弃卡,非目标模块,B
04-题库/2026机构初赛模拟题/chemy/题-CM-20-06-在卤代烃的亲核取代反应中反应.md,chemy,06,化学原理,初赛,4,弃卡,有机章节,B
04-题库/2026机构初赛模拟题/chemy/题-CM-20-07-71画出如下反应产物A的结构.md,chemy,07,有机化学,初赛,4,弃卡,非目标模块,B
04-题库/2026机构初赛模拟题/chemy/题-CM-20-08-第36届中国化学奥林匹克竞赛.md,chemy,08,有机化学,初赛,4,弃卡,非目标模块,B
04-题库/2026机构初赛模拟题/chemy/题-CM-21-01-11化学式为的配合物也被称为.md,chemy,01,化学原理,初赛,4,弃卡,题面含竞赛真题特征,B
04-题库/2026机构初赛模拟题/chemy/题-CM-21-02-花色素苷Anthocyani.md,chemy,02,化学原理,初赛,4,入池,,
04-题库/2026机构初赛模拟题/chemy/题-CM-21-03-312026年德国萨尔大学的.md,chemy,03,有机化学,初赛,4,弃卡,非目标模块,B
04-题库/2026机构初赛模拟题/chemy/题-CM-21-04-高熵材料指混合多种金属元素的.md,chemy,04,结构化学,初赛,4,入池,,
04-题库/2026机构初赛模拟题/chemy/题-CM-21-05-作为一种温室气体的大量排放将.md,chemy,05,化学原理,初赛,4,弃卡,题面含竞赛真题特征,B
04-题库/2026机构初赛模拟题/chemy/题-CM-21-06-有课题组通过以下反应合成了笼.md,chemy,06,结构化学,初赛,4,入池,,
04-题库/2026机构初赛模拟题/chemy/题-CM-21-07-Corey课题组开发了以下酰.md,chemy,07,有机化学,初赛,4,弃卡,非目标模块,B
04-题库/2026机构初赛模拟题/chemy/题-CM-21-08-氮杂环庚烷azepanes是.md,chemy,08,有机化学,初赛,4,弃卡,非目标模块,B
04-题库/2026机构初赛模拟题/chemy/题-CM-22-01-氧化钢锡ITO是一种广泛应用.md,chemy,01,结构化学,初赛,4,弃卡,题面含竞赛真题特征,B
04-题库/2026机构初赛模拟题/chemy/题-CM-22-02-氟化物A可以和硫单质反应生成.md,chemy,02,结构化学,初赛,4,弃卡,题面含竞赛真题特征,B
04-题库/2026机构初赛模拟题/chemy/题-CM-22-03-受阻Lewis酸碱对FLPs.md,chemy,03,结构化学,初赛,4,弃卡,题面含竞赛真题特征,B
04-题库/2026机构初赛模拟题/chemy/题-CM-22-04-2010年美国西北大学的JF.md,chemy,04,结构化学,初赛,4,弃卡,题面含竞赛真题特征,B
04-题库/2026机构初赛模拟题/chemy/题-CM-22-05-苯酚是化工中常用的有机底物之.md,chemy,05,有机化学,初赛,4,弃卡,非目标模块,B
04-题库/2026机构初赛模拟题/chemy/题-CM-22-06-哈珀博世法是目前各个国家合成.md,chemy,06,化学原理,初赛,4,弃卡,题面含竞赛真题特征,B
04-题库/2026机构初赛模拟题/chemy/题-CM-22-07-Phenytoin苯妥英是一.md,chemy,07,化学原理,初赛,4,弃卡,题面含竞赛真题特征,B
04-题库/2026机构初赛模拟题/chemy/题-CM-22-08-811873年Wallach.md,chemy,08,有机化学,初赛,4,弃卡,非目标模块,B
04-题库/2026机构初赛模拟题/chemy/题-CM-22-09-氟原子在天然产物中极为罕见但.md,chemy,09,化学原理,初赛,4,弃卡,题面含竞赛真题特征,B
04-题库/2026机构初赛模拟题/chemy/题-CM-41-01-测定氨基酸含量时可以采用酸碱.md,chemy,01,化学原理,初赛,4,弃卡,答案公式未转录,A
04-题库/2026机构初赛模拟题/chemy/题-CM-41-02-21在无水氟化氢中将和按摩尔.md,chemy,02,化学原理,初赛,4,弃卡,答案公式未转录,A
04-题库/2026机构初赛模拟题/chemy/题-CM-41-03-硼是一种易形成多中心键和原子.md,chemy,03,结构化学,初赛,4,弃卡,答案公式未转录,A
04-题库/2026机构初赛模拟题/chemy/题-CM-41-04-一氧化二硫为无色气体遇冷变为.md,chemy,04,元素与分析,初赛,4,入池,,
04-题库/2026机构初赛模拟题/chemy/题-CM-41-05-将配体结构如下左图与按一定的.md,chemy,05,有机化学,初赛,4,弃卡,非目标模块,B
04-题库/2026机构初赛模拟题/chemy/题-CM-41-06-有一顺磁性物质的单位体积内有.md,chemy,06,化学原理,初赛,4,入池,,
04-题库/2026机构初赛模拟题/chemy/题-CM-41-07-71石墨合成立方金刚石的物理.md,chemy,07,结构化学,初赛,4,弃卡,答案公式未转录,A
04-题库/2026机构初赛模拟题/chemy/题-CM-41-08-81通过不同的反应条件可以控.md,chemy,08,有机化学,初赛,4,弃卡,非目标模块,B
04-题库/2026机构初赛模拟题/chemy/题-CM-41-09-通过以下反应得到化合物X其化.md,chemy,09,化学原理,初赛,4,入池,,
04-题库/2026机构初赛模拟题/chemy/题-CM-41-10-01对以下化合物在酸性条件下.md,chemy,10,有机化学,初赛,4,弃卡,非目标模块,B
04-题库/2026机构初赛模拟题/chemy/题-CM-42-01-DNA是对生命现象非常重要的.md,chemy,01,结构化学,初赛,4,入池,,
04-题库/2026机构初赛模拟题/chemy/题-CM-42-02-无水氟化氢HF是无机化学中常.md,chemy,02,化学原理,初赛,4,入池,,
04-题库/2026机构初赛模拟题/chemy/题-CM-42-03-31臭氧是角形分子电偶极矩为.md,chemy,03,化学原理,初赛,4,入池,,
04-题库/2026机构初赛模拟题/chemy/题-CM-42-04-41在离子Mn3CO14中3.md,chemy,04,有机化学,初赛,4,弃卡,非目标模块,B
04-题库/2026机构初赛模拟题/chemy/题-CM-42-05-51工业制氧在目前深冷分离法.md,chemy,05,化学原理,初赛,4,入池,,
04-题库/2026机构初赛模拟题/chemy/题-CM-42-06-铁氮化物因具有良好的磁学性质.md,chemy,06,结构化学,初赛,4,入池,,
04-题库/2026机构初赛模拟题/chemy/题-CM-42-07-莫比乌斯环是一种具有代表性的.md,chemy,07,有机化学,初赛,4,弃卡,非目标模块,B
04-题库/2026机构初赛模拟题/chemy/题-CM-42-08-同芳香性指环状化合物中至少一.md,chemy,08,有机化学,初赛,4,弃卡,非目标模块,B
04-题库/2026机构初赛模拟题/chemy/题-CM-50-01-1-1焦炭粉和元明粉在高温条.md,chemy,01,结构化学,初赛,4,入池,,
04-题库/2026机构初赛模拟题/chemy/题-CM-50-02-2-1迄今为止已知最短的氮氯.md,chemy,02,结构化学,初赛,4,弃卡,有机章节,B
04-题库/2026机构初赛模拟题/chemy/题-CM-50-03-X是一种非金属单质它最早是由.md,chemy,03,元素与分析,初赛,4,入池,,
04-题库/2026机构初赛模拟题/chemy/题-CM-50-04-我们通常用势能曲线表示双原子.md,chemy,04,结构化学,初赛,4,入池,,
04-题库/2026机构初赛模拟题/chemy/题-CM-50-05-Internucleardi.md,chemy,05,元素与分析,初赛,4,入池,,
04-题库/2026机构初赛模拟题/chemy/题-CM-50-06--氧-双双-二乙基二硫代氨基.md,chemy,06,化学原理,初赛,4,入池,,
04-题库/2026机构初赛模拟题/chemy/题-CM-50-07-7-1配合物与对溴苯硫酚反应.md,chemy,07,结构化学,初赛,4,入池,,
04-题库/2026机构初赛模拟题/chemy/题-CM-50-08-8-1请使用合适的符号连接以.md,chemy,08,有机化学,初赛,4,弃卡,非目标模块,B
04-题库/2026机构初赛模拟题/chemy/题-CM-50-09-含有三元环的新型药物在对抗糖.md,chemy,09,有机化学,初赛,4,弃卡,非目标模块,B
04-题库/2026机构初赛模拟题/chemy/题-CM-50-10-10-1人们通过以下反应欲制.md,chemy,10,有机化学,初赛,4,弃卡,非目标模块,B
04-题库/2026机构初赛模拟题/chemy/题-CM-51-01-第四周期过渡金属元素M能形成.md,chemy,01,结构化学,初赛,4,入池,,
04-题库/2026机构初赛模拟题/chemy/题-CM-51-02-2-1五氟化砷能与许多含氟的.md,chemy,02,结构化学,初赛,4,入池,,
04-题库/2026机构初赛模拟题/chemy/题-CM-51-03-在金属离子的水溶液中加入一元.md,chemy,03,有机化学,初赛,4,弃卡,非目标模块,B
04-题库/2026机构初赛模拟题/chemy/题-CM-51-04-4-1以下反应中中心原子M可.md,chemy,04,结构化学,初赛,4,入池,,
04-题库/2026机构初赛模拟题/chemy/题-CM-51-05-将某非金属单质A在氩气气氛下.md,chemy,05,结构化学,初赛,4,入池,,
04-题库/2026机构初赛模拟题/chemy/题-CM-51-06-化学气相沉积是制备二维材料的.md,chemy,06,元素与分析,初赛,4,入池,,
04-题库/2026机构初赛模拟题/chemy/题-CM-51-07-金能与不同的非金属单质形成不.md,chemy,07,结构化学,初赛,4,入池,,
04-题库/2026机构初赛模拟题/chemy/题-CM-51-08-PTHF最早是在20世纪30.md,chemy,08,有机化学,初赛,4,弃卡,非目标模块,B
04-题库/2026机构初赛模拟题/chemy/题-CM-51-09-9-1一般认为格氏试剂与羰基.md,chemy,09,有机化学,初赛,4,弃卡,非目标模块,B
04-题库/2026机构初赛模拟题/chemy/题-CM-51-10-将酮与草酰氯于中充分混合反应.md,chemy,10,有机化学,初赛,4,弃卡,非目标模块,B
04-题库/2026机构初赛模拟题/chemy/题-CM-51-11-请画出以下转化中化合物AE的.md,chemy,11,结构化学,初赛,4,入池,,
04-题库/2026机构初赛模拟题/chemy/题-CM-52-01-1-1迄今为止人类已经发现了.md,chemy,01,元素与分析,初赛,4,入池,,
04-题库/2026机构初赛模拟题/chemy/题-CM-52-02-30过氧化氢溶液与金属M的硝.md,chemy,02,元素与分析,初赛,4,入池,,
04-题库/2026机构初赛模拟题/chemy/题-CM-52-03-M是一种过渡金属元素含M的某.md,chemy,03,元素与分析,初赛,4,入池,,
04-题库/2026机构初赛模拟题/chemy/题-CM-52-04-超导体又称为超导材料是指在某.md,chemy,04,结构化学,初赛,4,入池,,
04-题库/2026机构初赛模拟题/chemy/题-CM-52-05-可采取如下方法测定某硅酸盐样.md,chemy,05,元素与分析,初赛,4,入池,,
04-题库/2026机构初赛模拟题/chemy/题-CM-52-06-f区元素的阳离子由于半径大电.md,chemy,06,结构化学,初赛,4,入池,,
04-题库/2026机构初赛模拟题/chemy/题-CM-52-07-RuBeRhNb和Ti都能形.md,chemy,07,结构化学,初赛,4,入池,,
04-题库/2026机构初赛模拟题/chemy/题-CM-52-08-合成氨的反应体系是讨论化学平.md,chemy,08,有机化学,初赛,4,弃卡,非目标模块,B
04-题库/2026机构初赛模拟题/chemy/题-CM-52-09-在某些特殊取代基的存在下羰基.md,chemy,09,有机化学,初赛,4,弃卡,非目标模块,B
04-题库/2026机构初赛模拟题/chemy/题-CM-52-10-过量食用苦杏仁会导致人体中毒.md,chemy,10,有机化学,初赛,4,弃卡,非目标模块,B
04-题库/2026机构初赛模拟题/chemy/题-CM-52-11-11-1对于以下反应请画出反.md,chemy,11,有机化学,初赛,4,弃卡,非目标模块,B
04-题库/2026机构初赛模拟题/chemy/题-CM-53-01-在气相中真空热解草酸得到一种.md,chemy,01,化学原理,初赛,4,入池,,
04-题库/2026机构初赛模拟题/chemy/题-CM-53-02-2-11961年人们制得了单.md,chemy,02,有机化学,初赛,4,弃卡,非目标模块,B
04-题库/2026机构初赛模拟题/chemy/题-CM-53-03-八元环化合物X摩尔质量可由同.md,chemy,03,有机化学,初赛,4,弃卡,非目标模块,B
04-题库/2026机构初赛模拟题/chemy/题-CM-53-04-五甲基环戊二烯锌以下简记为A.md,chemy,04,有机化学,初赛,4,弃卡,非目标模块,B
04-题库/2026机构初赛模拟题/chemy/题-CM-53-05-在一些生物体中某些酶能催化焦.md,chemy,05,化学原理,初赛,4,弃卡,有机章节,B
04-题库/2026机构初赛模拟题/chemy/题-CM-53-06-在C下用CO还原金属M的氧化.md,chemy,06,结构化学,初赛,4,入池,,
04-题库/2026机构初赛模拟题/chemy/题-CM-53-07-为了测试某不纯样品中含的与的.md,chemy,07,元素与分析,初赛,4,入池,,
04-题库/2026机构初赛模拟题/chemy/题-CM-53-08-杂环化合物E二异恶唑啉是一种.md,chemy,08,有机化学,初赛,4,弃卡,非目标模块,B
04-题库/2026机构初赛模拟题/chemy/题-CM-53-09-9-1画出以下合成路线中AB.md,chemy,09,有机化学,初赛,4,弃卡,非目标模块,B
04-题库/2026机构初赛模拟题/chemy/题-CM-53-10-以下体系能经历23-重排得到.md,chemy,10,有机化学,初赛,4,弃卡,非目标模块,B
04-题库/2026机构初赛模拟题/chemy/题-CM-54-01-1-1将碱式铬酸铜溶于稀硫酸.md,chemy,01,元素与分析,初赛,4,入池,,
04-题库/2026机构初赛模拟题/chemy/题-CM-54-02-关于分子人们曾提出两种结构一.md,chemy,02,化学原理,初赛,4,入池,,
04-题库/2026机构初赛模拟题/chemy/题-CM-54-03-将短周期非金属单质A液态单质.md,chemy,03,化学原理,初赛,4,入池,,
04-题库/2026机构初赛模拟题/chemy/题-CM-54-04-如图所示是一种以蔗糖为反应物.md,chemy,04,化学原理,初赛,4,入池,,
04-题库/2026机构初赛模拟题/chemy/题-CM-54-05-A是一种由钇铟氧组成的化合物.md,chemy,05,结构化学,初赛,4,入池,,
04-题库/2026机构初赛模拟题/chemy/题-CM-54-06-分在300°C和催化剂Cu2.md,chemy,06,有机化学,初赛,4,弃卡,非目标模块,B
04-题库/2026机构初赛模拟题/chemy/题-CM-54-07-铁硫蛋白中的铁-硫簇可以在实.md,chemy,07,有机化学,初赛,4,弃卡,非目标模块,B
04-题库/2026机构初赛模拟题/chemy/题-CM-54-08-烷烃A的化学式为可以发生如下.md,chemy,08,有机化学,初赛,4,弃卡,非目标模块,B
04-题库/2026机构初赛模拟题/chemy/题-CM-54-09-通过以下反应得到了具有吲哚环.md,chemy,09,化学原理,初赛,4,入池,,
04-题库/2026机构初赛模拟题/chemy/题-CM-54-10-累积二烯烃又称聚集二烯烃是分.md,chemy,10,有机化学,初赛,4,弃卡,非目标模块,B
04-题库/2026机构初赛模拟题/chemy/题-CM-55-01-将置于密闭容器中使之充分发生.md,chemy,01,化学原理,初赛,4,入池,,
04-题库/2026机构初赛模拟题/chemy/题-CM-55-02-2-1向含的待测溶液中加入氨.md,chemy,02,化学原理,初赛,4,入池,,
04-题库/2026机构初赛模拟题/chemy/题-CM-55-03-有一金属氯化物的水合物样品其.md,chemy,03,元素与分析,初赛,4,入池,,
04-题库/2026机构初赛模拟题/chemy/题-CM-55-04-硫化硼B2S3熔点567°C.md,chemy,04,元素与分析,初赛,4,入池,,
04-题库/2026机构初赛模拟题/chemy/题-CM-55-05-1961年Vaska报导了一.md,chemy,05,有机化学,初赛,4,弃卡,非目标模块,B
04-题库/2026机构初赛模拟题/chemy/题-CM-55-06-6-1ABCD四种立方晶体均.md,chemy,06,结构化学,初赛,4,入池,,
04-题库/2026机构初赛模拟题/chemy/题-CM-55-07-化合物A是一白色固体微溶于水.md,chemy,07,元素与分析,初赛,4,入池,,
04-题库/2026机构初赛模拟题/chemy/题-CM-55-08-在酸性条件下将醛肟和酮肟转化.md,chemy,08,有机化学,初赛,4,弃卡,非目标模块,B
04-题库/2026机构初赛模拟题/chemy/题-CM-55-09-9-1许多具有环张力的物质都.md,chemy,09,有机化学,初赛,4,弃卡,非目标模块,B
04-题库/2026机构初赛模拟题/chemy/题-CM-55-10-13-偶极体是一类具有电荷分.md,chemy,10,有机化学,初赛,4,弃卡,非目标模块,B
04-题库/2026机构初赛模拟题/chemy/题-CM-56-01-1-1保险粉是一种白色砂状结.md,chemy,01,结构化学,初赛,4,入池,,
04-题库/2026机构初赛模拟题/chemy/题-CM-56-02-近日美国普林斯顿大学的研究人.md,chemy,02,化学原理,初赛,4,弃卡,有机章节,B
04-题库/2026机构初赛模拟题/chemy/题-CM-56-03-前四周期元素XYZ分居三个不.md,chemy,03,元素与分析,初赛,4,入池,,
04-题库/2026机构初赛模拟题/chemy/题-CM-56-04-钐钴合金是一种永磁材料实验室.md,chemy,04,元素与分析,初赛,4,入池,,
04-题库/2026机构初赛模拟题/chemy/题-CM-56-05-近日一研究团队发现铀的金属有.md,chemy,05,结构化学,初赛,4,入池,,
04-题库/2026机构初赛模拟题/chemy/题-CM-56-06-6-1有一含Co的单核配合物.md,chemy,06,结构化学,初赛,4,弃卡,题面泄露,A
04-题库/2026机构初赛模拟题/chemy/题-CM-56-07-高锰酸根离子在强碱性条件溶液.md,chemy,07,元素与分析,初赛,4,入池,,
04-题库/2026机构初赛模拟题/chemy/题-CM-56-08-Cytisine是一种生物碱.md,chemy,08,有机化学,初赛,4,弃卡,非目标模块,B
04-题库/2026机构初赛模拟题/chemy/题-CM-56-09-Merrilactone是一.md,chemy,09,有机化学,初赛,4,弃卡,非目标模块,B
04-题库/2026机构初赛模拟题/chemy/题-CM-56-10-通过以下路线合成了结构对称的.md,chemy,10,结构化学,初赛,4,入池,,
04-题库/2026机构初赛模拟题/chemy/题-CM-57-01-1-1画出HF的分子轨道能级.md,chemy,01,结构化学,初赛,4,入池,,
04-题库/2026机构初赛模拟题/chemy/题-CM-57-02-2-1将沉淀为沉淀洗涤后溶于.md,chemy,02,元素与分析,初赛,4,入池,,
04-题库/2026机构初赛模拟题/chemy/题-CM-57-03-环氧值是指100g环氧树脂中.md,chemy,03,有机化学,初赛,4,弃卡,非目标模块,B
04-题库/2026机构初赛模拟题/chemy/题-CM-57-04-碳化硅SiC是一种典型的原子.md,chemy,04,结构化学,初赛,4,入池,,
04-题库/2026机构初赛模拟题/chemy/题-CM-57-05-在太阳内部存在两个主要的核聚.md,chemy,05,化学原理,初赛,4,入池,,
04-题库/2026机构初赛模拟题/chemy/题-CM-57-06-现有一份混合物其中仅含三种化.md,chemy,06,有机化学,初赛,4,弃卡,非目标模块,B
04-题库/2026机构初赛模拟题/chemy/题-CM-57-07-MTO甲基三氧化铼可以以为驱.md,chemy,07,有机化学,初赛,4,弃卡,非目标模块,B
04-题库/2026机构初赛模拟题/chemy/题-CM-57-08-8-1画出下列反应产物的结构.md,chemy,08,有机化学,初赛,4,弃卡,非目标模块,B
04-题库/2026机构初赛模拟题/chemy/题-CM-57-09-9-1对环芳烷类化合物由于其.md,chemy,09,有机化学,初赛,4,弃卡,非目标模块,B
04-题库/2026机构初赛模拟题/chemy/题-CM-57-10-高价碘化合物在氧化过程中具有.md,chemy,10,有机化学,初赛,4,弃卡,非目标模块,B
04-题库/2026机构初赛模拟题/chemy/题-CM-58-01-现有以下两种化合物.md,chemy,01,有机化学,初赛,4,弃卡,非目标模块,B
04-题库/2026机构初赛模拟题/chemy/题-CM-58-02-2-1在光照下分解产生一种无.md,chemy,02,元素与分析,初赛,4,入池,,
04-题库/2026机构初赛模拟题/chemy/题-CM-58-03-3-1二氰胺负离子是一种常见.md,chemy,03,结构化学,初赛,4,入池,,
04-题库/2026机构初赛模拟题/chemy/题-CM-58-04-在C下加热金单质气体A单质气.md,chemy,04,结构化学,初赛,4,入池,,
04-题库/2026机构初赛模拟题/chemy/题-CM-58-05-实验室用如下方法测定朱砂样品.md,chemy,05,元素与分析,初赛,4,弃卡,越界（含他题内容）,A
04-题库/2026机构初赛模拟题/chemy/题-CM-58-06-近日《Science》杂志报.md,chemy,06,结构化学,初赛,4,弃卡,有机章节,B
04-题库/2026机构初赛模拟题/chemy/题-CM-58-07-MAPO-20是一种立方晶系.md,chemy,07,结构化学,初赛,4,入池,,
04-题库/2026机构初赛模拟题/chemy/题-CM-58-08-莫达非尼是一种新型的治疗嗜睡.md,chemy,08,有机化学,初赛,4,弃卡,非目标模块,B
04-题库/2026机构初赛模拟题/chemy/题-CM-58-09-9-1有机反应的产物受底物结.md,chemy,09,有机化学,初赛,4,弃卡,非目标模块,B
04-题库/2026机构初赛模拟题/chemy/题-CM-58-10-一日小王同学试图使用乙酰乙酸.md,chemy,10,有机化学,初赛,4,弃卡,非目标模块,B
04-题库/2026机构初赛模拟题/chemy/题-CM-59-01-通过以下路线得到了含五元环的.md,chemy,01,化学原理,初赛,4,弃卡,题面含竞赛真题特征,B
04-题库/2026机构初赛模拟题/chemy/题-CM-59-02-2-1直接写出上述三个物质所.md,chemy,02,化学原理,初赛,4,弃卡,题面含竞赛真题特征,B
04-题库/2026机构初赛模拟题/chemy/题-CM-59-03-3-1氮芥是最早应用于临床并.md,chemy,03,有机化学,初赛,4,弃卡,非目标模块,B
04-题库/2026机构初赛模拟题/chemy/题-CM-59-04-某同学欲合成一种特殊氨基酸M.md,chemy,04,有机化学,初赛,4,弃卡,非目标模块,B
04-题库/2026机构初赛模拟题/chemy/题-CM-59-05-奥美拉唑是较早开发的苯并咪唑.md,chemy,05,有机化学,初赛,4,弃卡,非目标模块,B
04-题库/2026机构初赛模拟题/chemy/题-CM-59-06-根据已知信息回答下列问题.md,chemy,06,结构化学,初赛,4,弃卡,题面含竞赛真题特征,B
04-题库/2026机构初赛模拟题/chemy/题-CM-59-07-金属有机功能材料MOFs在近.md,chemy,07,有机化学,初赛,4,弃卡,非目标模块,B
04-题库/2026机构初赛模拟题/chemy/题-CM-59-08-化合物G是一种重要的制备-分.md,chemy,08,有机化学,初赛,4,弃卡,非目标模块,B
04-题库/2026机构初赛模拟题/chemy/题-CM-59-09-一位叫KCNicolaou的.md,chemy,09,有机化学,初赛,4,弃卡,非目标模块,B
04-题库/2026机构初赛模拟题/chemy/题-CM-59-10-1880年ZHSkraup用.md,chemy,10,有机化学,初赛,4,弃卡,非目标模块,B
04-题库/2026机构初赛模拟题/chemy/题-CM-60-01-1-1根据信息完成下列反应的.md,chemy,01,元素与分析,初赛,4,入池,,
04-题库/2026机构初赛模拟题/chemy/题-CM-60-02-2-1人体呼吸的依次通过上呼.md,chemy,02,化学原理,初赛,4,弃卡,有机章节,B
04-题库/2026机构初赛模拟题/chemy/题-CM-60-03-镧系元素的单质都是较为活泼的.md,chemy,03,元素与分析,初赛,4,弃卡,题面泄露,A
04-题库/2026机构初赛模拟题/chemy/题-CM-60-04-电石高温下与反应得到化合物A.md,chemy,04,结构化学,初赛,4,入池,,
04-题库/2026机构初赛模拟题/chemy/题-CM-60-05-5-1钾钠合金溶于乙二醇二甲.md,chemy,05,有机化学,初赛,4,弃卡,非目标模块,B
04-题库/2026机构初赛模拟题/chemy/题-CM-60-06-尿素分子是最早由无机物合成的.md,chemy,06,结构化学,初赛,4,弃卡,答案公式未转录,A
04-题库/2026机构初赛模拟题/chemy/题-CM-60-07-2016年诺贝尔化学奖授予了.md,chemy,07,有机化学,初赛,4,弃卡,非目标模块,B
04-题库/2026机构初赛模拟题/chemy/题-CM-60-08-8-1高效的环境友好型反应一.md,chemy,08,有机化学,初赛,4,弃卡,非目标模块,B
04-题库/2026机构初赛模拟题/chemy/题-CM-60-09-窗烷是指由一个碳原子的四根共.md,chemy,09,结构化学,初赛,4,弃卡,题面泄露,A
04-题库/2026机构初赛模拟题/chemy/题-CM-60-10-碘化铊晶体具有独特的光学性质.md,chemy,10,结构化学,初赛,4,入池,,
04-题库/2026机构初赛模拟题/chemy/题-CM-60-11-近期有一篇夺人眼球的新闻报道.md,chemy,11,有机化学,初赛,4,弃卡,非目标模块,B
04-题库/2026机构初赛模拟题/chemy/题-CM-60-12-基态的原子碳C与烯烃的反应和.md,chemy,12,有机化学,初赛,4,弃卡,非目标模块,B
04-题库/2026机构初赛模拟题/chemy/题-CM-60-13-硼元素由于其独特的电子排布能.md,chemy,13,元素与分析,初赛,4,弃卡,有机章节,B
04-题库/2026机构初赛模拟题/chemy/题-CM-60-14-有机化合物中官能团的转换是有.md,chemy,14,有机化学,初赛,4,弃卡,非目标模块,B
04-题库/2026机构初赛模拟题/chemy/题-CM-60-15-CO作为工业生产的常见废物利.md,chemy,15,有机化学,初赛,4,弃卡,非目标模块,B
04-题库/2026机构初赛模拟题/chemy/题-CM-60-16-晶体的表面由于原子价不饱和从.md,chemy,16,结构化学,初赛,4,入池,,
04-题库/2026机构初赛模拟题/chemy/题-CM-60-17-实验室决定对某一常见二元化合.md,chemy,17,结构化学,初赛,4,入池,,
04-题库/2026机构初赛模拟题/chemy/题-CM-60-18-人们通过以下反应得到了化合物.md,chemy,18,结构化学,初赛,4,入池,,
04-题库/2026机构初赛模拟题/chemy/题-CM-60-19-在某溶剂中亲核取代反应可能以.md,chemy,19,有机化学,初赛,4,弃卡,非目标模块,B
04-题库/2026机构初赛模拟题/chemy/题-CM-60-20-金属元素Bi和非金属元素OF.md,chemy,20,结构化学,初赛,4,入池,,
04-题库/2026机构初赛模拟题/chemy/题-CM-60-21-全氟碳类化合物是一大类具有广.md,chemy,21,有机化学,初赛,4,弃卡,非目标模块,B
04-题库/2026机构初赛模拟题/chemy/题-CM-60-22-将金属镧与第三周期非金属单质.md,chemy,22,结构化学,初赛,4,入池,,
04-题库/2026机构初赛模拟题/chemy/题-CM-61-01-X-射线衍射表明抗磁性粉红色.md,chemy,01,结构化学,初赛,4,入池,,
04-题库/2026机构初赛模拟题/chemy/题-CM-61-02-回答以下问题.md,chemy,02,结构化学,初赛,4,入池,,
04-题库/2026机构初赛模拟题/chemy/题-CM-61-03-3-1低温下将超氧化物置于含.md,chemy,03,元素与分析,初赛,4,弃卡,有机章节,B
04-题库/2026机构初赛模拟题/chemy/题-CM-61-04-金属与硝酸反应的产物非常复杂.md,chemy,04,元素与分析,初赛,4,入池,,
04-题库/2026机构初赛模拟题/chemy/题-CM-61-05-下在Xs和的平衡体系中可能存.md,chemy,05,化学原理,初赛,4,入池,,
04-题库/2026机构初赛模拟题/chemy/题-CM-61-06-人们发现碱金属氧化物可以引发.md,chemy,06,结构化学,初赛,4,入池,,
04-题库/2026机构初赛模拟题/chemy/题-CM-61-07-周环反应是一类非常实用的反应.md,chemy,07,有机化学,初赛,4,弃卡,非目标模块,B
04-题库/2026机构初赛模拟题/chemy/题-CM-61-08-以下是化合物Primaqui.md,chemy,08,有机化学,初赛,4,弃卡,非目标模块,B
04-题库/2026机构初赛模拟题/chemy/题-CM-61-09-9-1以下反应得到了互为同分.md,chemy,09,有机化学,初赛,4,弃卡,非目标模块,B
04-题库/2026机构初赛模拟题/chemy/题-CM-62-01-1-1与反应放出能使澄清石灰.md,chemy,01,结构化学,初赛,4,弃卡,有机章节,B
04-题库/2026机构初赛模拟题/chemy/题-CM-62-02-2-1化学式为的碘VII的化.md,chemy,02,结构化学,初赛,4,入池,,
04-题库/2026机构初赛模拟题/chemy/题-CM-62-03-金属与硫能形成多种多样的团簇.md,chemy,03,元素与分析,初赛,4,入池,,
04-题库/2026机构初赛模拟题/chemy/题-CM-62-04-将和置于预先抽真空的特制5L.md,chemy,04,元素与分析,初赛,4,弃卡,题面泄露,A
04-题库/2026机构初赛模拟题/chemy/题-CM-62-05-元素的常见氯化物为白色固体在.md,chemy,05,元素与分析,初赛,4,入池,,
04-题库/2026机构初赛模拟题/chemy/题-CM-62-06-二元合金具有较为复杂的层状晶.md,chemy,06,结构化学,初赛,4,入池,,
04-题库/2026机构初赛模拟题/chemy/题-CM-62-07-7-1对于以下反应.md,chemy,07,有机化学,初赛,4,弃卡,非目标模块,B
04-题库/2026机构初赛模拟题/chemy/题-CM-62-08-8-1-Cyanthiwig.md,chemy,08,有机化学,初赛,4,弃卡,非目标模块,B
04-题库/2026机构初赛模拟题/chemy/题-CM-62-09-螺旋桨烷Propellane.md,chemy,09,有机化学,初赛,4,弃卡,非目标模块,B
04-题库/2026机构初赛模拟题/chemy/题-CM-63-01-1-1钍的同位素具有一定的放.md,chemy,01,元素与分析,初赛,4,入池,,
04-题库/2026机构初赛模拟题/chemy/题-CM-63-02-2-1四配位的一般具有杂化的.md,chemy,02,结构化学,初赛,4,入池,,
04-题库/2026机构初赛模拟题/chemy/题-CM-63-03-二氧化钛除金红石外还有多种晶.md,chemy,03,结构化学,初赛,4,入池,,
04-题库/2026机构初赛模拟题/chemy/题-CM-63-04-盐A为白色带结晶水粉末在皮革.md,chemy,04,有机化学,初赛,4,弃卡,非目标模块,B
04-题库/2026机构初赛模拟题/chemy/题-CM-63-05-在催化剂存在下将二羧酸与甲醇.md,chemy,05,有机化学,初赛,4,弃卡,非目标模块,B
04-题库/2026机构初赛模拟题/chemy/题-CM-63-06-M为灰白色金属单质能溶于酸碱.md,chemy,06,元素与分析,初赛,4,入池,,
04-题库/2026机构初赛模拟题/chemy/题-CM-63-07-7-1在中Al均为6配位F仅.md,chemy,07,结构化学,初赛,4,弃卡,有机章节,B
04-题库/2026机构初赛模拟题/chemy/题-CM-63-08-8-1以下化合物A结合质子时.md,chemy,08,元素与分析,初赛,4,入池,,
04-题库/2026机构初赛模拟题/chemy/题-CM-63-09-9-1如图所示的化合物在叔丁.md,chemy,09,有机化学,初赛,4,弃卡,非目标模块,B
04-题库/2026机构初赛模拟题/chemy/题-CM-63-10-10-1通过以下反应欲制得却.md,chemy,10,结构化学,初赛,4,入池,,
04-题库/2026机构初赛模拟题/chemy/题-CM-64-01-1-1将羟胺的酸性溶液加热得.md,chemy,01,元素与分析,初赛,4,入池,,
04-题库/2026机构初赛模拟题/chemy/题-CM-64-02-硼氮阴离子与镧能形成丰富多彩.md,chemy,02,元素与分析,初赛,4,入池,,
04-题库/2026机构初赛模拟题/chemy/题-CM-64-03-3-1一定条件下低氧化态过渡.md,chemy,03,有机化学,初赛,4,弃卡,非目标模块,B
04-题库/2026机构初赛模拟题/chemy/题-CM-64-04-由于有机铝化合物具有缺电子的.md,chemy,04,化学原理,初赛,4,入池,,
04-题库/2026机构初赛模拟题/chemy/题-CM-64-05-金属钴的晶体既可以呈现立方最.md,chemy,05,结构化学,初赛,4,入池,,
04-题库/2026机构初赛模拟题/chemy/题-CM-64-06-钠盐为白色晶体在无氧条件下稳.md,chemy,06,元素与分析,初赛,4,入池,,
04-题库/2026机构初赛模拟题/chemy/题-CM-64-07-现有一份氯化钾和氰化钾的混合.md,chemy,07,化学原理,初赛,4,入池,,
04-题库/2026机构初赛模拟题/chemy/题-CM-64-08-A为芳香化合物其分子式为将加.md,chemy,08,有机化学,初赛,4,弃卡,非目标模块,B
04-题库/2026机构初赛模拟题/chemy/题-CM-64-09-9-1在R基不同时右图所示的.md,chemy,09,化学原理,初赛,4,弃卡,有机章节,B
04-题库/2026机构初赛模拟题/chemy/题-CM-64-10-Barriault于2002.md,chemy,10,有机化学,初赛,4,弃卡,非目标模块,B
04-题库/2026机构初赛模拟题/chemy/题-CM-65-01-1-1在时黄铁矿与硫酸铁溶液.md,chemy,01,元素与分析,初赛,4,入池,,
04-题库/2026机构初赛模拟题/chemy/题-CM-65-02-是一种新型的含氮阳离子稳定性.md,chemy,02,结构化学,初赛,4,弃卡,答案公式未转录,A
04-题库/2026机构初赛模拟题/chemy/题-CM-65-03-为纪念门捷列夫发现元素周期律.md,chemy,03,元素与分析,初赛,4,弃卡,越界（含他题内容）,A
04-题库/2026机构初赛模拟题/chemy/题-CM-65-04-将一定量的记为溶于二氯乙烷溶.md,chemy,04,有机化学,初赛,4,弃卡,非目标模块,B
04-题库/2026机构初赛模拟题/chemy/题-CM-65-05-5-1金属硫化物具有丰富多彩.md,chemy,05,结构化学,初赛,4,弃卡,越界（含他题内容）,A
04-题库/2026机构初赛模拟题/chemy/题-CM-65-06-6-1化学式为的化合物中含有.md,chemy,06,元素与分析,初赛,4,入池,,
04-题库/2026机构初赛模拟题/chemy/题-CM-65-07-在氮气保护下在苯乙烯的环己烷.md,chemy,07,有机化学,初赛,4,弃卡,非目标模块,B
04-题库/2026机构初赛模拟题/chemy/题-CM-65-08-8-1有一种通过环加成反应合.md,chemy,08,有机化学,初赛,4,弃卡,非目标模块,B
04-题库/2026机构初赛模拟题/chemy/题-CM-65-09-9-1在氨基钠的液氨溶液中2.md,chemy,09,有机化学,初赛,4,弃卡,非目标模块,B
04-题库/2026机构初赛模拟题/chemy/题-CM-65-10-10-1画出以下合成路线中A.md,chemy,10,有机化学,初赛,4,弃卡,非目标模块,B
04-题库/2026机构初赛模拟题/chemy/题-CM-66-01-含金属M的不溶于水的黑色粉末.md,chemy,01,元素与分析,初赛,4,入池,,
04-题库/2026机构初赛模拟题/chemy/题-CM-66-02-空气中的氨气对人体粘膜有腐蚀.md,chemy,02,元素与分析,初赛,4,入池,,
04-题库/2026机构初赛模拟题/chemy/题-CM-66-03-A是一种一元酸其摩尔质量在医.md,chemy,03,化学原理,初赛,4,入池,,
04-题库/2026机构初赛模拟题/chemy/题-CM-66-04-多铁性材料是指包含两种及两种.md,chemy,04,结构化学,初赛,4,入池,,
04-题库/2026机构初赛模拟题/chemy/题-CM-66-05-氢是元素周期表中半径最小的元.md,chemy,05,结构化学,初赛,4,入池,,
04-题库/2026机构初赛模拟题/chemy/题-CM-66-06-有机金属化合物中金属与碳有多.md,chemy,06,有机化学,初赛,4,弃卡,非目标模块,B
04-题库/2026机构初赛模拟题/chemy/题-CM-66-07-向的溶液中加入反应生成等量的.md,chemy,07,结构化学,初赛,4,入池,,
04-题库/2026机构初赛模拟题/chemy/题-CM-66-08-有机化学中的迁移反应常伴随有.md,chemy,08,有机化学,初赛,4,弃卡,非目标模块,B
04-题库/2026机构初赛模拟题/chemy/题-CM-66-09-9-1通过以下反应得到了碘代.md,chemy,09,结构化学,初赛,4,弃卡,答案公式未转录,A
04-题库/2026机构初赛模拟题/chemy/题-CM-66-10-1966年化学家们首次合成了.md,chemy,10,有机化学,初赛,4,弃卡,非目标模块,B
04-题库/2026机构初赛模拟题/chemy/题-CM-67-01-氮含氧酸盐的种类和结构丰富多.md,chemy,01,元素与分析,初赛,4,入池,,
04-题库/2026机构初赛模拟题/chemy/题-CM-67-02-2-1将与硫单质按计量系数比.md,chemy,02,结构化学,初赛,4,弃卡,有机章节,B
04-题库/2026机构初赛模拟题/chemy/题-CM-67-03-3-1银在自然界中仅存在和两.md,chemy,03,有机化学,初赛,4,弃卡,非目标模块,B
04-题库/2026机构初赛模拟题/chemy/题-CM-67-04-将DMPDA溶液与溶液混合室.md,chemy,04,有机化学,初赛,4,弃卡,非目标模块,B
04-题库/2026机构初赛模拟题/chemy/题-CM-67-05-西洛他唑记为X与二甲基--环.md,chemy,05,化学原理,初赛,4,入池,,
04-题库/2026机构初赛模拟题/chemy/题-CM-67-06-向的二氯甲烷溶液中加入适量碘.md,chemy,06,结构化学,初赛,4,入池,,
04-题库/2026机构初赛模拟题/chemy/题-CM-67-07-聚丙烯是由丙烯聚合而制得的一.md,chemy,07,有机化学,初赛,4,弃卡,非目标模块,B
04-题库/2026机构初赛模拟题/chemy/题-CM-67-08-8-1请画出以下合成路线中化.md,chemy,08,有机化学,初赛,4,弃卡,非目标模块,B
04-题库/2026机构初赛模拟题/chemy/题-CM-67-09-如下式所示以下碳正离子能发生.md,chemy,09,有机化学,初赛,4,弃卡,非目标模块,B
04-题库/2026机构初赛模拟题/chemy/题-CM-67-10-10-1将以下桥环化合物加热.md,chemy,10,有机化学,初赛,4,弃卡,非目标模块,B
04-题库/2026机构初赛模拟题/chemy/题-CM-68-01-1-1磷酸氢钠-磷酸二氢钠缓.md,chemy,01,有机化学,初赛,4,弃卡,非目标模块,B
04-题库/2026机构初赛模拟题/chemy/题-CM-68-02-为银白色可延性金属在室温下不.md,chemy,02,结构化学,初赛,4,入池,,
04-题库/2026机构初赛模拟题/chemy/题-CM-68-03-吉尔伯特牛顿路易斯于1924.md,chemy,03,化学原理,初赛,4,弃卡,题面泄露,A
04-题库/2026机构初赛模拟题/chemy/题-CM-68-04-4-1反应在两容器均为下达到.md,chemy,04,化学原理,初赛,4,入池,,
04-题库/2026机构初赛模拟题/chemy/题-CM-68-05-将水合盐置于流动的氧气氛中加.md,chemy,05,有机化学,初赛,4,弃卡,非目标模块,B
04-题库/2026机构初赛模拟题/chemy/题-CM-68-06-在氧分压为atm的环境下加热.md,chemy,06,元素与分析,初赛,4,入池,,
04-题库/2026机构初赛模拟题/chemy/题-CM-68-07-在甲基锂晶体中Li只以Li4.md,chemy,07,结构化学,初赛,4,入池,,
04-题库/2026机构初赛模拟题/chemy/题-CM-68-08-对于以下反应路线.md,chemy,08,化学原理,初赛,4,入池,,
04-题库/2026机构初赛模拟题/chemy/题-CM-68-09-有一种合成环丙烷衍生物的方法.md,chemy,09,有机化学,初赛,4,弃卡,非目标模块,B
04-题库/2026机构初赛模拟题/chemy/题-CM-68-10-化合物F是Codeine合成.md,chemy,10,有机化学,初赛,4,弃卡,非目标模块,B
04-题库/2026机构初赛模拟题/chemy/题-CM-69-01-1-1在液氨中被还原为单质.md,chemy,01,元素与分析,初赛,4,入池,,
04-题库/2026机构初赛模拟题/chemy/题-CM-69-02-2-1金属离子在特定酸度的溶.md,chemy,02,结构化学,初赛,4,入池,,
04-题库/2026机构初赛模拟题/chemy/题-CM-69-03-将和溶于无水甲醇中充分加热回.md,chemy,03,结构化学,初赛,4,入池,,
04-题库/2026机构初赛模拟题/chemy/题-CM-69-04-4-1将过渡金属氯化物与过渡.md,chemy,04,结构化学,初赛,4,弃卡,越界（含他题内容）,A
04-题库/2026机构初赛模拟题/chemy/题-CM-69-05-非金属单质为灰黑色固体具有金.md,chemy,05,结构化学,初赛,4,弃卡,答案公式未转录,A
04-题库/2026机构初赛模拟题/chemy/题-CM-69-06-6-1五氧化二钒常由于氧缺陷.md,chemy,06,元素与分析,初赛,4,弃卡,越界（含他题内容）,A
04-题库/2026机构初赛模拟题/chemy/题-CM-69-07-如下图所示的三嵌段共聚物具有.md,chemy,07,有机化学,初赛,4,弃卡,非目标模块,B
04-题库/2026机构初赛模拟题/chemy/题-CM-69-08-如图所示在乙酸溶剂中苯基丙二.md,chemy,08,有机化学,初赛,4,弃卡,非目标模块,B
04-题库/2026机构初赛模拟题/chemy/题-CM-69-09-9-1蒽在一些有机反应中能起.md,chemy,09,有机化学,初赛,4,弃卡,非目标模块,B
04-题库/2026机构初赛模拟题/chemy/题-CM-69-10-10-1以下反应经带电荷中间.md,chemy,10,有机化学,初赛,4,弃卡,非目标模块,B
04-题库/2026机构初赛模拟题/chemy/题-CM-70-01-1-1预测下图所示反应主要生.md,chemy,01,有机化学,初赛,4,弃卡,非目标模块,B
04-题库/2026机构初赛模拟题/chemy/题-CM-70-02-2-1标明下图所示反应A中手.md,chemy,02,有机化学,初赛,4,弃卡,非目标模块,B
04-题库/2026机构初赛模拟题/chemy/题-CM-70-03-布洛芬Ibuprofen是一.md,chemy,03,有机化学,初赛,4,弃卡,非目标模块,B
04-题库/2026机构初赛模拟题/chemy/题-CM-70-04-通过以下合成路线得到了含有四.md,chemy,04,有机化学,初赛,4,弃卡,非目标模块,B
04-题库/2026机构初赛模拟题/chemy/题-CM-70-05-盐酸沙格雷酯I是日本Mits.md,chemy,05,有机化学,初赛,4,弃卡,非目标模块,B
04-题库/2026机构初赛模拟题/chemy/题-CM-70-06-6-1通过以下反应得到了八元.md,chemy,06,有机化学,初赛,4,弃卡,非目标模块,B
04-题库/2026机构初赛模拟题/chemy/题-CM-70-07-学习有机化学应当加强对于有机.md,chemy,07,有机化学,初赛,4,弃卡,非目标模块,B
04-题库/2026机构初赛模拟题/chemy/题-CM-70-08-在有机化学中对底物的结构或者.md,chemy,08,有机化学,初赛,4,弃卡,非目标模块,B
04-题库/2026机构初赛模拟题/chemy/题-CM-70-09-溴化反应具有较高的立体选择性.md,chemy,09,有机化学,初赛,4,弃卡,非目标模块,B
04-题库/2026机构初赛模拟题/chemy/题-CM-71-01-1-1判断下列物质的酸性强弱.md,chemy,01,有机化学,初赛,4,弃卡,非目标模块,B
04-题库/2026机构初赛模拟题/chemy/题-CM-71-02-是一种常用氧化剂可以用来氧化.md,chemy,02,有机化学,初赛,4,弃卡,非目标模块,B
04-题库/2026机构初赛模拟题/chemy/题-CM-71-03-1883年Hofmann研究.md,chemy,03,有机化学,初赛,4,弃卡,非目标模块,B
04-题库/2026机构初赛模拟题/chemy/题-CM-71-04-4-1以下两个反应均为Gro.md,chemy,04,元素与分析,初赛,4,弃卡,有机章节,B
04-题库/2026机构初赛模拟题/chemy/题-CM-71-05-5-1355-三甲基环己-2.md,chemy,05,有机化学,初赛,4,弃卡,非目标模块,B
04-题库/2026机构初赛模拟题/chemy/题-CM-71-06-6-1在二氯甲烷中将常见有机.md,chemy,06,有机化学,初赛,4,弃卡,非目标模块,B
04-题库/2026机构初赛模拟题/chemy/题-CM-71-07-7-1对于二甲醚A由于其两个.md,chemy,07,有机化学,初赛,4,弃卡,非目标模块,B
04-题库/2026机构初赛模拟题/chemy/题-CM-71-08-硼氢化钠是有机化学中常用的还.md,chemy,08,有机化学,初赛,4,弃卡,非目标模块,B
04-题库/2026机构初赛模拟题/chemy/题-CM-71-09-第9题.md,chemy,09,有机化学,初赛,4,弃卡,非目标模块,B
04-题库/2026机构初赛模拟题/chemy/题-CM-71-10-方酸曾经出现在2009年初赛.md,chemy,10,有机化学,初赛,4,弃卡,非目标模块,B
04-题库/2026机构初赛模拟题/chemy/题-CM-72-01-1-1氟化氢和氯化氢可以由氟.md,chemy,01,结构化学,初赛,4,入池,,
04-题库/2026机构初赛模拟题/chemy/题-CM-72-02-2-1生理盐水是指的氯化钠水.md,chemy,02,化学原理,初赛,4,入池,,
04-题库/2026机构初赛模拟题/chemy/题-CM-72-03-3-1现有晶体欲将其用溶液处.md,chemy,03,化学原理,初赛,4,入池,,
04-题库/2026机构初赛模拟题/chemy/题-CM-72-04-是一种二元弱酸摩尔质量可以作.md,chemy,04,结构化学,初赛,4,入池,,
04-题库/2026机构初赛模拟题/chemy/题-CM-72-05-在下请计算的溶解度.md,chemy,05,元素与分析,初赛,4,入池,,
04-题库/2026机构初赛模拟题/chemy/题-CM-72-06-通过以下实验测定乙酸电离的平.md,chemy,06,化学原理,初赛,4,入池,,
04-题库/2026机构初赛模拟题/chemy/题-CM-72-07-7-1暗红色固体是众所周知的.md,chemy,07,元素与分析,初赛,4,入池,,
04-题库/2026机构初赛模拟题/chemy/题-CM-72-08-8-1某种漂白剂在下会较快自.md,chemy,08,化学原理,初赛,4,弃卡,越界（含他题内容）,A
04-题库/2026机构初赛模拟题/chemy/题-CM-72-09-右图是的结构Ln表示稀土原子.md,chemy,09,结构化学,初赛,4,入池,,
04-题库/2026机构初赛模拟题/chemy/题-CM-72-10-X-射线衍射表明化合物是一种.md,chemy,10,结构化学,初赛,4,入池,,
04-题库/2026机构初赛模拟题/chemy/题-CM-73-01-1-1高氯酸铵与碳作用可以引.md,chemy,01,元素与分析,初赛,4,入池,,
04-题库/2026机构初赛模拟题/chemy/题-CM-73-02-2-1将与反应能得到在酸性条.md,chemy,02,结构化学,初赛,4,入池,,
04-题库/2026机构初赛模拟题/chemy/题-CM-73-03-在近中性的溶液中过二硫酸根离.md,chemy,03,化学原理,初赛,4,入池,,
04-题库/2026机构初赛模拟题/chemy/题-CM-73-04-请根据所给的数据完成下列计算.md,chemy,04,元素与分析,初赛,4,入池,,
04-题库/2026机构初赛模拟题/chemy/题-CM-73-05-在电化学中电极电势不仅仅可以.md,chemy,05,化学原理,初赛,4,入池,,
04-题库/2026机构初赛模拟题/chemy/题-CM-73-06-最近的计算研究发现在特殊条件.md,chemy,06,结构化学,初赛,4,入池,,
04-题库/2026机构初赛模拟题/chemy/题-CM-73-07-Wilkinson催化剂是一.md,chemy,07,有机化学,初赛,4,弃卡,非目标模块,B
04-题库/2026机构初赛模拟题/chemy/题-CM-73-08-8-1将溶于甲醇中于下加热可.md,chemy,08,结构化学,初赛,4,弃卡,越界（含他题内容）,A
04-题库/2026机构初赛模拟题/chemy/题-CM-73-09-簇合物在主族元素发展中起着比.md,chemy,09,结构化学,初赛,4,入池,,
04-题库/2026机构初赛模拟题/chemy/题-CM-73-10-最近科学家们发现通过以下反应.md,chemy,10,有机化学,初赛,4,弃卡,非目标模块,B
04-题库/2026机构初赛模拟题/chemy/题-CM-73-11-11-1画出下列反应的关键中.md,chemy,11,结构化学,初赛,4,入池,,
04-题库/2026机构初赛模拟题/chemy/题-CM-73-12-Favorskii重排反应是.md,chemy,12,有机化学,初赛,4,弃卡,非目标模块,B
04-题库/2026机构初赛模拟题/chemy/题-CM-73-13-由五种短周期元素构成的型离子.md,chemy,13,结构化学,初赛,4,弃卡,越界（含他题内容）,A
04-题库/2026机构初赛模拟题/chemy/题-CM-73-14-P4的一些转化由于P4的.md,chemy,14,有机化学,初赛,4,弃卡,非目标模块,B
04-题库/2026机构初赛模拟题/chemy/题-CM-73-15-近期人们发现可以通过反应生成.md,chemy,15,有机化学,初赛,4,弃卡,非目标模块,B
04-题库/2026机构初赛模拟题/chemy/题-CM-73-16-16-1一种高效合成化合物及.md,chemy,16,有机化学,初赛,4,弃卡,非目标模块,B
04-题库/2026机构初赛模拟题/chemy/题-CM-73-17-氟化学在化学研究领域一直是令.md,chemy,17,有机化学,初赛,4,弃卡,非目标模块,B
04-题库/2026机构初赛模拟题/chemy/题-CM-74-01-1-1将六氟化硫通入沸腾的金.md,chemy,01,元素与分析,初赛,4,入池,,
04-题库/2026机构初赛模拟题/chemy/题-CM-74-02-在催化剂存在下丁烯脱氢可生成.md,chemy,02,有机化学,初赛,4,弃卡,非目标模块,B
04-题库/2026机构初赛模拟题/chemy/题-CM-74-03-白葡萄酒是用葡萄汁酿造而成的.md,chemy,03,化学原理,初赛,4,入池,,
04-题库/2026机构初赛模拟题/chemy/题-CM-74-04-4-1平面五边形配位是一种较.md,chemy,04,结构化学,初赛,4,入池,,
04-题库/2026机构初赛模拟题/chemy/题-CM-74-05-5-1在-78°C下将其中表.md,chemy,05,结构化学,初赛,4,入池,,
04-题库/2026机构初赛模拟题/chemy/题-CM-74-06-某复盐属四方晶系含钙和XYZ.md,chemy,06,结构化学,初赛,4,弃卡,越界（含他题内容）,A
04-题库/2026机构初赛模拟题/chemy/题-CM-74-07-在水溶液中能与配体R形成配离.md,chemy,07,化学原理,初赛,4,入池,,
04-题库/2026机构初赛模拟题/chemy/题-CM-74-08-反式十氢化萘衍生物A和B具有.md,chemy,08,有机化学,初赛,4,弃卡,非目标模块,B
04-题库/2026机构初赛模拟题/chemy/题-CM-74-09-9-1有一种微波促进合成吡咯.md,chemy,09,结构化学,初赛,4,弃卡,答案公式未转录,A
04-题库/2026机构初赛模拟题/chemy/题-CM-74-10-10-1以环戊二烯钠为底物进.md,chemy,10,有机化学,初赛,4,弃卡,非目标模块,B
04-题库/2026机构初赛模拟题/chemy/题-CM-75-01-玄武质岩浆是指含量小于52的.md,chemy,01,元素与分析,初赛,4,入池,,
04-题库/2026机构初赛模拟题/chemy/题-CM-75-02-人们很早就发现配离子形成的盐.md,chemy,02,结构化学,初赛,4,入池,,
04-题库/2026机构初赛模拟题/chemy/题-CM-75-03-X是一种钾盐粉末摩尔质量42.md,chemy,03,元素与分析,初赛,4,入池,,
04-题库/2026机构初赛模拟题/chemy/题-CM-75-04-将LiCyNCHNCyCy为.md,chemy,04,结构化学,初赛,4,弃卡,有机章节,B
04-题库/2026机构初赛模拟题/chemy/题-CM-75-05-主族元素与MoVI可形成多种.md,chemy,05,化学原理,初赛,4,入池,,
04-题库/2026机构初赛模拟题/chemy/题-CM-75-06-1891年MREngel令浓.md,chemy,06,结构化学,初赛,4,弃卡,越界（含他题内容）,A
04-题库/2026机构初赛模拟题/chemy/题-CM-75-07-7-1理论研究表明在光照条件.md,chemy,07,结构化学,初赛,4,入池,,
04-题库/2026机构初赛模拟题/chemy/题-CM-75-08-8-1将萘和硫酸混合加热至C.md,chemy,08,有机化学,初赛,4,弃卡,非目标模块,B
04-题库/2026机构初赛模拟题/chemy/题-CM-75-09-将化合物X结构如下图所示溶于.md,chemy,09,结构化学,初赛,4,入池,,
04-题库/2026机构初赛模拟题/chemy/题-CM-75-10-10-1画出以下转化过程中所.md,chemy,10,有机化学,初赛,4,弃卡,非目标模块,B
04-题库/2026机构初赛模拟题/chemy/题-CM-76-01-1-1《无机化学丛书》第一卷.md,chemy,01,元素与分析,初赛,4,入池,,
04-题库/2026机构初赛模拟题/chemy/题-CM-76-02-完成以下关于晶体场理论的题目.md,chemy,02,结构化学,初赛,4,入池,,
04-题库/2026机构初赛模拟题/chemy/题-CM-76-03-现有一种铼的多核配合物X制备.md,chemy,03,结构化学,初赛,4,弃卡,有机章节,B
04-题库/2026机构初赛模拟题/chemy/题-CM-76-04-在四元化合物中Cl和O为堆积.md,chemy,04,结构化学,初赛,4,入池,,
04-题库/2026机构初赛模拟题/chemy/题-CM-76-05-PbII所形成的两性氧化物P.md,chemy,05,化学原理,初赛,4,入池,,
04-题库/2026机构初赛模拟题/chemy/题-CM-76-06-某课题组研究类似生物氢化酶的.md,chemy,06,结构化学,初赛,4,弃卡,有机章节,B
04-题库/2026机构初赛模拟题/chemy/题-CM-76-07-7-1判断下列化合物是否具有.md,chemy,07,有机化学,初赛,4,弃卡,非目标模块,B
04-题库/2026机构初赛模拟题/chemy/题-CM-76-08-Smile重排反应涉及到经典.md,chemy,08,有机化学,初赛,4,弃卡,非目标模块,B
04-题库/2026机构初赛模拟题/chemy/题-CM-76-09-JamesRFuchs和Ra.md,chemy,09,有机化学,初赛,4,弃卡,非目标模块,B
04-题库/2026机构初赛模拟题/chemy/题-CM-77-01-A和B为同族金属元素能形成化.md,chemy,01,元素与分析,初赛,4,入池,,
04-题库/2026机构初赛模拟题/chemy/题-CM-77-02-2-1碲与氯形成的八面体能通.md,chemy,02,结构化学,初赛,4,入池,,
04-题库/2026机构初赛模拟题/chemy/题-CM-77-03-化合物I是一种较强的有机碱向.md,chemy,03,有机化学,初赛,4,弃卡,非目标模块,B
04-题库/2026机构初赛模拟题/chemy/题-CM-77-04-镉与钽形成了一种复合氧化物该.md,chemy,04,结构化学,初赛,4,入池,,
04-题库/2026机构初赛模拟题/chemy/题-CM-77-05-将和KOH按一定比例混合加入.md,chemy,05,结构化学,初赛,4,入池,,
04-题库/2026机构初赛模拟题/chemy/题-CM-77-06-在DNA中存在四种碱基ATC.md,chemy,06,有机化学,初赛,4,弃卡,非目标模块,B
04-题库/2026机构初赛模拟题/chemy/题-CM-77-07-碘化内酯化反应是构筑内酯结构.md,chemy,07,有机化学,初赛,4,弃卡,非目标模块,B
04-题库/2026机构初赛模拟题/chemy/题-CM-77-08-砷能与许多有机基团形成有机胂.md,chemy,08,结构化学,初赛,4,弃卡,有机章节,B
04-题库/2026机构初赛模拟题/chemy/题-CM-77-09-辉银矿和角银矿AgCl是自然.md,chemy,09,元素与分析,初赛,4,弃卡,越界（含他题内容）,A
04-题库/2026机构初赛模拟题/chemy/题-CM-77-10-低温下将五甲基环戊二烯基四氯.md,chemy,10,元素与分析,初赛,4,入池,,
04-题库/2026机构初赛模拟题/chemy/题-CM-77-11-巧妙地利用保护基的其他性质有.md,chemy,11,有机化学,初赛,4,弃卡,非目标模块,B
04-题库/2026机构初赛模拟题/chemy/题-CM-78-01-1-1用CaO与Mg单质共热.md,chemy,01,元素与分析,初赛,4,入池,,
04-题库/2026机构初赛模拟题/chemy/题-CM-78-02-闲来无事的时候阅读一些国标也.md,chemy,02,元素与分析,初赛,4,弃卡,越界（含他题内容）,A
04-题库/2026机构初赛模拟题/chemy/题-CM-78-03-在学习过程中对一些物理量的数.md,chemy,03,化学原理,初赛,4,入池,,
04-题库/2026机构初赛模拟题/chemy/题-CM-78-04-天然水中两种离子的含量分析是.md,chemy,04,元素与分析,初赛,4,入池,,
04-题库/2026机构初赛模拟题/chemy/题-CM-78-05-将燃烧反应制成燃料电池可以有.md,chemy,05,化学原理,初赛,4,入池,,
04-题库/2026机构初赛模拟题/chemy/题-CM-78-06-以氧化随后将固体真空脱气处理.md,chemy,06,结构化学,初赛,4,入池,,
04-题库/2026机构初赛模拟题/chemy/题-CM-78-07-配体-MNT可以与Cu形成有.md,chemy,07,结构化学,初赛,4,入池,,
04-题库/2026机构初赛模拟题/chemy/题-CM-78-08-观察如下反应.md,chemy,08,有机化学,初赛,4,弃卡,非目标模块,B
04-题库/2026机构初赛模拟题/chemy/题-CM-78-09-1988年丹麦某课题组在试图.md,chemy,09,有机化学,初赛,4,弃卡,非目标模块,B
04-题库/2026机构初赛模拟题/chemy/题-CM-78-10-观察如下反应.md,chemy,10,有机化学,初赛,4,弃卡,非目标模块,B
04-题库/2026机构初赛模拟题/chemy/题-CM-79-01-1-1将NO通入四羰基合钴酸.md,chemy,01,有机化学,初赛,4,弃卡,非目标模块,B
04-题库/2026机构初赛模拟题/chemy/题-CM-79-02-是氧元素的一种不稳定单质浓度.md,chemy,02,有机化学,初赛,4,弃卡,非目标模块,B
04-题库/2026机构初赛模拟题/chemy/题-CM-79-03-元素M在早期被广泛地运用于药.md,chemy,03,元素与分析,初赛,4,入池,,
04-题库/2026机构初赛模拟题/chemy/题-CM-79-04-化合物A是首例非线性碱土金属.md,chemy,04,结构化学,初赛,4,弃卡,越界（含他题内容）,A
04-题库/2026机构初赛模拟题/chemy/题-CM-79-05-硼烷中存在着四种键型s代表B.md,chemy,05,结构化学,初赛,4,入池,,
04-题库/2026机构初赛模拟题/chemy/题-CM-79-06-6-1-1由氮分子做配体的配.md,chemy,06,结构化学,初赛,4,入池,,
04-题库/2026机构初赛模拟题/chemy/题-CM-79-07-已知气相可逆的基元反应在时标.md,chemy,07,化学原理,初赛,4,入池,,
04-题库/2026机构初赛模拟题/chemy/题-CM-79-08-8-1将下列化合物的碱性从强.md,chemy,08,化学原理,初赛,4,入池,,
04-题库/2026机构初赛模拟题/chemy/题-CM-79-09-9-1已知Mes是一种大位阻.md,chemy,09,有机化学,初赛,4,弃卡,非目标模块,B
04-题库/2026机构初赛模拟题/chemy/题-CM-79-10-以下是±-lycodolin.md,chemy,10,有机化学,初赛,4,弃卡,非目标模块,B
04-题库/2026机构初赛模拟题/chemy/题-CM-80-01-1-1将与碳酸钠硝酸钠共热得.md,chemy,01,元素与分析,初赛,4,入池,,
04-题库/2026机构初赛模拟题/chemy/题-CM-80-02-对于反应已知该反应的标准压力.md,chemy,02,化学原理,初赛,4,入池,,
04-题库/2026机构初赛模拟题/chemy/题-CM-80-03-在pH25的酸性溶液中能与配.md,chemy,03,化学原理,初赛,4,入池,,
04-题库/2026机构初赛模拟题/chemy/题-CM-80-04-4-1理想条件下七配位单核离.md,chemy,04,结构化学,初赛,4,弃卡,越界（含他题内容）,A
04-题库/2026机构初赛模拟题/chemy/题-CM-80-05-将金属钍的粉末置于氮气气氛中.md,chemy,05,结构化学,初赛,4,入池,,
04-题库/2026机构初赛模拟题/chemy/题-CM-80-06-6-1卤素互化物阴离子呈现首.md,chemy,06,结构化学,初赛,4,入池,,
04-题库/2026机构初赛模拟题/chemy/题-CM-80-07-在主-客体化学中为提高主体分.md,chemy,07,化学原理,初赛,4,弃卡,有机章节,B
04-题库/2026机构初赛模拟题/chemy/题-CM-80-08-在高纯氮气氛围下向烷基锂引发.md,chemy,08,有机化学,初赛,4,弃卡,非目标模块,B
04-题库/2026机构初赛模拟题/chemy/题-CM-80-09-画出以下反应所经历的关键中间.md,chemy,09,有机化学,初赛,4,弃卡,非目标模块,B
04-题库/2026机构初赛模拟题/chemy/题-CM-80-10-2019年芝加哥大学的Sco.md,chemy,10,有机化学,初赛,4,弃卡,非目标模块,B
04-题库/2026机构初赛模拟题/chemy/题-CM-80-11-11-1画出下列反应经历的至.md,chemy,11,有机化学,初赛,4,弃卡,非目标模块,B
04-题库/2026机构初赛模拟题/chemy/题-CM-81-01-1-1化合物在高于的温度下便.md,chemy,01,元素与分析,初赛,4,入池,,
04-题库/2026机构初赛模拟题/chemy/题-CM-81-02-将金属M的氯化物投入过量的无.md,chemy,02,结构化学,初赛,4,入池,,
04-题库/2026机构初赛模拟题/chemy/题-CM-81-03-3-1硼氢化铀在不同的状态下.md,chemy,03,有机化学,初赛,4,弃卡,非目标模块,B
04-题库/2026机构初赛模拟题/chemy/题-CM-81-04-在623K下向封闭容器内加入.md,chemy,04,结构化学,初赛,4,弃卡,越界（含他题内容）,A
04-题库/2026机构初赛模拟题/chemy/题-CM-81-05-A为白色固体摩尔质量3222.md,chemy,05,元素与分析,初赛,4,入池,,
04-题库/2026机构初赛模拟题/chemy/题-CM-81-06-具有钙钛矿衍生结构的为四方晶.md,chemy,06,结构化学,初赛,4,入池,,
04-题库/2026机构初赛模拟题/chemy/题-CM-81-07-在甲醇中铑的双核配合物与膦配.md,chemy,07,结构化学,初赛,4,弃卡,答案公式未转录,A
04-题库/2026机构初赛模拟题/chemy/题-CM-81-08-A的化学式为其不对称碳原子的.md,chemy,08,有机化学,初赛,4,弃卡,非目标模块,B
04-题库/2026机构初赛模拟题/chemy/题-CM-81-09-9-1在1952年Esche.md,chemy,09,有机化学,初赛,4,弃卡,非目标模块,B
04-题库/2026机构初赛模拟题/chemy/题-CM-81-10-化合物K和苯甲酰氯硫氰酸钾在.md,chemy,10,有机化学,初赛,4,弃卡,非目标模块,B
04-题库/2026机构初赛模拟题/chemy/题-CM-82-01-1-1碘元素的缺乏将影响人的.md,chemy,01,元素与分析,初赛,4,入池,,
04-题库/2026机构初赛模拟题/chemy/题-CM-82-02-DNA与RNA承载了生命遗传.md,chemy,02,有机化学,初赛,4,弃卡,非目标模块,B
04-题库/2026机构初赛模拟题/chemy/题-CM-82-03-将高放射性核燃料溶于浓酸中经.md,chemy,03,结构化学,初赛,4,入池,,
04-题库/2026机构初赛模拟题/chemy/题-CM-82-04-金属M在很久以前即被古希腊人.md,chemy,04,结构化学,初赛,4,入池,,
04-题库/2026机构初赛模拟题/chemy/题-CM-82-05-复合氧化物具有缺陷的NaCl.md,chemy,05,结构化学,初赛,4,入池,,
04-题库/2026机构初赛模拟题/chemy/题-CM-82-06-通过同位素定年法可测定矿石的.md,chemy,06,元素与分析,初赛,4,入池,,
04-题库/2026机构初赛模拟题/chemy/题-CM-82-07-7-1某荧光材料的制备如下图.md,chemy,07,化学原理,初赛,4,入池,,
04-题库/2026机构初赛模拟题/chemy/题-CM-82-08-有机反应中间体常在反应机理的.md,chemy,08,有机化学,初赛,4,弃卡,非目标模块,B
04-题库/2026机构初赛模拟题/chemy/题-CM-82-09-下图为天然产物Histrio.md,chemy,09,有机化学,初赛,4,弃卡,非目标模块,B
04-题库/2026机构初赛模拟题/chemy/题-CM-83-01-1-1硫代硫酸钠溶液与硝酸银.md,chemy,01,元素与分析,初赛,4,入池,,
04-题库/2026机构初赛模拟题/chemy/题-CM-83-02-热重分析TGA是指将一定质量.md,chemy,02,元素与分析,初赛,4,入池,,
04-题库/2026机构初赛模拟题/chemy/题-CM-83-03-3-1向20mL浓度为mol.md,chemy,03,化学原理,初赛,4,入池,,
04-题库/2026机构初赛模拟题/chemy/题-CM-83-04-4-1将的两个氧原子用硫原子.md,chemy,04,结构化学,初赛,4,入池,,
04-题库/2026机构初赛模拟题/chemy/题-CM-83-05-将化合物A和B溶于甲苯加入多.md,chemy,05,有机化学,初赛,4,弃卡,非目标模块,B
04-题库/2026机构初赛模拟题/chemy/题-CM-83-06-某复盐的摩尔质量为1880g.md,chemy,06,结构化学,初赛,4,弃卡,越界（含他题内容）,A
04-题库/2026机构初赛模拟题/chemy/题-CM-83-07-以高选择性得到具有光学活性的.md,chemy,07,有机化学,初赛,4,弃卡,非目标模块,B
04-题库/2026机构初赛模拟题/chemy/题-CM-83-08-影响有机反应的因素有很多如反.md,chemy,08,有机化学,初赛,4,弃卡,非目标模块,B
04-题库/2026机构初赛模拟题/chemy/题-CM-83-09-甲醛是一种有毒的物质当人体内.md,chemy,09,有机化学,初赛,4,弃卡,非目标模块,B
04-题库/2026机构初赛模拟题/chemy/题-CM-83-10-光化学反应在实际的化学合成中.md,chemy,10,有机化学,初赛,4,弃卡,非目标模块,B
04-题库/2026机构初赛模拟题/chemy/题-CM-84-01-1-1用氧化的硫酸溶液.md,chemy,01,元素与分析,初赛,4,弃卡,越界（含他题内容）,A
04-题库/2026机构初赛模拟题/chemy/题-CM-84-02-氮杂环卡宾NHC自开创以来便.md,chemy,02,结构化学,初赛,4,弃卡,答案公式未转录,A
04-题库/2026机构初赛模拟题/chemy/题-CM-84-03-金属M是人类最早认识的金属之.md,chemy,03,结构化学,初赛,4,入池,,
04-题库/2026机构初赛模拟题/chemy/题-CM-84-04-石墨炔是只由sp和杂化的C组.md,chemy,04,结构化学,初赛,4,入池,,
04-题库/2026机构初赛模拟题/chemy/题-CM-84-05-氨基乙酸和12-二溴乙烷在一.md,chemy,05,结构化学,初赛,4,入池,,
04-题库/2026机构初赛模拟题/chemy/题-CM-84-06-浓差电池是电化学电池中的一种.md,chemy,06,化学原理,初赛,4,入池,,
04-题库/2026机构初赛模拟题/chemy/题-CM-84-07-可视为硝酸的酸酐气态时加热可.md,chemy,07,化学原理,初赛,4,入池,,
04-题库/2026机构初赛模拟题/chemy/题-CM-84-08-8-1判断下列化合物是否具有.md,chemy,08,有机化学,初赛,4,弃卡,非目标模块,B
04-题库/2026机构初赛模拟题/chemy/题-CM-84-09-已知如下反应.md,chemy,09,有机化学,初赛,4,弃卡,非目标模块,B
04-题库/2026机构初赛模拟题/chemy/题-CM-84-10-已知底物中标号相同的碳原子之.md,chemy,10,有机化学,初赛,4,弃卡,非目标模块,B
04-题库/2026机构初赛模拟题/chemy/题-CM-85-01-1-1在下向含有的溶液中通入.md,chemy,01,元素与分析,初赛,4,入池,,
04-题库/2026机构初赛模拟题/chemy/题-CM-85-02-磷元素由于它在元素周期表中的.md,chemy,02,元素与分析,初赛,4,入池,,
04-题库/2026机构初赛模拟题/chemy/题-CM-85-03-3-1可以与下图所示配体以的.md,chemy,03,元素与分析,初赛,4,弃卡,答案公式未转录,A
04-题库/2026机构初赛模拟题/chemy/题-CM-85-04-4-1某种Ru的有机氯化物A.md,chemy,04,结构化学,初赛,4,弃卡,有机章节,B
04-题库/2026机构初赛模拟题/chemy/题-CM-85-05-主族元素N在古代常被误认为是.md,chemy,05,元素与分析,初赛,4,入池,,
04-题库/2026机构初赛模拟题/chemy/题-CM-85-06-金属M早在东周时期就被我国广.md,chemy,06,结构化学,初赛,4,入池,,
04-题库/2026机构初赛模拟题/chemy/题-CM-85-07-Ce的某种矿石由几种常见离子.md,chemy,07,结构化学,初赛,4,入池,,
04-题库/2026机构初赛模拟题/chemy/题-CM-85-08-实验室某实验员误将一瓶未知浓.md,chemy,08,化学原理,初赛,4,入池,,
04-题库/2026机构初赛模拟题/chemy/题-CM-85-09-先测得电池在29815K下电.md,chemy,09,化学原理,初赛,4,弃卡,答案公式未转录,A
04-题库/2026机构初赛模拟题/chemy/题-CM-86-01-1-1指出下列化合物中所有的.md,chemy,01,化学原理,初赛,4,弃卡,有机章节,B
04-题库/2026机构初赛模拟题/chemy/题-CM-86-02-2-1下面的化合物在甲醇中发.md,chemy,02,有机化学,初赛,4,弃卡,非目标模块,B
04-题库/2026机构初赛模拟题/chemy/题-CM-86-03-将化合物A在苯中加热至C得到.md,chemy,03,有机化学,初赛,4,弃卡,非目标模块,B
04-题库/2026机构初赛模拟题/chemy/题-CM-86-04-TorhuFukuyama于.md,chemy,04,有机化学,初赛,4,弃卡,非目标模块,B
04-题库/2026机构初赛模拟题/chemy/题-CM-86-05-有机化学家中不乏一批以合成结.md,chemy,05,有机化学,初赛,4,弃卡,非目标模块,B
04-题库/2026机构初赛模拟题/chemy/题-CM-86-06-下面是天然生物碱minfie.md,chemy,06,有机化学,初赛,4,弃卡,非目标模块,B
04-题库/2026机构初赛模拟题/chemy/题-CM-86-07-香豆素衍生物--Calano.md,chemy,07,有机化学,初赛,4,弃卡,非目标模块,B
04-题库/2026机构初赛模拟题/chemy/题-CM-86-08-富勒烯的结构是令许多科研工作.md,chemy,08,有机化学,初赛,4,弃卡,非目标模块,B
04-题库/2026机构初赛模拟题/chemy/题-CM-86-09-Au是一种常见的金属元素其价.md,chemy,09,有机化学,初赛,4,弃卡,非目标模块,B
04-题库/2026机构初赛模拟题/chemy/题-CM-86-10-2008年一课题组研究发现在.md,chemy,10,有机化学,初赛,4,弃卡,非目标模块,B
04-题库/2026机构初赛模拟题/chemy/题-CM-87-01-硼族元素由于其缺电子性具有特.md,chemy,01,元素与分析,初赛,4,入池,,
04-题库/2026机构初赛模拟题/chemy/题-CM-87-02-电子排布中的量子力学原理有着.md,chemy,02,结构化学,初赛,4,入池,,
04-题库/2026机构初赛模拟题/chemy/题-CM-87-03-紫色晶体A溶于水变成黄色溶液.md,chemy,03,结构化学,初赛,4,入池,,
04-题库/2026机构初赛模拟题/chemy/题-CM-87-04-本题中对称元素均不考虑配体的.md,chemy,04,结构化学,初赛,4,入池,,
04-题库/2026机构初赛模拟题/chemy/题-CM-87-05-某复合氧化物可以形成多种晶型.md,chemy,05,结构化学,初赛,4,入池,,
04-题库/2026机构初赛模拟题/chemy/题-CM-87-06-288K下1000molNa.md,chemy,06,化学原理,初赛,4,入池,,
04-题库/2026机构初赛模拟题/chemy/题-CM-87-07-航天军事等特殊场合需要耐高温.md,chemy,07,有机化学,初赛,4,弃卡,非目标模块,B
04-题库/2026机构初赛模拟题/chemy/题-CM-87-08-Payne重排是一种碱性条件.md,chemy,08,有机化学,初赛,4,弃卡,非目标模块,B
04-题库/2026机构初赛模拟题/chemy/题-CM-87-09-醛二聚生成对称的酯已经成为非.md,chemy,09,有机化学,初赛,4,弃卡,非目标模块,B
04-题库/2026机构初赛模拟题/chemy/题-CM-88-01-1-1一种除去铜单质中少量碲.md,chemy,01,元素与分析,初赛,4,入池,,
04-题库/2026机构初赛模拟题/chemy/题-CM-88-02-人们曾制得了化学式为结构如右.md,chemy,02,结构化学,初赛,4,入池,,
04-题库/2026机构初赛模拟题/chemy/题-CM-88-03-已知部分物种热力学数据如下设.md,chemy,03,化学原理,初赛,4,入池,,
04-题库/2026机构初赛模拟题/chemy/题-CM-88-04-高氯酸六羰基合锝I在不同条件.md,chemy,04,结构化学,初赛,4,入池,,
04-题库/2026机构初赛模拟题/chemy/题-CM-88-05-有人研究了下在pH1的水溶液.md,chemy,05,化学原理,初赛,4,入池,,
04-题库/2026机构初赛模拟题/chemy/题-CM-88-06-晶体随温度的变化呈现出不同的.md,chemy,06,结构化学,初赛,4,入池,,
04-题库/2026机构初赛模拟题/chemy/题-CM-88-07-N-腈氧化物是一种十分重要的.md,chemy,07,有机化学,初赛,4,弃卡,非目标模块,B
04-题库/2026机构初赛模拟题/chemy/题-CM-88-08-由于形成各种不稳定中间体时可.md,chemy,08,有机化学,初赛,4,弃卡,非目标模块,B
04-题库/2026机构初赛模拟题/chemy/题-CM-89-01-氢键在超分子化学中扮演着重要.md,chemy,01,化学原理,初赛,4,入池,,
04-题库/2026机构初赛模拟题/chemy/题-CM-89-02-2-1已知的结构不符合VSE.md,chemy,02,结构化学,初赛,4,入池,,
04-题库/2026机构初赛模拟题/chemy/题-CM-89-03-在传统的负载型催化剂中过渡金.md,chemy,03,结构化学,初赛,4,弃卡,有机章节,B
04-题库/2026机构初赛模拟题/chemy/题-CM-89-04-对于下简写为Ti与烯丙基氯A.md,chemy,04,有机化学,初赛,4,弃卡,非目标模块,B
04-题库/2026机构初赛模拟题/chemy/题-CM-89-05-硝酸盐热分解是一类重要的反应.md,chemy,05,化学原理,初赛,4,入池,,
04-题库/2026机构初赛模拟题/chemy/题-CM-89-06-近几十年来具有准一维自旋链结.md,chemy,06,结构化学,初赛,4,弃卡,越界（含他题内容）,A
04-题库/2026机构初赛模拟题/chemy/题-CM-89-07-烯丙醇的选择性氧化非常有趣.md,chemy,07,有机化学,初赛,4,弃卡,非目标模块,B
04-题库/2026机构初赛模拟题/chemy/题-CM-89-08-33-迁移是有机合成中用处最.md,chemy,08,有机化学,初赛,4,弃卡,非目标模块,B
04-题库/2026机构初赛模拟题/chemy/题-CM-89-09-科学家们通过如下的合成策略完.md,chemy,09,有机化学,初赛,4,弃卡,非目标模块,B
04-题库/2026机构初赛模拟题/chemy/题-CM-90-01-1-1将少量的Ag单质缓慢地.md,chemy,01,元素与分析,初赛,4,入池,,
04-题库/2026机构初赛模拟题/chemy/题-CM-90-02-近年来基于配位的超分子自组装.md,chemy,02,有机化学,初赛,4,弃卡,非目标模块,B
04-题库/2026机构初赛模拟题/chemy/题-CM-90-03-3-1在C时某未知二元化合物.md,chemy,03,元素与分析,初赛,4,弃卡,越界（含他题内容）,A
04-题库/2026机构初赛模拟题/chemy/题-CM-90-04-金属M为银白色固体其具有较好.md,chemy,04,元素与分析,初赛,4,入池,,
04-题库/2026机构初赛模拟题/chemy/题-CM-90-05-由Cs和O组成的二元化合物属.md,chemy,05,结构化学,初赛,4,入池,,
04-题库/2026机构初赛模拟题/chemy/题-CM-90-06-在298K下的标准摩尔燃烧热.md,chemy,06,化学原理,初赛,4,入池,,
04-题库/2026机构初赛模拟题/chemy/题-CM-90-07-高碘酸根具有较强的氧化性同时.md,chemy,07,化学原理,初赛,4,入池,,
04-题库/2026机构初赛模拟题/chemy/题-CM-90-08-8-1有机化合物大多都是不稳.md,chemy,08,有机化学,初赛,4,弃卡,非目标模块,B
04-题库/2026机构初赛模拟题/chemy/题-CM-90-09-大自然的独创性在功能上创造出.md,chemy,09,有机化学,初赛,4,弃卡,非目标模块,B
04-题库/2026机构初赛模拟题/chemy/题-CM-91-01-1-1向溶液中滴加溶液.md,chemy,01,元素与分析,初赛,4,入池,,
04-题库/2026机构初赛模拟题/chemy/题-CM-91-02-隋末唐初的医药大师孙思邈在《.md,chemy,02,元素与分析,初赛,4,入池,,
04-题库/2026机构初赛模拟题/chemy/题-CM-91-03-近年来锂离子电池的高污染性受.md,chemy,03,有机化学,初赛,4,弃卡,非目标模块,B
04-题库/2026机构初赛模拟题/chemy/题-CM-91-04-相比于贵金属Ru同族的Fe的.md,chemy,04,有机化学,初赛,4,弃卡,非目标模块,B
04-题库/2026机构初赛模拟题/chemy/题-CM-91-05-低于族价的低电负性非金属元素.md,chemy,05,结构化学,初赛,4,弃卡,越界（含他题内容）,A
04-题库/2026机构初赛模拟题/chemy/题-CM-91-06-已知热力学数据如下不考虑没有.md,chemy,06,化学原理,初赛,4,入池,,
04-题库/2026机构初赛模拟题/chemy/题-CM-91-07-7-1选择性生成-糖基是一项.md,chemy,07,有机化学,初赛,4,弃卡,非目标模块,B
04-题库/2026机构初赛模拟题/chemy/题-CM-91-08-_Cermizine是一种.md,chemy,08,有机化学,初赛,4,弃卡,非目标模块,B
04-题库/2026机构初赛模拟题/chemy/题-CM-91-09-α-氨基酸是蛋白质的基本砌块.md,chemy,09,有机化学,初赛,4,弃卡,非目标模块,B
04-题库/2026机构初赛模拟题/chemy/题-CM-92-01-1-1-1为制备用与按计量比.md,chemy,01,元素与分析,初赛,4,弃卡,答案公式未转录,A
04-题库/2026机构初赛模拟题/chemy/题-CM-92-02-2-1化合物中存在离子其中磷.md,chemy,02,结构化学,初赛,4,弃卡,答案公式未转录,A
04-题库/2026机构初赛模拟题/chemy/题-CM-92-03-将金属铀投入和硝基甲烷的混合.md,chemy,03,结构化学,初赛,4,入池,,
04-题库/2026机构初赛模拟题/chemy/题-CM-92-04-工业生产光气时将CO和的混合.md,chemy,04,有机化学,初赛,4,弃卡,非目标模块,B
04-题库/2026机构初赛模拟题/chemy/题-CM-92-05-5-1在水溶液中甲醛与连二亚.md,chemy,05,元素与分析,初赛,4,入池,,
04-题库/2026机构初赛模拟题/chemy/题-CM-92-06-低温下FeSe存在两种晶型-.md,chemy,06,结构化学,初赛,4,入池,,
04-题库/2026机构初赛模拟题/chemy/题-CM-92-07-含有大量氯离子的SnII-S.md,chemy,07,结构化学,初赛,4,入池,,
04-题库/2026机构初赛模拟题/chemy/题-CM-92-08-D-甘露糖是D-葡萄糖的C-.md,chemy,08,有机化学,初赛,4,弃卡,非目标模块,B
04-题库/2026机构初赛模拟题/chemy/题-CM-92-09-通过以下方法合成了化合物ch.md,chemy,09,有机化学,初赛,4,弃卡,非目标模块,B
04-题库/2026机构初赛模拟题/chemy/题-CM-92-10-以下化合物在Lindlar催.md,chemy,10,有机化学,初赛,4,弃卡,非目标模块,B
04-题库/2026机构初赛模拟题/chemy/题-CM-93-01-1-1从某中草药中提取分离得.md,chemy,01,元素与分析,初赛,4,入池,,
04-题库/2026机构初赛模拟题/chemy/题-CM-93-02-2-1高锰酸及其盐是一种强氧.md,chemy,02,有机化学,初赛,4,弃卡,非目标模块,B
04-题库/2026机构初赛模拟题/chemy/题-CM-93-03-铑与钴是同族元素铑形成的化合.md,chemy,03,元素与分析,初赛,4,入池,,
04-题库/2026机构初赛模拟题/chemy/题-CM-93-04-在甲醇溶剂高压釜中加入Sep.md,chemy,04,有机化学,初赛,4,弃卡,非目标模块,B
04-题库/2026机构初赛模拟题/chemy/题-CM-93-05-金属A在陶瓷工业中有着重要的.md,chemy,05,元素与分析,初赛,4,入池,,
04-题库/2026机构初赛模拟题/chemy/题-CM-93-06-6-1氯化钠为立方晶体理想情.md,chemy,06,结构化学,初赛,4,入池,,
04-题库/2026机构初赛模拟题/chemy/题-CM-93-07-X和Y均是易通过均裂产生自由.md,chemy,07,元素与分析,初赛,4,入池,,
04-题库/2026机构初赛模拟题/chemy/题-CM-93-08-化合物A与B在氯仿溶液中可发.md,chemy,08,化学原理,初赛,4,入池,,
04-题库/2026机构初赛模拟题/chemy/题-CM-93-09-将-二甲基环辛胺A溶于甲醇加.md,chemy,09,有机化学,初赛,4,弃卡,非目标模块,B
04-题库/2026机构初赛模拟题/chemy/题-CM-93-10-以CoII作为Lewis酸催.md,chemy,10,有机化学,初赛,4,弃卡,非目标模块,B
04-题库/2026机构初赛模拟题/chemy/题-CM-93-11-11-1在2000年ASri.md,chemy,11,有机化学,初赛,4,弃卡,非目标模块,B
04-题库/2026机构初赛模拟题/chemy/题-CM-94-01-第一过渡系的金属元素M在工业.md,chemy,01,结构化学,初赛,4,入池,,
04-题库/2026机构初赛模拟题/chemy/题-CM-94-02-对于一些结构易变的阴离子其在.md,chemy,02,结构化学,初赛,4,入池,,
04-题库/2026机构初赛模拟题/chemy/题-CM-94-03-稀有气体氙具有很强的化学惰性.md,chemy,03,结构化学,初赛,4,弃卡,有机章节,B
04-题库/2026机构初赛模拟题/chemy/题-CM-94-04-锰的环戊二烯配合物因其独特的.md,chemy,04,结构化学,初赛,4,入池,,
04-题库/2026机构初赛模拟题/chemy/题-CM-94-05-所谓标准动力学拆分就是利用在.md,chemy,05,有机化学,初赛,4,弃卡,非目标模块,B
04-题库/2026机构初赛模拟题/chemy/题-CM-94-06-6-2-1通常而言羟基或氨基.md,chemy,06,有机化学,初赛,4,弃卡,非目标模块,B
04-题库/2026机构初赛模拟题/chemy/题-CM-94-07-仿生合成是通往天然产物的一条.md,chemy,07,有机化学,初赛,4,弃卡,非目标模块,B
04-题库/2026机构初赛模拟题/chemy/题-CM-95-01-1-1氟锑酸苯基重氮盐加热分.md,chemy,01,有机化学,初赛,4,弃卡,非目标模块,B
04-题库/2026机构初赛模拟题/chemy/题-CM-95-02-硼-硼多重键体系具有独特的电.md,chemy,02,元素与分析,初赛,4,入池,,
04-题库/2026机构初赛模拟题/chemy/题-CM-95-03-二元共价化合物A只能在低温下.md,chemy,03,结构化学,初赛,4,入池,,
04-题库/2026机构初赛模拟题/chemy/题-CM-95-04-水合无机盐X化学式为可以由M.md,chemy,04,元素与分析,初赛,4,入池,,
04-题库/2026机构初赛模拟题/chemy/题-CM-95-05-氯气的制备是高中化学的一个经.md,chemy,05,化学原理,初赛,4,入池,,
04-题库/2026机构初赛模拟题/chemy/题-CM-95-06-普鲁士蓝是一种美丽而深邃的无.md,chemy,06,结构化学,初赛,4,弃卡,越界（含他题内容）,A
04-题库/2026机构初赛模拟题/chemy/题-CM-95-07-7-1判断下面的分子是否具有.md,chemy,07,化学原理,初赛,4,入池,,
04-题库/2026机构初赛模拟题/chemy/题-CM-95-08-利用大量可得的天然不对称化合.md,chemy,08,有机化学,初赛,4,弃卡,非目标模块,B
04-题库/2026机构初赛模拟题/chemy/题-CM-95-09-根据你对有机反应性的理解画出.md,chemy,09,有机化学,初赛,4,弃卡,非目标模块,B
04-题库/2026机构初赛模拟题/chemy/题-CM-96-01-1-1在的晶体中形成了极大量.md,chemy,01,结构化学,初赛,4,弃卡,答案公式未转录,A
04-题库/2026机构初赛模拟题/chemy/题-CM-96-02-通过以下方法分离铂铱合金中的.md,chemy,02,元素与分析,初赛,4,入池,,
04-题库/2026机构初赛模拟题/chemy/题-CM-96-03-3-1英国物理学家Trout.md,chemy,03,化学原理,初赛,4,入池,,
04-题库/2026机构初赛模拟题/chemy/题-CM-96-04-金属M的某种碱式盐为亮绿色晶.md,chemy,04,元素与分析,初赛,4,入池,,
04-题库/2026机构初赛模拟题/chemy/题-CM-96-05-分子筛是一种天然或人工合成的.md,chemy,05,结构化学,初赛,4,弃卡,越界（含他题内容）,A
04-题库/2026机构初赛模拟题/chemy/题-CM-96-06-有以下几种含氢的分子型化合物.md,chemy,06,有机化学,初赛,4,弃卡,非目标模块,B
04-题库/2026机构初赛模拟题/chemy/题-CM-96-07-五甲基二乙撑三胺PMDTA化.md,chemy,07,结构化学,初赛,4,弃卡,答案公式未转录,A
04-题库/2026机构初赛模拟题/chemy/题-CM-96-08-在加热条件下化合物AIBN可.md,chemy,08,有机化学,初赛,4,弃卡,非目标模块,B
04-题库/2026机构初赛模拟题/chemy/题-CM-96-09-有以下合成路线.md,chemy,09,有机化学,初赛,4,弃卡,非目标模块,B
04-题库/2026机构初赛模拟题/chemy/题-CM-96-10-通过以下反应得到了三种同分异.md,chemy,10,有机化学,初赛,4,弃卡,非目标模块,B
04-题库/2026机构初赛模拟题/chemy/题-CM-96-11-利用重氮乙酸酯与苯的热或光化.md,chemy,11,有机化学,初赛,4,弃卡,非目标模块,B
04-题库/2026机构初赛模拟题/chemy/题-CM-97-01-1-1画出链状小分子的Lew.md,chemy,01,有机化学,初赛,4,弃卡,非目标模块,B
04-题库/2026机构初赛模拟题/chemy/题-CM-97-02-2-1硝酸溶于液态氟化氢.md,chemy,02,结构化学,初赛,4,入池,,
04-题库/2026机构初赛模拟题/chemy/题-CM-97-03-某碱式盐X在空气中的热重分析.md,chemy,03,元素与分析,初赛,4,入池,,
04-题库/2026机构初赛模拟题/chemy/题-CM-97-04-自由基聚合是一种动力学控制的.md,chemy,04,化学原理,初赛,4,入池,,
04-题库/2026机构初赛模拟题/chemy/题-CM-97-05-借助基于前线轨道理论的微扰法.md,chemy,05,结构化学,初赛,4,入池,,
04-题库/2026机构初赛模拟题/chemy/题-CM-97-06-小型Ge团簇由于其在催化与光.md,chemy,06,有机化学,初赛,4,弃卡,非目标模块,B
04-题库/2026机构初赛模拟题/chemy/题-CM-97-07-7-1比较以下分子中N原子的.md,chemy,07,有机化学,初赛,4,弃卡,非目标模块,B
04-题库/2026机构初赛模拟题/chemy/题-CM-97-08-以下反应众所周知.md,chemy,08,元素与分析,初赛,4,入池,,
04-题库/2026机构初赛模拟题/chemy/题-CM-97-09-Azomethineimin.md,chemy,09,有机化学,初赛,4,弃卡,非目标模块,B
04-题库/2026机构初赛模拟题/chemy/题-CM-98-01-1-1用热的溶液处理含硼废渣.md,chemy,01,元素与分析,初赛,4,弃卡,越界（含他题内容）,A
04-题库/2026机构初赛模拟题/chemy/题-CM-98-02-2-1用汞处理化合物得到一种.md,chemy,02,结构化学,初赛,4,入池,,
04-题库/2026机构初赛模拟题/chemy/题-CM-98-03-氢存在两种非放射性核素H和H.md,chemy,03,有机化学,初赛,4,弃卡,非目标模块,B
04-题库/2026机构初赛模拟题/chemy/题-CM-98-04-近年来有机导电高分子逐渐地受.md,chemy,04,有机化学,初赛,4,弃卡,非目标模块,B
04-题库/2026机构初赛模拟题/chemy/题-CM-98-05-为六方晶系的棕紫色晶体具有半.md,chemy,05,结构化学,初赛,4,入池,,
04-题库/2026机构初赛模拟题/chemy/题-CM-98-06-将和按计量比混合溶于乙腈在氮.md,chemy,06,元素与分析,初赛,4,入池,,
04-题库/2026机构初赛模拟题/chemy/题-CM-98-07-7-1在27315K下将溶于.md,chemy,07,结构化学,初赛,4,弃卡,越界（含他题内容）,A
04-题库/2026机构初赛模拟题/chemy/题-CM-98-08-8-1以下化合物在醋酸溶剂中.md,chemy,08,有机化学,初赛,4,弃卡,非目标模块,B
04-题库/2026机构初赛模拟题/chemy/题-CM-98-09-通过以下反应实现了复杂桥环体.md,chemy,09,有机化学,初赛,4,弃卡,非目标模块,B
04-题库/2026机构初赛模拟题/chemy/题-CM-98-10-10-1重氮甲烷与方酸34-.md,chemy,10,有机化学,初赛,4,弃卡,非目标模块,B
04-题库/2026机构初赛模拟题/伽马/题-GM-01-01-11设将直链共轭多烯烃分子中.md,伽马,01,化学原理,初赛,4,弃卡,讲稿批次,B
04-题库/2026机构初赛模拟题/伽马/题-GM-01-01-1neatSMe2170I5.md,伽马,01,有机化学,初赛,4,弃卡,非目标模块,B
04-题库/2026机构初赛模拟题/伽马/题-GM-01-01-小杂环化合物的制备结构键合化.md,伽马,01,元素与分析,初赛,4,入池,,
04-题库/2026机构初赛模拟题/伽马/题-GM-01-01-指认物质是实验化学家百年以来.md,伽马,01,有机化学,初赛,4,弃卡,非目标模块,B
04-题库/2026机构初赛模拟题/伽马/题-GM-01-01-题.md,伽马,01,有机化学,初赛,4,弃卡,非目标模块,B
04-题库/2026机构初赛模拟题/伽马/题-GM-01-02-21从离子开始已知碳原子的第.md,伽马,02,化学原理,初赛,4,入池,,
04-题库/2026机构初赛模拟题/伽马/题-GM-01-02-X与某元素的二元化合物只能通.md,伽马,02,化学原理,初赛,4,弃卡,讲稿批次,B
04-题库/2026机构初赛模拟题/伽马/题-GM-01-02-实验人员将和过量NaOH溶液.md,伽马,02,化学原理,初赛,4,入池,,
04-题库/2026机构初赛模拟题/伽马/题-GM-01-02-题.md,伽马,02,有机化学,初赛,4,弃卡,非目标模块,B
04-题库/2026机构初赛模拟题/伽马/题-GM-01-03-Pummerer重排是用乙酸.md,伽马,03,元素与分析,初赛,4,弃卡,有机章节,B
04-题库/2026机构初赛模拟题/伽马/题-GM-01-03-某四方晶体的正当晶胞结构如图.md,伽马,03,结构化学,初赛,4,入池,,
04-题库/2026机构初赛模拟题/伽马/题-GM-01-03-核酸和蛋白质等生物大分子在水.md,伽马,03,化学原理,初赛,4,入池,,
04-题库/2026机构初赛模拟题/伽马/题-GM-01-03-非常无聊的一道题基本就是看图.md,伽马,03,有机化学,初赛,4,弃卡,讲稿批次,B
04-题库/2026机构初赛模拟题/伽马/题-GM-01-04-化合物X是元素M的盐化学式为.md,伽马,04,结构化学,初赛,4,入池,,
04-题库/2026机构初赛模拟题/伽马/题-GM-01-04-这题几乎没救了右图是一个二元.md,伽马,04,结构化学,初赛,4,弃卡,讲稿批次,B
04-题库/2026机构初赛模拟题/伽马/题-GM-01-04-镨Pr和钕Nd是一对较难分离.md,伽马,04,元素与分析,初赛,4,弃卡,有机章节,B
04-题库/2026机构初赛模拟题/伽马/题-GM-01-04-长期以来有机硫化合物在合成中.md,伽马,04,化学原理,初赛,4,弃卡,答案公式未转录,A
04-题库/2026机构初赛模拟题/伽马/题-GM-01-05-加州大学的研究人员制备了含Z.md,伽马,05,有机化学,初赛,4,弃卡,非目标模块,B
04-题库/2026机构初赛模拟题/伽马/题-GM-01-05-我们用NN二乙基14苯二胺D.md,伽马,05,化学原理,初赛,4,弃卡,讲稿批次,B
04-题库/2026机构初赛模拟题/伽马/题-GM-01-05-许多SbIII配合物被发现有.md,伽马,05,结构化学,初赛,4,入池,,
04-题库/2026机构初赛模拟题/伽马/题-GM-01-06-1921年Staudinge.md,伽马,06,化学原理,初赛,4,弃卡,有机章节,B
04-题库/2026机构初赛模拟题/伽马/题-GM-01-06-某最简式为的晶体属立方晶系a.md,伽马,06,结构化学,初赛,4,入池,,
04-题库/2026机构初赛模拟题/伽马/题-GM-01-06-纳米尺度的定向运动是生命的核.md,伽马,06,有机化学,初赛,4,弃卡,讲稿批次,B
04-题库/2026机构初赛模拟题/伽马/题-GM-01-07-71有一系列卤代烷烃当时的转.md,伽马,07,有机化学,初赛,4,弃卡,非目标模块,B
04-题库/2026机构初赛模拟题/伽马/题-GM-01-07-71选出以下在水中的溶解性最.md,伽马,07,有机化学,初赛,4,弃卡,非目标模块,B
04-题库/2026机构初赛模拟题/伽马/题-GM-01-08-81周环反应811有以下转化.md,伽马,08,化学原理,初赛,4,入池,,
04-题库/2026机构初赛模拟题/伽马/题-GM-01-08-以下为天然产物Guignar.md,伽马,08,有机化学,初赛,4,弃卡,非目标模块,B
04-题库/2026机构初赛模拟题/伽马/题-GM-01-09-91Edman降解瑞典化学家.md,伽马,09,有机化学,初赛,4,弃卡,非目标模块,B
04-题库/2026机构初赛模拟题/伽马/题-GM-01-09-MeyerSchuster重.md,伽马,09,有机化学,初赛,4,弃卡,非目标模块,B
04-题库/2026机构初赛模拟题/伽马/题-GM-01-09-研究人员报道了以下转化在保护.md,伽马,09,化学原理,初赛,4,入池,,
04-题库/2026机构初赛模拟题/伽马/题-GM-01-11-在室温以及碱存在下以下两化合.md,伽马,11,有机化学,初赛,4,弃卡,非目标模块,B
04-题库/2026机构初赛模拟题/伽马/题-GM-02-01-作为主要的温室气体备受关注特.md,伽马,01,化学原理,初赛,4,弃卡,有机章节,B
04-题库/2026机构初赛模拟题/伽马/题-GM-02-01-多肽材料是一种多功能智能产品.md,伽马,01,有机化学,初赛,4,弃卡,非目标模块,B
04-题库/2026机构初赛模拟题/伽马/题-GM-02-02-乙酸丁酯是一种重要的有机溶剂.md,伽马,02,有机化学,初赛,4,弃卡,非目标模块,B
04-题库/2026机构初赛模拟题/伽马/题-GM-02-02-由于存在电子缺陷正价卤素离子.md,伽马,02,元素与分析,初赛,4,弃卡,有机章节,B
04-题库/2026机构初赛模拟题/伽马/题-GM-02-03-一些含亚铜与卤素的盐由于其磁.md,伽马,03,化学原理,初赛,4,入池,,
04-题库/2026机构初赛模拟题/伽马/题-GM-02-03-元素A其单质是灰黑色的脆性晶.md,伽马,03,结构化学,初赛,4,入池,,
04-题库/2026机构初赛模拟题/伽马/题-GM-02-04-411写出A的化学式412将.md,伽马,04,结构化学,初赛,4,弃卡,题面泄露,A
04-题库/2026机构初赛模拟题/伽马/题-GM-02-04-高分子材料的大规模使用带来了.md,伽马,04,元素与分析,初赛,4,弃卡,有机章节,B
04-题库/2026机构初赛模拟题/伽马/题-GM-02-05-51用还原反应的历程如下所示.md,伽马,05,有机化学,初赛,4,弃卡,非目标模块,B
04-题库/2026机构初赛模拟题/伽马/题-GM-02-05-某二元化合物最初的作用是作为.md,伽马,05,结构化学,初赛,4,入池,,
04-题库/2026机构初赛模拟题/伽马/题-GM-02-06-诸如等小分子是普遍存在的稳定.md,伽马,06,有机化学,初赛,4,弃卡,非目标模块,B
04-题库/2026机构初赛模拟题/伽马/题-GM-02-06-金属M为第VIII族元素研究.md,伽马,06,化学原理,初赛,4,入池,,
04-题库/2026机构初赛模拟题/伽马/题-GM-02-07-71分别选出以下两组化合物中.md,伽马,07,有机化学,初赛,4,弃卡,非目标模块,B
04-题库/2026机构初赛模拟题/伽马/题-GM-02-07-若将忽略气体分子的内部结构将.md,伽马,07,化学原理,初赛,4,入池,,
04-题库/2026机构初赛模拟题/伽马/题-GM-02-08-81如下化合物中哪个为主要构.md,伽马,08,化学原理,初赛,4,弃卡,有机章节,B
04-题库/2026机构初赛模拟题/伽马/题-GM-02-08-生物碱Acutumine最初.md,伽马,08,化学原理,初赛,4,弃卡,有机章节,B
04-题库/2026机构初赛模拟题/伽马/题-GM-02-09-91画出环丙烯酮的所有共振式.md,伽马,09,有机化学,初赛,4,弃卡,非目标模块,B
04-题库/2026机构初赛模拟题/伽马/题-GM-02-09-自古以来自然界就一直在合成复.md,伽马,09,有机化学,初赛,4,弃卡,非目标模块,B
04-题库/2026机构初赛模拟题/伽马/题-GM-02-10-Petasis反应是一种高效.md,伽马,10,有机化学,初赛,4,弃卡,非目标模块,B
04-题库/2026机构初赛模拟题/伽马/题-GM-03-01-11过氧化氢是一种常见的氧化.md,伽马,01,结构化学,初赛,4,弃卡,有机章节,B
04-题库/2026机构初赛模拟题/伽马/题-GM-03-01-可持续高分子材料具有可回收可.md,伽马,01,有机化学,初赛,4,弃卡,非目标模块,B
04-题库/2026机构初赛模拟题/伽马/题-GM-03-02-21CoII配合物一NN二水.md,伽马,02,有机化学,初赛,4,弃卡,非目标模块,B
04-题库/2026机构初赛模拟题/伽马/题-GM-03-02-沸石是人类最重要的微孔材料之.md,伽马,02,结构化学,初赛,4,弃卡,有机章节,B
04-题库/2026机构初赛模拟题/伽马/题-GM-03-03-A为一种银白色金属质地较软在.md,伽马,03,元素与分析,初赛,4,入池,,
04-题库/2026机构初赛模拟题/伽马/题-GM-03-03-在晶体场理论中中心金属离子与.md,伽马,03,结构化学,初赛,4,弃卡,有机章节,B
04-题库/2026机构初赛模拟题/伽马/题-GM-03-04-水杨酸邻羟基苯甲酸是一种常见.md,伽马,04,化学原理,初赛,4,弃卡,有机章节,B
04-题库/2026机构初赛模拟题/伽马/题-GM-03-04-金属卡拜是指具有作为配体的配.md,伽马,04,有机化学,初赛,4,弃卡,非目标模块,B
04-题库/2026机构初赛模拟题/伽马/题-GM-03-05-mathrmCuImathr.md,伽马,05,结构化学,初赛,4,入池,,
04-题库/2026机构初赛模拟题/伽马/题-GM-03-05-一氧化碳是汽车造成的最严重的.md,伽马,05,化学原理,初赛,4,弃卡,有机章节,B
04-题库/2026机构初赛模拟题/伽马/题-GM-03-06-246三硝基甲苯TNT是一种.md,伽马,06,化学原理,初赛,4,入池,,
04-题库/2026机构初赛模拟题/伽马/题-GM-03-06-在超分子化学中氢键可用来引导.md,伽马,06,化学原理,初赛,4,入池,,
04-题库/2026机构初赛模拟题/伽马/题-GM-03-07-按要求回答下列问题71戊二酸.md,伽马,07,有机化学,初赛,4,弃卡,非目标模块,B
04-题库/2026机构初赛模拟题/伽马/题-GM-03-07-由于N元素具有多种价态铵盐的.md,伽马,07,化学原理,初赛,4,入池,,
04-题库/2026机构初赛模拟题/伽马/题-GM-03-08-在如下所示的两个反应中体系中.md,伽马,08,化学原理,初赛,4,入池,,
04-题库/2026机构初赛模拟题/伽马/题-GM-03-08-硅效应是有机化学中常见的取代.md,伽马,08,有机化学,初赛,4,弃卡,非目标模块,B
04-题库/2026机构初赛模拟题/伽马/题-GM-03-09-91重氮化合物具有丰富的反应.md,伽马,09,有机化学,初赛,4,弃卡,非目标模块,B
04-题库/2026机构初赛模拟题/伽马/题-GM-03-09-一定条件下可以与化合物的醛基.md,伽马,09,有机化学,初赛,4,弃卡,非目标模块,B
04-题库/2026机构初赛模拟题/伽马/题-GM-03-10-101以下是天然产物epot.md,伽马,10,化学原理,初赛,4,入池,,
04-题库/2026机构初赛模拟题/伽马/题-GM-04-01-11菽园杂记记载了如下制取铅.md,伽马,01,化学原理,初赛,4,入池,,
04-题库/2026机构初赛模拟题/伽马/题-GM-04-01-短周期元素ABC和D两两之间.md,伽马,01,化学原理,初赛,4,入池,,
04-题库/2026机构初赛模拟题/伽马/题-GM-04-02-21从表面因素分析为什么诸如.md,伽马,02,化学原理,初赛,4,入池,,
04-题库/2026机构初赛模拟题/伽马/题-GM-04-02-已知酰胺A可形成分子内氢键可.md,伽马,02,化学原理,初赛,4,弃卡,有机章节,B
04-题库/2026机构初赛模拟题/伽马/题-GM-04-03-31几种分类311热塑性塑料.md,伽马,03,有机化学,初赛,4,弃卡,非目标模块,B
04-题库/2026机构初赛模拟题/伽马/题-GM-04-03-X射线衍射XRD是研究晶体结.md,伽马,03,结构化学,初赛,4,入池,,
04-题库/2026机构初赛模拟题/伽马/题-GM-04-04-41当你迅速吹起一个天然橡胶.md,伽马,04,化学原理,初赛,4,入池,,
04-题库/2026机构初赛模拟题/伽马/题-GM-04-04-蜘蛛丝是自然界中性能最卓越的.md,伽马,04,化学原理,初赛,4,入池,,
04-题库/2026机构初赛模拟题/伽马/题-GM-04-05-最近中国科学院物理研究所北京.md,伽马,05,结构化学,初赛,4,入池,,
04-题库/2026机构初赛模拟题/伽马/题-GM-04-05-长余辉现象最早出现在无机材料.md,伽马,05,有机化学,初赛,4,弃卡,非目标模块,B
04-题库/2026机构初赛模拟题/伽马/题-GM-04-06-61制备饱和碘酸铜溶液的方式.md,伽马,06,化学原理,初赛,4,入池,,
04-题库/2026机构初赛模拟题/伽马/题-GM-04-06-早在19世纪人们发现了一些分.md,伽马,06,有机化学,初赛,4,弃卡,非目标模块,B
04-题库/2026机构初赛模拟题/伽马/题-GM-04-07-71最近研究者制备出了含BB.md,伽马,07,结构化学,初赛,4,弃卡,越界（含他题内容）,A
04-题库/2026机构初赛模拟题/伽马/题-GM-04-07-71比较下列物质在NaI丙酮.md,伽马,07,有机化学,初赛,4,弃卡,非目标模块,B
04-题库/2026机构初赛模拟题/伽马/题-GM-04-08-81直接判断下列结构的稳定性.md,伽马,08,化学原理,初赛,4,弃卡,越界（含他题内容）,A
04-题库/2026机构初赛模拟题/伽马/题-GM-04-08-利用以下反应可以构建五元环酮.md,伽马,08,有机化学,初赛,4,弃卡,非目标模块,B
04-题库/2026机构初赛模拟题/伽马/题-GM-04-09-91已知三苯甲基钠的固体和乙.md,伽马,09,化学原理,初赛,4,弃卡,有机章节,B
04-题库/2026机构初赛模拟题/伽马/题-GM-04-09-RC策略RelayCatal.md,伽马,09,有机化学,初赛,4,弃卡,非目标模块,B
04-题库/2026机构初赛模拟题/伽马/题-GM-04-10-101Norrishtype.md,伽马,10,化学原理,初赛,4,入池,,
04-题库/2026机构初赛模拟题/伽马/题-GM-05-01-11设将直链共轭多烯烃分子中.md,伽马,01,有机化学,初赛,4,弃卡,非目标模块,B
04-题库/2026机构初赛模拟题/伽马/题-GM-05-01-铁是地壳中第四个丰度最大的元.md,伽马,01,结构化学,初赛,4,入池,,
04-题库/2026机构初赛模拟题/伽马/题-GM-05-02-X与某元素的二元化合物只能通.md,伽马,02,化学原理,初赛,4,入池,,
04-题库/2026机构初赛模拟题/伽马/题-GM-05-02-无机固体材料在我们生活当中非.md,伽马,02,化学原理,初赛,4,入池,,
04-题库/2026机构初赛模拟题/伽马/题-GM-05-03-对叔丁基杯芳烃是一类常见的具.md,伽马,03,有机化学,初赛,4,弃卡,非目标模块,B
04-题库/2026机构初赛模拟题/伽马/题-GM-05-03-高反应性物质的稳定化和分离长.md,伽马,03,有机化学,初赛,4,弃卡,非目标模块,B
04-题库/2026机构初赛模拟题/伽马/题-GM-05-04-Te的卤化物有着非常丰富的结.md,伽马,04,元素与分析,初赛,4,入池,,
04-题库/2026机构初赛模拟题/伽马/题-GM-05-04-右图是一个二元化合物的晶体结.md,伽马,04,结构化学,初赛,4,入池,,
04-题库/2026机构初赛模拟题/伽马/题-GM-05-05-可以用离子选择电极监测乳品厂.md,伽马,05,化学原理,初赛,4,入池,,
04-题库/2026机构初赛模拟题/伽马/题-GM-05-05-在为条件下游离氯与DPD生成.md,伽马,05,化学原理,初赛,4,弃卡,题面泄露,A
04-题库/2026机构初赛模拟题/伽马/题-GM-05-06-61比较下列化合物的碱性AB.md,伽马,06,化学原理,初赛,4,入池,,
04-题库/2026机构初赛模拟题/伽马/题-GM-05-06-纳米尺度的定向运动是生命的核.md,伽马,06,有机化学,初赛,4,弃卡,非目标模块,B
04-题库/2026机构初赛模拟题/伽马/题-GM-05-07-71判断以下化合物是否具有芳.md,伽马,07,有机化学,初赛,4,弃卡,非目标模块,B
04-题库/2026机构初赛模拟题/伽马/题-GM-05-07-金元素由于其具有独特的催化活.md,伽马,07,有机化学,初赛,4,弃卡,非目标模块,B
04-题库/2026机构初赛模拟题/伽马/题-GM-05-08-81苯炔是将苯环的两个领位取.md,伽马,08,有机化学,初赛,4,弃卡,非目标模块,B
04-题库/2026机构初赛模拟题/伽马/题-GM-05-08-DEADPPh得到的中间体一.md,伽马,08,有机化学,初赛,4,弃卡,非目标模块,B
04-题库/2026机构初赛模拟题/伽马/题-GM-05-09-酶多年来一直被用于进行不对称.md,伽马,09,有机化学,初赛,4,弃卡,非目标模块,B
04-题库/2026机构初赛模拟题/伽马/题-GM-06-01-11卤素是一种生活中常见的元.md,伽马,01,化学原理,初赛,4,入池,,
04-题库/2026机构初赛模拟题/伽马/题-GM-06-01-对于RichardTurne.md,伽马,01,化学原理,初赛,4,入池,,
04-题库/2026机构初赛模拟题/伽马/题-GM-06-02-21卡宾是具有六个价电子的二.md,伽马,02,化学原理,初赛,4,入池,,
04-题库/2026机构初赛模拟题/伽马/题-GM-06-02-十10分下列反应并未得到预期.md,伽马,02,化学原理,初赛,4,弃卡,无答案/占位,A
04-题库/2026机构初赛模拟题/伽马/题-GM-06-02-有机电致发光OLED是指有机.md,伽马,02,结构化学,初赛,4,弃卡,有机章节,B
04-题库/2026机构初赛模拟题/伽马/题-GM-06-03-31对于第三周期的过渡金属而.md,伽马,03,化学原理,初赛,4,入池,,
04-题库/2026机构初赛模拟题/伽马/题-GM-06-03-聚酯高分子力学与化学稳定性好.md,伽马,03,有机化学,初赛,4,弃卡,非目标模块,B
04-题库/2026机构初赛模拟题/伽马/题-GM-06-04-1935年KarlFishe.md,伽马,04,化学原理,初赛,4,弃卡,有机章节,B
04-题库/2026机构初赛模拟题/伽马/题-GM-06-04-金属纳米团簇是由几个至几百个.md,伽马,04,化学原理,初赛,4,弃卡,有机章节,B
04-题库/2026机构初赛模拟题/伽马/题-GM-06-05-分子的发光有多种机理其中以d.md,伽马,05,有机化学,初赛,4,弃卡,非目标模块,B
04-题库/2026机构初赛模拟题/伽马/题-GM-06-05-近日中国科学家报道了在嫦娥六.md,伽马,05,结构化学,初赛,4,入池,,
04-题库/2026机构初赛模拟题/伽马/题-GM-06-05-黄原酸酯的反应1899年俄国.md,伽马,05,有机化学,初赛,4,弃卡,非目标模块,B
04-题库/2026机构初赛模拟题/伽马/题-GM-06-06-反应机理的研究是催化反应中非.md,伽马,06,化学原理,初赛,4,弃卡,有机章节,B
04-题库/2026机构初赛模拟题/伽马/题-GM-06-06-苯甲酸重排苯甲酸重排Benz.md,伽马,06,有机化学,初赛,4,弃卡,非目标模块,B
04-题库/2026机构初赛模拟题/伽马/题-GM-06-06-随着可充电锂金属电池尤其是锂.md,伽马,06,化学原理,初赛,4,入池,,
04-题库/2026机构初赛模拟题/伽马/题-GM-06-07-71将的碱性由强到弱排序72.md,伽马,07,化学原理,初赛,4,弃卡,无答案/占位,A
04-题库/2026机构初赛模拟题/伽马/题-GM-06-07-靛蓝Indigo最早于400.md,伽马,07,结构化学,初赛,4,弃卡,有机章节,B
04-题库/2026机构初赛模拟题/伽马/题-GM-06-07-高分子材料在生活中非常常见合.md,伽马,07,元素与分析,初赛,4,弃卡,有机章节,B
04-题库/2026机构初赛模拟题/伽马/题-GM-06-08-1993年ClaudeAga.md,伽马,08,有机化学,初赛,4,弃卡,非目标模块,B
04-题库/2026机构初赛模拟题/伽马/题-GM-06-08-81Cope消除是有机化学中.md,伽马,08,元素与分析,初赛,4,弃卡,有机章节,B
04-题库/2026机构初赛模拟题/伽马/题-GM-06-08-一种硼介导的重排反应可以实现.md,伽马,08,有机化学,初赛,4,弃卡,非目标模块,B
04-题库/2026机构初赛模拟题/伽马/题-GM-06-09-91锂卤交换是有机化学中常用.md,伽马,09,化学原理,初赛,4,弃卡,有机章节,B
04-题库/2026机构初赛模拟题/伽马/题-GM-06-09-Mannich反应是有机化学.md,伽马,09,有机化学,初赛,4,弃卡,非目标模块,B
04-题库/2026机构初赛模拟题/伽马/题-GM-06-09-高价碘试剂作为一种高效温和的.md,伽马,09,有机化学,初赛,4,弃卡,非目标模块,B
04-题库/2026机构初赛模拟题/伽马/题-GM-06-10-二萜天然产物crinipel.md,伽马,10,有机化学,初赛,4,弃卡,非目标模块,B
04-题库/2026机构初赛模拟题/伽马/题-GM-07-01-11对于一维势阱模型其能级能.md,伽马,01,有机化学,初赛,4,弃卡,非目标模块,B
04-题库/2026机构初赛模拟题/伽马/题-GM-07-02-21氮元素在自然界中主要以双.md,伽马,02,化学原理,初赛,4,入池,,
04-题库/2026机构初赛模拟题/伽马/题-GM-07-03-311Ti在强酸性水溶液中的.md,伽马,03,结构化学,初赛,4,入池,,
04-题库/2026机构初赛模拟题/伽马/题-GM-07-04-检出限量是痕量元素分析的基本.md,伽马,04,化学原理,初赛,4,入池,,
04-题库/2026机构初赛模拟题/伽马/题-GM-07-05-量子点QD是一种重要的低维半.md,伽马,05,有机化学,初赛,4,弃卡,非目标模块,B
04-题库/2026机构初赛模拟题/伽马/题-GM-07-06-61醋酸亚铬二水合物是一种抗.md,伽马,06,有机化学,初赛,4,弃卡,非目标模块,B
04-题库/2026机构初赛模拟题/伽马/题-GM-07-07-芳香性是有机化学中最重要的概.md,伽马,07,元素与分析,初赛,4,弃卡,有机章节,B
04-题库/2026机构初赛模拟题/伽马/题-GM-07-08-有机电化学合成最早可追溯至1.md,伽马,08,化学原理,初赛,4,弃卡,有机章节,B
04-题库/2026机构初赛模拟题/伽马/题-GM-07-09-91Pd催化是有机化学中常用.md,伽马,09,有机化学,初赛,4,弃卡,非目标模块,B
04-题库/2026机构初赛模拟题/伽马/题-GM-07-10-以下是生物碱环巴胺的部分全合.md,伽马,10,有机化学,初赛,4,弃卡,非目标模块,B
04-题库/2026机构初赛模拟题/伽马/题-GM-08-01-11卡宾具有两种形态在光谱学.md,伽马,01,化学原理,初赛,4,弃卡,无答案/占位,A
04-题库/2026机构初赛模拟题/伽马/题-GM-08-02-COF材料即共价有机框架Co.md,伽马,02,结构化学,初赛,4,弃卡,无答案/占位,A
04-题库/2026机构初赛模拟题/伽马/题-GM-08-03-31作为金属配合物和纳米颗粒.md,伽马,03,结构化学,初赛,4,弃卡,无答案/占位,A
04-题库/2026机构初赛模拟题/伽马/题-GM-08-04-最近来自日本的研究人员报道了.md,伽马,04,有机化学,初赛,4,弃卡,非目标模块,B
04-题库/2026机构初赛模拟题/伽马/题-GM-08-05-本题涉及的化合物均由MN和氧.md,伽马,05,结构化学,初赛,4,弃卡,无答案/占位,A
04-题库/2026机构初赛模拟题/伽马/题-GM-08-06-苯酚在四氮化碳溶液中溶解时分.md,伽马,06,化学原理,初赛,4,弃卡,无答案/占位,A
04-题库/2026机构初赛模拟题/伽马/题-GM-08-07-含磷有机化合物具有独特的化学.md,伽马,07,结构化学,初赛,4,弃卡,无答案/占位,A
04-题库/2026机构初赛模拟题/伽马/题-GM-08-08-硼是有机化学中新兴的热点硼具.md,伽马,08,有机化学,初赛,4,弃卡,非目标模块,B
04-题库/2026机构初赛模拟题/伽马/题-GM-08-09-全合成TotalSynthe.md,伽马,09,有机化学,初赛,4,弃卡,非目标模块,B
04-题库/2026机构初赛模拟题/伽马/题-GM-09-01-二氧化碳是造成温室效应的主要.md,伽马,01,化学原理,初赛,4,弃卡,无答案/占位,A
04-题库/2026机构初赛模拟题/伽马/题-GM-09-01-维生素C用途非常广泛可作营养.md,伽马,01,化学原理,初赛,4,弃卡,有机章节,B
04-题库/2026机构初赛模拟题/伽马/题-GM-09-02-本题是一道非常中规中矩考查酸.md,伽马,02,结构化学,初赛,4,弃卡,无答案/占位,A
04-题库/2026机构初赛模拟题/伽马/题-GM-09-02-硫醇胺溶剂混合物已广泛应用于.md,伽马,02,化学原理,初赛,4,入池,,
04-题库/2026机构初赛模拟题/伽马/题-GM-09-03-21反应1反应2或反应3或2.md,伽马,03,化学原理,初赛,4,弃卡,无答案/占位,A
04-题库/2026机构初赛模拟题/伽马/题-GM-09-03-铜是人类最早使用的金属之一其.md,伽马,03,结构化学,初赛,4,入池,,
04-题库/2026机构初赛模拟题/伽马/题-GM-09-04-Si元素具有丰富的化学性质关.md,伽马,04,化学原理,初赛,4,弃卡,有机章节,B
04-题库/2026机构初赛模拟题/伽马/题-GM-09-05-51亚硝酸盐的分解511气相.md,伽马,05,化学原理,初赛,4,弃卡,有机章节,B
04-题库/2026机构初赛模拟题/伽马/题-GM-09-06-观察右侧晶体图并回答问题大球.md,伽马,06,结构化学,初赛,4,弃卡,有机章节,B
04-题库/2026机构初赛模拟题/伽马/题-GM-09-07-Grubbs试剂作为一种高效.md,伽马,07,有机化学,初赛,4,弃卡,非目标模块,B
04-题库/2026机构初赛模拟题/伽马/题-GM-09-08-81近日加拿大麦吉尔大学的J.md,伽马,08,有机化学,初赛,4,弃卡,非目标模块,B
04-题库/2026机构初赛模拟题/伽马/题-GM-09-09-尽管从吡啶制备苯是一种潜在的.md,伽马,09,化学原理,初赛,4,弃卡,有机章节,B
04-题库/2026机构初赛模拟题/伽马/题-GM-09-10-C19二萜生物碱C19DTA.md,伽马,10,有机化学,初赛,4,弃卡,非目标模块,B
04-题库/2026机构初赛模拟题/伽马/题-GM-10-01-长期以来较重的元素元素多键的.md,伽马,01,有机化学,初赛,4,弃卡,非目标模块,B
04-题库/2026机构初赛模拟题/伽马/题-GM-10-02-小明在化学竞赛实验室储存盐类.md,伽马,02,化学原理,初赛,4,入池,,
04-题库/2026机构初赛模拟题/伽马/题-GM-10-03-311与一定量的反应生成离子.md,伽马,03,化学原理,初赛,4,入池,,
04-题库/2026机构初赛模拟题/伽马/题-GM-10-04-41下面是一种配位聚合物的合.md,伽马,04,结构化学,初赛,4,弃卡,有机章节,B
04-题库/2026机构初赛模拟题/伽马/题-GM-10-05-在过去几年中对涉及以及其衍生.md,伽马,05,有机化学,初赛,4,弃卡,非目标模块,B
04-题库/2026机构初赛模拟题/伽马/题-GM-10-06-611邻硝基苄基是一种常见的.md,伽马,06,有机化学,初赛,4,弃卡,非目标模块,B
04-题库/2026机构初赛模拟题/伽马/题-GM-10-07-711在的共同作用下发生了如.md,伽马,07,化学原理,初赛,4,弃卡,有机章节,B
04-题库/2026机构初赛模拟题/伽马/题-GM-10-08-8112021年Richmo.md,伽马,08,有机化学,初赛,4,弃卡,非目标模块,B
04-题库/2026机构初赛模拟题/伽马/题-GM-20-01-11水解试验有时使用水解的方.md,伽马,01,有机化学,初赛,4,弃卡,讲稿批次,B
04-题库/2026机构初赛模拟题/伽马/题-GM-20-02-21从离子开始已知碳原子的第.md,伽马,02,结构化学,初赛,4,弃卡,讲稿批次,B
04-题库/2026机构初赛模拟题/伽马/题-GM-20-03-31聚电解质溶液的双电层结构.md,伽马,03,化学原理,初赛,4,弃卡,讲稿批次,B
04-题库/2026机构初赛模拟题/伽马/题-GM-20-04-化合物X是元素M的盐化学式为.md,伽马,04,结构化学,初赛,4,弃卡,讲稿批次,B
04-题库/2026机构初赛模拟题/伽马/题-GM-20-05-许多SbIII配合物被发现有.md,伽马,05,结构化学,初赛,4,弃卡,讲稿批次,B
04-题库/2026机构初赛模拟题/伽马/题-GM-20-06-某最简式为的晶体属立方晶系a.md,伽马,06,结构化学,初赛,4,弃卡,讲稿批次,B
04-题库/2026机构初赛模拟题/伽马/题-GM-20-07-71有一系列卤代烷烃当XFC.md,伽马,07,有机化学,初赛,4,弃卡,讲稿批次,B
04-题库/2026机构初赛模拟题/伽马/题-GM-20-08-81周环反应811有以下转化.md,伽马,08,化学原理,初赛,4,弃卡,讲稿批次,B
04-题库/2026机构初赛模拟题/伽马/题-GM-20-09-91Edman降解瑞典化学家.md,伽马,09,有机化学,初赛,4,弃卡,讲稿批次,B
04-题库/2026机构初赛模拟题/伽马/题-GM-21-01-11设将直链共轭多烯烃分子中.md,伽马,01,有机化学,初赛,4,弃卡,讲稿批次,B
04-题库/2026机构初赛模拟题/伽马/题-GM-21-02-题.md,伽马,02,化学原理,初赛,4,弃卡,讲稿批次,B
04-题库/2026机构初赛模拟题/伽马/题-GM-21-03-非常无聊的一道题基本就是看图.md,伽马,03,有机化学,初赛,4,弃卡,讲稿批次,B
04-题库/2026机构初赛模拟题/伽马/题-GM-21-04-这题几乎没救了.md,伽马,04,结构化学,初赛,4,弃卡,讲稿批次,B
04-题库/2026机构初赛模拟题/伽马/题-GM-21-05-511光欲发电子迁3哈哈娘6.md,伽马,05,有机化学,初赛,4,弃卡,讲稿批次,B
04-题库/2026机构初赛模拟题/伽马/题-GM-21-06-纳米尺度的定向运动是生命的核.md,伽马,06,有机化学,初赛,4,弃卡,讲稿批次,B
04-题库/2026机构初赛模拟题/伽马/题-GM-22-01-多肽材料是一种多功能智能产品.md,伽马,01,有机化学,初赛,4,弃卡,讲稿批次,B
04-题库/2026机构初赛模拟题/伽马/题-GM-22-02-6hole由于存在电子缺陷正.md,伽马,02,元素与分析,初赛,4,弃卡,讲稿批次,B
04-题库/2026机构初赛模拟题/伽马/题-GM-22-03-元素A其单质是灰黑色的脆性晶.md,伽马,03,结构化学,初赛,4,弃卡,讲稿批次,B
04-题库/2026机构初赛模拟题/伽马/题-GM-22-04-将和水混合后短暂搅拌并置于聚.md,伽马,04,结构化学,初赛,4,弃卡,讲稿批次,B
04-题库/2026机构初赛模拟题/伽马/题-GM-22-05-51用还原反应的历程如下所示.md,伽马,05,元素与分析,初赛,4,弃卡,讲稿批次,B
04-题库/2026机构初赛模拟题/伽马/题-GM-22-06-诸如CO等小分子是普遍存在的.md,伽马,06,有机化学,初赛,4,弃卡,讲稿批次,B
04-题库/2026机构初赛模拟题/伽马/题-GM-22-07-若将忽略气体分子的内部结构将.md,伽马,07,化学原理,初赛,4,弃卡,讲稿批次,B
04-题库/2026机构初赛模拟题/伽马/题-GM-23-01-对于RichardTurne.md,伽马,01,化学原理,初赛,4,弃卡,讲稿批次,B
04-题库/2026机构初赛模拟题/伽马/题-GM-23-02-2020年中国科学家发现了一.md,伽马,02,结构化学,初赛,4,弃卡,讲稿批次,B
04-题库/2026机构初赛模拟题/伽马/题-GM-23-03-聚酯高分子力学与化学稳定性好.md,伽马,03,有机化学,初赛,4,弃卡,讲稿批次,B
04-题库/2026机构初赛模拟题/伽马/题-GM-23-04-1935年KarlFishe.md,伽马,04,化学原理,初赛,4,弃卡,讲稿批次,B
04-题库/2026机构初赛模拟题/伽马/题-GM-23-05-近日中国科学家报道了在嫦娥六.md,伽马,05,结构化学,初赛,4,弃卡,讲稿批次,B
04-题库/2026机构初赛模拟题/伽马/题-GM-23-06-注意此题的电池中的硫单质应写.md,伽马,06,结构化学,初赛,4,弃卡,讲稿批次,B
04-题库/2026机构初赛模拟题/伽马/题-GM-24-01-短周期元素ABC和D两两之间.md,伽马,01,化学原理,初赛,4,弃卡,讲稿批次,B
04-题库/2026机构初赛模拟题/伽马/题-GM-24-02-已知酰胺A可形成分子内氢键可.md,伽马,02,化学原理,初赛,4,弃卡,讲稿批次,B
04-题库/2026机构初赛模拟题/伽马/题-GM-24-03-X射线衍射XRD是研究晶体结.md,伽马,03,结构化学,初赛,4,弃卡,讲稿批次,B
04-题库/2026机构初赛模拟题/伽马/题-GM-24-04-蜘蛛丝是自然界中性能最卓越的.md,伽马,04,化学原理,初赛,4,弃卡,讲稿批次,B
04-题库/2026机构初赛模拟题/伽马/题-GM-24-05-51光致发光原理分子被光激发.md,伽马,05,有机化学,初赛,4,弃卡,讲稿批次,B
04-题库/2026机构初赛模拟题/伽马/题-GM-24-06-61光敏分子611反式二苯乙.md,伽马,06,有机化学,初赛,4,弃卡,讲稿批次,B
04-题库/2026机构初赛模拟题/伽马/题-GM-25-01-题源化英社3809金红石是缺.md,伽马,01,结构化学,初赛,4,弃卡,无答案/占位,A
04-题库/2026机构初赛模拟题/伽马/题-GM-25-02-题源TBNChem3710R.md,伽马,02,结构化学,初赛,4,弃卡,无答案/占位,A
04-题库/2026机构初赛模拟题/伽马/题-GM-25-03-题源Chemy3717立方钙.md,伽马,03,结构化学,初赛,4,弃卡,无答案/占位,A
04-题库/2026机构初赛模拟题/伽马/题-GM-25-04-题源化英社3801钙钛矿是一.md,伽马,04,结构化学,初赛,4,弃卡,无答案/占位,A
04-题库/2026机构初赛模拟题/伽马/题-GM-25-05-题源Chemy3819钙钛矿.md,伽马,05,结构化学,初赛,4,弃卡,无答案/占位,A
04-题库/2026机构初赛模拟题/伽马/题-GM-25-06-题源COBP3504T52灼.md,伽马,06,结构化学,初赛,4,弃卡,无答案/占位,A
04-题库/2026机构初赛模拟题/伽马/题-GM-25-07-题源COBP3505俗称刚玉.md,伽马,07,结构化学,初赛,4,弃卡,无答案/占位,A
04-题库/2026机构初赛模拟题/伽马/题-GM-25-08-题源2024年清北营暑假班试.md,伽马,08,结构化学,初赛,4,弃卡,无答案/占位,A
04-题库/2026机构初赛模拟题/伽马/题-GM-25-09-题源2018年清北营暑假班明.md,伽马,09,结构化学,初赛,4,弃卡,无答案/占位,A
04-题库/2026机构初赛模拟题/伽马/题-GM-25-10-的晶体结构与一种常见的晶体结.md,伽马,10,结构化学,初赛,4,弃卡,无答案/占位,A
04-题库/2026机构初赛模拟题/壹尖培优/题-YJ-01-01-11钛单质溶于热的HCl溶液.md,壹尖培优,01,元素与分析,初赛,4,弃卡,题面含竞赛真题特征,B
04-题库/2026机构初赛模拟题/壹尖培优/题-YJ-01-01-在标准液的标定实验的操作过程.md,壹尖培优,01,元素与分析,初赛,4,入池,,
04-题库/2026机构初赛模拟题/壹尖培优/题-YJ-01-01-本题可能用到的缩写DMAP4.md,壹尖培优,01,有机化学,初赛,4,弃卡,非目标模块,B
04-题库/2026机构初赛模拟题/壹尖培优/题-YJ-01-02-21从离子开始已知碳原子的第.md,壹尖培优,02,化学原理,初赛,4,入池,,
04-题库/2026机构初赛模拟题/壹尖培优/题-YJ-01-02-与的相互转化是讨论化学平衡问.md,壹尖培优,02,化学原理,初赛,4,弃卡,题面含竞赛真题特征,B
04-题库/2026机构初赛模拟题/壹尖培优/题-YJ-01-02-极性反转是最有效的有机合成方.md,壹尖培优,02,有机化学,初赛,4,弃卡,非目标模块,B
04-题库/2026机构初赛模拟题/壹尖培优/题-YJ-01-03-31一种含Ga配合物的合成一.md,壹尖培优,03,元素与分析,初赛,4,弃卡,题面含竞赛真题特征,B
04-题库/2026机构初赛模拟题/壹尖培优/题-YJ-01-03-本题可能用到的缩写DIAD偶.md,壹尖培优,03,有机化学,初赛,4,弃卡,非目标模块,B
04-题库/2026机构初赛模拟题/壹尖培优/题-YJ-01-03-黄金作为广为人知的贵金属因色.md,壹尖培优,03,化学原理,初赛,4,入池,,
04-题库/2026机构初赛模拟题/壹尖培优/题-YJ-01-04-硒元素被誉为生命之火在电子和.md,壹尖培优,04,结构化学,初赛,4,弃卡,有机章节,B
04-题库/2026机构初赛模拟题/壹尖培优/题-YJ-01-04-硝基甲烷作为简单结构的大宗工.md,壹尖培优,04,有机化学,初赛,4,弃卡,非目标模块,B
04-题库/2026机构初赛模拟题/壹尖培优/题-YJ-01-04-钙钛矿型固体可以作为固体氧化.md,壹尖培优,04,化学原理,初赛,4,弃卡,题面含竞赛真题特征,B
04-题库/2026机构初赛模拟题/壹尖培优/题-YJ-01-05-51用可以制成从可见光红外光.md,壹尖培优,05,结构化学,初赛,4,入池,,
04-题库/2026机构初赛模拟题/壹尖培优/题-YJ-01-05-Claisen重排最早由Cl.md,壹尖培优,05,有机化学,初赛,4,弃卡,非目标模块,B
04-题库/2026机构初赛模拟题/壹尖培优/题-YJ-01-05-能形成不同的晶型以下是部分晶.md,壹尖培优,05,结构化学,初赛,4,弃卡,题面含竞赛真题特征,B
04-题库/2026机构初赛模拟题/壹尖培优/题-YJ-01-06-61比较下列物质在亲核取代反.md,壹尖培优,06,化学原理,初赛,4,弃卡,题面含竞赛真题特征,B
04-题库/2026机构初赛模拟题/壹尖培优/题-YJ-01-06-DMF是有机反应中被广泛使用.md,壹尖培优,06,有机化学,初赛,4,弃卡,非目标模块,B
04-题库/2026机构初赛模拟题/壹尖培优/题-YJ-01-06-设理想气体被密封在一个带活塞.md,壹尖培优,06,化学原理,初赛,4,入池,,
04-题库/2026机构初赛模拟题/壹尖培优/题-YJ-01-07-71观察以下反应已知该反应的.md,壹尖培优,07,化学原理,初赛,4,弃卡,题面含竞赛真题特征,B
04-题库/2026机构初赛模拟题/壹尖培优/题-YJ-01-07-提示本题不需要额外的数学物理.md,壹尖培优,07,化学原理,初赛,4,弃卡,有机章节,B
04-题库/2026机构初赛模拟题/壹尖培优/题-YJ-01-08-81Wittig反应通过控制.md,壹尖培优,08,元素与分析,初赛,4,弃卡,题面含竞赛真题特征,B
04-题库/2026机构初赛模拟题/壹尖培优/题-YJ-01-08-在20世纪Stocks等按以.md,壹尖培优,08,元素与分析,初赛,4,入池,,
04-题库/2026机构初赛模拟题/壹尖培优/题-YJ-01-09-人们对亚硝酸盐的生理化学越来.md,壹尖培优,09,化学原理,初赛,4,弃卡,有机章节,B
04-题库/2026机构初赛模拟题/壹尖培优/题-YJ-02-01-11选出以下共振式对真实分子.md,壹尖培优,01,化学原理,初赛,4,弃卡,有机章节,B
04-题库/2026机构初赛模拟题/壹尖培优/题-YJ-02-01-取铜板尺寸为分别在设定为的加.md,壹尖培优,01,化学原理,初赛,4,弃卡,题面含竞赛真题特征,B
04-题库/2026机构初赛模拟题/壹尖培优/题-YJ-02-01-金属M的某种氢氧化物A溶于氢.md,壹尖培优,01,元素与分析,初赛,4,入池,,
04-题库/2026机构初赛模拟题/壹尖培优/题-YJ-02-02-21比较以下分子中框出的CO.md,壹尖培优,02,有机化学,初赛,4,弃卡,非目标模块,B
04-题库/2026机构初赛模拟题/壹尖培优/题-YJ-02-02-已知醋酸HAc的21向的HA.md,壹尖培优,02,化学原理,初赛,4,弃卡,题面含竞赛真题特征,B
04-题库/2026机构初赛模拟题/壹尖培优/题-YJ-02-02-酸雨是指pH小于56的降水主.md,壹尖培优,02,化学原理,初赛,4,入池,,
04-题库/2026机构初赛模拟题/壹尖培优/题-YJ-02-03-31以下转化可看作经五元并环.md,壹尖培优,03,有机化学,初赛,4,弃卡,非目标模块,B
04-题库/2026机构初赛模拟题/壹尖培优/题-YJ-02-03-一种锰的氧化物晶体化学式为其.md,壹尖培优,03,元素与分析,初赛,4,入池,,
04-题库/2026机构初赛模拟题/壹尖培优/题-YJ-02-03-超单体是指通过非共价相互作用.md,壹尖培优,03,化学原理,初赛,4,弃卡,题面含竞赛真题特征,B
04-题库/2026机构初赛模拟题/壹尖培优/题-YJ-02-04-41用三氯化铁催化熔融的硫单.md,壹尖培优,04,化学原理,初赛,4,入池,,
04-题库/2026机构初赛模拟题/壹尖培优/题-YJ-02-04-41给出以下反应的关键中间体.md,壹尖培优,04,有机化学,初赛,4,弃卡,非目标模块,B
04-题库/2026机构初赛模拟题/壹尖培优/题-YJ-02-04-三元化合物A和B具有同样的元.md,壹尖培优,04,结构化学,初赛,4,弃卡,题面含竞赛真题特征,B
04-题库/2026机构初赛模拟题/壹尖培优/题-YJ-02-05-51经典的Mannich反应.md,壹尖培优,05,有机化学,初赛,4,弃卡,非目标模块,B
04-题库/2026机构初赛模拟题/壹尖培优/题-YJ-02-05-乙酸乙酯在碱性条件下可以发生.md,壹尖培优,05,化学原理,初赛,4,入池,,
04-题库/2026机构初赛模拟题/壹尖培优/题-YJ-02-05-多金属纳米颗粒材料简称MMN.md,壹尖培优,05,结构化学,初赛,4,弃卡,题面含竞赛真题特征,B
04-题库/2026机构初赛模拟题/壹尖培优/题-YJ-02-06-61请写出以下反应中间体A的.md,壹尖培优,06,化学原理,初赛,4,弃卡,题面含竞赛真题特征,B
04-题库/2026机构初赛模拟题/壹尖培优/题-YJ-02-06-下列反应在不同溶剂中结果不同.md,壹尖培优,06,有机化学,初赛,4,弃卡,非目标模块,B
04-题库/2026机构初赛模拟题/壹尖培优/题-YJ-02-06-下图示意了一种砖红色顺磁性化.md,壹尖培优,06,结构化学,初赛,4,入池,,
04-题库/2026机构初赛模拟题/壹尖培优/题-YJ-02-07-71回答下列问题711为什么.md,壹尖培优,07,有机化学,初赛,4,弃卡,非目标模块,B
04-题库/2026机构初赛模拟题/壹尖培优/题-YJ-02-07-和单质汞可以发生归中反应将其.md,壹尖培优,07,化学原理,初赛,4,入池,,
04-题库/2026机构初赛模拟题/壹尖培优/题-YJ-02-07-近来有人报道了高产率的串联环.md,壹尖培优,07,有机化学,初赛,4,弃卡,非目标模块,B
04-题库/2026机构初赛模拟题/壹尖培优/题-YJ-02-08-光化学在自然界和日常生活中扮.md,壹尖培优,08,有机化学,初赛,4,弃卡,非目标模块,B
04-题库/2026机构初赛模拟题/壹尖培优/题-YJ-02-08-在最密堆积的原子排列中可以形.md,壹尖培优,08,结构化学,初赛,4,入池,,
04-题库/2026机构初赛模拟题/壹尖培优/题-YJ-02-08-红花五味子中分离的Rubri.md,壹尖培优,08,有机化学,初赛,4,弃卡,非目标模块,B
04-题库/2026机构初赛模拟题/壹尖培优/题-YJ-02-09-波尔模型是第一个成功的量子原.md,壹尖培优,09,化学原理,初赛,4,入池,,
04-题库/2026机构初赛模拟题/壹尖培优/题-YJ-03-01-11比较下列化合物沸点的大小.md,壹尖培优,01,化学原理,初赛,4,入池,,
04-题库/2026机构初赛模拟题/壹尖培优/题-YJ-03-01-重铬酸钾是分析化学中常用的试.md,壹尖培优,01,化学原理,初赛,4,弃卡,题面含竞赛真题特征,B
04-题库/2026机构初赛模拟题/壹尖培优/题-YJ-03-02-21写出以下反应后处理后的产.md,壹尖培优,02,化学原理,初赛,4,弃卡,有机章节,B
04-题库/2026机构初赛模拟题/壹尖培优/题-YJ-03-02-CaCr和N的三元化合物A沿.md,壹尖培优,02,结构化学,初赛,4,弃卡,题面含竞赛真题特征,B
04-题库/2026机构初赛模拟题/壹尖培优/题-YJ-03-03-Smiles重排反应是一种经.md,壹尖培优,03,有机化学,初赛,4,弃卡,非目标模块,B
04-题库/2026机构初赛模拟题/壹尖培优/题-YJ-03-03-金属元素M的希腊文意为铅来源.md,壹尖培优,03,结构化学,初赛,4,弃卡,题面含竞赛真题特征,B
04-题库/2026机构初赛模拟题/壹尖培优/题-YJ-03-04-不知道您是否有这样的体验深夜.md,壹尖培优,04,化学原理,初赛,4,弃卡,题面含竞赛真题特征,B
04-题库/2026机构初赛模拟题/壹尖培优/题-YJ-03-04-环加成反应是构建环状分子的经.md,壹尖培优,04,有机化学,初赛,4,弃卡,非目标模块,B
04-题库/2026机构初赛模拟题/壹尖培优/题-YJ-03-05-异腈今些年来受到了有机化学家.md,壹尖培优,05,有机化学,初赛,4,弃卡,非目标模块,B
04-题库/2026机构初赛模拟题/壹尖培优/题-YJ-03-05-苯并硼杂环丙烯是一类具有并休.md,壹尖培优,05,有机化学,初赛,4,弃卡,非目标模块,B
04-题库/2026机构初赛模拟题/壹尖培优/题-YJ-03-06-61如下所示的BIDIME是.md,壹尖培优,06,化学原理,初赛,4,弃卡,题面含竞赛真题特征,B
04-题库/2026机构初赛模拟题/壹尖培优/题-YJ-03-06-不饱和醛酮是有机化合物中一种.md,壹尖培优,06,元素与分析,初赛,4,弃卡,有机章节,B
04-题库/2026机构初赛模拟题/壹尖培优/题-YJ-03-07-DNA分子作为人体内极其重要.md,壹尖培优,07,有机化学,初赛,4,弃卡,非目标模块,B
04-题库/2026机构初赛模拟题/壹尖培优/题-YJ-03-07-环己烷并三奎烷型天然产物由于.md,壹尖培优,07,有机化学,初赛,4,弃卡,非目标模块,B
04-题库/2026机构初赛模拟题/壹尖培优/题-YJ-03-08-jiadifenolide被.md,壹尖培优,08,有机化学,初赛,4,弃卡,非目标模块,B
04-题库/2026机构初赛模拟题/壹尖培优/题-YJ-03-08-有机反应立体选择性的控制一直.md,壹尖培优,08,有机化学,初赛,4,弃卡,非目标模块,B
04-题库/2026机构初赛模拟题/壹尖培优/题-YJ-03-09-菲啶酮是一种重要的特殊结构单.md,壹尖培优,09,有机化学,初赛,4,弃卡,非目标模块,B
04-题库/2026机构初赛模拟题/壹尖培优/题-YJ-04-01-11与按不同的比例反应可以生.md,壹尖培优,01,元素与分析,初赛,4,弃卡,题面含竞赛真题特征,B
04-题库/2026机构初赛模拟题/壹尖培优/题-YJ-04-02-元素M的单质及其化合物在日常.md,壹尖培优,02,结构化学,初赛,4,弃卡,题面含竞赛真题特征,B
04-题库/2026机构初赛模拟题/壹尖培优/题-YJ-04-03-稀酸溶液中奎宁具有很强的荧光.md,壹尖培优,03,化学原理,初赛,4,弃卡,题面含竞赛真题特征,B
04-题库/2026机构初赛模拟题/壹尖培优/题-YJ-04-04-41氮杂环卡宾NHCs的类似.md,壹尖培优,04,有机化学,初赛,4,弃卡,非目标模块,B
04-题库/2026机构初赛模拟题/壹尖培优/题-YJ-04-05-化学式为的三元金属硼化物中部.md,壹尖培优,05,结构化学,初赛,4,弃卡,题面含竞赛真题特征,B
04-题库/2026机构初赛模拟题/壹尖培优/题-YJ-04-06-一般地我们可以通过基团加和法.md,壹尖培优,06,化学原理,初赛,4,弃卡,题面含竞赛真题特征,B
04-题库/2026机构初赛模拟题/壹尖培优/题-YJ-04-07-有机膦化合物因其具有明显的亲.md,壹尖培优,07,有机化学,初赛,4,弃卡,非目标模块,B
04-题库/2026机构初赛模拟题/壹尖培优/题-YJ-04-08-本题要求立体化学中药甘遂为大.md,壹尖培优,08,有机化学,初赛,4,弃卡,非目标模块,B
04-题库/2026机构初赛模拟题/壹尖培优/题-YJ-05-01-火焰切割即气切割是钢板粗加工.md,壹尖培优,01,化学原理,初赛,4,弃卡,题面含竞赛真题特征,B
04-题库/2026机构初赛模拟题/壹尖培优/题-YJ-05-02-一种第七周期金属元素M与氧和.md,壹尖培优,02,结构化学,初赛,4,弃卡,题面含竞赛真题特征,B
04-题库/2026机构初赛模拟题/壹尖培优/题-YJ-05-03-圆二色性作为常见的光学效应已.md,壹尖培优,03,有机化学,初赛,4,弃卡,非目标模块,B
04-题库/2026机构初赛模拟题/壹尖培优/题-YJ-05-04-在整个冷战期间苏联705型核.md,壹尖培优,04,化学原理,初赛,4,弃卡,题面含竞赛真题特征,B
04-题库/2026机构初赛模拟题/壹尖培优/题-YJ-05-05-对主族元素的多重键的探讨一直.md,壹尖培优,05,有机化学,初赛,4,弃卡,非目标模块,B
04-题库/2026机构初赛模拟题/壹尖培优/题-YJ-05-06-降冰片烯中的不饱和碳碳键具有.md,壹尖培优,06,有机化学,初赛,4,弃卡,非目标模块,B
04-题库/2026机构初赛模拟题/壹尖培优/题-YJ-05-07-Seventhousandp.md,壹尖培优,07,有机化学,初赛,4,弃卡,非目标模块,B
04-题库/2026机构初赛模拟题/壹尖培优/题-YJ-05-08-本题要求立体化学81画出由A.md,壹尖培优,08,有机化学,初赛,4,弃卡,非目标模块,B
04-题库/2026机构初赛模拟题/壹尖培优/题-YJ-06-01-根据所给条件按照要求书写反应.md,壹尖培优,01,化学原理,初赛,4,弃卡,题面含竞赛真题特征,B
04-题库/2026机构初赛模拟题/壹尖培优/题-YJ-06-02-库仑滴定法是基于电解过程的分.md,壹尖培优,02,化学原理,初赛,4,弃卡,题面含竞赛真题特征,B
04-题库/2026机构初赛模拟题/壹尖培优/题-YJ-06-03-浓差电池是电池中的一种其电动.md,壹尖培优,03,化学原理,初赛,4,弃卡,题面含竞赛真题特征,B
04-题库/2026机构初赛模拟题/壹尖培优/题-YJ-06-04-自由基阴离子作为单电子还原小.md,壹尖培优,04,结构化学,初赛,4,弃卡,题面含竞赛真题特征,B
04-题库/2026机构初赛模拟题/壹尖培优/题-YJ-06-05-As的结构可以看成是由无数个.md,壹尖培优,05,结构化学,初赛,4,弃卡,题面含竞赛真题特征,B
04-题库/2026机构初赛模拟题/壹尖培优/题-YJ-06-06-碳杂多重键包括羰基和氰基等重.md,壹尖培优,06,化学原理,初赛,4,弃卡,题面含竞赛真题特征,B
04-题库/2026机构初赛模拟题/壹尖培优/题-YJ-06-07-经连续邻位稠合的多环芳烃称为.md,壹尖培优,07,有机化学,初赛,4,弃卡,非目标模块,B
04-题库/2026机构初赛模拟题/壹尖培优/题-YJ-06-08-811丙烯水溶液在的协同催化.md,壹尖培优,08,元素与分析,初赛,4,弃卡,题面含竞赛真题特征,B
04-题库/2026机构初赛模拟题/壹尖培优/题-YJ-07-01-11请解释为什么和的酸性依次.md,壹尖培优,01,化学原理,初赛,4,弃卡,题面含竞赛真题特征,B
04-题库/2026机构初赛模拟题/壹尖培优/题-YJ-07-02-如下图展示了一种由NaNpF.md,壹尖培优,02,结构化学,初赛,4,弃卡,题面含竞赛真题特征,B
04-题库/2026机构初赛模拟题/壹尖培优/题-YJ-07-03-在含金属元素M的溶液中加入酸.md,壹尖培优,03,元素与分析,初赛,4,弃卡,题面含竞赛真题特征,B
04-题库/2026机构初赛模拟题/壹尖培优/题-YJ-07-04-一种合金样品的主要成分为Al.md,壹尖培优,04,化学原理,初赛,4,弃卡,题面含竞赛真题特征,B
04-题库/2026机构初赛模拟题/壹尖培优/题-YJ-07-05-近年来利用低价主族元素特殊反.md,壹尖培优,05,有机化学,初赛,4,弃卡,非目标模块,B
04-题库/2026机构初赛模拟题/壹尖培优/题-YJ-07-06-61酮酸类化合物易发生脱羧反.md,壹尖培优,06,有机化学,初赛,4,弃卡,非目标模块,B
04-题库/2026机构初赛模拟题/壹尖培优/题-YJ-07-07-在芳香性世界的边缘存在一类反.md,壹尖培优,07,有机化学,初赛,4,弃卡,非目标模块,B
04-题库/2026机构初赛模拟题/壹尖培优/题-YJ-07-08-2016年某课题组在探究Ca.md,壹尖培优,08,有机化学,初赛,4,弃卡,非目标模块,B
04-题库/2026机构初赛模拟题/壹尖培优/题-YJ-08-01-粉色固体A在C下加热生成蓝色.md,壹尖培优,01,结构化学,初赛,4,弃卡,题面含竞赛真题特征,B
04-题库/2026机构初赛模拟题/壹尖培优/题-YJ-08-02-Mg和Cu能够形成一种经典合.md,壹尖培优,02,结构化学,初赛,4,弃卡,题面含竞赛真题特征,B
04-题库/2026机构初赛模拟题/壹尖培优/题-YJ-08-03-311五水硫酸铜在298K下.md,壹尖培优,03,化学原理,初赛,4,弃卡,题面含竞赛真题特征,B
04-题库/2026机构初赛模拟题/壹尖培优/题-YJ-08-04-在有机化学的世界里苯环因其芳.md,壹尖培优,04,有机化学,初赛,4,弃卡,非目标模块,B
04-题库/2026机构初赛模拟题/壹尖培优/题-YJ-08-05-某酸性试液中含有一定量苯酚现.md,壹尖培优,05,有机化学,初赛,4,弃卡,非目标模块,B
04-题库/2026机构初赛模拟题/壹尖培优/题-YJ-08-06-近年来厦门大学的研究团队报道.md,壹尖培优,06,有机化学,初赛,4,弃卡,非目标模块,B
04-题库/2026机构初赛模拟题/壹尖培优/题-YJ-08-07-71阅读以下反应路线图711.md,壹尖培优,07,有机化学,初赛,4,弃卡,非目标模块,B
04-题库/2026机构初赛模拟题/壹尖培优/题-YJ-08-08-硝基芳烃在光照条件下易被激发.md,壹尖培优,08,有机化学,初赛,4,弃卡,非目标模块,B
04-题库/2026机构初赛模拟题/壹尖培优/题-YJ-08-09-Part1反应91已知下列反.md,壹尖培优,09,有机化学,初赛,4,弃卡,非目标模块,B
04-题库/2026机构初赛模拟题/壹尖培优/题-YJ-09-01-1951年化学家首次在实验室.md,壹尖培优,01,元素与分析,初赛,4,弃卡,题面含竞赛真题特征,B
04-题库/2026机构初赛模拟题/壹尖培优/题-YJ-09-02-某非金属元素X是植物生长发育.md,壹尖培优,02,元素与分析,初赛,4,弃卡,题面含竞赛真题特征,B
04-题库/2026机构初赛模拟题/壹尖培优/题-YJ-09-03-某立方晶系的复合金属氧化物晶.md,壹尖培优,03,结构化学,初赛,4,弃卡,题面含竞赛真题特征,B
04-题库/2026机构初赛模拟题/壹尖培优/题-YJ-09-04-为了定量检测工厂废水池中的重.md,壹尖培优,04,化学原理,初赛,4,弃卡,题面含竞赛真题特征,B
04-题库/2026机构初赛模拟题/壹尖培优/题-YJ-09-05-羰基是有机化学的当中一类非常.md,壹尖培优,05,有机化学,初赛,4,弃卡,非目标模块,B
04-题库/2026机构初赛模拟题/壹尖培优/题-YJ-09-06-费托合成FischerTro.md,壹尖培优,06,有机化学,初赛,4,弃卡,非目标模块,B
04-题库/2026机构初赛模拟题/壹尖培优/题-YJ-09-07-71画出此反应的环状中间体A.md,壹尖培优,07,有机化学,初赛,4,弃卡,非目标模块,B
04-题库/2026机构初赛模拟题/壹尖培优/题-YJ-09-09-缩写注释Imidazole咪.md,壹尖培优,09,有机化学,初赛,4,弃卡,非目标模块,B
04-题库/2026机构初赛模拟题/壹尖培优/题-YJ-10-01-液氨是人们最熟悉的研究得最充.md,壹尖培优,01,元素与分析,初赛,4,弃卡,题面含竞赛真题特征,B
04-题库/2026机构初赛模拟题/壹尖培优/题-YJ-10-02-1943年GeorgedeH.md,壹尖培优,02,化学原理,初赛,4,弃卡,题面含竞赛真题特征,B
04-题库/2026机构初赛模拟题/壹尖培优/题-YJ-10-03-下午所示为某六方晶系混合金属.md,壹尖培优,03,结构化学,初赛,4,弃卡,题面含竞赛真题特征,B
04-题库/2026机构初赛模拟题/壹尖培优/题-YJ-10-04-锕系元素的亚胺基配合物因其在.md,壹尖培优,04,化学原理,初赛,4,弃卡,题面含竞赛真题特征,B
04-题库/2026机构初赛模拟题/壹尖培优/题-YJ-10-05-你在实验室中尝试通过酯化反应.md,壹尖培优,05,化学原理,初赛,4,弃卡,题面含竞赛真题特征,B
04-题库/2026机构初赛模拟题/壹尖培优/题-YJ-10-06-61指出下列化合物是否具有手.md,壹尖培优,06,有机化学,初赛,4,弃卡,非目标模块,B
04-题库/2026机构初赛模拟题/壹尖培优/题-YJ-10-07-芳烃的烷基化是化学合成中最具.md,壹尖培优,07,有机化学,初赛,4,弃卡,非目标模块,B
04-题库/2026机构初赛模拟题/壹尖培优/题-YJ-10-08-自1978年Buta等人从三.md,壹尖培优,08,元素与分析,初赛,4,弃卡,题面含竞赛真题特征,B
04-题库/2026机构初赛模拟题/壹尖培优/题-YJ-11-01-某非金属单质A在常温常压下为.md,壹尖培优,01,元素与分析,初赛,4,弃卡,题面含竞赛真题特征,B
04-题库/2026机构初赛模拟题/壹尖培优/题-YJ-11-02-稀有气体的化合物始终是无机合.md,壹尖培优,02,化学原理,初赛,4,弃卡,题面含竞赛真题特征,B
04-题库/2026机构初赛模拟题/壹尖培优/题-YJ-11-03-金属元素X与非金属元素Y在元.md,壹尖培优,03,结构化学,初赛,4,弃卡,题面含竞赛真题特征,B
04-题库/2026机构初赛模拟题/壹尖培优/题-YJ-11-04-镧系元素通常呈现3价对应的配.md,壹尖培优,04,元素与分析,初赛,4,弃卡,题面含竞赛真题特征,B
04-题库/2026机构初赛模拟题/壹尖培优/题-YJ-11-05-为降低含硫化合物的排放减少对.md,壹尖培优,05,化学原理,初赛,4,弃卡,题面含竞赛真题特征,B
04-题库/2026机构初赛模拟题/壹尖培优/题-YJ-11-06-元素A和B具有相同的价电子构.md,壹尖培优,06,有机化学,初赛,4,弃卡,非目标模块,B
04-题库/2026机构初赛模拟题/壹尖培优/题-YJ-11-07-71甲苯的偶极矩为043D硝.md,壹尖培优,07,化学原理,初赛,4,弃卡,题面含竞赛真题特征,B
04-题库/2026机构初赛模拟题/壹尖培优/题-YJ-11-08-消除反应是有机化学中一种重要.md,壹尖培优,08,有机化学,初赛,4,弃卡,非目标模块,B
04-题库/2026机构初赛模拟题/壹尖培优/题-YJ-11-09-从生源合成路线中发掘全新的合.md,壹尖培优,09,有机化学,初赛,4,弃卡,非目标模块,B
04-题库/2026机构初赛模拟题/壹尖培优/题-YJ-12-01-已知以下几种氟化物在室温下均.md,壹尖培优,01,元素与分析,初赛,4,弃卡,题面含竞赛真题特征,B
04-题库/2026机构初赛模拟题/壹尖培优/题-YJ-12-02-近年来二维单层黑磷Phosp.md,壹尖培优,02,化学原理,初赛,4,弃卡,题面含竞赛真题特征,B
04-题库/2026机构初赛模拟题/壹尖培优/题-YJ-12-03-磷酸二氢钾KDP晶体是一种优.md,壹尖培优,03,结构化学,初赛,4,弃卡,题面含竞赛真题特征,B
04-题库/2026机构初赛模拟题/壹尖培优/题-YJ-12-04-1931年Hckel以简洁的.md,壹尖培优,04,结构化学,初赛,4,弃卡,题面含竞赛真题特征,B
04-题库/2026机构初赛模拟题/壹尖培优/题-YJ-12-05-伦敦色散力Londondis.md,壹尖培优,05,结构化学,初赛,4,弃卡,题面含竞赛真题特征,B
04-题库/2026机构初赛模拟题/壹尖培优/题-YJ-12-06-61请按照酸性从强到弱给以下.md,壹尖培优,06,有机化学,初赛,4,弃卡,非目标模块,B
04-题库/2026机构初赛模拟题/壹尖培优/题-YJ-12-07-71下面的反应能否正常发生如.md,壹尖培优,07,有机化学,初赛,4,弃卡,非目标模块,B
04-题库/2026机构初赛模拟题/壹尖培优/题-YJ-12-08-ErickMCarreira.md,壹尖培优,08,有机化学,初赛,4,弃卡,非目标模块,B
04-题库/2026机构初赛模拟题/壹尖培优/题-YJ-13-01-M是天然存在的元素中最后一个.md,壹尖培优,01,结构化学,初赛,4,弃卡,题面含竞赛真题特征,B
04-题库/2026机构初赛模拟题/壹尖培优/题-YJ-13-02-生物无机化学是无机化学的重要.md,壹尖培优,02,化学原理,初赛,4,弃卡,题面含竞赛真题特征,B
04-题库/2026机构初赛模拟题/壹尖培优/题-YJ-13-03-在某些中性化合物中由于特殊的.md,壹尖培优,03,元素与分析,初赛,4,弃卡,题面含竞赛真题特征,B
04-题库/2026机构初赛模拟题/壹尖培优/题-YJ-13-04-直觉上由刚性砌块有序堆叠而成.md,壹尖培优,04,结构化学,初赛,4,弃卡,题面含竞赛真题特征,B
04-题库/2026机构初赛模拟题/壹尖培优/题-YJ-13-05-荆芥内酯Nepetalact.md,壹尖培优,05,有机化学,初赛,4,弃卡,非目标模块,B
04-题库/2026机构初赛模拟题/壹尖培优/题-YJ-13-06-萜类化合物是自然界中最大一类.md,壹尖培优,06,化学原理,初赛,4,弃卡,题面含竞赛真题特征,B
04-题库/2026机构初赛模拟题/壹尖培优/题-YJ-13-07-金刚石是碳最具有代表性的同素.md,壹尖培优,07,结构化学,初赛,4,弃卡,题面含竞赛真题特征,B
04-题库/2026机构初赛模拟题/壹尖培优/题-YJ-19-01-11二元氧化物X是黄色固体常.md,壹尖培优,01,结构化学,初赛,4,弃卡,无答案/占位,A
04-题库/2026机构初赛模拟题/壹尖培优/题-YJ-19-02-21叠氮阴离子拥有两个等长的.md,壹尖培优,02,化学原理,初赛,4,弃卡,无答案/占位,A
04-题库/2026机构初赛模拟题/壹尖培优/题-YJ-19-03-理论计算表明高压下Rb可以形.md,壹尖培优,03,结构化学,初赛,4,弃卡,无答案/占位,A
04-题库/2026机构初赛模拟题/壹尖培优/题-YJ-19-04-AH是含金属M的一系列化合物.md,壹尖培优,04,化学原理,初赛,4,弃卡,无答案/占位,A
04-题库/2026机构初赛模拟题/壹尖培优/题-YJ-19-05-交互式舷窗利用有机染料分子在.md,壹尖培优,05,结构化学,初赛,4,弃卡,无答案/占位,A
04-题库/2026机构初赛模拟题/壹尖培优/题-YJ-19-06-硼酸盐晶体是一类重要的无机化.md,壹尖培优,06,结构化学,初赛,4,弃卡,无答案/占位,A
04-题库/2026机构初赛模拟题/壹尖培优/题-YJ-19-07-地球大气经历长时间的演变最终.md,壹尖培优,07,化学原理,初赛,4,弃卡,无答案/占位,A
04-题库/2026机构初赛模拟题/壹尖培优/题-YJ-19-08-81利用点击化学反应研究人员.md,壹尖培优,08,化学原理,初赛,4,弃卡,无答案/占位,A
04-题库/2026机构初赛模拟题/汇智/题-HZ-01-01-11有的反应看似是取代但实则.md,汇智,01,化学原理,初赛,4,入池,,
04-题库/2026机构初赛模拟题/汇智/题-HZ-01-01-11硅酯A可以由硅化镁或者硅.md,汇智,01,有机化学,初赛,4,弃卡,非目标模块,B
04-题库/2026机构初赛模拟题/汇智/题-HZ-01-01-从古代炼丹术的神火到拉瓦锡的.md,汇智,01,结构化学,初赛,4,弃卡,无答案/占位,A
04-题库/2026机构初赛模拟题/汇智/题-HZ-01-01-化学热力学理论的发展提供了良.md,汇智,01,化学原理,初赛,4,入池,,
04-题库/2026机构初赛模拟题/汇智/题-HZ-01-01-将通入的溶液得到橙黄色结晶反.md,汇智,01,结构化学,初赛,4,入池,,
04-题库/2026机构初赛模拟题/汇智/题-HZ-01-01-铁是与人类息息相关的一种金属.md,汇智,01,有机化学,初赛,4,弃卡,非目标模块,B
04-题库/2026机构初赛模拟题/汇智/题-HZ-01-02-21顺铂cisplatin即.md,汇智,02,结构化学,初赛,4,入池,,
04-题库/2026机构初赛模拟题/汇智/题-HZ-01-02-最近过量排放到大气中引起的全.md,汇智,02,化学原理,初赛,4,入池,,
04-题库/2026机构初赛模拟题/汇智/题-HZ-01-02-某无色有机物S在pH860的.md,汇智,02,化学原理,初赛,4,入池,,
04-题库/2026机构初赛模拟题/汇智/题-HZ-01-02-禁带宽度半导体晶体里填满价电.md,汇智,02,化学原理,初赛,4,弃卡,题面泄露,A
04-题库/2026机构初赛模拟题/汇智/题-HZ-01-02-非过渡金属M为一种灰白色的金.md,汇智,02,结构化学,初赛,4,弃卡,无答案/占位,A
04-题库/2026机构初赛模拟题/汇智/题-HZ-01-02-高价碘是有机化学中常见的氧化.md,汇智,02,化学原理,初赛,4,弃卡,有机章节,B
04-题库/2026机构初赛模拟题/汇智/题-HZ-01-03-31X的某些化合物是熟知的半.md,汇智,03,结构化学,初赛,4,弃卡,越界（含他题内容）,A
04-题库/2026机构初赛模拟题/汇智/题-HZ-01-03-分光光度法又称吸光光度法是建.md,汇智,03,化学原理,初赛,4,入池,,
04-题库/2026机构初赛模拟题/汇智/题-HZ-01-03-本题中所有计算认为标准大气压.md,汇智,03,化学原理,初赛,4,入池,,
04-题库/2026机构初赛模拟题/汇智/题-HZ-01-03-氮和氟都是高电负性的元素其形.md,汇智,03,化学原理,初赛,4,弃卡,无答案/占位,A
04-题库/2026机构初赛模拟题/汇智/题-HZ-01-03-稀溶液的依数性是指溶液某些性.md,汇智,03,化学原理,初赛,4,入池,,
04-题库/2026机构初赛模拟题/汇智/题-HZ-01-03-肟类化合物是众多有机反应的易.md,汇智,03,有机化学,初赛,4,弃卡,非目标模块,B
04-题库/2026机构初赛模拟题/汇智/题-HZ-01-04-刚玉corundum即是一种.md,汇智,04,结构化学,初赛,4,入池,,
04-题库/2026机构初赛模拟题/汇智/题-HZ-01-04-本题中气体均视为理想气体热容.md,汇智,04,化学原理,初赛,4,入池,,
04-题库/2026机构初赛模拟题/汇智/题-HZ-01-04-氮气的活化是指打断其分子内稳.md,汇智,04,化学原理,初赛,4,弃卡,有机章节,B
04-题库/2026机构初赛模拟题/汇智/题-HZ-01-04-随着CH键活化的兴起越来越多.md,汇智,04,化学原理,初赛,4,弃卡,有机章节,B
04-题库/2026机构初赛模拟题/汇智/题-HZ-01-04-黏土是一种颜色多样细分散的多.md,汇智,04,结构化学,初赛,4,入池,,
04-题库/2026机构初赛模拟题/汇智/题-HZ-01-05-20世纪70年代可充电锂离子.md,汇智,05,结构化学,初赛,4,弃卡,无答案/占位,A
04-题库/2026机构初赛模拟题/汇智/题-HZ-01-05-AsBgCg能发生反应均为理.md,汇智,05,化学原理,初赛,4,弃卡,无答案/占位,A
04-题库/2026机构初赛模拟题/汇智/题-HZ-01-05-Metalfreesynth.md,汇智,05,化学原理,初赛,4,弃卡,无答案/占位,A
04-题库/2026机构初赛模拟题/汇智/题-HZ-01-05-硼化物是由硼和金属形成的化合.md,汇智,05,结构化学,初赛,4,入池,,
04-题库/2026机构初赛模拟题/汇智/题-HZ-01-05-草酸是一种常见的有机酸常存在.md,汇智,05,化学原理,初赛,4,弃卡,有机章节,B
04-题库/2026机构初赛模拟题/汇智/题-HZ-01-05-请在四个选项中选择唯一正确的.md,汇智,05,化学原理,初赛,4,入池,,
04-题库/2026机构初赛模拟题/汇智/题-HZ-01-06-2024年5月8日我国第三艘.md,汇智,06,结构化学,初赛,4,弃卡,无答案/占位,A
04-题库/2026机构初赛模拟题/汇智/题-HZ-01-06-29815K下考虑如下原电池.md,汇智,06,化学原理,初赛,4,入池,,
04-题库/2026机构初赛模拟题/汇智/题-HZ-01-06-61单一单体的自由基聚合61.md,汇智,06,化学原理,初赛,4,入池,,
04-题库/2026机构初赛模拟题/汇智/题-HZ-01-06-CuI由于具有灵活多变的配位.md,汇智,06,结构化学,初赛,4,入池,,
04-题库/2026机构初赛模拟题/汇智/题-HZ-01-06-一般认为芳环相对于烯烃更难以.md,汇智,06,有机化学,初赛,4,弃卡,非目标模块,B
04-题库/2026机构初赛模拟题/汇智/题-HZ-01-06-电还原是一种利用可再生电能将.md,汇智,06,化学原理,初赛,4,弃卡,有机章节,B
04-题库/2026机构初赛模拟题/汇智/题-HZ-01-07-71按pKa从大到小的顺序将.md,汇智,07,化学原理,初赛,4,弃卡,有机章节,B
04-题库/2026机构初赛模拟题/汇智/题-HZ-01-07-71比较下列化合物的酸性从强.md,汇智,07,有机化学,初赛,4,弃卡,非目标模块,B
04-题库/2026机构初赛模拟题/汇智/题-HZ-01-07-吗啉作为药物合成的重要中间体.md,汇智,07,有机化学,初赛,4,弃卡,非目标模块,B
04-题库/2026机构初赛模拟题/汇智/题-HZ-01-07-核磁氢谱碳谱是有机化学家们在.md,汇智,07,有机化学,初赛,4,弃卡,非目标模块,B
04-题库/2026机构初赛模拟题/汇智/题-HZ-01-07-银氨溶液中的主要配位反应为m.md,汇智,07,化学原理,初赛,4,入池,,
04-题库/2026机构初赛模拟题/汇智/题-HZ-01-08-SIVI2H2r04M是一种.md,汇智,08,结构化学,初赛,4,弃卡,无答案/占位,A
04-题库/2026机构初赛模拟题/汇智/题-HZ-01-08-TosMIC试剂即对甲苯磺酰.md,汇智,08,有机化学,初赛,4,弃卡,非目标模块,B
04-题库/2026机构初赛模拟题/汇智/题-HZ-01-08-在光催化有机化学领域由均相催.md,汇智,08,有机化学,初赛,4,弃卡,非目标模块,B
04-题库/2026机构初赛模拟题/汇智/题-HZ-01-08-巴比妥酸是一种嘧啶衍生物下8.md,汇智,08,化学原理,初赛,4,入池,,
04-题库/2026机构初赛模拟题/汇智/题-HZ-01-08-现代原子结构理论的建立离不开.md,汇智,08,化学原理,初赛,4,入池,,
04-题库/2026机构初赛模拟题/汇智/题-HZ-01-08-甲醛作为一种常见的1C合成子.md,汇智,08,有机化学,初赛,4,弃卡,非目标模块,B
04-题库/2026机构初赛模拟题/汇智/题-HZ-01-09-91关于晶格能下列说法正确的.md,汇智,09,结构化学,初赛,4,弃卡,无答案/占位,A
04-题库/2026机构初赛模拟题/汇智/题-HZ-01-09-Mitsunobu反应是一类.md,汇智,09,有机化学,初赛,4,弃卡,非目标模块,B
04-题库/2026机构初赛模拟题/汇智/题-HZ-01-09-作为经典的不稳定中间体卡宾的.md,汇智,09,有机化学,初赛,4,弃卡,非目标模块,B
04-题库/2026机构初赛模拟题/汇智/题-HZ-01-09-机械化学是一种强大的技术手段.md,汇智,09,化学原理,初赛,4,入池,,
04-题库/2026机构初赛模拟题/汇智/题-HZ-01-09-某无色有机底物S在酸性水溶液.md,汇智,09,化学原理,初赛,4,入池,,
04-题库/2026机构初赛模拟题/汇智/题-HZ-01-09-自然界存在大量含有反式26二.md,汇智,09,化学原理,初赛,4,弃卡,题面泄露,A
04-题库/2026机构初赛模拟题/汇智/题-HZ-01-10-exiguolide是一种含.md,汇智,10,有机化学,初赛,4,弃卡,非目标模块,B
04-题库/2026机构初赛模拟题/汇智/题-HZ-02-01-11下列化合物中哪些能够与T.md,汇智,01,化学原理,初赛,4,弃卡,有机章节,B
04-题库/2026机构初赛模拟题/汇智/题-HZ-02-01-1999年化学家通过以下实验.md,汇智,01,结构化学,初赛,4,弃卡,答案公式未转录,A
04-题库/2026机构初赛模拟题/汇智/题-HZ-02-01-东汉魏伯阳所著周易参同契被誉.md,汇智,01,化学原理,初赛,4,入池,,
04-题库/2026机构初赛模拟题/汇智/题-HZ-02-01-取代反应是最为基础的一类有机.md,汇智,01,有机化学,初赛,4,弃卡,非目标模块,B
04-题库/2026机构初赛模拟题/汇智/题-HZ-02-01-在制备第三代半导体氮化镓Ga.md,汇智,01,化学原理,初赛,4,入池,,
04-题库/2026机构初赛模拟题/汇智/题-HZ-02-01-铝Al作为第13族元素其化合.md,汇智,01,化学原理,初赛,4,入池,,
04-题库/2026机构初赛模拟题/汇智/题-HZ-02-02-双羟化反应在有机合成中得到了.md,汇智,02,有机化学,初赛,4,弃卡,非目标模块,B
04-题库/2026机构初赛模拟题/汇智/题-HZ-02-02-在特种钢材生产中钒V和铬Cr.md,汇智,02,化学原理,初赛,4,入池,,
04-题库/2026机构初赛模拟题/汇智/题-HZ-02-02-对题目21至25所提问题进行.md,汇智,02,有机化学,初赛,4,弃卡,非目标模块,B
04-题库/2026机构初赛模拟题/汇智/题-HZ-02-02-氢气具有目前已知物质中最高的.md,汇智,02,结构化学,初赛,4,弃卡,有机章节,B
04-题库/2026机构初赛模拟题/汇智/题-HZ-02-02-氮气作为工业合成氨的重要原料.md,汇智,02,化学原理,初赛,4,入池,,
04-题库/2026机构初赛模拟题/汇智/题-HZ-02-02-锂硫电池LiSBattery.md,汇智,02,化学原理,初赛,4,弃卡,有机章节,B
04-题库/2026机构初赛模拟题/汇智/题-HZ-02-03-乙酸乙酯是常用的有机溶剂广泛.md,汇智,03,化学原理,初赛,4,弃卡,有机章节,B
04-题库/2026机构初赛模拟题/汇智/题-HZ-02-03-是近年来被科学家重视的一种电.md,汇智,03,结构化学,初赛,4,弃卡,无答案/占位,A
04-题库/2026机构初赛模拟题/汇智/题-HZ-02-03-氟原子的引入能调节分子的pK.md,汇智,03,化学原理,初赛,4,弃卡,有机章节,B
04-题库/2026机构初赛模拟题/汇智/题-HZ-02-03-碳正离子是有机化学中的一类常.md,汇智,03,化学原理,初赛,4,弃卡,有机章节,B
04-题库/2026机构初赛模拟题/汇智/题-HZ-02-03-笼目Kagome一词源于日本.md,汇智,03,结构化学,初赛,4,入池,,
04-题库/2026机构初赛模拟题/汇智/题-HZ-02-03-锌碘电池凭借其高安全性低成本.md,汇智,03,化学原理,初赛,4,入池,,
04-题库/2026机构初赛模拟题/汇智/题-HZ-02-04-Nazarov反应作为经典的.md,汇智,04,有机化学,初赛,4,弃卡,非目标模块,B
04-题库/2026机构初赛模拟题/汇智/题-HZ-02-04-机械化学利用机械力如研磨球磨.md,汇智,04,结构化学,初赛,4,弃卡,有机章节,B
04-题库/2026机构初赛模拟题/汇智/题-HZ-02-04-维生素C又称抗坏血酸是人体不.md,汇智,04,化学原理,初赛,4,入池,,
04-题库/2026机构初赛模拟题/汇智/题-HZ-02-04-苯甲酸简称HBen是常用的食.md,汇智,04,化学原理,初赛,4,入池,,
04-题库/2026机构初赛模拟题/汇智/题-HZ-02-04-蜂窝状层状氧化物由于其独特的.md,汇智,04,结构化学,初赛,4,入池,,
04-题库/2026机构初赛模拟题/汇智/题-HZ-02-04-邻基参与是有机合成中非常常见.md,汇智,04,有机化学,初赛,4,弃卡,非目标模块,B
04-题库/2026机构初赛模拟题/汇智/题-HZ-02-05-不少有机体系中生成的活性中间.md,汇智,05,有机化学,初赛,4,弃卡,非目标模块,B
04-题库/2026机构初赛模拟题/汇智/题-HZ-02-05-奎宁分子结构如右图所示是从金.md,汇智,05,化学原理,初赛,4,入池,,
04-题库/2026机构初赛模拟题/汇智/题-HZ-02-05-甲醇被广泛用于聚合物和燃料生.md,汇智,05,化学原理,初赛,4,弃卡,有机章节,B
04-题库/2026机构初赛模拟题/汇智/题-HZ-02-05-过氧乙酰硝酸酯简写为PAN是.md,汇智,05,化学原理,初赛,4,入池,,
04-题库/2026机构初赛模拟题/汇智/题-HZ-02-05-金元素由于其显著的相对论效应.md,汇智,05,元素与分析,初赛,4,弃卡,有机章节,B
04-题库/2026机构初赛模拟题/汇智/题-HZ-02-05-长期以来水系电池由于锰氧化物.md,汇智,05,化学原理,初赛,4,入池,,
04-题库/2026机构初赛模拟题/汇智/题-HZ-02-06-4H吡喃及其衍生物是一类重要.md,汇智,06,有机化学,初赛,4,弃卡,非目标模块,B
04-题库/2026机构初赛模拟题/汇智/题-HZ-02-06-61比较ae五种物质示出的氢.md,汇智,06,有机化学,初赛,4,弃卡,非目标模块,B
04-题库/2026机构初赛模拟题/汇智/题-HZ-02-06-61苹果酸是一种存在于苹果及.md,汇智,06,化学原理,初赛,4,入池,,
04-题库/2026机构初赛模拟题/汇智/题-HZ-02-06-环酮缩醛CKAs是自由基开环.md,汇智,06,有机化学,初赛,4,弃卡,非目标模块,B
04-题库/2026机构初赛模拟题/汇智/题-HZ-02-06-碘负离子是常见的无机试剂在有.md,汇智,06,元素与分析,初赛,4,弃卡,有机章节,B
04-题库/2026机构初赛模拟题/汇智/题-HZ-02-06-窄带荧光发射材料的合成是有机.md,汇智,06,有机化学,初赛,4,弃卡,非目标模块,B
04-题库/2026机构初赛模拟题/汇智/题-HZ-02-07-71根据所学知识完成下列反应.md,汇智,07,化学原理,初赛,4,入池,,
04-题库/2026机构初赛模拟题/汇智/题-HZ-02-07-尿嘧啶是RNA中四种核碱基之.md,汇智,07,有机化学,初赛,4,弃卡,非目标模块,B
04-题库/2026机构初赛模拟题/汇智/题-HZ-02-07-核苷二磷酸激酶NDPK是生物.md,汇智,07,化学原理,初赛,4,弃卡,有机章节,B
04-题库/2026机构初赛模拟题/汇智/题-HZ-02-07-正丁基苯酞NBP是一类人工合.md,汇智,07,有机化学,初赛,4,弃卡,非目标模块,B
04-题库/2026机构初赛模拟题/汇智/题-HZ-02-07-用光来调控化学反应具有众多优.md,汇智,07,有机化学,初赛,4,弃卡,非目标模块,B
04-题库/2026机构初赛模拟题/汇智/题-HZ-02-07-糠醛分子式为是一种常见的芳香.md,汇智,07,化学原理,初赛,4,弃卡,有机章节,B
04-题库/2026机构初赛模拟题/汇智/题-HZ-02-08-CBS反应CoreyBaks.md,汇智,08,有机化学,初赛,4,弃卡,非目标模块,B
04-题库/2026机构初赛模拟题/汇智/题-HZ-02-08-光延反应Mitsunobur.md,汇智,08,结构化学,初赛,4,弃卡,题面泄露,A
04-题库/2026机构初赛模拟题/汇智/题-HZ-02-08-双键的直接氧化切断在传统方法.md,汇智,08,有机化学,初赛,4,弃卡,非目标模块,B
04-题库/2026机构初赛模拟题/汇智/题-HZ-02-08-含有手性季碳中心的化合物如手.md,汇智,08,有机化学,初赛,4,弃卡,非目标模块,B
04-题库/2026机构初赛模拟题/汇智/题-HZ-02-08-胺类物质所含有的氨基是生物活.md,汇智,08,有机化学,初赛,4,弃卡,非目标模块,B
04-题库/2026机构初赛模拟题/汇智/题-HZ-02-09-Meldrumsacid米氏.md,汇智,09,有机化学,初赛,4,弃卡,非目标模块,B
04-题库/2026机构初赛模拟题/汇智/题-HZ-02-09-前列腺素prostaglan.md,汇智,09,有机化学,初赛,4,弃卡,非目标模块,B
04-题库/2026机构初赛模拟题/汇智/题-HZ-02-09-在有机反应体系内可以夺取电子.md,汇智,09,元素与分析,初赛,4,弃卡,有机章节,B
04-题库/2026机构初赛模拟题/汇智/题-HZ-03-01-氢气作为一种清洁能源未能得到.md,汇智,01,结构化学,初赛,4,入池,,
04-题库/2026机构初赛模拟题/汇智/题-HZ-03-01-绿色是自然界相当常见的颜色从.md,汇智,01,化学原理,初赛,4,入池,,
04-题库/2026机构初赛模拟题/汇智/题-HZ-03-01-近年来在超临界临界温度临界压.md,汇智,01,有机化学,初赛,4,弃卡,非目标模块,B
04-题库/2026机构初赛模拟题/汇智/题-HZ-03-02-二硫化合物由于其键能低和高动.md,汇智,02,化学原理,初赛,4,入池,,
04-题库/2026机构初赛模拟题/汇智/题-HZ-03-02-前四周期元素AD常共生对应的.md,汇智,02,元素与分析,初赛,4,入池,,
04-题库/2026机构初赛模拟题/汇智/题-HZ-03-02-已知在以下情况下的温度离子强.md,汇智,02,化学原理,初赛,4,入池,,
04-题库/2026机构初赛模拟题/汇智/题-HZ-03-03-31在地球地壳中主族元素A是.md,汇智,03,结构化学,初赛,4,弃卡,有机章节,B
04-题库/2026机构初赛模拟题/汇智/题-HZ-03-03-与NIII在化合物中往往能够.md,汇智,03,结构化学,初赛,4,弃卡,答案公式未转录,A
04-题库/2026机构初赛模拟题/汇智/题-HZ-03-03-金属Y与铯形成合金时会生成一.md,汇智,03,结构化学,初赛,4,入池,,
04-题库/2026机构初赛模拟题/汇智/题-HZ-03-04-NAD是一种传递质子的辅酶它.md,汇智,04,化学原理,初赛,4,入池,,
04-题库/2026机构初赛模拟题/汇智/题-HZ-03-04-在某隔膜分隔的电化学反应器中.md,汇智,04,化学原理,初赛,4,入池,,
04-题库/2026机构初赛模拟题/汇智/题-HZ-03-04-生物质催化转化是生产各种中间.md,汇智,04,化学原理,初赛,4,弃卡,有机章节,B
04-题库/2026机构初赛模拟题/汇智/题-HZ-03-05-Be的经典价态为2价其能够溶.md,汇智,05,有机化学,初赛,4,弃卡,非目标模块,B
04-题库/2026机构初赛模拟题/汇智/题-HZ-03-05-在晶体学中典型晶体结构类型S.md,汇智,05,结构化学,初赛,4,入池,,
04-题库/2026机构初赛模拟题/汇智/题-HZ-03-05-神经毒素I的原理是结合并抑制.md,汇智,05,化学原理,初赛,4,入池,,
04-题库/2026机构初赛模拟题/汇智/题-HZ-03-06-含有苯环的底物的合成方法之一.md,汇智,06,有机化学,初赛,4,弃卡,非目标模块,B
04-题库/2026机构初赛模拟题/汇智/题-HZ-03-06-工业上制备氢气的一种方法是于.md,汇智,06,化学原理,初赛,4,入池,,
04-题库/2026机构初赛模拟题/汇智/题-HZ-03-06-麦克斯韦妖Maxwellsd.md,汇智,06,化学原理,初赛,4,弃卡,答案公式未转录,A
04-题库/2026机构初赛模拟题/汇智/题-HZ-03-07-71若一个分子既无对称面又无.md,汇智,07,结构化学,初赛,4,入池,,
04-题库/2026机构初赛模拟题/汇智/题-HZ-03-07-配体中至少含有一个氮分子的配.md,汇智,07,有机化学,初赛,4,弃卡,非目标模块,B
04-题库/2026机构初赛模拟题/汇智/题-HZ-03-07-铁基费托催化剂物相组成复杂主.md,汇智,07,结构化学,初赛,4,弃卡,答案公式未转录,A
04-题库/2026机构初赛模拟题/汇智/题-HZ-03-08-81卡宾曾被认为仅能作为不稳.md,汇智,08,有机化学,初赛,4,弃卡,非目标模块,B
04-题库/2026机构初赛模拟题/汇智/题-HZ-03-08-81比较下列两种化合物发生C.md,汇智,08,有机化学,初赛,4,弃卡,非目标模块,B
04-题库/2026机构初赛模拟题/汇智/题-HZ-03-08-81环戊烯的张力小于环戊烷的.md,汇智,08,化学原理,初赛,4,弃卡,有机章节,B
04-题库/2026机构初赛模拟题/汇智/题-HZ-03-09-1997年分离出的天然产物W.md,汇智,09,有机化学,初赛,4,弃卡,非目标模块,B
04-题库/2026机构初赛模拟题/汇智/题-HZ-03-09-在一种高张力化合物的合成中研.md,汇智,09,化学原理,初赛,4,入池,,
04-题库/2026机构初赛模拟题/汇智/题-HZ-03-09-金属催化有机化合物偶联反应在.md,汇智,09,有机化学,初赛,4,弃卡,非目标模块,B
04-题库/2026机构初赛模拟题/汇智/题-HZ-03-10-常见卡宾分为三线态和单线态其.md,汇智,10,有机化学,初赛,4,弃卡,非目标模块,B
04-题库/2026机构初赛模拟题/汇智/题-HZ-03-10-羰基是有机化合物中的重要发色.md,汇智,10,有机化学,初赛,4,弃卡,非目标模块,B
04-题库/2026机构初赛模拟题/汇智/题-HZ-04-01-11干燥的HF与金属锗装入耐.md,汇智,01,结构化学,初赛,4,入池,,
04-题库/2026机构初赛模拟题/汇智/题-HZ-04-01-含氟互卤化合物及其性质十分有.md,汇智,01,结构化学,初赛,4,入池,,
04-题库/2026机构初赛模拟题/汇智/题-HZ-04-01-蓝晒工艺由英国科学家赫歇尔于.md,汇智,01,化学原理,初赛,4,入池,,
04-题库/2026机构初赛模拟题/汇智/题-HZ-04-02-21氧化还原滴定法211肼可.md,汇智,02,有机化学,初赛,4,弃卡,非目标模块,B
04-题库/2026机构初赛模拟题/汇智/题-HZ-04-02-环戊二烯基Cp配体因其可调性.md,汇智,02,有机化学,初赛,4,弃卡,非目标模块,B
04-题库/2026机构初赛模拟题/汇智/题-HZ-04-02-金属硼化物的制备有还原法固相.md,汇智,02,结构化学,初赛,4,入池,,
04-题库/2026机构初赛模拟题/汇智/题-HZ-04-03-31腈和异腈是有机化学中极其.md,汇智,03,化学原理,初赛,4,弃卡,有机章节,B
04-题库/2026机构初赛模拟题/汇智/题-HZ-04-03-分光光度法是一种重要的分析方.md,汇智,03,化学原理,初赛,4,入池,,
04-题库/2026机构初赛模拟题/汇智/题-HZ-04-03-由一种单体进行的聚合叫做均聚.md,汇智,03,化学原理,初赛,4,弃卡,答案公式未转录,A
04-题库/2026机构初赛模拟题/汇智/题-HZ-04-04-41石墨是碳热力学最稳定的同.md,汇智,04,结构化学,初赛,4,入池,,
04-题库/2026机构初赛模拟题/汇智/题-HZ-04-04-在25circmathrmC.md,汇智,04,化学原理,初赛,4,入池,,
04-题库/2026机构初赛模拟题/汇智/题-HZ-04-04-某新型荧光染料分子M在紫外光.md,汇智,04,化学原理,初赛,4,入池,,
04-题库/2026机构初赛模拟题/汇智/题-HZ-04-05-临床研究表明某些细菌的致病性.md,汇智,05,化学原理,初赛,4,入池,,
04-题库/2026机构初赛模拟题/汇智/题-HZ-04-05-化学中很多氧化反应与OATo.md,汇智,05,有机化学,初赛,4,弃卡,非目标模块,B
04-题库/2026机构初赛模拟题/汇智/题-HZ-04-05-某地为了评价自来水水质拟采用.md,汇智,05,化学原理,初赛,4,入池,,
04-题库/2026机构初赛模拟题/汇智/题-HZ-04-06-与一般的卤素不同At0一般以.md,汇智,06,化学原理,初赛,4,入池,,
04-题库/2026机构初赛模拟题/汇智/题-HZ-04-06-元素组成相同的两种常见酸A和.md,汇智,06,化学原理,初赛,4,入池,,
04-题库/2026机构初赛模拟题/汇智/题-HZ-04-06-能够对氮气进行还原功能化的均.md,汇智,06,结构化学,初赛,4,弃卡,有机章节,B
04-题库/2026机构初赛模拟题/汇智/题-HZ-04-07-71以下过程被称为Norri.md,汇智,07,有机化学,初赛,4,弃卡,非目标模块,B
04-题库/2026机构初赛模拟题/汇智/题-HZ-04-07-71将下述化合物按照酸性排序.md,汇智,07,化学原理,初赛,4,弃卡,有机章节,B
04-题库/2026机构初赛模拟题/汇智/题-HZ-04-07-对题目71至75所提问题进行.md,汇智,07,有机化学,初赛,4,弃卡,非目标模块,B
04-题库/2026机构初赛模拟题/汇智/题-HZ-04-08-81以下反应会得到2种含3个.md,汇智,08,有机化学,初赛,4,弃卡,非目标模块,B
04-题库/2026机构初赛模拟题/汇智/题-HZ-04-08-下述反应通过二氟卡宾的极性反.md,汇智,08,化学原理,初赛,4,入池,,
04-题库/2026机构初赛模拟题/汇智/题-HZ-04-08-有机化学中的脱水剂一般指能够.md,汇智,08,有机化学,初赛,4,弃卡,非目标模块,B
04-题库/2026机构初赛模拟题/汇智/题-HZ-04-09-91给出下列转换的所有关键中.md,汇智,09,有机化学,初赛,4,弃卡,非目标模块,B
04-题库/2026机构初赛模拟题/汇智/题-HZ-04-09-Ene反应也被叫做Alder.md,汇智,09,有机化学,初赛,4,弃卡,非目标模块,B
04-题库/2026机构初赛模拟题/汇智/题-HZ-04-09-氮氧自由基是种类最为丰富的一.md,汇智,09,有机化学,初赛,4,弃卡,非目标模块,B
04-题库/2026机构初赛模拟题/汇智/题-HZ-05-01-元素铋长久以来一直被认为是原.md,汇智,01,结构化学,初赛,4,弃卡,有机章节,B
04-题库/2026机构初赛模拟题/汇智/题-HZ-05-01-在第38届国初中命题者向我们.md,汇智,01,结构化学,初赛,4,入池,,
04-题库/2026机构初赛模拟题/汇智/题-HZ-05-01-电离能指的是将电子从气态原子.md,汇智,01,化学原理,初赛,4,弃卡,无答案/占位,A
04-题库/2026机构初赛模拟题/汇智/题-HZ-05-02-21对于有机化合物该课题组发.md,汇智,02,结构化学,初赛,4,弃卡,有机章节,B
04-题库/2026机构初赛模拟题/汇智/题-HZ-05-02-本题所涉及溶液均视为理想溶液.md,汇智,02,有机化学,初赛,4,弃卡,非目标模块,B
04-题库/2026机构初赛模拟题/汇智/题-HZ-05-02-注本题所有结果均保留三位有效.md,汇智,02,化学原理,初赛,4,弃卡,无答案/占位,A
04-题库/2026机构初赛模拟题/汇智/题-HZ-05-03-31写出该反应的一个关键中间.md,汇智,03,有机化学,初赛,4,弃卡,非目标模块,B
04-题库/2026机构初赛模拟题/汇智/题-HZ-05-03-31在一个抽空的容器中放有加.md,汇智,03,化学原理,初赛,4,入池,,
04-题库/2026机构初赛模拟题/汇智/题-HZ-05-03-元素X在东西方都具有悠久的历.md,汇智,03,结构化学,初赛,4,弃卡,无答案/占位,A
04-题库/2026机构初赛模拟题/汇智/题-HZ-05-03-小明在做完铜的反应循环这一实.md,汇智,03,化学原理,初赛,4,入池,,
04-题库/2026机构初赛模拟题/汇智/题-HZ-05-04-41请完成如下的三个反应生成.md,汇智,04,化学原理,初赛,4,入池,,
04-题库/2026机构初赛模拟题/汇智/题-HZ-05-04-二元化合物X由金属元素M与卤.md,汇智,04,结构化学,初赛,4,入池,,
04-题库/2026机构初赛模拟题/汇智/题-HZ-05-04-注为方便表示计算部分的离子浓.md,汇智,04,化学原理,初赛,4,弃卡,无答案/占位,A
04-题库/2026机构初赛模拟题/汇智/题-HZ-05-05-51某小组打算测定一份钛钒合.md,汇智,05,化学原理,初赛,4,入池,,
04-题库/2026机构初赛模拟题/汇智/题-HZ-05-05-传统硫电池通常是基于有机电解.md,汇智,05,化学原理,初赛,4,弃卡,有机章节,B
04-题库/2026机构初赛模拟题/汇智/题-HZ-05-05-某印度的科研小组在分隔型电解.md,汇智,05,化学原理,初赛,4,弃卡,无答案/占位,A
04-题库/2026机构初赛模拟题/汇智/题-HZ-05-06-乙烯基叠氮化物是高度通用的合.md,汇智,06,有机化学,初赛,4,弃卡,非目标模块,B
04-题库/2026机构初赛模拟题/汇智/题-HZ-05-06-小日一天闲来无事研究起了氯化.md,汇智,06,结构化学,初赛,4,弃卡,无答案/占位,A
04-题库/2026机构初赛模拟题/汇智/题-HZ-05-06-金属元素M在人类的科技史中扮.md,汇智,06,结构化学,初赛,4,入池,,
04-题库/2026机构初赛模拟题/汇智/题-HZ-05-07-71羰基是有机反应中被讨论最.md,汇智,07,化学原理,初赛,4,弃卡,有机章节,B
04-题库/2026机构初赛模拟题/汇智/题-HZ-05-07-71频哪醇重排是非常经典的反.md,汇智,07,有机化学,初赛,4,弃卡,非目标模块,B
04-题库/2026机构初赛模拟题/汇智/题-HZ-05-07-炔烃是简单但重要的有机原料由.md,汇智,07,有机化学,初赛,4,弃卡,非目标模块,B
04-题库/2026机构初赛模拟题/汇智/题-HZ-05-08-81电化学驱动下的扩环重排是.md,汇智,08,化学原理,初赛,4,弃卡,有机章节,B
04-题库/2026机构初赛模拟题/汇智/题-HZ-05-08-NorrishYang光环化.md,汇智,08,有机化学,初赛,4,弃卡,非目标模块,B
04-题库/2026机构初赛模拟题/汇智/题-HZ-05-08-提示本题不要求酸碱基团的质子.md,汇智,08,有机化学,初赛,4,弃卡,非目标模块,B
04-题库/2026机构初赛模拟题/汇智/题-HZ-05-09-33迁移具有悠久的历史最经典.md,汇智,09,有机化学,初赛,4,弃卡,非目标模块,B
04-题库/2026机构初赛模拟题/汇智/题-HZ-05-09-自由基是一类高活性的中间体但.md,汇智,09,化学原理,初赛,4,入池,,
04-题库/2026机构初赛模拟题/汇智/题-HZ-05-10-81828312分2分832.md,汇智,10,化学原理,初赛,4,弃卡,无答案/占位,A
04-题库/2026机构初赛模拟题/汇智/题-HZ-06-01-11众所周知石墨是C的最稳定.md,汇智,01,结构化学,初赛,4,入池,,
04-题库/2026机构初赛模拟题/汇智/题-HZ-06-01-11在电解精炼金属产生的阳极.md,汇智,01,化学原理,初赛,4,入池,,
04-题库/2026机构初赛模拟题/汇智/题-HZ-06-01-一氧化碳是一种非常稳定的分子.md,汇智,01,结构化学,初赛,4,弃卡,有机章节,B
04-题库/2026机构初赛模拟题/汇智/题-HZ-06-02-21键角是化学键的一个重要的.md,汇智,02,化学原理,初赛,4,入池,,
04-题库/2026机构初赛模拟题/汇智/题-HZ-06-02-元素M是一种半导体材料它的单.md,汇智,02,结构化学,初赛,4,弃卡,越界（含他题内容）,A
04-题库/2026机构初赛模拟题/汇智/题-HZ-06-02-元素X的来源之一是含X425.md,汇智,02,结构化学,初赛,4,入池,,
04-题库/2026机构初赛模拟题/汇智/题-HZ-06-03-31使用NHC和以11反应可.md,汇智,03,有机化学,初赛,4,弃卡,非目标模块,B
04-题库/2026机构初赛模拟题/汇智/题-HZ-06-03-一种由Ba蓝球深色球和Cu绿.md,汇智,03,结构化学,初赛,4,入池,,
04-题库/2026机构初赛模拟题/汇智/题-HZ-06-03-二氧化碳的活化是一个可以将过.md,汇智,03,结构化学,初赛,4,弃卡,有机章节,B
04-题库/2026机构初赛模拟题/汇智/题-HZ-06-04-41在和的存在下MMA会发生.md,汇智,04,有机化学,初赛,4,弃卡,非目标模块,B
04-题库/2026机构初赛模拟题/汇智/题-HZ-06-04-41荧光分子可由其前体经过处.md,汇智,04,化学原理,初赛,4,弃卡,无答案/占位,A
04-题库/2026机构初赛模拟题/汇智/题-HZ-06-04-如下图是一个主族二元化合物X.md,汇智,04,结构化学,初赛,4,入池,,
04-题库/2026机构初赛模拟题/汇智/题-HZ-06-05-51能斯特方程的应用广泛其中.md,汇智,05,化学原理,初赛,4,入池,,
04-题库/2026机构初赛模拟题/汇智/题-HZ-06-05-氨是最重要的化学产品之一其在.md,汇智,05,化学原理,初赛,4,入池,,
04-题库/2026机构初赛模拟题/汇智/题-HZ-06-05-钒在水溶液中具有丰富的价态已.md,汇智,05,化学原理,初赛,4,入池,,
04-题库/2026机构初赛模拟题/汇智/题-HZ-06-06-61各种不同基团取代的XcI.md,汇智,06,化学原理,初赛,4,弃卡,有机章节,B
04-题库/2026机构初赛模拟题/汇智/题-HZ-06-06-61电化学手段是分离一些金属.md,汇智,06,化学原理,初赛,4,入池,,
04-题库/2026机构初赛模拟题/汇智/题-HZ-06-06-白磷是目前合成各种有机磷衍生.md,汇智,06,化学原理,初赛,4,弃卡,有机章节,B
04-题库/2026机构初赛模拟题/汇智/题-HZ-06-07-711给下列化合物的酸性从大.md,汇智,07,化学原理,初赛,4,弃卡,无答案/占位,A
04-题库/2026机构初赛模拟题/汇智/题-HZ-06-07-Robinson环化反应是有.md,汇智,07,有机化学,初赛,4,弃卡,非目标模块,B
04-题库/2026机构初赛模拟题/汇智/题-HZ-06-07-氟是电负性最大的元素在有机化.md,汇智,07,有机化学,初赛,4,弃卡,非目标模块,B
04-题库/2026机构初赛模拟题/汇智/题-HZ-06-08-81在和的作用下可以实现对有.md,汇智,08,有机化学,初赛,4,弃卡,非目标模块,B
04-题库/2026机构初赛模拟题/汇智/题-HZ-06-08-不对称有机催化反应的相关研究.md,汇智,08,有机化学,初赛,4,弃卡,非目标模块,B
04-题库/2026机构初赛模拟题/汇智/题-HZ-06-08-硫可以通过被氧化或亲核进攻等.md,汇智,08,有机化学,初赛,4,弃卡,非目标模块,B
04-题库/2026机构初赛模拟题/汇智/题-HZ-06-09-91扩环反应的重要应用之一是.md,汇智,09,有机化学,初赛,4,弃卡,非目标模块,B
04-题库/2026机构初赛模拟题/汇智/题-HZ-06-09-Nef反应是硝基烷烃钠盐在酸.md,汇智,09,有机化学,初赛,4,弃卡,非目标模块,B
04-题库/2026机构初赛模拟题/汇智/题-HZ-07-01-11化合物A被称为超级氢化合.md,汇智,01,结构化学,初赛,4,弃卡,答案公式未转录,A
04-题库/2026机构初赛模拟题/汇智/题-HZ-07-01-许多元素在古代由于优良的性质.md,汇智,01,结构化学,初赛,4,入池,,
04-题库/2026机构初赛模拟题/汇智/题-HZ-07-01-鎓离子可以发生多种多样的反应.md,汇智,01,化学原理,初赛,4,弃卡,有机章节,B
04-题库/2026机构初赛模拟题/汇智/题-HZ-07-01-非金属元素X的一种氟化物A在.md,汇智,01,结构化学,初赛,4,入池,,
04-题库/2026机构初赛模拟题/汇智/题-HZ-07-02-21半导体材料的制备1在惰性.md,汇智,02,结构化学,初赛,4,入池,,
04-题库/2026机构初赛模拟题/汇智/题-HZ-07-02-Cupowder即铜粉书写时.md,汇智,02,有机化学,初赛,4,弃卡,非目标模块,B
04-题库/2026机构初赛模拟题/汇智/题-HZ-07-02-体系存在两组气相可逆反应在本.md,汇智,02,化学原理,初赛,4,入池,,
04-题库/2026机构初赛模拟题/汇智/题-HZ-07-02-北极大学的学生小明合成了配合.md,汇智,02,有机化学,初赛,4,弃卡,非目标模块,B
04-题库/2026机构初赛模拟题/汇智/题-HZ-07-03-31写出关键中间体32写出关.md,汇智,03,有机化学,初赛,4,弃卡,非目标模块,B
04-题库/2026机构初赛模拟题/汇智/题-HZ-07-03-极地高山等冰冻环境中多晶冰内.md,汇智,03,化学原理,初赛,4,入池,,
04-题库/2026机构初赛模拟题/汇智/题-HZ-07-03-生物膜是细胞各个结构的重要组.md,汇智,03,化学原理,初赛,4,入池,,
04-题库/2026机构初赛模拟题/汇智/题-HZ-07-03-第三周期元素NaCl的性质既.md,汇智,03,化学原理,初赛,4,入池,,
04-题库/2026机构初赛模拟题/汇智/题-HZ-07-04-41著名的钙钛矿型晶体想必大.md,汇智,04,结构化学,初赛,4,入池,,
04-题库/2026机构初赛模拟题/汇智/题-HZ-07-04-41表面活性剂是能够显著降低.md,汇智,04,结构化学,初赛,4,弃卡,有机章节,B
04-题库/2026机构初赛模拟题/汇智/题-HZ-07-04-以芳香醛和1苯基乙12二醇为.md,汇智,04,有机化学,初赛,4,弃卡,非目标模块,B
04-题库/2026机构初赛模拟题/汇智/题-HZ-07-04-聚酰胺尼龙是第一种实现商业化.md,汇智,04,有机化学,初赛,4,弃卡,非目标模块,B
04-题库/2026机构初赛模拟题/汇智/题-HZ-07-05-51为碱金属与Se单质反应得.md,汇智,05,元素与分析,初赛,4,入池,,
04-题库/2026机构初赛模拟题/汇智/题-HZ-07-05-有机金属卤化物钙钛矿材料近几.md,汇智,05,结构化学,初赛,4,入池,,
04-题库/2026机构初赛模拟题/汇智/题-HZ-07-05-自修复材料是一种受损后能够进.md,汇智,05,化学原理,初赛,4,入池,,
04-题库/2026机构初赛模拟题/汇智/题-HZ-07-05-高价碘试剂因其反应条件温和环.md,汇智,05,有机化学,初赛,4,弃卡,非目标模块,B
04-题库/2026机构初赛模拟题/汇智/题-HZ-07-06-61要鉴别乙醇异丙醇叔丁醇需.md,汇智,06,有机化学,初赛,4,弃卡,非目标模块,B
04-题库/2026机构初赛模拟题/汇智/题-HZ-07-06-本题目将围绕着以下配体的反应.md,汇智,06,化学原理,初赛,4,弃卡,有机章节,B
04-题库/2026机构初赛模拟题/汇智/题-HZ-07-06-金属原子之间的无限键系统仍然.md,汇智,06,结构化学,初赛,4,入池,,
04-题库/2026机构初赛模拟题/汇智/题-HZ-07-07-71邻近基因参与即邻基参与能.md,汇智,07,化学原理,初赛,4,弃卡,有机章节,B
04-题库/2026机构初赛模拟题/汇智/题-HZ-07-07-光化学反应一直是近年来研究的.md,汇智,07,化学原理,初赛,4,弃卡,有机章节,B
04-题库/2026机构初赛模拟题/汇智/题-HZ-07-07-小明最近在研究单体有机化合物.md,汇智,07,有机化学,初赛,4,弃卡,非目标模块,B
04-题库/2026机构初赛模拟题/汇智/题-HZ-07-08-VilsmeierHaack.md,汇智,08,有机化学,初赛,4,弃卡,非目标模块,B
04-题库/2026机构初赛模拟题/汇智/题-HZ-07-08-偶氮二异丁腈AIBN第7题中.md,汇智,08,有机化学,初赛,4,弃卡,非目标模块,B
04-题库/2026机构初赛模拟题/汇智/题-HZ-07-08-随着有机氟化学的发展偕二氟环.md,汇智,08,有机化学,初赛,4,弃卡,非目标模块,B
04-题库/2026机构初赛模拟题/汇智/题-HZ-07-09-苯炔benzene是一种由苯.md,汇智,09,有机化学,初赛,4,弃卡,非目标模块,B
04-题库/2026机构初赛模拟题/汇智/题-HZ-07-09-近些年来自由基介导下双环11.md,汇智,09,有机化学,初赛,4,弃卡,非目标模块,B
04-题库/2026机构初赛模拟题/汇智/题-HZ-08-01-卤族元素由于其较高的电负性和.md,汇智,01,元素与分析,初赛,4,入池,,
04-题库/2026机构初赛模拟题/汇智/题-HZ-08-01-铅及其化合物在工农业生产中用.md,汇智,01,化学原理,初赛,4,入池,,
04-题库/2026机构初赛模拟题/汇智/题-HZ-08-02-天青石是锶最重要的矿石之一其.md,汇智,02,化学原理,初赛,4,入池,,
04-题库/2026机构初赛模拟题/汇智/题-HZ-08-02-电位滴定法利用电极电位的突跃.md,汇智,02,化学原理,初赛,4,入池,,
04-题库/2026机构初赛模拟题/汇智/题-HZ-08-03-31写出以下反应的化学方程式.md,汇智,03,结构化学,初赛,4,弃卡,有机章节,B
04-题库/2026机构初赛模拟题/汇智/题-HZ-08-03-过渡金属硼化物具有高熔点高硬.md,汇智,03,结构化学,初赛,4,入池,,
04-题库/2026机构初赛模拟题/汇智/题-HZ-08-04-碲的电沉积制备半导体材料如C.md,汇智,04,化学原理,初赛,4,入池,,
04-题库/2026机构初赛模拟题/汇智/题-HZ-08-04-苯乙烯Styrene是一种常.md,汇智,04,有机化学,初赛,4,弃卡,非目标模块,B
04-题库/2026机构初赛模拟题/汇智/题-HZ-08-05-以下是某四方晶体沿a轴和c轴.md,汇智,05,结构化学,初赛,4,入池,,
04-题库/2026机构初赛模拟题/汇智/题-HZ-08-05-火星大气中体积分数约为总大气.md,汇智,05,化学原理,初赛,4,入池,,
04-题库/2026机构初赛模拟题/汇智/题-HZ-08-06-一种含有的普鲁士蓝其晶体结构.md,汇智,06,结构化学,初赛,4,入池,,
04-题库/2026机构初赛模拟题/汇智/题-HZ-08-06-现有一种未知的橙红色化合物A.md,汇智,06,化学原理,初赛,4,弃卡,越界（含他题内容）,A
04-题库/2026机构初赛模拟题/汇智/题-HZ-08-07-保护基是与化学选择性息息相关.md,汇智,07,有机化学,初赛,4,弃卡,非目标模块,B
04-题库/2026机构初赛模拟题/汇智/题-HZ-08-07-氨基酸的化学反应主要指其羧基.md,汇智,07,有机化学,初赛,4,弃卡,非目标模块,B
04-题库/2026机构初赛模拟题/汇智/题-HZ-08-08-81通过以下方法可以高效的合.md,汇智,08,化学原理,初赛,4,弃卡,有机章节,B
04-题库/2026机构初赛模拟题/汇智/题-HZ-08-08-金属氧化剂在有机化合物的氧化.md,汇智,08,化学原理,初赛,4,弃卡,有机章节,B
04-题库/2026机构初赛模拟题/汇智/题-HZ-08-09-不饱和酮的14加成是基础有机.md,汇智,09,化学原理,初赛,4,弃卡,有机章节,B
04-题库/2026机构初赛模拟题/汇智/题-HZ-08-09-该生物分子在2008年被分离.md,汇智,09,有机化学,初赛,4,弃卡,非目标模块,B
04-题库/2026机构初赛模拟题/汇智/题-HZ-09-01-西直门位于北京内城西垣北侧旧.md,汇智,01,化学原理,初赛,4,入池,,
04-题库/2026机构初赛模拟题/汇智/题-HZ-09-02-A是一种在上古时期就被人类发.md,汇智,02,结构化学,初赛,4,入池,,
04-题库/2026机构初赛模拟题/汇智/题-HZ-09-03-X是一种很早以前就被人类发现.md,汇智,03,结构化学,初赛,4,入池,,
04-题库/2026机构初赛模拟题/汇智/题-HZ-09-04-在水中会发生溶剂解反应生成和.md,汇智,04,化学原理,初赛,4,弃卡,越界（含他题内容）,A
04-题库/2026机构初赛模拟题/汇智/题-HZ-09-05-Cu可以与许多配体形成配合物.md,汇智,05,化学原理,初赛,4,弃卡,有机章节,B
04-题库/2026机构初赛模拟题/汇智/题-HZ-09-06-聚氯乙烯是全球应用最为广泛的.md,汇智,06,有机化学,初赛,4,弃卡,非目标模块,B
04-题库/2026机构初赛模拟题/汇智/题-HZ-09-07-71请你比较DMFNN二甲基.md,汇智,07,有机化学,初赛,4,弃卡,非目标模块,B
04-题库/2026机构初赛模拟题/汇智/题-HZ-09-08-81观察如下转化811已知产.md,汇智,08,有机化学,初赛,4,弃卡,非目标模块,B
04-题库/2026机构初赛模拟题/汇智/题-HZ-10-01-铅Pb在中国古代也因烧炼后能.md,汇智,01,结构化学,初赛,4,弃卡,题面泄露,A
04-题库/2026机构初赛模拟题/汇智/题-HZ-10-02-直接空气捕集DirectAi.md,汇智,02,化学原理,初赛,4,弃卡,无答案/占位,A
04-题库/2026机构初赛模拟题/汇智/题-HZ-10-03-磷氮化合物兼具分子型主族化学.md,汇智,03,结构化学,初赛,4,弃卡,无答案/占位,A
04-题库/2026机构初赛模拟题/汇智/题-HZ-10-04-2025年诺贝尔化学奖授予S.md,汇智,04,结构化学,初赛,4,弃卡,有机章节,B
04-题库/2026机构初赛模拟题/汇智/题-HZ-10-05-二氧化硫脲又称甲脒亚磺酸是一.md,汇智,05,化学原理,初赛,4,入池,,
04-题库/2026机构初赛模拟题/汇智/题-HZ-10-06-化石能源中CH的活化是当前的.md,汇智,06,结构化学,初赛,4,弃卡,有机章节,B
04-题库/2026机构初赛模拟题/汇智/题-HZ-10-07-本题我们讨论含有环的有机化合.md,汇智,07,元素与分析,初赛,4,弃卡,题面泄露,A
04-题库/2026机构初赛模拟题/汇智/题-HZ-10-08-81形式上具有3个H但本质是.md,汇智,08,有机化学,初赛,4,弃卡,非目标模块,B
04-题库/2026机构初赛模拟题/汇智/题-HZ-10-09-硝基官能团是有机合成中极为重.md,汇智,09,化学原理,初赛,4,弃卡,有机章节,B
04-题库/2026机构初赛模拟题/汇智/题-HZ-11-01-锝Tc是放射性元素在核医学领.md,汇智,01,结构化学,初赛,4,入池,,
04-题库/2026机构初赛模拟题/汇智/题-HZ-11-02-铝在地壳中储量巨大在各类生活.md,汇智,02,化学原理,初赛,4,入池,,
04-题库/2026机构初赛模拟题/汇智/题-HZ-11-03-31回顾向固体中加入溶液在水.md,汇智,03,化学原理,初赛,4,入池,,
04-题库/2026机构初赛模拟题/汇智/题-HZ-11-04-硫族元素主要包括SSeTe之.md,汇智,04,元素与分析,初赛,4,入池,,
04-题库/2026机构初赛模拟题/汇智/题-HZ-11-05-在晶体结构的研究中将晶胞拆分.md,汇智,05,结构化学,初赛,4,入池,,
04-题库/2026机构初赛模拟题/汇智/题-HZ-11-06-糖类化合物在水溶液中有开链和.md,汇智,06,化学原理,初赛,4,弃卡,有机章节,B
04-题库/2026机构初赛模拟题/汇智/题-HZ-11-07-Wittig反应是工业上和实.md,汇智,07,有机化学,初赛,4,弃卡,非目标模块,B
04-题库/2026机构初赛模拟题/汇智/题-HZ-11-08-杂环广泛存在于药物分子对药理.md,汇智,08,元素与分析,初赛,4,弃卡,有机章节,B
04-题库/2026机构初赛模拟题/汇智/题-HZ-11-09-氧化还原反应是构建化学键的核.md,汇智,09,化学原理,初赛,4,弃卡,有机章节,B
04-题库/2026机构初赛模拟题/汇智/题-HZ-12-01-砷是人类最早认知和利用的元素.md,汇智,01,结构化学,初赛,4,入池,,
04-题库/2026机构初赛模拟题/汇智/题-HZ-12-02-锂离子电池作为最重要的电化学.md,汇智,02,化学原理,初赛,4,弃卡,有机章节,B
04-题库/2026机构初赛模拟题/汇智/题-HZ-12-03-MN是两种常见的金属元素他们.md,汇智,03,结构化学,初赛,4,入池,,
04-题库/2026机构初赛模拟题/汇智/题-HZ-12-04-铝作为地壳中含量最高的金属其.md,汇智,04,结构化学,初赛,4,入池,,
04-题库/2026机构初赛模拟题/汇智/题-HZ-12-05-在电化学沉积领域中Cu与Zn.md,汇智,05,化学原理,初赛,4,入池,,
04-题库/2026机构初赛模拟题/汇智/题-HZ-12-06-在学习原子结构时你或许囫囵吞.md,汇智,06,元素与分析,初赛,4,入池,,
04-题库/2026机构初赛模拟题/汇智/题-HZ-12-07-半饱和环化物兼具经典芳环相互.md,汇智,07,结构化学,初赛,4,弃卡,有机章节,B
04-题库/2026机构初赛模拟题/汇智/题-HZ-12-08-饱和杂环是生物活性分子中的常.md,汇智,08,有机化学,初赛,4,弃卡,非目标模块,B
04-题库/2026机构初赛模拟题/汇智/题-HZ-14-01-在药物设计中提高分子的三维立.md,汇智,01,有机化学,初赛,4,弃卡,非目标模块,B
04-题库/2026机构初赛模拟题/汇智/题-HZ-14-02-在物理有机化学中构象偏好常常.md,汇智,02,有机化学,初赛,4,弃卡,非目标模块,B
04-题库/2026机构初赛模拟题/汇智/题-HZ-14-03-高价碘试剂是有机反应常用的氧.md,汇智,03,有机化学,初赛,4,弃卡,非目标模块,B
04-题库/2026机构初赛模拟题/汇智/题-HZ-14-04-苯炔是一种活泼的中间体在构建.md,汇智,04,有机化学,初赛,4,弃卡,非目标模块,B
04-题库/2026机构初赛模拟题/汇智/题-HZ-14-05-51观察该反应给出合理的反应.md,汇智,05,有机化学,初赛,4,弃卡,非目标模块,B
04-题库/2026机构初赛模拟题/汇智/题-HZ-14-06-Stevens重排是季铵盐或.md,汇智,06,有机化学,初赛,4,弃卡,非目标模块,B
04-题库/2026机构初赛模拟题/汇智/题-HZ-14-07-生物活性分子中常含氮杂环结构.md,汇智,07,化学原理,初赛,4,弃卡,有机章节,B
04-题库/2026机构初赛模拟题/汇智/题-HZ-14-08-81Brnsted酸可介导1.md,汇智,08,有机化学,初赛,4,弃卡,非目标模块,B
04-题库/2026机构初赛模拟题/汇智/题-HZ-14-09-91Mannich反应是典型.md,汇智,09,有机化学,初赛,4,弃卡,非目标模块,B
04-题库/2026机构初赛模拟题/汇智/题-HZ-14-10-Axrightarrow2m.md,汇智,10,化学原理,初赛,4,弃卡,有机章节,B
04-题库/2026机构初赛模拟题/汇智/题-HZ-15-01-11对题目所提问题进行判断并.md,汇智,01,有机化学,初赛,4,弃卡,非目标模块,B
04-题库/2026机构初赛模拟题/汇智/题-HZ-15-02-21比较下列物质在质子溶剂中.md,汇智,02,化学原理,初赛,4,入池,,
04-题库/2026机构初赛模拟题/汇智/题-HZ-15-03-31若分别用氢氧化钠的醇溶液.md,汇智,03,结构化学,初赛,4,入池,,
04-题库/2026机构初赛模拟题/汇智/题-HZ-15-04-香草提取物含约200种物质主.md,汇智,04,化学原理,初赛,4,弃卡,有机章节,B
04-题库/2026机构初赛模拟题/汇智/题-HZ-15-05-吲哚广泛存在于自然界骨架中含.md,汇智,05,有机化学,初赛,4,弃卡,非目标模块,B
04-题库/2026机构初赛模拟题/汇智/题-HZ-15-06-环加成反应常用于高效构建复杂.md,汇智,06,有机化学,初赛,4,弃卡,非目标模块,B
04-题库/2026机构初赛模拟题/汇智/题-HZ-15-07-自由基是一类高活性物种可以以.md,汇智,07,化学原理,初赛,4,入池,,
04-题库/2026机构初赛模拟题/汇智/题-HZ-15-08-科学家们想在羰基的一侧进行乙.md,汇智,08,有机化学,初赛,4,弃卡,非目标模块,B
04-题库/2026机构初赛模拟题/汇智/题-HZ-15-09-ene反应可以巧妙地构建分子.md,汇智,09,有机化学,初赛,4,弃卡,非目标模块,B
04-题库/2026机构初赛模拟题/汇智/题-HZ-16-01-11溶解度是物质重要的物理性.md,汇智,01,化学原理,初赛,4,弃卡,有机章节,B
04-题库/2026机构初赛模拟题/汇智/题-HZ-16-02-羟基酮即在酮羰基的位存在羟基.md,汇智,02,有机化学,初赛,4,弃卡,非目标模块,B
04-题库/2026机构初赛模拟题/汇智/题-HZ-16-03-31酚具有丰富的化学性质31.md,汇智,03,有机化学,初赛,4,弃卡,非目标模块,B
04-题库/2026机构初赛模拟题/汇智/题-HZ-16-04-甲酰化反应是有机化学中向分子.md,汇智,04,有机化学,初赛,4,弃卡,非目标模块,B
04-题库/2026机构初赛模拟题/汇智/题-HZ-16-05-香豆素是一类苯环与吡喃酮环稠.md,汇智,05,有机化学,初赛,4,弃卡,非目标模块,B
04-题库/2026机构初赛模拟题/汇智/题-HZ-16-06-DMP即DessMartin.md,汇智,06,结构化学,初赛,4,弃卡,有机章节,B
04-题库/2026机构初赛模拟题/汇智/题-HZ-16-07-硼因其独特的电子结构在有机合.md,汇智,07,有机化学,初赛,4,弃卡,非目标模块,B
04-题库/2026机构初赛模拟题/汇智/题-HZ-16-08-骨架编辑是指通过对分子骨架中.md,汇智,08,有机化学,初赛,4,弃卡,非目标模块,B
04-题库/2026机构初赛模拟题/汇智/题-HZ-16-09-分子光开关是一类可以通过特定.md,汇智,09,有机化学,初赛,4,弃卡,非目标模块,B
04-题库/2026机构初赛模拟题/汇智/题-HZ-16-10-碳正离子是有机化学中最关键的.md,汇智,10,有机化学,初赛,4,弃卡,非目标模块,B
04-题库/2026机构初赛模拟题/汇智/题-HZ-34-01-11在电解精炼金属产生的阳极.md,汇智,01,化学原理,初赛,4,弃卡,无答案/占位,A
04-题库/2026机构初赛模拟题/汇智/题-HZ-34-02-21键角是化学键的一个重要的.md,汇智,02,化学原理,初赛,4,弃卡,无答案/占位,A
04-题库/2026机构初赛模拟题/汇智/题-HZ-34-03-二氧化碳的活化是一个可以将过.md,汇智,03,结构化学,初赛,4,弃卡,无答案/占位,A
04-题库/2026机构初赛模拟题/汇智/题-HZ-34-04-41荧光分子可由其前体经过处.md,汇智,04,化学原理,初赛,4,弃卡,无答案/占位,A
04-题库/2026机构初赛模拟题/汇智/题-HZ-34-05-氨是最重要的化学产品之一其在.md,汇智,05,化学原理,初赛,4,弃卡,无答案/占位,A
04-题库/2026机构初赛模拟题/汇智/题-HZ-34-06-61电化学手段是分离一些金属.md,汇智,06,化学原理,初赛,4,弃卡,无答案/占位,A
04-题库/2026机构初赛模拟题/汇智/题-HZ-34-07-氟是电负性最大的元素在有机化.md,汇智,07,有机化学,初赛,4,弃卡,非目标模块,B
04-题库/2026机构初赛模拟题/汇智/题-HZ-34-08-硫可以通过被氧化或亲核进攻等.md,汇智,08,有机化学,初赛,4,弃卡,非目标模块,B
04-题库/2026机构初赛模拟题/汇智/题-HZ-34-09-91扩环反应的重要应用之一是.md,汇智,09,有机化学,初赛,4,弃卡,非目标模块,B
04-题库/2026机构初赛模拟题/汇智/题-HZ-35-01-在药物设计中提高分子的三维立.md,汇智,01,有机化学,初赛,4,弃卡,非目标模块,B
04-题库/2026机构初赛模拟题/汇智/题-HZ-35-02-在物理有机化学中构象偏好常常.md,汇智,02,有机化学,初赛,4,弃卡,非目标模块,B
04-题库/2026机构初赛模拟题/汇智/题-HZ-35-03-高价碘试剂是有机反应常用的氧.md,汇智,03,有机化学,初赛,4,弃卡,非目标模块,B
04-题库/2026机构初赛模拟题/汇智/题-HZ-35-04-苯炔是一种活泼的中间体在构建.md,汇智,04,有机化学,初赛,4,弃卡,非目标模块,B
04-题库/2026机构初赛模拟题/汇智/题-HZ-35-05-有机化学初赛模拟卷14ima.md,汇智,05,有机化学,初赛,4,弃卡,非目标模块,B
04-题库/2026机构初赛模拟题/汇智/题-HZ-35-06-Stevens重排是季铵盐或.md,汇智,06,有机化学,初赛,4,弃卡,非目标模块,B
04-题库/2026机构初赛模拟题/汇智/题-HZ-35-07-生物活性分子中常含氮杂环结构.md,汇智,07,化学原理,初赛,4,弃卡,有机章节,B
04-题库/2026机构初赛模拟题/汇智/题-HZ-35-08-81Bronsted酸可介导.md,汇智,08,有机化学,初赛,4,弃卡,非目标模块,B
04-题库/2026机构初赛模拟题/汇智/题-HZ-35-09-91Mannich反应是典型.md,汇智,09,有机化学,初赛,4,弃卡,非目标模块,B
04-题库/2026机构初赛模拟题/汇智/题-HZ-35-10-ComplanadineA的.md,汇智,10,化学原理,初赛,4,弃卡,有机章节,B
04-题库/2026机构初赛模拟题/汇智/题-HZ-37-01-从古代炼丹术的神火到拉瓦锡的.md,汇智,01,结构化学,初赛,4,弃卡,有机章节,B
04-题库/2026机构初赛模拟题/汇智/题-HZ-37-02-非过渡金属M为一种灰白色的金.md,汇智,02,结构化学,初赛,4,入池,,
04-题库/2026机构初赛模拟题/汇智/题-HZ-37-03-氮和氟都是高电负性的元素其形.md,汇智,03,化学原理,初赛,4,入池,,
04-题库/2026机构初赛模拟题/汇智/题-HZ-37-04-2011年3月11日日本东北.md,汇智,04,化学原理,初赛,4,入池,,
04-题库/2026机构初赛模拟题/汇智/题-HZ-37-05-20世纪70年代可充电锂离子.md,汇智,05,结构化学,初赛,4,入池,,
04-题库/2026机构初赛模拟题/汇智/题-HZ-37-06-2024年5月8日我国第三艘.md,汇智,06,化学原理,初赛,4,弃卡,越界（含他题内容）,A
04-题库/2026机构初赛模拟题/汇智/题-HZ-37-07-逆配合物inversecoo.md,汇智,07,结构化学,初赛,4,弃卡,无答案/占位,A
04-题库/2026机构初赛模拟题/汇智/题-HZ-37-08-M是一种常见金属常温下晶体为.md,汇智,08,结构化学,初赛,4,入池,,
04-题库/2026机构初赛模拟题/汇智/题-HZ-37-09-91关于晶格能下列说法正确的.md,汇智,09,结构化学,初赛,4,弃卡,题面泄露,A
04-题库/2026机构初赛模拟题/汇智/题-HZ-38-01-多碘阴离子是碘元素的特征阴离.md,汇智,01,化学原理,初赛,4,入池,,
04-题库/2026机构初赛模拟题/汇智/题-HZ-38-02-21Nature报道了某同素.md,汇智,02,结构化学,初赛,4,入池,,
04-题库/2026机构初赛模拟题/汇智/题-HZ-38-03-高能材料即烟火推进剂和炸药的.md,汇智,03,有机化学,初赛,4,弃卡,非目标模块,B
04-题库/2026机构初赛模拟题/汇智/题-HZ-38-04-411仅占3分试根据欧拉定理.md,汇智,04,结构化学,初赛,4,入池,,
04-题库/2026机构初赛模拟题/汇智/题-HZ-38-05-含有Se和Tl元素的离子结构.md,汇智,05,结构化学,初赛,4,入池,,
04-题库/2026机构初赛模拟题/汇智/题-HZ-38-06-金属Mg是中学化学就已涉及到.md,汇智,06,结构化学,初赛,4,入池,,
04-题库/2026机构初赛模拟题/汇智/题-HZ-38-07-阴离子配体环戊二烯阴离子自二.md,汇智,07,有机化学,初赛,4,弃卡,非目标模块,B
04-题库/2026机构初赛模拟题/汇智/题-HZ-38-08-的晶胞参数为.md,汇智,08,结构化学,初赛,4,入池,,
04-题库/2026机构初赛模拟题/汇智/题-HZ-64-01-11在电解精炼金属产生的阳极.md,汇智,01,化学原理,初赛,4,弃卡,无答案/占位,A
04-题库/2026机构初赛模拟题/汇智/题-HZ-64-02-21键角是化学键的一个重要的.md,汇智,02,化学原理,初赛,4,弃卡,无答案/占位,A
04-题库/2026机构初赛模拟题/汇智/题-HZ-64-03-二氧化碳的活化是一个可以将过.md,汇智,03,结构化学,初赛,4,弃卡,无答案/占位,A
04-题库/2026机构初赛模拟题/汇智/题-HZ-64-04-41荧光分子可由其前体经过处.md,汇智,04,化学原理,初赛,4,弃卡,无答案/占位,A
04-题库/2026机构初赛模拟题/汇智/题-HZ-64-05-氨是最重要的化学产品之一其在.md,汇智,05,化学原理,初赛,4,弃卡,无答案/占位,A
04-题库/2026机构初赛模拟题/汇智/题-HZ-64-06-61电化学手段是分离一些金属.md,汇智,06,化学原理,初赛,4,弃卡,无答案/占位,A
04-题库/2026机构初赛模拟题/汇智/题-HZ-64-07-mathrm光催化fracm.md,汇智,07,有机化学,初赛,4,弃卡,非目标模块,B
04-题库/2026机构初赛模拟题/汇智/题-HZ-64-08-硫可以通过被氧化或亲核进攻等.md,汇智,08,有机化学,初赛,4,弃卡,非目标模块,B
04-题库/2026机构初赛模拟题/汇智/题-HZ-64-09-91扩环反应的重要应用之一是.md,汇智,09,有机化学,初赛,4,弃卡,非目标模块,B
04-题库/2026机构初赛模拟题/XeChem/题-XeC-01-01-二萜entkaurene家族.md,XeChem,01,有机化学,初赛,4,弃卡,非目标模块,B
04-题库/2026机构初赛模拟题/XeChem/题-XeC-03-04-锕系元素卤化物的晶体结构.md,XeChem,04,结构化学,初赛,5,弃卡,题面泄露,A
04-题库/2026机构初赛模拟题/XeChem/题-XeC-04-07-双碳加合物.md,XeChem,07,有机化学,初赛,4,弃卡,非目标模块,B
04-题库/2026机构初赛模拟题/XeChem/题-XeC-04-08-亚砜亚胺的合成.md,XeChem,08,有机化学,初赛,4,弃卡,非目标模块,B
04-题库/2026机构初赛模拟题/XeChem/题-XeC-05-02-人工阴离子泵.md,XeChem,02,有机化学,初赛,4,弃卡,非目标模块,B
04-题库/2026机构初赛模拟题/XeChem/题-XeC-05-07-固相环肽合成策略.md,XeChem,07,有机化学,初赛,4,弃卡,非目标模块,B
04-题库/2026机构初赛模拟题/XeChem/题-XeC-06-01-11OCP离子是重要的含P杂.md,XeChem,01,化学原理,初赛,4,弃卡,有机章节,B
04-题库/2026机构初赛模拟题/XeChem/题-XeC-06-02-是地球上最主要且最具成本效益.md,XeChem,02,有机化学,初赛,4,弃卡,非目标模块,B
04-题库/2026机构初赛模拟题/XeChem/题-XeC-06-03-自从1888年德国科学家瓦尔.md,XeChem,03,化学原理,初赛,4,入池,,
04-题库/2026机构初赛模拟题/XeChem/题-XeC-06-05-51铜中心在多种生物过程中发.md,XeChem,05,元素与分析,初赛,4,弃卡,有机章节,B
04-题库/2026机构初赛模拟题/XeChem/题-XeC-06-06-61近日香港城市大学卢振品课.md,XeChem,06,结构化学,初赛,4,弃卡,有机章节,B
04-题库/2026机构初赛模拟题/XeChem/题-XeC-06-07-71分子活性的精准调控是化学.md,XeChem,07,结构化学,初赛,4,弃卡,有机章节,B
04-题库/2026机构初赛模拟题/XeChem/题-XeC-06-08-画出重排成腙衍生物过程中的关.md,XeChem,08,元素与分析,初赛,4,弃卡,有机章节,B
04-题库/2026机构初赛模拟题/XeChem/题-XeC-06-09-已知反应经历了中环螯合环中间.md,XeChem,09,有机化学,初赛,4,弃卡,非目标模块,B
04-题库/2026机构初赛模拟题/XeChem/题-XeC-07-01-11如下配体在去质子后与一当.md,XeChem,01,结构化学,初赛,4,弃卡,有机章节,B
04-题库/2026机构初赛模拟题/XeChem/题-XeC-07-04-beginarraycmat.md,XeChem,04,有机化学,初赛,4,弃卡,非目标模块,B
04-题库/2026机构初赛模拟题/XeChem/题-XeC-07-05-五唑阴离子是极具应用价值的全.md,XeChem,05,化学原理,初赛,4,弃卡,有机章节,B
04-题库/2026机构初赛模拟题/XeChem/题-XeC-07-06-61以下过程是典型的Smil.md,XeChem,06,化学原理,初赛,4,弃卡,有机章节,B
04-题库/2026机构初赛模拟题/XeChem/题-XeC-07-07-第40届XeChem初装模拟.md,XeChem,07,化学原理,初赛,4,弃卡,有机章节,B
04-题库/2026机构初赛模拟题/XeChem/题-XeC-07-08-题.md,XeChem,08,有机化学,初赛,4,弃卡,非目标模块,B
04-题库/2026机构初赛模拟题/XeChem/题-XeC-08-01-光合作用是人们最熟知的能量来.md,XeChem,01,化学原理,初赛,4,弃卡,答案公式未转录,A
04-题库/2026机构初赛模拟题/XeChem/题-XeC-08-02-是一种典型的低价硅物种在Si.md,XeChem,02,结构化学,初赛,4,入池,,
04-题库/2026机构初赛模拟题/XeChem/题-XeC-08-03-无机磷酸盐过量是水体富营养化.md,XeChem,03,化学原理,初赛,4,弃卡,答案公式未转录,A
04-题库/2026机构初赛模拟题/XeChem/题-XeC-08-04-属于六方晶系Al原子层内按最.md,XeChem,04,结构化学,初赛,4,弃卡,答案公式未转录,A
04-题库/2026机构初赛模拟题/XeChem/题-XeC-08-05-TEMPOHTEMPO的氧化.md,XeChem,05,化学原理,初赛,4,弃卡,答案公式未转录,A
04-题库/2026机构初赛模拟题/XeChem/题-XeC-08-06-自发现以来近70年间异头碳效.md,XeChem,06,化学原理,初赛,4,弃卡,答案公式未转录,A
04-题库/2026机构初赛模拟题/XeChem/题-XeC-08-07-常见的化学反应流程叙述中后处.md,XeChem,07,有机化学,初赛,4,弃卡,非目标模块,B
04-题库/2026机构初赛模拟题/XeChem/题-XeC-08-08-TrigTrigocherr.md,XeChem,08,有机化学,初赛,4,弃卡,非目标模块,B
04-题库/2026机构初赛模拟题/XeChem/题-XeC-09-01-氮丙啶作为一类重要的含氮杂环.md,XeChem,01,有机化学,初赛,4,弃卡,非目标模块,B
04-题库/2026机构初赛模拟题/XeChem/题-XeC-09-02-苯炔插入反应作为有机合成领域.md,XeChem,02,有机化学,初赛,4,弃卡,非目标模块,B
04-题库/2026机构初赛模拟题/XeChem/题-XeC-09-03-异构现象是有机化学领域中普遍.md,XeChem,03,有机化学,初赛,4,弃卡,非目标模块,B
04-题库/2026机构初赛模拟题/XeChem/题-XeC-09-04-芳香化驱动反应以芳香化过程释.md,XeChem,04,化学原理,初赛,4,弃卡,有机章节,B
04-题库/2026机构初赛模拟题/XeChem/题-XeC-09-05-杂芳烃硝基苯吡啶喹啉等是有机.md,XeChem,05,元素与分析,初赛,4,弃卡,有机章节,B
04-题库/2026机构初赛模拟题/XeChem/题-XeC-09-06-cotylenol是fusi.md,XeChem,06,有机化学,初赛,4,弃卡,非目标模块,B
04-题库/2026机构初赛模拟题/XeChem/题-XeC-11-01-由于化学材料的丰富性易获得性.md,XeChem,01,化学原理,初赛,4,弃卡,有机章节,B
04-题库/2026机构初赛模拟题/XeChem/题-XeC-11-02-荧光强度随时间衰减的快慢可以.md,XeChem,02,化学原理,初赛,4,入池,,
04-题库/2026机构初赛模拟题/XeChem/题-XeC-11-03-Valleyite是一种稀有.md,XeChem,03,结构化学,初赛,4,弃卡,有机章节,B
04-题库/2026机构初赛模拟题/XeChem/题-XeC-11-04-阿伏伽德罗常数是物理化学和分.md,XeChem,04,化学原理,初赛,4,入池,,
04-题库/2026机构初赛模拟题/XeChem/题-XeC-11-05-硅的掺入能降低表面能显著改变.md,XeChem,05,有机化学,初赛,4,弃卡,非目标模块,B
04-题库/2026机构初赛模拟题/XeChem/题-XeC-11-06-环对苯撑cycloparap.md,XeChem,06,结构化学,初赛,4,弃卡,有机章节,B
04-题库/2026机构初赛模拟题/XeChem/题-XeC-11-07-异二氮烯Isodiazene.md,XeChem,07,化学原理,初赛,4,弃卡,有机章节,B
04-题库/2026机构初赛模拟题/XeChem/题-XeC-11-08-81在天然产物和合成药物中中.md,XeChem,08,有机化学,初赛,4,弃卡,非目标模块,B
04-题库/2026机构初赛模拟题/XeChem/题-XeC-12-01-在我们通常的认知里布拉维点阵.md,XeChem,01,结构化学,初赛,4,入池,,
04-题库/2026机构初赛模拟题/XeChem/题-XeC-12-01-辉锑矿是自然界中最重要的锑矿.md,XeChem,01,元素与分析,初赛,4,入池,,
04-题库/2026机构初赛模拟题/XeChem/题-XeC-12-02-在初学晶体的时候我们通常能见.md,XeChem,02,结构化学,初赛,4,入池,,
04-题库/2026机构初赛模拟题/XeChem/题-XeC-12-02-金属有机框架MOF材料由金属.md,XeChem,02,结构化学,初赛,4,入池,,
04-题库/2026机构初赛模拟题/XeChem/题-XeC-12-03-是一种极其常见的矿物其常见晶.md,XeChem,03,结构化学,初赛,4,入池,,
04-题库/2026机构初赛模拟题/XeChem/题-XeC-12-03-聚苯乙烯PS是一种脆性塑料常.md,XeChem,03,有机化学,初赛,4,弃卡,非目标模块,B
04-题库/2026机构初赛模拟题/XeChem/题-XeC-12-04-铅PbZ82有四种稳定同位素.md,XeChem,04,化学原理,初赛,4,入池,,
04-题库/2026机构初赛模拟题/XeChem/题-XeC-12-05-CH键的胺化反应是现代有机合.md,XeChem,05,有机化学,初赛,4,弃卡,非目标模块,B
04-题库/2026机构初赛模拟题/XeChem/题-XeC-12-05-根据MJansen在2000.md,XeChem,05,结构化学,初赛,4,入池,,
04-题库/2026机构初赛模拟题/XeChem/题-XeC-12-06-611偶氮化合物在光照下分解.md,XeChem,06,化学原理,初赛,4,入池,,
04-题库/2026机构初赛模拟题/XeChem/题-XeC-12-06-61写出必要的过程辅助你推导.md,XeChem,06,结构化学,初赛,4,入池,,
04-题库/2026机构初赛模拟题/XeChem/题-XeC-12-07-四川大学傅海燕课题组系统发展.md,XeChem,07,化学原理,初赛,4,弃卡,有机章节,B
04-题库/2026机构初赛模拟题/XeChem/题-XeC-12-08-全合成中长期依赖实现CC键构.md,XeChem,08,有机化学,初赛,4,弃卡,非目标模块,B
04-题库/2026机构初赛模拟题/XeChem/题-XeC-13-01-早在门捷列夫建立元素周期系时.md,XeChem,01,元素与分析,初赛,4,入池,,
04-题库/2026机构初赛模拟题/XeChem/题-XeC-13-01-火箭燃料也称火箭推进剂是火箭.md,XeChem,01,化学原理,初赛,4,入池,,
04-题库/2026机构初赛模拟题/XeChem/题-XeC-13-02-二甲硫醚DMS是海洋中挥发性.md,XeChem,02,化学原理,初赛,4,入池,,
04-题库/2026机构初赛模拟题/XeChem/题-XeC-13-02-小盐同学十分热爱化学有一天她.md,XeChem,02,有机化学,初赛,4,弃卡,非目标模块,B
04-题库/2026机构初赛模拟题/XeChem/题-XeC-13-03-是一种常见的配体其作为单齿配.md,XeChem,03,结构化学,初赛,4,入池,,
04-题库/2026机构初赛模拟题/XeChem/题-XeC-13-03-碱金属具有极低的电负性极易失.md,XeChem,03,结构化学,初赛,4,弃卡,越界（含他题内容）,A
04-题库/2026机构初赛模拟题/XeChem/题-XeC-13-04-酸性溶液中可还原产物配离子均.md,XeChem,04,化学原理,初赛,4,入池,,
04-题库/2026机构初赛模拟题/XeChem/题-XeC-13-04-银量法是沉淀滴定法中常用的方.md,XeChem,04,化学原理,初赛,4,入池,,
04-题库/2026机构初赛模拟题/XeChem/题-XeC-13-05-1963年Hershaft通.md,XeChem,05,结构化学,初赛,4,入池,,
04-题库/2026机构初赛模拟题/XeChem/题-XeC-13-05-在炼金术的早期人们就开始将常.md,XeChem,05,结构化学,初赛,4,入池,,
04-题库/2026机构初赛模拟题/XeChem/题-XeC-13-06-众所周知烯烃可与过渡金属配位.md,XeChem,06,有机化学,初赛,4,弃卡,非目标模块,B
04-题库/2026机构初赛模拟题/XeChem/题-XeC-13-06-格氏试剂GrignardRe.md,XeChem,06,化学原理,初赛,4,弃卡,有机章节,B
04-题库/2026机构初赛模拟题/XeChem/题-XeC-13-07-卤化反应是药物研发中的常用策.md,XeChem,07,元素与分析,初赛,4,弃卡,有机章节,B
04-题库/2026机构初赛模拟题/XeChem/题-XeC-13-07-细胞周期cellcycle指.md,XeChem,07,有机化学,初赛,4,弃卡,非目标模块,B
04-题库/2026机构初赛模拟题/XeChem/题-XeC-13-08-81以下氮杂环丁烷不稳定在室.md,XeChem,08,有机化学,初赛,4,弃卡,非目标模块,B
04-题库/2026机构初赛模拟题/XeChem/题-XeC-13-08-DynemicinA1是由小.md,XeChem,08,有机化学,初赛,4,弃卡,非目标模块,B
04-题库/2026机构初赛模拟题/XeChem/题-XeC-13-09-911985年Kowalsk.md,XeChem,09,有机化学,初赛,4,弃卡,非目标模块,B
04-题库/2026机构初赛模拟题/XeChem/题-XeC-14-01-112写出A与B的化学式在烧.md,XeChem,01,化学原理,初赛,4,弃卡,有机章节,B
04-题库/2026机构初赛模拟题/XeChem/题-XeC-14-01-钒在化学反应中表现出极其丰富.md,XeChem,01,化学原理,初赛,4,入池,,
04-题库/2026机构初赛模拟题/XeChem/题-XeC-14-02-荧光染料ATTO655常被用.md,XeChem,02,化学原理,初赛,4,入池,,
04-题库/2026机构初赛模拟题/XeChem/题-XeC-14-03-31最经典的ZnZn键合成方.md,XeChem,03,结构化学,初赛,4,入池,,
04-题库/2026机构初赛模拟题/XeChem/题-XeC-14-03-重氮化合物是化学合成中不可或.md,XeChem,03,有机化学,初赛,4,弃卡,非目标模块,B
04-题库/2026机构初赛模拟题/XeChem/题-XeC-14-04-为了解决传统聚烯烃或聚乙烯基.md,XeChem,04,化学原理,初赛,4,弃卡,有机章节,B
04-题库/2026机构初赛模拟题/XeChem/题-XeC-14-05-三氟化铝是一种常见的离子晶体.md,XeChem,05,结构化学,初赛,4,入池,,
04-题库/2026机构初赛模拟题/XeChem/题-XeC-14-05-该同学使用的材料比表面积是最.md,XeChem,05,化学原理,初赛,4,入池,,
04-题库/2026机构初赛模拟题/XeChem/题-XeC-14-06-61将101mg三邻甲苯基膦.md,XeChem,06,结构化学,初赛,4,弃卡,有机章节,B
04-题库/2026机构初赛模拟题/XeChem/题-XeC-14-06-磁场在生活中和化学合成中都有.md,XeChem,06,有机化学,初赛,4,弃卡,非目标模块,B
04-题库/2026机构初赛模拟题/XeChem/题-XeC-14-07-作为现代合成的两大支柱光化学.md,XeChem,07,化学原理,初赛,4,弃卡,有机章节,B
04-题库/2026机构初赛模拟题/XeChem/题-XeC-14-08-81传统的二氟甲基化大致使用.md,XeChem,08,有机化学,初赛,4,弃卡,非目标模块,B
04-题库/2026机构初赛模拟题/XeChem/题-XeC-14-08-氧杂八元环是一种有趣的分子骨.md,XeChem,08,化学原理,初赛,4,弃卡,有机章节,B
04-题库/2026机构初赛模拟题/XeChem/题-XeC-14-09-近期报道了一种茚二酮衍生物与.md,XeChem,09,有机化学,初赛,4,弃卡,非目标模块,B
04-题库/2026机构初赛模拟题/XeChem/题-XeC-15-01-古代矿物学家常根据矿物的颜色.md,XeChem,01,化学原理,初赛,4,入池,,
04-题库/2026机构初赛模拟题/XeChem/题-XeC-15-01-稀有气体因核外电子层全满的稳.md,XeChem,01,结构化学,初赛,4,弃卡,越界（含他题内容）,A
04-题库/2026机构初赛模拟题/XeChem/题-XeC-15-02-一种具有较高对称性的铁簇配合.md,XeChem,02,结构化学,初赛,4,入池,,
04-题库/2026机构初赛模拟题/XeChem/题-XeC-15-02-如图在温度T下有一真空密闭容.md,XeChem,02,化学原理,初赛,4,入池,,
04-题库/2026机构初赛模拟题/XeChem/题-XeC-15-03-为了应对温室效应科学家们开发.md,XeChem,03,元素与分析,初赛,4,弃卡,有机章节,B
04-题库/2026机构初赛模拟题/XeChem/题-XeC-15-03-随着核电的发展绿色高效地处理.md,XeChem,03,结构化学,初赛,4,入池,,
04-题库/2026机构初赛模拟题/XeChem/题-XeC-15-04-自从的发现以来已制备出多种结.md,XeChem,04,结构化学,初赛,4,入池,,
04-题库/2026机构初赛模拟题/XeChem/题-XeC-15-04-过一硫酸氢盐和过二硫酸盐均含.md,XeChem,04,化学原理,初赛,4,入池,,
04-题库/2026机构初赛模拟题/XeChem/题-XeC-15-05-溴化铍是一种极为特殊的金属卤.md,XeChem,05,结构化学,初赛,4,入池,,
04-题库/2026机构初赛模拟题/XeChem/题-XeC-15-05-研究人员合成了一种氮代磷酸盐.md,XeChem,05,结构化学,初赛,4,弃卡,有机章节,B
04-题库/2026机构初赛模拟题/XeChem/题-XeC-15-06-三线态锡氮宾SnNR的电子结.md,XeChem,06,有机化学,初赛,4,弃卡,非目标模块,B
04-题库/2026机构初赛模拟题/XeChem/题-XeC-15-06-所有生命的新陈代谢都依赖于持.md,XeChem,06,化学原理,初赛,4,弃卡,有机章节,B
04-题库/2026机构初赛模拟题/XeChem/题-XeC-15-07-对结构相似的化合物进行酸性比.md,XeChem,07,化学原理,初赛,4,弃卡,有机章节,B
04-题库/2026机构初赛模拟题/XeChem/题-XeC-15-08-膦配体兼具较强的给电子能力与.md,XeChem,08,化学原理,初赛,4,弃卡,有机章节,B
04-题库/2026机构初赛模拟题/XeChem/题-XeC-15-09-现代密度泛函理论的发展与电脑.md,XeChem,09,有机化学,初赛,4,弃卡,非目标模块,B
04-题库/2026机构初赛模拟题/XeChem/题-XeC-15-10-Himandrine生物碱由.md,XeChem,10,有机化学,初赛,4,弃卡,非目标模块,B
04-题库/2026机构初赛模拟题/XeChem/题-XeC-16-01-本题中放射性元素的相对原子质.md,XeChem,01,结构化学,初赛,4,入池,,
04-题库/2026机构初赛模拟题/XeChem/题-XeC-16-02-化学分析法常用于制盐工业中快.md,XeChem,02,化学原理,初赛,4,入池,,
04-题库/2026机构初赛模拟题/XeChem/题-XeC-16-03-31高通量实验中的热量积累在.md,XeChem,03,化学原理,初赛,4,弃卡,有机章节,B
04-题库/2026机构初赛模拟题/XeChem/题-XeC-16-04-目前化学家已经能够借助AI等.md,XeChem,04,化学原理,初赛,4,入池,,
04-题库/2026机构初赛模拟题/XeChem/题-XeC-16-05-有一种立方晶系的三元氟化物含.md,XeChem,05,结构化学,初赛,4,入池,,
04-题库/2026机构初赛模拟题/XeChem/题-XeC-16-06-NO与金属配位时可以展现极其.md,XeChem,06,结构化学,初赛,4,弃卡,有机章节,B
04-题库/2026机构初赛模拟题/XeChem/题-XeC-16-07-众所周知立体化学是有机化学中.md,XeChem,07,化学原理,初赛,4,弃卡,有机章节,B
04-题库/2026机构初赛模拟题/XeChem/题-XeC-16-08-环丙烷作为最小的碳环结构是各.md,XeChem,08,化学原理,初赛,4,入池,,
04-题库/2026机构初赛模拟题/XeChem/题-XeC-16-09-合成化学家们通常使用走走停停.md,XeChem,09,有机化学,初赛,4,弃卡,非目标模块,B
04-题库/2026机构初赛模拟题/XeChem/题-XeC-17-01-元素M是一种非金属元素然而其.md,XeChem,01,结构化学,初赛,4,入池,,
04-题库/2026机构初赛模拟题/XeChem/题-XeC-17-02-考虑两个胶体粒子之间的相互作.md,XeChem,02,结构化学,初赛,4,入池,,
04-题库/2026机构初赛模拟题/XeChem/题-XeC-17-03-第14族元素在生产生活中发挥.md,XeChem,03,结构化学,初赛,4,入池,,
04-题库/2026机构初赛模拟题/XeChem/题-XeC-17-04-Gaudefroyite是一.md,XeChem,04,结构化学,初赛,4,入池,,
04-题库/2026机构初赛模拟题/XeChem/题-XeC-17-05-借助对流稳态扩散进行线性伏安.md,XeChem,05,化学原理,初赛,4,入池,,
04-题库/2026机构初赛模拟题/XeChem/题-XeC-17-06-Si作为第三周期元素可以d轨.md,XeChem,06,有机化学,初赛,4,弃卡,非目标模块,B
04-题库/2026机构初赛模拟题/XeChem/题-XeC-17-07-71关于CPBA氧化反应的理.md,XeChem,07,化学原理,初赛,4,弃卡,有机章节,B
04-题库/2026机构初赛模拟题/XeChem/题-XeC-17-08-醛由于O的孤对电子对CH反键.md,XeChem,08,有机化学,初赛,4,弃卡,非目标模块,B
04-题库/2026机构初赛模拟题/XeChem/题-XeC-17-09-汇聚式合成convergen.md,XeChem,09,有机化学,初赛,4,弃卡,非目标模块,B
04-题库/2026机构初赛模拟题/XeChem/题-XeC-18-01-某文献报道LnYLaLu在苯.md,XeChem,01,元素与分析,初赛,4,入池,,
04-题库/2026机构初赛模拟题/XeChem/题-XeC-18-02-利用可再生能源将电化学还原为.md,XeChem,02,结构化学,初赛,4,弃卡,无答案/占位,A
04-题库/2026机构初赛模拟题/XeChem/题-XeC-18-03-你说得对但是在本题中你将扮演.md,XeChem,03,结构化学,初赛,4,弃卡,无答案/占位,A
04-题库/2026机构初赛模拟题/XeChem/题-XeC-18-04-碘化铵是一种重要的无机盐加热.md,XeChem,04,化学原理,初赛,4,弃卡,无答案/占位,A
04-题库/2026机构初赛模拟题/XeChem/题-XeC-18-05-磷酸盐是常用的水处理剂其产品.md,XeChem,05,化学原理,初赛,4,弃卡,无答案/占位,A
04-题库/2026机构初赛模拟题/XeChem/题-XeC-18-06-逻辑门LogicGates是.md,XeChem,06,化学原理,初赛,4,弃卡,无答案/占位,A
04-题库/2026机构初赛模拟题/XeChem/题-XeC-18-07-作为结构优美的柏拉图烃之一十.md,XeChem,07,有机化学,初赛,4,弃卡,非目标模块,B
04-题库/2026机构初赛模拟题/XeChem/题-XeC-18-08-81本题的主题是酰胺活化即通.md,XeChem,08,结构化学,初赛,4,弃卡,无答案/占位,A
04-题库/2026机构初赛模拟题/XeChem/题-XeC-19-01-金Au由于其稳定的单质与明显.md,XeChem,01,结构化学,初赛,4,弃卡,有机章节,B
04-题库/2026机构初赛模拟题/XeChem/题-XeC-19-02-氮宾作为一种不稳定的瞬态物种.md,XeChem,02,化学原理,初赛,4,弃卡,假结构式,A
04-题库/2026机构初赛模拟题/XeChem/题-XeC-19-03-磷的同素异形体丰富其中的PP.md,XeChem,03,结构化学,初赛,4,入池,,
04-题库/2026机构初赛模拟题/XeChem/题-XeC-19-04-机械互锁聚合物MIPs是一类.md,XeChem,04,化学原理,初赛,4,弃卡,有机章节,B
04-题库/2026机构初赛模拟题/XeChem/题-XeC-19-05-烷基硫酸盐是大气气溶胶中的重.md,XeChem,05,化学原理,初赛,4,弃卡,有机章节,B
04-题库/2026机构初赛模拟题/XeChem/题-XeC-19-06-铝是现代经济的基石在基础设施.md,XeChem,06,结构化学,初赛,4,入池,,
04-题库/2026机构初赛模拟题/XeChem/题-XeC-19-07-71判断以下分子或离子有无光.md,XeChem,07,有机化学,初赛,4,弃卡,非目标模块,B
04-题库/2026机构初赛模拟题/XeChem/题-XeC-19-08-尽管碳苷与含额外碳碳键糖类的.md,XeChem,08,有机化学,初赛,4,弃卡,非目标模块,B
04-题库/2026机构初赛模拟题/XeChem/题-XeC-19-09-PausonKhand反应简.md,XeChem,09,有机化学,初赛,4,弃卡,非目标模块,B
04-题库/2026机构初赛模拟题/XeChem/题-XeC-20-01-元素M和N是同族元素性质相似.md,XeChem,01,结构化学,初赛,4,入池,,
04-题库/2026机构初赛模拟题/XeChem/题-XeC-20-02-酸碱缓冲溶液是一种能对溶液的.md,XeChem,02,化学原理,初赛,4,入池,,
04-题库/2026机构初赛模拟题/XeChem/题-XeC-20-03-全固态锂电池以固态电解质替代.md,XeChem,03,结构化学,初赛,4,入池,,
04-题库/2026机构初赛模拟题/XeChem/题-XeC-20-04-众所周知自然界中的许多病毒都.md,XeChem,04,有机化学,初赛,4,弃卡,非目标模块,B
04-题库/2026机构初赛模拟题/XeChem/题-XeC-20-05-作为并没有过多接触实验的高中.md,XeChem,05,有机化学,初赛,4,弃卡,非目标模块,B
04-题库/2026机构初赛模拟题/XeChem/题-XeC-20-06-TheActionLab在2.md,XeChem,06,化学原理,初赛,4,弃卡,有机章节,B
04-题库/2026机构初赛模拟题/XeChem/题-XeC-20-07-Nazarov环化是一类特殊.md,XeChem,07,有机化学,初赛,4,弃卡,非目标模块,B
04-题库/2026机构初赛模拟题/XeChem/题-XeC-20-08-维生素H维生素生物素辅酶R是.md,XeChem,08,化学原理,初赛,4,弃卡,有机章节,B
04-题库/2026机构初赛模拟题/XeChem/题-XeC-20-09-上述整个过程便是生物素的生物.md,XeChem,09,有机化学,初赛,4,弃卡,非目标模块,B
04-题库/2026机构初赛模拟题/XeChem/题-XeC-21-01-十九世纪初墨西哥矿物学家在一.md,XeChem,01,化学原理,初赛,4,入池,,
04-题库/2026机构初赛模拟题/XeChem/题-XeC-21-02-均配双萘零价过渡金属配合物是.md,XeChem,02,有机化学,初赛,4,弃卡,非目标模块,B
04-题库/2026机构初赛模拟题/XeChem/题-XeC-21-03-碳族第14族元素单质具有丰富.md,XeChem,03,结构化学,初赛,4,入池,,
04-题库/2026机构初赛模拟题/XeChem/题-XeC-21-04-的电化学还原反应是一种新兴的.md,XeChem,04,化学原理,初赛,4,入池,,
04-题库/2026机构初赛模拟题/XeChem/题-XeC-21-05-BDF单体在DMSO中用2当.md,XeChem,05,结构化学,初赛,4,弃卡,有机章节,B
04-题库/2026机构初赛模拟题/XeChem/题-XeC-21-06-61ABC三组底物在tBuO.md,XeChem,06,有机化学,初赛,4,弃卡,非目标模块,B
04-题库/2026机构初赛模拟题/XeChem/题-XeC-21-07-在现代有机合成中一些结构稳定.md,XeChem,07,有机化学,初赛,4,弃卡,非目标模块,B
04-题库/2026机构初赛模拟题/XeChem/题-XeC-21-08-钯催化反应是现代有机合成中应.md,XeChem,08,有机化学,初赛,4,弃卡,非目标模块,B
04-题库/2026机构初赛模拟题/XeChem/题-XeC-22-01-磷化镓GaP是典型的IIIV.md,XeChem,01,结构化学,初赛,4,弃卡,有机章节,B
04-题库/2026机构初赛模拟题/XeChem/题-XeC-22-02-碘化汞是典型的重金属卤化物兼.md,XeChem,02,化学原理,初赛,4,入池,,
04-题库/2026机构初赛模拟题/XeChem/题-XeC-22-03-第14族元素单质具有丰富的同.md,XeChem,03,结构化学,初赛,4,入池,,
04-题库/2026机构初赛模拟题/XeChem/题-XeC-22-04-层状锂钴氧化物是锂离子电池正.md,XeChem,04,结构化学,初赛,4,入池,,
04-题库/2026机构初赛模拟题/XeChem/题-XeC-22-05-二硼杂芳环即在芳香环骨架中同.md,XeChem,05,结构化学,初赛,4,弃卡,有机章节,B
04-题库/2026机构初赛模拟题/XeChem/题-XeC-22-06-酰胺因其共振稳定性通常表现出.md,XeChem,06,化学原理,初赛,4,弃卡,有机章节,B
04-题库/2026机构初赛模拟题/XeChem/题-XeC-22-07-Smiles重排是一类重要的.md,XeChem,07,有机化学,初赛,4,弃卡,非目标模块,B
04-题库/2026机构初赛模拟题/XeChem/题-XeC-23-01-铅是人类最早认识并大规模利用.md,XeChem,01,化学原理,初赛,4,入池,,
04-题库/2026机构初赛模拟题/XeChem/题-XeC-23-02-碲化铋是目前室温附近性能最优.md,XeChem,02,化学原理,初赛,4,入池,,
04-题库/2026机构初赛模拟题/XeChem/题-XeC-23-03-的固化封存是气候与能源领域的.md,XeChem,03,结构化学,初赛,4,入池,,
04-题库/2026机构初赛模拟题/XeChem/题-XeC-23-04-1928年Ingold夫妇在.md,XeChem,04,化学原理,初赛,4,弃卡,有机章节,B
04-题库/2026机构初赛模拟题/XeChem/题-XeC-23-05-苯酚是重要的工业化学品广泛用.md,XeChem,05,化学原理,初赛,4,入池,,
04-题库/2026机构初赛模拟题/XeChem/题-XeC-23-06-I型笼合物是一类结构精妙的主.md,XeChem,06,结构化学,初赛,4,入池,,
04-题库/2026机构初赛模拟题/XeChem/题-XeC-23-07-金属钛Ti因其高比强度优异耐.md,XeChem,07,化学原理,初赛,4,入池,,
04-题库/2026机构初赛模拟题/XeChem/题-XeC-23-08-叔丁醇钾KOtBu是有机合成.md,XeChem,08,化学原理,初赛,4,弃卡,有机章节,B
04-题库/2026机构初赛模拟题/XeChem/题-XeC-23-09-91南京工业大学于2021年.md,XeChem,09,元素与分析,初赛,4,弃卡,有机章节,B
04-题库/2026机构初赛模拟题/XeChem/题-XeC-23-10-二碘化钐是一种单电子还原剂N.md,XeChem,10,有机化学,初赛,4,弃卡,非目标模块,B
04-题库/2026机构初赛模拟题/XeChem/题-XeC-24-01-十八世纪末Vauguelin.md,XeChem,01,结构化学,初赛,4,入池,,
04-题库/2026机构初赛模拟题/XeChem/题-XeC-24-02-1955年Wartik和Ap.md,XeChem,02,结构化学,初赛,4,入池,,
04-题库/2026机构初赛模拟题/XeChem/题-XeC-24-03-肽链骨架中含有大量酰胺基团酰.md,XeChem,03,化学原理,初赛,4,弃卡,有机章节,B
04-题库/2026机构初赛模拟题/XeChem/题-XeC-24-04-作为碳碳三键的等电子体硼氮三.md,XeChem,04,结构化学,初赛,4,弃卡,有机章节,B
04-题库/2026机构初赛模拟题/XeChem/题-XeC-24-05-隧道型金属含氧化合物是一类重.md,XeChem,05,结构化学,初赛,4,入池,,
04-题库/2026机构初赛模拟题/XeChem/题-XeC-24-06-血红素是生物体内重要化合物其.md,XeChem,06,有机化学,初赛,4,弃卡,非目标模块,B
04-题库/2026机构初赛模拟题/XeChem/题-XeC-24-07-碳碳三键既可以作亲核试剂也可.md,XeChem,07,有机化学,初赛,4,弃卡,非目标模块,B
04-题库/2026机构初赛模拟题/XeChem/题-XeC-24-08-贝克曼重排是肟类化合物转化为.md,XeChem,08,有机化学,初赛,4,弃卡,非目标模块,B
04-题库/2026机构初赛模拟题/XeChem/题-XeC-25-01-11元素X的丰度位于第十二位.md,XeChem,01,元素与分析,初赛,4,入池,,
04-题库/2026机构初赛模拟题/XeChem/题-XeC-25-02-锂氧电池工作时氧气在正极发生.md,XeChem,02,化学原理,初赛,4,弃卡,有机章节,B
04-题库/2026机构初赛模拟题/XeChem/题-XeC-25-03-一些配合物的配体可以参与到氧.md,XeChem,03,有机化学,初赛,4,弃卡,非目标模块,B
04-题库/2026机构初赛模拟题/XeChem/题-XeC-25-04-小夜在随意浏览MP时看到了一.md,XeChem,04,结构化学,初赛,4,入池,,
04-题库/2026机构初赛模拟题/XeChem/题-XeC-25-05-移液枪活塞式移液器是现代化学.md,XeChem,05,有机化学,初赛,4,弃卡,非目标模块,B
04-题库/2026机构初赛模拟题/XeChem/题-XeC-25-06-莫比乌斯芳香性不是指普通芳香.md,XeChem,06,有机化学,初赛,4,弃卡,非目标模块,B
04-题库/2026机构初赛模拟题/XeChem/题-XeC-25-07-对甲苯磺酰卤TsX兼具磺酰基.md,XeChem,07,元素与分析,初赛,4,弃卡,有机章节,B
04-题库/2026机构初赛模拟题/XeChem/题-XeC-25-08-芳香环凭借高度离域的体系具有.md,XeChem,08,化学原理,初赛,4,弃卡,有机章节,B
04-题库/2026机构初赛模拟题/XeChem/题-XeC-26-01-有机反应中细微的结构或反应环.md,XeChem,01,有机化学,初赛,4,弃卡,非目标模块,B
04-题库/2026机构初赛模拟题/XeChem/题-XeC-26-02-211以如下仲醇为例分别给出.md,XeChem,02,化学原理,初赛,4,弃卡,有机章节,B
04-题库/2026机构初赛模拟题/XeChem/题-XeC-26-03-重排反应能够通过分子内部键的.md,XeChem,03,化学原理,初赛,4,弃卡,有机章节,B
04-题库/2026机构初赛模拟题/XeChem/题-XeC-26-04-负氢迁移是一类重要的分子内氧.md,XeChem,04,有机化学,初赛,4,弃卡,非目标模块,B
04-题库/2026机构初赛模拟题/XeChem/题-XeC-26-05-周环反应能够通过键与键的协同.md,XeChem,05,元素与分析,初赛,4,入池,,
04-题库/2026机构初赛模拟题/XeChem/题-XeC-26-06-Phorbol与ingeno.md,XeChem,06,有机化学,初赛,4,弃卡,非目标模块,B
04-题库/2026机构初赛模拟题/XeChem/题-XeC-40-01-金银铜是人类历史上最早被认识.md,XeChem,01,结构化学,初赛,4,弃卡,题面泄露,A
04-题库/2026机构初赛模拟题/XeChem/题-XeC-40-01-零价配合物因其有趣的电子结构.md,XeChem,01,化学原理,初赛,4,弃卡,有机章节,B
04-题库/2026机构初赛模拟题/XeChem/题-XeC-40-02-指尖脉搏血氧仪是一种便携式医.md,XeChem,02,化学原理,初赛,4,入池,,
04-题库/2026机构初赛模拟题/XeChem/题-XeC-40-02-请注意本题的21和22两部分.md,XeChem,02,结构化学,初赛,4,弃卡,题名泄露,A
04-题库/2026机构初赛模拟题/XeChem/题-XeC-40-03-31牛奶富含很多人体生长发育.md,XeChem,03,化学原理,初赛,4,弃卡,有机章节,B
04-题库/2026机构初赛模拟题/XeChem/题-XeC-40-03-传统上介导可逆的氧化还原催化.md,XeChem,03,有机化学,初赛,4,弃卡,非目标模块,B
04-题库/2026机构初赛模拟题/XeChem/题-XeC-40-04-方钴矿系skutterudi.md,XeChem,04,结构化学,初赛,4,入池,,
04-题库/2026机构初赛模拟题/XeChem/题-XeC-40-04-活化炔烃是一类特殊的炔烃化合.md,XeChem,04,结构化学,初赛,4,弃卡,有机章节,B
04-题库/2026机构初赛模拟题/XeChem/题-XeC-40-05-元素X的名称来自希腊神话中满.md,XeChem,05,元素与分析,初赛,4,入池,,
04-题库/2026机构初赛模拟题/XeChem/题-XeC-40-05-在现代超分子化学中以色散力为.md,XeChem,05,结构化学,初赛,4,弃卡,有机章节,B
04-题库/2026机构初赛模拟题/XeChem/题-XeC-40-06-氮杂芳环广泛存在于药物分子天.md,XeChem,06,有机化学,初赛,4,弃卡,非目标模块,B
04-题库/2026机构初赛模拟题/XeChem/题-XeC-40-06-量子点是一种半导体纳米晶粒径.md,XeChem,06,化学原理,初赛,4,入池,,
04-题库/2026机构初赛模拟题/XeChem/题-XeC-40-07-克罗烷二萜是自然界中分布最广.md,XeChem,07,有机化学,初赛,4,弃卡,非目标模块,B
04-题库/2026机构初赛模拟题/XeChem/题-XeC-40-07-碳正离子重排是近代有机合成化.md,XeChem,07,化学原理,初赛,4,弃卡,有机章节,B
04-题库/2026机构初赛模拟题/XeChem/题-XeC-40-08-有机硫化合物在有机合成中扮演.md,XeChem,08,有机化学,初赛,4,弃卡,非目标模块,B
04-题库/2026机构初赛模拟题/XeChem/题-XeC-40-09-1氧杂十氢萘1oxadeca.md,XeChem,09,化学原理,初赛,4,弃卡,有机章节,B
04-题库/2026机构初赛模拟题/质心GChO/题-GChO-01-01-作为最重要的肥料和化工原料的.md,质心GChO,01,化学原理,初赛,4,入池,,
04-题库/2026机构初赛模拟题/质心GChO/题-GChO-01-02-某未知化合物X只含有碳氧和氯.md,质心GChO,02,化学原理,初赛,4,入池,,
04-题库/2026机构初赛模拟题/质心GChO/题-GChO-01-03-某混合溶液含和浓度均为010.md,质心GChO,03,化学原理,初赛,4,入池,,
04-题库/2026机构初赛模拟题/质心GChO/题-GChO-01-04-锕系元素U主要以的形式存在但.md,质心GChO,04,化学原理,初赛,4,入池,,
04-题库/2026机构初赛模拟题/质心GChO/题-GChO-01-05-Q16分别写出制备以下高分子.md,质心GChO,05,元素与分析,初赛,4,弃卡,有机章节,B
04-题库/2026机构初赛模拟题/质心GChO/题-GChO-01-06-A型晶体属于六方晶系晶胞内的.md,质心GChO,06,结构化学,初赛,4,入池,,
04-题库/2026机构初赛模拟题/质心GChO/题-GChO-01-07-Q12化合物14中酸性最强的.md,质心GChO,07,化学原理,初赛,4,入池,,
04-题库/2026机构初赛模拟题/质心GChO/题-GChO-01-08-醛酮与肼反应脱水形成的化合物.md,质心GChO,08,有机化学,初赛,4,弃卡,非目标模块,B
04-题库/2026机构初赛模拟题/质心GChO/题-GChO-01-09-某母核为的芳香化合物的合成路.md,质心GChO,09,化学原理,初赛,4,入池,,
04-题库/2026机构初赛模拟题/质心GChO/题-GChO-02-01-11铜在隔绝空气的环境下可溶.md,质心GChO,01,化学原理,初赛,4,入池,,
04-题库/2026机构初赛模拟题/质心GChO/题-GChO-02-02-由100L的00500MCH.md,质心GChO,02,化学原理,初赛,4,入池,,
04-题库/2026机构初赛模拟题/质心GChO/题-GChO-02-03-考虑如下二氧化氮的二聚反应2.md,质心GChO,03,化学原理,初赛,4,入池,,
04-题库/2026机构初赛模拟题/质心GChO/题-GChO-02-04-自然界中某些细菌能利用其他物.md,质心GChO,04,结构化学,初赛,4,入池,,
04-题库/2026机构初赛模拟题/质心GChO/题-GChO-02-05-是常用的锂电池正极材料晶体结.md,质心GChO,05,结构化学,初赛,4,入池,,
04-题库/2026机构初赛模拟题/质心GChO/题-GChO-02-06-BuchwardHartwi.md,质心GChO,06,化学原理,初赛,4,弃卡,有机章节,B
04-题库/2026机构初赛模拟题/质心GChO/题-GChO-02-07-圈出以下每组中较小的物质ab.md,质心GChO,07,化学原理,初赛,4,入池,,
04-题库/2026机构初赛模拟题/质心GChO/题-GChO-02-08-有机反应按机理可以分为三大类.md,质心GChO,08,化学原理,初赛,4,弃卡,有机章节,B
04-题库/2026机构初赛模拟题/质心GChO/题-GChO-02-09-1850年天然产物X被从植物.md,质心GChO,09,有机化学,初赛,4,弃卡,非目标模块,B
04-题库/2026机构初赛模拟题/质心GChO/题-GChO-03-01-写出下列过程的反应方程式11.md,质心GChO,01,化学原理,初赛,4,入池,,
04-题库/2026机构初赛模拟题/质心GChO/题-GChO-03-02-天然气的主要成分为甲烷水合物.md,质心GChO,02,结构化学,初赛,4,入池,,
04-题库/2026机构初赛模拟题/质心GChO/题-GChO-03-03-元素X最初从金矿中分离在鼓风.md,质心GChO,03,化学原理,初赛,4,入池,,
04-题库/2026机构初赛模拟题/质心GChO/题-GChO-03-04-库伦分析法是建立在测量电解待.md,质心GChO,04,化学原理,初赛,4,弃卡,越界（含他题内容）,A
04-题库/2026机构初赛模拟题/质心GChO/题-GChO-03-05-某种碘化镉的晶体结构可描述为.md,质心GChO,05,结构化学,初赛,4,入池,,
04-题库/2026机构初赛模拟题/质心GChO/题-GChO-03-06-在某个恒压密闭容器中进行着如.md,质心GChO,06,化学原理,初赛,4,入池,,
04-题库/2026机构初赛模拟题/质心GChO/题-GChO-03-07-存在如下转化mathrmCH.md,质心GChO,07,有机化学,初赛,4,弃卡,非目标模块,B
04-题库/2026机构初赛模拟题/质心GChO/题-GChO-03-08-二甲基砜DMSO是一种兼具低.md,质心GChO,08,有机化学,初赛,4,弃卡,非目标模块,B
04-题库/2026机构初赛模拟题/质心GChO/题-GChO-03-09-2013年某课题组发展了一种.md,质心GChO,09,有机化学,初赛,4,弃卡,非目标模块,B
04-题库/2026机构初赛模拟题/质心GChO/题-GChO-04-01-11写出下列过程的反应方程式.md,质心GChO,01,有机化学,初赛,4,弃卡,非目标模块,B
04-题库/2026机构初赛模拟题/质心GChO/题-GChO-04-02-铂不溶于盐酸硫酸硝酸和碱溶液.md,质心GChO,02,有机化学,初赛,4,弃卡,非目标模块,B
04-题库/2026机构初赛模拟题/质心GChO/题-GChO-04-03-下文为某定量分析岩石组分的实.md,质心GChO,03,有机化学,初赛,4,弃卡,非目标模块,B
04-题库/2026机构初赛模拟题/质心GChO/题-GChO-04-04-41以下单体形成聚合物中哪些.md,质心GChO,04,有机化学,初赛,4,弃卡,非目标模块,B
04-题库/2026机构初赛模拟题/质心GChO/题-GChO-04-05-绿柱石是自然界中最常见的铍矿.md,质心GChO,05,结构化学,初赛,4,入池,,
04-题库/2026机构初赛模拟题/质心GChO/题-GChO-04-06-某元素的电势图如下所示根据元.md,质心GChO,06,化学原理,初赛,4,入池,,
04-题库/2026机构初赛模拟题/质心GChO/题-GChO-04-07-71判断下列化合物是否存在旋.md,质心GChO,07,有机化学,初赛,4,弃卡,非目标模块,B
04-题库/2026机构初赛模拟题/质心GChO/题-GChO-04-08-制备芳基锂试剂有如下三种ro.md,质心GChO,08,有机化学,初赛,4,弃卡,非目标模块,B
04-题库/2026机构初赛模拟题/质心GChO/题-GChO-04-09-以下合成过程为某天然产物合成.md,质心GChO,09,有机化学,初赛,4,弃卡,非目标模块,B
04-题库/2026机构初赛模拟题/质心GChO/题-GChO-06-01-写出下列过程的反应方程式11.md,质心GChO,01,化学原理,初赛,4,入池,,
04-题库/2026机构初赛模拟题/质心GChO/题-GChO-06-02-21某合金中主要由BiPbS.md,质心GChO,02,化学原理,初赛,4,入池,,
04-题库/2026机构初赛模拟题/质心GChO/题-GChO-06-03-无机酸A酸性和醋酸相当和醋酸.md,质心GChO,03,化学原理,初赛,4,入池,,
04-题库/2026机构初赛模拟题/质心GChO/题-GChO-06-04-第一个被证实的碳自由基是三苯.md,质心GChO,04,有机化学,初赛,4,弃卡,非目标模块,B
04-题库/2026机构初赛模拟题/质心GChO/题-GChO-06-05-燃料电池是一种主要透过氧或其.md,质心GChO,05,化学原理,初赛,4,入池,,
04-题库/2026机构初赛模拟题/质心GChO/题-GChO-06-06-6H钙钛矿型材料是一种新发展.md,质心GChO,06,结构化学,初赛,4,入池,,
04-题库/2026机构初赛模拟题/质心GChO/题-GChO-06-07-下列各组化合物均能发生酮式烯.md,质心GChO,07,有机化学,初赛,4,弃卡,非目标模块,B
04-题库/2026机构初赛模拟题/质心GChO/题-GChO-06-08-由环氧化的酮形成的腙进行的裂.md,质心GChO,08,有机化学,初赛,4,弃卡,非目标模块,B
04-题库/2026机构初赛模拟题/质心GChO/题-GChO-07-01-写出下列过程的反应方程式11.md,质心GChO,01,化学原理,初赛,4,入池,,
04-题库/2026机构初赛模拟题/质心GChO/题-GChO-07-02-水煤气法是工业上制备的常用方.md,质心GChO,02,化学原理,初赛,4,入池,,
04-题库/2026机构初赛模拟题/质心GChO/题-GChO-07-03-含X元素的某种矿石富集后在空.md,质心GChO,03,结构化学,初赛,4,入池,,
04-题库/2026机构初赛模拟题/质心GChO/题-GChO-07-04-已知Fe和Co元素在2981.md,质心GChO,04,化学原理,初赛,4,入池,,
04-题库/2026机构初赛模拟题/质心GChO/题-GChO-07-05-是一种氢的质量百分数较高的储.md,质心GChO,05,结构化学,初赛,4,入池,,
04-题库/2026机构初赛模拟题/质心GChO/题-GChO-07-06-水的化学需氧量chemica.md,质心GChO,06,化学原理,初赛,4,入池,,
04-题库/2026机构初赛模拟题/质心GChO/题-GChO-07-07-比较下列各组化合物的酸性由强.md,质心GChO,07,化学原理,初赛,4,入池,,
04-题库/2026机构初赛模拟题/质心GChO/题-GChO-07-08-81下面两个反应是都能发生亦.md,质心GChO,08,有机化学,初赛,4,弃卡,非目标模块,B
04-题库/2026机构初赛模拟题/质心GChO/题-GChO-07-09-Salinosporamid.md,质心GChO,09,有机化学,初赛,4,弃卡,非目标模块,B
04-题库/2026机构初赛模拟题/质心GChO/题-GChO-08-01-11和反应制备乙硼烷12和N.md,质心GChO,01,化学原理,初赛,4,入池,,
04-题库/2026机构初赛模拟题/质心GChO/题-GChO-08-02-21As能形成多种硫化物包括.md,质心GChO,02,结构化学,初赛,4,入池,,
04-题库/2026机构初赛模拟题/质心GChO/题-GChO-08-03-ABCD四种化合物都是强电解.md,质心GChO,03,化学原理,初赛,4,入池,,
04-题库/2026机构初赛模拟题/质心GChO/题-GChO-08-04-Mn是地壳含量第三高的过渡金.md,质心GChO,04,结构化学,初赛,4,入池,,
04-题库/2026机构初赛模拟题/质心GChO/题-GChO-08-05-BaMnO具有六方晶系结构为.md,质心GChO,05,结构化学,初赛,4,入池,,
04-题库/2026机构初赛模拟题/质心GChO/题-GChO-08-06-通过甲醇裂解制备是一种常用的.md,质心GChO,06,化学原理,初赛,4,入池,,
04-题库/2026机构初赛模拟题/质心GChO/题-GChO-08-07-用下列方法测定铜合金中Cu的.md,质心GChO,07,化学原理,初赛,4,入池,,
04-题库/2026机构初赛模拟题/质心GChO/题-GChO-08-08-81判断以下物质在室温下是否.md,质心GChO,08,化学原理,初赛,4,入池,,
04-题库/2026机构初赛模拟题/质心GChO/题-GChO-08-09-亚砜是有机化学中重要的官能团.md,质心GChO,09,有机化学,初赛,4,弃卡,非目标模块,B
04-题库/2026机构初赛模拟题/质心GChO/题-GChO-08-10-Rocaglates是一族很.md,质心GChO,10,化学原理,初赛,4,弃卡,有机章节,B
04-题库/2026机构初赛模拟题/质心GChO/题-GChO-09-01-11银器在空气中久置后会变黑.md,质心GChO,01,元素与分析,初赛,4,入池,,
04-题库/2026机构初赛模拟题/质心GChO/题-GChO-09-02-假设实验均在室温标准压力下进.md,质心GChO,02,化学原理,初赛,4,入池,,
04-题库/2026机构初赛模拟题/质心GChO/题-GChO-09-03-假设实验均在室温标准压力下进.md,质心GChO,03,化学原理,初赛,4,入池,,
04-题库/2026机构初赛模拟题/质心GChO/题-GChO-09-04-Takai反应是约30年前T.md,质心GChO,04,有机化学,初赛,4,弃卡,非目标模块,B
04-题库/2026机构初赛模拟题/质心GChO/题-GChO-09-05-某100g铯榴石矿中含有15.md,质心GChO,05,化学原理,初赛,4,入池,,
04-题库/2026机构初赛模拟题/质心GChO/题-GChO-09-06-以下是本题需要用到的热力学数.md,质心GChO,06,化学原理,初赛,4,入池,,
04-题库/2026机构初赛模拟题/质心GChO/题-GChO-09-07-71富勒烯是第三种单质碳被发.md,质心GChO,07,结构化学,初赛,4,入池,,
04-题库/2026机构初赛模拟题/质心GChO/题-GChO-09-08-81一些过渡金属催化的反应或.md,质心GChO,08,有机化学,初赛,4,弃卡,非目标模块,B
04-题库/2026机构初赛模拟题/质心GChO/题-GChO-09-09-瘦睿在研究成环反应时发现对于.md,质心GChO,09,化学原理,初赛,4,入池,,
04-题库/2026机构初赛模拟题/质心GChO/题-GChO-09-10-烯烃的双官能团化是指断开烯烃.md,质心GChO,10,有机化学,初赛,4,弃卡,非目标模块,B
04-题库/2026机构初赛模拟题/质心GChO/题-GChO-10-01-写出下列过程的反应方程式11.md,质心GChO,01,元素与分析,初赛,4,入池,,
04-题库/2026机构初赛模拟题/质心GChO/题-GChO-10-02-21指出在分子中的键型并计算.md,质心GChO,02,化学原理,初赛,4,入池,,
04-题库/2026机构初赛模拟题/质心GChO/题-GChO-10-03-氟化银吡啶五氟化锑与反应以乙.md,质心GChO,03,结构化学,初赛,4,入池,,
04-题库/2026机构初赛模拟题/质心GChO/题-GChO-10-04-化合物A是具有对称性的三元化.md,质心GChO,04,化学原理,初赛,4,入池,,
04-题库/2026机构初赛模拟题/质心GChO/题-GChO-10-05-石墨在一定条件下可以转化为金.md,质心GChO,05,化学原理,初赛,4,入池,,
04-题库/2026机构初赛模拟题/质心GChO/题-GChO-10-06-已知的硫酸的二级电离常数为6.md,质心GChO,06,化学原理,初赛,4,入池,,
04-题库/2026机构初赛模拟题/质心GChO/题-GChO-10-07-稀有气体元素因为几乎不与任何.md,质心GChO,07,结构化学,初赛,4,入池,,
04-题库/2026机构初赛模拟题/质心GChO/题-GChO-10-08-81以下化合物具有异常强的碱.md,质心GChO,08,化学原理,初赛,4,入池,,
04-题库/2026机构初赛模拟题/质心GChO/题-GChO-10-09-北京大学化学与分子工程学院罗.md,质心GChO,09,有机化学,初赛,4,弃卡,非目标模块,B
04-题库/2026机构初赛模拟题/质心GChO/题-GChO-10-10-重排反应是有机化学中很特殊的.md,质心GChO,10,有机化学,初赛,4,弃卡,非目标模块,B
04-题库/2026机构初赛模拟题/质心GChO/题-GChO-11-01-11单质Se在碱性溶液中有的.md,质心GChO,01,元素与分析,初赛,4,入池,,
04-题库/2026机构初赛模拟题/质心GChO/题-GChO-11-02-21根据路易斯酸碱电子论判断.md,质心GChO,02,化学原理,初赛,4,入池,,
04-题库/2026机构初赛模拟题/质心GChO/题-GChO-11-03-31化合物A为阴阳离子比例为.md,质心GChO,03,元素与分析,初赛,4,入池,,
04-题库/2026机构初赛模拟题/质心GChO/题-GChO-11-04-采用甲醛法测定某有机物中的N.md,质心GChO,04,化学原理,初赛,4,弃卡,有机章节,B
04-题库/2026机构初赛模拟题/质心GChO/题-GChO-11-05-已知某气相反应可以在某密闭容.md,质心GChO,05,化学原理,初赛,4,入池,,
04-题库/2026机构初赛模拟题/质心GChO/题-GChO-11-06-是一种具有高迁移率的半导体是.md,质心GChO,06,结构化学,初赛,4,入池,,
04-题库/2026机构初赛模拟题/质心GChO/题-GChO-11-07-71完成反应注意立体化学12.md,质心GChO,07,有机化学,初赛,4,弃卡,非目标模块,B
04-题库/2026机构初赛模拟题/质心GChO/题-GChO-11-08-在有机化学中CC键或者CC键.md,质心GChO,08,有机化学,初赛,4,弃卡,非目标模块,B
04-题库/2026机构初赛模拟题/质心GChO/题-GChO-11-09-环张力一方面降低了分子的稳定.md,质心GChO,09,有机化学,初赛,4,弃卡,非目标模块,B
04-题库/2026机构初赛模拟题/质心GChO/题-GChO-12-01-11将气体通入沸腾的金属钠中.md,质心GChO,01,元素与分析,初赛,4,入池,,
04-题库/2026机构初赛模拟题/质心GChO/题-GChO-12-02-氢气是一种新型能源具有高效绿.md,质心GChO,02,化学原理,初赛,4,弃卡,有机章节,B
04-题库/2026机构初赛模拟题/质心GChO/题-GChO-12-03-31已知的计算水溶液的pH3.md,质心GChO,03,化学原理,初赛,4,入池,,
04-题库/2026机构初赛模拟题/质心GChO/题-GChO-12-04-X元素的单质是人类很早就提炼.md,质心GChO,04,化学原理,初赛,4,入池,,
04-题库/2026机构初赛模拟题/质心GChO/题-GChO-12-05-高温超导是近年来十分热门的一.md,质心GChO,05,结构化学,初赛,4,入池,,
04-题库/2026机构初赛模拟题/质心GChO/题-GChO-12-06-与大家所熟知的环糊精杯芳烃等.md,质心GChO,06,有机化学,初赛,4,弃卡,非目标模块,B
04-题库/2026机构初赛模拟题/质心GChO/题-GChO-12-07-71请选出下列3个化合物中碱.md,质心GChO,07,化学原理,初赛,4,入池,,
04-题库/2026机构初赛模拟题/质心GChO/题-GChO-12-08-如下是天然化合物Mitrep.md,质心GChO,08,化学原理,初赛,4,弃卡,有机章节,B
04-题库/2026机构初赛模拟题/质心GChO/题-GChO-12-09-硫氧双键广泛存在于亚砜砜以及.md,质心GChO,09,化学原理,初赛,4,弃卡,有机章节,B
04-题库/2026机构初赛模拟题/质心GChO/题-GChO-13-01-11CuS隔绝空气下可溶于无.md,质心GChO,01,化学原理,初赛,4,入池,,
04-题库/2026机构初赛模拟题/质心GChO/题-GChO-13-02-21判断下列说法的正T误Fa.md,质心GChO,02,结构化学,初赛,4,入池,,
04-题库/2026机构初赛模拟题/质心GChO/题-GChO-13-03-已知的的的31向硝酸亚汞溶液.md,质心GChO,03,化学原理,初赛,4,入池,,
04-题库/2026机构初赛模拟题/质心GChO/题-GChO-13-04-化合物A为常见主族元素组成的.md,质心GChO,04,结构化学,初赛,4,入池,,
04-题库/2026机构初赛模拟题/质心GChO/题-GChO-13-05-现有某混合物固体里面可能含有.md,质心GChO,05,化学原理,初赛,4,入池,,
04-题库/2026机构初赛模拟题/质心GChO/题-GChO-13-06-x61多面体之间如何连接62.md,质心GChO,06,结构化学,初赛,4,入池,,
04-题库/2026机构初赛模拟题/质心GChO/题-GChO-13-07-71将下列化合物中酸性由强到.md,质心GChO,07,有机化学,初赛,4,弃卡,非目标模块,B
04-题库/2026机构初赛模拟题/质心GChO/题-GChO-13-08-白介素1受体相关激酶4IRA.md,质心GChO,08,有机化学,初赛,4,弃卡,非目标模块,B
04-题库/2026机构初赛模拟题/质心GChO/题-GChO-13-09-碳上很难发生取代反应但是在适.md,质心GChO,09,有机化学,初赛,4,弃卡,非目标模块,B
04-题库/2026机构初赛模拟题/质心GChO/题-GChO-14-01-11表面活性剂辅助法是溶剂热.md,质心GChO,01,有机化学,初赛,4,弃卡,非目标模块,B
04-题库/2026机构初赛模拟题/质心GChO/题-GChO-14-02-21元素X是自然界中含单电子.md,质心GChO,02,有机化学,初赛,4,弃卡,非目标模块,B
04-题库/2026机构初赛模拟题/质心GChO/题-GChO-14-03-31使用聚合物进行肿瘤的治疗.md,质心GChO,03,有机化学,初赛,4,弃卡,非目标模块,B
04-题库/2026机构初赛模拟题/质心GChO/题-GChO-14-04-从某矿石中提取金属M首先将用.md,质心GChO,04,化学原理,初赛,4,入池,,
04-题库/2026机构初赛模拟题/质心GChO/题-GChO-14-05-工业上合成氨通常使用和在催化.md,质心GChO,05,化学原理,初赛,4,入池,,
04-题库/2026机构初赛模拟题/质心GChO/题-GChO-14-06-常规的锂离子电池是电池正极是.md,质心GChO,06,结构化学,初赛,4,入池,,
04-题库/2026机构初赛模拟题/质心GChO/题-GChO-14-07-灰灰的小弟拟用高锰酸钾法测定.md,质心GChO,07,有机化学,初赛,4,弃卡,非目标模块,B
04-题库/2026机构初赛模拟题/质心GChO/题-GChO-14-08-81在有机合成中常常使用TM.md,质心GChO,08,化学原理,初赛,4,入池,,
04-题库/2026机构初赛模拟题/质心GChO/题-GChO-14-09-如下是一类潜在的治疗HIV1.md,质心GChO,09,化学原理,初赛,4,入池,,
04-题库/2026机构初赛模拟题/质心GChO/题-GChO-14-10-多糖的合成是生化研究中一个重.md,质心GChO,10,化学原理,初赛,4,弃卡,有机章节,B
04-题库/2026机构初赛模拟题/质心GChO/题-GChO-15-01-11利用的热分解制备一种无定.md,质心GChO,01,化学原理,初赛,4,入池,,
04-题库/2026机构初赛模拟题/质心GChO/题-GChO-15-02-21纯硫代硫酸长时间以来未曾.md,质心GChO,02,化学原理,初赛,4,入池,,
04-题库/2026机构初赛模拟题/质心GChO/题-GChO-15-03-氰法提金是现在最重要的化学提.md,质心GChO,03,化学原理,初赛,4,入池,,
04-题库/2026机构初赛模拟题/质心GChO/题-GChO-15-04-某小组希望测定混合溶液中与分.md,质心GChO,04,化学原理,初赛,4,入池,,
04-题库/2026机构初赛模拟题/质心GChO/题-GChO-15-05-化合物A在常温下稳定受热易分.md,质心GChO,05,结构化学,初赛,4,入池,,
04-题库/2026机构初赛模拟题/质心GChO/题-GChO-15-06-某二元化合物可以在相似的条件.md,质心GChO,06,结构化学,初赛,4,入池,,
04-题库/2026机构初赛模拟题/质心GChO/题-GChO-15-07-已知NO被氧气氧化的可能机理.md,质心GChO,07,化学原理,初赛,4,入池,,
04-题库/2026机构初赛模拟题/质心GChO/题-GChO-15-08-81将下列各组化合物按和HB.md,质心GChO,08,有机化学,初赛,4,弃卡,非目标模块,B
04-题库/2026机构初赛模拟题/质心GChO/题-GChO-15-09-如下是化合物Merochlo.md,质心GChO,09,有机化学,初赛,4,弃卡,非目标模块,B
04-题库/2026机构初赛模拟题/质心GChO/题-GChO-15-10-如下是一个用手性辅基实现的不.md,质心GChO,10,有机化学,初赛,4,弃卡,非目标模块,B
04-题库/2026机构初赛模拟题/质心GChO/题-GChO-16-01-11写出下列过程的反应方程式.md,质心GChO,01,元素与分析,初赛,4,入池,,
04-题库/2026机构初赛模拟题/质心GChO/题-GChO-16-02-21气体X是一种常见的强氧化.md,质心GChO,02,结构化学,初赛,4,入池,,
04-题库/2026机构初赛模拟题/质心GChO/题-GChO-16-03-元素X常见于半导体材料中其单.md,质心GChO,03,元素与分析,初赛,4,入池,,
04-题库/2026机构初赛模拟题/质心GChO/题-GChO-16-04-某二元弱酸的某一价金属M可与.md,质心GChO,04,结构化学,初赛,4,入池,,
04-题库/2026机构初赛模拟题/质心GChO/题-GChO-16-05-一种新型的钙钛矿型材料其结构.md,质心GChO,05,结构化学,初赛,4,入池,,
04-题库/2026机构初赛模拟题/质心GChO/题-GChO-16-06-已知如下两个转化一些可能会用.md,质心GChO,06,化学原理,初赛,4,入池,,
04-题库/2026机构初赛模拟题/质心GChO/题-GChO-16-07-71下列化合物不能发生取代反.md,质心GChO,07,化学原理,初赛,4,入池,,
04-题库/2026机构初赛模拟题/质心GChO/题-GChO-16-08-如下是化合物Merochlo.md,质心GChO,08,化学原理,初赛,4,弃卡,越界（含他题内容）,A
04-题库/2026机构初赛模拟题/质心GChO/题-GChO-16-09-由于氮气的稳定性含有氮氮双键.md,质心GChO,09,有机化学,初赛,4,弃卡,非目标模块,B
04-题库/2026机构初赛模拟题/质心GChO/题-GChO-17-01-11写出下列过程的反应方程式.md,质心GChO,01,有机化学,初赛,4,弃卡,非目标模块,B
04-题库/2026机构初赛模拟题/质心GChO/题-GChO-17-02-21化合物与HCl溶液反应得.md,质心GChO,02,化学原理,初赛,4,入池,,
04-题库/2026机构初赛模拟题/质心GChO/题-GChO-17-03-元素abc属于同一副族电负性.md,质心GChO,03,元素与分析,初赛,4,入池,,
04-题库/2026机构初赛模拟题/质心GChO/题-GChO-17-04-砷是一种常见的元素多数砷的化.md,质心GChO,04,元素与分析,初赛,4,入池,,
04-题库/2026机构初赛模拟题/质心GChO/题-GChO-17-05-当一个材料中同时存在铁磁性和.md,质心GChO,05,结构化学,初赛,4,入池,,
04-题库/2026机构初赛模拟题/质心GChO/题-GChO-17-06-水蒸气蒸馏是分离有机物的常用.md,质心GChO,06,化学原理,初赛,4,弃卡,有机章节,B
04-题库/2026机构初赛模拟题/质心GChO/题-GChO-17-07-在催化剂存在下将乙二酸与乙醇.md,质心GChO,07,化学原理,初赛,4,入池,,
04-题库/2026机构初赛模拟题/质心GChO/题-GChO-17-08-81选出下列各组化合物中酸性.md,质心GChO,08,化学原理,初赛,4,入池,,
04-题库/2026机构初赛模拟题/质心GChO/题-GChO-17-09-如下是化合物Waihoens.md,质心GChO,09,有机化学,初赛,4,弃卡,非目标模块,B
04-题库/2026机构初赛模拟题/质心GChO/题-GChO-17-10-重氮化合物是最重要的卡宾前体.md,质心GChO,10,化学原理,初赛,4,弃卡,有机章节,B
04-题库/2026机构初赛模拟题/质心GChO/题-GChO-18-01-11写出下列过程的反应方程式.md,质心GChO,01,元素与分析,初赛,4,入池,,
04-题库/2026机构初赛模拟题/质心GChO/题-GChO-18-02-同族金属XYZ均难溶于稀酸与.md,质心GChO,02,化学原理,初赛,4,入池,,
04-题库/2026机构初赛模拟题/质心GChO/题-GChO-18-03-蔗糖在酸催化的条件下可以水解.md,质心GChO,03,化学原理,初赛,4,入池,,
04-题库/2026机构初赛模拟题/质心GChO/题-GChO-18-04-簇合物A的骨架属于点群为四面.md,质心GChO,04,结构化学,初赛,4,入池,,
04-题库/2026机构初赛模拟题/质心GChO/题-GChO-18-05-某晶体A的化学式可以写作MX.md,质心GChO,05,结构化学,初赛,4,入池,,
04-题库/2026机构初赛模拟题/质心GChO/题-GChO-18-06-现拟采用定量分析方法欲测定H.md,质心GChO,06,化学原理,初赛,4,入池,,
04-题库/2026机构初赛模拟题/质心GChO/题-GChO-18-07-71判断下列化合物是否具有芳.md,质心GChO,07,化学原理,初赛,4,入池,,
04-题库/2026机构初赛模拟题/质心GChO/题-GChO-18-08-ent类胡萝卜素是一类结构丰.md,质心GChO,08,有机化学,初赛,4,弃卡,非目标模块,B
04-题库/2026机构初赛模拟题/质心GChO/题-GChO-18-09-由于芳香性的存在苯环的双键较.md,质心GChO,09,有机化学,初赛,4,弃卡,非目标模块,B
04-题库/2026机构初赛模拟题/质心GChO/题-GChO-19-01-11写出下列过程的反应方程式.md,质心GChO,01,化学原理,初赛,4,入池,,
04-题库/2026机构初赛模拟题/质心GChO/题-GChO-19-02-将一定比例的钒粉末和硼粉末用.md,质心GChO,02,结构化学,初赛,4,入池,,
04-题库/2026机构初赛模拟题/质心GChO/题-GChO-19-03-银单质如果处于的气体氛围中可.md,质心GChO,03,化学原理,初赛,4,入池,,
04-题库/2026机构初赛模拟题/质心GChO/题-GChO-19-04-元素X的单质是一种常见的轻金.md,质心GChO,04,元素与分析,初赛,4,入池,,
04-题库/2026机构初赛模拟题/质心GChO/题-GChO-19-05-某种晶体含有BaTiOSi四.md,质心GChO,05,结构化学,初赛,4,入池,,
04-题库/2026机构初赛模拟题/质心GChO/题-GChO-19-06-通过配位滴定测定某矿石中Ag.md,质心GChO,06,化学原理,初赛,4,入池,,
04-题库/2026机构初赛模拟题/质心GChO/题-GChO-19-07-硅是一种非常重要的元素在芯片.md,质心GChO,07,化学原理,初赛,4,弃卡,有机章节,B
04-题库/2026机构初赛模拟题/质心GChO/题-GChO-19-08-81选出下列各组化合物中在D.md,质心GChO,08,有机化学,初赛,4,弃卡,非目标模块,B
04-题库/2026机构初赛模拟题/质心GChO/题-GChO-19-09-如下是ScabrolideA.md,质心GChO,09,化学原理,初赛,4,入池,,
04-题库/2026机构初赛模拟题/质心GChO/题-GChO-19-10-联烯以其独特的反应性成为了近.md,质心GChO,10,有机化学,初赛,4,弃卡,非目标模块,B
04-题库/2026机构初赛模拟题/质心GChO/题-GChO-20-01-11写出下列过程的反应方程式.md,质心GChO,01,元素与分析,初赛,4,入池,,
04-题库/2026机构初赛模拟题/质心GChO/题-GChO-20-02-硫醇胺混合溶剂价格低廉对二元.md,质心GChO,02,化学原理,初赛,4,入池,,
04-题库/2026机构初赛模拟题/质心GChO/题-GChO-20-03-某元素M的某重要同位素可以通.md,质心GChO,03,结构化学,初赛,4,入池,,
04-题库/2026机构初赛模拟题/质心GChO/题-GChO-20-04-过渡金属有机配合物是一类重要.md,质心GChO,04,有机化学,初赛,4,弃卡,非目标模块,B
04-题库/2026机构初赛模拟题/质心GChO/题-GChO-20-05-与水溶液体系类似在无水中也存.md,质心GChO,05,化学原理,初赛,4,入池,,
04-题库/2026机构初赛模拟题/质心GChO/题-GChO-20-06-3914某种稳定化合物的晶体.md,质心GChO,06,结构化学,初赛,4,入池,,
04-题库/2026机构初赛模拟题/质心GChO/题-GChO-20-07-有机小分子催化是有机化学领域.md,质心GChO,07,化学原理,初赛,4,弃卡,有机章节,B
04-题库/2026机构初赛模拟题/质心GChO/题-GChO-20-08-Anatoxin是一种由蓝藻.md,质心GChO,08,化学原理,初赛,4,入池,,
04-题库/2026机构初赛模拟题/质心GChO/题-GChO-20-09-不饱和羰基化合物是有机化学中.md,质心GChO,09,有机化学,初赛,4,弃卡,非目标模块,B
04-题库/2026机构初赛模拟题/质心GChO/题-GChO-21-01-11写出下列过程的反应方程式.md,质心GChO,01,化学原理,初赛,4,入池,,
04-题库/2026机构初赛模拟题/质心GChO/题-GChO-21-02-21在10的中与会发生氧化还.md,质心GChO,02,有机化学,初赛,4,弃卡,非目标模块,B
04-题库/2026机构初赛模拟题/质心GChO/题-GChO-21-03-元素X是最后被发现的具有稳定.md,质心GChO,03,元素与分析,初赛,4,入池,,
04-题库/2026机构初赛模拟题/质心GChO/题-GChO-21-04-在某体积可变的恒压密闭容器中.md,质心GChO,04,化学原理,初赛,4,入池,,
04-题库/2026机构初赛模拟题/质心GChO/题-GChO-21-05-通常高周期的元素难与第二周期.md,质心GChO,05,有机化学,初赛,4,弃卡,非目标模块,B
04-题库/2026机构初赛模拟题/质心GChO/题-GChO-21-06-现有化学式形如的配合物A阴离.md,质心GChO,06,化学原理,初赛,4,入池,,
04-题库/2026机构初赛模拟题/质心GChO/题-GChO-21-07-氢气是一种绿色高效的新型燃料.md,质心GChO,07,结构化学,初赛,4,入池,,
04-题库/2026机构初赛模拟题/质心GChO/题-GChO-21-08-81请从下面四组位置中每组选.md,质心GChO,08,化学原理,初赛,4,入池,,
04-题库/2026机构初赛模拟题/质心GChO/题-GChO-21-09-如下是化合物Spiroche.md,质心GChO,09,有机化学,初赛,4,弃卡,非目标模块,B
04-题库/2026机构初赛模拟题/质心GChO/题-GChO-21-10-已知如下转化101RhTPA.md,质心GChO,10,化学原理,初赛,4,入池,,
04-题库/2026机构初赛模拟题/质心GChO/题-GChO-22-01-11在NaOH水溶液中水解1.md,质心GChO,01,元素与分析,初赛,4,入池,,
04-题库/2026机构初赛模拟题/质心GChO/题-GChO-22-02-电解的水溶液可以制备盐AA种.md,质心GChO,02,化学原理,初赛,4,入池,,
04-题库/2026机构初赛模拟题/质心GChO/题-GChO-22-03-将金属M的碳酸盐溶解在浓硝酸.md,质心GChO,03,元素与分析,初赛,4,入池,,
04-题库/2026机构初赛模拟题/质心GChO/题-GChO-22-04-利用氧化还原反应测定在不同温.md,质心GChO,04,化学原理,初赛,4,入池,,
04-题库/2026机构初赛模拟题/质心GChO/题-GChO-22-05-通过铝矾土矿可以提取某种第四.md,质心GChO,05,元素与分析,初赛,4,入池,,
04-题库/2026机构初赛模拟题/质心GChO/题-GChO-22-06-将氟化钾与氟化镁按照一定比例.md,质心GChO,06,结构化学,初赛,4,入池,,
04-题库/2026机构初赛模拟题/质心GChO/题-GChO-22-07-氯胺T的化学名称为三水合对甲.md,质心GChO,07,有机化学,初赛,4,弃卡,非目标模块,B
04-题库/2026机构初赛模拟题/质心GChO/题-GChO-22-08-81判断下列化合物是否具有光.md,质心GChO,08,化学原理,初赛,4,入池,,
04-题库/2026机构初赛模拟题/质心GChO/题-GChO-22-09-ent类胡萝卜素是一类结构丰.md,质心GChO,09,有机化学,初赛,4,弃卡,非目标模块,B
04-题库/2026机构初赛模拟题/质心GChO/题-GChO-22-10-小环化合物由于具有环张力因此.md,质心GChO,10,有机化学,初赛,4,弃卡,非目标模块,B
04-题库/2026机构初赛模拟题/质心GChO/题-GChO-23-01-11在下与HBr反应用于制备.md,质心GChO,01,元素与分析,初赛,4,入池,,
04-题库/2026机构初赛模拟题/质心GChO/题-GChO-23-02-液氨与水体系具有很多的相似性.md,质心GChO,02,化学原理,初赛,4,入池,,
04-题库/2026机构初赛模拟题/质心GChO/题-GChO-23-03-将方酸四乙基铵碱硫脲按照摩尔.md,质心GChO,03,结构化学,初赛,4,入池,,
04-题库/2026机构初赛模拟题/质心GChO/题-GChO-23-04-工业上常使用西门子法制备较纯.md,质心GChO,04,结构化学,初赛,4,入池,,
04-题库/2026机构初赛模拟题/质心GChO/题-GChO-23-05-萤石是一种十分常见的晶体结构.md,质心GChO,05,结构化学,初赛,4,入池,,
04-题库/2026机构初赛模拟题/质心GChO/题-GChO-23-06-苄醚氢醌是一种用于皮肤的药物.md,质心GChO,06,有机化学,初赛,4,弃卡,非目标模块,B
04-题库/2026机构初赛模拟题/质心GChO/题-GChO-23-07-71化合物A极不稳定目前没有.md,质心GChO,07,化学原理,初赛,4,入池,,
04-题库/2026机构初赛模拟题/质心GChO/题-GChO-23-08-81判读下列化合物是否具有旋.md,质心GChO,08,有机化学,初赛,4,弃卡,非目标模块,B
04-题库/2026机构初赛模拟题/质心GChO/题-GChO-23-09-如下是化合物Hypercal.md,质心GChO,09,有机化学,初赛,4,弃卡,非目标模块,B
04-题库/2026机构初赛模拟题/质心GChO/题-GChO-23-10-磷与氧的成键很强因此在有机化.md,质心GChO,10,有机化学,初赛,4,弃卡,非目标模块,B
04-题库/2026机构初赛模拟题/质心GChO/题-GChO-24-01-11在水溶液中歧化水解12在.md,质心GChO,01,元素与分析,初赛,4,入池,,
04-题库/2026机构初赛模拟题/质心GChO/题-GChO-24-02-理论上氯可以形成七氟化物但以.md,质心GChO,02,化学原理,初赛,4,入池,,
04-题库/2026机构初赛模拟题/质心GChO/题-GChO-24-03-31在pH450的条件下将通.md,质心GChO,03,化学原理,初赛,4,入池,,
04-题库/2026机构初赛模拟题/质心GChO/题-GChO-24-04-工业上采用与S的反应制备二硫.md,质心GChO,04,化学原理,初赛,4,入池,,
04-题库/2026机构初赛模拟题/质心GChO/题-GChO-24-05-通过n反应中子捕获反应是制备.md,质心GChO,05,化学原理,初赛,4,入池,,
04-题库/2026机构初赛模拟题/质心GChO/题-GChO-24-06-含金属M的二氯化物A与KCN.md,质心GChO,06,结构化学,初赛,4,入池,,
04-题库/2026机构初赛模拟题/质心GChO/题-GChO-24-07-汞可以以I与II的价态与多种.md,质心GChO,07,结构化学,初赛,4,入池,,
04-题库/2026机构初赛模拟题/质心GChO/题-GChO-24-08-请判断下列反应中涉及取代反应.md,质心GChO,08,元素与分析,初赛,4,入池,,
04-题库/2026机构初赛模拟题/质心GChO/题-GChO-24-09-如下是化合物Rubriflo.md,质心GChO,09,化学原理,初赛,4,入池,,
04-题库/2026机构初赛模拟题/质心GChO/题-GChO-24-10-亲电试剂和亲核试剂的交叉偶联.md,质心GChO,10,有机化学,初赛,4,弃卡,非目标模块,B
04-题库/2026机构初赛模拟题/质心GChO/题-GChO-25-01-11硒代硫酸钠在稀盐酸中分解.md,质心GChO,01,结构化学,初赛,4,入池,,
04-题库/2026机构初赛模拟题/质心GChO/题-GChO-25-02-氟元素的化学十分丰富将全氟乙.md,质心GChO,02,有机化学,初赛,4,弃卡,非目标模块,B
04-题库/2026机构初赛模拟题/质心GChO/题-GChO-25-03-通过甲醇的裂解制备是一种的大.md,质心GChO,03,化学原理,初赛,4,入池,,
04-题库/2026机构初赛模拟题/质心GChO/题-GChO-25-04-王粒老师希望采用同位素标记法.md,质心GChO,04,化学原理,初赛,4,入池,,
04-题库/2026机构初赛模拟题/质心GChO/题-GChO-25-05-磷可以形成多种不同的卤化物如.md,质心GChO,05,元素与分析,初赛,4,入池,,
04-题库/2026机构初赛模拟题/质心GChO/题-GChO-25-06-某种晶体正当晶胞的正视图和侧.md,质心GChO,06,结构化学,初赛,4,入池,,
04-题库/2026机构初赛模拟题/质心GChO/题-GChO-25-07-71写出下列过程所经历的基元.md,质心GChO,07,有机化学,初赛,4,弃卡,非目标模块,B
04-题库/2026机构初赛模拟题/质心GChO/题-GChO-25-08-蓖麻科植物中含有丰富的结构复.md,质心GChO,08,有机化学,初赛,4,弃卡,非目标模块,B
04-题库/2026机构初赛模拟题/质心GChO/题-GChO-25-09-可降解的高分子是高分子化学的.md,质心GChO,09,化学原理,初赛,4,入池,,
04-题库/2026机构初赛模拟题/质心GChO/题-GChO-26-01-11四氯化碳作为氯化试剂在C.md,质心GChO,01,化学原理,初赛,4,入池,,
04-题库/2026机构初赛模拟题/质心GChO/题-GChO-26-02-某金属M的氯化物可以在低温下.md,质心GChO,02,化学原理,初赛,4,入池,,
04-题库/2026机构初赛模拟题/质心GChO/题-GChO-26-03-工业合成氨反应的一大应用是制.md,质心GChO,03,化学原理,初赛,4,弃卡,题面泄露,A
04-题库/2026机构初赛模拟题/质心GChO/题-GChO-26-04-二元化合物A具有强烈的水解倾.md,质心GChO,04,元素与分析,初赛,4,入池,,
04-题库/2026机构初赛模拟题/质心GChO/题-GChO-26-05-现有一瓶粉末其中可能含有的一.md,质心GChO,05,化学原理,初赛,4,入池,,
04-题库/2026机构初赛模拟题/质心GChO/题-GChO-26-06-将有机物与过量的混合充分反应.md,质心GChO,06,有机化学,初赛,4,弃卡,非目标模块,B
04-题库/2026机构初赛模拟题/质心GChO/题-GChO-26-07-已知某过渡金属氧化物X具有较.md,质心GChO,07,结构化学,初赛,4,入池,,
04-题库/2026机构初赛模拟题/质心GChO/题-GChO-26-08-81判断下列化合物是否具有旋.md,质心GChO,08,有机化学,初赛,4,弃卡,非目标模块,B
04-题库/2026机构初赛模拟题/质心GChO/题-GChO-26-09-如下是化合物Rubriflo.md,质心GChO,09,化学原理,初赛,4,弃卡,无答案/占位,A
04-题库/2026机构初赛模拟题/质心GChO/题-GChO-26-10-同样作为高张力的小环四元环的.md,质心GChO,10,有机化学,初赛,4,弃卡,非目标模块,B
04-题库/2026机构初赛模拟题/质心GChO/题-GChO-27-01-11分子轨道理论中原子轨道要.md,质心GChO,01,有机化学,初赛,4,弃卡,非目标模块,B
04-题库/2026机构初赛模拟题/质心GChO/题-GChO-27-02-现代原子结构理论指出原子核外.md,质心GChO,02,元素与分析,初赛,4,入池,,
04-题库/2026机构初赛模拟题/质心GChO/题-GChO-27-03-众所周知蔡子星其实是一个化学.md,质心GChO,03,化学原理,初赛,4,入池,,
04-题库/2026机构初赛模拟题/质心GChO/题-GChO-27-04-除了Xe以外其他稀有气体都难.md,质心GChO,04,化学原理,初赛,4,入池,,
04-题库/2026机构初赛模拟题/质心GChO/题-GChO-27-05-元素X是生命必要的非金属元素.md,质心GChO,05,元素与分析,初赛,4,入池,,
04-题库/2026机构初赛模拟题/质心GChO/题-GChO-27-06-右图是明矾石的正当晶胞该晶体.md,质心GChO,06,结构化学,初赛,4,入池,,
04-题库/2026机构初赛模拟题/质心GChO/题-GChO-27-07-成环是每个化竞党学有机时都需.md,质心GChO,07,有机化学,初赛,4,弃卡,非目标模块,B
04-题库/2026机构初赛模拟题/质心GChO/题-GChO-27-08-内酰胺结构在药物分子中具有重.md,质心GChO,08,有机化学,初赛,4,弃卡,非目标模块,B
04-题库/2026机构初赛模拟题/质心GChO/题-GChO-27-09-已知硫亲电试剂可以和烯烃发生.md,质心GChO,09,有机化学,初赛,4,弃卡,非目标模块,B
04-题库/2026机构初赛模拟题/质心GChO/题-GChO-28-01-11将1465g氧化物晶体A.md,质心GChO,01,化学原理,初赛,4,入池,,
04-题库/2026机构初赛模拟题/质心GChO/题-GChO-28-02-试画出中性配合物的所有几何异.md,质心GChO,02,有机化学,初赛,4,弃卡,非目标模块,B
04-题库/2026机构初赛模拟题/质心GChO/题-GChO-28-03-碘单质是一种紫黑色具有金属光.md,质心GChO,03,结构化学,初赛,4,入池,,
04-题库/2026机构初赛模拟题/质心GChO/题-GChO-28-04-41初始浓度为的对羟基苯甲酸.md,质心GChO,04,化学原理,初赛,4,弃卡,有机章节,B
04-题库/2026机构初赛模拟题/质心GChO/题-GChO-28-05-51输铁蛋白是血液中的输送铁.md,质心GChO,05,化学原理,初赛,4,弃卡,有机章节,B
04-题库/2026机构初赛模拟题/质心GChO/题-GChO-28-06-61今年有科学家利用如下的转.md,质心GChO,06,有机化学,初赛,4,弃卡,非目标模块,B
04-题库/2026机构初赛模拟题/质心GChO/题-GChO-28-07-71将下列各组化合物中酸性由.md,质心GChO,07,化学原理,初赛,4,入池,,
04-题库/2026机构初赛模拟题/质心GChO/题-GChO-28-08-重排反应是有机化学中的一个重.md,质心GChO,08,有机化学,初赛,4,弃卡,非目标模块,B
04-题库/2026机构初赛模拟题/质心GChO/题-GChO-28-09-烯烃是双官能团化是烯烃重要的.md,质心GChO,09,元素与分析,初赛,4,弃卡,有机章节,B
04-题库/2026机构初赛模拟题/质心GChO/题-GChO-29-01-11向中依次加入KCN和肼的.md,质心GChO,01,化学原理,初赛,4,入池,,
04-题库/2026机构初赛模拟题/质心GChO/题-GChO-29-02-题.md,质心GChO,02,化学原理,初赛,4,入池,,
04-题库/2026机构初赛模拟题/质心GChO/题-GChO-29-03-氮杂环卡宾NHC作为一种能够.md,质心GChO,03,有机化学,初赛,4,弃卡,非目标模块,B
04-题库/2026机构初赛模拟题/质心GChO/题-GChO-29-04-已知298K下的数据本题相关.md,质心GChO,04,化学原理,初赛,4,入池,,
04-题库/2026机构初赛模拟题/质心GChO/题-GChO-29-05-X是一种贵金属元素其单质A与.md,质心GChO,05,元素与分析,初赛,4,入池,,
04-题库/2026机构初赛模拟题/质心GChO/题-GChO-29-06-通过溶胶凝胶法能够制备出正交.md,质心GChO,06,结构化学,初赛,4,入池,,
04-题库/2026机构初赛模拟题/质心GChO/题-GChO-29-07-71下列化合物按酸性由强到弱.md,质心GChO,07,有机化学,初赛,4,弃卡,非目标模块,B
04-题库/2026机构初赛模拟题/质心GChO/题-GChO-29-08-2020年初赛考了如下反应在.md,质心GChO,08,有机化学,初赛,4,弃卡,非目标模块,B
04-题库/2026机构初赛模拟题/质心GChO/题-GChO-29-09-91画出AC的结构92画出C.md,质心GChO,09,化学原理,初赛,4,入池,,
04-题库/2026机构初赛模拟题/质心GChO/题-GChO-30-01-11写方程式111醋酸锰II.md,质心GChO,01,化学原理,初赛,4,入池,,
04-题库/2026机构初赛模拟题/质心GChO/题-GChO-30-02-主族金属自由基因其迷人的理化.md,质心GChO,02,有机化学,初赛,4,弃卡,非目标模块,B
04-题库/2026机构初赛模拟题/质心GChO/题-GChO-30-03-灰灰老师某天在实验室制得了一.md,质心GChO,03,元素与分析,初赛,4,入池,,
04-题库/2026机构初赛模拟题/质心GChO/题-GChO-30-04-键能是一个正值其数值等于断开.md,质心GChO,04,化学原理,初赛,4,入池,,
04-题库/2026机构初赛模拟题/质心GChO/题-GChO-30-05-活性聚合是理想的高分子聚合反.md,质心GChO,05,化学原理,初赛,4,入池,,
04-题库/2026机构初赛模拟题/质心GChO/题-GChO-30-06-61将酸性由强到弱排序1AB.md,质心GChO,06,有机化学,初赛,4,弃卡,非目标模块,B
04-题库/2026机构初赛模拟题/质心GChO/题-GChO-30-07-文艺复兴写出AF的结构简式不.md,质心GChO,07,化学原理,初赛,4,入池,,
04-题库/2026机构初赛模拟题/质心GChO/题-GChO-30-08-在有机化学中化合物的反应性主.md,质心GChO,08,有机化学,初赛,4,弃卡,非目标模块,B
04-题库/2026机构初赛模拟题/质心GChO/题-GChO-31-01-11在无氧条件下向和的混合溶.md,质心GChO,01,元素与分析,初赛,4,入池,,
04-题库/2026机构初赛模拟题/质心GChO/题-GChO-31-02-一种未知的一元酸只含有CHO.md,质心GChO,02,化学原理,初赛,4,入池,,
04-题库/2026机构初赛模拟题/质心GChO/题-GChO-31-03-金属X可溶于王水得到AA在的.md,质心GChO,03,结构化学,初赛,4,入池,,
04-题库/2026机构初赛模拟题/质心GChO/题-GChO-31-04-已知无水硫酸铜在高温下按以下.md,质心GChO,04,化学原理,初赛,4,入池,,
04-题库/2026机构初赛模拟题/质心GChO/题-GChO-31-05-如下是一个Fe配合物的合成路.md,质心GChO,05,有机化学,初赛,4,弃卡,非目标模块,B
04-题库/2026机构初赛模拟题/质心GChO/题-GChO-31-06-叠氮化合物1在催化剂的作用下.md,质心GChO,06,化学原理,初赛,4,弃卡,有机章节,B
04-题库/2026机构初赛模拟题/质心GChO/题-GChO-31-07-71把下列各组化合物按酸性由.md,质心GChO,07,化学原理,初赛,4,弃卡,有机章节,B
04-题库/2026机构初赛模拟题/质心GChO/题-GChO-31-08-由多个吡咯组成的共轭大环化合.md,质心GChO,08,化学原理,初赛,4,弃卡,题面含竞赛真题特征,B
04-题库/2026机构初赛模拟题/质心GChO/题-GChO-31-09-某简单有机化合物X的点群为含.md,质心GChO,09,结构化学,初赛,4,弃卡,有机章节,B
04-题库/2026机构初赛模拟题/质心GChO/题-GChO-32-01-11写方程式111在CoII.md,质心GChO,01,化学原理,初赛,4,入池,,
04-题库/2026机构初赛模拟题/质心GChO/题-GChO-32-02-某无色晶体A的水溶液呈酸性将.md,质心GChO,02,化学原理,初赛,4,入池,,
04-题库/2026机构初赛模拟题/质心GChO/题-GChO-32-03-烯烃是重要的聚合单体许多重要.md,质心GChO,03,有机化学,初赛,4,弃卡,非目标模块,B
04-题库/2026机构初赛模拟题/质心GChO/题-GChO-32-04-某种由CoZrF组成的晶体正.md,质心GChO,04,结构化学,初赛,4,入池,,
04-题库/2026机构初赛模拟题/质心GChO/题-GChO-32-05-将过量的氯气通入热浓碘化钾溶.md,质心GChO,05,化学原理,初赛,4,弃卡,越界（含他题内容）,A
04-题库/2026机构初赛模拟题/质心GChO/题-GChO-32-06-61现在高温下研究过量的熔融.md,质心GChO,06,化学原理,初赛,4,入池,,
04-题库/2026机构初赛模拟题/质心GChO/题-GChO-32-07-CONOCN都配位能力很强的.md,质心GChO,07,化学原理,初赛,4,入池,,
04-题库/2026机构初赛模拟题/质心GChO/题-GChO-32-08-自由基碳正离子碳负离子都是有.md,质心GChO,08,化学原理,初赛,4,入池,,
04-题库/2026机构初赛模拟题/质心GChO/题-GChO-32-09-如下是一个利用Nazarov.md,质心GChO,09,有机化学,初赛,4,弃卡,非目标模块,B
04-题库/2026机构初赛模拟题/质心GChO/题-GChO-32-10-米氏酸以其超乎预料的酸性而为.md,质心GChO,10,化学原理,初赛,4,入池,,
04-题库/2026机构初赛模拟题/质心GChO/题-GChO-33-01-11将打磨的铝片插入碳酸氢钠.md,质心GChO,01,元素与分析,初赛,4,入池,,
04-题库/2026机构初赛模拟题/质心GChO/题-GChO-33-02-天然气为四种低级烷烃的混合物.md,质心GChO,02,化学原理,初赛,4,入池,,
04-题库/2026机构初赛模拟题/质心GChO/题-GChO-33-03-2012年有科学家合成了一种.md,质心GChO,03,结构化学,初赛,4,入池,,
04-题库/2026机构初赛模拟题/质心GChO/题-GChO-33-04-环状烯烃单体的开环聚合是高分.md,质心GChO,04,有机化学,初赛,4,弃卡,非目标模块,B
04-题库/2026机构初赛模拟题/质心GChO/题-GChO-33-05-将12二氯乙烷迅速地加热至C.md,质心GChO,05,化学原理,初赛,4,入池,,
04-题库/2026机构初赛模拟题/质心GChO/题-GChO-33-06-氟硼烯BF为CO的等电子体在.md,质心GChO,06,有机化学,初赛,4,弃卡,非目标模块,B
04-题库/2026机构初赛模拟题/质心GChO/题-GChO-33-07-71将下列化合物按发生反应的.md,质心GChO,07,有机化学,初赛,4,弃卡,非目标模块,B
04-题库/2026机构初赛模拟题/质心GChO/题-GChO-33-08-已知一价金催化剂具有如下两个.md,质心GChO,08,有机化学,初赛,4,弃卡,非目标模块,B
04-题库/2026机构初赛模拟题/质心GChO/题-GChO-33-09-金属卡宾是重要的有机反应中间.md,质心GChO,09,有机化学,初赛,4,弃卡,非目标模块,B
04-题库/2026机构初赛模拟题/质心GChO/题-GChO-34-01-11近中性溶液中与按31反应.md,质心GChO,01,结构化学,初赛,4,入池,,
04-题库/2026机构初赛模拟题/质心GChO/题-GChO-34-02-在密封的安瓿瓶中加热挥发性物.md,质心GChO,02,化学原理,初赛,4,入池,,
04-题库/2026机构初赛模拟题/质心GChO/题-GChO-34-03-20世纪60年代一位科学家研.md,质心GChO,03,化学原理,初赛,4,入池,,
04-题库/2026机构初赛模拟题/质心GChO/题-GChO-34-04-下图为某含铜25左右的蓝色结.md,质心GChO,04,化学原理,初赛,4,入池,,
04-题库/2026机构初赛模拟题/质心GChO/题-GChO-34-05-气体分子可以依靠范德华力包藏.md,质心GChO,05,结构化学,初赛,4,入池,,
04-题库/2026机构初赛模拟题/质心GChO/题-GChO-34-06-盐A和盐B含有氧化态相同的元.md,质心GChO,06,化学原理,初赛,4,入池,,
04-题库/2026机构初赛模拟题/质心GChO/题-GChO-34-07-71下列化合物中哪些具有芳香.md,质心GChO,07,化学原理,初赛,4,弃卡,有机章节,B
04-题库/2026机构初赛模拟题/质心GChO/题-GChO-34-08-81画出下面反应的关键反应中.md,质心GChO,08,有机化学,初赛,4,弃卡,非目标模块,B
04-题库/2026机构初赛模拟题/质心GChO/题-GChO-34-09-有机化学反应一般都是在溶剂中.md,质心GChO,09,化学原理,初赛,4,弃卡,有机章节,B
04-题库/2026机构初赛模拟题/质心GChO/题-GChO-35-01-11和在KOH中共熔得到绿色.md,质心GChO,01,化学原理,初赛,4,入池,,
04-题库/2026机构初赛模拟题/质心GChO/题-GChO-35-02-21将48394g常温下为固.md,质心GChO,02,化学原理,初赛,4,入池,,
04-题库/2026机构初赛模拟题/质心GChO/题-GChO-35-03-现拟利用某种含碳839的烃类.md,质心GChO,03,化学原理,初赛,4,弃卡,有机章节,B
04-题库/2026机构初赛模拟题/质心GChO/题-GChO-35-04-合成可使用的橡胶主要分为两步.md,质心GChO,04,有机化学,初赛,4,弃卡,非目标模块,B
04-题库/2026机构初赛模拟题/质心GChO/题-GChO-35-05-如下是配合物B和D的合成路线.md,质心GChO,05,有机化学,初赛,4,弃卡,非目标模块,B
04-题库/2026机构初赛模拟题/质心GChO/题-GChO-35-06-下面是一种新型层状氧化铋铋材.md,质心GChO,06,结构化学,初赛,4,入池,,
04-题库/2026机构初赛模拟题/质心GChO/题-GChO-35-07-71将下列化合物按酸性由强到.md,质心GChO,07,有机化学,初赛,4,弃卡,非目标模块,B
04-题库/2026机构初赛模拟题/质心GChO/题-GChO-35-08-81标出产物内所有手性中心的.md,质心GChO,08,有机化学,初赛,4,弃卡,非目标模块,B
04-题库/2026机构初赛模拟题/质心GChO/题-GChO-35-09-对于键的双官能团化是有机合成.md,质心GChO,09,化学原理,初赛,4,弃卡,有机章节,B
04-题库/2026机构初赛模拟题/质心GChO/题-GChO-36-01-11与或作用均可得到同一种三.md,质心GChO,01,化学原理,初赛,4,入池,,
04-题库/2026机构初赛模拟题/质心GChO/题-GChO-36-02-将某白色易溶于水的粉末X43.md,质心GChO,02,化学原理,初赛,4,入池,,
04-题库/2026机构初赛模拟题/质心GChO/题-GChO-36-03-31烯烃复分解经常用于聚合物.md,质心GChO,03,化学原理,初赛,4,弃卡,有机章节,B
04-题库/2026机构初赛模拟题/质心GChO/题-GChO-36-04-元素X于18世纪末被首次发现.md,质心GChO,04,元素与分析,初赛,4,入池,,
04-题库/2026机构初赛模拟题/质心GChO/题-GChO-36-05-金属有机骨架材料MetalO.md,质心GChO,05,结构化学,初赛,4,弃卡,有机章节,B
04-题库/2026机构初赛模拟题/质心GChO/题-GChO-36-06-有人研究了苯甲醛B与巯基SM.md,质心GChO,06,化学原理,初赛,4,入池,,
04-题库/2026机构初赛模拟题/质心GChO/题-GChO-36-07-71下列中间体稳定性由高到低.md,质心GChO,07,有机化学,初赛,4,弃卡,非目标模块,B
04-题库/2026机构初赛模拟题/质心GChO/题-GChO-36-08-过渡金属催化下氮氧化物和炔烃.md,质心GChO,08,元素与分析,初赛,4,弃卡,有机章节,B
04-题库/2026机构初赛模拟题/质心GChO/题-GChO-36-09-在有机化学中自由基是非常高活.md,质心GChO,09,结构化学,初赛,4,弃卡,有机章节,B
04-题库/2026机构初赛模拟题/质心GChO/题-GChO-37-01-11向二氯化铅的盐酸溶液中通.md,质心GChO,01,元素与分析,初赛,4,入池,,
04-题库/2026机构初赛模拟题/质心GChO/题-GChO-37-02-元素X和Y可以以四面体或者八.md,质心GChO,02,化学原理,初赛,4,入池,,
04-题库/2026机构初赛模拟题/质心GChO/题-GChO-37-03-一个最简单的理想自由基聚合反.md,质心GChO,03,化学原理,初赛,4,入池,,
04-题库/2026机构初赛模拟题/质心GChO/题-GChO-37-04-配合物D是一个双核CuO配合.md,质心GChO,04,化学原理,初赛,4,弃卡,有机章节,B
04-题库/2026机构初赛模拟题/质心GChO/题-GChO-37-05-量子点是一种具有半导体性质的.md,质心GChO,05,元素与分析,初赛,4,入池,,
04-题库/2026机构初赛模拟题/质心GChO/题-GChO-37-06-粒粒老师将部分碘单质置于真空.md,质心GChO,06,化学原理,初赛,4,入池,,
04-题库/2026机构初赛模拟题/质心GChO/题-GChO-37-07-71下列化合物在乙醇中发生溶.md,质心GChO,07,有机化学,初赛,4,弃卡,非目标模块,B
04-题库/2026机构初赛模拟题/质心GChO/题-GChO-37-08-芳环的官能团化最常用的反应是.md,质心GChO,08,有机化学,初赛,4,弃卡,非目标模块,B
04-题库/2026机构初赛模拟题/质心GChO/题-GChO-37-09-烯烃的双官能团化是指断开烯烃.md,质心GChO,09,有机化学,初赛,4,弃卡,非目标模块,B
04-题库/2026机构初赛模拟题/质心GChO/题-GChO-38-01-11将浓的KCl溶液加入Ge.md,质心GChO,01,元素与分析,初赛,4,入池,,
04-题库/2026机构初赛模拟题/质心GChO/题-GChO-38-02-21在臭氧处理烯烃时除了产生.md,质心GChO,02,元素与分析,初赛,4,入池,,
04-题库/2026机构初赛模拟题/质心GChO/题-GChO-38-03-粒粒老师有一天突然穿越到了一.md,质心GChO,03,元素与分析,初赛,4,入池,,
04-题库/2026机构初赛模拟题/质心GChO/题-GChO-38-04-一般配位键都是含有孤对电子的.md,质心GChO,04,有机化学,初赛,4,弃卡,非目标模块,B
04-题库/2026机构初赛模拟题/质心GChO/题-GChO-38-05-A是一种溶解度较大的盐由前三.md,质心GChO,05,化学原理,初赛,4,入池,,
04-题库/2026机构初赛模拟题/质心GChO/题-GChO-38-06-硼元素是一种非常有趣的元素其.md,质心GChO,06,元素与分析,初赛,4,入池,,
04-题库/2026机构初赛模拟题/质心GChO/题-GChO-38-07-71下列中间体稳定性由高到低.md,质心GChO,07,化学原理,初赛,4,弃卡,题面泄露,A
04-题库/2026机构初赛模拟题/质心GChO/题-GChO-38-08-81画出下面反应的3个关键反.md,质心GChO,08,化学原理,初赛,4,入池,,
04-题库/2026机构初赛模拟题/质心GChO/题-GChO-38-09-在有机合成方法学研究中设计的.md,质心GChO,09,化学原理,初赛,4,弃卡,有机章节,B
04-题库/2026机构初赛模拟题/质心GChO/题-GChO-39-01-111241g无色液体A含有.md,质心GChO,01,化学原理,初赛,4,入池,,
04-题库/2026机构初赛模拟题/质心GChO/题-GChO-39-02-某金属M的盐A在氮气保护下进.md,质心GChO,02,化学原理,初赛,4,入池,,
04-题库/2026机构初赛模拟题/质心GChO/题-GChO-39-03-31画出A和B的结构注意端基.md,质心GChO,03,化学原理,初赛,4,入池,,
04-题库/2026机构初赛模拟题/质心GChO/题-GChO-39-04-将固体物质A和某固体单质B于.md,质心GChO,04,元素与分析,初赛,4,入池,,
04-题库/2026机构初赛模拟题/质心GChO/题-GChO-39-05-糖分子通常有若干个手性中心且.md,质心GChO,05,化学原理,初赛,4,入池,,
04-题库/2026机构初赛模拟题/质心GChO/题-GChO-39-06-61作为反应物的金属盐影响配.md,质心GChO,06,结构化学,初赛,4,入池,,
04-题库/2026机构初赛模拟题/质心GChO/题-GChO-39-07-71将下列化合物酸性由强到弱.md,质心GChO,07,化学原理,初赛,4,入池,,
04-题库/2026机构初赛模拟题/质心GChO/题-GChO-39-08-81画出下面反应的重要反应中.md,质心GChO,08,化学原理,初赛,4,入池,,
04-题库/2026机构初赛模拟题/质心GChO/题-GChO-39-09-累了不想编题干了就一句话传统.md,质心GChO,09,化学原理,初赛,4,入池,,
04-题库/2026机构初赛模拟题/质心GChO/题-GChO-40-01-紫外线照射可得其二聚体绿色液.md,质心GChO,01,化学原理,初赛,4,入池,,
04-题库/2026机构初赛模拟题/质心GChO/题-GChO-40-02-将0613g某金属单质溶于发.md,质心GChO,02,元素与分析,初赛,4,入池,,
04-题库/2026机构初赛模拟题/质心GChO/题-GChO-40-03-如下是可降解高分子C的合成路.md,质心GChO,03,化学原理,初赛,4,弃卡,有机章节,B
04-题库/2026机构初赛模拟题/质心GChO/题-GChO-40-04-单核配合物A可以以如下的方法.md,质心GChO,04,元素与分析,初赛,4,入池,,
04-题库/2026机构初赛模拟题/质心GChO/题-GChO-40-05-如图此为某CsO化合物沿着c.md,质心GChO,05,结构化学,初赛,4,入池,,
04-题库/2026机构初赛模拟题/质心GChO/题-GChO-40-06-61下列化合物在NaOH水溶.md,质心GChO,06,化学原理,初赛,4,入池,,
04-题库/2026机构初赛模拟题/质心GChO/题-GChO-40-07-如下反应是GCHO29考试的.md,质心GChO,07,化学原理,初赛,4,入池,,
04-题库/2026机构初赛模拟题/质心GChO/题-GChO-40-08-磷是有机化学的重要组成元素尤.md,质心GChO,08,有机化学,初赛,4,弃卡,非目标模块,B
04-题库/2026机构初赛模拟题/质心GChO/题-GChO-41-01-11氯仿保存不当会生成有毒气.md,质心GChO,01,结构化学,初赛,4,入池,,
04-题库/2026机构初赛模拟题/质心GChO/题-GChO-41-02-计算纯水中MnS的溶解度以及.md,质心GChO,02,化学原理,初赛,4,弃卡,手写稿口语/涂鸦,A
04-题库/2026机构初赛模拟题/质心GChO/题-GChO-41-03-如下是聚合反应转化率和聚合度.md,质心GChO,03,有机化学,初赛,4,弃卡,非目标模块,B
04-题库/2026机构初赛模拟题/质心GChO/题-GChO-41-04-提示解答本题不要耍什么花招老.md,质心GChO,04,化学原理,初赛,4,入池,,
04-题库/2026机构初赛模拟题/质心GChO/题-GChO-41-05-51REBH3THFRE表示.md,质心GChO,05,元素与分析,初赛,4,入池,,
04-题库/2026机构初赛模拟题/质心GChO/题-GChO-41-06-LaCoSrO具有钙钛矿型结.md,质心GChO,06,结构化学,初赛,4,入池,,
04-题库/2026机构初赛模拟题/质心GChO/题-GChO-41-07-71下列化合物在叔丁醇叔丁醇.md,质心GChO,07,有机化学,初赛,4,弃卡,非目标模块,B
04-题库/2026机构初赛模拟题/质心GChO/题-GChO-41-08-含硅基团是有机化学中重要的官.md,质心GChO,08,有机化学,初赛,4,弃卡,非目标模块,B
04-题库/2026机构初赛模拟题/质心GChO/题-GChO-41-09-不饱和羰基化合物是有机化学中.md,质心GChO,09,化学原理,初赛,4,弃卡,有机章节,B
04-题库/2026机构初赛模拟题/质心GChO/题-GChO-42-01-11将连四硫酸钠加入偏亚砷酸.md,质心GChO,01,化学原理,初赛,4,入池,,
04-题库/2026机构初赛模拟题/质心GChO/题-GChO-42-02-孙琦老师终于博士毕业啦在收拾.md,质心GChO,02,有机化学,初赛,4,弃卡,非目标模块,B
04-题库/2026机构初赛模拟题/质心GChO/题-GChO-42-03-某个在C时进行的催化反应过程.md,质心GChO,03,化学原理,初赛,4,入池,,
04-题库/2026机构初赛模拟题/质心GChO/题-GChO-42-04-下图展示了某过渡元素X相关的.md,质心GChO,04,化学原理,初赛,4,入池,,
04-题库/2026机构初赛模拟题/质心GChO/题-GChO-42-05-所有的计算和实验都在298K.md,质心GChO,05,化学原理,初赛,4,入池,,
04-题库/2026机构初赛模拟题/质心GChO/题-GChO-42-06-有着独特的螺旋结构是平面单元.md,质心GChO,06,结构化学,初赛,4,入池,,
04-题库/2026机构初赛模拟题/质心GChO/题-GChO-42-07-71将下列化合物按发生E2反.md,质心GChO,07,有机化学,初赛,4,弃卡,非目标模块,B
04-题库/2026机构初赛模拟题/质心GChO/题-GChO-42-08-电有机化学和光有机化学是有机.md,质心GChO,08,化学原理,初赛,4,弃卡,有机章节,B
04-题库/2026机构初赛模拟题/质心GChO/题-GChO-42-09-环加成反应在有机合成中的应用.md,质心GChO,09,有机化学,初赛,4,弃卡,非目标模块,B
04-题库/2026机构初赛模拟题/质心GChO/题-GChO-43-01-将291g二水醋酸钙溶解在水.md,质心GChO,01,化学原理,初赛,4,入池,,
04-题库/2026机构初赛模拟题/质心GChO/题-GChO-43-02-臭氧是一种有毒的气体其在空气.md,质心GChO,02,元素与分析,初赛,4,入池,,
04-题库/2026机构初赛模拟题/质心GChO/题-GChO-43-03-31一般常见的聚合反应例如苯.md,质心GChO,03,有机化学,初赛,4,弃卡,非目标模块,B
04-题库/2026机构初赛模拟题/质心GChO/题-GChO-43-04-下在一个充满气体的绝热密闭容.md,质心GChO,04,化学原理,初赛,4,入池,,
04-题库/2026机构初赛模拟题/质心GChO/题-GChO-43-05-某种无机化合物A具有有趣的光.md,质心GChO,05,有机化学,初赛,4,弃卡,非目标模块,B
04-题库/2026机构初赛模拟题/质心GChO/题-GChO-43-06-室温下一种无色的固态二元化合.md,质心GChO,06,化学原理,初赛,4,入池,,
04-题库/2026机构初赛模拟题/质心GChO/题-GChO-43-07-71将如下位置按芳香亲电反应.md,质心GChO,07,有机化学,初赛,4,弃卡,非目标模块,B
04-题库/2026机构初赛模拟题/质心GChO/题-GChO-43-08-醛在氮杂环卡宾NHC催化下的.md,质心GChO,08,有机化学,初赛,4,弃卡,非目标模块,B
04-题库/2026机构初赛模拟题/质心GChO/题-GChO-43-09-在解答本题时建议在动笔以前先.md,质心GChO,09,有机化学,初赛,4,弃卡,非目标模块,B
04-题库/2026机构初赛模拟题/质心GChO/题-GChO-44-01-11氰酸HOCN具有两种常见.md,质心GChO,01,结构化学,初赛,4,入池,,
04-题库/2026机构初赛模拟题/质心GChO/题-GChO-44-02-把干冰碎成粉末后将其不断加入.md,质心GChO,02,化学原理,初赛,4,入池,,
04-题库/2026机构初赛模拟题/质心GChO/题-GChO-44-03-碱金属可以以负氧化态的形式存.md,质心GChO,03,结构化学,初赛,4,入池,,
04-题库/2026机构初赛模拟题/质心GChO/题-GChO-44-04-现有A1A5五种离子化合物它.md,质心GChO,04,元素与分析,初赛,4,弃卡,有机章节,B
04-题库/2026机构初赛模拟题/质心GChO/题-GChO-44-05-如图给出了某种晶体的晶胞示意.md,质心GChO,05,结构化学,初赛,4,入池,,
04-题库/2026机构初赛模拟题/质心GChO/题-GChO-44-06-现有钡的硫酸盐碳酸盐亚硫酸盐.md,质心GChO,06,化学原理,初赛,4,入池,,
04-题库/2026机构初赛模拟题/质心GChO/题-GChO-44-07-现分析某种氯化物的组成将01.md,质心GChO,07,化学原理,初赛,4,入池,,
04-题库/2026机构初赛模拟题/质心GChO/题-GChO-44-08-81将如下位置按芳香亲电反应.md,质心GChO,08,化学原理,初赛,4,弃卡,有机章节,B
04-题库/2026机构初赛模拟题/质心GChO/题-GChO-44-09-已知一价金催化剂具有如下两个.md,质心GChO,09,有机化学,初赛,4,弃卡,非目标模块,B
04-题库/2026机构初赛模拟题/质心GChO/题-GChO-44-10-碳碳键的形成是有机合成的两大.md,质心GChO,10,有机化学,初赛,4,弃卡,非目标模块,B
04-题库/2026机构初赛模拟题/质心GChO/题-GChO-45-01-古代人们这样制备绿铜用浓氨水.md,质心GChO,01,元素与分析,初赛,4,入池,,
04-题库/2026机构初赛模拟题/质心GChO/题-GChO-45-02-现有某由C和H组成的未知有机.md,质心GChO,02,有机化学,初赛,4,弃卡,非目标模块,B
04-题库/2026机构初赛模拟题/质心GChO/题-GChO-45-03-物质AE受热分解均形成两种气.md,质心GChO,03,化学原理,初赛,4,入池,,
04-题库/2026机构初赛模拟题/质心GChO/题-GChO-45-04-高分子材料在医学中应用广泛常.md,质心GChO,04,有机化学,初赛,4,弃卡,非目标模块,B
04-题库/2026机构初赛模拟题/质心GChO/题-GChO-45-05-过渡金属钨的化学性质与主族元.md,质心GChO,05,结构化学,初赛,4,入池,,
04-题库/2026机构初赛模拟题/质心GChO/题-GChO-45-06-近二十年来人们制备了许多含二.md,质心GChO,06,化学原理,初赛,4,入池,,
04-题库/2026机构初赛模拟题/质心GChO/题-GChO-45-07-71请从下面四组位置中每组选.md,质心GChO,07,化学原理,初赛,4,入池,,
04-题库/2026机构初赛模拟题/质心GChO/题-GChO-45-08-化合物1可以通过如下反应转化.md,质心GChO,08,有机化学,初赛,4,弃卡,非目标模块,B
04-题库/2026机构初赛模拟题/质心GChO/题-GChO-45-09-如下是3个不同底物的相同反应.md,质心GChO,09,化学原理,初赛,4,入池,,
04-题库/2026机构初赛模拟题/质心GChO/题-GChO-46-01-11低温下可以氧化制备离子化.md,质心GChO,01,结构化学,初赛,4,入池,,
04-题库/2026机构初赛模拟题/质心GChO/题-GChO-46-02-现有七种未知溶液分别为水和N.md,质心GChO,02,化学原理,初赛,4,入池,,
04-题库/2026机构初赛模拟题/质心GChO/题-GChO-46-03-元素X和Z具有如下的转化在化.md,质心GChO,03,化学原理,初赛,4,入池,,
04-题库/2026机构初赛模拟题/质心GChO/题-GChO-46-04-右图是的晶胞结构示意图该晶胞.md,质心GChO,04,结构化学,初赛,4,入池,,
04-题库/2026机构初赛模拟题/质心GChO/题-GChO-46-05-20世纪初人们发现了一种只存.md,质心GChO,05,化学原理,初赛,4,入池,,
04-题库/2026机构初赛模拟题/质心GChO/题-GChO-46-06-氟硼烯BF为CO的等电子体在.md,质心GChO,06,有机化学,初赛,4,弃卡,非目标模块,B
04-题库/2026机构初赛模拟题/质心GChO/题-GChO-46-07-71根据前线轨道理论如下环加.md,质心GChO,07,化学原理,初赛,4,入池,,
04-题库/2026机构初赛模拟题/质心GChO/题-GChO-46-08-吲哚是重要的杂环化合物吲哚衍.md,质心GChO,08,化学原理,初赛,4,弃卡,有机章节,B
04-题库/2026机构初赛模拟题/质心GChO/题-GChO-46-09-2020年二萜生物碱Lian.md,质心GChO,09,有机化学,初赛,4,弃卡,非目标模块,B
04-题库/2026机构初赛模拟题/质心GChO/题-GChO-47-01-11卤素原子具有较多的可失去.md,质心GChO,01,有机化学,初赛,4,弃卡,非目标模块,B
04-题库/2026机构初赛模拟题/质心GChO/题-GChO-47-02-已知的为本题中温度均取298.md,质心GChO,02,化学原理,初赛,4,入池,,
04-题库/2026机构初赛模拟题/质心GChO/题-GChO-47-03-两种或多种聚合物链线性连在一.md,质心GChO,03,结构化学,初赛,4,弃卡,有机章节,B
04-题库/2026机构初赛模拟题/质心GChO/题-GChO-47-04-绿柱石是铍铝硅酸盐一类的矿物.md,质心GChO,04,结构化学,初赛,4,弃卡,越界（含他题内容）,A
04-题库/2026机构初赛模拟题/质心GChO/题-GChO-47-05-一种红色的分子晶体A由两种前.md,质心GChO,05,结构化学,初赛,4,入池,,
04-题库/2026机构初赛模拟题/质心GChO/题-GChO-47-06-血蓝蛋白是一种含Cu的蛋白质.md,质心GChO,06,化学原理,初赛,4,入池,,
04-题库/2026机构初赛模拟题/质心GChO/题-GChO-47-07-71指出下列结构中酸性最强的.md,质心GChO,07,有机化学,初赛,4,弃卡,非目标模块,B
04-题库/2026机构初赛模拟题/质心GChO/题-GChO-47-08-吡啶由于其缺电子的性质无法通.md,质心GChO,08,化学原理,初赛,4,弃卡,有机章节,B
04-题库/2026机构初赛模拟题/质心GChO/题-GChO-47-09-有机合成方法学是现代有机化学.md,质心GChO,09,化学原理,初赛,4,弃卡,有机章节,B
04-题库/2026机构初赛模拟题/质心GChO/题-GChO-48-01-11硫与在液态中反应可以得到.md,质心GChO,01,元素与分析,初赛,4,弃卡,答案公式未转录,A
04-题库/2026机构初赛模拟题/质心GChO/题-GChO-48-02-石墨炔是一种新型的碳材料与石.md,质心GChO,02,结构化学,初赛,4,入池,,
04-题库/2026机构初赛模拟题/质心GChO/题-GChO-48-03-某金属M在核工业中具有重要作.md,质心GChO,03,结构化学,初赛,4,入池,,
04-题库/2026机构初赛模拟题/质心GChO/题-GChO-48-04-具有光活性的分子药物可以通过.md,质心GChO,04,化学原理,初赛,4,入池,,
04-题库/2026机构初赛模拟题/质心GChO/题-GChO-48-05-某四方晶系的正当晶胞结构如下.md,质心GChO,05,结构化学,初赛,4,入池,,
04-题库/2026机构初赛模拟题/质心GChO/题-GChO-48-06-61回答下列与单质碘性质相关.md,质心GChO,06,化学原理,初赛,4,弃卡,越界（含他题内容）,A
04-题库/2026机构初赛模拟题/质心GChO/题-GChO-48-07-71下列单取代环己烷中基团处.md,质心GChO,07,化学原理,初赛,4,入池,,
04-题库/2026机构初赛模拟题/质心GChO/题-GChO-48-08-如下是Schizozygan.md,质心GChO,08,化学原理,初赛,4,弃卡,越界（含他题内容）,A
04-题库/2026机构初赛模拟题/质心GChO/题-GChO-48-09-有机化学中很多研究成果起始于.md,质心GChO,09,有机化学,初赛,4,弃卡,非目标模块,B
04-题库/2026机构初赛模拟题/质心GChO/题-GChO-49-01-11利用磷灰石主要成分为磷酸.md,质心GChO,01,化学原理,初赛,4,入池,,
04-题库/2026机构初赛模拟题/质心GChO/题-GChO-49-02-我们在学习酸碱平衡的时候对于.md,质心GChO,02,化学原理,初赛,4,入池,,
04-题库/2026机构初赛模拟题/质心GChO/题-GChO-49-03-索烃的合成一直极具挑战性索烃.md,质心GChO,03,有机化学,初赛,4,弃卡,非目标模块,B
04-题库/2026机构初赛模拟题/质心GChO/题-GChO-49-04-写出下列高分子反应中AF所表.md,质心GChO,04,化学原理,初赛,4,入池,,
04-题库/2026机构初赛模拟题/质心GChO/题-GChO-49-05-由金属元素X和Y形成的二元金.md,质心GChO,05,结构化学,初赛,4,入池,,
04-题库/2026机构初赛模拟题/质心GChO/题-GChO-49-06-金属有机化合物的中心金属可以.md,质心GChO,06,有机化学,初赛,4,弃卡,非目标模块,B
04-题库/2026机构初赛模拟题/质心GChO/题-GChO-49-07-某非金属元素X的单质在与活泼.md,质心GChO,07,元素与分析,初赛,4,入池,,
04-题库/2026机构初赛模拟题/质心GChO/题-GChO-49-08-2021年国初中考察了如下氮.md,质心GChO,08,化学原理,初赛,4,入池,,
04-题库/2026机构初赛模拟题/质心GChO/题-GChO-49-09-91911写出上述反应的5个.md,质心GChO,09,化学原理,初赛,4,入池,,
04-题库/2026机构初赛模拟题/质心GChO/题-GChO-49-10-高张力小环以其独特的反应性一.md,质心GChO,10,化学原理,初赛,4,入池,,
04-题库/2026机构初赛模拟题/质心GChO/题-GChO-50-01-11在的氢氟酸溶液中反应生成.md,质心GChO,01,结构化学,初赛,4,入池,,
04-题库/2026机构初赛模拟题/质心GChO/题-GChO-50-02-21与在液态中可以形成由和构.md,质心GChO,02,化学原理,初赛,4,入池,,
04-题库/2026机构初赛模拟题/质心GChO/题-GChO-50-03-已知如下气相反应可在适当条件.md,质心GChO,03,化学原理,初赛,4,入池,,
04-题库/2026机构初赛模拟题/质心GChO/题-GChO-50-04-化合物ABC具有类似的结构并.md,质心GChO,04,化学原理,初赛,4,入池,,
04-题库/2026机构初赛模拟题/质心GChO/题-GChO-50-05-51钾氩同位素法可用来测定地.md,质心GChO,05,结构化学,初赛,4,入池,,
04-题库/2026机构初赛模拟题/质心GChO/题-GChO-50-06-四方晶体的正当晶胞结构如图所.md,质心GChO,06,结构化学,初赛,4,入池,,
04-题库/2026机构初赛模拟题/质心GChO/题-GChO-50-07-阅读如下一段材料回答问题注摘.md,质心GChO,07,有机化学,初赛,4,弃卡,非目标模块,B
04-题库/2026机构初赛模拟题/质心GChO/题-GChO-50-08-化合物G是一个特殊的稠环化合.md,质心GChO,08,化学原理,初赛,4,弃卡,有机章节,B
04-题库/2026机构初赛模拟题/质心GChO/题-GChO-50-09-如下是一个催化的由羧酸和胺直.md,质心GChO,09,有机化学,初赛,4,弃卡,非目标模块,B
04-题库/2026机构初赛模拟题/质心GChO/题-GChO-51-01-11羟胺毒性较强又不太稳定我.md,质心GChO,01,有机化学,初赛,4,弃卡,非目标模块,B
04-题库/2026机构初赛模拟题/质心GChO/题-GChO-51-02-一般而言我们认为配合物中配合.md,质心GChO,02,化学原理,初赛,4,入池,,
04-题库/2026机构初赛模拟题/质心GChO/题-GChO-51-03-31已知碳碳单键和碳碳双键的.md,质心GChO,03,化学原理,初赛,4,弃卡,有机章节,B
04-题库/2026机构初赛模拟题/质心GChO/题-GChO-51-04-是一个典中典平衡本题居然又考.md,质心GChO,04,化学原理,初赛,4,入池,,
04-题库/2026机构初赛模拟题/质心GChO/题-GChO-51-05-已知的六方晶胞结构如右图所示.md,质心GChO,05,结构化学,初赛,4,入池,,
04-题库/2026机构初赛模拟题/质心GChO/题-GChO-51-06-盐A中含有金属元素Z质量分数.md,质心GChO,06,结构化学,初赛,4,入池,,
04-题库/2026机构初赛模拟题/质心GChO/题-GChO-51-07-金属酶在自然界中有着广泛的催.md,质心GChO,07,有机化学,初赛,4,弃卡,非目标模块,B
04-题库/2026机构初赛模拟题/质心GChO/题-GChO-51-08-81醇的氧化是一个非常重要的.md,质心GChO,08,有机化学,初赛,4,弃卡,非目标模块,B
04-题库/2026机构初赛模拟题/质心GChO/题-GChO-51-09-如下是化合物Grayanot.md,质心GChO,09,有机化学,初赛,4,弃卡,非目标模块,B
04-题库/2026机构初赛模拟题/质心GChO/题-GChO-51-10-NHC是有机化学中重要的有机.md,质心GChO,10,化学原理,初赛,4,弃卡,有机章节,B
04-题库/2026机构初赛模拟题/质心GChO/题-GChO-52-01-11凝聚态的中存在分离的正负.md,质心GChO,01,化学原理,初赛,4,入池,,
04-题库/2026机构初赛模拟题/质心GChO/题-GChO-52-02-21已知H原子的电离能为13.md,质心GChO,02,有机化学,初赛,4,弃卡,非目标模块,B
04-题库/2026机构初赛模拟题/质心GChO/题-GChO-52-03-31于297K向体积为105.md,质心GChO,03,化学原理,初赛,4,入池,,
04-题库/2026机构初赛模拟题/质心GChO/题-GChO-52-04-近日某研究团队发现了一种新型.md,质心GChO,04,结构化学,初赛,4,入池,,
04-题库/2026机构初赛模拟题/质心GChO/题-GChO-52-05-电解盐A的水溶液可以得到漂白.md,质心GChO,05,化学原理,初赛,4,入池,,
04-题库/2026机构初赛模拟题/质心GChO/题-GChO-52-06-自组装合成磁性材料一直是人们.md,质心GChO,06,有机化学,初赛,4,弃卡,非目标模块,B
04-题库/2026机构初赛模拟题/质心GChO/题-GChO-52-07-71下列化合物碱性从强到弱排.md,质心GChO,07,化学原理,初赛,4,入池,,
04-题库/2026机构初赛模拟题/质心GChO/题-GChO-52-08-如下是一个磺酰氟类化合物的合.md,质心GChO,08,有机化学,初赛,4,弃卡,非目标模块,B
04-题库/2026机构初赛模拟题/质心GChO/题-GChO-52-09-本题可能会让助教想起曾经被9.md,质心GChO,09,化学原理,初赛,4,入池,,
04-题库/2026机构初赛模拟题/质心GChO/题-GChO-53-01-11高碘酸根和金属离子特别是.md,质心GChO,01,元素与分析,初赛,4,入池,,
04-题库/2026机构初赛模拟题/质心GChO/题-GChO-53-02-21写出如下聚合产物的结构注.md,质心GChO,02,化学原理,初赛,4,弃卡,有机章节,B
04-题库/2026机构初赛模拟题/质心GChO/题-GChO-53-03-32将Ag作为电极插入31所.md,质心GChO,03,化学原理,初赛,4,入池,,
04-题库/2026机构初赛模拟题/质心GChO/题-GChO-53-04-41A是含有金属M的简单盐类.md,质心GChO,04,元素与分析,初赛,4,入池,,
04-题库/2026机构初赛模拟题/质心GChO/题-GChO-53-05-为了寻找更多的潜在电池材料科.md,质心GChO,05,结构化学,初赛,4,入池,,
04-题库/2026机构初赛模拟题/质心GChO/题-GChO-53-06-联吡啶和23二羟基对苯二甲酸.md,质心GChO,06,结构化学,初赛,4,弃卡,有机章节,B
04-题库/2026机构初赛模拟题/质心GChO/题-GChO-53-07-71判断下列分子是否具有手性.md,质心GChO,07,有机化学,初赛,4,弃卡,非目标模块,B
04-题库/2026机构初赛模拟题/质心GChO/题-GChO-53-08-含有氢的卤代酮经过碱性条件下.md,质心GChO,08,有机化学,初赛,4,弃卡,非目标模块,B
04-题库/2026机构初赛模拟题/质心GChO/题-GChO-53-09-碳碳键的形成反应是有机化学的.md,质心GChO,09,有机化学,初赛,4,弃卡,非目标模块,B
04-题库/2026机构初赛模拟题/质心GChO/题-GChO-54-01-11Pb单质在很多稀冷的非氧.md,质心GChO,01,元素与分析,初赛,4,入池,,
04-题库/2026机构初赛模拟题/质心GChO/题-GChO-54-02-21请写出在晶体场中的d电子.md,质心GChO,02,有机化学,初赛,4,弃卡,非目标模块,B
04-题库/2026机构初赛模拟题/质心GChO/题-GChO-54-03-萤石型结构是一种典型的型的结.md,质心GChO,03,结构化学,初赛,4,入池,,
04-题库/2026机构初赛模拟题/质心GChO/题-GChO-54-04-X元素的单质是一种银白色软金.md,质心GChO,04,元素与分析,初赛,4,入池,,
04-题库/2026机构初赛模拟题/质心GChO/题-GChO-54-05-自旋交叉材料是一种典型的分子.md,质心GChO,05,有机化学,初赛,4,弃卡,非目标模块,B
04-题库/2026机构初赛模拟题/质心GChO/题-GChO-54-06-很多难溶化合物在溶液体系中的.md,质心GChO,06,化学原理,初赛,4,入池,,
04-题库/2026机构初赛模拟题/质心GChO/题-GChO-54-07-71比较下列底物在乙醇中溶剂.md,质心GChO,07,有机化学,初赛,4,弃卡,非目标模块,B
04-题库/2026机构初赛模拟题/质心GChO/题-GChO-54-08-缺电子杂环上的取代反应一直是.md,质心GChO,08,化学原理,初赛,4,入池,,
04-题库/2026机构初赛模拟题/质心GChO/题-GChO-54-09-如下是化合物Gukuleni.md,质心GChO,09,化学原理,初赛,4,弃卡,无答案/占位,A
04-题库/2026机构初赛模拟题/质心GChO/题-GChO-55-01-11升汞溶液与硫代硫酸钠可以.md,质心GChO,01,化学原理,初赛,4,入池,,
04-题库/2026机构初赛模拟题/质心GChO/题-GChO-55-02-下面的聚合反应会得到一种含有.md,质心GChO,02,化学原理,初赛,4,入池,,
04-题库/2026机构初赛模拟题/质心GChO/题-GChO-55-03-储备电池是电化学电池它可以储.md,质心GChO,03,化学原理,初赛,4,入池,,
04-题库/2026机构初赛模拟题/质心GChO/题-GChO-55-04-224L处于C和101325.md,质心GChO,04,元素与分析,初赛,4,入池,,
04-题库/2026机构初赛模拟题/质心GChO/题-GChO-55-05-一直以来磁性材料都是化学家们.md,质心GChO,05,结构化学,初赛,4,入池,,
04-题库/2026机构初赛模拟题/质心GChO/题-GChO-55-06-氧二乙酸是以醚氧原子为对称中.md,质心GChO,06,结构化学,初赛,4,入池,,
04-题库/2026机构初赛模拟题/质心GChO/题-GChO-55-07-芳香亲核取代是有机化学中重要.md,质心GChO,07,有机化学,初赛,4,弃卡,非目标模块,B
04-题库/2026机构初赛模拟题/质心GChO/题-GChO-55-08-说起三元环的合成人们最先想到.md,质心GChO,08,有机化学,初赛,4,弃卡,非目标模块,B
04-题库/2026机构初赛模拟题/质心GChO/题-GChO-55-09-在有机化学中含磷化合物通常被.md,质心GChO,09,有机化学,初赛,4,弃卡,非目标模块,B
04-题库/2026机构初赛模拟题/质心GChO/题-GChO-56-01-11黄铁矿在较浓的碳酸盐溶液.md,质心GChO,01,化学原理,初赛,4,入池,,
04-题库/2026机构初赛模拟题/质心GChO/题-GChO-56-02-温室效应是目前越来越多人正在.md,质心GChO,02,化学原理,初赛,4,入池,,
04-题库/2026机构初赛模拟题/质心GChO/题-GChO-56-03-甲烷资源丰富碳氢比高是良好的.md,质心GChO,03,化学原理,初赛,4,弃卡,有机章节,B
04-题库/2026机构初赛模拟题/质心GChO/题-GChO-56-04-金属M广泛被应用于冶金将它作.md,质心GChO,04,结构化学,初赛,4,入池,,
04-题库/2026机构初赛模拟题/质心GChO/题-GChO-56-05-有机Al配合物通常可以用于内.md,质心GChO,05,有机化学,初赛,4,弃卡,非目标模块,B
04-题库/2026机构初赛模拟题/质心GChO/题-GChO-56-06-下面给出了某含O四方晶体晶胞.md,质心GChO,06,结构化学,初赛,4,入池,,
04-题库/2026机构初赛模拟题/质心GChO/题-GChO-56-07-71判断下列分子是否具有芳香.md,质心GChO,07,化学原理,初赛,4,弃卡,有机章节,B
04-题库/2026机构初赛模拟题/质心GChO/题-GChO-56-08-如下是某个没啥用的分子her.md,质心GChO,08,化学原理,初赛,4,入池,,
04-题库/2026机构初赛模拟题/质心GChO/题-GChO-56-09-苯环作为可以大量获得的化工原.md,质心GChO,09,有机化学,初赛,4,弃卡,非目标模块,B
04-题库/2026机构初赛模拟题/质心GChO/题-GChO-57-01-11向氯金酸的溶液中加入甘汞.md,质心GChO,01,结构化学,初赛,4,入池,,
04-题库/2026机构初赛模拟题/质心GChO/题-GChO-57-02-可以催化环丁内酯的开环聚合2.md,质心GChO,02,有机化学,初赛,4,弃卡,非目标模块,B
04-题库/2026机构初赛模拟题/质心GChO/题-GChO-57-03-元素X的单质可以直接和氧气化.md,质心GChO,03,元素与分析,初赛,4,入池,,
04-题库/2026机构初赛模拟题/质心GChO/题-GChO-57-04-传统常见的灭火器有两种一种是.md,质心GChO,04,化学原理,初赛,4,入池,,
04-题库/2026机构初赛模拟题/质心GChO/题-GChO-57-05-冰晶石的某种结构是立方晶系其.md,质心GChO,05,结构化学,初赛,4,入池,,
04-题库/2026机构初赛模拟题/质心GChO/题-GChO-57-06-金属硫属化合物材料在离子导电.md,质心GChO,06,元素与分析,初赛,4,入池,,
04-题库/2026机构初赛模拟题/质心GChO/题-GChO-57-07-71下列化合物酸性由强到弱排.md,质心GChO,07,化学原理,初赛,4,入池,,
04-题库/2026机构初赛模拟题/质心GChO/题-GChO-57-08-如下是一个利用芳香亲核取代反.md,质心GChO,08,有机化学,初赛,4,弃卡,非目标模块,B
04-题库/2026机构初赛模拟题/质心GChO/题-GChO-57-09-硫叶立德是重要的有机化学反应.md,质心GChO,09,有机化学,初赛,4,弃卡,非目标模块,B
04-题库/2026机构初赛模拟题/质心GChO/题-GChO-58-01-11将等物质的量的草酸钙和碘.md,质心GChO,01,元素与分析,初赛,4,入池,,
04-题库/2026机构初赛模拟题/质心GChO/题-GChO-58-02-磷含量分析是钢铁和矿石分析的.md,质心GChO,02,化学原理,初赛,4,入池,,
04-题库/2026机构初赛模拟题/质心GChO/题-GChO-58-03-地温计用于测定岩石形成的温度.md,质心GChO,03,化学原理,初赛,4,入池,,
04-题库/2026机构初赛模拟题/质心GChO/题-GChO-58-04-单质A可以与氧气化合得到B与.md,质心GChO,04,元素与分析,初赛,4,入池,,
04-题库/2026机构初赛模拟题/质心GChO/题-GChO-58-05-下图是的正当晶胞结构请仔细观.md,质心GChO,05,结构化学,初赛,4,入池,,
04-题库/2026机构初赛模拟题/质心GChO/题-GChO-58-06-配合物结构中配体的结构通常会.md,质心GChO,06,结构化学,初赛,4,入池,,
04-题库/2026机构初赛模拟题/质心GChO/题-GChO-58-07-71将下列羧酸衍生物碱性条件.md,质心GChO,07,有机化学,初赛,4,弃卡,非目标模块,B
04-题库/2026机构初赛模拟题/质心GChO/题-GChO-58-08-基于对吡啶性质的兴趣和吡啶在.md,质心GChO,08,化学原理,初赛,4,弃卡,有机章节,B
04-题库/2026机构初赛模拟题/质心GChO/题-GChO-58-09-如下是Euphorikani.md,质心GChO,09,化学原理,初赛,4,入池,,
04-题库/2026机构初赛模拟题/质心GChO/题-GChO-59-01-11直接利用金属和叠氮酸的反.md,质心GChO,01,有机化学,初赛,4,弃卡,非目标模块,B
04-题库/2026机构初赛模拟题/质心GChO/题-GChO-59-02-21液体A和B形成的溶液可认.md,质心GChO,02,化学原理,初赛,4,入池,,
04-题库/2026机构初赛模拟题/质心GChO/题-GChO-59-03-热重分析是一种常见的确定固体.md,质心GChO,03,化学原理,初赛,4,入池,,
04-题库/2026机构初赛模拟题/质心GChO/题-GChO-59-04-已知A可以和NaOH溶液作用.md,质心GChO,04,元素与分析,初赛,4,入池,,
04-题库/2026机构初赛模拟题/质心GChO/题-GChO-59-05-在研究晶体结构时我们往往会将.md,质心GChO,05,结构化学,初赛,4,入池,,
04-题库/2026机构初赛模拟题/质心GChO/题-GChO-59-06-脒基和氮杂烯丙基被认为是有可.md,质心GChO,06,元素与分析,初赛,4,入池,,
04-题库/2026机构初赛模拟题/质心GChO/题-GChO-59-07-71下列化合物与顺丁烯二酸酐.md,质心GChO,07,有机化学,初赛,4,弃卡,非目标模块,B
04-题库/2026机构初赛模拟题/质心GChO/题-GChO-59-08-HCl是有机化学反应中重要的.md,质心GChO,08,化学原理,初赛,4,弃卡,有机章节,B
04-题库/2026机构初赛模拟题/质心GChO/题-GChO-59-09-小环分子因为具有较大的张力因.md,质心GChO,09,有机化学,初赛,4,弃卡,非目标模块,B
04-题库/2026机构初赛模拟题/质心GChO/题-GChO-60-01-11AgO在碱性条件下与作用.md,质心GChO,01,结构化学,初赛,4,入池,,
04-题库/2026机构初赛模拟题/质心GChO/题-GChO-60-02-21纯净的硼砂是一种基准试剂.md,质心GChO,02,化学原理,初赛,4,入池,,
04-题库/2026机构初赛模拟题/质心GChO/题-GChO-60-03-金属羰基氢化物能够有效促进氢.md,质心GChO,03,结构化学,初赛,4,弃卡,有机章节,B
04-题库/2026机构初赛模拟题/质心GChO/题-GChO-60-04-对于结构复杂到让我们一眼看上.md,质心GChO,04,结构化学,初赛,4,入池,,
04-题库/2026机构初赛模拟题/质心GChO/题-GChO-60-05-现有50mL电解液水溶液阴极.md,质心GChO,05,化学原理,初赛,4,入池,,
04-题库/2026机构初赛模拟题/质心GChO/题-GChO-60-06-内酯的开环聚合通常可以在催化.md,质心GChO,06,化学原理,初赛,4,弃卡,有机章节,B
04-题库/2026机构初赛模拟题/质心GChO/题-GChO-60-07-71对于如下平衡对于不同的R.md,质心GChO,07,化学原理,初赛,4,入池,,
04-题库/2026机构初赛模拟题/质心GChO/题-GChO-60-08-苯环上CH键的转化一直是有机.md,质心GChO,08,有机化学,初赛,4,弃卡,非目标模块,B
04-题库/2026机构初赛模拟题/质心GChO/题-GChO-60-09-2021年美国芝加哥大学的M.md,质心GChO,09,有机化学,初赛,4,弃卡,非目标模块,B
04-题库/2026机构初赛模拟题/质心GChO/题-GChO-61-01-11利用热的次磷酸盐酸体系还.md,质心GChO,01,结构化学,初赛,4,入池,,
04-题库/2026机构初赛模拟题/质心GChO/题-GChO-61-02-下表显示了六种天然氨基酸的各.md,质心GChO,02,化学原理,初赛,4,弃卡,有机章节,B
04-题库/2026机构初赛模拟题/质心GChO/题-GChO-61-03-硫化物A具有层形结构可用作锂.md,质心GChO,03,结构化学,初赛,4,入池,,
04-题库/2026机构初赛模拟题/质心GChO/题-GChO-61-04-甲烷的水蒸气重整反应已经考烂.md,质心GChO,04,化学原理,初赛,4,弃卡,有机章节,B
04-题库/2026机构初赛模拟题/质心GChO/题-GChO-61-05-51下图是某过渡金属X的氧化.md,质心GChO,05,结构化学,初赛,4,入池,,
04-题库/2026机构初赛模拟题/质心GChO/题-GChO-61-06-二茂铁Fc及其氧化态的氧化还.md,质心GChO,06,化学原理,初赛,4,入池,,
04-题库/2026机构初赛模拟题/质心GChO/题-GChO-61-07-71将下列化合物按取代基处于.md,质心GChO,07,化学原理,初赛,4,入池,,
04-题库/2026机构初赛模拟题/质心GChO/题-GChO-61-08-一般的基于全合成的推断题目由.md,质心GChO,08,化学原理,初赛,4,入池,,
04-题库/2026机构初赛模拟题/质心GChO/题-GChO-61-09-如下是一个特殊的加成反应在加.md,质心GChO,09,有机化学,初赛,4,弃卡,非目标模块,B
04-题库/2026机构初赛模拟题/质心GChO/题-GChO-62-01-11将置于苏打溶液中并在空气.md,质心GChO,01,元素与分析,初赛,4,入池,,
04-题库/2026机构初赛模拟题/质心GChO/题-GChO-62-02-21二茂铁及其十甲基衍生物已.md,质心GChO,02,结构化学,初赛,4,弃卡,有机章节,B
04-题库/2026机构初赛模拟题/质心GChO/题-GChO-62-03-在本题中可以考虑反应的焓变和.md,质心GChO,03,化学原理,初赛,4,入池,,
04-题库/2026机构初赛模拟题/质心GChO/题-GChO-62-04-二元化合物A为黑色晶体是一种.md,质心GChO,04,元素与分析,初赛,4,入池,,
04-题库/2026机构初赛模拟题/质心GChO/题-GChO-62-05-下图是某物质六方正当晶胞的示.md,质心GChO,05,结构化学,初赛,4,入池,,
04-题库/2026机构初赛模拟题/质心GChO/题-GChO-62-06-将二水合邻苯二甲酸氢铜II晶.md,质心GChO,06,结构化学,初赛,4,入池,,
04-题库/2026机构初赛模拟题/质心GChO/题-GChO-62-07-71左旋多巴是治疗帕金森的核.md,质心GChO,07,化学原理,初赛,4,弃卡,有机章节,B
04-题库/2026机构初赛模拟题/质心GChO/题-GChO-62-08-酯化反应是最经典的化学反应之.md,质心GChO,08,化学原理,初赛,4,弃卡,有机章节,B
04-题库/2026机构初赛模拟题/质心GChO/题-GChO-62-09-烯烃的双官能团化是一类效率很.md,质心GChO,09,有机化学,初赛,4,弃卡,非目标模块,B
04-题库/2026机构初赛模拟题/质心GChO/题-GChO-63-01-11硒酸与氯化肼反应得到两种.md,质心GChO,01,元素与分析,初赛,4,入池,,
04-题库/2026机构初赛模拟题/质心GChO/题-GChO-63-02-3羟基2丁酮与可以发生非氧化.md,质心GChO,02,有机化学,初赛,4,弃卡,非目标模块,B
04-题库/2026机构初赛模拟题/质心GChO/题-GChO-63-03-在本题中可以考虑反应的焓变和.md,质心GChO,03,化学原理,初赛,4,弃卡,越界（含他题内容）,A
04-题库/2026机构初赛模拟题/质心GChO/题-GChO-63-04-Mn是一种银灰色的过渡金属脆.md,质心GChO,04,元素与分析,初赛,4,入池,,
04-题库/2026机构初赛模拟题/质心GChO/题-GChO-63-05-最近韩国科学家宣称合成出了一.md,质心GChO,05,结构化学,初赛,4,入池,,
04-题库/2026机构初赛模拟题/质心GChO/题-GChO-63-06-如下是一个由Rh催化完成的反.md,质心GChO,06,化学原理,初赛,4,弃卡,有机章节,B
04-题库/2026机构初赛模拟题/质心GChO/题-GChO-63-07-如下的转化在Lewis酸的催.md,质心GChO,07,化学原理,初赛,4,弃卡,题面/答案过短,A
04-题库/2026机构初赛模拟题/质心GChO/题-GChO-63-08-重氮化合物以其丰富而独特的反.md,质心GChO,08,有机化学,初赛,4,弃卡,非目标模块,B
04-题库/2026机构初赛模拟题/质心GChO/题-GChO-63-09-由于环张力的存在小环化合物一.md,质心GChO,09,化学原理,初赛,4,入池,,
04-题库/2026机构初赛模拟题/质心GChO/题-GChO-64-01-11与发生非氧化还原反应产物.md,质心GChO,01,元素与分析,初赛,4,入池,,
04-题库/2026机构初赛模拟题/质心GChO/题-GChO-64-02-本题可能用到的平衡常数数据m.md,质心GChO,02,化学原理,初赛,4,入池,,
04-题库/2026机构初赛模拟题/质心GChO/题-GChO-64-03-X是一种常见的金属元素虽然其.md,质心GChO,03,结构化学,初赛,4,入池,,
04-题库/2026机构初赛模拟题/质心GChO/题-GChO-64-04-锰在自然界中有若干种锰氧化物.md,质心GChO,04,化学原理,初赛,4,入池,,
04-题库/2026机构初赛模拟题/质心GChO/题-GChO-64-05-下图是某三元化合物的正当四方.md,质心GChO,05,结构化学,初赛,4,入池,,
04-题库/2026机构初赛模拟题/质心GChO/题-GChO-64-06-稀土金属硼氧化物不仅稀有且具.md,质心GChO,06,元素与分析,初赛,4,入池,,
04-题库/2026机构初赛模拟题/质心GChO/题-GChO-64-07-如下的转化经历了若干次开环关.md,质心GChO,07,有机化学,初赛,4,弃卡,非目标模块,B
04-题库/2026机构初赛模拟题/质心GChO/题-GChO-64-08-由于环张力的存在小环化合物的.md,质心GChO,08,化学原理,初赛,4,弃卡,有机章节,B
04-题库/2026机构初赛模拟题/质心GChO/题-GChO-64-09-有机化学是无穷无尽的总会有新.md,质心GChO,09,有机化学,初赛,4,弃卡,非目标模块,B
04-题库/2026机构初赛模拟题/质心GChO/题-GChO-65-01-氮是一种颇有特色的元素尽管其.md,质心GChO,01,元素与分析,初赛,4,入池,,
04-题库/2026机构初赛模拟题/质心GChO/题-GChO-65-02-21由复分解反应制备过渡金属.md,质心GChO,02,化学原理,初赛,4,入池,,
04-题库/2026机构初赛模拟题/质心GChO/题-GChO-65-03-氦曾被普遍认为是没有化合物的.md,质心GChO,03,化学原理,初赛,4,入池,,
04-题库/2026机构初赛模拟题/质心GChO/题-GChO-65-04-A是一种亮黄色有刺激性臭味的.md,质心GChO,04,元素与分析,初赛,4,弃卡,有机章节,B
04-题库/2026机构初赛模拟题/质心GChO/题-GChO-65-05-氮元素的固定一直是无机化学领.md,质心GChO,05,有机化学,初赛,4,弃卡,非目标模块,B
04-题库/2026机构初赛模拟题/质心GChO/题-GChO-65-06-右图是由Cu和Ag组成的复合.md,质心GChO,06,结构化学,初赛,4,入池,,
04-题库/2026机构初赛模拟题/质心GChO/题-GChO-65-07-现有如下的转化textMeO.md,质心GChO,07,有机化学,初赛,4,弃卡,非目标模块,B
04-题库/2026机构初赛模拟题/质心GChO/题-GChO-65-08-结构决定性质是化学反应的基本.md,质心GChO,08,化学原理,初赛,4,入池,,
04-题库/2026机构初赛模拟题/质心GChO/题-GChO-65-09-如下是一个过渡金属催化的奇特.md,质心GChO,09,结构化学,初赛,4,入池,,
04-题库/2026机构初赛模拟题/质心GChO/题-GChO-66-01-11不对称二甲基肼与四氧化二.md,质心GChO,01,化学原理,初赛,4,入池,,
04-题库/2026机构初赛模拟题/质心GChO/题-GChO-66-02-下面的反应都是能够生成PP键.md,质心GChO,02,结构化学,初赛,4,入池,,
04-题库/2026机构初赛模拟题/质心GChO/题-GChO-66-03-31在一真空恒容容器中加热固.md,质心GChO,03,化学原理,初赛,4,入池,,
04-题库/2026机构初赛模拟题/质心GChO/题-GChO-66-04-A为一无色液体将A的蒸气与水.md,质心GChO,04,化学原理,初赛,4,入池,,
04-题库/2026机构初赛模拟题/质心GChO/题-GChO-66-05-除碳以外其他p区元素之间的多.md,质心GChO,05,有机化学,初赛,4,弃卡,非目标模块,B
04-题库/2026机构初赛模拟题/质心GChO/题-GChO-66-06-一般来说对于某种晶体的研究并.md,质心GChO,06,结构化学,初赛,4,入池,,
04-题库/2026机构初赛模拟题/质心GChO/题-GChO-66-07-如下是一个过渡金属催化的合成.md,质心GChO,07,有机化学,初赛,4,弃卡,非目标模块,B
04-题库/2026机构初赛模拟题/质心GChO/题-GChO-66-08-由于芳香性这个护身符的存在苯.md,质心GChO,08,有机化学,初赛,4,弃卡,非目标模块,B
04-题库/2026机构初赛模拟题/质心GChO/题-GChO-67-01-三全分子指一个分子内同时包括.md,质心GChO,01,元素与分析,初赛,4,入池,,
04-题库/2026机构初赛模拟题/质心GChO/题-GChO-67-02-21铍可用于中子源如聚变堆氚.md,质心GChO,02,结构化学,初赛,4,入池,,
04-题库/2026机构初赛模拟题/质心GChO/题-GChO-67-03-近年来亚纳米金属团簇引起了科.md,质心GChO,03,结构化学,初赛,4,入池,,
04-题库/2026机构初赛模拟题/质心GChO/题-GChO-67-04-在铜氧化物超导体被发现后人们.md,质心GChO,04,结构化学,初赛,4,入池,,
04-题库/2026机构初赛模拟题/质心GChO/题-GChO-67-05-未知物X是一种白色而有光泽的.md,质心GChO,05,有机化学,初赛,4,弃卡,非目标模块,B
04-题库/2026机构初赛模拟题/质心GChO/题-GChO-67-06-2019年诺贝尔化学奖授予G.md,质心GChO,06,结构化学,初赛,4,弃卡,有机章节,B
04-题库/2026机构初赛模拟题/质心GChO/题-GChO-67-07-生命体中各种物质的结构和功能.md,质心GChO,07,化学原理,初赛,4,弃卡,有机章节,B
04-题库/2026机构初赛模拟题/质心GChO/题-GChO-67-08-81分别画出trans12二.md,质心GChO,08,化学原理,初赛,4,弃卡,有机章节,B
04-题库/2026机构初赛模拟题/质心GChO/题-GChO-67-09-Grob碎片化反应是指一个有.md,质心GChO,09,有机化学,初赛,4,弃卡,非目标模块,B
04-题库/2026机构初赛模拟题/质心GChO/题-GChO-67-10-与膦叶立德YlidesWit.md,质心GChO,10,有机化学,初赛,4,弃卡,非目标模块,B
04-题库/2026机构初赛模拟题/质心GChO/题-GChO-68-01-11实验室制备XPCl与草酸.md,质心GChO,01,有机化学,初赛,4,弃卡,非目标模块,B
04-题库/2026机构初赛模拟题/质心GChO/题-GChO-68-02-奥林匹克圣火是奥运会期间在主.md,质心GChO,02,有机化学,初赛,4,弃卡,非目标模块,B
04-题库/2026机构初赛模拟题/质心GChO/题-GChO-68-03-31将4g重铬酸钾和12g二.md,质心GChO,03,有机化学,初赛,4,弃卡,非目标模块,B
04-题库/2026机构初赛模拟题/质心GChO/题-GChO-68-04-41是一种自然界中丰富存在的.md,质心GChO,04,元素与分析,初赛,4,入池,,
04-题库/2026机构初赛模拟题/质心GChO/题-GChO-68-05-全氮类物质因具有高密度高生成.md,质心GChO,05,化学原理,初赛,4,入池,,
04-题库/2026机构初赛模拟题/质心GChO/题-GChO-68-06-金属元素X在常温下的单质为六.md,质心GChO,06,结构化学,初赛,4,入池,,
04-题库/2026机构初赛模拟题/质心GChO/题-GChO-68-07-欲知铅铋合金中铅和铋的含量可.md,质心GChO,07,化学原理,初赛,4,弃卡,题面泄露,A
04-题库/2026机构初赛模拟题/质心GChO/题-GChO-68-08-81以下为酚酞分子的结构式请.md,质心GChO,08,化学原理,初赛,4,入池,,
04-题库/2026机构初赛模拟题/质心GChO/题-GChO-68-09-由于芳香性的存在芳环的合成是.md,质心GChO,09,有机化学,初赛,4,弃卡,非目标模块,B
04-题库/2026机构初赛模拟题/质心GChO/题-GChO-68-10-如下是一个形式上的sigma.md,质心GChO,10,化学原理,初赛,4,入池,,
04-题库/2026机构初赛模拟题/质心GChO/题-GChO-69-01-11茂基配体用于合成新颖的主.md,质心GChO,01,有机化学,初赛,4,弃卡,非目标模块,B
04-题库/2026机构初赛模拟题/质心GChO/题-GChO-69-02-212016年首次报道了亚乙.md,质心GChO,02,有机化学,初赛,4,弃卡,非目标模块,B
04-题库/2026机构初赛模拟题/质心GChO/题-GChO-69-03-31叠氮化钠作为一种常用的化.md,质心GChO,03,有机化学,初赛,4,弃卡,非目标模块,B
04-题库/2026机构初赛模拟题/质心GChO/题-GChO-69-04-近年来CuFe等作为水催化氧.md,质心GChO,04,结构化学,初赛,4,弃卡,有机章节,B
04-题库/2026机构初赛模拟题/质心GChO/题-GChO-69-05-51在新近高温高压下制备的氮.md,质心GChO,05,结构化学,初赛,4,入池,,
04-题库/2026机构初赛模拟题/质心GChO/题-GChO-69-06-三氧化硫是工业制取硫酸的重要.md,质心GChO,06,化学原理,初赛,4,弃卡,有机章节,B
04-题库/2026机构初赛模拟题/质心GChO/题-GChO-69-07-71以下三个化合物具有类似的.md,质心GChO,07,化学原理,初赛,4,入池,,
04-题库/2026机构初赛模拟题/质心GChO/题-GChO-69-08-苯炔和含B化合物都具有丰富的.md,质心GChO,08,有机化学,初赛,4,弃卡,非目标模块,B
04-题库/2026机构初赛模拟题/质心GChO/题-GChO-69-09-分子骨架编辑Skeletal.md,质心GChO,09,有机化学,初赛,4,弃卡,非目标模块,B
04-题库/2026机构初赛模拟题/质心GChO/题-GChO-70-01-XYZ三种物质具有类似的结构.md,质心GChO,01,化学原理,初赛,4,入池,,
04-题库/2026机构初赛模拟题/质心GChO/题-GChO-70-02-将钠盐X配制成200g质量分.md,质心GChO,02,化学原理,初赛,4,入池,,
04-题库/2026机构初赛模拟题/质心GChO/题-GChO-70-03-一般来说固体的蒸气压是很难测.md,质心GChO,03,化学原理,初赛,4,入池,,
04-题库/2026机构初赛模拟题/质心GChO/题-GChO-70-04-金属M被广泛地应用于冶金中工.md,质心GChO,04,元素与分析,初赛,4,入池,,
04-题库/2026机构初赛模拟题/质心GChO/题-GChO-70-05-在分子机器领域有两类分子体系.md,质心GChO,05,化学原理,初赛,4,弃卡,有机章节,B
04-题库/2026机构初赛模拟题/质心GChO/题-GChO-70-06-基于经典的Lewis酸碱理论.md,质心GChO,06,有机化学,初赛,4,弃卡,非目标模块,B
04-题库/2026机构初赛模拟题/质心GChO/题-GChO-70-07-71Claisen反应与其它.md,质心GChO,07,有机化学,初赛,4,弃卡,非目标模块,B
04-题库/2026机构初赛模拟题/质心GChO/题-GChO-70-08-近年来由于在生物医学方面的显.md,质心GChO,08,化学原理,初赛,4,弃卡,有机章节,B
04-题库/2026机构初赛模拟题/质心GChO/题-GChO-70-09-首先我们来学习一个简单的反应.md,质心GChO,09,化学原理,初赛,4,入池,,
04-题库/2026机构初赛模拟题/质心GChO/题-GChO-71-01-A是人类发现最晚的天然元素也.md,质心GChO,01,元素与分析,初赛,4,入池,,
04-题库/2026机构初赛模拟题/质心GChO/题-GChO-71-02-21的NMR谱图核磁共振氢谱.md,质心GChO,02,有机化学,初赛,4,弃卡,非目标模块,B
04-题库/2026机构初赛模拟题/质心GChO/题-GChO-71-03-31在聚酯化反应体系中残留水.md,质心GChO,03,化学原理,初赛,4,弃卡,有机章节,B
04-题库/2026机构初赛模拟题/质心GChO/题-GChO-71-04-本题中出现的缩写THF四氢呋.md,质心GChO,04,有机化学,初赛,4,弃卡,非目标模块,B
04-题库/2026机构初赛模拟题/质心GChO/题-GChO-71-05-本题可能用到的公式及常数单个.md,质心GChO,05,有机化学,初赛,4,弃卡,非目标模块,B
04-题库/2026机构初赛模拟题/质心GChO/题-GChO-71-06-61石墨晶体具有三方石墨和六.md,质心GChO,06,结构化学,初赛,4,弃卡,有机章节,B
04-题库/2026机构初赛模拟题/质心GChO/题-GChO-71-07-有机合成涉及到多方面的立体选.md,质心GChO,07,有机化学,初赛,4,弃卡,非目标模块,B
04-题库/2026机构初赛模拟题/质心GChO/题-GChO-71-08-81推出HK的结构注意立体化.md,质心GChO,08,有机化学,初赛,4,弃卡,非目标模块,B
04-题库/2026机构初赛模拟题/质心GChO/题-GChO-71-09-本题涉及的是一个14二羰基化.md,质心GChO,09,有机化学,初赛,4,弃卡,非目标模块,B
04-题库/2026机构初赛模拟题/质心GChO/题-GChO-72-01-11请给出A和B的结构并给出.md,质心GChO,01,有机化学,初赛,4,弃卡,非目标模块,B
04-题库/2026机构初赛模拟题/质心GChO/题-GChO-72-02-以下给出含有过渡金属元素X的.md,质心GChO,02,化学原理,初赛,4,入池,,
04-题库/2026机构初赛模拟题/质心GChO/题-GChO-72-03-31亚硫酰氯和叠氮化钠在30.md,质心GChO,03,有机化学,初赛,4,弃卡,非目标模块,B
04-题库/2026机构初赛模拟题/质心GChO/题-GChO-72-04-41元素A和元素B的电负性分.md,质心GChO,04,化学原理,初赛,4,入池,,
04-题库/2026机构初赛模拟题/质心GChO/题-GChO-72-05-具有n个碳原子的富勒烯表面有.md,质心GChO,05,结构化学,初赛,4,入池,,
04-题库/2026机构初赛模拟题/质心GChO/题-GChO-72-06-61串联质谱MS技术为测定多.md,质心GChO,06,有机化学,初赛,4,弃卡,非目标模块,B
04-题库/2026机构初赛模拟题/质心GChO/题-GChO-72-07-71在含有共轭体系的螺环化合.md,质心GChO,07,有机化学,初赛,4,弃卡,非目标模块,B
04-题库/2026机构初赛模拟题/质心GChO/题-GChO-72-08-双键具有丰富的反应性是有机化.md,质心GChO,08,有机化学,初赛,4,弃卡,非目标模块,B
04-题库/2026机构初赛模拟题/质心GChO/题-GChO-72-09-重排反应是有机反应中很神奇的.md,质心GChO,09,有机化学,初赛,4,弃卡,非目标模块,B
04-题库/2026机构初赛模拟题/质心GChO/题-GChO-73-01-11是最重要的硫氮二元化合物.md,质心GChO,01,结构化学,初赛,4,入池,,
04-题库/2026机构初赛模拟题/质心GChO/题-GChO-73-02-21共聚高分子是由两种不同的.md,质心GChO,02,有机化学,初赛,4,弃卡,非目标模块,B
04-题库/2026机构初赛模拟题/质心GChO/题-GChO-73-03-近年来具有优良光致发光和发光.md,质心GChO,03,结构化学,初赛,4,入池,,
04-题库/2026机构初赛模拟题/质心GChO/题-GChO-73-04-酰胺A能够形成分子内氢键如图.md,质心GChO,04,化学原理,初赛,4,弃卡,有机章节,B
04-题库/2026机构初赛模拟题/质心GChO/题-GChO-73-05-51硅酸盐的基本结构是硅氧四.md,质心GChO,05,结构化学,初赛,4,弃卡,有机章节,B
04-题库/2026机构初赛模拟题/质心GChO/题-GChO-73-06-61某课题组于2019年合成.md,质心GChO,06,结构化学,初赛,4,入池,,
04-题库/2026机构初赛模拟题/质心GChO/题-GChO-73-07-71在单取代环己烷中直键取代.md,质心GChO,07,化学原理,初赛,4,弃卡,有机章节,B
04-题库/2026机构初赛模拟题/质心GChO/题-GChO-73-08-分子骨架编辑技术是直接在分子.md,质心GChO,08,有机化学,初赛,4,弃卡,非目标模块,B
04-题库/2026机构初赛模拟题/质心GChO/题-GChO-73-09-总有一些学习化竞的同学对力量.md,质心GChO,09,有机化学,初赛,4,弃卡,非目标模块,B
04-题库/2026机构初赛模拟题/质心GChO/题-GChO-74-01-11众所周知碳纳米管表面是疏.md,质心GChO,01,化学原理,初赛,4,入池,,
04-题库/2026机构初赛模拟题/质心GChO/题-GChO-74-02-一些电负性相对较高的富电子过.md,质心GChO,02,结构化学,初赛,4,入池,,
04-题库/2026机构初赛模拟题/质心GChO/题-GChO-74-03-锂离子电池的发现及其应用可谓.md,质心GChO,03,化学原理,初赛,4,入池,,
04-题库/2026机构初赛模拟题/质心GChO/题-GChO-74-04-涉及过渡金属的晶体通常会有意.md,质心GChO,04,结构化学,初赛,4,入池,,
04-题库/2026机构初赛模拟题/质心GChO/题-GChO-74-05-51A是的一种重要的氧化物其.md,质心GChO,05,化学原理,初赛,4,弃卡,有机章节,B
04-题库/2026机构初赛模拟题/质心GChO/题-GChO-74-06-今年中山大学化学学院胡鹏教授.md,质心GChO,06,有机化学,初赛,4,弃卡,非目标模块,B
04-题库/2026机构初赛模拟题/质心GChO/题-GChO-74-07-71溶剂解反应711比较如下.md,质心GChO,07,有机化学,初赛,4,弃卡,非目标模块,B
04-题库/2026机构初赛模拟题/质心GChO/题-GChO-74-08-选择性是有机化学反应的一大特.md,质心GChO,08,有机化学,初赛,4,弃卡,非目标模块,B
04-题库/2026机构初赛模拟题/质心GChO/题-GChO-74-09-三元环因为具有较大的环张力而.md,质心GChO,09,有机化学,初赛,4,弃卡,非目标模块,B
04-题库/2026机构初赛模拟题/质心GChO/题-GChO-75-01-塞翁失马焉知非福实验失败或是.md,质心GChO,01,结构化学,初赛,4,入池,,
04-题库/2026机构初赛模拟题/质心GChO/题-GChO-75-02-实现双碳目标是一场广泛而深刻.md,质心GChO,02,有机化学,初赛,4,弃卡,非目标模块,B
04-题库/2026机构初赛模拟题/质心GChO/题-GChO-75-03-铀是一种重要的战略物资其单质.md,质心GChO,03,化学原理,初赛,4,入池,,
04-题库/2026机构初赛模拟题/质心GChO/题-GChO-75-04-含有过渡金属元素以及氧元素的.md,质心GChO,04,有机化学,初赛,4,弃卡,非目标模块,B
04-题库/2026机构初赛模拟题/质心GChO/题-GChO-75-05-mathrmLaAlO3的晶.md,质心GChO,05,结构化学,初赛,4,入池,,
04-题库/2026机构初赛模拟题/质心GChO/题-GChO-75-06-如下是两个DBU作用下的开环.md,质心GChO,06,元素与分析,初赛,4,入池,,
04-题库/2026机构初赛模拟题/质心GChO/题-GChO-75-07-71散沫花醌Lawsone是.md,质心GChO,07,有机化学,初赛,4,弃卡,非目标模块,B
04-题库/2026机构初赛模拟题/质心GChO/题-GChO-75-08-1在本题中催化剂的作用只是催.md,质心GChO,08,有机化学,初赛,4,弃卡,非目标模块,B
04-题库/2026机构初赛模拟题/质心GChO/题-GChO-75-09-光促进的有机化学反应是目前有.md,质心GChO,09,化学原理,初赛,4,弃卡,有机章节,B
04-题库/2026机构初赛模拟题/质心GChO/题-GChO-76-01-现有一种纯净的白色固体X其由.md,质心GChO,01,结构化学,初赛,4,入池,,
04-题库/2026机构初赛模拟题/质心GChO/题-GChO-76-02-氰基乙烯酮负离子在之前只存在.md,质心GChO,02,有机化学,初赛,4,弃卡,非目标模块,B
04-题库/2026机构初赛模拟题/质心GChO/题-GChO-76-03-为解决氯碱工业中的老大难问题.md,质心GChO,03,化学原理,初赛,4,弃卡,有机章节,B
04-题库/2026机构初赛模拟题/质心GChO/题-GChO-76-04-41把一个体积为10547L.md,质心GChO,04,化学原理,初赛,4,入池,,
04-题库/2026机构初赛模拟题/质心GChO/题-GChO-76-05-52如下为配合物APh的合成.md,质心GChO,05,有机化学,初赛,4,弃卡,非目标模块,B
04-题库/2026机构初赛模拟题/质心GChO/题-GChO-76-06-关于季铵盐和季膦盐的晶体结构.md,质心GChO,06,结构化学,初赛,4,入池,,
04-题库/2026机构初赛模拟题/质心GChO/题-GChO-76-07-71对下列氨基酸的等电点从大.md,质心GChO,07,化学原理,初赛,4,入池,,
04-题库/2026机构初赛模拟题/质心GChO/题-GChO-76-08-如图是一个烯烃的双官能团化反.md,质心GChO,08,有机化学,初赛,4,弃卡,非目标模块,B
04-题库/2026机构初赛模拟题/质心GChO/题-GChO-76-09-有机化学的魅力之一在于它有无.md,质心GChO,09,有机化学,初赛,4,弃卡,非目标模块,B
04-题库/2026机构初赛模拟题/质心GChO/题-GChO-77-01-11高铼酸钾与KOH共热可以.md,质心GChO,01,元素与分析,初赛,4,入池,,
04-题库/2026机构初赛模拟题/质心GChO/题-GChO-77-02-21TMEDATMEDANN.md,质心GChO,02,结构化学,初赛,4,入池,,
04-题库/2026机构初赛模拟题/质心GChO/题-GChO-77-03-在20世纪初期人们发现了玻璃.md,质心GChO,03,化学原理,初赛,4,入池,,
04-题库/2026机构初赛模拟题/质心GChO/题-GChO-77-04-如下是某二元化合物的立方晶胞.md,质心GChO,04,结构化学,初赛,4,入池,,
04-题库/2026机构初赛模拟题/质心GChO/题-GChO-77-05-512022年有人报道了一系.md,质心GChO,05,有机化学,初赛,4,弃卡,非目标模块,B
04-题库/2026机构初赛模拟题/质心GChO/题-GChO-77-06-有机反应的机理常常是十分有趣.md,质心GChO,06,有机化学,初赛,4,弃卡,非目标模块,B
04-题库/2026机构初赛模拟题/质心GChO/题-GChO-77-07-三氟甲基等含氟基团以其独特的.md,质心GChO,07,有机化学,初赛,4,弃卡,非目标模块,B
04-题库/2026机构初赛模拟题/质心GChO/题-GChO-77-08-在众多杂环化合物中13二杂原.md,质心GChO,08,有机化学,初赛,4,弃卡,非目标模块,B
04-题库/2026机构初赛模拟题/质心GChO/题-GChO-78-01-11等电点是一个分子不携带净.md,质心GChO,01,化学原理,初赛,4,弃卡,有机章节,B
04-题库/2026机构初赛模拟题/质心GChO/题-GChO-78-02-天然和合成聚合物在日常生活和.md,质心GChO,02,化学原理,初赛,4,弃卡,有机章节,B
04-题库/2026机构初赛模拟题/质心GChO/题-GChO-78-03-一种包含部分的配合物在绿色植.md,质心GChO,03,化学原理,初赛,4,入池,,
04-题库/2026机构初赛模拟题/质心GChO/题-GChO-78-04-一种新型含UNTe元素的三元.md,质心GChO,04,结构化学,初赛,4,入池,,
04-题库/2026机构初赛模拟题/质心GChO/题-GChO-78-05-MeerweinPonndo.md,质心GChO,05,化学原理,初赛,4,入池,,
04-题库/2026机构初赛模拟题/质心GChO/题-GChO-78-06-同组元素会具有相似的化学性质.md,质心GChO,06,有机化学,初赛,4,弃卡,非目标模块,B
04-题库/2026机构初赛模拟题/质心GChO/题-GChO-78-07-71下列每组物质之间的关系是.md,质心GChO,07,有机化学,初赛,4,弃卡,非目标模块,B
04-题库/2026机构初赛模拟题/质心GChO/题-GChO-78-08-有如下一个不对称合成反应在手.md,质心GChO,08,有机化学,初赛,4,弃卡,非目标模块,B
04-题库/2026机构初赛模拟题/质心GChO/题-GChO-78-09-如下是一个氨基酸位的反应注意.md,质心GChO,09,有机化学,初赛,4,弃卡,非目标模块,B
04-题库/2026机构初赛模拟题/质心GChO/题-GChO-79-01-苯的等电子体无机苯已在多年前.md,质心GChO,01,有机化学,初赛,4,弃卡,非目标模块,B
04-题库/2026机构初赛模拟题/质心GChO/题-GChO-79-02-年轻的化学家小王正在检查当地.md,质心GChO,02,化学原理,初赛,4,入池,,
04-题库/2026机构初赛模拟题/质心GChO/题-GChO-79-03-在1879年瑞典化学家拉尔斯.md,质心GChO,03,元素与分析,初赛,4,入池,,
04-题库/2026机构初赛模拟题/质心GChO/题-GChO-79-04-下图为某含有PSRbPd四种.md,质心GChO,04,结构化学,初赛,4,入池,,
04-题库/2026机构初赛模拟题/质心GChO/题-GChO-79-05-51三甲苯的三种异构体可以互.md,质心GChO,05,化学原理,初赛,4,入池,,
04-题库/2026机构初赛模拟题/质心GChO/题-GChO-79-06-亚铁离子可以与110菲罗啉P.md,质心GChO,06,有机化学,初赛,4,弃卡,非目标模块,B
04-题库/2026机构初赛模拟题/质心GChO/题-GChO-79-07-71烯烃A在下述转化下得到了.md,质心GChO,07,有机化学,初赛,4,弃卡,非目标模块,B
04-题库/2026机构初赛模拟题/质心GChO/题-GChO-79-08-烯胺的化学是有机合成反应基石.md,质心GChO,08,化学原理,初赛,4,弃卡,有机章节,B
04-题库/2026机构初赛模拟题/质心GChO/题-GChO-79-09-由于位阻的存在4级碳的合成始.md,质心GChO,09,有机化学,初赛,4,弃卡,非目标模块,B
04-题库/2026机构初赛模拟题/质心GChO/题-GChO-80-01-11东汉周易参同契中记载胡粉.md,质心GChO,01,化学原理,初赛,4,入池,,
04-题库/2026机构初赛模拟题/质心GChO/题-GChO-80-02-和都是工业中常用的强氧化剂利.md,质心GChO,02,化学原理,初赛,4,入池,,
04-题库/2026机构初赛模拟题/质心GChO/题-GChO-80-03-31键长是决定分子构型的基本.md,质心GChO,03,结构化学,初赛,4,入池,,
04-题库/2026机构初赛模拟题/质心GChO/题-GChO-80-04-41二维材料呈现出丰富的晶体.md,质心GChO,04,结构化学,初赛,4,入池,,
04-题库/2026机构初赛模拟题/质心GChO/题-GChO-80-05-是一种具有溶剂热致变色特性的.md,质心GChO,05,有机化学,初赛,4,弃卡,非目标模块,B
04-题库/2026机构初赛模拟题/质心GChO/题-GChO-80-06-氢气是一种绿色可再生的能源在.md,质心GChO,06,化学原理,初赛,4,弃卡,有机章节,B
04-题库/2026机构初赛模拟题/质心GChO/题-GChO-80-07-71比较下列化合物的酸性强弱.md,质心GChO,07,有机化学,初赛,4,弃卡,非目标模块,B
04-题库/2026机构初赛模拟题/质心GChO/题-GChO-80-08-作为和碳同族的元素硅在有机化.md,质心GChO,08,有机化学,初赛,4,弃卡,非目标模块,B
04-题库/2026机构初赛模拟题/质心GChO/题-GChO-80-09-重排反应是有机化学中非常重要.md,质心GChO,09,有机化学,初赛,4,弃卡,非目标模块,B
04-题库/2026机构初赛模拟题/质心GChO/题-GChO-81-01-酸性强于纯硫酸的酸成为超酸s.md,质心GChO,01,化学原理,初赛,4,弃卡,有机章节,B
04-题库/2026机构初赛模拟题/质心GChO/题-GChO-81-02-大多数金属阳离子在水溶液中会.md,质心GChO,02,化学原理,初赛,4,入池,,
04-题库/2026机构初赛模拟题/质心GChO/题-GChO-81-03-生命体中各种物质的结构和功能.md,质心GChO,03,化学原理,初赛,4,弃卡,有机章节,B
04-题库/2026机构初赛模拟题/质心GChO/题-GChO-81-04-研究者合成了氮杂环硼基取代的.md,质心GChO,04,结构化学,初赛,4,弃卡,有机章节,B
04-题库/2026机构初赛模拟题/质心GChO/题-GChO-81-05-元素A可以与各种卤素形成一系.md,质心GChO,05,结构化学,初赛,4,入池,,
04-题库/2026机构初赛模拟题/质心GChO/题-GChO-81-06-褪黑激素6Melatonin.md,质心GChO,06,有机化学,初赛,4,弃卡,非目标模块,B
04-题库/2026机构初赛模拟题/质心GChO/题-GChO-81-07-71请按从大到小的顺序排列下.md,质心GChO,07,化学原理,初赛,4,弃卡,有机章节,B
04-题库/2026机构初赛模拟题/质心GChO/题-GChO-81-08-小环以其独特的成键结构和反应.md,质心GChO,08,有机化学,初赛,4,弃卡,非目标模块,B
04-题库/2026机构初赛模拟题/质心GChO/题-GChO-81-09-碳碳键形成是有机化学反应的两.md,质心GChO,09,化学原理,初赛,4,弃卡,有机章节,B
04-题库/2026机构初赛模拟题/质心GChO/题-GChO-82-01-化学系二年级学生小李小心翼翼.md,质心GChO,01,化学原理,初赛,4,弃卡,题面泄露,A
04-题库/2026机构初赛模拟题/质心GChO/题-GChO-82-02-金属有机框架材料MOFs是近.md,质心GChO,02,结构化学,初赛,4,弃卡,有机章节,B
04-题库/2026机构初赛模拟题/质心GChO/题-GChO-82-03-常见的氧单质有和氧可参与形成.md,质心GChO,03,结构化学,初赛,4,入池,,
04-题库/2026机构初赛模拟题/质心GChO/题-GChO-82-04-正烷烃是目前人们研究最为深入.md,质心GChO,04,结构化学,初赛,4,入池,,
04-题库/2026机构初赛模拟题/质心GChO/题-GChO-82-05-51近年来在光电材料领域有机.md,质心GChO,05,结构化学,初赛,4,弃卡,有机章节,B
04-题库/2026机构初赛模拟题/质心GChO/题-GChO-82-06-61金属X反应活性较低加热时.md,质心GChO,06,化学原理,初赛,4,入池,,
04-题库/2026机构初赛模拟题/质心GChO/题-GChO-82-07-71现有如下转换请给出原料中.md,质心GChO,07,有机化学,初赛,4,弃卡,非目标模块,B
04-题库/2026机构初赛模拟题/质心GChO/题-GChO-82-08-氮氧单键键能较小只有201k.md,质心GChO,08,有机化学,初赛,4,弃卡,非目标模块,B
04-题库/2026机构初赛模拟题/质心GChO/题-GChO-82-09-光化学反应是现代有机合成方法.md,质心GChO,09,化学原理,初赛,4,入池,,
04-题库/2026机构初赛模拟题/质心GChO/题-GChO-83-01-X是一种强吸湿性据说略带甜味.md,质心GChO,01,元素与分析,初赛,4,弃卡,越界（含他题内容）,A
04-题库/2026机构初赛模拟题/质心GChO/题-GChO-83-02-在气相中元素A存在以下两种平.md,质心GChO,02,化学原理,初赛,4,入池,,
04-题库/2026机构初赛模拟题/质心GChO/题-GChO-83-03-如下是深度同学设计的一种基于.md,质心GChO,03,化学原理,初赛,4,入池,,
04-题库/2026机构初赛模拟题/质心GChO/题-GChO-83-04-MXene是由MAX相处理得.md,质心GChO,04,结构化学,初赛,4,入池,,
04-题库/2026机构初赛模拟题/质心GChO/题-GChO-83-05-第14族元素金属化合物一向是.md,质心GChO,05,有机化学,初赛,4,弃卡,非目标模块,B
04-题库/2026机构初赛模拟题/质心GChO/题-GChO-83-06-实验技能是学习化学必不可少的.md,质心GChO,06,有机化学,初赛,4,弃卡,非目标模块,B
04-题库/2026机构初赛模拟题/质心GChO/题-GChO-83-07-71溴代环己烷有两种椅式构象.md,质心GChO,07,有机化学,初赛,4,弃卡,非目标模块,B
04-题库/2026机构初赛模拟题/质心GChO/题-GChO-83-08-81三元环是最小的环其环张力.md,质心GChO,08,有机化学,初赛,4,弃卡,非目标模块,B
04-题库/2026机构初赛模拟题/质心GChO/题-GChO-83-09-氮杂环丙烷具有丰富的反应性9.md,质心GChO,09,化学原理,初赛,4,弃卡,有机章节,B
04-题库/2026机构初赛模拟题/质心UChO/题-UChO-01-01-11Ag在12K和惰性气氛中.md,质心UChO,01,结构化学,初赛,4,入池,,
04-题库/2026机构初赛模拟题/质心UChO/题-UChO-01-01-11M地壳中丰度045室温下.md,质心UChO,01,结构化学,初赛,4,入池,,
04-题库/2026机构初赛模拟题/质心UChO/题-UChO-01-01-11将TIF溶于KFHF溶液.md,质心UChO,01,结构化学,初赛,4,入池,,
04-题库/2026机构初赛模拟题/质心UChO/题-UChO-01-01-图中的和为以六边形为基础的基.md,质心UChO,01,元素与分析,初赛,4,入池,,
04-题库/2026机构初赛模拟题/质心UChO/题-UChO-01-01-是一种具有特殊化学键的阳离子.md,质心UChO,01,化学原理,初赛,4,入池,,
04-题库/2026机构初赛模拟题/质心UChO/题-UChO-01-01-视觉产生的机理是非常复杂的一.md,质心UChO,01,化学原理,初赛,4,入池,,
04-题库/2026机构初赛模拟题/质心UChO/题-UChO-01-01-银纳米团簇的结构与性质相关性.md,质心UChO,01,结构化学,初赛,4,弃卡,有机章节,B
04-题库/2026机构初赛模拟题/质心UChO/题-UChO-01-02-21在常温常压下用的NaOH.md,质心UChO,02,化学原理,初赛,4,入池,,
04-题库/2026机构初赛模拟题/质心UChO/题-UChO-01-02-21已知在一维势箱中运动的粒.md,质心UChO,02,有机化学,初赛,4,弃卡,非目标模块,B
04-题库/2026机构初赛模拟题/质心UChO/题-UChO-01-02-为分别测定巴黎绿中及三价砷的.md,质心UChO,02,化学原理,初赛,4,入池,,
04-题库/2026机构初赛模拟题/质心UChO/题-UChO-01-02-向含有的二甲胂酸钠缓冲溶液中.md,质心UChO,02,结构化学,初赛,4,入池,,
04-题库/2026机构初赛模拟题/质心UChO/题-UChO-01-02-特殊构型一直为人们所追求譬如.md,质心UChO,02,有机化学,初赛,4,弃卡,非目标模块,B
04-题库/2026机构初赛模拟题/质心UChO/题-UChO-01-02-经典的卡诺循环的pV图可如下.md,质心UChO,02,化学原理,初赛,4,入池,,
04-题库/2026机构初赛模拟题/质心UChO/题-UChO-01-02-钳式配体有助于形成不常见的配.md,质心UChO,02,有机化学,初赛,4,弃卡,非目标模块,B
04-题库/2026机构初赛模拟题/质心UChO/题-UChO-01-03-19世纪一种新的元素X被发现.md,质心UChO,03,结构化学,初赛,4,入池,,
04-题库/2026机构初赛模拟题/质心UChO/题-UChO-01-03-31今年某课题组报道了利用有.md,质心UChO,03,有机化学,初赛,4,弃卡,非目标模块,B
04-题库/2026机构初赛模拟题/质心UChO/题-UChO-01-03-31奥托循环是最常见的汽车动.md,质心UChO,03,化学原理,初赛,4,入池,,
04-题库/2026机构初赛模拟题/质心UChO/题-UChO-01-03-乙烷的脱氢反应可能以如下机理.md,质心UChO,03,化学原理,初赛,4,入池,,
04-题库/2026机构初赛模拟题/质心UChO/题-UChO-01-03-关于常温下的晶体结构有以下表.md,质心UChO,03,结构化学,初赛,4,入池,,
04-题库/2026机构初赛模拟题/质心UChO/题-UChO-01-03-某金属M可以用在低熔合金和电.md,质心UChO,03,结构化学,初赛,4,入池,,
04-题库/2026机构初赛模拟题/质心UChO/题-UChO-01-03-现代工业上制备烷基胺主要是利.md,质心UChO,03,结构化学,初赛,4,弃卡,有机章节,B
04-题库/2026机构初赛模拟题/质心UChO/题-UChO-01-04-41以溶液为滴定剂银丝为指示.md,质心UChO,04,化学原理,初赛,4,入池,,
04-题库/2026机构初赛模拟题/质心UChO/题-UChO-01-04-41氨分子在Pt表面的分解速.md,质心UChO,04,化学原理,初赛,4,弃卡,有机章节,B
04-题库/2026机构初赛模拟题/质心UChO/题-UChO-01-04-下图是某种金属复合氧化物的正.md,质心UChO,04,结构化学,初赛,4,入池,,
04-题库/2026机构初赛模拟题/质心UChO/题-UChO-01-04-庚烷和224三甲基戊烷异辛烷.md,质心UChO,04,化学原理,初赛,4,入池,,
04-题库/2026机构初赛模拟题/质心UChO/题-UChO-01-04-某晶体由ABCDE五种元素构.md,质心UChO,04,结构化学,初赛,4,弃卡,越界（含他题内容）,A
04-题库/2026机构初赛模拟题/质心UChO/题-UChO-01-04-标准压力下Fes的熔点为18.md,质心UChO,04,化学原理,初赛,4,入池,,
04-题库/2026机构初赛模拟题/质心UChO/题-UChO-01-04-由BaMnO三种元素组成的晶.md,质心UChO,04,结构化学,初赛,4,入池,,
04-题库/2026机构初赛模拟题/质心UChO/题-UChO-01-05-51通常我们认为反应的速率只.md,质心UChO,05,化学原理,初赛,4,入池,,
04-题库/2026机构初赛模拟题/质心UChO/题-UChO-01-05-tabletrtd1molN.md,质心UChO,05,化学原理,初赛,4,入池,,
04-题库/2026机构初赛模拟题/质心UChO/题-UChO-01-05-一种由BFeNb组成的晶体晶.md,质心UChO,05,结构化学,初赛,4,入池,,
04-题库/2026机构初赛模拟题/质心UChO/题-UChO-01-05-四方晶体的晶胞结构如下图所示.md,质心UChO,05,结构化学,初赛,4,入池,,
04-题库/2026机构初赛模拟题/质心UChO/题-UChO-01-05-在最开始接触到化学的时候我们.md,质心UChO,05,化学原理,初赛,4,入池,,
04-题库/2026机构初赛模拟题/质心UChO/题-UChO-01-05-开发有机化合物选择性氧化的有.md,质心UChO,05,结构化学,初赛,4,弃卡,有机章节,B
04-题库/2026机构初赛模拟题/质心UChO/题-UChO-01-05-水接受氢离子的能力称为碱度用.md,质心UChO,05,化学原理,初赛,4,入池,,
04-题库/2026机构初赛模拟题/质心UChO/题-UChO-01-06-611865年德国科学家希托.md,质心UChO,06,有机化学,初赛,4,弃卡,非目标模块,B
04-题库/2026机构初赛模拟题/质心UChO/题-UChO-01-06-61写出如下反应过程中的3个.md,质心UChO,06,化学原理,初赛,4,入池,,
04-题库/2026机构初赛模拟题/质心UChO/题-UChO-01-06-61现在恒容密闭容器中对反应.md,质心UChO,06,化学原理,初赛,4,入池,,
04-题库/2026机构初赛模拟题/质心UChO/题-UChO-01-06-61生物发光是自然界中非常有.md,质心UChO,06,化学原理,初赛,4,弃卡,有机章节,B
04-题库/2026机构初赛模拟题/质心UChO/题-UChO-01-06-61计算在溴离子平衡浓度为多.md,质心UChO,06,化学原理,初赛,4,入池,,
04-题库/2026机构初赛模拟题/质心UChO/题-UChO-01-06-某有机三元酸是生物体内重要的.md,质心UChO,06,化学原理,初赛,4,入池,,
04-题库/2026机构初赛模拟题/质心UChO/题-UChO-01-06-水是一种常用的反应溶剂某个反.md,质心UChO,06,化学原理,初赛,4,弃卡,有机章节,B
04-题库/2026机构初赛模拟题/质心UChO/题-UChO-01-07-Friedlnder环化是合.md,质心UChO,07,有机化学,初赛,4,弃卡,非目标模块,B
04-题库/2026机构初赛模拟题/质心UChO/题-UChO-01-07-人工分子马达从生物活性蛋白这.md,质心UChO,07,化学原理,初赛,4,入池,,
04-题库/2026机构初赛模拟题/质心UChO/题-UChO-01-07-元素X的氧化物是一种重要的陶.md,质心UChO,07,结构化学,初赛,4,入池,,
04-题库/2026机构初赛模拟题/质心UChO/题-UChO-01-07-四元环和三元环同为高张力小环.md,质心UChO,07,化学原理,初赛,4,入池,,
04-题库/2026机构初赛模拟题/质心UChO/题-UChO-01-07-有机小分子催化剂X可催化如下.md,质心UChO,07,化学原理,初赛,4,弃卡,有机章节,B
04-题库/2026机构初赛模拟题/质心UChO/题-UChO-01-07-由于芳香性的存在苯环是相当稳.md,质心UChO,07,有机化学,初赛,4,弃卡,非目标模块,B
04-题库/2026机构初赛模拟题/质心UChO/题-UChO-01-07-自由基以其高活性经常能实现你.md,质心UChO,07,化学原理,初赛,4,入池,,
04-题库/2026机构初赛模拟题/质心UChO/题-UChO-01-08-81写出反应过程中的重要中间.md,质心UChO,08,化学原理,初赛,4,入池,,
04-题库/2026机构初赛模拟题/质心UChO/题-UChO-01-08-DA反应是全合成化学家最喜欢.md,质心UChO,08,化学原理,初赛,4,弃卡,有机章节,B
04-题库/2026机构初赛模拟题/质心UChO/题-UChO-01-08-上面这两王粒都合成过高张力小.md,质心UChO,08,结构化学,初赛,4,入池,,
04-题库/2026机构初赛模拟题/质心UChO/题-UChO-01-08-五元芳香杂环是有机化学中一类.md,质心UChO,08,有机化学,初赛,4,弃卡,非目标模块,B
04-题库/2026机构初赛模拟题/质心UChO/题-UChO-01-08-我们先来认识一个牛逼的手性催.md,质心UChO,08,有机化学,初赛,4,弃卡,非目标模块,B
04-题库/2026机构初赛模拟题/质心UChO/题-UChO-01-08-有机化合物的反应性的核心是官.md,质心UChO,08,有机化学,初赛,4,弃卡,非目标模块,B
04-题库/2026机构初赛模拟题/质心UChO/题-UChO-01-08-环丙烷在一定程度上具有与双键.md,质心UChO,08,有机化学,初赛,4,弃卡,非目标模块,B
04-题库/2026机构初赛模拟题/质心UChO/题-UChO-01-09-出题老师不想编背景了大家直接.md,质心UChO,09,有机化学,初赛,4,弃卡,非目标模块,B
04-题库/2026机构初赛模拟题/质心UChO/题-UChO-01-09-羰基是基础有机化学中最核心的.md,质心UChO,09,有机化学,初赛,4,弃卡,非目标模块,B
04-题库/2026机构初赛模拟题/质心UChO/题-UChO-01-10-碎米桠Rabdosirube.md,质心UChO,10,有机化学,初赛,4,弃卡,非目标模块,B
04-题库/2026机构初赛模拟题/质心UChO/题-UChO-02-01-11ReSPhCCPhS是第.md,质心UChO,01,有机化学,初赛,4,弃卡,非目标模块,B
04-题库/2026机构初赛模拟题/质心UChO/题-UChO-02-01-11二氯磷腈是一种用途广泛的.md,质心UChO,01,有机化学,初赛,4,弃卡,非目标模块,B
04-题库/2026机构初赛模拟题/质心UChO/题-UChO-02-01-11某种配合物可由配体与醋酸.md,质心UChO,01,结构化学,初赛,4,弃卡,有机章节,B
04-题库/2026机构初赛模拟题/质心UChO/题-UChO-02-01-11碳单质与氧气在一定条件下.md,质心UChO,01,化学原理,初赛,4,入池,,
04-题库/2026机构初赛模拟题/质心UChO/题-UChO-02-01-低周期副族元素原子或离子的磁.md,质心UChO,01,元素与分析,初赛,4,入池,,
04-题库/2026机构初赛模拟题/质心UChO/题-UChO-02-01-在一定配位环境下的金属离子可.md,质心UChO,01,有机化学,初赛,4,弃卡,非目标模块,B
04-题库/2026机构初赛模拟题/质心UChO/题-UChO-02-01-的活化和还原一直是化学家面临.md,质心UChO,01,有机化学,初赛,4,弃卡,非目标模块,B
04-题库/2026机构初赛模拟题/质心UChO/题-UChO-02-02-21三价铂的一种碱式硫酸盐具.md,质心UChO,02,结构化学,初赛,4,入池,,
04-题库/2026机构初赛模拟题/质心UChO/题-UChO-02-02-21下图是三种常见气体的分子.md,质心UChO,02,化学原理,初赛,4,入池,,
04-题库/2026机构初赛模拟题/质心UChO/题-UChO-02-02-21现将和放入一体积为的真空.md,质心UChO,02,化学原理,初赛,4,入池,,
04-题库/2026机构初赛模拟题/质心UChO/题-UChO-02-02-21给出XY的元素符号和中性.md,质心UChO,02,元素与分析,初赛,4,弃卡,题面/答案过短,A
04-题库/2026机构初赛模拟题/质心UChO/题-UChO-02-02-含有脒基的化合物如下所示在无.md,质心UChO,02,结构化学,初赛,4,入池,,
04-题库/2026机构初赛模拟题/质心UChO/题-UChO-02-02-提到重氮你第一时间想到的是什.md,质心UChO,02,有机化学,初赛,4,弃卡,非目标模块,B
04-题库/2026机构初赛模拟题/质心UChO/题-UChO-02-02-热力学与动力学在体内如配体受.md,质心UChO,02,化学原理,初赛,4,入池,,
04-题库/2026机构初赛模拟题/质心UChO/题-UChO-02-03-31InAuO晶体中沿c方向.md,质心UChO,03,结构化学,初赛,4,入池,,
04-题库/2026机构初赛模拟题/质心UChO/题-UChO-02-03-31半导体高分子纳米材料可用.md,质心UChO,03,有机化学,初赛,4,弃卡,非目标模块,B
04-题库/2026机构初赛模拟题/质心UChO/题-UChO-02-03-31现已知为深红色当其浓度大.md,质心UChO,03,化学原理,初赛,4,入池,,
04-题库/2026机构初赛模拟题/质心UChO/题-UChO-02-03-31苯和萘在液态时能形成理想.md,质心UChO,03,化学原理,初赛,4,入池,,
04-题库/2026机构初赛模拟题/质心UChO/题-UChO-02-03-A立方晶系所有的空间环境相同.md,质心UChO,03,结构化学,初赛,4,入池,,
04-题库/2026机构初赛模拟题/质心UChO/题-UChO-02-03-在时测得气相基元反应的速率常.md,质心UChO,03,化学原理,初赛,4,入池,,
04-题库/2026机构初赛模拟题/质心UChO/题-UChO-02-03-某种Ta的氧化物的晶胞结构如.md,质心UChO,03,结构化学,初赛,4,入池,,
04-题库/2026机构初赛模拟题/质心UChO/题-UChO-02-04-41今年有科学家报道了一种利.md,质心UChO,04,有机化学,初赛,4,弃卡,非目标模块,B
04-题库/2026机构初赛模拟题/质心UChO/题-UChO-02-04-在晶体学中我们唱可以通过晶体.md,质心UChO,04,结构化学,初赛,4,入池,,
04-题库/2026机构初赛模拟题/质心UChO/题-UChO-02-04-某种矿石最开始在俄罗斯被发现.md,质心UChO,04,结构化学,初赛,4,入池,,
04-题库/2026机构初赛模拟题/质心UChO/题-UChO-02-04-氧气分子有时在细胞内以超氧根.md,质心UChO,04,化学原理,初赛,4,入池,,
04-题库/2026机构初赛模拟题/质心UChO/题-UChO-02-04-由LuMnO三种元素组成的晶.md,质心UChO,04,结构化学,初赛,4,入池,,
04-题库/2026机构初赛模拟题/质心UChO/题-UChO-02-04-电池在室温附近电动势与温度满.md,质心UChO,04,化学原理,初赛,4,入池,,
04-题库/2026机构初赛模拟题/质心UChO/题-UChO-02-04-自由基聚合是一种很重要的高分.md,质心UChO,04,化学原理,初赛,4,入池,,
04-题库/2026机构初赛模拟题/质心UChO/题-UChO-02-05-51用EDTA标准溶液分别滴.md,质心UChO,05,化学原理,初赛,4,入池,,
04-题库/2026机构初赛模拟题/质心UChO/题-UChO-02-05-51碘作催化剂时氯苯与氯气在.md,质心UChO,05,化学原理,初赛,4,入池,,
04-题库/2026机构初赛模拟题/质心UChO/题-UChO-02-05-和以19反应可生成三种产物A.md,质心UChO,05,结构化学,初赛,4,入池,,
04-题库/2026机构初赛模拟题/质心UChO/题-UChO-02-05-对于一些结构复杂的晶体我们可.md,质心UChO,05,结构化学,初赛,4,入池,,
04-题库/2026机构初赛模拟题/质心UChO/题-UChO-02-05-对于含Be的某三元化合物G进.md,质心UChO,05,结构化学,初赛,4,入池,,
04-题库/2026机构初赛模拟题/质心UChO/题-UChO-02-05-已知在298K下的电势图pH.md,质心UChO,05,化学原理,初赛,4,入池,,
04-题库/2026机构初赛模拟题/质心UChO/题-UChO-02-05-恒定温度下表面覆盖度与气压的.md,质心UChO,05,化学原理,初赛,4,弃卡,有机章节,B
04-题库/2026机构初赛模拟题/质心UChO/题-UChO-02-06-61制冷剂在冰箱和空调里都是.md,质心UChO,06,化学原理,初赛,4,入池,,
04-题库/2026机构初赛模拟题/质心UChO/题-UChO-02-06-下图为一种实验室制备水合茚三.md,质心UChO,06,有机化学,初赛,4,弃卡,非目标模块,B
04-题库/2026机构初赛模拟题/质心UChO/题-UChO-02-06-众所周知ZCHEM考试是有传.md,质心UChO,06,元素与分析,初赛,4,弃卡,有机章节,B
04-题库/2026机构初赛模拟题/质心UChO/题-UChO-02-06-分子镊子MolecularT.md,质心UChO,06,化学原理,初赛,4,入池,,
04-题库/2026机构初赛模拟题/质心UChO/题-UChO-02-06-含氮多环结构是一类重要的生物.md,质心UChO,06,有机化学,初赛,4,弃卡,非目标模块,B
04-题库/2026机构初赛模拟题/质心UChO/题-UChO-02-06-如下是一个P催化的反应61写.md,质心UChO,06,化学原理,初赛,4,入池,,
04-题库/2026机构初赛模拟题/质心UChO/题-UChO-02-06-如下是一个含有手性碳的五元环.md,质心UChO,06,有机化学,初赛,4,弃卡,非目标模块,B
04-题库/2026机构初赛模拟题/质心UChO/题-UChO-02-07-2021年美国芝加哥大学的M.md,质心UChO,07,元素与分析,初赛,4,弃卡,题面含竞赛真题特征,B
04-题库/2026机构初赛模拟题/质心UChO/题-UChO-02-07-天然产物Clionastat.md,质心UChO,07,化学原理,初赛,4,入池,,
04-题库/2026机构初赛模拟题/质心UChO/题-UChO-02-07-是一种经典的Lewis酸与其.md,质心UChO,07,有机化学,初赛,4,弃卡,非目标模块,B
04-题库/2026机构初赛模拟题/质心UChO/题-UChO-02-07-有机小分子催化是有机合成方法.md,质心UChO,07,有机化学,初赛,4,弃卡,非目标模块,B
04-题库/2026机构初赛模拟题/质心UChO/题-UChO-02-07-烯丙位是有机化合物中相对活泼.md,质心UChO,07,元素与分析,初赛,4,弃卡,有机章节,B
04-题库/2026机构初赛模拟题/质心UChO/题-UChO-02-07-环加成反应一般发生在体系之间.md,质心UChO,07,有机化学,初赛,4,弃卡,非目标模块,B
04-题库/2026机构初赛模拟题/质心UChO/题-UChO-02-08-Clickchemistry.md,质心UChO,08,化学原理,初赛,4,入池,,
04-题库/2026机构初赛模拟题/质心UChO/题-UChO-02-08-亚砜是有机化学中重要的官能团.md,质心UChO,08,有机化学,初赛,4,弃卡,非目标模块,B
04-题库/2026机构初赛模拟题/质心UChO/题-UChO-02-08-杂萜类化合物是一类重要的天然.md,质心UChO,08,有机化学,初赛,4,弃卡,非目标模块,B
04-题库/2026机构初赛模拟题/质心UChO/题-UChO-02-08-氮杂环卡宾NHC是重要的有机.md,质心UChO,08,有机化学,初赛,4,弃卡,非目标模块,B
04-题库/2026机构初赛模拟题/质心UChO/题-UChO-02-08-羰基位的卤化反应是有机化学中.md,质心UChO,08,元素与分析,初赛,4,弃卡,有机章节,B
04-题库/2026机构初赛模拟题/质心UChO/题-UChO-02-09-在有机化学中碳碳sigma键.md,质心UChO,09,有机化学,初赛,4,弃卡,非目标模块,B
04-题库/2026机构初赛模拟题/质心UChO/题-UChO-10-07-六氟异丙醇H.md,质心UChO,07,化学原理,初赛,4,弃卡,有机章节,B
04-题库/2026机构初赛模拟题/质心UChO/题-UChO-15-UChO-01-独居石CeLaNdThPO和.md,质心UChO,,结构化学,初赛,4,弃卡,无答案/占位,A
04-题库/2026机构初赛模拟题/质心UChO/题-UChO-15-UChO-02-尼奥斯湖位于非洲喀麦隆西北部.md,质心UChO,,化学原理,初赛,4,弃卡,无答案/占位,A
04-题库/2026机构初赛模拟题/质心UChO/题-UChO-15-UChO-03-熊大站在一棵树旁聚精会神地向.md,质心UChO,,化学原理,初赛,4,弃卡,无答案/占位,A
04-题库/2026机构初赛模拟题/质心UChO/题-UChO-15-UChO-04-具有特殊光学性质的晶体一直是.md,质心UChO,,结构化学,初赛,4,弃卡,无答案/占位,A
04-题库/2026机构初赛模拟题/质心UChO/题-UChO-15-UChO-05-本题中的气体都视作理想气体5.md,质心UChO,,化学原理,初赛,4,弃卡,无答案/占位,A
04-题库/2026机构初赛模拟题/质心UChO/题-UChO-15-UChO-06-DNA是一种由核苷酸组成的长.md,质心UChO,,化学原理,初赛,4,弃卡,无答案/占位,A
04-题库/2026机构初赛模拟题/质心UChO/题-UChO-15-UChO-07-虽然不一定合理但答题时本题所.md,质心UChO,,化学原理,初赛,4,弃卡,无答案/占位,A
04-题库/2026机构初赛模拟题/质心UChO/题-UChO-15-UChO-08-Friedlnder环化是合.md,质心UChO,,有机化学,初赛,4,弃卡,非目标模块,B
04-题库/2026机构初赛模拟题/质心UChO/题-UChO-15-UChO-09-重排反应是有机化学中最为神奇.md,质心UChO,,化学原理,初赛,4,弃卡,有机章节,B
04-题库/2026机构初赛模拟题/质心UChO/题-UChO-15-UChO-10-立体化学是有机化学学习的重点.md,质心UChO,,有机化学,初赛,4,弃卡,非目标模块,B
04-题库/2026机构初赛模拟题/质心UChO/题-UChO-16-UChO-01-1960年第一例含SNF的化.md,质心UChO,,元素与分析,初赛,4,弃卡,有机章节,B
04-题库/2026机构初赛模拟题/质心UChO/题-UChO-16-UChO-02-钽试剂N苯甲酰N苯基羟胺BH.md,质心UChO,,有机化学,初赛,4,弃卡,非目标模块,B
04-题库/2026机构初赛模拟题/质心UChO/题-UChO-16-UChO-03-31现拟采用催化氧化的方法制.md,质心UChO,,化学原理,初赛,4,入池,,
04-题库/2026机构初赛模拟题/质心UChO/题-UChO-16-UChO-04-现有一均相酸催化反应在酸性溶.md,质心UChO,,化学原理,初赛,4,入池,,
04-题库/2026机构初赛模拟题/质心UChO/题-UChO-16-UChO-05-在弱碱性的缓冲体系中向钼VI.md,质心UChO,,有机化学,初赛,4,弃卡,非目标模块,B
04-题库/2026机构初赛模拟题/质心UChO/题-UChO-16-UChO-06-较高温度下用液态的钾和石墨接.md,质心UChO,,结构化学,初赛,4,入池,,
04-题库/2026机构初赛模拟题/质心UChO/题-UChO-16-UChO-07-硅和碳是同一族的元素在性质上.md,质心UChO,,化学原理,初赛,4,入池,,
04-题库/2026机构初赛模拟题/质心UChO/题-UChO-16-UChO-08-Pallambins是一类从.md,质心UChO,,有机化学,初赛,4,弃卡,非目标模块,B
04-题库/2026机构初赛模拟题/质心UChO/题-UChO-17-UChO-01-已知石膏的脱水反应mathr.md,质心UChO,,化学原理,初赛,4,入池,,
04-题库/2026机构初赛模拟题/质心UChO/题-UChO-17-UChO-03-甲醛法是一种常用的测定有机物.md,质心UChO,,化学原理,初赛,4,弃卡,有机章节,B
04-题库/2026机构初赛模拟题/质心UChO/题-UChO-17-UChO-04-411960年Wacker开.md,质心UChO,,化学原理,初赛,4,弃卡,有机章节,B
04-题库/2026机构初赛模拟题/质心UChO/题-UChO-17-UChO-05-自石墨烯的发现以来二维层型材.md,质心UChO,,结构化学,初赛,4,入池,,
04-题库/2026机构初赛模拟题/质心UChO/题-UChO-17-UChO-06-化合物A为某无色晶体易溶于水.md,质心UChO,,元素与分析,初赛,4,弃卡,有机章节,B
04-题库/2026机构初赛模拟题/质心UChO/题-UChO-17-UChO-07-Nazarov环化反应可以广.md,质心UChO,,有机化学,初赛,4,弃卡,非目标模块,B
04-题库/2026机构初赛模拟题/质心UChO/题-UChO-17-UChO-08-天然产物Vinigrol具有.md,质心UChO,,有机化学,初赛,4,弃卡,非目标模块,B
04-题库/2026机构初赛模拟题/质心UChO/题-UChO-17-UChO-09-亚砜类化合物是有机合成中非常.md,质心UChO,,有机化学,初赛,4,弃卡,非目标模块,B
04-题库/2026机构初赛模拟题/方圆/题-FY-01-01-11标出下列物质中手性碳的R.md,方圆,01,有机化学,初赛,4,弃卡,非目标模块,B
04-题库/2026机构初赛模拟题/方圆/题-FY-01-01-人的身体由许许多多原子组成它.md,方圆,01,元素与分析,初赛,4,入池,,
04-题库/2026机构初赛模拟题/方圆/题-FY-01-01-舞是中国古人对磷火现象的早期.md,方圆,01,有机化学,初赛,4,弃卡,非目标模块,B
04-题库/2026机构初赛模拟题/方圆/题-FY-01-01-铀Uranium是最重要的天.md,方圆,01,结构化学,初赛,4,入池,,
04-题库/2026机构初赛模拟题/方圆/题-FY-01-02-21beginarraycm.md,方圆,02,化学原理,初赛,4,弃卡,有机章节,B
04-题库/2026机构初赛模拟题/方圆/题-FY-01-02-焕焕取代孙多成张飞等值取代2.md,方圆,02,化学原理,初赛,4,弃卡,有机章节,B
04-题库/2026机构初赛模拟题/方圆/题-FY-01-02-电催化二氧化碳还原ECR作为.md,方圆,02,化学原理,初赛,4,弃卡,有机章节,B
04-题库/2026机构初赛模拟题/方圆/题-FY-01-02-金属有机框架MetalOrg.md,方圆,02,结构化学,初赛,4,弃卡,有机章节,B
04-题库/2026机构初赛模拟题/方圆/题-FY-01-02-随着化学的发展许多多面体形状.md,方圆,02,结构化学,初赛,4,入池,,
04-题库/2026机构初赛模拟题/方圆/题-FY-01-03-31化合物在酸性水溶液中转变.md,方圆,03,有机化学,初赛,4,弃卡,非目标模块,B
04-题库/2026机构初赛模拟题/方圆/题-FY-01-03-wwwfangyuanedu.md,方圆,03,有机化学,初赛,4,弃卡,非目标模块,B
04-题库/2026机构初赛模拟题/方圆/题-FY-01-03-在农业生态系统中如果把作物秸.md,方圆,03,化学原理,初赛,4,弃卡,越界（含他题内容）,A
04-题库/2026机构初赛模拟题/方圆/题-FY-01-03-最近研究人员以硼功能化七磷化.md,方圆,03,有机化学,初赛,4,弃卡,非目标模块,B
04-题库/2026机构初赛模拟题/方圆/题-FY-01-03-血液是生物体循环系统的主要载.md,方圆,03,化学原理,初赛,4,入池,,
04-题库/2026机构初赛模拟题/方圆/题-FY-01-04-41比较下列化合物的酸性由强.md,方圆,04,有机化学,初赛,4,弃卡,非目标模块,B
04-题库/2026机构初赛模拟题/方圆/题-FY-01-04-41考虑一个A到B的转化过程.md,方圆,04,化学原理,初赛,4,入池,,
04-题库/2026机构初赛模拟题/方圆/题-FY-01-04-在碳的有机化学中卡宾和卡拜是.md,方圆,04,有机化学,初赛,4,弃卡,非目标模块,B
04-题库/2026机构初赛模拟题/方圆/题-FY-01-04-多环芳烃PAHs是大气污染物.md,方圆,04,化学原理,初赛,4,弃卡,有机章节,B
04-题库/2026机构初赛模拟题/方圆/题-FY-01-05-51X是某天然矿物的主要成分.md,方圆,05,结构化学,初赛,4,入池,,
04-题库/2026机构初赛模拟题/方圆/题-FY-01-05-51给出中间产物A以及关键中.md,方圆,05,有机化学,初赛,4,弃卡,非目标模块,B
04-题库/2026机构初赛模拟题/方圆/题-FY-01-05-下图所示的是CuO沿三个轴向.md,方圆,05,结构化学,初赛,4,入池,,
04-题库/2026机构初赛模拟题/方圆/题-FY-01-05-第一部分蓝51普鲁士蓝PBK.md,方圆,05,结构化学,初赛,4,入池,,
04-题库/2026机构初赛模拟题/方圆/题-FY-01-06-611在一个萃取过程中体系的.md,方圆,06,化学原理,初赛,4,弃卡,有机章节,B
04-题库/2026机构初赛模拟题/方圆/题-FY-01-06-61以下是某有机物的合成路线.md,方圆,06,有机化学,初赛,4,弃卡,非目标模块,B
04-题库/2026机构初赛模拟题/方圆/题-FY-01-06-储气库是大量天然气的储存设施.md,方圆,06,结构化学,初赛,4,入池,,
04-题库/2026机构初赛模拟题/方圆/题-FY-01-06-某些具有特殊结构的Lewis.md,方圆,06,有机化学,初赛,4,弃卡,非目标模块,B
04-题库/2026机构初赛模拟题/方圆/题-FY-01-07-71为下列反应的立体选择性提.md,方圆,07,有机化学,初赛,4,弃卡,非目标模块,B
04-题库/2026机构初赛模拟题/方圆/题-FY-01-07-71对比下列消除反应的速率A.md,方圆,07,化学原理,初赛,4,入池,,
04-题库/2026机构初赛模拟题/方圆/题-FY-01-07-71排序化合物ABC离去OT.md,方圆,07,化学原理,初赛,4,弃卡,有机章节,B
04-题库/2026机构初赛模拟题/方圆/题-FY-01-07-71鉴别以下化合物写出鉴定的.md,方圆,07,化学原理,初赛,4,弃卡,有机章节,B
04-题库/2026机构初赛模拟题/方圆/题-FY-01-08-81Carreira课题组在.md,方圆,08,有机化学,初赛,4,弃卡,非目标模块,B
04-题库/2026机构初赛模拟题/方圆/题-FY-01-08-81Masahiro课题组开.md,方圆,08,有机化学,初赛,4,弃卡,非目标模块,B
04-题库/2026机构初赛模拟题/方圆/题-FY-01-08-81某课题组在研究AuI催化.md,方圆,08,有机化学,初赛,4,弃卡,非目标模块,B
04-题库/2026机构初赛模拟题/方圆/题-FY-01-08-81沸石即止暴剂或助沸剂为什.md,方圆,08,有机化学,初赛,4,弃卡,非目标模块,B
04-题库/2026机构初赛模拟题/方圆/题-FY-01-09-Grignardreagen.md,方圆,09,有机化学,初赛,4,弃卡,非目标模块,B
04-题库/2026机构初赛模拟题/方圆/题-FY-01-09-NorrishII型反应在合.md,方圆,09,有机化学,初赛,4,弃卡,非目标模块,B
04-题库/2026机构初赛模拟题/方圆/题-FY-01-09-亲核性碱性二对H亲核性Gri.md,方圆,09,有机化学,初赛,4,弃卡,非目标模块,B
04-题库/2026机构初赛模拟题/方圆/题-FY-01-09-异腈是腈类化合物的异构体其官.md,方圆,09,有机化学,初赛,4,弃卡,非目标模块,B
04-题库/2026机构初赛模拟题/方圆/题-FY-01-09-烯酮是具有高度活性和选择性的.md,方圆,09,有机化学,初赛,4,弃卡,非目标模块,B
04-题库/2026机构初赛模拟题/方圆/题-FY-02-01-在的存在下DMFNN二甲基甲.md,方圆,01,有机化学,初赛,4,弃卡,非目标模块,B
04-题库/2026机构初赛模拟题/方圆/题-FY-02-03-葡萄糖是一种非常常见的化合物.md,方圆,03,化学原理,初赛,4,弃卡,有机章节,B
04-题库/2026机构初赛模拟题/方圆/题-FY-02-04-41写出下列反应中中间体12.md,方圆,04,元素与分析,初赛,4,弃卡,有机章节,B
04-题库/2026机构初赛模拟题/方圆/题-FY-02-07-在有机化学的学习过程中掌握基.md,方圆,07,有机化学,初赛,4,弃卡,非目标模块,B
04-题库/2026机构初赛模拟题/方圆/题-FY-02-07-质子泵抑制剂PPI是目前治疗.md,方圆,07,化学原理,初赛,4,弃卡,有机章节,B
04-题库/2026机构初赛模拟题/方圆/题-FY-02-08-Appel反应和CoeryF.md,方圆,08,有机化学,初赛,4,弃卡,非目标模块,B
04-题库/2026机构初赛模拟题/方圆/题-FY-02-08-通过改变官能团的亲核或亲电反.md,方圆,08,有机化学,初赛,4,弃卡,非目标模块,B
04-题库/2026机构初赛模拟题/方圆/题-FY-02-09-2023年8月日本东京大学的.md,方圆,09,有机化学,初赛,4,弃卡,非目标模块,B
04-题库/2026机构初赛模拟题/方圆/题-FY-02-09-已知一维势箱中粒子的能量为封.md,方圆,09,化学原理,初赛,4,弃卡,有机章节,B
04-题库/2026机构初赛模拟题/方圆/题-FY-02-10-101在过去的二十年中均相金.md,方圆,10,有机化学,初赛,4,弃卡,非目标模块,B
04-题库/2026机构初赛模拟题/方圆/题-FY-08-01-11SiC俗名金刚砂是一种极.md,方圆,01,化学原理,初赛,4,入池,,
04-题库/2026机构初赛模拟题/方圆/题-FY-08-02-对大多数化学反应而言液相气相.md,方圆,02,结构化学,初赛,4,弃卡,有机章节,B
04-题库/2026机构初赛模拟题/方圆/题-FY-08-03-铈是一种常用的强氧化剂因其还.md,方圆,03,化学原理,初赛,4,入池,,
04-题库/2026机构初赛模拟题/方圆/题-FY-08-04-随着我国双碳战略的实施二氧化.md,方圆,04,化学原理,初赛,4,入池,,
04-题库/2026机构初赛模拟题/方圆/题-FY-08-05-有机无机杂化材料Organi.md,方圆,05,结构化学,初赛,4,弃卡,有机章节,B
04-题库/2026机构初赛模拟题/方圆/题-FY-08-06-某元素X的黄色含氯化合物A能.md,方圆,06,结构化学,初赛,4,入池,,
04-题库/2026机构初赛模拟题/方圆/题-FY-08-07-Perkin反应是一个非常经.md,方圆,07,化学原理,初赛,4,弃卡,有机章节,B
04-题库/2026机构初赛模拟题/方圆/题-FY-08-08-81试比较下列氢的酸性由弱至.md,方圆,08,化学原理,初赛,4,入池,,
04-题库/2026机构初赛模拟题/方圆/题-FY-08-09-91在轨道对称性禁阻的情况下.md,方圆,09,有机化学,初赛,4,弃卡,非目标模块,B
04-题库/2026机构初赛模拟题/方圆/题-FY-08-10-菲是一种稠环芳烃但其芳香性相.md,方圆,10,有机化学,初赛,4,弃卡,非目标模块,B
04-题库/2026机构初赛模拟题/方圆/题-FY-09-01-11CuI的电化学已知298.md,方圆,01,化学原理,初赛,4,入池,,
04-题库/2026机构初赛模拟题/方圆/题-FY-09-02-当铜族元素和拟卤素离子能够形.md,方圆,02,化学原理,初赛,4,弃卡,答案公式未转录,A
04-题库/2026机构初赛模拟题/方圆/题-FY-09-03-Kagom网格是一种由大量共.md,方圆,03,结构化学,初赛,4,入池,,
04-题库/2026机构初赛模拟题/方圆/题-FY-09-04-某肥料的主要成分是硝酸铵此外.md,方圆,04,化学原理,初赛,4,弃卡,答案公式未转录,A
04-题库/2026机构初赛模拟题/方圆/题-FY-09-05-树状高分子dendrimer.md,方圆,05,有机化学,初赛,4,弃卡,非目标模块,B
04-题库/2026机构初赛模拟题/方圆/题-FY-09-06-丙烯的反应通常会产生一些活性.md,方圆,06,有机化学,初赛,4,弃卡,非目标模块,B
04-题库/2026机构初赛模拟题/方圆/题-FY-09-07-在平衡条件下蛋白质会不断地折.md,方圆,07,有机化学,初赛,4,弃卡,非目标模块,B
04-题库/2026机构初赛模拟题/方圆/题-FY-09-08-81卤烷与NaOH在水与乙醇.md,方圆,08,有机化学,初赛,4,弃卡,非目标模块,B
04-题库/2026机构初赛模拟题/方圆/题-FY-09-09-碎裂化反应是一个非常重要的反.md,方圆,09,有机化学,初赛,4,弃卡,非目标模块,B
04-题库/2026机构初赛模拟题/方圆/题-FY-09-10-氮杂环辛四烯是一种有趣的化合.md,方圆,10,有机化学,初赛,4,弃卡,非目标模块,B
04-题库/2026机构初赛模拟题/方圆/题-FY-10-01-11焙烧硫化钼矿石时混有的硫.md,方圆,01,元素与分析,初赛,4,入池,,
04-题库/2026机构初赛模拟题/方圆/题-FY-10-02-21现有一工业镀液中含有约0.md,方圆,02,有机化学,初赛,4,弃卡,非目标模块,B
04-题库/2026机构初赛模拟题/方圆/题-FY-10-03-元素的多核物种总令人惊叹特别.md,方圆,03,结构化学,初赛,4,入池,,
04-题库/2026机构初赛模拟题/方圆/题-FY-10-04-硝酸是一种重要的工业原料可用.md,方圆,04,化学原理,初赛,4,入池,,
04-题库/2026机构初赛模拟题/方圆/题-FY-10-05-一系列通过配体L1与L2连接.md,方圆,05,结构化学,初赛,4,入池,,
04-题库/2026机构初赛模拟题/方圆/题-FY-10-06-分子变色龙特指一类可以通过改.md,方圆,06,化学原理,初赛,4,弃卡,有机章节,B
04-题库/2026机构初赛模拟题/方圆/题-FY-10-07-VSEPR理论即价层电子对互.md,方圆,07,化学原理,初赛,4,入池,,
04-题库/2026机构初赛模拟题/方圆/题-FY-10-08-酯化反应作为有机化学中经典的.md,方圆,08,化学原理,初赛,4,弃卡,有机章节,B
04-题库/2026机构初赛模拟题/方圆/题-FY-10-09-氮杂环卡宾NHC不仅是配位化.md,方圆,09,有机化学,初赛,4,弃卡,非目标模块,B
04-题库/2026机构初赛模拟题/方圆/题-FY-11-01-在一个体积为11042L的已.md,方圆,01,化学原理,初赛,4,入池,,
04-题库/2026机构初赛模拟题/方圆/题-FY-11-02-金具有独特的性质和高稳定性在.md,方圆,02,化学原理,初赛,4,弃卡,有机章节,B
04-题库/2026机构初赛模拟题/方圆/题-FY-11-03-冰面为什么滑呢其中一种解释说.md,方圆,03,化学原理,初赛,4,入池,,
04-题库/2026机构初赛模拟题/方圆/题-FY-11-04-理查三世是英格兰约克王朝最后.md,方圆,04,化学原理,初赛,4,入池,,
04-题库/2026机构初赛模拟题/方圆/题-FY-11-05-直接燃烧燃料获得热能再将热能.md,方圆,05,化学原理,初赛,4,入池,,
04-题库/2026机构初赛模拟题/方圆/题-FY-11-06-目前人们发现DNA不仅是包含.md,方圆,06,结构化学,初赛,4,入池,,
04-题库/2026机构初赛模拟题/方圆/题-FY-11-07-测定某金属元素M的氯化物Y的.md,方圆,07,有机化学,初赛,4,弃卡,非目标模块,B
04-题库/2026机构初赛模拟题/方圆/题-FY-11-08-一个容积为2L的烧瓶其中盛有.md,方圆,08,化学原理,初赛,4,入池,,
04-题库/2026机构初赛模拟题/方圆/题-FY-11-09-在自然条件下蛋白质会由所含氨.md,方圆,09,化学原理,初赛,4,入池,,
04-题库/2026机构初赛模拟题/方圆/题-FY-无机专题一-01-11在碱性条件下用还原得到一.md,方圆,,化学原理,初赛,4,弃卡,题面泄露,A
04-题库/2026机构初赛模拟题/方圆/题-FY-无机专题一-02-全氮类物质能够分解产生极稳定.md,方圆,,有机化学,初赛,4,弃卡,非目标模块,B
04-题库/2026机构初赛模拟题/方圆/题-FY-无机专题一-03-在密封管中将镁粉乙二胺和石墨.md,方圆,,有机化学,初赛,4,弃卡,非目标模块,B
04-题库/2026机构初赛模拟题/方圆/题-FY-无机专题一-04-元素A可以与各种卤素形成一系.md,方圆,,结构化学,初赛,4,入池,,
04-题库/2026机构初赛模拟题/方圆/题-FY-无机专题一-05-从金属晶体的密堆积出发可以认.md,方圆,,结构化学,初赛,4,入池,,
04-题库/2026机构初赛模拟题/方圆/题-FY-无机专题一-06-固体电解质是具有与强电解质水.md,方圆,,结构化学,初赛,4,入池,,
04-题库/2026机构初赛模拟题/方圆/题-FY-无机专题一-07-合金为面心立方结构在此结构中.md,方圆,,结构化学,初赛,4,入池,,
04-题库/2026机构初赛模拟题/方圆/题-FY-无机专题一-08-胰岛素是一种信号激素它在动物.md,方圆,,有机化学,初赛,4,弃卡,非目标模块,B
04-题库/2026机构初赛模拟题/方圆/题-FY-无机专题一-09-铁硫蛋白是一类具有传递电子功.md,方圆,,结构化学,初赛,4,入池,,
04-题库/2026机构初赛模拟题/方圆/题-FY-无机专题一-10-羰基化合物的不对称氢化反应在.md,方圆,,有机化学,初赛,4,弃卡,非目标模块,B
04-题库/2026机构初赛模拟题/一式/题-YS-01-01-A是一种由三种主族元素构成的.md,一式,01,化学原理,初赛,4,入池,,
04-题库/2026机构初赛模拟题/一式/题-YS-01-02-1985年还是博士生的Ron.md,一式,02,化学原理,初赛,4,入池,,
04-题库/2026机构初赛模拟题/一式/题-YS-01-03-碳因其在和杂化下形成长链的能.md,一式,03,结构化学,初赛,4,弃卡,有机章节,B
04-题库/2026机构初赛模拟题/一式/题-YS-01-04-在固体化学中同源系列是指一类.md,一式,04,结构化学,初赛,4,入池,,
04-题库/2026机构初赛模拟题/一式/题-YS-01-05-高氧化态的过渡金属亚烷基配合.md,一式,05,化学原理,初赛,4,弃卡,有机章节,B
04-题库/2026机构初赛模拟题/一式/题-YS-01-06-61四苯基锡是制备多种锡基有.md,一式,06,化学原理,初赛,4,弃卡,有机章节,B
04-题库/2026机构初赛模拟题/一式/题-YS-01-07-71预测在环己13二烯中的C.md,一式,07,化学原理,初赛,4,弃卡,答案公式未转录,A
04-题库/2026机构初赛模拟题/一式/题-YS-01-08-利用有机硼与底物的发生配位后.md,一式,08,有机化学,初赛,4,弃卡,非目标模块,B
04-题库/2026机构初赛模拟题/一式/题-YS-01-09-块在高温情况下可以表现出不寻.md,一式,09,有机化学,初赛,4,弃卡,非目标模块,B
04-题库/2026机构初赛模拟题/一式/题-YS-02-01-周易参同契中记载了如下有关金.md,一式,01,元素与分析,初赛,4,入池,,
04-题库/2026机构初赛模拟题/一式/题-YS-02-02-含磷小分子是构建复杂有机磷化.md,一式,02,有机化学,初赛,4,弃卡,非目标模块,B
04-题库/2026机构初赛模拟题/一式/题-YS-02-03-锂离子电池已成为移动能源市场.md,一式,03,化学原理,初赛,4,入池,,
04-题库/2026机构初赛模拟题/一式/题-YS-02-04-碳化物因碳的电负性适中而表现.md,一式,04,结构化学,初赛,4,入池,,
04-题库/2026机构初赛模拟题/一式/题-YS-02-05-传统药物大多通过抑制酶或受体.md,一式,05,化学原理,初赛,4,入池,,
04-题库/2026机构初赛模拟题/一式/题-YS-02-06-双键是一种常见的结构由于其具.md,一式,06,元素与分析,初赛,4,弃卡,越界（含他题内容）,A
04-题库/2026机构初赛模拟题/一式/题-YS-02-07-71下列所示的原酸酯在酸性条.md,一式,07,有机化学,初赛,4,弃卡,非目标模块,B
04-题库/2026机构初赛模拟题/一式/题-YS-02-08-叔膦催化的反应一直是竞赛考察.md,一式,08,有机化学,初赛,4,弃卡,非目标模块,B
04-题库/2026机构初赛模拟题/一式/题-YS-02-09-通过一些方法构筑高张力的中间.md,一式,09,有机化学,初赛,4,弃卡,非目标模块,B
04-题库/2026机构初赛模拟题/一式/题-YS-03-01-浊沸石Laumontite是.md,一式,01,化学原理,初赛,4,入池,,
04-题库/2026机构初赛模拟题/一式/题-YS-03-02-元素X具有多种同素异形体能形.md,一式,02,结构化学,初赛,4,弃卡,有机章节,B
04-题库/2026机构初赛模拟题/一式/题-YS-03-03-主族元素E的氧化物与碱金属M.md,一式,03,结构化学,初赛,4,入池,,
04-题库/2026机构初赛模拟题/一式/题-YS-03-04-智能材料是一类能感应环境变化.md,一式,04,化学原理,初赛,4,入池,,
04-题库/2026机构初赛模拟题/一式/题-YS-03-05-杂化铅卤化物材料因其优异的光.md,一式,05,结构化学,初赛,4,弃卡,有机章节,B
04-题库/2026机构初赛模拟题/一式/题-YS-03-06-61选出下列两组化合物中酸性.md,一式,06,有机化学,初赛,4,弃卡,非目标模块,B
04-题库/2026机构初赛模拟题/一式/题-YS-03-07-肼是一种无色油状液体具有强烈.md,一式,07,有机化学,初赛,4,弃卡,非目标模块,B
04-题库/2026机构初赛模拟题/一式/题-YS-03-08-如题无庸赘述考虑如下反应81.md,一式,08,有机化学,初赛,4,弃卡,非目标模块,B
04-题库/2026机构初赛模拟题/一式/题-YS-04-01-在古代波斯有一位炼金术士得到.md,一式,01,化学原理,初赛,4,入池,,
04-题库/2026机构初赛模拟题/一式/题-YS-04-02-对叔丁基杯8芳烃能选择性地与.md,一式,02,有机化学,初赛,4,弃卡,非目标模块,B
04-题库/2026机构初赛模拟题/一式/题-YS-04-03-过渡金属M具有23及4等多种.md,一式,03,化学原理,初赛,4,入池,,
04-题库/2026机构初赛模拟题/一式/题-YS-04-04-中红外波段220nm激光在远.md,一式,04,结构化学,初赛,4,入池,,
04-题库/2026机构初赛模拟题/一式/题-YS-04-05-分子镊子是一类化合物它们能够.md,一式,05,化学原理,初赛,4,入池,,
04-题库/2026机构初赛模拟题/一式/题-YS-04-06-二茂铁的发现确立了以环戊烯为.md,一式,06,结构化学,初赛,4,弃卡,有机章节,B
04-题库/2026机构初赛模拟题/一式/题-YS-04-07-71选出下列两组还原反应的主.md,一式,07,有机化学,初赛,4,弃卡,非目标模块,B
04-题库/2026机构初赛模拟题/一式/题-YS-04-08-20世纪50年代末Brook.md,一式,08,化学原理,初赛,4,弃卡,有机章节,B
04-题库/2026机构初赛模拟题/一式/题-YS-04-09-高价碘试剂是一类环境友好低成.md,一式,09,化学原理,初赛,4,弃卡,有机章节,B
04-题库/2026机构初赛模拟题/一式/题-YS-05-01-与碳不同锗容易形成稳定的低价.md,一式,01,有机化学,初赛,4,弃卡,非目标模块,B
04-题库/2026机构初赛模拟题/一式/题-YS-05-02-渗透方法可以用来研究小分子物.md,一式,02,化学原理,初赛,4,入池,,
04-题库/2026机构初赛模拟题/一式/题-YS-05-03-在第37届中国化学奥林匹克竞.md,一式,03,元素与分析,初赛,4,弃卡,题面含竞赛真题特征,B
04-题库/2026机构初赛模拟题/一式/题-YS-05-04-某种二元卤化物晶体沿不同方向.md,一式,04,结构化学,初赛,4,入池,,
04-题库/2026机构初赛模拟题/一式/题-YS-05-05-水乃生命之源降雨则是大自然调.md,一式,05,结构化学,初赛,4,入池,,
04-题库/2026机构初赛模拟题/一式/题-YS-05-06-二硫烯dithiolene是.md,一式,06,有机化学,初赛,4,弃卡,非目标模块,B
04-题库/2026机构初赛模拟题/一式/题-YS-05-07-71定义下列羰基取代氮原子置.md,一式,07,化学原理,初赛,4,弃卡,题面含竞赛真题特征,B
04-题库/2026机构初赛模拟题/一式/题-YS-05-08-在第36届中国化学原料匹克初.md,一式,08,有机化学,初赛,4,弃卡,非目标模块,B
04-题库/2026机构初赛模拟题/一式/题-YS-05-09-91传统的头尾环化策略在构建.md,一式,09,化学原理,初赛,4,弃卡,有机章节,B
04-题库/2026机构初赛模拟题/一式/题-YS-06-01-1886年Winkler在德.md,一式,01,元素与分析,初赛,4,入池,,
04-题库/2026机构初赛模拟题/一式/题-YS-06-02-化学式形如的晶体实际蕴含多种.md,一式,02,结构化学,初赛,4,入池,,
04-题库/2026机构初赛模拟题/一式/题-YS-06-03-2025年研究者开发了一种铜.md,一式,03,结构化学,初赛,4,弃卡,有机章节,B
04-题库/2026机构初赛模拟题/一式/题-YS-06-04-理解肌肉中能量产生的调控因素.md,一式,04,化学原理,初赛,4,入池,,
04-题库/2026机构初赛模拟题/一式/题-YS-06-05-羟胺在核燃料后处理中作为还原.md,一式,05,结构化学,初赛,4,入池,,
04-题库/2026机构初赛模拟题/一式/题-YS-06-06-对叔丁基杯8芳烃实验原理富勒.md,一式,06,有机化学,初赛,4,弃卡,非目标模块,B
04-题库/2026机构初赛模拟题/一式/题-YS-06-07-71考虑如下的关于烯烃的亲电.md,一式,07,有机化学,初赛,4,弃卡,非目标模块,B
04-题库/2026机构初赛模拟题/一式/题-YS-06-08-骨架编辑是分子框架内删除插入.md,一式,08,有机化学,初赛,4,弃卡,非目标模块,B
04-题库/2026机构初赛模拟题/一式/题-YS-06-09-亚砜有着十分有趣的结构常画出.md,一式,09,有机化学,初赛,4,弃卡,非目标模块,B
04-题库/2026机构初赛模拟题/一式/题-YS-07-01-金属M常用于有机反应在氯气中.md,一式,01,结构化学,初赛,4,入池,,
04-题库/2026机构初赛模拟题/一式/题-YS-07-02-汞很早就被人类认识并使用汉语.md,一式,02,结构化学,初赛,4,入池,,
04-题库/2026机构初赛模拟题/一式/题-YS-07-03-稀土元素相似的化学性质使得人.md,一式,03,元素与分析,初赛,4,入池,,
04-题库/2026机构初赛模拟题/一式/题-YS-07-04-金属硫化物是一类经典的光催化.md,一式,04,结构化学,初赛,4,入池,,
04-题库/2026机构初赛模拟题/一式/题-YS-07-05-合成第4题中的ZIS通常使用.md,一式,05,化学原理,初赛,4,弃卡,有机章节,B
04-题库/2026机构初赛模拟题/一式/题-YS-07-06-ZIS的光催化与PPol的裂.md,一式,06,元素与分析,初赛,4,弃卡,有机章节,B
04-题库/2026机构初赛模拟题/一式/题-YS-07-07-以下反应可制备具有自由基机械.md,一式,07,有机化学,初赛,4,弃卡,非目标模块,B
04-题库/2026机构初赛模拟题/一式/题-YS-07-08-81选出下列分子中具有旋光性.md,一式,08,元素与分析,初赛,4,入池,,
04-题库/2026机构初赛模拟题/一式/题-YS-07-09-芳炔是一类非常重要的合成中间.md,一式,09,有机化学,初赛,4,弃卡,非目标模块,B
04-题库/2026机构初赛模拟题/一式/题-YS-07-10-芳基硝酮是一类有效用作喹啉合.md,一式,10,有机化学,初赛,4,弃卡,非目标模块,B
04-题库/2026机构初赛模拟题/一式/题-YS-08-01-X和Y主要来源是铜电解精炼过.md,一式,01,化学原理,初赛,4,入池,,
04-题库/2026机构初赛模拟题/一式/题-YS-08-02-M的低价配合物有着丰富的反应.md,一式,02,结构化学,初赛,4,入池,,
04-题库/2026机构初赛模拟题/一式/题-YS-08-03-索伦石是1961年在我国内蒙.md,一式,03,结构化学,初赛,4,入池,,
04-题库/2026机构初赛模拟题/一式/题-YS-08-04-氢负离子转移是化学合成与催化.md,一式,04,化学原理,初赛,4,弃卡,有机章节,B
04-题库/2026机构初赛模拟题/一式/题-YS-08-05-传统的能量化合物如RDXHM.md,一式,05,结构化学,初赛,4,入池,,
04-题库/2026机构初赛模拟题/一式/题-YS-08-06-61如下是一些常见的有机还原.md,一式,06,有机化学,初赛,4,弃卡,非目标模块,B
04-题库/2026机构初赛模拟题/一式/题-YS-08-07-71选出如下关于下列反应以及.md,一式,07,有机化学,初赛,4,弃卡,非目标模块,B
04-题库/2026机构初赛模拟题/一式/题-YS-08-08-由于在形成两个新化学键的同时.md,一式,08,化学原理,初赛,4,弃卡,有机章节,B
04-题库/2026机构初赛模拟题/一式/题-YS-10-01-国画并非仅仅黑白而是具有丰富.md,一式,01,元素与分析,初赛,4,入池,,
04-题库/2026机构初赛模拟题/一式/题-YS-10-02-近年来研究者发展了一种可在室.md,一式,02,化学原理,初赛,4,入池,,
04-题库/2026机构初赛模拟题/一式/题-YS-10-03-甲醇重整制氢气是现代能源产业.md,一式,03,化学原理,初赛,4,弃卡,有机章节,B
04-题库/2026机构初赛模拟题/一式/题-YS-10-04-某些无固定结构蛋白可以形成富.md,一式,04,化学原理,初赛,4,入池,,
04-题库/2026机构初赛模拟题/一式/题-YS-10-05-钾碘氧三种元素能形成丰富的化.md,一式,05,结构化学,初赛,4,入池,,
04-题库/2026机构初赛模拟题/一式/题-YS-10-06-在有机合成中薄层色谱与柱层析.md,一式,06,有机化学,初赛,4,弃卡,非目标模块,B
04-题库/2026机构初赛模拟题/一式/题-YS-10-07-71对酯类化合物结构反应性的.md,一式,07,有机化学,初赛,4,弃卡,非目标模块,B
04-题库/2026机构初赛模拟题/一式/题-YS-10-08-13二硫烷通常在有机合成中作.md,一式,08,有机化学,初赛,4,弃卡,非目标模块,B
04-题库/2026机构初赛模拟题/一式/题-YS-10-09-91传统醚键切断的条件往往不.md,一式,09,结构化学,初赛,4,入池,,
04-题库/2026机构初赛模拟题/北京夏令营/题-BJLY-01-01-11在酸性条件下可与亚硝酸盐.md,北京夏令营,01,结构化学,初赛,4,入池,,
04-题库/2026机构初赛模拟题/北京夏令营/题-BJLY-01-02-卡宾的活性高度依赖其电子状态.md,北京夏令营,02,有机化学,初赛,4,弃卡,非目标模块,B
04-题库/2026机构初赛模拟题/北京夏令营/题-BJLY-01-03-元素X是用通常的物理和化学方.md,北京夏令营,03,结构化学,初赛,4,入池,,
04-题库/2026机构初赛模拟题/北京夏令营/题-BJLY-01-04-人们对低价Ge的研究从未停止.md,北京夏令营,04,结构化学,初赛,4,弃卡,答案公式未转录,A
04-题库/2026机构初赛模拟题/北京夏令营/题-BJLY-01-05-已知51计算1L100mol.md,北京夏令营,05,化学原理,初赛,4,入池,,
04-题库/2026机构初赛模拟题/北京夏令营/题-BJLY-01-06-元素M的单质性质稳定室温下难.md,北京夏令营,06,元素与分析,初赛,4,入池,,
04-题库/2026机构初赛模拟题/北京夏令营/题-BJLY-01-07-71一种三价铝物种与足量的钾.md,北京夏令营,07,结构化学,初赛,4,弃卡,答案公式未转录,A
04-题库/2026机构初赛模拟题/北京夏令营/题-BJLY-01-08-81K结构可描述如下正六边形.md,北京夏令营,08,结构化学,初赛,4,入池,,
04-题库/2026机构初赛模拟题/北京夏令营/题-BJLY-02-01-11在白色的上滴加氨水立刻变.md,北京夏令营,01,元素与分析,初赛,4,入池,,
04-题库/2026机构初赛模拟题/北京夏令营/题-BJLY-02-02-铬铁矿是一种重要的矿物资源主.md,北京夏令营,02,元素与分析,初赛,4,入池,,
04-题库/2026机构初赛模拟题/北京夏令营/题-BJLY-02-03-31已知下列原电池311先向.md,北京夏令营,03,化学原理,初赛,4,入池,,
04-题库/2026机构初赛模拟题/北京夏令营/题-BJLY-02-04-硫化铅是生产铅的主要原料它被.md,北京夏令营,04,化学原理,初赛,4,入池,,
04-题库/2026机构初赛模拟题/北京夏令营/题-BJLY-02-05-V有许多氧化态从而有许多不同.md,北京夏令营,05,结构化学,初赛,4,入池,,
04-题库/2026机构初赛模拟题/北京夏令营/题-BJLY-02-06-1和的干燥空气中煅烧达到平衡.md,北京夏令营,06,化学原理,初赛,4,入池,,
04-题库/2026机构初赛模拟题/北京夏令营/题-BJLY-02-07-在常温常压下金属锂与生成红棕.md,北京夏令营,07,结构化学,初赛,4,入池,,
04-题库/2026机构初赛模拟题/北京夏令营/题-BJLY-02-08-称取与32的乙醇溶液混合然后.md,北京夏令营,08,有机化学,初赛,4,弃卡,非目标模块,B
04-题库/2026机构初赛模拟题/北京夏令营/题-BJLY-02-09-某过渡金属X的单质A在生活中.md,北京夏令营,09,元素与分析,初赛,4,入池,,
04-题库/2026机构初赛模拟题/北京夏令营/题-BJLY-02-10-三唑是含有两个碳原子和三个氮.md,北京夏令营,10,结构化学,初赛,4,弃卡,有机章节,B
04-题库/2026机构初赛模拟题/北京夏令营/题-BJLY-03-01-11工业上常用LiH和无水反.md,北京夏令营,01,元素与分析,初赛,4,弃卡,无答案/占位,A
04-题库/2026机构初赛模拟题/北京夏令营/题-BJLY-03-02-21五氟化砷能与许多含氟的化.md,北京夏令营,02,结构化学,初赛,4,弃卡,无答案/占位,A
04-题库/2026机构初赛模拟题/北京夏令营/题-BJLY-03-03-钨的氮化物因具有优异的化学机.md,北京夏令营,03,结构化学,初赛,4,弃卡,无答案/占位,A
04-题库/2026机构初赛模拟题/北京夏令营/题-BJLY-03-04-尖晶石结构是一种经典的晶体结.md,北京夏令营,04,结构化学,初赛,4,弃卡,无答案/占位,A
04-题库/2026机构初赛模拟题/北京夏令营/题-BJLY-03-05-银量法可以用于测定溶液中的甲.md,北京夏令营,05,化学原理,初赛,4,弃卡,无答案/占位,A
04-题库/2026机构初赛模拟题/北京夏令营/题-BJLY-03-06-通过以下方法可由二茂铁合成乙.md,北京夏令营,06,化学原理,初赛,4,弃卡,无答案/占位,A
04-题库/2026机构初赛模拟题/北京夏令营/题-BJLY-03-07-X是一种橙黄色液体可由对应的.md,北京夏令营,07,元素与分析,初赛,4,弃卡,无答案/占位,A
04-题库/2026机构初赛模拟题/北京夏令营/题-BJLY-03-08-硫化氢在生物学中具有至关重要.md,北京夏令营,08,元素与分析,初赛,4,弃卡,无答案/占位,A
04-题库/2026机构初赛模拟题/北京夏令营/题-BJLY-03-09-半导体中有两种载流子价带中的.md,北京夏令营,09,化学原理,初赛,4,弃卡,无答案/占位,A
04-题库/2026机构初赛模拟题/北京夏令营/题-BJLY-03-10-101在一个以碳酸钙为主要矿.md,北京夏令营,10,结构化学,初赛,4,弃卡,无答案/占位,A
04-题库/2026机构初赛模拟题/北京夏令营/题-BJLY-04-无机综合-01-铬酸根在工业上有广泛的应用而.md,北京夏令营,,化学原理,初赛,4,入池,,
04-题库/2026机构初赛模拟题/北京夏令营/题-BJLY-04-无机综合-02-将含的乙醚溶液和混合从逐渐升.md,北京夏令营,,化学原理,初赛,4,入池,,
04-题库/2026机构初赛模拟题/北京夏令营/题-BJLY-04-无机综合-03-新型锌卟啉金属有机框架结构Z.md,北京夏令营,,有机化学,初赛,4,弃卡,非目标模块,B
04-题库/2026机构初赛模拟题/北京夏令营/题-BJLY-04-无机综合-04-在复合卤化物结构的探索中得到.md,北京夏令营,,结构化学,初赛,4,入池,,
04-题库/2026机构初赛模拟题/北京夏令营/题-BJLY-04-无机综合-05-51二甲基邻甲硫基苯基胂配体.md,北京夏令营,,结构化学,初赛,4,入池,,
04-题库/2026机构初赛模拟题/北京夏令营/题-BJLY-04-无机综合-06-称取碘酸钾03377g加入4.md,北京夏令营,,化学原理,初赛,4,入池,,
04-题库/2026机构初赛模拟题/北京夏令营/题-BJLY-04-无机综合-07-有人将纯净的NO气体收集到一.md,北京夏令营,,化学原理,初赛,4,弃卡,越界（含他题内容）,A
04-题库/2026机构初赛模拟题/北京夏令营/题-BJLY-04-无机综合-08-光合作用是自然界最重要的过程.md,北京夏令营,,化学原理,初赛,4,入池,,
04-题库/2026机构初赛模拟题/北京夏令营/题-BJLY-04-无机综合-09-多聚磷阳离子早在1986年就.md,北京夏令营,,有机化学,初赛,4,弃卡,非目标模块,B
04-题库/2026机构初赛模拟题/北京夏令营/题-BJLY-04-无机综合-10-化合物A可以通过以下方法制备.md,北京夏令营,,有机化学,初赛,4,弃卡,非目标模块,B
04-题库/2026机构初赛模拟题/北京夏令营/题-BJLY-05-有机巩固练习一-01-完成下列反应.md,北京夏令营,,化学原理,初赛,4,入池,,
04-题库/2026机构初赛模拟题/北京夏令营/题-BJLY-05-有机巩固练习一-02-1完成Linoxepin的合.md,北京夏令营,,有机化学,初赛,4,弃卡,非目标模块,B
04-题库/2026机构初赛模拟题/北京夏令营/题-BJLY-05-有机巩固练习一-03-31为什么烷烃自由基取代中溴.md,北京夏令营,,化学原理,初赛,4,弃卡,有机章节,B
04-题库/2026机构初赛模拟题/北京夏令营/题-BJLY-05-有机巩固练习一-04-Appel反应和CoeryF.md,北京夏令营,,有机化学,初赛,4,弃卡,非目标模块,B
04-题库/2026机构初赛模拟题/北京夏令营/题-BJLY-05-有机巩固练习一-05-1下列分子和醋酸反应速率比较.md,北京夏令营,,有机化学,初赛,4,弃卡,非目标模块,B
04-题库/2026机构初赛模拟题/北京夏令营/题-BJLY-05-有机巩固练习一-06-完成下列反应给出中间体提示最.md,北京夏令营,,化学原理,初赛,4,入池,,
04-题库/2026机构初赛模拟题/北京夏令营/题-BJLY-06-有机巩固练习三-01-烯烃可以在质子酸或Lewis.md,北京夏令营,,有机化学,初赛,4,弃卡,非目标模块,B
04-题库/2026机构初赛模拟题/北京夏令营/题-BJLY-06-有机巩固练习三-02-下列反应均生成呋喃类产物请给.md,北京夏令营,,有机化学,初赛,4,弃卡,非目标模块,B
04-题库/2026机构初赛模拟题/北京夏令营/题-BJLY-06-有机巩固练习三-03-如下环化反应被称之为Haus.md,北京夏令营,,有机化学,初赛,4,弃卡,非目标模块,B
04-题库/2026机构初赛模拟题/北京夏令营/题-BJLY-06-有机巩固练习三-04-化合物A是合成天然产物Lyc.md,北京夏令营,,有机化学,初赛,4,弃卡,非目标模块,B
04-题库/2026机构初赛模拟题/北京夏令营/题-BJLY-07-有机巩固练习二-01-完成下列反应xrightar.md,北京夏令营,,化学原理,初赛,4,入池,,
04-题库/2026机构初赛模拟题/北京夏令营/题-BJLY-07-有机巩固练习二-02-近十余年来自由基化学重新焕发.md,北京夏令营,,有机化学,初赛,4,弃卡,非目标模块,B
04-题库/2026机构初赛模拟题/北京夏令营/题-BJLY-07-有机巩固练习二-03-吲哚去芳构化在天然产物合成中.md,北京夏令营,,化学原理,初赛,4,弃卡,越界（含他题内容）,A
04-题库/2026机构初赛模拟题/北京夏令营/题-BJLY-07-有机巩固练习二-04-1小环由于环张力的问题非常不.md,北京夏令营,,有机化学,初赛,4,弃卡,非目标模块,B
04-题库/2026机构初赛模拟题/北京夏令营/题-BJLY-07-有机巩固练习二-05-mathrmAmathrmC.md,北京夏令营,,有机化学,初赛,4,弃卡,非目标模块,B
04-题库/2026机构初赛模拟题/北京夏令营/题-BJLY-08-有机巩固练习四-01-1N烯丙基或乙酰基烯胺能发生.md,北京夏令营,,有机化学,初赛,4,弃卡,非目标模块,B
04-题库/2026机构初赛模拟题/北京夏令营/题-BJLY-08-有机巩固练习四-02-21完成下列反应并写出机理2.md,北京夏令营,,有机化学,初赛,4,弃卡,非目标模块,B
04-题库/2026机构初赛模拟题/北京夏令营/题-BJLY-08-有机巩固练习四-03-31写出下列反应中中间体12.md,北京夏令营,,有机化学,初赛,4,弃卡,非目标模块,B
04-题库/2026机构初赛模拟题/北京夏令营/题-BJLY-08-有机巩固练习四-04-1一般双取代内稀发生亲电加成.md,北京夏令营,,有机化学,初赛,4,弃卡,非目标模块,B
04-题库/2026机构初赛模拟题/北京夏令营/题-BJLY-09-有机综合-01-1下列两组分子发生溶剂解时反.md,北京夏令营,,有机化学,初赛,4,弃卡,非目标模块,B
04-题库/2026机构初赛模拟题/北京夏令营/题-BJLY-09-有机综合-02-13二羰基化合物由于其较强的.md,北京夏令营,,有机化学,初赛,4,弃卡,非目标模块,B
04-题库/2026机构初赛模拟题/北京夏令营/题-BJLY-09-有机综合-03-Nazarov环化反应早在2.md,北京夏令营,,有机化学,初赛,4,弃卡,非目标模块,B
04-题库/2026机构初赛模拟题/北京夏令营/题-BJLY-09-有机综合-04-1烷烃的光卤代反应是烷烃最重.md,北京夏令营,,元素与分析,初赛,4,入池,,
04-题库/2026机构初赛模拟题/北京夏令营/题-BJLY-09-有机综合-05-仔细比较下列两33迁移反应条.md,北京夏令营,,有机化学,初赛,4,弃卡,非目标模块,B
04-题库/2026机构初赛模拟题/北京夏令营/题-BJLY-09-有机综合-06-Pummerer重排是用乙酸.md,北京夏令营,,元素与分析,初赛,4,弃卡,答案公式未转录,A
04-题库/2026机构初赛模拟题/北京夏令营/题-BJLY-09-有机综合-07-完成下列反应.md,北京夏令营,,化学原理,初赛,4,入池,,
04-题库/2026机构初赛模拟题/北京夏令营/题-BJLY-09-有机综合-08-81完成下列反应82完成下列.md,北京夏令营,,化学原理,初赛,4,入池,,
04-题库/2026机构初赛模拟题/2ChO/题-2ChO-01-01-11从Au矿中提取Au的一种.md,2ChO,,化学原理,初赛,4,入池,,
04-题库/2026机构初赛模拟题/2ChO/题-2ChO-01-02-在制备晶体时加入了部分离子置.md,2ChO,,化学原理,初赛,4,入池,,
04-题库/2026机构初赛模拟题/2ChO/题-2ChO-01-03-一种基于氧化还原靶向反应的液.md,2ChO,,化学原理,初赛,4,入池,,
04-题库/2026机构初赛模拟题/2ChO/题-2ChO-01-04-在苯溶液中将105mmolT.md,2ChO,,有机化学,初赛,4,弃卡,非目标模块,B
04-题库/2026机构初赛模拟题/2ChO/题-2ChO-01-05-51化合物A可用作炸药将亚硝.md,2ChO,,有机化学,初赛,4,弃卡,非目标模块,B
04-题库/2026机构初赛模拟题/2ChO/题-2ChO-01-06-下面介绍了两种与U和Al有关.md,2ChO,,结构化学,初赛,4,入池,,
04-题库/2026机构初赛模拟题/2ChO/题-2ChO-01-07-氧化磷酸化是能源物质在体内氧.md,2ChO,,化学原理,初赛,4,入池,,
04-题库/2026机构初赛模拟题/2ChO/题-2ChO-01-08-对题目81至85所提问题进行.md,2ChO,,有机化学,初赛,4,弃卡,非目标模块,B
04-题库/2026机构初赛模拟题/2ChO/题-2ChO-01-09-在有机化学的学习中我们似乎把.md,2ChO,,有机化学,初赛,4,弃卡,非目标模块,B
04-题库/2026机构初赛模拟题/2ChO/题-2ChO-01-10-101光可以激发一些化学键试.md,2ChO,,有机化学,初赛,4,弃卡,非目标模块,B
04-题库/2026机构初赛模拟题/2ChO/题-2ChO-02-01-自从1849年Frankla.md,2ChO,,结构化学,初赛,4,入池,,
04-题库/2026机构初赛模拟题/2ChO/题-2ChO-02-02-已知X为一种碱式二水合硫酸锰.md,2ChO,,化学原理,初赛,4,入池,,
04-题库/2026机构初赛模拟题/2ChO/题-2ChO-02-03-离子去除电池BDI可将海水中.md,2ChO,,化学原理,初赛,4,入池,,
04-题库/2026机构初赛模拟题/2ChO/题-2ChO-02-04-化合物A与在温和条件下可以生.md,2ChO,,化学原理,初赛,4,入池,,
04-题库/2026机构初赛模拟题/2ChO/题-2ChO-02-05-对分子中的某些点位进行精确修.md,2ChO,,化学原理,初赛,4,弃卡,有机章节,B
04-题库/2026机构初赛模拟题/2ChO/题-2ChO-02-06-2023年2月9日来自Cal.md,2ChO,,结构化学,初赛,4,入池,,
04-题库/2026机构初赛模拟题/2ChO/题-2ChO-02-07-在分子被激发到单线态激发态后.md,2ChO,,化学原理,初赛,4,入池,,
04-题库/2026机构初赛模拟题/2ChO/题-2ChO-02-08-81BaeyerVillig.md,2ChO,,有机化学,初赛,4,弃卡,非目标模块,B
04-题库/2026机构初赛模拟题/2ChO/题-2ChO-02-09-91以下物质在使用不同还原剂.md,2ChO,,有机化学,初赛,4,弃卡,非目标模块,B
04-题库/2026机构初赛模拟题/2ChO/题-2ChO-02-10-101一种不带电反应中间体可.md,2ChO,,有机化学,初赛,4,弃卡,非目标模块,B
04-题库/2026机构初赛模拟题/2ChO/题-2ChO-03-01-11次氯酸钠可用于区分As和.md,2ChO,,化学原理,初赛,4,入池,,
04-题库/2026机构初赛模拟题/2ChO/题-2ChO-03-02-注本题所涉及的n配位指配位原.md,2ChO,,元素与分析,初赛,4,弃卡,有机章节,B
04-题库/2026机构初赛模拟题/2ChO/题-2ChO-03-03-全球塑料生产量在2021年达.md,2ChO,,化学原理,初赛,4,弃卡,有机章节,B
04-题库/2026机构初赛模拟题/2ChO/题-2ChO-03-04-尺寸排阻色谱SEC常用于大分.md,2ChO,,化学原理,初赛,4,弃卡,有机章节,B
04-题库/2026机构初赛模拟题/2ChO/题-2ChO-03-05-51一种晶体沿b轴和c轴的投.md,2ChO,,结构化学,初赛,4,入池,,
04-题库/2026机构初赛模拟题/2ChO/题-2ChO-03-06-岩石一般是一种或多种矿物的混.md,2ChO,,化学原理,初赛,4,入池,,
04-题库/2026机构初赛模拟题/2ChO/题-2ChO-03-07-71随着能源需求的增长和全球.md,2ChO,,化学原理,初赛,4,弃卡,有机章节,B
04-题库/2026机构初赛模拟题/2ChO/题-2ChO-03-08-81下面三种负离子中碱性最强.md,2ChO,,元素与分析,初赛,4,弃卡,有机章节,B
04-题库/2026机构初赛模拟题/2ChO/题-2ChO-03-09-2004年来自Univers.md,2ChO,,有机化学,初赛,4,弃卡,非目标模块,B
04-题库/2026机构初赛模拟题/2ChO/题-2ChO-03-10-1011909年HFried.md,2ChO,,有机化学,初赛,4,弃卡,非目标模块,B
04-题库/2026机构初赛模拟题/2ChO/题-2ChO-04-01-18世纪奥地利化学家FJMl.md,2ChO,,化学原理,初赛,4,弃卡,题面含竞赛真题特征,B
04-题库/2026机构初赛模拟题/2ChO/题-2ChO-04-02-21在滴定分析中的最佳搭档是.md,2ChO,,化学原理,初赛,4,入池,,
04-题库/2026机构初赛模拟题/2ChO/题-2ChO-04-03-机械力诱导发光是指材料在拉伸.md,2ChO,,化学原理,初赛,4,弃卡,有机章节,B
04-题库/2026机构初赛模拟题/2ChO/题-2ChO-04-04-表面活性剂分子surfact.md,2ChO,,化学原理,初赛,4,弃卡,有机章节,B
04-题库/2026机构初赛模拟题/2ChO/题-2ChO-04-05-51金红石是典型的四方晶体类.md,2ChO,,结构化学,初赛,4,入池,,
04-题库/2026机构初赛模拟题/2ChO/题-2ChO-04-06-TPP即5101520四苯基.md,2ChO,,化学原理,初赛,4,弃卡,有机章节,B
04-题库/2026机构初赛模拟题/2ChO/题-2ChO-04-07-beginarrayllte.md,2ChO,,化学原理,初赛,4,弃卡,有机章节,B
04-题库/2026机构初赛模拟题/2ChO/题-2ChO-04-08-81下列化合物中碱性最强的是.md,2ChO,,有机化学,初赛,4,弃卡,非目标模块,B
04-题库/2026机构初赛模拟题/2ChO/题-2ChO-04-09-91在THF溶剂中下列碱金属.md,2ChO,,元素与分析,初赛,4,弃卡,有机章节,B
04-题库/2026机构初赛模拟题/2ChO/题-2ChO-04-10-101以下反应将酮首先转化为.md,2ChO,,化学原理,初赛,4,弃卡,有机章节,B
04-题库/2026机构初赛模拟题/2ChO/题-2ChO-05-01-历史上人类对于矿物的开采和应.md,2ChO,,结构化学,初赛,4,入池,,
04-题库/2026机构初赛模拟题/2ChO/题-2ChO-05-02-在酸性水溶液中使用化学氧化或.md,2ChO,,化学原理,初赛,4,入池,,
04-题库/2026机构初赛模拟题/2ChO/题-2ChO-05-03-一种钠离子电池的阳极为固体在.md,2ChO,,化学原理,初赛,4,入池,,
04-题库/2026机构初赛模拟题/2ChO/题-2ChO-05-04-磷酸盐在工业生产食品添加剂等.md,2ChO,,化学原理,初赛,4,入池,,
04-题库/2026机构初赛模拟题/2ChO/题-2ChO-05-05-本题的化学式要求用M表示并约.md,2ChO,,结构化学,初赛,4,入池,,
04-题库/2026机构初赛模拟题/2ChO/题-2ChO-05-06-微液滴Microdrople.md,2ChO,,化学原理,初赛,4,弃卡,有机章节,B
04-题库/2026机构初赛模拟题/2ChO/题-2ChO-05-07-爆炸是某一物质系统在发生迅速.md,2ChO,,化学原理,初赛,4,弃卡,有机章节,B
04-题库/2026机构初赛模拟题/2ChO/题-2ChO-05-08-81在研究正丁烷的构象时以C.md,2ChO,,有机化学,初赛,4,弃卡,非目标模块,B
04-题库/2026机构初赛模拟题/2ChO/题-2ChO-05-09-91安息香缩合反应相信大家都.md,2ChO,,有机化学,初赛,4,弃卡,非目标模块,B
04-题库/2026机构初赛模拟题/2ChO/题-2ChO-05-10-101磺酰亚胺基团是有机中一.md,2ChO,,有机化学,初赛,4,弃卡,非目标模块,B
04-题库/2026机构初赛模拟题/2ChO/题-2ChO-06-01-炼金术的发展离不开中外学者的.md,2ChO,,化学原理,初赛,4,入池,,
04-题库/2026机构初赛模拟题/2ChO/题-2ChO-06-02-指南针Compass是一种简.md,2ChO,,化学原理,初赛,4,弃卡,有机章节,B
04-题库/2026机构初赛模拟题/2ChO/题-2ChO-06-03-HMDI是一种常见的聚合反应.md,2ChO,,有机化学,初赛,4,弃卡,非目标模块,B
04-题库/2026机构初赛模拟题/2ChO/题-2ChO-06-04-锡的测定常用碘酸钾滴定法其过.md,2ChO,,化学原理,初赛,4,入池,,
04-题库/2026机构初赛模拟题/2ChO/题-2ChO-06-05-51CuSe的晶体X具有层状.md,2ChO,,结构化学,初赛,4,入池,,
04-题库/2026机构初赛模拟题/2ChO/题-2ChO-06-06-离子色谱IC是分析水相中阴阳.md,2ChO,,化学原理,初赛,4,入池,,
04-题库/2026机构初赛模拟题/2ChO/题-2ChO-06-07-2023年4月28日来自Un.md,2ChO,,有机化学,初赛,4,弃卡,非目标模块,B
04-题库/2026机构初赛模拟题/2ChO/题-2ChO-06-08-81气态甲醛主要以单体形式存.md,2ChO,,化学原理,初赛,4,入池,,
04-题库/2026机构初赛模拟题/2ChO/题-2ChO-06-09-氮丙啶Aziridine是一.md,2ChO,,元素与分析,初赛,4,弃卡,有机章节,B
04-题库/2026机构初赛模拟题/2ChO/题-2ChO-06-10-与传统离子型环化反应相比自由.md,2ChO,,有机化学,初赛,4,弃卡,非目标模块,B
