inst,file,place,qh,ah,net,nmath,newimg,qimg,aimg
2ChO,题-2ChO-01-01-11从Au矿中提取Au的一种.md,False,234,720,459,30,0,0,0
2ChO,题-2ChO-01-02-在制备晶体时加入了部分离子置.md,False,268,717,450,30,0,0,0
2ChO,题-2ChO-01-03-一种基于氧化还原靶向反应的液.md,False,394,1560,1096,46,1,1,1
2ChO,题-2ChO-01-04-在苯溶液中将105mmolT.md,False,330,875,539,16,0,0,0
2ChO,题-2ChO-01-05-51化合物A可用作炸药将亚硝.md,False,397,1464,1072,24,2,1,2
2ChO,题-2ChO-01-06-下面介绍了两种与U和Al有关.md,False,624,2144,1497,9,0,0,0
2ChO,题-2ChO-01-07-氧化磷酸化是能源物质在体内氧.md,False,724,1308,552,48,3,2,3
2ChO,题-2ChO-01-08-对题目81至85所提问题进行.md,False,376,971,605,6,5,3,5
2ChO,题-2ChO-01-09-在有机化学的学习中我们似乎把.md,False,533,3017,2489,45,5,5,5
2ChO,题-2ChO-01-10-101光可以激发一些化学键试.md,False,376,1545,1153,21,3,3,3
2ChO,题-2ChO-02-01-自从1849年Frankla.md,True,390,35,35,0,0,0,0
2ChO,题-2ChO-02-02-已知X为一种碱式二水合硫酸锰.md,False,441,348,237,17,0,0,0
2ChO,题-2ChO-02-03-离子去除电池BDI可将海水中.md,False,300,271,210,26,0,1,0
2ChO,题-2ChO-02-04-化合物A与在温和条件下可以生.md,True,82,35,35,0,0,0,0
2ChO,题-2ChO-02-05-对分子中的某些点位进行精确修.md,False,576,503,277,25,8,1,8
2ChO,题-2ChO-02-06-2023年2月9日来自Cal.md,False,173,344,245,9,3,1,3
2ChO,题-2ChO-02-07-在分子被激发到单线态激发态后.md,False,508,339,152,13,3,0,3
2ChO,题-2ChO-02-08-81BaeyerVillig.md,True,230,74,62,0,0,4,0
2ChO,题-2ChO-02-09-91以下物质在使用不同还原剂.md,False,260,167,120,2,15,5,15
2ChO,题-2ChO-02-10-101一种不带电反应中间体可.md,True,328,74,74,0,0,3,0
2ChO,题-2ChO-03-01-11次氯酸钠可用于区分As和.md,False,323,1100,769,30,3,1,3
2ChO,题-2ChO-03-02-注本题所涉及的n配位指配位原.md,False,488,1234,755,29,10,4,10
2ChO,题-2ChO-03-03-全球塑料生产量在2021年达.md,False,617,1184,564,41,3,1,3
2ChO,题-2ChO-03-04-尺寸排阻色谱SEC常用于大分.md,False,551,1808,1276,39,2,1,2
2ChO,题-2ChO-03-05-51一种晶体沿b轴和c轴的投.md,False,544,2117,1570,31,6,2,6
2ChO,题-2ChO-03-06-岩石一般是一种或多种矿物的混.md,False,1586,3027,1323,47,11,6,11
2ChO,题-2ChO-03-07-71随着能源需求的增长和全球.md,False,1517,3119,1233,107,2,1,2
2ChO,题-2ChO-03-08-81下面三种负离子中碱性最强.md,False,280,1355,1091,11,9,6,9
2ChO,题-2ChO-03-09-2004年来自Univers.md,False,218,863,634,9,14,2,14
2ChO,题-2ChO-03-10-1011909年HFried.md,False,533,1870,1317,5,9,4,9
2ChO,题-2ChO-04-01-18世纪奥地利化学家FJMl.md,False,363,1341,874,53,1,0,1
2ChO,题-2ChO-04-02-21在滴定分析中的最佳搭档是.md,False,318,1259,923,83,0,0,0
2ChO,题-2ChO-04-03-机械力诱导发光是指材料在拉伸.md,False,611,2249,1614,50,1,1,1
2ChO,题-2ChO-04-04-表面活性剂分子surfact.md,False,419,1231,800,74,2,1,2
2ChO,题-2ChO-04-05-51金红石是典型的四方晶体类.md,False,559,2339,1809,40,5,3,5
2ChO,题-2ChO-04-06-TPP即5101520四苯基.md,False,469,1754,1283,44,5,2,5
2ChO,题-2ChO-04-07-beginarrayllte.md,False,489,872,387,47,1,0,1
2ChO,题-2ChO-04-08-81下列化合物中碱性最强的是.md,False,280,1128,859,28,14,12,14
2ChO,题-2ChO-04-09-91在THF溶剂中下列碱金属.md,False,486,4048,3484,67,22,5,22
2ChO,题-2ChO-04-10-101以下反应将酮首先转化为.md,False,638,2628,1992,16,18,6,18
2ChO,题-2ChO-05-01-历史上人类对于矿物的开采和应.md,False,584,279,279,26,4,1,4
2ChO,题-2ChO-05-02-在酸性水溶液中使用化学氧化或.md,False,840,516,340,13,3,1,3
2ChO,题-2ChO-05-03-一种钠离子电池的阳极为固体在.md,False,165,251,172,13,0,0,0
2ChO,题-2ChO-05-04-磷酸盐在工业生产食品添加剂等.md,False,621,238,228,21,1,0,1
2ChO,题-2ChO-05-05-本题的化学式要求用M表示并约.md,True,625,77,77,0,0,4,0
2ChO,题-2ChO-05-06-微液滴Microdrople.md,False,1365,1264,895,87,6,4,6
2ChO,题-2ChO-05-07-爆炸是某一物质系统在发生迅速.md,False,1257,649,605,63,8,4,8
2ChO,题-2ChO-05-08-81在研究正丁烷的构象时以C.md,False,552,305,255,13,27,28,27
2ChO,题-2ChO-05-09-91安息香缩合反应相信大家都.md,False,391,439,341,1,21,6,21
2ChO,题-2ChO-05-10-101磺酰亚胺基团是有机中一.md,False,966,555,394,4,19,9,19
2ChO,题-2ChO-06-01-炼金术的发展离不开中外学者的.md,False,814,652,448,31,0,1,0
2ChO,题-2ChO-06-02-指南针Compass是一种简.md,False,1063,648,575,14,15,6,15
2ChO,题-2ChO-06-03-HMDI是一种常见的聚合反应.md,False,360,280,221,2,5,1,5
2ChO,题-2ChO-06-04-锡的测定常用碘酸钾滴定法其过.md,False,967,820,737,33,1,2,1
2ChO,题-2ChO-06-05-51CuSe的晶体X具有层状.md,False,478,210,210,9,1,1,1
2ChO,题-2ChO-06-06-离子色谱IC是分析水相中阴阳.md,False,2018,1356,639,47,2,3,2
2ChO,题-2ChO-06-07-2023年4月28日来自Un.md,False,506,258,158,13,10,2,10
2ChO,题-2ChO-06-08-81气态甲醛主要以单体形式存.md,False,427,271,236,1,14,9,14
2ChO,题-2ChO-06-09-氮丙啶Aziridine是一.md,False,642,223,116,0,24,6,24
2ChO,题-2ChO-06-10-与传统离子型环化反应相比自由.md,True,664,75,75,0,0,7,0
XeChem,题-XeC-01-01-二萜entkaurene家族.md,True,558,35,35,0,0,11,0
XeChem,题-XeC-06-01-11OCP离子是重要的含P杂.md,False,529,80,80,2,2,3,2
XeChem,题-XeC-06-02-是地球上最主要且最具成本效益.md,False,842,911,308,21,3,6,3
XeChem,题-XeC-06-03-自从1888年德国科学家瓦尔.md,False,828,375,188,15,1,2,1
XeChem,题-XeC-06-05-51铜中心在多种生物过程中发.md,False,402,571,338,31,4,0,4
XeChem,题-XeC-06-06-61近日香港城市大学卢振品课.md,False,538,579,568,2,11,2,11
XeChem,题-XeC-06-07-71分子活性的精准调控是化学.md,False,617,586,512,7,7,2,7
XeChem,题-XeC-06-08-画出重排成腙衍生物过程中的关.md,False,438,319,319,1,3,0,3
XeChem,题-XeC-06-09-已知反应经历了中环螯合环中间.md,False,742,647,210,4,17,8,17
XeChem,题-XeC-07-01-11如下配体在去质子后与一当.md,False,1373,551,63,8,6,6,6
XeChem,题-XeC-07-04-beginarraycmat.md,False,269,437,402,41,3,0,3
XeChem,题-XeC-07-05-五唑阴离子是极具应用价值的全.md,False,861,1913,1273,40,22,1,22
XeChem,题-XeC-07-06-61以下过程是典型的Smil.md,False,237,283,283,7,5,4,5
XeChem,题-XeC-07-07-第40届XeChem初装模拟.md,False,833,340,189,9,17,13,17
XeChem,题-XeC-07-08-题.md,False,44,271,271,1,12,0,12
XeChem,题-XeC-08-01-光合作用是人们最熟知的能量来.md,True,569,35,35,0,0,2,0
XeChem,题-XeC-08-02-是一种典型的低价硅物种在Si.md,True,361,35,35,0,0,1,0
XeChem,题-XeC-08-03-无机磷酸盐过量是水体富营养化.md,True,1145,35,35,0,0,2,0
XeChem,题-XeC-08-04-属于六方晶系Al原子层内按最.md,True,243,35,35,0,0,0,0
XeChem,题-XeC-08-05-TEMPOHTEMPO的氧化.md,True,407,35,35,0,0,2,0
XeChem,题-XeC-08-06-自发现以来近70年间异头碳效.md,True,992,35,35,0,0,2,0
XeChem,题-XeC-08-07-常见的化学反应流程叙述中后处.md,True,1250,41,41,0,0,4,0
XeChem,题-XeC-08-08-TrigTrigocherr.md,True,365,41,41,0,0,5,0
XeChem,题-XeC-09-01-氮丙啶作为一类重要的含氮杂环.md,False,669,119,107,7,12,11,12
XeChem,题-XeC-09-02-苯炔插入反应作为有机合成领域.md,False,764,153,102,3,19,8,19
XeChem,题-XeC-09-03-异构现象是有机化学领域中普遍.md,False,511,120,45,0,6,9,6
XeChem,题-XeC-09-04-芳香化驱动反应以芳香化过程释.md,False,1282,193,60,2,7,9,7
XeChem,题-XeC-09-05-杂芳烃硝基苯吡啶喹啉等是有机.md,False,1548,281,73,3,14,10,14
XeChem,题-XeC-09-06-cotylenol是fusi.md,False,798,72,18,7,15,7,15
XeChem,题-XeC-11-01-由于化学材料的丰富性易获得性.md,False,496,563,149,7,9,5,9
XeChem,题-XeC-11-02-荧光强度随时间衰减的快慢可以.md,False,770,192,54,6,0,0,0
XeChem,题-XeC-11-03-Valleyite是一种稀有.md,False,516,3440,3205,68,14,2,14
XeChem,题-XeC-11-04-阿伏伽德罗常数是物理化学和分.md,False,1539,962,208,23,0,0,0
XeChem,题-XeC-11-05-硅的掺入能降低表面能显著改变.md,False,684,527,210,3,0,5,0
XeChem,题-XeC-11-06-环对苯撑cycloparap.md,False,1195,1265,483,35,11,6,11
XeChem,题-XeC-11-07-异二氮烯Isodiazene.md,False,1750,1985,256,23,18,11,18
XeChem,题-XeC-11-08-81在天然产物和合成药物中中.md,False,861,1026,197,7,4,3,4
XeChem,题-XeC-12-01-在我们通常的认知里布拉维点阵.md,False,365,502,151,1,2,3,2
XeChem,题-XeC-12-01-辉锑矿是自然界中最重要的锑矿.md,False,637,759,132,16,0,0,0
XeChem,题-XeC-12-02-在初学晶体的时候我们通常能见.md,False,552,1041,504,28,5,2,5
XeChem,题-XeC-12-02-金属有机框架MOF材料由金属.md,False,1089,1209,141,85,0,0,0
XeChem,题-XeC-12-03-是一种极其常见的矿物其常见晶.md,False,1023,1042,493,90,4,7,4
XeChem,题-XeC-12-03-聚苯乙烯PS是一种脆性塑料常.md,False,664,816,167,3,0,0,0
XeChem,题-XeC-12-04-铅PbZ82有四种稳定同位素.md,False,694,799,116,51,0,0,0
XeChem,题-XeC-12-05-CH键的胺化反应是现代有机合.md,False,784,931,163,31,2,1,2
XeChem,题-XeC-12-05-根据MJansen在2000.md,False,372,697,405,54,3,1,3
XeChem,题-XeC-12-06-611偶氮化合物在光照下分解.md,False,353,469,105,38,1,1,1
XeChem,题-XeC-12-06-61写出必要的过程辅助你推导.md,False,158,1479,1352,69,3,0,3
XeChem,题-XeC-12-07-四川大学傅海燕课题组系统发展.md,False,554,614,71,13,6,2,6
XeChem,题-XeC-12-08-全合成中长期依赖实现CC键构.md,False,307,299,32,1,10,6,10
XeChem,题-XeC-13-01-早在门捷列夫建立元素周期系时.md,False,791,886,110,34,3,3,3
XeChem,题-XeC-13-01-火箭燃料也称火箭推进剂是火箭.md,False,810,824,202,55,3,0,3
XeChem,题-XeC-13-02-二甲硫醚DMS是海洋中挥发性.md,True,283,47,47,0,0,0,0
XeChem,题-XeC-13-02-小盐同学十分热爱化学有一天她.md,False,558,786,243,43,2,1,2
XeChem,题-XeC-13-03-是一种常见的配体其作为单齿配.md,False,595,633,50,40,2,0,2
XeChem,题-XeC-13-03-碱金属具有极低的电负性极易失.md,False,476,920,572,29,3,1,3
XeChem,题-XeC-13-04-酸性溶液中可还原产物配离子均.md,False,881,1024,164,76,2,1,2
XeChem,题-XeC-13-04-银量法是沉淀滴定法中常用的方.md,False,570,544,296,13,1,0,1
XeChem,题-XeC-13-05-1963年Hershaft通.md,False,489,685,206,31,4,3,4
XeChem,题-XeC-13-05-在炼金术的早期人们就开始将常.md,False,624,255,97,15,2,2,2
XeChem,题-XeC-13-06-众所周知烯烃可与过渡金属配位.md,False,460,421,149,10,6,4,6
XeChem,题-XeC-13-06-格氏试剂GrignardRe.md,False,329,335,18,13,6,0,6
XeChem,题-XeC-13-07-卤化反应是药物研发中的常用策.md,False,630,805,189,11,10,9,10
XeChem,题-XeC-13-07-细胞周期cellcycle指.md,False,824,539,54,5,15,7,15
XeChem,题-XeC-13-08-81以下氮杂环丁烷不稳定在室.md,False,459,536,233,3,13,8,13
XeChem,题-XeC-13-08-DynemicinA1是由小.md,False,280,426,150,1,8,4,8
XeChem,题-XeC-13-09-911985年Kowalsk.md,False,294,324,73,3,9,5,9
XeChem,题-XeC-14-01-112写出A与B的化学式在烧.md,False,1238,1114,369,37,1,1,1
XeChem,题-XeC-14-01-钒在化学反应中表现出极其丰富.md,False,649,768,132,59,0,0,0
XeChem,题-XeC-14-02-荧光染料ATTO655常被用.md,False,744,1102,363,51,5,4,5
XeChem,题-XeC-14-03-31最经典的ZnZn键合成方.md,False,1154,436,18,1,4,4,4
XeChem,题-XeC-14-03-重氮化合物是化学合成中不可或.md,False,477,598,134,8,7,2,7
XeChem,题-XeC-14-04-为了解决传统聚烯烃或聚乙烯基.md,False,755,874,132,43,5,3,5
XeChem,题-XeC-14-05-三氟化铝是一种常见的离子晶体.md,False,344,404,72,17,2,2,2
XeChem,题-XeC-14-05-该同学使用的材料比表面积是最.md,False,348,262,54,15,0,0,0
XeChem,题-XeC-14-06-61将101mg三邻甲苯基膦.md,False,1609,1054,347,41,4,3,4
XeChem,题-XeC-14-06-磁场在生活中和化学合成中都有.md,False,908,1169,274,58,4,5,4
XeChem,题-XeC-14-07-作为现代合成的两大支柱光化学.md,False,592,722,142,13,5,2,5
XeChem,题-XeC-14-08-81传统的二氟甲基化大致使用.md,False,238,405,367,3,4,1,4
XeChem,题-XeC-14-08-氧杂八元环是一种有趣的分子骨.md,False,516,562,60,4,7,4,7
XeChem,题-XeC-14-09-近期报道了一种茚二酮衍生物与.md,False,394,474,90,1,9,5,9
XeChem,题-XeC-15-01-古代矿物学家常根据矿物的颜色.md,False,532,651,118,26,0,0,0
XeChem,题-XeC-15-01-稀有气体因核外电子层全满的稳.md,False,497,622,430,32,3,0,3
XeChem,题-XeC-15-02-一种具有较高对称性的铁簇配合.md,False,308,217,156,10,1,0,1
XeChem,题-XeC-15-02-如图在温度T下有一真空密闭容.md,False,442,543,114,35,1,1,1
XeChem,题-XeC-15-03-为了应对温室效应科学家们开发.md,False,568,771,221,19,4,1,4
XeChem,题-XeC-15-03-随着核电的发展绿色高效地处理.md,False,432,456,67,27,0,0,0
XeChem,题-XeC-15-04-自从的发现以来已制备出多种结.md,False,544,366,61,21,0,0,0
XeChem,题-XeC-15-04-过一硫酸氢盐和过二硫酸盐均含.md,False,312,343,46,36,0,0,0
XeChem,题-XeC-15-05-溴化铍是一种极为特殊的金属卤.md,False,422,463,55,15,4,1,4
XeChem,题-XeC-15-05-研究人员合成了一种氮代磷酸盐.md,False,420,2213,1889,55,10,2,10
XeChem,题-XeC-15-06-三线态锡氮宾SnNR的电子结.md,False,237,232,10,9,5,5,5
XeChem,题-XeC-15-06-所有生命的新陈代谢都依赖于持.md,False,1379,1031,480,49,4,7,4
XeChem,题-XeC-15-07-对结构相似的化合物进行酸性比.md,False,490,543,96,38,1,1,1
XeChem,题-XeC-15-08-膦配体兼具较强的给电子能力与.md,False,526,588,71,11,2,2,2
XeChem,题-XeC-15-09-现代密度泛函理论的发展与电脑.md,False,701,774,82,7,7,3,7
XeChem,题-XeC-15-10-Himandrine生物碱由.md,False,712,726,62,9,13,6,13
XeChem,题-XeC-16-01-本题中放射性元素的相对原子质.md,False,604,664,82,39,3,1,3
XeChem,题-XeC-16-02-化学分析法常用于制盐工业中快.md,False,405,502,112,12,0,0,0
XeChem,题-XeC-16-03-31高通量实验中的热量积累在.md,False,847,944,104,15,4,4,4
XeChem,题-XeC-16-04-目前化学家已经能够借助AI等.md,False,705,854,162,24,3,0,3
XeChem,题-XeC-16-05-有一种立方晶系的三元氟化物含.md,False,378,724,336,26,2,1,2
XeChem,题-XeC-16-06-NO与金属配位时可以展现极其.md,False,721,824,110,30,10,4,10
XeChem,题-XeC-16-07-众所周知立体化学是有机化学中.md,False,397,403,19,2,13,9,13
XeChem,题-XeC-16-08-环丙烷作为最小的碳环结构是各.md,False,322,332,24,1,7,6,7
XeChem,题-XeC-16-09-合成化学家们通常使用走走停停.md,False,549,551,60,1,10,6,10
XeChem,题-XeC-17-01-元素M是一种非金属元素然而其.md,False,612,696,103,41,5,1,5
XeChem,题-XeC-17-02-考虑两个胶体粒子之间的相互作.md,False,687,769,92,38,2,2,2
XeChem,题-XeC-17-03-第14族元素在生产生活中发挥.md,False,455,452,16,16,6,1,6
XeChem,题-XeC-17-04-Gaudefroyite是一.md,False,670,765,100,18,2,2,2
XeChem,题-XeC-17-05-借助对流稳态扩散进行线性伏安.md,False,604,639,58,38,1,1,1
XeChem,题-XeC-17-06-Si作为第三周期元素可以d轨.md,False,624,644,31,0,10,3,10
XeChem,题-XeC-17-07-71关于CPBA氧化反应的理.md,False,662,694,42,11,11,5,11
XeChem,题-XeC-17-08-醛由于O的孤对电子对CH反键.md,False,692,734,56,10,13,10,13
XeChem,题-XeC-17-09-汇聚式合成convergen.md,False,433,433,13,6,12,5,12
XeChem,题-XeC-18-01-某文献报道LnYLaLu在苯.md,False,365,396,102,34,2,0,2
XeChem,题-XeC-18-02-利用可再生能源将电化学还原为.md,True,1134,17,17,0,0,0,0
XeChem,题-XeC-18-03-你说得对但是在本题中你将扮演.md,True,901,17,17,0,0,3,0
XeChem,题-XeC-18-04-碘化铵是一种重要的无机盐加热.md,True,380,17,17,0,0,0,0
XeChem,题-XeC-18-05-磷酸盐是常用的水处理剂其产品.md,True,345,17,17,0,0,0,0
XeChem,题-XeC-18-06-逻辑门LogicGates是.md,True,728,17,17,0,0,3,0
XeChem,题-XeC-18-07-作为结构优美的柏拉图烃之一十.md,True,1238,17,17,0,0,7,0
XeChem,题-XeC-18-08-81本题的主题是酰胺活化即通.md,True,639,17,17,0,0,9,0
XeChem,题-XeC-19-01-金Au由于其稳定的单质与明显.md,False,765,1169,461,75,2,2,2
XeChem,题-XeC-19-02-氮宾作为一种不稳定的瞬态物种.md,False,797,1087,293,8,14,7,14
XeChem,题-XeC-19-03-磷的同素异形体丰富其中的PP.md,False,654,851,212,21,8,6,8
XeChem,题-XeC-19-04-机械互锁聚合物MIPs是一类.md,False,708,1033,323,27,7,4,7
XeChem,题-XeC-19-05-烷基硫酸盐是大气气溶胶中的重.md,False,667,1194,529,73,4,2,4
XeChem,题-XeC-19-06-铝是现代经济的基石在基础设施.md,False,1543,2193,647,103,0,0,0
XeChem,题-XeC-19-07-71判断以下分子或离子有无光.md,False,265,460,205,0,11,10,11
XeChem,题-XeC-19-08-尽管碳苷与含额外碳碳键糖类的.md,False,505,579,86,2,10,6,10
XeChem,题-XeC-19-09-PausonKhand反应简.md,False,239,371,147,2,11,9,11
XeChem,题-XeC-20-01-元素M和N是同族元素性质相似.md,False,678,699,27,28,6,0,6
XeChem,题-XeC-20-02-酸碱缓冲溶液是一种能对溶液的.md,False,487,606,124,48,0,0,0
XeChem,题-XeC-20-03-全固态锂电池以固态电解质替代.md,False,843,1306,483,97,0,0,0
XeChem,题-XeC-20-04-众所周知自然界中的许多病毒都.md,False,831,916,96,33,8,4,8
XeChem,题-XeC-20-05-作为并没有过多接触实验的高中.md,False,1564,1736,168,14,11,5,11
XeChem,题-XeC-20-06-TheActionLab在2.md,False,1359,1679,322,31,13,7,13
XeChem,题-XeC-20-07-Nazarov环化是一类特殊.md,False,692,782,97,5,18,13,18
XeChem,题-XeC-20-08-维生素H维生素生物素辅酶R是.md,False,683,740,69,16,16,7,16
XeChem,题-XeC-20-09-上述整个过程便是生物素的生物.md,False,385,437,116,11,7,3,7
XeChem,题-XeC-21-01-十九世纪初墨西哥矿物学家在一.md,False,396,466,83,12,0,0,0
XeChem,题-XeC-21-02-均配双萘零价过渡金属配合物是.md,False,767,892,148,16,8,1,8
XeChem,题-XeC-21-03-碳族第14族元素单质具有丰富.md,False,597,679,92,18,2,1,2
XeChem,题-XeC-21-04-的电化学还原反应是一种新兴的.md,False,1202,1828,621,122,1,1,1
XeChem,题-XeC-21-05-BDF单体在DMSO中用2当.md,False,831,1315,477,9,9,1,9
XeChem,题-XeC-21-06-61ABC三组底物在tBuO.md,False,128,366,247,2,5,2,5
XeChem,题-XeC-21-07-在现代有机合成中一些结构稳定.md,False,615,620,21,2,7,6,7
XeChem,题-XeC-21-08-钯催化反应是现代有机合成中应.md,False,661,705,102,10,6,7,6
XeChem,题-XeC-22-01-磷化镓GaP是典型的IIIV.md,False,1220,1266,58,23,4,1,4
XeChem,题-XeC-22-02-碘化汞是典型的重金属卤化物兼.md,False,366,716,359,76,0,0,0
XeChem,题-XeC-22-03-第14族元素单质具有丰富的同.md,False,894,986,103,3,5,3,5
XeChem,题-XeC-22-04-层状锂钴氧化物是锂离子电池正.md,False,534,640,129,24,0,0,0
XeChem,题-XeC-22-05-二硼杂芳环即在芳香环骨架中同.md,False,544,671,143,5,8,2,8
XeChem,题-XeC-22-06-酰胺因其共振稳定性通常表现出.md,False,723,760,48,4,17,7,17
XeChem,题-XeC-22-07-Smiles重排是一类重要的.md,False,554,572,54,0,12,6,12
XeChem,题-XeC-23-01-铅是人类最早认识并大规模利用.md,False,712,807,104,31,0,0,0
XeChem,题-XeC-23-02-碲化铋是目前室温附近性能最优.md,False,760,826,75,98,1,0,1
XeChem,题-XeC-23-03-的固化封存是气候与能源领域的.md,False,423,576,167,16,5,1,5
XeChem,题-XeC-23-04-1928年Ingold夫妇在.md,False,823,937,124,12,0,0,0
XeChem,题-XeC-23-05-苯酚是重要的工业化学品广泛用.md,False,808,947,162,66,0,0,0
XeChem,题-XeC-23-06-I型笼合物是一类结构精妙的主.md,False,478,742,280,19,0,0,0
XeChem,题-XeC-23-07-金属钛Ti因其高比强度优异耐.md,False,690,997,318,101,0,0,0
XeChem,题-XeC-23-08-叔丁醇钾KOtBu是有机合成.md,False,996,1054,76,16,4,3,4
XeChem,题-XeC-23-09-91南京工业大学于2021年.md,False,380,376,13,4,7,2,7
XeChem,题-XeC-23-10-二碘化钐是一种单电子还原剂N.md,False,488,502,70,8,10,7,10
XeChem,题-XeC-24-01-十八世纪末Vauguelin.md,False,279,304,41,11,1,0,1
XeChem,题-XeC-24-02-1955年Wartik和Ap.md,False,678,874,203,85,1,0,1
XeChem,题-XeC-24-03-肽链骨架中含有大量酰胺基团酰.md,False,767,931,184,60,0,0,0
XeChem,题-XeC-24-04-作为碳碳三键的等电子体硼氮三.md,False,641,815,187,16,8,1,8
XeChem,题-XeC-24-05-隧道型金属含氧化合物是一类重.md,False,386,727,341,16,3,1,3
XeChem,题-XeC-24-06-血红素是生物体内重要化合物其.md,False,371,393,35,7,6,3,6
XeChem,题-XeC-24-07-碳碳三键既可以作亲核试剂也可.md,False,224,223,20,2,7,3,7
XeChem,题-XeC-24-08-贝克曼重排是肟类化合物转化为.md,False,838,894,98,3,16,9,16
XeChem,题-XeC-25-01-11元素X的丰度位于第十二位.md,False,348,373,38,26,2,2,2
XeChem,题-XeC-25-02-锂氧电池工作时氧气在正极发生.md,False,682,1273,565,87,0,0,0
XeChem,题-XeC-25-03-一些配合物的配体可以参与到氧.md,False,714,740,45,20,8,1,8
XeChem,题-XeC-25-04-小夜在随意浏览MP时看到了一.md,False,487,570,96,18,3,1,3
XeChem,题-XeC-25-05-移液枪活塞式移液器是现代化学.md,False,711,1148,448,43,1,1,1
XeChem,题-XeC-25-06-莫比乌斯芳香性不是指普通芳香.md,False,388,382,12,3,8,4,8
XeChem,题-XeC-25-07-对甲苯磺酰卤TsX兼具磺酰基.md,False,747,793,65,3,8,7,8
XeChem,题-XeC-25-08-芳香环凭借高度离域的体系具有.md,False,634,663,72,8,14,5,14
XeChem,题-XeC-26-01-有机反应中细微的结构或反应环.md,False,817,870,69,9,18,4,18
XeChem,题-XeC-26-02-211以如下仲醇为例分别给出.md,False,843,1070,238,8,15,8,15
XeChem,题-XeC-26-03-重排反应能够通过分子内部键的.md,False,481,524,53,12,10,6,10
XeChem,题-XeC-26-04-负氢迁移是一类重要的分子内氧.md,False,689,691,17,0,8,6,8
XeChem,题-XeC-26-05-周环反应能够通过键与键的协同.md,False,491,499,30,3,13,8,13
XeChem,题-XeC-26-06-Phorbol与ingeno.md,False,626,592,41,1,12,8,12
XeChem,题-XeC-40-01-金银铜是人类历史上最早被认识.md,False,1220,1288,94,25,1,0,1
XeChem,题-XeC-40-01-零价配合物因其有趣的电子结构.md,False,304,297,6,7,6,2,6
XeChem,题-XeC-40-02-指尖脉搏血氧仪是一种便携式医.md,False,225,243,32,20,0,0,0
XeChem,题-XeC-40-02-请注意本题的21和22两部分.md,False,686,1215,589,35,5,1,5
XeChem,题-XeC-40-03-31牛奶富含很多人体生长发育.md,False,2470,2679,207,44,2,2,2
XeChem,题-XeC-40-03-传统上介导可逆的氧化还原催化.md,False,477,507,43,5,7,3,7
XeChem,题-XeC-40-04-方钴矿系skutterudi.md,False,452,697,254,37,2,2,2
XeChem,题-XeC-40-04-活化炔烃是一类特殊的炔烃化合.md,False,929,978,67,3,7,2,7
XeChem,题-XeC-40-05-元素X的名称来自希腊神话中满.md,False,460,493,49,16,0,0,0
XeChem,题-XeC-40-05-在现代超分子化学中以色散力为.md,False,829,1299,493,31,2,2,2
XeChem,题-XeC-40-06-氮杂芳环广泛存在于药物分子天.md,False,631,647,29,8,10,5,10
XeChem,题-XeC-40-06-量子点是一种半导体纳米晶粒径.md,False,667,816,160,20,2,1,2
XeChem,题-XeC-40-07-克罗烷二萜是自然界中分布最广.md,False,632,760,143,4,9,5,9
XeChem,题-XeC-40-07-碳正离子重排是近代有机合成化.md,False,512,528,28,1,15,6,15
XeChem,题-XeC-40-08-有机硫化合物在有机合成中扮演.md,False,746,799,76,2,14,6,14
XeChem,题-XeC-40-09-1氧杂十氢萘1oxadeca.md,False,486,490,18,0,13,3,13
chemy,题-CM-01-01-元素M是人类最早发现的金属之.md,False,503,119,108,8,0,2,0
chemy,题-CM-01-02-奎宁结构如右图所示是从金鸡纳.md,False,1020,335,253,22,0,1,0
chemy,题-CM-01-03-铝是地壳中含量第三高的元素在.md,False,718,284,269,9,0,6,0
chemy,题-CM-01-04-自20世纪50年代以来人们已.md,False,1623,124,83,14,0,6,0
chemy,题-CM-01-05-很多具有钙钛矿结构的化合物是.md,False,465,652,652,32,2,1,2
chemy,题-CM-01-06-氧化还原活性配体noninn.md,False,538,213,177,12,0,5,0
chemy,题-CM-01-07-71有机物的熔沸点对有机反应.md,False,656,142,121,6,0,6,0
chemy,题-CM-01-08-硝酮nitrone是一种优秀.md,False,352,55,55,0,0,2,0
chemy,题-CM-01-09-DAST试剂即二乙胺基三氟化.md,False,388,160,160,1,0,3,0
chemy,题-CM-02-01-锌碘ZnI电池是一种新兴的二.md,False,495,150,150,14,0,0,0
chemy,题-CM-02-02-21金属铼以莱茵Rhine冠.md,False,254,192,183,9,0,1,0
chemy,题-CM-02-03-高分子降解指高分子材料在物理.md,False,491,217,217,0,0,4,0
chemy,题-CM-02-04-41某实验室现制备了一份氯氨.md,False,676,179,179,25,0,3,0
chemy,题-CM-02-05-51氙是稀有气体的一种在很早.md,False,622,281,257,19,1,0,1
chemy,题-CM-02-06-碳是一种很常见的元素它以多种.md,False,912,161,152,16,0,3,0
chemy,题-CM-02-07-多取代芳烃广泛存在于天然产物.md,False,349,62,62,0,0,5,0
chemy,题-CM-02-08-C糖苷化合物具有广泛的药用价.md,False,409,178,170,1,0,2,0
chemy,题-CM-02-09-吡啶N氧化物具有特殊的化学性.md,False,189,32,32,0,0,8,0
chemy,题-CM-03-01-在17世纪后期德国人用Sax.md,False,1909,253,253,9,0,8,0
chemy,题-CM-03-02-132G具有非凡的氧化性质它.md,False,993,438,416,57,4,6,4
chemy,题-CM-03-03-物质的磁矩主要来源于电子的自.md,False,1108,228,228,14,0,8,0
chemy,题-CM-03-04-元素M因其元素符号而为人所知.md,False,738,288,230,22,0,5,0
chemy,题-CM-03-05-水系有机液流电池在储存电能的.md,False,520,182,133,14,0,5,0
chemy,题-CM-03-06-61如下小分子的结构中缺失了.md,False,651,342,342,11,0,4,0
chemy,题-CM-03-07-71通过如下得几步反应制备了.md,False,143,49,49,0,0,2,0
chemy,题-CM-03-08-81在上世纪70年代有人报道.md,False,874,75,75,6,0,6,0
chemy,题-CM-04-01-从古至今很多艺术品都具有缤纷.md,False,969,397,388,23,0,7,0
chemy,题-CM-04-02-CO2的捕集是解决温室气体过.md,False,594,250,250,12,0,1,0
chemy,题-CM-04-03-PCl和NHCl在一定条件下.md,False,554,44,44,7,6,0,6
chemy,题-CM-04-04-电池研究的方向是多维度的目前.md,False,1448,254,236,28,0,1,0
chemy,题-CM-04-05-NO是大气与生物体内关键的活.md,False,925,60,52,13,0,1,0
chemy,题-CM-04-06-氢能是一种清洁能源有望促进社.md,False,536,98,98,5,0,1,0
chemy,题-CM-04-07-71下图所示两个反应的产物不.md,False,278,210,80,0,0,6,0
chemy,题-CM-04-08-Smiles重排是一种分子内.md,False,355,507,499,1,0,3,0
chemy,题-CM-04-09-炔丙醇在酸性条件下易于发生下.md,False,370,44,44,0,0,4,0
chemy,题-CM-05-01-火星是距离太阳第四近的行星也.md,False,693,880,198,20,0,0,0
chemy,题-CM-05-02-化合物X的组成为为正整数将X.md,False,305,417,130,18,1,0,1
chemy,题-CM-05-03-一些海洋生物可以分泌粘附蛋白.md,False,410,524,122,0,5,2,5
chemy,题-CM-05-04-从含有MIV的盐酸溶液中经蒸.md,False,676,752,152,34,3,1,3
chemy,题-CM-05-05-将配成68mmolL的无水乙.md,False,614,828,224,16,5,3,5
chemy,题-CM-05-06-熔化的钢液中通常含有溶解的氢.md,False,574,881,311,52,0,0,0
chemy,题-CM-05-07-由铁与dmpe化学式为以及配.md,False,408,369,28,23,4,0,4
chemy,题-CM-05-08-81在甲烷分子中的HCH键角.md,False,619,1978,1369,35,52,9,52
chemy,题-CM-05-09-在以下反应中当两套体系双键或.md,False,354,358,140,0,9,4,9
chemy,题-CM-05-10-烯酮在有机化学中是一种关键的.md,False,493,534,285,4,18,8,18
chemy,题-CM-10-01-11固态的为层状结构层内硼酸.md,False,478,569,97,37,2,0,2
chemy,题-CM-10-02-1925年LTschugaj.md,False,834,1077,243,51,2,2,2
chemy,题-CM-10-03-31的制备过程如下称取和于锥.md,False,449,669,228,47,1,0,1
chemy,题-CM-10-04-M是一种多彩的元素它的许多化.md,False,868,988,130,62,2,0,2
chemy,题-CM-10-05-基于YSZ的氧气传感器在包括.md,False,878,1076,210,66,9,7,9
chemy,题-CM-10-06-链状化合物环化时当链中有偕二.md,False,297,391,95,17,9,6,9
chemy,题-CM-10-07-是一种强有机硼Lewis酸具.md,False,429,776,358,35,23,6,23
chemy,题-CM-10-08-81吡啶氧化物可通过三氯氧磷.md,False,368,716,383,5,5,4,5
chemy,题-CM-11-01-三氯化铬的四氢呋喃THF合物.md,False,277,344,77,37,2,0,2
chemy,题-CM-11-02-将溴化铵与三溴化锑在浓溴化氢.md,False,613,858,295,21,1,0,1
chemy,题-CM-11-03-称取05363g二氧化硒溶于.md,False,209,223,38,20,1,1,1
chemy,题-CM-11-04-在冬季北极地区的温度可达到2.md,False,263,316,67,14,1,1,1
chemy,题-CM-11-05-51在聚合物中柔顺性定义为高.md,False,449,566,102,5,1,1,1
chemy,题-CM-11-06-61通过一些反应可以得到含有.md,False,800,882,144,48,6,4,6
chemy,题-CM-11-07-可以利用NO和气体在恒温恒压.md,False,152,200,61,23,0,0,0
chemy,题-CM-11-08-逻辑门本身是处理一个或多个输.md,False,844,861,28,34,5,5,5
chemy,题-CM-11-09-91胺的碱性与多种因素有关对.md,False,498,501,28,30,8,1,8
chemy,题-CM-11-10-2乙烯基氮杂环化合物和异氰酸.md,False,553,429,86,4,10,7,10
chemy,题-CM-11-11-在环系结构和原子间位置合适时.md,False,194,157,157,0,16,3,16
chemy,题-CM-12-01-第四周期金属元素X和第二周期.md,False,407,587,168,23,2,0,2
chemy,题-CM-12-02-如下图所示在二氯甲烷溶液中分.md,False,645,829,235,41,2,1,2
chemy,题-CM-12-03-31有机化学中炔基正离子是一.md,False,465,496,38,24,1,0,1
chemy,题-CM-12-04-41雌黄雄黄均是砷的硫化物矿.md,False,747,806,74,44,2,0,2
chemy,题-CM-12-05-DNA碱基之间的特异性配对即.md,False,895,1692,814,43,15,6,15
chemy,题-CM-12-06-在乙腈中将和三苯基环丙烯基氯.md,False,407,301,162,15,4,1,4
chemy,题-CM-12-07-71近年人们发现高压下可以制.md,False,495,585,128,53,4,9,4
chemy,题-CM-12-08-81一般地可通过化学键均裂时.md,False,780,783,41,44,2,2,2
chemy,题-CM-12-09-周环反应是一种没有明显电性的.md,False,527,485,8,9,9,11,9
chemy,题-CM-12-10-101通过高价碘试剂能将对位.md,False,345,410,75,9,8,3,8
chemy,题-CM-13-01-有些过渡金属的阳离子在水溶液.md,False,1115,753,44,39,4,2,4
chemy,题-CM-13-02-通过和混合加热可制得钙钛矿型.md,False,161,204,56,23,0,0,0
chemy,题-CM-13-03-在下的二甲基甲酰胺溶剂中带有.md,False,553,677,139,34,5,1,5
chemy,题-CM-13-04-Ru的配合物X组成为其中dp.md,False,237,352,133,10,3,1,3
chemy,题-CM-13-05-人们研究了一系列化学式为其中.md,False,534,696,178,73,0,2,0
chemy,题-CM-13-06-可以通过吸附法测定某微球硅酸.md,False,463,633,185,65,4,1,4
chemy,题-CM-13-07-黄铁矿是一种二硫化物矿物化学.md,False,917,1016,276,44,6,5,6
chemy,题-CM-13-08-81酰胺的CN键会产生顺反异.md,False,1006,1092,111,56,12,10,12
chemy,题-CM-13-09-在右图所示的Grubbs催化.md,False,400,452,65,5,9,5,9
chemy,题-CM-13-10-骨架编辑被认为在药物开发中有.md,False,659,1197,436,3,21,7,21
chemy,题-CM-14-01-以硫和氮为骨架可以组成多种多.md,False,412,422,30,38,4,0,4
chemy,题-CM-14-02-0时向饱和溶液中通入加入KO.md,False,659,854,208,56,0,1,0
chemy,题-CM-14-03-由于与重卤原子的亲和性As的.md,False,443,541,110,27,11,1,11
chemy,题-CM-14-04-第111号元素轮是第七周期超.md,False,998,1227,228,82,4,4,4
chemy,题-CM-14-05-在高温下含有七并五环系的芳稠.md,False,262,517,281,52,4,2,4
chemy,题-CM-14-06-硼和碳是周期表中唯二可形成大.md,False,1230,1060,234,74,6,4,6
chemy,题-CM-14-07-键角是反映分子空间结构的重要.md,False,133,141,17,24,8,8,8
chemy,题-CM-14-08-SculponinU是一种贝.md,False,734,781,65,14,12,9,12
chemy,题-CM-14-09-早在1967年人们就已经成功.md,False,665,763,136,23,10,7,10
chemy,题-CM-15-01-中国陶瓷艺术中的青花瓷以其幽.md,False,836,1075,236,57,1,0,1
chemy,题-CM-15-02-211963年科学家在研究铋.md,False,784,922,135,44,4,1,4
chemy,题-CM-15-03-癌症是影响人类生活健康的一大.md,False,1583,1839,362,40,10,3,10
chemy,题-CM-15-04-合金纳米团簇具有原子级精确的.md,False,727,1003,290,57,5,1,5
chemy,题-CM-15-05-工业染料废水的高效处理是环境.md,False,1480,1752,279,110,2,1,2
chemy,题-CM-15-06-受限于光的衍射极限传统光学显.md,False,1641,1766,127,59,4,2,4
chemy,题-CM-15-07-71同位素标记实验常被用于研.md,False,1124,1200,148,22,2,3,2
chemy,题-CM-15-08-核酸酶如CRISPRCas9.md,False,799,961,183,12,10,3,10
chemy,题-CM-15-09-重氮酯类化合物是有机合成中重.md,False,643,645,15,10,10,6,10
chemy,题-CM-16-01-Bluehasnodimen.md,False,635,762,126,30,3,3,3
chemy,题-CM-16-02-通过热解M和N叔丁基异丁酰胺.md,False,296,389,105,18,2,0,2
chemy,题-CM-16-03-中国新能源汽车产业发展规划2.md,False,572,665,105,46,3,1,3
chemy,题-CM-16-04-电解水过程中阳极处的析氧反应.md,False,542,622,91,44,4,3,4
chemy,题-CM-16-05-清华大学某课题组使用缓慢还原.md,False,370,424,65,25,0,0,0
chemy,题-CM-16-06-三核氧心过渡金属羧酸配合物的.md,False,610,725,130,27,9,0,9
chemy,题-CM-16-07-氮杂环卡宾NHeterocy.md,False,418,543,138,18,10,5,10
chemy,题-CM-16-08-NN二取代羟胺和丙炔酸甲酯在.md,False,218,255,45,4,10,2,10
chemy,题-CM-16-09-底物A和酮酯在TMSOTf催.md,False,377,416,52,5,7,4,7
chemy,题-CM-16-10-2015年有课题组发现如下化.md,False,128,172,53,7,5,3,5
chemy,题-CM-17-01-11醋酸铍有多种碱式盐其中最.md,False,707,860,156,31,2,0,2
chemy,题-CM-17-02-锂离子电池技术的进步极大地推.md,False,708,1142,504,36,6,4,6
chemy,题-CM-17-03-31砷的氰化物在一百多年前就.md,False,325,381,60,0,3,0,3
chemy,题-CM-17-04-将银盐A含银与浓度为的HCl.md,False,205,223,34,17,0,0,0
chemy,题-CM-17-05-51在气相的硫单质中存在着等.md,False,1072,1308,296,99,6,2,8
chemy,题-CM-17-06-细胞膜及其刚度测量.md,False,613,670,117,32,2,2,4
chemy,题-CM-17-07-超分子自组装的选择性.md,False,600,733,212,25,18,0,18
chemy,题-CM-17-08-烷烃构象中的取代基排斥不仅取.md,False,465,404,68,11,23,19,23
chemy,题-CM-17-09-如下所示以下联烯在肼的存在下.md,False,251,268,34,2,11,3,11
chemy,题-CM-17-10-101众所周知三价锰虽然在水.md,False,473,755,292,30,14,9,14
chemy,题-CM-18-01-以仁慈与智慧之神圣名我在库法.md,False,476,654,157,27,2,1,2
chemy,题-CM-18-02-低价锑化合物为键活化与催化反.md,False,335,386,59,12,6,1,6
chemy,题-CM-18-03-水系有机液流电池AORFBs.md,False,449,544,113,61,6,3,6
chemy,题-CM-18-04-甲基丙烯酸酯基聚合物在现代生.md,False,470,577,120,18,9,4,9
chemy,题-CM-18-05-磷酸是化学中常用的三元酸被广.md,False,536,684,148,55,2,1,2
chemy,题-CM-18-06-酚酞是分析化学中常见的酸碱滴.md,False,500,709,252,80,2,2,2
chemy,题-CM-18-07-氮叶立德是有机化学中一类常见.md,False,228,263,69,2,7,4,7
chemy,题-CM-18-08-开发出能够在单一操作中高效且.md,False,324,361,47,1,17,6,17
chemy,题-CM-18-09-大环化合物Macrocycl.md,False,593,771,194,0,17,7,17
chemy,题-CM-19-01-一氟化硼BF是由硼与氟元素形.md,False,712,877,165,28,9,0,9
chemy,题-CM-19-02-苯与六氟代苯能形成加合物晶体.md,False,436,537,113,17,4,1,4
chemy,题-CM-19-03-硅具有与碳类似但又有不同的成.md,False,630,689,59,19,12,2,12
chemy,题-CM-19-04-随着居民生活水平的提高坚果作.md,False,562,1809,1326,49,13,0,13
chemy,题-CM-19-05-X射线衍射XRD通过使化合物.md,False,1090,435,145,15,11,3,11
chemy,题-CM-19-06-61量子力学理论认为所有具有.md,False,385,487,102,33,5,2,5
chemy,题-CM-19-07-电势pH图是无机化学中具有重.md,False,277,306,28,17,2,1,2
chemy,题-CM-19-08-81有一种工业上由乙烯与氯气.md,False,343,488,145,48,2,0,2
chemy,题-CM-19-09-91电子相对于原子核来说占据.md,False,791,862,277,37,0,0,0
chemy,题-CM-20-01-11选出如下反应的主要产物1.md,False,240,259,8,6,8,9,8
chemy,题-CM-20-02-21利用含磷化合物与含硼化合.md,False,224,224,0,0,7,2,7
chemy,题-CM-20-03-环丁酮是有机合成中的重质中相.md,False,642,675,65,4,12,5,12
chemy,题-CM-20-04-自牺牲高分子Selfimmo.md,False,586,590,4,0,5,1,5
chemy,题-CM-20-05-大肠杆菌色氨酸合酶由2个亚基.md,False,404,409,20,17,9,7,9
chemy,题-CM-20-06-在卤代烃的亲核取代反应中反应.md,False,528,727,199,54,5,5,5
chemy,题-CM-20-07-71画出如下反应产物A的结构.md,False,321,323,2,7,13,6,13
chemy,题-CM-20-08-第36届中国化学奥林匹克竞赛.md,False,667,753,86,23,18,12,18
chemy,题-CM-21-01-11化学式为的配合物也被称为.md,False,610,858,256,37,3,3,3
chemy,题-CM-21-02-花色素苷Anthocyani.md,False,664,867,203,52,5,2,5
chemy,题-CM-21-03-312026年德国萨尔大学的.md,False,420,528,108,27,6,3,6
chemy,题-CM-21-04-高熵材料指混合多种金属元素的.md,False,711,931,220,25,0,1,0
chemy,题-CM-21-05-作为一种温室气体的大量排放将.md,False,765,970,218,61,3,5,3
chemy,题-CM-21-06-有课题组通过以下反应合成了笼.md,False,566,915,350,41,6,4,6
chemy,题-CM-21-07-Corey课题组开发了以下酰.md,False,222,327,105,6,13,6,13
chemy,题-CM-21-08-氮杂环庚烷azepanes是.md,False,940,1264,324,11,24,17,24
chemy,题-CM-22-01-氧化钢锡ITO是一种广泛应用.md,False,605,823,235,47,3,2,3
chemy,题-CM-22-02-氟化物A可以和硫单质反应生成.md,False,798,909,117,33,3,0,3
chemy,题-CM-22-03-受阻Lewis酸碱对FLPs.md,False,505,578,93,5,5,2,5
chemy,题-CM-22-04-2010年美国西北大学的JF.md,False,1087,1332,255,38,7,3,7
chemy,题-CM-22-05-苯酚是化工中常用的有机底物之.md,False,928,1072,164,22,3,1,3
chemy,题-CM-22-06-哈珀博世法是目前各个国家合成.md,False,1117,1373,266,92,6,3,6
chemy,题-CM-22-07-Phenytoin苯妥英是一.md,False,989,1106,133,16,3,1,3
chemy,题-CM-22-08-811873年Wallach.md,False,181,199,47,2,7,3,7
chemy,题-CM-22-09-氟原子在天然产物中极为罕见但.md,False,786,903,132,2,12,5,12
chemy,题-CM-41-01-测定氨基酸含量时可以采用酸碱.md,False,965,804,327,0,6,3,6
chemy,题-CM-41-02-21在无水氟化氢中将和按摩尔.md,False,306,90,55,0,4,0,4
chemy,题-CM-41-03-硼是一种易形成多中心键和原子.md,False,780,323,134,0,3,4,3
chemy,题-CM-41-04-一氧化二硫为无色气体遇冷变为.md,False,296,53,11,0,3,0,3
chemy,题-CM-41-05-将配体结构如下左图与按一定的.md,False,698,475,323,0,4,3,4
chemy,题-CM-41-06-有一顺磁性物质的单位体积内有.md,True,292,47,47,0,0,1,0
chemy,题-CM-41-07-71石墨合成立方金刚石的物理.md,False,1270,636,370,0,3,5,3
chemy,题-CM-41-08-81通过不同的反应条件可以控.md,False,239,493,413,0,8,10,8
chemy,题-CM-41-09-通过以下反应得到化合物X其化.md,False,104,29,29,0,2,3,2
chemy,题-CM-41-10-01对以下化合物在酸性条件下.md,False,709,141,53,0,2,6,2
chemy,题-CM-42-01-DNA是对生命现象非常重要的.md,False,655,239,239,5,10,1,10
chemy,题-CM-42-02-无水氟化氢HF是无机化学中常.md,False,542,165,146,29,3,1,3
chemy,题-CM-42-03-31臭氧是角形分子电偶极矩为.md,False,262,149,108,25,2,1,2
chemy,题-CM-42-04-41在离子Mn3CO14中3.md,False,480,213,179,5,6,1,6
chemy,题-CM-42-05-51工业制氧在目前深冷分离法.md,False,600,306,202,46,0,0,0
chemy,题-CM-42-06-铁氮化物因具有良好的磁学性质.md,False,1196,556,109,18,1,2,1
chemy,题-CM-42-07-莫比乌斯环是一种具有代表性的.md,False,635,226,84,4,11,4,11
chemy,题-CM-42-08-同芳香性指环状化合物中至少一.md,False,1035,123,106,0,7,13,7
一式,题-YS-01-01-A是一种由三种主族元素构成的.md,False,430,652,235,29,2,0,2
一式,题-YS-01-02-1985年还是博士生的Ron.md,False,635,730,116,28,2,2,2
一式,题-YS-01-03-碳因其在和杂化下形成长链的能.md,False,585,716,196,22,1,0,1
一式,题-YS-01-04-在固体化学中同源系列是指一类.md,False,557,620,90,13,2,1,2
一式,题-YS-01-05-高氧化态的过渡金属亚烷基配合.md,False,725,848,147,22,6,5,6
一式,题-YS-01-06-61四苯基锡是制备多种锡基有.md,False,583,588,88,11,1,1,1
一式,题-YS-01-07-71预测在环己13二烯中的C.md,False,334,412,143,0,11,13,11
一式,题-YS-01-08-利用有机硼与底物的发生配位后.md,False,451,525,117,8,12,6,12
一式,题-YS-01-09-块在高温情况下可以表现出不寻.md,False,325,342,53,3,21,9,21
一式,题-YS-02-01-周易参同契中记载了如下有关金.md,False,283,299,33,8,0,0,0
一式,题-YS-02-02-含磷小分子是构建复杂有机磷化.md,False,474,510,60,18,6,2,6
一式,题-YS-02-03-锂离子电池已成为移动能源市场.md,False,390,441,60,22,2,1,2
一式,题-YS-02-04-碳化物因碳的电负性适中而表现.md,False,492,600,131,38,1,1,1
一式,题-YS-02-05-传统药物大多通过抑制酶或受体.md,False,722,885,179,73,6,1,6
一式,题-YS-02-06-双键是一种常见的结构由于其具.md,False,280,514,254,8,18,4,18
一式,题-YS-02-07-71下列所示的原酸酯在酸性条.md,False,271,183,91,4,4,8,4
一式,题-YS-02-08-叔膦催化的反应一直是竞赛考察.md,False,223,169,25,3,6,3,6
一式,题-YS-02-09-通过一些方法构筑高张力的中间.md,False,448,463,37,5,19,6,19
一式,题-YS-03-01-浊沸石Laumontite是.md,False,711,766,59,38,2,0,2
一式,题-YS-03-02-元素X具有多种同素异形体能形.md,False,470,2159,1707,84,16,0,16
一式,题-YS-03-03-主族元素E的氧化物与碱金属M.md,False,521,517,271,14,2,3,2
一式,题-YS-03-04-智能材料是一类能感应环境变化.md,False,908,788,256,25,7,5,7
一式,题-YS-03-05-杂化铅卤化物材料因其优异的光.md,False,635,848,259,18,5,1,5
一式,题-YS-03-06-61选出下列两组化合物中酸性.md,False,193,255,97,1,10,9,10
一式,题-YS-03-07-肼是一种无色油状液体具有强烈.md,False,215,254,49,4,9,4,9
一式,题-YS-03-08-如题无庸赘述考虑如下反应81.md,False,201,272,95,0,4,3,4
一式,题-YS-04-01-在古代波斯有一位炼金术士得到.md,False,268,309,50,21,0,0,0
一式,题-YS-04-02-对叔丁基杯8芳烃能选择性地与.md,False,556,718,185,22,8,2,8
一式,题-YS-04-03-过渡金属M具有23及4等多种.md,False,263,279,32,9,2,0,2
一式,题-YS-04-04-中红外波段220nm激光在远.md,False,657,795,152,8,4,1,4
一式,题-YS-04-05-分子镊子是一类化合物它们能够.md,False,551,758,219,51,8,2,8
一式,题-YS-04-06-二茂铁的发现确立了以环戊烯为.md,False,683,651,23,30,7,0,7
一式,题-YS-04-07-71选出下列两组还原反应的主.md,False,149,172,37,1,10,12,10
一式,题-YS-04-08-20世纪50年代末Brook.md,False,367,427,80,2,5,5,5
一式,题-YS-04-09-高价碘试剂是一类环境友好低成.md,False,367,395,68,14,14,8,14
一式,题-YS-05-01-与碳不同锗容易形成稳定的低价.md,False,451,481,55,10,7,1,7
一式,题-YS-05-02-渗透方法可以用来研究小分子物.md,False,261,334,85,25,0,0,0
一式,题-YS-05-03-在第37届中国化学奥林匹克竞.md,False,436,534,114,14,0,0,0
一式,题-YS-05-04-某种二元卤化物晶体沿不同方向.md,False,212,317,157,23,3,2,3
一式,题-YS-05-05-水乃生命之源降雨则是大自然调.md,False,798,929,159,47,0,3,0
一式,题-YS-05-06-二硫烯dithiolene是.md,False,561,579,122,16,9,1,9
一式,题-YS-05-07-71定义下列羰基取代氮原子置.md,False,156,361,219,2,19,16,19
一式,题-YS-05-08-在第36届中国化学原料匹克初.md,False,126,59,59,1,4,6,4
一式,题-YS-05-09-91传统的头尾环化策略在构建.md,False,532,581,67,6,10,8,10
一式,题-YS-06-01-1886年Winkler在德.md,False,160,199,41,6,0,0,0
一式,题-YS-06-02-化学式形如的晶体实际蕴含多种.md,False,185,198,31,14,5,0,5
一式,题-YS-06-03-2025年研究者开发了一种铜.md,False,351,441,131,30,4,1,4
一式,题-YS-06-04-理解肌肉中能量产生的调控因素.md,False,589,699,129,29,0,0,0
一式,题-YS-06-05-羟胺在核燃料后处理中作为还原.md,False,677,687,214,104,5,0,5
一式,题-YS-06-06-对叔丁基杯8芳烃实验原理富勒.md,False,525,621,169,20,7,11,7
一式,题-YS-06-07-71考虑如下的关于烯烃的亲电.md,False,231,290,76,3,19,18,19
一式,题-YS-06-08-骨架编辑是分子框架内删除插入.md,False,246,246,24,2,12,4,12
一式,题-YS-06-09-亚砜有着十分有趣的结构常画出.md,False,473,423,53,0,11,12,11
一式,题-YS-07-01-金属M常用于有机反应在氯气中.md,False,339,393,61,6,8,2,8
一式,题-YS-07-02-汞很早就被人类认识并使用汉语.md,False,460,546,99,25,1,0,1
一式,题-YS-07-03-稀土元素相似的化学性质使得人.md,False,261,344,96,9,2,0,2
一式,题-YS-07-04-金属硫化物是一类经典的光催化.md,False,304,399,119,15,3,2,3
一式,题-YS-07-05-合成第4题中的ZIS通常使用.md,False,212,218,40,24,2,0,2
一式,题-YS-07-06-ZIS的光催化与PPol的裂.md,False,834,834,76,18,8,3,8
一式,题-YS-07-07-以下反应可制备具有自由基机械.md,False,395,434,91,7,4,2,4
一式,题-YS-07-08-81选出下列分子中具有旋光性.md,False,147,169,50,1,11,16,11
一式,题-YS-07-09-芳炔是一类非常重要的合成中间.md,False,369,393,48,0,8,3,8
一式,题-YS-07-10-芳基硝酮是一类有效用作喹啉合.md,False,228,34,11,0,6,4,6
一式,题-YS-08-01-X和Y主要来源是铜电解精炼过.md,False,244,321,85,10,1,0,1
一式,题-YS-08-02-M的低价配合物有着丰富的反应.md,False,625,780,230,4,11,4,11
一式,题-YS-08-03-索伦石是1961年在我国内蒙.md,False,367,440,88,38,3,2,3
一式,题-YS-08-04-氢负离子转移是化学合成与催化.md,False,479,680,206,61,2,0,2
一式,题-YS-08-05-传统的能量化合物如RDXHM.md,False,1253,1446,300,62,9,5,9
一式,题-YS-08-06-61如下是一些常见的有机还原.md,False,207,237,94,0,9,12,9
一式,题-YS-08-07-71选出如下关于下列反应以及.md,False,290,298,17,0,6,4,6
一式,题-YS-08-08-由于在形成两个新化学键的同时.md,False,546,579,58,4,15,3,15
一式,题-YS-10-01-国画并非仅仅黑白而是具有丰富.md,False,630,714,123,19,2,0,2
一式,题-YS-10-02-近年来研究者发展了一种可在室.md,False,359,420,79,27,4,2,4
一式,题-YS-10-03-甲醇重整制氢气是现代能源产业.md,False,382,506,166,32,0,1,0
一式,题-YS-10-04-某些无固定结构蛋白可以形成富.md,False,278,428,169,31,3,0,3
一式,题-YS-10-05-钾碘氧三种元素能形成丰富的化.md,False,275,367,107,11,4,3,4
一式,题-YS-10-06-在有机合成中薄层色谱与柱层析.md,False,1619,2071,503,16,5,5,5
一式,题-YS-10-07-71对酯类化合物结构反应性的.md,False,174,112,11,0,10,14,10
一式,题-YS-10-08-13二硫烷通常在有机合成中作.md,False,421,376,38,2,10,6,10
一式,题-YS-10-09-91传统醚键切断的条件往往不.md,False,396,396,26,3,14,6,14
伽马,题-GM-01-01-11设将直链共轭多烯烃分子中.md,True,325,47,47,0,0,6,0
伽马,题-GM-01-01-1neatSMe2170I5.md,True,31,60,60,0,0,1,0
伽马,题-GM-01-01-小杂环化合物的制备结构键合化.md,False,287,326,58,11,2,0,2
伽马,题-GM-01-01-指认物质是实验化学家百年以来.md,False,519,531,51,26,5,0,5
伽马,题-GM-01-01-题.md,True,15,35,35,0,0,1,0
伽马,题-GM-01-02-21从离子开始已知碳原子的第.md,False,897,1103,197,69,8,7,8
伽马,题-GM-01-02-X与某元素的二元化合物只能通.md,True,458,47,47,0,0,10,0
伽马,题-GM-01-02-实验人员将和过量NaOH溶液.md,False,325,505,192,24,0,0,0
伽马,题-GM-01-02-题.md,True,16,44,44,0,0,1,0
伽马,题-GM-01-03-Pummerer重排是用乙酸.md,False,758,369,165,3,14,4,14
伽马,题-GM-01-03-某四方晶体的正当晶胞结构如图.md,False,180,281,104,4,3,1,3
伽马,题-GM-01-03-核酸和蛋白质等生物大分子在水.md,False,624,768,152,27,3,2,3
伽马,题-GM-01-03-非常无聊的一道题基本就是看图.md,True,528,61,61,0,0,12,0
伽马,题-GM-01-04-化合物X是元素M的盐化学式为.md,False,367,389,34,6,1,0,1
伽马,题-GM-01-04-这题几乎没救了右图是一个二元.md,False,199,144,131,5,2,9,2
伽马,题-GM-01-04-镨Pr和钕Nd是一对较难分离.md,False,519,697,184,43,0,0,0
伽马,题-GM-01-04-长期以来有机硫化合物在合成中.md,False,693,265,111,0,4,15,4
伽马,题-GM-01-05-加州大学的研究人员制备了含Z.md,False,468,696,220,18,3,0,3
伽马,题-GM-01-05-我们用NN二乙基14苯二胺D.md,True,837,47,47,0,0,3,0
伽马,题-GM-01-05-许多SbIII配合物被发现有.md,False,365,376,52,8,5,2,5
伽马,题-GM-01-06-1921年Staudinge.md,False,673,811,150,22,4,4,4
伽马,题-GM-01-06-某最简式为的晶体属立方晶系a.md,False,211,264,64,9,0,0,0
伽马,题-GM-01-06-纳米尺度的定向运动是生命的核.md,False,863,119,98,3,7,3,7
伽马,题-GM-01-07-71有一系列卤代烷烃当时的转.md,False,347,40,40,0,1,15,1
伽马,题-GM-01-07-71选出以下在水中的溶解性最.md,False,79,93,24,3,7,8,7
伽马,题-GM-01-08-81周环反应811有以下转化.md,False,296,393,109,4,15,8,15
伽马,题-GM-01-08-以下为天然产物Guignar.md,False,336,494,170,3,19,5,19
伽马,题-GM-01-09-91Edman降解瑞典化学家.md,False,343,460,126,2,11,3,11
伽马,题-GM-01-09-MeyerSchuster重.md,False,301,166,65,0,14,5,14
伽马,题-GM-01-09-研究人员报道了以下转化在保护.md,False,149,146,18,3,4,1,4
伽马,题-GM-01-11-在室温以及碱存在下以下两化合.md,True,605,35,35,0,0,7,0
伽马,题-GM-02-01-作为主要的温室气体备受关注特.md,False,1310,1530,240,103,4,2,4
伽马,题-GM-02-01-多肽材料是一种多功能智能产品.md,False,263,315,65,4,7,2,7
伽马,题-GM-02-02-乙酸丁酯是一种重要的有机溶剂.md,False,840,897,72,1,1,1,1
伽马,题-GM-02-02-由于存在电子缺陷正价卤素离子.md,False,238,254,27,5,8,6,8
伽马,题-GM-02-03-一些含亚铜与卤素的盐由于其磁.md,False,235,251,24,9,2,0,2
伽马,题-GM-02-03-元素A其单质是灰黑色的脆性晶.md,False,380,389,22,11,10,2,10
伽马,题-GM-02-04-411写出A的化学式412将.md,False,206,180,8,14,2,3,2
伽马,题-GM-02-04-高分子材料的大规模使用带来了.md,False,459,603,155,0,5,2,5
伽马,题-GM-02-05-51用还原反应的历程如下所示.md,False,181,200,31,21,0,1,0
伽马,题-GM-02-05-某二元化合物最初的作用是作为.md,False,354,458,119,10,4,2,4
伽马,题-GM-02-06-诸如等小分子是普遍存在的稳定.md,False,398,472,91,11,15,9,15
伽马,题-GM-02-06-金属M为第VIII族元素研究.md,False,494,648,165,47,4,2,4
伽马,题-GM-02-07-71分别选出以下两组化合物中.md,False,227,507,289,9,10,7,10
伽马,题-GM-02-07-若将忽略气体分子的内部结构将.md,False,199,195,9,20,0,0,0
伽马,题-GM-02-08-81如下化合物中哪个为主要构.md,False,355,397,57,5,8,4,8
伽马,题-GM-02-08-生物碱Acutumine最初.md,False,159,230,84,2,6,3,6
伽马,题-GM-02-09-91画出环丙烯酮的所有共振式.md,False,245,288,53,2,9,5,9
伽马,题-GM-02-09-自古以来自然界就一直在合成复.md,False,270,325,83,1,26,8,26
伽马,题-GM-02-10-Petasis反应是一种高效.md,False,86,79,44,0,10,6,10
伽马,题-GM-03-01-11过氧化氢是一种常见的氧化.md,False,320,26,15,2,3,4,3
伽马,题-GM-03-01-可持续高分子材料具有可回收可.md,False,374,453,91,1,4,2,4
伽马,题-GM-03-02-21CoII配合物一NN二水.md,False,679,99,99,3,1,2,1
伽马,题-GM-03-02-沸石是人类最重要的微孔材料之.md,False,343,426,95,28,3,3,3
伽马,题-GM-03-03-A为一种银白色金属质地较软在.md,False,298,321,33,3,2,0,2
伽马,题-GM-03-03-在晶体场理论中中心金属离子与.md,False,365,192,160,8,2,2,2
伽马,题-GM-03-04-水杨酸邻羟基苯甲酸是一种常见.md,False,259,160,160,20,2,0,2
伽马,题-GM-03-04-金属卡拜是指具有作为配体的配.md,False,249,235,13,3,10,3,10
伽马,题-GM-03-05-mathrmCuImathr.md,False,179,250,87,41,0,0,0
伽马,题-GM-03-05-一氧化碳是汽车造成的最严重的.md,False,518,111,111,22,0,0,0
伽马,题-GM-03-06-246三硝基甲苯TNT是一种.md,False,302,314,24,27,1,0,1
伽马,题-GM-03-06-在超分子化学中氢键可用来引导.md,False,263,3,3,0,3,3,3
伽马,题-GM-03-07-按要求回答下列问题71戊二酸.md,False,317,584,287,5,31,10,31
伽马,题-GM-03-07-由于N元素具有多种价态铵盐的.md,False,213,53,53,6,0,0,0
伽马,题-GM-03-08-在如下所示的两个反应中体系中.md,False,130,103,70,6,13,2,13
伽马,题-GM-03-08-硅效应是有机化学中常见的取代.md,False,173,51,51,1,4,2,4
伽马,题-GM-03-09-91重氮化合物具有丰富的反应.md,False,293,25,25,0,6,5,6
伽马,题-GM-03-09-一定条件下可以与化合物的醛基.md,False,169,108,3,6,14,3,14
伽马,题-GM-03-10-101以下是天然产物epot.md,False,84,83,83,0,8,1,8
伽马,题-GM-04-01-11菽园杂记记载了如下制取铅.md,False,509,657,160,8,0,0,0
伽马,题-GM-04-01-短周期元素ABC和D两两之间.md,False,557,776,230,45,1,0,1
伽马,题-GM-04-02-21从表面因素分析为什么诸如.md,False,423,554,139,36,0,0,0
伽马,题-GM-04-02-已知酰胺A可形成分子内氢键可.md,False,193,1225,1044,35,3,1,3
伽马,题-GM-04-03-31几种分类311热塑性塑料.md,False,860,1129,356,3,2,0,2
伽马,题-GM-04-03-X射线衍射XRD是研究晶体结.md,False,760,250,221,8,1,1,1
伽马,题-GM-04-04-41当你迅速吹起一个天然橡胶.md,False,511,972,465,0,5,1,5
伽马,题-GM-04-04-蜘蛛丝是自然界中性能最卓越的.md,False,893,1166,257,30,3,3,3
伽马,题-GM-04-05-最近中国科学院物理研究所北京.md,False,208,258,62,1,0,1,0
伽马,题-GM-04-05-长余辉现象最早出现在无机材料.md,False,835,781,87,22,5,4,5
伽马,题-GM-04-06-61制备饱和碘酸铜溶液的方式.md,False,305,393,101,7,0,0,0
伽马,题-GM-04-06-早在19世纪人们发现了一些分.md,False,770,869,111,6,10,7,10
伽马,题-GM-04-07-71最近研究者制备出了含BB.md,False,264,259,8,2,8,3,8
伽马,题-GM-04-07-71比较下列物质在NaI丙酮.md,False,298,552,266,13,25,24,25
伽马,题-GM-04-08-81直接判断下列结构的稳定性.md,False,176,252,88,16,11,7,11
伽马,题-GM-04-08-利用以下反应可以构建五元环酮.md,False,168,204,69,1,7,4,7
伽马,题-GM-04-09-91已知三苯甲基钠的固体和乙.md,False,350,470,134,7,10,4,10
伽马,题-GM-04-09-RC策略RelayCatal.md,False,370,403,43,3,10,3,10
伽马,题-GM-04-10-101Norrishtype.md,False,377,409,41,1,18,6,18
伽马,题-GM-05-01-11设将直链共轭多烯烃分子中.md,False,256,327,71,13,1,1,1
伽马,题-GM-05-01-铁是地壳中第四个丰度最大的元.md,False,529,122,122,5,4,2,4
伽马,题-GM-05-02-X与某元素的二元化合物只能通.md,False,346,406,70,22,0,0,0
伽马,题-GM-05-02-无机固体材料在我们生活当中非.md,False,429,127,127,3,0,1,0
伽马,题-GM-05-03-对叔丁基杯芳烃是一类常见的具.md,False,550,108,108,7,1,2,1
伽马,题-GM-05-03-高反应性物质的稳定化和分离长.md,False,374,440,63,8,7,2,7
伽马,题-GM-05-04-Te的卤化物有着非常丰富的结.md,False,306,4,4,2,0,0,0
伽马,题-GM-05-04-右图是一个二元化合物的晶体结.md,False,180,297,131,5,2,1,2
伽马,题-GM-05-05-可以用离子选择电极监测乳品厂.md,False,433,117,117,13,0,1,0
伽马,题-GM-05-05-在为条件下游离氯与DPD生成.md,False,876,870,111,34,1,0,1
伽马,题-GM-05-06-61比较下列化合物的碱性AB.md,False,162,53,53,0,2,13,2
伽马,题-GM-05-06-纳米尺度的定向运动是生命的核.md,False,843,929,98,15,7,6,7
伽马,题-GM-05-07-71判断以下化合物是否具有芳.md,False,68,102,38,2,8,7,8
伽马,题-GM-05-07-金元素由于其具有独特的催化活.md,False,254,68,68,2,4,5,4
伽马,题-GM-05-08-81苯炔是将苯环的两个领位取.md,False,129,48,48,1,1,3,1
伽马,题-GM-05-08-DEADPPh得到的中间体一.md,False,210,241,41,0,10,2,10
伽马,题-GM-05-09-酶多年来一直被用于进行不对称.md,False,669,787,130,4,13,5,13
伽马,题-GM-06-01-11卤素是一种生活中常见的元.md,False,413,150,150,8,1,2,1
伽马,题-GM-06-01-对于RichardTurne.md,False,806,838,25,4,0,0,0
伽马,题-GM-06-02-21卡宾是具有六个价电子的二.md,False,492,19,19,1,6,6,6
伽马,题-GM-06-02-十10分下列反应并未得到预期.md,True,69,35,35,0,0,1,0
伽马,题-GM-06-02-有机电致发光OLED是指有机.md,False,720,781,72,41,4,2,4
伽马,题-GM-06-03-31对于第三周期的过渡金属而.md,False,309,381,381,9,0,0,0
伽马,题-GM-06-03-聚酯高分子力学与化学稳定性好.md,False,288,303,28,0,8,2,8
伽马,题-GM-06-04-1935年KarlFishe.md,False,733,807,123,24,2,1,2
伽马,题-GM-06-04-金属纳米团簇是由几个至几百个.md,False,372,275,275,12,0,0,0
伽马,题-GM-06-05-分子的发光有多种机理其中以d.md,False,404,47,47,0,7,0,7
伽马,题-GM-06-05-近日中国科学家报道了在嫦娥六.md,False,299,341,53,8,4,4,4
伽马,题-GM-06-05-黄原酸酯的反应1899年俄国.md,True,248,59,59,0,0,6,0
伽马,题-GM-06-06-反应机理的研究是催化反应中非.md,False,368,63,63,7,0,0,0
伽马,题-GM-06-06-苯甲酸重排苯甲酸重排Benz.md,True,234,35,35,0,0,3,0
伽马,题-GM-06-06-随着可充电锂金属电池尤其是锂.md,False,820,889,80,40,5,2,5
伽马,题-GM-06-07-71将的碱性由强到弱排序72.md,True,57,59,59,0,0,1,0
伽马,题-GM-06-07-靛蓝Indigo最早于400.md,False,957,1016,71,7,13,3,13
伽马,题-GM-06-07-高分子材料在生活中非常常见合.md,False,502,192,192,0,5,3,5
伽马,题-GM-06-08-1993年ClaudeAga.md,True,158,35,35,0,0,2,0
伽马,题-GM-06-08-81Cope消除是有机化学中.md,False,233,38,38,0,6,8,6
伽马,题-GM-06-08-一种硼介导的重排反应可以实现.md,False,299,360,85,0,20,11,20
伽马,题-GM-06-09-91锂卤交换是有机化学中常用.md,False,137,24,24,0,5,3,5
伽马,题-GM-06-09-Mannich反应是有机化学.md,False,450,383,113,9,13,6,13
伽马,题-GM-06-09-高价碘试剂作为一种高效温和的.md,True,162,43,43,0,0,4,0
伽马,题-GM-06-10-二萜天然产物crinipel.md,False,163,10,10,0,2,2,2
伽马,题-GM-07-01-11对于一维势阱模型其能级能.md,False,353,206,206,11,0,3,0
伽马,题-GM-07-02-21氮元素在自然界中主要以双.md,False,452,120,120,2,3,1,3
伽马,题-GM-07-03-311Ti在强酸性水溶液中的.md,False,331,38,38,3,4,0,4
伽马,题-GM-07-04-检出限量是痕量元素分析的基本.md,False,513,47,47,11,1,0,1
伽马,题-GM-07-05-量子点QD是一种重要的低维半.md,False,246,69,69,17,0,0,0
伽马,题-GM-07-06-61醋酸亚铬二水合物是一种抗.md,False,685,27,27,3,2,2,2
伽马,题-GM-07-07-芳香性是有机化学中最重要的概.md,False,336,67,67,2,2,4,2
伽马,题-GM-07-08-有机电化学合成最早可追溯至1.md,False,367,107,107,1,2,3,2
伽马,题-GM-07-09-91Pd催化是有机化学中常用.md,False,277,85,85,0,3,4,3
伽马,题-GM-07-10-以下是生物碱环巴胺的部分全合.md,False,100,21,21,0,2,2,2
伽马,题-GM-08-01-11卡宾具有两种形态在光谱学.md,True,253,59,59,0,0,2,0
伽马,题-GM-08-02-COF材料即共价有机框架Co.md,True,506,64,64,0,0,1,0
伽马,题-GM-08-03-31作为金属配合物和纳米颗粒.md,True,674,64,64,0,0,0,0
伽马,题-GM-08-04-最近来自日本的研究人员报道了.md,True,346,48,48,0,0,2,0
伽马,题-GM-08-05-本题涉及的化合物均由MN和氧.md,True,273,35,35,0,0,1,0
伽马,题-GM-08-06-苯酚在四氮化碳溶液中溶解时分.md,True,471,64,64,0,0,0,0
伽马,题-GM-08-07-含磷有机化合物具有独特的化学.md,True,477,64,64,0,0,6,0
伽马,题-GM-08-08-硼是有机化学中新兴的热点硼具.md,True,218,64,64,0,0,2,0
伽马,题-GM-08-09-全合成TotalSynthe.md,True,472,35,35,0,0,3,0
伽马,题-GM-09-01-二氧化碳是造成温室效应的主要.md,True,1390,50,50,0,0,3,0
伽马,题-GM-09-01-维生素C用途非常广泛可作营养.md,False,676,750,88,16,7,6,7
伽马,题-GM-09-02-本题是一道非常中规中矩考查酸.md,True,977,35,35,0,0,0,0
伽马,题-GM-09-02-硫醇胺溶剂混合物已广泛应用于.md,False,489,663,246,39,6,0,6
伽马,题-GM-09-03-21反应1反应2或反应3或2.md,True,49,35,35,0,0,0,0
伽马,题-GM-09-03-铜是人类最早使用的金属之一其.md,False,340,338,23,1,6,3,6
伽马,题-GM-09-04-Si元素具有丰富的化学性质关.md,False,304,318,66,0,11,3,11
伽马,题-GM-09-05-51亚硝酸盐的分解511气相.md,False,174,539,393,21,9,3,9
伽马,题-GM-09-06-观察右侧晶体图并回答问题大球.md,False,213,289,129,0,0,1,0
伽马,题-GM-09-07-Grubbs试剂作为一种高效.md,False,251,321,81,1,6,4,6
伽马,题-GM-09-08-81近日加拿大麦吉尔大学的J.md,False,302,573,281,1,3,1,3
伽马,题-GM-09-09-尽管从吡啶制备苯是一种潜在的.md,True,296,320,45,1,9,4,9
伽马,题-GM-09-10-C19二萜生物碱C19DTA.md,False,217,229,24,1,14,3,14
伽马,题-GM-10-01-长期以来较重的元素元素多键的.md,False,254,314,88,3,7,3,7
伽马,题-GM-10-02-小明在化学竞赛实验室储存盐类.md,False,321,366,59,18,0,0,0
伽马,题-GM-10-03-311与一定量的反应生成离子.md,False,311,370,60,30,4,2,4
伽马,题-GM-10-04-41下面是一种配位聚合物的合.md,False,382,483,112,0,9,4,9
伽马,题-GM-10-05-在过去几年中对涉及以及其衍生.md,False,402,502,110,19,8,3,8
伽马,题-GM-10-06-611邻硝基苄基是一种常见的.md,False,328,384,73,6,11,4,11
伽马,题-GM-10-07-711在的共同作用下发生了如.md,False,273,356,91,6,10,4,10
伽马,题-GM-10-08-8112021年Richmo.md,False,336,360,46,3,12,5,12
伽马,题-GM-20-01-11水解试验有时使用水解的方.md,False,570,42,16,2,2,14,2
伽马,题-GM-20-02-21从离子开始已知碳原子的第.md,True,1242,61,61,0,0,27,0
伽马,题-GM-20-03-31聚电解质溶液的双电层结构.md,False,496,444,284,20,3,7,3
伽马,题-GM-20-04-化合物X是元素M的盐化学式为.md,True,427,47,47,0,0,1,0
伽马,题-GM-20-05-许多SbIII配合物被发现有.md,False,366,76,48,1,5,9,5
伽马,题-GM-20-06-某最简式为的晶体属立方晶系a.md,True,362,47,47,0,0,12,0
伽马,题-GM-20-07-71有一系列卤代烷烃当XFC.md,False,552,21,3,1,1,28,1
伽马,题-GM-20-08-81周环反应811有以下转化.md,False,455,322,89,5,15,22,15
伽马,题-GM-20-09-91Edman降解瑞典化学家.md,False,447,124,71,1,11,10,11
伽马,题-GM-21-01-11设将直链共轭多烯烃分子中.md,True,141,47,47,0,0,1,0
伽马,题-GM-21-02-题.md,True,518,47,47,0,0,3,0
伽马,题-GM-21-03-非常无聊的一道题基本就是看图.md,True,520,61,61,0,0,5,0
伽马,题-GM-21-04-这题几乎没救了.md,False,187,144,131,5,2,4,2
伽马,题-GM-21-05-511光欲发电子迁3哈哈娘6.md,False,188,832,832,0,3,0,3
伽马,题-GM-21-06-纳米尺度的定向运动是生命的核.md,False,869,119,100,3,7,5,7
伽马,题-GM-22-01-多肽材料是一种多功能智能产品.md,False,445,24,12,2,2,16,2
伽马,题-GM-22-02-6hole由于存在电子缺陷正.md,False,406,35,27,3,8,15,8
伽马,题-GM-22-03-元素A其单质是灰黑色的脆性晶.md,False,463,38,28,8,10,5,10
伽马,题-GM-22-04-将和水混合后短暂搅拌并置于聚.md,False,324,60,20,6,1,4,1
伽马,题-GM-22-05-51用还原反应的历程如下所示.md,True,225,47,47,0,0,3,0
伽马,题-GM-22-06-诸如CO等小分子是普遍存在的.md,False,473,119,97,2,15,8,15
伽马,题-GM-22-07-若将忽略气体分子的内部结构将.md,True,271,47,47,0,0,2,0
伽马,题-GM-23-01-对于RichardTurne.md,True,1031,47,47,0,0,2,0
伽马,题-GM-23-02-2020年中国科学家发现了一.md,False,761,51,51,11,3,4,3
伽马,题-GM-23-03-聚酯高分子力学与化学稳定性好.md,False,317,48,28,0,8,6,8
伽马,题-GM-23-04-1935年KarlFishe.md,False,818,170,129,5,2,8,2
伽马,题-GM-23-05-近日中国科学家报道了在嫦娥六.md,False,411,122,53,6,4,10,4
伽马,题-GM-23-06-注意此题的电池中的硫单质应写.md,False,774,116,69,17,2,15,2
伽马,题-GM-24-01-短周期元素ABC和D两两之间.md,True,851,47,47,0,0,14,0
伽马,题-GM-24-02-已知酰胺A可形成分子内氢键可.md,False,277,72,26,7,2,6,2
伽马,题-GM-24-03-X射线衍射XRD是研究晶体结.md,True,1088,47,47,0,0,7,0
伽马,题-GM-24-04-蜘蛛丝是自然界中性能最卓越的.md,False,886,294,284,6,3,7,3
伽马,题-GM-24-05-51光致发光原理分子被光激发.md,False,726,150,92,5,5,9,5
伽马,题-GM-24-06-61光敏分子611反式二苯乙.md,True,710,61,61,0,0,16,0
伽马,题-GM-25-01-题源化英社3809金红石是缺.md,True,224,35,35,0,0,3,0
伽马,题-GM-25-02-题源TBNChem3710R.md,True,355,45,45,0,0,1,0
伽马,题-GM-25-03-题源Chemy3717立方钙.md,True,474,45,45,0,0,3,0
伽马,题-GM-25-04-题源化英社3801钙钛矿是一.md,True,963,35,35,0,0,1,0
伽马,题-GM-25-05-题源Chemy3819钙钛矿.md,True,873,61,61,0,0,3,0
伽马,题-GM-25-06-题源COBP3504T52灼.md,True,455,35,35,0,0,2,0
伽马,题-GM-25-07-题源COBP3505俗称刚玉.md,True,716,35,35,0,0,0,0
伽马,题-GM-25-08-题源2024年清北营暑假班试.md,True,431,45,45,0,0,3,0
伽马,题-GM-25-09-题源2018年清北营暑假班明.md,True,220,45,45,0,0,3,0
伽马,题-GM-25-10-的晶体结构与一种常见的晶体结.md,True,825,45,45,0,0,3,0
化英社,题-HYS-01-01-11在DielsAlder反.md,True,275,61,61,0,0,33,0
化英社,题-HYS-01-01-11型含氧酸盐A由四种元素组.md,False,430,457,45,12,1,0,1
化英社,题-HYS-01-01-化合物A的化学式为XYZ其中.md,False,447,435,99,0,2,1,2
化英社,题-HYS-01-01-含元素M的药物早在1901年.md,False,1298,176,149,12,5,1,5
化英社,题-HYS-01-01-本题可能用到氨基酸相关的缩写.md,False,618,257,257,0,19,3,19
化英社,题-HYS-01-01-某金属元素M在自然界中分布广.md,False,658,702,58,0,8,0,8
化英社,题-HYS-01-01-科学家在合成簇合物时常常使用.md,False,390,590,219,26,3,0,3
化英社,题-HYS-01-01-金属元素X在自然界中丰度较低.md,False,431,1447,1447,30,7,0,7
化英社,题-HYS-01-02-AIndene是一种芳香烃含.md,False,549,966,400,0,9,3,9
化英社,题-HYS-01-02-对二元化合物进行了以下的分析.md,False,338,469,141,14,1,0,1
化英社,题-HYS-01-02-将200mg乙酸铜123三唑.md,False,856,972,161,17,4,1,4
化英社,题-HYS-01-02-研究钙钛矿衍生结构时常用Ra.md,False,533,479,106,0,1,0,1
化英社,题-HYS-01-02-自然界中存在的含氮化合物大多.md,True,687,61,61,0,0,10,0
化英社,题-HYS-01-02-载有生物活性分子的碳硼簇药物.md,True,1678,62,62,0,0,1,0
化英社,题-HYS-01-02-酿氢醒电极QQH是一个对pH.md,False,265,1676,1676,27,1,2,1
化英社,题-HYS-01-02-金属金属单键是金属键中最常见.md,False,501,671,203,0,7,1,7
化英社,题-HYS-01-03-31向的DMF溶液中通入一氧.md,False,580,867,298,29,6,1,6
化英社,题-HYS-01-03-31研究人员利用CO激活有机.md,True,278,50,50,0,0,3,0
化英社,题-HYS-01-03-31研究人员利用激活有机硼化.md,True,277,61,61,0,0,6,0
化英社,题-HYS-01-03-Co元素由于其价格低廉储量丰.md,False,468,586,135,0,7,3,7
化英社,题-HYS-01-03-在过去的几十年里主族元素多重.md,False,720,647,647,36,1,0,1
化英社,题-HYS-01-03-如下展示了一种四方晶系的晶体.md,False,464,277,233,21,1,1,1
化英社,题-HYS-01-03-氯代碳酸乙烯酯CEC是合成碳.md,False,488,494,104,0,3,2,3
化英社,题-HYS-01-03-纳米孔Nanopore技术是.md,False,753,813,83,0,6,9,6
化英社,题-HYS-01-03-高度活泼物质的稳定化和隔离一.md,False,891,895,78,25,12,2,12
化英社,题-HYS-01-04-HgI具有有趣的晶体结构通常.md,False,580,1934,1934,72,8,0,8
化英社,题-HYS-01-04-tabletrtd温馨提示本.md,False,1789,64,56,13,4,2,4
化英社,题-HYS-01-04-利用二价Fe的自旋态对温度的.md,False,451,358,63,0,4,2,4
化英社,题-HYS-01-04-常见的环状共轭体系一般使用H.md,False,553,720,193,0,8,7,8
化英社,题-HYS-01-04-某三元化合物X具有ABC三种.md,False,516,617,115,0,1,0,1
化英社,题-HYS-01-04-科学家希望通过超分子来模拟生.md,False,457,668,264,9,7,4,7
化英社,题-HYS-01-04-聚甲炔菁染料在近红外区有较大.md,False,551,679,137,0,5,2,5
化英社,题-HYS-01-04-苯炔是最具反应性的有机中间体.md,True,758,61,61,0,0,10,0
化英社,题-HYS-01-05-20世纪70年代钯催化的交叉.md,False,837,22,0,0,9,9,9
化英社,题-HYS-01-05-下图是金属的一种羧酸盐晶体的.md,False,321,382,74,19,3,1,3
化英社,题-HYS-01-05-凝胶点指的是高分子体系由可流.md,False,1080,95,67,6,5,0,5
化英社,题-HYS-01-05-将一定量的钴和钒的氧化物置于.md,False,653,750,112,0,3,1,3
化英社,题-HYS-01-05-所谓药有三分毒而毒素也可入药.md,False,683,1133,1133,69,5,7,5
化英社,题-HYS-01-05-本题中可能用到如下的公式一球.md,False,560,669,137,0,0,0,0
化英社,题-HYS-01-05-生物传感器与化学传感器是指一.md,False,1448,1590,152,44,0,0,0
化英社,题-HYS-01-05-糖识别在细胞识别信息传递中起.md,False,500,580,178,0,4,1,4
化英社,题-HYS-01-06-61酸性是有机化合物的基本性.md,False,354,330,39,1,9,5,9
化英社,题-HYS-01-06-61重结晶是基本的分离操作之.md,False,650,76,24,2,0,1,0
化英社,题-HYS-01-06-下图是一种含Co的有机金属骨.md,False,399,296,97,0,4,2,4
化英社,题-HYS-01-06-光子晶体通过周期性微纳米结构.md,False,945,1254,320,0,2,2,2
化英社,题-HYS-01-06-卤原子转移反应是实现氧化态转.md,False,983,24,0,0,8,23,8
化英社,题-HYS-01-06-在表面化学的体系中通常表面物.md,False,339,357,30,38,0,0,0
化英社,题-HYS-01-06-热释光是指被辐照后的材料在加.md,False,984,898,231,0,7,6,7
化英社,题-HYS-01-07-12迁移反应是正离子重排的常.md,True,289,35,35,0,0,2,0
化英社,题-HYS-01-07-71氯甲基麟酸二氯存在两种构.md,False,443,486,56,0,8,4,8
化英社,题-HYS-01-07-CC键迁移在环状结构的构建中.md,False,249,196,33,0,8,4,8
化英社,题-HYS-01-07-仿照自然界构筑的分子的方式应.md,False,353,70,53,0,7,2,7
化英社,题-HYS-01-07-有机化学中对于炔烃的转化主要.md,False,472,396,396,0,7,5,7
化英社,题-HYS-01-07-注本题中所有讨论均设在单位面.md,False,771,880,116,0,3,0,3
化英社,题-HYS-01-07-申联反应不仅体现了步骤经济性.md,False,590,211,211,0,14,6,14
化英社,题-HYS-01-07-科学家利用过渡金属偶联反应制.md,False,326,541,230,28,5,4,5
化英社,题-HYS-01-08-三价磷可以催化一些特殊的缺电.md,True,421,452,44,0,7,3,7
化英社,题-HYS-01-08-将三级胺类药物转化为季铵盐以.md,False,293,257,257,0,19,3,19
化英社,题-HYS-01-08-科学家发现如下反应以下反应所.md,False,353,438,95,9,7,6,7
化英社,题-HYS-01-08-羟基具有强的共轭给电子性同时.md,False,493,1042,1042,10,14,4,14
化英社,题-HYS-01-08-耐甲氧西林金黄色葡萄球菌MR.md,False,912,149,141,2,14,3,14
化英社,题-HYS-01-08-自由基介导的有机合成已经成为.md,False,625,681,72,6,17,4,17
化英社,题-HYS-01-08-近日科学家发现了一种通过三价.md,False,323,293,43,0,6,1,6
化英社,题-HYS-01-09-伊博加生物碱是一类主要来自热.md,True,271,72,72,0,0,4,0
化英社,题-HYS-01-09-在缺电子芳环的附近引入负离子.md,False,306,660,361,0,12,4,12
化英社,题-HYS-01-09-基于硼试剂的手性控制策略被广.md,False,369,457,104,1,9,4,9
化英社,题-HYS-01-09-自2003年以来一些高氧化态.md,False,317,325,40,0,8,2,8
化英社,题-HYS-01-10-具有吗啡骨架的化合物是一类常.md,False,326,329,32,5,8,3,8
化英社,题-HYS-01-10-注意本题要求立体化学在萜类衍.md,False,310,283,55,0,7,3,7
化英社,题-HYS-02-01-In混合卤化物因其光致发光的.md,False,895,879,0,48,1,1,1
化英社,题-HYS-02-01-分子机器几十年来一直激发着人.md,False,492,523,46,3,6,4,6
化英社,题-HYS-02-01-在有机化合物中常见的元素除碳.md,False,1148,1368,231,40,4,1,4
化英社,题-HYS-02-01-已知XYZ是同族元素其相对原.md,False,336,363,40,0,0,0,0
化英社,题-HYS-02-01-战国时期考工记记载的金有六齐.md,False,673,673,16,52,2,0,2
化英社,题-HYS-02-01-科学并不是追求复杂从错综复杂.md,False,533,81,5,6,0,0,0
化英社,题-HYS-02-02-21唯象热力学中的热容在唯象.md,True,846,55,55,0,0,0,0
化英社,题-HYS-02-02-Wade规则又称多面体骨架电.md,False,774,808,44,26,5,0,5
化英社,题-HYS-02-02-传统的过渡金属配合物中往往难.md,False,994,977,0,30,14,14,14
化英社,题-HYS-02-02-化学发光是指发光分子的外层电.md,False,954,1829,876,41,21,1,21
化英社,题-HYS-02-02-对非金属硫化物XmSn进行了.md,False,426,441,92,0,4,0,4
化英社,题-HYS-02-02-溶液中的化学反应与反应物和产.md,False,387,406,33,60,0,0,0
化英社,题-HYS-02-03-常见NHC的结构及名称下文中.md,False,710,453,174,12,15,9,15
化英社,题-HYS-02-03-注意本题画的结构若含自由基需.md,False,474,536,78,0,9,1,9
化英社,题-HYS-02-03-理想溶液是物理化学中非常重要.md,False,620,590,2,37,1,0,1
化英社,题-HYS-02-03-电解水是利用电能将水分解为氢.md,False,774,851,87,24,5,3,5
化英社,题-HYS-02-03-金属有机框架MOF是由金属离.md,False,639,808,183,34,4,2,4
化英社,题-HYS-02-03-钴氧体系在电化学中十分重要的.md,True,283,35,35,0,0,0,0
化英社,题-HYS-02-04-41堆积参数在自组装问题中几.md,True,821,71,71,0,0,7,0
化英社,题-HYS-02-04-41氯仿与氯气在光照条件下发.md,False,586,576,0,52,0,0,0
化英社,题-HYS-02-04-硼单质有着较其他元素更复杂的.md,False,530,533,13,27,2,2,2
化英社,题-HYS-02-04-萃取是利用溶质在互不相溶溶剂.md,False,750,784,41,22,11,13,11
化英社,题-HYS-02-04-轮烷是一种超分子其由两个不由.md,True,323,357,47,0,8,5,8
化英社,题-HYS-02-04-齿合度是指在配合物中单一配体.md,False,478,481,15,13,9,2,9
化英社,题-HYS-02-05-NiNO32是实验室中最常见.md,True,299,215,50,0,4,1,4
化英社,题-HYS-02-05-含Ge配合物M的可以与还原剂.md,False,295,335,50,1,4,2,4
化英社,题-HYS-02-05-机械互锁聚合物是一类具有机械.md,False,487,502,34,8,7,6,7
化英社,题-HYS-02-05-稀磁半导体Dilutedma.md,False,1936,1912,18,100,9,8,9
化英社,题-HYS-02-05-色谱法是分离鉴定化合物的一种.md,False,1022,1108,97,82,0,0,0
化英社,题-HYS-02-05-酶支撑生命之流的网格51推断.md,True,663,55,55,0,0,0,0
化英社,题-HYS-02-06-61单壁碳纳米管可以看做单层.md,False,499,545,63,43,2,1,2
化英社,题-HYS-02-06-61受自然界叶片气孔的光响应.md,False,910,900,4,9,10,9,10
化英社,题-HYS-02-06-在噪声中偏向于随机里定轨在化.md,False,1178,103,7,16,0,1,1
化英社,题-HYS-02-06-孟山都公司MonsantoC.md,False,1021,1083,73,5,10,4,10
化英社,题-HYS-02-06-有一类材料在突加荷载时既产生.md,False,551,552,14,0,5,2,5
化英社,题-HYS-02-06-表面张力是液体表面分子因内部.md,False,723,754,33,36,2,2,2
化英社,题-HYS-02-07-71顺1氟4叔丁基环己烷最稳.md,False,418,438,30,2,6,5,6
化英社,题-HYS-02-07-万物始于分离成于边界相分离P.md,False,1422,42,0,5,0,3,3
化英社,题-HYS-02-07-对固体表面气体的多层吸附行为.md,False,436,651,228,0,3,2,3
化英社,题-HYS-02-07-氯仿四氯化碳等简单的卤代烃在.md,False,448,575,138,4,6,3,6
化英社,题-HYS-02-07-肿瘤细胞的增殖依赖于两个密切.md,False,584,594,26,4,14,6,14
化英社,题-HYS-02-07-高张力氮杂桥环凭借其刚性三维.md,False,570,315,315,0,22,7,22
化英社,题-HYS-02-08-81具有偶数个累积双键的结构.md,False,476,496,31,3,16,6,16
化英社,题-HYS-02-08-81有机硼氮化合物具有非常丰.md,False,547,536,1,7,7,4,7
化英社,题-HYS-02-08-本题的两问可以说没有先后之分.md,True,156,190,42,0,5,4,5
化英社,题-HYS-02-08-氧杂三元环由于可以通过双键环.md,False,614,263,263,0,18,5,18
化英社,题-HYS-02-08-环庚三烯与双环410庚24二.md,False,905,894,1,9,17,17,17
化英社,题-HYS-02-09-TEMPO是一类稳定的氮氧自.md,False,682,745,76,12,13,6,13
化英社,题-HYS-02-09-在全合成流程中某些步骤往往不.md,False,343,315,315,0,22,4,22
化英社,题-HYS-02-09-在有机合成中过渡金属偶联反应.md,False,362,386,37,0,5,0,5
化英社,题-HYS-02-09-联烯是最简单的累积双键分子而.md,False,530,263,263,0,18,5,18
化英社,题-HYS-02-09-金属铜配合物作为有机反应的催.md,False,809,659,24,25,7,4,7
化英社,题-HYS-02-10-101以下是两个十分经典的反.md,False,118,195,87,0,9,3,9
化英社,题-HYS-03-01-M单质与稀酸反应速率较慢这可.md,False,701,48,37,9,7,0,7
化英社,题-HYS-03-01-早期主族金属元素M的名称来源.md,False,569,670,135,0,2,1,2
化英社,题-HYS-03-01-磷是一个神秘又有趣的元素以其.md,False,736,763,34,25,6,0,6
化英社,题-HYS-03-01-质地柔软的变质矿物青金石是一.md,False,634,681,55,18,0,0,0
化英社,题-HYS-03-01-高周期过渡金属M具有很好的生.md,False,631,159,83,6,8,0,8
化英社,题-HYS-03-02-21聚硅氧烷是一种主链由硅氧.md,False,799,123,103,16,3,2,3
化英社,题-HYS-03-02-X是金属M的一种氧化物将06.md,False,271,322,65,39,0,0,0
化英社,题-HYS-03-02-某同学期望制备漂亮的针状草酸.md,False,575,549,36,0,6,0,6
化英社,题-HYS-03-02-配位化学中芳基可通过键与与金.md,False,441,109,109,5,5,1,5
化英社,题-HYS-03-02-高松灯是一位热爱拾石的少女一.md,False,655,1023,373,24,3,2,3
化英社,题-HYS-03-03-31脲基嘧啶酮UPy是一类具.md,False,572,230,50,1,9,3,9
化英社,题-HYS-03-03-在酸性溶液中钒能形成黄色蓝色.md,False,645,673,62,45,4,2,4
化英社,题-HYS-03-03-异核金属金属键配合物常常可以.md,False,557,582,37,0,5,1,5
化英社,题-HYS-03-03-高松灯捡到方钠石后却不禁陷入.md,False,1173,1454,284,30,1,1,1
化英社,题-HYS-03-04-具有多样的氟化物对于其结构我.md,False,460,13,13,7,13,12,13
化英社,题-HYS-03-04-在均相CoRh催化剂的存在下.md,False,595,732,151,23,11,2,11
化英社,题-HYS-03-04-本题可能需要用到的积分公式i.md,False,1020,1389,341,64,5,4,5
化英社,题-HYS-03-04-甲烷单加氧酶MMO可在常温常.md,False,929,88,77,9,2,0,2
化英社,题-HYS-03-04-血红蛋白Hb是一种重要的O运.md,False,1361,1827,468,0,2,0,2
化英社,题-HYS-03-05-卡诺循环是一种理想化的热力学.md,True,617,150,150,1,0,0,0
化英社,题-HYS-03-05-室温下单质钠的晶体随压力改变.md,False,583,606,35,29,3,4,3
化英社,题-HYS-03-05-染料敏化太阳能电池DSSCs.md,False,1069,1221,158,0,2,1,2
化英社,题-HYS-03-05-硫与铜元素可形成多种化合物它.md,False,500,56,32,5,2,0,2
化英社,题-HYS-03-05-诱导反应是容量分析中的一个重.md,False,511,566,64,55,0,0,0
化英社,题-HYS-03-06-1918年Langmuir基.md,False,449,110,100,19,0,0,0
化英社,题-HYS-03-06-天上繁星地上流萤夏夜的稻田间.md,False,664,702,52,28,3,2,3
化英社,题-HYS-03-06-本题所有解释题超过15个字均.md,False,968,1124,163,0,10,5,10
化英社,题-HYS-03-06-水宝宝是一种外表晶莹漂亮的凝.md,True,835,62,62,0,0,1,0
化英社,题-HYS-03-06-高分子的交联是指在高分子链之.md,False,760,888,140,4,8,4,8
化英社,题-HYS-03-07-71判断下述化合物的DL构型.md,False,311,190,83,0,15,2,15
化英社,题-HYS-03-07-71比较下列碳正离子的稳定性.md,False,250,280,40,13,4,12,4
化英社,题-HYS-03-07-吲哚类化合物是一类重要的含氮.md,False,664,671,11,4,17,10,17
化英社,题-HYS-03-07-质子耦合电子转移是有机化学中.md,False,730,811,111,0,12,7,12
化英社,题-HYS-03-07-闭壳层和开壳层是描述分子或原.md,False,535,868,829,8,10,3,10
化英社,题-HYS-03-08-123三唑骨架在自然界中并不.md,False,751,808,70,13,16,6,16
化英社,题-HYS-03-08-22二取代13环戊二酮是一类.md,False,429,448,29,8,9,4,9
化英社,题-HYS-03-08-81薄层色谱TLC是有机合成.md,False,816,59,27,1,2,2,2
化英社,题-HYS-03-08-固相多肽合成SPPS的基本思.md,False,627,646,34,0,4,4,4
化英社,题-HYS-03-08-在硫属元素中硒原子较氧硫拥有.md,False,747,187,39,3,21,9,21
化英社,题-HYS-03-09-91在碘存在下研究人员实现了.md,False,556,27,2,4,6,5,6
化英社,题-HYS-03-09-烯烃与醛的酸催化缩合反应可能.md,False,531,466,6,1,12,8,12
化英社,题-HYS-03-09-用有机强碱处理环氧乙烷可得到.md,False,476,393,108,2,19,3,19
化英社,题-HYS-03-09-研究人员希望实现一个简单的亲.md,False,383,457,85,0,9,4,9
化英社,题-HYS-03-10-SecuamamineD是一.md,False,397,416,54,0,8,3,8
化英社,题-HYS-03-10-在有机化学中氮氧化物常以亚硝.md,False,736,84,35,8,16,11,16
化英社,题-HYS-04-01-金属元素M早在数千年前就被人.md,False,588,638,60,25,3,0,3
化英社,题-HYS-04-01-非金属元素X有一段曲折的发现.md,False,657,20,7,9,3,1,3
化英社,题-HYS-04-02-21将混合反应可以制得簇合物.md,False,698,156,67,16,9,0,9
化英社,题-HYS-04-02-21设金属离子M的初始浓度为.md,False,831,890,67,68,0,0,0
化英社,题-HYS-04-03-2020年研究人员发现一例特.md,False,395,86,69,4,10,5,10
化英社,题-HYS-04-03-氨是农业肥料化工原料的核心成.md,False,734,753,29,20,9,4,9
化英社,题-HYS-04-04-利用胺基溶液或固体材料捕集工.md,False,971,206,143,16,1,2,1
化英社,题-HYS-04-04-累积多烯Cumulenes是.md,False,725,748,43,23,12,4,12
化英社,题-HYS-04-05-51葡萄糖Glucose具有.md,False,347,365,34,3,8,1,8
化英社,题-HYS-04-05-晶系晶体按其几何形态的对称程.md,False,400,32,23,4,4,0,4
化英社,题-HYS-04-06-61如下的反应通过手性硫叶立.md,False,464,539,88,2,12,5,12
化英社,题-HYS-04-06-多光子激发MPE具有三维荧光.md,False,829,100,53,13,5,4,5
化英社,题-HYS-04-07-71比较下列化合物的酸性按从.md,True,443,76,76,0,0,9,0
化英社,题-HYS-04-07-近日报道了一种通过RhIII.md,False,575,644,83,7,14,2,14
化英社,题-HYS-04-08-81以下合成路线使用了一种含.md,False,261,76,55,3,8,5,8
化英社,题-HYS-04-09-中国科学家开发了一种Lewi.md,False,407,58,4,1,10,9,10
化英社,题-HYS-05-01-MN两种金属元素常用于制作餐.md,False,635,684,76,4,2,1,2
化英社,题-HYS-05-01-几千年以来某种元素是导致腹绞.md,False,711,778,73,40,2,0,2
化英社,题-HYS-05-02-在罗马奥斯提亚Ostia港口.md,False,591,741,156,43,0,0,0
化英社,题-HYS-05-02-将炔烃中的一个碳原子替换为较.md,False,500,765,280,9,8,3,8
化英社,题-HYS-05-03-临界描述了一个系统发生变化的.md,False,847,667,97,17,1,1,1
化英社,题-HYS-05-03-原子转移自由基聚合ATRP是.md,False,543,624,88,29,9,5,9
化英社,题-HYS-05-04-MOFsMetalOrgan.md,False,784,951,174,35,3,3,3
化英社,题-HYS-05-04-X是一种团簇化合物其由四种元.md,False,523,585,66,42,1,0,1
化英社,题-HYS-05-05-传统的气液压缩制冷剂如氟利昂.md,False,674,739,79,40,0,0,0
化英社,题-HYS-05-05-激光技术应用广泛其物理原理涉.md,False,693,762,75,61,0,0,0
化英社,题-HYS-05-06-61口罩是由高分子化合物制成.md,False,448,522,87,13,1,0,1
化英社,题-HYS-05-06-地球的历史令人着迷今天我们将.md,False,1053,1165,119,39,0,0,0
化英社,题-HYS-05-07-作为地壳中最丰富的金属Al在.md,False,399,47,47,0,2,3,2
化英社,题-HYS-05-07-环的合成是化学中的重要课题使.md,False,300,253,92,7,11,4,11
化英社,题-HYS-05-08-1952年Lane等人首次从.md,False,523,584,65,1,8,3,8
化英社,题-HYS-05-08-在学术文献中堆积常被用作一个.md,False,515,601,92,0,7,1,7
化英社,题-HYS-05-09-吲哚是有机合成中的常见基团探.md,False,224,295,77,6,15,5,15
化英社,题-HYS-05-09-铜催化的Ullmann反应在.md,False,919,974,68,20,12,7,12
化英社,题-HYS-05-10-通过高度立体选择性的33重排.md,False,271,305,59,15,8,5,8
化英社,题-HYS-06-01-11一氯甲烷与单质在约和粉催.md,False,549,601,59,36,3,0,3
化英社,题-HYS-06-02-Oxone试剂是一种强氧化剂.md,False,745,895,155,58,2,0,2
化英社,题-HYS-06-03-31葫芦脲cucurbitu.md,False,925,1159,241,29,11,5,11
化英社,题-HYS-06-04-盐类X是一种常见的干燥剂其沿.md,False,287,378,105,19,2,2,2
化英社,题-HYS-06-05-在化学上常用比磁化率和摩尔磁.md,False,460,961,538,80,16,0,16
化英社,题-HYS-06-06-质谱massspectrum.md,False,374,241,74,10,16,7,16
化英社,题-HYS-06-07-71机理探究与立体化学已知有.md,False,266,477,236,10,20,5,20
化英社,题-HYS-06-08-以下是一种雌激素受体调节剂e.md,False,235,340,127,3,7,2,7
化英社,题-HYS-07-01-本题涉及所有含M化合物中M的.md,False,706,649,35,23,4,1,4
化英社,题-HYS-07-01-环境的开发利用与健康状况是人.md,False,852,269,269,0,20,0,20
化英社,题-HYS-07-02-PAOx是一类新兴的生物相容.md,False,730,916,188,12,3,1,3
化英社,题-HYS-07-02-主族的同枝多原子阳离子簇具有.md,False,372,422,68,15,4,0,4
化英社,题-HYS-07-03-31研究人员首先通过研究硼的.md,False,672,721,59,17,7,2,7
化英社,题-HYS-07-03-分析化学中的测定离子的浓度往.md,False,752,820,102,57,0,0,0
化英社,题-HYS-07-04-葡萄酒初榨橄榄油水果蔬菜全谷.md,False,1640,1871,243,26,4,4,4
化英社,题-HYS-07-04-近日JessCampos课题.md,False,714,690,114,18,5,1,5
化英社,题-HYS-07-05-含有过渡金属阳离子的扩展固体.md,False,786,890,118,17,3,1,3
化英社,题-HYS-07-05-碳分子筛CMS材料的吸附曲线.md,False,609,823,204,59,0,0,0
化英社,题-HYS-07-06-TIS存在多种晶型其中一种四.md,False,506,592,103,40,4,1,4
化英社,题-HYS-07-06-析氧反应OER是电化学水分解.md,False,1888,1273,404,49,0,2,0
化英社,题-HYS-07-07-71比较下列化合物的酸性按从.md,False,470,530,70,8,14,26,14
化英社,题-HYS-07-07-据此回顾B的定义用63中的已.md,False,2158,1512,940,6,13,16,13
化英社,题-HYS-07-08-81写出如下反应的产物82在.md,False,244,268,34,0,15,5,15
化英社,题-HYS-07-09-均相金催化下可以发生极为丰富.md,False,319,340,31,7,13,7,13
化英社,题-HYS-08-01-NO在人体中是一种关键的信号.md,False,664,1319,193,38,12,2,12
化英社,题-HYS-08-02-21高锰酸钾法是一种常见的氧.md,False,254,331,87,59,1,1,1
化英社,题-HYS-08-03-金刚石晶体是最基础的几种晶体.md,False,589,613,44,11,5,2,5
化英社,题-HYS-08-04-在推动金属基氧化还原化学研究.md,False,624,539,25,29,10,2,10
化英社,题-HYS-08-05-光谱是复色光经系统分光后按波.md,False,780,1226,449,33,5,3,5
化英社,题-HYS-08-06-实验是化学中不可或缺的一部分.md,False,723,955,249,10,5,4,5
化英社,题-HYS-08-07-71对于下面的环氧化反应说法.md,False,489,702,223,5,11,4,11
化英社,题-HYS-08-08-812018年NielsMa.md,False,242,393,183,4,16,20,16
化英社,题-HYS-08-09-2011年LomaADuff.md,False,314,736,436,5,12,6,12
化英社,题-HYS-09-01-元素和的分离问题是当今化学研.md,False,532,374,208,52,1,0,1
化英社,题-HYS-09-01-通常亚硝酸根还原为一氧化氮是.md,False,1044,1092,77,58,4,3,4
化英社,题-HYS-09-02-L乳酸LA是一种关键的代谢产.md,False,513,689,193,22,0,0,0
化英社,题-HYS-09-02-稳定的硅宾化合物的常常具有强.md,False,616,156,85,3,14,2,14
化英社,题-HYS-09-03-31由于半径规则与电价规则的.md,False,478,245,115,10,0,0,0
化英社,题-HYS-09-03-Li是生产氚的核心原料而氚是.md,False,2114,2128,412,93,3,10,3
化英社,题-HYS-09-04-41pH的操作定义411pH.md,False,683,198,98,20,1,0,1
化英社,题-HYS-09-05-51空间同位素效应一般出现在.md,False,565,228,218,12,4,3,4
化英社,题-HYS-09-05-蛋白质的功能多样性主要源于其.md,False,1526,1652,140,5,14,13,14
化英社,题-HYS-09-06-61Quadricyclan.md,False,467,235,92,1,17,1,17
化英社,题-HYS-09-06-现有一有机纯净物样品为无色澄.md,False,976,1010,53,47,1,3,1
化英社,题-HYS-09-07-硅系绳siliconteth.md,False,259,29,8,1,11,6,11
化英社,题-HYS-09-07-硫叶立德是一类经典的一碳合成.md,False,1531,1586,106,26,17,21,17
化英社,题-HYS-09-08-萜类化合物pedrolide.md,False,288,197,18,6,15,3,15
化英社,题-HYS-10-01-数硼烷作为使算的储敷材料即用.md,False,842,972,235,27,6,0,6
化英社,题-HYS-10-01-磷元素因兼具适中的电负性丰富.md,False,496,521,37,23,5,0,5
化英社,题-HYS-10-02-21某种钾的含水锗酸盐A系立.md,False,548,697,205,50,1,0,1
化英社,题-HYS-10-02-瑞典林雪平大学的LarsHu.md,False,610,674,80,15,1,1,1
化英社,题-HYS-10-03-蜗型螯合配阴离子HBmt具有.md,False,545,586,56,27,11,3,11
化英社,题-HYS-10-03-近几十年来低价态主族元素配合.md,False,1153,1243,105,67,13,7,13
化英社,题-HYS-10-04-41利用催化剂以发烟硫酸为工.md,False,1026,767,132,45,0,2,0
化英社,题-HYS-10-04-已知在29815K下将具有完.md,False,372,709,316,62,0,0,0
化英社,题-HYS-10-05-CCB是一种由三种元素金属元.md,False,439,637,206,35,2,1,2
化英社,题-HYS-10-06-气相吸附是指气体混合物中的特.md,False,1149,1353,292,70,0,0,0
化英社,题-HYS-10-06-过去认为水蒸发的微观本质是水.md,False,729,1177,497,36,6,5,6
化英社,题-HYS-10-07-71利用叠氮阴离子的亲核性可.md,False,503,534,93,12,15,9,15
化英社,题-HYS-10-07-芳基重氮盐的光化学分解是重氮.md,False,743,1014,287,3,15,8,15
化英社,题-HYS-10-08-52环加成是一种常见快速地构.md,False,430,996,578,5,34,3,34
化英社,题-HYS-10-08-81酸性比较811比较下列化.md,False,247,218,203,0,2,6,2
化英社,题-HYS-10-09-偶氮烯烃的结构可看作存在杂原.md,False,439,210,86,0,18,10,18
化英社,题-HYS-10-09-烯炔复分解是一种将烯烃和炔烃.md,False,574,289,289,0,20,6,20
化英社,题-HYS-10-10-101首先让我们明确碳氢活化.md,False,849,289,289,0,20,7,20
化英社,题-HYS-11-01-基于距离的微流控分析传感器D.md,False,1494,1375,154,39,7,5,7
化英社,题-HYS-11-01-据统计有29种元素参与生物演.md,False,718,53,53,7,8,4,8
化英社,题-HYS-11-02-在酸性溶液中含有金属M的黄色.md,False,326,350,86,17,1,0,1
化英社,题-HYS-11-02-火锅是重庆人生活中不可或缺的.md,False,547,220,198,20,1,1,1
化英社,题-HYS-11-03-乙烯基聚合物具有低密度廉价与.md,False,499,75,75,1,8,2,8
化英社,题-HYS-11-03-黄素自然界中最普遍的有机辅因.md,False,497,615,134,34,4,1,4
化英社,题-HYS-11-04-分子氙通常被视为惰性物质因为.md,False,1702,1473,271,86,8,8,8
化英社,题-HYS-11-04-在最新最热街机音游舞萌DX中.md,False,572,47,47,14,2,1,2
化英社,题-HYS-11-05-51S元素可以形成多硫阴离子.md,False,694,102,81,28,4,1,4
化英社,题-HYS-11-05-分子能够响应环境的变化例如当.md,False,1021,693,45,13,5,2,5
化英社,题-HYS-11-06-对氯苯氧乙酸俗称防落素白色结.md,False,439,366,86,4,3,7,3
化英社,题-HYS-11-06-电子顺磁共振EPR波谱被用于.md,False,1733,195,119,10,3,10,3
化英社,题-HYS-11-07-71观察如下反应结合机理研究.md,False,272,93,32,6,10,7,10
化英社,题-HYS-11-07-在OLED有机发光半导体OF.md,False,788,111,111,11,7,4,7
化英社,题-HYS-11-08-异戊烯基化天然产物是一类结构.md,False,714,498,87,5,16,2,16
化英社,题-HYS-11-08-酶催化有机合成可以利用生物催.md,False,829,44,33,1,12,9,12
化英社,题-HYS-11-09-碳正离子是有机中最经典的活泼.md,False,484,247,185,1,10,4,10
化英社,题-HYS-13-01-炸药最早起源于我国早在宋代我.md,False,870,147,137,8,5,1,5
化英社,题-HYS-13-02-金属双氢配合物在光照下可以脱.md,False,564,40,40,4,11,4,11
化英社,题-HYS-13-03-2026年是北京大学化学与分.md,False,423,158,146,15,1,0,1
化英社,题-HYS-13-04-含第一过渡系金属M主族金属N.md,False,387,102,89,5,3,3,3
化英社,题-HYS-13-05-X是一种较为常见的过渡金属元.md,True,770,62,62,0,0,1,0
化英社,题-HYS-13-06-抗原与抗体的相互作用是免疫过.md,False,880,46,23,5,1,2,1
化英社,题-HYS-13-07-格氏反应是有机化学中最经典最.md,False,875,240,143,13,3,2,3
化英社,题-HYS-13-08-1887年Claisen首次.md,False,628,393,201,5,12,9,12
化英社,题-HYS-13-09-自由基偶联反应作为一种高效的.md,False,580,128,103,4,9,7,9
化英社,题-HYS-14-01-二氧化硫是葡萄酒中最常用的防.md,True,489,60,60,0,0,0,0
化英社,题-HYS-14-02-电化学碳捕获ECC是减少二氧.md,False,496,81,46,15,1,1,1
化英社,题-HYS-14-03-将0063g017mmol的.md,False,703,229,76,9,7,5,7
化英社,题-HYS-14-04-有研究团队尝试将EuPtNi.md,False,1014,110,50,3,1,0,1
化英社,题-HYS-14-05-20世纪40年代中期洛杉矶首.md,True,937,60,60,0,0,0,0
化英社,题-HYS-14-06-直链脂肪酸的命名简写的基本格.md,False,931,107,5,4,6,5,6
化英社,题-HYS-14-07-乙酰乙酸乙酯是重要的有机合成.md,False,559,91,50,0,4,1,4
化英社,题-HYS-14-08-均相金催化领域始于一项发现即.md,False,788,126,92,1,20,11,20
化英社,题-HYS-14-09-在35二甲基苷色酸衍生的类萜.md,False,387,100,79,0,18,7,18
化英社,题-HYS-15-01-A和B是短周期元素P最常见的.md,False,536,80,59,4,1,0,1
化英社,题-HYS-15-02-二氧化锰的晶型种类多达20余.md,False,692,196,147,26,4,3,4
化英社,题-HYS-15-03-在上一题中我们探讨了二氧化锰.md,False,890,121,97,23,0,0,0
化英社,题-HYS-15-04-近年来随着金属有机框架MOF.md,False,651,278,91,15,9,4,9
化英社,题-HYS-15-05-锂是新能源产业的关键战略资源.md,False,837,97,97,18,0,1,0
化英社,题-HYS-15-06-在乙烯基手套中有时会加入一种.md,False,1056,260,147,2,1,4,1
化英社,题-HYS-15-07-由于羟基具有给电子共轭效应间.md,False,831,287,84,0,20,8,20
化英社,题-HYS-15-08-氟原子由于其较大的电负性具有.md,False,529,166,157,5,17,7,17
化英社,题-HYS-16-01-火柴小巧而便捷的点火工具自诞.md,False,415,189,181,18,0,1,0
化英社,题-HYS-16-02-金属Sn是一种柔软低熔点的银.md,False,701,212,204,10,0,6,0
化英社,题-HYS-16-03-31镍的常见价态为价然而其高.md,False,543,316,290,21,0,3,0
化英社,题-HYS-16-04-理论斗史院都有可能改变一份未.md,False,976,294,286,21,0,3,0
化英社,题-HYS-16-05-硅宾作为卡宾的较重类似物通常.md,False,537,143,127,3,0,9,0
化英社,题-HYS-16-06-正当晶胞是晶体学中一个极为重.md,False,289,197,189,14,0,2,0
化英社,题-HYS-16-07-中性配体pyip由于其有趣的.md,False,747,660,644,34,0,10,0
化英社,题-HYS-16-08-镧系金属由于其4f轨道高度屏.md,False,376,312,246,7,4,5,4
化英社,题-HYS-16-09-磷酸钠作为强碱弱酸盐具有良好.md,False,454,90,82,1,0,0,0
化英社,题-HYS-17-01-现有一纯净的未知矿物其颜色呈.md,False,455,113,105,8,0,0,0
化英社,题-HYS-17-02-膦亚基PR桥连双核配合物因磷.md,False,546,508,473,13,2,18,2
化英社,题-HYS-17-03-众所周知的是苯酚在浓硝酸中可.md,False,490,314,278,58,0,0,0
化英社,题-HYS-17-04-质子交换膜燃料电池PEMFC.md,False,546,438,430,26,0,0,0
化英社,题-HYS-17-05-本题中将讨论多样的BM成键模.md,False,469,296,288,4,3,4,3
化英社,题-HYS-17-06-帕非佛海滩PfeifferB.md,False,677,1753,1696,20,0,1,0
化英社,题-HYS-17-07-生物膜由疏水的磷脂双分子层组.md,False,937,352,331,15,0,1,0
化英社,题-HYS-18-01-11比较下列化合物的熔点按从.md,False,215,348,340,6,0,3,0
化英社,题-HYS-18-02-21中国科学家开发了一种选择.md,False,319,162,142,2,8,14,8
化英社,题-HYS-18-03-32环加成反应是周环反应中较.md,False,555,185,177,0,5,12,5
化英社,题-HYS-18-04-苯并噻吩是广泛存在于生物活性.md,False,519,368,360,34,0,27,0
化英社,题-HYS-18-05-有机磷化合物在材料科学药物化.md,False,673,188,180,8,0,15,0
化英社,题-HYS-18-06-2026年研究人员开发了一种.md,False,479,482,373,11,9,16,9
化英社,题-HYS-18-08-生物碱是一类含氮的天然有机分.md,False,426,294,246,1,10,14,10
化英社,题-HYS-19-01-11在我们讨论一步基元反应快.md,False,260,244,124,0,4,0,4
化英社,题-HYS-19-02-溶剂同位素效应是同位素效应中.md,False,446,264,213,26,0,4,0
化英社,题-HYS-19-03-金催化有机反应是一种较为热门.md,False,392,110,102,0,0,11,0
化英社,题-HYS-19-04-41首先我们来看硫与卡宾最经.md,False,329,80,72,0,3,7,3
化英社,题-HYS-19-05-以下是一个膦催化环化反应已知.md,False,277,67,59,2,0,9,0
化英社,题-HYS-19-06-BeckwithHouk模型.md,False,377,153,145,0,4,21,4
化英社,题-HYS-19-07-玫瑰红RoseBengalR.md,False,466,255,191,0,6,1,6
化英社,题-HYS-19-08-近期研究者发现了无过渡金属无.md,False,220,90,82,0,0,5,0
化英社,题-HYS-19-09-聚合物的主链重构反应是一种在.md,False,574,139,123,4,0,11,0
化英社,题-HYS-20-01-首个可分离的磷杂炔化合物tB.md,False,630,508,500,25,2,5,2
化英社,题-HYS-20-02-让我们从左到右细数主族金属簇.md,False,657,131,123,2,0,7,0
化英社,题-HYS-20-03-1931年德国化学家Eric.md,False,1115,344,336,3,2,12,2
化英社,题-HYS-20-04-ABCDE是五种元素组成相同.md,False,641,171,153,5,0,2,0
化英社,题-HYS-20-05-半导体材料X是一种含ABC三.md,False,468,185,177,13,0,4,0
化英社,题-HYS-20-06-氟锆酸钾是一种潜在的用于熔盐.md,False,243,350,342,33,0,0,0
化英社,题-HYS-20-07-自1825年法拉第发现苯以来.md,False,919,196,188,11,0,10,0
化英社,题-HYS-20-08-生物固氮由固氮酶中的FeMo.md,False,552,531,523,12,4,5,4
化英社,题-HYS-40-01-11制备最有用的制备肼的方法.md,False,259,48,39,3,1,0,1
化英社,题-HYS-40-01-2023年智利和秘鲁等南美国.md,False,908,1118,220,35,4,2,4
化英社,题-HYS-40-01-小酸同学特别爱做实验由于她是.md,False,673,159,110,14,1,1,1
化英社,题-HYS-40-01-自1963年科顿提出著名的定.md,False,1453,239,62,10,5,2,5
化英社,题-HYS-40-01-高周期过渡金属M具有很好的生.md,False,631,159,83,6,8,0,8
化英社,题-HYS-40-02-21不可避免苦杏仁的气味让他.md,False,446,81,62,10,1,0,1
化英社,题-HYS-40-02-化学是一门以实验为基础的自然.md,False,621,364,205,1,2,4,2
化英社,题-HYS-40-02-地球化学是一门包罗万象的学科.md,False,305,223,104,24,0,0,0
化英社,题-HYS-40-02-配位化学中芳基可通过键与与金.md,False,441,117,109,6,6,1,6
化英社,题-HYS-40-02-金属亚硝酰配合物通常具有复杂.md,False,389,429,54,17,6,3,6
化英社,题-HYS-40-03-31在化学实验中经常会遇到一.md,False,1356,428,226,0,4,4,4
化英社,题-HYS-40-03-二氰基磷负离子已成为一种便利.md,False,369,319,14,9,10,5,10
化英社,题-HYS-40-03-低配位超价磷物种是磷化学的研.md,False,997,230,117,3,14,1,14
化英社,题-HYS-40-03-在半导体的催化下利用太阳能驱.md,False,628,211,183,13,3,0,3
化英社,题-HYS-40-03-在配合物的讨论中过渡金属经常.md,False,608,132,108,9,6,3,6
化英社,题-HYS-40-04-2022年DenniaAKu.md,False,259,133,73,3,8,6,8
化英社,题-HYS-40-04-一般情况下我们认为真爱的颜色.md,False,1124,166,119,11,2,2,2
化英社,题-HYS-40-04-一般的光在不同介质中传播的速.md,False,953,230,149,8,3,3,3
化英社,题-HYS-40-04-具有多样的氟化物对于其结构我.md,False,460,13,13,7,13,9,13
化英社,题-HYS-40-04-磁性合金材料X是一种含MgN.md,False,413,487,88,31,0,0,0
化英社,题-HYS-40-05-卡诺循环是一种理想化的热力学.md,False,617,184,134,19,0,0,0
化英社,题-HYS-40-05-变压器等大型充油电力设备在运.md,False,832,339,322,12,1,1,1
化英社,题-HYS-40-05-在17世纪初约翰史密斯船长送.md,False,667,271,262,19,2,2,2
化英社,题-HYS-40-05-地球和陨石虽然在宏观的化学组.md,False,564,727,159,48,0,0,0
化英社,题-HYS-40-05-语言的目的是以心传心机器则通.md,False,1796,172,172,9,3,4,3
化英社,题-HYS-40-06-1918年Langmuir基.md,False,449,110,100,19,0,0,0
化英社,题-HYS-40-06-碳纳米环是一类独特的非平面纳.md,False,381,700,700,23,3,2,3
化英社,题-HYS-40-06-葡萄糖是一种十分重要的糖类是.md,True,730,61,61,0,0,1,0
化英社,题-HYS-40-06-驱动蛋白是一类典型的生物分子.md,False,754,820,76,38,2,5,2
化英社,题-HYS-40-06-魔法是想象的世界本题中我们将.md,False,422,66,56,9,0,1,0
化英社,题-HYS-40-07-mathrm明信比尔定律Am.md,False,1000,236,53,15,0,5,0
化英社,题-HYS-40-07-单原子催化剂SACs通过将金.md,False,793,776,261,29,0,1,0
化英社,题-HYS-40-07-早在1979年研究人员就报道.md,False,1082,446,179,5,16,8,16
化英社,题-HYS-40-07-氟原子在有机化学中具有重要的.md,False,547,662,116,4,4,1,4
化英社,题-HYS-40-07-闭壳层和开壳层是描述分子或原.md,False,535,868,829,8,10,4,10
化英社,题-HYS-40-08-2023年10月Alexan.md,False,674,98,59,15,13,11,13
化英社,题-HYS-40-08-81薄层色谱TLC是有机合成.md,False,816,59,27,1,2,1,2
化英社,题-HYS-40-08-在2026年化英社春季班中S.md,False,542,98,75,7,15,6,15
化英社,题-HYS-40-08-碘化内酯化反应可以在温和条件.md,False,338,391,66,0,14,7,14
化英社,题-HYS-40-08-高镍层状氧化物如图是下一代高.md,False,962,411,154,32,0,2,0
化英社,题-HYS-40-09-2025年7月埃默里大学代明.md,False,515,393,155,1,10,2,10
化英社,题-HYS-40-09-23Wittig重排是一类重.md,False,676,883,291,5,11,5,11
化英社,题-HYS-40-09-91在碘存在下研究人员实现了.md,False,556,27,2,4,6,5,6
化英社,题-HYS-40-09-自由基有机反应的历史可以追溯.md,False,403,76,10,1,8,10,8
化英社,题-HYS-40-10-在有机化学中氮氧化物常以亚硝.md,False,737,187,37,9,16,11,16
北京夏令营,题-BJLY-01-01-11在酸性条件下可与亚硝酸盐.md,True,246,35,35,0,0,0,0
北京夏令营,题-BJLY-01-02-卡宾的活性高度依赖其电子状态.md,True,328,35,35,0,0,0,0
北京夏令营,题-BJLY-01-03-元素X是用通常的物理和化学方.md,True,496,35,35,0,0,0,0
北京夏令营,题-BJLY-01-04-人们对低价Ge的研究从未停止.md,True,369,35,35,0,0,1,0
北京夏令营,题-BJLY-01-05-已知51计算1L100mol.md,True,58,35,35,0,0,0,0
北京夏令营,题-BJLY-01-06-元素M的单质性质稳定室温下难.md,True,192,35,35,0,0,0,0
北京夏令营,题-BJLY-01-07-71一种三价铝物种与足量的钾.md,True,301,35,35,0,0,1,0
北京夏令营,题-BJLY-01-08-81K结构可描述如下正六边形.md,True,376,51,51,0,0,2,0
北京夏令营,题-BJLY-02-01-11在白色的上滴加氨水立刻变.md,True,98,35,35,0,0,0,0
北京夏令营,题-BJLY-02-02-铬铁矿是一种重要的矿物资源主.md,True,548,35,35,0,0,0,0
北京夏令营,题-BJLY-02-03-31已知下列原电池311先向.md,True,152,35,35,0,0,0,0
北京夏令营,题-BJLY-02-04-硫化铅是生产铅的主要原料它被.md,True,209,35,35,0,0,0,0
北京夏令营,题-BJLY-02-05-V有许多氧化态从而有许多不同.md,True,441,35,35,0,0,2,0
北京夏令营,题-BJLY-02-06-1和的干燥空气中煅烧达到平衡.md,True,83,35,35,0,0,0,0
北京夏令营,题-BJLY-02-07-在常温常压下金属锂与生成红棕.md,True,356,35,35,0,0,1,0
北京夏令营,题-BJLY-02-08-称取与32的乙醇溶液混合然后.md,True,201,35,35,0,0,0,0
北京夏令营,题-BJLY-02-09-某过渡金属X的单质A在生活中.md,True,378,35,35,0,0,0,0
北京夏令营,题-BJLY-02-10-三唑是含有两个碳原子和三个氮.md,True,301,35,35,0,0,1,0
北京夏令营,题-BJLY-03-01-11工业上常用LiH和无水反.md,True,156,35,35,0,0,0,0
北京夏令营,题-BJLY-03-02-21五氟化砷能与许多含氟的化.md,True,261,35,35,0,0,0,0
北京夏令营,题-BJLY-03-03-钨的氮化物因具有优异的化学机.md,True,475,35,35,0,0,0,0
北京夏令营,题-BJLY-03-04-尖晶石结构是一种经典的晶体结.md,True,263,35,35,0,0,3,0
北京夏令营,题-BJLY-03-05-银量法可以用于测定溶液中的甲.md,True,248,35,35,0,0,0,0
北京夏令营,题-BJLY-03-06-通过以下方法可由二茂铁合成乙.md,True,464,35,35,0,0,0,0
北京夏令营,题-BJLY-03-07-X是一种橙黄色液体可由对应的.md,True,459,35,35,0,0,0,0
北京夏令营,题-BJLY-03-08-硫化氢在生物学中具有至关重要.md,True,341,35,35,0,0,3,0
北京夏令营,题-BJLY-03-09-半导体中有两种载流子价带中的.md,True,381,35,35,0,0,1,0
北京夏令营,题-BJLY-03-10-101在一个以碳酸钙为主要矿.md,True,752,35,35,0,0,4,0
北京夏令营,题-BJLY-04-无机综合-01-铬酸根在工业上有广泛的应用而.md,True,354,39,39,0,0,0,0
北京夏令营,题-BJLY-04-无机综合-02-将含的乙醚溶液和混合从逐渐升.md,False,83,23,23,2,0,0,0
北京夏令营,题-BJLY-04-无机综合-03-新型锌卟啉金属有机框架结构Z.md,False,460,98,90,14,2,0,2
北京夏令营,题-BJLY-04-无机综合-04-在复合卤化物结构的探索中得到.md,False,359,66,66,1,0,1,0
北京夏令营,题-BJLY-04-无机综合-05-51二甲基邻甲硫基苯基胂配体.md,False,222,9,9,1,5,1,5
北京夏令营,题-BJLY-04-无机综合-06-称取碘酸钾03377g加入4.md,False,343,74,74,8,0,0,0
北京夏令营,题-BJLY-04-无机综合-07-有人将纯净的NO气体收集到一.md,False,240,268,256,21,0,0,0
北京夏令营,题-BJLY-04-无机综合-08-光合作用是自然界最重要的过程.md,False,273,44,44,9,0,1,0
北京夏令营,题-BJLY-04-无机综合-09-多聚磷阳离子早在1986年就.md,False,210,306,306,0,10,1,10
北京夏令营,题-BJLY-04-无机综合-10-化合物A可以通过以下方法制备.md,False,384,137,137,0,6,0,6
北京夏令营,题-BJLY-05-有机巩固练习一-01-完成下列反应.md,False,9,19,19,0,0,2,0
北京夏令营,题-BJLY-05-有机巩固练习一-02-1完成Linoxepin的合.md,True,51,56,56,0,0,3,0
北京夏令营,题-BJLY-05-有机巩固练习一-03-31为什么烷烃自由基取代中溴.md,False,211,462,266,1,2,1,2
北京夏令营,题-BJLY-05-有机巩固练习一-04-Appel反应和CoeryF.md,False,176,179,34,3,4,2,4
北京夏令营,题-BJLY-05-有机巩固练习一-05-1下列分子和醋酸反应速率比较.md,False,317,543,240,4,17,25,17
北京夏令营,题-BJLY-05-有机巩固练习一-06-完成下列反应给出中间体提示最.md,False,28,36,36,0,1,0,1
北京夏令营,题-BJLY-06-有机巩固练习三-01-烯烃可以在质子酸或Lewis.md,False,91,26,2,0,2,1,2
北京夏令营,题-BJLY-06-有机巩固练习三-02-下列反应均生成呋喃类产物请给.md,False,34,19,19,0,5,4,5
北京夏令营,题-BJLY-06-有机巩固练习三-03-如下环化反应被称之为Haus.md,False,154,148,19,0,5,5,5
北京夏令营,题-BJLY-06-有机巩固练习三-04-化合物A是合成天然产物Lyc.md,False,407,456,100,0,6,5,6
北京夏令营,题-BJLY-07-有机巩固练习二-01-完成下列反应xrightar.md,False,9,0,0,0,3,4,3
北京夏令营,题-BJLY-07-有机巩固练习二-02-近十余年来自由基化学重新焕发.md,False,378,480,146,0,5,5,5
北京夏令营,题-BJLY-07-有机巩固练习二-03-吲哚去芳构化在天然产物合成中.md,False,46,19,19,0,1,1,1
北京夏令营,题-BJLY-07-有机巩固练习二-04-1小环由于环张力的问题非常不.md,False,370,13,13,0,14,10,14
北京夏令营,题-BJLY-07-有机巩固练习二-05-mathrmAmathrmC.md,False,49,4,4,0,3,2,3
北京夏令营,题-BJLY-08-有机巩固练习四-01-1N烯丙基或乙酰基烯胺能发生.md,False,177,132,1,1,7,8,7
北京夏令营,题-BJLY-08-有机巩固练习四-02-21完成下列反应并写出机理2.md,False,25,8,8,0,2,3,2
北京夏令营,题-BJLY-08-有机巩固练习四-03-31写出下列反应中中间体12.md,False,132,44,44,1,8,8,8
北京夏令营,题-BJLY-08-有机巩固练习四-04-1一般双取代内稀发生亲电加成.md,False,258,223,22,0,10,4,10
北京夏令营,题-BJLY-09-有机综合-01-1下列两组分子发生溶剂解时反.md,False,291,263,17,5,20,19,20
北京夏令营,题-BJLY-09-有机综合-02-13二羰基化合物由于其较强的.md,False,371,63,63,0,4,4,4
北京夏令营,题-BJLY-09-有机综合-03-Nazarov环化反应早在2.md,False,262,1269,1269,3,11,5,11
北京夏令营,题-BJLY-09-有机综合-04-1烷烃的光卤代反应是烷烃最重.md,True,422,53,53,0,0,3,0
北京夏令营,题-BJLY-09-有机综合-05-仔细比较下列两33迁移反应条.md,False,292,159,6,0,7,11,7
北京夏令营,题-BJLY-09-有机综合-06-Pummerer重排是用乙酸.md,False,743,71,71,0,4,4,4
北京夏令营,题-BJLY-09-有机综合-07-完成下列反应配图缺失Mine.md,True,20,39,39,0,0,3,0
北京夏令营,题-BJLY-09-有机综合-08-81完成下列反应82完成下列.md,False,54,49,49,0,2,3,2
壹尖培优,题-YJ-01-01-11钛单质溶于热的HCl溶液.md,False,298,41,41,12,0,0,0
壹尖培优,题-YJ-01-01-在标准液的标定实验的操作过程.md,False,786,59,49,17,0,0,0
壹尖培优,题-YJ-01-01-本题可能用到的缩写DMAP4.md,False,471,590,141,1,15,8,15
壹尖培优,题-YJ-01-02-21从离子开始已知碳原子的第.md,False,879,152,152,18,0,6,0
壹尖培优,题-YJ-01-02-与的相互转化是讨论化学平衡问.md,False,300,293,293,25,0,0,0
壹尖培优,题-YJ-01-02-极性反转是最有效的有机合成方.md,False,438,566,145,3,15,7,15
壹尖培优,题-YJ-01-03-31一种含Ga配合物的合成一.md,False,413,504,504,35,4,0,4
壹尖培优,题-YJ-01-03-本题可能用到的缩写DIAD偶.md,False,628,911,305,7,10,4,10
壹尖培优,题-YJ-01-03-黄金作为广为人知的贵金属因色.md,False,1077,126,117,11,0,1,0
壹尖培优,题-YJ-01-04-硒元素被誉为生命之火在电子和.md,False,771,255,246,8,3,3,3
壹尖培优,题-YJ-01-04-硝基甲烷作为简单结构的大宗工.md,False,571,45,45,0,2,2,2
壹尖培优,题-YJ-01-04-钙钛矿型固体可以作为固体氧化.md,False,880,214,214,31,0,0,0
壹尖培优,题-YJ-01-05-51用可以制成从可见光红外光.md,False,326,99,99,10,0,2,0
壹尖培优,题-YJ-01-05-Claisen重排最早由Cl.md,False,279,348,90,2,4,6,4
壹尖培优,题-YJ-01-05-能形成不同的晶型以下是部分晶.md,False,141,61,61,16,0,7,0
壹尖培优,题-YJ-01-06-61比较下列物质在亲核取代反.md,False,78,133,133,1,0,9,0
壹尖培优,题-YJ-01-06-DMF是有机反应中被广泛使用.md,False,556,572,65,1,26,9,26
壹尖培优,题-YJ-01-06-设理想气体被密封在一个带活塞.md,False,410,102,94,7,0,0,0
壹尖培优,题-YJ-01-07-71观察以下反应已知该反应的.md,False,258,18,18,0,4,4,4
壹尖培优,题-YJ-01-07-提示本题不需要额外的数学物理.md,False,414,127,127,5,0,0,0
壹尖培优,题-YJ-01-08-81Wittig反应通过控制.md,False,364,221,221,6,12,5,12
壹尖培优,题-YJ-01-08-在20世纪Stocks等按以.md,False,138,124,116,16,0,0,0
壹尖培优,题-YJ-01-09-人们对亚硝酸盐的生理化学越来.md,False,608,158,148,14,1,1,1
壹尖培优,题-YJ-02-01-11选出以下共振式对真实分子.md,False,605,502,175,3,3,54,3
壹尖培优,题-YJ-02-01-取铜板尺寸为分别在设定为的加.md,False,752,411,391,24,1,0,1
壹尖培优,题-YJ-02-01-金属M的某种氢氧化物A溶于氢.md,False,359,25,25,20,0,2,0
壹尖培优,题-YJ-02-02-21比较以下分子中框出的CO.md,False,231,569,344,0,1,7,1
壹尖培优,题-YJ-02-02-已知醋酸HAc的21向的HA.md,False,198,196,196,22,0,0,0
壹尖培优,题-YJ-02-02-酸雨是指pH小于56的降水主.md,False,439,93,93,24,0,0,0
壹尖培优,题-YJ-02-03-31以下转化可看作经五元并环.md,False,274,265,34,0,13,6,13
壹尖培优,题-YJ-02-03-一种锰的氧化物晶体化学式为其.md,False,272,79,79,8,0,0,0
壹尖培优,题-YJ-02-03-超单体是指通过非共价相互作用.md,False,411,205,205,4,4,3,4
壹尖培优,题-YJ-02-04-41用三氯化铁催化熔融的硫单.md,False,262,66,66,13,0,0,0
壹尖培优,题-YJ-02-04-41给出以下反应的关键中间体.md,False,176,276,111,0,12,3,12
壹尖培优,题-YJ-02-04-三元化合物A和B具有同样的元.md,False,295,294,294,12,6,2,6
壹尖培优,题-YJ-02-05-51经典的Mannich反应.md,False,508,472,121,1,7,7,7
壹尖培优,题-YJ-02-05-乙酸乙酯在碱性条件下可以发生.md,False,180,107,107,10,0,0,0
壹尖培优,题-YJ-02-05-多金属纳米颗粒材料简称MMN.md,False,486,168,168,15,2,0,2
壹尖培优,题-YJ-02-06-61请写出以下反应中间体A的.md,False,84,73,73,0,9,2,9
壹尖培优,题-YJ-02-06-下列反应在不同溶剂中结果不同.md,False,89,18,18,3,1,1,1
壹尖培优,题-YJ-02-06-下图示意了一种砖红色顺磁性化.md,False,283,71,71,8,0,1,0
壹尖培优,题-YJ-02-07-71回答下列问题711为什么.md,False,439,133,133,0,11,4,11
壹尖培优,题-YJ-02-07-和单质汞可以发生归中反应将其.md,False,289,186,186,13,0,0,0
壹尖培优,题-YJ-02-07-近来有人报道了高产率的串联环.md,False,210,423,341,1,18,2,18
壹尖培优,题-YJ-02-08-光化学在自然界和日常生活中扮.md,False,782,98,98,3,12,10,12
壹尖培优,题-YJ-02-08-在最密堆积的原子排列中可以形.md,False,442,135,135,8,1,4,1
壹尖培优,题-YJ-02-08-红花五味子中分离的Rubri.md,False,324,304,178,0,9,2,9
壹尖培优,题-YJ-02-09-波尔模型是第一个成功的量子原.md,False,687,330,321,18,0,0,0
壹尖培优,题-YJ-03-01-11比较下列化合物沸点的大小.md,False,89,91,7,0,17,18,17
壹尖培优,题-YJ-03-01-重铬酸钾是分析化学中常用的试.md,False,483,110,110,19,0,1,0
壹尖培优,题-YJ-03-02-21写出以下反应后处理后的产.md,False,168,419,261,2,12,6,12
壹尖培优,题-YJ-03-02-CaCr和N的三元化合物A沿.md,False,520,209,209,20,6,0,6
壹尖培优,题-YJ-03-03-Smiles重排反应是一种经.md,False,185,199,29,1,14,3,14
壹尖培优,题-YJ-03-03-金属元素M的希腊文意为铅来源.md,False,623,89,89,5,3,3,3
壹尖培优,题-YJ-03-04-不知道您是否有这样的体验深夜.md,False,712,258,258,24,0,2,0
壹尖培优,题-YJ-03-04-环加成反应是构建环状分子的经.md,False,242,280,45,1,14,7,14
壹尖培优,题-YJ-03-05-异腈今些年来受到了有机化学家.md,False,228,233,12,2,8,3,8
壹尖培优,题-YJ-03-05-苯并硼杂环丙烯是一类具有并休.md,False,404,73,73,0,12,2,12
壹尖培优,题-YJ-03-06-61如下所示的BIDIME是.md,False,454,44,44,2,0,2,0
壹尖培优,题-YJ-03-06-不饱和醛酮是有机化合物中一种.md,False,566,591,119,0,9,5,9
壹尖培优,题-YJ-03-07-DNA分子作为人体内极其重要.md,False,553,239,239,0,11,8,11
壹尖培优,题-YJ-03-07-环己烷并三奎烷型天然产物由于.md,False,409,476,74,0,11,4,11
壹尖培优,题-YJ-03-08-jiadifenolide被.md,False,180,109,109,0,9,3,9
壹尖培优,题-YJ-03-08-有机反应立体选择性的控制一直.md,False,330,503,180,3,11,4,11
壹尖培优,题-YJ-03-09-菲啶酮是一种重要的特殊结构单.md,False,391,447,61,3,8,3,8
壹尖培优,题-YJ-04-01-11与按不同的比例反应可以生.md,False,348,55,55,14,2,0,2
壹尖培优,题-YJ-04-02-元素M的单质及其化合物在日常.md,False,338,223,223,13,0,0,0
壹尖培优,题-YJ-04-03-稀酸溶液中奎宁具有很强的荧光.md,False,555,303,263,9,0,0,0
壹尖培优,题-YJ-04-04-41氮杂环卡宾NHCs的类似.md,False,422,15,15,1,10,2,10
壹尖培优,题-YJ-04-05-化学式为的三元金属硼化物中部.md,False,261,49,49,3,2,1,2
壹尖培优,题-YJ-04-06-一般地我们可以通过基团加和法.md,False,364,136,136,13,8,3,8
壹尖培优,题-YJ-04-07-有机膦化合物因其具有明显的亲.md,False,163,92,92,0,10,3,10
壹尖培优,题-YJ-04-08-本题要求立体化学中药甘遂为大.md,False,413,142,142,0,15,2,15
壹尖培优,题-YJ-05-01-火焰切割即气切割是钢板粗加工.md,False,247,196,196,25,0,0,0
壹尖培优,题-YJ-05-02-一种第七周期金属元素M与氧和.md,False,240,186,176,6,0,0,0
壹尖培优,题-YJ-05-03-圆二色性作为常见的光学效应已.md,False,788,255,239,15,3,3,3
壹尖培优,题-YJ-05-04-在整个冷战期间苏联705型核.md,False,853,238,222,33,0,0,0
壹尖培优,题-YJ-05-05-对主族元素的多重键的探讨一直.md,False,495,380,380,1,13,5,13
壹尖培优,题-YJ-05-06-降冰片烯中的不饱和碳碳键具有.md,False,354,319,319,0,7,4,7
壹尖培优,题-YJ-05-07-Seventhousandp.md,False,442,85,85,0,12,5,12
壹尖培优,题-YJ-05-08-本题要求立体化学81画出由A.md,False,196,70,70,0,8,1,8
壹尖培优,题-YJ-06-01-根据所给条件按照要求书写反应.md,False,396,38,38,7,0,0,0
壹尖培优,题-YJ-06-02-库仑滴定法是基于电解过程的分.md,False,884,471,471,68,0,0,0
壹尖培优,题-YJ-06-03-浓差电池是电池中的一种其电动.md,False,188,110,110,24,0,0,0
壹尖培优,题-YJ-06-04-自由基阴离子作为单电子还原小.md,False,660,444,436,35,6,1,6
壹尖培优,题-YJ-06-05-As的结构可以看成是由无数个.md,False,487,112,101,18,2,2,2
壹尖培优,题-YJ-06-06-碳杂多重键包括羰基和氰基等重.md,False,205,128,128,0,21,3,21
壹尖培优,题-YJ-06-07-经连续邻位稠合的多环芳烃称为.md,False,440,46,46,0,11,6,11
壹尖培优,题-YJ-06-08-811丙烯水溶液在的协同催化.md,False,368,84,84,3,10,4,10
壹尖培优,题-YJ-07-01-11请解释为什么和的酸性依次.md,False,386,319,319,32,0,0,0
壹尖培优,题-YJ-07-02-如下图展示了一种由NaNpF.md,False,311,103,103,5,0,1,0
壹尖培优,题-YJ-07-03-在含金属元素M的溶液中加入酸.md,False,228,363,363,29,0,0,0
壹尖培优,题-YJ-07-04-一种合金样品的主要成分为Al.md,False,302,132,132,14,0,0,0
壹尖培优,题-YJ-07-05-近年来利用低价主族元素特殊反.md,False,542,264,143,2,10,1,10
壹尖培优,题-YJ-07-06-61酮酸类化合物易发生脱羧反.md,False,265,136,128,2,8,4,8
壹尖培优,题-YJ-07-07-在芳香性世界的边缘存在一类反.md,False,580,357,357,2,6,3,6
壹尖培优,题-YJ-07-08-2016年某课题组在探究Ca.md,False,129,25,25,0,8,1,8
壹尖培优,题-YJ-08-01-粉色固体A在C下加热生成蓝色.md,False,290,98,98,0,0,0,0
壹尖培优,题-YJ-08-02-Mg和Cu能够形成一种经典合.md,False,218,44,44,4,1,1,1
壹尖培优,题-YJ-08-03-311五水硫酸铜在298K下.md,False,218,116,116,31,0,0,0
壹尖培优,题-YJ-08-04-在有机化学的世界里苯环因其芳.md,False,294,30,30,0,6,1,6
壹尖培优,题-YJ-08-05-某酸性试液中含有一定量苯酚现.md,False,331,131,131,10,1,0,1
壹尖培优,题-YJ-08-06-近年来厦门大学的研究团队报道.md,False,416,206,177,0,7,1,7
壹尖培优,题-YJ-08-07-71阅读以下反应路线图711.md,False,218,26,26,0,8,4,8
壹尖培优,题-YJ-08-08-硝基芳烃在光照条件下易被激发.md,False,218,79,79,0,22,7,22
壹尖培优,题-YJ-08-09-Part1反应91已知下列反.md,False,215,152,152,2,9,8,9
壹尖培优,题-YJ-09-01-1951年化学家首次在实验室.md,False,298,21,21,9,0,0,0
壹尖培优,题-YJ-09-02-某非金属元素X是植物生长发育.md,False,225,35,35,0,0,1,0
壹尖培优,题-YJ-09-03-某立方晶系的复合金属氧化物晶.md,False,176,49,49,6,0,1,0
壹尖培优,题-YJ-09-04-为了定量检测工厂废水池中的重.md,False,752,136,136,21,0,1,0
壹尖培优,题-YJ-09-05-羰基是有机化学的当中一类非常.md,False,502,57,57,2,15,0,15
壹尖培优,题-YJ-09-06-费托合成FischerTro.md,False,479,38,38,2,8,1,8
壹尖培优,题-YJ-09-07-71画出此反应的环状中间体A.md,False,209,17,17,1,3,13,3
壹尖培优,题-YJ-09-09-缩写注释Imidazole咪.md,False,230,63,63,0,10,1,10
壹尖培优,题-YJ-10-01-液氨是人们最熟悉的研究得最充.md,False,512,312,304,14,0,0,0
壹尖培优,题-YJ-10-02-1943年GeorgedeH.md,False,367,158,158,19,0,0,0
壹尖培优,题-YJ-10-03-下午所示为某六方晶系混合金属.md,False,240,70,70,10,0,1,0
壹尖培优,题-YJ-10-04-锕系元素的亚胺基配合物因其在.md,False,662,260,260,14,3,1,3
壹尖培优,题-YJ-10-05-你在实验室中尝试通过酯化反应.md,False,417,215,215,0,0,1,0
壹尖培优,题-YJ-10-06-61指出下列化合物是否具有手.md,False,38,22,22,0,0,2,0
壹尖培优,题-YJ-10-07-芳烃的烷基化是化学合成中最具.md,False,424,124,124,2,11,5,11
壹尖培优,题-YJ-10-08-自1978年Buta等人从三.md,False,329,34,34,0,10,3,10
壹尖培优,题-YJ-11-01-某非金属单质A在常温常压下为.md,False,392,86,86,7,2,0,2
壹尖培优,题-YJ-11-02-稀有气体的化合物始终是无机合.md,False,303,74,74,16,0,0,0
壹尖培优,题-YJ-11-03-金属元素X与非金属元素Y在元.md,False,312,164,164,4,0,0,0
壹尖培优,题-YJ-11-04-镧系元素通常呈现3价对应的配.md,False,393,176,176,10,2,1,2
壹尖培优,题-YJ-11-05-为降低含硫化合物的排放减少对.md,False,737,206,198,25,0,0,0
壹尖培优,题-YJ-11-06-元素A和B具有相同的价电子构.md,False,363,330,330,11,10,0,10
壹尖培优,题-YJ-11-07-71甲苯的偶极矩为043D硝.md,False,200,129,120,3,2,3,2
壹尖培优,题-YJ-11-08-消除反应是有机化学中一种重要.md,False,235,94,94,0,7,5,7
壹尖培优,题-YJ-11-09-从生源合成路线中发掘全新的合.md,False,327,80,80,0,8,3,8
壹尖培优,题-YJ-12-01-已知以下几种氟化物在室温下均.md,False,134,34,34,4,0,0,0
壹尖培优,题-YJ-12-02-近年来二维单层黑磷Phosp.md,False,468,258,250,11,0,0,0
壹尖培优,题-YJ-12-03-磷酸二氢钾KDP晶体是一种优.md,False,832,442,442,3,0,5,0
壹尖培优,题-YJ-12-04-1931年Hckel以简洁的.md,False,738,369,369,23,6,0,6
壹尖培优,题-YJ-12-05-伦敦色散力Londondis.md,False,948,512,503,5,2,7,2
壹尖培优,题-YJ-12-06-61请按照酸性从强到弱给以下.md,False,301,295,295,6,7,13,7
壹尖培优,题-YJ-12-07-71下面的反应能否正常发生如.md,False,291,220,220,1,8,5,8
壹尖培优,题-YJ-12-08-ErickMCarreira.md,False,179,72,56,0,5,2,5
壹尖培优,题-YJ-13-01-M是天然存在的元素中最后一个.md,False,416,91,91,12,1,3,1
壹尖培优,题-YJ-13-02-生物无机化学是无机化学的重要.md,False,1455,367,367,8,14,2,14
壹尖培优,题-YJ-13-03-在某些中性化合物中由于特殊的.md,False,513,40,32,4,9,2,9
壹尖培优,题-YJ-13-04-直觉上由刚性砌块有序堆叠而成.md,False,771,208,208,18,1,1,1
壹尖培优,题-YJ-13-05-荆芥内酯Nepetalact.md,False,333,68,68,2,8,2,8
壹尖培优,题-YJ-13-06-萜类化合物是自然界中最大一类.md,False,445,221,221,8,9,4,9
壹尖培优,题-YJ-13-07-金刚石是碳最具有代表性的同素.md,False,458,172,162,4,11,4,11
壹尖培优,题-YJ-19-01-11二元氧化物X是黄色固体常.md,True,940,35,35,0,0,0,0
壹尖培优,题-YJ-19-02-21叠氮阴离子拥有两个等长的.md,True,235,35,35,0,0,0,0
壹尖培优,题-YJ-19-03-理论计算表明高压下Rb可以形.md,True,208,35,35,0,0,1,0
壹尖培优,题-YJ-19-04-AH是含金属M的一系列化合物.md,True,370,46,46,0,0,1,0
壹尖培优,题-YJ-19-05-交互式舷窗利用有机染料分子在.md,True,1032,35,35,0,0,4,0
壹尖培优,题-YJ-19-06-硼酸盐晶体是一类重要的无机化.md,True,634,46,46,0,0,2,0
壹尖培优,题-YJ-19-07-地球大气经历长时间的演变最终.md,True,617,35,35,0,0,0,0
壹尖培优,题-YJ-19-08-81利用点击化学反应研究人员.md,True,1010,35,35,0,0,3,0
方圆,题-FY-01-01-11标出下列物质中手性碳的R.md,False,66,68,68,0,7,7,7
方圆,题-FY-01-01-人的身体由许许多多原子组成它.md,False,600,696,112,12,0,0,0
方圆,题-FY-01-01-舞是中国古人对磷火现象的早期.md,False,466,30,30,0,6,4,6
方圆,题-FY-01-01-铀Uranium是最重要的天.md,False,676,360,360,13,6,0,6
方圆,题-FY-01-02-21beginarraycm.md,True,25,42,42,0,1,7,1
方圆,题-FY-01-02-焕焕取代孙多成张飞等值取代2.md,True,49,35,35,0,0,1,0
方圆,题-FY-01-02-电催化二氧化碳还原ECR作为.md,False,1141,142,142,36,0,3,0
方圆,题-FY-01-02-金属有机框架MetalOrg.md,False,789,763,763,9,4,14,4
方圆,题-FY-01-02-随着化学的发展许多多面体形状.md,False,1524,1784,282,55,27,12,27
方圆,题-FY-01-03-31化合物在酸性水溶液中转变.md,False,194,13,13,2,13,0,13
方圆,题-FY-01-03-wwwfangyuanedu.md,True,192,35,35,0,0,4,0
方圆,题-FY-01-03-在农业生态系统中如果把作物秸.md,False,946,1093,572,55,3,0,3
方圆,题-FY-01-03-最近研究人员以硼功能化七磷化.md,False,328,82,82,4,7,4,7
方圆,题-FY-01-03-血液是生物体循环系统的主要载.md,False,546,431,431,23,0,0,0
方圆,题-FY-01-04-41比较下列化合物的酸性由强.md,False,96,62,62,0,13,21,13
方圆,题-FY-01-04-41考虑一个A到B的转化过程.md,False,169,192,192,6,0,3,0
方圆,题-FY-01-04-在碳的有机化学中卡宾和卡拜是.md,False,301,34,34,0,3,2,3
方圆,题-FY-01-04-多环芳烃PAHs是大气污染物.md,False,934,346,346,47,0,3,0
方圆,题-FY-01-05-51X是某天然矿物的主要成分.md,False,431,745,321,7,7,2,7
方圆,题-FY-01-05-51给出中间产物A以及关键中.md,True,109,35,35,0,0,4,0
方圆,题-FY-01-05-下图所示的是CuO沿三个轴向.md,False,135,669,669,20,4,3,4
方圆,题-FY-01-05-第一部分蓝51普鲁士蓝PBK.md,False,734,139,139,4,2,2,2
方圆,题-FY-01-06-611在一个萃取过程中体系的.md,False,279,336,69,14,0,0,0
方圆,题-FY-01-06-61以下是某有机物的合成路线.md,True,159,35,35,0,0,4,0
方圆,题-FY-01-06-储气库是大量天然气的储存设施.md,False,562,204,204,11,0,1,0
方圆,题-FY-01-06-某些具有特殊结构的Lewis.md,False,375,507,507,22,3,3,3
方圆,题-FY-01-07-71为下列反应的立体选择性提.md,False,158,44,44,1,0,6,0
方圆,题-FY-01-07-71对比下列消除反应的速率A.md,False,144,207,72,0,7,9,7
方圆,题-FY-01-07-71排序化合物ABC离去OT.md,False,138,589,589,6,3,7,3
方圆,题-FY-01-07-71鉴别以下化合物写出鉴定的.md,False,101,338,338,0,0,10,0
方圆,题-FY-01-08-81Carreira课题组在.md,False,287,156,156,5,15,5,15
方圆,题-FY-01-08-81Masahiro课题组开.md,False,199,357,169,1,13,6,13
方圆,题-FY-01-08-81某课题组在研究AuI催化.md,False,285,158,158,1,6,6,6
方圆,题-FY-01-08-81沸石即止暴剂或助沸剂为什.md,True,494,35,35,0,0,0,0
方圆,题-FY-01-09-Grignardreagen.md,False,288,14,14,0,10,4,10
方圆,题-FY-01-09-NorrishII型反应在合.md,False,283,354,354,2,7,5,7
方圆,题-FY-01-09-亲核性碱性二对H亲核性Gri.md,True,292,35,35,0,0,5,0
方圆,题-FY-01-09-异腈是腈类化合物的异构体其官.md,False,426,146,146,0,6,5,6
方圆,题-FY-01-09-烯酮是具有高度活性和选择性的.md,False,353,573,233,3,14,6,14
方圆,题-FY-02-01-在的存在下DMFNN二甲基甲.md,True,176,47,47,0,0,4,0
方圆,题-FY-02-03-葡萄糖是一种非常常见的化合物.md,False,398,166,156,12,4,1,4
方圆,题-FY-02-04-41写出下列反应中中间体12.md,False,778,507,485,8,22,7,22
方圆,题-FY-02-07-在有机化学的学习过程中掌握基.md,False,639,448,439,20,5,5,5
方圆,题-FY-02-07-质子泵抑制剂PPI是目前治疗.md,False,353,191,77,0,6,6,6
方圆,题-FY-02-08-Appel反应和CoeryF.md,False,187,44,36,3,3,4,3
方圆,题-FY-02-08-通过改变官能团的亲核或亲电反.md,False,475,72,72,0,1,10,1
方圆,题-FY-02-09-2023年8月日本东京大学的.md,True,352,35,35,0,0,1,0
方圆,题-FY-02-09-已知一维势箱中粒子的能量为封.md,False,331,360,297,14,6,7,6
方圆,题-FY-02-10-101在过去的二十年中均相金.md,False,359,98,98,0,2,3,2
方圆,题-FY-08-01-11SiC俗名金刚砂是一种极.md,False,342,91,91,18,0,4,0
方圆,题-FY-08-02-对大多数化学反应而言液相气相.md,False,571,203,203,17,5,0,5
方圆,题-FY-08-03-铈是一种常用的强氧化剂因其还.md,False,330,98,98,4,0,0,0
方圆,题-FY-08-04-随着我国双碳战略的实施二氧化.md,False,314,113,113,2,0,0,0
方圆,题-FY-08-05-有机无机杂化材料Organi.md,False,607,65,65,2,0,2,0
方圆,题-FY-08-06-某元素X的黄色含氯化合物A能.md,False,471,16,16,0,5,0,5
方圆,题-FY-08-07-Perkin反应是一个非常经.md,False,407,91,91,0,2,1,2
方圆,题-FY-08-08-81试比较下列氢的酸性由弱至.md,False,70,92,92,1,4,15,4
方圆,题-FY-08-09-91在轨道对称性禁阻的情况下.md,False,243,93,93,0,5,6,5
方圆,题-FY-08-10-菲是一种稠环芳烃但其芳香性相.md,False,351,170,82,4,6,4,6
方圆,题-FY-09-01-11CuI的电化学已知298.md,False,656,59,59,12,0,0,0
方圆,题-FY-09-02-当铜族元素和拟卤素离子能够形.md,False,315,23,23,0,7,0,7
方圆,题-FY-09-03-Kagom网格是一种由大量共.md,False,594,58,58,4,2,1,2
方圆,题-FY-09-04-某肥料的主要成分是硝酸铵此外.md,False,598,137,137,0,1,0,1
方圆,题-FY-09-05-树状高分子dendrimer.md,False,596,386,386,11,0,1,0
方圆,题-FY-09-06-丙烯的反应通常会产生一些活性.md,False,474,42,42,5,2,2,2
方圆,题-FY-09-07-在平衡条件下蛋白质会不断地折.md,False,444,23,23,4,0,1,0
方圆,题-FY-09-08-81卤烷与NaOH在水与乙醇.md,False,442,127,127,5,4,2,4
方圆,题-FY-09-09-碎裂化反应是一个非常重要的反.md,False,279,106,106,1,3,4,3
方圆,题-FY-09-10-氮杂环辛四烯是一种有趣的化合.md,False,226,28,28,0,2,6,2
方圆,题-FY-10-01-11焙烧硫化钼矿石时混有的硫.md,False,281,28,28,8,1,0,1
方圆,题-FY-10-02-21现有一工业镀液中含有约0.md,False,468,87,87,5,0,1,0
方圆,题-FY-10-03-元素的多核物种总令人惊叹特别.md,False,265,31,31,10,1,1,1
方圆,题-FY-10-04-硝酸是一种重要的工业原料可用.md,False,292,34,34,17,0,0,0
方圆,题-FY-10-05-一系列通过配体L1与L2连接.md,False,495,184,184,5,5,3,5
方圆,题-FY-10-06-分子变色龙特指一类可以通过改.md,False,577,73,73,0,1,1,1
方圆,题-FY-10-07-VSEPR理论即价层电子对互.md,False,332,174,165,3,0,0,0
方圆,题-FY-10-08-酯化反应作为有机化学中经典的.md,False,327,14,14,3,2,2,2
方圆,题-FY-10-09-氮杂环卡宾NHC不仅是配位化.md,False,176,42,42,0,3,3,3
方圆,题-FY-11-01-在一个体积为11042L的已.md,False,114,6,6,6,0,0,0
方圆,题-FY-11-02-金具有独特的性质和高稳定性在.md,False,462,54,54,6,0,0,0
方圆,题-FY-11-03-冰面为什么滑呢其中一种解释说.md,False,339,206,206,1,1,0,1
方圆,题-FY-11-04-理查三世是英格兰约克王朝最后.md,False,444,45,45,14,1,0,1
方圆,题-FY-11-05-直接燃烧燃料获得热能再将热能.md,False,320,20,20,16,0,0,0
方圆,题-FY-11-06-目前人们发现DNA不仅是包含.md,False,264,46,46,0,3,5,3
方圆,题-FY-11-07-测定某金属元素M的氯化物Y的.md,False,114,20,20,0,0,0,0
方圆,题-FY-11-08-一个容积为2L的烧瓶其中盛有.md,True,213,37,37,0,0,0,0
方圆,题-FY-11-09-在自然条件下蛋白质会由所含氨.md,False,333,33,33,2,0,0,0
方圆,题-FY-无机专题一-01-11在碱性条件下用还原得到一.md,False,110,0,0,2,0,0,0
方圆,题-FY-无机专题一-02-全氮类物质能够分解产生极稳定.md,True,268,42,42,0,1,1,1
方圆,题-FY-无机专题一-03-在密封管中将镁粉乙二胺和石墨.md,False,219,11,11,4,1,0,1
方圆,题-FY-无机专题一-04-元素A可以与各种卤素形成一系.md,False,549,1,1,10,2,2,2
方圆,题-FY-无机专题一-05-从金属晶体的密堆积出发可以认.md,False,440,10,10,4,0,4,0
方圆,题-FY-无机专题一-06-固体电解质是具有与强电解质水.md,False,370,105,105,5,1,4,1
方圆,题-FY-无机专题一-07-合金为面心立方结构在此结构中.md,False,131,67,38,6,3,1,3
方圆,题-FY-无机专题一-08-胰岛素是一种信号激素它在动物.md,False,262,69,69,1,2,0,2
方圆,题-FY-无机专题一-09-铁硫蛋白是一类具有传递电子功.md,False,541,27,27,1,4,0,4
方圆,题-FY-无机专题一-10-羰基化合物的不对称氢化反应在.md,False,460,155,155,2,1,4,1
汇智,题-HZ-01-01-11有的反应看似是取代但实则.md,False,159,236,94,0,9,7,9
汇智,题-HZ-01-01-11硅酯A可以由硅化镁或者硅.md,False,378,644,270,15,0,0,0
汇智,题-HZ-01-01-从古代炼丹术的神火到拉瓦锡的.md,True,937,72,72,0,0,6,0
汇智,题-HZ-01-01-化学热力学理论的发展提供了良.md,False,297,605,278,66,0,0,0
汇智,题-HZ-01-01-将通入的溶液得到橙黄色结晶反.md,False,548,645,113,30,11,0,11
汇智,题-HZ-01-01-铁是与人类息息相关的一种金属.md,False,547,620,95,34,0,0,0
汇智,题-HZ-01-02-21顺铂cisplatin即.md,False,499,738,253,28,4,2,4
汇智,题-HZ-01-02-最近过量排放到大气中引起的全.md,False,573,773,199,51,1,0,1
汇智,题-HZ-01-02-某无色有机物S在pH860的.md,False,386,620,240,57,0,0,0
汇智,题-HZ-01-02-禁带宽度半导体晶体里填满价电.md,False,924,1181,227,50,1,1,1
汇智,题-HZ-01-02-非过渡金属M为一种灰白色的金.md,True,524,72,72,0,0,6,0
汇智,题-HZ-01-02-高价碘是有机化学中常见的氧化.md,False,109,190,95,1,14,9,14
汇智,题-HZ-01-03-31X的某些化合物是熟知的半.md,False,474,871,485,46,2,0,2
汇智,题-HZ-01-03-分光光度法又称吸光光度法是建.md,False,368,567,215,52,0,0,0
汇智,题-HZ-01-03-本题中所有计算认为标准大气压.md,False,340,499,174,75,0,0,0
汇智,题-HZ-01-03-氮和氟都是高电负性的元素其形.md,True,909,35,35,0,0,0,0
汇智,题-HZ-01-03-稀溶液的依数性是指溶液某些性.md,False,442,625,178,72,0,0,0
汇智,题-HZ-01-03-肟类化合物是众多有机反应的易.md,False,443,544,115,1,8,5,8
汇智,题-HZ-01-04-刚玉corundum即是一种.md,False,402,500,142,26,4,2,4
汇智,题-HZ-01-04-本题中气体均视为理想气体热容.md,False,164,290,138,45,0,0,0
汇智,题-HZ-01-04-氮气的活化是指打断其分子内稳.md,False,583,600,160,14,11,2,11
汇智,题-HZ-01-04-随着CH键活化的兴起越来越多.md,False,136,613,489,5,23,6,23
汇智,题-HZ-01-04-黏土是一种颜色多样细分散的多.md,False,603,538,219,61,0,0,0
汇智,题-HZ-01-05-20世纪70年代可充电锂离子.md,True,518,56,56,0,0,1,0
汇智,题-HZ-01-05-AsBgCg能发生反应均为理.md,True,124,35,35,0,0,0,0
汇智,题-HZ-01-05-Metalfreesynth.md,True,326,35,35,0,0,3,0
汇智,题-HZ-01-05-硼化物是由硼和金属形成的化合.md,False,512,743,232,50,11,7,11
汇智,题-HZ-01-05-草酸是一种常见的有机酸常存在.md,False,737,789,56,77,0,1,0
汇智,题-HZ-01-05-请在四个选项中选择唯一正确的.md,False,539,558,23,21,0,0,0
汇智,题-HZ-01-06-2024年5月8日我国第三艘.md,True,1527,72,72,0,0,8,0
汇智,题-HZ-01-06-29815K下考虑如下原电池.md,False,337,538,186,63,0,0,0
汇智,题-HZ-01-06-61单一单体的自由基聚合61.md,False,256,397,154,14,2,0,2
汇智,题-HZ-01-06-CuI由于具有灵活多变的配位.md,False,445,502,79,29,5,3,5
汇智,题-HZ-01-06-一般认为芳环相对于烯烃更难以.md,False,364,580,254,2,12,6,12
汇智,题-HZ-01-06-电还原是一种利用可再生电能将.md,False,355,453,105,58,1,0,1
汇智,题-HZ-01-07-71按pKa从大到小的顺序将.md,False,341,691,350,12,5,6,5
汇智,题-HZ-01-07-71比较下列化合物的酸性从强.md,False,221,516,309,1,19,19,19
汇智,题-HZ-01-07-吗啉作为药物合成的重要中间体.md,False,459,794,356,8,15,5,15
汇智,题-HZ-01-07-核磁氢谱碳谱是有机化学家们在.md,False,548,707,167,17,14,6,14
汇智,题-HZ-01-07-银氨溶液中的主要配位反应为m.md,False,219,440,227,71,0,0,0
汇智,题-HZ-01-08-SIVI2H2r04M是一种.md,True,386,56,56,0,0,3,0
汇智,题-HZ-01-08-TosMIC试剂即对甲苯磺酰.md,False,250,259,14,0,14,5,14
汇智,题-HZ-01-08-在光催化有机化学领域由均相催.md,False,444,539,112,0,7,2,7
汇智,题-HZ-01-08-巴比妥酸是一种嘧啶衍生物下8.md,False,310,309,9,3,10,7,10
汇智,题-HZ-01-08-现代原子结构理论的建立离不开.md,False,517,832,312,53,0,0,0
汇智,题-HZ-01-08-甲醛作为一种常见的1C合成子.md,False,400,415,38,2,16,5,16
汇智,题-HZ-01-09-91关于晶格能下列说法正确的.md,True,287,72,72,0,0,2,0
汇智,题-HZ-01-09-Mitsunobu反应是一类.md,False,402,515,144,10,13,5,13
汇智,题-HZ-01-09-作为经典的不稳定中间体卡宾的.md,False,270,335,84,1,9,3,9
汇智,题-HZ-01-09-机械化学是一种强大的技术手段.md,False,292,363,76,4,12,6,12
汇智,题-HZ-01-09-某无色有机底物S在酸性水溶液.md,False,520,642,186,82,1,0,1
汇智,题-HZ-01-09-自然界存在大量含有反式26二.md,False,389,441,133,5,13,4,13
汇智,题-HZ-01-10-exiguolide是一种含.md,False,242,373,189,0,13,4,13
汇智,题-HZ-02-01-11下列化合物中哪些能够与T.md,False,765,880,88,3,11,11,11
汇智,题-HZ-02-01-1999年化学家通过以下实验.md,True,439,42,42,0,0,0,0
汇智,题-HZ-02-01-东汉魏伯阳所著周易参同契被誉.md,False,393,414,33,3,0,0,0
汇智,题-HZ-02-01-取代反应是最为基础的一类有机.md,False,128,148,14,18,9,6,9
汇智,题-HZ-02-01-在制备第三代半导体氮化镓Ga.md,False,283,400,129,51,0,0,0
汇智,题-HZ-02-01-铝Al作为第13族元素其化合.md,False,801,496,488,32,11,1,11
汇智,题-HZ-02-02-双羟化反应在有机合成中得到了.md,False,513,786,285,4,12,8,12
汇智,题-HZ-02-02-在特种钢材生产中钒V和铬Cr.md,False,483,673,192,8,0,0,0
汇智,题-HZ-02-02-对题目21至25所提问题进行.md,False,135,409,284,2,0,0,0
汇智,题-HZ-02-02-氢气具有目前已知物质中最高的.md,False,410,821,430,2,6,2,6
汇智,题-HZ-02-02-氮气作为工业合成氨的重要原料.md,False,173,286,125,42,0,0,0
汇智,题-HZ-02-02-锂硫电池LiSBattery.md,False,652,365,344,7,0,0,0
汇智,题-HZ-02-03-乙酸乙酯是常用的有机溶剂广泛.md,False,329,381,61,18,0,0,0
汇智,题-HZ-02-03-是近年来被科学家重视的一种电.md,True,175,35,35,0,0,1,0
汇智,题-HZ-02-03-氟原子的引入能调节分子的pK.md,False,489,548,68,4,13,4,13
汇智,题-HZ-02-03-碳正离子是有机化学中的一类常.md,False,260,360,111,1,26,6,26
汇智,题-HZ-02-03-笼目Kagome一词源于日本.md,False,664,706,706,7,4,1,4
汇智,题-HZ-02-03-锌碘电池凭借其高安全性低成本.md,False,419,636,217,54,0,0,0
汇智,题-HZ-02-04-Nazarov反应作为经典的.md,False,292,385,99,4,16,6,16
汇智,题-HZ-02-04-机械化学利用机械力如研磨球磨.md,False,1193,441,421,17,0,1,0
汇智,题-HZ-02-04-维生素C又称抗坏血酸是人体不.md,False,418,694,287,18,2,1,2
汇智,题-HZ-02-04-苯甲酸简称HBen是常用的食.md,False,610,668,74,27,0,0,0
汇智,题-HZ-02-04-蜂窝状层状氧化物由于其独特的.md,False,467,815,342,28,0,0,0
汇智,题-HZ-02-04-邻基参与是有机合成中非常常见.md,False,287,427,150,4,6,3,6
汇智,题-HZ-02-05-不少有机体系中生成的活性中间.md,False,523,641,136,18,31,9,31
汇智,题-HZ-02-05-奎宁分子结构如右图所示是从金.md,False,786,953,188,9,0,0,0
汇智,题-HZ-02-05-甲醇被广泛用于聚合物和燃料生.md,False,540,635,101,42,0,0,0
汇智,题-HZ-02-05-过氧乙酰硝酸酯简写为PAN是.md,False,566,663,108,24,0,0,0
汇智,题-HZ-02-05-金元素由于其显著的相对论效应.md,False,394,477,98,1,20,7,20
汇智,题-HZ-02-05-长期以来水系电池由于锰氧化物.md,False,903,798,798,49,0,0,0
汇智,题-HZ-02-06-4H吡喃及其衍生物是一类重要.md,False,682,1014,334,14,4,0,4
汇智,题-HZ-02-06-61比较ae五种物质示出的氢.md,False,111,253,154,2,9,7,9
汇智,题-HZ-02-06-61苹果酸是一种存在于苹果及.md,False,644,976,328,59,1,0,1
汇智,题-HZ-02-06-环酮缩醛CKAs是自由基开环.md,False,301,176,168,0,13,4,13
汇智,题-HZ-02-06-碘负离子是常见的无机试剂在有.md,False,288,351,73,0,13,5,13
汇智,题-HZ-02-06-窄带荧光发射材料的合成是有机.md,False,293,362,86,0,4,2,4
汇智,题-HZ-02-07-71根据所学知识完成下列反应.md,True,43,73,43,0,2,2,2
汇智,题-HZ-02-07-尿嘧啶是RNA中四种核碱基之.md,False,288,323,47,2,11,2,11
汇智,题-HZ-02-07-核苷二磷酸激酶NDPK是生物.md,False,510,548,79,49,0,0,0
汇智,题-HZ-02-07-正丁基苯酞NBP是一类人工合.md,False,1276,165,165,6,1,0,1
汇智,题-HZ-02-07-用光来调控化学反应具有众多优.md,False,437,502,74,0,17,7,17
汇智,题-HZ-02-07-糠醛分子式为是一种常见的芳香.md,False,624,796,202,13,2,0,2
汇智,题-HZ-02-08-CBS反应CoreyBaks.md,False,494,522,55,1,6,3,6
汇智,题-HZ-02-08-光延反应Mitsunobur.md,False,1432,976,274,16,12,7,12
汇智,题-HZ-02-08-双键的直接氧化切断在传统方法.md,False,330,351,35,1,15,8,15
汇智,题-HZ-02-08-含有手性季碳中心的化合物如手.md,False,565,94,94,0,17,6,17
汇智,题-HZ-02-08-胺类物质所含有的氨基是生物活.md,False,699,820,139,7,15,6,15
汇智,题-HZ-02-09-Meldrumsacid米氏.md,False,390,434,74,1,14,5,14
汇智,题-HZ-02-09-前列腺素prostaglan.md,True,518,529,52,9,10,3,10
汇智,题-HZ-02-09-在有机反应体系内可以夺取电子.md,False,553,126,126,0,14,8,14
汇智,题-HZ-03-01-氢气作为一种清洁能源未能得到.md,False,602,665,72,52,0,0,0
汇智,题-HZ-03-01-绿色是自然界相当常见的颜色从.md,False,658,722,72,25,2,0,2
汇智,题-HZ-03-01-近年来在超临界临界温度临界压.md,False,351,34,34,0,0,0,0
汇智,题-HZ-03-02-二硫化合物由于其键能低和高动.md,False,478,68,68,9,1,1,1
汇智,题-HZ-03-02-前四周期元素AD常共生对应的.md,False,449,636,214,5,0,0,0
汇智,题-HZ-03-02-已知在以下情况下的温度离子强.md,False,92,136,97,13,0,0,0
汇智,题-HZ-03-03-31在地球地壳中主族元素A是.md,False,611,606,56,23,3,0,3
汇智,题-HZ-03-03-与NIII在化合物中往往能够.md,False,403,50,50,0,5,0,5
汇智,题-HZ-03-03-金属Y与铯形成合金时会生成一.md,False,592,664,77,38,2,2,2
汇智,题-HZ-03-04-NAD是一种传递质子的辅酶它.md,False,234,238,20,18,2,1,2
汇智,题-HZ-03-04-在某隔膜分隔的电化学反应器中.md,False,406,195,195,3,0,0,0
汇智,题-HZ-03-04-生物质催化转化是生产各种中间.md,False,540,793,265,2,3,3,3
汇智,题-HZ-03-05-Be的经典价态为2价其能够溶.md,False,394,32,32,5,8,2,8
汇智,题-HZ-03-05-在晶体学中典型晶体结构类型S.md,False,780,910,131,26,0,0,0
汇智,题-HZ-03-05-神经毒素I的原理是结合并抑制.md,False,459,535,89,33,2,1,2
汇智,题-HZ-03-06-含有苯环的底物的合成方法之一.md,False,245,316,86,5,7,2,7
汇智,题-HZ-03-06-工业上制备氢气的一种方法是于.md,False,174,254,98,26,0,0,0
汇智,题-HZ-03-06-麦克斯韦妖Maxwellsd.md,False,939,282,282,0,0,2,0
汇智,题-HZ-03-07-71若一个分子既无对称面又无.md,False,201,337,148,7,10,3,10
汇智,题-HZ-03-07-配体中至少含有一个氮分子的配.md,False,454,471,30,11,1,0,1
汇智,题-HZ-03-07-铁基费托催化剂物相组成复杂主.md,False,579,386,386,0,4,5,4
汇智,题-HZ-03-08-81卡宾曾被认为仅能作为不稳.md,False,655,684,59,3,9,5,9
汇智,题-HZ-03-08-81比较下列两种化合物发生C.md,False,241,331,104,20,24,15,24
汇智,题-HZ-03-08-81环戊烯的张力小于环戊烷的.md,False,334,286,274,0,4,9,4
汇智,题-HZ-03-09-1997年分离出的天然产物W.md,False,406,577,212,11,15,4,15
汇智,题-HZ-03-09-在一种高张力化合物的合成中研.md,True,178,208,43,7,2,2,2
汇智,题-HZ-03-09-金属催化有机化合物偶联反应在.md,False,401,189,189,0,17,6,17
汇智,题-HZ-03-10-常见卡宾分为三线态和单线态其.md,False,519,576,96,4,16,6,16
汇智,题-HZ-03-10-羰基是有机化合物中的重要发色.md,False,270,52,52,0,6,6,6
汇智,题-HZ-04-01-11干燥的HF与金属锗装入耐.md,False,328,352,34,24,0,0,0
汇智,题-HZ-04-01-含氟互卤化合物及其性质十分有.md,False,433,133,133,11,7,0,7
汇智,题-HZ-04-01-蓝晒工艺由英国科学家赫歇尔于.md,False,749,880,142,6,3,0,3
汇智,题-HZ-04-02-21氧化还原滴定法211肼可.md,False,420,536,123,30,2,0,2
汇智,题-HZ-04-02-环戊二烯基Cp配体因其可调性.md,False,563,468,468,44,8,2,8
汇智,题-HZ-04-02-金属硼化物的制备有还原法固相.md,False,566,676,123,6,1,0,1
汇智,题-HZ-04-03-31腈和异腈是有机化学中极其.md,False,451,662,222,7,10,3,10
汇智,题-HZ-04-03-分光光度法是一种重要的分析方.md,False,457,511,71,22,0,0,0
汇智,题-HZ-04-03-由一种单体进行的聚合叫做均聚.md,False,567,184,165,0,0,0,0
汇智,题-HZ-04-04-41石墨是碳热力学最稳定的同.md,False,444,425,41,14,9,2,9
汇智,题-HZ-04-04-在25circmathrmC.md,False,365,242,242,42,0,0,0
汇智,题-HZ-04-04-某新型荧光染料分子M在紫外光.md,False,538,610,92,50,0,0,0
汇智,题-HZ-04-05-临床研究表明某些细菌的致病性.md,False,480,590,123,29,1,1,1
汇智,题-HZ-04-05-化学中很多氧化反应与OATo.md,False,226,176,11,3,4,1,4
汇智,题-HZ-04-05-某地为了评价自来水水质拟采用.md,False,565,283,283,20,0,1,0
汇智,题-HZ-04-06-与一般的卤素不同At0一般以.md,False,326,129,121,30,0,0,0
汇智,题-HZ-04-06-元素组成相同的两种常见酸A和.md,False,276,479,209,26,0,0,0
汇智,题-HZ-04-06-能够对氮气进行还原功能化的均.md,False,412,503,114,24,3,1,3
汇智,题-HZ-04-07-71以下过程被称为Norri.md,False,311,418,117,11,16,7,16
汇智,题-HZ-04-07-71将下述化合物按照酸性排序.md,False,588,163,163,10,4,2,4
汇智,题-HZ-04-07-对题目71至75所提问题进行.md,False,220,404,202,6,7,3,7
汇智,题-HZ-04-08-81以下反应会得到2种含3个.md,False,247,279,43,3,15,4,15
汇智,题-HZ-04-08-下述反应通过二氟卡宾的极性反.md,False,178,40,40,1,5,3,5
汇智,题-HZ-04-08-有机化学中的脱水剂一般指能够.md,True,229,267,44,0,7,6,7
汇智,题-HZ-04-09-91给出下列转换的所有关键中.md,False,389,397,44,6,15,6,15
汇智,题-HZ-04-09-Ene反应也被叫做Alder.md,False,405,52,52,0,10,3,10
汇智,题-HZ-04-09-氮氧自由基是种类最为丰富的一.md,False,416,417,33,4,10,4,10
汇智,题-HZ-05-01-元素铋长久以来一直被认为是原.md,False,508,532,30,11,8,3,8
汇智,题-HZ-05-01-在第38届国初中命题者向我们.md,False,899,1019,133,24,2,1,2
汇智,题-HZ-05-01-电离能指的是将电子从气态原子.md,True,460,58,58,0,0,0,0
汇智,题-HZ-05-02-21对于有机化合物该课题组发.md,False,371,400,33,5,6,2,6
汇智,题-HZ-05-02-本题所涉及溶液均视为理想溶液.md,False,265,456,201,26,0,0,0
汇智,题-HZ-05-02-注本题所有结果均保留三位有效.md,True,634,58,58,0,0,0,0
汇智,题-HZ-05-03-31写出该反应的一个关键中间.md,False,299,230,131,2,6,6,6
汇智,题-HZ-05-03-31在一个抽空的容器中放有加.md,False,184,264,84,45,0,0,0
汇智,题-HZ-05-03-元素X在东西方都具有悠久的历.md,True,558,69,69,0,0,3,0
汇智,题-HZ-05-03-小明在做完铜的反应循环这一实.md,False,290,401,110,32,0,0,0
汇智,题-HZ-05-04-41请完成如下的三个反应生成.md,False,391,448,61,1,14,4,14
汇智,题-HZ-05-04-二元化合物X由金属元素M与卤.md,False,375,366,71,17,2,0,2
汇智,题-HZ-05-04-注为方便表示计算部分的离子浓.md,True,301,35,35,0,0,0,0
汇智,题-HZ-05-05-51某小组打算测定一份钛钒合.md,False,350,508,162,42,0,1,0
汇智,题-HZ-05-05-传统硫电池通常是基于有机电解.md,False,478,756,293,40,5,3,5
汇智,题-HZ-05-05-某印度的科研小组在分隔型电解.md,True,501,58,58,0,0,1,0
汇智,题-HZ-05-06-乙烯基叠氮化物是高度通用的合.md,False,209,235,30,3,16,4,16
汇智,题-HZ-05-06-小日一天闲来无事研究起了氯化.md,True,404,58,58,0,0,1,0
汇智,题-HZ-05-06-金属元素M在人类的科技史中扮.md,False,425,376,21,8,12,2,12
汇智,题-HZ-05-07-71羰基是有机反应中被讨论最.md,False,855,1292,465,15,32,21,32
汇智,题-HZ-05-07-71频哪醇重排是非常经典的反.md,True,297,74,74,0,0,6,0
汇智,题-HZ-05-07-炔烃是简单但重要的有机原料由.md,False,226,193,0,1,10,4,10
汇智,题-HZ-05-08-81电化学驱动下的扩环重排是.md,False,763,789,226,1,17,5,17
汇智,题-HZ-05-08-NorrishYang光环化.md,True,433,450,42,0,4,3,4
汇智,题-HZ-05-08-提示本题不要求酸碱基团的质子.md,True,582,74,74,0,0,4,0
汇智,题-HZ-05-09-33迁移具有悠久的历史最经典.md,True,304,74,74,0,0,3,0
汇智,题-HZ-05-09-自由基是一类高活性的中间体但.md,False,355,408,73,13,14,5,14
汇智,题-HZ-05-10-81828312分2分832.md,True,12,35,35,0,0,10,0
汇智,题-HZ-06-01-11众所周知石墨是C的最稳定.md,False,311,524,220,9,6,4,6
汇智,题-HZ-06-01-11在电解精炼金属产生的阳极.md,False,530,668,150,29,3,0,3
汇智,题-HZ-06-01-一氧化碳是一种非常稳定的分子.md,False,327,340,26,1,7,1,7
汇智,题-HZ-06-02-21键角是化学键的一个重要的.md,False,462,685,222,29,2,1,2
汇智,题-HZ-06-02-元素M是一种半导体材料它的单.md,False,214,388,185,13,11,1,11
汇智,题-HZ-06-02-元素X的来源之一是含X425.md,False,260,501,256,24,3,1,3
汇智,题-HZ-06-03-31使用NHC和以11反应可.md,True,207,35,35,0,0,1,0
汇智,题-HZ-06-03-一种由Ba蓝球深色球和Cu绿.md,False,205,278,75,6,2,3,2
汇智,题-HZ-06-03-二氧化碳的活化是一个可以将过.md,False,440,1568,1157,16,24,4,24
汇智,题-HZ-06-04-41在和的存在下MMA会发生.md,False,399,396,9,3,14,4,14
汇智,题-HZ-06-04-41荧光分子可由其前体经过处.md,True,599,70,70,0,0,6,0
汇智,题-HZ-06-04-如下图是一个主族二元化合物X.md,False,116,213,108,7,1,1,1
汇智,题-HZ-06-05-51能斯特方程的应用广泛其中.md,False,264,376,120,28,0,0,0
汇智,题-HZ-06-05-氨是最重要的化学产品之一其在.md,False,449,673,235,29,0,0,0
汇智,题-HZ-06-05-钒在水溶液中具有丰富的价态已.md,False,91,159,80,30,0,0,0
汇智,题-HZ-06-06-61各种不同基团取代的XcI.md,False,272,401,213,25,24,0,24
汇智,题-HZ-06-06-61电化学手段是分离一些金属.md,False,590,666,87,27,0,0,0
汇智,题-HZ-06-06-白磷是目前合成各种有机磷衍生.md,False,774,817,101,45,5,1,5
汇智,题-HZ-06-07-711给下列化合物的酸性从大.md,True,91,35,35,0,0,16,0
汇智,题-HZ-06-07-Robinson环化反应是有.md,False,235,293,83,8,13,4,13
汇智,题-HZ-06-07-氟是电负性最大的元素在有机化.md,False,286,377,102,1,8,4,8
汇智,题-HZ-06-08-81在和的作用下可以实现对有.md,False,295,358,105,2,17,5,17
汇智,题-HZ-06-08-不对称有机催化反应的相关研究.md,False,485,744,272,4,17,6,17
汇智,题-HZ-06-08-硫可以通过被氧化或亲核进攻等.md,False,312,453,143,1,7,3,7
汇智,题-HZ-06-09-91扩环反应的重要应用之一是.md,False,292,358,106,3,10,4,10
汇智,题-HZ-06-09-Nef反应是硝基烷烃钠盐在酸.md,False,364,376,21,11,10,3,10
汇智,题-HZ-07-01-11化合物A被称为超级氢化合.md,True,723,42,42,0,1,0,1
汇智,题-HZ-07-01-许多元素在古代由于优良的性质.md,False,626,667,57,25,0,0,0
汇智,题-HZ-07-01-鎓离子可以发生多种多样的反应.md,False,108,165,71,1,11,5,11
汇智,题-HZ-07-01-非金属元素X的一种氟化物A在.md,False,223,285,79,1,0,0,0
汇智,题-HZ-07-02-21半导体材料的制备1在惰性.md,False,751,514,100,59,0,0,0
汇智,题-HZ-07-02-Cupowder即铜粉书写时.md,False,121,161,47,0,4,1,4
汇智,题-HZ-07-02-体系存在两组气相可逆反应在本.md,False,325,702,432,29,0,0,0
汇智,题-HZ-07-02-北极大学的学生小明合成了配合.md,False,447,518,95,4,4,1,4
汇智,题-HZ-07-03-31写出关键中间体32写出关.md,True,27,63,42,0,5,3,5
汇智,题-HZ-07-03-极地高山等冰冻环境中多晶冰内.md,False,387,607,220,38,0,0,0
汇智,题-HZ-07-03-生物膜是细胞各个结构的重要组.md,False,611,651,47,29,0,0,0
汇智,题-HZ-07-03-第三周期元素NaCl的性质既.md,False,277,553,406,31,0,0,0
汇智,题-HZ-07-04-41著名的钙钛矿型晶体想必大.md,False,449,528,89,5,4,0,4
汇智,题-HZ-07-04-41表面活性剂是能够显著降低.md,False,713,1104,394,3,2,1,2
汇智,题-HZ-07-04-以芳香醛和1苯基乙12二醇为.md,True,253,283,42,0,7,3,7
汇智,题-HZ-07-04-聚酰胺尼龙是第一种实现商业化.md,False,599,694,101,11,4,2,4
汇智,题-HZ-07-05-51为碱金属与Se单质反应得.md,False,383,476,142,8,5,0,5
汇智,题-HZ-07-05-有机金属卤化物钙钛矿材料近几.md,False,366,456,101,18,1,1,1
汇智,题-HZ-07-05-自修复材料是一种受损后能够进.md,False,378,453,85,3,10,3,10
汇智,题-HZ-07-05-高价碘试剂因其反应条件温和环.md,True,348,306,42,0,7,8,7
汇智,题-HZ-07-06-61要鉴别乙醇异丙醇叔丁醇需.md,False,431,486,61,31,4,1,4
汇智,题-HZ-07-06-本题目将围绕着以下配体的反应.md,False,209,258,53,4,9,3,9
汇智,题-HZ-07-06-金属原子之间的无限键系统仍然.md,False,810,875,88,45,2,0,2
汇智,题-HZ-07-07-71邻近基因参与即邻基参与能.md,False,552,671,127,10,20,7,20
汇智,题-HZ-07-07-光化学反应一直是近年来研究的.md,False,331,332,19,8,7,5,7
汇智,题-HZ-07-07-小明最近在研究单体有机化合物.md,True,293,336,47,3,9,3,9
汇智,题-HZ-07-08-VilsmeierHaack.md,False,195,200,9,2,15,8,15
汇智,题-HZ-07-08-偶氮二异丁腈AIBN第7题中.md,False,393,467,80,2,7,3,7
汇智,题-HZ-07-08-随着有机氟化学的发展偕二氟环.md,False,453,445,31,1,9,3,9
汇智,题-HZ-07-09-苯炔benzene是一种由苯.md,True,222,241,42,0,10,6,10
汇智,题-HZ-07-09-近些年来自由基介导下双环11.md,False,408,481,86,6,10,2,10
汇智,题-HZ-08-01-卤族元素由于其较高的电负性和.md,False,288,304,41,22,0,0,0
汇智,题-HZ-08-01-铅及其化合物在工农业生产中用.md,False,346,497,185,83,0,0,0
汇智,题-HZ-08-02-天青石是锶最重要的矿石之一其.md,False,508,550,55,23,0,0,0
汇智,题-HZ-08-02-电位滴定法利用电极电位的突跃.md,False,398,525,137,34,0,0,0
汇智,题-HZ-08-03-31写出以下反应的化学方程式.md,False,415,447,33,37,8,1,8
汇智,题-HZ-08-03-过渡金属硼化物具有高熔点高硬.md,False,254,294,57,26,0,0,0
汇智,题-HZ-08-04-碲的电沉积制备半导体材料如C.md,False,612,516,76,28,2,2,2
汇智,题-HZ-08-04-苯乙烯Styrene是一种常.md,False,286,661,375,13,7,1,7
汇智,题-HZ-08-05-以下是某四方晶体沿a轴和c轴.md,False,277,308,51,6,3,2,3
汇智,题-HZ-08-05-火星大气中体积分数约为总大气.md,False,689,998,316,69,0,0,0
汇智,题-HZ-08-06-一种含有的普鲁士蓝其晶体结构.md,False,337,477,160,28,4,1,4
汇智,题-HZ-08-06-现有一种未知的橙红色化合物A.md,False,476,707,247,26,1,0,1
汇智,题-HZ-08-07-保护基是与化学选择性息息相关.md,False,757,908,160,6,6,4,6
汇智,题-HZ-08-07-氨基酸的化学反应主要指其羧基.md,False,469,492,46,4,18,7,18
汇智,题-HZ-08-08-81通过以下方法可以高效的合.md,False,253,270,27,1,7,3,7
汇智,题-HZ-08-08-金属氧化剂在有机化合物的氧化.md,False,642,713,83,2,12,6,12
汇智,题-HZ-08-09-不饱和酮的14加成是基础有机.md,False,582,699,127,14,12,5,12
汇智,题-HZ-08-09-该生物分子在2008年被分离.md,False,256,263,55,2,11,6,11
汇智,题-HZ-09-01-西直门位于北京内城西垣北侧旧.md,False,350,421,99,59,0,0,0
汇智,题-HZ-09-02-A是一种在上古时期就被人类发.md,False,383,657,234,13,1,0,1
汇智,题-HZ-09-03-X是一种很早以前就被人类发现.md,False,811,1347,558,54,2,1,2
汇智,题-HZ-09-04-在水中会发生溶剂解反应生成和.md,False,392,718,338,26,0,0,0
汇智,题-HZ-09-05-Cu可以与许多配体形成配合物.md,False,310,686,390,67,2,2,2
汇智,题-HZ-09-06-聚氯乙烯是全球应用最为广泛的.md,False,484,1577,1089,13,8,0,8
汇智,题-HZ-09-07-71请你比较DMFNN二甲基.md,True,232,35,35,0,0,4,0
汇智,题-HZ-09-08-81观察如下转化811已知产.md,False,488,745,285,7,22,6,22
汇智,题-HZ-10-01-铅Pb在中国古代也因烧炼后能.md,False,1616,1025,216,24,6,9,6
汇智,题-HZ-10-02-直接空气捕集DirectAi.md,True,656,35,35,0,0,0,0
汇智,题-HZ-10-03-磷氮化合物兼具分子型主族化学.md,True,672,48,48,0,0,1,0
汇智,题-HZ-10-04-2025年诺贝尔化学奖授予S.md,False,396,736,367,14,9,0,9
汇智,题-HZ-10-05-二氧化硫脲又称甲脒亚磺酸是一.md,False,590,661,156,44,0,0,0
汇智,题-HZ-10-06-化石能源中CH的活化是当前的.md,False,513,603,103,14,7,1,7
汇智,题-HZ-10-07-本题我们讨论含有环的有机化合.md,False,785,1509,711,32,8,0,8
汇智,题-HZ-10-08-81形式上具有3个H但本质是.md,False,414,439,54,7,9,3,9
汇智,题-HZ-10-09-硝基官能团是有机合成中极为重.md,False,646,675,64,2,12,5,12
汇智,题-HZ-11-01-锝Tc是放射性元素在核医学领.md,False,808,873,78,40,8,0,8
汇智,题-HZ-11-02-铝在地壳中储量巨大在各类生活.md,False,516,377,39,21,0,0,0
汇智,题-HZ-11-03-31回顾向固体中加入溶液在水.md,False,288,501,237,58,0,0,0
汇智,题-HZ-11-04-硫族元素主要包括SSeTe之.md,False,476,528,84,40,4,0,4
汇智,题-HZ-11-05-在晶体结构的研究中将晶胞拆分.md,False,724,805,145,38,5,2,5
汇智,题-HZ-11-06-糖类化合物在水溶液中有开链和.md,False,493,661,178,10,8,2,8
汇智,题-HZ-11-07-Wittig反应是工业上和实.md,False,564,739,188,14,3,2,3
汇智,题-HZ-11-08-杂环广泛存在于药物分子对药理.md,False,422,462,60,3,19,6,19
汇智,题-HZ-11-09-氧化还原反应是构建化学键的核.md,False,700,876,225,13,10,7,10
汇智,题-HZ-12-01-砷是人类最早认知和利用的元素.md,False,685,849,173,43,1,0,1
汇智,题-HZ-12-02-锂离子电池作为最重要的电化学.md,False,510,602,121,9,7,3,7
汇智,题-HZ-12-03-MN是两种常见的金属元素他们.md,False,610,675,80,7,2,2,2
汇智,题-HZ-12-04-铝作为地壳中含量最高的金属其.md,False,711,734,59,3,14,3,14
汇智,题-HZ-12-05-在电化学沉积领域中Cu与Zn.md,False,464,660,212,49,0,0,0
汇智,题-HZ-12-06-在学习原子结构时你或许囫囵吞.md,False,715,856,156,39,0,0,0
汇智,题-HZ-12-07-半饱和环化物兼具经典芳环相互.md,False,772,1051,293,21,16,6,16
汇智,题-HZ-12-08-饱和杂环是生物活性分子中的常.md,False,793,881,130,6,28,6,28
汇智,题-HZ-14-01-在药物设计中提高分子的三维立.md,True,328,68,68,0,0,1,0
汇智,题-HZ-14-02-在物理有机化学中构象偏好常常.md,True,256,68,68,0,0,3,0
汇智,题-HZ-14-03-高价碘试剂是有机反应常用的氧.md,True,292,68,68,0,0,8,0
汇智,题-HZ-14-04-苯炔是一种活泼的中间体在构建.md,True,138,68,68,0,0,4,0
汇智,题-HZ-14-05-51观察该反应给出合理的反应.md,True,179,68,68,0,0,5,0
汇智,题-HZ-14-06-Stevens重排是季铵盐或.md,True,285,68,68,0,0,7,0
汇智,题-HZ-14-07-生物活性分子中常含氮杂环结构.md,True,261,68,68,0,0,6,0
汇智,题-HZ-14-08-81Brnsted酸可介导1.md,True,205,68,68,0,0,4,0
汇智,题-HZ-14-09-91Mannich反应是典型.md,True,120,68,68,0,0,5,0
汇智,题-HZ-14-10-Axrightarrow2m.md,True,91,35,35,0,0,8,0
汇智,题-HZ-15-01-11对题目所提问题进行判断并.md,False,130,279,157,0,3,3,3
汇智,题-HZ-15-02-21比较下列物质在质子溶剂中.md,False,59,161,108,4,10,9,10
汇智,题-HZ-15-03-31若分别用氢氧化钠的醇溶液.md,False,209,416,211,2,10,11,10
汇智,题-HZ-15-04-香草提取物含约200种物质主.md,False,407,494,110,10,2,1,2
汇智,题-HZ-15-05-吲哚广泛存在于自然界骨架中含.md,False,198,225,40,2,11,3,11
汇智,题-HZ-15-06-环加成反应常用于高效构建复杂.md,False,337,400,74,5,16,5,16
汇智,题-HZ-15-07-自由基是一类高活性物种可以以.md,False,278,301,34,1,10,4,10
汇智,题-HZ-15-08-科学家们想在羰基的一侧进行乙.md,False,226,244,30,2,6,1,6
汇智,题-HZ-15-09-ene反应可以巧妙地构建分子.md,False,214,269,61,1,13,5,13
汇智,题-HZ-16-01-11溶解度是物质重要的物理性.md,False,446,606,174,20,24,22,24
汇智,题-HZ-16-02-羟基酮即在酮羰基的位存在羟基.md,False,233,266,40,2,19,6,19
汇智,题-HZ-16-03-31酚具有丰富的化学性质31.md,False,148,164,21,16,18,9,18
汇智,题-HZ-16-04-甲酰化反应是有机化学中向分子.md,False,273,285,27,1,13,4,13
汇智,题-HZ-16-05-香豆素是一类苯环与吡喃酮环稠.md,False,274,277,18,0,16,3,16
汇智,题-HZ-16-06-DMP即DessMartin.md,False,232,305,77,1,16,4,16
汇智,题-HZ-16-07-硼因其独特的电子结构在有机合.md,False,373,469,108,12,14,7,14
汇智,题-HZ-16-08-骨架编辑是指通过对分子骨架中.md,False,469,521,64,4,22,9,22
汇智,题-HZ-16-09-分子光开关是一类可以通过特定.md,False,437,464,38,1,22,12,22
汇智,题-HZ-16-10-碳正离子是有机化学中最关键的.md,False,244,292,56,1,15,6,15
汇智,题-HZ-34-01-11在电解精炼金属产生的阳极.md,True,531,59,59,0,0,1,0
汇智,题-HZ-34-02-21键角是化学键的一个重要的.md,True,822,75,75,0,0,8,0
汇智,题-HZ-34-03-二氧化碳的活化是一个可以将过.md,True,533,75,75,0,0,9,0
汇智,题-HZ-34-04-41荧光分子可由其前体经过处.md,True,680,75,75,0,0,8,0
汇智,题-HZ-34-05-氨是最重要的化学产品之一其在.md,True,449,59,59,0,0,1,0
汇智,题-HZ-34-06-61电化学手段是分离一些金属.md,True,623,59,59,0,0,0,0
汇智,题-HZ-34-07-氟是电负性最大的元素在有机化.md,True,349,75,75,0,0,4,0
汇智,题-HZ-34-08-硫可以通过被氧化或亲核进攻等.md,True,383,75,75,0,0,4,0
汇智,题-HZ-34-09-91扩环反应的重要应用之一是.md,True,254,75,75,0,0,5,0
汇智,题-HZ-35-01-在药物设计中提高分子的三维立.md,False,325,7,7,0,1,3,1
汇智,题-HZ-35-02-在物理有机化学中构象偏好常常.md,False,246,59,59,0,3,3,3
汇智,题-HZ-35-03-高价碘试剂是有机反应常用的氧.md,True,292,62,62,0,0,5,0
汇智,题-HZ-35-04-苯炔是一种活泼的中间体在构建.md,True,138,48,48,0,0,3,0
汇智,题-HZ-35-05-有机化学初赛模拟卷14ima.md,False,179,200,200,0,9,4,9
汇智,题-HZ-35-06-Stevens重排是季铵盐或.md,True,283,62,62,0,0,5,0
汇智,题-HZ-35-07-生物活性分子中常含氮杂环结构.md,True,250,62,62,0,0,5,0
汇智,题-HZ-35-08-81Bronsted酸可介导.md,True,205,62,62,0,0,3,0
汇智,题-HZ-35-09-91Mannich反应是典型.md,True,120,62,62,0,0,3,0
汇智,题-HZ-35-10-ComplanadineA的.md,False,87,10,10,0,0,1,0
汇智,题-HZ-37-01-从古代炼丹术的神火到拉瓦锡的.md,False,902,883,17,19,1,0,1
汇智,题-HZ-37-02-非过渡金属M为一种灰白色的金.md,False,593,663,75,10,3,1,3
汇智,题-HZ-37-03-氮和氟都是高电负性的元素其形.md,False,412,525,119,25,0,0,0
汇智,题-HZ-37-04-2011年3月11日日本东北.md,False,493,618,137,17,0,0,0
汇智,题-HZ-37-05-20世纪70年代可充电锂离子.md,False,519,590,82,9,2,1,2
汇智,题-HZ-37-06-2024年5月8日我国第三艘.md,False,987,1815,808,60,6,0,6
汇智,题-HZ-37-07-逆配合物inversecoo.md,True,550,35,35,0,0,1,0
汇智,题-HZ-37-08-M是一种常见金属常温下晶体为.md,False,386,494,128,30,0,0,0
汇智,题-HZ-37-09-91关于晶格能下列说法正确的.md,False,327,321,64,29,1,0,1
汇智,题-HZ-38-01-多碘阴离子是碘元素的特征阴离.md,False,515,566,87,30,6,0,6
汇智,题-HZ-38-02-21Nature报道了某同素.md,False,409,553,152,26,7,0,7
汇智,题-HZ-38-03-高能材料即烟火推进剂和炸药的.md,False,869,1082,258,3,13,7,13
汇智,题-HZ-38-04-411仅占3分试根据欧拉定理.md,False,181,445,249,22,2,1,2
汇智,题-HZ-38-05-含有Se和Tl元素的离子结构.md,False,213,260,53,14,5,0,5
汇智,题-HZ-38-06-金属Mg是中学化学就已涉及到.md,False,618,848,245,20,4,2,4
汇智,题-HZ-38-07-阴离子配体环戊二烯阴离子自二.md,False,330,434,149,20,7,2,7
汇智,题-HZ-38-08-的晶胞参数为.md,False,292,469,209,8,3,3,3
汇智,题-HZ-64-01-11在电解精炼金属产生的阳极.md,True,535,70,70,0,0,0,0
汇智,题-HZ-64-02-21键角是化学键的一个重要的.md,True,897,70,70,0,0,11,0
汇智,题-HZ-64-03-二氧化碳的活化是一个可以将过.md,True,526,70,70,0,0,8,0
汇智,题-HZ-64-04-41荧光分子可由其前体经过处.md,True,698,70,70,0,0,7,0
汇智,题-HZ-64-05-氨是最重要的化学产品之一其在.md,True,419,59,59,0,0,0,0
汇智,题-HZ-64-06-61电化学手段是分离一些金属.md,True,606,59,59,0,0,4,0
汇智,题-HZ-64-07-mathrm光催化fracm.md,True,381,70,70,0,0,8,0
汇智,题-HZ-64-08-硫可以通过被氧化或亲核进攻等.md,True,393,70,70,0,0,6,0
汇智,题-HZ-64-09-91扩环反应的重要应用之一是.md,True,260,70,70,0,0,8,0
清北营,题-QBY-01-01-元素X的化学性质较为惰性即使.md,False,299,461,168,10,1,0,1
清北营,题-QBY-01-01-在下水的初始温度为大气温度恒.md,False,73,128,60,21,0,0,0
清北营,题-QBY-01-01-在元素周期表上位于同一列的元.md,False,223,266,56,4,0,0,0
清北营,题-QBY-01-01-金属M在化学史上扮演过及其重.md,False,424,468,50,10,0,0,0
清北营,题-QBY-01-02-在元素周期表中大多数金属元素.md,False,321,363,55,7,0,0,0
清北营,题-QBY-01-02-在手套箱中将为五甲基环戊二烯.md,False,442,551,105,26,6,1,6
清北营,题-QBY-01-02-用碘量法测定某电镀液中浓度取.md,False,395,431,42,31,1,0,1
清北营,题-QBY-01-02-由氮气与氮气所组成的混合气体.md,False,93,97,10,18,0,0,0
清北营,题-QBY-01-03-31将01387mol的纯硫.md,False,233,351,135,14,0,0,0
清北营,题-QBY-01-03-一种测量气体热容比的方法如图.md,False,206,256,56,21,3,1,3
清北营,题-QBY-01-03-在29815K与31815K.md,False,369,457,93,52,2,0,2
清北营,题-QBY-01-03-在一定温度下金属氢化物可与氢.md,False,369,469,106,44,0,0,0
清北营,题-QBY-01-04-在Ar气气氛下将Bi以一定比.md,False,380,527,156,6,2,0,2
清北营,题-QBY-01-04-声音靠介质的弹性传播牛顿Ne.md,False,213,250,43,38,0,0,0
清北营,题-QBY-01-04-某河段出现鱼类上浮现象为测定.md,False,407,487,92,36,0,0,0
清北营,题-QBY-01-04-氧化还原滴定作为分析化学中最.md,False,486,640,155,26,1,0,1
清北营,题-QBY-01-05-叠氮化氢是一种危险性极大的化.md,False,385,584,214,60,2,1,2
清北营,题-QBY-01-05-某混合氧化物晶体在高压下合成.md,False,203,342,140,3,2,1,2
清北营,题-QBY-01-05-某高价金属的膦基配合物最近被.md,False,371,534,190,15,6,1,6
清北营,题-QBY-01-05-鸟粪石是一种矿石亦称鸟兽积粪.md,False,227,619,408,9,4,2,4
清北营,题-QBY-01-06-61众所周知水星的英文名和某.md,False,613,856,239,59,1,2,1
清北营,题-QBY-01-06-61如下为铀系元素的部分衰变.md,False,722,990,274,65,0,1,0
清北营,题-QBY-01-06-放射性癌症治疗的历史源远流长.md,False,1045,1207,173,46,9,5,9
清北营,题-QBY-01-06-某类有机发光小分子可以可逆形.md,False,705,826,126,6,4,1,4
清北营,题-QBY-01-07-丁腈橡胶是一种合成橡胶耐油性.md,False,409,558,132,0,5,3,5
清北营,题-QBY-01-07-使在135三甲苯中回流可以发.md,False,880,1006,293,10,3,2,3
清北营,题-QBY-01-07-光合作用是个复杂的过程在人们.md,False,1169,1349,204,62,5,6,5
清北营,题-QBY-01-07-吡啶pyridinc是最简单.md,False,177,223,57,2,10,7,10
清北营,题-QBY-01-08-在核废料处理或放射性示踪实验.md,False,437,560,125,56,4,0,4
清北营,题-QBY-01-08-氮杂芳烃具有电子特性复杂且存.md,False,232,226,0,2,5,3,5
清北营,题-QBY-01-08-累积二烯结构具有较高的反应活.md,False,210,724,512,6,23,6,23
清北营,题-QBY-01-08-近日南方科技大学理学院化学系.md,False,413,455,49,29,14,6,14
清北营,题-QBY-01-09-四氢大麻酚Tetrahydr.md,False,112,117,51,2,10,1,10
清北营,题-QBY-01-09-有机碘试剂具有较强的反应活性.md,False,274,308,40,1,11,3,11
清北营,题-QBY-01-09-随着不断开采和使用化石资源储.md,False,452,123,123,1,8,7,8
清北营,题-QBY-01-10-DhilirolideU是一.md,False,377,891,530,0,22,4,22
清北营,题-QBY-01-10-illisimoninA是一.md,False,325,574,253,2,7,2,7
清北营,题-QBY-02-01-11对一种含有Ag的盐X在热.md,False,373,535,166,31,3,1,3
清北营,题-QBY-02-01-11欧洲中世纪炼金术士坚信哲.md,False,1144,1311,177,17,2,0,2
清北营,题-QBY-02-01-一密封活塞中充满了液体水液体.md,False,152,206,52,17,0,0,0
清北营,题-QBY-02-01-金属X燃烧时生成挥发性最高价.md,False,557,639,94,16,3,1,3
清北营,题-QBY-02-02-已知的请完成下列问题211请.md,False,258,475,232,33,1,0,1
清北营,题-QBY-02-02-易拉罐装可口可乐怡泉无糖苏打.md,False,148,154,12,30,0,0,0
清北营,题-QBY-02-02-近日南开大学的一课题组基于碳.md,False,484,473,0,13,10,4,10
清北营,题-QBY-02-02-近日西安交通大学的一课题组合.md,False,441,424,0,3,9,1,9
清北营,题-QBY-02-03-2025年来自中国的两个课题.md,False,862,1257,409,1,3,1,3
清北营,题-QBY-02-03-为确定岩石的年龄人们使用地质.md,False,612,817,218,42,0,1,0
清北营,题-QBY-02-03-钌作为磁记录材料硬盘HDD和.md,False,607,1044,455,9,0,0,0
清北营,题-QBY-02-03-铝热反应是常见的能获得极高温.md,False,141,182,47,31,5,0,5
清北营,题-QBY-02-04-41荧光探针分子ProMZ的.md,False,284,556,276,36,1,2,1
清北营,题-QBY-02-04-下图为实验室制备12二溴乙烷.md,False,439,545,119,10,1,0,1
清北营,题-QBY-02-04-近些年来有关主族金属金属键以.md,False,638,662,34,14,5,2,5
清北营,题-QBY-02-04-通过已知电极测定未知电极的标.md,False,510,567,71,61,0,0,0
清北营,题-QBY-02-05-51如下是一个化合物的晶胞沿.md,False,367,243,49,4,1,1,1
清北营,题-QBY-02-05-下图是某种物质的其中一种晶型.md,False,296,382,99,15,1,1,1
清北营,题-QBY-02-05-本题记丙酮为A二氯甲烷为B在.md,False,285,348,69,39,0,0,0
清北营,题-QBY-02-05-近日某课题组通过光驱动分子内.md,False,463,456,11,8,15,8,15
清北营,题-QBY-02-06-固态物质的蒸气压是难以测量的.md,False,485,426,2,35,0,2,0
清北营,题-QBY-02-06-在等温等压下一个自发过程可以.md,False,576,648,78,31,2,1,2
清北营,题-QBY-02-06-如下是一种金属含氧酸盐的晶体.md,False,383,454,72,22,1,1,1
清北营,题-QBY-02-06-对于亲核取代反应Basolo.md,False,468,487,34,56,1,0,1
清北营,题-QBY-02-07-12二嗪作为有机反应中较为少.md,False,523,597,83,2,8,4,8
清北营,题-QBY-02-07-71Smiles重排作为一常.md,False,217,255,52,2,6,4,6
清北营,题-QBY-02-07-71选出下列两个选项中酸性更.md,False,144,384,238,0,5,4,5
清北营,题-QBY-02-07-本题中的故事是虚构的Gilb.md,False,973,1298,313,22,1,2,1
清北营,题-QBY-02-08-812009年BioMM报道.md,False,340,43,43,0,2,5,2
清北营,题-QBY-02-08-在时盐酸溶液上的气体的压力为.md,False,50,55,10,12,1,0,1
清北营,题-QBY-02-08-将羧基快捷高产率地转化为氰基.md,False,568,596,40,20,11,3,11
清北营,题-QBY-02-08-苯并氮硼烷作为萘的等电子体通.md,False,388,432,60,3,6,4,6
清北营,题-QBY-02-09-细菌耐药性已成为21世纪全球.md,False,293,279,25,2,0,3,0
清北营,题-QBY-02-09-近日浙江理工大学化学系的一课.md,False,364,336,15,1,11,4,11
清北营,题-QBY-02-09-闪式真空热解FVP是一种在真.md,False,592,645,65,8,9,4,9
清北营,题-QBY-03-01-11按要求书写下列反应方程式.md,False,251,546,298,0,0,0,0
清北营,题-QBY-03-01-11某非金属元素A的白色挥发.md,False,295,364,86,18,2,4,2
清北营,题-QBY-03-01-11用浓硝酸与氢氟酸的混合溶.md,False,179,191,22,15,0,0,0
清北营,题-QBY-03-02-从富硼化合物的合成开始在晶体.md,False,530,753,250,21,1,1,1
清北营,题-QBY-03-02-以吡啶为代表的芳香族含氮杂环.md,False,1073,1304,198,12,20,6,20
清北营,题-QBY-03-02-盐A含有结晶水是一种重要的工.md,False,384,623,243,13,6,2,6
清北营,题-QBY-03-03-在下用邻菲罗啉phen光度法.md,False,687,580,98,39,0,0,0
清北营,题-QBY-03-03-有机合成中叠氮化物有重要运用.md,False,442,614,185,24,2,1,2
清北营,题-QBY-03-03-某化合物含ABO三种元素属于.md,False,262,936,671,51,0,0,0
清北营,题-QBY-03-04-某冶炼厂的含硫尾气经干燥除尘.md,False,252,368,117,27,0,0,0
清北营,题-QBY-03-04-稳定的pH对生物体正常生理反.md,False,454,465,377,18,5,0,5
清北营,题-QBY-03-04-锝是原子序数最少的没有稳定同.md,False,631,769,154,30,3,0,3
清北营,题-QBY-03-05-1901年FritzUllm.md,False,1391,1738,334,77,15,5,15
清北营,题-QBY-03-05-我们都知道Mg这一碱土金属典.md,False,286,293,16,20,8,1,8
清北营,题-QBY-03-05-碳酸氢钙是一种非常常见的化学.md,False,622,782,180,25,1,1,1
清北营,题-QBY-03-06-Pu有一种奇怪的特性在水溶液.md,False,171,301,141,42,0,0,0
清北营,题-QBY-03-06-共价有机框架Covalent.md,False,383,595,219,17,1,1,1
清北营,题-QBY-03-06-自由基反应长期以来被视为高度.md,False,663,868,215,19,15,3,15
清北营,题-QBY-03-07-取和溶于在通入氮气的情况下与.md,False,343,583,244,12,4,2,4
清北营,题-QBY-03-07-在250mL烧杯中放置711.md,False,452,584,222,4,1,0,1
清北营,题-QBY-03-07-碳负离子在有机化学中的重要性.md,False,415,1172,770,26,16,3,16
清北营,题-QBY-03-08-早在1909年烯烃被发现在过.md,False,433,381,50,4,4,7,4
清北营,题-QBY-03-08-是一个经典而优秀的自由基还原.md,False,193,224,38,7,4,3,4
清北营,题-QBY-03-08-本题不要求立体化学有关化合物.md,False,674,143,91,6,7,4,7
清北营,题-QBY-03-09-Ineleganolide最.md,False,430,618,191,22,14,0,14
清北营,题-QBY-03-09-近些年来11二氟环丙烷类化合.md,False,290,396,119,1,17,5,17
清北营,题-QBY-03-10-Nazarov环化是一个经典.md,False,252,344,109,7,13,4,13
清北营,题-QBY-03-10-Prins反应早在100年前.md,False,232,316,113,4,9,3,9
清北营,题-QBY-04-01-11ATGC是一类较强的分子.md,False,395,43,43,0,2,6,2
清北营,题-QBY-04-01-元素X被20世纪科普作家JE.md,False,968,1171,222,16,0,0,0
清北营,题-QBY-04-01-烟花云幕重榴艳朝景侵夜空中的.md,False,411,495,107,4,3,0,3
清北营,题-QBY-04-02-21有一种型晶体的一种形式含.md,False,250,368,123,21,0,0,0
清北营,题-QBY-04-02-NaCl是一种及其常见的化合.md,False,481,605,131,58,3,2,3
清北营,题-QBY-04-02-分子笼在手性催化分子识别等方.md,False,752,2041,1192,13,13,2,13
清北营,题-QBY-04-03-常见金属互化物为体心立方点阵.md,False,1058,1372,371,54,3,2,3
清北营,题-QBY-04-03-氧化还原滴定作为分析化学中最.md,True,439,43,43,0,0,0,0
清北营,题-QBY-04-03-银离子可以与氯离子反应生成沉.md,False,295,294,1,32,0,0,0
清北营,题-QBY-04-04-氢原子通过多中心键可以获得2.md,False,411,900,503,10,6,1,6
清北营,题-QBY-04-04-过渡金属元素M因其化合物多彩.md,False,751,921,206,73,4,1,4
清北营,题-QBY-04-04-近年研究人员发展了基于金属有.md,False,407,500,105,25,3,1,3
清北营,题-QBY-04-05-51关于单质氟的制备最初是通.md,False,348,672,331,10,3,2,3
清北营,题-QBY-04-05-二茂铁具有芳香性可发生Fri.md,False,281,330,237,4,2,0,2
清北营,题-QBY-04-05-在本题中你可能需要以下数据本.md,False,105,165,72,25,0,0,0
清北营,题-QBY-04-06-如下是一种立方晶系的三元化合.md,False,271,570,340,8,21,3,21
清北营,题-QBY-04-06-由于含AlTe键的化合物容易.md,False,324,364,52,12,9,2,9
清北营,题-QBY-04-06-近期何军教授团队研究了一对异.md,False,551,679,134,51,11,2,11
清北营,题-QBY-04-07-71画出以下两个分子的优势构.md,True,124,35,35,0,0,11,0
清北营,题-QBY-04-07-71请根据原子电负性以及轨道.md,False,201,291,99,16,0,0,0
清北营,题-QBY-04-07-卡本是指中心碳原子为0价且带.md,False,738,662,17,13,11,2,11
清北营,题-QBY-04-08-81选出下列反应中有碳正离子.md,False,213,43,43,0,2,15,2
清北营,题-QBY-04-08-近日王平山教授团队创新性提出.md,False,557,704,165,16,8,7,8
清北营,题-QBY-04-08-近日美国的一课题组开发了一种.md,False,337,352,33,4,5,3,5
清北营,题-QBY-04-09-常见的Nazarov反应往往.md,False,366,398,38,5,26,4,26
清北营,题-QBY-04-09-近日国科大杭高院的某团队开发.md,False,605,664,102,10,11,5,11
清北营,题-QBY-04-10-alstrostineG是一.md,False,191,185,48,1,9,1,9
清北营,题-QBY-05-01-以下是pH0时V的Latim.md,False,199,190,0,33,1,1,1
清北营,题-QBY-05-01-在一个普普又通通的星期二上午.md,False,911,1131,225,20,3,2,3
清北营,题-QBY-05-01-金属M是一种具有魔力的金属相.md,False,443,606,168,5,1,0,1
清北营,题-QBY-05-02-1824年SadiCarno.md,False,751,1116,362,68,4,3,4
清北营,题-QBY-05-02-近日我国科学家合成了一些单核.md,False,371,372,10,9,5,2,5
清北营,题-QBY-05-02-镅Am是一种超铀元素也是一种.md,False,344,385,65,19,3,1,3
清北营,题-QBY-05-03-半导体的能带分为上下两层下层.md,False,540,562,51,22,1,0,1
清北营,题-QBY-05-03-最近一种简单卤化物能溶解多种.md,False,418,562,154,22,8,0,8
清北营,题-QBY-05-03-某钠离子电池电解液碳酸酯体系.md,False,368,420,57,37,0,1,0
清北营,题-QBY-05-04-2025年11月4日Para.md,False,287,85,67,19,1,0,1
清北营,题-QBY-05-04-某固体氧化物电解池SOEC共.md,False,311,342,36,57,2,2,2
清北营,题-QBY-05-04-热电转换是将热能转化为电能的.md,False,622,704,77,14,5,8,5
清北营,题-QBY-05-05-20世纪下半叶研究人员发现具.md,False,402,399,6,17,1,0,1
清北营,题-QBY-05-05-51众所周知CH基团一般可以.md,False,316,424,105,10,3,2,3
清北营,题-QBY-05-05-源自p区元素的主族羰基类似物.md,False,437,541,128,2,7,7,7
清北营,题-QBY-05-06-61铂矿石中伴生PtPdAu.md,False,596,674,54,25,6,2,6
清北营,题-QBY-05-06-我们来分析影响二元酸含2个等.md,False,529,543,22,52,0,0,0
清北营,题-QBY-05-06-铁弹性是指晶体中应变与应力呈.md,False,402,616,213,15,2,2,2
清北营,题-QBY-05-07-人们热衷于寻找具有不同性质的.md,False,211,300,100,2,5,2,5
清北营,题-QBY-05-07-滑环凝胶是一类拓扑交联的聚合.md,False,591,768,214,1,6,5,6
清北营,题-QBY-05-07-阿伏伽德罗提出的分子论是物质.md,False,641,756,131,19,1,2,1
清北营,题-QBY-05-08-与仲醇叔醇的脱水反应相比伯醇.md,False,376,373,8,13,6,4,6
清北营,题-QBY-05-08-俄罗斯唯一的诺贝尔化学奖授予.md,False,468,501,43,23,5,1,5
清北营,题-QBY-05-08-在有机反应中构造一个羰基位负.md,False,248,291,46,2,4,2,4
清北营,题-QBY-05-09-二氧化氮的二聚反应是化学平衡.md,False,362,615,252,40,1,1,1
清北营,题-QBY-05-09-吡咯并12喹喔啉骨架作为一种.md,False,436,378,112,0,8,5,8
清北营,题-QBY-05-09-在20世纪末和21世纪初呋喃.md,False,759,663,63,4,14,6,14
清北营,题-QBY-05-10-河豚毒素是一种致命的生物碱对.md,False,510,616,327,2,7,4,7
清北营,题-QBY-06-01-11请判断下列有机物中是否具.md,False,132,293,165,3,26,7,26
清北营,题-QBY-06-01-硫氧阴离子以硫酸根为首是人尽.md,False,565,676,117,12,5,1,5
清北营,题-QBY-06-02-典型的Nazarov环化如下.md,True,633,669,42,2,7,8,7
清北营,题-QBY-06-02-聚甲基丙烯酸甲酯PMMA是一.md,False,865,1023,191,2,2,1,2
清北营,题-QBY-06-03-ene反应作为一种相对隐蔽的.md,False,255,366,193,1,9,4,9
清北营,题-QBY-06-03-某新型多孔框架材料MAF7可.md,False,363,446,93,51,0,0,0
清北营,题-QBY-06-04-某实验室拟测定一废旧锂离子电.md,False,478,646,182,53,1,0,1
清北营,题-QBY-06-04-足球烯Fullerene是一.md,False,684,913,308,16,16,3,16
清北营,题-QBY-06-05-CS键在各种天然产物药物农用.md,False,614,633,23,3,8,3,8
清北营,题-QBY-06-05-晶体X和Y由金属元素ABC和.md,False,201,235,72,14,8,10,8
清北营,题-QBY-06-06-相比于钯铑和铱催化剂而言铂和.md,False,787,809,26,8,6,6,6
清北营,题-QBY-06-06-靶向药物由三个部分构成设计靶.md,False,598,43,43,0,2,5,2
清北营,题-QBY-06-07-PartI碘试剂的制备与基础.md,False,934,948,30,3,10,9,10
清北营,题-QBY-06-07-配合物A是Re的配合物具有四.md,False,391,735,348,7,5,1,5
清北营,题-QBY-06-08-81一种常见的将芳基基团上的.md,False,482,556,70,7,19,7,19
清北营,题-QBY-06-08-现代有机合成致力于开发能构建.md,False,430,43,43,0,2,3,2
清北营,题-QBY-06-09-91在2025年的一篇工作中.md,False,415,394,35,1,12,6,12
清北营,题-QBY-06-09-巨大戟烷是一种从大戟属植物中.md,False,241,241,5,0,4,2,4
清北营,题-QBY-06-10-阿枯米灵家族的化合物常具有二.md,False,255,338,135,1,9,2,9
清北营,题-QBY-07-01-23重排是一类重要的周环反应.md,False,405,433,34,6,14,3,14
清北营,题-QBY-07-01-银自古被誉为月亮金属其温润而.md,False,1229,1489,269,46,1,0,1
清北营,题-QBY-07-02-芳香性是有机化学中的重要性质.md,False,583,828,268,7,8,13,8
清北营,题-QBY-07-02-金单质通常称为黄金常用作货币.md,False,776,1373,648,26,3,3,3
清北营,题-QBY-07-03-31金银单质都有绚丽的颜色3.md,False,646,452,32,33,0,0,0
清北营,题-QBY-07-03-托品酮是莨菪烷类生物碱家族中.md,False,483,837,366,12,3,3,3
清北营,题-QBY-07-04-Birch还原是合成非共轭烯.md,False,588,590,13,0,15,7,15
清北营,题-QBY-07-04-在双键化合物的制备思路中采用.md,False,323,704,392,11,8,6,8
清北营,题-QBY-07-05-51在第39届中国化学奥林匹.md,False,194,111,30,8,10,2,10
清北营,题-QBY-07-05-氟原子取代基是药物合成中非常.md,False,507,496,0,3,13,8,13
清北营,题-QBY-07-06-2024年XuQ等人报道了一.md,False,378,423,55,0,10,6,10
清北营,题-QBY-07-06-氢有可能成为21世纪的主要能.md,False,140,195,69,22,1,0,1
清北营,题-QBY-07-07-71将以下物质按从小到大排序.md,False,84,272,198,4,21,0,21
清北营,题-QBY-07-07-三羧酸循环是人体内重要的供能.md,False,601,676,78,12,3,2,3
清北营,题-QBY-07-08-在20世纪末和21世纪初呋喃.md,False,524,598,178,3,18,3,18
清北营,题-QBY-07-08-环加成反应是最有效的化学过程.md,False,758,812,62,7,14,4,14
清北营,题-QBY-07-09-生物碱是一类重要的天然产物它.md,False,694,764,113,1,12,6,12
清北营,题-QBY-08-01-11在下热分解产物中仅有一种.md,False,224,157,0,12,5,0,5
清北营,题-QBY-08-01-含元素X的矿石与NaCl混合.md,False,256,244,4,15,4,0,4
清北营,题-QBY-08-02-21将01mol金属硫化物M.md,False,215,253,42,41,0,0,0
清北营,题-QBY-08-02-在刚刚入门化学的时候我们就知.md,False,344,615,293,70,2,1,2
清北营,题-QBY-08-03-31M是一种经典的配合物中心.md,False,613,935,342,24,10,3,10
清北营,题-QBY-08-03-在春季班试题中我们研究了co.md,False,282,338,82,4,5,2,5
清北营,题-QBY-08-04-全钒液流电池是以金属钒离子为.md,False,694,937,261,48,2,2,2
清北营,题-QBY-08-04-将钾与红磷置于长20厘米的密.md,False,149,264,123,16,5,3,5
清北营,题-QBY-08-05-多锑配体络合物因其高光敏性和.md,False,301,369,73,10,5,3,5
清北营,题-QBY-08-05-纳米是常用光催化材料其可在特.md,False,414,650,234,9,0,0,0
清北营,题-QBY-08-06-611堆积层永远是晶体结构问.md,False,554,797,240,11,9,2,9
清北营,题-QBY-08-06-对高分子反应规律的探寻具有重.md,False,634,664,36,67,0,0,0
清北营,题-QBY-08-07-将金属锶与按照一定比例混合之.md,False,248,435,176,35,2,1,2
清北营,题-QBY-08-07-自由基重排反应往往被认为是一.md,False,410,1114,712,12,22,4,22
清北营,题-QBY-08-08-1975年一位印度籍的研究生.md,False,452,757,313,1,10,2,10
清北营,题-QBY-08-08-广义的超共轭效应在有机化学中.md,False,235,418,189,4,14,11,14
清北营,题-QBY-08-09-含硼有机化合物在有机化学中常.md,False,593,728,146,8,19,8,19
清北营,题-QBY-08-09-闪蒸真空热解FVPFlash.md,False,251,498,306,0,17,6,17
清北营,题-QBY-08-10-醛类化合物在有机合成中有重要.md,True,517,43,43,0,0,5,0
清北营,题-QBY-09-01-早在5500年前古埃及人就知.md,False,798,939,149,0,5,0,5
清北营,题-QBY-09-01-烟花云幕重榴艳朝景俊夜空中的.md,False,1255,1609,375,23,1,1,1
清北营,题-QBY-09-02-在钼弹筒中令Ti与计量的Ti.md,False,972,1139,175,32,9,3,9
清北营,题-QBY-09-02-金属有机框架MOF的合成主要.md,False,758,835,81,0,5,1,5
清北营,题-QBY-09-03-下图所示配体是一个四齿配体现.md,False,298,571,279,25,3,1,3
清北营,题-QBY-09-03-物质存在固体液体气体三种状态.md,False,1096,43,43,0,2,11,2
清北营,题-QBY-09-04-含磷杂环因其独特的空间结构和.md,False,444,43,43,0,2,1,2
清北营,题-QBY-09-04-在如下多齿氮磷配体的螯合作用.md,False,819,970,239,20,15,4,15
清北营,题-QBY-09-05-51在酸碱滴定操作中下列仪器.md,False,299,326,37,0,0,3,0
清北营,题-QBY-09-05-某二元化合物的晶体为立方晶系.md,False,247,616,375,14,3,2,3
清北营,题-QBY-09-06-分子变色龙是一类可以根据环境.md,False,624,729,118,0,4,7,4
清北营,题-QBY-09-06-月球地质I月球矿物化学随着人.md,False,678,772,319,14,5,4,5
清北营,题-QBY-09-07-Fentanyl及其衍生物正.md,False,377,43,43,0,2,3,2
清北营,题-QBY-09-07-使用简单分子和人工分子组装模.md,False,406,1062,824,24,8,4,8
清北营,题-QBY-09-08-1885年AdolfvonB.md,False,469,509,51,0,2,4,2
清北营,题-QBY-09-09-研究人员近期合成了一种C20.md,False,505,551,58,0,3,6,3
清北营,题-QBY-10-01-11298K下在一弹式热量计.md,False,304,565,261,44,0,0,0
清北营,题-QBY-10-01-金属元素X在电子工业中具有重.md,False,411,410,18,3,0,0,0
清北营,题-QBY-10-02-准确称取05055g奶粉置于.md,False,452,470,38,14,1,1,1
清北营,题-QBY-10-02-单原子催化剂SACs为具有催.md,False,428,495,77,33,6,3,6
清北营,题-QBY-10-03-2025年的诺贝尔化学奖颁给.md,False,943,1230,300,51,3,1,3
清北营,题-QBY-10-03-月球地质II但是仅仅是元素相.md,False,279,285,12,37,3,0,3
清北营,题-QBY-10-04-烟花云幕重榴艳朝景侵夜空中的.md,False,832,959,138,92,1,1,1
清北营,题-QBY-10-04-超分子自组装在化学生物与材料.md,False,1117,1348,241,34,8,5,8
清北营,题-QBY-10-05-氧气的氧化还原反应是生命过程.md,False,1043,1087,58,54,4,3,4
清北营,题-QBY-10-05-的结构常被称为六方钙钛矿其结.md,False,364,390,30,9,6,2,6
清北营,题-QBY-10-06-在化学动力学中对于R与P间的.md,False,666,877,243,86,3,2,3
清北营,题-QBY-10-06-磷宾及其衍生物由于其独特反应.md,False,647,696,62,5,17,7,17
清北营,题-QBY-10-07-71以下为碳硼烷的一种异构体.md,False,157,223,70,5,12,6,12
清北营,题-QBY-10-08-N杂芳环的间位CH官能团化是.md,False,360,400,44,7,17,4,17
清北营,题-QBY-10-09-叠氮化合物虽然具有一定危险性.md,False,430,567,146,0,7,5,7
清北营,题-QBY-11-01-化学式形如的盐多种多样常常让.md,False,410,357,85,35,2,0,2
清北营,题-QBY-11-01-已知VanderWaals气.md,False,251,524,281,59,0,0,0
清北营,题-QBY-11-02-离子晶体在绝对零度时为完美晶.md,False,1510,2037,517,74,2,0,2
清北营,题-QBY-11-02-过氧亚硝酸盐是一种生命体系中.md,False,765,1019,271,17,2,2,2
清北营,题-QBY-11-03-如果你不小心在晚上饿了又不小.md,False,935,1419,486,78,5,8,5
清北营,题-QBY-11-03-苯拥有众所周知的芳香性这使得.md,False,682,749,71,26,10,3,10
清北营,题-QBY-11-04-四三苯基膦钯0PdPPh是S.md,False,1226,1452,219,4,1,2,1
清北营,题-QBY-11-04-金属元素A可以形成一系列结构.md,False,314,346,68,28,3,1,3
清北营,题-QBY-11-05-全无机三维多酸POM框架是一.md,False,747,856,122,42,1,0,1
清北营,题-QBY-11-05-金属配合物促进白磷的转化研究.md,False,568,914,299,44,11,4,11
清北营,题-QBY-11-06-双环110丁烷BCBs具有多.md,False,597,762,178,6,8,3,8
清北营,题-QBY-11-06-多核金I硫化物团簇具有丰富的.md,False,474,724,287,23,10,2,10
清北营,题-QBY-11-07-某元素X的一种晶体晶胞参数a.md,False,366,566,209,15,3,0,3
清北营,题-QBY-11-07-自由基介导的烯烃双官能团化是.md,False,252,357,119,2,5,4,5
清北营,题-QBY-11-08-有研究人员发现了Au与某金属.md,False,567,606,32,25,3,0,3
清北营,题-QBY-11-08-继BlidingLights.md,False,365,448,134,3,7,3,7
清北营,题-QBY-11-09-91自1977年Kagan等.md,False,1375,1423,106,111,22,9,22
清北营,题-QBY-11-09-多面体是结构化学中的一个重要.md,False,768,1175,404,59,2,0,2
清北营,题-QBY-12-01-同一个化学式对应不同异构体的.md,False,546,678,156,42,2,0,2
清北营,题-QBY-12-02-是常温常压下唯一的稳定气态U.md,False,246,360,114,41,1,0,1
清北营,题-QBY-12-03-化学教授ShlomoRoze.md,False,176,170,2,15,9,0,9
清北营,题-QBY-12-04-使用如下咔咯配体TpMePC.md,False,317,477,217,11,2,1,2
清北营,题-QBY-12-05-共价有机框架Covalent.md,False,385,613,256,22,17,3,17
清北营,题-QBY-12-06-61是一种十分典型的晶体结构.md,False,379,667,320,6,5,3,5
清北营,题-QBY-12-07-用滴定管将少量的溶液加到溶液.md,False,287,399,101,50,0,0,0
清北营,题-QBY-12-08-在有机化学发展的初期仪器分析.md,False,676,795,164,6,4,2,4
清北营,题-QBY-12-09-91给出下面转化的关键中间体.md,False,166,525,364,1,25,6,25
清北营,题-QBY-12-10-近日上海交通大学的吴华课题组.md,True,343,35,35,0,0,6,0
清北营,题-QBY-13-01-轴手性是立体异构的一种形式其.md,False,433,420,0,6,12,3,12
清北营,题-QBY-13-02-卡宾与烯烃或炔烃的环加成反应.md,False,350,278,22,0,1,1,1
清北营,题-QBY-13-03-31画出还原酯基的一般机理并.md,False,350,708,384,52,3,4,3
清北营,题-QBY-13-04-近日上海有机化学研究所施世良.md,False,364,354,3,1,9,2,9
清北营,题-QBY-13-05-51德国马克斯普朗克煤炭研究.md,False,737,909,176,21,26,7,26
清北营,题-QBY-13-06-在现代金属卡宾化学中卡宾体系.md,False,757,1529,788,9,26,11,26
清北营,题-QBY-13-07-71丙烯酸乙酯在高温下裂解写.md,False,246,424,182,11,16,12,16
清北营,题-QBY-13-08-本题需注意立体化学Vinig.md,False,638,660,28,3,8,4,8
清北营,题-QBY-16-01-化合物A1A3与化合物C1C.md,False,485,471,0,14,1,0,1
清北营,题-QBY-16-02-氮气在温和条件下的转化是工业.md,False,703,43,43,0,2,2,2
清北营,题-QBY-16-03-首个人工合成的分子三叶结于2.md,False,1014,1023,25,38,16,11,16
清北营,题-QBY-16-04-41解剖BeClBeCl属正.md,False,645,1050,413,40,5,2,5
清北营,题-QBY-16-05-液体中的起泡现象广泛存在于多.md,False,1151,1248,112,58,3,3,3
清北营,题-QBY-16-06-一氧化碳是一种不可或缺的C1.md,False,610,43,43,0,2,3,2
清北营,题-QBY-16-07-在微观世界的舞台上分子们宛如.md,False,494,710,215,6,6,2,6
清北营,题-QBY-16-08-同为常见的金属卡宾前体相比易.md,False,284,304,35,4,13,3,13
清北营,题-QBY-16-09-小环具有独特的反应性在有机合.md,False,393,421,70,6,21,5,21
清北营,题-QBY-16-10-在有机化学中有机化合物中的N.md,False,517,490,79,2,5,3,5
清北营,题-QBY-17-01-11过渡金属元素M由英国传教.md,False,596,715,115,21,6,2,6
清北营,题-QBY-17-02-碳族元素需要得到或失去四个电.md,False,1081,1190,114,37,10,3,10
清北营,题-QBY-17-03-自旋冰SpinIce是一种特.md,False,844,1096,290,36,4,2,4
清北营,题-QBY-17-04-水是是人们认识的最早的物种之.md,False,836,1048,257,46,2,1,2
清北营,题-QBY-17-05-在照相化学中显影是指将感光材.md,False,891,1070,193,33,2,1,2
清北营,题-QBY-17-06-构建一个由个相同双膜三室浓差.md,False,812,910,107,76,0,1,0
清北营,题-QBY-17-07-近年来在骨架编辑和天然产物骨.md,False,721,869,134,12,9,3,9
清北营,题-QBY-17-08-近些年来有关金属催化的有机反.md,False,696,695,0,9,8,3,8
清北营,题-QBY-17-09-小环双环碳环骨架因其刚性结构.md,False,587,727,144,7,4,6,4
质心GChO,题-GChO-01-01-作为最重要的肥料和化工原料的.md,False,381,12,12,11,0,0,0
质心GChO,题-GChO-01-02-某未知化合物X只含有碳氧和氯.md,False,136,16,16,3,0,0,0
质心GChO,题-GChO-01-03-某混合溶液含和浓度均为010.md,False,101,81,81,16,0,0,0
质心GChO,题-GChO-01-04-锕系元素U主要以的形式存在但.md,False,379,11,11,9,1,1,1
质心GChO,题-GChO-01-05-Q16分别写出制备以下高分子.md,False,326,15,15,7,2,2,2
质心GChO,题-GChO-01-06-A型晶体属于六方晶系晶胞内的.md,False,105,20,20,5,1,1,1
质心GChO,题-GChO-01-07-Q12化合物14中酸性最强的.md,False,91,98,98,0,3,4,3
质心GChO,题-GChO-01-08-醛酮与肼反应脱水形成的化合物.md,False,489,1,1,0,2,6,2
质心GChO,题-GChO-01-09-某母核为的芳香化合物的合成路.md,False,80,1,1,0,2,0,2
质心GChO,题-GChO-02-01-11铜在隔绝空气的环境下可溶.md,False,184,226,44,21,0,0,0
质心GChO,题-GChO-02-02-由100L的00500MCH.md,False,140,198,104,23,0,0,0
质心GChO,题-GChO-02-03-考虑如下二氧化氮的二聚反应2.md,False,156,797,646,67,4,0,4
质心GChO,题-GChO-02-04-自然界中某些细菌能利用其他物.md,False,592,356,116,31,5,1,5
质心GChO,题-GChO-02-05-是常用的锂电池正极材料晶体结.md,False,169,196,42,22,2,2,2
质心GChO,题-GChO-02-06-BuchwardHartwi.md,False,474,688,224,41,22,1,22
质心GChO,题-GChO-02-07-圈出以下每组中较小的物质ab.md,False,15,107,107,6,11,12,11
质心GChO,题-GChO-02-08-有机反应按机理可以分为三大类.md,False,459,510,54,32,3,3,3
质心GChO,题-GChO-02-09-1850年天然产物X被从植物.md,False,175,379,207,10,13,4,13
质心GChO,题-GChO-03-01-写出下列过程的反应方程式11.md,False,172,234,76,15,0,0,0
质心GChO,题-GChO-03-02-天然气的主要成分为甲烷水合物.md,False,182,236,59,14,0,0,0
质心GChO,题-GChO-03-03-元素X最初从金矿中分离在鼓风.md,False,406,451,47,3,1,0,1
质心GChO,题-GChO-03-04-库伦分析法是建立在测量电解待.md,False,465,733,265,44,1,1,1
质心GChO,题-GChO-03-05-某种碘化镉的晶体结构可描述为.md,False,184,218,87,12,1,0,1
质心GChO,题-GChO-03-06-在某个恒压密闭容器中进行着如.md,False,204,340,139,27,0,0,0
质心GChO,题-GChO-03-07-存在如下转化mathrmCH.md,False,66,31,31,0,2,0,2
质心GChO,题-GChO-03-08-二甲基砜DMSO是一种兼具低.md,False,174,31,31,0,2,2,2
质心GChO,题-GChO-03-09-2013年某课题组发展了一种.md,False,257,387,136,1,10,5,10
质心GChO,题-GChO-04-01-11写出下列过程的反应方程式.md,False,190,90,90,25,0,0,0
质心GChO,题-GChO-04-02-铂不溶于盐酸硫酸硝酸和碱溶液.md,False,168,3,3,11,5,0,5
质心GChO,题-GChO-04-03-下文为某定量分析岩石组分的实.md,False,426,94,94,17,0,0,0
质心GChO,题-GChO-04-04-41以下单体形成聚合物中哪些.md,False,179,94,94,2,0,0,0
质心GChO,题-GChO-04-05-绿柱石是自然界中最常见的铍矿.md,False,443,87,87,11,0,1,0
质心GChO,题-GChO-04-06-某元素的电势图如下所示根据元.md,False,136,64,64,21,0,3,0
质心GChO,题-GChO-04-07-71判断下列化合物是否存在旋.md,False,60,3,3,0,1,1,1
质心GChO,题-GChO-04-08-制备芳基锂试剂有如下三种ro.md,False,348,18,18,1,14,4,14
质心GChO,题-GChO-04-09-以下合成过程为某天然产物合成.md,False,218,111,111,6,6,4,6
质心GChO,题-GChO-06-01-写出下列过程的反应方程式11.md,False,109,3,3,7,0,0,0
质心GChO,题-GChO-06-02-21某合金中主要由BiPbS.md,False,316,127,127,43,0,0,0
质心GChO,题-GChO-06-03-无机酸A酸性和醋酸相当和醋酸.md,False,268,40,40,10,2,0,2
质心GChO,题-GChO-06-04-第一个被证实的碳自由基是三苯.md,False,189,7,7,4,0,0,0
质心GChO,题-GChO-06-05-燃料电池是一种主要透过氧或其.md,False,283,45,45,19,3,0,3
质心GChO,题-GChO-06-06-6H钙钛矿型材料是一种新发展.md,False,705,86,86,22,10,1,10
质心GChO,题-GChO-06-07-下列各组化合物均能发生酮式烯.md,False,45,32,32,3,1,9,1
质心GChO,题-GChO-06-08-由环氧化的酮形成的腙进行的裂.md,False,132,4,4,2,6,1,6
质心GChO,题-GChO-07-01-写出下列过程的反应方程式11.md,False,136,30,30,21,0,0,0
质心GChO,题-GChO-07-02-水煤气法是工业上制备的常用方.md,False,248,12,12,8,0,0,0
质心GChO,题-GChO-07-03-含X元素的某种矿石富集后在空.md,False,481,23,23,35,0,0,0
质心GChO,题-GChO-07-04-已知Fe和Co元素在2981.md,False,190,19,19,21,0,0,0
质心GChO,题-GChO-07-05-是一种氢的质量百分数较高的储.md,False,319,31,31,12,2,1,2
质心GChO,题-GChO-07-06-水的化学需氧量chemica.md,False,224,55,55,44,0,0,0
质心GChO,题-GChO-07-07-比较下列各组化合物的酸性由强.md,False,21,36,36,6,8,11,8
质心GChO,题-GChO-07-08-81下面两个反应是都能发生亦.md,False,90,87,87,3,11,4,11
质心GChO,题-GChO-07-09-Salinosporamid.md,False,198,8,8,9,21,6,21
质心GChO,题-GChO-08-01-11和反应制备乙硼烷12和N.md,False,87,126,43,18,0,0,0
质心GChO,题-GChO-08-02-21As能形成多种硫化物包括.md,False,389,476,88,21,8,1,8
质心GChO,题-GChO-08-03-ABCD四种化合物都是强电解.md,False,143,31,31,0,2,0,2
质心GChO,题-GChO-08-04-Mn是地壳含量第三高的过渡金.md,False,299,314,19,9,1,0,1
质心GChO,题-GChO-08-05-BaMnO具有六方晶系结构为.md,False,97,115,43,9,1,1,1
质心GChO,题-GChO-08-06-通过甲醇裂解制备是一种常用的.md,False,267,346,85,31,0,0,0
质心GChO,题-GChO-08-07-用下列方法测定铜合金中Cu的.md,False,313,408,96,18,0,0,0
质心GChO,题-GChO-08-08-81判断以下物质在室温下是否.md,False,73,77,12,0,8,12,11
质心GChO,题-GChO-08-09-亚砜是有机化学中重要的官能团.md,False,219,309,96,0,5,3,5
质心GChO,题-GChO-08-10-Rocaglates是一族很.md,False,276,386,114,3,8,2,8
质心GChO,题-GChO-09-01-11银器在空气中久置后会变黑.md,False,244,241,0,17,0,0,0
质心GChO,题-GChO-09-02-假设实验均在室温标准压力下进.md,False,145,149,9,24,0,0,0
质心GChO,题-GChO-09-03-假设实验均在室温标准压力下进.md,False,466,423,127,43,1,0,1
质心GChO,题-GChO-09-04-Takai反应是约30年前T.md,False,379,449,111,25,6,2,6
质心GChO,题-GChO-09-05-某100g铯榴石矿中含有15.md,False,132,79,79,12,0,0,0
质心GChO,题-GChO-09-06-以下是本题需要用到的热力学数.md,False,259,263,9,40,0,0,0
质心GChO,题-GChO-09-07-71富勒烯是第三种单质碳被发.md,False,373,681,315,47,8,0,8
质心GChO,题-GChO-09-08-81一些过渡金属催化的反应或.md,False,272,167,119,7,6,2,6
质心GChO,题-GChO-09-09-瘦睿在研究成环反应时发现对于.md,False,107,165,67,3,15,1,15
质心GChO,题-GChO-09-10-烯烃的双官能团化是指断开烯烃.md,False,421,501,83,11,23,5,23
质心GChO,题-GChO-10-01-写出下列过程的反应方程式11.md,False,107,102,0,12,0,0,0
质心GChO,题-GChO-10-02-21指出在分子中的键型并计算.md,False,178,396,221,50,2,0,2
质心GChO,题-GChO-10-03-氟化银吡啶五氟化锑与反应以乙.md,False,181,254,203,13,1,0,1
质心GChO,题-GChO-10-04-化合物A是具有对称性的三元化.md,False,242,252,15,27,1,0,1
质心GChO,题-GChO-10-05-石墨在一定条件下可以转化为金.md,False,166,200,47,35,0,0,0
质心GChO,题-GChO-10-06-已知的硫酸的二级电离常数为6.md,False,82,76,1,31,0,0,0
质心GChO,题-GChO-10-07-稀有气体元素因为几乎不与任何.md,False,353,366,18,25,10,0,10
质心GChO,题-GChO-10-08-81以下化合物具有异常强的碱.md,False,120,209,92,6,5,2,5
质心GChO,题-GChO-10-09-北京大学化学与分子工程学院罗.md,False,296,148,112,0,3,3,3
质心GChO,题-GChO-10-10-重排反应是有机化学中很特殊的.md,False,133,143,15,9,4,2,4
质心GChO,题-GChO-11-01-11单质Se在碱性溶液中有的.md,False,126,123,0,7,0,0,0
质心GChO,题-GChO-11-02-21根据路易斯酸碱电子论判断.md,False,251,308,63,24,3,1,3
质心GChO,题-GChO-11-03-31化合物A为阴阳离子比例为.md,False,215,212,0,5,3,0,3
质心GChO,题-GChO-11-04-采用甲醛法测定某有机物中的N.md,False,251,277,31,39,0,0,0
质心GChO,题-GChO-11-05-已知某气相反应可以在某密闭容.md,False,193,206,30,44,0,0,0
质心GChO,题-GChO-11-06-是一种具有高迁移率的半导体是.md,False,264,554,195,11,9,0,9
质心GChO,题-GChO-11-07-71完成反应注意立体化学12.md,True,91,42,42,0,0,6,0
质心GChO,题-GChO-11-08-在有机化学中CC键或者CC键.md,True,436,42,42,0,0,3,0
质心GChO,题-GChO-11-09-环张力一方面降低了分子的稳定.md,True,141,42,42,0,0,5,0
质心GChO,题-GChO-12-01-11将气体通入沸腾的金属钠中.md,False,210,302,101,19,0,0,0
质心GChO,题-GChO-12-02-氢气是一种新型能源具有高效绿.md,False,221,373,165,34,0,0,0
质心GChO,题-GChO-12-03-31已知的计算水溶液的pH3.md,False,54,139,88,28,0,0,0
质心GChO,题-GChO-12-04-X元素的单质是人类很早就提炼.md,False,309,326,20,20,0,0,0
质心GChO,题-GChO-12-05-高温超导是近年来十分热门的一.md,False,270,339,83,23,4,3,4
质心GChO,题-GChO-12-06-与大家所熟知的环糊精杯芳烃等.md,False,775,932,166,4,7,4,7
质心GChO,题-GChO-12-07-71请选出下列3个化合物中碱.md,False,126,151,26,1,10,7,10
质心GChO,题-GChO-12-08-如下是天然化合物Mitrep.md,False,57,198,146,0,4,1,4
质心GChO,题-GChO-12-09-硫氧双键广泛存在于亚砜砜以及.md,False,466,29,29,0,2,3,2
质心GChO,题-GChO-13-01-11CuS隔绝空气下可溶于无.md,False,277,305,31,36,0,0,0
质心GChO,题-GChO-13-02-21判断下列说法的正T误Fa.md,False,315,529,211,64,3,0,3
质心GChO,题-GChO-13-03-已知的的的31向硝酸亚汞溶液.md,False,74,207,207,25,0,0,0
质心GChO,题-GChO-13-04-化合物A为常见主族元素组成的.md,False,211,530,324,40,2,0,2
质心GChO,题-GChO-13-05-现有某混合物固体里面可能含有.md,False,288,189,143,25,1,0,1
质心GChO,题-GChO-13-06-x61多面体之间如何连接62.md,False,292,446,260,23,16,2,16
质心GChO,题-GChO-13-07-71将下列化合物中酸性由强到.md,False,166,229,208,8,15,9,15
质心GChO,题-GChO-13-08-白介素1受体相关激酶4IRA.md,False,192,207,20,1,18,2,18
质心GChO,题-GChO-13-09-碳上很难发生取代反应但是在适.md,False,313,367,57,13,15,3,15
质心GChO,题-GChO-14-01-11表面活性剂辅助法是溶剂热.md,False,270,266,14,0,0,0,0
质心GChO,题-GChO-14-02-21元素X是自然界中含单电子.md,False,299,316,30,0,2,0,2
质心GChO,题-GChO-14-03-31使用聚合物进行肿瘤的治疗.md,False,136,401,302,0,5,1,5
质心GChO,题-GChO-14-04-从某矿石中提取金属M首先将用.md,False,365,202,156,0,3,0,3
质心GChO,题-GChO-14-05-工业上合成氨通常使用和在催化.md,False,267,617,442,0,3,0,3
质心GChO,题-GChO-14-06-常规的锂离子电池是电池正极是.md,False,465,402,230,0,4,0,4
质心GChO,题-GChO-14-07-灰灰的小弟拟用高锰酸钾法测定.md,False,376,334,33,0,1,0,1
质心GChO,题-GChO-14-08-81在有机合成中常常使用TM.md,False,116,154,41,0,3,2,3
质心GChO,题-GChO-14-09-如下是一类潜在的治疗HIV1.md,False,57,89,42,0,2,2,2
质心GChO,题-GChO-14-10-多糖的合成是生化研究中一个重.md,True,235,42,42,0,0,2,0
质心GChO,题-GChO-15-01-11利用的热分解制备一种无定.md,False,67,65,17,15,1,0,1
质心GChO,题-GChO-15-02-21纯硫代硫酸长时间以来未曾.md,False,258,323,68,43,2,0,2
质心GChO,题-GChO-15-03-氰法提金是现在最重要的化学提.md,False,83,188,178,42,0,0,0
质心GChO,题-GChO-15-04-某小组希望测定混合溶液中与分.md,False,191,233,47,38,1,0,1
质心GChO,题-GChO-15-05-化合物A在常温下稳定受热易分.md,False,309,322,18,24,3,0,3
质心GChO,题-GChO-15-06-某二元化合物可以在相似的条件.md,False,225,299,55,27,4,0,4
质心GChO,题-GChO-15-07-已知NO被氧气氧化的可能机理.md,False,219,335,108,38,18,1,18
质心GChO,题-GChO-15-08-81将下列各组化合物按和HB.md,False,49,52,52,10,3,11,3
质心GChO,题-GChO-15-09-如下是化合物Merochlo.md,True,143,42,42,0,0,4,0
质心GChO,题-GChO-15-10-如下是一个用手性辅基实现的不.md,True,58,42,42,0,0,1,0
质心GChO,题-GChO-16-01-11写出下列过程的反应方程式.md,False,173,260,98,31,2,0,2
质心GChO,题-GChO-16-02-21气体X是一种常见的强氧化.md,False,176,192,19,11,1,0,1
质心GChO,题-GChO-16-03-元素X常见于半导体材料中其单.md,False,124,200,81,60,0,1,0
质心GChO,题-GChO-16-04-某二元弱酸的某一价金属M可与.md,False,158,169,132,37,0,0,0
质心GChO,题-GChO-16-05-一种新型的钙钛矿型材料其结构.md,False,288,458,184,30,8,1,8
质心GChO,题-GChO-16-06-已知如下两个转化一些可能会用.md,False,143,139,31,24,0,0,0
质心GChO,题-GChO-16-07-71下列化合物不能发生取代反.md,False,36,20,5,2,3,6,3
质心GChO,题-GChO-16-08-如下是化合物Merochlo.md,True,66,42,42,0,0,2,0
质心GChO,题-GChO-16-09-由于氮气的稳定性含有氮氮双键.md,False,307,354,15,2,12,3,12
质心GChO,题-GChO-17-01-11写出下列过程的反应方程式.md,False,176,689,516,60,3,0,3
质心GChO,题-GChO-17-02-21化合物与HCl溶液反应得.md,False,114,175,114,14,2,0,2
质心GChO,题-GChO-17-03-元素abc属于同一副族电负性.md,False,340,368,33,29,1,0,1
质心GChO,题-GChO-17-04-砷是一种常见的元素多数砷的化.md,False,479,517,62,59,2,0,2
质心GChO,题-GChO-17-05-当一个材料中同时存在铁磁性和.md,False,347,364,35,40,3,1,3
质心GChO,题-GChO-17-06-水蒸气蒸馏是分离有机物的常用.md,False,202,244,47,19,0,0,0
质心GChO,题-GChO-17-07-在催化剂存在下将乙二酸与乙醇.md,False,73,71,3,23,0,0,0
质心GChO,题-GChO-17-08-81选出下列各组化合物中酸性.md,False,39,269,233,0,23,4,23
质心GChO,题-GChO-17-09-如下是化合物Waihoens.md,True,93,42,42,0,0,2,0
质心GChO,题-GChO-17-10-重氮化合物是最重要的卡宾前体.md,False,130,185,48,7,19,1,19
质心GChO,题-GChO-18-01-11写出下列过程的反应方程式.md,False,158,205,76,8,0,0,0
质心GChO,题-GChO-18-02-同族金属XYZ均难溶于稀酸与.md,False,280,304,29,13,0,0,0
质心GChO,题-GChO-18-03-蔗糖在酸催化的条件下可以水解.md,False,214,258,60,33,0,0,0
质心GChO,题-GChO-18-04-簇合物A的骨架属于点群为四面.md,False,267,336,74,16,3,0,3
质心GChO,题-GChO-18-05-某晶体A的化学式可以写作MX.md,False,252,145,145,19,3,0,3
质心GChO,题-GChO-18-06-现拟采用定量分析方法欲测定H.md,False,146,120,9,20,3,0,3
质心GChO,题-GChO-18-07-71判断下列化合物是否具有芳.md,False,40,191,177,5,19,9,19
质心GChO,题-GChO-18-08-ent类胡萝卜素是一类结构丰.md,False,233,113,88,5,18,5,18
质心GChO,题-GChO-18-09-由于芳香性的存在苯环的双键较.md,False,143,146,8,6,6,2,6
质心GChO,题-GChO-19-01-11写出下列过程的反应方程式.md,False,165,321,148,17,8,0,8
质心GChO,题-GChO-19-02-将一定比例的钒粉末和硼粉末用.md,False,99,79,56,2,2,4,2
质心GChO,题-GChO-19-03-银单质如果处于的气体氛围中可.md,False,298,304,33,23,0,0,0
质心GChO,题-GChO-19-04-元素X的单质是一种常见的轻金.md,False,195,190,1,3,0,0,0
质心GChO,题-GChO-19-05-某种晶体含有BaTiOSi四.md,False,126,3,3,6,1,1,1
质心GChO,题-GChO-19-06-通过配位滴定测定某矿石中Ag.md,False,285,317,37,32,2,0,2
质心GChO,题-GChO-19-07-硅是一种非常重要的元素在芯片.md,False,277,302,37,7,4,2,4
质心GChO,题-GChO-19-08-81选出下列各组化合物中在D.md,True,43,42,42,0,1,9,1
质心GChO,题-GChO-19-09-如下是ScabrolideA.md,False,57,168,168,7,6,5,6
质心GChO,题-GChO-19-10-联烯以其独特的反应性成为了近.md,True,102,42,42,0,0,0,0
质心GChO,题-GChO-20-01-11写出下列过程的反应方程式.md,False,138,154,19,17,2,0,2
质心GChO,题-GChO-20-02-硫醇胺混合溶剂价格低廉对二元.md,False,200,191,21,10,6,6,6
质心GChO,题-GChO-20-03-某元素M的某重要同位素可以通.md,False,374,758,28,15,3,0,3
质心GChO,题-GChO-20-04-过渡金属有机配合物是一类重要.md,False,434,498,70,14,8,0,8
质心GChO,题-GChO-20-05-与水溶液体系类似在无水中也存.md,False,213,214,6,39,0,0,0
质心GChO,题-GChO-20-06-3914某种稳定化合物的晶体.md,False,222,49,49,0,5,0,5
质心GChO,题-GChO-20-07-有机小分子催化是有机化学领域.md,False,130,163,38,2,14,3,14
质心GChO,题-GChO-20-08-Anatoxin是一种由蓝藻.md,False,112,137,125,10,8,1,8
质心GChO,题-GChO-20-09-不饱和羰基化合物是有机化学中.md,False,175,49,49,0,5,0,5
质心GChO,题-GChO-21-01-11写出下列过程的反应方程式.md,False,177,391,66,35,1,0,1
质心GChO,题-GChO-21-02-21在10的中与会发生氧化还.md,False,170,778,474,86,10,0,10
质心GChO,题-GChO-21-03-元素X是最后被发现的具有稳定.md,False,366,262,158,61,3,0,3
质心GChO,题-GChO-21-04-在某体积可变的恒压密闭容器中.md,False,148,149,6,29,2,0,2
质心GChO,题-GChO-21-05-通常高周期的元素难与第二周期.md,False,242,281,44,11,9,1,9
质心GChO,题-GChO-21-06-现有化学式形如的配合物A阴离.md,False,188,252,46,9,0,0,0
质心GChO,题-GChO-21-07-氢气是一种绿色高效的新型燃料.md,False,210,239,34,15,3,1,3
质心GChO,题-GChO-21-08-81请从下面四组位置中每组选.md,False,47,250,206,21,59,12,59
质心GChO,题-GChO-21-09-如下是化合物Spiroche.md,False,69,47,47,4,16,2,16
质心GChO,题-GChO-21-10-已知如下转化101RhTPA.md,False,75,156,90,5,14,1,14
质心GChO,题-GChO-22-01-11在NaOH水溶液中水解1.md,False,92,111,34,31,2,0,2
质心GChO,题-GChO-22-02-电解的水溶液可以制备盐AA种.md,False,179,546,377,54,1,0,1
质心GChO,题-GChO-22-03-将金属M的碳酸盐溶解在浓硝酸.md,False,306,375,253,62,1,0,1
质心GChO,题-GChO-22-04-利用氧化还原反应测定在不同温.md,False,255,261,21,15,0,0,0
质心GChO,题-GChO-22-05-通过铝矾土矿可以提取某种第四.md,False,271,299,31,6,0,0,0
质心GChO,题-GChO-22-06-将氟化钾与氟化镁按照一定比例.md,False,188,237,52,8,0,1,0
质心GChO,题-GChO-22-07-氯胺T的化学名称为三水合对甲.md,False,203,207,9,11,3,0,3
质心GChO,题-GChO-22-08-81判断下列化合物是否具有光.md,False,45,106,22,2,9,2,9
质心GChO,题-GChO-22-09-ent类胡萝卜素是一类结构丰.md,False,123,228,128,4,21,1,21
质心GChO,题-GChO-22-10-小环化合物由于具有环张力因此.md,False,118,125,6,4,19,1,19
质心GChO,题-GChO-23-01-11在下与HBr反应用于制备.md,False,138,141,18,24,0,0,0
质心GChO,题-GChO-23-02-液氨与水体系具有很多的相似性.md,False,203,223,25,35,0,0,0
质心GChO,题-GChO-23-03-将方酸四乙基铵碱硫脲按照摩尔.md,False,163,165,7,16,3,0,3
质心GChO,题-GChO-23-04-工业上常使用西门子法制备较纯.md,False,299,357,82,27,3,0,3
质心GChO,题-GChO-23-05-萤石是一种十分常见的晶体结构.md,False,159,243,89,22,2,0,2
质心GChO,题-GChO-23-06-苄醚氢醌是一种用于皮肤的药物.md,False,166,205,44,9,1,1,1
质心GChO,题-GChO-23-07-71化合物A极不稳定目前没有.md,False,225,595,151,53,2,0,2
质心GChO,题-GChO-23-08-81判读下列化合物是否具有旋.md,False,90,97,10,6,6,5,6
质心GChO,题-GChO-23-09-如下是化合物Hypercal.md,False,41,308,298,31,21,2,21
质心GChO,题-GChO-23-10-磷与氧的成键很强因此在有机化.md,True,240,42,42,0,0,3,0
质心GChO,题-GChO-24-01-11在水溶液中歧化水解12在.md,False,130,256,11,20,5,0,5
质心GChO,题-GChO-24-02-理论上氯可以形成七氟化物但以.md,False,151,159,13,29,0,0,0
质心GChO,题-GChO-24-03-31在pH450的条件下将通.md,False,159,177,21,48,1,0,1
质心GChO,题-GChO-24-04-工业上采用与S的反应制备二硫.md,False,139,140,12,18,0,0,0
质心GChO,题-GChO-24-05-通过n反应中子捕获反应是制备.md,False,270,292,27,63,1,0,1
质心GChO,题-GChO-24-06-含金属M的二氯化物A与KCN.md,False,286,310,29,12,0,1,0
质心GChO,题-GChO-24-07-汞可以以I与II的价态与多种.md,False,207,448,42,21,5,1,5
质心GChO,题-GChO-24-08-请判断下列反应中涉及取代反应.md,False,107,106,4,16,1,1,1
质心GChO,题-GChO-24-09-如下是化合物Rubriflo.md,True,47,42,42,0,0,4,0
质心GChO,题-GChO-24-10-亲电试剂和亲核试剂的交叉偶联.md,False,458,69,69,0,10,2,10
质心GChO,题-GChO-25-01-11硒代硫酸钠在稀盐酸中分解.md,False,119,73,4,13,0,0,0
质心GChO,题-GChO-25-02-氟元素的化学十分丰富将全氟乙.md,False,198,202,7,2,2,1,2
质心GChO,题-GChO-25-03-通过甲醇的裂解制备是一种的大.md,False,275,487,24,71,0,1,0
质心GChO,题-GChO-25-04-王粒老师希望采用同位素标记法.md,False,331,353,27,27,2,1,2
质心GChO,题-GChO-25-05-磷可以形成多种不同的卤化物如.md,False,320,529,214,34,6,0,6
质心GChO,题-GChO-25-06-某种晶体正当晶胞的正视图和侧.md,False,192,159,112,16,7,2,7
质心GChO,题-GChO-25-07-71写出下列过程所经历的基元.md,False,112,96,32,9,4,0,4
质心GChO,题-GChO-25-08-蓖麻科植物中含有丰富的结构复.md,False,263,344,86,3,15,3,15
质心GChO,题-GChO-25-09-可降解的高分子是高分子化学的.md,True,110,42,42,0,0,0,0
质心GChO,题-GChO-26-01-11四氯化碳作为氯化试剂在C.md,False,105,125,23,8,0,0,0
质心GChO,题-GChO-26-02-某金属M的氯化物可以在低温下.md,False,249,255,11,33,0,0,0
质心GChO,题-GChO-26-03-工业合成氨反应的一大应用是制.md,False,213,560,140,17,0,0,0
质心GChO,题-GChO-26-04-二元化合物A具有强烈的水解倾.md,False,228,45,45,0,4,0,4
质心GChO,题-GChO-26-05-现有一瓶粉末其中可能含有的一.md,False,288,546,0,32,1,0,1
质心GChO,题-GChO-26-06-将有机物与过量的混合充分反应.md,False,122,123,6,12,1,0,1
质心GChO,题-GChO-26-07-已知某过渡金属氧化物X具有较.md,False,203,227,218,33,4,0,4
质心GChO,题-GChO-26-08-81判断下列化合物是否具有旋.md,False,49,45,45,0,4,4,4
质心GChO,题-GChO-26-09-如下是化合物Rubriflo.md,True,65,42,42,0,0,10,0
质心GChO,题-GChO-26-10-同样作为高张力的小环四元环的.md,True,147,42,42,0,0,4,0
质心GChO,题-GChO-27-01-11分子轨道理论中原子轨道要.md,False,757,949,196,20,15,2,15
质心GChO,题-GChO-27-02-现代原子结构理论指出原子核外.md,False,310,400,95,14,0,0,0
质心GChO,题-GChO-27-03-众所周知蔡子星其实是一个化学.md,False,244,428,193,31,0,0,0
质心GChO,题-GChO-27-04-除了Xe以外其他稀有气体都难.md,False,227,360,130,33,0,0,0
质心GChO,题-GChO-27-05-元素X是生命必要的非金属元素.md,False,159,162,14,17,0,0,0
质心GChO,题-GChO-27-06-右图是明矾石的正当晶胞该晶体.md,False,173,432,264,16,2,1,2
质心GChO,题-GChO-27-07-成环是每个化竞党学有机时都需.md,False,166,184,23,1,6,1,6
质心GChO,题-GChO-27-08-内酰胺结构在药物分子中具有重.md,False,228,274,53,10,13,2,13
质心GChO,题-GChO-27-09-已知硫亲电试剂可以和烯烃发生.md,False,207,29,29,0,2,6,2
质心GChO,题-GChO-28-01-11将1465g氧化物晶体A.md,False,139,179,34,11,2,1,2
质心GChO,题-GChO-28-02-试画出中性配合物的所有几何异.md,False,58,161,108,2,11,0,11
质心GChO,题-GChO-28-03-碘单质是一种紫黑色具有金属光.md,False,188,474,283,14,1,2,1
质心GChO,题-GChO-28-04-41初始浓度为的对羟基苯甲酸.md,False,175,351,170,17,0,0,0
质心GChO,题-GChO-28-05-51输铁蛋白是血液中的输送铁.md,False,749,1064,318,64,2,1,2
质心GChO,题-GChO-28-06-61今年有科学家利用如下的转.md,False,388,570,185,7,6,1,6
质心GChO,题-GChO-28-07-71将下列各组化合物中酸性由.md,False,45,67,25,2,13,17,13
质心GChO,题-GChO-28-08-重排反应是有机化学中的一个重.md,False,116,197,86,0,5,2,5
质心GChO,题-GChO-28-09-烯烃是双官能团化是烯烃重要的.md,False,253,335,91,3,25,8,25
质心GChO,题-GChO-29-01-11向中依次加入KCN和肼的.md,False,396,507,113,47,0,0,0
质心GChO,题-GChO-29-02-题.md,False,33,5,5,14,3,5,3
质心GChO,题-GChO-29-03-氮杂环卡宾NHC作为一种能够.md,False,361,391,35,22,9,2,9
质心GChO,题-GChO-29-04-已知298K下的数据本题相关.md,False,268,321,58,46,0,0,0
质心GChO,题-GChO-29-05-X是一种贵金属元素其单质A与.md,False,230,229,6,8,4,0,4
质心GChO,题-GChO-29-06-通过溶胶凝胶法能够制备出正交.md,False,389,506,122,24,10,3,10
质心GChO,题-GChO-29-07-71下列化合物按酸性由强到弱.md,False,170,214,47,1,3,8,3
质心GChO,题-GChO-29-08-2020年初赛考了如下反应在.md,False,157,148,6,4,8,4,8
质心GChO,题-GChO-29-09-91画出AC的结构92画出C.md,False,34,32,18,4,4,2,4
质心GChO,题-GChO-30-01-11写方程式111醋酸锰II.md,False,177,256,82,21,0,0,0
质心GChO,题-GChO-30-02-主族金属自由基因其迷人的理化.md,False,453,567,119,8,10,1,10
质心GChO,题-GChO-30-03-灰灰老师某天在实验室制得了一.md,False,534,770,241,44,0,0,0
质心GChO,题-GChO-30-04-键能是一个正值其数值等于断开.md,False,395,827,429,26,0,0,0
质心GChO,题-GChO-30-05-活性聚合是理想的高分子聚合反.md,False,345,560,212,6,10,7,10
质心GChO,题-GChO-30-06-61将酸性由强到弱排序1AB.md,False,47,60,16,0,19,14,19
质心GChO,题-GChO-30-07-文艺复兴写出AF的结构简式不.md,False,21,41,25,0,1,7,1
质心GChO,题-GChO-30-08-在有机化学中化合物的反应性主.md,False,214,266,55,1,10,2,10
质心GChO,题-GChO-31-01-11在无氧条件下向和的混合溶.md,False,65,109,51,13,0,0,0
质心GChO,题-GChO-31-02-一种未知的一元酸只含有CHO.md,False,191,328,151,12,1,0,1
质心GChO,题-GChO-31-03-金属X可溶于王水得到AA在的.md,False,355,633,277,18,1,1,1
质心GChO,题-GChO-31-04-已知无水硫酸铜在高温下按以下.md,False,237,452,233,28,0,0,0
质心GChO,题-GChO-31-05-如下是一个Fe配合物的合成路.md,False,128,238,115,2,2,2,2
质心GChO,题-GChO-31-06-叠氮化合物1在催化剂的作用下.md,False,113,172,64,1,4,2,4
质心GChO,题-GChO-31-07-71把下列各组化合物按酸性由.md,False,128,237,112,3,7,8,7
质心GChO,题-GChO-31-08-由多个吡咯组成的共轭大环化合.md,False,265,426,170,14,3,3,3
质心GChO,题-GChO-31-09-某简单有机化合物X的点群为含.md,False,205,29,29,0,2,0,2
质心GChO,题-GChO-32-01-11写方程式111在CoII.md,False,114,189,78,10,0,0,0
质心GChO,题-GChO-32-02-某无色晶体A的水溶液呈酸性将.md,False,167,314,152,22,0,0,0
质心GChO,题-GChO-32-03-烯烃是重要的聚合单体许多重要.md,False,257,422,170,3,7,1,7
质心GChO,题-GChO-32-04-某种由CoZrF组成的晶体正.md,False,213,317,109,11,4,2,4
质心GChO,题-GChO-32-05-将过量的氯气通入热浓碘化钾溶.md,False,232,918,691,43,1,0,1
质心GChO,题-GChO-32-06-61现在高温下研究过量的熔融.md,False,244,340,295,23,0,0,0
质心GChO,题-GChO-32-07-CONOCN都配位能力很强的.md,False,307,447,143,18,2,0,2
质心GChO,题-GChO-32-08-自由基碳正离子碳负离子都是有.md,False,187,249,65,5,5,1,5
质心GChO,题-GChO-32-09-如下是一个利用Nazarov.md,False,164,247,88,1,7,2,7
质心GChO,题-GChO-32-10-米氏酸以其超乎预料的酸性而为.md,False,94,140,49,0,5,3,5
质心GChO,题-GChO-33-01-11将打磨的铝片插入碳酸氢钠.md,False,128,134,11,11,0,0,0
质心GChO,题-GChO-33-02-天然气为四种低级烷烃的混合物.md,False,146,234,94,64,0,0,0
质心GChO,题-GChO-33-03-2012年有科学家合成了一种.md,False,356,384,36,32,2,1,2
质心GChO,题-GChO-33-04-环状烯烃单体的开环聚合是高分.md,False,218,222,25,8,7,2,7
质心GChO,题-GChO-33-05-将12二氯乙烷迅速地加热至C.md,False,258,300,50,23,3,0,3
质心GChO,题-GChO-33-06-氟硼烯BF为CO的等电子体在.md,False,316,338,28,26,6,0,6
质心GChO,题-GChO-33-07-71将下列化合物按发生反应的.md,False,63,71,11,3,13,6,13
质心GChO,题-GChO-33-08-已知一价金催化剂具有如下两个.md,False,117,134,22,3,14,5,14
质心GChO,题-GChO-33-09-金属卡宾是重要的有机反应中间.md,False,317,415,103,13,9,5,9
质心GChO,题-GChO-34-01-11近中性溶液中与按31反应.md,False,125,130,12,15,0,0,0
质心GChO,题-GChO-34-02-在密封的安瓿瓶中加热挥发性物.md,False,152,541,394,26,2,0,2
质心GChO,题-GChO-34-03-20世纪60年代一位科学家研.md,False,373,229,229,23,2,0,2
质心GChO,题-GChO-34-04-下图为某含铜25左右的蓝色结.md,True,29,42,42,0,0,1,0
质心GChO,题-GChO-34-05-气体分子可以依靠范德华力包藏.md,False,449,432,11,42,0,1,0
质心GChO,题-GChO-34-06-盐A和盐B含有氧化态相同的元.md,False,298,202,10,14,0,0,0
质心GChO,题-GChO-34-07-71下列化合物中哪些具有芳香.md,False,55,45,45,0,4,13,4
质心GChO,题-GChO-34-08-81画出下面反应的关键反应中.md,False,55,108,56,4,2,3,2
质心GChO,题-GChO-34-09-有机化学反应一般都是在溶剂中.md,False,253,62,62,0,0,1,0
质心GChO,题-GChO-35-01-11和在KOH中共熔得到绿色.md,False,151,150,2,11,0,0,0
质心GChO,题-GChO-35-02-21将48394g常温下为固.md,False,391,545,173,39,2,0,2
质心GChO,题-GChO-35-03-现拟利用某种含碳839的烃类.md,False,387,389,33,55,0,0,0
质心GChO,题-GChO-35-04-合成可使用的橡胶主要分为两步.md,False,289,1033,749,47,16,1,16
质心GChO,题-GChO-35-05-如下是配合物B和D的合成路线.md,False,274,312,304,21,9,1,9
质心GChO,题-GChO-35-06-下面是一种新型层状氧化铋铋材.md,False,326,315,1,9,4,2,4
质心GChO,题-GChO-35-07-71将下列化合物按酸性由强到.md,False,59,63,7,2,14,11,14
质心GChO,题-GChO-35-08-81标出产物内所有手性中心的.md,False,32,45,16,1,6,1,6
质心GChO,题-GChO-35-09-对于键的双官能团化是有机合成.md,False,273,388,129,20,17,5,17
质心GChO,题-GChO-36-01-11与或作用均可得到同一种三.md,False,117,130,16,48,0,0,0
质心GChO,题-GChO-36-02-将某白色易溶于水的粉末X43.md,False,87,287,205,23,11,0,11
质心GChO,题-GChO-36-03-31烯烃复分解经常用于聚合物.md,True,142,42,42,0,0,2,0
质心GChO,题-GChO-36-04-元素X于18世纪末被首次发现.md,False,339,370,46,33,5,0,5
质心GChO,题-GChO-36-05-金属有机骨架材料MetalO.md,False,187,615,433,36,3,1,3
质心GChO,题-GChO-36-06-有人研究了苯甲醛B与巯基SM.md,False,362,188,68,14,1,3,1
质心GChO,题-GChO-36-07-71下列中间体稳定性由高到低.md,False,70,65,65,0,9,13,9
质心GChO,题-GChO-36-08-过渡金属催化下氮氧化物和炔烃.md,False,301,328,30,17,17,4,17
质心GChO,题-GChO-36-09-在有机化学中自由基是非常高活.md,False,296,335,42,6,8,2,8
质心GChO,题-GChO-37-01-11向二氯化铅的盐酸溶液中通.md,False,276,279,6,10,0,0,0
质心GChO,题-GChO-37-02-元素X和Y可以以四面体或者八.md,False,125,261,141,26,2,0,2
质心GChO,题-GChO-37-03-一个最简单的理想自由基聚合反.md,False,69,212,212,13,1,1,1
质心GChO,题-GChO-37-04-配合物D是一个双核CuO配合.md,False,179,928,755,51,13,1,13
质心GChO,题-GChO-37-05-量子点是一种具有半导体性质的.md,False,704,199,187,22,2,0,2
质心GChO,题-GChO-37-06-粒粒老师将部分碘单质置于真空.md,False,382,389,12,36,1,0,1
质心GChO,题-GChO-37-07-71下列化合物在乙醇中发生溶.md,False,77,228,154,0,20,12,20
质心GChO,题-GChO-37-08-芳环的官能团化最常用的反应是.md,False,131,0,0,0,1,1,1
质心GChO,题-GChO-37-09-烯烃的双官能团化是指断开烯烃.md,False,272,336,67,3,10,7,10
质心GChO,题-GChO-38-01-11将浓的KCl溶液加入Ge.md,False,228,230,9,24,0,0,0
质心GChO,题-GChO-38-02-21在臭氧处理烯烃时除了产生.md,False,122,122,3,8,2,0,2
质心GChO,题-GChO-38-03-粒粒老师有一天突然穿越到了一.md,False,482,495,18,50,5,0,5
质心GChO,题-GChO-38-04-一般配位键都是含有孤对电子的.md,False,123,107,0,0,1,3,1
质心GChO,题-GChO-38-05-A是一种溶解度较大的盐由前三.md,False,200,123,53,32,1,0,1
质心GChO,题-GChO-38-06-硼元素是一种非常有趣的元素其.md,False,225,369,153,9,5,13,5
质心GChO,题-GChO-38-07-71下列中间体稳定性由高到低.md,False,73,63,4,0,0,9,0
质心GChO,题-GChO-38-08-81画出下面反应的3个关键反.md,False,79,55,12,0,1,3,1
质心GChO,题-GChO-38-09-在有机合成方法学研究中设计的.md,False,220,217,30,0,0,1,0
质心GChO,题-GChO-39-01-111241g无色液体A含有.md,False,147,142,9,25,0,0,0
质心GChO,题-GChO-39-02-某金属M的盐A在氮气保护下进.md,False,68,391,340,33,5,0,5
质心GChO,题-GChO-39-03-31画出A和B的结构注意端基.md,False,68,237,237,8,3,1,3
质心GChO,题-GChO-39-04-将固体物质A和某固体单质B于.md,False,327,1031,720,52,8,0,8
质心GChO,题-GChO-39-05-糖分子通常有若干个手性中心且.md,False,746,256,45,36,8,3,8
质心GChO,题-GChO-39-06-61作为反应物的金属盐影响配.md,False,153,217,67,5,9,2,9
质心GChO,题-GChO-39-07-71将下列化合物酸性由强到弱.md,False,68,21,21,2,3,17,3
质心GChO,题-GChO-39-08-81画出下面反应的重要反应中.md,False,30,54,27,3,12,9,12
质心GChO,题-GChO-39-09-累了不想编题干了就一句话传统.md,False,50,57,57,0,7,1,7
质心GChO,题-GChO-40-01-紫外线照射可得其二聚体绿色液.md,False,180,200,23,30,3,0,3
质心GChO,题-GChO-40-02-将0613g某金属单质溶于发.md,False,160,1034,878,104,13,0,13
质心GChO,题-GChO-40-03-如下是可降解高分子C的合成路.md,False,217,261,220,16,4,0,4
质心GChO,题-GChO-40-04-单核配合物A可以以如下的方法.md,False,342,231,131,41,8,0,8
质心GChO,题-GChO-40-05-如图此为某CsO化合物沿着c.md,False,245,69,32,15,0,4,0
质心GChO,题-GChO-40-06-61下列化合物在NaOH水溶.md,False,70,138,71,12,8,11,8
质心GChO,题-GChO-40-07-如下反应是GCHO29考试的.md,False,53,86,66,6,5,4,5
质心GChO,题-GChO-40-08-磷是有机化学的重要组成元素尤.md,False,115,48,13,2,6,0,6
质心GChO,题-GChO-41-01-11氯仿保存不当会生成有毒气.md,False,157,174,20,4,1,0,1
质心GChO,题-GChO-41-02-计算纯水中MnS的溶解度以及.md,False,22,69,52,10,0,0,0
质心GChO,题-GChO-41-03-如下是聚合反应转化率和聚合度.md,False,147,395,234,0,1,1,1
质心GChO,题-GChO-41-04-提示解答本题不要耍什么花招老.md,False,609,829,225,18,1,0,1
质心GChO,题-GChO-41-05-51REBH3THFRE表示.md,False,195,251,59,11,4,0,4
质心GChO,题-GChO-41-06-LaCoSrO具有钙钛矿型结.md,False,159,193,41,2,1,2,1
质心GChO,题-GChO-41-07-71下列化合物在叔丁醇叔丁醇.md,False,72,116,47,2,13,10,13
质心GChO,题-GChO-41-08-含硅基团是有机化学中重要的官.md,False,171,29,29,0,2,1,2
质心GChO,题-GChO-41-09-不饱和羰基化合物是有机化学中.md,False,166,185,22,4,11,2,11
质心GChO,题-GChO-42-01-11将连四硫酸钠加入偏亚砷酸.md,False,205,208,6,7,0,0,0
质心GChO,题-GChO-42-02-孙琦老师终于博士毕业啦在收拾.md,False,516,652,141,1,0,0,0
质心GChO,题-GChO-42-03-某个在C时进行的催化反应过程.md,False,128,172,47,10,0,0,0
质心GChO,题-GChO-42-04-下图展示了某过渡元素X相关的.md,False,127,132,11,15,0,0,0
质心GChO,题-GChO-42-05-所有的计算和实验都在298K.md,False,142,228,91,36,0,0,0
质心GChO,题-GChO-42-06-有着独特的螺旋结构是平面单元.md,False,144,211,70,15,2,0,2
质心GChO,题-GChO-42-07-71将下列化合物按发生E2反.md,False,58,96,41,0,10,7,10
质心GChO,题-GChO-42-08-电有机化学和光有机化学是有机.md,False,522,682,165,10,3,1,3
质心GChO,题-GChO-42-09-环加成反应在有机合成中的应用.md,False,217,269,55,0,9,2,9
质心GChO,题-GChO-43-01-将291g二水醋酸钙溶解在水.md,False,117,133,20,19,0,0,0
质心GChO,题-GChO-43-02-臭氧是一种有毒的气体其在空气.md,False,306,304,54,24,1,1,1
质心GChO,题-GChO-43-03-31一般常见的聚合反应例如苯.md,False,77,477,403,22,4,1,4
质心GChO,题-GChO-43-04-下在一个充满气体的绝热密闭容.md,False,263,286,152,20,0,0,0
质心GChO,题-GChO-43-05-某种无机化合物A具有有趣的光.md,False,304,598,310,34,3,3,3
质心GChO,题-GChO-43-06-室温下一种无色的固态二元化合.md,False,265,66,40,16,2,4,2
质心GChO,题-GChO-43-07-71将如下位置按芳香亲电反应.md,False,68,344,279,8,24,6,24
质心GChO,题-GChO-43-08-醛在氮杂环卡宾NHC催化下的.md,True,185,42,42,0,0,4,0
质心GChO,题-GChO-43-09-在解答本题时建议在动笔以前先.md,False,257,57,57,0,7,3,7
质心GChO,题-GChO-44-01-11氰酸HOCN具有两种常见.md,False,289,159,16,8,1,0,1
质心GChO,题-GChO-44-02-把干冰碎成粉末后将其不断加入.md,False,196,157,3,20,0,0,0
质心GChO,题-GChO-44-03-碱金属可以以负氧化态的形式存.md,False,288,316,33,32,1,1,1
质心GChO,题-GChO-44-04-现有A1A5五种离子化合物它.md,False,371,370,4,14,8,1,8
质心GChO,题-GChO-44-05-如图给出了某种晶体的晶胞示意.md,False,243,258,20,9,4,2,4
质心GChO,题-GChO-44-06-现有钡的硫酸盐碳酸盐亚硫酸盐.md,False,98,110,17,15,1,0,1
质心GChO,题-GChO-44-07-现分析某种氯化物的组成将01.md,False,136,148,17,5,0,2,0
质心GChO,题-GChO-44-08-81将如下位置按芳香亲电反应.md,False,79,146,70,5,10,12,10
质心GChO,题-GChO-44-09-已知一价金催化剂具有如下两个.md,True,108,42,42,0,0,8,0
质心GChO,题-GChO-44-10-碳碳键的形成是有机合成的两大.md,False,307,57,57,0,7,2,7
质心GChO,题-GChO-45-01-古代人们这样制备绿铜用浓氨水.md,False,122,118,1,5,0,0,0
质心GChO,题-GChO-45-02-现有某由C和H组成的未知有机.md,False,281,289,13,35,4,0,4
质心GChO,题-GChO-45-03-物质AE受热分解均形成两种气.md,False,119,551,475,35,4,0,4
质心GChO,题-GChO-45-04-高分子材料在医学中应用广泛常.md,False,364,270,184,10,2,1,2
质心GChO,题-GChO-45-05-过渡金属钨的化学性质与主族元.md,False,272,542,275,26,8,2,8
质心GChO,题-GChO-45-06-近二十年来人们制备了许多含二.md,False,334,67,35,9,5,0,5
质心GChO,题-GChO-45-07-71请从下面四组位置中每组选.md,False,43,59,19,2,2,7,2
质心GChO,题-GChO-45-08-化合物1可以通过如下反应转化.md,False,143,57,57,0,7,2,7
质心GChO,题-GChO-45-09-如下是3个不同底物的相同反应.md,False,173,175,17,21,7,1,7
质心GChO,题-GChO-46-01-11低温下可以氧化制备离子化.md,False,142,147,8,18,1,1,1
质心GChO,题-GChO-46-02-现有七种未知溶液分别为水和N.md,False,139,138,2,1,0,0,0
质心GChO,题-GChO-46-03-元素X和Z具有如下的转化在化.md,False,125,84,2,16,0,1,0
质心GChO,题-GChO-46-04-右图是的晶胞结构示意图该晶胞.md,False,124,287,47,7,4,1,4
质心GChO,题-GChO-46-05-20世纪初人们发现了一种只存.md,False,332,356,27,22,0,0,0
质心GChO,题-GChO-46-06-氟硼烯BF为CO的等电子体在.md,False,336,400,83,25,4,0,4
质心GChO,题-GChO-46-07-71根据前线轨道理论如下环加.md,False,65,163,128,4,2,0,2
质心GChO,题-GChO-46-08-吲哚是重要的杂环化合物吲哚衍.md,False,204,281,89,1,12,3,12
质心GChO,题-GChO-46-09-2020年二萜生物碱Lian.md,True,175,42,42,0,0,2,0
质心GChO,题-GChO-47-01-11卤素原子具有较多的可失去.md,False,359,358,2,13,1,0,1
质心GChO,题-GChO-47-02-已知的为本题中温度均取298.md,False,128,304,181,42,0,0,0
质心GChO,题-GChO-47-03-两种或多种聚合物链线性连在一.md,False,291,392,106,3,10,3,10
质心GChO,题-GChO-47-04-绿柱石是铍铝硅酸盐一类的矿物.md,False,140,551,415,3,8,4,8
质心GChO,题-GChO-47-05-一种红色的分子晶体A由两种前.md,True,286,51,51,0,0,0,0
质心GChO,题-GChO-47-06-血蓝蛋白是一种含Cu的蛋白质.md,False,390,523,138,15,6,1,6
质心GChO,题-GChO-47-07-71指出下列结构中酸性最强的.md,False,46,144,101,3,10,4,10
质心GChO,题-GChO-47-08-吡啶由于其缺电子的性质无法通.md,False,134,136,7,1,8,2,8
质心GChO,题-GChO-47-09-有机合成方法学是现代有机化学.md,False,246,283,42,5,15,3,15
质心GChO,题-GChO-48-01-11硫与在液态中反应可以得到.md,False,191,199,11,0,0,0,0
质心GChO,题-GChO-48-02-石墨炔是一种新型的碳材料与石.md,False,395,29,29,0,2,0,2
质心GChO,题-GChO-48-03-某金属M在核工业中具有重要作.md,False,345,393,66,11,5,1,5
质心GChO,题-GChO-48-04-具有光活性的分子药物可以通过.md,False,256,307,54,7,5,3,5
质心GChO,题-GChO-48-05-某四方晶系的正当晶胞结构如下.md,False,160,343,188,6,1,1,1
质心GChO,题-GChO-48-06-61回答下列与单质碘性质相关.md,False,274,1018,717,23,5,0,5
质心GChO,题-GChO-48-07-71下列单取代环己烷中基团处.md,False,158,33,6,1,4,10,4
质心GChO,题-GChO-48-08-如下是Schizozygan.md,False,100,404,293,1,20,2,20
质心GChO,题-GChO-48-09-有机化学中很多研究成果起始于.md,False,276,133,86,0,8,2,8
质心GChO,题-GChO-49-01-11利用磷灰石主要成分为磷酸.md,False,244,690,450,77,1,0,1
质心GChO,题-GChO-49-02-我们在学习酸碱平衡的时候对于.md,False,387,238,90,25,0,0,0
质心GChO,题-GChO-49-03-索烃的合成一直极具挑战性索烃.md,False,206,248,45,6,6,6,6
质心GChO,题-GChO-49-04-写出下列高分子反应中AF所表.md,False,35,46,16,1,7,1,7
质心GChO,题-GChO-49-05-由金属元素X和Y形成的二元金.md,False,244,272,33,13,0,2,0
质心GChO,题-GChO-49-06-金属有机化合物的中心金属可以.md,False,208,1019,866,75,44,0,44
质心GChO,题-GChO-49-07-某非金属元素X的单质在与活泼.md,False,208,34,34,4,7,0,7
质心GChO,题-GChO-49-08-2021年国初中考察了如下氮.md,False,140,106,44,4,9,2,9
质心GChO,题-GChO-49-09-91911写出上述反应的5个.md,False,256,169,143,10,4,3,4
质心GChO,题-GChO-49-10-高张力小环以其独特的反应性一.md,False,191,118,18,16,18,4,18
质心GChO,题-GChO-50-01-11在的氢氟酸溶液中反应生成.md,False,109,125,23,9,0,0,0
质心GChO,题-GChO-50-02-21与在液态中可以形成由和构.md,False,218,472,257,47,1,0,1
质心GChO,题-GChO-50-03-已知如下气相反应可在适当条件.md,False,258,544,283,42,0,0,0
质心GChO,题-GChO-50-04-化合物ABC具有类似的结构并.md,False,410,755,332,31,0,0,0
质心GChO,题-GChO-50-05-51钾氩同位素法可用来测定地.md,False,544,819,270,45,0,0,0
质心GChO,题-GChO-50-06-四方晶体的正当晶胞结构如图所.md,False,149,254,110,9,3,1,3
质心GChO,题-GChO-50-07-阅读如下一段材料回答问题注摘.md,False,707,726,24,4,9,12,9
质心GChO,题-GChO-50-08-化合物G是一个特殊的稠环化合.md,False,170,324,159,3,13,1,13
质心GChO,题-GChO-50-09-如下是一个催化的由羧酸和胺直.md,False,211,317,111,5,6,2,6
质心GChO,题-GChO-51-01-11羟胺毒性较强又不太稳定我.md,False,366,395,32,25,1,0,1
质心GChO,题-GChO-51-02-一般而言我们认为配合物中配合.md,False,254,369,120,15,2,0,2
质心GChO,题-GChO-51-03-31已知碳碳单键和碳碳双键的.md,False,203,247,37,9,0,0,0
质心GChO,题-GChO-51-04-是一个典中典平衡本题居然又考.md,False,192,312,123,48,0,0,0
质心GChO,题-GChO-51-05-已知的六方晶胞结构如右图所示.md,False,252,542,295,16,2,2,2
质心GChO,题-GChO-51-06-盐A中含有金属元素Z质量分数.md,False,299,301,6,4,1,0,1
质心GChO,题-GChO-51-07-金属酶在自然界中有着广泛的催.md,False,299,368,72,5,6,3,6
质心GChO,题-GChO-51-08-81醇的氧化是一个非常重要的.md,False,72,97,28,10,3,2,3
质心GChO,题-GChO-51-09-如下是化合物Grayanot.md,False,139,155,21,3,16,2,16
质心GChO,题-GChO-51-10-NHC是有机化学中重要的有机.md,False,105,155,53,2,13,2,13
质心GChO,题-GChO-52-01-11凝聚态的中存在分离的正负.md,False,186,241,58,28,0,0,0
质心GChO,题-GChO-52-02-21已知H原子的电离能为13.md,False,216,1052,839,36,7,4,7
质心GChO,题-GChO-52-03-31于297K向体积为105.md,False,256,332,332,25,0,0,0
质心GChO,题-GChO-52-04-近日某研究团队发现了一种新型.md,False,722,778,65,40,2,2,2
质心GChO,题-GChO-52-05-电解盐A的水溶液可以得到漂白.md,False,214,465,256,21,0,0,0
质心GChO,题-GChO-52-06-自组装合成磁性材料一直是人们.md,False,490,29,29,0,2,1,2
质心GChO,题-GChO-52-07-71下列化合物碱性从强到弱排.md,False,47,63,19,2,8,6,8
质心GChO,题-GChO-52-08-如下是一个磺酰氟类化合物的合.md,False,170,29,29,0,2,3,2
质心GChO,题-GChO-52-09-本题可能会让助教想起曾经被9.md,False,93,125,37,8,3,2,3
质心GChO,题-GChO-53-01-11高碘酸根和金属离子特别是.md,False,449,637,191,25,1,0,1
质心GChO,题-GChO-53-02-21写出如下聚合产物的结构注.md,False,242,218,70,1,7,3,7
质心GChO,题-GChO-53-03-32将Ag作为电极插入31所.md,False,91,558,469,49,0,0,0
质心GChO,题-GChO-53-04-41A是含有金属M的简单盐类.md,False,482,829,350,4,3,0,3
质心GChO,题-GChO-53-05-为了寻找更多的潜在电池材料科.md,False,417,812,390,15,3,3,3
质心GChO,题-GChO-53-06-联吡啶和23二羟基对苯二甲酸.md,False,299,463,174,10,3,2,3
质心GChO,题-GChO-53-07-71判断下列分子是否具有手性.md,False,38,56,21,0,8,7,8
质心GChO,题-GChO-53-08-含有氢的卤代酮经过碱性条件下.md,False,178,29,29,0,2,7,2
质心GChO,题-GChO-53-09-碳碳键的形成反应是有机化学的.md,False,212,264,55,3,5,4,5
质心GChO,题-GChO-54-01-11Pb单质在很多稀冷的非氧.md,False,266,282,19,7,1,0,1
质心GChO,题-GChO-54-02-21请写出在晶体场中的d电子.md,False,172,73,73,0,11,1,11
质心GChO,题-GChO-54-03-萤石型结构是一种典型的型的结.md,False,345,355,25,51,4,0,4
质心GChO,题-GChO-54-04-X元素的单质是一种银白色软金.md,False,236,253,21,12,0,0,0
质心GChO,题-GChO-54-05-自旋交叉材料是一种典型的分子.md,False,373,527,227,42,6,2,6
质心GChO,题-GChO-54-06-很多难溶化合物在溶液体系中的.md,False,181,64,37,21,0,0,0
质心GChO,题-GChO-54-07-71比较下列底物在乙醇中溶剂.md,True,80,42,42,0,0,6,0
质心GChO,题-GChO-54-08-缺电子杂环上的取代反应一直是.md,False,340,214,78,2,6,4,6
质心GChO,题-GChO-54-09-如下是化合物Gukuleni.md,True,49,42,42,0,0,2,0
质心GChO,题-GChO-55-01-11升汞溶液与硫代硫酸钠可以.md,False,305,309,7,14,0,0,0
质心GChO,题-GChO-55-02-下面的聚合反应会得到一种含有.md,False,59,862,832,51,3,2,3
质心GChO,题-GChO-55-03-储备电池是电化学电池它可以储.md,False,661,484,366,31,0,1,0
质心GChO,题-GChO-55-04-224L处于C和101325.md,True,224,42,42,0,0,0,0
质心GChO,题-GChO-55-05-一直以来磁性材料都是化学家们.md,False,355,620,270,33,6,1,6
质心GChO,题-GChO-55-06-氧二乙酸是以醚氧原子为对称中.md,False,245,362,226,11,6,1,6
质心GChO,题-GChO-55-07-芳香亲核取代是有机化学中重要.md,False,263,65,65,0,9,2,9
质心GChO,题-GChO-55-08-说起三元环的合成人们最先想到.md,False,135,65,65,0,9,3,9
质心GChO,题-GChO-55-09-在有机化学中含磷化合物通常被.md,False,123,65,65,0,9,3,9
质心GChO,题-GChO-56-01-11黄铁矿在较浓的碳酸盐溶液.md,False,183,188,8,18,0,0,0
质心GChO,题-GChO-56-02-温室效应是目前越来越多人正在.md,False,510,812,312,85,0,0,0
质心GChO,题-GChO-56-03-甲烷资源丰富碳氢比高是良好的.md,True,230,42,42,0,0,0,0
质心GChO,题-GChO-56-04-金属M广泛被应用于冶金将它作.md,False,509,1026,71,60,1,0,1
质心GChO,题-GChO-56-05-有机Al配合物通常可以用于内.md,False,261,69,69,0,10,1,10
质心GChO,题-GChO-56-06-下面给出了某含O四方晶体晶胞.md,False,216,440,16,21,3,2,3
质心GChO,题-GChO-56-07-71判断下列分子是否具有芳香.md,False,52,85,36,0,2,7,2
质心GChO,题-GChO-56-08-如下是某个没啥用的分子her.md,False,91,79,79,0,2,0,2
质心GChO,题-GChO-56-09-苯环作为可以大量获得的化工原.md,False,235,247,17,11,8,1,8
质心GChO,题-GChO-57-01-11向氯金酸的溶液中加入甘汞.md,False,375,425,66,14,3,1,3
质心GChO,题-GChO-57-02-可以催化环丁内酯的开环聚合2.md,False,78,275,237,3,0,0,0
质心GChO,题-GChO-57-03-元素X的单质可以直接和氧气化.md,False,252,584,337,67,1,0,1
质心GChO,题-GChO-57-04-传统常见的灭火器有两种一种是.md,False,495,503,13,34,0,0,0
质心GChO,题-GChO-57-05-冰晶石的某种结构是立方晶系其.md,False,238,510,42,39,3,1,3
质心GChO,题-GChO-57-06-金属硫属化合物材料在离子导电.md,False,235,318,88,18,5,0,5
质心GChO,题-GChO-57-07-71下列化合物酸性由强到弱排.md,False,106,124,89,7,2,12,2
质心GChO,题-GChO-57-08-如下是一个利用芳香亲核取代反.md,False,127,306,179,15,3,0,3
质心GChO,题-GChO-57-09-硫叶立德是重要的有机化学反应.md,False,207,65,28,1,0,5,0
质心GChO,题-GChO-58-01-11将等物质的量的草酸钙和碘.md,False,287,245,0,7,5,0,5
质心GChO,题-GChO-58-02-磷含量分析是钢铁和矿石分析的.md,False,673,789,131,44,3,0,3
质心GChO,题-GChO-58-03-地温计用于测定岩石形成的温度.md,False,517,787,223,67,0,0,0
质心GChO,题-GChO-58-04-单质A可以与氧气化合得到B与.md,False,198,44,44,8,1,0,1
质心GChO,题-GChO-58-05-下图是的正当晶胞结构请仔细观.md,False,127,665,543,41,18,1,18
质心GChO,题-GChO-58-06-配合物结构中配体的结构通常会.md,False,286,188,188,10,5,6,5
质心GChO,题-GChO-58-07-71将下列羧酸衍生物碱性条件.md,True,86,42,42,0,0,1,0
质心GChO,题-GChO-58-08-基于对吡啶性质的兴趣和吡啶在.md,True,193,42,42,0,0,1,0
质心GChO,题-GChO-58-09-如下是Euphorikani.md,False,198,152,18,9,0,2,0
质心GChO,题-GChO-59-01-11直接利用金属和叠氮酸的反.md,False,193,262,72,14,0,0,0
质心GChO,题-GChO-59-02-21液体A和B形成的溶液可认.md,False,279,441,165,38,0,0,0
质心GChO,题-GChO-59-03-热重分析是一种常见的确定固体.md,False,195,410,220,59,1,1,1
质心GChO,题-GChO-59-04-已知A可以和NaOH溶液作用.md,False,203,233,35,15,0,0,0
质心GChO,题-GChO-59-05-在研究晶体结构时我们往往会将.md,False,285,348,72,13,5,0,5
质心GChO,题-GChO-59-06-脒基和氮杂烯丙基被认为是有可.md,False,644,49,49,0,5,0,5
质心GChO,题-GChO-59-07-71下列化合物与顺丁烯二酸酐.md,False,76,94,21,3,6,2,6
质心GChO,题-GChO-59-08-HCl是有机化学反应中重要的.md,False,157,187,33,4,16,2,16
质心GChO,题-GChO-59-09-小环分子因为具有较大的张力因.md,False,209,565,377,10,18,2,18
质心GChO,题-GChO-60-01-11AgO在碱性条件下与作用.md,False,359,585,235,20,0,0,0
质心GChO,题-GChO-60-02-21纯净的硼砂是一种基准试剂.md,False,179,243,71,23,0,0,0
质心GChO,题-GChO-60-03-金属羰基氢化物能够有效促进氢.md,False,596,29,29,0,2,2,2
质心GChO,题-GChO-60-04-对于结构复杂到让我们一眼看上.md,False,384,413,46,8,1,1,1
质心GChO,题-GChO-60-05-现有50mL电解液水溶液阴极.md,False,435,727,307,36,0,0,0
质心GChO,题-GChO-60-06-内酯的开环聚合通常可以在催化.md,False,567,1037,485,2,5,1,5
质心GChO,题-GChO-60-07-71对于如下平衡对于不同的R.md,False,100,118,20,3,12,12,12
质心GChO,题-GChO-60-08-苯环上CH键的转化一直是有机.md,False,142,192,53,5,6,2,6
质心GChO,题-GChO-60-09-2021年美国芝加哥大学的M.md,False,270,302,35,15,13,12,13
质心GChO,题-GChO-61-01-11利用热的次磷酸盐酸体系还.md,False,184,188,11,10,0,0,0
质心GChO,题-GChO-61-02-下表显示了六种天然氨基酸的各.md,False,80,143,77,1,7,6,7
质心GChO,题-GChO-61-03-硫化物A具有层形结构可用作锂.md,False,268,302,55,11,0,0,0
质心GChO,题-GChO-61-04-甲烷的水蒸气重整反应已经考烂.md,False,274,487,217,35,0,0,0
质心GChO,题-GChO-61-05-51下图是某过渡金属X的氧化.md,False,661,945,304,36,5,1,5
质心GChO,题-GChO-61-06-二茂铁Fc及其氧化态的氧化还.md,False,605,810,224,61,0,0,0
质心GChO,题-GChO-61-07-71将下列化合物按取代基处于.md,False,94,141,69,2,19,13,19
质心GChO,题-GChO-61-08-一般的基于全合成的推断题目由.md,False,193,266,79,2,22,7,22
质心GChO,题-GChO-61-09-如下是一个特殊的加成反应在加.md,False,227,317,103,2,4,3,4
质心GChO,题-GChO-62-01-11将置于苏打溶液中并在空气.md,False,201,203,9,12,0,0,0
质心GChO,题-GChO-62-02-21二茂铁及其十甲基衍生物已.md,False,423,526,125,19,4,1,4
质心GChO,题-GChO-62-03-在本题中可以考虑反应的焓变和.md,False,259,378,134,31,1,0,1
质心GChO,题-GChO-62-04-二元化合物A为黑色晶体是一种.md,False,234,334,116,8,0,0,0
质心GChO,题-GChO-62-05-下图是某物质六方正当晶胞的示.md,False,407,658,255,18,2,1,2
质心GChO,题-GChO-62-06-将二水合邻苯二甲酸氢铜II晶.md,False,377,687,334,6,3,1,3
质心GChO,题-GChO-62-07-71左旋多巴是治疗帕金森的核.md,False,253,313,75,6,8,3,8
质心GChO,题-GChO-62-08-酯化反应是最经典的化学反应之.md,False,265,329,80,4,6,3,6
质心GChO,题-GChO-62-09-烯烃的双官能团化是一类效率很.md,False,321,401,88,8,14,5,14
质心GChO,题-GChO-63-01-11硒酸与氯化肼反应得到两种.md,False,208,201,0,13,1,0,1
质心GChO,题-GChO-63-02-3羟基2丁酮与可以发生非氧化.md,False,160,152,0,8,1,0,1
质心GChO,题-GChO-63-03-在本题中可以考虑反应的焓变和.md,False,361,644,331,55,3,0,3
质心GChO,题-GChO-63-04-Mn是一种银灰色的过渡金属脆.md,False,318,73,73,0,11,0,11
质心GChO,题-GChO-63-05-最近韩国科学家宣称合成出了一.md,False,276,73,73,0,11,1,11
质心GChO,题-GChO-63-06-如下是一个由Rh催化完成的反.md,True,147,42,42,0,0,1,0
质心GChO,题-GChO-63-07-如下的转化在Lewis酸的催.md,False,41,73,73,0,11,0,11
质心GChO,题-GChO-63-08-重氮化合物以其丰富而独特的反.md,False,141,73,73,0,11,0,11
质心GChO,题-GChO-63-09-由于环张力的存在小环化合物一.md,False,248,73,73,0,11,2,11
质心GChO,题-GChO-64-01-11与发生非氧化还原反应产物.md,False,315,297,0,15,2,0,2
质心GChO,题-GChO-64-02-本题可能用到的平衡常数数据m.md,False,254,262,13,39,1,0,1
质心GChO,题-GChO-64-03-X是一种常见的金属元素虽然其.md,False,411,443,35,7,2,1,2
质心GChO,题-GChO-64-04-锰在自然界中有若干种锰氧化物.md,False,439,450,7,65,0,0,0
质心GChO,题-GChO-64-05-下图是某三元化合物的正当四方.md,False,304,317,26,18,4,1,4
质心GChO,题-GChO-64-06-稀土金属硼氧化物不仅稀有且具.md,False,308,77,77,0,12,3,12
质心GChO,题-GChO-64-07-如下的转化经历了若干次开环关.md,False,107,352,250,10,17,1,17
质心GChO,题-GChO-64-08-由于环张力的存在小环化合物的.md,False,246,264,173,8,15,3,15
质心GChO,题-GChO-64-09-有机化学是无穷无尽的总会有新.md,False,222,160,0,2,4,4,4
质心GChO,题-GChO-65-01-氮是一种颇有特色的元素尽管其.md,False,297,272,33,9,0,0,0
质心GChO,题-GChO-65-02-21由复分解反应制备过渡金属.md,False,297,290,4,14,0,0,0
质心GChO,题-GChO-65-03-氦曾被普遍认为是没有化合物的.md,False,297,320,38,28,2,0,2
质心GChO,题-GChO-65-04-A是一种亮黄色有刺激性臭味的.md,False,365,376,26,9,1,0,1
质心GChO,题-GChO-65-05-氮元素的固定一直是无机化学领.md,False,273,191,11,4,1,1,1
质心GChO,题-GChO-65-06-右图是由Cu和Ag组成的复合.md,False,294,228,2,7,3,3,3
质心GChO,题-GChO-65-07-现有如下的转化textMeO.md,False,154,141,2,6,3,0,3
质心GChO,题-GChO-65-08-结构决定性质是化学反应的基本.md,False,192,144,96,1,4,0,4
质心GChO,题-GChO-65-09-如下是一个过渡金属催化的奇特.md,True,211,42,42,0,0,1,0
质心GChO,题-GChO-66-01-11不对称二甲基肼与四氧化二.md,False,146,161,23,10,0,0,0
质心GChO,题-GChO-66-02-下面的反应都是能够生成PP键.md,False,293,286,4,41,1,0,1
质心GChO,题-GChO-66-03-31在一真空恒容容器中加热固.md,False,83,69,6,26,0,0,0
质心GChO,题-GChO-66-04-A为一无色液体将A的蒸气与水.md,False,275,267,11,5,3,0,3
质心GChO,题-GChO-66-05-除碳以外其他p区元素之间的多.md,False,377,29,29,0,2,2,2
质心GChO,题-GChO-66-06-一般来说对于某种晶体的研究并.md,False,497,478,42,19,4,1,4
质心GChO,题-GChO-66-07-如下是一个过渡金属催化的合成.md,False,126,29,29,0,2,6,2
质心GChO,题-GChO-66-08-由于芳香性这个护身符的存在苯.md,False,178,29,29,0,2,3,2
质心GChO,题-GChO-67-01-三全分子指一个分子内同时包括.md,False,461,567,97,10,3,2,3
质心GChO,题-GChO-67-02-21铍可用于中子源如聚变堆氚.md,False,479,506,27,17,4,3,4
质心GChO,题-GChO-67-03-近年来亚纳米金属团簇引起了科.md,False,823,1123,282,48,1,0,1
质心GChO,题-GChO-67-04-在铜氧化物超导体被发现后人们.md,False,369,400,31,13,1,1,1
质心GChO,题-GChO-67-05-未知物X是一种白色而有光泽的.md,False,388,483,95,13,2,1,2
质心GChO,题-GChO-67-06-2019年诺贝尔化学奖授予G.md,False,792,973,181,59,3,2,3
质心GChO,题-GChO-67-07-生命体中各种物质的结构和功能.md,False,1044,1308,208,49,6,4,6
质心GChO,题-GChO-67-08-81分别画出trans12二.md,False,604,1239,641,16,22,14,22
质心GChO,题-GChO-67-09-Grob碎片化反应是指一个有.md,False,389,429,40,4,15,6,15
质心GChO,题-GChO-67-10-与膦叶立德YlidesWit.md,False,788,765,166,6,8,9,8
质心GChO,题-GChO-68-01-11实验室制备XPCl与草酸.md,False,201,198,5,15,2,0,2
质心GChO,题-GChO-68-02-奥林匹克圣火是奥运会期间在主.md,False,504,466,16,44,1,0,1
质心GChO,题-GChO-68-03-31将4g重铬酸钾和12g二.md,False,234,226,1,19,5,2,5
质心GChO,题-GChO-68-04-41是一种自然界中丰富存在的.md,False,437,69,69,0,10,2,10
质心GChO,题-GChO-68-05-全氮类物质因具有高密度高生成.md,False,403,409,19,17,3,1,3
质心GChO,题-GChO-68-06-金属元素X在常温下的单质为六.md,False,296,285,0,20,2,0,2
质心GChO,题-GChO-68-07-欲知铅铋合金中铅和铋的含量可.md,False,375,273,3,12,4,0,4
质心GChO,题-GChO-68-08-81以下为酚酞分子的结构式请.md,True,207,42,42,0,0,11,0
质心GChO,题-GChO-68-09-由于芳香性的存在芳环的合成是.md,False,147,114,3,5,6,2,6
质心GChO,题-GChO-68-10-如下是一个形式上的sigma.md,True,375,47,47,0,1,5,1
质心GChO,题-GChO-69-01-11茂基配体用于合成新颖的主.md,False,506,508,11,16,2,1,2
质心GChO,题-GChO-69-02-212016年首次报道了亚乙.md,False,292,282,0,10,2,2,2
质心GChO,题-GChO-69-03-31叠氮化钠作为一种常用的化.md,False,579,569,4,16,1,0,1
质心GChO,题-GChO-69-04-近年来CuFe等作为水催化氧.md,False,542,551,29,22,8,3,8
质心GChO,题-GChO-69-05-51在新近高温高压下制备的氮.md,False,624,626,12,58,6,3,6
质心GChO,题-GChO-69-06-三氧化硫是工业制取硫酸的重要.md,False,339,328,6,15,2,0,2
质心GChO,题-GChO-69-07-71以下三个化合物具有类似的.md,False,255,29,29,0,2,9,2
质心GChO,题-GChO-69-08-苯炔和含B化合物都具有丰富的.md,False,145,29,29,0,2,4,2
质心GChO,题-GChO-69-09-分子骨架编辑Skeletal.md,False,354,25,25,0,1,5,1
质心GChO,题-GChO-70-01-XYZ三种物质具有类似的结构.md,False,396,395,3,8,2,1,2
质心GChO,题-GChO-70-02-将钠盐X配制成200g质量分.md,False,222,223,7,20,1,0,1
质心GChO,题-GChO-70-03-一般来说固体的蒸气压是很难测.md,False,328,327,6,21,1,0,1
质心GChO,题-GChO-70-04-金属M被广泛地应用于冶金中工.md,False,326,388,68,31,2,0,2
质心GChO,题-GChO-70-05-在分子机器领域有两类分子体系.md,False,938,1034,108,34,9,10,9
质心GChO,题-GChO-70-06-基于经典的Lewis酸碱理论.md,False,568,69,69,0,10,4,10
质心GChO,题-GChO-70-07-71Claisen反应与其它.md,False,198,83,83,2,2,4,2
质心GChO,题-GChO-70-08-近年来由于在生物医学方面的显.md,False,234,69,69,0,10,4,10
质心GChO,题-GChO-70-09-首先我们来学习一个简单的反应.md,False,209,69,69,0,10,14,10
质心GChO,题-GChO-71-01-A是人类发现最晚的天然元素也.md,False,209,198,0,18,0,0,0
质心GChO,题-GChO-71-02-21的NMR谱图核磁共振氢谱.md,False,642,539,32,39,2,1,2
质心GChO,题-GChO-71-03-31在聚酯化反应体系中残留水.md,False,398,29,29,0,2,1,2
质心GChO,题-GChO-71-04-本题中出现的缩写THF四氢呋.md,False,168,163,7,6,8,3,8
质心GChO,题-GChO-71-05-本题可能用到的公式及常数单个.md,False,477,513,48,30,1,1,1
质心GChO,题-GChO-71-06-61石墨晶体具有三方石墨和六.md,False,647,665,17,16,5,1,5
质心GChO,题-GChO-71-07-有机合成涉及到多方面的立体选.md,False,299,378,96,8,5,4,5
质心GChO,题-GChO-71-08-81推出HK的结构注意立体化.md,False,131,135,65,5,4,3,4
质心GChO,题-GChO-71-09-本题涉及的是一个14二羰基化.md,False,340,403,74,7,4,3,4
质心GChO,题-GChO-72-01-11请给出A和B的结构并给出.md,False,93,83,0,3,6,0,6
质心GChO,题-GChO-72-02-以下给出含有过渡金属元素X的.md,False,519,1266,771,44,8,0,8
质心GChO,题-GChO-72-03-31亚硫酰氯和叠氮化钠在30.md,False,290,256,102,14,8,0,8
质心GChO,题-GChO-72-04-41元素A和元素B的电负性分.md,False,375,611,223,25,1,0,1
质心GChO,题-GChO-72-05-具有n个碳原子的富勒烯表面有.md,False,412,455,60,9,2,1,2
质心GChO,题-GChO-72-06-61串联质谱MS技术为测定多.md,False,585,629,52,11,3,2,3
质心GChO,题-GChO-72-07-71在含有共轭体系的螺环化合.md,False,313,371,66,20,8,6,8
质心GChO,题-GChO-72-08-双键具有丰富的反应性是有机化.md,False,243,124,37,1,2,3,2
质心GChO,题-GChO-72-09-重排反应是有机反应中很神奇的.md,False,278,371,108,7,2,1,2
质心GChO,题-GChO-73-01-11是最重要的硫氮二元化合物.md,False,565,600,47,43,4,1,4
质心GChO,题-GChO-73-02-21共聚高分子是由两种不同的.md,False,1358,1696,328,36,5,3,5
质心GChO,题-GChO-73-03-近年来具有优良光致发光和发光.md,False,1073,1249,186,33,2,1,2
质心GChO,题-GChO-73-04-酰胺A能够形成分子内氢键如图.md,False,276,368,103,21,0,1,0
质心GChO,题-GChO-73-05-51硅酸盐的基本结构是硅氧四.md,False,1018,1052,46,40,4,3,4
质心GChO,题-GChO-73-06-61某课题组于2019年合成.md,False,449,563,122,9,0,0,0
质心GChO,题-GChO-73-07-71在单取代环己烷中直键取代.md,False,445,684,251,10,22,7,22
质心GChO,题-GChO-73-08-分子骨架编辑技术是直接在分子.md,False,998,29,29,0,2,6,2
质心GChO,题-GChO-73-09-总有一些学习化竞的同学对力量.md,False,319,410,100,1,3,1,3
质心GChO,题-GChO-74-01-11众所周知碳纳米管表面是疏.md,False,580,662,92,19,0,0,0
质心GChO,题-GChO-74-02-一些电负性相对较高的富电子过.md,False,581,890,317,45,1,1,1
质心GChO,题-GChO-74-03-锂离子电池的发现及其应用可谓.md,False,714,1010,302,47,4,3,4
质心GChO,题-GChO-74-04-涉及过渡金属的晶体通常会有意.md,False,507,755,263,28,2,2,2
质心GChO,题-GChO-74-05-51A是的一种重要的氧化物其.md,False,562,747,200,22,4,1,4
质心GChO,题-GChO-74-06-今年中山大学化学学院胡鹏教授.md,False,155,29,29,0,2,1,2
质心GChO,题-GChO-74-07-71溶剂解反应711比较如下.md,False,295,602,327,16,5,3,5
质心GChO,题-GChO-74-08-选择性是有机化学反应的一大特.md,False,204,306,107,0,5,1,5
质心GChO,题-GChO-74-09-三元环因为具有较大的环张力而.md,False,229,29,29,0,2,4,2
质心GChO,题-GChO-75-01-塞翁失马焉知非福实验失败或是.md,False,598,846,248,38,3,2,3
质心GChO,题-GChO-75-02-实现双碳目标是一场广泛而深刻.md,False,588,684,95,26,3,1,3
质心GChO,题-GChO-75-03-铀是一种重要的战略物资其单质.md,False,509,613,104,55,0,0,0
质心GChO,题-GChO-75-04-含有过渡金属元素以及氧元素的.md,False,480,1501,1021,42,5,0,5
质心GChO,题-GChO-75-05-mathrmLaAlO3的晶.md,False,638,525,356,16,3,0,3
质心GChO,题-GChO-75-06-如下是两个DBU作用下的开环.md,False,112,129,17,2,2,2,2
质心GChO,题-GChO-75-07-71散沫花醌Lawsone是.md,False,221,319,98,6,12,2,12
质心GChO,题-GChO-75-08-1在本题中催化剂的作用只是催.md,False,226,395,174,8,8,7,8
质心GChO,题-GChO-75-09-光促进的有机化学反应是目前有.md,False,1186,1713,626,11,8,3,8
质心GChO,题-GChO-76-01-现有一种纯净的白色固体X其由.md,False,515,467,36,22,1,0,1
质心GChO,题-GChO-76-02-氰基乙烯酮负离子在之前只存在.md,False,140,92,0,11,3,0,3
质心GChO,题-GChO-76-03-为解决氯碱工业中的老大难问题.md,False,190,177,2,5,2,2,2
质心GChO,题-GChO-76-04-41把一个体积为10547L.md,False,278,301,13,44,0,0,0
质心GChO,题-GChO-76-05-52如下为配合物APh的合成.md,False,230,375,156,8,7,1,7
质心GChO,题-GChO-76-06-关于季铵盐和季膦盐的晶体结构.md,False,511,454,7,34,6,2,6
质心GChO,题-GChO-76-07-71对下列氨基酸的等电点从大.md,False,161,70,0,1,3,4,3
质心GChO,题-GChO-76-08-如图是一个烯烃的双官能团化反.md,False,165,171,0,1,4,2,4
质心GChO,题-GChO-76-09-有机化学的魅力之一在于它有无.md,False,310,285,17,20,12,1,12
质心GChO,题-GChO-77-01-11高铼酸钾与KOH共热可以.md,False,508,430,0,46,7,0,7
质心GChO,题-GChO-77-02-21TMEDATMEDANN.md,False,236,188,15,9,8,3,8
质心GChO,题-GChO-77-03-在20世纪初期人们发现了玻璃.md,False,529,519,34,55,1,1,1
质心GChO,题-GChO-77-04-如下是某二元化合物的立方晶胞.md,False,301,337,50,19,3,2,3
质心GChO,题-GChO-77-05-512022年有人报道了一系.md,False,412,408,7,22,10,2,10
质心GChO,题-GChO-77-06-有机反应的机理常常是十分有趣.md,False,249,29,29,0,2,2,2
质心GChO,题-GChO-77-07-三氟甲基等含氟基团以其独特的.md,False,394,392,15,4,10,4,10
质心GChO,题-GChO-77-08-在众多杂环化合物中13二杂原.md,False,719,29,29,0,2,3,2
质心GChO,题-GChO-78-01-11等电点是一个分子不携带净.md,False,716,29,29,0,2,7,2
质心GChO,题-GChO-78-02-天然和合成聚合物在日常生活和.md,False,139,124,0,5,3,4,3
质心GChO,题-GChO-78-03-一种包含部分的配合物在绿色植.md,False,440,434,12,45,0,0,0
质心GChO,题-GChO-78-04-一种新型含UNTe元素的三元.md,False,362,351,7,17,3,1,3
质心GChO,题-GChO-78-05-MeerweinPonndo.md,False,249,209,0,13,0,0,0
质心GChO,题-GChO-78-06-同组元素会具有相似的化学性质.md,False,794,29,29,0,2,1,2
质心GChO,题-GChO-78-07-71下列每组物质之间的关系是.md,False,134,124,3,0,2,12,2
质心GChO,题-GChO-78-08-有如下一个不对称合成反应在手.md,False,190,159,44,3,3,1,3
质心GChO,题-GChO-78-09-如下是一个氨基酸位的反应注意.md,False,299,284,0,5,8,3,8
质心GChO,题-GChO-79-01-苯的等电子体无机苯已在多年前.md,False,383,29,29,0,2,2,2
质心GChO,题-GChO-79-02-年轻的化学家小王正在检查当地.md,False,488,478,3,41,1,0,1
质心GChO,题-GChO-79-03-在1879年瑞典化学家拉尔斯.md,False,324,317,3,6,1,0,1
质心GChO,题-GChO-79-04-下图为某含有PSRbPd四种.md,False,329,593,276,43,5,4,5
质心GChO,题-GChO-79-05-51三甲苯的三种异构体可以互.md,False,294,221,178,29,3,1,3
质心GChO,题-GChO-79-06-亚铁离子可以与110菲罗啉P.md,False,264,292,35,20,3,2,3
质心GChO,题-GChO-79-07-71烯烃A在下述转化下得到了.md,False,137,29,29,0,2,3,2
质心GChO,题-GChO-79-08-烯胺的化学是有机合成反应基石.md,False,409,177,0,6,5,4,5
质心GChO,题-GChO-79-09-由于位阻的存在4级碳的合成始.md,False,137,29,29,0,2,2,2
质心GChO,题-GChO-80-01-11东汉周易参同契中记载胡粉.md,False,750,896,155,26,0,0,0
质心GChO,题-GChO-80-02-和都是工业中常用的强氧化剂利.md,False,371,443,83,40,1,0,1
质心GChO,题-GChO-80-03-31键长是决定分子构型的基本.md,False,832,967,175,63,7,4,7
质心GChO,题-GChO-80-04-41二维材料呈现出丰富的晶体.md,False,680,824,154,43,3,3,3
质心GChO,题-GChO-80-05-是一种具有溶剂热致变色特性的.md,False,785,893,118,52,2,1,2
质心GChO,题-GChO-80-06-氢气是一种绿色可再生的能源在.md,False,543,598,68,56,0,0,0
质心GChO,题-GChO-80-07-71比较下列化合物的酸性强弱.md,False,547,557,64,15,30,25,30
质心GChO,题-GChO-80-08-作为和碳同族的元素硅在有机化.md,False,224,277,59,2,11,8,11
质心GChO,题-GChO-80-09-重排反应是有机化学中非常重要.md,False,326,597,267,0,13,3,13
质心GChO,题-GChO-81-01-酸性强于纯硫酸的酸成为超酸s.md,False,656,681,33,42,1,0,1
质心GChO,题-GChO-81-02-大多数金属阳离子在水溶液中会.md,False,536,662,193,60,0,0,0
质心GChO,题-GChO-81-03-生命体中各种物质的结构和功能.md,False,618,756,161,52,5,4,5
质心GChO,题-GChO-81-04-研究者合成了氮杂环硼基取代的.md,False,973,979,80,6,11,3,11
质心GChO,题-GChO-81-05-元素A可以与各种卤素形成一系.md,False,572,602,77,31,3,2,3
质心GChO,题-GChO-81-06-褪黑激素6Melatonin.md,False,608,788,220,5,4,1,4
质心GChO,题-GChO-81-07-71请按从大到小的顺序排列下.md,False,342,454,160,9,9,16,9
质心GChO,题-GChO-81-08-小环以其独特的成键结构和反应.md,False,400,958,605,2,28,6,28
质心GChO,题-GChO-81-09-碳碳键形成是有机化学反应的两.md,False,351,127,33,0,11,5,11
质心GChO,题-GChO-82-01-化学系二年级学生小李小心翼翼.md,False,616,750,151,20,0,0,0
质心GChO,题-GChO-82-02-金属有机框架材料MOFs是近.md,False,385,360,23,7,0,0,0
质心GChO,题-GChO-82-03-常见的氧单质有和氧可参与形成.md,False,545,722,189,36,1,1,1
质心GChO,题-GChO-82-04-正烷烃是目前人们研究最为深入.md,False,847,1014,187,49,0,0,0
质心GChO,题-GChO-82-05-51近年来在光电材料领域有机.md,False,963,1158,197,44,3,3,3
质心GChO,题-GChO-82-06-61金属X反应活性较低加热时.md,False,723,819,146,30,1,0,1
质心GChO,题-GChO-82-07-71现有如下转换请给出原料中.md,False,176,475,310,0,11,3,11
质心GChO,题-GChO-82-08-氮氧单键键能较小只有201k.md,False,435,90,8,0,6,4,6
质心GChO,题-GChO-82-09-光化学反应是现代有机合成方法.md,False,692,864,186,2,21,3,21
质心GChO,题-GChO-83-01-X是一种强吸湿性据说略带甜味.md,False,456,760,357,36,0,0,0
质心GChO,题-GChO-83-02-在气相中元素A存在以下两种平.md,False,367,281,173,23,0,0,0
质心GChO,题-GChO-83-03-如下是深度同学设计的一种基于.md,False,620,695,104,14,0,0,0
质心GChO,题-GChO-83-04-MXene是由MAX相处理得.md,False,752,970,219,31,0,0,0
质心GChO,题-GChO-83-05-第14族元素金属化合物一向是.md,False,543,824,292,32,7,1,7
质心GChO,题-GChO-83-06-实验技能是学习化学必不可少的.md,False,939,1134,275,6,3,2,3
质心GChO,题-GChO-83-07-71溴代环己烷有两种椅式构象.md,False,287,367,91,12,8,3,8
质心GChO,题-GChO-83-08-81三元环是最小的环其环张力.md,False,149,204,77,3,9,17,9
质心GChO,题-GChO-83-09-氮杂环丙烷具有丰富的反应性9.md,False,204,238,48,10,24,10,24
质心UChO,题-UChO-01-01-11Ag在12K和惰性气氛中.md,False,363,361,8,18,5,0,5
质心UChO,题-UChO-01-01-11M地壳中丰度045室温下.md,False,221,19,7,14,5,0,5
质心UChO,题-UChO-01-01-11将TIF溶于KFHF溶液.md,False,254,304,61,3,0,0,0
质心UChO,题-UChO-01-01-图中的和为以六边形为基础的基.md,False,312,295,51,32,1,2,1
质心UChO,题-UChO-01-01-是一种具有特殊化学键的阳离子.md,True,181,41,41,0,0,0,0
质心UChO,题-UChO-01-01-视觉产生的机理是非常复杂的一.md,False,169,164,0,12,4,1,4
质心UChO,题-UChO-01-01-银纳米团簇的结构与性质相关性.md,False,520,759,248,27,2,1,2
质心UChO,题-UChO-01-02-21在常温常压下用的NaOH.md,False,237,421,187,25,0,0,0
质心UChO,题-UChO-01-02-21已知在一维势箱中运动的粒.md,False,126,154,31,12,1,0,1
质心UChO,题-UChO-01-02-为分别测定巴黎绿中及三价砷的.md,True,250,41,41,0,0,0,0
质心UChO,题-UChO-01-02-向含有的二甲胂酸钠缓冲溶液中.md,False,193,258,77,17,1,0,1
质心UChO,题-UChO-01-02-特殊构型一直为人们所追求譬如.md,False,457,153,131,11,11,1,11
质心UChO,题-UChO-01-02-经典的卡诺循环的pV图可如下.md,False,67,86,24,3,5,1,5
质心UChO,题-UChO-01-02-钳式配体有助于形成不常见的配.md,False,362,404,67,24,4,0,4
质心UChO,题-UChO-01-03-19世纪一种新的元素X被发现.md,True,229,41,41,0,0,0,0
质心UChO,题-UChO-01-03-31今年某课题组报道了利用有.md,False,201,27,27,0,2,2,2
质心UChO,题-UChO-01-03-31奥托循环是最常见的汽车动.md,False,695,1092,401,48,3,2,3
质心UChO,题-UChO-01-03-乙烷的脱氢反应可能以如下机理.md,False,210,220,14,47,0,0,0
质心UChO,题-UChO-01-03-关于常温下的晶体结构有以下表.md,False,244,446,213,10,2,0,2
质心UChO,题-UChO-01-03-某金属M可以用在低熔合金和电.md,False,249,44,44,4,2,0,2
质心UChO,题-UChO-01-03-现代工业上制备烷基胺主要是利.md,False,593,672,91,43,2,1,2
质心UChO,题-UChO-01-04-41以溶液为滴定剂银丝为指示.md,False,185,244,62,20,0,0,0
质心UChO,题-UChO-01-04-41氨分子在Pt表面的分解速.md,False,506,651,155,46,0,0,0
质心UChO,题-UChO-01-04-下图是某种金属复合氧化物的正.md,False,238,295,62,19,1,1,1
质心UChO,题-UChO-01-04-庚烷和224三甲基戊烷异辛烷.md,False,360,89,18,30,2,1,2
质心UChO,题-UChO-01-04-某晶体由ABCDE五种元素构.md,False,305,28,28,14,1,0,1
质心UChO,题-UChO-01-04-标准压力下Fes的熔点为18.md,False,142,179,51,29,0,0,0
质心UChO,题-UChO-01-04-由BaMnO三种元素组成的晶.md,False,347,346,18,2,3,2,3
质心UChO,题-UChO-01-05-51通常我们认为反应的速率只.md,True,436,41,41,0,0,0,0
质心UChO,题-UChO-01-05-tabletrtd1molN.md,False,222,331,142,23,0,0,0
质心UChO,题-UChO-01-05-一种由BFeNb组成的晶体晶.md,False,195,341,153,6,2,1,2
质心UChO,题-UChO-01-05-四方晶体的晶胞结构如下图所示.md,False,149,37,25,22,2,1,2
质心UChO,题-UChO-01-05-在最开始接触到化学的时候我们.md,False,922,1009,86,53,3,0,3
质心UChO,题-UChO-01-05-开发有机化合物选择性氧化的有.md,False,974,1225,262,54,4,2,4
质心UChO,题-UChO-01-05-水接受氢离子的能力称为碱度用.md,False,282,283,6,41,0,0,0
质心UChO,题-UChO-01-06-611865年德国科学家希托.md,False,435,27,27,0,2,1,2
质心UChO,题-UChO-01-06-61写出如下反应过程中的3个.md,False,39,41,14,0,4,3,4
质心UChO,题-UChO-01-06-61现在恒容密闭容器中对反应.md,False,158,282,127,15,0,1,0
质心UChO,题-UChO-01-06-61生物发光是自然界中非常有.md,False,819,988,179,21,9,7,9
质心UChO,题-UChO-01-06-61计算在溴离子平衡浓度为多.md,False,54,41,41,32,2,1,2
质心UChO,题-UChO-01-06-某有机三元酸是生物体内重要的.md,False,738,910,187,60,4,1,4
质心UChO,题-UChO-01-06-水是一种常用的反应溶剂某个反.md,False,244,26,26,13,1,0,1
质心UChO,题-UChO-01-07-Friedlnder环化是合.md,False,234,364,133,36,7,3,7
质心UChO,题-UChO-01-07-人工分子马达从生物活性蛋白这.md,False,815,953,214,2,5,5,5
质心UChO,题-UChO-01-07-元素X的氧化物是一种重要的陶.md,False,206,206,5,1,1,1,1
质心UChO,题-UChO-01-07-四元环和三元环同为高张力小环.md,False,383,27,27,0,2,4,2
质心UChO,题-UChO-01-07-有机小分子催化剂X可催化如下.md,True,128,55,55,0,0,1,0
质心UChO,题-UChO-01-07-由于芳香性的存在苯环是相当稳.md,False,260,313,72,0,8,7,8
质心UChO,题-UChO-01-07-自由基以其高活性经常能实现你.md,False,121,23,23,11,6,0,6
质心UChO,题-UChO-01-08-81写出反应过程中的重要中间.md,False,34,51,22,0,5,1,5
质心UChO,题-UChO-01-08-DA反应是全合成化学家最喜欢.md,False,418,433,27,2,19,4,19
质心UChO,题-UChO-01-08-上面这两王粒都合成过高张力小.md,False,327,449,134,5,9,2,9
质心UChO,题-UChO-01-08-五元芳香杂环是有机化学中一类.md,True,172,41,41,0,0,4,0
质心UChO,题-UChO-01-08-我们先来认识一个牛逼的手性催.md,False,133,195,78,0,14,6,14
质心UChO,题-UChO-01-08-有机化合物的反应性的核心是官.md,False,373,91,39,10,10,2,10
质心UChO,题-UChO-01-08-环丙烷在一定程度上具有与双键.md,False,308,348,60,13,18,7,18
质心UChO,题-UChO-01-09-出题老师不想编背景了大家直接.md,False,65,150,90,1,2,1,2
质心UChO,题-UChO-01-09-羰基是基础有机化学中最核心的.md,False,996,1017,98,7,32,11,32
质心UChO,题-UChO-01-10-碎米桠Rabdosirube.md,False,172,219,59,0,3,1,3
质心UChO,题-UChO-02-01-11ReSPhCCPhS是第.md,False,383,81,81,3,9,3,9
质心UChO,题-UChO-02-01-11二氯磷腈是一种用途广泛的.md,False,199,27,27,0,2,3,2
质心UChO,题-UChO-02-01-11某种配合物可由配体与醋酸.md,False,798,906,348,51,6,2,6
质心UChO,题-UChO-02-01-11碳单质与氧气在一定条件下.md,False,636,926,313,51,2,0,2
质心UChO,题-UChO-02-01-低周期副族元素原子或离子的磁.md,False,488,671,196,104,3,1,3
质心UChO,题-UChO-02-01-在一定配位环境下的金属离子可.md,False,501,503,7,11,10,1,10
质心UChO,题-UChO-02-01-的活化和还原一直是化学家面临.md,False,264,41,41,8,3,0,3
质心UChO,题-UChO-02-02-21三价铂的一种碱式硫酸盐具.md,False,447,587,147,23,3,0,3
质心UChO,题-UChO-02-02-21下图是三种常见气体的分子.md,False,792,25,25,9,3,1,3
质心UChO,题-UChO-02-02-21现将和放入一体积为的真空.md,True,238,41,41,0,0,0,0
质心UChO,题-UChO-02-02-21给出XY的元素符号和中性.md,False,388,67,12,8,0,0,0
质心UChO,题-UChO-02-02-含有脒基的化合物如下所示在无.md,False,280,383,114,6,7,1,7
质心UChO,题-UChO-02-02-提到重氮你第一时间想到的是什.md,False,657,659,19,18,11,5,11
质心UChO,题-UChO-02-02-热力学与动力学在体内如配体受.md,False,541,587,55,63,2,2,2
质心UChO,题-UChO-02-03-31InAuO晶体中沿c方向.md,False,263,44,35,16,5,0,5
质心UChO,题-UChO-02-03-31半导体高分子纳米材料可用.md,True,131,55,55,0,0,1,0
质心UChO,题-UChO-02-03-31现已知为深红色当其浓度大.md,False,142,143,4,22,0,0,0
质心UChO,题-UChO-02-03-31苯和萘在液态时能形成理想.md,False,538,931,396,36,0,0,0
质心UChO,题-UChO-02-03-A立方晶系所有的空间环境相同.md,False,315,438,167,20,2,0,2
质心UChO,题-UChO-02-03-在时测得气相基元反应的速率常.md,False,365,449,97,27,0,0,0
质心UChO,题-UChO-02-03-某种Ta的氧化物的晶胞结构如.md,False,274,271,11,5,1,1,1
质心UChO,题-UChO-02-04-41今年有科学家报道了一种利.md,False,513,644,134,6,11,9,11
质心UChO,题-UChO-02-04-在晶体学中我们唱可以通过晶体.md,False,400,104,50,7,3,0,3
质心UChO,题-UChO-02-04-某种矿石最开始在俄罗斯被发现.md,False,571,787,232,19,0,0,0
质心UChO,题-UChO-02-04-氧气分子有时在细胞内以超氧根.md,True,271,41,41,0,0,0,0
质心UChO,题-UChO-02-04-由LuMnO三种元素组成的晶.md,False,397,468,62,5,1,1,1
质心UChO,题-UChO-02-04-电池在室温附近电动势与温度满.md,False,78,69,0,11,1,0,1
质心UChO,题-UChO-02-04-自由基聚合是一种很重要的高分.md,False,507,681,178,44,0,0,0
质心UChO,题-UChO-02-05-51用EDTA标准溶液分别滴.md,True,264,41,41,0,0,0,0
质心UChO,题-UChO-02-05-51碘作催化剂时氯苯与氯气在.md,False,172,322,153,23,0,0,0
质心UChO,题-UChO-02-05-和以19反应可生成三种产物A.md,True,153,41,41,0,0,0,0
质心UChO,题-UChO-02-05-对于一些结构复杂的晶体我们可.md,False,150,178,32,9,3,4,3
质心UChO,题-UChO-02-05-对于含Be的某三元化合物G进.md,False,232,272,54,13,1,0,1
质心UChO,题-UChO-02-05-已知在298K下的电势图pH.md,False,300,469,181,54,1,0,1
质心UChO,题-UChO-02-05-恒定温度下表面覆盖度与气压的.md,False,588,768,189,52,5,3,5
质心UChO,题-UChO-02-06-61制冷剂在冰箱和空调里都是.md,False,700,817,233,65,3,2,3
质心UChO,题-UChO-02-06-下图为一种实验室制备水合茚三.md,False,74,24,24,1,5,0,5
质心UChO,题-UChO-02-06-众所周知ZCHEM考试是有传.md,False,246,331,100,6,30,9,30
质心UChO,题-UChO-02-06-分子镊子MolecularT.md,False,579,932,351,82,2,1,2
质心UChO,题-UChO-02-06-含氮多环结构是一类重要的生物.md,False,184,27,27,0,2,2,2
质心UChO,题-UChO-02-06-如下是一个P催化的反应61写.md,False,90,68,5,7,4,2,4
质心UChO,题-UChO-02-06-如下是一个含有手性碳的五元环.md,False,86,13,4,1,7,1,7
质心UChO,题-UChO-02-07-2021年美国芝加哥大学的M.md,False,286,27,27,0,2,13,2
质心UChO,题-UChO-02-07-天然产物Clionastat.md,True,75,35,35,0,0,1,0
质心UChO,题-UChO-02-07-是一种经典的Lewis酸与其.md,False,283,285,25,8,6,5,6
质心UChO,题-UChO-02-07-有机小分子催化是有机合成方法.md,False,155,32,1,6,3,4,3
质心UChO,题-UChO-02-07-烯丙位是有机化合物中相对活泼.md,False,430,568,145,6,7,3,7
质心UChO,题-UChO-02-07-环加成反应一般发生在体系之间.md,False,162,193,52,3,6,2,6
质心UChO,题-UChO-02-08-Clickchemistry.md,False,262,335,80,7,3,2,3
质心UChO,题-UChO-02-08-亚砜是有机化学中重要的官能团.md,False,466,651,194,12,17,2,17
质心UChO,题-UChO-02-08-杂萜类化合物是一类重要的天然.md,False,337,27,27,0,2,2,2
质心UChO,题-UChO-02-08-氮杂环卡宾NHC是重要的有机.md,False,143,77,0,1,3,5,3
质心UChO,题-UChO-02-08-羰基位的卤化反应是有机化学中.md,False,456,203,190,9,7,8,7
质心UChO,题-UChO-02-09-在有机化学中碳碳sigma键.md,False,482,480,58,3,15,3,15
质心UChO,题-UChO-10-07-六氟异丙醇H.md,False,788,920,138,30,12,6,12
质心UChO,题-UChO-15-UChO-01-独居石CeLaNdThPO和.md,True,1303,35,35,0,0,0,0
质心UChO,题-UChO-15-UChO-02-尼奥斯湖位于非洲喀麦隆西北部.md,True,395,35,35,0,0,0,0
质心UChO,题-UChO-15-UChO-03-熊大站在一棵树旁聚精会神地向.md,True,756,39,39,0,0,0,0
质心UChO,题-UChO-15-UChO-04-具有特殊光学性质的晶体一直是.md,True,787,35,35,0,0,4,0
质心UChO,题-UChO-15-UChO-05-本题中的气体都视作理想气体5.md,True,545,35,35,0,0,0,0
质心UChO,题-UChO-15-UChO-06-DNA是一种由核苷酸组成的长.md,True,655,35,35,0,0,1,0
质心UChO,题-UChO-15-UChO-07-虽然不一定合理但答题时本题所.md,True,760,35,35,0,0,1,0
质心UChO,题-UChO-15-UChO-08-Friedlnder环化是合.md,True,238,55,55,0,0,3,0
质心UChO,题-UChO-15-UChO-09-重排反应是有机化学中最为神奇.md,True,661,35,35,0,0,5,0
质心UChO,题-UChO-15-UChO-10-立体化学是有机化学学习的重点.md,True,130,35,35,0,0,2,0
质心UChO,题-UChO-16-UChO-01-1960年第一例含SNF的化.md,False,690,785,98,15,8,0,8
质心UChO,题-UChO-16-UChO-02-钽试剂N苯甲酰N苯基羟胺BH.md,False,659,821,161,15,2,0,2
质心UChO,题-UChO-16-UChO-03-31现拟采用催化氧化的方法制.md,False,427,745,334,66,1,0,1
质心UChO,题-UChO-16-UChO-04-现有一均相酸催化反应在酸性溶.md,False,294,744,447,56,0,0,0
质心UChO,题-UChO-16-UChO-05-在弱碱性的缓冲体系中向钼VI.md,False,292,482,195,13,1,0,1
质心UChO,题-UChO-16-UChO-06-较高温度下用液态的钾和石墨接.md,False,361,416,62,8,2,2,2
质心UChO,题-UChO-16-UChO-07-硅和碳是同一族的元素在性质上.md,False,281,478,221,6,10,3,10
质心UChO,题-UChO-16-UChO-08-Pallambins是一类从.md,False,157,149,20,1,8,1,8
质心UChO,题-UChO-17-UChO-01-已知石膏的脱水反应mathr.md,False,950,357,232,77,0,0,0
质心UChO,题-UChO-17-UChO-03-甲醛法是一种常用的测定有机物.md,False,313,469,179,27,0,0,0
质心UChO,题-UChO-17-UChO-04-411960年Wacker开.md,False,356,509,156,27,0,0,0
质心UChO,题-UChO-17-UChO-05-自石墨烯的发现以来二维层型材.md,False,427,468,63,8,4,3,4
质心UChO,题-UChO-17-UChO-06-化合物A为某无色晶体易溶于水.md,False,206,643,442,14,4,0,4
质心UChO,题-UChO-17-UChO-07-Nazarov环化反应可以广.md,False,207,383,349,3,3,2,3
质心UChO,题-UChO-17-UChO-08-天然产物Vinigrol具有.md,False,137,27,27,0,2,1,2
质心UChO,题-UChO-17-UChO-09-亚砜类化合物是有机合成中非常.md,False,302,405,108,2,4,4,4
