机构,题卡,档,r,s,e,答案字数
2ChO,题-2ChO-01-01-11从Au矿中提取Au的一种.md,有答案,0.709,0,0,2078
2ChO,题-2ChO-01-02-在制备晶体时加入了部分离子置.md,有答案,0.552,0,0,1688
2ChO,题-2ChO-01-03-一种基于氧化还原靶向反应的液.md,有答案,0.685,0,0,2717
2ChO,题-2ChO-01-04-在苯溶液中将105mmolT.md,有答案,0.609,0,1,1689
2ChO,题-2ChO-01-05-51化合物A可用作炸药将亚硝.md,有答案,0.691,0,0,2396
2ChO,题-2ChO-01-06-下面介绍了两种与U和Al有关.md,有答案,0.65,0,0,3130
2ChO,题-2ChO-01-07-氧化磷酸化是能源物质在体内氧.md,有答案,0.393,0,0,3141
2ChO,题-2ChO-01-08-对题目81至85所提问题进行.md,有答案,0.541,0,0,1849
2ChO,题-2ChO-01-09-在有机化学的学习中我们似乎把.md,有答案,0.753,0,0,5027
2ChO,题-2ChO-01-10-101光可以激发一些化学键试.md,有答案,0.787,0,2,2552
2ChO,题-2ChO-02-01-自从1849年Frankla.md,无答案文件,,,,0
2ChO,题-2ChO-02-02-已知X为一种碱式二水合硫酸锰.md,无答案文件,,,,0
2ChO,题-2ChO-02-03-离子去除电池BDI可将海水中.md,无答案文件,,,,0
2ChO,题-2ChO-02-04-化合物A与在温和条件下可以生.md,无答案文件,,,,0
2ChO,题-2ChO-02-05-对分子中的某些点位进行精确修.md,无答案文件,,,,0
2ChO,题-2ChO-02-06-2023年2月9日来自Cal.md,无答案文件,,,,0
2ChO,题-2ChO-02-07-在分子被激发到单线态激发态后.md,无答案文件,,,,0
2ChO,题-2ChO-02-08-81BaeyerVillig.md,无答案文件,,,,0
2ChO,题-2ChO-02-09-91以下物质在使用不同还原剂.md,无答案文件,,,,0
2ChO,题-2ChO-02-10-101一种不带电反应中间体可.md,无答案文件,,,,0
2ChO,题-2ChO-03-01-11次氯酸钠可用于区分As和.md,有答案,0.745,0,0,2810
2ChO,题-2ChO-03-02-注本题所涉及的n配位指配位原.md,有答案,0.567,0,0,3390
2ChO,题-2ChO-03-03-全球塑料生产量在2021年达.md,有答案,0.631,0,0,2860
2ChO,题-2ChO-03-04-尺寸排阻色谱SEC常用于大分.md,有答案,0.642,0,0,3513
2ChO,题-2ChO-03-05-51一种晶体沿b轴和c轴的投.md,有答案,0.686,0,1,4268
2ChO,题-2ChO-03-06-岩石一般是一种或多种矿物的混.md,有答案,0.576,0,1,7000
2ChO,题-2ChO-03-07-71随着能源需求的增长和全球.md,有答案,0.448,0,0,7124
2ChO,题-2ChO-03-08-81下面三种负离子中碱性最强.md,有答案,0.743,0,0,2685
2ChO,题-2ChO-03-09-2004年来自Univers.md,有答案,0.694,0,1,2536
2ChO,题-2ChO-03-10-1011909年HFried.md,有答案,0.673,0,0,3152
2ChO,题-2ChO-04-01-18世纪奥地利化学家FJMl.md,有答案,0.841,0,0,5367
2ChO,题-2ChO-04-02-21在滴定分析中的最佳搭档是.md,有答案,0.786,0,0,6082
2ChO,题-2ChO-04-03-机械力诱导发光是指材料在拉伸.md,有答案,0.74,0,1,5135
2ChO,题-2ChO-04-04-表面活性剂分子surfact.md,有答案,0.546,0,0,4416
2ChO,题-2ChO-04-05-51金红石是典型的四方晶体类.md,有答案,0.74,0,0,5100
2ChO,题-2ChO-04-06-TPP即5101520四苯基.md,有答案,0.722,0,0,4384
2ChO,题-2ChO-04-07-beginarrayllte.md,有答案,0.638,0,0,8577
2ChO,题-2ChO-04-08-81下列化合物中碱性最强的是.md,有答案,0.747,0,1,3260
2ChO,题-2ChO-04-09-91在THF溶剂中下列碱金属.md,有答案,0.837,0,1,7962
2ChO,题-2ChO-04-10-101以下反应将酮首先转化为.md,有答案,0.768,0,0,5648
2ChO,题-2ChO-05-01-历史上人类对于矿物的开采和应.md,无答案文件,,,,0
2ChO,题-2ChO-05-02-在酸性水溶液中使用化学氧化或.md,无答案文件,,,,0
2ChO,题-2ChO-05-03-一种钠离子电池的阳极为固体在.md,无答案文件,,,,0
2ChO,题-2ChO-05-04-磷酸盐在工业生产食品添加剂等.md,无答案文件,,,,0
2ChO,题-2ChO-05-05-本题的化学式要求用M表示并约.md,无答案文件,,,,0
2ChO,题-2ChO-05-06-微液滴Microdrople.md,无答案文件,,,,0
2ChO,题-2ChO-05-07-爆炸是某一物质系统在发生迅速.md,无答案文件,,,,0
2ChO,题-2ChO-05-08-81在研究正丁烷的构象时以C.md,无答案文件,,,,0
2ChO,题-2ChO-05-09-91安息香缩合反应相信大家都.md,无答案文件,,,,0
2ChO,题-2ChO-05-10-101磺酰亚胺基团是有机中一.md,无答案文件,,,,0
2ChO,题-2ChO-06-01-炼金术的发展离不开中外学者的.md,无答案文件,,,,0
2ChO,题-2ChO-06-02-指南针Compass是一种简.md,无答案文件,,,,0
2ChO,题-2ChO-06-03-HMDI是一种常见的聚合反应.md,无答案文件,,,,0
2ChO,题-2ChO-06-04-锡的测定常用碘酸钾滴定法其过.md,无答案文件,,,,0
2ChO,题-2ChO-06-05-51CuSe的晶体X具有层状.md,无答案文件,,,,0
2ChO,题-2ChO-06-06-离子色谱IC是分析水相中阴阳.md,无答案文件,,,,0
2ChO,题-2ChO-06-07-2023年4月28日来自Un.md,无答案文件,,,,0
2ChO,题-2ChO-06-08-81气态甲醛主要以单体形式存.md,无答案文件,,,,0
2ChO,题-2ChO-06-09-氮丙啶Aziridine是一.md,无答案文件,,,,0
2ChO,题-2ChO-06-10-与传统离子型环化反应相比自由.md,无答案文件,,,,0
chemy,题-CM-05-01-火星是距离太阳第四近的行星也.md,有答案,0.414,18,0,2545
chemy,题-CM-05-02-化合物X的组成为为正整数将X.md,有答案,0.73,10,2,2084
chemy,题-CM-05-03-一些海洋生物可以分泌粘附蛋白.md,有答案,0.683,7,0,1422
chemy,题-CM-05-04-从含有MIV的盐酸溶液中经蒸.md,有答案,0.387,22,0,2883
chemy,题-CM-05-05-将配成68mmolL的无水乙.md,有答案,0.479,18,2,2304
chemy,题-CM-05-06-熔化的钢液中通常含有溶解的氢.md,有答案,0.615,22,0,3760
chemy,题-CM-05-07-由铁与dmpe化学式为以及配.md,有答案,0.28,13,1,1692
chemy,题-CM-05-08-81在甲烷分子中的HCH键角.md,有答案,0.822,45,0,9927
chemy,题-CM-05-09-在以下反应中当两套体系双键或.md,无答案文件,,,,0
chemy,题-CM-05-10-烯酮在有机化学中是一种关键的.md,无答案文件,,,,0
chemy,题-CM-10-01-11固态的为层状结构层内硼酸.md,有答案,0.533,8,0,3169
chemy,题-CM-10-02-1925年LTschugaj.md,有答案,0.494,17,0,3654
chemy,题-CM-10-03-31的制备过程如下称取和于锥.md,有答案,0.476,13,0,3356
chemy,题-CM-10-04-M是一种多彩的元素它的许多化.md,有答案,0.524,17,0,4381
chemy,题-CM-10-05-基于YSZ的氧气传感器在包括.md,有答案,0.453,17,1,4328
chemy,题-CM-10-06-链状化合物环化时当链中有偕二.md,有答案,0.426,8,0,2389
chemy,题-CM-10-07-是一种强有机硼Lewis酸具.md,有答案,0.501,6,2,4372
chemy,题-CM-10-08-81吡啶氧化物可通过三氯氧磷.md,有答案,0.539,10,0,1874
chemy,题-CM-11-01-三氯化铬的四氢呋喃THF合物.md,有答案,0.696,10,2,1706
chemy,题-CM-11-02-将溴化铵与三溴化锑在浓溴化氢.md,有答案,0.422,13,1,2085
chemy,题-CM-11-03-称取05363g二氧化硒溶于.md,有答案,0.538,8,2,1129
chemy,题-CM-11-04-在冬季北极地区的温度可达到2.md,有答案,0.479,8,1,1253
chemy,题-CM-11-05-51在聚合物中柔顺性定义为高.md,有答案,0.203,6,1,985
chemy,题-CM-11-06-61通过一些反应可以得到含有.md,有答案,0.309,15,1,3431
chemy,题-CM-11-07-可以利用NO和气体在恒温恒压.md,有答案,0.675,11,0,1300
chemy,题-CM-11-08-逻辑门本身是处理一个或多个输.md,有答案,0.324,11,2,3988
chemy,题-CM-11-09-91胺的碱性与多种因素有关对.md,有答案,0.329,4,0,3040
chemy,题-CM-11-10-2乙烯基氮杂环化合物和异氰酸.md,有答案,0.629,6,2,2171
chemy,题-CM-11-11-在环系结构和原子间位置合适时.md,有答案,1.0,0,0,777
chemy,题-CM-12-01-第四周期金属元素X和第二周期.md,有答案,0.397,17,1,1729
chemy,题-CM-12-02-如下图所示在二氯甲烷溶液中分.md,有答案,0.389,23,0,3321
chemy,题-CM-12-03-31有机化学中炔基正离子是一.md,有答案,0.316,7,1,1677
chemy,题-CM-12-04-41雌黄雄黄均是砷的硫化物矿.md,有答案,0.349,13,0,3250
chemy,题-CM-12-05-DNA碱基之间的特异性配对即.md,有答案,0.721,31,2,6165
chemy,题-CM-12-06-在乙腈中将和三苯基环丙烯基氯.md,无答案文件,,,,0
chemy,题-CM-12-07-71近年人们发现高压下可以制.md,有答案,0.514,12,1,3120
chemy,题-CM-12-08-81一般地可通过化学键均裂时.md,有答案,0.092,3,0,2831
chemy,题-CM-12-09-周环反应是一种没有明显电性的.md,有答案,0.557,5,1,1968
chemy,题-CM-12-10-101通过高价碘试剂能将对位.md,有答案,0.172,2,0,1716
chemy,题-CM-13-01-有些过渡金属的阳离子在水溶液.md,有答案,0.399,3,1,3115
chemy,题-CM-13-02-通过和混合加热可制得钙钛矿型.md,有答案,0.667,11,2,1396
chemy,题-CM-13-03-在下的二甲基甲酰胺溶剂中带有.md,有答案,0.47,11,1,2689
chemy,题-CM-13-04-Ru的配合物X组成为其中dp.md,有答案,0.505,14,0,1513
chemy,题-CM-13-05-人们研究了一系列化学式为其中.md,有答案,0.541,32,0,3363
chemy,题-CM-13-06-可以通过吸附法测定某微球硅酸.md,有答案,0.374,10,0,2843
chemy,题-CM-13-07-黄铁矿是一种二硫化物矿物化学.md,有答案,0.49,19,1,3390
chemy,题-CM-13-08-81酰胺的CN键会产生顺反异.md,有答案,0.257,8,0,4141
chemy,题-CM-13-09-在右图所示的Grubbs催化.md,有答案,0.116,3,0,1619
chemy,题-CM-13-10-骨架编辑被认为在药物开发中有.md,有答案,0.723,14,0,4927
chemy,题-CM-14-01-以硫和氮为骨架可以组成多种多.md,有答案,0.329,3,1,2185
chemy,题-CM-14-02-0时向饱和溶液中通入加入KO.md,有答案,0.697,8,1,5648
chemy,题-CM-14-03-由于与重卤原子的亲和性As的.md,有答案,0.268,8,1,2627
chemy,题-CM-14-04-第111号元素轮是第七周期超.md,有答案,0.341,12,1,5408
chemy,题-CM-14-05-在高温下含有七并五环系的芳稠.md,有答案,0.644,8,0,4955
chemy,题-CM-14-06-硼和碳是周期表中唯二可形成大.md,有答案,0.478,12,1,4362
chemy,题-CM-14-07-键角是反映分子空间结构的重要.md,有答案,0.782,2,0,2184
chemy,题-CM-14-08-SculponinU是一种贝.md,有答案,0.11,4,0,2406
chemy,题-CM-14-09-早在1967年人们就已经成功.md,有答案,0.287,5,0,3482
chemy,题-CM-15-01-中国陶瓷艺术中的青花瓷以其幽.md,有答案,0.633,14,2,5310
chemy,题-CM-15-02-211963年科学家在研究铋.md,有答案,0.207,11,0,2625
chemy,题-CM-15-03-癌症是影响人类生活健康的一大.md,有答案,0.382,16,1,4798
chemy,题-CM-15-04-合金纳米团簇具有原子级精确的.md,有答案,0.57,11,0,3329
chemy,题-CM-15-05-工业染料废水的高效处理是环境.md,有答案,0.449,23,1,7023
chemy,题-CM-15-06-受限于光的衍射极限传统光学显.md,有答案,0.287,16,0,4578
chemy,题-CM-15-07-71同位素标记实验常被用于研.md,有答案,0.252,10,0,2660
chemy,题-CM-15-08-核酸酶如CRISPRCas9.md,有答案,0.251,7,0,2853
chemy,题-CM-15-09-重氮酯类化合物是有机合成中重.md,有答案,0.089,6,0,2018
chemy,题-CM-16-01-Bluehasnodimen.md,有答案,0.562,11,0,3010
chemy,题-CM-16-02-通过热解M和N叔丁基异丁酰胺.md,有答案,0.478,15,0,1863
chemy,题-CM-16-03-中国新能源汽车产业发展规划2.md,有答案,0.571,23,1,3711
chemy,题-CM-16-04-电解水过程中阳极处的析氧反应.md,有答案,0.534,10,0,3503
chemy,题-CM-16-05-清华大学某课题组使用缓慢还原.md,有答案,0.216,11,0,1182
chemy,题-CM-16-06-三核氧心过渡金属羧酸配合物的.md,有答案,0.277,12,0,3656
chemy,题-CM-16-07-氮杂环卡宾NHeterocy.md,有答案,0.549,16,0,2516
chemy,题-CM-16-08-NN二取代羟胺和丙炔酸甲酯在.md,有答案,0.259,9,0,1341
chemy,题-CM-16-09-底物A和酮酯在TMSOTf催.md,有答案,0.175,6,0,1335
chemy,题-CM-16-10-2015年有课题组发现如下化.md,有答案,0.465,4,0,802
chemy,题-CM-17-01-11醋酸铍有多种碱式盐其中最.md,有答案,0.588,14,1,2579
chemy,题-CM-17-02-锂离子电池技术的进步极大地推.md,有答案,0.681,29,2,3907
chemy,题-CM-17-03-31砷的氰化物在一百多年前就.md,无答案文件,,,,0
chemy,题-CM-17-04-将银盐A含银与浓度为的HCl.md,有答案,0.574,8,1,1215
chemy,题-CM-17-05-51在气相的硫单质中存在着等.md,有答案,0.765,28,1,5586
chemy,题-CM-17-08-烷烃构象中的取代基排斥不仅取.md,有答案,0.79,8,1,3116
chemy,题-CM-17-09-如下所示以下联烯在肼的存在下.md,有答案,0.146,6,0,1354
chemy,题-CM-17-10-101众所周知三价锰虽然在水.md,有答案,0.506,7,0,3265
chemy,题-CM-18-01-以仁慈与智慧之神圣名我在库法.md,有答案,0.646,9,1,2712
chemy,题-CM-18-02-低价锑化合物为键活化与催化反.md,有答案,0.289,15,1,2122
chemy,题-CM-18-03-水系有机液流电池AORFBs.md,有答案,0.451,14,0,4159
chemy,题-CM-18-04-甲基丙烯酸酯基聚合物在现代生.md,有答案,0.235,11,0,1972
chemy,题-CM-18-05-磷酸是化学中常用的三元酸被广.md,有答案,0.534,10,0,5576
chemy,题-CM-18-06-酚酞是分析化学中常见的酸碱滴.md,有答案,0.642,16,0,5702
chemy,题-CM-18-07-氮叶立德是有机化学中一类常见.md,有答案,0.473,10,0,1265
chemy,题-CM-18-08-开发出能够在单一操作中高效且.md,有答案,0.185,9,0,1974
chemy,题-CM-18-09-大环化合物Macrocycl.md,有答案,0.304,21,0,2700
chemy,题-CM-19-01-一氟化硼BF是由硼与氟元素形.md,有答案,0.392,10,0,2496
chemy,题-CM-19-02-苯与六氟代苯能形成加合物晶体.md,有答案,0.5,16,0,1518
chemy,题-CM-19-03-硅具有与碳类似但又有不同的成.md,有答案,0.186,6,0,3408
chemy,题-CM-19-04-随着居民生活水平的提高坚果作.md,有答案,0.545,17,2,2275
chemy,题-CM-19-05-X射线衍射XRD通过使化合物.md,有答案,0.509,18,0,4289
chemy,题-CM-19-06-61量子力学理论认为所有具有.md,有答案,0.589,22,0,2498
chemy,题-CM-19-07-电势pH图是无机化学中具有重.md,有答案,0.441,3,1,966
chemy,题-CM-19-08-81有一种工业上由乙烯与氯气.md,有答案,0.631,16,0,2960
chemy,题-CM-19-09-91电子相对于原子核来说占据.md,有答案,0.451,23,1,3075
chemy,题-CM-20-01-11选出如下反应的主要产物1.md,有答案,0.134,8,0,2184
chemy,题-CM-20-03-环丁酮是有机合成中的重质中相.md,有答案,0.131,6,0,2053
chemy,题-CM-20-04-自牺牲高分子Selfimmo.md,有答案,0.034,2,0,1204
chemy,题-CM-20-05-大肠杆菌色氨酸合酶由2个亚基.md,有答案,0.052,5,0,1531
chemy,题-CM-20-06-在卤代烃的亲核取代反应中反应.md,有答案,0.351,9,0,2752
chemy,题-CM-20-07-71画出如下反应产物A的结构.md,有答案,0.0,5,0,1639
chemy,题-CM-20-08-第36届中国化学奥林匹克竞赛.md,有答案,0.111,8,0,3196
chemy,题-CM-21-01-11化学式为的配合物也被称为.md,有答案,0.413,11,1,3013
chemy,题-CM-21-02-花色素苷Anthocyani.md,有答案,0.713,3,0,6777
chemy,题-CM-21-03-312026年德国萨尔大学的.md,有答案,0.314,10,0,1723
chemy,题-CM-21-04-高熵材料指混合多种金属元素的.md,有答案,0.539,8,1,2812
chemy,题-CM-21-05-作为一种温室气体的大量排放将.md,有答案,0.721,11,1,7116
chemy,题-CM-21-06-有课题组通过以下反应合成了笼.md,有答案,0.532,7,0,2856
chemy,题-CM-21-07-Corey课题组开发了以下酰.md,有答案,0.318,4,0,1739
chemy,题-CM-21-08-氮杂环庚烷azepanes是.md,有答案,0.457,9,0,4454
chemy,题-CM-22-01-氧化钢锡ITO是一种广泛应用.md,有答案,0.574,18,0,2866
chemy,题-CM-22-02-氟化物A可以和硫单质反应生成.md,有答案,0.385,6,1,2931
chemy,题-CM-22-03-受阻Lewis酸碱对FLPs.md,有答案,0.281,6,0,1670
chemy,题-CM-22-04-2010年美国西北大学的JF.md,有答案,0.449,15,1,3506
chemy,题-CM-22-05-苯酚是化工中常用的有机底物之.md,有答案,0.489,13,2,2926
chemy,题-CM-22-06-哈珀博世法是目前各个国家合成.md,有答案,0.663,30,1,5456
chemy,题-CM-22-07-Phenytoin苯妥英是一.md,有答案,0.189,10,0,2534
chemy,题-CM-22-08-811873年Wallach.md,有答案,0.362,1,0,950
chemy,题-CM-22-09-氟原子在天然产物中极为罕见但.md,有答案,0.185,7,0,2492
chemy,题-CM-41-01-测定氨基酸含量时可以采用酸碱.md,无答案文件,,,,0
chemy,题-CM-41-02-21在无水氟化氢中将和按摩尔.md,无答案文件,,,,0
chemy,题-CM-41-03-硼是一种易形成多中心键和原子.md,无答案文件,,,,0
chemy,题-CM-41-04-一氧化二硫为无色气体遇冷变为.md,无答案文件,,,,0
chemy,题-CM-41-05-将配体结构如下左图与按一定的.md,无答案文件,,,,0
chemy,题-CM-41-06-有一顺磁性物质的单位体积内有.md,无答案文件,,,,0
chemy,题-CM-41-07-71石墨合成立方金刚石的物理.md,无答案文件,,,,0
chemy,题-CM-41-08-81通过不同的反应条件可以控.md,无答案文件,,,,0
chemy,题-CM-41-09-通过以下反应得到化合物X其化.md,无答案文件,,,,0
chemy,题-CM-41-10-01对以下化合物在酸性条件下.md,无答案文件,,,,0
chemy,题-CM-42-01-DNA是对生命现象非常重要的.md,无答案文件,,,,0
chemy,题-CM-42-02-无水氟化氢HF是无机化学中常.md,无答案文件,,,,0
chemy,题-CM-42-03-31臭氧是角形分子电偶极矩为.md,无答案文件,,,,0
chemy,题-CM-42-04-41在离子Mn3CO14中3.md,无答案文件,,,,0
chemy,题-CM-42-05-51工业制氧在目前深冷分离法.md,无答案文件,,,,0
chemy,题-CM-42-06-铁氮化物因具有良好的磁学性质.md,无答案文件,,,,0
chemy,题-CM-42-07-莫比乌斯环是一种具有代表性的.md,无答案文件,,,,0
chemy,题-CM-42-08-同芳香性指环状化合物中至少一.md,无答案文件,,,,0
XeChem,题-XeC-01-01-二萜entkaurene家族.md,无答案文件,,,,0
XeChem,题-XeC-06-01-11OCP离子是重要的含P杂.md,有答案,0.923,5,2,10791
XeChem,题-XeC-06-02-是地球上最主要且最具成本效益.md,无答案文件,,,,0
XeChem,题-XeC-06-03-自从1888年德国科学家瓦尔.md,无答案文件,,,,0
XeChem,题-XeC-06-05-51铜中心在多种生物过程中发.md,有答案,0.854,0,1,2270
XeChem,题-XeC-06-06-61近日香港城市大学卢振品课.md,有答案,0.97,1,0,1814
XeChem,题-XeC-06-07-71分子活性的精准调控是化学.md,有答案,0.942,0,0,2001
XeChem,题-XeC-06-08-画出重排成腙衍生物过程中的关.md,有答案,0.909,1,0,845
XeChem,题-XeC-06-09-已知反应经历了中环螯合环中间.md,有答案,0.409,1,0,2648
XeChem,题-XeC-07-01-11如下配体在去质子后与一当.md,有答案,0.128,2,0,1459
XeChem,题-XeC-07-04-beginarraycmat.md,有答案,1.0,11,0,2792
XeChem,题-XeC-07-05-五唑阴离子是极具应用价值的全.md,有答案,0.673,13,0,6656
XeChem,题-XeC-07-07-第40届XeChem初装模拟.md,无答案文件,,,,0
XeChem,题-XeC-07-08-题.md,有答案,1.0,1,0,1496
XeChem,题-XeC-08-01-光合作用是人们最熟知的能量来.md,无答案文件,,,,0
XeChem,题-XeC-08-02-是一种典型的低价硅物种在Si.md,无答案文件,,,,0
XeChem,题-XeC-08-03-无机磷酸盐过量是水体富营养化.md,无答案文件,,,,0
XeChem,题-XeC-08-04-属于六方晶系Al原子层内按最.md,无答案文件,,,,0
XeChem,题-XeC-08-05-TEMPOHTEMPO的氧化.md,无答案文件,,,,0
XeChem,题-XeC-08-06-自发现以来近70年间异头碳效.md,无答案文件,,,,0
XeChem,题-XeC-08-07-常见的化学反应流程叙述中后处.md,无答案文件,,,,0
XeChem,题-XeC-08-08-TrigTrigocherr.md,无答案文件,,,,0
XeChem,题-XeC-09-01-氮丙啶作为一类重要的含氮杂环.md,无答案文件,,,,0
XeChem,题-XeC-09-02-苯炔插入反应作为有机合成领域.md,无答案文件,,,,0
XeChem,题-XeC-09-03-异构现象是有机化学领域中普遍.md,无答案文件,,,,0
XeChem,题-XeC-09-04-芳香化驱动反应以芳香化过程释.md,无答案文件,,,,0
XeChem,题-XeC-09-05-杂芳烃硝基苯吡啶喹啉等是有机.md,无答案文件,,,,0
XeChem,题-XeC-09-06-cotylenol是fusi.md,无答案文件,,,,0
XeChem,题-XeC-11-01-由于化学材料的丰富性易获得性.md,有答案,0.458,6,0,1920
XeChem,题-XeC-11-02-荧光强度随时间衰减的快慢可以.md,有答案,0.557,1,0,461
XeChem,题-XeC-11-03-Valleyite是一种稀有.md,有答案,0.952,16,1,10454
XeChem,题-XeC-11-04-阿伏伽德罗常数是物理化学和分.md,无答案文件,,,,0
XeChem,题-XeC-11-05-硅的掺入能降低表面能显著改变.md,无答案文件,,,,0
XeChem,题-XeC-11-06-环对苯撑cycloparap.md,无答案文件,,,,0
XeChem,题-XeC-11-07-异二氮烯Isodiazene.md,有答案,0.251,10,0,5779
XeChem,题-XeC-11-08-81在天然产物和合成药物中中.md,有答案,0.299,6,0,2387
XeChem,题-XeC-12-01-在我们通常的认知里布拉维点阵.md,有答案,0.395,1,0,3035
XeChem,题-XeC-12-01-辉锑矿是自然界中最重要的锑矿.md,有答案,0.5,9,1,1790
XeChem,题-XeC-12-02-在初学晶体的时候我们通常能见.md,有答案,0.518,19,0,2973
XeChem,题-XeC-12-02-金属有机框架MOF材料由金属.md,有答案,0.393,7,1,5288
XeChem,题-XeC-12-03-是一种极其常见的矿物其常见晶.md,有答案,0.555,18,1,5157
XeChem,题-XeC-12-03-聚苯乙烯PS是一种脆性塑料常.md,有答案,0.135,5,0,1167
XeChem,题-XeC-12-04-铅PbZ82有四种稳定同位素.md,有答案,0.355,8,0,3760
XeChem,题-XeC-12-05-CH键的胺化反应是现代有机合.md,有答案,0.447,11,0,3736
XeChem,题-XeC-12-05-根据MJansen在2000.md,有答案,0.688,13,0,2797
XeChem,题-XeC-12-06-611偶氮化合物在光照下分解.md,有答案,0.565,4,0,2151
XeChem,题-XeC-12-06-61写出必要的过程辅助你推导.md,有答案,0.908,9,0,3773
XeChem,题-XeC-12-07-四川大学傅海燕课题组系统发展.md,有答案,0.078,6,0,1761
XeChem,题-XeC-12-08-全合成中长期依赖实现CC键构.md,有答案,0.145,6,0,1389
XeChem,题-XeC-13-01-早在门捷列夫建立元素周期系时.md,有答案,0.318,8,0,2709
XeChem,题-XeC-13-01-火箭燃料也称火箭推进剂是火箭.md,有答案,0.499,10,2,4282
XeChem,题-XeC-13-02-二甲硫醚DMS是海洋中挥发性.md,无答案文件,,,,0
XeChem,题-XeC-13-02-小盐同学十分热爱化学有一天她.md,有答案,0.573,12,0,3761
XeChem,题-XeC-13-03-是一种常见的配体其作为单齿配.md,有答案,0.383,7,0,3111
XeChem,题-XeC-13-03-碱金属具有极低的电负性极易失.md,有答案,0.829,12,0,4100
XeChem,题-XeC-13-04-酸性溶液中可还原产物配离子均.md,有答案,0.531,4,0,6982
XeChem,题-XeC-13-04-银量法是沉淀滴定法中常用的方.md,无答案文件,,,,0
XeChem,题-XeC-13-05-1963年Hershaft通.md,有答案,0.497,6,1,2247
XeChem,题-XeC-13-05-在炼金术的早期人们就开始将常.md,有答案,0.575,1,0,975
XeChem,题-XeC-13-06-众所周知烯烃可与过渡金属配位.md,有答案,0.382,0,0,1410
XeChem,题-XeC-13-06-格氏试剂GrignardRe.md,有答案,0.125,4,0,1516
XeChem,题-XeC-13-07-卤化反应是药物研发中的常用策.md,有答案,0.289,13,0,2286
XeChem,题-XeC-13-07-细胞周期cellcycle指.md,有答案,0.164,2,0,2290
XeChem,题-XeC-13-08-81以下氮杂环丁烷不稳定在室.md,有答案,0.521,3,0,2078
XeChem,题-XeC-13-08-DynemicinA1是由小.md,有答案,0.248,5,0,1486
XeChem,题-XeC-13-09-911985年Kowalsk.md,有答案,0.246,11,0,1430
XeChem,题-XeC-14-01-112写出A与B的化学式在烧.md,有答案,0.614,12,1,4469
XeChem,题-XeC-14-01-钒在化学反应中表现出极其丰富.md,有答案,0.592,10,2,3799
XeChem,题-XeC-14-02-荧光染料ATTO655常被用.md,有答案,0.563,17,0,4903
XeChem,题-XeC-14-03-31最经典的ZnZn键合成方.md,有答案,0.064,3,0,1082
XeChem,题-XeC-14-03-重氮化合物是化学合成中不可或.md,有答案,0.125,7,0,2201
XeChem,题-XeC-14-04-为了解决传统聚烯烃或聚乙烯基.md,有答案,0.451,11,0,3551
XeChem,题-XeC-14-05-三氟化铝是一种常见的离子晶体.md,有答案,0.462,14,1,1576
XeChem,题-XeC-14-05-该同学使用的材料比表面积是最.md,无答案文件,,,,0
XeChem,题-XeC-14-06-61将101mg三邻甲苯基膦.md,无答案文件,,,,0
XeChem,题-XeC-14-06-磁场在生活中和化学合成中都有.md,有答案,0.346,15,1,4601
XeChem,题-XeC-14-07-作为现代合成的两大支柱光化学.md,有答案,0.342,7,0,1804
XeChem,题-XeC-14-08-81传统的二氟甲基化大致使用.md,有答案,0.897,4,0,1080
XeChem,题-XeC-14-08-氧杂八元环是一种有趣的分子骨.md,有答案,0.081,4,0,1564
XeChem,题-XeC-14-09-近期报道了一种茚二酮衍生物与.md,有答案,0.224,6,0,1487
XeChem,题-XeC-15-01-古代矿物学家常根据矿物的颜色.md,有答案,0.419,16,1,2373
XeChem,题-XeC-15-01-稀有气体因核外电子层全满的稳.md,有答案,0.757,1,0,2013
XeChem,题-XeC-15-02-一种具有较高对称性的铁簇配合.md,无答案文件,,,,0
XeChem,题-XeC-15-02-如图在温度T下有一真空密闭容.md,有答案,0.571,10,0,2071
XeChem,题-XeC-15-03-为了应对温室效应科学家们开发.md,有答案,0.326,9,1,2067
XeChem,题-XeC-15-03-随着核电的发展绿色高效地处理.md,有答案,0.521,2,1,2382
XeChem,题-XeC-15-04-自从的发现以来已制备出多种结.md,有答案,0.805,0,0,2770
XeChem,题-XeC-15-04-过一硫酸氢盐和过二硫酸盐均含.md,有答案,0.565,6,1,2718
XeChem,题-XeC-15-05-溴化铍是一种极为特殊的金属卤.md,有答案,0.413,6,0,1725
XeChem,题-XeC-15-05-研究人员合成了一种氮代磷酸盐.md,有答案,0.922,8,0,6566
XeChem,题-XeC-15-06-三线态锡氮宾SnNR的电子结.md,有答案,0.244,4,0,915
XeChem,题-XeC-15-06-所有生命的新陈代谢都依赖于持.md,无答案文件,,,,0
XeChem,题-XeC-15-07-对结构相似的化合物进行酸性比.md,有答案,0.337,6,0,1931
XeChem,题-XeC-15-08-膦配体兼具较强的给电子能力与.md,有答案,0.142,6,0,1301
XeChem,题-XeC-15-09-现代密度泛函理论的发展与电脑.md,有答案,0.125,6,0,1805
XeChem,题-XeC-15-10-Himandrine生物碱由.md,有答案,0.093,7,0,2448
XeChem,题-XeC-16-01-本题中放射性元素的相对原子质.md,有答案,0.572,12,2,3368
XeChem,题-XeC-16-02-化学分析法常用于制盐工业中快.md,有答案,0.381,6,1,1110
XeChem,题-XeC-16-03-31高通量实验中的热量积累在.md,有答案,0.486,9,0,2900
XeChem,题-XeC-16-04-目前化学家已经能够借助AI等.md,有答案,0.5,19,0,3259
XeChem,题-XeC-16-05-有一种立方晶系的三元氟化物含.md,有答案,0.675,6,1,2192
XeChem,题-XeC-16-06-NO与金属配位时可以展现极其.md,有答案,0.357,13,0,3474
XeChem,题-XeC-16-07-众所周知立体化学是有机化学中.md,有答案,0.105,8,0,1777
XeChem,题-XeC-16-08-环丙烷作为最小的碳环结构是各.md,有答案,0.09,6,0,1152
XeChem,题-XeC-16-09-合成化学家们通常使用走走停停.md,有答案,0.13,5,0,1726
XeChem,题-XeC-17-01-元素M是一种非金属元素然而其.md,有答案,0.488,8,2,3485
XeChem,题-XeC-17-02-考虑两个胶体粒子之间的相互作.md,有答案,0.443,9,0,3856
XeChem,题-XeC-17-03-第14族元素在生产生活中发挥.md,有答案,0.201,6,0,1778
XeChem,题-XeC-17-04-Gaudefroyite是一.md,有答案,0.367,8,0,2093
XeChem,题-XeC-17-05-借助对流稳态扩散进行线性伏安.md,有答案,0.38,5,0,2723
XeChem,题-XeC-17-06-Si作为第三周期元素可以d轨.md,有答案,0.055,6,0,1937
XeChem,题-XeC-17-07-71关于CPBA氧化反应的理.md,有答案,0.062,8,0,2361
XeChem,题-XeC-17-08-醛由于O的孤对电子对CH反键.md,有答案,0.22,8,1,2592
XeChem,题-XeC-17-09-汇聚式合成convergen.md,有答案,0.029,4,0,2000
XeChem,题-XeC-18-01-某文献报道LnYLaLu在苯.md,有答案,0.383,8,1,1352
XeChem,题-XeC-18-02-利用可再生能源将电化学还原为.md,无答案文件,,,,0
XeChem,题-XeC-18-03-你说得对但是在本题中你将扮演.md,无答案文件,,,,0
XeChem,题-XeC-18-04-碘化铵是一种重要的无机盐加热.md,无答案文件,,,,0
XeChem,题-XeC-18-05-磷酸盐是常用的水处理剂其产品.md,无答案文件,,,,0
XeChem,题-XeC-18-06-逻辑门LogicGates是.md,无答案文件,,,,0
XeChem,题-XeC-18-07-作为结构优美的柏拉图烃之一十.md,无答案文件,,,,0
XeChem,题-XeC-18-08-81本题的主题是酰胺活化即通.md,无答案文件,,,,0
XeChem,题-XeC-19-01-金Au由于其稳定的单质与明显.md,有答案,0.602,12,1,4628
XeChem,题-XeC-19-02-氮宾作为一种不稳定的瞬态物种.md,有答案,0.301,11,0,3022
XeChem,题-XeC-19-03-磷的同素异形体丰富其中的PP.md,有答案,0.307,5,1,2825
XeChem,题-XeC-19-04-机械互锁聚合物MIPs是一类.md,有答案,0.385,16,0,3081
XeChem,题-XeC-19-05-烷基硫酸盐是大气气溶胶中的重.md,有答案,0.781,25,0,8383
XeChem,题-XeC-19-06-铝是现代经济的基石在基础设施.md,有答案,0.726,36,1,11911
XeChem,题-XeC-19-07-71判断以下分子或离子有无光.md,有答案,0.441,7,0,1602
XeChem,题-XeC-19-08-尽管碳苷与含额外碳碳键糖类的.md,有答案,0.166,7,0,1830
XeChem,题-XeC-19-09-PausonKhand反应简.md,有答案,0.348,6,0,1584
XeChem,题-XeC-20-01-元素M和N是同族元素性质相似.md,有答案,0.448,11,2,3293
XeChem,题-XeC-20-02-酸碱缓冲溶液是一种能对溶液的.md,有答案,0.464,17,0,6354
XeChem,题-XeC-20-03-全固态锂电池以固态电解质替代.md,有答案,0.501,36,1,5343
XeChem,题-XeC-20-04-众所周知自然界中的许多病毒都.md,有答案,0.18,10,1,3335
XeChem,题-XeC-20-05-作为并没有过多接触实验的高中.md,有答案,0.071,10,1,3749
XeChem,题-XeC-20-06-TheActionLab在2.md,有答案,0.251,19,1,4668
XeChem,题-XeC-20-07-Nazarov环化是一类特殊.md,有答案,0.493,19,0,3251
XeChem,题-XeC-20-08-维生素H维生素生物素辅酶R是.md,有答案,0.134,5,0,2748
XeChem,题-XeC-20-09-上述整个过程便是生物素的生物.md,有答案,0.219,4,0,1522
XeChem,题-XeC-21-01-十九世纪初墨西哥矿物学家在一.md,有答案,0.558,8,1,1477
XeChem,题-XeC-21-02-均配双萘零价过渡金属配合物是.md,有答案,0.122,7,0,2543
XeChem,题-XeC-21-03-碳族第14族元素单质具有丰富.md,有答案,0.506,9,1,1864
XeChem,题-XeC-21-04-的电化学还原反应是一种新兴的.md,有答案,0.486,8,1,10613
XeChem,题-XeC-21-05-BDF单体在DMSO中用2当.md,有答案,0.343,10,1,3104
XeChem,题-XeC-21-06-61ABC三组底物在tBuO.md,有答案,0.69,2,0,958
XeChem,题-XeC-21-07-在现代有机合成中一些结构稳定.md,有答案,0.05,6,0,1538
XeChem,题-XeC-21-08-钯催化反应是现代有机合成中应.md,有答案,0.51,4,1,2299
XeChem,题-XeC-22-01-磷化镓GaP是典型的IIIV.md,有答案,0.287,8,1,3115
XeChem,题-XeC-22-02-碘化汞是典型的重金属卤化物兼.md,有答案,0.669,32,0,4472
XeChem,题-XeC-22-03-第14族元素单质具有丰富的同.md,有答案,0.252,6,1,1902
XeChem,题-XeC-22-04-层状锂钴氧化物是锂离子电池正.md,有答案,0.405,11,0,1867
XeChem,题-XeC-22-05-二硼杂芳环即在芳香环骨架中同.md,有答案,0.182,3,0,2083
XeChem,题-XeC-22-06-酰胺因其共振稳定性通常表现出.md,有答案,0.061,11,0,2668
XeChem,题-XeC-22-07-Smiles重排是一类重要的.md,有答案,0.173,8,0,2116
XeChem,题-XeC-23-01-铅是人类最早认识并大规模利用.md,有答案,0.562,5,1,4802
XeChem,题-XeC-23-02-碲化铋是目前室温附近性能最优.md,有答案,0.451,14,0,5014
XeChem,题-XeC-23-03-的固化封存是气候与能源领域的.md,有答案,0.188,6,0,1659
XeChem,题-XeC-23-04-1928年Ingold夫妇在.md,有答案,0.204,7,1,1661
XeChem,题-XeC-23-05-苯酚是重要的工业化学品广泛用.md,有答案,0.372,15,1,3822
XeChem,题-XeC-23-06-I型笼合物是一类结构精妙的主.md,有答案,0.501,11,0,2143
XeChem,题-XeC-23-07-金属钛Ti因其高比强度优异耐.md,有答案,0.718,25,1,6447
XeChem,题-XeC-23-08-叔丁醇钾KOtBu是有机合成.md,有答案,0.27,7,0,2677
XeChem,题-XeC-23-09-91南京工业大学于2021年.md,有答案,0.033,4,0,1438
XeChem,题-XeC-23-10-二碘化钐是一种单电子还原剂N.md,有答案,0.127,6,0,1717
XeChem,题-XeC-24-01-十八世纪末Vauguelin.md,有答案,0.678,5,1,1996
XeChem,题-XeC-24-02-1955年Wartik和Ap.md,有答案,0.619,22,0,8073
XeChem,题-XeC-24-03-肽链骨架中含有大量酰胺基团酰.md,有答案,0.535,5,0,4507
XeChem,题-XeC-24-04-作为碳碳三键的等电子体硼氮三.md,有答案,0.197,8,0,2149
XeChem,题-XeC-24-05-隧道型金属含氧化合物是一类重.md,有答案,0.637,11,0,1939
XeChem,题-XeC-24-06-血红素是生物体内重要化合物其.md,有答案,0.278,6,0,1343
XeChem,题-XeC-24-07-碳碳三键既可以作亲核试剂也可.md,有答案,0.161,4,0,951
XeChem,题-XeC-24-08-贝克曼重排是肟类化合物转化为.md,有答案,0.132,6,0,2828
XeChem,题-XeC-25-01-11元素X的丰度位于第十二位.md,有答案,0.532,4,1,1948
XeChem,题-XeC-25-02-锂氧电池工作时氧气在正极发生.md,有答案,0.439,7,0,7234
XeChem,题-XeC-25-03-一些配合物的配体可以参与到氧.md,有答案,0.036,11,0,2276
XeChem,题-XeC-25-04-小夜在随意浏览MP时看到了一.md,有答案,0.417,7,0,1771
XeChem,题-XeC-25-05-移液枪活塞式移液器是现代化学.md,有答案,0.592,10,0,4642
XeChem,题-XeC-25-06-莫比乌斯芳香性不是指普通芳香.md,有答案,0.059,2,0,1263
XeChem,题-XeC-25-07-对甲苯磺酰卤TsX兼具磺酰基.md,有答案,0.089,5,0,1862
XeChem,题-XeC-25-08-芳香环凭借高度离域的体系具有.md,有答案,0.13,8,0,2241
XeChem,题-XeC-26-01-有机反应中细微的结构或反应环.md,有答案,0.133,8,0,3205
XeChem,题-XeC-26-02-211以如下仲醇为例分别给出.md,有答案,0.248,11,0,3088
XeChem,题-XeC-26-03-重排反应能够通过分子内部键的.md,有答案,0.106,8,0,1815
XeChem,题-XeC-26-04-负氢迁移是一类重要的分子内氧.md,有答案,0.042,5,0,1578
XeChem,题-XeC-26-05-周环反应能够通过键与键的协同.md,有答案,0.08,9,0,1915
XeChem,题-XeC-26-06-Phorbol与ingeno.md,有答案,0.062,6,0,2185
XeChem,题-XeC-40-01-金银铜是人类历史上最早被认识.md,有答案,0.373,6,1,2966
XeChem,题-XeC-40-01-零价配合物因其有趣的电子结构.md,有答案,0.017,3,0,1050
XeChem,题-XeC-40-02-指尖脉搏血氧仪是一种便携式医.md,有答案,0.443,3,1,1840
XeChem,题-XeC-40-02-请注意本题的21和22两部分.md,有答案,0.638,11,0,5105
XeChem,题-XeC-40-03-31牛奶富含很多人体生长发育.md,有答案,0.325,23,0,7036
XeChem,题-XeC-40-03-传统上介导可逆的氧化还原催化.md,有答案,0.079,3,0,1475
XeChem,题-XeC-40-04-方钴矿系skutterudi.md,有答案,0.677,18,1,2842
XeChem,题-XeC-40-04-活化炔烃是一类特殊的炔烃化合.md,有答案,0.05,8,0,1953
XeChem,题-XeC-40-05-元素X的名称来自希腊神话中满.md,有答案,0.605,3,1,2042
XeChem,题-XeC-40-05-在现代超分子化学中以色散力为.md,有答案,0.348,15,0,2679
XeChem,题-XeC-40-06-氮杂芳环广泛存在于药物分子天.md,有答案,0.091,5,0,1776
XeChem,题-XeC-40-06-量子点是一种半导体纳米晶粒径.md,有答案,0.368,5,0,2396
XeChem,题-XeC-40-07-克罗烷二萜是自然界中分布最广.md,有答案,0.172,6,0,1988
XeChem,题-XeC-40-07-碳正离子重排是近代有机合成化.md,有答案,0.101,4,0,1914
XeChem,题-XeC-40-08-有机硫化合物在有机合成中扮演.md,有答案,0.102,12,0,2410
XeChem,题-XeC-40-09-1氧杂十氢萘1oxadeca.md,有答案,0.06,3,0,1844
一式09-题面卷8答案卷9-错配,题-YS-09-01-X和Y主要来源是铜电解精炼过.md,有答案,0.991,12,1,1690
一式09-题面卷8答案卷9-错配,题-YS-09-02-M的低价配合物有着丰富的反应.md,有答案,0.996,20,0,3930
一式09-题面卷8答案卷9-错配,题-YS-09-03-索伦石是1961年在我国内蒙.md,有答案,1.0,15,1,2737
一式09-题面卷8答案卷9-错配,题-YS-09-04-氢负离子转移是化学合成与催化.md,有答案,1.0,21,0,2688
一式09-题面卷8答案卷9-错配,题-YS-09-05-传统的能量化合物如RDXHM.md,有答案,1.0,16,2,3215
一式09-题面卷8答案卷9-错配,题-YS-09-06-61如下是一些常见的有机还原.md,有答案,0.994,26,2,5197
一式09-题面卷8答案卷9-错配,题-YS-09-07-71选出如下关于下列反应以及.md,无答案文件,,,,0
一式09-题面卷8答案卷9-错配,题-YS-09-08-由于在形成两个新化学键的同时.md,有答案,1.0,7,1,2347
同题异源-已收敛,XeChem__题-XeC-01-01-二萜entkaurene家族~2.md,无答案文件,,,,0
同题异源-已收敛,伽马__较差版__题-GM-01-03-Pummerer重排是用乙酸.md,无答案文件,,,,0
同题异源-已收敛,伽马__较差版__题-GM-01-04-长期以来有机硫化合物在合成中.md,无答案文件,,,,0
同题异源-已收敛,伽马__较差版__题-GM-01-11-在室温以及碱存在下以下两化合.md,无答案文件,,,,0
同题异源-已收敛,伽马__题-GM-01-09-MeyerSchuster重~2.md,无答案文件,,,,0
同题异源-已收敛,化英社__较差版__题-HYS-01-01-11在DielsAlder反.md,无答案文件,,,,0
同题异源-已收敛,化英社__较差版__题-HYS-01-02-自然界中存在的含氮化合物大多.md,无答案文件,,,,0
同题异源-已收敛,化英社__较差版__题-HYS-01-04-苯炔是最具反应性的有机中间体.md,无答案文件,,,,0
同题异源-已收敛,化英社__较差版__题-HYS-01-06-卤原子转移反应是实现氧化态转.md,无答案文件,,,,0
同题异源-已收敛,化英社__较差版__题-HYS-07-01-环境的开发利用与健康状况是人.md,题干复读,0.0,0,0,604
同题异源-已收敛,化英社__较差版__题-HYS-07-02-PAOx是一类新兴的生物相容.md,有答案,0.263,5,1,1596
同题异源-已收敛,化英社__较差版__题-HYS-07-03-31研究人员首先通过研究硼的.md,有答案,0.15,2,1,1443
同题异源-已收敛,化英社__较差版__题-HYS-07-04-葡萄酒初榨橄榄油水果蔬菜全谷.md,有答案,0.119,5,1,3041
同题异源-已收敛,化英社__较差版__题-HYS-07-05-含有过渡金属阳离子的扩展固体.md,有答案,0.779,3,0,2455
同题异源-已收敛,化英社__较差版__题-HYS-07-06-析氧反应OER是电化学水分解.md,无答案文件,,,,0
同题异源-已收敛,化英社__较差版__题-HYS-09-01-元素和的分离问题是当今化学研.md,无答案文件,,,,0
同题异源-已收敛,化英社__较差版__题-HYS-09-02-稳定的硅宾化合物的常常具有强.md,无答案文件,,,,0
同题异源-已收敛,化英社__较差版__题-HYS-09-03-31由于半径规则与电价规则的.md,无答案文件,,,,0
同题异源-已收敛,化英社__较差版__题-HYS-09-05-51空间同位素效应一般出现在.md,无答案文件,,,,0
同题异源-已收敛,化英社__较差版__题-HYS-09-07-硅系绳siliconteth.md,无答案文件,,,,0
同题异源-已收敛,化英社__题-HYS-09-04-41pH的操作定义411pH~2.md,无答案文件,,,,0
同题异源-已收敛,化英社__题-HYS-09-06-61Quadricyclan~2.md,无答案文件,,,,0
同题异源-已收敛,方圆__较差版__题-FY-01-05-51给出中间产物A以及关键中.md,无答案文件,,,,0
同题异源-已收敛,方圆__较差版__题-FY-01-06-61以下是某有机物的合成路线.md,无答案文件,,,,0
同题异源-已收敛,方圆__较差版__题-FY-01-08-81沸石即止暴剂或助沸剂为什.md,有答案,1.0,13,1,1436
同题异源-已收敛,方圆__题-FY-01-01-11标出下列物质中手性碳的R~2.md,无答案文件,,,,0
同题异源-已收敛,方圆__题-FY-01-04-41比较下列化合物的酸性由强~2.md,无答案文件,,,,0
同题异源-已收敛,方圆__题-FY-01-07-71鉴别以下化合物写出鉴定的~2.md,无答案文件,,,,0
同题异源-已收敛,汇智__较差版__题-HZ-05-02-注本题所有结果均保留三位有效.md,无答案文件,,,,0
同题异源-已收敛,汇智__较差版__题-HZ-05-03-元素X在东西方都具有悠久的历.md,无答案文件,,,,0
同题异源-已收敛,汇智__较差版__题-HZ-05-04-注为方便表示计算部分的离子浓.md,无答案文件,,,,0
同题异源-已收敛,汇智__题-HZ-05-01-电离能指的是将电子从气态原子~2.md,无答案文件,,,,0
同题异源-已收敛,汇智__题-HZ-05-05-某印度的科研小组在分隔型电解~2.md,无答案文件,,,,0
同题异源-已收敛,汇智__题-HZ-05-06-小日一天闲来无事研究起了氯化~2.md,无答案文件,,,,0
同题异源-已收敛,汇智__题-HZ-05-07-71频哪醇重排是非常经典的反~2.md,无答案文件,,,,0
同题异源-已收敛,汇智__题-HZ-05-08-提示本题不要求酸碱基团的质子~2.md,无答案文件,,,,0
同题异源-已收敛,汇智__题-HZ-05-09-33迁移具有悠久的历史最经典~2.md,无答案文件,,,,0
旧命名重复卡-已收敛,XeChem__旧版__题-XeC-14-03-31最经典的ZnZn键合成方.md,有答案,0.064,3,0,1082
旧命名重复卡-已收敛,XeChem__旧版__题-XeC-15-03-随着核电的发展绿色高效地处理.md,有答案,0.521,2,1,2382
旧命名重复卡-已收敛,XeChem__题-XeC-Xechem模拟一-01-由于化学材料的丰富性易获得性.md,有答案,0.458,6,0,1920
旧命名重复卡-已收敛,XeChem__题-XeC-Xechem模拟一-02-荧光强度随时间衰减的快慢可以.md,有答案,0.557,1,0,461
旧命名重复卡-已收敛,XeChem__题-XeC-Xechem模拟一-03-Valleyite是一种稀有.md,有答案,0.952,16,1,10454
旧命名重复卡-已收敛,XeChem__题-XeC-Xechem模拟一-04-阿伏伽德罗常数是物理化学和分.md,无答案文件,,,,0
旧命名重复卡-已收敛,XeChem__题-XeC-Xechem模拟一-05-硅的掺入能降低表面能显著改变.md,无答案文件,,,,0
旧命名重复卡-已收敛,XeChem__题-XeC-Xechem模拟一-06-环对苯撑cycloparap.md,无答案文件,,,,0
旧命名重复卡-已收敛,XeChem__题-XeC-Xechem模拟一-07-异二氮烯Isodiazene.md,有答案,0.251,10,0,5779
旧命名重复卡-已收敛,XeChem__题-XeC-Xechem模拟一-08-81在天然产物和合成药物中中.md,有答案,0.299,6,0,2387
旧命名重复卡-已收敛,XeChem__题-XeC-Xechem模拟三（晶体）-01-在我们通常的认知里布拉维点阵.md,有答案,0.395,1,0,3035
旧命名重复卡-已收敛,XeChem__题-XeC-Xechem模拟三（晶体）-02-在初学晶体的时候我们通常能见.md,有答案,0.518,19,0,2973
旧命名重复卡-已收敛,XeChem__题-XeC-Xechem模拟三（晶体）-03-是一种极其常见的矿物其常见晶.md,有答案,0.555,18,1,5157
旧命名重复卡-已收敛,XeChem__题-XeC-Xechem模拟三（晶体）-05-根据MJansen在2000.md,有答案,0.688,13,0,2797
旧命名重复卡-已收敛,XeChem__题-XeC-Xechem模拟三（晶体）-06-61写出必要的过程辅助你推导.md,有答案,0.908,9,0,3773
旧命名重复卡-已收敛,XeChem__题-XeC-Xechem模拟二-01-火箭燃料也称火箭推进剂是火箭.md,有答案,0.499,10,2,4282
旧命名重复卡-已收敛,XeChem__题-XeC-Xechem模拟二-02-二甲硫醚DMS是海洋中挥发性.md,无答案文件,,,,0
旧命名重复卡-已收敛,XeChem__题-XeC-Xechem模拟二-03-碱金属具有极低的电负性极易失.md,有答案,0.829,12,0,4100
旧命名重复卡-已收敛,XeChem__题-XeC-Xechem模拟二-04-银量法是沉淀滴定法中常用的方.md,无答案文件,,,,0
旧命名重复卡-已收敛,XeChem__题-XeC-Xechem模拟二-05-在炼金术的早期人们就开始将常.md,有答案,0.575,1,0,975
旧命名重复卡-已收敛,XeChem__题-XeC-Xechem模拟二-06-众所周知烯烃可与过渡金属配位.md,有答案,0.382,0,0,1410
旧命名重复卡-已收敛,XeChem__题-XeC-Xechem模拟二-07-细胞周期cellcycle指.md,有答案,0.164,2,0,2290
旧命名重复卡-已收敛,XeChem__题-XeC-Xechem模拟二-08-81以下氮杂环丁烷不稳定在室.md,有答案,0.521,3,0,2078
旧命名重复卡-已收敛,XeChem__题-XeC-Xechem模拟五-01-112写出A与B的化学式在烧.md,有答案,0.614,12,1,4469
旧命名重复卡-已收敛,XeChem__题-XeC-Xechem模拟五-05-该同学使用的材料比表面积是最.md,无答案文件,,,,0
旧命名重复卡-已收敛,XeChem__题-XeC-Xechem模拟五-06-61将101mg三邻甲苯基膦.md,无答案文件,,,,0
旧命名重复卡-已收敛,XeChem__题-XeC-Xechem模拟五-08-81传统的二氟甲基化大致使用.md,有答案,0.897,4,0,1080
旧命名重复卡-已收敛,XeChem__题-XeC-Xechem模拟四-01-稀有气体因核外电子层全满的稳.md,有答案,0.757,1,0,2013
旧命名重复卡-已收敛,XeChem__题-XeC-Xechem模拟四-02-一种具有较高对称性的铁簇配合.md,无答案文件,,,,0
旧命名重复卡-已收敛,XeChem__题-XeC-Xechem模拟四-04-自从的发现以来已制备出多种结.md,有答案,0.805,0,0,2770
旧命名重复卡-已收敛,XeChem__题-XeC-Xechem模拟四-05-研究人员合成了一种氮代磷酸盐.md,有答案,0.922,8,0,6566
旧命名重复卡-已收敛,XeChem__题-XeC-Xechem模拟四-06-所有生命的新陈代谢都依赖于持.md,无答案文件,,,,0
旧命名重复卡-已收敛,伽马__旧版__题-GM-21-02-题.md,无答案文件,,,,0
旧命名重复卡-已收敛,伽马__旧版__题-GM-21-04-这题几乎没救了.md,无答案文件,,,,0
旧命名重复卡-已收敛,伽马__题-GM-2026-01-11水解试验有时使用水解的方.md,无答案文件,,,,0
旧命名重复卡-已收敛,伽马__题-GM-2026-01-11设将直链共轭多烯烃分子中.md,无答案文件,,,,0
旧命名重复卡-已收敛,伽马__题-GM-2026-01-多肽材料是一种多功能智能产品.md,无答案文件,,,,0
旧命名重复卡-已收敛,伽马__题-GM-2026-01-对于RichardTurne.md,无答案文件,,,,0
旧命名重复卡-已收敛,伽马__题-GM-2026-01-短周期元素ABC和D两两之间.md,无答案文件,,,,0
旧命名重复卡-已收敛,伽马__题-GM-2026-02-2020年中国科学家发现了一.md,无答案文件,,,,0
旧命名重复卡-已收敛,伽马__题-GM-2026-02-21从离子开始已知碳原子的第.md,无答案文件,,,,0
旧命名重复卡-已收敛,伽马__题-GM-2026-02-6hole由于存在电子缺陷正.md,无答案文件,,,,0
旧命名重复卡-已收敛,伽马__题-GM-2026-02-已知酰胺A可形成分子内氢键可.md,无答案文件,,,,0
旧命名重复卡-已收敛,伽马__题-GM-2026-03-31聚电解质溶液的双电层结构.md,无答案文件,,,,0
旧命名重复卡-已收敛,伽马__题-GM-2026-03-X射线衍射XRD是研究晶体结.md,无答案文件,,,,0
旧命名重复卡-已收敛,伽马__题-GM-2026-03-元素A其单质是灰黑色的脆性晶.md,无答案文件,,,,0
旧命名重复卡-已收敛,伽马__题-GM-2026-03-聚酯高分子力学与化学稳定性好.md,无答案文件,,,,0
旧命名重复卡-已收敛,伽马__题-GM-2026-03-非常无聊的一道题基本就是看图.md,无答案文件,,,,0
旧命名重复卡-已收敛,伽马__题-GM-2026-04-1935年KarlFishe.md,无答案文件,,,,0
旧命名重复卡-已收敛,伽马__题-GM-2026-04-化合物X是元素M的盐化学式为.md,无答案文件,,,,0
旧命名重复卡-已收敛,伽马__题-GM-2026-04-将和水混合后短暂搅拌并置于聚.md,无答案文件,,,,0
旧命名重复卡-已收敛,伽马__题-GM-2026-04-蜘蛛丝是自然界中性能最卓越的.md,无答案文件,,,,0
旧命名重复卡-已收敛,伽马__题-GM-2026-05-511光欲发电子迁3哈哈娘6.md,有答案,1.0,0,1,1805
旧命名重复卡-已收敛,伽马__题-GM-2026-05-51光致发光原理分子被光激发.md,无答案文件,,,,0
旧命名重复卡-已收敛,伽马__题-GM-2026-05-51用还原反应的历程如下所示.md,无答案文件,,,,0
旧命名重复卡-已收敛,伽马__题-GM-2026-05-许多SbIII配合物被发现有.md,无答案文件,,,,0
旧命名重复卡-已收敛,伽马__题-GM-2026-05-近日中国科学家报道了在嫦娥六.md,无答案文件,,,,0
旧命名重复卡-已收敛,伽马__题-GM-2026-06-61光敏分子611反式二苯乙.md,无答案文件,,,,0
旧命名重复卡-已收敛,伽马__题-GM-2026-06-某最简式为的晶体属立方晶系a.md,无答案文件,,,,0
旧命名重复卡-已收敛,伽马__题-GM-2026-06-注意此题的电池中的硫单质应写.md,无答案文件,,,,0
旧命名重复卡-已收敛,伽马__题-GM-2026-06-纳米尺度的定向运动是生命的核.md,无答案文件,,,,0
旧命名重复卡-已收敛,伽马__题-GM-2026-06-诸如CO等小分子是普遍存在的.md,无答案文件,,,,0
旧命名重复卡-已收敛,伽马__题-GM-2026-07-71有一系列卤代烷烃当XFC.md,无答案文件,,,,0
旧命名重复卡-已收敛,伽马__题-GM-2026-07-若将忽略气体分子的内部结构将.md,无答案文件,,,,0
旧命名重复卡-已收敛,伽马__题-GM-2026-08-81周环反应811有以下转化.md,无答案文件,,,,0
旧命名重复卡-已收敛,伽马__题-GM-2026-09-91Edman降解瑞典化学家.md,无答案文件,,,,0
旧命名重复卡-已收敛,伽马__题-GM-gamma晶体结构习题-01-题源化英社3809金红石是缺.md,无答案文件,,,,0
旧命名重复卡-已收敛,伽马__题-GM-gamma晶体结构习题-02-题源TBNChem3710R.md,无答案文件,,,,0
旧命名重复卡-已收敛,伽马__题-GM-gamma晶体结构习题-03-题源Chemy3717立方钙.md,无答案文件,,,,0
旧命名重复卡-已收敛,伽马__题-GM-gamma晶体结构习题-04-题源化英社3801钙钛矿是一.md,无答案文件,,,,0
旧命名重复卡-已收敛,伽马__题-GM-gamma晶体结构习题-05-题源Chemy3819钙钛矿.md,无答案文件,,,,0
旧命名重复卡-已收敛,伽马__题-GM-gamma晶体结构习题-06-题源COBP3504T52灼.md,无答案文件,,,,0
旧命名重复卡-已收敛,伽马__题-GM-gamma晶体结构习题-07-题源COBP3505俗称刚玉.md,无答案文件,,,,0
旧命名重复卡-已收敛,伽马__题-GM-gamma晶体结构习题-08-题源2024年清北营暑假班试.md,无答案文件,,,,0
旧命名重复卡-已收敛,伽马__题-GM-gamma晶体结构习题-09-题源2018年清北营暑假班明.md,无答案文件,,,,0
旧命名重复卡-已收敛,伽马__题-GM-gamma晶体结构习题-10-的晶体结构与一种常见的晶体结.md,无答案文件,,,,0
旧命名重复卡-已收敛,北京夏令营__旧版__题-BJLY-05-有机巩固练习一-06-完成下列反应给出中间体提示最.md,有答案,1.0,0,0,96
旧命名重复卡-已收敛,北京夏令营__旧版__题-BJLY-06-有机巩固练习三-03-如下环化反应被称之为Haus.md,有答案,0.052,4,0,689
旧命名重复卡-已收敛,北京夏令营__旧版__题-BJLY-08-有机巩固练习四-01-1N烯丙基或乙酰基烯胺能发生.md,有答案,0.0,5,0,803
旧命名重复卡-已收敛,北京夏令营__旧版__题-BJLY-09-有机综合-05-仔细比较下列两33迁移反应条.md,有答案,0.0,6,0,930
旧命名重复卡-已收敛,北京夏令营__旧版__题-BJLY-09-有机综合-08-81完成下列反应82完成下列.md,有答案,1.0,0,0,138
旧命名重复卡-已收敛,北京夏令营__题-BJLY-1785409334-01-11在酸性条件下可与亚硝酸盐.md,无答案文件,,,,0
旧命名重复卡-已收敛,北京夏令营__题-BJLY-1785409334-02-卡宾的活性高度依赖其电子状态.md,无答案文件,,,,0
旧命名重复卡-已收敛,北京夏令营__题-BJLY-1785409334-03-元素X是用通常的物理和化学方.md,无答案文件,,,,0
旧命名重复卡-已收敛,北京夏令营__题-BJLY-1785409334-04-人们对低价Ge的研究从未停止.md,无答案文件,,,,0
旧命名重复卡-已收敛,北京夏令营__题-BJLY-1785409334-05-已知51计算1L100mol.md,无答案文件,,,,0
旧命名重复卡-已收敛,北京夏令营__题-BJLY-1785409334-06-元素M的单质性质稳定室温下难.md,无答案文件,,,,0
旧命名重复卡-已收敛,北京夏令营__题-BJLY-1785409334-07-71一种三价铝物种与足量的钾.md,无答案文件,,,,0
旧命名重复卡-已收敛,北京夏令营__题-BJLY-1785409334-08-81K结构可描述如下正六边形.md,无答案文件,,,,0
旧命名重复卡-已收敛,北京夏令营__题-BJLY-1785491436-01-11在白色的上滴加氨水立刻变.md,无答案文件,,,,0
旧命名重复卡-已收敛,北京夏令营__题-BJLY-1785491436-02-铬铁矿是一种重要的矿物资源主.md,无答案文件,,,,0
旧命名重复卡-已收敛,北京夏令营__题-BJLY-1785491436-03-31已知下列原电池311先向.md,无答案文件,,,,0
旧命名重复卡-已收敛,北京夏令营__题-BJLY-1785491436-04-硫化铅是生产铅的主要原料它被.md,无答案文件,,,,0
旧命名重复卡-已收敛,北京夏令营__题-BJLY-1785491436-05-V有许多氧化态从而有许多不同.md,无答案文件,,,,0
旧命名重复卡-已收敛,北京夏令营__题-BJLY-1785491436-06-1和的干燥空气中煅烧达到平衡.md,无答案文件,,,,0
旧命名重复卡-已收敛,北京夏令营__题-BJLY-1785491436-07-在常温常压下金属锂与生成红棕.md,无答案文件,,,,0
旧命名重复卡-已收敛,北京夏令营__题-BJLY-1785491436-08-称取与32的乙醇溶液混合然后.md,无答案文件,,,,0
旧命名重复卡-已收敛,北京夏令营__题-BJLY-1785491436-09-某过渡金属X的单质A在生活中.md,无答案文件,,,,0
旧命名重复卡-已收敛,北京夏令营__题-BJLY-1785491436-10-三唑是含有两个碳原子和三个氮.md,无答案文件,,,,0
旧命名重复卡-已收敛,北京夏令营__题-BJLY-1785602414-01-11工业上常用LiH和无水反.md,无答案文件,,,,0
旧命名重复卡-已收敛,北京夏令营__题-BJLY-1785602414-02-21五氟化砷能与许多含氟的化.md,无答案文件,,,,0
旧命名重复卡-已收敛,北京夏令营__题-BJLY-1785602414-03-钨的氮化物因具有优异的化学机.md,无答案文件,,,,0
旧命名重复卡-已收敛,北京夏令营__题-BJLY-1785602414-04-尖晶石结构是一种经典的晶体结.md,无答案文件,,,,0
旧命名重复卡-已收敛,北京夏令营__题-BJLY-1785602414-05-银量法可以用于测定溶液中的甲.md,无答案文件,,,,0
旧命名重复卡-已收敛,北京夏令营__题-BJLY-1785602414-06-通过以下方法可由二茂铁合成乙.md,无答案文件,,,,0
旧命名重复卡-已收敛,北京夏令营__题-BJLY-1785602414-07-X是一种橙黄色液体可由对应的.md,无答案文件,,,,0
旧命名重复卡-已收敛,北京夏令营__题-BJLY-1785602414-08-硫化氢在生物学中具有至关重要.md,无答案文件,,,,0
旧命名重复卡-已收敛,北京夏令营__题-BJLY-1785602414-09-半导体中有两种载流子价带中的.md,无答案文件,,,,0
旧命名重复卡-已收敛,北京夏令营__题-BJLY-1785602414-10-101在一个以碳酸钙为主要矿.md,无答案文件,,,,0
旧命名重复卡-已收敛,北京夏令营__题-BJLY-北京夏令营-无机综合-01-铬酸根在工业上有广泛的应用而.md,无答案文件,,,,0
旧命名重复卡-已收敛,北京夏令营__题-BJLY-北京夏令营-无机综合-02-将含的乙醚溶液和混合从逐渐升.md,有答案,1.0,3,1,525
旧命名重复卡-已收敛,北京夏令营__题-BJLY-北京夏令营-无机综合-03-新型锌卟啉金属有机框架结构Z.md,有答案,0.661,2,0,1369
旧命名重复卡-已收敛,北京夏令营__题-BJLY-北京夏令营-无机综合-04-在复合卤化物结构的探索中得到.md,有答案,1.0,7,0,260
旧命名重复卡-已收敛,北京夏令营__题-BJLY-北京夏令营-无机综合-05-51二甲基邻甲硫基苯基胂配体.md,有答案,1.0,5,0,488
旧命名重复卡-已收敛,北京夏令营__题-BJLY-北京夏令营-无机综合-06-称取碘酸钾03377g加入4.md,有答案,1.0,11,1,898
旧命名重复卡-已收敛,北京夏令营__题-BJLY-北京夏令营-无机综合-07-有人将纯净的NO气体收集到一.md,有答案,1.0,6,0,1542
旧命名重复卡-已收敛,北京夏令营__题-BJLY-北京夏令营-无机综合-08-光合作用是自然界最重要的过程.md,有答案,1.0,0,0,1083
旧命名重复卡-已收敛,北京夏令营__题-BJLY-北京夏令营-无机综合-09-多聚磷阳离子早在1986年就.md,有答案,1.0,11,1,1964
旧命名重复卡-已收敛,北京夏令营__题-BJLY-北京夏令营-无机综合-10-化合物A可以通过以下方法制备.md,无答案文件,,,,0
旧命名重复卡-已收敛,北京夏令营__题-BJLY-北京夏令营-有机巩固练习一-01-完成下列反应.md,有答案,1.0,0,0,123
旧命名重复卡-已收敛,北京夏令营__题-BJLY-北京夏令营-有机巩固练习一-02-1完成Linoxepin的合.md,无答案文件,,,,0
旧命名重复卡-已收敛,北京夏令营__题-BJLY-北京夏令营-有机巩固练习一-03-31为什么烷烃自由基取代中溴.md,有答案,0.566,11,0,901
旧命名重复卡-已收敛,北京夏令营__题-BJLY-北京夏令营-有机巩固练习一-04-Appel反应和CoeryF.md,有答案,0.432,7,1,750
旧命名重复卡-已收敛,北京夏令营__题-BJLY-北京夏令营-有机巩固练习一-05-1下列分子和醋酸反应速率比较.md,有答案,0.715,7,0,2501
旧命名重复卡-已收敛,北京夏令营__题-BJLY-北京夏令营-有机巩固练习三-01-烯烃可以在质子酸或Lewis.md,有答案,0.0,2,0,217
旧命名重复卡-已收敛,北京夏令营__题-BJLY-北京夏令营-有机巩固练习三-02-下列反应均生成呋喃类产物请给.md,题干复读,0.0,0,0,409
旧命名重复卡-已收敛,北京夏令营__题-BJLY-北京夏令营-有机巩固练习三-04-化合物A是合成天然产物Lyc.md,有答案,0.159,9,0,1448
旧命名重复卡-已收敛,北京夏令营__题-BJLY-北京夏令营-有机巩固练习二-01-完成下列反应xrightar.md,题干复读,0.0,0,0,327
旧命名重复卡-已收敛,北京夏令营__题-BJLY-北京夏令营-有机巩固练习二-02-近十余年来自由基化学重新焕发.md,有答案,0.398,7,0,1110
旧命名重复卡-已收敛,北京夏令营__题-BJLY-北京夏令营-有机巩固练习二-03-吲哚去芳构化在天然产物合成中.md,题干复读,0.0,0,0,81
旧命名重复卡-已收敛,北京夏令营__题-BJLY-北京夏令营-有机巩固练习二-04-1小环由于环张力的问题非常不.md,有答案,1.0,13,1,1406
旧命名重复卡-已收敛,北京夏令营__题-BJLY-北京夏令营-有机巩固练习二-05-mathrmAmathrmC.md,有答案,1.0,4,0,296
旧命名重复卡-已收敛,北京夏令营__题-BJLY-北京夏令营-有机巩固练习四-02-21完成下列反应并写出机理2.md,有答案,0.0,2,0,189
旧命名重复卡-已收敛,北京夏令营__题-BJLY-北京夏令营-有机巩固练习四-03-31写出下列反应中中间体12.md,有答案,1.0,8,0,822
旧命名重复卡-已收敛,北京夏令营__题-BJLY-北京夏令营-有机巩固练习四-04-1一般双取代内稀发生亲电加成.md,有答案,0.135,7,0,1172
旧命名重复卡-已收敛,北京夏令营__题-BJLY-北京夏令营-有机综合-01-1下列两组分子发生溶剂解时反.md,有答案,0.645,9,1,2696
旧命名重复卡-已收敛,北京夏令营__题-BJLY-北京夏令营-有机综合-02-13二羰基化合物由于其较强的.md,有答案,1.0,2,0,433
旧命名重复卡-已收敛,北京夏令营__题-BJLY-北京夏令营-有机综合-03-Nazarov环化反应早在2.md,有答案,0.752,18,1,2156
旧命名重复卡-已收敛,北京夏令营__题-BJLY-北京夏令营-有机综合-04-1烷烃的光卤代反应是烷烃最重.md,无答案文件,,,,0
旧命名重复卡-已收敛,北京夏令营__题-BJLY-北京夏令营-有机综合-06-Pummerer重排是用乙酸.md,有答案,1.0,11,0,635
旧命名重复卡-已收敛,北京夏令营__题-BJLY-北京夏令营-有机综合-07-完成下列反应配图缺失Mine.md,无答案文件,,,,0
旧命名重复卡-已收敛,壹尖培优__题-YJ-20260228广州模拟测-01-11二元氧化物X是黄色固体常.md,无答案文件,,,,0
旧命名重复卡-已收敛,壹尖培优__题-YJ-20260228广州模拟测-02-21叠氮阴离子拥有两个等长的.md,无答案文件,,,,0
旧命名重复卡-已收敛,壹尖培优__题-YJ-20260228广州模拟测-03-理论计算表明高压下Rb可以形.md,无答案文件,,,,0
旧命名重复卡-已收敛,壹尖培优__题-YJ-20260228广州模拟测-04-AH是含金属M的一系列化合物.md,无答案文件,,,,0
旧命名重复卡-已收敛,壹尖培优__题-YJ-20260228广州模拟测-05-交互式舷窗利用有机染料分子在.md,无答案文件,,,,0
旧命名重复卡-已收敛,壹尖培优__题-YJ-20260228广州模拟测-06-硼酸盐晶体是一类重要的无机化.md,无答案文件,,,,0
旧命名重复卡-已收敛,壹尖培优__题-YJ-20260228广州模拟测-07-地球大气经历长时间的演变最终.md,无答案文件,,,,0
旧命名重复卡-已收敛,壹尖培优__题-YJ-20260228广州模拟测-08-81利用点击化学反应研究人员.md,无答案文件,,,,0
旧命名重复卡-已收敛,方圆__题-FY-卷一-01-11SiC俗名金刚砂是一种极.md,有答案,1.0,6,2,2113
旧命名重复卡-已收敛,方圆__题-FY-卷一-02-对大多数化学反应而言液相气相.md,有答案,1.0,9,1,1729
旧命名重复卡-已收敛,方圆__题-FY-卷一-03-铈是一种常用的强氧化剂因其还.md,有答案,1.0,3,2,1491
旧命名重复卡-已收敛,方圆__题-FY-卷一-04-随着我国双碳战略的实施二氧化.md,有答案,1.0,8,0,1474
旧命名重复卡-已收敛,方圆__题-FY-卷一-05-有机无机杂化材料Organi.md,有答案,1.0,6,0,298
旧命名重复卡-已收敛,方圆__题-FY-卷一-06-某元素X的黄色含氯化合物A能.md,有答案,1.0,4,0,480
旧命名重复卡-已收敛,方圆__题-FY-卷一-07-Perkin反应是一个非常经.md,有答案,1.0,8,0,377
旧命名重复卡-已收敛,方圆__题-FY-卷一-08-81试比较下列氢的酸性由弱至.md,有答案,1.0,5,0,523
旧命名重复卡-已收敛,方圆__题-FY-卷一-09-91在轨道对称性禁阻的情况下.md,有答案,1.0,6,0,620
旧命名重复卡-已收敛,方圆__题-FY-卷一-10-菲是一种稠环芳烃但其芳香性相.md,无答案文件,,,,0
旧命名重复卡-已收敛,方圆__题-FY-卷三-01-11CuI的电化学已知298.md,有答案,0.95,9,0,1484
旧命名重复卡-已收敛,方圆__题-FY-卷三-02-当铜族元素和拟卤素离子能够形.md,有答案,1.0,2,0,644
旧命名重复卡-已收敛,方圆__题-FY-卷三-03-Kagom网格是一种由大量共.md,有答案,1.0,11,1,497
旧命名重复卡-已收敛,方圆__题-FY-卷三-04-某肥料的主要成分是硝酸铵此外.md,有答案,1.0,13,2,683
旧命名重复卡-已收敛,方圆__题-FY-卷三-05-树状高分子dendrimer.md,有答案,1.0,14,0,962
旧命名重复卡-已收敛,方圆__题-FY-卷三-06-丙烯的反应通常会产生一些活性.md,有答案,0.959,9,0,813
旧命名重复卡-已收敛,方圆__题-FY-卷三-07-在平衡条件下蛋白质会不断地折.md,有答案,1.0,3,0,389
旧命名重复卡-已收敛,方圆__题-FY-卷三-08-81卤烷与NaOH在水与乙醇.md,有答案,1.0,11,0,650
旧命名重复卡-已收敛,方圆__题-FY-卷三-09-碎裂化反应是一个非常重要的反.md,有答案,1.0,7,0,512
旧命名重复卡-已收敛,方圆__题-FY-卷三-10-氮杂环辛四烯是一种有趣的化合.md,有答案,1.0,0,0,250
旧命名重复卡-已收敛,方圆__题-FY-卷二-01-11焙烧硫化钼矿石时混有的硫.md,有答案,1.0,7,1,1229
旧命名重复卡-已收敛,方圆__题-FY-卷二-02-21现有一工业镀液中含有约0.md,有答案,1.0,9,0,567
旧命名重复卡-已收敛,方圆__题-FY-卷二-03-元素的多核物种总令人惊叹特别.md,有答案,1.0,4,0,822
旧命名重复卡-已收敛,方圆__题-FY-卷二-04-硝酸是一种重要的工业原料可用.md,有答案,1.0,3,1,3762
旧命名重复卡-已收敛,方圆__题-FY-卷二-05-一系列通过配体L1与L2连接.md,有答案,1.0,7,0,781
旧命名重复卡-已收敛,方圆__题-FY-卷二-06-分子变色龙特指一类可以通过改.md,有答案,1.0,7,0,251
旧命名重复卡-已收敛,方圆__题-FY-卷二-07-VSEPR理论即价层电子对互.md,有答案,1.0,13,0,545
旧命名重复卡-已收敛,方圆__题-FY-卷二-08-酯化反应作为有机化学中经典的.md,有答案,1.0,1,1,416
旧命名重复卡-已收敛,方圆__题-FY-卷二-09-氮杂环卡宾NHC不仅是配位化.md,有答案,1.0,6,0,347
旧命名重复卡-已收敛,方圆__题-FY-无机专题二-01-在一个体积为11042L的已.md,有答案,1.0,0,1,640
旧命名重复卡-已收敛,方圆__题-FY-无机专题二-02-金具有独特的性质和高稳定性在.md,有答案,1.0,1,3,459
旧命名重复卡-已收敛,方圆__题-FY-无机专题二-03-冰面为什么滑呢其中一种解释说.md,有答案,1.0,1,0,667
旧命名重复卡-已收敛,方圆__题-FY-无机专题二-04-理查三世是英格兰约克王朝最后.md,有答案,1.0,3,1,2128
旧命名重复卡-已收敛,方圆__题-FY-无机专题二-05-直接燃烧燃料获得热能再将热能.md,有答案,1.0,0,1,2836
旧命名重复卡-已收敛,方圆__题-FY-无机专题二-06-目前人们发现DNA不仅是包含.md,有答案,1.0,0,0,337
旧命名重复卡-已收敛,方圆__题-FY-无机专题二-07-测定某金属元素M的氯化物Y的.md,有答案,1.0,0,0,41
旧命名重复卡-已收敛,方圆__题-FY-无机专题二-08-一个容积为2L的烧瓶其中盛有.md,无答案文件,,,,0
旧命名重复卡-已收敛,方圆__题-FY-无机专题二-09-在自然条件下蛋白质会由所含氨.md,有答案,0.266,3,1,493
旧命名重复卡-已收敛,汇智__旧版__题-HZ-35-05-有机化学初赛模拟卷14ima.md,题干复读,0.0,0,0,819
旧命名重复卡-已收敛,汇智__旧版__题-HZ-37-01-从古代炼丹术的神火到拉瓦锡的.md,有答案,0.323,4,1,2241
旧命名重复卡-已收敛,汇智__题-HZ-2026-01-11在电解精炼金属产生的阳极.md,无答案文件,,,,0
旧命名重复卡-已收敛,汇智__题-HZ-2026-01-在药物设计中提高分子的三维立.md,无答案文件,,,,0
旧命名重复卡-已收敛,汇智__题-HZ-2026-02-21键角是化学键的一个重要的.md,无答案文件,,,,0
旧命名重复卡-已收敛,汇智__题-HZ-2026-02-在物理有机化学中构象偏好常常.md,有答案,1.0,0,0,406
旧命名重复卡-已收敛,汇智__题-HZ-2026-03-二氧化碳的活化是一个可以将过.md,无答案文件,,,,0
旧命名重复卡-已收敛,汇智__题-HZ-2026-03-高价碘试剂是有机反应常用的氧.md,无答案文件,,,,0
旧命名重复卡-已收敛,汇智__题-HZ-2026-04-41荧光分子可由其前体经过处.md,无答案文件,,,,0
旧命名重复卡-已收敛,汇智__题-HZ-2026-04-苯炔是一种活泼的中间体在构建.md,无答案文件,,,,0
旧命名重复卡-已收敛,汇智__题-HZ-2026-05-氨是最重要的化学产品之一其在.md,无答案文件,,,,0
旧命名重复卡-已收敛,汇智__题-HZ-2026-06-61电化学手段是分离一些金属.md,无答案文件,,,,0
旧命名重复卡-已收敛,汇智__题-HZ-2026-06-Stevens重排是季铵盐或.md,无答案文件,,,,0
旧命名重复卡-已收敛,汇智__题-HZ-2026-07-氟是电负性最大的元素在有机化.md,无答案文件,,,,0
旧命名重复卡-已收敛,汇智__题-HZ-2026-07-生物活性分子中常含氮杂环结构.md,无答案文件,,,,0
旧命名重复卡-已收敛,汇智__题-HZ-2026-08-81Bronsted酸可介导.md,无答案文件,,,,0
旧命名重复卡-已收敛,汇智__题-HZ-2026-08-硫可以通过被氧化或亲核进攻等.md,无答案文件,,,,0
旧命名重复卡-已收敛,汇智__题-HZ-2026-09-91Mannich反应是典型.md,无答案文件,,,,0
旧命名重复卡-已收敛,汇智__题-HZ-2026-09-91扩环反应的重要应用之一是.md,无答案文件,,,,0
旧命名重复卡-已收敛,汇智__题-HZ-2026-10-ComplanadineA的.md,有答案,1.0,0,0,18
旧命名重复卡-已收敛,汇智__题-HZ-长沙冲刺无机综合-02-非过渡金属M为一种灰白色的金.md,有答案,0.523,11,2,2212
旧命名重复卡-已收敛,汇智__题-HZ-长沙冲刺无机综合-03-氮和氟都是高电负性的元素其形.md,有答案,0.505,15,1,1395
旧命名重复卡-已收敛,汇智__题-HZ-长沙冲刺无机综合-04-2011年3月11日日本东北.md,有答案,0.604,2,0,2681
旧命名重复卡-已收敛,汇智__题-HZ-长沙冲刺无机综合-05-20世纪70年代可充电锂离子.md,有答案,0.56,10,0,1931
旧命名重复卡-已收敛,汇智__题-HZ-长沙冲刺无机综合-06-2024年5月8日我国第三艘.md,有答案,0.736,23,1,6823
旧命名重复卡-已收敛,汇智__题-HZ-长沙冲刺无机综合-07-逆配合物inversecoo.md,无答案文件,,,,0
旧命名重复卡-已收敛,汇智__题-HZ-长沙冲刺无机综合-08-M是一种常见金属常温下晶体为.md,有答案,0.457,15,0,1979
旧命名重复卡-已收敛,汇智__题-HZ-长沙冲刺无机综合-09-91关于晶格能下列说法正确的.md,有答案,0.563,3,0,1948
旧命名重复卡-已收敛,汇智__题-HZ-长沙冲刺结构-01-多碘阴离子是碘元素的特征阴离.md,有答案,0.45,4,0,1839
旧命名重复卡-已收敛,汇智__题-HZ-长沙冲刺结构-02-21Nature报道了某同素.md,有答案,0.605,6,1,2498
旧命名重复卡-已收敛,汇智__题-HZ-长沙冲刺结构-03-高能材料即烟火推进剂和炸药的.md,有答案,0.7,5,2,3434
旧命名重复卡-已收敛,汇智__题-HZ-长沙冲刺结构-04-411仅占3分试根据欧拉定理.md,有答案,0.78,3,1,1801
旧命名重复卡-已收敛,汇智__题-HZ-长沙冲刺结构-05-含有Se和Tl元素的离子结构.md,有答案,0.556,6,1,1421
旧命名重复卡-已收敛,汇智__题-HZ-长沙冲刺结构-06-金属Mg是中学化学就已涉及到.md,有答案,0.359,11,0,1827
旧命名重复卡-已收敛,汇智__题-HZ-长沙冲刺结构-07-阴离子配体环戊二烯阴离子自二.md,有答案,0.524,7,0,1933
旧命名重复卡-已收敛,汇智__题-HZ-长沙冲刺结构-08-的晶胞参数为a101767b.md,有答案,0.546,10,0,1441
旧命名重复卡-已收敛,质心UChO__旧版__题-UChO-17-UChO-08-天然产物Vinigrol具有.md,有答案,1.0,0,0,143
旧命名重复卡-已收敛,质心UChO__题-UChO-10thZCHEM-UChO-01-独居石CeLaNdThPO和.md,无答案文件,,,,0
旧命名重复卡-已收敛,质心UChO__题-UChO-10thZCHEM-UChO-02-尼奥斯湖位于非洲喀麦隆西北部.md,无答案文件,,,,0
旧命名重复卡-已收敛,质心UChO__题-UChO-10thZCHEM-UChO-03-熊大站在一棵树旁聚精会神地向.md,无答案文件,,,,0
旧命名重复卡-已收敛,质心UChO__题-UChO-10thZCHEM-UChO-04-具有特殊光学性质的晶体一直是.md,无答案文件,,,,0
旧命名重复卡-已收敛,质心UChO__题-UChO-10thZCHEM-UChO-05-本题中的气体都视作理想气体5.md,无答案文件,,,,0
旧命名重复卡-已收敛,质心UChO__题-UChO-10thZCHEM-UChO-06-DNA是一种由核苷酸组成的长.md,无答案文件,,,,0
旧命名重复卡-已收敛,质心UChO__题-UChO-10thZCHEM-UChO-07-虽然不一定合理但答题时本题所.md,无答案文件,,,,0
旧命名重复卡-已收敛,质心UChO__题-UChO-10thZCHEM-UChO-08-Friedlnder环化是合.md,无答案文件,,,,0
旧命名重复卡-已收敛,质心UChO__题-UChO-10thZCHEM-UChO-09-重排反应是有机化学中最为神奇.md,无答案文件,,,,0
旧命名重复卡-已收敛,质心UChO__题-UChO-10thZCHEM-UChO-10-立体化学是有机化学学习的重点.md,无答案文件,,,,0
旧命名重复卡-已收敛,质心UChO__题-UChO-1stZCHEM-UChO-01-1960年第一例含SNF的化.md,有答案,0.544,16,0,2657
旧命名重复卡-已收敛,质心UChO__题-UChO-1stZCHEM-UChO-02-钽试剂N苯甲酰N苯基羟胺BH.md,有答案,0.496,10,0,2987
旧命名重复卡-已收敛,质心UChO__题-UChO-1stZCHEM-UChO-03-31现拟采用催化氧化的方法制.md,有答案,0.654,6,0,6079
旧命名重复卡-已收敛,质心UChO__题-UChO-1stZCHEM-UChO-04-现有一均相酸催化反应在酸性溶.md,有答案,0.654,11,0,5230
旧命名重复卡-已收敛,质心UChO__题-UChO-1stZCHEM-UChO-05-在弱碱性的缓冲体系中向钼VI.md,有答案,0.696,3,0,1881
旧命名重复卡-已收敛,质心UChO__题-UChO-1stZCHEM-UChO-06-较高温度下用液态的钾和石墨接.md,有答案,0.478,8,1,1172
旧命名重复卡-已收敛,质心UChO__题-UChO-1stZCHEM-UChO-07-硅和碳是同一族的元素在性质上.md,有答案,0.714,5,0,2800
旧命名重复卡-已收敛,质心UChO__题-UChO-1stZCHEM-UChO-08-Pallambins是一类从.md,有答案,0.689,0,0,1447
旧命名重复卡-已收敛,质心UChO__题-UChO-2ndZCHEM-UChO-01-已知石膏的脱水反应mathr.md,有答案,0.727,10,1,4267
旧命名重复卡-已收敛,质心UChO__题-UChO-2ndZCHEM-UChO-03-甲醛法是一种常用的测定有机物.md,有答案,0.863,12,0,3826
旧命名重复卡-已收敛,质心UChO__题-UChO-2ndZCHEM-UChO-04-411960年Wacker开.md,有答案,0.707,7,2,4596
旧命名重复卡-已收敛,质心UChO__题-UChO-2ndZCHEM-UChO-05-自石墨烯的发现以来二维层型材.md,有答案,0.251,6,0,1448
旧命名重复卡-已收敛,质心UChO__题-UChO-2ndZCHEM-UChO-06-化合物A为某无色晶体易溶于水.md,有答案,0.793,1,2,1877
旧命名重复卡-已收敛,质心UChO__题-UChO-2ndZCHEM-UChO-07-Nazarov环化反应可以广.md,无答案文件,,,,0
旧命名重复卡-已收敛,质心UChO__题-UChO-2ndZCHEM-UChO-09-亚砜类化合物是有机合成中非常.md,有答案,0.416,0,0,988
一式,题-YS-01-01-A是一种由三种主族元素构成的.md,有答案,0.686,14,1,2488
一式,题-YS-01-02-1985年还是博士生的Ron.md,有答案,0.408,9,0,3100
一式,题-YS-01-03-碳因其在和杂化下形成长链的能.md,有答案,0.579,18,0,2028
一式,题-YS-01-04-在固体化学中同源系列是指一类.md,有答案,0.268,7,1,1363
一式,题-YS-01-05-高氧化态的过渡金属亚烷基配合.md,有答案,0.334,11,0,2544
一式,题-YS-01-06-61四苯基锡是制备多种锡基有.md,有答案,0.452,16,1,1774
一式,题-YS-01-07-71预测在环己13二烯中的C.md,有答案,0.9,16,0,2230
一式,题-YS-01-08-利用有机硼与底物的发生配位后.md,有答案,0.264,13,0,1974
一式,题-YS-01-09-块在高温情况下可以表现出不寻.md,有答案,0.26,8,0,2372
一式,题-YS-02-01-周易参同契中记载了如下有关金.md,有答案,0.43,11,1,1317
一式,题-YS-02-02-含磷小分子是构建复杂有机磷化.md,有答案,0.51,8,0,2213
一式,题-YS-02-03-锂离子电池已成为移动能源市场.md,有答案,0.588,4,0,2356
一式,题-YS-02-04-碳化物因碳的电负性适中而表现.md,有答案,0.534,16,0,2092
一式,题-YS-02-05-传统药物大多通过抑制酶或受体.md,有答案,0.746,14,2,7655
一式,题-YS-02-06-双键是一种常见的结构由于其具.md,有答案,0.806,14,1,2968
一式,题-YS-02-07-71下列所示的原酸酯在酸性条.md,无答案文件,,,,0
一式,题-YS-02-08-叔膦催化的反应一直是竞赛考察.md,有答案,0.932,6,1,1215
一式,题-YS-02-09-通过一些方法构筑高张力的中间.md,有答案,0.279,6,1,2369
一式,题-YS-03-01-浊沸石Laumontite是.md,有答案,0.406,14,0,3200
一式,题-YS-03-02-元素X具有多种同素异形体能形.md,有答案,0.861,52,0,8336
一式,题-YS-03-03-主族元素E的氧化物与碱金属M.md,无答案文件,,,,0
一式,题-YS-03-04-智能材料是一类能感应环境变化.md,无答案文件,,,,0
一式,题-YS-03-05-杂化铅卤化物材料因其优异的光.md,有答案,0.556,16,0,3170
一式,题-YS-03-06-61选出下列两组化合物中酸性.md,有答案,0.872,13,1,1663
一式,题-YS-03-07-肼是一种无色油状液体具有强烈.md,有答案,0.512,6,1,1419
一式,题-YS-03-08-如题无庸赘述考虑如下反应81.md,有答案,0.941,8,1,1073
一式,题-YS-04-01-在古代波斯有一位炼金术士得到.md,有答案,0.789,10,1,1817
一式,题-YS-04-02-对叔丁基杯8芳烃能选择性地与.md,有答案,0.35,15,0,2221
一式,题-YS-04-03-过渡金属M具有23及4等多种.md,有答案,0.431,8,1,1527
一式,题-YS-04-04-中红外波段220nm激光在远.md,有答案,0.47,16,1,2237
一式,题-YS-04-05-分子镊子是一类化合物它们能够.md,有答案,0.602,22,0,4983
一式,题-YS-04-06-二茂铁的发现确立了以环戊烯为.md,有答案,0.135,5,0,2462
一式,题-YS-04-07-71选出下列两组还原反应的主.md,有答案,0.877,13,1,1595
一式,题-YS-04-08-20世纪50年代末Brook.md,有答案,0.224,5,0,1146
一式,题-YS-04-09-高价碘试剂是一类环境友好低成.md,有答案,0.532,7,0,2354
一式,题-YS-05-01-与碳不同锗容易形成稳定的低价.md,有答案,0.457,9,0,1709
一式,题-YS-05-02-渗透方法可以用来研究小分子物.md,有答案,0.558,3,0,2342
一式,题-YS-05-03-在第37届中国化学奥林匹克竞.md,有答案,0.505,14,1,1596
一式,题-YS-05-04-某种二元卤化物晶体沿不同方向.md,有答案,0.698,8,0,1570
一式,题-YS-05-05-水乃生命之源降雨则是大自然调.md,有答案,0.405,9,0,4980
一式,题-YS-05-06-二硫烯dithiolene是.md,有答案,0.278,9,0,1877
一式,题-YS-05-07-71定义下列羰基取代氮原子置.md,有答案,0.966,13,2,2839
一式,题-YS-05-08-在第36届中国化学原料匹克初.md,无答案文件,,,,0
一式,题-YS-05-09-91传统的头尾环化策略在构建.md,有答案,0.368,6,0,1764
一式,题-YS-06-01-1886年Winkler在德.md,有答案,0.646,7,2,1023
一式,题-YS-06-02-化学式形如的晶体实际蕴含多种.md,有答案,0.613,11,1,1365
一式,题-YS-06-03-2025年研究者开发了一种铜.md,有答案,0.541,14,0,2230
一式,题-YS-06-04-理解肌肉中能量产生的调控因素.md,有答案,0.455,15,0,2994
一式,题-YS-06-05-羟胺在核燃料后处理中作为还原.md,有答案,0.698,17,1,7582
一式,题-YS-06-06-对叔丁基杯8芳烃实验原理富勒.md,有答案,0.529,14,0,2003
一式,题-YS-06-07-71考虑如下的关于烯烃的亲电.md,有答案,0.91,17,0,2594
一式,题-YS-06-08-骨架编辑是分子框架内删除插入.md,有答案,0.21,2,0,1451
一式,题-YS-06-09-亚砜有着十分有趣的结构常画出.md,有答案,0.477,8,0,1712
一式,题-YS-07-01-金属M常用于有机反应在氯气中.md,有答案,0.69,9,0,2046
一式,题-YS-07-02-汞很早就被人类认识并使用汉语.md,有答案,0.457,12,0,2237
一式,题-YS-07-03-稀土元素相似的化学性质使得人.md,有答案,0.619,12,2,1501
一式,题-YS-07-04-金属硫化物是一类经典的光催化.md,有答案,0.487,16,0,1927
一式,题-YS-07-05-合成第4题中的ZIS通常使用.md,有答案,0.686,4,0,1825
一式,题-YS-07-06-ZIS的光催化与PPol的裂.md,有答案,0.171,9,0,3777
一式,题-YS-07-07-以下反应可制备具有自由基机械.md,有答案,0.418,7,1,1280
一式,题-YS-07-08-81选出下列分子中具有旋光性.md,有答案,0.694,11,0,1482
一式,题-YS-07-09-芳炔是一类非常重要的合成中间.md,有答案,0.145,5,0,1263
一式,题-YS-07-10-芳基硝酮是一类有效用作喹啉合.md,有答案,0.972,2,1,748
一式,题-YS-08-01-X和Y主要来源是铜电解精炼过.md,有答案,0.622,15,0,1272
一式,题-YS-08-02-M的低价配合物有着丰富的反应.md,有答案,0.638,26,0,2571
一式,题-YS-08-03-索伦石是1961年在我国内蒙.md,有答案,0.618,13,1,2395
一式,题-YS-08-04-氢负离子转移是化学合成与催化.md,有答案,0.581,10,0,4377
一式,题-YS-08-05-传统的能量化合物如RDXHM.md,有答案,0.636,10,0,7401
一式,题-YS-08-06-61如下是一些常见的有机还原.md,有答案,0.965,15,1,1833
一式,题-YS-08-07-71选出如下关于下列反应以及.md,有答案,0.116,5,0,899
一式,题-YS-08-08-由于在形成两个新化学键的同时.md,有答案,0.744,16,1,2724
一式,题-YS-10-01-国画并非仅仅黑白而是具有丰富.md,有答案,0.603,16,2,2462
一式,题-YS-10-02-近年来研究者发展了一种可在室.md,有答案,0.351,13,0,1932
一式,题-YS-10-03-甲醇重整制氢气是现代能源产业.md,有答案,0.727,24,2,4390
一式,题-YS-10-04-某些无固定结构蛋白可以形成富.md,有答案,0.661,4,0,3275
一式,题-YS-10-05-钾碘氧三种元素能形成丰富的化.md,有答案,0.718,15,0,2089
一式,题-YS-10-06-在有机合成中薄层色谱与柱层析.md,有答案,0.275,15,0,3404
一式,题-YS-10-07-71对酯类化合物结构反应性的.md,有答案,0.866,3,1,1225
一式,题-YS-10-08-13二硫烷通常在有机合成中作.md,有答案,0.637,6,1,1710
一式,题-YS-10-09-91传统醚键切断的条件往往不.md,有答案,0.166,7,0,1950
伽马,题-GM-01-01-11设将直链共轭多烯烃分子中.md,无答案文件,,,,0
伽马,题-GM-01-01-1neatSMe2170I5.md,无答案文件,,,,0
伽马,题-GM-01-01-小杂环化合物的制备结构键合化.md,有答案,0.553,4,1,1191
伽马,题-GM-01-01-指认物质是实验化学家百年以来.md,有答案,0.392,0,0,3247
伽马,题-GM-01-01-题.md,无答案文件,,,,0
伽马,题-GM-01-02-21从离子开始已知碳原子的第.md,有答案,0.333,0,1,3907
伽马,题-GM-01-02-X与某元素的二元化合物只能通.md,无答案文件,,,,0
伽马,题-GM-01-02-实验人员将和过量NaOH溶液.md,有答案,0.641,4,1,1649
伽马,题-GM-01-02-题.md,无答案文件,,,,0
伽马,题-GM-01-03-Pummerer重排是用乙酸.md,无答案文件,,,,0
伽马,题-GM-01-03-某四方晶体的正当晶胞结构如图.md,有答案,0.4,4,0,1011
伽马,题-GM-01-03-核酸和蛋白质等生物大分子在水.md,有答案,0.353,0,0,2541
伽马,题-GM-01-03-非常无聊的一道题基本就是看图.md,无答案文件,,,,0
伽马,题-GM-01-04-化合物X是元素M的盐化学式为.md,有答案,0.489,0,1,2189
伽马,题-GM-01-04-这题几乎没救了右图是一个二元.md,无答案文件,,,,0
伽马,题-GM-01-04-镨Pr和钕Nd是一对较难分离.md,有答案,0.737,5,1,4816
伽马,题-GM-01-04-长期以来有机硫化合物在合成中.md,无答案文件,,,,0
伽马,题-GM-01-05-加州大学的研究人员制备了含Z.md,有答案,0.368,6,1,2306
伽马,题-GM-01-05-我们用NN二乙基14苯二胺D.md,无答案文件,,,,0
伽马,题-GM-01-05-许多SbIII配合物被发现有.md,有答案,0.326,0,0,1435
伽马,题-GM-01-06-1921年Staudinge.md,有答案,0.254,15,0,2158
伽马,题-GM-01-06-某最简式为的晶体属立方晶系a.md,有答案,0.709,0,0,1430
伽马,题-GM-01-06-纳米尺度的定向运动是生命的核.md,无答案文件,,,,0
伽马,题-GM-01-07-71有一系列卤代烷烃当时的转.md,有答案,1.0,0,0,105
伽马,题-GM-01-07-71选出以下在水中的溶解性最.md,有答案,0.22,4,0,828
伽马,题-GM-01-08-81周环反应811有以下转化.md,存疑,0.213,0,0,1940
伽马,题-GM-01-08-以下为天然产物Guignar.md,有答案,0.27,6,0,2586
伽马,题-GM-01-09-91Edman降解瑞典化学家.md,存疑,0.23,0,0,1757
伽马,题-GM-01-09-MeyerSchuster重.md,无答案文件,,,,0
伽马,题-GM-01-09-研究人员报道了以下转化在保护.md,有答案,0.109,3,0,623
伽马,题-GM-01-11-在室温以及碱存在下以下两化合.md,无答案文件,,,,0
伽马,题-GM-02-01-作为主要的温室气体备受关注特.md,有答案,0.391,10,0,7376
伽马,题-GM-02-01-多肽材料是一种多功能智能产品.md,存疑,0.112,0,0,1091
伽马,题-GM-02-02-乙酸丁酯是一种重要的有机溶剂.md,有答案,0.164,6,0,1348
伽马,题-GM-02-02-由于存在电子缺陷正价卤素离子.md,有答案,0.372,0,1,1325
伽马,题-GM-02-03-一些含亚铜与卤素的盐由于其磁.md,有答案,0.105,3,0,716
伽马,题-GM-02-03-元素A其单质是灰黑色的脆性晶.md,有答案,0.409,0,1,1678
伽马,题-GM-02-04-411写出A的化学式412将.md,有答案,0.337,0,0,805
伽马,题-GM-02-04-高分子材料的大规模使用带来了.md,有答案,0.235,5,0,1314
伽马,题-GM-02-05-51用还原反应的历程如下所示.md,有答案,0.451,0,1,1990
伽马,题-GM-02-05-某二元化合物最初的作用是作为.md,有答案,0.429,6,1,1396
伽马,题-GM-02-06-诸如等小分子是普遍存在的稳定.md,有答案,0.395,0,1,2316
伽马,题-GM-02-06-金属M为第VIII族元素研究.md,有答案,0.506,7,0,3169
伽马,题-GM-02-07-71分别选出以下两组化合物中.md,有答案,0.546,7,0,1747
伽马,题-GM-02-07-若将忽略气体分子的内部结构将.md,有答案,0.361,0,0,1673
伽马,题-GM-02-08-81如下化合物中哪个为主要构.md,有答案,0.564,0,1,1864
伽马,题-GM-02-08-生物碱Acutumine最初.md,有答案,0.31,3,0,882
伽马,题-GM-02-09-91画出环丙烯酮的所有共振式.md,有答案,0.232,4,0,1166
伽马,题-GM-02-09-自古以来自然界就一直在合成复.md,有答案,0.875,0,1,3048
伽马,题-GM-02-10-Petasis反应是一种高效.md,存疑,0.253,0,0,929
伽马,题-GM-03-01-11过氧化氢是一种常见的氧化.md,有答案,1.0,5,0,602
伽马,题-GM-03-01-可持续高分子材料具有可回收可.md,存疑,0.152,0,0,914
伽马,题-GM-03-02-21CoII配合物一NN二水.md,有答案,0.892,6,0,550
伽马,题-GM-03-02-沸石是人类最重要的微孔材料之.md,有答案,0.557,0,1,2109
伽马,题-GM-03-03-A为一种银白色金属质地较软在.md,存疑,0.08,0,0,719
伽马,题-GM-03-03-在晶体场理论中中心金属离子与.md,有答案,0.582,8,0,1102
伽马,题-GM-03-04-水杨酸邻羟基苯甲酸是一种常见.md,有答案,1.0,8,0,3889
伽马,题-GM-03-04-金属卡拜是指具有作为配体的配.md,有答案,0.784,0,1,1614
伽马,题-GM-03-05-mathrmCuImathr.md,有答案,0.518,0,0,3394
伽马,题-GM-03-05-一氧化碳是汽车造成的最严重的.md,有答案,0.907,7,0,2801
伽马,题-GM-03-06-246三硝基甲苯TNT是一种.md,有答案,0.57,0,0,2882
伽马,题-GM-03-06-在超分子化学中氢键可用来引导.md,有答案,1.0,3,0,275
伽马,题-GM-03-07-按要求回答下列问题71戊二酸.md,有答案,0.675,0,0,3945
伽马,题-GM-03-07-由于N元素具有多种价态铵盐的.md,有答案,1.0,4,0,718
伽马,题-GM-03-08-在如下所示的两个反应中体系中.md,无答案文件,,,,0
伽马,题-GM-03-08-硅效应是有机化学中常见的取代.md,有答案,1.0,5,0,449
伽马,题-GM-03-09-91重氮化合物具有丰富的反应.md,有答案,1.0,5,0,581
伽马,题-GM-03-09-一定条件下可以与化合物的醛基.md,有答案,0.754,0,1,1618
伽马,题-GM-03-10-101以下是天然产物epot.md,有答案,1.0,3,0,836
伽马,题-GM-04-01-11菽园杂记记载了如下制取铅.md,有答案,0.361,9,1,1224
伽马,题-GM-04-01-短周期元素ABC和D两两之间.md,有答案,0.498,8,1,3401
伽马,题-GM-04-02-21从表面因素分析为什么诸如.md,有答案,0.492,6,0,2983
伽马,题-GM-04-02-已知酰胺A可形成分子内氢键可.md,有答案,0.79,1,0,3646
伽马,题-GM-04-03-31几种分类311热塑性塑料.md,有答案,0.422,25,1,2653
伽马,题-GM-04-03-X射线衍射XRD是研究晶体结.md,无答案文件,,,,0
伽马,题-GM-04-04-41当你迅速吹起一个天然橡胶.md,有答案,0.731,18,1,2077
伽马,题-GM-04-04-蜘蛛丝是自然界中性能最卓越的.md,有答案,0.314,6,0,3302
伽马,题-GM-04-05-最近中国科学院物理研究所北京.md,有答案,0.77,10,0,897
伽马,题-GM-04-05-长余辉现象最早出现在无机材料.md,有答案,0.229,4,1,2201
伽马,题-GM-04-06-61制备饱和碘酸铜溶液的方式.md,有答案,0.453,14,1,1463
伽马,题-GM-04-06-早在19世纪人们发现了一些分.md,有答案,0.184,8,0,2271
伽马,题-GM-04-07-71最近研究者制备出了含BB.md,有答案,0.078,3,0,1158
伽马,题-GM-04-07-71比较下列物质在NaI丙酮.md,有答案,0.539,7,1,3212
伽马,题-GM-04-08-81直接判断下列结构的稳定性.md,有答案,0.596,16,0,2294
伽马,题-GM-04-08-利用以下反应可以构建五元环酮.md,有答案,0.455,5,0,984
伽马,题-GM-04-09-91已知三苯甲基钠的固体和乙.md,有答案,0.314,5,0,2004
伽马,题-GM-04-09-RC策略RelayCatal.md,有答案,0.171,6,0,1581
伽马,题-GM-04-10-101Norrishtype.md,有答案,0.665,15,1,2326
伽马,题-GM-05-01-11设将直链共轭多烯烃分子中.md,有答案,0.595,3,0,1216
伽马,题-GM-05-01-铁是地壳中第四个丰度最大的元.md,有答案,1.0,10,0,1020
伽马,题-GM-05-02-X与某元素的二元化合物只能通.md,有答案,0.6,5,1,1676
伽马,题-GM-05-02-无机固体材料在我们生活当中非.md,有答案,1.0,7,1,411
伽马,题-GM-05-03-对叔丁基杯芳烃是一类常见的具.md,有答案,1.0,5,1,400
伽马,题-GM-05-03-高反应性物质的稳定化和分离长.md,有答案,0.374,8,0,1676
伽马,题-GM-05-04-Te的卤化物有着非常丰富的结.md,有答案,1.0,2,1,792
伽马,题-GM-05-04-右图是一个二元化合物的晶体结.md,有答案,0.508,11,0,765
伽马,题-GM-05-05-可以用离子选择电极监测乳品厂.md,有答案,1.0,7,0,1871
伽马,题-GM-05-05-在为条件下游离氯与DPD生成.md,有答案,0.358,11,0,2734
伽马,题-GM-05-06-61比较下列化合物的碱性AB.md,有答案,1.0,5,0,291
伽马,题-GM-05-06-纳米尺度的定向运动是生命的核.md,有答案,0.243,4,1,2269
伽马,题-GM-05-07-71判断以下化合物是否具有芳.md,有答案,0.379,3,0,967
伽马,题-GM-05-07-金元素由于其具有独特的催化活.md,有答案,1.0,4,1,502
伽马,题-GM-05-08-81苯炔是将苯环的两个领位取.md,有答案,1.0,3,0,177
伽马,题-GM-05-08-DEADPPh得到的中间体一.md,有答案,0.183,3,0,1234
伽马,题-GM-05-09-酶多年来一直被用于进行不对称.md,有答案,0.257,9,0,2404
伽马,题-GM-06-01-11卤素是一种生活中常见的元.md,有答案,1.0,12,1,1561
伽马,题-GM-06-01-对于RichardTurne.md,有答案,0.264,5,2,1630
伽马,题-GM-06-02-21卡宾是具有六个价电子的二.md,有答案,1.0,8,0,621
伽马,题-GM-06-02-十10分下列反应并未得到预期.md,无答案文件,,,,0
伽马,题-GM-06-02-有机电致发光OLED是指有机.md,有答案,0.415,6,0,4212
伽马,题-GM-06-03-31对于第三周期的过渡金属而.md,有答案,1.0,14,0,1162
伽马,题-GM-06-03-聚酯高分子力学与化学稳定性好.md,有答案,0.593,5,1,1202
伽马,题-GM-06-04-1935年KarlFishe.md,有答案,0.354,9,2,2546
伽马,题-GM-06-04-金属纳米团簇是由几个至几百个.md,有答案,0.985,14,0,1376
伽马,题-GM-06-05-分子的发光有多种机理其中以d.md,有答案,1.0,7,0,705
伽马,题-GM-06-05-近日中国科学家报道了在嫦娥六.md,有答案,0.493,5,0,1413
伽马,题-GM-06-05-黄原酸酯的反应1899年俄国.md,无答案文件,,,,0
伽马,题-GM-06-06-反应机理的研究是催化反应中非.md,有答案,1.0,5,1,3368
伽马,题-GM-06-06-苯甲酸重排苯甲酸重排Benz.md,无答案文件,,,,0
伽马,题-GM-06-06-随着可充电锂金属电池尤其是锂.md,有答案,0.462,16,1,4363
伽马,题-GM-06-07-71将的碱性由强到弱排序72.md,无答案文件,,,,0
伽马,题-GM-06-07-靛蓝Indigo最早于400.md,有答案,0.096,10,0,3119
伽马,题-GM-06-07-高分子材料在生活中非常常见合.md,有答案,1.0,9,0,736
伽马,题-GM-06-08-1993年ClaudeAga.md,无答案文件,,,,0
伽马,题-GM-06-08-81Cope消除是有机化学中.md,有答案,1.0,4,0,575
伽马,题-GM-06-08-一种硼介导的重排反应可以实现.md,有答案,0.684,13,1,2652
伽马,题-GM-06-09-91锂卤交换是有机化学中常用.md,有答案,1.0,3,0,475
伽马,题-GM-06-09-Mannich反应是有机化学.md,有答案,0.214,9,0,2142
伽马,题-GM-06-09-高价碘试剂作为一种高效温和的.md,无答案文件,,,,0
伽马,题-GM-06-10-二萜天然产物crinipel.md,有答案,1.0,3,0,202
伽马,题-GM-07-01-11对于一维势阱模型其能级能.md,有答案,0.844,10,0,1622
伽马,题-GM-07-02-21氮元素在自然界中主要以双.md,有答案,1.0,8,0,619
伽马,题-GM-07-03-311Ti在强酸性水溶液中的.md,有答案,1.0,8,0,987
伽马,题-GM-07-04-检出限量是痕量元素分析的基本.md,有答案,1.0,5,1,2015
伽马,题-GM-07-05-量子点QD是一种重要的低维半.md,有答案,1.0,4,0,2488
伽马,题-GM-07-06-61醋酸亚铬二水合物是一种抗.md,有答案,1.0,5,1,594
伽马,题-GM-07-07-芳香性是有机化学中最重要的概.md,有答案,1.0,6,0,365
伽马,题-GM-07-08-有机电化学合成最早可追溯至1.md,有答案,1.0,7,1,465
伽马,题-GM-07-09-91Pd催化是有机化学中常用.md,有答案,1.0,8,0,416
伽马,题-GM-07-10-以下是生物碱环巴胺的部分全合.md,有答案,1.0,3,0,223
伽马,题-GM-08-01-11卡宾具有两种形态在光谱学.md,无答案文件,,,,0
伽马,题-GM-08-02-COF材料即共价有机框架Co.md,无答案文件,,,,0
伽马,题-GM-08-03-31作为金属配合物和纳米颗粒.md,无答案文件,,,,0
伽马,题-GM-08-04-最近来自日本的研究人员报道了.md,无答案文件,,,,0
伽马,题-GM-08-05-本题涉及的化合物均由MN和氧.md,无答案文件,,,,0
伽马,题-GM-08-06-苯酚在四氮化碳溶液中溶解时分.md,无答案文件,,,,0
伽马,题-GM-08-07-含磷有机化合物具有独特的化学.md,无答案文件,,,,0
伽马,题-GM-08-08-硼是有机化学中新兴的热点硼具.md,无答案文件,,,,0
伽马,题-GM-08-09-全合成TotalSynthe.md,无答案文件,,,,0
伽马,题-GM-09-01-二氧化碳是造成温室效应的主要.md,无答案文件,,,,0
伽马,题-GM-09-01-维生素C用途非常广泛可作营养.md,有答案,0.353,5,0,2082
伽马,题-GM-09-02-本题是一道非常中规中矩考查酸.md,无答案文件,,,,0
伽马,题-GM-09-02-硫醇胺溶剂混合物已广泛应用于.md,有答案,0.421,5,1,2585
伽马,题-GM-09-03-21反应1反应2或反应3或2.md,无答案文件,,,,0
伽马,题-GM-09-03-铜是人类最早使用的金属之一其.md,有答案,0.428,7,1,1294
伽马,题-GM-09-04-Si元素具有丰富的化学性质关.md,有答案,0.715,9,1,1790
伽马,题-GM-09-05-51亚硝酸盐的分解511气相.md,有答案,0.747,25,0,3947
伽马,题-GM-09-06-观察右侧晶体图并回答问题大球.md,无答案文件,,,,0
伽马,题-GM-09-07-Grubbs试剂作为一种高效.md,有答案,0.523,3,1,1141
伽马,题-GM-09-08-81近日加拿大麦吉尔大学的J.md,有答案,0.449,8,0,1214
伽马,题-GM-09-09-尽管从吡啶制备苯是一种潜在的.md,题干复读,0.0,0,0,1236
伽马,题-GM-09-10-C19二萜生物碱C19DTA.md,有答案,0.783,11,1,2069
伽马,题-GM-10-01-长期以来较重的元素元素多键的.md,有答案,0.3,5,0,1120
伽马,题-GM-10-02-小明在化学竞赛实验室储存盐类.md,有答案,0.564,2,1,1055
伽马,题-GM-10-03-311与一定量的反应生成离子.md,有答案,0.248,8,0,2386
伽马,题-GM-10-04-41下面是一种配位聚合物的合.md,有答案,0.742,6,0,1782
伽马,题-GM-10-05-在过去几年中对涉及以及其衍生.md,有答案,0.409,2,1,1771
伽马,题-GM-10-06-611邻硝基苄基是一种常见的.md,有答案,0.668,5,0,1797
伽马,题-GM-10-07-711在的共同作用下发生了如.md,有答案,0.694,7,1,1902
伽马,题-GM-10-08-8112021年Richmo.md,有答案,0.055,5,0,1836
伽马,题-GM-20-01-11水解试验有时使用水解的方.md,无答案文件,,,,0
伽马,题-GM-20-02-21从离子开始已知碳原子的第.md,无答案文件,,,,0
伽马,题-GM-20-03-31聚电解质溶液的双电层结构.md,无答案文件,,,,0
伽马,题-GM-20-04-化合物X是元素M的盐化学式为.md,无答案文件,,,,0
伽马,题-GM-20-05-许多SbIII配合物被发现有.md,无答案文件,,,,0
伽马,题-GM-20-06-某最简式为的晶体属立方晶系a.md,无答案文件,,,,0
伽马,题-GM-20-07-71有一系列卤代烷烃当XFC.md,无答案文件,,,,0
伽马,题-GM-20-08-81周环反应811有以下转化.md,无答案文件,,,,0
伽马,题-GM-20-09-91Edman降解瑞典化学家.md,无答案文件,,,,0
伽马,题-GM-21-01-11设将直链共轭多烯烃分子中.md,无答案文件,,,,0
伽马,题-GM-21-02-题.md,无答案文件,,,,0
伽马,题-GM-21-03-非常无聊的一道题基本就是看图.md,无答案文件,,,,0
伽马,题-GM-21-04-这题几乎没救了.md,无答案文件,,,,0
伽马,题-GM-21-05-511光欲发电子迁3哈哈娘6.md,有答案,1.0,0,1,1805
伽马,题-GM-21-06-纳米尺度的定向运动是生命的核.md,无答案文件,,,,0
伽马,题-GM-22-01-多肽材料是一种多功能智能产品.md,无答案文件,,,,0
伽马,题-GM-22-02-6hole由于存在电子缺陷正.md,无答案文件,,,,0
伽马,题-GM-22-03-元素A其单质是灰黑色的脆性晶.md,无答案文件,,,,0
伽马,题-GM-22-04-将和水混合后短暂搅拌并置于聚.md,无答案文件,,,,0
伽马,题-GM-22-05-51用还原反应的历程如下所示.md,无答案文件,,,,0
伽马,题-GM-22-06-诸如CO等小分子是普遍存在的.md,无答案文件,,,,0
伽马,题-GM-22-07-若将忽略气体分子的内部结构将.md,无答案文件,,,,0
伽马,题-GM-23-01-对于RichardTurne.md,无答案文件,,,,0
伽马,题-GM-23-02-2020年中国科学家发现了一.md,无答案文件,,,,0
伽马,题-GM-23-03-聚酯高分子力学与化学稳定性好.md,无答案文件,,,,0
伽马,题-GM-23-04-1935年KarlFishe.md,无答案文件,,,,0
伽马,题-GM-23-05-近日中国科学家报道了在嫦娥六.md,无答案文件,,,,0
伽马,题-GM-23-06-注意此题的电池中的硫单质应写.md,无答案文件,,,,0
伽马,题-GM-24-01-短周期元素ABC和D两两之间.md,无答案文件,,,,0
伽马,题-GM-24-02-已知酰胺A可形成分子内氢键可.md,无答案文件,,,,0
伽马,题-GM-24-03-X射线衍射XRD是研究晶体结.md,无答案文件,,,,0
伽马,题-GM-24-04-蜘蛛丝是自然界中性能最卓越的.md,无答案文件,,,,0
伽马,题-GM-24-05-51光致发光原理分子被光激发.md,无答案文件,,,,0
伽马,题-GM-24-06-61光敏分子611反式二苯乙.md,无答案文件,,,,0
伽马,题-GM-25-01-题源化英社3809金红石是缺.md,无答案文件,,,,0
伽马,题-GM-25-02-题源TBNChem3710R.md,无答案文件,,,,0
伽马,题-GM-25-03-题源Chemy3717立方钙.md,无答案文件,,,,0
伽马,题-GM-25-04-题源化英社3801钙钛矿是一.md,无答案文件,,,,0
伽马,题-GM-25-05-题源Chemy3819钙钛矿.md,无答案文件,,,,0
伽马,题-GM-25-06-题源COBP3504T52灼.md,无答案文件,,,,0
伽马,题-GM-25-07-题源COBP3505俗称刚玉.md,无答案文件,,,,0
伽马,题-GM-25-08-题源2024年清北营暑假班试.md,无答案文件,,,,0
伽马,题-GM-25-09-题源2018年清北营暑假班明.md,无答案文件,,,,0
伽马,题-GM-25-10-的晶体结构与一种常见的晶体结.md,无答案文件,,,,0
化英社,题-HYS-01-01-11在DielsAlder反.md,无答案文件,,,,0
化英社,题-HYS-01-01-11型含氧酸盐A由四种元素组.md,有答案,0.533,6,0,1391
化英社,题-HYS-01-01-化合物A的化学式为XYZ其中.md,无答案文件,,,,0
化英社,题-HYS-01-01-含元素M的药物早在1901年.md,无答案文件,,,,0
化英社,题-HYS-01-01-本题可能用到氨基酸相关的缩写.md,有答案,1.0,0,0,911
化英社,题-HYS-01-01-某金属元素M在自然界中分布广.md,存疑,0.072,1,0,1733
化英社,题-HYS-01-01-科学家在合成簇合物时常常使用.md,有答案,0.639,3,1,2629
化英社,题-HYS-01-01-金属元素X在自然界中丰度较低.md,有答案,1.0,6,1,3889
化英社,题-HYS-01-02-AIndene是一种芳香烃含.md,有答案,0.499,9,1,2671
化英社,题-HYS-01-02-对二元化合物进行了以下的分析.md,有答案,0.647,4,1,1768
化英社,题-HYS-01-02-将200mg乙酸铜123三唑.md,有答案,0.453,9,0,2750
化英社,题-HYS-01-02-研究钙钛矿衍生结构时常用Ra.md,无答案文件,,,,0
化英社,题-HYS-01-02-自然界中存在的含氮化合物大多.md,无答案文件,,,,0
化英社,题-HYS-01-02-载有生物活性分子的碳硼簇药物.md,无答案文件,,,,0
化英社,题-HYS-01-02-酿氢醒电极QQH是一个对pH.md,有答案,1.0,15,1,4914
化英社,题-HYS-01-02-金属金属单键是金属键中最常见.md,有答案,0.436,2,0,1600
化英社,题-HYS-01-03-31向的DMF溶液中通入一氧.md,有答案,0.656,6,1,3652
化英社,题-HYS-01-03-31研究人员利用CO激活有机.md,无答案文件,,,,0
化英社,题-HYS-01-03-31研究人员利用激活有机硼化.md,无答案文件,,,,0
化英社,题-HYS-01-03-Co元素由于其价格低廉储量丰.md,有答案,0.387,8,1,1853
化英社,题-HYS-01-03-在过去的几十年里主族元素多重.md,有答案,1.0,22,0,3128
化英社,题-HYS-01-03-如下展示了一种四方晶系的晶体.md,无答案文件,,,,0
化英社,题-HYS-01-03-氯代碳酸乙烯酯CEC是合成碳.md,无答案文件,,,,0
化英社,题-HYS-01-03-纳米孔Nanopore技术是.md,存疑,0.168,0,0,1590
化英社,题-HYS-01-03-高度活泼物质的稳定化和隔离一.md,有答案,0.515,3,1,2952
化英社,题-HYS-01-04-HgI具有有趣的晶体结构通常.md,有答案,1.0,14,1,7303
化英社,题-HYS-01-04-tabletrtd温馨提示本.md,无答案文件,,,,0
化英社,题-HYS-01-04-利用二价Fe的自旋态对温度的.md,无答案文件,,,,0
化英社,题-HYS-01-04-常见的环状共轭体系一般使用H.md,有答案,0.261,4,0,1796
化英社,题-HYS-01-04-某三元化合物X具有ABC三种.md,有答案,0.7,9,1,1306
化英社,题-HYS-01-04-科学家希望通过超分子来模拟生.md,有答案,0.727,2,0,2399
化英社,题-HYS-01-04-聚甲炔菁染料在近红外区有较大.md,有答案,0.488,11,0,2088
化英社,题-HYS-01-04-苯炔是最具反应性的有机中间体.md,无答案文件,,,,0
化英社,题-HYS-01-05-20世纪70年代钯催化的交叉.md,无答案文件,,,,0
化英社,题-HYS-01-05-下图是金属的一种羧酸盐晶体的.md,有答案,0.447,2,1,1449
化英社,题-HYS-01-05-凝胶点指的是高分子体系由可流.md,无答案文件,,,,0
化英社,题-HYS-01-05-将一定量的钴和钒的氧化物置于.md,有答案,0.268,12,0,1630
化英社,题-HYS-01-05-所谓药有三分毒而毒素也可入药.md,有答案,1.0,6,0,3104
化英社,题-HYS-01-05-本题中可能用到如下的公式一球.md,有答案,0.32,6,0,1017
化英社,题-HYS-01-05-生物传感器与化学传感器是指一.md,有答案,0.562,8,0,4166
化英社,题-HYS-01-05-糖识别在细胞识别信息传递中起.md,无答案文件,,,,0
化英社,题-HYS-01-06-61酸性是有机化合物的基本性.md,有答案,0.806,10,1,1683
化英社,题-HYS-01-06-61重结晶是基本的分离操作之.md,无答案文件,,,,0
化英社,题-HYS-01-06-下图是一种含Co的有机金属骨.md,有答案,0.424,1,0,779
化英社,题-HYS-01-06-光子晶体通过周期性微纳米结构.md,有答案,0.453,15,1,2738
化英社,题-HYS-01-06-卤原子转移反应是实现氧化态转.md,无答案文件,,,,0
化英社,题-HYS-01-06-在表面化学的体系中通常表面物.md,有答案,0.651,2,1,4272
化英社,题-HYS-01-06-热释光是指被辐照后的材料在加.md,无答案文件,,,,0
化英社,题-HYS-01-07-12迁移反应是正离子重排的常.md,无答案文件,,,,0
化英社,题-HYS-01-07-71氯甲基麟酸二氯存在两种构.md,存疑,0.086,1,0,1458
化英社,题-HYS-01-07-CC键迁移在环状结构的构建中.md,无答案文件,,,,0
化英社,题-HYS-01-07-仿照自然界构筑的分子的方式应.md,无答案文件,,,,0
化英社,题-HYS-01-07-有机化学中对于炔烃的转化主要.md,有答案,1.0,1,0,1141
化英社,题-HYS-01-07-注本题中所有讨论均设在单位面.md,有答案,0.539,3,0,1791
化英社,题-HYS-01-07-申联反应不仅体现了步骤经济性.md,有答案,1.0,0,0,686
化英社,题-HYS-01-07-科学家利用过渡金属偶联反应制.md,有答案,0.709,2,0,2744
化英社,题-HYS-01-08-三价磷可以催化一些特殊的缺电.md,题干复读,0.0,0,0,1184
化英社,题-HYS-01-08-将三级胺类药物转化为季铵盐以.md,有答案,1.0,0,0,911
化英社,题-HYS-01-08-科学家发现如下反应以下反应所.md,有答案,0.764,5,1,1993
化英社,题-HYS-01-08-羟基具有强的共轭给电子性同时.md,有答案,1.0,3,0,2686
化英社,题-HYS-01-08-耐甲氧西林金黄色葡萄球菌MR.md,无答案文件,,,,0
化英社,题-HYS-01-08-自由基介导的有机合成已经成为.md,有答案,0.252,3,0,2449
化英社,题-HYS-01-08-近日科学家发现了一种通过三价.md,无答案文件,,,,0
化英社,题-HYS-01-09-伊博加生物碱是一类主要来自热.md,无答案文件,,,,0
化英社,题-HYS-01-09-在缺电子芳环的附近引入负离子.md,有答案,0.707,2,1,2318
化英社,题-HYS-01-09-基于硼试剂的手性控制策略被广.md,有答案,0.284,2,0,1416
化英社,题-HYS-01-09-自2003年以来一些高氧化态.md,存疑,0.056,1,0,1374
化英社,题-HYS-01-10-具有吗啡骨架的化合物是一类常.md,存疑,0.026,1,0,1327
化英社,题-HYS-01-10-注意本题要求立体化学在萜类衍.md,无答案文件,,,,0
化英社,题-HYS-02-01-In混合卤化物因其光致发光的.md,有答案,0.16,4,0,3120
化英社,题-HYS-02-01-分子机器几十年来一直激发着人.md,有答案,0.169,4,0,1259
化英社,题-HYS-02-01-在有机化合物中常见的元素除碳.md,有答案,0.46,1,1,3695
化英社,题-HYS-02-01-已知XYZ是同族元素其相对原.md,有答案,0.419,2,1,932
化英社,题-HYS-02-01-战国时期考工记记载的金有六齐.md,有答案,0.456,4,2,3438
化英社,题-HYS-02-01-科学并不是追求复杂从错综复杂.md,无答案文件,,,,0
化英社,题-HYS-02-02-21唯象热力学中的热容在唯象.md,无答案文件,,,,0
化英社,题-HYS-02-02-Wade规则又称多面体骨架电.md,有答案,0.296,3,0,2740
化英社,题-HYS-02-02-传统的过渡金属配合物中往往难.md,有答案,0.005,5,0,3468
化英社,题-HYS-02-02-化学发光是指发光分子的外层电.md,有答案,0.597,11,0,6209
化英社,题-HYS-02-02-对非金属硫化物XmSn进行了.md,有答案,0.259,1,1,1071
化英社,题-HYS-02-02-溶液中的化学反应与反应物和产.md,有答案,0.654,7,0,4371
化英社,题-HYS-02-03-常见NHC的结构及名称下文中.md,无答案文件,,,,0
化英社,题-HYS-02-03-注意本题画的结构若含自由基需.md,有答案,0.172,3,0,1664
化英社,题-HYS-02-03-理想溶液是物理化学中非常重要.md,有答案,0.005,3,0,2861
化英社,题-HYS-02-03-电解水是利用电能将水分解为氢.md,有答案,0.416,11,0,2620
化英社,题-HYS-02-03-金属有机框架MOF是由金属离.md,有答案,0.454,7,0,2615
化英社,题-HYS-02-03-钴氧体系在电化学中十分重要的.md,无答案文件,,,,0
化英社,题-HYS-02-04-41堆积参数在自组装问题中几.md,无答案文件,,,,0
化英社,题-HYS-02-04-41氯仿与氯气在光照条件下发.md,有答案,0.119,6,0,5062
化英社,题-HYS-02-04-硼单质有着较其他元素更复杂的.md,有答案,0.292,4,0,1842
化英社,题-HYS-02-04-萃取是利用溶质在互不相溶溶剂.md,有答案,0.327,3,0,2697
化英社,题-HYS-02-04-轮烷是一种超分子其由两个不由.md,题干复读,0.0,0,0,1126
化英社,题-HYS-02-04-齿合度是指在配合物中单一配体.md,有答案,0.06,2,0,1901
化英社,题-HYS-02-05-NiNO32是实验室中最常见.md,题干复读,0.047,0,0,618
化英社,题-HYS-02-05-含Ge配合物M的可以与还原剂.md,有答案,0.721,2,1,1369
化英社,题-HYS-02-05-机械互锁聚合物是一类具有机械.md,有答案,0.605,9,0,1853
化英社,题-HYS-02-05-稀磁半导体Dilutedma.md,有答案,0.031,5,0,7536
化英社,题-HYS-02-05-色谱法是分离鉴定化合物的一种.md,有答案,0.422,7,0,3702
化英社,题-HYS-02-05-酶支撑生命之流的网格51推断.md,无答案文件,,,,0
化英社,题-HYS-02-06-61单壁碳纳米管可以看做单层.md,有答案,0.559,1,0,3140
化英社,题-HYS-02-06-61受自然界叶片气孔的光响应.md,有答案,0.014,4,0,2261
化英社,题-HYS-02-06-在噪声中偏向于随机里定轨在化.md,无答案文件,,,,0
化英社,题-HYS-02-06-孟山都公司MonsantoC.md,有答案,0.323,4,0,3514
化英社,题-HYS-02-06-有一类材料在突加荷载时既产生.md,有答案,0.141,3,0,1269
化英社,题-HYS-02-06-表面张力是液体表面分子因内部.md,有答案,0.306,1,0,3183
化英社,题-HYS-02-07-71顺1氟4叔丁基环己烷最稳.md,有答案,0.504,3,1,1407
化英社,题-HYS-02-07-万物始于分离成于边界相分离P.md,无答案文件,,,,0
化英社,题-HYS-02-07-对固体表面气体的多层吸附行为.md,有答案,0.312,2,0,1332
化英社,题-HYS-02-07-氯仿四氯化碳等简单的卤代烃在.md,有答案,0.504,3,0,1646
化英社,题-HYS-02-07-肿瘤细胞的增殖依赖于两个密切.md,有答案,0.59,2,1,2243
化英社,题-HYS-02-07-高张力氮杂桥环凭借其刚性三维.md,有答案,1.0,0,0,1046
化英社,题-HYS-02-08-81具有偶数个累积双键的结构.md,有答案,0.352,2,0,2179
化英社,题-HYS-02-08-81有机硼氮化合物具有非常丰.md,有答案,0.592,0,0,1670
化英社,题-HYS-02-08-本题的两问可以说没有先后之分.md,题干复读,0.0,0,0,619
化英社,题-HYS-02-08-氧杂三元环由于可以通过双键环.md,有答案,1.0,0,0,866
化英社,题-HYS-02-08-环庚三烯与双环410庚24二.md,有答案,0.0,3,0,2745
化英社,题-HYS-02-09-TEMPO是一类稳定的氮氧自.md,有答案,0.152,6,0,2499
化英社,题-HYS-02-09-在全合成流程中某些步骤往往不.md,有答案,1.0,0,0,1046
化英社,题-HYS-02-09-在有机合成中过渡金属偶联反应.md,有答案,0.177,3,0,1244
化英社,题-HYS-02-09-联烯是最简单的累积双键分子而.md,有答案,1.0,0,0,866
化英社,题-HYS-02-09-金属铜配合物作为有机反应的催.md,存疑,0.029,1,0,2060
化英社,题-HYS-02-10-101以下是两个十分经典的反.md,有答案,0.577,1,0,1038
化英社,题-HYS-03-01-M单质与稀酸反应速率较慢这可.md,无答案文件,,,,0
化英社,题-HYS-03-01-早期主族金属元素M的名称来源.md,有答案,0.319,13,1,1398
化英社,题-HYS-03-01-磷是一个神秘又有趣的元素以其.md,有答案,0.178,3,1,2179
化英社,题-HYS-03-01-质地柔软的变质矿物青金石是一.md,有答案,0.527,5,2,2035
化英社,题-HYS-03-01-高周期过渡金属M具有很好的生.md,无答案文件,,,,0
化英社,题-HYS-03-02-21聚硅氧烷是一种主链由硅氧.md,无答案文件,,,,0
化英社,题-HYS-03-02-X是金属M的一种氧化物将06.md,有答案,0.728,9,1,2954
化英社,题-HYS-03-02-某同学期望制备漂亮的针状草酸.md,有答案,0.049,6,0,1349
化英社,题-HYS-03-02-配位化学中芳基可通过键与与金.md,无答案文件,,,,0
化英社,题-HYS-03-02-高松灯是一位热爱拾石的少女一.md,有答案,0.62,17,1,3547
化英社,题-HYS-03-03-31脲基嘧啶酮UPy是一类具.md,无答案文件,,,,0
化英社,题-HYS-03-03-在半导体的催化下利用太阳能驱.md,无答案文件,,,,0
化英社,题-HYS-03-03-在酸性溶液中钒能形成黄色蓝色.md,有答案,0.515,7,1,3937
化英社,题-HYS-03-03-异核金属金属键配合物常常可以.md,有答案,0.068,2,0,1279
化英社,题-HYS-03-03-高松灯捡到方钠石后却不禁陷入.md,有答案,0.398,15,1,4304
化英社,题-HYS-03-04-具有多样的氟化物对于其结构我.md,无答案文件,,,,0
化英社,题-HYS-03-04-在均相CoRh催化剂的存在下.md,有答案,0.544,3,1,3664
化英社,题-HYS-03-04-本题可能需要用到的积分公式i.md,有答案,0.65,16,0,5854
化英社,题-HYS-03-04-甲烷单加氧酶MMO可在常温常.md,无答案文件,,,,0
化英社,题-HYS-03-04-血红蛋白Hb是一种重要的O运.md,有答案,0.497,19,0,4163
化英社,题-HYS-03-05-卡诺循环是一种理想化的热力学.md,无答案文件,,,,0
化英社,题-HYS-03-05-室温下单质钠的晶体随压力改变.md,有答案,0.596,2,1,3169
化英社,题-HYS-03-05-染料敏化太阳能电池DSSCs.md,有答案,0.209,7,0,2361
化英社,题-HYS-03-05-硫与铜元素可形成多种化合物它.md,无答案文件,,,,0
化英社,题-HYS-03-05-诱导反应是容量分析中的一个重.md,有答案,0.62,3,2,5601
化英社,题-HYS-03-06-1918年Langmuir基.md,无答案文件,,,,0
化英社,题-HYS-03-06-天上繁星地上流萤夏夜的稻田间.md,有答案,0.498,7,0,3209
化英社,题-HYS-03-06-本题所有解释题超过15个字均.md,有答案,0.263,17,2,2831
化英社,题-HYS-03-06-水宝宝是一种外表晶莹漂亮的凝.md,无答案文件,,,,0
化英社,题-HYS-03-06-高分子的交联是指在高分子链之.md,有答案,0.482,1,1,2088
化英社,题-HYS-03-07-71判断下述化合物的DL构型.md,无答案文件,,,,0
化英社,题-HYS-03-07-71比较下列碳正离子的稳定性.md,有答案,0.462,7,1,1195
化英社,题-HYS-03-07-吲哚类化合物是一类重要的含氮.md,有答案,0.066,2,0,2434
化英社,题-HYS-03-07-质子耦合电子转移是有机化学中.md,有答案,0.312,14,1,2678
化英社,题-HYS-03-07-闭壳层和开壳层是描述分子或原.md,无答案文件,,,,0
化英社,题-HYS-03-08-123三唑骨架在自然界中并不.md,有答案,0.459,6,0,3325
化英社,题-HYS-03-08-22二取代13环戊二酮是一类.md,有答案,0.052,3,0,1868
化英社,题-HYS-03-08-81薄层色谱TLC是有机合成.md,无答案文件,,,,0
化英社,题-HYS-03-08-固相多肽合成SPPS的基本思.md,有答案,0.06,2,0,1216
化英社,题-HYS-03-08-在硫属元素中硒原子较氧硫拥有.md,无答案文件,,,,0
化英社,题-HYS-03-09-91在碘存在下研究人员实现了.md,无答案文件,,,,0
化英社,题-HYS-03-09-烯烃与醛的酸催化缩合反应可能.md,有答案,0.32,3,1,1860
化英社,题-HYS-03-09-用有机强碱处理环氧乙烷可得到.md,无答案文件,,,,0
化英社,题-HYS-03-09-研究人员希望实现一个简单的亲.md,有答案,0.161,7,0,1521
化英社,题-HYS-03-10-SecuamamineD是一.md,有答案,0.183,7,0,1466
化英社,题-HYS-03-10-在有机化学中氮氧化物常以亚硝.md,无答案文件,,,,0
化英社,题-HYS-04-01-金属元素M早在数千年前就被人.md,有答案,0.473,12,2,2829
化英社,题-HYS-04-01-非金属元素X有一段曲折的发现.md,无答案文件,,,,0
化英社,题-HYS-04-02-21将混合反应可以制得簇合物.md,无答案文件,,,,0
化英社,题-HYS-04-02-21设金属离子M的初始浓度为.md,有答案,0.5,10,0,4155
化英社,题-HYS-04-03-2020年研究人员发现一例特.md,无答案文件,,,,0
化英社,题-HYS-04-03-氨是农业肥料化工原料的核心成.md,有答案,0.177,4,0,2302
化英社,题-HYS-04-04-利用胺基溶液或固体材料捕集工.md,无答案文件,,,,0
化英社,题-HYS-04-04-累积多烯Cumulenes是.md,有答案,0.074,8,0,2553
化英社,题-HYS-04-05-51葡萄糖Glucose具有.md,有答案,0.098,7,0,1313
化英社,题-HYS-04-05-晶系晶体按其几何形态的对称程.md,无答案文件,,,,0
化英社,题-HYS-04-06-61如下的反应通过手性硫叶立.md,有答案,0.206,5,0,1822
化英社,题-HYS-04-06-多光子激发MPE具有三维荧光.md,无答案文件,,,,0
化英社,题-HYS-04-07-71比较下列化合物的酸性按从.md,无答案文件,,,,0
化英社,题-HYS-04-07-近日报道了一种通过RhIII.md,有答案,0.265,4,0,2451
化英社,题-HYS-04-08-81以下合成路线使用了一种含.md,无答案文件,,,,0
化英社,题-HYS-04-09-中国科学家开发了一种Lewi.md,无答案文件,,,,0
化英社,题-HYS-05-01-MN两种金属元素常用于制作餐.md,有答案,0.35,7,1,2227
化英社,题-HYS-05-01-几千年以来某种元素是导致腹绞.md,有答案,0.38,6,2,2943
化英社,题-HYS-05-02-在罗马奥斯提亚Ostia港口.md,有答案,0.496,1,1,4019
化英社,题-HYS-05-02-将炔烃中的一个碳原子替换为较.md,有答案,0.315,4,0,2030
化英社,题-HYS-05-03-临界描述了一个系统发生变化的.md,有答案,0.486,10,0,2391
化英社,题-HYS-05-03-原子转移自由基聚合ATRP是.md,有答案,0.706,7,1,3424
化英社,题-HYS-05-04-MOFsMetalOrgan.md,有答案,0.458,21,0,3478
化英社,题-HYS-05-04-X是一种团簇化合物其由四种元.md,有答案,0.431,10,2,2363
化英社,题-HYS-05-05-传统的气液压缩制冷剂如氟利昂.md,有答案,0.489,8,0,2764
化英社,题-HYS-05-05-激光技术应用广泛其物理原理涉.md,有答案,0.509,3,1,3064
化英社,题-HYS-05-06-61口罩是由高分子化合物制成.md,有答案,0.289,5,1,1686
化英社,题-HYS-05-06-地球的历史令人着迷今天我们将.md,有答案,0.508,5,0,5039
化英社,题-HYS-05-07-作为地壳中最丰富的金属Al在.md,有答案,1.0,0,0,143
化英社,题-HYS-05-07-环的合成是化学中的重要课题使.md,有答案,0.676,2,0,1733
化英社,题-HYS-05-08-1952年Lane等人首次从.md,有答案,0.2,3,1,1652
化英社,题-HYS-05-08-在学术文献中堆积常被用作一个.md,有答案,0.168,3,0,1504
化英社,题-HYS-05-09-吲哚是有机合成中的常见基团探.md,有答案,0.815,2,1,2340
化英社,题-HYS-05-09-铜催化的Ullmann反应在.md,有答案,0.332,2,1,4191
化英社,题-HYS-05-10-通过高度立体选择性的33重排.md,有答案,0.794,1,0,1931
化英社,题-HYS-06-01-11一氯甲烷与单质在约和粉催.md,有答案,0.399,4,1,2597
化英社,题-HYS-06-02-Oxone试剂是一种强氧化剂.md,有答案,0.548,12,0,4580
化英社,题-HYS-06-03-31葫芦脲cucurbitu.md,有答案,0.38,9,0,4774
化英社,题-HYS-06-04-盐类X是一种常见的干燥剂其沿.md,有答案,0.612,9,0,1637
化英社,题-HYS-06-05-在化学上常用比磁化率和摩尔磁.md,有答案,0.728,4,2,7672
化英社,题-HYS-06-06-质谱massspectrum.md,无答案文件,,,,0
化英社,题-HYS-06-07-71机理探究与立体化学已知有.md,有答案,0.798,13,1,3040
化英社,题-HYS-06-08-以下是一种雌激素受体调节剂e.md,有答案,0.763,7,1,1376
化英社,题-HYS-07-01-本题涉及所有含M化合物中M的.md,有答案,0.451,3,1,2569
化英社,题-HYS-07-01-环境的开发利用与健康状况是人.md,有答案,1.0,0,0,916
化英社,题-HYS-07-02-PAOx是一类新兴的生物相容.md,有答案,0.352,5,1,2229
化英社,题-HYS-07-02-主族的同枝多原子阳离子簇具有.md,有答案,0.432,2,1,1466
化英社,题-HYS-07-03-31研究人员首先通过研究硼的.md,有答案,0.108,5,0,1971
化英社,题-HYS-07-03-分析化学中的测定离子的浓度往.md,有答案,0.274,12,0,4237
化英社,题-HYS-07-04-葡萄酒初榨橄榄油水果蔬菜全谷.md,有答案,0.338,11,1,4912
化英社,题-HYS-07-04-近日JessCampos课题.md,有答案,0.368,4,1,2129
化英社,题-HYS-07-05-含有过渡金属阳离子的扩展固体.md,有答案,0.427,9,0,2220
化英社,题-HYS-07-05-碳分子筛CMS材料的吸附曲线.md,有答案,0.442,14,0,3727
化英社,题-HYS-07-06-TIS存在多种晶型其中一种四.md,有答案,0.526,8,1,3042
化英社,题-HYS-07-06-析氧反应OER是电化学水分解.md,有答案,0.678,5,0,6457
化英社,题-HYS-07-07-71比较下列化合物的酸性按从.md,有答案,0.578,1,0,2507
化英社,题-HYS-07-07-据此回顾B的定义用63中的已.md,有答案,0.604,11,0,3390
化英社,题-HYS-07-08-81写出如下反应的产物82在.md,有答案,0.935,3,1,2014
化英社,题-HYS-07-09-均相金催化下可以发生极为丰富.md,有答案,0.684,3,1,2593
化英社,题-HYS-08-01-NO在人体中是一种关键的信号.md,有答案,0.482,2,0,5187
化英社,题-HYS-08-02-21高锰酸钾法是一种常见的氧.md,有答案,0.659,7,1,3500
化英社,题-HYS-08-03-金刚石晶体是最基础的几种晶体.md,有答案,0.147,4,0,1547
化英社,题-HYS-08-04-在推动金属基氧化还原化学研究.md,有答案,0.449,4,1,2733
化英社,题-HYS-08-05-光谱是复色光经系统分光后按波.md,有答案,0.458,14,0,3992
化英社,题-HYS-08-06-实验是化学中不可或缺的一部分.md,有答案,0.266,5,0,2014
化英社,题-HYS-08-07-71对于下面的环氧化反应说法.md,有答案,0.347,5,0,2181
化英社,题-HYS-08-08-812018年NielsMa.md,有答案,0.685,4,0,2334
化英社,题-HYS-08-09-2011年LomaADuff.md,有答案,0.56,5,1,2104
化英社,题-HYS-09-01-元素和的分离问题是当今化学研.md,无答案文件,,,,0
化英社,题-HYS-09-01-通常亚硝酸根还原为一氧化氮是.md,有答案,0.431,2,1,4812
化英社,题-HYS-09-02-L乳酸LA是一种关键的代谢产.md,有答案,0.552,0,0,3489
化英社,题-HYS-09-02-稳定的硅宾化合物的常常具有强.md,无答案文件,,,,0
化英社,题-HYS-09-03-31由于半径规则与电价规则的.md,无答案文件,,,,0
化英社,题-HYS-09-03-Li是生产氚的核心原料而氚是.md,有答案,0.333,2,0,9668
化英社,题-HYS-09-04-41pH的操作定义411pH.md,无答案文件,,,,0
化英社,题-HYS-09-05-51空间同位素效应一般出现在.md,无答案文件,,,,0
化英社,题-HYS-09-05-蛋白质的功能多样性主要源于其.md,有答案,0.289,4,0,4967
化英社,题-HYS-09-06-61Quadricyclan.md,无答案文件,,,,0
化英社,题-HYS-09-06-现有一有机纯净物样品为无色澄.md,有答案,0.119,3,1,2727
化英社,题-HYS-09-07-硅系绳siliconteth.md,无答案文件,,,,0
化英社,题-HYS-09-07-硫叶立德是一类经典的一碳合成.md,有答案,0.371,6,0,4435
化英社,题-HYS-09-08-萜类化合物pedrolide.md,有答案,0.723,3,1,2271
化英社,题-HYS-10-01-数硼烷作为使算的储敷材料即用.md,有答案,0.601,11,2,4444
化英社,题-HYS-10-01-磷元素因兼具适中的电负性丰富.md,有答案,0.299,6,1,1874
化英社,题-HYS-10-02-21某种钾的含水锗酸盐A系立.md,有答案,0.496,12,1,2458
化英社,题-HYS-10-02-瑞典林雪平大学的LarsHu.md,有答案,0.334,2,1,1923
化英社,题-HYS-10-03-蜗型螯合配阴离子HBmt具有.md,有答案,0.343,10,0,2679
化英社,题-HYS-10-03-近几十年来低价态主族元素配合.md,有答案,0.272,11,0,4529
化英社,题-HYS-10-04-41利用催化剂以发烟硫酸为工.md,有答案,0.606,13,1,4055
化英社,题-HYS-10-04-已知在29815K下将具有完.md,有答案,0.668,5,0,3618
化英社,题-HYS-10-05-CCB是一种由三种元素金属元.md,有答案,0.68,8,1,2770
化英社,题-HYS-10-06-气相吸附是指气体混合物中的特.md,有答案,0.493,12,1,4694
化英社,题-HYS-10-06-过去认为水蒸发的微观本质是水.md,有答案,0.432,8,0,4807
化英社,题-HYS-10-07-71利用叠氮阴离子的亲核性可.md,有答案,0.672,8,0,2715
化英社,题-HYS-10-07-芳基重氮盐的光化学分解是重氮.md,有答案,0.596,14,1,3260
化英社,题-HYS-10-08-52环加成是一种常见快速地构.md,有答案,0.81,12,1,4830
化英社,题-HYS-10-08-81酸性比较811比较下列化.md,无答案文件,,,,0
化英社,题-HYS-10-09-偶氮烯烃的结构可看作存在杂原.md,无答案文件,,,,0
化英社,题-HYS-10-09-烯炔复分解是一种将烯烃和炔烃.md,有答案,1.0,0,0,956
化英社,题-HYS-10-10-101首先让我们明确碳氢活化.md,有答案,1.0,0,0,957
化英社,题-HYS-11-01-基于距离的微流控分析传感器D.md,无答案文件,,,,0
化英社,题-HYS-11-01-据统计有29种元素参与生物演.md,无答案文件,,,,0
化英社,题-HYS-11-02-在酸性溶液中含有金属M的黄色.md,无答案文件,,,,0
化英社,题-HYS-11-02-火锅是重庆人生活中不可或缺的.md,无答案文件,,,,0
化英社,题-HYS-11-03-乙烯基聚合物具有低密度廉价与.md,无答案文件,,,,0
化英社,题-HYS-11-03-黄素自然界中最普遍的有机辅因.md,无答案文件,,,,0
化英社,题-HYS-11-04-分子氙通常被视为惰性物质因为.md,无答案文件,,,,0
化英社,题-HYS-11-04-在最新最热街机音游舞萌DX中.md,无答案文件,,,,0
化英社,题-HYS-11-05-51S元素可以形成多硫阴离子.md,无答案文件,,,,0
化英社,题-HYS-11-05-分子能够响应环境的变化例如当.md,无答案文件,,,,0
化英社,题-HYS-11-06-对氯苯氧乙酸俗称防落素白色结.md,无答案文件,,,,0
化英社,题-HYS-11-06-电子顺磁共振EPR波谱被用于.md,无答案文件,,,,0
化英社,题-HYS-11-07-71观察如下反应结合机理研究.md,无答案文件,,,,0
化英社,题-HYS-11-07-在OLED有机发光半导体OF.md,无答案文件,,,,0
化英社,题-HYS-11-08-异戊烯基化天然产物是一类结构.md,无答案文件,,,,0
化英社,题-HYS-11-08-酶催化有机合成可以利用生物催.md,无答案文件,,,,0
化英社,题-HYS-11-09-碳正离子是有机中最经典的活泼.md,无答案文件,,,,0
化英社,题-HYS-13-01-炸药最早起源于我国早在宋代我.md,无答案文件,,,,0
化英社,题-HYS-13-02-金属双氢配合物在光照下可以脱.md,无答案文件,,,,0
化英社,题-HYS-13-03-2026年是北京大学化学与分.md,无答案文件,,,,0
化英社,题-HYS-13-04-含第一过渡系金属M主族金属N.md,无答案文件,,,,0
化英社,题-HYS-13-05-X是一种较为常见的过渡金属元.md,无答案文件,,,,0
化英社,题-HYS-13-06-抗原与抗体的相互作用是免疫过.md,无答案文件,,,,0
化英社,题-HYS-13-07-格氏反应是有机化学中最经典最.md,无答案文件,,,,0
化英社,题-HYS-13-08-1887年Claisen首次.md,无答案文件,,,,0
化英社,题-HYS-13-09-自由基偶联反应作为一种高效的.md,无答案文件,,,,0
化英社,题-HYS-14-01-二氧化硫是葡萄酒中最常用的防.md,无答案文件,,,,0
化英社,题-HYS-14-02-电化学碳捕获ECC是减少二氧.md,无答案文件,,,,0
化英社,题-HYS-14-03-将0063g017mmol的.md,无答案文件,,,,0
化英社,题-HYS-14-04-有研究团队尝试将EuPtNi.md,无答案文件,,,,0
化英社,题-HYS-14-05-20世纪40年代中期洛杉矶首.md,无答案文件,,,,0
化英社,题-HYS-14-06-直链脂肪酸的命名简写的基本格.md,无答案文件,,,,0
化英社,题-HYS-14-07-乙酰乙酸乙酯是重要的有机合成.md,无答案文件,,,,0
化英社,题-HYS-14-08-均相金催化领域始于一项发现即.md,无答案文件,,,,0
化英社,题-HYS-14-09-在35二甲基苷色酸衍生的类萜.md,无答案文件,,,,0
化英社,题-HYS-15-01-A和B是短周期元素P最常见的.md,无答案文件,,,,0
化英社,题-HYS-15-02-二氧化锰的晶型种类多达20余.md,无答案文件,,,,0
化英社,题-HYS-15-03-在上一题中我们探讨了二氧化锰.md,无答案文件,,,,0
化英社,题-HYS-15-04-近年来随着金属有机框架MOF.md,无答案文件,,,,0
化英社,题-HYS-15-05-锂是新能源产业的关键战略资源.md,无答案文件,,,,0
化英社,题-HYS-15-06-在乙烯基手套中有时会加入一种.md,无答案文件,,,,0
化英社,题-HYS-15-07-由于羟基具有给电子共轭效应间.md,无答案文件,,,,0
化英社,题-HYS-15-08-氟原子由于其较大的电负性具有.md,无答案文件,,,,0
化英社,题-HYS-40-01-11制备最有用的制备肼的方法.md,无答案文件,,,,0
化英社,题-HYS-40-01-2023年智利和秘鲁等南美国.md,有答案,0.374,7,1,3076
化英社,题-HYS-40-01-小酸同学特别爱做实验由于她是.md,无答案文件,,,,0
化英社,题-HYS-40-01-自1963年科顿提出著名的定.md,无答案文件,,,,0
化英社,题-HYS-40-01-高周期过渡金属M具有很好的生.md,无答案文件,,,,0
化英社,题-HYS-40-02-21不可避免苦杏仁的气味让他.md,无答案文件,,,,0
化英社,题-HYS-40-02-化学是一门以实验为基础的自然.md,无答案文件,,,,0
化英社,题-HYS-40-02-地球化学是一门包罗万象的学科.md,无答案文件,,,,0
化英社,题-HYS-40-02-配位化学中芳基可通过键与与金.md,无答案文件,,,,0
化英社,题-HYS-40-02-金属亚硝酰配合物通常具有复杂.md,有答案,0.307,4,0,1541
化英社,题-HYS-40-03-31在化学实验中经常会遇到一.md,无答案文件,,,,0
化英社,题-HYS-40-03-二氰基磷负离子已成为一种便利.md,有答案,0.333,3,2,1819
化英社,题-HYS-40-03-低配位超价磷物种是磷化学的研.md,无答案文件,,,,0
化英社,题-HYS-40-03-在半导体的催化下利用太阳能驱.md,无答案文件,,,,0
化英社,题-HYS-40-03-在配合物的讨论中过渡金属经常.md,无答案文件,,,,0
化英社,题-HYS-40-04-2022年DenniaAKu.md,无答案文件,,,,0
化英社,题-HYS-40-04-一般情况下我们认为真爱的颜色.md,无答案文件,,,,0
化英社,题-HYS-40-04-一般的光在不同介质中传播的速.md,无答案文件,,,,0
化英社,题-HYS-40-04-具有多样的氟化物对于其结构我.md,无答案文件,,,,0
化英社,题-HYS-40-04-磁性合金材料X是一种含MgN.md,有答案,0.388,9,1,2217
化英社,题-HYS-40-05-卡诺循环是一种理想化的热力学.md,无答案文件,,,,0
化英社,题-HYS-40-05-变压器等大型充油电力设备在运.md,无答案文件,,,,0
化英社,题-HYS-40-05-在17世纪初约翰史密斯船长送.md,无答案文件,,,,0
化英社,题-HYS-40-05-地球和陨石虽然在宏观的化学组.md,有答案,0.564,4,0,4592
化英社,题-HYS-40-05-语言的目的是以心传心机器则通.md,无答案文件,,,,0
化英社,题-HYS-40-06-1918年Langmuir基.md,无答案文件,,,,0
化英社,题-HYS-40-06-碳纳米环是一类独特的非平面纳.md,无答案文件,,,,0
化英社,题-HYS-40-06-葡萄糖是一种十分重要的糖类是.md,无答案文件,,,,0
化英社,题-HYS-40-06-驱动蛋白是一类典型的生物分子.md,有答案,0.282,6,0,3322
化英社,题-HYS-40-06-魔法是想象的世界本题中我们将.md,无答案文件,,,,0
化英社,题-HYS-40-07-mathrm明信比尔定律Am.md,无答案文件,,,,0
化英社,题-HYS-40-07-单原子催化剂SACs通过将金.md,无答案文件,,,,0
化英社,题-HYS-40-07-早在1979年研究人员就报道.md,无答案文件,,,,0
化英社,题-HYS-40-07-氟原子在有机化学中具有重要的.md,有答案,0.225,3,0,1490
化英社,题-HYS-40-07-闭壳层和开壳层是描述分子或原.md,无答案文件,,,,0
化英社,题-HYS-40-08-2023年10月Alexan.md,无答案文件,,,,0
化英社,题-HYS-40-08-81薄层色谱TLC是有机合成.md,无答案文件,,,,0
化英社,题-HYS-40-08-在2026年化英社春季班中S.md,无答案文件,,,,0
化英社,题-HYS-40-08-碘化内酯化反应可以在温和条件.md,有答案,0.844,1,1,2043
化英社,题-HYS-40-08-高镍层状氧化物如图是下一代高.md,无答案文件,,,,0
化英社,题-HYS-40-09-2025年7月埃默里大学代明.md,无答案文件,,,,0
化英社,题-HYS-40-09-23Wittig重排是一类重.md,有答案,0.626,7,1,2744
化英社,题-HYS-40-09-91在碘存在下研究人员实现了.md,无答案文件,,,,0
化英社,题-HYS-40-09-自由基有机反应的历史可以追溯.md,无答案文件,,,,0
化英社,题-HYS-40-10-在有机化学中氮氧化物常以亚硝.md,无答案文件,,,,0
北京夏令营,题-BJLY-01-01-11在酸性条件下可与亚硝酸盐.md,无答案文件,,,,0
北京夏令营,题-BJLY-01-02-卡宾的活性高度依赖其电子状态.md,无答案文件,,,,0
北京夏令营,题-BJLY-01-03-元素X是用通常的物理和化学方.md,无答案文件,,,,0
北京夏令营,题-BJLY-01-04-人们对低价Ge的研究从未停止.md,无答案文件,,,,0
北京夏令营,题-BJLY-01-05-已知51计算1L100mol.md,无答案文件,,,,0
北京夏令营,题-BJLY-01-06-元素M的单质性质稳定室温下难.md,无答案文件,,,,0
北京夏令营,题-BJLY-01-07-71一种三价铝物种与足量的钾.md,无答案文件,,,,0
北京夏令营,题-BJLY-01-08-81K结构可描述如下正六边形.md,无答案文件,,,,0
北京夏令营,题-BJLY-02-01-11在白色的上滴加氨水立刻变.md,无答案文件,,,,0
北京夏令营,题-BJLY-02-02-铬铁矿是一种重要的矿物资源主.md,无答案文件,,,,0
北京夏令营,题-BJLY-02-03-31已知下列原电池311先向.md,无答案文件,,,,0
北京夏令营,题-BJLY-02-04-硫化铅是生产铅的主要原料它被.md,无答案文件,,,,0
北京夏令营,题-BJLY-02-05-V有许多氧化态从而有许多不同.md,无答案文件,,,,0
北京夏令营,题-BJLY-02-06-1和的干燥空气中煅烧达到平衡.md,无答案文件,,,,0
北京夏令营,题-BJLY-02-07-在常温常压下金属锂与生成红棕.md,无答案文件,,,,0
北京夏令营,题-BJLY-02-08-称取与32的乙醇溶液混合然后.md,无答案文件,,,,0
北京夏令营,题-BJLY-02-09-某过渡金属X的单质A在生活中.md,无答案文件,,,,0
北京夏令营,题-BJLY-02-10-三唑是含有两个碳原子和三个氮.md,无答案文件,,,,0
北京夏令营,题-BJLY-03-01-11工业上常用LiH和无水反.md,无答案文件,,,,0
北京夏令营,题-BJLY-03-02-21五氟化砷能与许多含氟的化.md,无答案文件,,,,0
北京夏令营,题-BJLY-03-03-钨的氮化物因具有优异的化学机.md,无答案文件,,,,0
北京夏令营,题-BJLY-03-04-尖晶石结构是一种经典的晶体结.md,无答案文件,,,,0
北京夏令营,题-BJLY-03-05-银量法可以用于测定溶液中的甲.md,无答案文件,,,,0
北京夏令营,题-BJLY-03-06-通过以下方法可由二茂铁合成乙.md,无答案文件,,,,0
北京夏令营,题-BJLY-03-07-X是一种橙黄色液体可由对应的.md,无答案文件,,,,0
北京夏令营,题-BJLY-03-08-硫化氢在生物学中具有至关重要.md,无答案文件,,,,0
北京夏令营,题-BJLY-03-09-半导体中有两种载流子价带中的.md,无答案文件,,,,0
北京夏令营,题-BJLY-03-10-101在一个以碳酸钙为主要矿.md,无答案文件,,,,0
北京夏令营,题-BJLY-04-无机综合-01-铬酸根在工业上有广泛的应用而.md,无答案文件,,,,0
北京夏令营,题-BJLY-04-无机综合-02-将含的乙醚溶液和混合从逐渐升.md,有答案,1.0,3,1,525
北京夏令营,题-BJLY-04-无机综合-03-新型锌卟啉金属有机框架结构Z.md,有答案,0.661,2,0,1369
北京夏令营,题-BJLY-04-无机综合-04-在复合卤化物结构的探索中得到.md,有答案,1.0,7,0,260
北京夏令营,题-BJLY-04-无机综合-05-51二甲基邻甲硫基苯基胂配体.md,有答案,1.0,5,0,488
北京夏令营,题-BJLY-04-无机综合-06-称取碘酸钾03377g加入4.md,有答案,1.0,11,1,898
北京夏令营,题-BJLY-04-无机综合-07-有人将纯净的NO气体收集到一.md,有答案,1.0,6,0,1542
北京夏令营,题-BJLY-04-无机综合-08-光合作用是自然界最重要的过程.md,有答案,1.0,0,0,1083
北京夏令营,题-BJLY-04-无机综合-09-多聚磷阳离子早在1986年就.md,有答案,1.0,11,1,1964
北京夏令营,题-BJLY-04-无机综合-10-化合物A可以通过以下方法制备.md,无答案文件,,,,0
北京夏令营,题-BJLY-05-有机巩固练习一-01-完成下列反应.md,有答案,1.0,0,0,123
北京夏令营,题-BJLY-05-有机巩固练习一-02-1完成Linoxepin的合.md,无答案文件,,,,0
北京夏令营,题-BJLY-05-有机巩固练习一-03-31为什么烷烃自由基取代中溴.md,有答案,0.566,11,0,901
北京夏令营,题-BJLY-05-有机巩固练习一-04-Appel反应和CoeryF.md,有答案,0.432,7,1,750
北京夏令营,题-BJLY-05-有机巩固练习一-05-1下列分子和醋酸反应速率比较.md,有答案,0.715,7,0,2501
北京夏令营,题-BJLY-05-有机巩固练习一-06-完成下列反应给出中间体提示最.md,有答案,1.0,0,0,96
北京夏令营,题-BJLY-06-有机巩固练习三-01-烯烃可以在质子酸或Lewis.md,有答案,0.0,2,0,217
北京夏令营,题-BJLY-06-有机巩固练习三-02-下列反应均生成呋喃类产物请给.md,题干复读,0.0,0,0,409
北京夏令营,题-BJLY-06-有机巩固练习三-03-如下环化反应被称之为Haus.md,有答案,0.052,4,0,689
北京夏令营,题-BJLY-06-有机巩固练习三-04-化合物A是合成天然产物Lyc.md,有答案,0.159,9,0,1448
北京夏令营,题-BJLY-07-有机巩固练习二-01-完成下列反应xrightar.md,题干复读,0.0,0,0,327
北京夏令营,题-BJLY-07-有机巩固练习二-02-近十余年来自由基化学重新焕发.md,有答案,0.398,7,0,1110
北京夏令营,题-BJLY-07-有机巩固练习二-03-吲哚去芳构化在天然产物合成中.md,题干复读,0.0,0,0,81
北京夏令营,题-BJLY-07-有机巩固练习二-04-1小环由于环张力的问题非常不.md,有答案,1.0,13,1,1406
北京夏令营,题-BJLY-07-有机巩固练习二-05-mathrmAmathrmC.md,有答案,1.0,4,0,296
北京夏令营,题-BJLY-08-有机巩固练习四-01-1N烯丙基或乙酰基烯胺能发生.md,有答案,0.0,5,0,803
北京夏令营,题-BJLY-08-有机巩固练习四-02-21完成下列反应并写出机理2.md,有答案,0.0,2,0,189
北京夏令营,题-BJLY-08-有机巩固练习四-03-31写出下列反应中中间体12.md,有答案,1.0,8,0,822
北京夏令营,题-BJLY-08-有机巩固练习四-04-1一般双取代内稀发生亲电加成.md,有答案,0.135,7,0,1172
北京夏令营,题-BJLY-09-有机综合-01-1下列两组分子发生溶剂解时反.md,有答案,0.645,9,1,2696
北京夏令营,题-BJLY-09-有机综合-02-13二羰基化合物由于其较强的.md,有答案,1.0,2,0,433
北京夏令营,题-BJLY-09-有机综合-03-Nazarov环化反应早在2.md,有答案,0.752,18,1,2156
北京夏令营,题-BJLY-09-有机综合-04-1烷烃的光卤代反应是烷烃最重.md,无答案文件,,,,0
北京夏令营,题-BJLY-09-有机综合-05-仔细比较下列两33迁移反应条.md,有答案,0.0,6,0,930
北京夏令营,题-BJLY-09-有机综合-06-Pummerer重排是用乙酸.md,有答案,1.0,11,0,635
北京夏令营,题-BJLY-09-有机综合-07-完成下列反应配图缺失Mine.md,无答案文件,,,,0
北京夏令营,题-BJLY-09-有机综合-08-81完成下列反应82完成下列.md,有答案,1.0,0,0,138
壹尖培优,题-YJ-01-01-11钛单质溶于热的HCl溶液.md,有答案,1.0,8,1,859
壹尖培优,题-YJ-01-01-在标准液的标定实验的操作过程.md,有答案,1.0,11,1,1256
壹尖培优,题-YJ-01-01-本题可能用到的缩写DMAP4.md,有答案,0.507,0,0,2454
壹尖培优,题-YJ-01-02-21从离子开始已知碳原子的第.md,有答案,1.0,21,1,1215
壹尖培优,题-YJ-01-02-与的相互转化是讨论化学平衡问.md,有答案,1.0,15,0,1620
壹尖培优,题-YJ-01-02-极性反转是最有效的有机合成方.md,存疑,0.224,0,0,2010
壹尖培优,题-YJ-01-03-31一种含Ga配合物的合成一.md,有答案,1.0,30,1,3798
壹尖培优,题-YJ-01-03-本题可能用到的缩写DIAD偶.md,有答案,0.302,0,0,2280
壹尖培优,题-YJ-01-03-黄金作为广为人知的贵金属因色.md,有答案,1.0,12,1,1165
壹尖培优,题-YJ-01-04-硒元素被誉为生命之火在电子和.md,有答案,0.965,12,1,863
壹尖培优,题-YJ-01-04-硝基甲烷作为简单结构的大宗工.md,有答案,1.0,0,0,136
壹尖培优,题-YJ-01-04-钙钛矿型固体可以作为固体氧化.md,无答案文件,,,,0
壹尖培优,题-YJ-01-05-51用可以制成从可见光红外光.md,有答案,1.0,9,1,883
壹尖培优,题-YJ-01-05-Claisen重排最早由Cl.md,存疑,0.204,0,0,857
壹尖培优,题-YJ-01-05-能形成不同的晶型以下是部分晶.md,有答案,1.0,4,0,1494
壹尖培优,题-YJ-01-06-61比较下列物质在亲核取代反.md,有答案,1.0,5,0,342
壹尖培优,题-YJ-01-06-DMF是有机反应中被广泛使用.md,有答案,0.771,0,0,3601
壹尖培优,题-YJ-01-06-设理想气体被密封在一个带活塞.md,有答案,1.0,4,0,991
壹尖培优,题-YJ-01-07-71观察以下反应已知该反应的.md,有答案,1.0,0,1,514
壹尖培优,题-YJ-01-07-提示本题不需要额外的数学物理.md,有答案,1.0,13,0,480
壹尖培优,题-YJ-01-08-81Wittig反应通过控制.md,有答案,1.0,1,1,1983
壹尖培优,题-YJ-01-08-在20世纪Stocks等按以.md,有答案,1.0,2,2,596
壹尖培优,题-YJ-01-09-人们对亚硝酸盐的生理化学越来.md,有答案,1.0,8,0,897
壹尖培优,题-YJ-02-01-11选出以下共振式对真实分子.md,有答案,0.731,15,1,2323
壹尖培优,题-YJ-02-01-取铜板尺寸为分别在设定为的加.md,有答案,1.0,14,0,1624
壹尖培优,题-YJ-02-01-金属M的某种氢氧化物A溶于氢.md,有答案,1.0,8,1,1196
壹尖培优,题-YJ-02-02-21比较以下分子中框出的CO.md,有答案,0.942,6,1,1249
壹尖培优,题-YJ-02-02-已知醋酸HAc的21向的HA.md,有答案,1.0,18,0,1415
壹尖培优,题-YJ-02-02-酸雨是指pH小于56的降水主.md,有答案,1.0,20,1,2717
壹尖培优,题-YJ-02-03-31以下转化可看作经五元并环.md,有答案,0.407,4,1,1522
壹尖培优,题-YJ-02-03-一种锰的氧化物晶体化学式为其.md,有答案,1.0,8,2,937
壹尖培优,题-YJ-02-03-超单体是指通过非共价相互作用.md,有答案,1.0,4,0,989
壹尖培优,题-YJ-02-04-41用三氯化铁催化熔融的硫单.md,有答案,1.0,13,2,1552
壹尖培优,题-YJ-02-04-41给出以下反应的关键中间体.md,有答案,0.829,4,1,1774
壹尖培优,题-YJ-02-04-三元化合物A和B具有同样的元.md,有答案,1.0,24,0,1705
壹尖培优,题-YJ-02-05-51经典的Mannich反应.md,有答案,0.434,6,1,1441
壹尖培优,题-YJ-02-05-乙酸乙酯在碱性条件下可以发生.md,有答案,1.0,14,0,706
壹尖培优,题-YJ-02-05-多金属纳米颗粒材料简称MMN.md,有答案,1.0,13,0,1421
壹尖培优,题-YJ-02-06-61请写出以下反应中间体A的.md,有答案,1.0,3,1,968
壹尖培优,题-YJ-02-06-下列反应在不同溶剂中结果不同.md,有答案,1.0,1,0,195
壹尖培优,题-YJ-02-06-下图示意了一种砖红色顺磁性化.md,有答案,1.0,13,1,1015
壹尖培优,题-YJ-02-07-71回答下列问题711为什么.md,有答案,1.0,4,1,1742
壹尖培优,题-YJ-02-07-和单质汞可以发生归中反应将其.md,有答案,0.94,16,1,2336
壹尖培优,题-YJ-02-07-近来有人报道了高产率的串联环.md,有答案,0.991,9,3,3049
壹尖培优,题-YJ-02-08-光化学在自然界和日常生活中扮.md,有答案,1.0,13,1,1596
壹尖培优,题-YJ-02-08-在最密堆积的原子排列中可以形.md,有答案,1.0,14,0,727
壹尖培优,题-YJ-02-08-红花五味子中分离的Rubri.md,无答案文件,,,,0
壹尖培优,题-YJ-02-09-波尔模型是第一个成功的量子原.md,有答案,0.94,11,0,1371
壹尖培优,题-YJ-03-01-11比较下列化合物沸点的大小.md,有答案,0.649,0,1,1859
壹尖培优,题-YJ-03-01-重铬酸钾是分析化学中常用的试.md,无答案文件,,,,0
壹尖培优,题-YJ-03-02-21写出以下反应后处理后的产.md,有答案,0.851,3,0,1954
壹尖培优,题-YJ-03-02-CaCr和N的三元化合物A沿.md,有答案,1.0,17,2,2536
壹尖培优,题-YJ-03-03-Smiles重排反应是一种经.md,有答案,0.841,0,1,2005
壹尖培优,题-YJ-03-03-金属元素M的希腊文意为铅来源.md,有答案,1.0,13,1,931
壹尖培优,题-YJ-03-04-不知道您是否有这样的体验深夜.md,有答案,1.0,17,0,1967
壹尖培优,题-YJ-03-04-环加成反应是构建环状分子的经.md,有答案,0.737,3,1,1755
壹尖培优,题-YJ-03-05-异腈今些年来受到了有机化学家.md,有答案,0.593,4,1,1238
壹尖培优,题-YJ-03-05-苯并硼杂环丙烯是一类具有并休.md,有答案,1.0,2,0,1897
壹尖培优,题-YJ-03-06-61如下所示的BIDIME是.md,有答案,1.0,4,0,559
壹尖培优,题-YJ-03-06-不饱和醛酮是有机化合物中一种.md,有答案,0.672,8,1,1889
壹尖培优,题-YJ-03-07-DNA分子作为人体内极其重要.md,有答案,1.0,1,1,1828
壹尖培优,题-YJ-03-07-环己烷并三奎烷型天然产物由于.md,有答案,0.688,5,1,2017
壹尖培优,题-YJ-03-08-jiadifenolide被.md,有答案,1.0,1,1,1498
壹尖培优,题-YJ-03-08-有机反应立体选择性的控制一直.md,有答案,0.639,3,2,1915
壹尖培优,题-YJ-03-09-菲啶酮是一种重要的特殊结构单.md,有答案,0.553,4,1,1989
壹尖培优,题-YJ-04-01-11与按不同的比例反应可以生.md,有答案,1.0,9,1,1239
壹尖培优,题-YJ-04-02-元素M的单质及其化合物在日常.md,有答案,1.0,9,1,808
壹尖培优,题-YJ-04-03-稀酸溶液中奎宁具有很强的荧光.md,有答案,0.963,9,0,1009
壹尖培优,题-YJ-04-04-41氮杂环卡宾NHCs的类似.md,有答案,1.0,6,0,1263
壹尖培优,题-YJ-04-05-化学式为的三元金属硼化物中部.md,有答案,1.0,9,0,710
壹尖培优,题-YJ-04-06-一般地我们可以通过基团加和法.md,有答案,1.0,14,0,2874
壹尖培优,题-YJ-04-07-有机膦化合物因其具有明显的亲.md,有答案,1.0,8,1,1248
壹尖培优,题-YJ-04-08-本题要求立体化学中药甘遂为大.md,有答案,1.0,0,1,2279
壹尖培优,题-YJ-05-01-火焰切割即气切割是钢板粗加工.md,有答案,1.0,11,3,1162
壹尖培优,题-YJ-05-02-一种第七周期金属元素M与氧和.md,有答案,1.0,13,0,883
壹尖培优,题-YJ-05-03-圆二色性作为常见的光学效应已.md,有答案,0.922,15,0,1573
壹尖培优,题-YJ-05-04-在整个冷战期间苏联705型核.md,有答案,0.985,22,0,4130
壹尖培优,题-YJ-05-05-对主族元素的多重键的探讨一直.md,有答案,1.0,7,0,2223
壹尖培优,题-YJ-05-06-降冰片烯中的不饱和碳碳键具有.md,无答案文件,,,,0
壹尖培优,题-YJ-05-07-Seventhousandp.md,有答案,1.0,1,0,1703
壹尖培优,题-YJ-05-08-本题要求立体化学81画出由A.md,有答案,1.0,0,1,1126
壹尖培优,题-YJ-06-01-根据所给条件按照要求书写反应.md,有答案,1.0,6,1,1099
壹尖培优,题-YJ-06-02-库仑滴定法是基于电解过程的分.md,有答案,1.0,27,0,3658
壹尖培优,题-YJ-06-03-浓差电池是电池中的一种其电动.md,有答案,1.0,13,0,1777
壹尖培优,题-YJ-06-04-自由基阴离子作为单电子还原小.md,有答案,1.0,26,0,3187
壹尖培优,题-YJ-06-05-As的结构可以看成是由无数个.md,无答案文件,,,,0
壹尖培优,题-YJ-06-06-碳杂多重键包括羰基和氰基等重.md,有答案,1.0,7,1,2529
壹尖培优,题-YJ-06-07-经连续邻位稠合的多环芳烃称为.md,无答案文件,,,,0
壹尖培优,题-YJ-06-08-811丙烯水溶液在的协同催化.md,有答案,1.0,1,2,1456
壹尖培优,题-YJ-07-01-11请解释为什么和的酸性依次.md,有答案,1.0,27,0,1790
壹尖培优,题-YJ-07-02-如下图展示了一种由NaNpF.md,无答案文件,,,,0
壹尖培优,题-YJ-07-03-在含金属元素M的溶液中加入酸.md,有答案,1.0,22,1,1575
壹尖培优,题-YJ-07-04-一种合金样品的主要成分为Al.md,有答案,1.0,9,1,965
壹尖培优,题-YJ-07-05-近年来利用低价主族元素特殊反.md,有答案,0.868,3,0,1692
壹尖培优,题-YJ-07-06-61酮酸类化合物易发生脱羧反.md,有答案,1.0,0,1,1303
壹尖培优,题-YJ-07-07-在芳香性世界的边缘存在一类反.md,有答案,1.0,19,0,1892
壹尖培优,题-YJ-07-08-2016年某课题组在探究Ca.md,有答案,1.0,0,1,958
壹尖培优,题-YJ-08-01-粉色固体A在C下加热生成蓝色.md,有答案,1.0,14,1,624
壹尖培优,题-YJ-08-02-Mg和Cu能够形成一种经典合.md,有答案,1.0,6,1,488
壹尖培优,题-YJ-08-03-311五水硫酸铜在298K下.md,有答案,0.978,18,0,1738
壹尖培优,题-YJ-08-04-在有机化学的世界里苯环因其芳.md,有答案,1.0,2,0,715
壹尖培优,题-YJ-08-05-某酸性试液中含有一定量苯酚现.md,有答案,1.0,12,1,861
壹尖培优,题-YJ-08-06-近年来厦门大学的研究团队报道.md,有答案,1.0,7,0,1241
壹尖培优,题-YJ-08-07-71阅读以下反应路线图711.md,有答案,1.0,0,1,1246
壹尖培优,题-YJ-08-08-硝基芳烃在光照条件下易被激发.md,有答案,1.0,0,1,2268
壹尖培优,题-YJ-08-09-Part1反应91已知下列反.md,有答案,1.0,10,1,1288
壹尖培优,题-YJ-09-01-1951年化学家首次在实验室.md,有答案,1.0,9,1,648
壹尖培优,题-YJ-09-02-某非金属元素X是植物生长发育.md,有答案,1.0,0,1,340
壹尖培优,题-YJ-09-03-某立方晶系的复合金属氧化物晶.md,有答案,1.0,8,1,400
壹尖培优,题-YJ-09-04-为了定量检测工厂废水池中的重.md,有答案,1.0,14,0,2253
壹尖培优,题-YJ-09-05-羰基是有机化学的当中一类非常.md,有答案,1.0,16,2,2483
壹尖培优,题-YJ-09-06-费托合成FischerTro.md,无答案文件,,,,0
壹尖培优,题-YJ-09-09-缩写注释Imidazole咪.md,有答案,1.0,0,1,1299
壹尖培优,题-YJ-10-01-液氨是人们最熟悉的研究得最充.md,有答案,1.0,21,1,1429
壹尖培优,题-YJ-10-02-1943年GeorgedeH.md,有答案,1.0,13,0,1467
壹尖培优,题-YJ-10-03-下午所示为某六方晶系混合金属.md,有答案,1.0,10,0,528
壹尖培优,题-YJ-10-04-锕系元素的亚胺基配合物因其在.md,有答案,1.0,20,1,1525
壹尖培优,题-YJ-10-05-你在实验室中尝试通过酯化反应.md,有答案,1.0,13,0,613
壹尖培优,题-YJ-10-06-61指出下列化合物是否具有手.md,有答案,1.0,0,0,119
壹尖培优,题-YJ-10-07-芳烃的烷基化是化学合成中最具.md,有答案,1.0,5,1,1335
壹尖培优,题-YJ-10-08-自1978年Buta等人从三.md,有答案,1.0,0,1,1308
壹尖培优,题-YJ-11-01-某非金属单质A在常温常压下为.md,有答案,1.0,0,1,733
壹尖培优,题-YJ-11-02-稀有气体的化合物始终是无机合.md,有答案,1.0,0,1,1284
壹尖培优,题-YJ-11-03-金属元素X与非金属元素Y在元.md,有答案,1.0,7,0,542
壹尖培优,题-YJ-11-04-镧系元素通常呈现3价对应的配.md,有答案,1.0,6,0,1143
壹尖培优,题-YJ-11-05-为降低含硫化合物的排放减少对.md,有答案,0.964,6,0,3089
壹尖培优,题-YJ-11-06-元素A和B具有相同的价电子构.md,有答案,1.0,14,0,2164
壹尖培优,题-YJ-11-07-71甲苯的偶极矩为043D硝.md,无答案文件,,,,0
壹尖培优,题-YJ-11-08-消除反应是有机化学中一种重要.md,无答案文件,,,,0
壹尖培优,题-YJ-11-09-从生源合成路线中发掘全新的合.md,有答案,1.0,0,0,1292
壹尖培优,题-YJ-12-01-已知以下几种氟化物在室温下均.md,有答案,1.0,6,1,427
壹尖培优,题-YJ-12-02-近年来二维单层黑磷Phosp.md,有答案,1.0,12,0,708
壹尖培优,题-YJ-12-03-磷酸二氢钾KDP晶体是一种优.md,有答案,1.0,17,0,853
壹尖培优,题-YJ-12-04-1931年Hckel以简洁的.md,有答案,1.0,12,1,2538
壹尖培优,题-YJ-12-05-伦敦色散力Londondis.md,有答案,1.0,30,1,2363
壹尖培优,题-YJ-12-06-61请按照酸性从强到弱给以下.md,有答案,1.0,13,1,1885
壹尖培优,题-YJ-12-07-71下面的反应能否正常发生如.md,有答案,1.0,11,1,1636
壹尖培优,题-YJ-12-08-ErickMCarreira.md,无答案文件,,,,0
壹尖培优,题-YJ-13-01-M是天然存在的元素中最后一个.md,有答案,1.0,18,2,1232
壹尖培优,题-YJ-13-02-生物无机化学是无机化学的重要.md,有答案,1.0,24,1,3083
壹尖培优,题-YJ-13-03-在某些中性化合物中由于特殊的.md,无答案文件,,,,0
壹尖培优,题-YJ-13-04-直觉上由刚性砌块有序堆叠而成.md,有答案,1.0,13,1,1511
壹尖培优,题-YJ-13-05-荆芥内酯Nepetalact.md,有答案,1.0,0,1,1369
壹尖培优,题-YJ-13-06-萜类化合物是自然界中最大一类.md,有答案,1.0,11,0,1669
壹尖培优,题-YJ-13-07-金刚石是碳最具有代表性的同素.md,有答案,1.0,12,1,1858
壹尖培优,题-YJ-19-01-11二元氧化物X是黄色固体常.md,无答案文件,,,,0
壹尖培优,题-YJ-19-02-21叠氮阴离子拥有两个等长的.md,无答案文件,,,,0
壹尖培优,题-YJ-19-03-理论计算表明高压下Rb可以形.md,无答案文件,,,,0
壹尖培优,题-YJ-19-04-AH是含金属M的一系列化合物.md,无答案文件,,,,0
壹尖培优,题-YJ-19-05-交互式舷窗利用有机染料分子在.md,无答案文件,,,,0
壹尖培优,题-YJ-19-06-硼酸盐晶体是一类重要的无机化.md,无答案文件,,,,0
壹尖培优,题-YJ-19-07-地球大气经历长时间的演变最终.md,无答案文件,,,,0
壹尖培优,题-YJ-19-08-81利用点击化学反应研究人员.md,无答案文件,,,,0
方圆,题-FY-01-01-11标出下列物质中手性碳的R.md,有答案,1.0,9,1,921
方圆,题-FY-01-01-人的身体由许许多多原子组成它.md,有答案,0.641,8,1,2418
方圆,题-FY-01-01-舞是中国古人对磷火现象的早期.md,有答案,1.0,0,0,588
方圆,题-FY-01-01-铀Uranium是最重要的天.md,有答案,0.976,7,1,1413
方圆,题-FY-01-02-21beginarraycm.md,题干复读,0.0,0,0,81
方圆,题-FY-01-02-焕焕取代孙多成张飞等值取代2.md,无答案文件,,,,0
方圆,题-FY-01-02-电催化二氧化碳还原ECR作为.md,有答案,1.0,0,1,2501
方圆,题-FY-01-02-金属有机框架MetalOrg.md,有答案,1.0,7,0,1645
方圆,题-FY-01-02-随着化学的发展许多多面体形状.md,有答案,0.361,23,1,6405
方圆,题-FY-01-03-31化合物在酸性水溶液中转变.md,有答案,1.0,2,0,1173
方圆,题-FY-01-03-wwwfangyuanedu.md,无答案文件,,,,0
方圆,题-FY-01-03-在农业生态系统中如果把作物秸.md,有答案,0.787,0,1,5013
方圆,题-FY-01-03-最近研究人员以硼功能化七磷化.md,有答案,1.0,3,0,1062
方圆,题-FY-01-03-血液是生物体循环系统的主要载.md,有答案,1.0,3,0,1686
方圆,题-FY-01-04-41比较下列化合物的酸性由强.md,有答案,1.0,7,2,1831
方圆,题-FY-01-04-41考虑一个A到B的转化过程.md,有答案,1.0,4,0,693
方圆,题-FY-01-04-在碳的有机化学中卡宾和卡拜是.md,有答案,0.747,2,0,347
方圆,题-FY-01-04-多环芳烃PAHs是大气污染物.md,有答案,1.0,5,1,3777
方圆,题-FY-01-05-51X是某天然矿物的主要成分.md,有答案,0.61,0,0,2461
方圆,题-FY-01-05-51给出中间产物A以及关键中.md,无答案文件,,,,0
方圆,题-FY-01-05-下图所示的是CuO沿三个轴向.md,有答案,1.0,9,0,1934
方圆,题-FY-01-05-第一部分蓝51普鲁士蓝PBK.md,有答案,1.0,10,0,538
方圆,题-FY-01-06-611在一个萃取过程中体系的.md,有答案,0.615,4,1,1700
方圆,题-FY-01-06-61以下是某有机物的合成路线.md,无答案文件,,,,0
方圆,题-FY-01-06-储气库是大量天然气的储存设施.md,有答案,1.0,11,0,576
方圆,题-FY-01-06-某些具有特殊结构的Lewis.md,有答案,1.0,6,2,1731
方圆,题-FY-01-07-71为下列反应的立体选择性提.md,有答案,1.0,0,0,102
方圆,题-FY-01-07-71对比下列消除反应的速率A.md,有答案,0.363,6,0,960
方圆,题-FY-01-07-71排序化合物ABC离去OT.md,有答案,1.0,11,0,1119
方圆,题-FY-01-07-71鉴别以下化合物写出鉴定的.md,有答案,1.0,4,0,510
方圆,题-FY-01-08-81Carreira课题组在.md,有答案,1.0,4,0,1712
方圆,题-FY-01-08-81Masahiro课题组开.md,有答案,0.5,7,0,1627
方圆,题-FY-01-08-81某课题组在研究AuI催化.md,有答案,1.0,7,0,832
方圆,题-FY-01-08-81沸石即止暴剂或助沸剂为什.md,无答案文件,,,,0
方圆,题-FY-01-09-Grignardreagen.md,有答案,1.0,2,1,1392
方圆,题-FY-01-09-NorrishII型反应在合.md,有答案,1.0,2,0,1077
方圆,题-FY-01-09-亲核性碱性二对H亲核性Gri.md,无答案文件,,,,0
方圆,题-FY-01-09-异腈是腈类化合物的异构体其官.md,有答案,1.0,6,0,846
方圆,题-FY-01-09-烯酮是具有高度活性和选择性的.md,有答案,0.404,8,0,2000
方圆,题-FY-02-01-在的存在下DMFNN二甲基甲.md,无答案文件,,,,0
方圆,题-FY-02-03-葡萄糖是一种非常常见的化合物.md,无答案文件,,,,0
方圆,题-FY-02-04-41写出下列反应中中间体12.md,无答案文件,,,,0
方圆,题-FY-02-07-在有机化学的学习过程中掌握基.md,有答案,1.0,0,1,1759
方圆,题-FY-02-07-质子泵抑制剂PPI是目前治疗.md,无答案文件,,,,0
方圆,题-FY-02-08-Appel反应和CoeryF.md,无答案文件,,,,0
方圆,题-FY-02-08-通过改变官能团的亲核或亲电反.md,有答案,1.0,0,0,191
方圆,题-FY-02-09-2023年8月日本东京大学的.md,无答案文件,,,,0
方圆,题-FY-02-09-已知一维势箱中粒子的能量为封.md,无答案文件,,,,0
方圆,题-FY-02-10-101在过去的二十年中均相金.md,有答案,1.0,0,0,319
方圆,题-FY-08-01-11SiC俗名金刚砂是一种极.md,有答案,1.0,6,2,2113
方圆,题-FY-08-02-对大多数化学反应而言液相气相.md,有答案,1.0,9,1,1729
方圆,题-FY-08-03-铈是一种常用的强氧化剂因其还.md,有答案,1.0,3,2,1491
方圆,题-FY-08-04-随着我国双碳战略的实施二氧化.md,有答案,1.0,8,0,1474
方圆,题-FY-08-05-有机无机杂化材料Organi.md,有答案,1.0,6,0,298
方圆,题-FY-08-06-某元素X的黄色含氯化合物A能.md,有答案,1.0,4,0,480
方圆,题-FY-08-07-Perkin反应是一个非常经.md,有答案,1.0,8,0,377
方圆,题-FY-08-08-81试比较下列氢的酸性由弱至.md,有答案,1.0,5,0,523
方圆,题-FY-08-09-91在轨道对称性禁阻的情况下.md,有答案,1.0,6,0,620
方圆,题-FY-08-10-菲是一种稠环芳烃但其芳香性相.md,无答案文件,,,,0
方圆,题-FY-09-01-11CuI的电化学已知298.md,有答案,0.95,9,0,1484
方圆,题-FY-09-02-当铜族元素和拟卤素离子能够形.md,有答案,1.0,2,0,644
方圆,题-FY-09-03-Kagom网格是一种由大量共.md,有答案,1.0,11,1,497
方圆,题-FY-09-04-某肥料的主要成分是硝酸铵此外.md,有答案,1.0,13,2,683
方圆,题-FY-09-05-树状高分子dendrimer.md,有答案,1.0,14,0,962
方圆,题-FY-09-06-丙烯的反应通常会产生一些活性.md,有答案,0.959,9,0,813
方圆,题-FY-09-07-在平衡条件下蛋白质会不断地折.md,有答案,1.0,3,0,389
方圆,题-FY-09-08-81卤烷与NaOH在水与乙醇.md,有答案,1.0,11,0,650
方圆,题-FY-09-09-碎裂化反应是一个非常重要的反.md,有答案,1.0,7,0,512
方圆,题-FY-09-10-氮杂环辛四烯是一种有趣的化合.md,有答案,1.0,0,0,250
方圆,题-FY-10-01-11焙烧硫化钼矿石时混有的硫.md,有答案,1.0,7,1,1229
方圆,题-FY-10-02-21现有一工业镀液中含有约0.md,有答案,1.0,9,0,567
方圆,题-FY-10-03-元素的多核物种总令人惊叹特别.md,有答案,1.0,4,0,822
方圆,题-FY-10-04-硝酸是一种重要的工业原料可用.md,有答案,1.0,3,1,3762
方圆,题-FY-10-05-一系列通过配体L1与L2连接.md,有答案,1.0,7,0,781
方圆,题-FY-10-06-分子变色龙特指一类可以通过改.md,有答案,1.0,7,0,251
方圆,题-FY-10-07-VSEPR理论即价层电子对互.md,有答案,1.0,13,0,545
方圆,题-FY-10-08-酯化反应作为有机化学中经典的.md,有答案,1.0,1,1,416
方圆,题-FY-10-09-氮杂环卡宾NHC不仅是配位化.md,有答案,1.0,6,0,347
方圆,题-FY-11-01-在一个体积为11042L的已.md,有答案,1.0,0,1,640
方圆,题-FY-11-02-金具有独特的性质和高稳定性在.md,有答案,1.0,1,3,459
方圆,题-FY-11-03-冰面为什么滑呢其中一种解释说.md,有答案,1.0,1,0,667
方圆,题-FY-11-04-理查三世是英格兰约克王朝最后.md,有答案,1.0,3,1,2128
方圆,题-FY-11-05-直接燃烧燃料获得热能再将热能.md,有答案,1.0,0,1,2836
方圆,题-FY-11-06-目前人们发现DNA不仅是包含.md,有答案,1.0,0,0,337
方圆,题-FY-11-07-测定某金属元素M的氯化物Y的.md,有答案,1.0,0,0,41
方圆,题-FY-11-08-一个容积为2L的烧瓶其中盛有.md,无答案文件,,,,0
方圆,题-FY-11-09-在自然条件下蛋白质会由所含氨.md,有答案,0.266,3,1,493
方圆,题-FY-无机专题一-01-11在碱性条件下用还原得到一.md,有答案,1.0,0,1,647
方圆,题-FY-无机专题一-02-全氮类物质能够分解产生极稳定.md,题干复读,0.0,0,0,81
方圆,题-FY-无机专题一-03-在密封管中将镁粉乙二胺和石墨.md,有答案,1.0,3,0,566
方圆,题-FY-无机专题一-04-元素A可以与各种卤素形成一系.md,有答案,1.0,0,0,561
方圆,题-FY-无机专题一-05-从金属晶体的密堆积出发可以认.md,有答案,1.0,0,0,214
方圆,题-FY-无机专题一-06-固体电解质是具有与强电解质水.md,有答案,0.9,0,0,389
方圆,题-FY-无机专题一-07-合金为面心立方结构在此结构中.md,有答案,0.653,0,1,539
方圆,题-FY-无机专题一-08-胰岛素是一种信号激素它在动物.md,无答案文件,,,,0
方圆,题-FY-无机专题一-09-铁硫蛋白是一类具有传递电子功.md,有答案,1.0,2,0,416
方圆,题-FY-无机专题一-10-羰基化合物的不对称氢化反应在.md,有答案,1.0,0,0,338
汇智,题-HZ-01-01-11有的反应看似是取代但实则.md,有答案,0.319,0,0,1063
汇智,题-HZ-01-01-11硅酯A可以由硅化镁或者硅.md,有答案,0.62,7,0,1425
汇智,题-HZ-01-01-从古代炼丹术的神火到拉瓦锡的.md,无答案文件,,,,0
汇智,题-HZ-01-01-化学热力学理论的发展提供了良.md,有答案,0.784,0,0,7844
汇智,题-HZ-01-01-将通入的溶液得到橙黄色结晶反.md,有答案,0.608,7,1,3314
汇智,题-HZ-01-01-铁是与人类息息相关的一种金属.md,有答案,0.649,6,1,3564
汇智,题-HZ-01-02-21顺铂cisplatin即.md,有答案,0.656,9,1,2552
汇智,题-HZ-01-02-最近过量排放到大气中引起的全.md,有答案,0.472,12,0,4157
汇智,题-HZ-01-02-某无色有机物S在pH860的.md,有答案,0.638,0,0,4007
汇智,题-HZ-01-02-禁带宽度半导体晶体里填满价电.md,有答案,0.522,12,1,4315
汇智,题-HZ-01-02-非过渡金属M为一种灰白色的金.md,无答案文件,,,,0
汇智,题-HZ-01-02-高价碘是有机化学中常见的氧化.md,有答案,0.856,0,1,1699
汇智,题-HZ-01-03-31X的某些化合物是熟知的半.md,有答案,0.709,14,1,3221
汇智,题-HZ-01-03-分光光度法又称吸光光度法是建.md,有答案,0.64,12,0,5211
汇智,题-HZ-01-03-本题中所有计算认为标准大气压.md,有答案,0.778,25,0,6145
汇智,题-HZ-01-03-氮和氟都是高电负性的元素其形.md,无答案文件,,,,0
汇智,题-HZ-01-03-稀溶液的依数性是指溶液某些性.md,有答案,0.684,0,0,4769
汇智,题-HZ-01-03-肟类化合物是众多有机反应的易.md,有答案,0.386,0,1,1514
汇智,题-HZ-01-04-刚玉corundum即是一种.md,有答案,0.51,12,0,2155
汇智,题-HZ-01-04-本题中气体均视为理想气体热容.md,有答案,0.831,0,1,4527
汇智,题-HZ-01-04-氮气的活化是指打断其分子内稳.md,有答案,0.667,13,0,2488
汇智,题-HZ-01-04-随着CH键活化的兴起越来越多.md,有答案,0.831,0,1,2999
汇智,题-HZ-01-04-黏土是一种颜色多样细分散的多.md,有答案,0.721,8,0,2138
汇智,题-HZ-01-05-20世纪70年代可充电锂离子.md,无答案文件,,,,0
汇智,题-HZ-01-05-AsBgCg能发生反应均为理.md,无答案文件,,,,0
汇智,题-HZ-01-05-Metalfreesynth.md,无答案文件,,,,0
汇智,题-HZ-01-05-硼化物是由硼和金属形成的化合.md,有答案,0.478,18,0,4110
汇智,题-HZ-01-05-草酸是一种常见的有机酸常存在.md,有答案,0.652,14,0,6487
汇智,题-HZ-01-05-请在四个选项中选择唯一正确的.md,存疑,0.067,0,0,1406
汇智,题-HZ-01-06-2024年5月8日我国第三艘.md,无答案文件,,,,0
汇智,题-HZ-01-06-29815K下考虑如下原电池.md,有答案,0.665,0,2,4690
汇智,题-HZ-01-06-61单一单体的自由基聚合61.md,有答案,0.406,3,0,1033
汇智,题-HZ-01-06-CuI由于具有灵活多变的配位.md,有答案,0.399,9,0,3030
汇智,题-HZ-01-06-一般认为芳环相对于烯烃更难以.md,有答案,0.417,0,0,1774
汇智,题-HZ-01-06-电还原是一种利用可再生电能将.md,有答案,0.541,9,0,5485
汇智,题-HZ-01-07-71按pKa从大到小的顺序将.md,有答案,0.556,12,0,1998
汇智,题-HZ-01-07-71比较下列化合物的酸性从强.md,有答案,0.578,8,0,2474
汇智,题-HZ-01-07-吗啉作为药物合成的重要中间体.md,有答案,0.475,0,0,2463
汇智,题-HZ-01-07-核磁氢谱碳谱是有机化学家们在.md,有答案,0.161,11,1,3777
汇智,题-HZ-01-07-银氨溶液中的主要配位反应为m.md,有答案,0.667,0,0,5722
汇智,题-HZ-01-08-SIVI2H2r04M是一种.md,无答案文件,,,,0
汇智,题-HZ-01-08-TosMIC试剂即对甲苯磺酰.md,有答案,0.052,7,0,1612
汇智,题-HZ-01-08-在光催化有机化学领域由均相催.md,有答案,0.669,0,1,1409
汇智,题-HZ-01-08-巴比妥酸是一种嘧啶衍生物下8.md,有答案,0.091,2,0,1628
汇智,题-HZ-01-08-现代原子结构理论的建立离不开.md,有答案,0.608,0,2,4517
汇智,题-HZ-01-08-甲醛作为一种常见的1C合成子.md,有答案,0.785,7,1,2555
汇智,题-HZ-01-09-91关于晶格能下列说法正确的.md,无答案文件,,,,0
汇智,题-HZ-01-09-Mitsunobu反应是一类.md,有答案,0.342,6,0,2750
汇智,题-HZ-01-09-作为经典的不稳定中间体卡宾的.md,有答案,0.25,7,0,1268
汇智,题-HZ-01-09-机械化学是一种强大的技术手段.md,存疑,0.213,0,0,1522
汇智,题-HZ-01-09-某无色有机底物S在酸性水溶液.md,有答案,0.678,0,0,6244
汇智,题-HZ-01-09-自然界存在大量含有反式26二.md,有答案,0.122,4,0,2718
汇智,题-HZ-01-10-exiguolide是一种含.md,有答案,0.729,0,1,1802
汇智,题-HZ-02-01-11下列化合物中哪些能够与T.md,有答案,0.278,8,0,2489
汇智,题-HZ-02-01-1999年化学家通过以下实验.md,无答案文件,,,,0
汇智,题-HZ-02-01-东汉魏伯阳所著周易参同契被誉.md,有答案,0.276,1,1,1059
汇智,题-HZ-02-01-取代反应是最为基础的一类有机.md,有答案,0.564,4,0,1992
汇智,题-HZ-02-01-在制备第三代半导体氮化镓Ga.md,有答案,0.476,4,0,6104
汇智,题-HZ-02-01-铝Al作为第13族元素其化合.md,有答案,1.0,21,1,3592
汇智,题-HZ-02-02-双羟化反应在有机合成中得到了.md,有答案,0.363,11,0,2224
汇智,题-HZ-02-02-在特种钢材生产中钒V和铬Cr.md,有答案,0.509,10,1,1667
汇智,题-HZ-02-02-对题目21至25所提问题进行.md,有答案,0.694,15,0,671
汇智,题-HZ-02-02-氢气具有目前已知物质中最高的.md,有答案,0.684,9,1,2187
汇智,题-HZ-02-02-氮气作为工业合成氨的重要原料.md,有答案,0.522,7,0,2971
汇智,题-HZ-02-02-锂硫电池LiSBattery.md,有答案,1.0,19,1,1197
汇智,题-HZ-02-03-乙酸乙酯是常用的有机溶剂广泛.md,有答案,0.651,5,0,1876
汇智,题-HZ-02-03-是近年来被科学家重视的一种电.md,无答案文件,,,,0
汇智,题-HZ-02-03-氟原子的引入能调节分子的pK.md,有答案,0.156,3,0,1879
汇智,题-HZ-02-03-碳正离子是有机化学中的一类常.md,有答案,0.803,9,1,3015
汇智,题-HZ-02-03-笼目Kagome一词源于日本.md,有答案,1.0,13,0,2336
汇智,题-HZ-02-03-锌碘电池凭借其高安全性低成本.md,有答案,0.628,14,1,3492
汇智,题-HZ-02-04-Nazarov反应作为经典的.md,有答案,0.274,8,0,1955
汇智,题-HZ-02-04-机械化学利用机械力如研磨球磨.md,有答案,1.0,17,0,2054
汇智,题-HZ-02-04-维生素C又称抗坏血酸是人体不.md,有答案,0.74,2,1,1989
汇智,题-HZ-02-04-苯甲酸简称HBen是常用的食.md,有答案,0.442,8,0,4502
汇智,题-HZ-02-04-蜂窝状层状氧化物由于其独特的.md,有答案,0.585,8,0,2278
汇智,题-HZ-02-04-邻基参与是有机合成中非常常见.md,有答案,0.306,7,0,1184
汇智,题-HZ-02-05-不少有机体系中生成的活性中间.md,有答案,0.784,4,0,4586
汇智,题-HZ-02-05-奎宁分子结构如右图所示是从金.md,有答案,0.31,8,0,2084
汇智,题-HZ-02-05-甲醇被广泛用于聚合物和燃料生.md,有答案,0.493,6,0,2944
汇智,题-HZ-02-05-过氧乙酰硝酸酯简写为PAN是.md,有答案,0.394,9,0,2250
汇智,题-HZ-02-05-金元素由于其显著的相对论效应.md,有答案,0.258,2,0,2403
汇智,题-HZ-02-05-长期以来水系电池由于锰氧化物.md,有答案,0.99,40,1,4256
汇智,题-HZ-02-06-4H吡喃及其衍生物是一类重要.md,有答案,0.477,8,0,2204
汇智,题-HZ-02-06-61比较ae五种物质示出的氢.md,有答案,0.636,4,0,1206
汇智,题-HZ-02-06-61苹果酸是一种存在于苹果及.md,有答案,0.693,17,1,4907
汇智,题-HZ-02-06-环酮缩醛CKAs是自由基开环.md,有答案,1.0,5,0,1603
汇智,题-HZ-02-06-碘负离子是常见的无机试剂在有.md,存疑,0.221,0,0,1521
汇智,题-HZ-02-06-窄带荧光发射材料的合成是有机.md,有答案,0.387,6,1,1067
汇智,题-HZ-02-07-71根据所学知识完成下列反应.md,题干复读,0.0,0,0,207
汇智,题-HZ-02-07-尿嘧啶是RNA中四种核碱基之.md,有答案,0.665,4,1,1781
汇智,题-HZ-02-07-核苷二磷酸激酶NDPK是生物.md,有答案,0.73,9,0,8036
汇智,题-HZ-02-07-正丁基苯酞NBP是一类人工合.md,有答案,1.0,12,0,919
汇智,题-HZ-02-07-用光来调控化学反应具有众多优.md,有答案,0.257,5,0,2129
汇智,题-HZ-02-07-糠醛分子式为是一种常见的芳香.md,有答案,0.509,23,1,2355
汇智,题-HZ-02-08-CBS反应CoreyBaks.md,有答案,0.108,4,0,1205
汇智,题-HZ-02-08-光延反应Mitsunobur.md,有答案,0.53,10,0,3557
汇智,题-HZ-02-08-双键的直接氧化切断在传统方法.md,有答案,0.181,5,0,1835
汇智,题-HZ-02-08-含有手性季碳中心的化合物如手.md,有答案,1.0,7,1,2188
汇智,题-HZ-02-08-胺类物质所含有的氨基是生物活.md,有答案,0.458,18,1,3056
汇智,题-HZ-02-09-Meldrumsacid米氏.md,存疑,0.201,1,0,1798
汇智,题-HZ-02-09-前列腺素prostaglan.md,题干复读,0.017,0,0,2186
汇智,题-HZ-02-09-在有机反应体系内可以夺取电子.md,有答案,1.0,7,1,1999
汇智,题-HZ-03-01-氢气作为一种清洁能源未能得到.md,有答案,0.733,4,3,3521
汇智,题-HZ-03-01-绿色是自然界相当常见的颜色从.md,有答案,0.581,0,2,2448
汇智,题-HZ-03-01-近年来在超临界临界温度临界压.md,有答案,1.0,4,1,835
汇智,题-HZ-03-02-二硫化合物由于其键能低和高动.md,有答案,1.0,1,1,697
汇智,题-HZ-03-02-前四周期元素AD常共生对应的.md,有答案,0.497,8,2,1534
汇智,题-HZ-03-02-已知在以下情况下的温度离子强.md,有答案,0.945,0,0,1418
汇智,题-HZ-03-03-31在地球地壳中主族元素A是.md,有答案,0.387,0,1,2095
汇智,题-HZ-03-03-与NIII在化合物中往往能够.md,有答案,1.0,2,0,683
汇智,题-HZ-03-03-金属Y与铯形成合金时会生成一.md,有答案,0.575,7,0,2782
汇智,题-HZ-03-04-NAD是一种传递质子的辅酶它.md,有答案,0.681,0,0,1676
汇智,题-HZ-03-04-在某隔膜分隔的电化学反应器中.md,有答案,1.0,4,1,1192
汇智,题-HZ-03-04-生物质催化转化是生产各种中间.md,有答案,0.518,0,1,1862
汇智,题-HZ-03-05-Be的经典价态为2价其能够溶.md,有答案,1.0,3,1,1139
汇智,题-HZ-03-05-在晶体学中典型晶体结构类型S.md,有答案,0.488,0,1,2598
汇智,题-HZ-03-05-神经毒素I的原理是结合并抑制.md,有答案,0.45,6,0,2335
汇智,题-HZ-03-06-含有苯环的底物的合成方法之一.md,有答案,0.728,6,1,1580
汇智,题-HZ-03-06-工业上制备氢气的一种方法是于.md,有答案,0.622,0,2,1916
汇智,题-HZ-03-06-麦克斯韦妖Maxwellsd.md,有答案,1.0,14,0,1492
汇智,题-HZ-03-07-71若一个分子既无对称面又无.md,有答案,0.662,0,1,1611
汇智,题-HZ-03-07-配体中至少含有一个氮分子的配.md,有答案,0.327,4,1,1666
汇智,题-HZ-03-07-铁基费托催化剂物相组成复杂主.md,有答案,1.0,11,1,1564
汇智,题-HZ-03-08-81卡宾曾被认为仅能作为不稳.md,存疑,0.076,0,0,1896
汇智,题-HZ-03-08-81比较下列两种化合物发生C.md,有答案,0.784,13,1,3553
汇智,题-HZ-03-08-81环戊烯的张力小于环戊烷的.md,无答案文件,,,,0
汇智,题-HZ-03-09-1997年分离出的天然产物W.md,有答案,0.317,0,0,2353
汇智,题-HZ-03-09-在一种高张力化合物的合成中研.md,题干复读,0.0,0,0,632
汇智,题-HZ-03-09-金属催化有机化合物偶联反应在.md,有答案,1.0,3,1,2304
汇智,题-HZ-03-10-常见卡宾分为三线态和单线态其.md,有答案,0.273,8,0,2306
汇智,题-HZ-03-10-羰基是有机化合物中的重要发色.md,无答案文件,,,,0
汇智,题-HZ-04-01-11干燥的HF与金属锗装入耐.md,有答案,0.449,7,0,1334
汇智,题-HZ-04-01-蓝晒工艺由英国科学家赫歇尔于.md,有答案,0.395,6,1,1959
汇智,题-HZ-04-02-21氧化还原滴定法211肼可.md,有答案,0.642,14,2,2443
汇智,题-HZ-04-02-金属硼化物的制备有还原法固相.md,有答案,0.521,6,1,1570
汇智,题-HZ-04-03-31腈和异腈是有机化学中极其.md,有答案,0.506,12,1,2020
汇智,题-HZ-04-03-分光光度法是一种重要的分析方.md,有答案,0.38,2,0,2302
汇智,题-HZ-04-04-41石墨是碳热力学最稳定的同.md,有答案,0.697,9,0,1923
汇智,题-HZ-04-04-某新型荧光染料分子M在紫外光.md,有答案,0.63,2,0,3240
汇智,题-HZ-04-05-临床研究表明某些细菌的致病性.md,有答案,0.497,5,0,2913
汇智,题-HZ-04-05-化学中很多氧化反应与OATo.md,有答案,0.618,1,0,866
汇智,题-HZ-04-06-元素组成相同的两种常见酸A和.md,有答案,0.702,13,0,2000
汇智,题-HZ-04-06-能够对氮气进行还原功能化的均.md,有答案,0.344,3,0,2262
汇智,题-HZ-04-07-71以下过程被称为Norri.md,有答案,0.301,5,1,2118
汇智,题-HZ-04-07-对题目71至75所提问题进行.md,有答案,0.693,11,1,1357
汇智,题-HZ-04-08-81以下反应会得到2种含3个.md,有答案,0.765,5,1,1988
汇智,题-HZ-04-08-有机化学中的脱水剂一般指能够.md,题干复读,0.026,0,0,902
汇智,题-HZ-04-09-91给出下列转换的所有关键中.md,有答案,0.622,6,1,2135
汇智,题-HZ-04-09-氮氧自由基是种类最为丰富的一.md,有答案,0.085,3,0,1431
汇智,题-HZ-05-01-元素铋长久以来一直被认为是原.md,有答案,0.534,0,2,2012
汇智,题-HZ-05-01-在第38届国初中命题者向我们.md,有答案,0.505,7,1,3231
汇智,题-HZ-05-01-电离能指的是将电子从气态原子.md,无答案文件,,,,0
汇智,题-HZ-05-02-21对于有机化合物该课题组发.md,存疑,0.063,0,0,1225
汇智,题-HZ-05-02-本题所涉及溶液均视为理想溶液.md,有答案,0.669,11,0,2646
汇智,题-HZ-05-02-注本题所有结果均保留三位有效.md,无答案文件,,,,0
汇智,题-HZ-05-03-31写出该反应的一个关键中间.md,无答案文件,,,,0
汇智,题-HZ-05-03-31在一个抽空的容器中放有加.md,有答案,0.713,0,0,5061
汇智,题-HZ-05-03-元素X在东西方都具有悠久的历.md,无答案文件,,,,0
汇智,题-HZ-05-03-小明在做完铜的反应循环这一实.md,有答案,0.621,12,0,2818
汇智,题-HZ-05-04-41请完成如下的三个反应生成.md,存疑,0.087,0,0,1823
汇智,题-HZ-05-04-二元化合物X由金属元素M与卤.md,有答案,0.61,6,0,1704
汇智,题-HZ-05-04-注为方便表示计算部分的离子浓.md,无答案文件,,,,0
汇智,题-HZ-05-05-51某小组打算测定一份钛钒合.md,有答案,0.776,0,1,4078
汇智,题-HZ-05-05-传统硫电池通常是基于有机电解.md,有答案,0.552,12,2,2571
汇智,题-HZ-05-05-某印度的科研小组在分隔型电解.md,无答案文件,,,,0
汇智,题-HZ-05-06-乙烯基叠氮化物是高度通用的合.md,有答案,0.592,1,1,1846
汇智,题-HZ-05-06-小日一天闲来无事研究起了氯化.md,无答案文件,,,,0
汇智,题-HZ-05-06-金属元素M在人类的科技史中扮.md,有答案,0.669,10,1,2198
汇智,题-HZ-05-07-71羰基是有机反应中被讨论最.md,有答案,0.4,26,0,5028
汇智,题-HZ-05-07-71频哪醇重排是非常经典的反.md,无答案文件,,,,0
汇智,题-HZ-05-07-炔烃是简单但重要的有机原料由.md,有答案,0.661,0,1,1330
汇智,题-HZ-05-08-81电化学驱动下的扩环重排是.md,有答案,0.664,15,1,2904
汇智,题-HZ-05-08-NorrishYang光环化.md,题干复读,0.0,0,0,987
汇智,题-HZ-05-08-提示本题不要求酸碱基团的质子.md,无答案文件,,,,0
汇智,题-HZ-05-09-33迁移具有悠久的历史最经典.md,无答案文件,,,,0
汇智,题-HZ-05-09-自由基是一类高活性的中间体但.md,有答案,0.419,8,1,2156
汇智,题-HZ-05-10-81828312分2分832.md,无答案文件,,,,0
汇智,题-HZ-06-01-11众所周知石墨是C的最稳定.md,有答案,0.543,3,1,1592
汇智,题-HZ-06-01-11在电解精炼金属产生的阳极.md,有答案,0.45,7,3,1944
汇智,题-HZ-06-01-一氧化碳是一种非常稳定的分子.md,有答案,0.909,8,2,1590
汇智,题-HZ-06-02-21键角是化学键的一个重要的.md,有答案,0.471,8,0,2112
汇智,题-HZ-06-02-元素M是一种半导体材料它的单.md,有答案,0.849,14,2,2557
汇智,题-HZ-06-02-元素X的来源之一是含X425.md,有答案,0.782,3,1,2239
汇智,题-HZ-06-03-31使用NHC和以11反应可.md,无答案文件,,,,0
汇智,题-HZ-06-03-一种由Ba蓝球深色球和Cu绿.md,有答案,0.842,8,0,1228
汇智,题-HZ-06-03-二氧化碳的活化是一个可以将过.md,有答案,0.575,7,0,5264
汇智,题-HZ-06-04-41在和的存在下MMA会发生.md,有答案,0.645,7,1,2245
汇智,题-HZ-06-04-41荧光分子可由其前体经过处.md,无答案文件,,,,0
汇智,题-HZ-06-04-如下图是一个主族二元化合物X.md,有答案,0.788,5,0,921
汇智,题-HZ-06-05-51能斯特方程的应用广泛其中.md,有答案,0.641,1,0,3211
汇智,题-HZ-06-05-氨是最重要的化学产品之一其在.md,有答案,0.531,13,0,4054
汇智,题-HZ-06-05-钒在水溶液中具有丰富的价态已.md,有答案,0.722,2,1,2725
汇智,题-HZ-06-06-61各种不同基团取代的XcI.md,有答案,0.913,18,2,5444
汇智,题-HZ-06-06-61电化学手段是分离一些金属.md,有答案,0.526,14,0,2532
汇智,题-HZ-06-06-白磷是目前合成各种有机磷衍生.md,有答案,0.367,13,2,4690
汇智,题-HZ-06-07-711给下列化合物的酸性从大.md,无答案文件,,,,0
汇智,题-HZ-06-07-Robinson环化反应是有.md,有答案,0.66,8,1,2005
汇智,题-HZ-06-07-氟是电负性最大的元素在有机化.md,有答案,0.235,2,0,1161
汇智,题-HZ-06-08-81在和的作用下可以实现对有.md,有答案,0.894,5,1,2530
汇智,题-HZ-06-08-不对称有机催化反应的相关研究.md,有答案,0.739,10,0,2802
汇智,题-HZ-06-08-硫可以通过被氧化或亲核进攻等.md,有答案,0.308,1,0,1180
汇智,题-HZ-06-09-91扩环反应的重要应用之一是.md,有答案,0.267,2,0,1317
汇智,题-HZ-06-09-Nef反应是硝基烷烃钠盐在酸.md,有答案,0.535,2,1,1723
汇智,题-HZ-07-01-11化合物A被称为超级氢化合.md,题干复读,0.0,0,0,81
汇智,题-HZ-07-01-许多元素在古代由于优良的性质.md,有答案,0.61,9,2,3308
汇智,题-HZ-07-01-鎓离子可以发生多种多样的反应.md,存疑,0.201,0,0,1143
汇智,题-HZ-07-01-非金属元素X的一种氟化物A在.md,有答案,0.417,0,0,756
汇智,题-HZ-07-02-21半导体材料的制备1在惰性.md,有答案,0.461,8,0,3825
汇智,题-HZ-07-02-Cupowder即铜粉书写时.md,存疑,0.134,0,0,537
汇智,题-HZ-07-02-体系存在两组气相可逆反应在本.md,有答案,0.741,3,0,2931
汇智,题-HZ-07-02-北极大学的学生小明合成了配合.md,有答案,0.626,6,1,2086
汇智,题-HZ-07-03-31写出关键中间体32写出关.md,题干复读,0.0,0,0,453
汇智,题-HZ-07-03-极地高山等冰冻环境中多晶冰内.md,有答案,0.299,5,0,1949
汇智,题-HZ-07-03-生物膜是细胞各个结构的重要组.md,有答案,0.536,5,0,4028
汇智,题-HZ-07-03-第三周期元素NaCl的性质既.md,有答案,0.641,0,1,2776
汇智,题-HZ-07-04-41著名的钙钛矿型晶体想必大.md,有答案,0.57,18,1,1730
汇智,题-HZ-07-04-41表面活性剂是能够显著降低.md,有答案,0.568,12,0,2331
汇智,题-HZ-07-04-以芳香醛和1苯基乙12二醇为.md,题干复读,0.0,0,0,939
汇智,题-HZ-07-04-聚酰胺尼龙是第一种实现商业化.md,有答案,0.426,0,0,2391
汇智,题-HZ-07-05-51为碱金属与Se单质反应得.md,有答案,0.752,9,1,2541
汇智,题-HZ-07-05-有机金属卤化物钙钛矿材料近几.md,有答案,0.572,7,0,1560
汇智,题-HZ-07-05-自修复材料是一种受损后能够进.md,有答案,0.557,8,1,1788
汇智,题-HZ-07-05-高价碘试剂因其反应条件温和环.md,题干复读,0.0,0,0,935
汇智,题-HZ-07-06-61要鉴别乙醇异丙醇叔丁醇需.md,有答案,0.518,11,0,2051
汇智,题-HZ-07-06-本题目将围绕着以下配体的反应.md,存疑,0.263,0,0,1222
汇智,题-HZ-07-06-金属原子之间的无限键系统仍然.md,有答案,0.519,10,0,2732
汇智,题-HZ-07-07-71邻近基因参与即邻基参与能.md,有答案,0.562,11,0,3093
汇智,题-HZ-07-07-光化学反应一直是近年来研究的.md,有答案,0.669,2,1,1973
汇智,题-HZ-07-07-小明最近在研究单体有机化合物.md,题干复读,0.0,0,0,1134
汇智,题-HZ-07-08-VilsmeierHaack.md,有答案,0.233,0,1,1615
汇智,题-HZ-07-08-偶氮二异丁腈AIBN第7题中.md,有答案,0.251,3,1,1407
汇智,题-HZ-07-08-随着有机氟化学的发展偕二氟环.md,有答案,0.102,3,0,1440
汇智,题-HZ-07-09-苯炔benzene是一种由苯.md,题干复读,0.0,0,0,1087
汇智,题-HZ-07-09-近些年来自由基介导下双环11.md,有答案,0.605,5,0,2447
汇智,题-HZ-08-01-卤族元素由于其较高的电负性和.md,有答案,0.639,9,1,1073
汇智,题-HZ-08-01-铅及其化合物在工农业生产中用.md,有答案,0.64,18,0,5377
汇智,题-HZ-08-02-天青石是锶最重要的矿石之一其.md,有答案,0.468,10,2,1988
汇智,题-HZ-08-02-电位滴定法利用电极电位的突跃.md,有答案,0.5,7,1,2987
汇智,题-HZ-08-03-31写出以下反应的化学方程式.md,有答案,0.254,10,1,2268
汇智,题-HZ-08-03-过渡金属硼化物具有高熔点高硬.md,有答案,0.57,2,1,1786
汇智,题-HZ-08-04-碲的电沉积制备半导体材料如C.md,有答案,0.451,12,1,2688
汇智,题-HZ-08-04-苯乙烯Styrene是一种常.md,有答案,0.647,8,1,2150
汇智,题-HZ-08-05-以下是某四方晶体沿a轴和c轴.md,有答案,0.461,13,0,1166
汇智,题-HZ-08-05-火星大气中体积分数约为总大气.md,有答案,0.603,15,0,4406
汇智,题-HZ-08-06-一种含有的普鲁士蓝其晶体结构.md,有答案,0.661,11,1,1893
汇智,题-HZ-08-06-现有一种未知的橙红色化合物A.md,有答案,0.542,19,2,1988
汇智,题-HZ-08-07-保护基是与化学选择性息息相关.md,有答案,0.247,8,0,2059
汇智,题-HZ-08-07-氨基酸的化学反应主要指其羧基.md,有答案,0.819,6,1,2922
汇智,题-HZ-08-08-81通过以下方法可以高效的合.md,有答案,0.816,9,0,1196
汇智,题-HZ-08-08-金属氧化剂在有机化合物的氧化.md,有答案,0.137,2,0,2055
汇智,题-HZ-08-09-不饱和酮的14加成是基础有机.md,有答案,0.468,17,1,2548
汇智,题-HZ-08-09-该生物分子在2008年被分离.md,有答案,0.76,6,1,1666
汇智,题-HZ-09-01-西直门位于北京内城西垣北侧旧.md,有答案,0.693,9,0,3379
汇智,题-HZ-09-02-A是一种在上古时期就被人类发.md,有答案,0.603,10,0,2068
汇智,题-HZ-09-03-X是一种很早以前就被人类发现.md,有答案,0.719,23,0,4848
汇智,题-HZ-09-04-在水中会发生溶剂解反应生成和.md,有答案,0.637,17,0,5518
汇智,题-HZ-09-05-Cu可以与许多配体形成配合物.md,有答案,0.883,23,1,8832
汇智,题-HZ-09-06-聚氯乙烯是全球应用最为广泛的.md,有答案,0.719,33,1,3724
汇智,题-HZ-09-07-71请你比较DMFNN二甲基.md,无答案文件,,,,0
汇智,题-HZ-09-08-81观察如下转化811已知产.md,有答案,0.388,11,0,3167
汇智,题-HZ-10-01-铅Pb在中国古代也因烧炼后能.md,有答案,0.44,6,0,3499
汇智,题-HZ-10-02-直接空气捕集DirectAi.md,无答案文件,,,,0
汇智,题-HZ-10-03-磷氮化合物兼具分子型主族化学.md,无答案文件,,,,0
汇智,题-HZ-10-04-2025年诺贝尔化学奖授予S.md,有答案,0.692,13,1,3087
汇智,题-HZ-10-05-二氧化硫脲又称甲脒亚磺酸是一.md,有答案,0.48,5,0,2452
汇智,题-HZ-10-06-化石能源中CH的活化是当前的.md,有答案,0.224,4,0,1826
汇智,题-HZ-10-07-本题我们讨论含有环的有机化合.md,有答案,0.491,14,0,3866
汇智,题-HZ-10-08-81形式上具有3个H但本质是.md,有答案,0.382,1,1,1695
汇智,题-HZ-10-09-硝基官能团是有机合成中极为重.md,有答案,0.176,3,1,2196
汇智,题-HZ-11-01-锝Tc是放射性元素在核医学领.md,有答案,0.359,19,1,3421
汇智,题-HZ-11-02-铝在地壳中储量巨大在各类生活.md,有答案,0.316,1,0,1823
汇智,题-HZ-11-03-31回顾向固体中加入溶液在水.md,有答案,0.771,19,0,5927
汇智,题-HZ-11-04-硫族元素主要包括SSeTe之.md,存疑,0.105,0,0,1860
汇智,题-HZ-11-05-在晶体结构的研究中将晶胞拆分.md,有答案,0.425,8,0,2630
汇智,题-HZ-11-06-糖类化合物在水溶液中有开链和.md,有答案,0.488,4,2,2453
汇智,题-HZ-11-07-Wittig反应是工业上和实.md,有答案,0.423,4,1,1928
汇智,题-HZ-11-08-杂环广泛存在于药物分子对药理.md,有答案,0.281,2,0,2723
汇智,题-HZ-11-09-氧化还原反应是构建化学键的核.md,有答案,0.211,9,0,3234
汇智,题-HZ-12-01-砷是人类最早认知和利用的元素.md,有答案,0.546,0,0,2806
汇智,题-HZ-12-02-锂离子电池作为最重要的电化学.md,有答案,0.625,0,0,2037
汇智,题-HZ-12-03-MN是两种常见的金属元素他们.md,有答案,0.39,0,0,1713
汇智,题-HZ-12-04-铝作为地壳中含量最高的金属其.md,有答案,0.545,1,2,2710
汇智,题-HZ-12-05-在电化学沉积领域中Cu与Zn.md,有答案,0.533,0,0,3293
汇智,题-HZ-12-06-在学习原子结构时你或许囫囵吞.md,有答案,0.653,3,0,3559
汇智,题-HZ-12-07-半饱和环化物兼具经典芳环相互.md,有答案,0.567,0,1,3730
汇智,题-HZ-12-08-饱和杂环是生物活性分子中的常.md,有答案,0.651,0,1,4389
汇智,题-HZ-14-01-在药物设计中提高分子的三维立.md,无答案文件,,,,0
汇智,题-HZ-14-02-在物理有机化学中构象偏好常常.md,无答案文件,,,,0
汇智,题-HZ-14-03-高价碘试剂是有机反应常用的氧.md,无答案文件,,,,0
汇智,题-HZ-14-04-苯炔是一种活泼的中间体在构建.md,无答案文件,,,,0
汇智,题-HZ-14-05-51观察该反应给出合理的反应.md,无答案文件,,,,0
汇智,题-HZ-14-06-Stevens重排是季铵盐或.md,无答案文件,,,,0
汇智,题-HZ-14-07-生物活性分子中常含氮杂环结构.md,无答案文件,,,,0
汇智,题-HZ-14-08-81Brnsted酸可介导1.md,无答案文件,,,,0
汇智,题-HZ-14-09-91Mannich反应是典型.md,无答案文件,,,,0
汇智,题-HZ-14-10-Axrightarrow2m.md,无答案文件,,,,0
汇智,题-HZ-34-01-11在电解精炼金属产生的阳极.md,无答案文件,,,,0
汇智,题-HZ-34-02-21键角是化学键的一个重要的.md,无答案文件,,,,0
汇智,题-HZ-34-03-二氧化碳的活化是一个可以将过.md,无答案文件,,,,0
汇智,题-HZ-34-04-41荧光分子可由其前体经过处.md,无答案文件,,,,0
汇智,题-HZ-34-05-氨是最重要的化学产品之一其在.md,无答案文件,,,,0
汇智,题-HZ-34-06-61电化学手段是分离一些金属.md,无答案文件,,,,0
汇智,题-HZ-34-07-氟是电负性最大的元素在有机化.md,无答案文件,,,,0
汇智,题-HZ-34-08-硫可以通过被氧化或亲核进攻等.md,无答案文件,,,,0
汇智,题-HZ-34-09-91扩环反应的重要应用之一是.md,无答案文件,,,,0
汇智,题-HZ-35-01-在药物设计中提高分子的三维立.md,无答案文件,,,,0
汇智,题-HZ-35-02-在物理有机化学中构象偏好常常.md,有答案,1.0,0,0,406
汇智,题-HZ-35-03-高价碘试剂是有机反应常用的氧.md,无答案文件,,,,0
汇智,题-HZ-35-04-苯炔是一种活泼的中间体在构建.md,无答案文件,,,,0
汇智,题-HZ-35-05-有机化学初赛模拟卷14ima.md,题干复读,0.0,0,0,819
汇智,题-HZ-35-06-Stevens重排是季铵盐或.md,无答案文件,,,,0
汇智,题-HZ-35-07-生物活性分子中常含氮杂环结构.md,无答案文件,,,,0
汇智,题-HZ-35-08-81Bronsted酸可介导.md,无答案文件,,,,0
汇智,题-HZ-35-09-91Mannich反应是典型.md,无答案文件,,,,0
汇智,题-HZ-35-10-ComplanadineA的.md,有答案,1.0,0,0,18
汇智,题-HZ-37-01-从古代炼丹术的神火到拉瓦锡的.md,有答案,0.323,4,1,2241
汇智,题-HZ-37-02-非过渡金属M为一种灰白色的金.md,有答案,0.523,11,2,2212
汇智,题-HZ-37-03-氮和氟都是高电负性的元素其形.md,有答案,0.505,15,1,1395
汇智,题-HZ-37-04-2011年3月11日日本东北.md,有答案,0.604,2,0,2681
汇智,题-HZ-37-05-20世纪70年代可充电锂离子.md,有答案,0.56,10,0,1931
汇智,题-HZ-37-06-2024年5月8日我国第三艘.md,有答案,0.736,23,1,6823
汇智,题-HZ-37-07-逆配合物inversecoo.md,无答案文件,,,,0
汇智,题-HZ-37-08-M是一种常见金属常温下晶体为.md,有答案,0.457,15,0,1979
汇智,题-HZ-37-09-91关于晶格能下列说法正确的.md,有答案,0.563,3,0,1948
汇智,题-HZ-38-01-多碘阴离子是碘元素的特征阴离.md,有答案,0.45,4,0,1839
汇智,题-HZ-38-02-21Nature报道了某同素.md,有答案,0.605,6,1,2498
汇智,题-HZ-38-03-高能材料即烟火推进剂和炸药的.md,有答案,0.7,5,2,3434
汇智,题-HZ-38-04-411仅占3分试根据欧拉定理.md,有答案,0.78,3,1,1801
汇智,题-HZ-38-05-含有Se和Tl元素的离子结构.md,有答案,0.556,6,1,1421
汇智,题-HZ-38-06-金属Mg是中学化学就已涉及到.md,有答案,0.359,11,0,1827
汇智,题-HZ-38-07-阴离子配体环戊二烯阴离子自二.md,有答案,0.524,7,0,1933
汇智,题-HZ-38-08-的晶胞参数为.md,有答案,0.546,10,0,1441
汇智,题-HZ-64-01-11在电解精炼金属产生的阳极.md,无答案文件,,,,0
汇智,题-HZ-64-02-21键角是化学键的一个重要的.md,无答案文件,,,,0
汇智,题-HZ-64-03-二氧化碳的活化是一个可以将过.md,无答案文件,,,,0
汇智,题-HZ-64-04-41荧光分子可由其前体经过处.md,无答案文件,,,,0
汇智,题-HZ-64-05-氨是最重要的化学产品之一其在.md,无答案文件,,,,0
汇智,题-HZ-64-06-61电化学手段是分离一些金属.md,无答案文件,,,,0
汇智,题-HZ-64-07-mathrm光催化fracm.md,无答案文件,,,,0
汇智,题-HZ-64-08-硫可以通过被氧化或亲核进攻等.md,无答案文件,,,,0
汇智,题-HZ-64-09-91扩环反应的重要应用之一是.md,无答案文件,,,,0
清北营,题-QBY-01-01-元素X的化学性质较为惰性即使.md,有答案,0.702,0,1,1455
清北营,题-QBY-01-01-在下水的初始温度为大气温度恒.md,有答案,0.845,13,1,1149
清北营,题-QBY-01-01-在元素周期表上位于同一列的元.md,有答案,0.671,0,3,1170
清北营,题-QBY-01-01-金属M在化学史上扮演过及其重.md,有答案,0.57,0,1,1467
清北营,题-QBY-01-02-在元素周期表中大多数金属元素.md,有答案,0.504,0,1,1611
清北营,题-QBY-01-02-在手套箱中将为五甲基环戊二烯.md,有答案,0.662,0,1,2559
清北营,题-QBY-01-02-用碘量法测定某电镀液中浓度取.md,有答案,0.585,0,0,2639
清北营,题-QBY-01-02-由氮气与氮气所组成的混合气体.md,有答案,0.852,8,1,1880
清北营,题-QBY-01-03-31将01387mol的纯硫.md,有答案,0.56,0,0,1960
清北营,题-QBY-01-03-一种测量气体热容比的方法如图.md,有答案,0.667,7,1,1299
清北营,题-QBY-01-03-在29815K与31815K.md,有答案,0.453,0,0,4572
清北营,题-QBY-01-03-在一定温度下金属氢化物可与氢.md,有答案,0.487,0,0,3642
清北营,题-QBY-01-04-在Ar气气氛下将Bi以一定比.md,有答案,0.363,0,1,1370
清北营,题-QBY-01-04-声音靠介质的弹性传播牛顿Ne.md,有答案,0.672,20,0,3384
清北营,题-QBY-01-04-某河段出现鱼类上浮现象为测定.md,有答案,0.616,0,0,3148
清北营,题-QBY-01-04-氧化还原滴定作为分析化学中最.md,有答案,0.615,1,2,2351
清北营,题-QBY-01-05-叠氮化氢是一种危险性极大的化.md,有答案,0.479,0,0,4612
清北营,题-QBY-01-05-某混合氧化物晶体在高压下合成.md,有答案,0.845,0,0,1355
清北营,题-QBY-01-05-某高价金属的膦基配合物最近被.md,有答案,0.595,0,1,2288
清北营,题-QBY-01-05-鸟粪石是一种矿石亦称鸟兽积粪.md,有答案,0.8,0,0,1699
清北营,题-QBY-01-06-61众所周知水星的英文名和某.md,有答案,0.419,0,0,4513
清北营,题-QBY-01-06-61如下为铀系元素的部分衰变.md,有答案,0.451,17,0,4402
清北营,题-QBY-01-06-放射性癌症治疗的历史源远流长.md,有答案,0.32,0,1,3253
清北营,题-QBY-01-06-某类有机发光小分子可以可逆形.md,存疑,0.24,0,0,1791
清北营,题-QBY-01-07-丁腈橡胶是一种合成橡胶耐油性.md,有答案,0.641,0,2,1567
清北营,题-QBY-01-07-使在135三甲苯中回流可以发.md,有答案,0.458,0,1,2130
清北营,题-QBY-01-07-光合作用是个复杂的过程在人们.md,有答案,0.425,16,0,5460
清北营,题-QBY-01-07-吡啶pyridinc是最简单.md,有答案,0.638,0,1,1352
清北营,题-QBY-01-08-在核废料处理或放射性示踪实验.md,有答案,0.732,23,1,4944
清北营,题-QBY-01-08-氮杂芳烃具有电子特性复杂且存.md,有答案,0.442,0,1,927
清北营,题-QBY-01-08-累积二烯结构具有较高的反应活.md,有答案,0.893,0,1,3959
清北营,题-QBY-01-08-近日南方科技大学理学院化学系.md,有答案,0.505,1,0,2910
清北营,题-QBY-01-09-四氢大麻酚Tetrahydr.md,有答案,0.87,0,1,1373
清北营,题-QBY-01-09-有机碘试剂具有较强的反应活性.md,有答案,0.827,0,1,1810
清北营,题-QBY-01-09-随着不断开采和使用化石资源储.md,无答案文件,,,,0
清北营,题-QBY-01-10-DhilirolideU是一.md,有答案,0.786,0,1,3806
清北营,题-QBY-01-10-illisimoninA是一.md,有答案,0.715,0,1,2129
清北营,题-QBY-02-01-11对一种含有Ag的盐X在热.md,有答案,0.627,0,2,2164
清北营,题-QBY-02-01-11欧洲中世纪炼金术士坚信哲.md,有答案,0.379,0,1,2652
清北营,题-QBY-02-01-一密封活塞中充满了液体水液体.md,有答案,0.756,12,2,1444
清北营,题-QBY-02-01-金属X燃烧时生成挥发性最高价.md,有答案,0.48,0,2,2415
清北营,题-QBY-02-02-已知的请完成下列问题211请.md,有答案,0.675,1,0,2909
清北营,题-QBY-02-02-易拉罐装可口可乐怡泉无糖苏打.md,有答案,0.747,9,0,2808
清北营,题-QBY-02-02-近日南开大学的一课题组基于碳.md,有答案,0.165,0,1,1863
清北营,题-QBY-02-02-近日西安交通大学的一课题组合.md,有答案,0.799,0,1,1805
清北营,题-QBY-02-03-2025年来自中国的两个课题.md,有答案,0.369,0,0,2241
清北营,题-QBY-02-03-为确定岩石的年龄人们使用地质.md,有答案,0.727,0,2,3549
清北营,题-QBY-02-03-钌作为磁记录材料硬盘HDD和.md,有答案,0.565,0,2,2055
清北营,题-QBY-02-03-铝热反应是常见的能获得极高温.md,有答案,0.567,9,1,3091
清北营,题-QBY-02-04-41荧光探针分子ProMZ的.md,有答案,0.456,13,1,2451
清北营,题-QBY-02-04-下图为实验室制备12二溴乙烷.md,有答案,0.656,0,2,1557
清北营,题-QBY-02-04-近些年来有关主族金属金属键以.md,存疑,0.197,0,0,2029
清北营,题-QBY-02-04-通过已知电极测定未知电极的标.md,有答案,0.67,0,0,4712
清北营,题-QBY-02-05-51如下是一个化合物的晶胞沿.md,有答案,0.783,0,0,1092
清北营,题-QBY-02-05-下图是某种物质的其中一种晶型.md,有答案,0.844,0,1,1764
清北营,题-QBY-02-05-本题记丙酮为A二氯甲烷为B在.md,有答案,0.739,23,0,2720
清北营,题-QBY-02-05-近日某课题组通过光驱动分子内.md,有答案,0.377,0,0,2625
清北营,题-QBY-02-06-固态物质的蒸气压是难以测量的.md,有答案,0.629,0,0,3252
清北营,题-QBY-02-06-在等温等压下一个自发过程可以.md,有答案,0.505,19,0,3117
清北营,题-QBY-02-06-如下是一种金属含氧酸盐的晶体.md,有答案,0.771,0,1,2529
清北营,题-QBY-02-06-对于亲核取代反应Basolo.md,有答案,0.496,0,0,5347
清北营,题-QBY-02-07-12二嗪作为有机反应中较为少.md,有答案,0.304,0,0,1762
清北营,题-QBY-02-07-71Smiles重排作为一常.md,有答案,0.444,0,1,1106
清北营,题-QBY-02-07-71选出下列两个选项中酸性更.md,有答案,0.885,0,0,1532
清北营,题-QBY-02-07-本题中的故事是虚构的Gilb.md,有答案,0.415,23,0,3462
清北营,题-QBY-02-08-812009年BioMM报道.md,有答案,1.0,0,0,140
清北营,题-QBY-02-08-在时盐酸溶液上的气体的压力为.md,有答案,0.676,1,0,817
清北营,题-QBY-02-08-将羧基快捷高产率地转化为氰基.md,有答案,0.691,0,0,2995
清北营,题-QBY-02-08-苯并氮硼烷作为萘的等电子体通.md,存疑,0.277,0,0,1179
清北营,题-QBY-02-09-细菌耐药性已成为21世纪全球.md,有答案,0.641,0,1,678
清北营,题-QBY-02-09-近日浙江理工大学化学系的一课.md,有答案,0.845,0,1,1928
清北营,题-QBY-02-09-闪式真空热解FVP是一种在真.md,有答案,0.592,0,1,2449
清北营,题-QBY-03-01-11按要求书写下列反应方程式.md,有答案,0.698,0,1,1493
清北营,题-QBY-03-01-11某非金属元素A的白色挥发.md,有答案,0.678,0,1,1756
清北营,题-QBY-03-01-11用浓硝酸与氢氟酸的混合溶.md,有答案,0.633,1,1,853
清北营,题-QBY-03-02-从富硼化合物的合成开始在晶体.md,有答案,0.684,4,1,2314
清北营,题-QBY-03-02-以吡啶为代表的芳香族含氮杂环.md,有答案,0.57,0,1,4333
清北营,题-QBY-03-02-盐A含有结晶水是一种重要的工.md,有答案,0.839,0,1,2277
清北营,题-QBY-03-03-在下用邻菲罗啉phen光度法.md,有答案,0.36,0,0,2504
清北营,题-QBY-03-03-有机合成中叠氮化物有重要运用.md,有答案,0.694,2,2,2695
清北营,题-QBY-03-03-某化合物含ABO三种元素属于.md,有答案,0.873,0,0,3622
清北营,题-QBY-03-04-某冶炼厂的含硫尾气经干燥除尘.md,有答案,0.426,0,1,3479
清北营,题-QBY-03-04-稳定的pH对生物体正常生理反.md,无答案文件,,,,0
清北营,题-QBY-03-04-锝是原子序数最少的没有稳定同.md,有答案,0.375,0,1,2401
清北营,题-QBY-03-05-1901年FritzUllm.md,有答案,0.515,0,2,7516
清北营,题-QBY-03-05-我们都知道Mg这一碱土金属典.md,有答案,0.533,1,1,2715
清北营,题-QBY-03-05-碳酸氢钙是一种非常常见的化学.md,有答案,0.558,1,0,2211
清北营,题-QBY-03-06-Pu有一种奇怪的特性在水溶液.md,有答案,0.742,1,0,3972
清北营,题-QBY-03-06-共价有机框架Covalent.md,有答案,0.597,0,1,1692
清北营,题-QBY-03-06-自由基反应长期以来被视为高度.md,有答案,0.611,0,0,3371
清北营,题-QBY-03-07-取和溶于在通入氮气的情况下与.md,有答案,0.729,0,1,1794
清北营,题-QBY-03-07-在250mL烧杯中放置711.md,有答案,0.516,0,1,1524
清北营,题-QBY-03-07-碳负离子在有机化学中的重要性.md,有答案,0.828,0,1,7925
清北营,题-QBY-03-08-早在1909年烯烃被发现在过.md,有答案,0.441,0,1,1195
清北营,题-QBY-03-08-是一个经典而优秀的自由基还原.md,有答案,0.412,0,1,1217
清北营,题-QBY-03-08-本题不要求立体化学有关化合物.md,无答案文件,,,,0
清北营,题-QBY-03-09-Ineleganolide最.md,有答案,0.784,0,1,4327
清北营,题-QBY-03-09-近些年来11二氟环丙烷类化合.md,有答案,0.758,1,0,2410
清北营,题-QBY-03-10-Nazarov环化是一个经典.md,有答案,0.923,0,1,2916
清北营,题-QBY-03-10-Prins反应早在100年前.md,存疑,0.243,0,0,1263
清北营,题-QBY-04-01-11ATGC是一类较强的分子.md,有答案,1.0,0,0,140
清北营,题-QBY-04-01-元素X被20世纪科普作家JE.md,有答案,0.468,0,0,2818
清北营,题-QBY-04-01-烟花云幕重榴艳朝景侵夜空中的.md,有答案,0.597,0,2,1521
清北营,题-QBY-04-02-21有一种型晶体的一种形式含.md,有答案,0.705,0,0,1622
清北营,题-QBY-04-02-NaCl是一种及其常见的化合.md,有答案,0.664,0,0,3634
清北营,题-QBY-04-02-分子笼在手性催化分子识别等方.md,有答案,0.871,0,2,5740
清北营,题-QBY-04-03-常见金属互化物为体心立方点阵.md,有答案,0.615,0,0,4498
清北营,题-QBY-04-03-氧化还原滴定作为分析化学中最.md,无答案文件,,,,0
清北营,题-QBY-04-03-银离子可以与氯离子反应生成沉.md,有答案,0.785,0,0,3394
清北营,题-QBY-04-04-氢原子通过多中心键可以获得2.md,有答案,0.658,0,1,3136
清北营,题-QBY-04-04-过渡金属元素M因其化合物多彩.md,有答案,0.53,0,1,4052
清北营,题-QBY-04-04-近年研究人员发展了基于金属有.md,有答案,0.39,0,0,2227
清北营,题-QBY-04-05-51关于单质氟的制备最初是通.md,有答案,0.685,1,3,2094
清北营,题-QBY-04-05-二茂铁具有芳香性可发生Fri.md,无答案文件,,,,0
清北营,题-QBY-04-05-在本题中你可能需要以下数据本.md,有答案,0.746,0,0,2048
清北营,题-QBY-04-06-如下是一种立方晶系的三元化合.md,有答案,0.96,0,1,3988
清北营,题-QBY-04-06-由于含AlTe键的化合物容易.md,有答案,0.579,0,0,1906
清北营,题-QBY-04-06-近期何军教授团队研究了一对异.md,有答案,0.528,0,1,3454
清北营,题-QBY-04-07-71画出以下两个分子的优势构.md,无答案文件,,,,0
清北营,题-QBY-04-07-71请根据原子电负性以及轨道.md,有答案,0.635,0,0,1407
清北营,题-QBY-04-07-卡本是指中心碳原子为0价且带.md,有答案,0.7,0,1,3759
清北营,题-QBY-04-08-81选出下列反应中有碳正离子.md,有答案,1.0,0,0,141
清北营,题-QBY-04-08-近日王平山教授团队创新性提出.md,有答案,0.428,0,1,2741
清北营,题-QBY-04-08-近日美国的一课题组开发了一种.md,存疑,0.113,0,0,1095
清北营,题-QBY-04-09-常见的Nazarov反应往往.md,有答案,0.744,0,1,3269
清北营,题-QBY-04-09-近日国科大杭高院的某团队开发.md,有答案,0.593,0,1,2406
清北营,题-QBY-04-10-alstrostineG是一.md,有答案,0.902,0,1,1494
清北营,题-QBY-05-01-以下是pH0时V的Latim.md,有答案,0.688,0,1,2620
清北营,题-QBY-05-01-在一个普普又通通的星期二上午.md,有答案,0.52,0,0,3837
清北营,题-QBY-05-01-金属M是一种具有魔力的金属相.md,有答案,0.675,0,1,1841
清北营,题-QBY-05-02-1824年SadiCarno.md,有答案,0.76,0,1,6339
清北营,题-QBY-05-02-近日我国科学家合成了一些单核.md,有答案,0.318,0,0,1801
清北营,题-QBY-05-02-镅Am是一种超铀元素也是一种.md,有答案,0.511,0,2,1571
清北营,题-QBY-05-03-半导体的能带分为上下两层下层.md,有答案,0.408,0,0,1707
清北营,题-QBY-05-03-最近一种简单卤化物能溶解多种.md,有答案,0.87,0,1,4298
清北营,题-QBY-05-03-某钠离子电池电解液碳酸酯体系.md,有答案,0.409,0,0,2504
清北营,题-QBY-05-04-2025年11月4日Para.md,无答案文件,,,,0
清北营,题-QBY-05-04-某固体氧化物电解池SOEC共.md,有答案,0.628,0,0,4668
清北营,题-QBY-05-04-热电转换是将热能转化为电能的.md,有答案,0.401,0,0,2103
清北营,题-QBY-05-05-20世纪下半叶研究人员发现具.md,有答案,0.302,0,0,1731
清北营,题-QBY-05-05-51众所周知CH基团一般可以.md,有答案,0.568,0,1,1453
清北营,题-QBY-05-05-源自p区元素的主族羰基类似物.md,有答案,0.57,0,0,1986
清北营,题-QBY-05-06-61铂矿石中伴生PtPdAu.md,有答案,0.444,0,1,2615
清北营,题-QBY-05-06-我们来分析影响二元酸含2个等.md,有答案,0.556,0,0,3183
清北营,题-QBY-05-06-铁弹性是指晶体中应变与应力呈.md,有答案,0.582,0,0,2313
清北营,题-QBY-05-07-人们热衷于寻找具有不同性质的.md,有答案,0.812,0,1,1214
清北营,题-QBY-05-07-滑环凝胶是一类拓扑交联的聚合.md,有答案,0.464,0,1,1955
清北营,题-QBY-05-07-阿伏伽德罗提出的分子论是物质.md,有答案,0.388,0,0,1812
清北营,题-QBY-05-08-与仲醇叔醇的脱水反应相比伯醇.md,有答案,0.669,0,1,1884
清北营,题-QBY-05-08-俄罗斯唯一的诺贝尔化学奖授予.md,有答案,0.739,1,0,3438
清北营,题-QBY-05-08-在有机反应中构造一个羰基位负.md,存疑,0.074,0,0,682
清北营,题-QBY-05-09-二氧化氮的二聚反应是化学平衡.md,有答案,0.761,0,0,5361
清北营,题-QBY-05-09-吡咯并12喹喔啉骨架作为一种.md,有答案,0.8,0,1,1442
清北营,题-QBY-05-09-在20世纪末和21世纪初呋喃.md,存疑,0.265,0,0,2614
清北营,题-QBY-05-10-河豚毒素是一种致命的生物碱对.md,有答案,0.793,0,0,1784
清北营,题-QBY-06-01-11请判断下列有机物中是否具.md,有答案,0.862,0,1,3042
清北营,题-QBY-06-01-硫氧阴离子以硫酸根为首是人尽.md,有答案,0.493,0,2,2089
清北营,题-QBY-06-02-典型的Nazarov环化如下.md,题干复读,0.0,0,0,1492
清北营,题-QBY-06-02-聚甲基丙烯酸甲酯PMMA是一.md,有答案,0.385,0,1,1854
清北营,题-QBY-06-03-ene反应作为一种相对隐蔽的.md,有答案,0.655,0,1,1473
清北营,题-QBY-06-03-某新型多孔框架材料MAF7可.md,有答案,0.573,0,0,2721
清北营,题-QBY-06-04-某实验室拟测定一废旧锂离子电.md,有答案,0.642,0,0,3162
清北营,题-QBY-06-04-足球烯Fullerene是一.md,有答案,0.687,0,1,3953
清北营,题-QBY-06-05-CS键在各种天然产物药物农用.md,存疑,0.091,0,0,1734
清北营,题-QBY-06-05-晶体X和Y由金属元素ABC和.md,有答案,0.732,0,1,1815
清北营,题-QBY-06-06-相比于钯铑和铱催化剂而言铂和.md,存疑,0.1,0,0,1592
清北营,题-QBY-06-06-靶向药物由三个部分构成设计靶.md,有答案,1.0,0,0,140
清北营,题-QBY-06-07-PartI碘试剂的制备与基础.md,有答案,0.348,0,1,2812
清北营,题-QBY-06-07-配合物A是Re的配合物具有四.md,有答案,0.529,0,0,1802
清北营,题-QBY-06-08-81一种常见的将芳基基团上的.md,有答案,0.568,0,1,2849
清北营,题-QBY-06-08-现代有机合成致力于开发能构建.md,有答案,1.0,0,0,143
清北营,题-QBY-06-09-91在2025年的一篇工作中.md,有答案,0.847,0,0,2124
清北营,题-QBY-06-09-巨大戟烷是一种从大戟属植物中.md,有答案,0.516,0,1,893
清北营,题-QBY-06-10-阿枯米灵家族的化合物常具有二.md,有答案,0.903,0,1,1643
清北营,题-QBY-07-01-23重排是一类重要的周环反应.md,有答案,0.601,0,1,2124
清北营,题-QBY-07-01-银自古被誉为月亮金属其温润而.md,有答案,0.348,0,1,3667
清北营,题-QBY-07-02-芳香性是有机化学中的重要性质.md,有答案,0.849,0,1,5584
清北营,题-QBY-07-02-金单质通常称为黄金常用作货币.md,有答案,0.722,0,2,3828
清北营,题-QBY-07-03-31金银单质都有绚丽的颜色3.md,存疑,0.22,0,0,1590
清北营,题-QBY-07-03-托品酮是莨菪烷类生物碱家族中.md,有答案,0.615,0,0,2523
清北营,题-QBY-07-04-Birch还原是合成非共轭烯.md,有答案,0.684,0,0,2883
清北营,题-QBY-07-04-在双键化合物的制备思路中采用.md,有答案,0.768,0,0,2764
清北营,题-QBY-07-05-51在第39届中国化学奥林匹.md,有答案,0.874,0,1,1874
清北营,题-QBY-07-05-氟原子取代基是药物合成中非常.md,有答案,0.509,0,0,2381
清北营,题-QBY-07-06-2024年XuQ等人报道了一.md,存疑,0.221,0,0,1559
清北营,题-QBY-07-06-氢有可能成为21世纪的主要能.md,有答案,0.427,0,1,1884
清北营,题-QBY-07-07-71将以下物质按从小到大排序.md,有答案,0.987,0,0,2911
清北营,题-QBY-07-07-三羧酸循环是人体内重要的供能.md,有答案,0.473,0,1,2298
清北营,题-QBY-07-08-在20世纪末和21世纪初呋喃.md,有答案,0.756,0,1,3642
清北营,题-QBY-07-08-环加成反应是最有效的化学过程.md,有答案,0.625,0,0,2912
清北营,题-QBY-07-09-生物碱是一类重要的天然产物它.md,存疑,0.101,0,0,2118
清北营,题-QBY-08-01-11在下热分解产物中仅有一种.md,有答案,0.97,0,1,1609
清北营,题-QBY-08-01-含元素X的矿石与NaCl混合.md,有答案,0.621,0,1,1537
清北营,题-QBY-08-02-21将01mol金属硫化物M.md,有答案,0.603,0,1,3180
清北营,题-QBY-08-02-在刚刚入门化学的时候我们就知.md,有答案,0.822,0,1,2742
清北营,题-QBY-08-03-31M是一种经典的配合物中心.md,有答案,0.485,0,0,3042
清北营,题-QBY-08-03-在春季班试题中我们研究了co.md,有答案,0.681,0,1,1378
清北营,题-QBY-08-04-全钒液流电池是以金属钒离子为.md,有答案,0.553,0,0,3477
清北营,题-QBY-08-04-将钾与红磷置于长20厘米的密.md,有答案,0.498,0,0,1527
清北营,题-QBY-08-05-多锑配体络合物因其高光敏性和.md,存疑,0.285,0,0,1429
清北营,题-QBY-08-05-纳米是常用光催化材料其可在特.md,有答案,0.6,0,0,1657
清北营,题-QBY-08-06-611堆积层永远是晶体结构问.md,有答案,0.634,0,0,2939
清北营,题-QBY-08-06-对高分子反应规律的探寻具有重.md,有答案,0.319,0,0,3751
清北营,题-QBY-08-07-将金属锶与按照一定比例混合之.md,有答案,0.591,0,0,1778
清北营,题-QBY-08-07-自由基重排反应往往被认为是一.md,有答案,0.599,0,0,4139
清北营,题-QBY-08-08-1975年一位印度籍的研究生.md,有答案,0.752,0,1,2352
清北营,题-QBY-08-08-广义的超共轭效应在有机化学中.md,有答案,0.845,0,1,2497
清北营,题-QBY-08-09-含硼有机化合物在有机化学中常.md,有答案,0.348,0,0,2936
清北营,题-QBY-08-09-闪蒸真空热解FVPFlash.md,有答案,0.921,0,1,3076
清北营,题-QBY-08-10-醛类化合物在有机合成中有重要.md,无答案文件,,,,0
清北营,题-QBY-09-01-早在5500年前古埃及人就知.md,有答案,0.337,0,1,2138
清北营,题-QBY-09-01-烟花云幕重榴艳朝景俊夜空中的.md,有答案,0.578,0,3,4052
清北营,题-QBY-09-02-在钼弹筒中令Ti与计量的Ti.md,有答案,0.71,0,0,5061
清北营,题-QBY-09-02-金属有机框架MOF的合成主要.md,存疑,0.231,0,0,1786
清北营,题-QBY-09-03-下图所示配体是一个四齿配体现.md,有答案,0.466,0,1,1962
清北营,题-QBY-09-03-物质存在固体液体气体三种状态.md,有答案,1.0,0,0,140
清北营,题-QBY-09-04-含磷杂环因其独特的空间结构和.md,有答案,1.0,0,0,140
清北营,题-QBY-09-04-在如下多齿氮磷配体的螯合作用.md,有答案,0.602,0,0,3519
清北营,题-QBY-09-05-51在酸碱滴定操作中下列仪器.md,有答案,0.369,0,0,609
清北营,题-QBY-09-05-某二元化合物的晶体为立方晶系.md,有答案,0.702,0,1,1591
清北营,题-QBY-09-06-分子变色龙是一类可以根据环境.md,有答案,0.452,0,0,1700
清北营,题-QBY-09-06-月球地质I月球矿物化学随着人.md,有答案,0.703,0,0,2398
清北营,题-QBY-09-07-Fentanyl及其衍生物正.md,有答案,1.0,0,0,143
清北营,题-QBY-09-07-使用简单分子和人工分子组装模.md,有答案,0.874,0,0,3489
清北营,题-QBY-09-08-1885年AdolfvonB.md,有答案,0.362,0,0,1317
清北营,题-QBY-09-09-研究人员近期合成了一种C20.md,有答案,0.44,0,1,1596
清北营,题-QBY-10-01-11298K下在一弹式热量计.md,有答案,0.671,0,1,3596
清北营,题-QBY-10-01-金属元素X在电子工业中具有重.md,有答案,0.583,0,2,1550
清北营,题-QBY-10-02-准确称取05055g奶粉置于.md,有答案,0.379,0,0,1428
清北营,题-QBY-10-02-单原子催化剂SACs为具有催.md,存疑,0.261,0,0,2799
清北营,题-QBY-10-03-2025年的诺贝尔化学奖颁给.md,有答案,0.442,0,0,4119
清北营,题-QBY-10-03-月球地质II但是仅仅是元素相.md,有答案,0.448,0,0,3330
清北营,题-QBY-10-04-烟花云幕重榴艳朝景侵夜空中的.md,有答案,0.667,0,0,6210
清北营,题-QBY-10-04-超分子自组装在化学生物与材料.md,有答案,0.399,0,0,4381
清北营,题-QBY-10-05-氧气的氧化还原反应是生命过程.md,有答案,0.509,0,1,4846
清北营,题-QBY-10-05-的结构常被称为六方钙钛矿其结.md,有答案,0.617,0,1,1751
清北营,题-QBY-10-06-在化学动力学中对于R与P间的.md,有答案,0.695,0,0,7649
清北营,题-QBY-10-06-磷宾及其衍生物由于其独特反应.md,有答案,0.429,0,1,3194
清北营,题-QBY-10-07-71以下为碳硼烷的一种异构体.md,有答案,0.55,0,0,1802
清北营,题-QBY-10-08-N杂芳环的间位CH官能团化是.md,有答案,0.558,0,1,2509
清北营,题-QBY-10-09-叠氮化合物虽然具有一定危险性.md,有答案,0.635,0,1,1741
清北营,题-QBY-11-01-化学式形如的盐多种多样常常让.md,有答案,0.847,0,2,2042
清北营,题-QBY-11-01-已知VanderWaals气.md,有答案,0.786,0,0,4819
清北营,题-QBY-11-02-离子晶体在绝对零度时为完美晶.md,有答案,0.594,1,0,6410
清北营,题-QBY-11-02-过氧亚硝酸盐是一种生命体系中.md,有答案,0.706,0,1,2802
清北营,题-QBY-11-03-如果你不小心在晚上饿了又不小.md,有答案,0.678,0,0,5212
清北营,题-QBY-11-03-苯拥有众所周知的芳香性这使得.md,存疑,0.254,0,0,2620
清北营,题-QBY-11-04-四三苯基膦钯0PdPPh是S.md,存疑,0.187,0,0,2327
清北营,题-QBY-11-04-金属元素A可以形成一系列结构.md,有答案,0.39,1,1,1453
清北营,题-QBY-11-05-全无机三维多酸POM框架是一.md,有答案,0.314,0,0,3408
清北营,题-QBY-11-05-金属配合物促进白磷的转化研究.md,有答案,0.429,0,0,3593
清北营,题-QBY-11-06-双环110丁烷BCBs具有多.md,有答案,0.468,0,0,2627
清北营,题-QBY-11-06-多核金I硫化物团簇具有丰富的.md,有答案,0.647,0,1,2386
清北营,题-QBY-11-07-某元素X的一种晶体晶胞参数a.md,有答案,0.841,0,0,2496
清北营,题-QBY-11-07-自由基介导的烯烃双官能团化是.md,有答案,0.685,0,1,1143
清北营,题-QBY-11-08-有研究人员发现了Au与某金属.md,有答案,0.444,0,1,3509
清北营,题-QBY-11-08-继BlidingLights.md,有答案,0.628,0,1,1743
清北营,题-QBY-11-09-91自1977年Kagan等.md,有答案,0.542,0,0,9691
清北营,题-QBY-11-09-多面体是结构化学中的一个重要.md,有答案,0.53,0,0,4843
清北营,题-QBY-12-01-同一个化学式对应不同异构体的.md,有答案,0.489,0,1,2830
清北营,题-QBY-12-02-是常温常压下唯一的稳定气态U.md,有答案,0.665,0,0,2018
清北营,题-QBY-12-03-化学教授ShlomoRoze.md,有答案,0.645,0,1,1555
清北营,题-QBY-12-04-使用如下咔咯配体TpMePC.md,有答案,0.734,0,0,2101
清北营,题-QBY-12-05-共价有机框架Covalent.md,有答案,0.752,0,0,4006
清北营,题-QBY-12-06-61是一种十分典型的晶体结构.md,有答案,0.728,0,1,2056
清北营,题-QBY-12-07-用滴定管将少量的溶液加到溶液.md,有答案,0.584,2,0,2174
清北营,题-QBY-12-08-在有机化学发展的初期仪器分析.md,有答案,0.515,0,1,1998
清北营,题-QBY-12-09-91给出下面转化的关键中间体.md,有答案,0.939,0,1,4262
清北营,题-QBY-12-10-近日上海交通大学的吴华课题组.md,无答案文件,,,,0
清北营,题-QBY-13-01-轴手性是立体异构的一种形式其.md,有答案,0.596,0,2,2159
清北营,题-QBY-13-02-卡宾与烯烃或炔烃的环加成反应.md,有答案,0.361,0,0,669
清北营,题-QBY-13-03-31画出还原酯基的一般机理并.md,有答案,0.943,0,1,5670
清北营,题-QBY-13-04-近日上海有机化学研究所施世良.md,有答案,0.611,0,0,1573
清北营,题-QBY-13-05-51德国马克斯普朗克煤炭研究.md,有答案,0.746,0,0,5085
清北营,题-QBY-13-06-在现代金属卡宾化学中卡宾体系.md,有答案,0.712,0,2,4998
清北营,题-QBY-13-07-71丙烯酸乙酯在高温下裂解写.md,有答案,0.683,0,1,2602
清北营,题-QBY-13-08-本题需注意立体化学Vinig.md,有答案,0.267,0,1,2136
清北营,题-QBY-16-01-化合物A1A3与化合物C1C.md,有答案,0.48,0,1,1608
清北营,题-QBY-16-02-氮气在温和条件下的转化是工业.md,有答案,1.0,0,0,140
清北营,题-QBY-16-03-首个人工合成的分子三叶结于2.md,有答案,0.426,0,0,4934
清北营,题-QBY-16-04-41解剖BeClBeCl属正.md,有答案,0.789,0,0,4221
清北营,题-QBY-16-05-液体中的起泡现象广泛存在于多.md,有答案,0.416,0,0,3702
清北营,题-QBY-16-06-一氧化碳是一种不可或缺的C1.md,有答案,1.0,0,0,143
清北营,题-QBY-16-07-在微观世界的舞台上分子们宛如.md,有答案,0.606,0,0,2230
清北营,题-QBY-16-08-同为常见的金属卡宾前体相比易.md,有答案,0.803,0,0,2276
清北营,题-QBY-16-09-小环具有独特的反应性在有机合.md,有答案,0.807,0,0,3186
清北营,题-QBY-16-10-在有机化学中有机化合物中的N.md,有答案,0.303,0,0,1255
清北营,题-QBY-17-01-11过渡金属元素M由英国传教.md,有答案,0.349,0,1,2141
清北营,题-QBY-17-02-碳族元素需要得到或失去四个电.md,有答案,0.436,0,1,4337
清北营,题-QBY-17-03-自旋冰SpinIce是一种特.md,有答案,0.529,0,0,3397
清北营,题-QBY-17-04-水是是人们认识的最早的物种之.md,有答案,0.503,0,0,3866
清北营,题-QBY-17-05-在照相化学中显影是指将感光材.md,有答案,0.553,0,1,4777
清北营,题-QBY-17-06-构建一个由个相同双膜三室浓差.md,有答案,0.687,1,0,4598
清北营,题-QBY-17-07-近年来在骨架编辑和天然产物骨.md,有答案,0.457,0,0,2856
清北营,题-QBY-17-08-近些年来有关金属催化的有机反.md,有答案,0.383,0,1,2661
清北营,题-QBY-17-09-小环双环碳环骨架因其刚性结构.md,存疑,0.247,0,0,1431
质心GChO,题-GChO-01-01-作为最重要的肥料和化工原料的.md,有答案,1.0,0,2,1700
质心GChO,题-GChO-01-02-某未知化合物X只含有碳氧和氯.md,有答案,1.0,0,1,615
质心GChO,题-GChO-01-03-某混合溶液含和浓度均为010.md,有答案,1.0,0,1,3193
质心GChO,题-GChO-01-04-锕系元素U主要以的形式存在但.md,有答案,1.0,0,1,1043
质心GChO,题-GChO-01-05-Q16分别写出制备以下高分子.md,有答案,1.0,0,2,1542
质心GChO,题-GChO-01-06-A型晶体属于六方晶系晶胞内的.md,有答案,1.0,0,0,831
质心GChO,题-GChO-01-07-Q12化合物14中酸性最强的.md,有答案,1.0,0,0,396
质心GChO,题-GChO-01-08-醛酮与肼反应脱水形成的化合物.md,题干复读,0.0,0,0,169
质心GChO,题-GChO-01-09-某母核为的芳香化合物的合成路.md,题干复读,0.0,0,0,173
质心GChO,题-GChO-02-01-11铜在隔绝空气的环境下可溶.md,无答案文件,,,,0
质心GChO,题-GChO-02-02-由100L的00500MCH.md,无答案文件,,,,0
质心GChO,题-GChO-02-03-考虑如下二氧化氮的二聚反应2.md,有答案,0.879,0,2,5298
质心GChO,题-GChO-02-04-自然界中某些细菌能利用其他物.md,无答案文件,,,,0
质心GChO,题-GChO-02-05-是常用的锂电池正极材料晶体结.md,有答案,0.555,0,0,1256
质心GChO,题-GChO-02-06-BuchwardHartwi.md,有答案,0.657,1,3,4500
质心GChO,题-GChO-02-07-圈出以下每组中较小的物质ab.md,无答案文件,,,,0
质心GChO,题-GChO-02-08-有机反应按机理可以分为三大类.md,有答案,0.329,0,1,1568
质心GChO,题-GChO-02-09-1850年天然产物X被从植物.md,有答案,0.597,1,3,3399
质心GChO,题-GChO-03-01-写出下列过程的反应方程式11.md,有答案,0.653,0,0,1042
质心GChO,题-GChO-03-02-天然气的主要成分为甲烷水合物.md,有答案,0.407,0,0,1807
质心GChO,题-GChO-03-03-元素X最初从金矿中分离在鼓风.md,有答案,0.527,0,0,1470
质心GChO,题-GChO-03-04-库伦分析法是建立在测量电解待.md,有答案,0.781,0,1,4234
质心GChO,题-GChO-03-05-某种碘化镉的晶体结构可描述为.md,有答案,0.73,0,0,1174
质心GChO,题-GChO-03-06-在某个恒压密闭容器中进行着如.md,有答案,0.807,0,1,2270
质心GChO,题-GChO-03-07-存在如下转化mathrmCH.md,有答案,1.0,0,0,140
质心GChO,题-GChO-03-08-二甲基砜DMSO是一种兼具低.md,有答案,1.0,0,0,140
质心GChO,题-GChO-03-09-2013年某课题组发展了一种.md,有答案,0.731,0,1,1729
质心GChO,题-GChO-04-01-11写出下列过程的反应方程式.md,有答案,1.0,0,1,1271
质心GChO,题-GChO-04-02-铂不溶于盐酸硫酸硝酸和碱溶液.md,有答案,1.0,1,1,1062
质心GChO,题-GChO-04-03-下文为某定量分析岩石组分的实.md,有答案,1.0,0,1,1393
质心GChO,题-GChO-04-04-41以下单体形成聚合物中哪些.md,有答案,1.0,0,1,235
质心GChO,题-GChO-04-05-绿柱石是自然界中最常见的铍矿.md,有答案,1.0,0,0,1015
质心GChO,题-GChO-04-06-某元素的电势图如下所示根据元.md,有答案,1.0,0,1,4140
质心GChO,题-GChO-04-07-71判断下列化合物是否存在旋.md,有答案,1.0,0,0,101
质心GChO,题-GChO-04-08-制备芳基锂试剂有如下三种ro.md,有答案,1.0,0,0,1214
质心GChO,题-GChO-04-09-以下合成过程为某天然产物合成.md,有答案,0.958,0,0,858
质心GChO,题-GChO-07-01-写出下列过程的反应方程式11.md,有答案,1.0,0,2,970
质心GChO,题-GChO-07-02-水煤气法是工业上制备的常用方.md,有答案,0.878,0,1,678
质心GChO,题-GChO-07-03-含X元素的某种矿石富集后在空.md,有答案,1.0,0,2,1461
质心GChO,题-GChO-07-04-已知Fe和Co元素在2981.md,有答案,0.962,0,2,3163
质心GChO,题-GChO-07-05-是一种氢的质量百分数较高的储.md,有答案,1.0,0,0,1182
质心GChO,题-GChO-07-06-水的化学需氧量chemica.md,有答案,1.0,0,2,1592
质心GChO,题-GChO-07-07-比较下列各组化合物的酸性由强.md,有答案,1.0,0,0,886
质心GChO,题-GChO-07-08-81下面两个反应是都能发生亦.md,有答案,1.0,0,2,1205
质心GChO,题-GChO-07-09-Salinosporamid.md,有答案,1.0,0,1,2178
质心GChO,题-GChO-08-01-11和反应制备乙硼烷12和N.md,有答案,0.725,0,1,1135
质心GChO,题-GChO-08-02-21As能形成多种硫化物包括.md,有答案,0.359,0,1,1846
质心GChO,题-GChO-08-03-ABCD四种化合物都是强电解.md,有答案,1.0,0,0,140
质心GChO,题-GChO-08-04-Mn是地壳含量第三高的过渡金.md,有答案,0.412,0,0,1009
质心GChO,题-GChO-08-05-BaMnO具有六方晶系结构为.md,有答案,0.8,0,0,1068
质心GChO,题-GChO-08-06-通过甲醇裂解制备是一种常用的.md,有答案,0.732,0,0,3177
质心GChO,题-GChO-08-07-用下列方法测定铜合金中Cu的.md,有答案,0.792,0,1,2792
质心GChO,题-GChO-08-08-81判断以下物质在室温下是否.md,有答案,0.925,0,0,1478
质心GChO,题-GChO-08-09-亚砜是有机化学中重要的官能团.md,有答案,0.466,0,1,898
质心GChO,题-GChO-08-10-Rocaglates是一族很.md,有答案,0.558,0,1,1546
质心GChO,题-GChO-09-01-11银器在空气中久置后会变黑.md,有答案,0.583,0,3,1062
质心GChO,题-GChO-09-02-假设实验均在室温标准压力下进.md,有答案,0.716,2,2,1771
质心GChO,题-GChO-09-03-假设实验均在室温标准压力下进.md,有答案,0.76,0,2,4177
质心GChO,题-GChO-09-04-Takai反应是约30年前T.md,有答案,0.541,0,1,2303
质心GChO,题-GChO-09-05-某100g铯榴石矿中含有15.md,无答案文件,,,,0
质心GChO,题-GChO-09-06-以下是本题需要用到的热力学数.md,有答案,0.832,0,1,3841
质心GChO,题-GChO-09-07-71富勒烯是第三种单质碳被发.md,有答案,0.643,0,1,3455
质心GChO,题-GChO-09-08-81一些过渡金属催化的反应或.md,无答案文件,,,,0
质心GChO,题-GChO-09-09-瘦睿在研究成环反应时发现对于.md,有答案,0.313,0,0,1569
质心GChO,题-GChO-09-10-烯烃的双官能团化是指断开烯烃.md,存疑,0.158,0,0,2861
质心GChO,题-GChO-10-01-写出下列过程的反应方程式11.md,有答案,0.45,0,1,573
质心GChO,题-GChO-10-02-21指出在分子中的键型并计算.md,有答案,0.813,0,2,2400
质心GChO,题-GChO-10-03-氟化银吡啶五氟化锑与反应以乙.md,无答案文件,,,,0
质心GChO,题-GChO-10-04-化合物A是具有对称性的三元化.md,有答案,0.73,0,1,1628
质心GChO,题-GChO-10-05-石墨在一定条件下可以转化为金.md,有答案,0.815,0,0,2951
质心GChO,题-GChO-10-06-已知的硫酸的二级电离常数为6.md,有答案,0.746,0,0,2281
质心GChO,题-GChO-10-07-稀有气体元素因为几乎不与任何.md,有答案,0.532,0,0,2166
质心GChO,题-GChO-10-08-81以下化合物具有异常强的碱.md,有答案,0.544,0,1,836
质心GChO,题-GChO-10-09-北京大学化学与分子工程学院罗.md,无答案文件,,,,0
质心GChO,题-GChO-10-10-重排反应是有机化学中很特殊的.md,有答案,0.742,0,0,1199
质心GChO,题-GChO-11-01-11单质Se在碱性溶液中有的.md,有答案,0.714,0,1,684
质心GChO,题-GChO-11-02-21根据路易斯酸碱电子论判断.md,有答案,0.43,0,0,1556
质心GChO,题-GChO-11-03-31化合物A为阴阳离子比例为.md,有答案,0.432,0,0,667
质心GChO,题-GChO-11-04-采用甲醛法测定某有机物中的N.md,有答案,0.725,0,0,2825
质心GChO,题-GChO-11-05-已知某气相反应可以在某密闭容.md,有答案,0.741,0,0,2681
质心GChO,题-GChO-11-06-是一种具有高迁移率的半导体是.md,有答案,0.654,0,2,2846
质心GChO,题-GChO-11-07-71完成反应注意立体化学12.md,无答案文件,,,,0
质心GChO,题-GChO-11-08-在有机化学中CC键或者CC键.md,无答案文件,,,,0
质心GChO,题-GChO-11-09-环张力一方面降低了分子的稳定.md,无答案文件,,,,0
质心GChO,题-GChO-12-01-11将气体通入沸腾的金属钠中.md,有答案,0.721,2,1,1453
质心GChO,题-GChO-12-02-氢气是一种新型能源具有高效绿.md,有答案,0.665,12,0,3348
质心GChO,题-GChO-12-03-31已知的计算水溶液的pH3.md,有答案,0.667,7,1,1539
质心GChO,题-GChO-12-04-X元素的单质是人类很早就提炼.md,有答案,0.563,0,1,1427
质心GChO,题-GChO-12-05-高温超导是近年来十分热门的一.md,有答案,0.476,7,0,1386
质心GChO,题-GChO-12-06-与大家所熟知的环糊精杯芳烃等.md,有答案,0.078,4,0,3977
质心GChO,题-GChO-12-07-71请选出下列3个化合物中碱.md,有答案,0.181,2,0,1150
质心GChO,题-GChO-12-08-如下是天然化合物Mitrep.md,有答案,0.638,0,0,655
质心GChO,题-GChO-12-09-硫氧双键广泛存在于亚砜砜以及.md,有答案,1.0,0,0,143
质心GChO,题-GChO-13-01-11CuS隔绝空气下可溶于无.md,有答案,0.829,1,3,2970
质心GChO,题-GChO-13-02-21判断下列说法的正T误Fa.md,有答案,0.835,3,3,4127
质心GChO,题-GChO-13-03-已知的的的31向硝酸亚汞溶液.md,无答案文件,,,,0
质心GChO,题-GChO-13-04-化合物A为常见主族元素组成的.md,有答案,0.869,0,3,3383
质心GChO,题-GChO-13-05-现有某混合物固体里面可能含有.md,无答案文件,,,,0
质心GChO,题-GChO-13-06-x61多面体之间如何连接62.md,有答案,0.783,1,1,2956
质心GChO,题-GChO-13-07-71将下列化合物中酸性由强到.md,无答案文件,,,,0
质心GChO,题-GChO-13-08-白介素1受体相关激酶4IRA.md,有答案,0.214,0,1,1861
质心GChO,题-GChO-13-09-碳上很难发生取代反应但是在适.md,存疑,0.097,0,0,2108
质心GChO,题-GChO-14-01-11表面活性剂辅助法是溶剂热.md,有答案,0.32,0,1,568
质心GChO,题-GChO-14-02-21元素X是自然界中含单电子.md,有答案,0.43,0,1,873
质心GChO,题-GChO-14-03-31使用聚合物进行肿瘤的治疗.md,有答案,0.87,1,2,1257
质心GChO,题-GChO-14-04-从某矿石中提取金属M首先将用.md,无答案文件,,,,0
质心GChO,题-GChO-14-05-工业上合成氨通常使用和在催化.md,有答案,0.988,1,1,2816
质心GChO,题-GChO-14-06-常规的锂离子电池是电池正极是.md,无答案文件,,,,0
质心GChO,题-GChO-14-07-灰灰的小弟拟用高锰酸钾法测定.md,有答案,0.407,0,0,874
质心GChO,题-GChO-14-08-81在有机合成中常常使用TM.md,有答案,0.622,0,1,1698
质心GChO,题-GChO-14-09-如下是一类潜在的治疗HIV1.md,有答案,0.884,0,1,844
质心GChO,题-GChO-14-10-多糖的合成是生化研究中一个重.md,无答案文件,,,,0
质心GChO,题-GChO-15-01-11利用的热分解制备一种无定.md,有答案,0.883,0,2,1338
质心GChO,题-GChO-15-02-21纯硫代硫酸长时间以来未曾.md,有答案,0.868,0,4,4368
质心GChO,题-GChO-15-03-氰法提金是现在最重要的化学提.md,无答案文件,,,,0
质心GChO,题-GChO-15-04-某小组希望测定混合溶液中与分.md,有答案,0.703,0,2,3084
质心GChO,题-GChO-15-05-化合物A在常温下稳定受热易分.md,有答案,0.591,0,2,1653
质心GChO,题-GChO-15-06-某二元化合物可以在相似的条件.md,有答案,0.585,0,0,1911
质心GChO,题-GChO-15-07-已知NO被氧气氧化的可能机理.md,有答案,0.685,0,2,3714
质心GChO,题-GChO-15-08-81将下列各组化合物按和HB.md,无答案文件,,,,0
质心GChO,题-GChO-15-09-如下是化合物Merochlo.md,无答案文件,,,,0
质心GChO,题-GChO-15-10-如下是一个用手性辅基实现的不.md,无答案文件,,,,0
质心GChO,题-GChO-16-01-11写出下列过程的反应方程式.md,有答案,0.847,0,2,2187
质心GChO,题-GChO-16-02-21气体X是一种常见的强氧化.md,有答案,0.742,0,2,1381
质心GChO,题-GChO-16-03-元素X常见于半导体材料中其单.md,有答案,0.936,0,2,3672
质心GChO,题-GChO-16-04-某二元弱酸的某一价金属M可与.md,无答案文件,,,,0
质心GChO,题-GChO-16-05-一种新型的钙钛矿型材料其结构.md,有答案,0.798,0,1,3070
质心GChO,题-GChO-16-06-已知如下两个转化一些可能会用.md,有答案,0.745,0,0,2707
质心GChO,题-GChO-16-07-71下列化合物不能发生取代反.md,有答案,0.351,0,0,307
质心GChO,题-GChO-16-08-如下是化合物Merochlo.md,无答案文件,,,,0
质心GChO,题-GChO-16-09-由于氮气的稳定性含有氮氮双键.md,有答案,0.246,0,3,1586
质心GChO,题-GChO-17-01-11写出下列过程的反应方程式.md,有答案,0.888,0,2,4074
质心GChO,题-GChO-17-02-21化合物与HCl溶液反应得.md,无答案文件,,,,0
质心GChO,题-GChO-17-03-元素abc属于同一副族电负性.md,有答案,0.462,0,3,1588
质心GChO,题-GChO-17-04-砷是一种常见的元素多数砷的化.md,有答案,0.518,0,2,2930
质心GChO,题-GChO-17-05-当一个材料中同时存在铁磁性和.md,有答案,0.516,0,1,1917
质心GChO,题-GChO-17-06-水蒸气蒸馏是分离有机物的常用.md,有答案,0.717,0,1,1871
质心GChO,题-GChO-17-07-在催化剂存在下将乙二酸与乙醇.md,有答案,0.964,0,1,3344
质心GChO,题-GChO-17-08-81选出下列各组化合物中酸性.md,有答案,0.979,2,1,2454
质心GChO,题-GChO-17-09-如下是化合物Waihoens.md,无答案文件,,,,0
质心GChO,题-GChO-17-10-重氮化合物是最重要的卡宾前体.md,有答案,0.693,0,2,2257
质心GChO,题-GChO-18-01-11写出下列过程的反应方程式.md,有答案,0.792,0,3,2231
质心GChO,题-GChO-18-02-同族金属XYZ均难溶于稀酸与.md,有答案,0.805,0,2,2075
质心GChO,题-GChO-18-03-蔗糖在酸催化的条件下可以水解.md,有答案,0.843,0,1,2739
质心GChO,题-GChO-18-04-簇合物A的骨架属于点群为四面.md,有答案,0.805,0,2,2291
质心GChO,题-GChO-18-05-某晶体A的化学式可以写作MX.md,无答案文件,,,,0
质心GChO,题-GChO-18-06-现拟采用定量分析方法欲测定H.md,有答案,0.747,0,0,1729
质心GChO,题-GChO-18-07-71判断下列化合物是否具有芳.md,有答案,0.948,0,1,1958
质心GChO,题-GChO-18-08-ent类胡萝卜素是一类结构丰.md,无答案文件,,,,0
质心GChO,题-GChO-18-09-由于芳香性的存在苯环的双键较.md,有答案,0.525,0,0,802
质心GChO,题-GChO-19-01-11写出下列过程的反应方程式.md,有答案,0.781,0,2,2107
质心GChO,题-GChO-19-02-将一定比例的钒粉末和硼粉末用.md,无答案文件,,,,0
质心GChO,题-GChO-19-03-银单质如果处于的气体氛围中可.md,有答案,0.655,0,1,2665
质心GChO,题-GChO-19-04-元素X的单质是一种常见的轻金.md,有答案,0.552,0,4,733
质心GChO,题-GChO-19-05-某种晶体含有BaTiOSi四.md,有答案,1.0,0,0,530
质心GChO,题-GChO-19-06-通过配位滴定测定某矿石中Ag.md,有答案,0.706,0,1,1696
质心GChO,题-GChO-19-07-硅是一种非常重要的元素在芯片.md,有答案,0.387,0,0,1181
质心GChO,题-GChO-19-08-81选出下列各组化合物中在D.md,题干复读,0.0,0,0,89
质心GChO,题-GChO-19-09-如下是ScabrolideA.md,有答案,0.958,0,1,959
质心GChO,题-GChO-19-10-联烯以其独特的反应性成为了近.md,无答案文件,,,,0
质心GChO,题-GChO-20-01-11写出下列过程的反应方程式.md,有答案,0.85,0,2,2043
质心GChO,题-GChO-20-02-硫醇胺混合溶剂价格低廉对二元.md,有答案,0.557,0,1,1463
质心GChO,题-GChO-20-03-某元素M的某重要同位素可以通.md,有答案,0.5,0,0,3642
质心GChO,题-GChO-20-04-过渡金属有机配合物是一类重要.md,有答案,0.53,0,2,1954
质心GChO,题-GChO-20-05-与水溶液体系类似在无水中也存.md,有答案,0.661,0,1,3837
质心GChO,题-GChO-20-06-3914某种稳定化合物的晶体.md,有答案,1.0,0,0,284
质心GChO,题-GChO-20-07-有机小分子催化是有机化学领域.md,有答案,0.389,0,0,1474
质心GChO,题-GChO-20-08-Anatoxin是一种由蓝藻.md,无答案文件,,,,0
质心GChO,题-GChO-20-09-不饱和羰基化合物是有机化学中.md,有答案,1.0,0,0,284
质心GChO,题-GChO-21-01-11写出下列过程的反应方程式.md,有答案,0.624,0,2,2224
质心GChO,题-GChO-21-02-21在10的中与会发生氧化还.md,有答案,0.805,1,2,4944
质心GChO,题-GChO-21-03-元素X是最后被发现的具有稳定.md,无答案文件,,,,0
质心GChO,题-GChO-21-04-在某体积可变的恒压密闭容器中.md,有答案,0.704,0,0,1789
质心GChO,题-GChO-21-05-通常高周期的元素难与第二周期.md,有答案,0.405,0,0,1457
质心GChO,题-GChO-21-06-现有化学式形如的配合物A阴离.md,有答案,0.744,0,2,1887
质心GChO,题-GChO-21-07-氢气是一种绿色高效的新型燃料.md,有答案,0.641,0,1,1307
质心GChO,题-GChO-21-08-81请从下面四组位置中每组选.md,有答案,0.971,0,2,7118
质心GChO,题-GChO-21-09-如下是化合物Spiroche.md,无答案文件,,,,0
质心GChO,题-GChO-21-10-已知如下转化101RhTPA.md,无答案文件,,,,0
质心GChO,题-GChO-22-01-11在NaOH水溶液中水解1.md,有答案,0.773,0,1,1401
质心GChO,题-GChO-22-02-电解的水溶液可以制备盐AA种.md,有答案,0.906,0,2,3564
质心GChO,题-GChO-22-03-将金属M的碳酸盐溶解在浓硝酸.md,无答案文件,,,,0
质心GChO,题-GChO-22-04-利用氧化还原反应测定在不同温.md,有答案,0.566,0,0,3823
质心GChO,题-GChO-22-05-通过铝矾土矿可以提取某种第四.md,有答案,0.658,0,2,1682
质心GChO,题-GChO-22-06-将氟化钾与氟化镁按照一定比例.md,有答案,0.759,0,0,1258
质心GChO,题-GChO-22-07-氯胺T的化学名称为三水合对甲.md,有答案,0.42,0,1,1091
质心GChO,题-GChO-22-08-81判断下列化合物是否具有光.md,有答案,0.417,0,0,997
质心GChO,题-GChO-22-09-ent类胡萝卜素是一类结构丰.md,有答案,0.966,1,2,3585
质心GChO,题-GChO-22-10-小环化合物由于具有环张力因此.md,无答案文件,,,,0
质心GChO,题-GChO-23-01-11在下与HBr反应用于制备.md,有答案,0.616,0,2,1257
质心GChO,题-GChO-23-02-液氨与水体系具有很多的相似性.md,有答案,0.8,0,3,1856
质心GChO,题-GChO-23-03-将方酸四乙基铵碱硫脲按照摩尔.md,有答案,0.454,0,0,1109
质心GChO,题-GChO-23-04-工业上常使用西门子法制备较纯.md,有答案,0.792,0,0,2565
质心GChO,题-GChO-23-05-萤石是一种十分常见的晶体结构.md,有答案,0.581,0,1,1092
质心GChO,题-GChO-23-06-苄醚氢醌是一种用于皮肤的药物.md,有答案,0.519,0,1,848
质心GChO,题-GChO-23-07-71化合物A极不稳定目前没有.md,有答案,0.539,0,1,2798
质心GChO,题-GChO-23-08-81判读下列化合物是否具有旋.md,有答案,0.372,0,0,775
质心GChO,题-GChO-23-09-如下是化合物Hypercal.md,有答案,0.99,1,1,4288
质心GChO,题-GChO-23-10-磷与氧的成键很强因此在有机化.md,无答案文件,,,,0
质心GChO,题-GChO-24-01-11在水溶液中歧化水解12在.md,有答案,0.43,1,1,1640
质心GChO,题-GChO-24-02-理论上氯可以形成七氟化物但以.md,有答案,0.568,0,2,1098
质心GChO,题-GChO-24-03-31在pH450的条件下将通.md,有答案,0.758,0,0,3251
质心GChO,题-GChO-24-04-工业上采用与S的反应制备二硫.md,有答案,0.409,0,0,1255
质心GChO,题-GChO-24-05-通过n反应中子捕获反应是制备.md,有答案,0.783,0,1,3552
质心GChO,题-GChO-24-06-含金属M的二氯化物A与KCN.md,有答案,0.416,0,2,909
质心GChO,题-GChO-24-07-汞可以以I与II的价态与多种.md,有答案,0.48,0,0,1776
质心GChO,题-GChO-24-08-请判断下列反应中涉及取代反应.md,有答案,0.464,0,0,547
质心GChO,题-GChO-24-09-如下是化合物Rubriflo.md,无答案文件,,,,0
质心GChO,题-GChO-24-10-亲电试剂和亲核试剂的交叉偶联.md,有答案,1.0,0,0,507
质心GChO,题-GChO-25-01-11硒代硫酸钠在稀盐酸中分解.md,有答案,0.86,0,2,1198
质心GChO,题-GChO-25-02-氟元素的化学十分丰富将全氟乙.md,有答案,0.61,0,1,998
质心GChO,题-GChO-25-03-通过甲醇的裂解制备是一种的大.md,有答案,0.699,0,2,4937
质心GChO,题-GChO-25-04-王粒老师希望采用同位素标记法.md,有答案,0.775,0,1,3212
质心GChO,题-GChO-25-05-磷可以形成多种不同的卤化物如.md,有答案,0.759,1,2,3400
质心GChO,题-GChO-25-06-某种晶体正当晶胞的正视图和侧.md,无答案文件,,,,0
质心GChO,题-GChO-25-07-71写出下列过程所经历的基元.md,存疑,0.193,0,0,662
质心GChO,题-GChO-25-08-蓖麻科植物中含有丰富的结构复.md,存疑,0.266,0,0,1747
质心GChO,题-GChO-25-09-可降解的高分子是高分子化学的.md,无答案文件,,,,0
质心GChO,题-GChO-26-01-11四氯化碳作为氯化试剂在C.md,有答案,0.726,1,1,1176
质心GChO,题-GChO-26-02-某金属M的氯化物可以在低温下.md,有答案,0.674,0,1,1884
质心GChO,题-GChO-26-03-工业合成氨反应的一大应用是制.md,有答案,0.74,2,1,3888
质心GChO,题-GChO-26-04-二元化合物A具有强烈的水解倾.md,有答案,1.0,0,0,240
质心GChO,题-GChO-26-05-现有一瓶粉末其中可能含有的一.md,有答案,0.792,0,2,4936
质心GChO,题-GChO-26-06-将有机物与过量的混合充分反应.md,有答案,0.641,0,1,960
质心GChO,题-GChO-26-07-已知某过渡金属氧化物X具有较.md,有答案,1.0,0,0,1609
质心GChO,题-GChO-26-08-81判断下列化合物是否具有旋.md,有答案,1.0,0,0,240
质心GChO,题-GChO-26-09-如下是化合物Rubriflo.md,无答案文件,,,,0
质心GChO,题-GChO-26-10-同样作为高张力的小环四元环的.md,无答案文件,,,,0
质心GChO,题-GChO-27-01-11分子轨道理论中原子轨道要.md,有答案,0.499,3,1,3068
质心GChO,题-GChO-27-02-现代原子结构理论指出原子核外.md,有答案,0.369,0,0,1083
质心GChO,题-GChO-27-03-众所周知蔡子星其实是一个化学.md,有答案,0.497,0,0,1110
质心GChO,题-GChO-27-04-除了Xe以外其他稀有气体都难.md,有答案,0.781,0,0,2722
质心GChO,题-GChO-27-05-元素X是生命必要的非金属元素.md,有答案,0.527,0,1,910
质心GChO,题-GChO-27-06-右图是明矾石的正当晶胞该晶体.md,有答案,0.749,0,1,1597
质心GChO,题-GChO-27-07-成环是每个化竞党学有机时都需.md,有答案,0.847,0,1,1072
质心GChO,题-GChO-27-08-内酰胺结构在药物分子中具有重.md,有答案,0.864,0,1,2739
质心GChO,题-GChO-27-09-已知硫亲电试剂可以和烯烃发生.md,有答案,1.0,0,0,143
质心GChO,题-GChO-28-01-11将1465g氧化物晶体A.md,有答案,0.727,0,1,1059
质心GChO,题-GChO-28-02-试画出中性配合物的所有几何异.md,有答案,0.506,0,0,1263
质心GChO,题-GChO-28-03-碘单质是一种紫黑色具有金属光.md,有答案,0.716,0,0,1391
质心GChO,题-GChO-28-04-41初始浓度为的对羟基苯甲酸.md,有答案,0.816,0,0,2154
质心GChO,题-GChO-28-05-51输铁蛋白是血液中的输送铁.md,有答案,0.639,11,0,5951
质心GChO,题-GChO-28-06-61今年有科学家利用如下的转.md,有答案,0.44,3,1,1864
质心GChO,题-GChO-28-07-71将下列各组化合物中酸性由.md,有答案,0.72,0,0,1420
质心GChO,题-GChO-28-08-重排反应是有机化学中的一个重.md,有答案,0.518,0,0,759
质心GChO,题-GChO-28-09-烯烃是双官能团化是烯烃重要的.md,有答案,0.615,0,1,3032
质心GChO,题-GChO-29-01-11向中依次加入KCN和肼的.md,有答案,0.808,0,4,2694
质心GChO,题-GChO-29-02-题.md,有答案,1.0,0,1,426
质心GChO,题-GChO-29-03-氮杂环卡宾NHC作为一种能够.md,有答案,0.657,0,1,1846
质心GChO,题-GChO-29-04-已知298K下的数据本题相关.md,有答案,0.726,0,1,3581
质心GChO,题-GChO-29-05-X是一种贵金属元素其单质A与.md,有答案,0.42,0,1,1107
质心GChO,题-GChO-29-06-通过溶胶凝胶法能够制备出正交.md,有答案,0.405,0,0,2020
质心GChO,题-GChO-29-07-71下列化合物按酸性由强到弱.md,存疑,0.106,0,0,512
质心GChO,题-GChO-29-08-2020年初赛考了如下反应在.md,有答案,0.587,0,3,1105
质心GChO,题-GChO-29-09-91画出AC的结构92画出C.md,无答案文件,,,,0
质心GChO,题-GChO-30-01-11写方程式111醋酸锰II.md,有答案,0.685,0,0,1764
质心GChO,题-GChO-30-02-主族金属自由基因其迷人的理化.md,有答案,0.207,0,1,1872
质心GChO,题-GChO-30-03-灰灰老师某天在实验室制得了一.md,有答案,0.664,0,3,2897
质心GChO,题-GChO-30-04-键能是一个正值其数值等于断开.md,有答案,0.649,0,0,3674
质心GChO,题-GChO-30-05-活性聚合是理想的高分子聚合反.md,有答案,0.498,0,0,1937
质心GChO,题-GChO-30-06-61将酸性由强到弱排序1AB.md,有答案,0.458,0,0,1805
质心GChO,题-GChO-30-07-文艺复兴写出AF的结构简式不.md,有答案,0.683,0,0,155
质心GChO,题-GChO-30-08-在有机化学中化合物的反应性主.md,存疑,0.143,0,0,1247
质心GChO,题-GChO-31-01-11在无氧条件下向和的混合溶.md,有答案,0.71,0,1,658
质心GChO,题-GChO-31-02-一种未知的一元酸只含有CHO.md,有答案,0.691,1,1,1389
质心GChO,题-GChO-31-03-金属X可溶于王水得到AA在的.md,有答案,0.706,0,0,2363
质心GChO,题-GChO-31-04-已知无水硫酸铜在高温下按以下.md,有答案,0.683,0,0,3756
质心GChO,题-GChO-31-05-如下是一个Fe配合物的合成路.md,有答案,0.396,2,0,800
质心GChO,题-GChO-31-06-叠氮化合物1在催化剂的作用下.md,有答案,0.649,2,1,792
质心GChO,题-GChO-31-07-71把下列各组化合物按酸性由.md,有答案,0.575,2,0,1097
质心GChO,题-GChO-31-08-由多个吡咯组成的共轭大环化合.md,有答案,0.263,3,0,1577
质心GChO,题-GChO-31-09-某简单有机化合物X的点群为含.md,有答案,1.0,0,0,140
质心GChO,题-GChO-32-01-11写方程式111在CoII.md,有答案,0.714,0,1,1302
质心GChO,题-GChO-32-02-某无色晶体A的水溶液呈酸性将.md,有答案,0.719,0,1,1619
质心GChO,题-GChO-32-03-烯烃是重要的聚合单体许多重要.md,有答案,0.36,1,0,1451
质心GChO,题-GChO-32-04-某种由CoZrF组成的晶体正.md,有答案,0.617,0,1,1289
质心GChO,题-GChO-32-05-将过量的氯气通入热浓碘化钾溶.md,有答案,0.935,1,2,4843
质心GChO,题-GChO-32-06-61现在高温下研究过量的熔融.md,无答案文件,,,,0
质心GChO,题-GChO-32-07-CONOCN都配位能力很强的.md,有答案,0.471,0,1,1330
质心GChO,题-GChO-32-08-自由基碳正离子碳负离子都是有.md,存疑,0.161,0,0,810
质心GChO,题-GChO-32-09-如下是一个利用Nazarov.md,有答案,0.373,0,0,1020
质心GChO,题-GChO-32-10-米氏酸以其超乎预料的酸性而为.md,存疑,0.283,0,0,614
质心GChO,题-GChO-33-01-11将打磨的铝片插入碳酸氢钠.md,有答案,0.73,0,2,626
质心GChO,题-GChO-33-02-天然气为四种低级烷烃的混合物.md,有答案,0.932,0,1,3607
质心GChO,题-GChO-33-03-2012年有科学家合成了一种.md,有答案,0.77,0,2,3441
质心GChO,题-GChO-33-04-环状烯烃单体的开环聚合是高分.md,有答案,0.504,0,1,1200
质心GChO,题-GChO-33-05-将12二氯乙烷迅速地加热至C.md,有答案,0.738,0,2,1950
质心GChO,题-GChO-33-06-氟硼烯BF为CO的等电子体在.md,有答案,0.444,0,2,1684
质心GChO,题-GChO-33-07-71将下列化合物按发生反应的.md,有答案,0.549,0,0,1306
质心GChO,题-GChO-33-08-已知一价金催化剂具有如下两个.md,有答案,0.496,0,2,1459
质心GChO,题-GChO-33-09-金属卡宾是重要的有机反应中间.md,有答案,0.537,0,0,1712
质心GChO,题-GChO-34-01-11近中性溶液中与按31反应.md,有答案,0.841,0,2,1673
质心GChO,题-GChO-34-02-在密封的安瓿瓶中加热挥发性物.md,有答案,0.929,0,2,3276
质心GChO,题-GChO-34-03-20世纪60年代一位科学家研.md,无答案文件,,,,0
质心GChO,题-GChO-34-04-下图为某含铜25左右的蓝色结.md,无答案文件,,,,0
质心GChO,题-GChO-34-05-气体分子可以依靠范德华力包藏.md,有答案,0.465,0,1,2261
质心GChO,题-GChO-34-06-盐A和盐B含有氧化态相同的元.md,有答案,0.829,0,1,1541
质心GChO,题-GChO-34-07-71下列化合物中哪些具有芳香.md,有答案,1.0,0,0,240
质心GChO,题-GChO-34-08-81画出下面反应的关键反应中.md,有答案,0.855,0,0,482
质心GChO,题-GChO-34-09-有机化学反应一般都是在溶剂中.md,无答案文件,,,,0
质心GChO,题-GChO-35-01-11和在KOH中共熔得到绿色.md,有答案,0.597,0,1,700
质心GChO,题-GChO-35-02-21将48394g常温下为固.md,有答案,0.737,0,2,2845
质心GChO,题-GChO-35-03-现拟利用某种含碳839的烃类.md,有答案,0.764,0,1,3719
质心GChO,题-GChO-35-04-合成可使用的橡胶主要分为两步.md,有答案,0.871,0,2,4211
质心GChO,题-GChO-35-05-如下是配合物B和D的合成路线.md,无答案文件,,,,0
质心GChO,题-GChO-35-06-下面是一种新型层状氧化铋铋材.md,有答案,0.328,0,0,1410
质心GChO,题-GChO-35-07-71将下列化合物按酸性由强到.md,有答案,0.402,0,1,1337
质心GChO,题-GChO-35-08-81标出产物内所有手性中心的.md,有答案,0.347,0,0,669
质心GChO,题-GChO-35-09-对于键的双官能团化是有机合成.md,有答案,0.629,0,2,2644
质心GChO,题-GChO-36-01-11与或作用均可得到同一种三.md,有答案,0.706,0,2,868
质心GChO,题-GChO-36-02-将某白色易溶于水的粉末X43.md,有答案,0.891,0,1,2524
质心GChO,题-GChO-36-03-31烯烃复分解经常用于聚合物.md,无答案文件,,,,0
质心GChO,题-GChO-36-04-元素X于18世纪末被首次发现.md,有答案,0.655,0,3,2271
质心GChO,题-GChO-36-05-金属有机骨架材料MetalO.md,有答案,0.937,0,1,4795
质心GChO,题-GChO-36-06-有人研究了苯甲醛B与巯基SM.md,无答案文件,,,,0
质心GChO,题-GChO-36-07-71下列中间体稳定性由高到低.md,有答案,1.0,0,0,461
质心GChO,题-GChO-36-08-过渡金属催化下氮氧化物和炔烃.md,存疑,0.249,0,0,2947
质心GChO,题-GChO-36-09-在有机化学中自由基是非常高活.md,存疑,0.132,0,0,1217
质心GChO,题-GChO-37-01-11向二氯化铅的盐酸溶液中通.md,有答案,0.573,0,3,951
质心GChO,题-GChO-37-02-元素X和Y可以以四面体或者八.md,有答案,0.908,0,1,3156
质心GChO,题-GChO-37-03-一个最简单的理想自由基聚合反.md,无答案文件,,,,0
质心GChO,题-GChO-37-04-配合物D是一个双核CuO配合.md,有答案,0.904,0,2,4293
质心GChO,题-GChO-37-05-量子点是一种具有半导体性质的.md,无答案文件,,,,0
质心GChO,题-GChO-37-06-粒粒老师将部分碘单质置于真空.md,有答案,0.596,0,3,2541
质心GChO,题-GChO-37-07-71下列化合物在乙醇中发生溶.md,有答案,0.892,1,1,2133
质心GChO,题-GChO-37-08-芳环的官能团化最常用的反应是.md,无答案文件,,,,0
质心GChO,题-GChO-37-09-烯烃的双官能团化是指断开烯烃.md,存疑,0.197,0,0,1312
质心GChO,题-GChO-38-01-11将浓的KCl溶液加入Ge.md,有答案,0.691,0,0,1327
质心GChO,题-GChO-38-02-21在臭氧处理烯烃时除了产生.md,有答案,0.546,0,2,910
质心GChO,题-GChO-38-03-粒粒老师有一天突然穿越到了一.md,有答案,0.731,0,0,3670
质心GChO,题-GChO-38-04-一般配位键都是含有孤对电子的.md,有答案,0.54,0,0,428
质心GChO,题-GChO-38-05-A是一种溶解度较大的盐由前三.md,有答案,0.895,0,1,1426
质心GChO,题-GChO-38-06-硼元素是一种非常有趣的元素其.md,有答案,0.631,2,1,1731
质心GChO,题-GChO-38-07-71下列中间体稳定性由高到低.md,无答案文件,,,,0
质心GChO,题-GChO-38-09-在有机合成方法学研究中设计的.md,存疑,0.051,0,0,231
质心GChO,题-GChO-39-01-111241g无色液体A含有.md,有答案,0.774,0,2,1348
质心GChO,题-GChO-39-02-某金属M的盐A在氮气保护下进.md,有答案,0.963,0,2,3413
质心GChO,题-GChO-39-03-31画出A和B的结构注意端基.md,无答案文件,,,,0
质心GChO,题-GChO-39-04-将固体物质A和某固体单质B于.md,有答案,0.832,0,3,6625
质心GChO,题-GChO-39-05-糖分子通常有若干个手性中心且.md,无答案文件,,,,0
质心GChO,题-GChO-39-06-61作为反应物的金属盐影响配.md,有答案,0.431,0,0,1307
质心GChO,题-GChO-39-07-71将下列化合物酸性由强到弱.md,无答案文件,,,,0
质心GChO,题-GChO-39-08-81画出下面反应的重要反应中.md,有答案,0.471,0,0,1125
质心GChO,题-GChO-39-09-累了不想编题干了就一句话传统.md,有答案,1.0,0,0,372
质心GChO,题-GChO-40-01-紫外线照射可得其二聚体绿色液.md,有答案,0.817,0,1,2397
质心GChO,题-GChO-40-02-将0613g某金属单质溶于发.md,有答案,0.94,0,3,8352
质心GChO,题-GChO-40-03-如下是可降解高分子C的合成路.md,无答案文件,,,,0
质心GChO,题-GChO-40-04-单核配合物A可以以如下的方法.md,无答案文件,,,,0
质心GChO,题-GChO-40-05-如图此为某CsO化合物沿着c.md,无答案文件,,,,0
质心GChO,题-GChO-40-06-61下列化合物在NaOH水溶.md,有答案,0.95,0,0,2517
质心GChO,题-GChO-40-07-如下反应是GCHO29考试的.md,无答案文件,,,,0
质心GChO,题-GChO-40-08-磷是有机化学的重要组成元素尤.md,有答案,0.717,0,0,685
质心GChO,题-GChO-41-01-11氯仿保存不当会生成有毒气.md,有答案,0.484,0,0,691
质心GChO,题-GChO-41-02-计算纯水中MnS的溶解度以及.md,有答案,0.592,0,1,1624
质心GChO,题-GChO-41-03-如下是聚合反应转化率和聚合度.md,有答案,0.661,0,0,606
质心GChO,题-GChO-41-04-提示解答本题不要耍什么花招老.md,有答案,0.474,0,3,2145
质心GChO,题-GChO-41-05-51REBH3THFRE表示.md,有答案,0.693,0,2,1685
质心GChO,题-GChO-41-06-LaCoSrO具有钙钛矿型结.md,有答案,0.482,0,0,647
质心GChO,题-GChO-41-07-71下列化合物在叔丁醇叔丁醇.md,有答案,0.629,0,0,1397
质心GChO,题-GChO-41-08-含硅基团是有机化学中重要的官.md,有答案,1.0,0,0,140
质心GChO,题-GChO-41-09-不饱和羰基化合物是有机化学中.md,有答案,0.827,0,1,1660
质心GChO,题-GChO-42-01-11将连四硫酸钠加入偏亚砷酸.md,有答案,0.724,0,2,1055
质心GChO,题-GChO-42-02-孙琦老师终于博士毕业啦在收拾.md,有答案,0.327,0,0,1053
质心GChO,题-GChO-42-03-某个在C时进行的催化反应过程.md,存疑,0.121,0,0,900
质心GChO,题-GChO-42-04-下图展示了某过渡元素X相关的.md,有答案,0.773,0,1,2709
质心GChO,题-GChO-42-05-所有的计算和实验都在298K.md,有答案,0.755,2,2,3299
质心GChO,题-GChO-42-06-有着独特的螺旋结构是平面单元.md,有答案,0.251,0,1,886
质心GChO,题-GChO-42-07-71将下列化合物按发生E2反.md,有答案,0.719,0,0,1128
质心GChO,题-GChO-42-08-电有机化学和光有机化学是有机.md,有答案,0.383,0,0,1342
质心GChO,题-GChO-42-09-环加成反应在有机合成中的应用.md,存疑,0.253,0,0,1147
质心GChO,题-GChO-43-01-将291g二水醋酸钙溶解在水.md,有答案,0.71,1,1,864
质心GChO,题-GChO-43-02-臭氧是一种有毒的气体其在空气.md,有答案,0.839,0,2,2500
质心GChO,题-GChO-43-03-31一般常见的聚合反应例如苯.md,有答案,0.948,0,3,2571
质心GChO,题-GChO-43-04-下在一个充满气体的绝热密闭容.md,无答案文件,,,,0
质心GChO,题-GChO-43-05-某种无机化合物A具有有趣的光.md,有答案,0.841,0,3,3337
质心GChO,题-GChO-43-06-室温下一种无色的固态二元化合.md,无答案文件,,,,0
质心GChO,题-GChO-43-07-71将如下位置按芳香亲电反应.md,有答案,0.844,0,0,2676
质心GChO,题-GChO-43-08-醛在氮杂环卡宾NHC催化下的.md,无答案文件,,,,0
质心GChO,题-GChO-43-09-在解答本题时建议在动笔以前先.md,有答案,1.0,0,0,372
质心GChO,题-GChO-44-01-11氰酸HOCN具有两种常见.md,有答案,0.727,0,2,872
质心GChO,题-GChO-44-02-把干冰碎成粉末后将其不断加入.md,有答案,0.732,0,2,1233
质心GChO,题-GChO-44-03-碱金属可以以负氧化态的形式存.md,有答案,0.643,0,1,2183
质心GChO,题-GChO-44-04-现有A1A5五种离子化合物它.md,有答案,0.471,0,2,1895
质心GChO,题-GChO-44-05-如图给出了某种晶体的晶胞示意.md,有答案,0.558,0,0,989
质心GChO,题-GChO-44-06-现有钡的硫酸盐碳酸盐亚硫酸盐.md,有答案,0.885,0,1,1146
质心GChO,题-GChO-44-07-现分析某种氯化物的组成将01.md,有答案,0.788,0,1,1529
质心GChO,题-GChO-44-08-81将如下位置按芳香亲电反应.md,有答案,0.935,0,1,2111
质心GChO,题-GChO-44-09-已知一价金催化剂具有如下两个.md,无答案文件,,,,0
质心GChO,题-GChO-44-10-碳碳键的形成是有机合成的两大.md,有答案,1.0,0,0,373
质心GChO,题-GChO-45-01-古代人们这样制备绿铜用浓氨水.md,有答案,0.839,0,1,876
质心GChO,题-GChO-45-02-现有某由C和H组成的未知有机.md,有答案,0.36,0,2,1531
质心GChO,题-GChO-45-03-物质AE受热分解均形成两种气.md,有答案,0.781,0,1,3590
质心GChO,题-GChO-45-04-高分子材料在医学中应用广泛常.md,无答案文件,,,,0
质心GChO,题-GChO-45-05-过渡金属钨的化学性质与主族元.md,有答案,0.833,0,2,2908
质心GChO,题-GChO-45-06-近二十年来人们制备了许多含二.md,无答案文件,,,,0
质心GChO,题-GChO-45-07-71请从下面四组位置中每组选.md,有答案,0.637,0,0,369
质心GChO,题-GChO-45-08-化合物1可以通过如下反应转化.md,有答案,1.0,0,0,372
质心GChO,题-GChO-45-09-如下是3个不同底物的相同反应.md,有答案,0.103,0,1,2398
质心GChO,题-GChO-46-01-11低温下可以氧化制备离子化.md,有答案,0.668,0,3,1258
质心GChO,题-GChO-46-02-现有七种未知溶液分别为水和N.md,有答案,0.923,0,2,2238
质心GChO,题-GChO-46-03-元素X和Z具有如下的转化在化.md,有答案,0.862,0,4,1413
质心GChO,题-GChO-46-04-右图是的晶胞结构示意图该晶胞.md,有答案,0.692,0,0,1846
质心GChO,题-GChO-46-05-20世纪初人们发现了一种只存.md,有答案,0.673,0,1,2107
质心GChO,题-GChO-46-06-氟硼烯BF为CO的等电子体在.md,有答案,0.483,0,1,1791
质心GChO,题-GChO-46-07-71根据前线轨道理论如下环加.md,无答案文件,,,,0
质心GChO,题-GChO-46-08-吲哚是重要的杂环化合物吲哚衍.md,有答案,0.972,0,1,12962
质心GChO,题-GChO-46-09-2020年二萜生物碱Lian.md,无答案文件,,,,0
质心GChO,题-GChO-47-01-11卤素原子具有较多的可失去.md,有答案,0.192,2,2,970
质心GChO,题-GChO-47-02-已知的为本题中温度均取298.md,有答案,0.713,8,1,2074
质心GChO,题-GChO-47-03-两种或多种聚合物链线性连在一.md,有答案,0.547,1,1,1669
质心GChO,题-GChO-47-04-绿柱石是铍铝硅酸盐一类的矿物.md,有答案,0.874,7,0,2045
质心GChO,题-GChO-47-05-一种红色的分子晶体A由两种前.md,无答案文件,,,,0
质心GChO,题-GChO-47-06-血蓝蛋白是一种含Cu的蛋白质.md,有答案,0.465,9,0,1767
质心GChO,题-GChO-47-07-71指出下列结构中酸性最强的.md,有答案,0.819,2,0,1355
质心GChO,题-GChO-47-08-吡啶由于其缺电子的性质无法通.md,有答案,0.716,0,1,1200
质心GChO,题-GChO-47-09-有机合成方法学是现代有机化学.md,有答案,0.52,0,0,2140
质心GChO,题-GChO-48-01-11硫与在液态中反应可以得到.md,有答案,0.759,0,1,864
质心GChO,题-GChO-48-02-石墨炔是一种新型的碳材料与石.md,有答案,1.0,0,0,140
质心GChO,题-GChO-48-03-某金属M在核工业中具有重要作.md,有答案,0.327,0,1,1308
质心GChO,题-GChO-48-04-具有光活性的分子药物可以通过.md,有答案,0.256,0,1,1071
质心GChO,题-GChO-48-05-某四方晶系的正当晶胞结构如下.md,有答案,0.791,2,1,1108
质心GChO,题-GChO-48-06-61回答下列与单质碘性质相关.md,有答案,0.887,2,2,3742
质心GChO,题-GChO-48-07-71下列单取代环己烷中基团处.md,有答案,0.819,0,0,515
质心GChO,题-GChO-48-08-如下是Schizozygan.md,有答案,0.955,0,1,2996
质心GChO,题-GChO-48-09-有机化学中很多研究成果起始于.md,无答案文件,,,,0
质心GChO,题-GChO-49-01-11利用磷灰石主要成分为磷酸.md,有答案,0.909,0,2,4051
质心GChO,题-GChO-49-02-我们在学习酸碱平衡的时候对于.md,无答案文件,,,,0
质心GChO,题-GChO-49-03-索烃的合成一直极具挑战性索烃.md,存疑,0.249,0,0,921
质心GChO,题-GChO-49-04-写出下列高分子反应中AF所表.md,有答案,0.594,0,0,684
质心GChO,题-GChO-49-05-由金属元素X和Y形成的二元金.md,有答案,0.739,0,2,1446
质心GChO,题-GChO-49-06-金属有机化合物的中心金属可以.md,有答案,0.955,0,3,8891
质心GChO,题-GChO-49-07-某非金属元素X的单质在与活泼.md,无答案文件,,,,0
质心GChO,题-GChO-49-08-2021年国初中考察了如下氮.md,无答案文件,,,,0
质心GChO,题-GChO-49-09-91911写出上述反应的5个.md,无答案文件,,,,0
质心GChO,题-GChO-49-10-高张力小环以其独特的反应性一.md,无答案文件,,,,0
质心GChO,题-GChO-50-01-11在的氢氟酸溶液中反应生成.md,有答案,0.752,0,1,1036
质心GChO,题-GChO-50-02-21与在液态中可以形成由和构.md,有答案,0.573,0,2,1843
质心GChO,题-GChO-50-03-已知如下气相反应可在适当条件.md,有答案,0.729,0,2,3448
质心GChO,题-GChO-50-04-化合物ABC具有类似的结构并.md,有答案,0.722,0,2,2647
质心GChO,题-GChO-50-05-51钾氩同位素法可用来测定地.md,有答案,0.698,0,1,3781
质心GChO,题-GChO-50-06-四方晶体的正当晶胞结构如图所.md,有答案,0.682,0,1,1201
质心GChO,题-GChO-50-07-阅读如下一段材料回答问题注摘.md,有答案,0.138,0,1,1842
质心GChO,题-GChO-50-08-化合物G是一个特殊的稠环化合.md,有答案,0.601,4,0,1806
质心GChO,题-GChO-50-09-如下是一个催化的由羧酸和胺直.md,有答案,0.475,0,1,1161
质心GChO,题-GChO-51-01-11羟胺毒性较强又不太稳定我.md,有答案,0.638,0,1,2235
质心GChO,题-GChO-51-02-一般而言我们认为配合物中配合.md,有答案,0.419,0,0,1137
质心GChO,题-GChO-51-03-31已知碳碳单键和碳碳双键的.md,有答案,0.545,0,0,1129
质心GChO,题-GChO-51-04-是一个典中典平衡本题居然又考.md,有答案,0.758,0,2,2717
质心GChO,题-GChO-51-05-已知的六方晶胞结构如右图所示.md,有答案,0.728,0,0,1859
质心GChO,题-GChO-51-06-盐A中含有金属元素Z质量分数.md,有答案,0.456,0,1,1473
质心GChO,题-GChO-51-07-金属酶在自然界中有着广泛的催.md,存疑,0.241,0,0,1185
质心GChO,题-GChO-51-08-81醇的氧化是一个非常重要的.md,有答案,0.337,0,0,843
质心GChO,题-GChO-51-09-如下是化合物Grayanot.md,有答案,0.556,0,0,1948
质心GChO,题-GChO-51-10-NHC是有机化学中重要的有机.md,存疑,0.299,0,0,1337
质心GChO,题-GChO-52-01-11凝聚态的中存在分离的正负.md,有答案,0.67,0,1,1351
质心GChO,题-GChO-52-02-21已知H原子的电离能为13.md,有答案,0.885,2,1,4076
质心GChO,题-GChO-52-03-31于297K向体积为105.md,无答案文件,,,,0
质心GChO,题-GChO-52-04-近日某研究团队发现了一种新型.md,有答案,0.2,0,1,2356
质心GChO,题-GChO-52-05-电解盐A的水溶液可以得到漂白.md,有答案,0.804,0,2,1836
质心GChO,题-GChO-52-06-自组装合成磁性材料一直是人们.md,有答案,1.0,0,0,140
质心GChO,题-GChO-52-07-71下列化合物碱性从强到弱排.md,有答案,0.464,0,0,877
质心GChO,题-GChO-52-08-如下是一个磺酰氟类化合物的合.md,有答案,1.0,0,0,141
质心GChO,题-GChO-52-09-本题可能会让助教想起曾经被9.md,有答案,0.584,0,0,1764
质心GChO,题-GChO-53-01-11高碘酸根和金属离子特别是.md,有答案,0.629,0,1,2383
质心GChO,题-GChO-53-02-21写出如下聚合产物的结构注.md,有答案,0.377,0,0,927
质心GChO,题-GChO-53-03-32将Ag作为电极插入31所.md,有答案,0.919,0,1,3922
质心GChO,题-GChO-53-04-41A是含有金属M的简单盐类.md,有答案,0.67,0,2,2781
质心GChO,题-GChO-53-05-为了寻找更多的潜在电池材料科.md,有答案,0.576,0,0,1863
质心GChO,题-GChO-53-06-联吡啶和23二羟基对苯二甲酸.md,有答案,0.401,0,1,1256
质心GChO,题-GChO-53-07-71判断下列分子是否具有手性.md,有答案,0.873,0,1,897
质心GChO,题-GChO-53-08-含有氢的卤代酮经过碱性条件下.md,有答案,1.0,0,0,143
质心GChO,题-GChO-53-09-碳碳键的形成反应是有机化学的.md,存疑,0.133,0,0,772
质心GChO,题-GChO-54-01-11Pb单质在很多稀冷的非氧.md,有答案,0.74,0,3,2204
质心GChO,题-GChO-54-02-21请写出在晶体场中的d电子.md,有答案,1.0,0,0,551
质心GChO,题-GChO-54-03-萤石型结构是一种典型的型的结.md,有答案,0.546,0,2,2537
质心GChO,题-GChO-54-04-X元素的单质是一种银白色软金.md,有答案,0.601,0,2,822
质心GChO,题-GChO-54-05-自旋交叉材料是一种典型的分子.md,有答案,0.8,0,1,3639
质心GChO,题-GChO-54-06-很多难溶化合物在溶液体系中的.md,无答案文件,,,,0
质心GChO,题-GChO-54-07-71比较下列底物在乙醇中溶剂.md,无答案文件,,,,0
质心GChO,题-GChO-54-08-缺电子杂环上的取代反应一直是.md,有答案,0.76,0,0,1292
质心GChO,题-GChO-54-09-如下是化合物Gukuleni.md,无答案文件,,,,0
质心GChO,题-GChO-55-01-11升汞溶液与硫代硫酸钠可以.md,有答案,0.905,0,3,4982
质心GChO,题-GChO-55-02-下面的聚合反应会得到一种含有.md,有答案,0.991,0,2,5669
质心GChO,题-GChO-55-03-储备电池是电化学电池它可以储.md,无答案文件,,,,0
质心GChO,题-GChO-55-04-224L处于C和101325.md,无答案文件,,,,0
质心GChO,题-GChO-55-05-一直以来磁性材料都是化学家们.md,有答案,0.736,0,2,2616
质心GChO,题-GChO-55-06-氧二乙酸是以醚氧原子为对称中.md,无答案文件,,,,0
质心GChO,题-GChO-55-07-芳香亲核取代是有机化学中重要.md,有答案,1.0,0,0,461
质心GChO,题-GChO-55-08-说起三元环的合成人们最先想到.md,有答案,1.0,0,0,461
质心GChO,题-GChO-55-09-在有机化学中含磷化合物通常被.md,有答案,1.0,0,0,461
质心GChO,题-GChO-56-01-11黄铁矿在较浓的碳酸盐溶液.md,有答案,0.764,0,2,1227
质心GChO,题-GChO-56-02-温室效应是目前越来越多人正在.md,有答案,0.819,0,3,5351
质心GChO,题-GChO-56-03-甲烷资源丰富碳氢比高是良好的.md,无答案文件,,,,0
质心GChO,题-GChO-56-04-金属M广泛被应用于冶金将它作.md,有答案,0.44,0,2,3955
质心GChO,题-GChO-56-05-有机Al配合物通常可以用于内.md,有答案,1.0,0,0,506
质心GChO,题-GChO-56-06-下面给出了某含O四方晶体晶胞.md,有答案,0.428,0,1,1525
质心GChO,题-GChO-56-07-71判断下列分子是否具有芳香.md,存疑,0.256,0,0,269
质心GChO,题-GChO-56-08-如下是某个没啥用的分子her.md,无答案文件,,,,0
质心GChO,题-GChO-56-09-苯环作为可以大量获得的化工原.md,有答案,0.473,0,1,1532
质心GChO,题-GChO-57-01-11向氯金酸的溶液中加入甘汞.md,有答案,0.659,0,0,1974
质心GChO,题-GChO-57-02-可以催化环丁内酯的开环聚合2.md,无答案文件,,,,0
质心GChO,题-GChO-57-03-元素X的单质可以直接和氧气化.md,有答案,0.89,0,2,4830
质心GChO,题-GChO-57-04-传统常见的灭火器有两种一种是.md,有答案,0.382,0,0,2604
质心GChO,题-GChO-57-05-冰晶石的某种结构是立方晶系其.md,有答案,0.539,0,1,2411
质心GChO,题-GChO-57-06-金属硫属化合物材料在离子导电.md,有答案,0.436,0,1,1494
质心GChO,题-GChO-57-07-71下列化合物酸性由强到弱排.md,无答案文件,,,,0
质心GChO,题-GChO-57-08-如下是一个利用芳香亲核取代反.md,有答案,0.486,0,1,1095
质心GChO,题-GChO-57-09-硫叶立德是重要的有机化学反应.md,无答案文件,,,,0
质心GChO,题-GChO-58-01-11将等物质的量的草酸钙和碘.md,有答案,0.517,0,1,1005
质心GChO,题-GChO-58-02-磷含量分析是钢铁和矿石分析的.md,有答案,0.546,1,0,3692
质心GChO,题-GChO-58-03-地温计用于测定岩石形成的温度.md,有答案,0.618,0,0,6105
质心GChO,题-GChO-58-04-单质A可以与氧气化合得到B与.md,无答案文件,,,,0
质心GChO,题-GChO-58-05-下图是的正当晶胞结构请仔细观.md,有答案,0.936,1,1,4832
质心GChO,题-GChO-58-06-配合物结构中配体的结构通常会.md,无答案文件,,,,0
质心GChO,题-GChO-58-07-71将下列羧酸衍生物碱性条件.md,无答案文件,,,,0
质心GChO,题-GChO-58-08-基于对吡啶性质的兴趣和吡啶在.md,无答案文件,,,,0
质心GChO,题-GChO-58-09-如下是Euphorikani.md,无答案文件,,,,0
质心GChO,题-GChO-59-01-11直接利用金属和叠氮酸的反.md,有答案,0.753,0,2,1410
质心GChO,题-GChO-59-02-21液体A和B形成的溶液可认.md,有答案,0.665,5,0,3823
质心GChO,题-GChO-59-03-热重分析是一种常见的确定固体.md,有答案,0.801,6,1,4407
质心GChO,题-GChO-59-04-已知A可以和NaOH溶液作用.md,有答案,0.642,0,1,1300
质心GChO,题-GChO-59-05-在研究晶体结构时我们往往会将.md,有答案,0.615,0,1,1571
质心GChO,题-GChO-59-06-脒基和氮杂烯丙基被认为是有可.md,有答案,1.0,0,0,284
质心GChO,题-GChO-59-07-71下列化合物与顺丁烯二酸酐.md,有答案,0.587,0,0,705
质心GChO,题-GChO-59-08-HCl是有机化学反应中重要的.md,有答案,0.359,0,0,1743
质心GChO,题-GChO-59-09-小环分子因为具有较大的张力因.md,有答案,0.765,5,1,2722
质心GChO,题-GChO-60-01-11AgO在碱性条件下与作用.md,有答案,0.675,0,2,1875
质心GChO,题-GChO-60-02-21纯净的硼砂是一种基准试剂.md,有答案,0.614,0,1,2059
质心GChO,题-GChO-60-03-金属羰基氢化物能够有效促进氢.md,有答案,1.0,0,0,140
质心GChO,题-GChO-60-04-对于结构复杂到让我们一眼看上.md,有答案,0.233,0,1,915
质心GChO,题-GChO-60-05-现有50mL电解液水溶液阴极.md,有答案,0.645,0,2,2389
质心GChO,题-GChO-60-06-内酯的开环聚合通常可以在催化.md,有答案,0.45,1,0,1723
质心GChO,题-GChO-60-07-71对于如下平衡对于不同的R.md,有答案,0.494,0,1,1381
质心GChO,题-GChO-60-08-苯环上CH键的转化一直是有机.md,存疑,0.144,0,0,1176
质心GChO,题-GChO-60-09-2021年美国芝加哥大学的M.md,有答案,0.683,0,1,2424
质心GChO,题-GChO-61-01-11利用热的次磷酸盐酸体系还.md,有答案,0.757,0,1,1287
质心GChO,题-GChO-61-02-下表显示了六种天然氨基酸的各.md,有答案,0.526,0,0,1648
质心GChO,题-GChO-61-03-硫化物A具有层形结构可用作锂.md,有答案,0.432,0,0,694
质心GChO,题-GChO-61-04-甲烷的水蒸气重整反应已经考烂.md,有答案,0.51,0,0,4352
质心GChO,题-GChO-61-05-51下图是某过渡金属X的氧化.md,有答案,0.581,0,1,3103
质心GChO,题-GChO-61-06-二茂铁Fc及其氧化态的氧化还.md,有答案,0.501,0,1,5534
质心GChO,题-GChO-61-07-71将下列化合物按取代基处于.md,有答案,0.787,0,0,2056
质心GChO,题-GChO-61-08-一般的基于全合成的推断题目由.md,有答案,0.517,0,0,2415
质心GChO,题-GChO-61-09-如下是一个特殊的加成反应在加.md,存疑,0.27,0,0,757
质心GChO,题-GChO-62-01-11将置于苏打溶液中并在空气.md,有答案,0.738,0,1,1409
质心GChO,题-GChO-62-02-21二茂铁及其十甲基衍生物已.md,有答案,0.437,0,0,2044
质心GChO,题-GChO-62-03-在本题中可以考虑反应的焓变和.md,有答案,0.586,0,0,2320
质心GChO,题-GChO-62-04-二元化合物A为黑色晶体是一种.md,有答案,0.507,1,1,682
质心GChO,题-GChO-62-05-下图是某物质六方正当晶胞的示.md,有答案,0.65,0,1,1849
质心GChO,题-GChO-62-06-将二水合邻苯二甲酸氢铜II晶.md,有答案,0.787,0,1,2739
质心GChO,题-GChO-62-07-71左旋多巴是治疗帕金森的核.md,存疑,0.183,0,0,1136
质心GChO,题-GChO-62-08-酯化反应是最经典的化学反应之.md,有答案,0.485,0,1,1285
质心GChO,题-GChO-62-09-烯烃的双官能团化是一类效率很.md,存疑,0.292,0,0,2014
质心GChO,题-GChO-63-01-11硒酸与氯化肼反应得到两种.md,有答案,0.694,0,2,1142
质心GChO,题-GChO-63-02-3羟基2丁酮与可以发生非氧化.md,有答案,0.41,0,0,494
质心GChO,题-GChO-63-03-在本题中可以考虑反应的焓变和.md,有答案,0.824,0,1,5402
质心GChO,题-GChO-63-04-Mn是一种银灰色的过渡金属脆.md,有答案,1.0,0,0,551
质心GChO,题-GChO-63-05-最近韩国科学家宣称合成出了一.md,有答案,1.0,0,0,551
质心GChO,题-GChO-63-06-如下是一个由Rh催化完成的反.md,无答案文件,,,,0
质心GChO,题-GChO-63-07-如下的转化在Lewis酸的催.md,有答案,1.0,0,0,551
质心GChO,题-GChO-63-08-重氮化合物以其丰富而独特的反.md,有答案,1.0,0,0,551
质心GChO,题-GChO-63-09-由于环张力的存在小环化合物一.md,有答案,1.0,0,0,551
质心GChO,题-GChO-64-01-11与发生非氧化还原反应产物.md,有答案,0.644,0,1,1637
质心GChO,题-GChO-64-02-本题可能用到的平衡常数数据m.md,有答案,0.604,0,1,2782
质心GChO,题-GChO-64-03-X是一种常见的金属元素虽然其.md,有答案,0.457,0,2,1227
质心GChO,题-GChO-64-04-锰在自然界中有若干种锰氧化物.md,有答案,0.667,0,3,4680
质心GChO,题-GChO-64-05-下图是某三元化合物的正当四方.md,有答案,0.599,0,0,1472
质心GChO,题-GChO-64-06-稀土金属硼氧化物不仅稀有且具.md,有答案,1.0,0,0,596
质心GChO,题-GChO-64-07-如下的转化经历了若干次开环关.md,有答案,0.867,0,1,2359
质心GChO,题-GChO-64-08-由于环张力的存在小环化合物的.md,无答案文件,,,,0
质心GChO,题-GChO-64-09-有机化学是无穷无尽的总会有新.md,有答案,0.461,0,0,1258
质心GChO,题-GChO-65-01-氮是一种颇有特色的元素尽管其.md,有答案,0.696,0,3,803
质心GChO,题-GChO-65-02-21由复分解反应制备过渡金属.md,有答案,0.626,0,1,1550
质心GChO,题-GChO-65-03-氦曾被普遍认为是没有化合物的.md,有答案,0.587,0,2,1824
质心GChO,题-GChO-65-04-A是一种亮黄色有刺激性臭味的.md,有答案,0.375,0,1,827
质心GChO,题-GChO-65-05-氮元素的固定一直是无机化学领.md,有答案,0.167,0,1,428
质心GChO,题-GChO-65-06-右图是由Cu和Ag组成的复合.md,有答案,0.087,0,1,1170
质心GChO,题-GChO-65-07-现有如下的转化textMeO.md,有答案,0.055,0,1,856
质心GChO,题-GChO-65-08-结构决定性质是化学反应的基本.md,有答案,0.923,0,1,828
质心GChO,题-GChO-65-09-如下是一个过渡金属催化的奇特.md,无答案文件,,,,0
质心GChO,题-GChO-66-01-11不对称二甲基肼与四氧化二.md,有答案,0.816,0,2,1236
质心GChO,题-GChO-66-02-下面的反应都是能够生成PP键.md,有答案,0.518,0,1,1819
质心GChO,题-GChO-66-03-31在一真空恒容容器中加热固.md,有答案,0.789,0,3,2095
质心GChO,题-GChO-66-04-A为一无色液体将A的蒸气与水.md,有答案,0.299,0,1,869
质心GChO,题-GChO-66-05-除碳以外其他p区元素之间的多.md,有答案,1.0,0,0,140
质心GChO,题-GChO-66-06-一般来说对于某种晶体的研究并.md,有答案,0.463,0,1,1611
质心GChO,题-GChO-66-07-如下是一个过渡金属催化的合成.md,有答案,1.0,0,0,141
质心GChO,题-GChO-66-08-由于芳香性这个护身符的存在苯.md,有答案,1.0,0,0,143
质心GChO,题-GChO-68-01-11实验室制备XPCl与草酸.md,有答案,0.618,0,1,1545
质心GChO,题-GChO-68-02-奥林匹克圣火是奥运会期间在主.md,有答案,0.5,0,1,3145
质心GChO,题-GChO-68-03-31将4g重铬酸钾和12g二.md,有答案,0.41,0,2,1511
质心GChO,题-GChO-68-04-41是一种自然界中丰富存在的.md,有答案,1.0,0,0,506
质心GChO,题-GChO-68-05-全氮类物质因具有高密度高生成.md,有答案,0.355,0,1,1509
质心GChO,题-GChO-68-06-金属元素X在常温下的单质为六.md,有答案,0.333,0,0,1213
质心GChO,题-GChO-68-07-欲知铅铋合金中铅和铋的含量可.md,有答案,0.603,0,0,1504
质心GChO,题-GChO-68-09-由于芳香性的存在芳环的合成是.md,有答案,0.461,0,0,809
质心GChO,题-GChO-68-10-如下是一个形式上的sigma.md,题干复读,0.0,0,0,92
质心GChO,题-GChO-69-01-11茂基配体用于合成新颖的主.md,有答案,0.3,0,1,1699
质心GChO,题-GChO-69-02-212016年首次报道了亚乙.md,有答案,0.446,0,1,1025
质心GChO,题-GChO-69-03-31叠氮化钠作为一种常用的化.md,有答案,0.467,0,3,1883
质心GChO,题-GChO-69-04-近年来CuFe等作为水催化氧.md,有答案,0.267,0,1,1949
质心GChO,题-GChO-69-05-51在新近高温高压下制备的氮.md,有答案,0.325,0,0,2946
质心GChO,题-GChO-69-06-三氧化硫是工业制取硫酸的重要.md,有答案,0.562,0,1,2043
质心GChO,题-GChO-69-07-71以下三个化合物具有类似的.md,有答案,1.0,0,0,141
质心GChO,题-GChO-69-08-苯炔和含B化合物都具有丰富的.md,有答案,1.0,0,0,143
质心GChO,题-GChO-69-09-分子骨架编辑Skeletal.md,有答案,1.0,0,0,98
质心GChO,题-GChO-70-01-XYZ三种物质具有类似的结构.md,有答案,0.567,0,2,1762
质心GChO,题-GChO-70-02-将钠盐X配制成200g质量分.md,有答案,0.619,0,1,1407
质心GChO,题-GChO-70-03-一般来说固体的蒸气压是很难测.md,有答案,0.657,0,1,1976
质心GChO,题-GChO-70-04-金属M被广泛地应用于冶金中工.md,有答案,0.749,0,2,2766
质心GChO,题-GChO-70-05-在分子机器领域有两类分子体系.md,有答案,0.268,0,1,3620
质心GChO,题-GChO-70-06-基于经典的Lewis酸碱理论.md,有答案,1.0,0,0,506
质心GChO,题-GChO-70-08-近年来由于在生物医学方面的显.md,有答案,1.0,0,0,506
质心GChO,题-GChO-70-09-首先我们来学习一个简单的反应.md,有答案,1.0,0,0,506
质心GChO,题-GChO-71-01-A是人类发现最晚的天然元素也.md,有答案,0.741,0,2,1270
质心GChO,题-GChO-71-02-21的NMR谱图核磁共振氢谱.md,有答案,0.294,0,1,1935
质心GChO,题-GChO-71-03-31在聚酯化反应体系中残留水.md,有答案,1.0,0,0,140
质心GChO,题-GChO-71-04-本题中出现的缩写THF四氢呋.md,有答案,0.319,0,0,1294
质心GChO,题-GChO-71-05-本题可能用到的公式及常数单个.md,有答案,0.477,0,0,2305
质心GChO,题-GChO-71-06-61石墨晶体具有三方石墨和六.md,有答案,0.306,0,0,2185
质心GChO,题-GChO-71-07-有机合成涉及到多方面的立体选.md,有答案,0.387,0,0,1174
质心GChO,题-GChO-71-08-81推出HK的结构注意立体化.md,无答案文件,,,,0
质心GChO,题-GChO-71-09-本题涉及的是一个14二羰基化.md,存疑,0.125,0,0,1038
质心GChO,题-GChO-72-01-11请给出A和B的结构并给出.md,有答案,0.383,0,0,847
质心GChO,题-GChO-72-02-以下给出含有过渡金属元素X的.md,有答案,0.762,0,1,4835
质心GChO,题-GChO-72-03-31亚硫酰氯和叠氮化钠在30.md,无答案文件,,,,0
质心GChO,题-GChO-72-04-41元素A和元素B的电负性分.md,有答案,0.65,0,1,1928
质心GChO,题-GChO-72-05-具有n个碳原子的富勒烯表面有.md,有答案,0.796,0,0,4316
质心GChO,题-GChO-72-06-61串联质谱MS技术为测定多.md,有答案,0.304,0,1,1426
质心GChO,题-GChO-72-07-71在含有共轭体系的螺环化合.md,有答案,0.488,0,0,1624
质心GChO,题-GChO-72-08-双键具有丰富的反应性是有机化.md,存疑,0.146,0,0,301
质心GChO,题-GChO-72-09-重排反应是有机反应中很神奇的.md,有答案,0.504,0,1,1065
质心GChO,题-GChO-73-01-11是最重要的硫氮二元化合物.md,有答案,0.485,0,1,2642
质心GChO,题-GChO-73-02-21共聚高分子是由两种不同的.md,有答案,0.552,0,0,5221
质心GChO,题-GChO-73-03-近年来具有优良光致发光和发光.md,有答案,0.406,0,1,3712
质心GChO,题-GChO-73-04-酰胺A能够形成分子内氢键如图.md,有答案,0.674,0,1,2416
质心GChO,题-GChO-73-05-51硅酸盐的基本结构是硅氧四.md,有答案,0.389,0,0,3989
质心GChO,题-GChO-73-06-61某课题组于2019年合成.md,有答案,0.302,0,0,1289
质心GChO,题-GChO-73-07-71在单取代环己烷中直键取代.md,存疑,0.267,0,0,3226
质心GChO,题-GChO-73-08-分子骨架编辑技术是直接在分子.md,有答案,1.0,0,0,140
质心GChO,题-GChO-73-09-总有一些学习化竞的同学对力量.md,存疑,0.287,0,0,822
质心GChO,题-GChO-74-01-11众所周知碳纳米管表面是疏.md,有答案,0.522,0,1,2855
质心GChO,题-GChO-74-02-一些电负性相对较高的富电子过.md,有答案,0.672,0,2,3631
质心GChO,题-GChO-74-03-锂离子电池的发现及其应用可谓.md,有答案,0.601,0,1,4221
质心GChO,题-GChO-74-04-涉及过渡金属的晶体通常会有意.md,有答案,0.555,0,0,2230
质心GChO,题-GChO-74-05-51A是的一种重要的氧化物其.md,有答案,0.644,0,1,3686
质心GChO,题-GChO-74-06-今年中山大学化学学院胡鹏教授.md,有答案,1.0,0,0,143
质心GChO,题-GChO-74-07-71溶剂解反应711比较如下.md,有答案,0.482,0,1,1430
质心GChO,题-GChO-74-08-选择性是有机化学反应的一大特.md,有答案,0.333,0,0,925
质心GChO,题-GChO-74-09-三元环因为具有较大的环张力而.md,有答案,1.0,0,0,140
质心GChO,题-GChO-76-01-现有一种纯净的白色固体X其由.md,有答案,0.529,0,2,1680
质心GChO,题-GChO-76-02-氰基乙烯酮负离子在之前只存在.md,有答案,0.153,0,2,927
质心GChO,题-GChO-76-03-为解决氯碱工业中的老大难问题.md,有答案,0.0,0,1,510
质心GChO,题-GChO-76-04-41把一个体积为10547L.md,有答案,0.75,0,2,2947
质心GChO,题-GChO-76-05-52如下为配合物APh的合成.md,有答案,0.612,0,2,1662
质心GChO,题-GChO-76-06-关于季铵盐和季膦盐的晶体结构.md,有答案,0.585,0,1,2503
质心GChO,题-GChO-76-07-71对下列氨基酸的等电点从大.md,有答案,0.712,0,1,472
质心GChO,题-GChO-76-08-如图是一个烯烃的双官能团化反.md,有答案,0.902,0,1,1287
质心GChO,题-GChO-76-09-有机化学的魅力之一在于它有无.md,有答案,0.644,0,0,3261
质心GChO,题-GChO-77-01-11高铼酸钾与KOH共热可以.md,有答案,0.552,0,2,3611
质心GChO,题-GChO-77-02-21TMEDATMEDANN.md,有答案,0.422,0,0,1187
质心GChO,题-GChO-77-03-在20世纪初期人们发现了玻璃.md,有答案,0.504,0,1,3249
质心GChO,题-GChO-77-04-如下是某二元化合物的立方晶胞.md,存疑,0.26,0,0,1471
质心GChO,题-GChO-77-05-512022年有人报道了一系.md,有答案,0.448,0,1,2312
质心GChO,题-GChO-77-06-有机反应的机理常常是十分有趣.md,有答案,1.0,0,0,141
质心GChO,题-GChO-77-07-三氟甲基等含氟基团以其独特的.md,有答案,0.1,0,1,1418
质心GChO,题-GChO-77-08-在众多杂环化合物中13二杂原.md,有答案,1.0,0,0,143
质心GChO,题-GChO-78-01-11等电点是一个分子不携带净.md,有答案,1.0,0,0,140
质心GChO,题-GChO-78-02-天然和合成聚合物在日常生活和.md,有答案,0.665,0,2,814
质心GChO,题-GChO-78-03-一种包含部分的配合物在绿色植.md,有答案,0.738,0,1,3675
质心GChO,题-GChO-78-04-一种新型含UNTe元素的三元.md,有答案,0.399,0,0,1412
质心GChO,题-GChO-78-05-MeerweinPonndo.md,有答案,0.376,0,1,1865
质心GChO,题-GChO-78-06-同组元素会具有相似的化学性质.md,有答案,1.0,0,0,140
质心GChO,题-GChO-78-07-71下列每组物质之间的关系是.md,有答案,0.679,0,1,503
质心GChO,题-GChO-78-08-有如下一个不对称合成反应在手.md,存疑,0.277,0,0,463
质心GChO,题-GChO-78-09-如下是一个氨基酸位的反应注意.md,有答案,0.633,0,1,1848
质心GChO,题-GChO-79-01-苯的等电子体无机苯已在多年前.md,有答案,1.0,0,0,140
质心GChO,题-GChO-79-02-年轻的化学家小王正在检查当地.md,有答案,0.552,0,1,2626
质心GChO,题-GChO-79-03-在1879年瑞典化学家拉尔斯.md,有答案,0.513,0,2,1249
质心GChO,题-GChO-79-04-下图为某含有PSRbPd四种.md,有答案,0.886,0,2,4364
质心GChO,题-GChO-79-05-51三甲苯的三种异构体可以互.md,无答案文件,,,,0
质心GChO,题-GChO-79-06-亚铁离子可以与110菲罗啉P.md,存疑,0.181,0,0,2412
质心GChO,题-GChO-79-07-71烯烃A在下述转化下得到了.md,有答案,1.0,0,0,141
质心GChO,题-GChO-79-08-烯胺的化学是有机合成反应基石.md,有答案,0.463,0,0,990
质心GChO,题-GChO-79-09-由于位阻的存在4级碳的合成始.md,有答案,1.0,0,0,141
质心GChO,题-GChO-80-01-11东汉周易参同契中记载胡粉.md,有答案,0.549,19,1,2734
质心GChO,题-GChO-80-02-和都是工业中常用的强氧化剂利.md,有答案,0.593,5,2,2596
质心GChO,题-GChO-80-03-31键长是决定分子构型的基本.md,有答案,0.335,5,0,3680
质心GChO,题-GChO-80-04-41二维材料呈现出丰富的晶体.md,有答案,0.508,14,1,3663
质心GChO,题-GChO-80-05-是一种具有溶剂热致变色特性的.md,有答案,0.355,10,1,3453
质心GChO,题-GChO-80-06-氢气是一种绿色可再生的能源在.md,有答案,0.467,5,1,5564
质心GChO,题-GChO-80-07-71比较下列化合物的酸性强弱.md,有答案,0.48,11,0,4315
质心GChO,题-GChO-80-08-作为和碳同族的元素硅在有机化.md,有答案,0.516,8,1,1501
质心GChO,题-GChO-80-09-重排反应是有机化学中非常重要.md,有答案,0.742,14,1,2408
质心GChO,题-GChO-81-01-酸性强于纯硫酸的酸成为超酸s.md,有答案,0.29,5,1,2973
质心GChO,题-GChO-81-02-大多数金属阳离子在水溶液中会.md,有答案,0.589,5,0,3601
质心GChO,题-GChO-81-03-生命体中各种物质的结构和功能.md,有答案,0.44,5,0,4619
质心GChO,题-GChO-81-04-研究者合成了氮杂环硼基取代的.md,有答案,0.468,6,1,3018
质心GChO,题-GChO-81-05-元素A可以与各种卤素形成一系.md,有答案,0.533,6,0,2336
质心GChO,题-GChO-81-06-褪黑激素6Melatonin.md,有答案,0.705,11,1,2120
质心GChO,题-GChO-81-07-71请按从大到小的顺序排列下.md,有答案,0.488,5,0,1727
质心GChO,题-GChO-81-08-小环以其独特的成键结构和反应.md,有答案,0.918,17,1,5120
质心GChO,题-GChO-81-09-碳碳键形成是有机化学反应的两.md,无答案文件,,,,0
质心GChO,题-GChO-82-01-化学系二年级学生小李小心翼翼.md,有答案,0.648,4,0,1907
质心GChO,题-GChO-82-02-金属有机框架材料MOFs是近.md,有答案,0.481,1,0,973
质心GChO,题-GChO-82-03-常见的氧单质有和氧可参与形成.md,有答案,0.756,9,2,2689
质心GChO,题-GChO-82-04-正烷烃是目前人们研究最为深入.md,有答案,0.446,8,0,4643
质心GChO,题-GChO-82-05-51近年来在光电材料领域有机.md,有答案,0.445,9,0,3858
质心GChO,题-GChO-82-06-61金属X反应活性较低加热时.md,有答案,0.39,7,1,3288
质心GChO,题-GChO-82-07-71现有如下转换请给出原料中.md,有答案,0.91,11,1,2161
质心GChO,题-GChO-82-08-氮氧单键键能较小只有201k.md,有答案,0.902,1,0,1266
质心GChO,题-GChO-82-09-光化学反应是现代有机合成方法.md,有答案,0.7,7,1,3592
质心GChO,题-GChO-83-01-X是一种强吸湿性据说略带甜味.md,有答案,0.691,5,2,3380
质心GChO,题-GChO-83-02-在气相中元素A存在以下两种平.md,有答案,0.77,1,0,2121
质心GChO,题-GChO-83-03-如下是深度同学设计的一种基于.md,有答案,0.446,6,0,2379
质心GChO,题-GChO-83-04-MXene是由MAX相处理得.md,有答案,0.728,8,2,3979
质心GChO,题-GChO-83-05-第14族元素金属化合物一向是.md,有答案,0.599,7,0,4078
质心GChO,题-GChO-83-06-实验技能是学习化学必不可少的.md,有答案,0.397,7,1,2146
质心GChO,题-GChO-83-07-71溴代环己烷有两种椅式构象.md,有答案,0.706,4,1,1741
质心GChO,题-GChO-83-08-81三元环是最小的环其环张力.md,有答案,0.81,6,1,1615
质心GChO,题-GChO-83-09-氮杂环丙烷具有丰富的反应性9.md,有答案,0.538,4,0,4203
质心UChO,题-UChO-01-01-11Ag在12K和惰性气氛中.md,有答案,0.281,0,1,1638
质心UChO,题-UChO-01-01-11M地壳中丰度045室温下.md,无答案文件,,,,0
质心UChO,题-UChO-01-01-11将TIF溶于KFHF溶液.md,有答案,0.521,8,0,695
质心UChO,题-UChO-01-01-图中的和为以六边形为基础的基.md,有答案,0.688,0,0,2013
质心UChO,题-UChO-01-01-是一种具有特殊化学键的阳离子.md,无答案文件,,,,0
质心UChO,题-UChO-01-01-视觉产生的机理是非常复杂的一.md,有答案,0.81,0,1,1547
质心UChO,题-UChO-01-01-银纳米团簇的结构与性质相关性.md,有答案,0.597,0,1,2576
质心UChO,题-UChO-01-02-21在常温常压下用的NaOH.md,有答案,0.72,1,0,1967
质心UChO,题-UChO-01-02-21已知在一维势箱中运动的粒.md,有答案,0.624,0,0,1107
质心UChO,题-UChO-01-02-为分别测定巴黎绿中及三价砷的.md,无答案文件,,,,0
质心UChO,题-UChO-01-02-向含有的二甲胂酸钠缓冲溶液中.md,有答案,0.598,7,0,1082
质心UChO,题-UChO-01-02-特殊构型一直为人们所追求譬如.md,无答案文件,,,,0
质心UChO,题-UChO-01-02-经典的卡诺循环的pV图可如下.md,有答案,0.291,0,2,758
质心UChO,题-UChO-01-02-钳式配体有助于形成不常见的配.md,有答案,0.211,3,0,1420
质心UChO,题-UChO-01-03-19世纪一种新的元素X被发现.md,无答案文件,,,,0
质心UChO,题-UChO-01-03-31今年某课题组报道了利用有.md,有答案,1.0,0,0,140
质心UChO,题-UChO-01-03-31奥托循环是最常见的汽车动.md,有答案,0.726,0,1,4900
质心UChO,题-UChO-01-03-乙烷的脱氢反应可能以如下机理.md,有答案,0.792,0,2,4985
质心UChO,题-UChO-01-03-关于常温下的晶体结构有以下表.md,有答案,0.508,3,1,1190
质心UChO,题-UChO-01-03-某金属M可以用在低熔合金和电.md,无答案文件,,,,0
质心UChO,题-UChO-01-03-现代工业上制备烷基胺主要是利.md,有答案,0.538,14,0,5075
质心UChO,题-UChO-01-04-41以溶液为滴定剂银丝为指示.md,有答案,0.532,0,0,1859
质心UChO,题-UChO-01-04-41氨分子在Pt表面的分解速.md,有答案,0.762,0,0,4664
质心UChO,题-UChO-01-04-下图是某种金属复合氧化物的正.md,有答案,0.37,0,1,855
质心UChO,题-UChO-01-04-庚烷和224三甲基戊烷异辛烷.md,无答案文件,,,,0
质心UChO,题-UChO-01-04-某晶体由ABCDE五种元素构.md,无答案文件,,,,0
质心UChO,题-UChO-01-04-标准压力下Fes的熔点为18.md,有答案,0.764,0,1,2124
质心UChO,题-UChO-01-04-由BaMnO三种元素组成的晶.md,有答案,0.411,10,1,2514
质心UChO,题-UChO-01-05-51通常我们认为反应的速率只.md,无答案文件,,,,0
质心UChO,题-UChO-01-05-tabletrtd1molN.md,有答案,0.734,0,0,1520
质心UChO,题-UChO-01-05-一种由BFeNb组成的晶体晶.md,有答案,0.671,0,0,1170
质心UChO,题-UChO-01-05-四方晶体的晶胞结构如下图所示.md,无答案文件,,,,0
质心UChO,题-UChO-01-05-在最开始接触到化学的时候我们.md,有答案,0.465,0,0,4210
质心UChO,题-UChO-01-05-开发有机化合物选择性氧化的有.md,有答案,0.41,16,0,5705
质心UChO,题-UChO-01-05-水接受氢离子的能力称为碱度用.md,有答案,0.737,0,1,4861
质心UChO,题-UChO-01-06-611865年德国科学家希托.md,有答案,1.0,0,0,143
质心UChO,题-UChO-01-06-61写出如下反应过程中的3个.md,有答案,0.406,0,0,401
质心UChO,题-UChO-01-06-61现在恒容密闭容器中对反应.md,有答案,0.823,0,0,2638
质心UChO,题-UChO-01-06-61生物发光是自然界中非常有.md,有答案,0.543,0,0,3705
质心UChO,题-UChO-01-06-61计算在溴离子平衡浓度为多.md,无答案文件,,,,0
质心UChO,题-UChO-01-06-某有机三元酸是生物体内重要的.md,有答案,0.783,23,0,6968
质心UChO,题-UChO-01-06-水是一种常用的反应溶剂某个反.md,无答案文件,,,,0
质心UChO,题-UChO-01-07-Friedlnder环化是合.md,存疑,0.121,0,0,3632
质心UChO,题-UChO-01-07-人工分子马达从生物活性蛋白这.md,有答案,0.433,14,1,2120
质心UChO,题-UChO-01-07-元素X的氧化物是一种重要的陶.md,有答案,0.66,0,0,987
质心UChO,题-UChO-01-07-四元环和三元环同为高张力小环.md,有答案,1.0,0,0,143
质心UChO,题-UChO-01-07-有机小分子催化剂X可催化如下.md,无答案文件,,,,0
质心UChO,题-UChO-01-07-由于芳香性的存在苯环是相当稳.md,存疑,0.258,0,0,1056
质心UChO,题-UChO-01-07-自由基以其高活性经常能实现你.md,无答案文件,,,,0
质心UChO,题-UChO-01-08-81写出反应过程中的重要中间.md,题干复读,0.0,0,0,486
质心UChO,题-UChO-01-08-DA反应是全合成化学家最喜欢.md,有答案,0.478,0,0,2654
质心UChO,题-UChO-01-08-上面这两王粒都合成过高张力小.md,存疑,0.234,0,0,1481
质心UChO,题-UChO-01-08-五元芳香杂环是有机化学中一类.md,无答案文件,,,,0
质心UChO,题-UChO-01-08-我们先来认识一个牛逼的手性催.md,有答案,0.863,4,1,1837
质心UChO,题-UChO-01-08-有机化合物的反应性的核心是官.md,无答案文件,,,,0
质心UChO,题-UChO-01-08-环丙烷在一定程度上具有与双键.md,有答案,0.621,0,0,2993
质心UChO,题-UChO-01-09-出题老师不想编背景了大家直接.md,有答案,0.547,0,0,409
质心UChO,题-UChO-01-09-羰基是基础有机化学中最核心的.md,有答案,0.617,12,1,5064
质心UChO,题-UChO-01-10-碎米桠Rabdosirube.md,有答案,0.577,0,0,667
质心UChO,题-UChO-02-01-11ReSPhCCPhS是第.md,无答案文件,,,,0
质心UChO,题-UChO-02-01-11二氯磷腈是一种用途广泛的.md,有答案,1.0,0,0,140
质心UChO,题-UChO-02-01-11某种配合物可由配体与醋酸.md,有答案,0.567,22,1,4438
质心UChO,题-UChO-02-01-11碳单质与氧气在一定条件下.md,有答案,0.639,2,0,6479
质心UChO,题-UChO-02-01-低周期副族元素原子或离子的磁.md,有答案,0.575,0,0,2940
质心UChO,题-UChO-02-01-在一定配位环境下的金属离子可.md,有答案,0.259,0,2,2095
质心UChO,题-UChO-02-01-的活化和还原一直是化学家面临.md,无答案文件,,,,0
质心UChO,题-UChO-02-02-21三价铂的一种碱式硫酸盐具.md,存疑,0.22,0,0,1580
质心UChO,题-UChO-02-02-21下图是三种常见气体的分子.md,无答案文件,,,,0
质心UChO,题-UChO-02-02-21现将和放入一体积为的真空.md,无答案文件,,,,0
质心UChO,题-UChO-02-02-21给出XY的元素符号和中性.md,有答案,0.937,0,2,1149
质心UChO,题-UChO-02-02-含有脒基的化合物如下所示在无.md,存疑,0.24,0,0,1252
质心UChO,题-UChO-02-02-提到重氮你第一时间想到的是什.md,有答案,0.306,6,1,2469
质心UChO,题-UChO-02-02-热力学与动力学在体内如配体受.md,有答案,0.504,0,1,4710
质心UChO,题-UChO-02-03-31InAuO晶体中沿c方向.md,无答案文件,,,,0
质心UChO,题-UChO-02-03-31半导体高分子纳米材料可用.md,无答案文件,,,,0
质心UChO,题-UChO-02-03-31现已知为深红色当其浓度大.md,有答案,0.655,0,1,1529
质心UChO,题-UChO-02-03-31苯和萘在液态时能形成理想.md,有答案,0.433,0,0,5157
质心UChO,题-UChO-02-03-A立方晶系所有的空间环境相同.md,有答案,0.618,0,1,1553
质心UChO,题-UChO-02-03-在时测得气相基元反应的速率常.md,有答案,0.471,14,0,3009
质心UChO,题-UChO-02-03-某种Ta的氧化物的晶胞结构如.md,有答案,0.422,0,0,1241
质心UChO,题-UChO-02-04-41今年有科学家报道了一种利.md,有答案,0.304,0,0,2015
质心UChO,题-UChO-02-04-在晶体学中我们唱可以通过晶体.md,无答案文件,,,,0
质心UChO,题-UChO-02-04-某种矿石最开始在俄罗斯被发现.md,有答案,0.739,0,3,3373
质心UChO,题-UChO-02-04-氧气分子有时在细胞内以超氧根.md,无答案文件,,,,0
质心UChO,题-UChO-02-04-由LuMnO三种元素组成的晶.md,有答案,0.835,7,0,2525
质心UChO,题-UChO-02-04-电池在室温附近电动势与温度满.md,有答案,0.704,0,1,1286
质心UChO,题-UChO-02-04-自由基聚合是一种很重要的高分.md,有答案,0.386,0,1,4723
质心UChO,题-UChO-02-05-51用EDTA标准溶液分别滴.md,无答案文件,,,,0
质心UChO,题-UChO-02-05-51碘作催化剂时氯苯与氯气在.md,有答案,0.86,0,1,2858
质心UChO,题-UChO-02-05-和以19反应可生成三种产物A.md,无答案文件,,,,0
质心UChO,题-UChO-02-05-对于一些结构复杂的晶体我们可.md,存疑,0.286,0,0,1306
质心UChO,题-UChO-02-05-对于含Be的某三元化合物G进.md,有答案,0.562,0,0,1270
质心UChO,题-UChO-02-05-已知在298K下的电势图pH.md,有答案,0.851,0,1,4067
质心UChO,题-UChO-02-05-恒定温度下表面覆盖度与气压的.md,有答案,0.646,14,0,5365
质心UChO,题-UChO-02-06-61制冷剂在冰箱和空调里都是.md,有答案,0.632,28,0,4346
质心UChO,题-UChO-02-06-下图为一种实验室制备水合茚三.md,无答案文件,,,,0
质心UChO,题-UChO-02-06-众所周知ZCHEM考试是有传.md,有答案,0.569,0,0,3696
质心UChO,题-UChO-02-06-分子镊子MolecularT.md,有答案,0.678,0,1,5375
质心UChO,题-UChO-02-06-含氮多环结构是一类重要的生物.md,有答案,1.0,0,0,140
质心UChO,题-UChO-02-06-如下是一个P催化的反应61写.md,有答案,0.44,0,1,796
质心UChO,题-UChO-02-06-如下是一个含有手性碳的五元环.md,无答案文件,,,,0
质心UChO,题-UChO-02-07-2021年美国芝加哥大学的M.md,有答案,1.0,0,0,141
质心UChO,题-UChO-02-07-71111333六氟异丙醇H.md,有答案,0.475,18,1,3637
质心UChO,题-UChO-02-07-天然产物Clionastat.md,无答案文件,,,,0
质心UChO,题-UChO-02-07-是一种经典的Lewis酸与其.md,存疑,0.083,0,0,1065
质心UChO,题-UChO-02-07-有机小分子催化是有机合成方法.md,无答案文件,,,,0
质心UChO,题-UChO-02-07-烯丙位是有机化合物中相对活泼.md,存疑,0.181,0,0,2572
质心UChO,题-UChO-02-07-环加成反应一般发生在体系之间.md,存疑,0.185,0,0,793
质心UChO,题-UChO-02-08-Clickchemistry.md,有答案,0.317,11,0,1621
质心UChO,题-UChO-02-08-亚砜是有机化学中重要的官能团.md,存疑,0.225,0,0,3458
质心UChO,题-UChO-02-08-杂萜类化合物是一类重要的天然.md,有答案,1.0,0,0,140
质心UChO,题-UChO-02-08-氮杂环卡宾NHC是重要的有机.md,有答案,0.617,0,1,499
质心UChO,题-UChO-02-08-羰基位的卤化反应是有机化学中.md,无答案文件,,,,0
质心UChO,题-UChO-02-09-在有机化学中碳碳sigma键.md,有答案,0.691,7,1,2470
质心UChO,题-UChO-10-07-六氟异丙醇H.md,有答案,0.475,18,1,3637
质心UChO,题-UChO-15-UChO-01-独居石CeLaNdThPO和.md,无答案文件,,,,0
质心UChO,题-UChO-15-UChO-02-尼奥斯湖位于非洲喀麦隆西北部.md,无答案文件,,,,0
质心UChO,题-UChO-15-UChO-03-熊大站在一棵树旁聚精会神地向.md,无答案文件,,,,0
质心UChO,题-UChO-15-UChO-04-具有特殊光学性质的晶体一直是.md,无答案文件,,,,0
质心UChO,题-UChO-15-UChO-05-本题中的气体都视作理想气体5.md,无答案文件,,,,0
质心UChO,题-UChO-15-UChO-06-DNA是一种由核苷酸组成的长.md,无答案文件,,,,0
质心UChO,题-UChO-15-UChO-07-虽然不一定合理但答题时本题所.md,无答案文件,,,,0
质心UChO,题-UChO-15-UChO-08-Friedlnder环化是合.md,无答案文件,,,,0
质心UChO,题-UChO-15-UChO-09-重排反应是有机化学中最为神奇.md,无答案文件,,,,0
质心UChO,题-UChO-15-UChO-10-立体化学是有机化学学习的重点.md,无答案文件,,,,0
质心UChO,题-UChO-16-UChO-01-1960年第一例含SNF的化.md,有答案,0.544,16,0,2657
质心UChO,题-UChO-16-UChO-02-钽试剂N苯甲酰N苯基羟胺BH.md,有答案,0.496,10,0,2987
质心UChO,题-UChO-16-UChO-03-31现拟采用催化氧化的方法制.md,有答案,0.654,6,0,6079
质心UChO,题-UChO-16-UChO-04-现有一均相酸催化反应在酸性溶.md,有答案,0.654,11,0,5230
质心UChO,题-UChO-16-UChO-05-在弱碱性的缓冲体系中向钼VI.md,有答案,0.696,3,0,1881
质心UChO,题-UChO-16-UChO-06-较高温度下用液态的钾和石墨接.md,有答案,0.478,8,1,1172
质心UChO,题-UChO-16-UChO-07-硅和碳是同一族的元素在性质上.md,有答案,0.714,5,0,2800
质心UChO,题-UChO-16-UChO-08-Pallambins是一类从.md,有答案,0.689,0,0,1447
质心UChO,题-UChO-17-UChO-01-已知石膏的脱水反应mathr.md,有答案,0.727,10,1,4267
质心UChO,题-UChO-17-UChO-03-甲醛法是一种常用的测定有机物.md,有答案,0.863,12,0,3826
质心UChO,题-UChO-17-UChO-04-411960年Wacker开.md,有答案,0.707,7,2,4596
质心UChO,题-UChO-17-UChO-05-自石墨烯的发现以来二维层型材.md,有答案,0.251,6,0,1448
质心UChO,题-UChO-17-UChO-06-化合物A为某无色晶体易溶于水.md,有答案,0.793,1,2,1877
质心UChO,题-UChO-17-UChO-07-Nazarov环化反应可以广.md,无答案文件,,,,0
质心UChO,题-UChO-17-UChO-08-天然产物Vinigrol具有.md,有答案,1.0,0,0,143
质心UChO,题-UChO-17-UChO-09-亚砜类化合物是有机合成中非常.md,有答案,0.416,0,0,988
