机构,题卡,题面字数,答案字数,Jaccard,答案覆盖率,源
2ChO,题-2ChO-01-07-氧化磷酸化是能源物质在体内氧.md,994,1593,0.543,0.564,2026机构初赛模拟题/11-2ChO/第1届2ChO化学奥林匹克联考试题.md
2ChO,题-2ChO-03-06-岩石一般是一种或多种矿物的混.md,2050,3990,0.551,0.564,2026机构初赛模拟题/11-2ChO/第3届2ChO化学奥林匹克联考试题.md
chemy,题-CM-05-01-火星是距离太阳第四近的行星也.md,904,1171,0.742,0.765,2026机构初赛模拟题/10-chemy/第三十九届Chemy化学奥林匹克竞赛联赛试题5.md
chemy,题-CM-05-02-化合物X的组成为为正整数将X.md,383,790,0.504,0.533,2026机构初赛模拟题/10-chemy/第三十九届Chemy化学奥林匹克竞赛联赛试题5.md
chemy,题-CM-05-04-从含有MIV的盐酸溶液中经蒸.md,951,1263,0.643,0.695,2026机构初赛模拟题/10-chemy/第三十九届Chemy化学奥林匹克竞赛联赛试题5.md
chemy,题-CM-05-05-将配成68mmolL的无水乙.md,741,1092,0.679,0.692,2026机构初赛模拟题/10-chemy/第三十九届Chemy化学奥林匹克竞赛联赛试题5.md
chemy,题-CM-05-06-熔化的钢液中通常含有溶解的氢.md,701,1184,0.603,0.615,2026机构初赛模拟题/10-chemy/第三十九届Chemy化学奥林匹克竞赛联赛试题5.md
chemy,题-CM-05-07-由铁与dmpe化学式为以及配.md,482,617,0.571,0.662,2026机构初赛模拟题/10-chemy/第三十九届Chemy化学奥林匹克竞赛联赛试题5.md
chemy,题-CM-10-01-11固态的为层状结构层内硼酸.md,703,984,0.708,0.735,2026机构初赛模拟题/10-chemy/第40届chemy初赛模拟10试卷.md
chemy,题-CM-10-02-1925年LTschugaj.md,1101,1528,0.72,0.728,2026机构初赛模拟题/10-chemy/第40届chemy初赛模拟10试卷.md
chemy,题-CM-10-03-31的制备过程如下称取和于锥.md,526,1038,0.542,0.551,2026机构初赛模拟题/10-chemy/第40届chemy初赛模拟10试卷.md
chemy,题-CM-10-04-M是一种多彩的元素它的许多化.md,1202,1378,0.788,0.828,2026机构初赛模拟题/10-chemy/第40届chemy初赛模拟10试卷.md
chemy,题-CM-10-05-基于YSZ的氧气传感器在包括.md,1033,1489,0.681,0.703,2026机构初赛模拟题/10-chemy/第40届chemy初赛模拟10试卷.md
chemy,题-CM-10-06-链状化合物环化时当链中有偕二.md,401,519,0.685,0.719,2026机构初赛模拟题/10-chemy/第40届chemy初赛模拟10试卷.md
chemy,题-CM-11-02-将溴化铵与三溴化锑在浓溴化氢.md,738,1148,0.557,0.587,2026机构初赛模拟题/10-chemy/第40届chemy初赛模拟11试卷.md
chemy,题-CM-11-03-称取05363g二氧化硒溶于.md,278,400,0.709,0.756,2026机构初赛模拟题/10-chemy/第40届chemy初赛模拟11试卷.md
chemy,题-CM-11-04-在冬季北极地区的温度可达到2.md,334,562,0.548,0.588,2026机构初赛模拟题/10-chemy/第40届chemy初赛模拟11试卷.md
chemy,题-CM-11-05-51在聚合物中柔顺性定义为高.md,490,640,0.694,0.719,2026机构初赛模拟题/10-chemy/第40届chemy初赛模拟11试卷.md
chemy,题-CM-11-06-61通过一些反应可以得到含有.md,952,1115,0.729,0.779,2026机构初赛模拟题/10-chemy/第40届chemy初赛模拟11试卷.md
chemy,题-CM-11-07-可以利用NO和气体在恒温恒压.md,220,289,0.657,0.693,2026机构初赛模拟题/10-chemy/第40届chemy初赛模拟11试卷.md
chemy,题-CM-11-08-逻辑门本身是处理一个或多个输.md,1378,1755,0.901,0.925,2026机构初赛模拟题/10-chemy/第40届chemy初赛模拟11试卷.md
chemy,题-CM-11-09-91胺的碱性与多种因素有关对.md,952,1491,0.613,0.643,2026机构初赛模拟题/10-chemy/第40届chemy初赛模拟11试卷.md
chemy,题-CM-11-11-在环系结构和原子间位置合适时.md,270,256,0.925,0.975,2026机构初赛模拟题/10-chemy/第40届chemy初赛模拟11试卷.md
chemy,题-CM-12-01-第四周期金属元素X和第二周期.md,481,798,0.528,0.563,2026机构初赛模拟题/10-chemy/第40届chemy初赛模拟12试卷.md
chemy,题-CM-12-02-如下图所示在二氯甲烷溶液中分.md,732,1189,0.551,0.593,2026机构初赛模拟题/10-chemy/第40届chemy初赛模拟12试卷.md
chemy,题-CM-12-03-31有机化学中炔基正离子是一.md,501,756,0.658,0.697,2026机构初赛模拟题/10-chemy/第40届chemy初赛模拟12试卷.md
chemy,题-CM-12-04-41雌黄雄黄均是砷的硫化物矿.md,1047,1152,0.837,0.864,2026机构初赛模拟题/10-chemy/第40届chemy初赛模拟12试卷.md
chemy,题-CM-12-08-81一般地可通过化学键均裂时.md,954,983,0.816,0.873,2026机构初赛模拟题/10-chemy/第40届chemy初赛模拟12试卷.md
chemy,题-CM-12-10-101通过高价碘试剂能将对位.md,520,608,0.786,0.81,2026机构初赛模拟题/10-chemy/第40届chemy初赛模拟12试卷.md
chemy,题-CM-13-01-有些过渡金属的阳离子在水溶液.md,1360,1215,0.543,0.769,2026机构初赛模拟题/10-chemy/第40届chemy初赛模拟13试题.md
chemy,题-CM-13-03-在下的二甲基甲酰胺溶剂中带有.md,864,985,0.662,0.716,2026机构初赛模拟题/10-chemy/第40届chemy初赛模拟13试题.md
chemy,题-CM-13-06-可以通过吸附法测定某微球硅酸.md,682,852,0.617,0.681,2026机构初赛模拟题/10-chemy/第40届chemy初赛模拟13试题.md
chemy,题-CM-13-07-黄铁矿是一种二硫化物矿物化学.md,1036,1372,0.533,0.636,2026机构初赛模拟题/10-chemy/第40届chemy初赛模拟13试题.md
chemy,题-CM-13-08-81酰胺的CN键会产生顺反异.md,1537,1491,0.634,0.817,2026机构初赛模拟题/10-chemy/第40届chemy初赛模拟13试题.md
chemy,题-CM-13-09-在右图所示的Grubbs催化.md,463,526,0.813,0.844,2026机构初赛模拟题/10-chemy/第40届chemy初赛模拟13试题.md
chemy,题-CM-14-01-以硫和氮为骨架可以组成多种多.md,547,599,0.698,0.806,2026机构初赛模拟题/10-chemy/第40届chemy初赛模拟14试卷.md
chemy,题-CM-14-02-0时向饱和溶液中通入加入KO.md,751,2349,0.527,0.538,2026机构初赛模拟题/10-chemy/第40届chemy初赛模拟14试卷.md
chemy,题-CM-14-03-由于与重卤原子的亲和性As的.md,536,701,0.685,0.722,2026机构初赛模拟题/10-chemy/第40届chemy初赛模拟14试卷.md
chemy,题-CM-14-04-第111号元素轮是第七周期超.md,1390,2124,0.663,0.695,2026机构初赛模拟题/10-chemy/第40届chemy初赛模拟14试卷.md
chemy,题-CM-14-06-硼和碳是周期表中唯二可形成大.md,1426,1468,0.54,0.714,2026机构初赛模拟题/10-chemy/第40届chemy初赛模拟14试卷.md
chemy,题-CM-14-08-SculponinU是一种贝.md,1085,918,0.725,0.872,2026机构初赛模拟题/10-chemy/第40届chemy初赛模拟14试卷.md
chemy,题-CM-14-09-早在1967年人们就已经成功.md,1223,1420,0.641,0.748,2026机构初赛模拟题/10-chemy/第40届chemy初赛模拟14试卷.md
chemy,题-CM-15-01-中国陶瓷艺术中的青花瓷以其幽.md,1025,1540,0.67,0.697,2026机构初赛模拟题/10-chemy/第40届chemy初赛模拟15试题.md
chemy,题-CM-15-02-211963年科学家在研究铋.md,894,1080,0.79,0.813,2026机构初赛模拟题/10-chemy/第40届chemy初赛模拟15试题.md
chemy,题-CM-15-03-癌症是影响人类生活健康的一大.md,1910,2419,0.767,0.778,2026机构初赛模拟题/10-chemy/第40届chemy初赛模拟15试题.md
chemy,题-CM-15-04-合金纳米团簇具有原子级精确的.md,824,1177,0.651,0.673,2026机构初赛模拟题/10-chemy/第40届chemy初赛模拟15试题.md
chemy,题-CM-15-05-工业染料废水的高效处理是环境.md,1990,2848,0.682,0.711,2026机构初赛模拟题/10-chemy/第40届chemy初赛模拟15试题.md
chemy,题-CM-15-06-受限于光的衍射极限传统光学显.md,1817,2012,0.907,0.916,2026机构初赛模拟题/10-chemy/第40届chemy初赛模拟15试题.md
chemy,题-CM-15-07-71同位素标记实验常被用于研.md,1301,1438,0.723,0.794,2026机构初赛模拟题/10-chemy/第40届chemy初赛模拟15试题.md
chemy,题-CM-15-08-核酸酶如CRISPRCas9.md,1153,1366,0.808,0.825,2026机构初赛模拟题/10-chemy/第40届chemy初赛模拟15试题.md
chemy,题-CM-15-09-重氮酯类化合物是有机合成中重.md,740,781,0.88,0.912,2026机构初赛模拟题/10-chemy/第40届chemy初赛模拟15试题.md
chemy,题-CM-16-01-Bluehasnodimen.md,774,1054,0.727,0.749,2026机构初赛模拟题/10-chemy/第40届chemy初赛模拟16试题.md
chemy,题-CM-16-02-通过热解M和N叔丁基异丁酰胺.md,498,799,0.621,0.639,2026机构初赛模拟题/10-chemy/第40届chemy初赛模拟16试题.md
chemy,题-CM-16-03-中国新能源汽车产业发展规划2.md,873,1317,0.713,0.744,2026机构初赛模拟题/10-chemy/第40届chemy初赛模拟16试题.md
chemy,题-CM-16-04-电解水过程中阳极处的析氧反应.md,975,1574,0.736,0.767,2026机构初赛模拟题/10-chemy/第40届chemy初赛模拟16试题.md
chemy,题-CM-16-05-清华大学某课题组使用缓慢还原.md,433,525,0.752,0.798,2026机构初赛模拟题/10-chemy/第40届chemy初赛模拟16试题.md
chemy,题-CM-16-06-三核氧心过渡金属羧酸配合物的.md,739,924,0.761,0.782,2026机构初赛模拟题/10-chemy/第40届chemy初赛模拟16试题.md
chemy,题-CM-16-07-氮杂环卡宾NHeterocy.md,586,835,0.642,0.669,2026机构初赛模拟题/10-chemy/第40届chemy初赛模拟16试题.md
chemy,题-CM-16-08-NN二取代羟胺和丙炔酸甲酯在.md,256,319,0.711,0.758,2026机构初赛模拟题/10-chemy/第40届chemy初赛模拟16试题.md
chemy,题-CM-16-09-底物A和酮酯在TMSOTf催.md,452,520,0.801,0.833,2026机构初赛模拟题/10-chemy/第40届chemy初赛模拟16试题.md
chemy,题-CM-16-10-2015年有课题组发现如下化.md,154,199,0.526,0.615,2026机构初赛模拟题/10-chemy/第40届chemy初赛模拟16试题.md
chemy,题-CM-17-01-11醋酸铍有多种碱式盐其中最.md,855,1169,0.684,0.723,2026机构初赛模拟题/10-chemy/第40届chemy初赛模拟17试题.md
chemy,题-CM-17-04-将银盐A含银与浓度为的HCl.md,258,486,0.591,0.63,2026机构初赛模拟题/10-chemy/第40届chemy初赛模拟17试题.md
chemy,题-CM-17-09-如下所示以下联烯在肼的存在下.md,281,313,0.783,0.829,2026机构初赛模拟题/10-chemy/第40届chemy初赛模拟17试题.md
chemy,题-CM-18-01-以仁慈与智慧之神圣名我在库法.md,651,1331,0.629,0.639,2026机构初赛模拟题/10-chemy/第40届chemy初赛模拟18试题.md
chemy,题-CM-18-02-低价锑化合物为键活化与催化反.md,660,904,0.709,0.754,2026机构初赛模拟题/10-chemy/第40届chemy初赛模拟18试题.md
chemy,题-CM-18-04-甲基丙烯酸酯基聚合物在现代生.md,538,702,0.675,0.72,2026机构初赛模拟题/10-chemy/第40届chemy初赛模拟18试题.md
chemy,题-CM-18-05-磷酸是化学中常用的三元酸被广.md,866,2385,0.534,0.548,2026机构初赛模拟题/10-chemy/第40届chemy初赛模拟18试题.md
chemy,题-CM-18-07-氮叶立德是有机化学中一类常见.md,301,448,0.577,0.622,2026机构初赛模拟题/10-chemy/第40届chemy初赛模拟18试题.md
chemy,题-CM-18-08-开发出能够在单一操作中高效且.md,371,430,0.813,0.842,2026机构初赛模拟题/10-chemy/第40届chemy初赛模拟18试题.md
chemy,题-CM-18-09-大环化合物Macrocycl.md,796,945,0.644,0.724,2026机构初赛模拟题/10-chemy/第40届chemy初赛模拟18试题.md
chemy,题-CM-19-01-一氟化硼BF是由硼与氟元素形.md,883,1154,0.702,0.755,2026机构初赛模拟题/10-chemy/第40届chemy初赛无机模拟19试题.md
chemy,题-CM-19-02-苯与六氟代苯能形成加合物晶体.md,491,773,0.619,0.647,2026机构初赛模拟题/10-chemy/第40届chemy初赛无机模拟19试题.md
chemy,题-CM-19-03-硅具有与碳类似但又有不同的成.md,1032,1281,0.778,0.835,2026机构初赛模拟题/10-chemy/第40届chemy初赛无机模拟19试题.md
chemy,题-CM-19-04-随着居民生活水平的提高坚果作.md,665,914,0.639,0.686,2026机构初赛模拟题/10-chemy/第40届chemy初赛无机模拟19试题.md
chemy,题-CM-19-05-X射线衍射XRD通过使化合物.md,1257,2359,0.547,0.558,2026机构初赛模拟题/10-chemy/第40届chemy初赛无机模拟19试题.md
chemy,题-CM-19-06-61量子力学理论认为所有具有.md,444,663,0.548,0.609,2026机构初赛模拟题/10-chemy/第40届chemy初赛无机模拟19试题.md
chemy,题-CM-19-07-电势pH图是无机化学中具有重.md,319,464,0.691,0.73,2026机构初赛模拟题/10-chemy/第40届chemy初赛无机模拟19试题.md
chemy,题-CM-19-08-81有一种工业上由乙烯与氯气.md,555,580,0.558,0.672,2026机构初赛模拟题/10-chemy/第40届chemy初赛无机模拟19试题.md
chemy,题-CM-19-09-91电子相对于原子核来说占据.md,880,1322,0.621,0.636,2026机构初赛模拟题/10-chemy/第40届chemy初赛无机模拟19试题.md
chemy,题-CM-20-01-11选出如下反应的主要产物1.md,697,442,0.479,0.871,2026机构初赛模拟题/10-chemy/第40届chemy初赛有机模拟20试题.md
chemy,题-CM-20-03-环丁酮是有机合成中的重质中相.md,697,764,0.737,0.812,2026机构初赛模拟题/10-chemy/第40届chemy初赛有机模拟20试题.md
chemy,题-CM-20-04-自牺牲高分子Selfimmo.md,655,656,0.93,0.96,2026机构初赛模拟题/10-chemy/第40届chemy初赛有机模拟20试题.md
chemy,题-CM-20-05-大肠杆菌色氨酸合酶由2个亚基.md,444,474,0.861,0.891,2026机构初赛模拟题/10-chemy/第40届chemy初赛有机模拟20试题.md
chemy,题-CM-20-06-在卤代烃的亲核取代反应中反应.md,794,1059,0.658,0.688,2026机构初赛模拟题/10-chemy/第40届chemy初赛有机模拟20试题.md
chemy,题-CM-20-07-71画出如下反应产物A的结构.md,381,391,0.876,0.922,2026机构初赛模拟题/10-chemy/第40届chemy初赛有机模拟20试题.md
chemy,题-CM-20-08-第36届中国化学奥林匹克竞赛.md,741,887,0.802,0.826,2026机构初赛模拟题/10-chemy/第40届chemy初赛有机模拟20试题.md
chemy,题-CM-21-01-11化学式为的配合物也被称为.md,776,1076,0.684,0.704,2026机构初赛模拟题/10-chemy/第40届chemy初赛有机模拟21试题.md
chemy,题-CM-21-02-花色素苷Anthocyani.md,1033,2627,0.617,0.644,2026机构初赛模拟题/10-chemy/第40届chemy初赛有机模拟21试题.md
chemy,题-CM-21-03-312026年德国萨尔大学的.md,552,717,0.694,0.726,2026机构初赛模拟题/10-chemy/第40届chemy初赛有机模拟21试题.md
chemy,题-CM-21-04-高熵材料指混合多种金属元素的.md,943,1553,0.614,0.633,2026机构初赛模拟题/10-chemy/第40届chemy初赛有机模拟21试题.md
chemy,题-CM-21-05-作为一种温室气体的大量排放将.md,976,2893,0.55,0.572,2026机构初赛模拟题/10-chemy/第40届chemy初赛有机模拟21试题.md
chemy,题-CM-21-06-有课题组通过以下反应合成了笼.md,654,1178,0.51,0.535,2026机构初赛模拟题/10-chemy/第40届chemy初赛有机模拟21试题.md
chemy,题-CM-21-07-Corey课题组开发了以下酰.md,291,456,0.552,0.585,2026机构初赛模拟题/10-chemy/第40届chemy初赛有机模拟21试题.md
chemy,题-CM-21-08-氮杂环庚烷azepanes是.md,1104,1693,0.626,0.645,2026机构初赛模拟题/10-chemy/第40届chemy初赛有机模拟21试题.md
chemy,题-CM-22-02-氟化物A可以和硫单质反应生成.md,1153,1232,0.702,0.797,2026机构初赛模拟题/10-chemy/第40届chemy初赛有机模拟22试题.md
chemy,题-CM-22-03-受阻Lewis酸碱对FLPs.md,759,876,0.731,0.806,2026机构初赛模拟题/10-chemy/第40届chemy初赛有机模拟22试题.md
chemy,题-CM-22-04-2010年美国西北大学的JF.md,1359,1770,0.652,0.707,2026机构初赛模拟题/10-chemy/第40届chemy初赛有机模拟22试题.md
chemy,题-CM-22-05-苯酚是化工中常用的有机底物之.md,1164,1400,0.672,0.735,2026机构初赛模拟题/10-chemy/第40届chemy初赛有机模拟22试题.md
chemy,题-CM-22-06-哈珀博世法是目前各个国家合成.md,1499,2073,0.566,0.647,2026机构初赛模拟题/10-chemy/第40届chemy初赛有机模拟22试题.md
chemy,题-CM-22-07-Phenytoin苯妥英是一.md,1479,1574,0.77,0.837,2026机构初赛模拟题/10-chemy/第40届chemy初赛有机模拟22试题.md
chemy,题-CM-22-08-811873年Wallach.md,253,258,0.529,0.672,2026机构初赛模拟题/10-chemy/第40届chemy初赛有机模拟22试题.md
chemy,题-CM-22-09-氟原子在天然产物中极为罕见但.md,1030,1179,0.768,0.818,2026机构初赛模拟题/10-chemy/第40届chemy初赛有机模拟22试题.md
XeChem,题-XeC-07-01-11如下配体在去质子后与一当.md,2066,646,0.31,0.873,2026机构初赛模拟题/03-XeChem/Xechem模拟7.md
XeChem,题-XeC-11-01-由于化学材料的丰富性易获得性.md,560,768,0.565,0.645,2026机构初赛模拟题/03-XeChem/Xechem模拟一.md
XeChem,题-XeC-11-07-异二氮烯Isodiazene.md,2391,2991,0.73,0.766,2026机构初赛模拟题/03-XeChem/Xechem模拟一.md
XeChem,题-XeC-11-08-81在天然产物和合成药物中中.md,1212,1536,0.739,0.768,2026机构初赛模拟题/03-XeChem/Xechem模拟一.md
XeChem,题-XeC-12-01-在我们通常的认知里布拉维点阵.md,1053,1616,0.681,0.702,2026机构初赛模拟题/03-XeChem/Xechem模拟三（晶体）.md
XeChem,题-XeC-12-01-辉锑矿是自然界中最重要的锑矿.md,722,936,0.719,0.744,2026机构初赛模拟题/03-XeChem/（已压缩）PDF合并_1-199.md
XeChem,题-XeC-12-02-金属有机框架MOF材料由金属.md,1521,2067,0.716,0.749,2026机构初赛模拟题/03-XeChem/（已压缩）PDF合并_1-199.md
XeChem,题-XeC-12-03-聚苯乙烯PS是一种脆性塑料常.md,734,905,0.771,0.796,2026机构初赛模拟题/03-XeChem/（已压缩）PDF合并_1-199.md
XeChem,题-XeC-12-04-铅PbZ82有四种稳定同位素.md,1148,1453,0.743,0.783,2026机构初赛模拟题/03-XeChem/（已压缩）PDF合并_1-199.md
XeChem,题-XeC-12-05-CH键的胺化反应是现代有机合.md,920,1496,0.644,0.662,2026机构初赛模拟题/03-XeChem/（已压缩）PDF合并_1-199.md
XeChem,题-XeC-12-06-611偶氮化合物在光照下分解.md,384,889,0.58,0.603,2026机构初赛模拟题/03-XeChem/（已压缩）PDF合并_1-199.md
XeChem,题-XeC-12-07-四川大学傅海燕课题组系统发展.md,668,733,0.851,0.883,2026机构初赛模拟题/03-XeChem/（已压缩）PDF合并_1-199.md
XeChem,题-XeC-12-08-全合成中长期依赖实现CC键构.md,3282,404,0.221,0.896,2026机构初赛模拟题/03-XeChem/（已压缩）PDF合并_1-199.md
XeChem,题-XeC-13-01-早在门捷列夫建立元素周期系时.md,981,1163,0.792,0.818,2026机构初赛模拟题/03-XeChem/（已压缩）PDF合并_1-199.md
XeChem,题-XeC-13-01-火箭燃料也称火箭推进剂是火箭.md,1170,1311,0.623,0.724,2026机构初赛模拟题/03-XeChem/Xechem模拟二.md
XeChem,题-XeC-13-02-小盐同学十分热爱化学有一天她.md,763,1476,0.554,0.57,2026机构初赛模拟题/03-XeChem/（已压缩）PDF合并_1-199.md
XeChem,题-XeC-13-03-是一种常见的配体其作为单齿配.md,906,1210,0.758,0.785,2026机构初赛模拟题/03-XeChem/（已压缩）PDF合并_1-199.md
XeChem,题-XeC-13-04-酸性溶液中可还原产物配离子均.md,1529,2703,0.659,0.69,2026机构初赛模拟题/03-XeChem/（已压缩）PDF合并_1-199.md
XeChem,题-XeC-13-05-1963年Hershaft通.md,611,948,0.571,0.61,2026机构初赛模拟题/03-XeChem/（已压缩）PDF合并_1-199.md
XeChem,题-XeC-13-06-格氏试剂GrignardRe.md,508,466,0.729,0.859,2026机构初赛模拟题/03-XeChem/（已压缩）PDF合并_1-199.md
XeChem,题-XeC-13-07-卤化反应是药物研发中的常用策.md,737,970,0.708,0.73,2026机构初赛模拟题/03-XeChem/（已压缩）PDF合并_1-199.md
XeChem,题-XeC-13-07-细胞周期cellcycle指.md,1102,749,0.54,0.837,2026机构初赛模拟题/03-XeChem/Xechem模拟二.md
XeChem,题-XeC-13-08-DynemicinA1是由小.md,491,641,0.664,0.695,2026机构初赛模拟题/03-XeChem/（已压缩）PDF合并_1-199.md
XeChem,题-XeC-14-01-钒在化学反应中表现出极其丰富.md,773,1568,0.567,0.596,2026机构初赛模拟题/03-XeChem/（已压缩）PDF合并_1-199.md
XeChem,题-XeC-14-02-荧光染料ATTO655常被用.md,999,1755,0.641,0.655,2026机构初赛模拟题/03-XeChem/（已压缩）PDF合并_1-199.md
XeChem,题-XeC-14-03-31最经典的ZnZn键合成方.md,1706,564,0.351,0.94,2026机构初赛模拟题/03-XeChem/Xechem模拟五.md
XeChem,题-XeC-14-03-重氮化合物是化学合成中不可或.md,1016,987,0.708,0.8,2026机构初赛模拟题/03-XeChem/（已压缩）PDF合并_1-199.md
XeChem,题-XeC-14-04-为了解决传统聚烯烃或聚乙烯基.md,885,1201,0.694,0.732,2026机构初赛模拟题/03-XeChem/（已压缩）PDF合并_1-199.md
XeChem,题-XeC-14-05-三氟化铝是一种常见的离子晶体.md,447,607,0.654,0.689,2026机构初赛模拟题/03-XeChem/（已压缩）PDF合并_1-199.md
XeChem,题-XeC-14-06-磁场在生活中和化学合成中都有.md,1324,1991,0.699,0.713,2026机构初赛模拟题/03-XeChem/（已压缩）PDF合并_1-199.md
XeChem,题-XeC-14-07-作为现代合成的两大支柱光化学.md,657,908,0.698,0.723,2026机构初赛模拟题/03-XeChem/（已压缩）PDF合并_1-199.md
XeChem,题-XeC-14-08-氧杂八元环是一种有趣的分子骨.md,645,696,0.867,0.894,2026机构初赛模拟题/03-XeChem/（已压缩）PDF合并_1-199.md
XeChem,题-XeC-14-09-近期报道了一种茚二酮衍生物与.md,463,573,0.756,0.794,2026机构初赛模拟题/03-XeChem/（已压缩）PDF合并_1-199.md
XeChem,题-XeC-15-01-古代矿物学家常根据矿物的颜色.md,750,883,0.803,0.853,2026机构初赛模拟题/03-XeChem/（已压缩）PDF合并_1-199.md
XeChem,题-XeC-15-02-如图在温度T下有一真空密闭容.md,564,666,0.728,0.794,2026机构初赛模拟题/03-XeChem/（已压缩）PDF合并_1-199.md
XeChem,题-XeC-15-03-为了应对温室效应科学家们开发.md,678,939,0.681,0.7,2026机构初赛模拟题/03-XeChem/（已压缩）PDF合并_1-199.md
XeChem,题-XeC-15-03-随着核电的发展绿色高效地处理.md,848,675,0.688,0.858,2026机构初赛模拟题/03-XeChem/Xechem模拟四.md
XeChem,题-XeC-15-05-溴化铍是一种极为特殊的金属卤.md,505,774,0.709,0.753,2026机构初赛模拟题/03-XeChem/（已压缩）PDF合并_1-199.md
XeChem,题-XeC-15-06-三线态锡氮宾SnNR的电子结.md,291,294,0.781,0.862,2026机构初赛模拟题/03-XeChem/（已压缩）PDF合并_1-199.md
XeChem,题-XeC-15-07-对结构相似的化合物进行酸性比.md,572,650,0.735,0.796,2026机构初赛模拟题/03-XeChem/（已压缩）PDF合并_1-199.md
XeChem,题-XeC-15-08-膦配体兼具较强的给电子能力与.md,622,729,0.801,0.83,2026机构初赛模拟题/03-XeChem/（已压缩）PDF合并_1-199.md
XeChem,题-XeC-15-09-现代密度泛函理论的发展与电脑.md,825,914,0.892,0.916,2026机构初赛模拟题/03-XeChem/（已压缩）PDF合并_1-199.md
XeChem,题-XeC-15-10-Himandrine生物碱由.md,4363,959,0.37,0.907,2026机构初赛模拟题/03-XeChem/（已压缩）PDF合并_1-199.md
XeChem,题-XeC-16-01-本题中放射性元素的相对原子质.md,745,1178,0.711,0.729,2026机构初赛模拟题/03-XeChem/（已压缩）PDF合并_1-199.md
XeChem,题-XeC-16-02-化学分析法常用于制盐工业中快.md,494,699,0.578,0.618,2026机构初赛模拟题/03-XeChem/（已压缩）PDF合并_1-199.md
XeChem,题-XeC-16-03-31高通量实验中的热量积累在.md,1038,1607,0.715,0.736,2026机构初赛模拟题/03-XeChem/（已压缩）PDF合并_1-199.md
XeChem,题-XeC-16-04-目前化学家已经能够借助AI等.md,1268,1518,0.603,0.673,2026机构初赛模拟题/03-XeChem/（已压缩）PDF合并_1-199.md
XeChem,题-XeC-16-06-NO与金属配位时可以展现极其.md,1036,1374,0.722,0.745,2026机构初赛模拟题/03-XeChem/（已压缩）PDF合并_1-199.md
XeChem,题-XeC-16-07-众所周知立体化学是有机化学中.md,470,498,0.838,0.891,2026机构初赛模拟题/03-XeChem/（已压缩）PDF合并_1-199.md
XeChem,题-XeC-16-08-环丙烷作为最小的碳环结构是各.md,403,419,0.848,0.904,2026机构初赛模拟题/03-XeChem/（已压缩）PDF合并_1-199.md
XeChem,题-XeC-16-09-合成化学家们通常使用走走停停.md,3771,689,0.293,0.87,2026机构初赛模拟题/03-XeChem/（已压缩）PDF合并_1-199.md
XeChem,题-XeC-17-01-元素M是一种非金属元素然而其.md,800,1432,0.628,0.664,2026机构初赛模拟题/03-XeChem/（已压缩）PDF合并_1-199.md
XeChem,题-XeC-17-02-考虑两个胶体粒子之间的相互作.md,1011,1791,0.708,0.728,2026机构初赛模拟题/03-XeChem/（已压缩）PDF合并_1-199.md
XeChem,题-XeC-17-03-第14族元素在生产生活中发挥.md,588,704,0.804,0.835,2026机构初赛模拟题/03-XeChem/（已压缩）PDF合并_1-199.md
XeChem,题-XeC-17-04-Gaudefroyite是一.md,830,1170,0.683,0.707,2026机构初赛模拟题/03-XeChem/（已压缩）PDF合并_1-199.md
XeChem,题-XeC-17-05-借助对流稳态扩散进行线性伏安.md,793,1278,0.666,0.684,2026机构初赛模拟题/03-XeChem/（已压缩）PDF合并_1-199.md
XeChem,题-XeC-17-06-Si作为第三周期元素可以d轨.md,846,862,0.918,0.942,2026机构初赛模拟题/03-XeChem/（已压缩）PDF合并_1-199.md
XeChem,题-XeC-17-07-71关于CPBA氧化反应的理.md,886,895,0.777,0.865,2026机构初赛模拟题/03-XeChem/（已压缩）PDF合并_1-199.md
XeChem,题-XeC-17-08-醛由于O的孤对电子对CH反键.md,880,1024,0.828,0.856,2026机构初赛模拟题/03-XeChem/（已压缩）PDF合并_1-199.md
XeChem,题-XeC-17-09-汇聚式合成convergen.md,697,719,0.93,0.96,2026机构初赛模拟题/03-XeChem/（已压缩）PDF合并_1-199.md
XeChem,题-XeC-18-01-某文献报道LnYLaLu在苯.md,469,585,0.554,0.648,2026机构初赛模拟题/03-XeChem/（已压缩）PDF合并_1-199.md
XeChem,题-XeC-19-02-氮宾作为一种不稳定的瞬态物种.md,1010,1296,0.678,0.726,2026机构初赛模拟题/03-XeChem/（已压缩）PDF合并_200-399.md
XeChem,题-XeC-19-03-磷的同素异形体丰富其中的PP.md,877,1168,0.676,0.706,2026机构初赛模拟题/03-XeChem/（已压缩）PDF合并_200-399.md
XeChem,题-XeC-19-04-机械互锁聚合物MIPs是一类.md,874,1305,0.658,0.676,2026机构初赛模拟题/03-XeChem/（已压缩）PDF合并_200-399.md
XeChem,题-XeC-19-05-烷基硫酸盐是大气气溶胶中的重.md,2091,3131,0.553,0.594,2026机构初赛模拟题/03-XeChem/（已压缩）PDF合并_200-399.md
XeChem,题-XeC-19-06-铝是现代经济的基石在基础设施.md,2169,3583,0.601,0.629,2026机构初赛模拟题/03-XeChem/（已压缩）PDF合并_200-399.md
XeChem,题-XeC-19-08-尽管碳苷与含额外碳碳键糖类的.md,606,708,0.778,0.811,2026机构初赛模拟题/03-XeChem/（已压缩）PDF合并_200-399.md
XeChem,题-XeC-19-09-PausonKhand反应简.md,359,485,0.539,0.598,2026机构初赛模拟题/03-XeChem/（已压缩）PDF合并_200-399.md
XeChem,题-XeC-20-01-元素M和N是同族元素性质相似.md,915,1521,0.712,0.745,2026机构初赛模拟题/03-XeChem/（已压缩）PDF合并_200-399.md
XeChem,题-XeC-20-02-酸碱缓冲溶液是一种能对溶液的.md,883,2738,0.57,0.596,2026机构初赛模拟题/03-XeChem/（已压缩）PDF合并_200-399.md
XeChem,题-XeC-20-03-全固态锂电池以固态电解质替代.md,1174,1733,0.599,0.643,2026机构初赛模拟题/03-XeChem/（已压缩）PDF合并_200-399.md
XeChem,题-XeC-20-04-众所周知自然界中的许多病毒都.md,1065,1239,0.797,0.819,2026机构初赛模拟题/03-XeChem/（已压缩）PDF合并_200-399.md
XeChem,题-XeC-20-05-作为并没有过多接触实验的高中.md,1894,2087,0.858,0.882,2026机构初赛模拟题/03-XeChem/（已压缩）PDF合并_200-399.md
XeChem,题-XeC-20-06-TheActionLab在2.md,1863,2268,0.777,0.794,2026机构初赛模拟题/03-XeChem/（已压缩）PDF合并_200-399.md
XeChem,题-XeC-20-08-维生素H维生素生物素辅酶R是.md,873,923,0.792,0.863,2026机构初赛模拟题/03-XeChem/（已压缩）PDF合并_200-399.md
XeChem,题-XeC-21-01-十九世纪初墨西哥矿物学家在一.md,460,545,0.819,0.866,2026机构初赛模拟题/03-XeChem/（已压缩）PDF合并_200-399.md
XeChem,题-XeC-21-02-均配双萘零价过渡金属配合物是.md,1161,1220,0.752,0.809,2026机构初赛模拟题/03-XeChem/（已压缩）PDF合并_200-399.md
XeChem,题-XeC-21-03-碳族第14族元素单质具有丰富.md,684,945,0.66,0.7,2026机构初赛模拟题/03-XeChem/（已压缩）PDF合并_200-399.md
XeChem,题-XeC-21-04-的电化学还原反应是一种新兴的.md,2177,4495,0.561,0.572,2026机构初赛模拟题/03-XeChem/（已压缩）PDF合并_200-399.md
XeChem,题-XeC-21-05-BDF单体在DMSO中用2当.md,1110,1709,0.599,0.614,2026机构初赛模拟题/03-XeChem/（已压缩）PDF合并_200-399.md
XeChem,题-XeC-21-07-在现代有机合成中一些结构稳定.md,737,756,0.9,0.936,2026机构初赛模拟题/03-XeChem/（已压缩）PDF合并_200-399.md
XeChem,题-XeC-22-01-磷化镓GaP是典型的IIIV.md,1365,1583,0.863,0.886,2026机构初赛模拟题/03-XeChem/（已压缩）PDF合并_200-399.md
XeChem,题-XeC-22-03-第14族元素单质具有丰富的同.md,953,1146,0.792,0.812,2026机构初赛模拟题/03-XeChem/（已压缩）PDF合并_200-399.md
XeChem,题-XeC-22-04-层状锂钴氧化物是锂离子电池正.md,730,1021,0.688,0.728,2026机构初赛模拟题/03-XeChem/（已压缩）PDF合并_200-399.md
XeChem,题-XeC-22-05-二硼杂芳环即在芳香环骨架中同.md,966,979,0.739,0.801,2026机构初赛模拟题/03-XeChem/（已压缩）PDF合并_200-399.md
XeChem,题-XeC-22-06-酰胺因其共振稳定性通常表现出.md,911,957,0.89,0.922,2026机构初赛模拟题/03-XeChem/（已压缩）PDF合并_200-399.md
XeChem,题-XeC-23-01-铅是人类最早认识并大规模利用.md,1174,1995,0.686,0.694,2026机构初赛模拟题/03-XeChem/（已压缩）PDF合并_200-399.md
XeChem,题-XeC-23-02-碲化铋是目前室温附近性能最优.md,1211,1321,0.728,0.803,2026机构初赛模拟题/03-XeChem/（已压缩）PDF合并_200-399.md
XeChem,题-XeC-23-03-的固化封存是气候与能源领域的.md,501,662,0.687,0.72,2026机构初赛模拟题/03-XeChem/（已压缩）PDF合并_200-399.md
XeChem,题-XeC-23-04-1928年Ingold夫妇在.md,969,1107,0.827,0.856,2026机构初赛模拟题/03-XeChem/（已压缩）PDF合并_200-399.md
XeChem,题-XeC-23-05-苯酚是重要的工业化学品广泛用.md,1033,1226,0.695,0.759,2026机构初赛模拟题/03-XeChem/（已压缩）PDF合并_200-399.md
XeChem,题-XeC-23-06-I型笼合物是一类结构精妙的主.md,591,984,0.566,0.59,2026机构初赛模拟题/03-XeChem/（已压缩）PDF合并_200-399.md
XeChem,题-XeC-23-07-金属钛Ti因其高比强度优异耐.md,1020,1416,0.678,0.702,2026机构初赛模拟题/03-XeChem/（已压缩）PDF合并_200-399.md
XeChem,题-XeC-23-08-叔丁醇钾KOtBu是有机合成.md,1235,1491,0.816,0.847,2026机构初赛模拟题/03-XeChem/（已压缩）PDF合并_200-399.md
XeChem,题-XeC-23-09-91南京工业大学于2021年.md,583,581,0.928,0.967,2026机构初赛模拟题/03-XeChem/（已压缩）PDF合并_200-399.md
XeChem,题-XeC-24-01-十八世纪末Vauguelin.md,381,1018,0.501,0.517,2026机构初赛模拟题/03-XeChem/PDF合并_400-496.md
XeChem,题-XeC-24-02-1955年Wartik和Ap.md,1124,2613,0.566,0.577,2026机构初赛模拟题/03-XeChem/PDF合并_400-496.md
XeChem,题-XeC-24-03-肽链骨架中含有大量酰胺基团酰.md,1130,2068,0.661,0.687,2026机构初赛模拟题/03-XeChem/PDF合并_400-496.md
XeChem,题-XeC-24-04-作为碳碳三键的等电子体硼氮三.md,858,951,0.644,0.731,2026机构初赛模拟题/03-XeChem/PDF合并_400-496.md
XeChem,题-XeC-24-06-血红素是生物体内重要化合物其.md,473,498,0.823,0.883,2026机构初赛模拟题/03-XeChem/PDF合并_400-496.md
XeChem,题-XeC-24-07-碳碳三键既可以作亲核试剂也可.md,269,277,0.765,0.85,2026机构初赛模拟题/03-XeChem/PDF合并_400-496.md
XeChem,题-XeC-24-08-贝克曼重排是肟类化合物转化为.md,4305,1181,0.408,0.873,2026机构初赛模拟题/03-XeChem/PDF合并_400-496.md
XeChem,题-XeC-25-01-11元素X的丰度位于第十二位.md,426,829,0.629,0.669,2026机构初赛模拟题/03-XeChem/PDF合并_400-496.md
XeChem,题-XeC-25-02-锂氧电池工作时氧气在正极发生.md,1281,3375,0.509,0.521,2026机构初赛模拟题/03-XeChem/PDF合并_400-496.md
XeChem,题-XeC-25-03-一些配合物的配体可以参与到氧.md,931,931,0.822,0.906,2026机构初赛模拟题/03-XeChem/PDF合并_400-496.md
XeChem,题-XeC-25-04-小夜在随意浏览MP时看到了一.md,533,776,0.674,0.704,2026机构初赛模拟题/03-XeChem/PDF合并_400-496.md
XeChem,题-XeC-25-05-移液枪活塞式移液器是现代化学.md,988,1774,0.547,0.559,2026机构初赛模拟题/03-XeChem/PDF合并_400-496.md
XeChem,题-XeC-25-06-莫比乌斯芳香性不是指普通芳香.md,446,460,0.848,0.895,2026机构初赛模拟题/03-XeChem/PDF合并_400-496.md
XeChem,题-XeC-25-07-对甲苯磺酰卤TsX兼具磺酰基.md,895,962,0.876,0.901,2026机构初赛模拟题/03-XeChem/PDF合并_400-496.md
XeChem,题-XeC-25-08-芳香环凭借高度离域的体系具有.md,4155,785,0.318,0.861,2026机构初赛模拟题/03-XeChem/PDF合并_400-496.md
XeChem,题-XeC-26-01-有机反应中细微的结构或反应环.md,1071,1160,0.884,0.907,2026机构初赛模拟题/03-XeChem/PDF合并_400-496.md
XeChem,题-XeC-26-02-211以如下仲醇为例分别给出.md,1050,1341,0.749,0.77,2026机构初赛模拟题/03-XeChem/PDF合并_400-496.md
XeChem,题-XeC-26-03-重排反应能够通过分子内部键的.md,661,670,0.813,0.898,2026机构初赛模拟题/03-XeChem/PDF合并_400-496.md
XeChem,题-XeC-26-04-负氢迁移是一类重要的分子内氧.md,798,809,0.94,0.965,2026机构初赛模拟题/03-XeChem/PDF合并_400-496.md
XeChem,题-XeC-26-05-周环反应能够通过键与键的协同.md,626,649,0.865,0.925,2026机构初赛模拟题/03-XeChem/PDF合并_400-496.md
XeChem,题-XeC-26-06-Phorbol与ingeno.md,3945,926,0.336,0.912,2026机构初赛模拟题/03-XeChem/PDF合并_400-496.md
XeChem,题-XeC-40-01-金银铜是人类历史上最早被认识.md,1349,1799,0.787,0.812,2026机构初赛模拟题/03-XeChem/第40届XeChem初赛模拟试题（十一）.md
XeChem,题-XeC-40-01-零价配合物因其有趣的电子结构.md,370,366,0.93,0.962,2026机构初赛模拟题/03-XeChem/第40届XeChem初赛模拟试题（十）.md
XeChem,题-XeC-40-02-指尖脉搏血氧仪是一种便携式医.md,512,802,0.642,0.67,2026机构初赛模拟题/03-XeChem/第40届XeChem初赛模拟试题（十一）.md
XeChem,题-XeC-40-03-31牛奶富含很多人体生长发育.md,3199,4303,0.778,0.794,2026机构初赛模拟题/03-XeChem/第40届XeChem初赛模拟试题（十）.md
XeChem,题-XeC-40-03-传统上介导可逆的氧化还原催化.md,610,642,0.884,0.916,2026机构初赛模拟题/03-XeChem/第40届XeChem初赛模拟试题（十一）.md
XeChem,题-XeC-40-04-方钴矿系skutterudi.md,595,1002,0.551,0.584,2026机构初赛模拟题/03-XeChem/第40届XeChem初赛模拟试题（十一）.md
XeChem,题-XeC-40-04-活化炔烃是一类特殊的炔烃化合.md,1041,1100,0.895,0.924,2026机构初赛模拟题/03-XeChem/第40届XeChem初赛模拟试题（十）.md
XeChem,题-XeC-40-05-元素X的名称来自希腊神话中满.md,571,745,0.781,0.808,2026机构初赛模拟题/03-XeChem/第40届XeChem初赛模拟试题（十）.md
XeChem,题-XeC-40-05-在现代超分子化学中以色散力为.md,966,1545,0.598,0.614,2026机构初赛模拟题/03-XeChem/第40届XeChem初赛模拟试题（十一）.md
XeChem,题-XeC-40-06-氮杂芳环广泛存在于药物分子天.md,690,712,0.888,0.934,2026机构初赛模拟题/03-XeChem/第40届XeChem初赛模拟试题（十）.md
XeChem,题-XeC-40-06-量子点是一种半导体纳米晶粒径.md,1185,1341,0.617,0.704,2026机构初赛模拟题/03-XeChem/第40届XeChem初赛模拟试题（十一）.md
XeChem,题-XeC-40-07-克罗烷二萜是自然界中分布最广.md,1197,993,0.696,0.833,2026机构初赛模拟题/03-XeChem/第40届XeChem初赛模拟试题（十）.md
XeChem,题-XeC-40-07-碳正离子重排是近代有机合成化.md,538,567,0.874,0.909,2026机构初赛模拟题/03-XeChem/第40届XeChem初赛模拟试题（十一）.md
XeChem,题-XeC-40-08-有机硫化合物在有机合成中扮演.md,901,972,0.856,0.899,2026机构初赛模拟题/03-XeChem/第40届XeChem初赛模拟试题（十一）.md
XeChem,题-XeC-40-09-1氧杂十氢萘1oxadeca.md,601,616,0.902,0.927,2026机构初赛模拟题/03-XeChem/第40届XeChem初赛模拟试题（十一）.md
一式,题-YS-01-01-A是一种由三种主族元素构成的.md,561,1188,0.543,0.554,2026机构初赛模拟题/09-一式/一式01.md
一式,题-YS-01-02-1985年还是博士生的Ron.md,857,1383,0.635,0.663,2026机构初赛模拟题/09-一式/一式01.md
一式,题-YS-01-03-碳因其在和杂化下形成长链的能.md,734,1031,0.581,0.649,2026机构初赛模拟题/09-一式/一式01.md
一式,题-YS-01-04-在固体化学中同源系列是指一类.md,670,777,0.672,0.756,2026机构初赛模拟题/09-一式/一式01.md
一式,题-YS-01-05-高氧化态的过渡金属亚烷基配合.md,870,1384,0.586,0.615,2026机构初赛模拟题/09-一式/一式01.md
一式,题-YS-01-06-61四苯基锡是制备多种锡基有.md,688,920,0.589,0.705,2026机构初赛模拟题/09-一式/一式01.md
一式,题-YS-01-08-利用有机硼与底物的发生配位后.md,504,649,0.644,0.705,2026机构初赛模拟题/09-一式/一式01.md
一式,题-YS-01-09-块在高温情况下可以表现出不寻.md,369,437,0.662,0.748,2026机构初赛模拟题/09-一式/一式01.md
一式,题-YS-02-01-周易参同契中记载了如下有关金.md,423,622,0.765,0.814,2026机构初赛模拟题/09-一式/一式02.md
一式,题-YS-02-03-锂离子电池已成为移动能源市场.md,507,1082,0.594,0.615,2026机构初赛模拟题/09-一式/一式02.md
一式,题-YS-02-04-碳化物因碳的电负性适中而表现.md,571,923,0.546,0.605,2026机构初赛模拟题/09-一式/一式02.md
一式,题-YS-02-05-传统药物大多通过抑制酶或受体.md,922,2999,0.588,0.612,2026机构初赛模拟题/09-一式/一式02.md
一式,题-YS-02-09-通过一些方法构筑高张力的中间.md,483,593,0.713,0.768,2026机构初赛模拟题/09-一式/一式02.md
一式,题-YS-03-01-浊沸石Laumontite是.md,848,1175,0.756,0.784,2026机构初赛模拟题/09-一式/一式03.md
一式,题-YS-03-07-肼是一种无色油状液体具有强烈.md,237,402,0.579,0.607,2026机构初赛模拟题/09-一式/一式03.md
一式,题-YS-04-01-在古代波斯有一位炼金术士得到.md,304,809,0.505,0.531,2026机构初赛模拟题/09-一式/一式04.md
一式,题-YS-04-02-对叔丁基杯8芳烃能选择性地与.md,612,888,0.565,0.621,2026机构初赛模拟题/09-一式/一式04.md
一式,题-YS-04-03-过渡金属M具有23及4等多种.md,523,895,0.573,0.595,2026机构初赛模拟题/09-一式/一式04.md
一式,题-YS-04-04-中红外波段220nm激光在远.md,815,1275,0.632,0.681,2026机构初赛模拟题/09-一式/一式04.md
一式,题-YS-04-05-分子镊子是一类化合物它们能够.md,864,1198,0.624,0.669,2026机构初赛模拟题/09-一式/一式04.md
一式,题-YS-04-06-二茂铁的发现确立了以环戊烯为.md,843,834,0.752,0.874,2026机构初赛模拟题/09-一式/一式04.md
一式,题-YS-04-08-20世纪50年代末Brook.md,450,547,0.717,0.771,2026机构初赛模拟题/09-一式/一式04.md
一式,题-YS-04-09-高价碘试剂是一类环境友好低成.md,500,596,0.542,0.705,2026机构初赛模拟题/09-一式/一式04.md
一式,题-YS-05-01-与碳不同锗容易形成稳定的低价.md,525,991,0.506,0.53,2026机构初赛模拟题/09-一式/一式05.md
一式,题-YS-05-02-渗透方法可以用来研究小分子物.md,509,1070,0.6,0.628,2026机构初赛模拟题/09-一式/一式05.md
一式,题-YS-05-03-在第37届中国化学奥林匹克竞.md,547,813,0.661,0.714,2026机构初赛模拟题/09-一式/一式05.md
一式,题-YS-05-05-水乃生命之源降雨则是大自然调.md,1032,2325,0.639,0.657,2026机构初赛模拟题/09-一式/一式05.md
一式,题-YS-05-06-二硫烯dithiolene是.md,650,762,0.528,0.656,2026机构初赛模拟题/09-一式/一式05.md
一式,题-YS-05-09-91传统的头尾环化策略在构建.md,615,673,0.795,0.855,2026机构初赛模拟题/09-一式/一式05.md
一式,题-YS-06-03-2025年研究者开发了一种铜.md,427,650,0.515,0.581,2026机构初赛模拟题/09-一式/一式06.md
一式,题-YS-06-04-理解肌肉中能量产生的调控因素.md,1041,1574,0.703,0.729,2026机构初赛模拟题/09-一式/一式06.md
一式,题-YS-06-06-对叔丁基杯8芳烃实验原理富勒.md,573,786,0.618,0.709,2026机构初赛模拟题/09-一式/一式06.md
一式,题-YS-06-08-骨架编辑是分子框架内删除插入.md,273,309,0.692,0.764,2026机构初赛模拟题/09-一式/一式06.md
一式,题-YS-06-09-亚砜有着十分有趣的结构常画出.md,553,662,0.597,0.714,2026机构初赛模拟题/09-一式/一式06.md
一式,题-YS-07-02-汞很早就被人类认识并使用汉语.md,726,883,0.785,0.818,2026机构初赛模拟题/09-一式/一式07.md
一式,题-YS-07-03-稀土元素相似的化学性质使得人.md,357,569,0.593,0.624,2026机构初赛模拟题/09-一式/一式07.md
一式,题-YS-07-04-金属硫化物是一类经典的光催化.md,513,904,0.528,0.559,2026机构初赛模拟题/09-一式/一式07.md
一式,题-YS-07-06-ZIS的光催化与PPol的裂.md,1488,1730,0.729,0.818,2026机构初赛模拟题/09-一式/一式07.md
一式,题-YS-07-07-以下反应可制备具有自由基机械.md,481,543,0.614,0.728,2026机构初赛模拟题/09-一式/一式07.md
一式,题-YS-07-09-芳炔是一类非常重要的合成中间.md,441,465,0.773,0.852,2026机构初赛模拟题/09-一式/一式07.md
一式,题-YS-08-01-X和Y主要来源是铜电解精炼过.md,297,582,0.581,0.604,2026机构初赛模拟题/09-一式/一式08.md
一式,题-YS-08-03-索伦石是1961年在我国内蒙.md,442,644,0.557,0.632,2026机构初赛模拟题/09-一式/一式08.md
一式,题-YS-08-04-氢负离子转移是化学合成与催化.md,846,1721,0.56,0.605,2026机构初赛模拟题/09-一式/一式08.md
一式,题-YS-08-05-传统的能量化合物如RDXHM.md,1676,3049,0.539,0.589,2026机构初赛模拟题/09-一式/一式08.md
一式,题-YS-08-07-71选出如下关于下列反应以及.md,311,328,0.828,0.881,2026机构初赛模拟题/09-一式/一式08.md
一式,题-YS-10-01-国画并非仅仅黑白而是具有丰富.md,674,1200,0.624,0.682,2026机构初赛模拟题/09-一式/一式10.md
一式,题-YS-10-02-近年来研究者发展了一种可在室.md,468,672,0.672,0.715,2026机构初赛模拟题/09-一式/一式10.md
一式,题-YS-10-06-在有机合成中薄层色谱与柱层析.md,1715,2271,0.692,0.722,2026机构初赛模拟题/09-一式/一式10.md
一式,题-YS-10-09-91传统醚键切断的条件往往不.md,494,517,0.786,0.881,2026机构初赛模拟题/09-一式/一式10.md
伽马,题-GM-01-01-小杂环化合物的制备结构键合化.md,329,387,0.806,0.849,2026机构初赛模拟题/06-伽马/伽马化学2026年暑期模拟1.md
伽马,题-GM-01-01-指认物质是实验化学家百年以来.md,945,1466,0.747,0.803,2026机构初赛模拟题/06-伽马/五一伽马杭州1.md
伽马,题-GM-01-02-21从离子开始已知碳原子的第.md,1099,1423,0.744,0.77,2026机构初赛模拟题/06-伽马/五一伽马杭州1.md
伽马,题-GM-01-02-实验人员将和过量NaOH溶液.md,395,615,0.628,0.652,2026机构初赛模拟题/06-伽马/伽马化学2026年暑期模拟1.md
伽马,题-GM-01-03-某四方晶体的正当晶胞结构如图.md,304,453,0.625,0.659,2026机构初赛模拟题/06-伽马/伽马化学2026年暑期模拟1.md
伽马,题-GM-01-03-核酸和蛋白质等生物大分子在水.md,761,933,0.751,0.78,2026机构初赛模拟题/06-伽马/五一伽马杭州1.md
伽马,题-GM-01-04-化合物X是元素M的盐化学式为.md,670,1180,0.671,0.692,2026机构初赛模拟题/06-伽马/五一伽马杭州1.md
伽马,题-GM-01-04-镨Pr和钕Nd是一对较难分离.md,784,1406,0.646,0.664,2026机构初赛模拟题/06-伽马/伽马化学2026年暑期模拟1.md
伽马,题-GM-01-05-加州大学的研究人员制备了含Z.md,754,1188,0.573,0.632,2026机构初赛模拟题/06-伽马/伽马化学2026年暑期模拟1.md
伽马,题-GM-01-05-许多SbIII配合物被发现有.md,429,544,0.669,0.721,2026机构初赛模拟题/06-伽马/五一伽马杭州1.md
伽马,题-GM-01-06-1921年Staudinge.md,896,1054,0.792,0.827,2026机构初赛模拟题/06-伽马/伽马化学2026年暑期模拟1.md
伽马,题-GM-01-06-某最简式为的晶体属立方晶系a.md,259,601,0.563,0.594,2026机构初赛模拟题/06-伽马/五一伽马杭州1.md
伽马,题-GM-01-07-71有一系列卤代烷烃当时的转.md,439,491,0.811,0.859,2026机构初赛模拟题/06-伽马/五一伽马杭州1.md
伽马,题-GM-01-07-71选出以下在水中的溶解性最.md,113,132,0.655,0.78,2026机构初赛模拟题/06-伽马/伽马化学2026年暑期模拟1.md
伽马,题-GM-01-08-81周环反应811有以下转化.md,371,456,0.689,0.738,2026机构初赛模拟题/06-伽马/五一伽马杭州1.md
伽马,题-GM-01-08-以下为天然产物Guignar.md,489,678,0.679,0.707,2026机构初赛模拟题/06-伽马/伽马化学2026年暑期模拟1.md
伽马,题-GM-01-09-91Edman降解瑞典化学家.md,442,561,0.716,0.747,2026机构初赛模拟题/06-伽马/五一伽马杭州1.md
伽马,题-GM-01-09-研究人员报道了以下转化在保护.md,166,163,0.718,0.856,2026机构初赛模拟题/06-伽马/伽马化学2026年暑期模拟1.md
伽马,题-GM-02-01-作为主要的温室气体备受关注特.md,1707,2027,0.787,0.82,2026机构初赛模拟题/06-伽马/伽马化学2026年暑期模拟2.md
伽马,题-GM-02-02-乙酸丁酯是一种重要的有机溶剂.md,899,976,0.875,0.903,2026机构初赛模拟题/06-伽马/伽马化学2026年暑期模拟2.md
伽马,题-GM-02-03-一些含亚铜与卤素的盐由于其磁.md,269,283,0.827,0.893,2026机构初赛模拟题/06-伽马/伽马化学2026年暑期模拟2.md
伽马,题-GM-02-04-高分子材料的大规模使用带来了.md,549,709,0.726,0.748,2026机构初赛模拟题/06-伽马/伽马化学2026年暑期模拟2.md
伽马,题-GM-02-05-某二元化合物最初的作用是作为.md,414,556,0.704,0.73,2026机构初赛模拟题/06-伽马/伽马化学2026年暑期模拟2.md
伽马,题-GM-02-06-金属M为第VIII族元素研究.md,655,1000,0.671,0.712,2026机构初赛模拟题/06-伽马/伽马化学2026年暑期模拟2.md
伽马,题-GM-02-08-生物碱Acutumine最初.md,189,267,0.617,0.663,2026机构初赛模拟题/06-伽马/伽马化学2026年暑期模拟2.md
伽马,题-GM-02-09-91画出环丙烯酮的所有共振式.md,273,314,0.709,0.778,2026机构初赛模拟题/06-伽马/伽马化学2026年暑期模拟2.md
伽马,题-GM-03-01-可持续高分子材料具有可回收可.md,417,487,0.766,0.8,2026机构初赛模拟题/06-伽马/五一伽马杭州3.md
伽马,题-GM-03-02-沸石是人类最重要的微孔材料之.md,419,801,0.536,0.555,2026机构初赛模拟题/06-伽马/五一伽马杭州3.md
伽马,题-GM-03-03-A为一种银白色金属质地较软在.md,330,364,0.627,0.736,2026机构初赛模拟题/06-伽马/五一伽马杭州3.md
伽马,题-GM-03-05-mathrmCuImathr.md,558,1166,0.533,0.559,2026机构初赛模拟题/06-伽马/五一伽马杭州3.md
伽马,题-GM-03-06-246三硝基甲苯TNT是一种.md,624,1357,0.595,0.611,2026机构初赛模拟题/06-伽马/五一伽马杭州3.md
伽马,题-GM-04-01-11菽园杂记记载了如下制取铅.md,546,796,0.685,0.703,2026机构初赛模拟题/06-伽马/伽马化学2026年暑期模拟4.md
伽马,题-GM-04-01-短周期元素ABC和D两两之间.md,671,954,0.662,0.692,2026机构初赛模拟题/06-伽马/五一伽马杭州4.md
伽马,题-GM-04-02-21从表面因素分析为什么诸如.md,765,1303,0.623,0.64,2026机构初赛模拟题/06-伽马/伽马化学2026年暑期模拟4.md
伽马,题-GM-04-03-31几种分类311热塑性塑料.md,1144,1677,0.635,0.685,2026机构初赛模拟题/06-伽马/伽马化学2026年暑期模拟4.md
伽马,题-GM-04-04-蜘蛛丝是自然界中性能最卓越的.md,1278,1587,0.768,0.797,2026机构初赛模拟题/06-伽马/五一伽马杭州4.md
伽马,题-GM-04-05-长余辉现象最早出现在无机材料.md,942,912,0.689,0.832,2026机构初赛模拟题/06-伽马/五一伽马杭州4.md
伽马,题-GM-04-06-61制备饱和碘酸铜溶液的方式.md,531,806,0.674,0.704,2026机构初赛模拟题/06-伽马/伽马化学2026年暑期模拟4.md
伽马,题-GM-04-06-早在19世纪人们发现了一些分.md,887,1008,0.841,0.871,2026机构初赛模拟题/06-伽马/五一伽马杭州4.md
伽马,题-GM-04-07-71最近研究者制备出了含BB.md,378,341,0.78,0.92,2026机构初赛模拟题/06-伽马/伽马化学2026年暑期模拟4.md
伽马,题-GM-04-08-利用以下反应可以构建五元环酮.md,189,232,0.602,0.716,2026机构初赛模拟题/06-伽马/五一伽马杭州4.md
伽马,题-GM-04-09-91已知三苯甲基钠的固体和乙.md,498,714,0.676,0.702,2026机构初赛模拟题/06-伽马/伽马化学2026年暑期模拟4.md
伽马,题-GM-04-09-RC策略RelayCatal.md,462,527,0.82,0.857,2026机构初赛模拟题/06-伽马/五一伽马杭州4.md
伽马,题-GM-06-01-对于RichardTurne.md,979,1203,0.817,0.838,2026机构初赛模拟题/06-伽马/五一伽马杭州6.md
伽马,题-GM-06-04-1935年KarlFishe.md,896,1132,0.741,0.781,2026机构初赛模拟题/06-伽马/五一伽马杭州6.md
伽马,题-GM-06-06-随着可充电锂金属电池尤其是锂.md,1168,2009,0.682,0.723,2026机构初赛模拟题/06-伽马/五一伽马杭州6.md
伽马,题-GM-06-07-靛蓝Indigo最早于400.md,1170,1306,0.875,0.896,2026机构初赛模拟题/06-伽马/五一伽马杭州6.md
伽马,题-GM-09-01-维生素C用途非常广泛可作营养.md,750,915,0.82,0.835,2026机构初赛模拟题/06-伽马/伽马化学2026年暑期模拟9.md
伽马,题-GM-09-02-硫醇胺溶剂混合物已广泛应用于.md,586,901,0.521,0.58,2026机构初赛模拟题/06-伽马/伽马化学2026年暑期模拟9.md
伽马,题-GM-09-03-铜是人类最早使用的金属之一其.md,484,543,0.643,0.782,2026机构初赛模拟题/06-伽马/伽马化学2026年暑期模拟9.md
伽马,题-GM-09-07-Grubbs试剂作为一种高效.md,289,539,0.559,0.57,2026机构初赛模拟题/06-伽马/伽马化学2026年暑期模拟9.md
伽马,题-GM-09-09-尽管从吡啶制备苯是一种潜在的.md,391,370,0.926,0.989,2026机构初赛模拟题/06-伽马/伽马化学2026年暑期模拟9.md
伽马,题-GM-10-01-长期以来较重的元素元素多键的.md,317,391,0.624,0.694,2026机构初赛模拟题/06-伽马/伽马化学2026年暑期模拟10.md
伽马,题-GM-10-02-小明在化学竞赛实验室储存盐类.md,375,469,0.739,0.783,2026机构初赛模拟题/06-伽马/伽马化学2026年暑期模拟10.md
伽马,题-GM-10-03-311与一定量的反应生成离子.md,620,930,0.622,0.651,2026机构初赛模拟题/06-伽马/伽马化学2026年暑期模拟10.md
伽马,题-GM-10-05-在过去几年中对涉及以及其衍生.md,526,721,0.546,0.617,2026机构初赛模拟题/06-伽马/伽马化学2026年暑期模拟10.md
伽马,题-GM-10-08-8112021年Richmo.md,530,556,0.834,0.887,2026机构初赛模拟题/06-伽马/伽马化学2026年暑期模拟10.md
化英社,题-HYS-01-01-11型含氧酸盐A由四种元素组.md,514,615,0.727,0.793,2026机构初赛模拟题/07-化英社/第40届化英社化学奥林匹克(初赛)夏季初赛模拟12_1.md
化英社,题-HYS-01-01-本题可能用到氨基酸相关的缩写.md,723,802,0.824,0.856,2026机构初赛模拟题/07-化英社/第40届决赛模拟1（清晰版）.md
化英社,题-HYS-01-01-某金属元素M在自然界中分布广.md,851,870,0.836,0.904,2026机构初赛模拟题/07-化英社/化英社寒假初赛模拟 1.md
化英社,题-HYS-01-01-科学家在合成簇合物时常常使用.md,461,1059,0.536,0.557,2026机构初赛模拟题/07-化英社/化英社年后国初模拟1.md
化英社,题-HYS-01-02-AIndene是一种芳香烃含.md,781,1449,0.521,0.536,2026机构初赛模拟题/07-化英社/化英社寒假初赛模拟 1.md
化英社,题-HYS-01-02-将200mg乙酸铜123三唑.md,1033,1406,0.616,0.688,2026机构初赛模拟题/07-化英社/第40届化英社化学奥林匹克(初赛)夏季初赛模拟12_1.md
化英社,题-HYS-01-02-金属金属单键是金属键中最常见.md,597,816,0.619,0.664,2026机构初赛模拟题/07-化英社/第40届决赛模拟1（清晰版）.md
化英社,题-HYS-01-03-31向的DMF溶液中通入一氧.md,713,1717,0.52,0.536,2026机构初赛模拟题/07-化英社/化英社年后国初模拟1.md
化英社,题-HYS-01-03-Co元素由于其价格低廉储量丰.md,663,977,0.609,0.637,2026机构初赛模拟题/07-化英社/化英社寒假初赛模拟 1.md
化英社,题-HYS-01-03-纳米孔Nanopore技术是.md,932,917,0.718,0.82,2026机构初赛模拟题/07-化英社/第40届决赛模拟1（清晰版）.md
化英社,题-HYS-01-03-高度活泼物质的稳定化和隔离一.md,1041,1566,0.515,0.583,2026机构初赛模拟题/07-化英社/第40届化英社化学奥林匹克(初赛)夏季初赛模拟12_1.md
化英社,题-HYS-01-04-常见的环状共轭体系一般使用H.md,662,904,0.612,0.655,2026机构初赛模拟题/07-化英社/第40届决赛模拟1（清晰版）.md
化英社,题-HYS-01-04-某三元化合物X具有ABC三种.md,580,943,0.648,0.668,2026机构初赛模拟题/07-化英社/第40届化英社化学奥林匹克(初赛)夏季初赛模拟12_1.md
化英社,题-HYS-01-04-聚甲炔菁染料在近红外区有较大.md,710,1142,0.594,0.616,2026机构初赛模拟题/07-化英社/化英社寒假初赛模拟 1.md
化英社,题-HYS-01-05-下图是金属的一种羧酸盐晶体的.md,361,638,0.558,0.598,2026机构初赛模拟题/07-化英社/化英社年后国初模拟1.md
化英社,题-HYS-01-05-将一定量的钴和钒的氧化物置于.md,826,1059,0.768,0.791,2026机构初赛模拟题/07-化英社/化英社寒假初赛模拟 1.md
化英社,题-HYS-01-05-本题中可能用到如下的公式一球.md,843,762,0.508,0.682,2026机构初赛模拟题/07-化英社/第40届决赛模拟1（清晰版）.md
化英社,题-HYS-01-05-生物传感器与化学传感器是指一.md,1673,2267,0.643,0.717,2026机构初赛模拟题/07-化英社/第40届化英社化学奥林匹克(初赛)夏季初赛模拟12_1.md
化英社,题-HYS-01-06-在表面化学的体系中通常表面物.md,533,1606,0.575,0.595,2026机构初赛模拟题/07-化英社/化英社年后国初模拟1.md
化英社,题-HYS-01-07-71氯甲基麟酸二氯存在两种构.md,599,624,0.813,0.874,2026机构初赛模拟题/07-化英社/化英社寒假初赛模拟 1.md
化英社,题-HYS-01-07-申联反应不仅体现了步骤经济性.md,648,672,0.799,0.879,2026机构初赛模拟题/07-化英社/第40届化英社化学奥林匹克(初赛)夏季初赛模拟12_1.md
化英社,题-HYS-01-08-三价磷可以催化一些特殊的缺电.md,543,508,0.882,0.971,2026机构初赛模拟题/07-化英社/化英社寒假初赛模拟 1.md
化英社,题-HYS-01-08-将三级胺类药物转化为季铵盐以.md,311,323,0.85,0.902,2026机构初赛模拟题/07-化英社/第40届决赛模拟1（清晰版）.md
化英社,题-HYS-01-08-自由基介导的有机合成已经成为.md,686,769,0.812,0.852,2026机构初赛模拟题/07-化英社/第40届化英社化学奥林匹克(初赛)夏季初赛模拟12_1.md
化英社,题-HYS-01-09-基于硼试剂的手性控制策略被广.md,414,512,0.741,0.77,2026机构初赛模拟题/07-化英社/化英社年后国初模拟1.md
化英社,题-HYS-01-09-自2003年以来一些高氧化态.md,580,540,0.802,0.916,2026机构初赛模拟题/07-化英社/化英社寒假初赛模拟 1.md
化英社,题-HYS-01-10-具有吗啡骨架的化合物是一类常.md,389,359,0.819,0.94,2026机构初赛模拟题/07-化英社/化英社年后国初模拟1.md
化英社,题-HYS-02-01-In混合卤化物因其光致发光的.md,1331,1401,0.868,0.927,2026机构初赛模拟题/07-化英社/第40届化英社化学奥林匹克决赛夏季模拟试题2.md
化英社,题-HYS-02-01-分子机器几十年来一直激发着人.md,550,586,0.873,0.903,2026机构初赛模拟题/07-化英社/第40届化英社化学奥林匹克（初赛）春季联考2.md
化英社,题-HYS-02-01-在有机化合物中常见的元素除碳.md,1212,1835,0.7,0.73,2026机构初赛模拟题/07-化英社/第40届化英社化学奥林匹克（初赛）夏季初赛模拟2.md
化英社,题-HYS-02-01-已知XYZ是同族元素其相对原.md,459,696,0.63,0.674,2026机构初赛模拟题/07-化英社/化英社寒假初赛模拟 2.md
化英社,题-HYS-02-01-战国时期考工记记载的金有六齐.md,890,1183,0.816,0.857,2026机构初赛模拟题/07-化英社/化英社年后国初模拟2.md
化英社,题-HYS-02-02-Wade规则又称多面体骨架电.md,1044,1459,0.672,0.703,2026机构初赛模拟题/07-化英社/化英社年后国初模拟2.md
化英社,题-HYS-02-02-传统的过渡金属配合物中往往难.md,1323,1307,0.957,0.983,2026机构初赛模拟题/07-化英社/第40届化英社化学奥林匹克决赛夏季模拟试题2.md
化英社,题-HYS-02-02-对非金属硫化物XmSn进行了.md,559,593,0.634,0.751,2026机构初赛模拟题/07-化英社/化英社寒假初赛模拟 2.md
化英社,题-HYS-02-03-注意本题画的结构若含自由基需.md,649,749,0.783,0.82,2026机构初赛模拟题/07-化英社/化英社寒假初赛模拟 2.md
化英社,题-HYS-02-03-理想溶液是物理化学中非常重要.md,1272,1238,0.9,0.975,2026机构初赛模拟题/07-化英社/第40届化英社化学奥林匹克决赛夏季模拟试题2.md
化英社,题-HYS-02-03-电解水是利用电能将水分解为氢.md,995,1157,0.821,0.841,2026机构初赛模拟题/07-化英社/化英社年后国初模拟2.md
化英社,题-HYS-02-03-金属有机框架MOF是由金属离.md,724,1209,0.581,0.596,2026机构初赛模拟题/07-化英社/第40届化英社化学奥林匹克（初赛）春季联考2.md
化英社,题-HYS-02-04-41氯仿与氯气在光照条件下发.md,1968,1950,0.821,0.911,2026机构初赛模拟题/07-化英社/第40届化英社化学奥林匹克决赛夏季模拟试题2.md
化英社,题-HYS-02-04-硼单质有着较其他元素更复杂的.md,602,804,0.744,0.799,2026机构初赛模拟题/07-化英社/第40届化英社化学奥林匹克（初赛）夏季初赛模拟2.md
化英社,题-HYS-02-04-萃取是利用溶质在互不相溶溶剂.md,1464,1211,0.506,0.743,2026机构初赛模拟题/07-化英社/化英社年后国初模拟2.md
化英社,题-HYS-02-04-轮烷是一种超分子其由两个不由.md,379,367,0.923,0.978,2026机构初赛模拟题/07-化英社/化英社寒假初赛模拟 2.md
化英社,题-HYS-02-04-齿合度是指在配合物中单一配体.md,1090,628,0.674,0.931,2026机构初赛模拟题/07-化英社/第40届化英社化学奥林匹克（初赛）春季联考2.md
化英社,题-HYS-02-05-NiNO32是实验室中最常见.md,392,228,0.525,0.944,2026机构初赛模拟题/07-化英社/化英社寒假初赛模拟 2.md
化英社,题-HYS-02-05-稀磁半导体Dilutedma.md,3318,3309,0.9,0.941,2026机构初赛模拟题/07-化英社/第40届化英社化学奥林匹克决赛夏季模拟试题2.md
化英社,题-HYS-02-05-色谱法是分离鉴定化合物的一种.md,1119,1628,0.677,0.71,2026机构初赛模拟题/07-化英社/第40届化英社化学奥林匹克（初赛）夏季初赛模拟2.md
化英社,题-HYS-02-06-61单壁碳纳米管可以看做单层.md,641,1382,0.607,0.625,2026机构初赛模拟题/07-化英社/第40届化英社化学奥林匹克（初赛）春季联考2.md
化英社,题-HYS-02-06-61受自然界叶片气孔的光响应.md,1054,1021,0.948,0.991,2026机构初赛模拟题/07-化英社/第40届化英社化学奥林匹克决赛夏季模拟试题2.md
化英社,题-HYS-02-06-孟山都公司MonsantoC.md,1297,1593,0.813,0.834,2026机构初赛模拟题/07-化英社/第40届化英社化学奥林匹克（初赛）夏季初赛模拟2.md
化英社,题-HYS-02-06-有一类材料在突加荷载时既产生.md,627,667,0.805,0.863,2026机构初赛模拟题/07-化英社/化英社寒假初赛模拟 2.md
化英社,题-HYS-02-06-表面张力是液体表面分子因内部.md,867,1281,0.718,0.743,2026机构初赛模拟题/07-化英社/化英社年后国初模拟2.md
化英社,题-HYS-02-07-71顺1氟4叔丁基环己烷最稳.md,479,801,0.628,0.645,2026机构初赛模拟题/07-化英社/化英社年后国初模拟2.md
化英社,题-HYS-02-07-肿瘤细胞的增殖依赖于两个密切.md,685,1184,0.569,0.585,2026机构初赛模拟题/07-化英社/第40届化英社化学奥林匹克（初赛）春季联考2.md
化英社,题-HYS-02-07-高张力氮杂桥环凭借其刚性三维.md,940,1029,0.891,0.931,2026机构初赛模拟题/07-化英社/第40届化英社化学奥林匹克决赛夏季模拟试题2.md
化英社,题-HYS-02-08-81具有偶数个累积双键的结构.md,972,631,0.64,0.87,2026机构初赛模拟题/07-化英社/第40届化英社化学奥林匹克（初赛）夏季初赛模拟2.md
化英社,题-HYS-02-08-81有机硼氮化合物具有非常丰.md,644,1063,0.557,0.586,2026机构初赛模拟题/07-化英社/化英社年后国初模拟2.md
化英社,题-HYS-02-08-本题的两问可以说没有先后之分.md,183,170,0.933,1.0,2026机构初赛模拟题/07-化英社/化英社寒假初赛模拟 2.md
化英社,题-HYS-02-08-氧杂三元环由于可以通过双键环.md,706,714,0.937,0.963,2026机构初赛模拟题/07-化英社/第40届化英社化学奥林匹克（初赛）春季联考2.md
化英社,题-HYS-02-08-环庚三烯与双环410庚24二.md,998,994,0.942,0.971,2026机构初赛模拟题/07-化英社/第40届化英社化学奥林匹克决赛夏季模拟试题2.md
化英社,题-HYS-02-09-TEMPO是一类稳定的氮氧自.md,908,999,0.853,0.879,2026机构初赛模拟题/07-化英社/第40届化英社化学奥林匹克（初赛）春季联考2.md
化英社,题-HYS-02-09-在全合成流程中某些步骤往往不.md,400,442,0.853,0.884,2026机构初赛模拟题/07-化英社/第40届化英社化学奥林匹克决赛夏季模拟试题2.md
化英社,题-HYS-02-09-在有机合成中过渡金属偶联反应.md,574,607,0.759,0.838,2026机构初赛模拟题/07-化英社/化英社寒假初赛模拟 2.md
化英社,题-HYS-02-09-联烯是最简单的累积双键分子而.md,583,668,0.847,0.872,2026机构初赛模拟题/07-化英社/第40届化英社化学奥林匹克（初赛）夏季初赛模拟2.md
化英社,题-HYS-02-09-金属铜配合物作为有机反应的催.md,1040,729,0.654,0.966,2026机构初赛模拟题/07-化英社/化英社年后国初模拟2.md
化英社,题-HYS-03-01-早期主族金属元素M的名称来源.md,709,946,0.637,0.694,2026机构初赛模拟题/07-化英社/化英社寒假初赛模拟 3.md
化英社,题-HYS-03-01-磷是一个神秘又有趣的元素以其.md,853,991,0.842,0.865,2026机构初赛模拟题/07-化英社/第40届化英社化学奥林匹克（初赛）春季联考3试卷.md
化英社,题-HYS-03-01-质地柔软的变质矿物青金石是一.md,786,1059,0.869,0.887,2026机构初赛模拟题/07-化英社/化英社年后国初模拟3.md
化英社,题-HYS-03-02-X是金属M的一种氧化物将06.md,380,971,0.525,0.545,2026机构初赛模拟题/07-化英社/化英社年后国初模拟3.md
化英社,题-HYS-03-02-某同学期望制备漂亮的针状草酸.md,722,668,0.812,0.916,2026机构初赛模拟题/07-化英社/化英社寒假初赛模拟 3.md
化英社,题-HYS-03-02-高松灯是一位热爱拾石的少女一.md,889,1828,0.537,0.549,2026机构初赛模拟题/07-化英社/第40届化英社化学奥林匹克（初赛）春季联考3试卷.md
化英社,题-HYS-03-03-在酸性溶液中钒能形成黄色蓝色.md,706,1669,0.576,0.6,2026机构初赛模拟题/07-化英社/化英社年后国初模拟3.md
化英社,题-HYS-03-03-异核金属金属键配合物常常可以.md,691,720,0.887,0.921,2026机构初赛模拟题/07-化英社/化英社寒假初赛模拟 3.md
化英社,题-HYS-03-03-高松灯捡到方钠石后却不禁陷入.md,1886,2523,0.756,0.773,2026机构初赛模拟题/07-化英社/第40届化英社化学奥林匹克（初赛）春季联考3试卷.md
化英社,题-HYS-03-04-本题可能需要用到的积分公式i.md,1116,2198,0.614,0.626,2026机构初赛模拟题/07-化英社/第40届化英社化学奥林匹克（初赛）春季联考3试卷.md
化英社,题-HYS-03-04-血红蛋白Hb是一种重要的O运.md,1693,2877,0.592,0.606,2026机构初赛模拟题/07-化英社/化英社寒假初赛模拟 3.md
化英社,题-HYS-03-05-室温下单质钠的晶体随压力改变.md,664,1496,0.603,0.628,2026机构初赛模拟题/07-化英社/化英社年后国初模拟3.md
化英社,题-HYS-03-05-染料敏化太阳能电池DSSCs.md,1400,1661,0.798,0.818,2026机构初赛模拟题/07-化英社/化英社寒假初赛模拟 3.md
化英社,题-HYS-03-05-诱导反应是容量分析中的一个重.md,957,2280,0.659,0.678,2026机构初赛模拟题/07-化英社/第40届化英社化学奥林匹克（初赛）春季联考3试卷.md
化英社,题-HYS-03-06-天上繁星地上流萤夏夜的稻田间.md,796,1218,0.753,0.773,2026机构初赛模拟题/07-化英社/化英社年后国初模拟3.md
化英社,题-HYS-03-06-本题所有解释题超过15个字均.md,1178,1486,0.744,0.771,2026机构初赛模拟题/07-化英社/化英社寒假初赛模拟 3.md
化英社,题-HYS-03-06-高分子的交联是指在高分子链之.md,816,1533,0.54,0.551,2026机构初赛模拟题/07-化英社/第40届化英社化学奥林匹克（初赛）春季联考3试卷.md
化英社,题-HYS-03-07-71比较下列碳正离子的稳定性.md,324,473,0.555,0.644,2026机构初赛模拟题/07-化英社/化英社年后国初模拟3.md
化英社,题-HYS-03-07-吲哚类化合物是一类重要的含氮.md,751,765,0.948,0.971,2026机构初赛模拟题/07-化英社/第40届化英社化学奥林匹克（初赛）春季联考3试卷.md
化英社,题-HYS-03-07-质子耦合电子转移是有机化学中.md,981,1179,0.704,0.758,2026机构初赛模拟题/07-化英社/化英社寒假初赛模拟 3.md
化英社,题-HYS-03-08-123三唑骨架在自然界中并不.md,1243,1604,0.601,0.664,2026机构初赛模拟题/07-化英社/第40届化英社化学奥林匹克（初赛）春季联考3试卷.md
化英社,题-HYS-03-08-22二取代13环戊二酮是一类.md,530,556,0.853,0.898,2026机构初赛模拟题/07-化英社/化英社年后国初模拟3.md
化英社,题-HYS-03-08-固相多肽合成SPPS的基本思.md,746,768,0.922,0.945,2026机构初赛模拟题/07-化英社/化英社寒假初赛模拟 3.md
化英社,题-HYS-03-09-烯烃与醛的酸催化缩合反应可能.md,581,719,0.652,0.727,2026机构初赛模拟题/07-化英社/化英社年后国初模拟3.md
化英社,题-HYS-03-09-研究人员希望实现一个简单的亲.md,480,570,0.709,0.771,2026机构初赛模拟题/07-化英社/化英社寒假初赛模拟 3.md
化英社,题-HYS-03-10-SecuamamineD是一.md,592,640,0.753,0.838,2026机构初赛模拟题/07-化英社/化英社寒假初赛模拟 3.md
化英社,题-HYS-04-01-金属元素M早在数千年前就被人.md,726,1332,0.632,0.656,2026机构初赛模拟题/07-化英社/第40届化英社化学奥林匹克（初赛）春季联考4试卷.md
化英社,题-HYS-04-02-21设金属离子M的初始浓度为.md,1014,1714,0.649,0.66,2026机构初赛模拟题/07-化英社/第40届化英社化学奥林匹克（初赛）春季联考4试卷.md
化英社,题-HYS-04-03-氨是农业肥料化工原料的核心成.md,816,966,0.82,0.853,2026机构初赛模拟题/07-化英社/第40届化英社化学奥林匹克（初赛）春季联考4试卷.md
化英社,题-HYS-04-04-累积多烯Cumulenes是.md,960,1013,0.906,0.928,2026机构初赛模拟题/07-化英社/第40届化英社化学奥林匹克（初赛）春季联考4试卷.md
化英社,题-HYS-04-05-51葡萄糖Glucose具有.md,416,442,0.865,0.909,2026机构初赛模拟题/07-化英社/第40届化英社化学奥林匹克（初赛）春季联考4试卷.md
化英社,题-HYS-04-06-61如下的反应通过手性硫叶立.md,538,632,0.776,0.812,2026机构初赛模拟题/07-化英社/第40届化英社化学奥林匹克（初赛）春季联考4试卷.md
化英社,题-HYS-04-07-近日报道了一种通过RhIII.md,692,870,0.751,0.778,2026机构初赛模拟题/07-化英社/第40届化英社化学奥林匹克（初赛）春季联考4试卷.md
化英社,题-HYS-05-01-MN两种金属元素常用于制作餐.md,1024,1311,0.743,0.772,2026机构初赛模拟题/07-化英社/第40届化英社化学奥林匹克（初赛）春季联考5.md
化英社,题-HYS-05-01-几千年以来某种元素是导致腹绞.md,937,1186,0.79,0.814,2026机构初赛模拟题/07-化英社/第40届化英社化学奥林匹克初赛夏季模拟试题5.md
化英社,题-HYS-05-02-在罗马奥斯提亚Ostia港口.md,908,1882,0.59,0.615,2026机构初赛模拟题/07-化英社/第40届化英社化学奥林匹克初赛夏季模拟试题5.md
化英社,题-HYS-05-02-将炔烃中的一个碳原子替换为较.md,637,937,0.662,0.675,2026机构初赛模拟题/07-化英社/第40届化英社化学奥林匹克（初赛）春季联考5.md
化英社,题-HYS-05-03-临界描述了一个系统发生变化的.md,994,1134,0.553,0.728,2026机构初赛模拟题/07-化英社/第40届化英社化学奥林匹克（初赛）春季联考5.md
化英社,题-HYS-05-03-原子转移自由基聚合ATRP是.md,649,1155,0.58,0.623,2026机构初赛模拟题/07-化英社/第40届化英社化学奥林匹克初赛夏季模拟试题5.md
化英社,题-HYS-05-04-MOFsMetalOrgan.md,1128,1907,0.6,0.625,2026机构初赛模拟题/07-化英社/第40届化英社化学奥林匹克（初赛）春季联考5.md
化英社,题-HYS-05-04-X是一种团簇化合物其由四种元.md,625,1024,0.556,0.622,2026机构初赛模拟题/07-化英社/第40届化英社化学奥林匹克初赛夏季模拟试题5.md
化英社,题-HYS-05-05-传统的气液压缩制冷剂如氟利昂.md,741,1229,0.622,0.655,2026机构初赛模拟题/07-化英社/第40届化英社化学奥林匹克（初赛）春季联考5.md
化英社,题-HYS-05-05-激光技术应用广泛其物理原理涉.md,755,1325,0.623,0.642,2026机构初赛模拟题/07-化英社/第40届化英社化学奥林匹克初赛夏季模拟试题5.md
化英社,题-HYS-05-06-61口罩是由高分子化合物制成.md,725,933,0.741,0.762,2026机构初赛模拟题/07-化英社/第40届化英社化学奥林匹克（初赛）春季联考5.md
化英社,题-HYS-05-06-地球的历史令人着迷今天我们将.md,1458,2436,0.782,0.809,2026机构初赛模拟题/07-化英社/第40届化英社化学奥林匹克初赛夏季模拟试题5.md
化英社,题-HYS-05-07-作为地壳中最丰富的金属Al在.md,471,455,0.966,1.0,2026机构初赛模拟题/07-化英社/第40届化英社化学奥林匹克（初赛）春季联考5.md
化英社,题-HYS-05-08-1952年Lane等人首次从.md,705,768,0.841,0.865,2026机构初赛模拟题/07-化英社/第40届化英社化学奥林匹克（初赛）春季联考5.md
化英社,题-HYS-05-08-在学术文献中堆积常被用作一个.md,642,732,0.79,0.831,2026机构初赛模拟题/07-化英社/第40届化英社化学奥林匹克初赛夏季模拟试题5.md
化英社,题-HYS-05-09-铜催化的Ullmann反应在.md,1415,1918,0.798,0.814,2026机构初赛模拟题/07-化英社/第40届化英社化学奥林匹克（初赛）春季联考5.md
化英社,题-HYS-06-01-11一氯甲烷与单质在约和粉催.md,667,1267,0.615,0.625,2026机构初赛模拟题/07-化英社/第40届化英社化学奥林匹克初赛夏季模拟试题6.md
化英社,题-HYS-06-02-Oxone试剂是一种强氧化剂.md,1014,1937,0.609,0.626,2026机构初赛模拟题/07-化英社/第40届化英社化学奥林匹克初赛夏季模拟试题6.md
化英社,题-HYS-06-03-31葫芦脲cucurbitu.md,1092,1834,0.635,0.672,2026机构初赛模拟题/07-化英社/第40届化英社化学奥林匹克初赛夏季模拟试题6.md
化英社,题-HYS-07-01-本题涉及所有含M化合物中M的.md,892,1007,0.597,0.741,2026机构初赛模拟题/07-化英社/第40届化英社化学奥林匹克（初赛）夏季初赛模拟7.md
化英社,题-HYS-07-01-环境的开发利用与健康状况是人.md,940,389,0.412,0.992,2026机构初赛模拟题/07-化英社/初赛模拟7试卷(已优化).md
化英社,题-HYS-07-01-环境的开发利用与健康状况是人~2.md,943,1398,0.754,0.766,2026机构初赛模拟题/07-化英社/初赛模拟7试卷已优化.md
化英社,题-HYS-07-02-PAOx是一类新兴的生物相容.md,823,1029,0.742,0.776,2026机构初赛模拟题/07-化英社/初赛模拟7试卷(已优化).md
化英社,题-HYS-07-02-PAOx是一类新兴的生物相容~2.md,898,1236,0.721,0.737,2026机构初赛模拟题/07-化英社/初赛模拟7试卷已优化.md
化英社,题-HYS-07-03-31研究人员首先通过研究硼的.md,797,895,0.821,0.858,2026机构初赛模拟题/07-化英社/初赛模拟7试卷(已优化).md
化英社,题-HYS-07-03-31研究人员首先通过研究硼的~2.md,807,822,0.787,0.867,2026机构初赛模拟题/07-化英社/初赛模拟7试卷已优化.md
化英社,题-HYS-07-03-分析化学中的测定离子的浓度往.md,1111,1624,0.543,0.637,2026机构初赛模拟题/07-化英社/第40届化英社化学奥林匹克（初赛）夏季初赛模拟7.md
化英社,题-HYS-07-04-葡萄酒初榨橄榄油水果蔬菜全谷.md,2120,2038,0.758,0.887,2026机构初赛模拟题/07-化英社/初赛模拟7试卷(已优化).md
化英社,题-HYS-07-04-葡萄酒初榨橄榄油水果蔬菜全谷~2.md,2178,2957,0.783,0.797,2026机构初赛模拟题/07-化英社/初赛模拟7试卷已优化.md
化英社,题-HYS-07-05-含有过渡金属阳离子的扩展固体~2.md,858,1203,0.745,0.76,2026机构初赛模拟题/07-化英社/初赛模拟7试卷已优化.md
化英社,题-HYS-07-05-碳分子筛CMS材料的吸附曲线.md,874,1406,0.692,0.706,2026机构初赛模拟题/07-化英社/第40届化英社化学奥林匹克（初赛）夏季初赛模拟7.md
化英社,题-HYS-07-06-TIS存在多种晶型其中一种四.md,598,1173,0.52,0.547,2026机构初赛模拟题/07-化英社/第40届化英社化学奥林匹克（初赛）夏季初赛模拟7.md
化英社,题-HYS-08-03-金刚石晶体是最基础的几种晶体.md,656,721,0.759,0.814,2026机构初赛模拟题/07-化英社/第40届化英社化学奥林匹克初赛夏季初赛模拟8.md
化英社,题-HYS-08-04-在推动金属基氧化还原化学研究.md,780,1170,0.538,0.606,2026机构初赛模拟题/07-化英社/第40届化英社化学奥林匹克初赛夏季初赛模拟8.md
化英社,题-HYS-08-05-光谱是复色光经系统分光后按波.md,1073,2016,0.516,0.54,2026机构初赛模拟题/07-化英社/第40届化英社化学奥林匹克初赛夏季初赛模拟8.md
化英社,题-HYS-08-06-实验是化学中不可或缺的一部分.md,822,1085,0.708,0.738,2026机构初赛模拟题/07-化英社/第40届化英社化学奥林匹克初赛夏季初赛模拟8.md
化英社,题-HYS-08-07-71对于下面的环氧化反应说法.md,632,881,0.669,0.69,2026机构初赛模拟题/07-化英社/第40届化英社化学奥林匹克初赛夏季初赛模拟8.md
化英社,题-HYS-09-01-通常亚硝酸根还原为一氧化氮是.md,1313,2209,0.656,0.694,2026机构初赛模拟题/07-化英社/第40届化英社化学奥林匹克初赛夏季初赛模拟9.md
化英社,题-HYS-09-02-L乳酸LA是一种关键的代谢产.md,923,1784,0.637,0.647,2026机构初赛模拟题/07-化英社/第40届化英社化学奥林匹克初赛夏季初赛模拟9.md
化英社,题-HYS-09-03-Li是生产氚的核心原料而氚是.md,3656,4650,0.638,0.732,2026机构初赛模拟题/07-化英社/第40届化英社化学奥林匹克初赛夏季初赛模拟9.md
化英社,题-HYS-09-05-蛋白质的功能多样性主要源于其.md,2258,2899,0.716,0.773,2026机构初赛模拟题/07-化英社/第40届化英社化学奥林匹克初赛夏季初赛模拟9.md
化英社,题-HYS-09-06-现有一有机纯净物样品为无色澄.md,1044,1201,0.821,0.855,2026机构初赛模拟题/07-化英社/第40届化英社化学奥林匹克初赛夏季初赛模拟9.md
化英社,题-HYS-10-01-数硼烷作为使算的储敷材料即用.md,1183,2555,0.519,0.56,2026机构初赛模拟题/07-化英社/第40届初赛模拟10（清晰版）.md
化英社,题-HYS-10-01-磷元素因兼具适中的电负性丰富.md,539,773,0.752,0.774,2026机构初赛模拟题/07-化英社/第40届化英社化学奥林匹克（初赛）夏季初赛模拟10.md
化英社,题-HYS-10-02-21某种钾的含水锗酸盐A系立.md,633,889,0.53,0.611,2026机构初赛模拟题/07-化英社/第40届初赛模拟10（清晰版）.md
化英社,题-HYS-10-02-瑞典林雪平大学的LarsHu.md,803,1039,0.798,0.822,2026机构初赛模拟题/07-化英社/第40届化英社化学奥林匹克（初赛）夏季初赛模拟10.md
化英社,题-HYS-10-03-蜗型螯合配阴离子HBmt具有.md,620,1007,0.571,0.596,2026机构初赛模拟题/07-化英社/第40届初赛模拟10（清晰版）.md
化英社,题-HYS-10-03-近几十年来低价态主族元素配合.md,1501,1600,0.751,0.828,2026机构初赛模拟题/07-化英社/第40届化英社化学奥林匹克（初赛）夏季初赛模拟10.md
化英社,题-HYS-10-06-气相吸附是指气体混合物中的特.md,1401,2139,0.567,0.609,2026机构初赛模拟题/07-化英社/第40届初赛模拟10（清晰版）.md
化英社,题-HYS-10-06-过去认为水蒸发的微观本质是水.md,1112,2210,0.536,0.572,2026机构初赛模拟题/07-化英社/第40届化英社化学奥林匹克（初赛）夏季初赛模拟10.md
化英社,题-HYS-10-09-烯炔复分解是一种将烯烃和炔烃.md,654,642,0.984,1.0,2026机构初赛模拟题/07-化英社/第40届化英社化学奥林匹克（初赛）夏季初赛模拟10.md
化英社,题-HYS-10-10-101首先让我们明确碳氢活化.md,959,946,0.84,0.92,2026机构初赛模拟题/07-化英社/第40届化英社化学奥林匹克（初赛）夏季初赛模拟10.md
化英社,题-HYS-40-01-2023年智利和秘鲁等南美国.md,1010,1542,0.693,0.709,2026机构初赛模拟题/07-化英社/第40届化英社化学奥林匹克（初赛）春季联考6-final.md
化英社,题-HYS-40-02-金属亚硝酰配合物通常具有复杂.md,499,616,0.805,0.827,2026机构初赛模拟题/07-化英社/第40届化英社化学奥林匹克（初赛）春季联考6-final.md
化英社,题-HYS-40-03-二氰基磷负离子已成为一种便利.md,643,563,0.612,0.79,2026机构初赛模拟题/07-化英社/第40届化英社化学奥林匹克（初赛）春季联考6-final.md
化英社,题-HYS-40-04-磁性合金材料X是一种含MgN.md,493,905,0.56,0.58,2026机构初赛模拟题/07-化英社/第40届化英社化学奥林匹克（初赛）春季联考6-final.md
化英社,题-HYS-40-05-地球和陨石虽然在宏观的化学组.md,1018,2112,0.604,0.617,2026机构初赛模拟题/07-化英社/第40届化英社化学奥林匹克（初赛）春季联考6-final.md
化英社,题-HYS-40-06-驱动蛋白是一类典型的生物分子.md,1076,1491,0.784,0.803,2026机构初赛模拟题/07-化英社/第40届化英社化学奥林匹克（初赛）春季联考6-final.md
化英社,题-HYS-40-07-氟原子在有机化学中具有重要的.md,631,789,0.776,0.803,2026机构初赛模拟题/07-化英社/第40届化英社化学奥林匹克（初赛）春季联考6-final.md
北京夏令营,题-BJLY-05-有机巩固练习一-04-Appel反应和CoeryF.md,231,248,0.635,0.737,2026机构初赛模拟题/13-北京夏令营/北京夏令营-有机巩固练习一.md
北京夏令营,题-BJLY-05-有机巩固练习一-06-完成下列反应给出中间体提示最.md,64,12,0.18,0.9,2026机构初赛模拟题/13-北京夏令营/北京夏令营-有机巩固练习一.md
北京夏令营,题-BJLY-06-有机巩固练习三-03-如下环化反应被称之为Haus.md,226,212,0.701,0.876,2026机构初赛模拟题/13-北京夏令营/北京夏令营-有机巩固练习三.md
北京夏令营,题-BJLY-06-有机巩固练习三-04-化合物A是合成天然产物Lyc.md,603,692,0.696,0.795,2026机构初赛模拟题/13-北京夏令营/北京夏令营-有机巩固练习三.md
北京夏令营,题-BJLY-07-有机巩固练习二-02-近十余年来自由基化学重新焕发.md,433,571,0.558,0.62,2026机构初赛模拟题/13-北京夏令营/北京夏令营-有机巩固练习二.md
北京夏令营,题-BJLY-08-有机巩固练习四-01-1N烯丙基或乙酰基烯胺能发生.md,214,161,0.667,0.919,2026机构初赛模拟题/13-北京夏令营/北京夏令营-有机巩固练习四.md
北京夏令营,题-BJLY-08-有机巩固练习四-04-1一般双取代内稀发生亲电加成.md,291,258,0.616,0.816,2026机构初赛模拟题/13-北京夏令营/北京夏令营-有机巩固练习四.md
北京夏令营,题-BJLY-09-有机综合-05-仔细比较下列两33迁移反应条.md,355,205,0.518,0.921,2026机构初赛模拟题/13-北京夏令营/北京夏令营-有机综合.md
北京夏令营,题-BJLY-09-有机综合-08-81完成下列反应82完成下列.md,213,40,0.104,0.947,2026机构初赛模拟题/13-北京夏令营/北京夏令营-有机综合.md
壹尖培优,题-YJ-01-02-极性反转是最有效的有机合成方.md,498,619,0.73,0.761,2026机构初赛模拟题/05-壹尖培优/模拟测试卷1.md
壹尖培优,题-YJ-01-03-本题可能用到的缩写DIAD偶.md,693,1039,0.628,0.648,2026机构初赛模拟题/05-壹尖培优/模拟测试卷1.md
壹尖培优,题-YJ-01-04-硝基甲烷作为简单结构的大宗工.md,773,859,0.855,0.88,2026机构初赛模拟题/05-壹尖培优/模拟测试卷1.md
壹尖培优,题-YJ-01-05-Claisen重排最早由Cl.md,372,420,0.686,0.755,2026机构初赛模拟题/05-壹尖培优/模拟测试卷1.md
壹尖培优,题-YJ-02-03-31以下转化可看作经五元并环.md,303,415,0.531,0.606,2026机构初赛模拟题/05-壹尖培优/模拟测试卷2.md
壹尖培优,题-YJ-02-05-51经典的Mannich反应.md,603,706,0.511,0.64,2026机构初赛模拟题/05-壹尖培优/模拟测试卷2.md
方圆,题-FY-01-01-人的身体由许许多多原子组成它.md,693,1262,0.689,0.71,2026机构初赛模拟题/12-方圆/卷二-1.md
方圆,题-FY-01-02-随着化学的发展许多多面体形状.md,1923,2457,0.678,0.738,2026机构初赛模拟题/12-方圆/卷二-1.md
方圆,题-FY-01-06-611在一个萃取过程中体系的.md,391,834,0.558,0.584,2026机构初赛模拟题/12-方圆/卷二-1.md
方圆,题-FY-01-07-71对比下列消除反应的速率A.md,192,271,0.536,0.595,2026机构初赛模拟题/12-方圆/卷二-1.md
方圆,题-FY-01-09-烯酮是具有高度活性和选择性的.md,412,645,0.534,0.569,2026机构初赛模拟题/12-方圆/卷二-1.md
汇智,题-HZ-01-01-11有的反应看似是取代但实则.md,182,263,0.554,0.601,2026机构初赛模拟题/08-汇智/长沙冲刺有机1.md
汇智,题-HZ-01-01-铁是与人类息息相关的一种金属.md,691,1157,0.656,0.681,2026机构初赛模拟题/08-汇智/长沙冲刺综合1.md
汇智,题-HZ-01-02-21顺铂cisplatin即.md,565,968,0.576,0.601,2026机构初赛模拟题/08-汇智/长沙冲刺综合1.md
汇智,题-HZ-01-02-最近过量排放到大气中引起的全.md,954,1812,0.553,0.589,2026机构初赛模拟题/08-汇智/汇智起航五一初赛模拟1试卷.md
汇智,题-HZ-01-02-某无色有机物S在pH860的.md,645,1302,0.55,0.572,2026机构初赛模拟题/08-汇智/长沙冲刺物化1.md
汇智,题-HZ-01-03-分光光度法又称吸光光度法是建.md,1051,2039,0.537,0.573,2026机构初赛模拟题/08-汇智/汇智起航五一初赛模拟1试卷.md
汇智,题-HZ-01-03-本题中所有计算认为标准大气压.md,600,790,0.607,0.655,2026机构初赛模拟题/08-汇智/长沙冲刺综合1.md
汇智,题-HZ-01-03-肟类化合物是众多有机反应的易.md,501,743,0.644,0.66,2026机构初赛模拟题/08-汇智/长沙冲刺有机1.md
汇智,题-HZ-01-04-刚玉corundum即是一种.md,480,792,0.513,0.564,2026机构初赛模拟题/08-汇智/长沙冲刺综合1.md
汇智,题-HZ-01-05-硼化物是由硼和金属形成的化合.md,669,1274,0.529,0.549,2026机构初赛模拟题/08-汇智/汇智起航五一初赛模拟1试卷.md
汇智,题-HZ-01-05-草酸是一种常见的有机酸常存在.md,1118,2041,0.68,0.715,2026机构初赛模拟题/08-汇智/长沙冲刺综合1.md
汇智,题-HZ-01-05-请在四个选项中选择唯一正确的.md,662,701,0.761,0.841,2026机构初赛模拟题/08-汇智/长沙冲刺物化1.md
汇智,题-HZ-01-06-29815K下考虑如下原电池.md,666,938,0.584,0.62,2026机构初赛模拟题/08-汇智/长沙冲刺物化1.md
汇智,题-HZ-01-06-61单一单体的自由基聚合61.md,301,493,0.547,0.575,2026机构初赛模拟题/08-汇智/长沙冲刺综合1.md
汇智,题-HZ-01-06-一般认为芳环相对于烯烃更难以.md,393,634,0.514,0.554,2026机构初赛模拟题/08-汇智/长沙冲刺有机1.md
汇智,题-HZ-01-07-吗啉作为药物合成的重要中间体.md,528,902,0.509,0.529,2026机构初赛模拟题/08-汇智/长沙冲刺有机1.md
汇智,题-HZ-01-08-TosMIC试剂即对甲苯磺酰.md,496,335,0.601,0.891,2026机构初赛模拟题/08-汇智/汇智起航五一初赛模拟1试卷.md
汇智,题-HZ-01-09-作为经典的不稳定中间体卡宾的.md,318,392,0.673,0.724,2026机构初赛模拟题/08-汇智/汇智起航五一初赛模拟1试卷.md
汇智,题-HZ-01-09-机械化学是一种强大的技术手段.md,315,383,0.754,0.782,2026机构初赛模拟题/08-汇智/长沙冲刺有机1.md
汇智,题-HZ-01-09-自然界存在大量含有反式26二.md,949,989,0.654,0.764,2026机构初赛模拟题/08-汇智/长沙冲刺综合1.md
汇智,题-HZ-02-01-东汉魏伯阳所著周易参同契被誉.md,526,673,0.769,0.808,2026机构初赛模拟题/08-汇智/长沙化学刷初赛模拟2.md
汇智,题-HZ-02-01-在制备第三代半导体氮化镓Ga.md,1245,2641,0.513,0.532,2026机构初赛模拟题/08-汇智/长沙冲刺物化2.md
汇智,题-HZ-02-02-在特种钢材生产中钒V和铬Cr.md,549,1133,0.536,0.543,2026机构初赛模拟题/08-汇智/长沙冲刺综合2.md
汇智,题-HZ-02-03-锌碘电池凭借其高安全性低成本.md,493,1025,0.546,0.554,2026机构初赛模拟题/08-汇智/长沙冲刺综合2.md
汇智,题-HZ-02-04-苯甲酸简称HBen是常用的食.md,1206,2330,0.634,0.653,2026机构初赛模拟题/08-汇智/长沙冲刺物化2.md
汇智,题-HZ-02-04-邻基参与是有机合成中非常常见.md,332,490,0.66,0.676,2026机构初赛模拟题/08-汇智/汇智起航2026年五一期间有机化学初赛模拟卷2.md
汇智,题-HZ-02-05-奎宁分子结构如右图所示是从金.md,1086,1416,0.727,0.756,2026机构初赛模拟题/08-汇智/长沙化学刷初赛模拟2.md
汇智,题-HZ-02-05-甲醇被广泛用于聚合物和燃料生.md,813,1231,0.727,0.743,2026机构初赛模拟题/08-汇智/长沙冲刺物化2.md
汇智,题-HZ-02-05-过氧乙酰硝酸酯简写为PAN是.md,849,1051,0.799,0.811,2026机构初赛模拟题/08-汇智/长沙冲刺综合2.md
汇智,题-HZ-02-06-4H吡喃及其衍生物是一类重要.md,798,1564,0.508,0.521,2026机构初赛模拟题/08-汇智/长沙冲刺综合2.md
汇智,题-HZ-02-06-窄带荧光发射材料的合成是有机.md,393,607,0.596,0.612,2026机构初赛模拟题/08-汇智/汇智起航2026年五一期间有机化学初赛模拟卷2.md
汇智,题-HZ-02-07-71根据所学知识完成下列反应.md,51,33,0.538,0.903,2026机构初赛模拟题/08-汇智/长沙化学刷初赛模拟2.md
汇智,题-HZ-02-07-核苷二磷酸激酶NDPK是生物.md,1073,3264,0.619,0.654,2026机构初赛模拟题/08-汇智/长沙冲刺物化2.md
汇智,题-HZ-02-07-糠醛分子式为是一种常见的芳香.md,741,954,0.682,0.715,2026机构初赛模拟题/08-汇智/汇智起航2026年五一期间有机化学初赛模拟卷2.md
汇智,题-HZ-02-08-CBS反应CoreyBaks.md,570,593,0.828,0.893,2026机构初赛模拟题/08-汇智/长沙化学刷初赛模拟2.md
汇智,题-HZ-02-08-胺类物质所含有的氨基是生物活.md,910,1663,0.549,0.558,2026机构初赛模拟题/08-汇智/汇智起航2026年五一期间有机化学初赛模拟卷2.md
汇智,题-HZ-02-09-前列腺素prostaglan.md,867,833,0.915,0.986,2026机构初赛模拟题/08-汇智/汇智起航2026年五一期间有机化学初赛模拟卷2.md
汇智,题-HZ-03-01-氢气作为一种清洁能源未能得到.md,693,1630,0.551,0.559,2026机构初赛模拟题/08-汇智/长沙化学刷初赛模拟3.md
汇智,题-HZ-03-01-绿色是自然界相当常见的颜色从.md,972,1042,0.798,0.869,2026机构初赛模拟题/08-汇智/长沙冲刺综合3.md
汇智,题-HZ-03-02-前四周期元素AD常共生对应的.md,566,989,0.567,0.586,2026机构初赛模拟题/08-汇智/长沙化学刷初赛模拟3.md
汇智,题-HZ-03-03-31在地球地壳中主族元素A是.md,855,946,0.81,0.865,2026机构初赛模拟题/08-汇智/长沙冲刺综合3.md
汇智,题-HZ-03-03-金属Y与铯形成合金时会生成一.md,690,1232,0.643,0.653,2026机构初赛模拟题/08-汇智/长沙化学刷初赛模拟3.md
汇智,题-HZ-03-04-NAD是一种传递质子的辅酶它.md,393,739,0.556,0.599,2026机构初赛模拟题/08-汇智/长沙化学刷初赛模拟3.md
汇智,题-HZ-03-04-生物质催化转化是生产各种中间.md,842,1157,0.643,0.681,2026机构初赛模拟题/08-汇智/长沙冲刺综合3.md
汇智,题-HZ-03-05-在晶体学中典型晶体结构类型S.md,1058,1559,0.699,0.721,2026机构初赛模拟题/08-汇智/长沙冲刺综合3.md
汇智,题-HZ-03-05-神经毒素I的原理是结合并抑制.md,750,853,0.813,0.842,2026机构初赛模拟题/08-汇智/长沙化学刷初赛模拟3.md
汇智,题-HZ-03-07-配体中至少含有一个氮分子的配.md,569,863,0.752,0.782,2026机构初赛模拟题/08-汇智/长沙化学刷初赛模拟3.md
汇智,题-HZ-03-08-81卡宾曾被认为仅能作为不稳.md,810,876,0.851,0.88,2026机构初赛模拟题/08-汇智/长沙冲刺综合3.md
汇智,题-HZ-03-09-1997年分离出的天然产物W.md,521,704,0.577,0.633,2026机构初赛模拟题/08-汇智/长沙冲刺综合3.md
汇智,题-HZ-03-09-在一种高张力化合物的合成中研.md,230,213,0.909,0.985,2026机构初赛模拟题/08-汇智/长沙化学刷初赛模拟3.md
汇智,题-HZ-03-10-常见卡宾分为三线态和单线态其.md,603,706,0.747,0.816,2026机构初赛模拟题/08-汇智/长沙化学刷初赛模拟3.md
汇智,题-HZ-04-01-11干燥的HF与金属锗装入耐.md,394,463,0.773,0.811,2026机构初赛模拟题/08-汇智/长沙冲刺综合4.md
汇智,题-HZ-04-01-蓝晒工艺由英国科学家赫歇尔于.md,799,1127,0.737,0.757,2026机构初赛模拟题/08-汇智/长沙化学刷初赛模拟4.md
汇智,题-HZ-04-02-21氧化还原滴定法211肼可.md,592,709,0.697,0.746,2026机构初赛模拟题/08-汇智/长沙冲刺综合4.md
汇智,题-HZ-04-02-金属硼化物的制备有还原法固相.md,637,971,0.666,0.689,2026机构初赛模拟题/08-汇智/长沙化学刷初赛模拟4.md
汇智,题-HZ-04-03-31腈和异腈是有机化学中极其.md,540,973,0.501,0.524,2026机构初赛模拟题/08-汇智/长沙冲刺综合4.md
汇智,题-HZ-04-03-分光光度法是一种重要的分析方.md,667,1111,0.694,0.719,2026机构初赛模拟题/08-汇智/长沙化学刷初赛模拟4.md
汇智,题-HZ-04-04-某新型荧光染料分子M在紫外光.md,582,1233,0.571,0.596,2026机构初赛模拟题/08-汇智/长沙化学刷初赛模拟4.md
汇智,题-HZ-04-05-临床研究表明某些细菌的致病性.md,630,1203,0.578,0.609,2026机构初赛模拟题/08-汇智/长沙化学刷初赛模拟4.md
汇智,题-HZ-04-06-元素组成相同的两种常见酸A和.md,402,678,0.587,0.599,2026机构初赛模拟题/08-汇智/长沙冲刺综合4.md
汇智,题-HZ-04-06-能够对氮气进行还原功能化的均.md,868,1045,0.647,0.727,2026机构初赛模拟题/08-汇智/长沙化学刷初赛模拟4.md
汇智,题-HZ-04-07-71以下过程被称为Norri.md,397,525,0.692,0.732,2026机构初赛模拟题/08-汇智/长沙化学刷初赛模拟4.md
汇智,题-HZ-04-08-有机化学中的脱水剂一般指能够.md,271,270,0.947,0.983,2026机构初赛模拟题/08-汇智/长沙化学刷初赛模拟4.md
汇智,题-HZ-04-09-氮氧自由基是种类最为丰富的一.md,446,449,0.814,0.893,2026机构初赛模拟题/08-汇智/长沙化学刷初赛模拟4.md
汇智,题-HZ-05-01-在第38届国初中命题者向我们.md,1029,1664,0.701,0.727,2026机构初赛模拟题/08-汇智/汇智起航五一初赛模拟5试卷.md
汇智,题-HZ-05-07-71羰基是有机反应中被讨论最.md,1018,1560,0.6,0.629,2026机构初赛模拟题/08-汇智/汇智起航五一初赛模拟5试卷.md
汇智,题-HZ-05-09-自由基是一类高活性的中间体但.md,400,542,0.671,0.714,2026机构初赛模拟题/08-汇智/汇智起航五一初赛模拟5试卷.md
汇智,题-HZ-06-01-11众所周知石墨是C的最稳定.md,360,734,0.501,0.525,2026机构初赛模拟题/08-汇智/汇智起航五一初赛模拟6试卷.md
汇智,题-HZ-06-01-11在电解精炼金属产生的阳极.md,680,906,0.713,0.729,2026机构初赛模拟题/08-汇智/长沙冲刺综合6.md
汇智,题-HZ-06-02-21键角是化学键的一个重要的.md,595,833,0.695,0.707,2026机构初赛模拟题/08-汇智/长沙冲刺综合6.md
汇智,题-HZ-06-03-一种由Ba蓝球深色球和Cu绿.md,254,484,0.535,0.57,2026机构初赛模拟题/08-汇智/汇智起航五一初赛模拟6试卷.md
汇智,题-HZ-06-05-氨是最重要的化学产品之一其在.md,964,1908,0.549,0.562,2026机构初赛模拟题/08-汇智/长沙冲刺综合6.md
汇智,题-HZ-06-06-61电化学手段是分离一些金属.md,803,1212,0.686,0.747,2026机构初赛模拟题/08-汇智/长沙冲刺综合6.md
汇智,题-HZ-06-06-白磷是目前合成各种有机磷衍生.md,1205,1880,0.667,0.715,2026机构初赛模拟题/08-汇智/汇智起航五一初赛模拟6试卷.md
汇智,题-HZ-06-07-氟是电负性最大的元素在有机化.md,319,411,0.698,0.732,2026机构初赛模拟题/08-汇智/长沙冲刺综合6.md
汇智,题-HZ-06-08-硫可以通过被氧化或亲核进攻等.md,353,495,0.669,0.691,2026机构初赛模拟题/08-汇智/长沙冲刺综合6.md
汇智,题-HZ-06-09-91扩环反应的重要应用之一是.md,322,382,0.59,0.675,2026机构初赛模拟题/08-汇智/长沙冲刺综合6.md
汇智,题-HZ-07-01-许多元素在古代由于优良的性质.md,951,1537,0.662,0.686,2026机构初赛模拟题/08-汇智/长沙冲刺综合7.md
汇智,题-HZ-07-01-非金属元素X的一种氟化物A在.md,316,537,0.539,0.572,2026机构初赛模拟题/08-汇智/长沙化学刷初赛模拟7.md
汇智,题-HZ-07-02-Cupowder即铜粉书写时.md,145,164,0.748,0.801,2026机构初赛模拟题/08-汇智/2.7杭州有机化学班第三天练习题.md
汇智,题-HZ-07-03-31写出关键中间体32写出关.md,34,27,0.667,1.0,2026机构初赛模拟题/08-汇智/2.7杭州有机化学班第三天练习题.md
汇智,题-HZ-07-03-极地高山等冰冻环境中多晶冰内.md,516,846,0.592,0.615,2026机构初赛模拟题/08-汇智/汇智起航五一初赛模拟7试卷.md
汇智,题-HZ-07-03-生物膜是细胞各个结构的重要组.md,922,1982,0.654,0.674,2026机构初赛模拟题/08-汇智/长沙冲刺综合7.md
汇智,题-HZ-07-04-41著名的钙钛矿型晶体想必大.md,534,1028,0.507,0.531,2026机构初赛模拟题/08-汇智/长沙冲刺综合7.md
汇智,题-HZ-07-04-41表面活性剂是能够显著降低.md,874,1582,0.562,0.588,2026机构初赛模拟题/08-汇智/汇智起航五一初赛模拟7试卷.md
汇智,题-HZ-07-04-以芳香醛和1苯基乙12二醇为.md,293,284,0.935,0.974,2026机构初赛模拟题/08-汇智/2.7杭州有机化学班第三天练习题.md
汇智,题-HZ-07-04-聚酰胺尼龙是第一种实现商业化.md,811,1265,0.719,0.75,2026机构初赛模拟题/08-汇智/长沙化学刷初赛模拟7.md
汇智,题-HZ-07-05-有机金属卤化物钙钛矿材料近几.md,395,685,0.582,0.612,2026机构初赛模拟题/08-汇智/长沙化学刷初赛模拟7.md
汇智,题-HZ-07-05-高价碘试剂因其反应条件温和环.md,431,300,0.684,1.0,2026机构初赛模拟题/08-汇智/2.7杭州有机化学班第三天练习题.md
汇智,题-HZ-07-06-61要鉴别乙醇异丙醇叔丁醇需.md,565,938,0.574,0.612,2026机构初赛模拟题/08-汇智/长沙冲刺综合7.md
汇智,题-HZ-07-06-本题目将围绕着以下配体的反应.md,242,301,0.75,0.783,2026机构初赛模拟题/08-汇智/长沙化学刷初赛模拟7.md
汇智,题-HZ-07-06-金属原子之间的无限键系统仍然.md,932,1377,0.672,0.704,2026机构初赛模拟题/08-汇智/汇智起航五一初赛模拟7试卷.md
汇智,题-HZ-07-07-小明最近在研究单体有机化合物.md,306,309,0.897,0.942,2026机构初赛模拟题/08-汇智/长沙化学刷初赛模拟7.md
汇智,题-HZ-07-08-VilsmeierHaack.md,242,247,0.877,0.92,2026机构初赛模拟题/08-汇智/长沙化学刷初赛模拟7.md
汇智,题-HZ-07-08-偶氮二异丁腈AIBN第7题中.md,469,605,0.744,0.761,2026机构初赛模拟题/08-汇智/汇智起航五一初赛模拟7试卷.md
汇智,题-HZ-07-08-随着有机氟化学的发展偕二氟环.md,535,527,0.834,0.912,2026机构初赛模拟题/08-汇智/长沙冲刺综合7.md
汇智,题-HZ-07-09-苯炔benzene是一种由苯.md,253,222,0.807,0.972,2026机构初赛模拟题/08-汇智/长沙化学刷初赛模拟7.md
汇智,题-HZ-08-01-卤族元素由于其较高的电负性和.md,325,457,0.641,0.727,2026机构初赛模拟题/08-汇智/汇智起航五一初赛模拟8试卷.md
汇智,题-HZ-08-01-铅及其化合物在工农业生产中用.md,727,1344,0.539,0.582,2026机构初赛模拟题/08-汇智/长沙化学刷初赛模拟8.md
汇智,题-HZ-08-02-天青石是锶最重要的矿石之一其.md,655,900,0.584,0.651,2026机构初赛模拟题/08-汇智/汇智起航五一初赛模拟8试卷.md
汇智,题-HZ-08-02-电位滴定法利用电极电位的突跃.md,751,1270,0.55,0.583,2026机构初赛模拟题/08-汇智/长沙化学刷初赛模拟8.md
汇智,题-HZ-08-03-31写出以下反应的化学方程式.md,494,545,0.88,0.91,2026机构初赛模拟题/08-汇智/汇智起航五一初赛模拟8试卷.md
汇智,题-HZ-08-05-以下是某四方晶体沿a轴和c轴.md,331,561,0.573,0.602,2026机构初赛模拟题/08-汇智/汇智起航五一初赛模拟8试卷.md
汇智,题-HZ-08-05-火星大气中体积分数约为总大气.md,1007,1773,0.528,0.565,2026机构初赛模拟题/08-汇智/长沙化学刷初赛模拟8.md
汇智,题-HZ-08-06-现有一种未知的橙红色化合物A.md,501,1036,0.51,0.521,2026机构初赛模拟题/08-汇智/汇智起航五一初赛模拟8试卷.md
汇智,题-HZ-08-07-保护基是与化学选择性息息相关.md,1094,1123,0.637,0.777,2026机构初赛模拟题/08-汇智/长沙化学刷初赛模拟8.md
汇智,题-HZ-08-08-金属氧化剂在有机化合物的氧化.md,755,840,0.801,0.839,2026机构初赛模拟题/08-汇智/长沙化学刷初赛模拟8.md
汇智,题-HZ-09-01-西直门位于北京内城西垣北侧旧.md,457,976,0.586,0.628,2026机构初赛模拟题/08-汇智/长沙化学刷初赛模拟9.md
汇智,题-HZ-09-08-81观察如下转化811已知产.md,606,941,0.578,0.611,2026机构初赛模拟题/08-汇智/长沙化学刷初赛模拟9.md
汇智,题-HZ-10-05-二氧化硫脲又称甲脒亚磺酸是一.md,861,1066,0.62,0.683,2026机构初赛模拟题/08-汇智/长沙化学刷初赛模拟10.md
汇智,题-HZ-10-06-化石能源中CH的活化是当前的.md,576,714,0.749,0.775,2026机构初赛模拟题/08-汇智/长沙化学刷初赛模拟10.md
汇智,题-HZ-10-08-81形式上具有3个H但本质是.md,506,566,0.747,0.822,2026机构初赛模拟题/08-汇智/长沙化学刷初赛模拟10.md
汇智,题-HZ-10-09-硝基官能团是有机合成中极为重.md,811,946,0.734,0.79,2026机构初赛模拟题/08-汇智/长沙化学刷初赛模拟10.md
汇智,题-HZ-11-01-锝Tc是放射性元素在核医学领.md,1239,1261,0.805,0.874,2026机构初赛模拟题/08-汇智/长沙化学刷初赛模拟11.md
汇智,题-HZ-11-04-硫族元素主要包括SSeTe之.md,599,637,0.719,0.817,2026机构初赛模拟题/08-汇智/长沙化学刷初赛模拟11.md
汇智,题-HZ-11-05-在晶体结构的研究中将晶胞拆分.md,845,1127,0.62,0.701,2026机构初赛模拟题/08-汇智/长沙化学刷初赛模拟11.md
汇智,题-HZ-11-06-糖类化合物在水溶液中有开链和.md,685,1034,0.51,0.573,2026机构初赛模拟题/08-汇智/长沙化学刷初赛模拟11.md
汇智,题-HZ-11-07-Wittig反应是工业上和实.md,670,992,0.591,0.637,2026机构初赛模拟题/08-汇智/长沙化学刷初赛模拟11.md
汇智,题-HZ-11-08-杂环广泛存在于药物分子对药理.md,730,770,0.709,0.813,2026机构初赛模拟题/08-汇智/长沙化学刷初赛模拟11.md
汇智,题-HZ-11-09-氧化还原反应是构建化学键的核.md,1306,1488,0.744,0.789,2026机构初赛模拟题/08-汇智/长沙化学刷初赛模拟11.md
汇智,题-HZ-12-01-砷是人类最早认知和利用的元素.md,830,1196,0.662,0.691,2026机构初赛模拟题/08-汇智/长沙化学刷初赛模拟12.md
汇智,题-HZ-12-02-锂离子电池作为最重要的电化学.md,603,1144,0.519,0.538,2026机构初赛模拟题/08-汇智/长沙化学刷初赛模拟12.md
汇智,题-HZ-12-03-MN是两种常见的金属元素他们.md,736,902,0.8,0.837,2026机构初赛模拟题/08-汇智/长沙化学刷初赛模拟12.md
汇智,题-HZ-12-05-在电化学沉积领域中Cu与Zn.md,632,926,0.644,0.676,2026机构初赛模拟题/08-汇智/长沙化学刷初赛模拟12.md
汇智,题-HZ-12-06-在学习原子结构时你或许囫囵吞.md,990,1818,0.623,0.646,2026机构初赛模拟题/08-汇智/长沙化学刷初赛模拟12.md
汇智,题-HZ-37-01-从古代炼丹术的神火到拉瓦锡的.md,974,1264,0.823,0.858,2026机构初赛模拟题/08-汇智/长沙冲刺无机综合.md
汇智,题-HZ-37-02-非过渡金属M为一种灰白色的金.md,699,1197,0.615,0.646,2026机构初赛模拟题/08-汇智/长沙冲刺无机综合.md
汇智,题-HZ-37-03-氮和氟都是高电负性的元素其形.md,459,683,0.734,0.742,2026机构初赛模拟题/08-汇智/长沙冲刺无机综合.md
汇智,题-HZ-37-04-2011年3月11日日本东北.md,715,1447,0.624,0.64,2026机构初赛模拟题/08-汇智/长沙冲刺无机综合.md
汇智,题-HZ-37-05-20世纪70年代可充电锂离子.md,562,1004,0.625,0.644,2026机构初赛模拟题/08-汇智/长沙冲刺无机综合.md
汇智,题-HZ-37-08-M是一种常见金属常温下晶体为.md,450,599,0.607,0.661,2026机构初赛模拟题/08-汇智/长沙冲刺无机综合.md
汇智,题-HZ-38-01-多碘阴离子是碘元素的特征阴离.md,588,680,0.701,0.772,2026机构初赛模拟题/08-汇智/长沙冲刺结构.md
汇智,题-HZ-38-06-金属Mg是中学化学就已涉及到.md,664,993,0.666,0.688,2026机构初赛模拟题/08-汇智/长沙冲刺结构.md
清北营,题-QBY-01-01-在下水的初始温度为大气温度恒.md,84,180,0.503,0.533,2026机构初赛模拟题/04-清北营/清北营2026年物化专题班试卷1.md
清北营,题-QBY-01-01-金属M在化学史上扮演过及其重.md,502,866,0.717,0.735,2026机构初赛模拟题/04-清北营/2026年清北营寒假班-试卷1.md
清北营,题-QBY-01-02-在元素周期表中大多数金属元素.md,558,940,0.646,0.678,2026机构初赛模拟题/04-清北营/春季模拟1.md
清北营,题-QBY-01-02-在手套箱中将为五甲基环戊二烯.md,552,1208,0.509,0.516,2026机构初赛模拟题/04-清北营/2026年清北营暑假高二班-试卷1.md
清北营,题-QBY-01-02-用碘量法测定某电镀液中浓度取.md,489,1160,0.572,0.593,2026机构初赛模拟题/04-清北营/2026年清北营寒假班-试卷1.md
清北营,题-QBY-01-03-一种测量气体热容比的方法如图.md,218,386,0.639,0.655,2026机构初赛模拟题/04-清北营/清北营2026年物化专题班试卷1.md
清北营,题-QBY-01-03-在29815K与31815K.md,1014,1603,0.587,0.612,2026机构初赛模拟题/04-清北营/2026年清北营寒假班-试卷1.md
清北营,题-QBY-01-03-在一定温度下金属氢化物可与氢.md,578,1145,0.623,0.634,2026机构初赛模拟题/04-清北营/2026年清北营暑假高二班-试卷1.md
清北营,题-QBY-01-04-在Ar气气氛下将Bi以一定比.md,537,828,0.633,0.662,2026机构初赛模拟题/04-清北营/2026年清北营寒假班-试卷1.md
清北营,题-QBY-01-04-声音靠介质的弹性传播牛顿Ne.md,392,846,0.521,0.545,2026机构初赛模拟题/04-清北营/清北营2026年物化专题班试卷1.md
清北营,题-QBY-01-04-某河段出现鱼类上浮现象为测定.md,605,1560,0.558,0.567,2026机构初赛模拟题/04-清北营/2026年清北营暑假高二班-试卷1.md
清北营,题-QBY-01-04-氧化还原滴定作为分析化学中最.md,640,1031,0.605,0.632,2026机构初赛模拟题/04-清北营/春季模拟1.md
清北营,题-QBY-01-05-叠氮化氢是一种危险性极大的化.md,1140,1595,0.576,0.59,2026机构初赛模拟题/04-清北营/清北营2026年物化专题班试卷1.md
清北营,题-QBY-01-06-61众所周知水星的英文名和某.md,1297,2016,0.6,0.617,2026机构初赛模拟题/04-清北营/春季模拟1.md
清北营,题-QBY-01-06-61如下为铀系元素的部分衰变.md,1036,1609,0.697,0.708,2026机构初赛模拟题/04-清北营/清北营2026年物化专题班试卷1.md
清北营,题-QBY-01-06-放射性癌症治疗的历史源远流长.md,1248,1474,0.76,0.807,2026机构初赛模拟题/04-清北营/2026年清北营暑假高二班-试卷1.md
清北营,题-QBY-01-06-某类有机发光小分子可以可逆形.md,834,1059,0.807,0.823,2026机构初赛模拟题/04-清北营/2026年清北营寒假班-试卷1.md
清北营,题-QBY-01-07-丁腈橡胶是一种合成橡胶耐油性.md,460,1004,0.517,0.527,2026机构初赛模拟题/04-清北营/2026年清北营暑假高二班-试卷1.md
清北营,题-QBY-01-07-使在135三甲苯中回流可以发.md,980,1339,0.536,0.628,2026机构初赛模拟题/04-清北营/2026年清北营寒假班-试卷1.md
清北营,题-QBY-01-07-光合作用是个复杂的过程在人们.md,1461,2112,0.687,0.713,2026机构初赛模拟题/04-清北营/清北营2026年物化专题班试卷1.md
清北营,题-QBY-01-08-在核废料处理或放射性示踪实验.md,588,1042,0.526,0.561,2026机构初赛模拟题/04-清北营/清北营2026年物化专题班试卷1.md
清北营,题-QBY-01-08-氮杂芳烃具有电子特性复杂且存.md,263,422,0.63,0.65,2026机构初赛模拟题/04-清北营/2026年清北营寒假班-试卷1.md
清北营,题-QBY-02-01-11对一种含有Ag的盐X在热.md,483,981,0.536,0.563,2026机构初赛模拟题/04-清北营/2026年清北营寒假班-试卷2.md
清北营,题-QBY-02-01-11欧洲中世纪炼金术士坚信哲.md,1211,1555,0.791,0.804,2026机构初赛模拟题/04-清北营/2026年清北营暑假高二班-试卷2.md
清北营,题-QBY-02-01-一密封活塞中充满了液体水液体.md,161,305,0.553,0.57,2026机构初赛模拟题/04-清北营/清北营2026年物化专题班试卷2.md
清北营,题-QBY-02-01-金属X燃烧时生成挥发性最高价.md,833,1202,0.739,0.771,2026机构初赛模拟题/04-清北营/春季模拟2.md
清北营,题-QBY-02-02-已知的请完成下列问题211请.md,552,913,0.53,0.57,2026机构初赛模拟题/04-清北营/2026年清北营暑假高二班-试卷2.md
清北营,题-QBY-02-02-近日南开大学的一课题组基于碳.md,601,696,0.751,0.797,2026机构初赛模拟题/04-清北营/2026年清北营寒假班-试卷2.md
清北营,题-QBY-02-03-2025年来自中国的两个课题.md,999,1545,0.65,0.66,2026机构初赛模拟题/04-清北营/2026年清北营暑假高二班-试卷2.md
清北营,题-QBY-02-03-为确定岩石的年龄人们使用地质.md,711,1391,0.55,0.57,2026机构初赛模拟题/04-清北营/春季模拟2.md
清北营,题-QBY-02-03-铝热反应是常见的能获得极高温.md,602,876,0.582,0.61,2026机构初赛模拟题/04-清北营/清北营2026年物化专题班试卷2.md
清北营,题-QBY-02-04-41荧光探针分子ProMZ的.md,586,993,0.55,0.563,2026机构初赛模拟题/04-清北营/清北营2026年物化专题班试卷2.md
清北营,题-QBY-02-04-下图为实验室制备12二溴乙烷.md,490,860,0.617,0.648,2026机构初赛模拟题/04-清北营/春季模拟2.md
清北营,题-QBY-02-04-近些年来有关主族金属金属键以.md,869,1048,0.794,0.819,2026机构初赛模拟题/04-清北营/2026年清北营暑假高二班-试卷2.md
清北营,题-QBY-02-04-通过已知电极测定未知电极的标.md,675,1053,0.709,0.724,2026机构初赛模拟题/04-清北营/2026年清北营寒假班-试卷2.md
清北营,题-QBY-02-05-下图是某种物质的其中一种晶型.md,350,757,0.542,0.579,2026机构初赛模拟题/04-清北营/春季模拟2.md
清北营,题-QBY-02-05-本题记丙酮为A二氯甲烷为B在.md,338,523,0.647,0.671,2026机构初赛模拟题/04-清北营/清北营2026年物化专题班试卷2.md
清北营,题-QBY-02-05-近日某课题组通过光驱动分子内.md,568,854,0.634,0.661,2026机构初赛模拟题/04-清北营/2026年清北营寒假班-试卷2.md
清北营,题-QBY-02-06-固态物质的蒸气压是难以测量的.md,713,1253,0.502,0.565,2026机构初赛模拟题/04-清北营/春季模拟2.md
清北营,题-QBY-02-06-在等温等压下一个自发过程可以.md,633,851,0.779,0.792,2026机构初赛模拟题/04-清北营/清北营2026年物化专题班试卷2.md
清北营,题-QBY-02-06-如下是一种金属含氧酸盐的晶体.md,486,1108,0.539,0.558,2026机构初赛模拟题/04-清北营/2026年清北营寒假班-试卷2.md
清北营,题-QBY-02-06-对于亲核取代反应Basolo.md,854,1715,0.621,0.656,2026机构初赛模拟题/04-清北营/2026年清北营暑假高二班-试卷2.md
清北营,题-QBY-02-07-12二嗪作为有机反应中较为少.md,645,899,0.697,0.714,2026机构初赛模拟题/04-清北营/2026年清北营寒假班-试卷2.md
清北营,题-QBY-02-07-71Smiles重排作为一常.md,310,508,0.564,0.586,2026机构初赛模拟题/04-清北营/2026年清北营暑假高二班-试卷2.md
清北营,题-QBY-02-07-本题中的故事是虚构的Gilb.md,1214,1944,0.667,0.679,2026机构初赛模拟题/04-清北营/清北营2026年物化专题班试卷2.md
清北营,题-QBY-02-08-812009年BioMM报道.md,502,443,0.814,0.951,2026机构初赛模拟题/04-清北营/2026年清北营暑假高二班-试卷2.md
清北营,题-QBY-02-08-苯并氮硼烷作为萘的等电子体通.md,420,524,0.724,0.754,2026机构初赛模拟题/04-清北营/2026年清北营寒假班-试卷2.md
清北营,题-QBY-02-09-细菌耐药性已成为21世纪全球.md,454,473,0.606,0.764,2026机构初赛模拟题/04-清北营/2026年清北营暑假高二班-试卷2.md
清北营,题-QBY-03-01-11某非金属元素A的白色挥发.md,384,663,0.644,0.67,2026机构初赛模拟题/04-清北营/2026年清北营暑假高二班-试卷3.md
清北营,题-QBY-03-01-11用浓硝酸与氢氟酸的混合溶.md,196,259,0.716,0.761,2026机构初赛模拟题/04-清北营/2026年清北营寒假班-试卷3.md
清北营,题-QBY-03-02-从富硼化合物的合成开始在晶体.md,685,1249,0.588,0.612,2026机构初赛模拟题/04-清北营/2026年清北营暑假高二班-试卷3.md
清北营,题-QBY-03-04-锝是原子序数最少的没有稳定同.md,737,979,0.742,0.77,2026机构初赛模拟题/04-清北营/2026年清北营暑假高二班-试卷3.md
清北营,题-QBY-03-05-1901年FritzUllm.md,2077,4030,0.568,0.575,2026机构初赛模拟题/04-清北营/2026年清北营寒假班-试卷3.md
清北营,题-QBY-03-05-我们都知道Mg这一碱土金属典.md,545,776,0.597,0.644,2026机构初赛模拟题/04-清北营/2026年清北营暑假高二班-试卷3.md
清北营,题-QBY-03-05-碳酸氢钙是一种非常常见的化学.md,670,1088,0.628,0.653,2026机构初赛模拟题/04-清北营/春季模拟3.md
清北营,题-QBY-03-06-共价有机框架Covalent.md,462,855,0.501,0.535,2026机构初赛模拟题/04-清北营/春季模拟3.md
清北营,题-QBY-03-07-在250mL烧杯中放置711.md,628,951,0.533,0.604,2026机构初赛模拟题/04-清北营/2026年清北营暑假高二班-试卷3.md
清北营,题-QBY-03-08-早在1909年烯烃被发现在过.md,480,590,0.547,0.677,2026机构初赛模拟题/04-清北营/春季模拟3.md
清北营,题-QBY-03-08-是一个经典而优秀的自由基还原.md,231,388,0.655,0.681,2026机构初赛模拟题/04-清北营/2026年清北营暑假高二班-试卷3.md
清北营,题-QBY-03-10-Prins反应早在100年前.md,316,363,0.611,0.724,2026机构初赛模拟题/04-清北营/春季模拟3.md
清北营,题-QBY-04-01-11ATGC是一类较强的分子.md,601,587,0.969,0.994,2026机构初赛模拟题/04-清北营/2026年清北营暑假高二班-试卷4.md
清北营,题-QBY-04-01-元素X被20世纪科普作家JE.md,1226,1692,0.751,0.77,2026机构初赛模拟题/04-清北营/2026年清北营寒假班-试卷4.md
清北营,题-QBY-04-01-烟花云幕重榴艳朝景侵夜空中的.md,487,1055,0.503,0.521,2026机构初赛模拟题/04-清北营/春季模拟4.md
清北营,题-QBY-04-02-21有一种型晶体的一种形式含.md,307,696,0.531,0.556,2026机构初赛模拟题/04-清北营/2026年清北营寒假班-试卷4.md
清北营,题-QBY-04-02-NaCl是一种及其常见的化合.md,737,1505,0.675,0.682,2026机构初赛模拟题/04-清北营/2026年清北营暑假高二班-试卷4.md
清北营,题-QBY-04-03-常见金属互化物为体心立方点阵.md,1315,2453,0.543,0.569,2026机构初赛模拟题/04-清北营/2026年清北营暑假高二班-试卷4.md
清北营,题-QBY-04-03-银离子可以与氯离子反应生成沉.md,390,1251,0.507,0.53,2026机构初赛模拟题/04-清北营/2026年清北营寒假班-试卷4.md
清北营,题-QBY-04-04-过渡金属元素M因其化合物多彩.md,893,1446,0.563,0.616,2026机构初赛模拟题/04-清北营/春季模拟4.md
清北营,题-QBY-04-04-近年研究人员发展了基于金属有.md,730,940,0.739,0.769,2026机构初赛模拟题/04-清北营/2026年清北营寒假班-试卷4.md
清北营,题-QBY-04-07-71请根据原子电负性以及轨道.md,439,429,0.611,0.704,2026机构初赛模拟题/04-清北营/2026年清北营寒假班-试卷4.md
清北营,题-QBY-04-08-81选出下列反应中有碳正离子.md,371,382,0.868,0.915,2026机构初赛模拟题/04-清北营/2026年清北营寒假班-试卷4.md
清北营,题-QBY-04-08-近日王平山教授团队创新性提出.md,864,1205,0.653,0.667,2026机构初赛模拟题/04-清北营/2026年清北营暑假高二班-试卷4.md
清北营,题-QBY-04-08-近日美国的一课题组开发了一种.md,369,359,0.92,0.964,2026机构初赛模拟题/04-清北营/春季模拟4.md
清北营,题-QBY-05-01-在一个普普又通通的星期二上午.md,1258,2213,0.649,0.659,2026机构初赛模拟题/04-清北营/2026年清北营暑假高二班-试卷5.md
清北营,题-QBY-05-02-近日我国科学家合成了一些单核.md,683,995,0.642,0.689,2026机构初赛模拟题/04-清北营/2026年清北营暑假高二班-试卷5.md
清北营,题-QBY-05-02-镅Am是一种超铀元素也是一种.md,393,597,0.61,0.643,2026机构初赛模拟题/04-清北营/春季模拟5.md
清北营,题-QBY-05-03-半导体的能带分为上下两层下层.md,594,760,0.777,0.814,2026机构初赛模拟题/04-清北营/2026年清北营寒假班-试卷5.md
清北营,题-QBY-05-03-某钠离子电池电解液碳酸酯体系.md,628,748,0.64,0.701,2026机构初赛模拟题/04-清北营/春季模拟5.md
清北营,题-QBY-05-04-某固体氧化物电解池SOEC共.md,801,1027,0.607,0.658,2026机构初赛模拟题/04-清北营/春季模拟5.md
清北营,题-QBY-05-04-热电转换是将热能转化为电能的.md,719,1027,0.744,0.765,2026机构初赛模拟题/04-清北营/2026年清北营寒假班-试卷5.md
清北营,题-QBY-05-05-20世纪下半叶研究人员发现具.md,516,686,0.776,0.792,2026机构初赛模拟题/04-清北营/2026年清北营寒假班-试卷5.md
清北营,题-QBY-05-05-51众所周知CH基团一般可以.md,382,770,0.55,0.561,2026机构初赛模拟题/04-清北营/2026年清北营暑假高二班-试卷5.md
清北营,题-QBY-05-05-源自p区元素的主族羰基类似物.md,543,1115,0.501,0.524,2026机构初赛模拟题/04-清北营/春季模拟5.md
清北营,题-QBY-05-06-61铂矿石中伴生PtPdAu.md,758,1179,0.705,0.715,2026机构初赛模拟题/04-清北营/2026年清北营暑假高二班-试卷5.md
清北营,题-QBY-05-06-我们来分析影响二元酸含2个等.md,581,1155,0.58,0.592,2026机构初赛模拟题/04-清北营/2026年清北营寒假班-试卷5.md
清北营,题-QBY-05-07-滑环凝胶是一类拓扑交联的聚合.md,709,1093,0.613,0.658,2026机构初赛模拟题/04-清北营/春季模拟5.md
清北营,题-QBY-05-07-阿伏伽德罗提出的分子论是物质.md,728,883,0.728,0.776,2026机构初赛模拟题/04-清北营/2026年清北营寒假班-试卷5.md
清北营,题-QBY-05-08-与仲醇叔醇的脱水反应相比伯醇.md,511,909,0.517,0.562,2026机构初赛模拟题/04-清北营/2026年清北营暑假高二班-试卷5.md
清北营,题-QBY-05-08-在有机反应中构造一个羰基位负.md,259,278,0.85,0.885,2026机构初赛模拟题/04-清北营/春季模拟5.md
清北营,题-QBY-05-09-在20世纪末和21世纪初呋喃.md,1411,1163,0.624,0.795,2026机构初赛模拟题/04-清北营/2026年清北营暑假高二班-试卷5.md
清北营,题-QBY-06-01-硫氧阴离子以硫酸根为首是人尽.md,684,1030,0.654,0.677,2026机构初赛模拟题/04-清北营/2026年清北营暑假高二班-试卷6.md
清北营,题-QBY-06-02-典型的Nazarov环化如下.md,779,765,0.976,0.994,2026机构初赛模拟题/04-清北营/春季模拟6.md
清北营,题-QBY-06-02-聚甲基丙烯酸甲酯PMMA是一.md,998,1367,0.7,0.718,2026机构初赛模拟题/04-清北营/2026年清北营暑假高二班-试卷6.md
清北营,题-QBY-06-03-某新型多孔框架材料MAF7可.md,502,1020,0.535,0.567,2026机构初赛模拟题/04-清北营/2026年清北营暑假高二班-试卷6.md
清北营,题-QBY-06-04-某实验室拟测定一废旧锂离子电.md,796,987,0.525,0.607,2026机构初赛模拟题/04-清北营/2026年清北营暑假高二班-试卷6.md
清北营,题-QBY-06-05-CS键在各种天然产物药物农用.md,755,794,0.937,0.956,2026机构初赛模拟题/04-清北营/春季模拟6.md
清北营,题-QBY-06-05-晶体X和Y由金属元素ABC和.md,279,548,0.524,0.571,2026机构初赛模拟题/04-清北营/2026年清北营暑假高二班-试卷6.md
清北营,题-QBY-06-06-相比于钯铑和铱催化剂而言铂和.md,817,857,0.955,0.968,2026机构初赛模拟题/04-清北营/春季模拟6.md
清北营,题-QBY-06-06-靶向药物由三个部分构成设计靶.md,715,762,0.814,0.872,2026机构初赛模拟题/04-清北营/2026年清北营暑假高二班-试卷6.md
清北营,题-QBY-06-07-PartI碘试剂的制备与基础.md,1085,1470,0.793,0.813,2026机构初赛模拟题/04-清北营/春季模拟6.md
清北营,题-QBY-06-08-现代有机合成致力于开发能构建.md,461,474,0.932,0.953,2026机构初赛模拟题/04-清北营/2026年清北营暑假高二班-试卷6.md
清北营,题-QBY-07-01-银自古被誉为月亮金属其温润而.md,1329,1958,0.688,0.701,2026机构初赛模拟题/04-清北营/春季模拟7.md
清北营,题-QBY-07-03-31金银单质都有绚丽的颜色3.md,772,572,0.566,0.856,2026机构初赛模拟题/04-清北营/春季模拟7.md
清北营,题-QBY-07-05-氟原子取代基是药物合成中非常.md,595,1041,0.636,0.648,2026机构初赛模拟题/04-清北营/2026年清北营暑假高二班-试卷7-有机专题.md
清北营,题-QBY-07-06-2024年XuQ等人报道了一.md,455,549,0.748,0.793,2026机构初赛模拟题/04-清北营/2026年清北营暑假高二班-试卷7-有机专题.md
清北营,题-QBY-07-06-氢有可能成为21世纪的主要能.md,461,543,0.723,0.767,2026机构初赛模拟题/04-清北营/春季模拟7.md
清北营,题-QBY-07-07-三羧酸循环是人体内重要的供能.md,786,1370,0.677,0.692,2026机构初赛模拟题/04-清北营/2026年清北营暑假高二班-试卷7-有机专题.md
清北营,题-QBY-07-09-生物碱是一类重要的天然产物它.md,912,962,0.802,0.869,2026机构初赛模拟题/04-清北营/春季模拟7.md
清北营,题-QBY-08-01-含元素X的矿石与NaCl混合.md,324,591,0.68,0.715,2026机构初赛模拟题/04-清北营/春季模拟8.md
清北营,题-QBY-08-03-31M是一种经典的配合物中心.md,791,1218,0.565,0.596,2026机构初赛模拟题/04-清北营/2026年清北营暑假高二班-试卷8.md
清北营,题-QBY-08-04-全钒液流电池是以金属钒离子为.md,855,1396,0.64,0.658,2026机构初赛模拟题/04-清北营/2026年清北营暑假高二班-试卷8.md
清北营,题-QBY-08-05-多锑配体络合物因其高光敏性和.md,416,581,0.695,0.724,2026机构初赛模拟题/04-清北营/春季模拟8.md
清北营,题-QBY-08-05-纳米是常用光催化材料其可在特.md,511,1077,0.512,0.531,2026机构初赛模拟题/04-清北营/2026年清北营暑假高二班-试卷8.md
清北营,题-QBY-08-06-611堆积层永远是晶体结构问.md,689,1416,0.54,0.552,2026机构初赛模拟题/04-清北营/2026年清北营暑假高二班-试卷8.md
清北营,题-QBY-08-06-对高分子反应规律的探寻具有重.md,1005,1422,0.801,0.822,2026机构初赛模拟题/04-清北营/春季模拟8.md
清北营,题-QBY-08-09-含硼有机化合物在有机化学中常.md,709,1062,0.651,0.662,2026机构初赛模拟题/04-清北营/2026年清北营暑假高二班-试卷8.md
清北营,题-QBY-09-01-早在5500年前古埃及人就知.md,962,1333,0.696,0.718,2026机构初赛模拟题/04-清北营/2026年清北营暑假高二班-试卷9.md
清北营,题-QBY-09-01-烟花云幕重榴艳朝景俊夜空中的.md,1339,2501,0.594,0.622,2026机构初赛模拟题/04-清北营/春季模拟9.md
清北营,题-QBY-09-02-金属有机框架MOF的合成主要.md,884,1107,0.767,0.801,2026机构初赛模拟题/04-清北营/2026年清北营暑假高二班-试卷9.md
清北营,题-QBY-09-03-物质存在固体液体气体三种状态.md,1202,1295,0.813,0.873,2026机构初赛模拟题/04-清北营/2026年清北营暑假高二班-试卷9.md
清北营,题-QBY-09-04-含磷杂环因其独特的空间结构和.md,514,515,0.869,0.925,2026机构初赛模拟题/04-清北营/2026年清北营暑假高二班-试卷9.md
清北营,题-QBY-09-05-51在酸碱滴定操作中下列仪器.md,351,416,0.742,0.784,2026机构初赛模拟题/04-清北营/2026年清北营暑假高二班-试卷9.md
清北营,题-QBY-09-06-分子变色龙是一类可以根据环境.md,777,1038,0.689,0.726,2026机构初赛模拟题/04-清北营/2026年清北营暑假高二班-试卷9.md
清北营,题-QBY-09-07-Fentanyl及其衍生物正.md,567,486,0.77,0.925,2026机构初赛模拟题/04-清北营/2026年清北营暑假高二班-试卷9.md
清北营,题-QBY-09-08-1885年AdolfvonB.md,608,859,0.674,0.707,2026机构初赛模拟题/04-清北营/2026年清北营暑假高二班-试卷9.md
清北营,题-QBY-09-09-研究人员近期合成了一种C20.md,651,1015,0.662,0.681,2026机构初赛模拟题/04-清北营/2026年清北营暑假高二班-试卷9.md
清北营,题-QBY-10-01-金属元素X在电子工业中具有重.md,495,1010,0.631,0.656,2026机构初赛模拟题/04-清北营/2026年清北营暑假高二班-试卷10.md
清北营,题-QBY-10-02-准确称取05055g奶粉置于.md,554,650,0.841,0.872,2026机构初赛模拟题/04-清北营/2026年清北营暑假高二班-试卷10.md
清北营,题-QBY-10-02-单原子催化剂SACs为具有催.md,692,921,0.725,0.767,2026机构初赛模拟题/04-清北营/春季模拟10.md
清北营,题-QBY-10-03-2025年的诺贝尔化学奖颁给.md,1464,2082,0.69,0.711,2026机构初赛模拟题/04-清北营/2026年清北营暑假高二班-试卷10.md
清北营,题-QBY-10-03-月球地质II但是仅仅是元素相.md,683,1173,0.571,0.617,2026机构初赛模拟题/04-清北营/春季模拟10.md
清北营,题-QBY-10-04-烟花云幕重榴艳朝景侵夜空中的.md,1134,2868,0.554,0.573,2026机构初赛模拟题/04-清北营/春季模拟10.md
清北营,题-QBY-10-04-超分子自组装在化学生物与材料.md,1388,2189,0.652,0.659,2026机构初赛模拟题/04-清北营/2026年清北营暑假高二班-试卷10.md
清北营,题-QBY-10-05-氧气的氧化还原反应是生命过程.md,1219,1967,0.737,0.754,2026机构初赛模拟题/04-清北营/春季模拟10.md
清北营,题-QBY-10-06-在化学动力学中对于R与P间的.md,817,2163,0.503,0.536,2026机构初赛模拟题/04-清北营/春季模拟10.md
清北营,题-QBY-10-06-磷宾及其衍生物由于其独特反应.md,823,1486,0.586,0.595,2026机构初赛模拟题/04-清北营/2026年清北营暑假高二班-试卷10.md
清北营,题-QBY-10-09-叠氮化合物虽然具有一定危险性.md,501,1015,0.506,0.517,2026机构初赛模拟题/04-清北营/2026年清北营暑假高二班-试卷10.md
清北营,题-QBY-11-02-离子晶体在绝对零度时为完美晶.md,1672,3006,0.625,0.633,2026机构初赛模拟题/04-清北营/2026年清北营暑假高二班-试卷11.md
清北营,题-QBY-11-02-过氧亚硝酸盐是一种生命体系中.md,890,1516,0.656,0.682,2026机构初赛模拟题/04-清北营/春季模拟11.md
清北营,题-QBY-11-03-如果你不小心在晚上饿了又不小.md,1040,2189,0.515,0.524,2026机构初赛模拟题/04-清北营/春季模拟11.md
清北营,题-QBY-11-03-苯拥有众所周知的芳香性这使得.md,851,1159,0.732,0.749,2026机构初赛模拟题/04-清北营/2026年清北营暑假高二班-试卷11.md
清北营,题-QBY-11-04-四三苯基膦钯0PdPPh是S.md,1448,1767,0.801,0.817,2026机构初赛模拟题/04-清北营/2026年清北营暑假高二班-试卷11.md
清北营,题-QBY-11-05-全无机三维多酸POM框架是一.md,921,1627,0.593,0.607,2026机构初赛模拟题/04-清北营/春季模拟11.md
清北营,题-QBY-11-06-双环110丁烷BCBs具有多.md,909,1649,0.568,0.576,2026机构初赛模拟题/04-清北营/春季模拟11.md
清北营,题-QBY-11-08-有研究人员发现了Au与某金属.md,871,1599,0.686,0.699,2026机构初赛模拟题/04-清北营/2026年清北营暑假高二班-试卷11.md
清北营,题-QBY-11-09-91自1977年Kagan等.md,2144,3911,0.557,0.587,2026机构初赛模拟题/04-清北营/春季模拟11.md
清北营,题-QBY-11-09-多面体是结构化学中的一个重要.md,929,1728,0.544,0.555,2026机构初赛模拟题/04-清北营/2026年清北营暑假高二班-试卷11.md
清北营,题-QBY-12-02-是常温常压下唯一的稳定气态U.md,341,561,0.554,0.606,2026机构初赛模拟题/04-清北营/春季模拟12.md
清北营,题-QBY-12-07-用滴定管将少量的溶液加到溶液.md,342,645,0.593,0.617,2026机构初赛模拟题/04-清北营/春季模拟12.md
清北营,题-QBY-12-08-在有机化学发展的初期仪器分析.md,766,1354,0.532,0.569,2026机构初赛模拟题/04-清北营/春季模拟12.md
清北营,题-QBY-13-02-卡宾与烯烃或炔烃的环加成反应.md,401,441,0.663,0.83,2026机构初赛模拟题/04-清北营/2026年清北营暑假高二班-试卷13.md
清北营,题-QBY-13-03-31画出还原酯基的一般机理并.md,391,770,0.507,0.531,2026机构初赛模拟题/04-清北营/2026年清北营暑假高二班-试卷13.md
清北营,题-QBY-13-08-本题需注意立体化学Vinig.md,901,1046,0.821,0.866,2026机构初赛模拟题/04-清北营/2026年清北营暑假高二班-试卷13.md
清北营,题-QBY-16-01-化合物A1A3与化合物C1C.md,769,891,0.738,0.847,2026机构初赛模拟题/04-清北营/2026年清北营暑假高二班-试卷16.md
清北营,题-QBY-16-02-氮气在温和条件下的转化是工业.md,959,877,0.867,0.953,2026机构初赛模拟题/04-清北营/2026年清北营暑假高二班-试卷16.md
清北营,题-QBY-16-03-首个人工合成的分子三叶结于2.md,1349,1908,0.787,0.806,2026机构初赛模拟题/04-清北营/2026年清北营暑假高二班-试卷16.md
清北营,题-QBY-16-05-液体中的起泡现象广泛存在于多.md,1216,1819,0.721,0.739,2026机构初赛模拟题/04-清北营/2026年清北营暑假高二班-试卷16.md
清北营,题-QBY-16-06-一氧化碳是一种不可或缺的C1.md,770,857,0.864,0.896,2026机构初赛模拟题/04-清北营/2026年清北营暑假高二班-试卷16.md
清北营,题-QBY-16-10-在有机化学中有机化合物中的N.md,582,635,0.64,0.771,2026机构初赛模拟题/04-清北营/2026年清北营暑假高二班-试卷16.md
清北营,题-QBY-17-01-11过渡金属元素M由英国传教.md,733,916,0.804,0.817,2026机构初赛模拟题/04-清北营/2026年清北营暑假高二班-试卷17.md
清北营,题-QBY-17-02-碳族元素需要得到或失去四个电.md,1414,1977,0.703,0.735,2026机构初赛模拟题/04-清北营/2026年清北营暑假高二班-试卷17.md
清北营,题-QBY-17-03-自旋冰SpinIce是一种特.md,971,1628,0.567,0.601,2026机构初赛模拟题/04-清北营/2026年清北营暑假高二班-试卷17.md
清北营,题-QBY-17-04-水是是人们认识的最早的物种之.md,1044,1665,0.644,0.674,2026机构初赛模拟题/04-清北营/2026年清北营暑假高二班-试卷17.md
清北营,题-QBY-17-05-在照相化学中显影是指将感光材.md,1231,2155,0.65,0.663,2026机构初赛模拟题/04-清北营/2026年清北营暑假高二班-试卷17.md
清北营,题-QBY-17-06-构建一个由个相同双膜三室浓差.md,958,1756,0.628,0.667,2026机构初赛模拟题/04-清北营/2026年清北营暑假高二班-试卷17.md
清北营,题-QBY-17-07-近年来在骨架编辑和天然产物骨.md,868,1372,0.698,0.72,2026机构初赛模拟题/04-清北营/2026年清北营暑假高二班-试卷17.md
清北营,题-QBY-17-08-近些年来有关金属催化的有机反.md,1180,1377,0.77,0.799,2026机构初赛模拟题/04-清北营/2026年清北营暑假高二班-试卷17.md
清北营,题-QBY-17-09-小环双环碳环骨架因其刚性结构.md,670,845,0.761,0.775,2026机构初赛模拟题/04-清北营/2026年清北营暑假高二班-试卷17.md
质心GChO,题-GChO-02-05-是常用的锂电池正极材料晶体结.md,221,257,0.565,0.665,2026机构初赛模拟题/01-质心GChO/ZCHEM-GChO2试题.md
质心GChO,题-GChO-02-06-BuchwardHartwi.md,858,970,0.558,0.636,2026机构初赛模拟题/01-质心GChO/ZCHEM-GChO2试题.md
质心GChO,题-GChO-02-08-有机反应按机理可以分为三大类.md,510,566,0.845,0.866,2026机构初赛模拟题/01-质心GChO/ZCHEM-GChO2试题.md
质心GChO,题-GChO-03-01-写出下列过程的反应方程式11.md,195,272,0.64,0.685,2026机构初赛模拟题/01-质心GChO/ZCHEM-GChO3试题.md
质心GChO,题-GChO-03-02-天然气的主要成分为甲烷水合物.md,502,916,0.575,0.597,2026机构初赛模拟题/01-质心GChO/ZCHEM-GChO3试题.md
质心GChO,题-GChO-03-03-元素X最初从金矿中分离在鼓风.md,510,816,0.695,0.711,2026机构初赛模拟题/01-质心GChO/ZCHEM-GChO3试题.md
质心GChO,题-GChO-03-06-在某个恒压密闭容器中进行着如.md,356,478,0.582,0.668,2026机构初赛模拟题/01-质心GChO/ZCHEM-GChO3试题.md
质心GChO,题-GChO-03-07-存在如下转化mathrmCH.md,253,245,0.679,0.857,2026机构初赛模拟题/01-质心GChO/ZCHEM-GChO3试题.md
质心GChO,题-GChO-03-08-二甲基砜DMSO是一种兼具低.md,203,197,0.97,1.0,2026机构初赛模拟题/01-质心GChO/ZCHEM-GChO3试题.md
质心GChO,题-GChO-08-02-21As能形成多种硫化物包括.md,424,598,0.679,0.697,2026机构初赛模拟题/01-质心GChO/ZCHEM-GChO8试题.md
质心GChO,题-GChO-08-03-ABCD四种化合物都是强电解.md,354,353,0.949,0.976,2026机构初赛模拟题/01-质心GChO/ZCHEM-GChO8试题.md
质心GChO,题-GChO-08-04-Mn是地壳含量第三高的过渡金.md,352,505,0.709,0.749,2026机构初赛模拟题/01-质心GChO/ZCHEM-GChO8试题.md
质心GChO,题-GChO-08-09-亚砜是有机化学中重要的官能团.md,252,456,0.52,0.533,2026机构初赛模拟题/01-质心GChO/ZCHEM-GChO8试题.md
质心GChO,题-GChO-09-01-11银器在空气中久置后会变黑.md,289,392,0.694,0.714,2026机构初赛模拟题/01-质心GChO/ZCHEM-GChO9试题.md
质心GChO,题-GChO-09-04-Takai反应是约30年前T.md,631,900,0.541,0.601,2026机构初赛模拟题/01-质心GChO/ZCHEM-GChO9试题.md
质心GChO,题-GChO-09-09-瘦睿在研究成环反应时发现对于.md,137,188,0.536,0.597,2026机构初赛模拟题/01-质心GChO/ZCHEM-GChO9试题.md
质心GChO,题-GChO-09-10-烯烃的双官能团化是指断开烯烃.md,579,643,0.816,0.849,2026机构初赛模拟题/01-质心GChO/ZCHEM-GChO9试题.md
质心GChO,题-GChO-10-01-写出下列过程的反应方程式11.md,128,124,0.878,0.95,2026机构初赛模拟题/01-质心GChO/ZCHEM-GChO10试题（线下营）.md
质心GChO,题-GChO-10-04-化合物A是具有对称性的三元化.md,329,472,0.71,0.739,2026机构初赛模拟题/01-质心GChO/ZCHEM-GChO10试题（线下营）.md
质心GChO,题-GChO-10-07-稀有气体元素因为几乎不与任何.md,412,434,0.757,0.832,2026机构初赛模拟题/01-质心GChO/ZCHEM-GChO10试题（线下营）.md
质心GChO,题-GChO-11-01-11单质Se在碱性溶液中有的.md,141,256,0.519,0.532,2026机构初赛模拟题/01-质心GChO/ZCHEM-GChO11试题（线下营）.md
质心GChO,题-GChO-11-02-21根据路易斯酸碱电子论判断.md,297,388,0.686,0.727,2026机构初赛模拟题/01-质心GChO/ZCHEM-GChO11试题（线下营）.md
质心GChO,题-GChO-11-03-31化合物A为阴阳离子比例为.md,258,255,0.951,0.983,2026机构初赛模拟题/01-质心GChO/ZCHEM-GChO11试题（线下营）.md
质心GChO,题-GChO-12-01-11将气体通入沸腾的金属钠中.md,283,646,0.572,0.59,2026机构初赛模拟题/01-质心GChO/ZCHEM-GChO12试题.md
质心GChO,题-GChO-12-04-X元素的单质是人类很早就提炼.md,367,741,0.645,0.653,2026机构初赛模拟题/01-质心GChO/ZCHEM-GChO12试题.md
质心GChO,题-GChO-12-05-高温超导是近年来十分热门的一.md,292,541,0.52,0.534,2026机构初赛模拟题/01-质心GChO/ZCHEM-GChO12试题.md
质心GChO,题-GChO-12-06-与大家所熟知的环糊精杯芳烃等.md,1761,2138,0.828,0.837,2026机构初赛模拟题/01-质心GChO/ZCHEM-GChO12试题.md
质心GChO,题-GChO-12-07-71请选出下列3个化合物中碱.md,160,215,0.684,0.728,2026机构初赛模拟题/01-质心GChO/ZCHEM-GChO12试题.md
质心GChO,题-GChO-12-09-硫氧双键广泛存在于亚砜砜以及.md,591,558,0.818,0.931,2026机构初赛模拟题/01-质心GChO/ZCHEM-GChO12试题.md
质心GChO,题-GChO-13-08-白介素1受体相关激酶4IRA.md,223,274,0.77,0.795,2026机构初赛模拟题/01-质心GChO/ZCHEM-GChO13试题.md
质心GChO,题-GChO-13-09-碳上很难发生取代反应但是在适.md,408,472,0.772,0.805,2026机构初赛模拟题/01-质心GChO/ZCHEM-GChO13试题.md
质心GChO,题-GChO-14-01-11表面活性剂辅助法是溶剂热.md,301,457,0.545,0.587,2026机构初赛模拟题/01-质心GChO/ZCHEM-GChO14试题.md
质心GChO,题-GChO-14-02-21元素X是自然界中含单电子.md,350,459,0.66,0.701,2026机构初赛模拟题/01-质心GChO/ZCHEM-GChO14试题.md
质心GChO,题-GChO-14-07-灰灰的小弟拟用高锰酸钾法测定.md,442,522,0.545,0.662,2026机构初赛模拟题/01-质心GChO/ZCHEM-GChO14试题.md
质心GChO,题-GChO-15-05-化合物A在常温下稳定受热易分.md,377,699,0.528,0.564,2026机构初赛模拟题/01-质心GChO/ZCHEM-GChO15试题（线下营）.md
质心GChO,题-GChO-16-09-由于氮气的稳定性含有氮氮双键.md,659,421,0.618,0.864,2026机构初赛模拟题/01-质心GChO/ZCHEM-GChO16试题（线下营）.md
质心GChO,题-GChO-17-03-元素abc属于同一副族电负性.md,408,602,0.623,0.665,2026机构初赛模拟题/01-质心GChO/ZCHEM-GChO17试题（线下营）.md
质心GChO,题-GChO-17-05-当一个材料中同时存在铁磁性和.md,398,692,0.576,0.614,2026机构初赛模拟题/01-质心GChO/ZCHEM-GChO17试题（线下营）.md
质心GChO,题-GChO-18-09-由于芳香性的存在苯环的双键较.md,169,167,0.775,0.882,2026机构初赛模拟题/01-质心GChO/ZCHEM-GChO18试题（线下营）.md
质心GChO,题-GChO-19-04-元素X的单质是一种常见的轻金.md,242,421,0.551,0.567,2026机构初赛模拟题/01-质心GChO/ZCHEM-GChO19试题（线下营）.md
质心GChO,题-GChO-19-06-通过配位滴定测定某矿石中Ag.md,396,577,0.638,0.658,2026机构初赛模拟题/01-质心GChO/ZCHEM-GChO19试题（线下营）.md
质心GChO,题-GChO-19-07-硅是一种非常重要的元素在芯片.md,324,500,0.609,0.656,2026机构初赛模拟题/01-质心GChO/ZCHEM-GChO19试题（线下营）.md
质心GChO,题-GChO-20-02-硫醇胺混合溶剂价格低廉对二元.md,230,422,0.544,0.594,2026机构初赛模拟题/01-质心GChO/ZCHEM-GChO20试题（线下营）.md
质心GChO,题-GChO-20-03-某元素M的某重要同位素可以通.md,559,722,0.626,0.7,2026机构初赛模拟题/01-质心GChO/ZCHEM-GChO20试题（线下营）.md
质心GChO,题-GChO-20-04-过渡金属有机配合物是一类重要.md,500,656,0.673,0.715,2026机构初赛模拟题/01-质心GChO/ZCHEM-GChO20试题（线下营）.md
质心GChO,题-GChO-20-06-3914某种稳定化合物的晶体.md,274,285,0.84,0.9,2026机构初赛模拟题/01-质心GChO/ZCHEM-GChO20试题（线下营）.md
质心GChO,题-GChO-20-07-有机小分子催化是有机化学领域.md,153,197,0.721,0.746,2026机构初赛模拟题/01-质心GChO/ZCHEM-GChO20试题（线下营）.md
质心GChO,题-GChO-20-09-不饱和羰基化合物是有机化学中.md,546,162,0.36,0.979,2026机构初赛模拟题/01-质心GChO/ZCHEM-GChO20试题（线下营）.md
质心GChO,题-GChO-21-05-通常高周期的元素难与第二周期.md,271,337,0.782,0.798,2026机构初赛模拟题/01-质心GChO/ZCHEM-GChO21试题（线下营）.md
质心GChO,题-GChO-21-07-氢气是一种绿色高效的新型燃料.md,252,491,0.525,0.536,2026机构初赛模拟题/01-质心GChO/ZCHEM-GChO21试题（线下营）.md
质心GChO,题-GChO-22-05-通过铝矾土矿可以提取某种第四.md,326,651,0.55,0.561,2026机构初赛模拟题/01-质心GChO/ZCHEM-GChO22试题（线下营）.md
质心GChO,题-GChO-22-07-氯胺T的化学名称为三水合对甲.md,296,417,0.672,0.689,2026机构初赛模拟题/01-质心GChO/ZCHEM-GChO22试题（线下营）.md
质心GChO,题-GChO-22-08-81判断下列化合物是否具有光.md,61,64,0.63,0.754,2026机构初赛模拟题/01-质心GChO/ZCHEM-GChO22试题（线下营）.md
质心GChO,题-GChO-23-01-11在下与HBr反应用于制备.md,259,233,0.505,0.639,2026机构初赛模拟题/01-质心GChO/ZCHEM-GChO23试题（线下营）.md
质心GChO,题-GChO-23-06-苄醚氢醌是一种用于皮肤的药物.md,248,412,0.545,0.562,2026机构初赛模拟题/01-质心GChO/ZCHEM-GChO23试题（线下营）.md
质心GChO,题-GChO-23-07-71化合物A极不稳定目前没有.md,275,417,0.569,0.609,2026机构初赛模拟题/01-质心GChO/ZCHEM-GChO23试题（线下营）.md
质心GChO,题-GChO-23-08-81判读下列化合物是否具有旋.md,120,134,0.72,0.792,2026机构初赛模拟题/01-质心GChO/ZCHEM-GChO23试题（线下营）.md
质心GChO,题-GChO-24-02-理论上氯可以形成七氟化物但以.md,192,320,0.519,0.583,2026机构初赛模拟题/01-质心GChO/ZCHEM-GChO24试题（线下营）.md
质心GChO,题-GChO-24-06-含金属M的二氯化物A与KCN.md,358,484,0.698,0.725,2026机构初赛模拟题/01-质心GChO/ZCHEM-GChO24试题（线下营）.md
质心GChO,题-GChO-24-07-汞可以以I与II的价态与多种.md,268,413,0.575,0.601,2026机构初赛模拟题/01-质心GChO/ZCHEM-GChO24试题（线下营）.md
质心GChO,题-GChO-24-08-请判断下列反应中涉及取代反应.md,121,135,0.78,0.825,2026机构初赛模拟题/01-质心GChO/ZCHEM-GChO24试题（线下营）.md
质心GChO,题-GChO-24-10-亲电试剂和亲核试剂的交叉偶联.md,478,478,0.969,0.984,2026机构初赛模拟题/01-质心GChO/ZCHEM-GChO24试题（线下营）.md
质心GChO,题-GChO-25-08-蓖麻科植物中含有丰富的结构复.md,308,383,0.731,0.767,2026机构初赛模拟题/01-质心GChO/ZCHEM-GChO25试题（线下营）.md
质心GChO,题-GChO-26-04-二元化合物A具有强烈的水解倾.md,278,291,0.845,0.902,2026机构初赛模拟题/01-质心GChO/ZCHEM-GChO26试题（线下营）.md
质心GChO,题-GChO-26-08-81判断下列化合物是否具有旋.md,123,16,0.128,1.0,2026机构初赛模拟题/01-质心GChO/ZCHEM-GChO26试题（线下营）.md
质心GChO,题-GChO-27-02-现代原子结构理论指出原子核外.md,365,565,0.663,0.695,2026机构初赛模拟题/01-质心GChO/ZCHEM-GChO27试题.md
质心GChO,题-GChO-27-03-众所周知蔡子星其实是一个化学.md,323,596,0.58,0.594,2026机构初赛模拟题/01-质心GChO/ZCHEM-GChO27试题.md
质心GChO,题-GChO-27-04-除了Xe以外其他稀有气体都难.md,263,488,0.577,0.589,2026机构初赛模拟题/01-质心GChO/ZCHEM-GChO27试题.md
质心GChO,题-GChO-27-05-元素X是生命必要的非金属元素.md,207,294,0.689,0.722,2026机构初赛模拟题/01-质心GChO/ZCHEM-GChO27试题.md
质心GChO,题-GChO-27-09-已知硫亲电试剂可以和烯烃发生.md,231,241,0.876,0.92,2026机构初赛模拟题/01-质心GChO/ZCHEM-GChO27试题.md
质心GChO,题-GChO-28-01-11将1465g氧化物晶体A.md,194,443,0.631,0.647,2026机构初赛模拟题/01-质心GChO/ZCHEM-GChO28试题.md
质心GChO,题-GChO-28-05-51输铁蛋白是血液中的输送铁.md,1070,1978,0.557,0.592,2026机构初赛模拟题/01-质心GChO/ZCHEM-GChO28试题.md
质心GChO,题-GChO-28-06-61今年有科学家利用如下的转.md,479,702,0.673,0.685,2026机构初赛模拟题/01-质心GChO/ZCHEM-GChO28试题.md
质心GChO,题-GChO-28-08-重排反应是有机化学中的一个重.md,137,237,0.505,0.538,2026机构初赛模拟题/01-质心GChO/ZCHEM-GChO28试题.md
质心GChO,题-GChO-29-01-11向中依次加入KCN和肼的.md,476,804,0.55,0.57,2026机构初赛模拟题/01-质心GChO/ZCHEM-GChO29试题.md
质心GChO,题-GChO-29-03-氮杂环卡宾NHC作为一种能够.md,435,510,0.741,0.794,2026机构初赛模拟题/01-质心GChO/ZCHEM-GChO29试题.md
质心GChO,题-GChO-29-05-X是一种贵金属元素其单质A与.md,293,371,0.694,0.74,2026机构初赛模拟题/01-质心GChO/ZCHEM-GChO29试题.md
质心GChO,题-GChO-29-06-通过溶胶凝胶法能够制备出正交.md,429,612,0.698,0.708,2026机构初赛模拟题/01-质心GChO/ZCHEM-GChO29试题.md
质心GChO,题-GChO-29-07-71下列化合物按酸性由强到弱.md,217,205,0.67,0.814,2026机构初赛模拟题/01-质心GChO/ZCHEM-GChO29试题.md
质心GChO,题-GChO-29-08-2020年初赛考了如下反应在.md,181,171,0.781,0.923,2026机构初赛模拟题/01-质心GChO/ZCHEM-GChO29试题.md
质心GChO,题-GChO-30-02-主族金属自由基因其迷人的理化.md,538,675,0.779,0.791,2026机构初赛模拟题/01-质心GChO/ZCHEM-GChO30试题.md
质心GChO,题-GChO-30-03-灰灰老师某天在实验室制得了一.md,615,1204,0.558,0.562,2026机构初赛模拟题/01-质心GChO/ZCHEM-GChO30试题.md
质心GChO,题-GChO-30-05-活性聚合是理想的高分子聚合反.md,398,710,0.589,0.595,2026机构初赛模拟题/01-质心GChO/ZCHEM-GChO30试题.md
质心GChO,题-GChO-30-06-61将酸性由强到弱排序1AB.md,73,114,0.504,0.558,2026机构初赛模拟题/01-质心GChO/ZCHEM-GChO30试题.md
质心GChO,题-GChO-30-08-在有机化学中化合物的反应性主.md,248,292,0.818,0.836,2026机构初赛模拟题/01-质心GChO/ZCHEM-GChO30试题.md
质心GChO,题-GChO-31-05-如下是一个Fe配合物的合成路.md,249,383,0.607,0.625,2026机构初赛模拟题/01-质心GChO/ZCHEM-GChO31试题.md
质心GChO,题-GChO-31-08-由多个吡咯组成的共轭大环化合.md,639,805,0.682,0.723,2026机构初赛模拟题/01-质心GChO/ZCHEM-GChO31试题.md
质心GChO,题-GChO-31-09-某简单有机化合物X的点群为含.md,523,278,0.591,0.869,2026机构初赛模拟题/01-质心GChO/ZCHEM-GChO31试题.md
质心GChO,题-GChO-32-03-烯烃是重要的聚合单体许多重要.md,442,581,0.587,0.616,2026机构初赛模拟题/01-质心GChO/ZCHEM-GChO32试题.md
质心GChO,题-GChO-32-04-某种由CoZrF组成的晶体正.md,265,456,0.565,0.588,2026机构初赛模拟题/01-质心GChO/ZCHEM-GChO32试题.md
质心GChO,题-GChO-32-07-CONOCN都配位能力很强的.md,398,706,0.615,0.621,2026机构初赛模拟题/01-质心GChO/ZCHEM-GChO32试题.md
质心GChO,题-GChO-32-08-自由基碳正离子碳负离子都是有.md,227,274,0.764,0.789,2026机构初赛模拟题/01-质心GChO/ZCHEM-GChO32试题.md
质心GChO,题-GChO-32-09-如下是一个利用Nazarov.md,189,297,0.599,0.611,2026机构初赛模拟题/01-质心GChO/ZCHEM-GChO32试题.md
质心GChO,题-GChO-32-10-米氏酸以其超乎预料的酸性而为.md,113,148,0.68,0.713,2026机构初赛模拟题/01-质心GChO/ZCHEM-GChO32试题.md
质心GChO,题-GChO-33-01-11将打磨的铝片插入碳酸氢钠.md,147,149,0.793,0.875,2026机构初赛模拟题/01-质心GChO/ZCHEM-GChO33试题.md
质心GChO,题-GChO-33-04-环状烯烃单体的开环聚合是高分.md,250,354,0.549,0.575,2026机构初赛模拟题/01-质心GChO/ZCHEM-GChO33试题.md
质心GChO,题-GChO-33-06-氟硼烯BF为CO的等电子体在.md,398,517,0.728,0.749,2026机构初赛模拟题/01-质心GChO/ZCHEM-GChO33试题.md
质心GChO,题-GChO-33-07-71将下列化合物按发生反应的.md,87,115,0.535,0.582,2026机构初赛模拟题/01-质心GChO/ZCHEM-GChO33试题.md
质心GChO,题-GChO-33-08-已知一价金催化剂具有如下两个.md,133,159,0.707,0.752,2026机构初赛模拟题/01-质心GChO/ZCHEM-GChO33试题.md
质心GChO,题-GChO-33-09-金属卡宾是重要的有机反应中间.md,356,490,0.614,0.661,2026机构初赛模拟题/01-质心GChO/ZCHEM-GChO33试题.md
质心GChO,题-GChO-34-05-气体分子可以依靠范德华力包藏.md,513,816,0.601,0.632,2026机构初赛模拟题/01-质心GChO/ZCHEM-GChO34试题.md
质心GChO,题-GChO-34-07-71下列化合物中哪些具有芳香.md,77,41,0.557,0.944,2026机构初赛模拟题/01-质心GChO/ZCHEM-GChO34试题.md
质心GChO,题-GChO-35-01-11和在KOH中共熔得到绿色.md,195,208,0.888,0.91,2026机构初赛模拟题/01-质心GChO/ZCHEM-GChO35试题.md
质心GChO,题-GChO-35-06-下面是一种新型层状氧化铋铋材.md,382,659,0.565,0.582,2026机构初赛模拟题/01-质心GChO/ZCHEM-GChO35试题.md
质心GChO,题-GChO-35-07-71将下列化合物按酸性由强到.md,81,96,0.523,0.608,2026机构初赛模拟题/01-质心GChO/ZCHEM-GChO35试题.md
质心GChO,题-GChO-35-09-对于键的双官能团化是有机合成.md,325,537,0.547,0.566,2026机构初赛模拟题/01-质心GChO/ZCHEM-GChO35试题.md
质心GChO,题-GChO-36-07-71下列中间体稳定性由高到低.md,93,91,0.81,0.889,2026机构初赛模拟题/01-质心GChO/ZCHEM-GChO36试题.md
质心GChO,题-GChO-36-08-过渡金属催化下氮氧化物和炔烃.md,609,712,0.771,0.789,2026机构初赛模拟题/01-质心GChO/ZCHEM-GChO36试题.md
质心GChO,题-GChO-36-09-在有机化学中自由基是非常高活.md,341,379,0.811,0.848,2026机构初赛模拟题/01-质心GChO/ZCHEM-GChO36试题.md
质心GChO,题-GChO-37-01-11向二氯化铅的盐酸溶液中通.md,312,334,0.818,0.865,2026机构初赛模拟题/01-质心GChO/ZCHEM-GChO37试题.md
质心GChO,题-GChO-37-06-粒粒老师将部分碘单质置于真空.md,598,1039,0.604,0.618,2026机构初赛模拟题/01-质心GChO/ZCHEM-GChO37试题.md
质心GChO,题-GChO-37-09-烯烃的双官能团化是指断开烯烃.md,417,356,0.61,0.761,2026机构初赛模拟题/01-质心GChO/ZCHEM-GChO37试题.md
质心GChO,题-GChO-39-06-61作为反应物的金属盐影响配.md,194,324,0.589,0.603,2026机构初赛模拟题/01-质心GChO/ZCHEM-GChO39试题.md
质心GChO,题-GChO-39-09-累了不想编题干了就一句话传统.md,56,50,0.885,1.0,2026机构初赛模拟题/01-质心GChO/ZCHEM-GChO39试题.md
质心GChO,题-GChO-41-01-11氯仿保存不当会生成有毒气.md,209,255,0.809,0.823,2026机构初赛模拟题/01-质心GChO/ZCHEM-GChO41试题.md
质心GChO,题-GChO-41-04-提示解答本题不要耍什么花招老.md,745,1181,0.624,0.628,2026机构初赛模拟题/01-质心GChO/ZCHEM-GChO41试题.md
质心GChO,题-GChO-41-05-51REBH3THFRE表示.md,280,372,0.71,0.727,2026机构初赛模拟题/01-质心GChO/ZCHEM-GChO41试题.md
质心GChO,题-GChO-41-06-LaCoSrO具有钙钛矿型结.md,222,334,0.579,0.611,2026机构初赛模拟题/01-质心GChO/ZCHEM-GChO41试题.md
质心GChO,题-GChO-41-08-含硅基团是有机化学中重要的官.md,188,198,0.896,0.92,2026机构初赛模拟题/01-质心GChO/ZCHEM-GChO41试题.md
质心GChO,题-GChO-42-01-11将连四硫酸钠加入偏亚砷酸.md,226,584,0.642,0.652,2026机构初赛模拟题/01-质心GChO/ZCHEM-GChO42试题.md
质心GChO,题-GChO-42-02-孙琦老师终于博士毕业啦在收拾.md,577,809,0.71,0.716,2026机构初赛模拟题/01-质心GChO/ZCHEM-GChO42试题.md
质心GChO,题-GChO-42-03-某个在C时进行的催化反应过程.md,336,417,0.719,0.756,2026机构初赛模拟题/01-质心GChO/ZCHEM-GChO42试题.md
质心GChO,题-GChO-42-04-下图展示了某过渡元素X相关的.md,639,1236,0.6,0.643,2026机构初赛模拟题/01-质心GChO/ZCHEM-GChO42试题.md
质心GChO,题-GChO-42-06-有着独特的螺旋结构是平面单元.md,211,341,0.567,0.582,2026机构初赛模拟题/01-质心GChO/ZCHEM-GChO42试题.md
质心GChO,题-GChO-42-08-电有机化学和光有机化学是有机.md,560,750,0.726,0.732,2026机构初赛模拟题/01-质心GChO/ZCHEM-GChO42试题.md
质心GChO,题-GChO-42-09-环加成反应在有机合成中的应用.md,394,302,0.604,0.816,2026机构初赛模拟题/01-质心GChO/ZCHEM-GChO42试题.md
质心GChO,题-GChO-43-09-在解答本题时建议在动笔以前先.md,453,339,0.644,0.93,2026机构初赛模拟题/01-质心GChO/ZCHEM-GChO43试题（线下营）.md
质心GChO,题-GChO-44-04-现有A1A5五种离子化合物它.md,468,678,0.714,0.728,2026机构初赛模拟题/01-质心GChO/ZCHEM-GChO44试题（线下营）.md
质心GChO,题-GChO-44-10-碳碳键的形成是有机合成的两大.md,334,322,0.93,0.982,2026机构初赛模拟题/01-质心GChO/ZCHEM-GChO44试题（线下营）.md
质心GChO,题-GChO-45-02-现有某由C和H组成的未知有机.md,365,380,0.716,0.802,2026机构初赛模拟题/01-质心GChO/ZCHEM-GChO45试题.md
质心GChO,题-GChO-45-08-化合物1可以通过如下反应转化.md,172,171,0.892,0.946,2026机构初赛模拟题/01-质心GChO/ZCHEM-GChO45试题.md
质心GChO,题-GChO-45-09-如下是3个不同底物的相同反应.md,843,919,0.794,0.832,2026机构初赛模拟题/01-质心GChO/ZCHEM-GChO45试题.md
质心GChO,题-GChO-46-02-现有七种未知溶液分别为水和N.md,458,1112,0.538,0.579,2026机构初赛模拟题/01-质心GChO/ZCHEM-GChO46试题.md
质心GChO,题-GChO-46-05-20世纪初人们发现了一种只存.md,452,810,0.596,0.617,2026机构初赛模拟题/01-质心GChO/ZCHEM-GChO46试题.md
质心GChO,题-GChO-46-06-氟硼烯BF为CO的等电子体在.md,474,737,0.514,0.566,2026机构初赛模拟题/01-质心GChO/ZCHEM-GChO46试题.md
质心GChO,题-GChO-47-01-11卤素原子具有较多的可失去.md,444,454,0.914,0.945,2026机构初赛模拟题/01-质心GChO/ZCHEM-GChO47试题.md
质心GChO,题-GChO-47-03-两种或多种聚合物链线性连在一.md,303,569,0.538,0.55,2026机构初赛模拟题/01-质心GChO/ZCHEM-GChO47试题.md
质心GChO,题-GChO-47-06-血蓝蛋白是一种含Cu的蛋白质.md,448,763,0.645,0.661,2026机构初赛模拟题/01-质心GChO/ZCHEM-GChO47试题.md
质心GChO,题-GChO-47-08-吡啶由于其缺电子的性质无法通.md,149,362,0.51,0.528,2026机构初赛模拟题/01-质心GChO/ZCHEM-GChO47试题.md
质心GChO,题-GChO-47-09-有机合成方法学是现代有机化学.md,331,549,0.612,0.656,2026机构初赛模拟题/01-质心GChO/ZCHEM-GChO47试题.md
质心GChO,题-GChO-48-02-石墨炔是一种新型的碳材料与石.md,431,437,0.948,0.968,2026机构初赛模拟题/01-质心GChO/ZCHEM-GChO48试题.md
质心GChO,题-GChO-48-03-某金属M在核工业中具有重要作.md,410,514,0.725,0.763,2026机构初赛模拟题/01-质心GChO/ZCHEM-GChO48试题.md
质心GChO,题-GChO-48-04-具有光活性的分子药物可以通过.md,316,421,0.715,0.754,2026机构初赛模拟题/01-质心GChO/ZCHEM-GChO48试题.md
质心GChO,题-GChO-49-03-索烃的合成一直极具挑战性索烃.md,229,268,0.693,0.747,2026机构初赛模拟题/01-质心GChO/ZCHEM-GChO49试题.md
质心GChO,题-GChO-50-03-已知如下气相反应可在适当条件.md,496,908,0.521,0.536,2026机构初赛模拟题/01-质心GChO/ZCHEM-GChO50试题.md
质心GChO,题-GChO-50-04-化合物ABC具有类似的结构并.md,542,971,0.579,0.585,2026机构初赛模拟题/01-质心GChO/ZCHEM-GChO50试题.md
质心GChO,题-GChO-50-05-51钾氩同位素法可用来测定地.md,622,1635,0.514,0.516,2026机构初赛模拟题/01-质心GChO/ZCHEM-GChO50试题.md
质心GChO,题-GChO-50-07-阅读如下一段材料回答问题注摘.md,792,788,0.873,0.937,2026机构初赛模拟题/01-质心GChO/ZCHEM-GChO50试题.md
质心GChO,题-GChO-50-09-如下是一个催化的由羧酸和胺直.md,247,446,0.571,0.58,2026机构初赛模拟题/01-质心GChO/ZCHEM-GChO50试题.md
质心GChO,题-GChO-51-01-11羟胺毒性较强又不太稳定我.md,426,916,0.661,0.673,2026机构初赛模拟题/01-质心GChO/ZCHEM-GChO51试题.md
质心GChO,题-GChO-51-02-一般而言我们认为配合物中配合.md,310,559,0.552,0.56,2026机构初赛模拟题/01-质心GChO/ZCHEM-GChO51试题.md
质心GChO,题-GChO-51-03-31已知碳碳单键和碳碳双键的.md,303,546,0.637,0.646,2026机构初赛模拟题/01-质心GChO/ZCHEM-GChO51试题.md
质心GChO,题-GChO-51-06-盐A中含有金属元素Z质量分数.md,538,777,0.728,0.766,2026机构初赛模拟题/01-质心GChO/ZCHEM-GChO51试题.md
质心GChO,题-GChO-51-07-金属酶在自然界中有着广泛的催.md,352,430,0.829,0.841,2026机构初赛模拟题/01-质心GChO/ZCHEM-GChO51试题.md
质心GChO,题-GChO-51-08-81醇的氧化是一个非常重要的.md,252,191,0.517,0.695,2026机构初赛模拟题/01-质心GChO/ZCHEM-GChO51试题.md
质心GChO,题-GChO-51-09-如下是化合物Grayanot.md,183,369,0.546,0.562,2026机构初赛模拟题/01-质心GChO/ZCHEM-GChO51试题.md
质心GChO,题-GChO-51-10-NHC是有机化学中重要的有机.md,128,176,0.723,0.75,2026机构初赛模拟题/01-质心GChO/ZCHEM-GChO51试题.md
质心GChO,题-GChO-52-01-11凝聚态的中存在分离的正负.md,214,389,0.562,0.569,2026机构初赛模拟题/01-质心GChO/ZCHEM-GChO52试题.md
质心GChO,题-GChO-52-04-近日某研究团队发现了一种新型.md,815,1005,0.839,0.853,2026机构初赛模拟题/01-质心GChO/ZCHEM-GChO52试题.md
质心GChO,题-GChO-52-06-自组装合成磁性材料一直是人们.md,560,624,0.872,0.89,2026机构初赛模拟题/01-质心GChO/ZCHEM-GChO52试题.md
质心GChO,题-GChO-52-07-71下列化合物碱性从强到弱排.md,65,103,0.519,0.568,2026机构初赛模拟题/01-质心GChO/ZCHEM-GChO52试题.md
质心GChO,题-GChO-52-08-如下是一个磺酰氟类化合物的合.md,192,219,0.864,0.892,2026机构初赛模拟题/01-质心GChO/ZCHEM-GChO52试题.md
质心GChO,题-GChO-52-09-本题可能会让助教想起曾经被9.md,245,594,0.504,0.516,2026机构初赛模拟题/01-质心GChO/ZCHEM-GChO52试题.md
质心GChO,题-GChO-53-01-11高碘酸根和金属离子特别是.md,501,827,0.631,0.644,2026机构初赛模拟题/01-质心GChO/ZCHEM-GChO53试题.md
质心GChO,题-GChO-53-06-联吡啶和23二羟基对苯二甲酸.md,376,637,0.595,0.61,2026机构初赛模拟题/01-质心GChO/ZCHEM-GChO53试题.md
质心GChO,题-GChO-53-08-含有氢的卤代酮经过碱性条件下.md,273,320,0.818,0.872,2026机构初赛模拟题/01-质心GChO/ZCHEM-GChO53试题.md
质心GChO,题-GChO-53-09-碳碳键的形成反应是有机化学的.md,231,261,0.81,0.843,2026机构初赛模拟题/01-质心GChO/ZCHEM-GChO53试题.md
质心GChO,题-GChO-54-02-21请写出在晶体场中的d电子.md,210,208,0.839,0.915,2026机构初赛模拟题/01-质心GChO/ZCHEM-GChO54试题.md
质心GChO,题-GChO-54-04-X元素的单质是一种银白色软金.md,287,449,0.646,0.665,2026机构初赛模拟题/01-质心GChO/ZCHEM-GChO54试题.md
质心GChO,题-GChO-55-07-芳香亲核取代是有机化学中重要.md,285,279,0.976,1.0,2026机构初赛模拟题/01-质心GChO/ZCHEM-GChO55试题.md
质心GChO,题-GChO-55-08-说起三元环的合成人们最先想到.md,249,122,0.525,0.983,2026机构初赛模拟题/01-质心GChO/ZCHEM-GChO55试题.md
质心GChO,题-GChO-55-09-在有机化学中含磷化合物通常被.md,149,55,0.35,1.0,2026机构初赛模拟题/01-质心GChO/ZCHEM-GChO55试题.md
质心GChO,题-GChO-56-04-金属M广泛被应用于冶金将它作.md,660,989,0.556,0.607,2026机构初赛模拟题/01-质心GChO/ZCHEM-GChO56试题.md
质心GChO,题-GChO-56-05-有机Al配合物通常可以用于内.md,318,328,0.828,0.889,2026机构初赛模拟题/01-质心GChO/ZCHEM-GChO56试题.md
质心GChO,题-GChO-56-06-下面给出了某含O四方晶体晶胞.md,256,466,0.581,0.593,2026机构初赛模拟题/01-质心GChO/ZCHEM-GChO56试题.md
质心GChO,题-GChO-56-09-苯环作为可以大量获得的化工原.md,669,422,0.528,0.778,2026机构初赛模拟题/01-质心GChO/ZCHEM-GChO56试题.md
质心GChO,题-GChO-57-01-11向氯金酸的溶液中加入甘汞.md,499,802,0.591,0.62,2026机构初赛模拟题/01-质心GChO/ZCHEM-GChO57试题.md
质心GChO,题-GChO-57-04-传统常见的灭火器有两种一种是.md,696,1100,0.641,0.659,2026机构初赛模拟题/01-质心GChO/ZCHEM-GChO57试题.md
质心GChO,题-GChO-57-06-金属硫属化合物材料在离子导电.md,284,467,0.616,0.623,2026机构初赛模拟题/01-质心GChO/ZCHEM-GChO57试题.md
质心GChO,题-GChO-58-01-11将等物质的量的草酸钙和碘.md,420,312,0.703,0.89,2026机构初赛模拟题/01-质心GChO/ZCHEM-GChO58试题.md
质心GChO,题-GChO-58-02-磷含量分析是钢铁和矿石分析的.md,1037,1735,0.573,0.602,2026机构初赛模拟题/01-质心GChO/ZCHEM-GChO58试题.md
质心GChO,题-GChO-59-04-已知A可以和NaOH溶液作用.md,310,642,0.562,0.576,2026机构初赛模拟题/01-质心GChO/ZCHEM-GChO59试题.md
质心GChO,题-GChO-59-05-在研究晶体结构时我们往往会将.md,320,548,0.593,0.608,2026机构初赛模拟题/01-质心GChO/ZCHEM-GChO59试题.md
质心GChO,题-GChO-59-06-脒基和氮杂烯丙基被认为是有可.md,762,675,0.809,0.951,2026机构初赛模拟题/01-质心GChO/ZCHEM-GChO59试题.md
质心GChO,题-GChO-59-08-HCl是有机化学反应中重要的.md,201,246,0.819,0.842,2026机构初赛模拟题/01-质心GChO/ZCHEM-GChO59试题.md
质心GChO,题-GChO-60-02-21纯净的硼砂是一种基准试剂.md,312,715,0.539,0.555,2026机构初赛模拟题/01-质心GChO/ZCHEM-GChO60试题.md
质心GChO,题-GChO-60-03-金属羰基氢化物能够有效促进氢.md,824,885,0.85,0.881,2026机构初赛模拟题/01-质心GChO/ZCHEM-GChO60试题.md
质心GChO,题-GChO-60-04-对于结构复杂到让我们一眼看上.md,455,506,0.782,0.831,2026机构初赛模拟题/01-质心GChO/ZCHEM-GChO60试题.md
质心GChO,题-GChO-60-06-内酯的开环聚合通常可以在催化.md,618,1104,0.523,0.538,2026机构初赛模拟题/01-质心GChO/ZCHEM-GChO60试题.md
质心GChO,题-GChO-60-07-71对于如下平衡对于不同的R.md,138,165,0.719,0.795,2026机构初赛模拟题/01-质心GChO/ZCHEM-GChO60试题.md
质心GChO,题-GChO-60-08-苯环上CH键的转化一直是有机.md,332,373,0.789,0.835,2026机构初赛模拟题/01-质心GChO/ZCHEM-GChO60试题.md
质心GChO,题-GChO-61-01-11利用热的次磷酸盐酸体系还.md,218,640,0.519,0.536,2026机构初赛模拟题/01-质心GChO/ZCHEM-GChO61试题.md
质心GChO,题-GChO-61-03-硫化物A具有层形结构可用作锂.md,311,407,0.683,0.723,2026机构初赛模拟题/01-质心GChO/ZCHEM-GChO61试题.md
质心GChO,题-GChO-61-05-51下图是某过渡金属X的氧化.md,752,1326,0.553,0.577,2026机构初赛模拟题/01-质心GChO/ZCHEM-GChO61试题.md
质心GChO,题-GChO-61-06-二茂铁Fc及其氧化态的氧化还.md,913,2427,0.558,0.571,2026机构初赛模拟题/01-质心GChO/ZCHEM-GChO61试题.md
质心GChO,题-GChO-61-08-一般的基于全合成的推断题目由.md,245,412,0.53,0.554,2026机构初赛模拟题/01-质心GChO/ZCHEM-GChO61试题.md
质心GChO,题-GChO-61-09-如下是一个特殊的加成反应在加.md,252,329,0.677,0.716,2026机构初赛模拟题/01-质心GChO/ZCHEM-GChO61试题.md
质心GChO,题-GChO-62-01-11将置于苏打溶液中并在空气.md,234,689,0.527,0.546,2026机构初赛模拟题/01-质心GChO/ZCHEM-GChO62试题.md
质心GChO,题-GChO-62-02-21二茂铁及其十甲基衍生物已.md,478,869,0.617,0.644,2026机构初赛模拟题/01-质心GChO/ZCHEM-GChO62试题.md
质心GChO,题-GChO-62-04-二元化合物A为黑色晶体是一种.md,269,385,0.609,0.641,2026机构初赛模拟题/01-质心GChO/ZCHEM-GChO62试题.md
质心GChO,题-GChO-62-07-71左旋多巴是治疗帕金森的核.md,294,336,0.717,0.788,2026机构初赛模拟题/01-质心GChO/ZCHEM-GChO62试题.md
质心GChO,题-GChO-62-08-酯化反应是最经典的化学反应之.md,300,507,0.585,0.614,2026机构初赛模拟题/01-质心GChO/ZCHEM-GChO62试题.md
质心GChO,题-GChO-62-09-烯烃的双官能团化是一类效率很.md,415,517,0.726,0.771,2026机构初赛模拟题/01-质心GChO/ZCHEM-GChO62试题.md
质心GChO,题-GChO-63-01-11硒酸与氯化肼反应得到两种.md,231,365,0.617,0.67,2026机构初赛模拟题/01-质心GChO/ZCHEM-GChO63试题.md
质心GChO,题-GChO-63-02-3羟基2丁酮与可以发生非氧化.md,204,184,0.777,0.925,2026机构初赛模拟题/01-质心GChO/ZCHEM-GChO63试题.md
质心GChO,题-GChO-63-04-Mn是一种银灰色的过渡金属脆.md,424,398,0.896,0.978,2026机构初赛模拟题/01-质心GChO/ZCHEM-GChO63试题.md
质心GChO,题-GChO-63-05-最近韩国科学家宣称合成出了一.md,341,311,0.811,0.934,2026机构初赛模拟题/01-质心GChO/ZCHEM-GChO63试题.md
质心GChO,题-GChO-63-07-如下的转化在Lewis酸的催.md,48,43,0.891,1.0,2026机构初赛模拟题/01-质心GChO/ZCHEM-GChO63试题.md
质心GChO,题-GChO-63-08-重氮化合物以其丰富而独特的反.md,931,183,0.5,0.944,2026机构初赛模拟题/01-质心GChO/ZCHEM-GChO63试题.md
质心GChO,题-GChO-63-09-由于环张力的存在小环化合物一.md,893,882,0.866,0.935,2026机构初赛模拟题/01-质心GChO/ZCHEM-GChO63试题.md
质心GChO,题-GChO-64-01-11与发生非氧化还原反应产物.md,362,726,0.554,0.574,2026机构初赛模拟题/01-质心GChO/ZCHEM-GChO64试题.md
质心GChO,题-GChO-64-03-X是一种常见的金属元素虽然其.md,461,665,0.685,0.706,2026机构初赛模拟题/01-质心GChO/ZCHEM-GChO64试题.md
质心GChO,题-GChO-64-05-下图是某三元化合物的正当四方.md,331,579,0.597,0.611,2026机构初赛模拟题/01-质心GChO/ZCHEM-GChO64试题.md
质心GChO,题-GChO-64-06-稀土金属硼氧化物不仅稀有且具.md,409,398,0.866,0.941,2026机构初赛模拟题/01-质心GChO/ZCHEM-GChO64试题.md
质心GChO,题-GChO-65-01-氮是一种颇有特色的元素尽管其.md,319,300,0.674,0.829,2026机构初赛模拟题/01-质心GChO/ZCHEM-GChO65试题.md
质心GChO,题-GChO-65-02-21由复分解反应制备过渡金属.md,384,392,0.907,0.947,2026机构初赛模拟题/01-质心GChO/ZCHEM-GChO65试题.md
质心GChO,题-GChO-65-03-氦曾被普遍认为是没有化合物的.md,417,722,0.534,0.598,2026机构初赛模拟题/01-质心GChO/ZCHEM-GChO65试题.md
质心GChO,题-GChO-65-04-A是一种亮黄色有刺激性臭味的.md,405,440,0.839,0.875,2026机构初赛模拟题/01-质心GChO/ZCHEM-GChO65试题.md
质心GChO,题-GChO-65-05-氮元素的固定一直是无机化学领.md,318,241,0.591,0.867,2026机构初赛模拟题/01-质心GChO/ZCHEM-GChO65试题.md
质心GChO,题-GChO-65-06-右图是由Cu和Ag组成的复合.md,578,542,0.724,0.87,2026机构初赛模拟题/01-质心GChO/ZCHEM-GChO65试题.md
质心GChO,题-GChO-65-07-现有如下的转化textMeO.md,273,287,0.733,0.825,2026机构初赛模拟题/01-质心GChO/ZCHEM-GChO65试题.md
质心GChO,题-GChO-66-02-下面的反应都是能够生成PP键.md,432,528,0.747,0.785,2026机构初赛模拟题/01-质心GChO/ZCHEM-GChO66试题.md
质心GChO,题-GChO-66-04-A为一无色液体将A的蒸气与水.md,323,398,0.729,0.78,2026机构初赛模拟题/01-质心GChO/ZCHEM-GChO66试题.md
质心GChO,题-GChO-66-05-除碳以外其他p区元素之间的多.md,438,418,0.847,0.941,2026机构初赛模拟题/01-质心GChO/ZCHEM-GChO66试题.md
质心GChO,题-GChO-66-06-一般来说对于某种晶体的研究并.md,643,629,0.639,0.754,2026机构初赛模拟题/01-质心GChO/ZCHEM-GChO66试题.md
质心GChO,题-GChO-66-07-如下是一个过渡金属催化的合成.md,519,125,0.368,0.942,2026机构初赛模拟题/01-质心GChO/ZCHEM-GChO66试题.md
质心GChO,题-GChO-66-08-由于芳香性这个护身符的存在苯.md,464,175,0.429,0.944,2026机构初赛模拟题/01-质心GChO/ZCHEM-GChO66试题.md
质心GChO,题-GChO-68-02-奥林匹克圣火是奥运会期间在主.md,881,1284,0.611,0.684,2026机构初赛模拟题/01-质心GChO/ZCHEM-GChO68试题.md
质心GChO,题-GChO-68-03-31将4g重铬酸钾和12g二.md,315,439,0.591,0.654,2026机构初赛模拟题/01-质心GChO/ZCHEM-GChO68试题.md
质心GChO,题-GChO-68-04-41是一种自然界中丰富存在的.md,535,519,0.958,0.996,2026机构初赛模拟题/01-质心GChO/ZCHEM-GChO68试题.md
质心GChO,题-GChO-68-05-全氮类物质因具有高密度高生成.md,490,553,0.776,0.83,2026机构初赛模拟题/01-质心GChO/ZCHEM-GChO68试题.md
质心GChO,题-GChO-68-06-金属元素X在常温下的单质为六.md,344,480,0.586,0.648,2026机构初赛模拟题/01-质心GChO/ZCHEM-GChO68试题.md
质心GChO,题-GChO-69-01-11茂基配体用于合成新颖的主.md,770,708,0.812,0.918,2026机构初赛模拟题/01-质心GChO/ZCHEM-GChO69试题.md
质心GChO,题-GChO-69-02-212016年首次报道了亚乙.md,387,453,0.693,0.783,2026机构初赛模拟题/01-质心GChO/ZCHEM-GChO69试题.md
质心GChO,题-GChO-69-03-31叠氮化钠作为一种常用的化.md,718,1026,0.727,0.751,2026机构初赛模拟题/01-质心GChO/ZCHEM-GChO69试题.md
质心GChO,题-GChO-69-04-近年来CuFe等作为水催化氧.md,639,677,0.816,0.865,2026机构初赛模拟题/01-质心GChO/ZCHEM-GChO69试题.md
质心GChO,题-GChO-69-05-51在新近高温高压下制备的氮.md,718,1007,0.67,0.706,2026机构初赛模拟题/01-质心GChO/ZCHEM-GChO69试题.md
质心GChO,题-GChO-69-06-三氧化硫是工业制取硫酸的重要.md,604,711,0.619,0.72,2026机构初赛模拟题/01-质心GChO/ZCHEM-GChO69试题.md
质心GChO,题-GChO-69-07-71以下三个化合物具有类似的.md,283,281,0.816,0.9,2026机构初赛模拟题/01-质心GChO/ZCHEM-GChO69试题.md
质心GChO,题-GChO-69-08-苯炔和含B化合物都具有丰富的.md,162,123,0.755,1.0,2026机构初赛模拟题/01-质心GChO/ZCHEM-GChO69试题.md
质心GChO,题-GChO-69-09-分子骨架编辑Skeletal.md,459,379,0.848,0.997,2026机构初赛模拟题/01-质心GChO/ZCHEM-GChO69试题.md
质心GChO,题-GChO-70-01-XYZ三种物质具有类似的结构.md,518,896,0.637,0.666,2026机构初赛模拟题/01-质心GChO/ZCHEM-GChO70试题.md
质心GChO,题-GChO-70-05-在分子机器领域有两类分子体系.md,1251,1528,0.748,0.78,2026机构初赛模拟题/01-质心GChO/ZCHEM-GChO70试题.md
质心GChO,题-GChO-70-06-基于经典的Lewis酸碱理论.md,1097,632,0.499,0.917,2026机构初赛模拟题/01-质心GChO/ZCHEM-GChO70试题.md
质心GChO,题-GChO-70-08-近年来由于在生物医学方面的显.md,656,297,0.631,0.949,2026机构初赛模拟题/01-质心GChO/ZCHEM-GChO70试题.md
质心GChO,题-GChO-70-09-首先我们来学习一个简单的反应.md,229,101,0.551,0.958,2026机构初赛模拟题/01-质心GChO/ZCHEM-GChO70试题.md
质心GChO,题-GChO-71-01-A是人类发现最晚的天然元素也.md,252,530,0.565,0.59,2026机构初赛模拟题/01-质心GChO/ZCHEM-GChO71试题.md
质心GChO,题-GChO-71-02-21的NMR谱图核磁共振氢谱.md,721,690,0.631,0.771,2026机构初赛模拟题/01-质心GChO/ZCHEM-GChO71试题.md
质心GChO,题-GChO-71-03-31在聚酯化反应体系中残留水.md,564,490,0.815,0.953,2026机构初赛模拟题/01-质心GChO/ZCHEM-GChO71试题.md
质心GChO,题-GChO-71-04-本题中出现的缩写THF四氢呋.md,251,259,0.783,0.856,2026机构初赛模拟题/01-质心GChO/ZCHEM-GChO71试题.md
质心GChO,题-GChO-71-05-本题可能用到的公式及常数单个.md,585,985,0.624,0.665,2026机构初赛模拟题/01-质心GChO/ZCHEM-GChO71试题.md
质心GChO,题-GChO-71-06-61石墨晶体具有三方石墨和六.md,826,1042,0.76,0.801,2026机构初赛模拟题/01-质心GChO/ZCHEM-GChO71试题.md
质心GChO,题-GChO-71-07-有机合成涉及到多方面的立体选.md,464,492,0.537,0.669,2026机构初赛模拟题/01-质心GChO/ZCHEM-GChO71试题.md
质心GChO,题-GChO-71-09-本题涉及的是一个14二羰基化.md,396,435,0.79,0.832,2026机构初赛模拟题/01-质心GChO/ZCHEM-GChO71试题.md
质心GChO,题-GChO-72-01-11请给出A和B的结构并给出.md,142,119,0.799,0.974,2026机构初赛模拟题/01-质心GChO/ZCHEM-GChO72试题.md
质心GChO,题-GChO-72-04-41元素A和元素B的电负性分.md,480,947,0.512,0.53,2026机构初赛模拟题/01-质心GChO/ZCHEM-GChO72试题.md
质心GChO,题-GChO-72-06-61串联质谱MS技术为测定多.md,735,809,0.816,0.86,2026机构初赛模拟题/01-质心GChO/ZCHEM-GChO72试题.md
质心GChO,题-GChO-72-07-71在含有共轭体系的螺环化合.md,386,439,0.687,0.777,2026机构初赛模拟题/01-质心GChO/ZCHEM-GChO72试题.md
质心GChO,题-GChO-72-09-重排反应是有机反应中很神奇的.md,322,573,0.553,0.59,2026机构初赛模拟题/01-质心GChO/ZCHEM-GChO72试题.md
质心GChO,题-GChO-73-01-11是最重要的硫氮二元化合物.md,708,926,0.766,0.801,2026机构初赛模拟题/01-质心GChO/ZCHEM-GChO73试题.md
质心GChO,题-GChO-73-02-21共聚高分子是由两种不同的.md,1538,2584,0.65,0.667,2026机构初赛模拟题/01-质心GChO/ZCHEM-GChO73试题.md
质心GChO,题-GChO-73-03-近年来具有优良光致发光和发光.md,1371,1906,0.705,0.736,2026机构初赛模拟题/01-质心GChO/ZCHEM-GChO73试题.md
质心GChO,题-GChO-73-04-酰胺A能够形成分子内氢键如图.md,425,989,0.539,0.557,2026机构初赛模拟题/01-质心GChO/ZCHEM-GChO73试题.md
质心GChO,题-GChO-73-05-51硅酸盐的基本结构是硅氧四.md,1361,1999,0.779,0.801,2026机构初赛模拟题/01-质心GChO/ZCHEM-GChO73试题.md
质心GChO,题-GChO-73-06-61某课题组于2019年合成.md,569,840,0.645,0.672,2026机构初赛模拟题/01-质心GChO/ZCHEM-GChO73试题.md
质心GChO,题-GChO-73-07-71在单取代环己烷中直键取代.md,628,908,0.657,0.677,2026机构初赛模拟题/01-质心GChO/ZCHEM-GChO73试题.md
质心GChO,题-GChO-73-08-分子骨架编辑技术是直接在分子.md,1191,1210,0.949,0.968,2026机构初赛模拟题/01-质心GChO/ZCHEM-GChO73试题.md
质心GChO,题-GChO-73-09-总有一些学习化竞的同学对力量.md,353,437,0.715,0.749,2026机构初赛模拟题/01-质心GChO/ZCHEM-GChO73试题.md
质心GChO,题-GChO-74-01-11众所周知碳纳米管表面是疏.md,741,1463,0.624,0.637,2026机构初赛模拟题/01-质心GChO/ZCHEM-GChO74试题.md
质心GChO,题-GChO-74-02-一些电负性相对较高的富电子过.md,765,1509,0.581,0.589,2026机构初赛模拟题/01-质心GChO/ZCHEM-GChO74试题.md
质心GChO,题-GChO-74-03-锂离子电池的发现及其应用可谓.md,954,1758,0.583,0.605,2026机构初赛模拟题/01-质心GChO/ZCHEM-GChO74试题.md
质心GChO,题-GChO-74-04-涉及过渡金属的晶体通常会有意.md,609,1089,0.579,0.595,2026机构初赛模拟题/01-质心GChO/ZCHEM-GChO74试题.md
质心GChO,题-GChO-74-05-51A是的一种重要的氧化物其.md,685,1815,0.586,0.602,2026机构初赛模拟题/01-质心GChO/ZCHEM-GChO74试题.md
质心GChO,题-GChO-74-06-今年中山大学化学学院胡鹏教授.md,164,159,0.825,0.91,2026机构初赛模拟题/01-质心GChO/ZCHEM-GChO74试题.md
质心GChO,题-GChO-74-08-选择性是有机化学反应的一大特.md,283,385,0.599,0.632,2026机构初赛模拟题/01-质心GChO/ZCHEM-GChO74试题.md
质心GChO,题-GChO-74-09-三元环因为具有较大的环张力而.md,273,295,0.77,0.852,2026机构初赛模拟题/01-质心GChO/ZCHEM-GChO74试题.md
质心GChO,题-GChO-76-01-现有一种纯净的白色固体X其由.md,596,807,0.527,0.641,2026机构初赛模拟题/01-质心GChO/ZCHEM-GChO76试题.md
质心GChO,题-GChO-76-02-氰基乙烯酮负离子在之前只存在.md,290,303,0.508,0.671,2026机构初赛模拟题/01-质心GChO/ZCHEM-GChO76试题.md
质心GChO,题-GChO-76-03-为解决氯碱工业中的老大难问题.md,245,227,0.774,0.904,2026机构初赛模拟题/01-质心GChO/ZCHEM-GChO76试题.md
质心GChO,题-GChO-76-06-关于季铵盐和季膦盐的晶体结构.md,762,619,0.62,0.813,2026机构初赛模拟题/01-质心GChO/ZCHEM-GChO76试题.md
质心GChO,题-GChO-76-09-有机化学的魅力之一在于它有无.md,1623,1211,0.518,0.628,2026机构初赛模拟题/01-质心GChO/ZCHEM-GChO76试题.md
质心GChO,题-GChO-77-01-11高铼酸钾与KOH共热可以.md,679,1065,0.524,0.604,2026机构初赛模拟题/01-质心GChO/ZCHEM-GChO77试题.md
质心GChO,题-GChO-77-04-如下是某二元化合物的立方晶胞.md,508,618,0.597,0.646,2026机构初赛模拟题/01-质心GChO/ZCHEM-GChO77试题.md
质心GChO,题-GChO-77-05-512022年有人报道了一系.md,514,639,0.737,0.81,2026机构初赛模拟题/01-质心GChO/ZCHEM-GChO77试题.md
质心GChO,题-GChO-77-06-有机反应的机理常常是十分有趣.md,276,272,0.893,0.946,2026机构初赛模拟题/01-质心GChO/ZCHEM-GChO77试题.md
质心GChO,题-GChO-77-07-三氟甲基等含氟基团以其独特的.md,454,442,0.821,0.912,2026机构初赛模拟题/01-质心GChO/ZCHEM-GChO77试题.md
质心GChO,题-GChO-77-08-在众多杂环化合物中13二杂原.md,1041,893,0.816,0.966,2026机构初赛模拟题/01-质心GChO/ZCHEM-GChO77试题.md
质心GChO,题-GChO-78-01-11等电点是一个分子不携带净.md,834,826,0.872,0.927,2026机构初赛模拟题/01-质心GChO/ZCHEM-GChO78试题.md
质心GChO,题-GChO-78-04-一种新型含UNTe元素的三元.md,419,572,0.59,0.648,2026机构初赛模拟题/01-质心GChO/ZCHEM-GChO78试题.md
质心GChO,题-GChO-78-05-MeerweinPonndo.md,1867,869,0.572,0.625,2026机构初赛模拟题/01-质心GChO/ZCHEM-GChO78试题.md
质心GChO,题-GChO-78-06-同组元素会具有相似的化学性质.md,1088,1072,0.908,0.949,2026机构初赛模拟题/01-质心GChO/ZCHEM-GChO78试题.md
质心GChO,题-GChO-78-08-有如下一个不对称合成反应在手.md,227,148,0.505,0.824,2026机构初赛模拟题/01-质心GChO/ZCHEM-GChO78试题.md
质心GChO,题-GChO-78-09-如下是一个氨基酸位的反应注意.md,402,904,0.505,0.526,2026机构初赛模拟题/01-质心GChO/ZCHEM-GChO78试题.md
质心GChO,题-GChO-79-01-苯的等电子体无机苯已在多年前.md,651,496,0.8,0.986,2026机构初赛模拟题/01-质心GChO/ZCHEM-GChO79试题.md
质心GChO,题-GChO-79-02-年轻的化学家小王正在检查当地.md,541,980,0.53,0.572,2026机构初赛模拟题/01-质心GChO/ZCHEM-GChO79试题.md
质心GChO,题-GChO-79-03-在1879年瑞典化学家拉尔斯.md,409,552,0.674,0.713,2026机构初赛模拟题/01-质心GChO/ZCHEM-GChO79试题.md
质心GChO,题-GChO-79-06-亚铁离子可以与110菲罗啉P.md,940,1087,0.722,0.75,2026机构初赛模拟题/01-质心GChO/ZCHEM-GChO79试题.md
质心GChO,题-GChO-79-07-71烯烃A在下述转化下得到了.md,168,115,0.588,0.915,2026机构初赛模拟题/01-质心GChO/ZCHEM-GChO79试题.md
质心GChO,题-GChO-79-09-由于位阻的存在4级碳的合成始.md,913,88,0.143,0.976,2026机构初赛模拟题/01-质心GChO/ZCHEM-GChO79试题.md
质心GChO,题-GChO-80-01-11东汉周易参同契中记载胡粉.md,862,1208,0.753,0.791,2026机构初赛模拟题/01-质心GChO/ZCHEM-GChO80试题.md
质心GChO,题-GChO-80-02-和都是工业中常用的强氧化剂利.md,428,603,0.718,0.757,2026机构初赛模拟题/01-质心GChO/ZCHEM-GChO80试题.md
质心GChO,题-GChO-80-03-31键长是决定分子构型的基本.md,1078,1516,0.63,0.682,2026机构初赛模拟题/01-质心GChO/ZCHEM-GChO80试题.md
质心GChO,题-GChO-80-04-41二维材料呈现出丰富的晶体.md,881,1594,0.636,0.652,2026机构初赛模拟题/01-质心GChO/ZCHEM-GChO80试题.md
质心GChO,题-GChO-80-05-是一种具有溶剂热致变色特性的.md,1031,1384,0.685,0.734,2026机构初赛模拟题/01-质心GChO/ZCHEM-GChO80试题.md
质心GChO,题-GChO-80-06-氢气是一种绿色可再生的能源在.md,1136,2167,0.657,0.689,2026机构初赛模拟题/01-质心GChO/ZCHEM-GChO80试题.md
质心GChO,题-GChO-80-07-71比较下列化合物的酸性强弱.md,692,981,0.631,0.71,2026机构初赛模拟题/01-质心GChO/ZCHEM-GChO80试题.md
质心GChO,题-GChO-80-08-作为和碳同族的元素硅在有机化.md,244,409,0.596,0.636,2026机构初赛模拟题/01-质心GChO/ZCHEM-GChO80试题.md
质心GChO,题-GChO-81-01-酸性强于纯硫酸的酸成为超酸s.md,1035,1290,0.773,0.802,2026机构初赛模拟题/01-质心GChO/ZCHEM-GChO81试题.md
质心GChO,题-GChO-81-02-大多数金属阳离子在水溶液中会.md,845,1000,0.572,0.657,2026机构初赛模拟题/01-质心GChO/ZCHEM-GChO81试题.md
质心GChO,题-GChO-81-03-生命体中各种物质的结构和功能.md,1149,1907,0.695,0.724,2026机构初赛模拟题/01-质心GChO/ZCHEM-GChO81试题.md
质心GChO,题-GChO-81-04-研究者合成了氮杂环硼基取代的.md,1230,2148,0.508,0.541,2026机构初赛模拟题/01-质心GChO/ZCHEM-GChO81试题.md
质心GChO,题-GChO-81-05-元素A可以与各种卤素形成一系.md,685,1187,0.545,0.588,2026机构初赛模拟题/01-质心GChO/ZCHEM-GChO81试题.md
质心GChO,题-GChO-81-07-71请按从大到小的顺序排列下.md,435,686,0.552,0.614,2026机构初赛模拟题/01-质心GChO/ZCHEM-GChO81试题.md
质心GChO,题-GChO-82-01-化学系二年级学生小李小心翼翼.md,654,924,0.723,0.743,2026机构初赛模拟题/01-质心GChO/ZCHEM-GChO82试题.md
质心GChO,题-GChO-82-02-金属有机框架材料MOFs是近.md,537,572,0.785,0.858,2026机构初赛模拟题/01-质心GChO/ZCHEM-GChO82试题.md
质心GChO,题-GChO-82-03-常见的氧单质有和氧可参与形成.md,641,1129,0.618,0.651,2026机构初赛模拟题/01-质心GChO/ZCHEM-GChO82试题.md
质心GChO,题-GChO-82-04-正烷烃是目前人们研究最为深入.md,1332,1757,0.754,0.783,2026机构初赛模拟题/01-质心GChO/ZCHEM-GChO82试题.md
质心GChO,题-GChO-82-05-51近年来在光电材料领域有机.md,1316,1873,0.728,0.762,2026机构初赛模拟题/01-质心GChO/ZCHEM-GChO82试题.md
质心GChO,题-GChO-82-06-61金属X反应活性较低加热时.md,1206,1699,0.667,0.708,2026机构初赛模拟题/01-质心GChO/ZCHEM-GChO82试题.md
质心GChO,题-GChO-83-03-如下是深度同学设计的一种基于.md,910,1240,0.722,0.776,2026机构初赛模拟题/01-质心GChO/ZCHEM-GChO83试题.md
质心GChO,题-GChO-83-04-MXene是由MAX相处理得.md,988,1835,0.593,0.614,2026机构初赛模拟题/01-质心GChO/ZCHEM-GChO83试题.md
质心GChO,题-GChO-83-06-实验技能是学习化学必不可少的.md,1058,1523,0.654,0.695,2026机构初赛模拟题/01-质心GChO/ZCHEM-GChO83试题.md
质心UChO,题-UChO-01-01-11Ag在12K和惰性气氛中.md,452,623,0.787,0.818,2026机构初赛模拟题/02-质心UChO/8thZCHEM-UChO-Tour1.md
质心UChO,题-UChO-01-01-11将TIF溶于KFHF溶液.md,290,444,0.665,0.71,2026机构初赛模拟题/02-质心UChO/9thZCHEM-UChO-Tour1.md
质心UChO,题-UChO-01-01-银纳米团簇的结构与性质相关性.md,670,1373,0.549,0.557,2026机构初赛模拟题/02-质心UChO/7thZCHEM-UChO-Tour1.md
质心UChO,题-UChO-01-02-钳式配体有助于形成不常见的配.md,440,521,0.697,0.754,2026机构初赛模拟题/02-质心UChO/8thZCHEM-UChO-Tour1.md
质心UChO,题-UChO-01-03-31今年某课题组报道了利用有.md,224,229,0.896,0.939,2026机构初赛模拟题/02-质心UChO/3rdZCHEM-UChO-Tour1.md
质心UChO,题-UChO-01-03-现代工业上制备烷基胺主要是利.md,842,1605,0.691,0.707,2026机构初赛模拟题/02-质心UChO/9thZCHEM-UChO-Tour1.md
质心UChO,题-UChO-01-04-41氨分子在Pt表面的分解速.md,654,2117,0.516,0.535,2026机构初赛模拟题/02-质心UChO/7thZCHEM-UChO-Tour1.md
质心UChO,题-UChO-01-04-下图是某种金属复合氧化物的正.md,278,389,0.539,0.602,2026机构初赛模拟题/02-质心UChO/6thZCHEM-UChO-Tour1.md
质心UChO,题-UChO-01-04-由BaMnO三种元素组成的晶.md,1141,1407,0.625,0.658,2026机构初赛模拟题/02-质心UChO/9thZCHEM-UChO-Tour1.md
质心UChO,题-UChO-01-05-在最开始接触到化学的时候我们.md,1318,1665,0.809,0.839,2026机构初赛模拟题/02-质心UChO/8thZCHEM-UChO-Tour1.md
质心UChO,题-UChO-01-05-开发有机化合物选择性氧化的有.md,1342,2463,0.663,0.672,2026机构初赛模拟题/02-质心UChO/9thZCHEM-UChO-Tour1.md
质心UChO,题-UChO-01-05-水接受氢离子的能力称为碱度用.md,763,1980,0.567,0.59,2026机构初赛模拟题/02-质心UChO/6thZCHEM-UChO-Tour1.md
质心UChO,题-UChO-01-06-611865年德国科学家希托.md,537,501,0.888,0.976,2026机构初赛模拟题/02-质心UChO/6thZCHEM-UChO-Tour1.md
质心UChO,题-UChO-01-06-61生物发光是自然界中非常有.md,992,1676,0.673,0.684,2026机构初赛模拟题/02-质心UChO/8thZCHEM-UChO-Tour1.md
质心UChO,题-UChO-01-06-某有机三元酸是生物体内重要的.md,1028,2446,0.533,0.549,2026机构初赛模拟题/02-质心UChO/9thZCHEM-UChO-Tour1.md
质心UChO,题-UChO-01-07-Friedlnder环化是合.md,1382,1471,0.728,0.773,2026机构初赛模拟题/02-质心UChO/6thZCHEM-UChO-Tour1.md
质心UChO,题-UChO-01-07-人工分子马达从生物活性蛋白这.md,918,1246,0.696,0.747,2026机构初赛模拟题/02-质心UChO/9thZCHEM-UChO-Tour1.md
质心UChO,题-UChO-01-07-元素X的氧化物是一种重要的陶.md,239,542,0.639,0.649,2026机构初赛模拟题/02-质心UChO/3rdZCHEM-UChO-Tour1.md
质心UChO,题-UChO-01-07-四元环和三元环同为高张力小环.md,673,420,0.771,0.977,2026机构初赛模拟题/02-质心UChO/8thZCHEM-UChO-Tour1.md
质心UChO,题-UChO-01-07-由于芳香性的存在苯环是相当稳.md,272,325,0.683,0.736,2026机构初赛模拟题/02-质心UChO/7thZCHEM-UChO-Tour1.md
质心UChO,题-UChO-01-08-81写出反应过程中的重要中间.md,40,55,0.518,0.592,2026机构初赛模拟题/02-质心UChO/3rdZCHEM-UChO-Tour1.md
质心UChO,题-UChO-01-08-DA反应是全合成化学家最喜欢.md,467,726,0.685,0.711,2026机构初赛模拟题/02-质心UChO/7thZCHEM-UChO-Tour1.md
质心UChO,题-UChO-01-08-环丙烷在一定程度上具有与双键.md,366,823,0.516,0.557,2026机构初赛模拟题/02-质心UChO/6thZCHEM-UChO-Tour1.md
质心UChO,题-UChO-01-10-碎米桠Rabdosirube.md,249,307,0.763,0.786,2026机构初赛模拟题/02-质心UChO/3rdZCHEM-UChO-Tour1.md
质心UChO,题-UChO-02-01-11二氯磷腈是一种用途广泛的.md,226,239,0.781,0.853,2026机构初赛模拟题/02-质心UChO/8thZCHEM-UChO-Tour2.md
质心UChO,题-UChO-02-01-11碳单质与氧气在一定条件下.md,1044,2768,0.512,0.538,2026机构初赛模拟题/02-质心UChO/3rdZCHEM-UChO-Tour2.md
质心UChO,题-UChO-02-01-低周期副族元素原子或离子的磁.md,695,953,0.695,0.721,2026机构初赛模拟题/02-质心UChO/7thZCHEM-UChO-Tour2.md
质心UChO,题-UChO-02-01-在一定配位环境下的金属离子可.md,600,657,0.879,0.9,2026机构初赛模拟题/02-质心UChO/6thZCHEM-UChO-Tour2.md
质心UChO,题-UChO-02-02-21三价铂的一种碱式硫酸盐具.md,494,623,0.75,0.772,2026机构初赛模拟题/02-质心UChO/7thZCHEM-UChO-Tour2.md
质心UChO,题-UChO-02-02-含有脒基的化合物如下所示在无.md,475,438,0.582,0.731,2026机构初赛模拟题/02-质心UChO/8thZCHEM-UChO-Tour2.md
质心UChO,题-UChO-02-02-提到重氮你第一时间想到的是什.md,794,1225,0.621,0.641,2026机构初赛模拟题/02-质心UChO/9thZCHEM-UChO-Tour2.md
质心UChO,题-UChO-02-02-热力学与动力学在体内如配体受.md,703,1520,0.532,0.564,2026机构初赛模拟题/02-质心UChO/6thZCHEM-UChO-Tour2.md
质心UChO,题-UChO-02-03-在时测得气相基元反应的速率常.md,541,815,0.662,0.711,2026机构初赛模拟题/02-质心UChO/9thZCHEM-UChO-Tour2.md
质心UChO,题-UChO-02-03-某种Ta的氧化物的晶胞结构如.md,352,566,0.8,0.845,2026机构初赛模拟题/02-质心UChO/8thZCHEM-UChO-Tour2.md
质心UChO,题-UChO-02-04-41今年有科学家报道了一种利.md,599,793,0.73,0.748,2026机构初赛模拟题/02-质心UChO/3rdZCHEM-UChO-Tour2.md
质心UChO,题-UChO-02-04-某种矿石最开始在俄罗斯被发现.md,682,1249,0.54,0.556,2026机构初赛模拟题/02-质心UChO/8thZCHEM-UChO-Tour2.md
质心UChO,题-UChO-02-04-由LuMnO三种元素组成的晶.md,623,1566,0.6,0.63,2026机构初赛模拟题/02-质心UChO/9thZCHEM-UChO-Tour2.md
质心UChO,题-UChO-02-04-自由基聚合是一种很重要的高分.md,1320,2125,0.679,0.694,2026机构初赛模拟题/02-质心UChO/7thZCHEM-UChO-Tour2.md
质心UChO,题-UChO-02-05-对于一些结构复杂的晶体我们可.md,338,443,0.523,0.59,2026机构初赛模拟题/02-质心UChO/6thZCHEM-UChO-Tour2.md
质心UChO,题-UChO-02-05-对于含Be的某三元化合物G进.md,293,615,0.508,0.547,2026机构初赛模拟题/02-质心UChO/7thZCHEM-UChO-Tour2.md
质心UChO,题-UChO-02-05-恒定温度下表面覆盖度与气压的.md,1297,1913,0.667,0.701,2026机构初赛模拟题/02-质心UChO/9thZCHEM-UChO-Tour2.md
质心UChO,题-UChO-02-06-61制冷剂在冰箱和空调里都是.md,994,1517,0.548,0.606,2026机构初赛模拟题/02-质心UChO/9thZCHEM-UChO-Tour2.md
质心UChO,题-UChO-02-06-含氮多环结构是一类重要的生物.md,693,738,0.844,0.885,2026机构初赛模拟题/02-质心UChO/7thZCHEM-UChO-Tour2.md
质心UChO,题-UChO-02-06-如下是一个P催化的反应61写.md,173,221,0.522,0.622,2026机构初赛模拟题/02-质心UChO/6thZCHEM-UChO-Tour2.md
质心UChO,题-UChO-02-07-2021年美国芝加哥大学的M.md,339,339,0.861,0.926,2026机构初赛模拟题/02-质心UChO/8thZCHEM-UChO-Tour2.md
质心UChO,题-UChO-02-07-是一种经典的Lewis酸与其.md,366,343,0.817,0.934,2026机构初赛模拟题/02-质心UChO/6thZCHEM-UChO-Tour2.md
质心UChO,题-UChO-02-07-烯丙位是有机化合物中相对活泼.md,1231,1239,0.72,0.816,2026机构初赛模拟题/02-质心UChO/3rdZCHEM-UChO-Tour2.md
质心UChO,题-UChO-02-07-环加成反应一般发生在体系之间.md,173,208,0.652,0.706,2026机构初赛模拟题/02-质心UChO/7thZCHEM-UChO-Tour2.md
质心UChO,题-UChO-02-08-Clickchemistry.md,642,935,0.71,0.725,2026机构初赛模拟题/02-质心UChO/9thZCHEM-UChO-Tour2.md
质心UChO,题-UChO-02-08-亚砜是有机化学中重要的官能团.md,1118,1243,0.704,0.766,2026机构初赛模拟题/02-质心UChO/8thZCHEM-UChO-Tour2.md
质心UChO,题-UChO-02-08-杂萜类化合物是一类重要的天然.md,471,472,0.915,0.941,2026机构初赛模拟题/02-质心UChO/7thZCHEM-UChO-Tour2.md
质心UChO,题-UChO-10-07-六氟异丙醇H.md,1012,1785,0.595,0.612,2026机构初赛模拟题/02-质心UChO/9thZCHEM-UChO-Tour2.md
质心UChO,题-UChO-16-UChO-02-钽试剂N苯甲酰N苯基羟胺BH.md,963,1502,0.699,0.711,2026机构初赛模拟题/02-质心UChO/1stZCHEM-UChO.md
质心UChO,题-UChO-16-UChO-06-较高温度下用液态的钾和石墨接.md,420,501,0.776,0.813,2026机构初赛模拟题/02-质心UChO/1stZCHEM-UChO.md
质心UChO,题-UChO-17-UChO-05-自石墨烯的发现以来二维层型材.md,510,665,0.747,0.786,2026机构初赛模拟题/02-质心UChO/2ndZCHEM-UChO.md
质心UChO,题-UChO-17-UChO-08-天然产物Vinigrol具有.md,172,163,0.922,0.987,2026机构初赛模拟题/02-质心UChO/2ndZCHEM-UChO.md
质心UChO,题-UChO-17-UChO-09-亚砜类化合物是有机合成中非常.md,465,473,0.572,0.677,2026机构初赛模拟题/02-质心UChO/2ndZCHEM-UChO.md
