大类,级别,类别,层,路径,体量KB,天数,说明
过时,P2,D_废稿命名,正式区,00-首页/归档/专题与题型-旧版索引.md,1.6,98,旧版
过时,P2,D_废稿命名,正式区,00-首页/活跃任务/任务卡-2026-08-30-MAINTAIN_删除操作将自动降级为软弃用.md,0.7,27,删除
过时,P2,D_废稿命名,正式区,00-首页/活跃任务/任务卡-2026-09-23-MAINTAIN_删除操作将自动降级为软弃用.md,0.8,2,删除
过时,P2,D_废稿命名,正式区,02-数据库/待物理删除清单.md,3.0,22,删除
过时,P2,D_废稿命名,正式区,09-审计报告/2026-09-12-工作区7076项删除变更评估.md,9.4,13,删除
过时,P2,D_废稿命名,正式区,09-审计报告/历史任务卡/任务卡-2026-07-22-MAINTAIN_删除操作将自动降级为软弃用.md,0.5,50,删除
过时,P2,D_废稿命名,正式区,09-审计报告/历史任务卡/任务卡-2026-07-23-MAINTAIN_删除操作将自动降级为软弃用.md,2.0,50,删除
过时,P2,D_废稿命名,正式区,09-审计报告/历史任务卡/任务卡-2026-08-01-MAINTAIN_删除操作将自动降级为软弃用.md,0.6,50,删除
过时,P2,D_废稿命名,正式区,09-审计报告/历史任务卡/任务卡-2026-08-08-MAINTAIN_删除操作将自动降级为软弃用.md,0.6,48,删除
过时,P2,D_废稿命名,正式区,09-审计报告/历史任务卡/任务卡-2026-08-13-MAINTAIN_删除操作将自动降级为软弃用.md,0.8,43,删除
过时,P2,D_废稿命名,正式区,09-审计报告/历史任务卡/任务卡-2026-08-14-MAINTAIN_删除操作将自动降级为软弃用.md,0.7,43,删除
过时,P2,B_废弃标记,正式区,00-首页/归档/Ai助手使用规则（回答问题）（弃置中）.md,1.6,88,status=deprecated → -
过时,P2,B_废弃标记,正式区,00-首页/归档/待建KP优先级清单-历史版.md,8.2,53,status=deprecated → [[00-首页/待建KP优先级清单]]
过时,P2,B_废弃标记,正式区,00-首页/归档/资料提炼接入缺口表.md,2.2,55,status=deprecated → [[模块连接覆盖表]]
过时,P2,B_废弃标记,正式区,03-知识点/决赛要求/物理化学深化/克拉佩隆方程.md,1.2,22,status=deprecated → [[Clapeyron方程]]
过时,P2,B_废弃标记,正式区,03-知识点/分析化学/EDTA滴定.md,3.2,21,status=deprecated → [[络合滴定]]
过时,P2,B_废弃标记,正式区,03-知识点/分析化学/林邦公式.md,1.7,22,status=deprecated → [[林邦误差公式]]
过时,P2,B_废弃标记,正式区,03-知识点/分析化学/电荷平衡.md,16.7,22,status=deprecated → [[电荷守恒]]
过时,P2,B_废弃标记,正式区,03-知识点/化学原理/亨德森-哈塞尔巴赫方程.md,1.4,22,status=deprecated → [[缓冲溶液]]
过时,P2,B_废弃标记,正式区,03-知识点/化学原理/共振结构.md,1.9,20,status=deprecated → [[共振论]]
过时,P2,B_废弃标记,正式区,03-知识点/化学原理/标准熵.md,10.4,2,status=deprecated → [[标准摩尔熵]]
过时,P2,B_废弃标记,正式区,03-知识点/化学原理/标态.md,11.5,5,status=deprecated → [[标准态]]
过时,P2,B_废弃标记,正式区,03-知识点/化学原理/氧化数.md,2.0,23,status=deprecated → [[氧化态]]
过时,P2,B_废弃标记,正式区,03-知识点/化学原理/沉淀溶解平衡.md,3.1,21,status=deprecated → [[溶度积]]
过时,P2,B_废弃标记,正式区,03-知识点/化学原理/热力学.md,4.0,23,status=deprecated → [[化学热力学]]
过时,P2,B_废弃标记,正式区,03-知识点/化学原理/理想气体状态方程.md,12.6,2,status=deprecated → [[理想气体]]
过时,P2,B_废弃标记,正式区,03-知识点/无机和结构化学/EAN规则.md,3.0,23,status=deprecated → [[18电子规则]]
过时,P2,B_废弃标记,正式区,03-知识点/无机和结构化学/八面体场.md,2.1,23,status=重定向 → [[晶体场理论]]
过时,P2,B_废弃标记,正式区,03-知识点/无机和结构化学/硼化学.md,13.4,15,status=deprecated → [[硼]]
过时,P2,B_废弃标记,正式区,03-知识点/无机和结构化学/磷.md,11.7,23,status=deprecated → [[磷及其化合物]]
过时,P2,B_废弃标记,正式区,03-知识点/无机和结构化学/等电子体原理.md,3.3,23,status=deprecated → [[等电子体]]
过时,P2,B_废弃标记,正式区,03-知识点/无机和结构化学/配位化合物.md,3.5,23,status=deprecated → [[配合物]]
过时,P2,B_废弃标记,正式区,03-知识点/无机和结构化学/金化学.md,12.3,23,status=deprecated → [[金]]
过时,P2,B_废弃标记,正式区,03-知识点/无机和结构化学/非化学计量化合物.md,17.1,23,status=deprecated → [[非整比化合物]]
过时,P2,B_废弃标记,正式区,03-知识点/有机化学/Lewis式.md,1.2,21,status=deprecated → [[Lewis结构式]]
过时,P2,B_废弃标记,正式区,03-知识点/有机化学/NMR分析.md,1.1,22,status=deprecated → [[¹H NMR]]
过时,P2,B_废弃标记,正式区,03-知识点/有机化学/SNAr.md,11.6,23,status=deprecated → [[芳香亲核取代]]
过时,P2,B_废弃标记,正式区,03-知识点/有机化学/动力学同位素效应.md,13.0,23,status=deprecated → [[同位素效应]]
过时,P2,B_废弃标记,正式区,03-知识点/有机化学/糖化学.md,15.4,23,status=deprecated → [[糖类]]
过时,P2,B_废弃标记,正式区,03-知识点/有机化学/膦化合物.md,1.6,22,status=deprecated → [[膦化学]]
过时,P2,B_废弃标记,正式区,03-知识点/有机化学/超分子识别.md,12.5,23,status=deprecated → [[分子识别]]
过时,P2,B_废弃标记,正式区,03-知识点/有机化学/过氧化物效应.md,15.4,23,status=deprecated → [[反马氏加成]]
过时,P2,B_废弃标记,正式区,03-知识点/高中化学基础/晶体结构基础（高中入门）.md,13.5,23,status=deprecated → [[晶体结构基础]]
过时,P2,B_废弃标记,正式区,04-专题与题型/专题/专题-元素化学通论.md,10.2,22,status=deprecated → [[专题-元素化学深度与结构推断综合]]
过时,P2,B_废弃标记,正式区,04-专题与题型/专题/专题-分子结构与杂化.md,8.8,22,status=deprecated → [[专题-分子结构基础]]
过时,P2,B_废弃标记,正式区,04-专题与题型/专题/专题-化学动力学进阶.md,8.6,24,status=deprecated → [[专题-化学动力学初步]]
过时,P2,B_废弃标记,正式区,04-专题与题型/专题/专题-化学热力学.md,9.2,41,status=deprecated → [[专题-热力学初步]]
过时,P2,B_废弃标记,正式区,04-专题与题型/专题/专题-原子结构与周期律.md,9.4,22,status=deprecated → [[专题-原子结构与元素周期律]]
过时,P2,B_废弃标记,正式区,04-专题与题型/专题/专题-定量分析基础.md,7.9,41,status=deprecated → [[专题-容量分析基础与酸碱滴定]]
过时,P2,B_废弃标记,正式区,04-专题与题型/专题/专题-晶体结构与晶格能.md,8.2,22,status=deprecated → [[专题-晶体结构计算]]
过时,P2,B_废弃标记,正式区,04-专题与题型/专题/专题-有机反应机理总览.md,8.7,22,status=deprecated → [[专题-高等有机机理与立体化学]]
过时,P2,B_废弃标记,正式区,04-专题与题型/专题/专题-有机合成设计.md,8.3,41,status=deprecated → [[专题-有机合成逆合成分析]]
过时,P2,B_废弃标记,正式区,04-专题与题型/专题/专题-滴定分析方法.md,8.2,22,status=deprecated → [[专题-容量分析基础与酸碱滴定]]
过时,P2,B_废弃标记,正式区,04-专题与题型/专题/专题-立体化学.md,8.0,22,status=deprecated → [[专题-立体化学与区域选择性]]
过时,P2,B_废弃标记,正式区,04-专题与题型/专题/专题-配位化学进阶.md,8.1,22,status=deprecated → [[专题-配位化学]]
过时,P2,B_废弃标记,正式区,04-专题与题型/专题/专题-配合物化学.md,8.6,22,status=deprecated → [[专题-配位化学]]
过时,P2,B_废弃标记,正式区,04-专题与题型/专题/专题-酸碱平衡与pH计算.md,8.8,21,status=deprecated → [[专题-酸碱理论]]
过时,P2,B_废弃标记,正式区,04-课件/习题课/2026-06-06-真题模拟拆解-冲刺班.md,18.2,51,status=deprecated → null
过时,P2,B_废弃标记,正式区,04-课件/备课大纲/2026-06-10-理想气体状态方程等4个知识点.md,15.7,5,status=草稿 → [[04-课件/备课大纲/2026-06-10-理想气体状态方程等4个知识点-v2]]
过时,P2,B_废弃标记,正式区,04-课件/复习课/2026-05-23-酸碱理论复习.md,5.3,53,status=deprecated → [[04-课件/复习课/第一轮化学原理复习]]
过时,P2,B_废弃标记,正式区,04-课件/复习课/第一轮结构化学初步复习.md,15.6,3,status=deprecated → [[04-课件/复习课/第一轮结构化学初步复习-v2]]
过时,P2,B_废弃标记,正式区,04-课件/学生讲义/_归档/2026-06-23-卤族元素.md,29.3,1,status=deprecated → [[04-课件/学生讲义/氢与卤素-超级充实版（自学完整）]]
过时,P2,B_废弃标记,正式区,04-课件/学生讲义/_归档/第一轮结构化学习题集（精选重组）.md,66.4,1,status=- → [[第一轮结构化学习题集（汇智精选版）]]
过时,P2,B_废弃标记,正式区,04-课件/学生讲义/_归档/过渡-化学键衔接.md,15.3,1,status=- → [[04-课件/学生讲义/分子结构基础-超级充实版（自学完整）]]
过时,P2,B_废弃标记,正式区,04-题库/教材习题/ABOC/题-053-ABOC-Ch1-T1-金刚烷合成.md,2.1,1,status=deprecated → -
过时,P2,B_废弃标记,正式区,04-题库/教材习题/ABOC/题-061-ABOC-Ch9-T3-杂环合成策略综合.md,4.5,1,status=deprecated → null
过时,P2,B_废弃标记,正式区,04-题库/教材习题/ABOC/题-070-ABOC-Ch4-4.1-SN2-vs-SN1判断与消旋化.md,3.7,1,"status=已填充 → [""[[第二轮习题集-有机化学一]]""]"
过时,P2,B_废弃标记,正式区,04-题库/教材习题/ABOC/题-182-ABOC-Ch1-1.2.1-如下所示.md,3.0,2,status=deprecated → [[题-081-ABOC-Ch1-1.2.1-根据下列实验数据判断 与羧基相连的基团的诱导效应是吸电子的还]]
过时,P2,B_废弃标记,正式区,04-题库/教材习题/ABOC/题-183-ABOC-Ch1-1.2.2-3-这里给出丁烷的构象势能图.md,2.1,2,status=deprecated → [[题-083-ABOC-Ch1-1.2.2-3-画出丙烷和丁烷  C2 C3  沿 C C 为轴的纽曼投影式]]
过时,P2,B_废弃标记,正式区,04-题库/教材习题/ABOC/题-184-ABOC-Ch1-1.2.2-4-邻位氢可以σ π超共轭 从而降低体系能量.md,2.1,2,status=deprecated → [[题-084-ABOC-Ch1-1.2.2-4-利用超共轭效应解释以下现象 通常多取代的双键比少取代的双键热]]
过时,P2,B_废弃标记,正式区,04-题库/教材习题/ABOC/题-185-ABOC-Ch1-1.2.2-5-HOMO主要分布在氧和β碳上面.md,1.9,2,status=deprecated → [[题-085-ABOC-Ch1-1.2.2-5-画出左边烯基醚共振式的轨道重叠图 解释共轭效应为何只能把电子]]
过时,P2,B_废弃标记,正式区,04-题库/教材习题/ABOC/题-186-ABOC-Ch1-1.2.2-6-从碳正离子共振式发现 α 位富电子 β位缺电子.md,2.2,2,status=deprecated → [[题-086-ABOC-Ch1-1.2.2-6-画出当硝基  NO  连在乙烯上面时物质的共振式 解释哪些位]]
过时,P2,B_废弃标记,正式区,04-题库/教材习题/ABOC/题-187-ABOC-Ch1-1.3.1-1-左边的更稳定 因为处于直立键的 TMS 可以更好的实现轨道重.md,2.3,2,status=deprecated → [[题-087-ABOC-Ch1-1.3.1-1-以下两个碳正离子谁更稳定  提示 考虑轨道重叠程度]]
过时,P2,B_废弃标记,正式区,04-题库/教材习题/ABOC/题-188-ABOC-Ch1-1.3.1-2-如下所示.md,2.5,2,status=deprecated → [[题-088-ABOC-Ch1-1.3.1-2-写出以下反应的电子推动]]
过时,P2,B_废弃标记,正式区,04-题库/教材习题/ABOC/题-189-ABOC-Ch1-1.3.1-4-可行的机理很多 这里给出一种最短的路径.md,2.4,2,status=deprecated → [[题-089-ABOC-Ch1-1.3.1-4-写出以下反应的机理 已知第一步三苯甲基正离子拔掉异丁烷的氢得]]
过时,P2,B_废弃标记,正式区,04-题库/教材习题/ABOC/题-190-ABOC-Ch1-1.4.1-除了使用构象相互作用来制造船式构象 我还可以利用次级键来制造.md,3.0,2,status=deprecated → [[题-090-ABOC-Ch1-1.4.1-尝试提出一些其他方法破坏椅式构象 提示 关注椅式构象的 13]]
过时,P2,B_废弃标记,正式区,04-题库/教材习题/ABOC/题-191-ABOC-Ch1-1.4.2-1-更多 超共轭和位阻都让直立更加有利.md,2.0,2,status=deprecated → [[题-091-ABOC-Ch1-1.4.2-1-在以上例子中 如果把氮原子换成氟原子 直立构象产物会更多还是]]
过时,P2,B_废弃标记,正式区,04-题库/教材习题/ABOC/题-192-ABOC-Ch1-1.4.2-2-孤对电子被溶剂化 且直立异构体偶极矩小于平伏异构体 极性溶剂.md,6.1,2,status=deprecated → [[题-092-ABOC-Ch1-1.4.2-2-异头碳效应的实质是孤对电子的作用 在高级性溶剂 如水 中 糖]]
过时,P2,B_废弃标记,正式区,04-题库/教材习题/ABOC/题-193-ABOC-Ch2-2.4-3-环己烷中 因为水会破坏其氢键.md,2.1,2,status=deprecated → [[题-094-ABOC-Ch2-2.4-3-右侧物质的烯醇含量在水中高还是环己烷中高 提示 氢键]]
过时,P2,B_废弃标记,正式区,04-题库/教材习题/ABOC/题-195-ABOC-Ch2-2.7-氧化性 还原性 还原性.md,2.4,2,status=deprecated → [[题-096-ABOC-Ch2-2.7-判断以下自由基是还原性自由基还是氧化性自由基]]
过时,P2,B_废弃标记,正式区,04-题库/教材习题/ABOC/题-197-ABOC-Ch2-2.7.2-1-写出格氏试剂 以 RMgX 表示 和二氧化碳反应得到羧酸根的.md,3.2,2,status=deprecated → [[题-099-ABOC-Ch2-2.7.2-1-写出格氏试剂 以RMgX表示 和二氧化碳反应得到羧酸根的电子]]
过时,P2,B_废弃标记,正式区,04-题库/教材习题/ABOC/题-198-ABOC-Ch2-2.7.2-2-解释环丙烷的氢酸性和乙烯接近.md,3.0,2,status=deprecated → [[题-100-ABOC-Ch2-2.7.2-2-解释环丙烷的氢酸性和乙烯接近]]
过时,P2,B_废弃标记,正式区,04-题库/教材习题/ABOC/题-199-ABOC-Ch2-2.7.2-3-自由基链反应机理.md,3.4,2,status=deprecated → [[题-101-ABOC-Ch2-2.7.2-3-写出Li 和RX 反应的单电子转移机理]]
过时,P2,B_废弃标记,正式区,04-题库/教材习题/ABOC/题-200-ABOC-Ch2-2.7.4-1-以下物质的两个共振式谁更稳定 占据主导  为什么.md,3.5,2,status=deprecated → [[题-102-ABOC-Ch2-2.7.4-1-以下物质的两个共振式谁更稳定 占据主导  为什么]]
过时,P2,B_废弃标记,正式区,04-题库/教材习题/ABOC/题-201-ABOC-Ch2-2.8-1-写出氢碘酸与以下物种反应的主要产物 注意碳正离子重排.md,3.0,2,status=deprecated → [[题-103-ABOC-Ch2-2.8-1-写出氢碘酸与以下物种反应的主要产物 注意碳正离子重排]]
过时,P2,B_废弃标记,正式区,04-题库/教材习题/ABOC/题-202-ABOC-Ch2-2.8-2-得到第三个产物的机理经历了一步负氢迁移.md,2.4,2,status=deprecated → [[题-104-ABOC-Ch2-2.8-2-写出以下反应所有产物的电子推动机理 解释产物的生成原因 提示]]
过时,P2,B_废弃标记,正式区,04-题库/教材习题/ABOC/题-203-ABOC-Ch2-2.9-写出以下反应的机理 解释机理的不同之处 并画出 A 的结构.md,3.9,2,status=deprecated → [[题-105-ABOC-Ch2-2.9-写出以下反应的机理 解释机理的不同之处 并画出 A 的结构]]
过时,P2,B_废弃标记,正式区,04-题库/教材习题/ABOC/题-204-ABOC-Ch2-2.10.1-下列化合物与等物质的量的 Br 发生加成反应时 可能得到哪些.md,3.1,2,status=deprecated → [[题-106-ABOC-Ch2-2.10.1-下列化合物与等物质的量的 Br 发生加成反应时 可能得到哪些]]
过时,P2,B_废弃标记,正式区,04-题库/教材习题/ABOC/题-205-ABOC-Ch2-2.10.2-如图所示 显然全部都是亲核加成.md,4.0,2,status=deprecated → [[题-107-ABOC-Ch2-2.10.2-完成下列反应 写出主要产物 并指出此反应是亲核加成还是亲电加]]
过时,P2,B_废弃标记,正式区,04-题库/教材习题/ABOC/题-206-ABOC-Ch2-2.11-必须有两组反式共平面才能碎裂化.md,4.5,2,status=deprecated → [[题-108-ABOC-Ch2-2.11-碎裂化反应]]
过时,P2,B_废弃标记,正式区,04-题库/教材习题/ABOC/题-207-ABOC-Ch3-3.2.2-自己看书.md,4.3,2,status=deprecated → [[题-111-ABOC-Ch3-3.2.2-在有机反应中 反式邻二醇是一类重要原料 可以通过烯烃的氧化反]]
过时,P2,B_废弃标记,正式区,04-题库/教材习题/ABOC/题-208-ABOC-Ch3-3.2.3-这里只能反式消除 正负不要漏.md,2.3,2,status=deprecated → [[题-112-ABOC-Ch3-3.2.3-卤代内酯化反应是一种简单的串联反应 已知反应]]
过时,P2,B_废弃标记,正式区,04-题库/教材习题/ABOC/题-209-ABOC-Ch3-3.3.4-1-无法形成形式上的二醇.md,2.1,2,status=deprecated → [[题-113-ABOC-Ch3-3.3.4-1-解释以下问题 a 羟基酸 1 2 二酮 a 二酮  a 氨基]]
过时,P2,B_废弃标记,正式区,04-题库/教材习题/ABOC/题-210-ABOC-Ch3-3.3.4-2-类似 Grob 碎裂化.md,2.5,2,status=deprecated → null
过时,P2,B_废弃标记,正式区,04-题库/教材习题/ABOC/题-211-ABOC-Ch3-3.6-环氧乙烷 硫化氢 然后与盐酸 ZnCl 反应即可自学练习 3.md,4.9,2,status=deprecated → [[题-115-ABOC-Ch3-3.5-以环氧乙烷为原料 设计一种合成芥子气的方法]]
过时,P2,B_废弃标记,正式区,04-题库/教材习题/ABOC/题-212-ABOC-Ch4-4.2.1-除了 PhS NtBu 之外书上都有.md,1.7,2,status=deprecated → [[题-118-ABOC-Ch4-4.2.1-二甲亚砜 DMSO 是有机化学中常用的有机氧化剂 可以在较温]]
过时,P2,B_废弃标记,正式区,04-题库/教材习题/ABOC/题-213-ABOC-Ch4-4.2.3-如左侧所示.md,2.2,1,status=deprecated → [[题-119-ABOC-Ch4-4.2.3-类比硼氢化 氧化反应的机理 写出]]
过时,P2,B_废弃标记,正式区,04-题库/教材习题/ABOC/题-658-ABOC-Ch1-T4.md,1.8,2,status=deprecated → [[题-693-ABOC-Ch1-T4]]
过时,P2,B_废弃标记,正式区,04-题库/教材习题/ABOC/题-659-ABOC-Ch1-T5.md,1.8,2,status=deprecated → null
过时,P2,B_废弃标记,正式区,04-题库/教材习题/ABOC/题-660-ABOC-Ch1-T6.md,1.8,2,status=deprecated → [[题-682-ABOC-Ch1-T6]]
过时,P2,B_废弃标记,正式区,04-题库/教材习题/ABOC/题-661-ABOC-Ch1-T7.md,1.8,2,status=deprecated → [[题-683-ABOC-Ch1-T7]]
过时,P2,B_废弃标记,正式区,04-题库/教材习题/ABOC/题-662-ABOC-Ch1-T8.md,1.9,2,status=deprecated → [[题-684-ABOC-Ch1-T8]]
过时,P2,B_废弃标记,正式区,04-题库/教材习题/ABOC/题-663-ABOC-Ch1-T10.md,1.8,2,status=deprecated → [[题-686-ABOC-Ch1-T10]]
过时,P2,B_废弃标记,正式区,04-题库/教材习题/ABOC/题-664-ABOC-Ch1-T2.md,1.8,2,status=deprecated → [[题-687-ABOC-Ch1-T2]]
过时,P2,B_废弃标记,正式区,04-题库/教材习题/ABOC/题-665-ABOC-Ch1-T3.md,1.8,2,status=deprecated → [[题-688-ABOC-Ch1-T3]]
过时,P2,B_废弃标记,正式区,04-题库/教材习题/ABOC/题-666-ABOC-Ch1-T4.md,1.8,2,status=deprecated → [[题-689-ABOC-Ch1-T4]]
过时,P2,B_废弃标记,正式区,04-题库/教材习题/ABOC/题-667-ABOC-Ch1-T5.md,1.8,2,status=deprecated → [[题-690-ABOC-Ch1-T5]]
过时,P2,B_废弃标记,正式区,04-题库/教材习题/ABOC/题-668-ABOC-Ch1-T6.md,1.8,2,status=deprecated → [[题-691-ABOC-Ch1-T6]]
过时,P2,B_废弃标记,正式区,04-题库/教材习题/ABOC/题-669-ABOC-Ch1-T7.md,1.8,2,status=deprecated → [[题-692-ABOC-Ch1-T7]]
过时,P2,B_废弃标记,正式区,04-题库/教材习题/ABOC/题-670-ABOC-Ch1-T5.md,1.8,2,status=deprecated → [[题-694-ABOC-Ch1-T5]]
过时,P2,B_废弃标记,正式区,04-题库/教材习题/ABOC/题-671-ABOC-Ch1-T6.md,1.8,2,status=deprecated → [[题-695-ABOC-Ch1-T6]]
过时,P2,B_废弃标记,正式区,04-题库/教材习题/ABOC/题-672-ABOC-Ch1-T7.md,1.8,2,status=deprecated → [[题-696-ABOC-Ch1-T7]]
过时,P2,B_废弃标记,正式区,04-题库/教材习题/ABOC/题-673-ABOC-Ch1-T8.md,1.8,2,status=deprecated → null
过时,P2,B_废弃标记,正式区,04-题库/教材习题/ABOC/题-674-ABOC-Ch1-T2.md,1.8,2,status=deprecated → [[题-697-ABOC-Ch1-T2]]
过时,P2,B_废弃标记,正式区,04-题库/教材习题/ABOC/题-675-ABOC-Ch1-T3.md,1.8,2,status=deprecated → [[题-698-ABOC-Ch1-T3]]
过时,P2,B_废弃标记,正式区,04-题库/教材习题/ABOC/题-676-ABOC-Ch1-T5.md,1.9,2,status=deprecated → null
过时,P2,B_废弃标记,正式区,04-题库/教材习题/ABOC/题-677-ABOC-Ch1-T6.md,1.8,2,status=deprecated → [[题-701-ABOC-Ch1-T6]]
过时,P2,B_废弃标记,正式区,04-题库/教材习题/ABOC/题-678-ABOC-Ch1-T2.md,1.8,2,status=deprecated → [[题-702-ABOC-Ch1-T2]]
过时,P2,B_废弃标记,正式区,04-题库/教材习题/ABOC/题-679-ABOC-Ch1-T2.md,1.8,2,status=deprecated → [[题-704-ABOC-Ch1-T2]]
过时,P2,B_废弃标记,正式区,04-题库/教材习题/ABOC/题-680-ABOC-Ch1-T3.md,1.9,2,status=deprecated → null
过时,P2,B_废弃标记,正式区,04-题库/教材习题/ABOC/题-681-ABOC-Ch1-T4.md,1.7,2,status=deprecated → [[题-705-ABOC-Ch1-T4]]
过时,P2,B_废弃标记,正式区,04-题库/教材习题/一分册能力测试/题-155-一分册测试-Ch9A-2-六元素推断与S4N4.md,6.3,1,"status=已填充 → [""[[综合模拟卷VI]]""]"
过时,P2,B_废弃标记,正式区,04-题库/教材习题/一分册能力测试/题-227-一分册测试-Ch12B-1-砷铋锑氯化物与配合物.md,3.8,2,status=已填充 → null
过时,P2,B_废弃标记,正式区,04-题库/教材习题/上海中学竞赛课程/题-048-上海中学-金属键与金属晶体-习题4.md,2.7,1,"status=已填充 → [""[[结构化学阶段测试卷]]""]"
过时,P2,B_废弃标记,正式区,04-题库/教材习题/上海中学竞赛课程/题-049-上海中学-离子键与离子晶体-习题2.md,2.5,2,status=deprecated → [[题-赵鑫光-晶体-习6]]
过时,P2,B_废弃标记,正式区,04-题库/教材习题/上海中学竞赛课程/题-062-上海中学-有机化学准备知识-习题5.md,3.8,1,"status=已填充 → [""[[第一轮结构·6-有机分子结构初探（教师版）]]""]"
过时,P2,B_废弃标记,正式区,04-题库/教材习题/上海中学竞赛课程/题-062-上海中学-有机化学准备知识-习题8.md,3.4,1,"status=已填充 → [""[[第一轮结构·6-有机分子结构初探（教师版）]]""]"
过时,P2,B_废弃标记,正式区,04-题库/教材习题/二分册能力测试/逐题/题-卷33-11-高分子与合成设计.md,1.9,2,status=deprecated → null
过时,P2,B_废弃标记,正式区,04-题库/教材习题/化学竞赛初赛讲义/题-032-初赛讲义-晶体结构-习题7.22.md,4.5,1,"status=已填充 → [""[[第一轮结构·4-晶体结构（教师版）]]""]"
过时,P2,B_废弃标记,正式区,04-题库/教材习题/化学竞赛初赛讲义/题-055-初赛讲义-晶体结构-习题7.52.md,2.6,1,status=已填充 → []
过时,P2,B_废弃标记,正式区,04-题库/教材习题/化学竞赛初赛讲义/题-066-初赛讲义-晶体结构-习题7.63.md,3.1,1,status=已填充 → []
过时,P2,B_废弃标记,正式区,04-题库/教材习题/化学竞赛初赛讲义/题-067-初赛讲义-晶体结构-习题7.64.md,3.9,1,"status=已填充 → [""[[结构化学阶段测试卷]]""]"
过时,P2,B_废弃标记,正式区,04-题库/教材习题/化学竞赛初赛讲义/题-109-初赛讲义-高分子化学简介-习题13.11.md,2.8,0,"status=已填充 → [""[[第二轮习题集-有机化学二]]""]"
过时,P2,B_废弃标记,正式区,04-题库/教材习题/化竟能力测试/题-001-能力测试-Ch1A-1-辉钼矿焙烧炉.md,4.4,2,status=deprecated → [[题-276-化学能力测试-Ch1A-1-辉钼矿多层焙烧]]
过时,P2,B_废弃标记,正式区,04-题库/教材习题/化竟能力测试/题-002-能力测试-Ch1A-3-铋元素综合推断.md,7.6,2,status=deprecated → [[题-278-化学能力测试-Ch1A-3-元素X铋的推断]]
过时,P2,B_废弃标记,正式区,04-题库/教材习题/北斗40/题-087-北斗40-2018BST4强化二-02-金属簇与立方烷配合物.md,3.1,2,status=已填充 → null
过时,P2,B_废弃标记,正式区,04-题库/教材习题/无机化学第5版/题-008-碱金属推断.md,2.5,2,status=deprecated → [[例12.6-物质推断题]]
过时,P2,B_废弃标记,正式区,04-题库/教材习题/无机化学第5版/题-009-过氧化物方程式.md,2.3,2,status=deprecated → [[12.19-12.29-完成配平方程式]]
过时,P2,B_废弃标记,正式区,04-题库/教材习题/无机化学第5版/题-011-对角线规则应用.md,2.5,2,status=deprecated → [[12.9-12.18-填空题]]
过时,P2,B_废弃标记,正式区,04-题库/教材习题/汇智竞赛题目/题-汇智-晶体结构-21.md,6.7,1,"status=已填充 → [""[[第一轮综合卷08（教师版）]]""]"
过时,P2,B_废弃标记,正式区,04-题库/教材习题/汇智竞赛题目/题-汇智-晶体结构-22.md,8.8,1,"status=已填充 → [""[[第一轮综合卷08（教师版）]]""]"
过时,P2,B_废弃标记,正式区,04-题库/教材习题/汇智竞赛题目/题-汇智-晶体结构-5.md,5.7,1,"status=已填充 → [""[[第一轮综合卷01（教师版）]]""]"
过时,P2,B_废弃标记,正式区,04-题库/教材习题/汇智竞赛题目/题-汇智-晶体结构-51.md,3.2,1,"status=已填充 → [""[[第一轮综合卷01（教师版）]]""]"
过时,P2,B_废弃标记,正式区,04-题库/教材习题/赵鑫光/题-赵鑫光-配位-例14.md,1.8,1,"status=已填充 → [""[[第一轮综合卷11（教师版）]]""]"
过时,P2,B_废弃标记,正式区,04-题库/教材习题/高中化学竞赛教程第一分册/题-667-一分册-L7实10-氢化物沸点曲线与双氧水系列.md,6.5,1,"status=已填充 → [""[[一分册专项卷II]]""]"
过时,P2,B_废弃标记,正式区,04-题库/教材习题/高中化学竞赛教程第一分册/题-743-一分册-测1-6.md,2.6,2,status=已填充 → null
过时,P2,B_废弃标记,正式区,04-题库/教材习题/高中化学竞赛教程第一分册/题-815-一分册-测4-11.md,3.7,0,"status=已填充 → [""[[一分册专项卷V]]""]"
过时,P2,B_废弃标记,正式区,04-题库/教材习题/高中化学竞赛教程第二分册/题-1008-二分册-L10例2-溴加成速率规律与叔丁基溴框图.md,5.5,1,"status=已填充 → [""[[二分册专项卷IX]]""]"
过时,P2,B_废弃标记,正式区,04-题库/教材习题/高中化学竞赛教程第二分册/题-1022-二分册-L10实9-丙醛燃烧热与链状单烯烃臭氧化推断.md,6.0,0,"status=已填充 → [""[[二分册专项卷X]]""]"
过时,P2,B_废弃标记,正式区,04-题库/教材习题/高中化学竞赛教程第二分册/题-1088-二分册-L13实13-水杨醇衍生物除草剂合成.md,4.9,1,"status=已填充 → [""[[二分册专项卷VI]]""]"
过时,P2,B_废弃标记,正式区,04-题库/有机化学/杂原子与生物高分子/题-有机-杂原子-氨基酸等电点计算.md,7.7,2,status=deprecated → [[题-有机-结构-氨基酸等电点计算与电泳]]
过时,P2,B_废弃标记,正式区,04-题库/真题/第25届决赛/理论/题-025决-7-C60全合成路线推断.md,4.2,1,"status=已填充 → [""[[综合模拟卷V]]""]"
过时,P2,B_废弃标记,正式区,04-题库/真题/第25届初赛/无机和结构化学/题-025-7-金刚石晶胞键连.md,4.5,1,"status=已填充 → [""[[第一轮结构·4-晶体结构（教师版）]]""]"
过时,P2,B_废弃标记,正式区,04-题库/真题/第28届决赛/理论/题-028决-6-多相平衡NaHCO3.md,7.8,2,status=已填充 → null
过时,P2,B_废弃标记,正式区,04-题库/真题/第29届决赛/理论/题-029决-2-电化学与配位平衡.md,4.7,1,"status=已填充 → [""[[第一轮结构·5-配位化学（教师版）]]""]"
过时,P2,B_废弃标记,正式区,04-题库/真题/第29届决赛/理论/题-029决-8-萜类化合物合成.md,6.3,1,"status=已填充 → [""[[综合模拟卷IV]]""]"
过时,P2,B_废弃标记,正式区,04-题库/真题/第30届决赛/理论/题-030决-1-配位化学与分子结构.md,5.2,1,"status=已填充 → [""[[综合模拟卷I]]""]"
过时,P2,B_废弃标记,正式区,04-题库/真题/第30届决赛/理论/题-030决-8-串联反应合成.md,5.0,1,"status=已填充 → [""[[综合模拟卷VI]]""]"
过时,P2,B_废弃标记,正式区,04-题库/真题/第31届决赛/理论/题-031决-5-Ce(IV)氧化反应.md,7.8,1,"status=已填充 → [""[[第一轮原理·4-化学动力学（教师版）]]""]"
过时,P2,B_废弃标记,正式区,04-题库/真题/第32届决赛/理论/题-032决-2-无机化学综合.md,5.3,1,"status=已填充 → [""[[综合模拟卷I]]""]"
过时,P2,B_废弃标记,正式区,04-题库/真题/第32届决赛/理论/题-032决-3-硼烷化学.md,4.3,1,"status=已填充 → [""[[综合模拟卷II]]""]"
过时,P2,B_废弃标记,正式区,04-题库/真题/第32届决赛/理论/题-032决-6-炔烃氢卤化.md,3.1,1,"status=已填充 → [""[[综合模拟卷II]]""]"
过时,P2,B_废弃标记,正式区,04-题库/真题/第34届决赛/理论/题-34决理-2-8-1-有机合成与反应机理.md,1.9,1,status=deprecated → null
过时,P2,B_废弃标记,正式区,04-题库/真题/第34届决赛/理论/题-34决理-2-9-1-有机合成与立体化学.md,1.9,1,status=deprecated → null
过时,P2,B_废弃标记,正式区,05-真题库/真题-热力学-RNA折叠Gibbs自由能-001.md,1.7,2,status=已填充 → null
过时,P2,B_废弃标记,正式区,06-学生侧材料/学生讲义/归档/第一轮结构化学习题集（精选重组）.md,65.3,22,status=已填充 → [[第一轮结构化学习题集（汇智精选版）]]
过时,P2,B_废弃标记,正式区,07-资料提炼/资料提炼.md,6.5,40,status=- → [[07-资料提炼/README]]
过时,P2,B_废弃标记,正式区,11-模板/归档/模板-学生讲义-课堂填空版.md,5.9,60,status=deprecated → -
过时,P2,B_废弃标记,正式区,11-模板/归档/模板-考纲条目.md,1.2,48,status=- → [[11-模板/标准版考纲条目模板]]
过时,P2,B_废弃标记,正式区,备课思路/审计归档/2026-06-20-结构线与化学原理补料导入建议.md,25.9,78,status=deprecated → -
过时,P2,B_废弃标记,正式区,备课思路/审计归档/Batch2-SHHS-Vol1-2-学生讲义计划.md,18.7,54,status=deprecated → [[备课思路/备课与教学思路待办]]
过时,P2,B_废弃标记,正式区,备课思路/审计归档/Batch3-SHHS-Vol4-有机学生讲义计划.md,11.9,7,status=deprecated → [[备课思路/备课与教学思路待办]]
过时,P2,B_废弃标记,正式区,备课思路/审计归档/备课大纲与学生讲义收口总表.md,5.7,93,status=deprecated → [[备课思路/四轮内容完成度总表]]
过时,P2,B_废弃标记,正式区,备课思路/审计归档/第四轮冲刺专题体系.md,19.0,93,status=deprecated → [[备课思路/第四轮总体备课框架]]
过时,P2,B_废弃标记,正式区,备课思路/审计归档/精品化剩余工作清单.md,12.1,93,status=deprecated → [[备课思路/备课与教学思路待办]]
过时,P2,B_废弃标记,正式区,备课思路/审计归档/非正文剩余工作落地清单.md,6.5,93,status=deprecated → [[备课思路/备课与教学思路待办]]
过时,P3,C_归档目录,正式区,00-首页/归档/06-外部资料导入-优化计划.md,3.4,68,已在归档目录，属正常隔离
过时,P3,C_归档目录,正式区,00-首页/归档/06-外部资料导入-提炼状态审计.md,11.6,68,已在归档目录，属正常隔离
过时,P3,C_归档目录,正式区,00-首页/归档/2026-07-20-Phase1结构修复.md,2.3,68,已在归档目录，属正常隔离
过时,P3,C_归档目录,正式区,00-首页/归档/2026-07-20-会话总结.md,7.3,67,已在归档目录，属正常隔离
过时,P3,C_归档目录,正式区,00-首页/归档/2026-07-26-任务清单快照.md,1.1,48,已在归档目录，属正常隔离
过时,P3,C_归档目录,正式区,00-首页/归档/2026-W19-工作日志.md,2.1,136,已在归档目录，属正常隔离
过时,P3,C_归档目录,正式区,00-首页/归档/2026-W20-工作日志.md,6.6,134,已在归档目录，属正常隔离
过时,P3,C_归档目录,正式区,00-首页/归档/2026-W20-执行清单.md,3.5,22,已在归档目录，属正常隔离
过时,P3,C_归档目录,正式区,00-首页/归档/Ai助手使用规则（回答问题）（弃置中）.md,1.6,88,已在归档目录，属正常隔离
过时,P3,C_归档目录,正式区,00-首页/归档/KP命名规范化分析报告.md,18.4,62,已在归档目录，属正常隔离
过时,P3,C_归档目录,正式区,00-首页/归档/README.md,1.9,48,已在归档目录，属正常隔离
过时,P3,C_归档目录,正式区,00-首页/归档/session-log-2026-07-15.md,5.6,73,已在归档目录，属正常隔离
过时,P3,C_归档目录,正式区,00-首页/归档/专题与题型-旧版索引.md,1.6,98,已在归档目录，属正常隔离
过时,P3,C_归档目录,正式区,00-首页/归档/习题集构建指令模板.md,3.6,63,已在归档目录，属正常隔离
过时,P3,C_归档目录,正式区,00-首页/归档/任务卡-Anki-CSV导出工作流建立.md,2.2,23,已在归档目录，属正常隔离
过时,P3,C_归档目录,正式区,00-首页/归档/任务卡-KP-review-cycle字段启用方案.md,7.0,23,已在归档目录，属正常隔离
过时,P3,C_归档目录,正式区,00-首页/归档/任务卡-专题页related-lessons规范化.md,1.1,23,已在归档目录，属正常隔离
过时,P3,C_归档目录,正式区,00-首页/归档/任务卡-主族元素KP填充.md,3.5,50,已在归档目录，属正常隔离
过时,P3,C_归档目录,正式区,00-首页/归档/任务卡-元素推断KP填充.md,2.4,50,已在归档目录，属正常隔离
过时,P3,C_归档目录,正式区,00-首页/归档/任务卡-全备课框架教师查看版纸质化.md,1.6,50,已在归档目录，属正常隔离
过时,P3,C_归档目录,正式区,00-首页/归档/任务卡-初赛讲义剩余章节提炼与回流.md,5.1,23,已在归档目录，属正常隔离
过时,P3,C_归档目录,正式区,00-首页/归档/任务卡-化学计量与气体补备课大纲.md,0.9,23,已在归档目录，属正常隔离
过时,P3,C_归档目录,正式区,00-首页/归档/任务卡-反应速率KP填充.md,1.9,50,已在归档目录，属正常隔离
过时,P3,C_归档目录,正式区,00-首页/归档/任务卡-学生侧材料决策.md,0.4,50,已在归档目录，属正常隔离
过时,P3,C_归档目录,正式区,00-首页/归档/任务卡-学生侧材料目录建立.md,0.8,23,已在归档目录，属正常隔离
过时,P3,C_归档目录,正式区,00-首页/归档/任务卡-学生侧材料试点产出.md,1.9,50,已在归档目录，属正常隔离
过时,P3,C_归档目录,正式区,00-首页/归档/任务卡-小专题备课大纲补齐-P1-4.md,4.0,50,已在归档目录，属正常隔离
过时,P3,C_归档目录,正式区,00-首页/归档/任务卡-巡检其余专题页空壳.md,1.8,23,已在归档目录，属正常隔离
过时,P3,C_归档目录,正式区,00-首页/归档/任务卡-断链检测脚本aliases支持.md,0.9,23,已在归档目录，属正常隔离
过时,P3,C_归档目录,正式区,00-首页/归档/任务卡-新KP-module字段核对.md,1.6,23,已在归档目录，属正常隔离
过时,P3,C_归档目录,正式区,00-首页/归档/任务卡-晶体结构KP填充.md,2.6,50,已在归档目录，属正常隔离
过时,P3,C_归档目录,正式区,00-首页/归档/任务卡-模板错题归因尚未产出.md,0.8,23,已在归档目录，属正常隔离
过时,P3,C_归档目录,正式区,00-首页/归档/任务卡-清理有机化学占位符.md,1.3,23,已在归档目录，属正常隔离
过时,P3,C_归档目录,正式区,00-首页/归档/任务卡-真题库MVP建立.md,1.6,50,已在归档目录，属正常隔离
过时,P3,C_归档目录,正式区,00-首页/归档/任务卡-真题库首批扩充-P1-6.md,3.5,50,已在归档目录，属正常隔离
过时,P3,C_归档目录,正式区,00-首页/归档/任务卡-竞赛拓展批量填充-P1-5.md,2.9,22,已在归档目录，属正常隔离
过时,P3,C_归档目录,正式区,00-首页/归档/任务卡-第一轮专题页精品化.md,0.4,50,已在归档目录，属正常隔离
过时,P3,C_归档目录,正式区,00-首页/归档/任务卡-第三轮16专题备课大纲与讲义产出.md,0.9,23,已在归档目录，属正常隔离
过时,P3,C_归档目录,正式区,00-首页/归档/任务卡-第三轮专题页建设.md,1.9,23,已在归档目录，属正常隔离
过时,P3,C_归档目录,正式区,00-首页/归档/任务卡-第二轮专题页精品化.md,0.4,50,已在归档目录，属正常隔离
过时,P3,C_归档目录,正式区,00-首页/归档/任务卡-第四轮冲刺专题执行.md,3.2,50,已在归档目录，属正常隔离
过时,P3,C_归档目录,正式区,00-首页/归档/任务卡-系统加固-P2.md,1.9,50,已在归档目录，属正常隔离
过时,P3,C_归档目录,正式区,00-首页/归档/任务卡-缺失KP检查.md,1.1,23,已在归档目录，属正常隔离
过时,P3,C_归档目录,正式区,00-首页/归档/任务卡-萃取KP创建.md,0.4,50,已在归档目录，属正常隔离
过时,P3,C_归档目录,正式区,00-首页/归档/任务卡-质心网课备课大纲产出剩余.md,0.4,50,已在归档目录，属正常隔离
过时,P3,C_归档目录,正式区,00-首页/归档/任务卡-配合物专题页正文补全.md,1.8,50,已在归档目录，属正常隔离
过时,P3,C_归档目录,正式区,00-首页/归档/任务卡-题库Dataview组卷查询验证.md,2.2,50,已在归档目录，属正常隔离
过时,P3,C_归档目录,正式区,00-首页/归档/备忘录 2026 5.26.md,3.1,121,已在归档目录，属正常隔离
过时,P3,C_归档目录,正式区,00-首页/归档/妙妙屋日常操作模型.md,25.8,61,已在归档目录，属正常隔离
过时,P3,C_归档目录,正式区,00-首页/归档/待做任务总清单.md,4.4,136,已在归档目录，属正常隔离
过时,P3,C_归档目录,正式区,00-首页/归档/待建KP优先级清单-历史版.md,8.2,53,已在归档目录，属正常隔离
过时,P3,C_归档目录,正式区,00-首页/归档/新知识点创建评估.md,8.5,64,已在归档目录，属正常隔离
过时,P3,C_归档目录,正式区,00-首页/归档/模块连接推进-分析化学.md,2.7,64,已在归档目录，属正常隔离
过时,P3,C_归档目录,正式区,00-首页/归档/模块连接推进-化学原理.md,8.0,64,已在归档目录，属正常隔离
过时,P3,C_归档目录,正式区,00-首页/归档/模块连接推进-无机和结构化学.md,8.5,64,已在归档目录，属正常隔离
过时,P3,C_归档目录,正式区,00-首页/归档/活跃任务-历史状态块-2026-08-24至09-04.md,26.4,10,已在归档目录，属正常隔离
过时,P3,C_归档目录,正式区,00-首页/归档/状态摘要-历史状态块-2026-08-05至09-10.md,87.9,7,已在归档目录，属正常隔离
过时,P3,C_归档目录,正式区,00-首页/归档/知识库治理计划.md,14.2,64,已在归档目录，属正常隔离
过时,P3,C_归档目录,正式区,00-首页/归档/系统架构图.excalidraw.md,53.1,93,已在归档目录，属正常隔离
过时,P3,C_归档目录,正式区,00-首页/归档/自动汇总-README.md,2.0,75,已在归档目录，属正常隔离
过时,P3,C_归档目录,正式区,00-首页/归档/计划-知识库内容扩充与教材导入.md,17.3,48,已在归档目录，属正常隔离
过时,P3,C_归档目录,正式区,00-首页/归档/资料提炼接入缺口表.md,2.2,55,已在归档目录，属正常隔离
过时,P3,C_归档目录,正式区,00-首页/归档/题库扩充计划.md,1.9,79,已在归档目录，属正常隔离
过时,P3,C_归档目录,正式区,04-课件/习题集/_归档/README.md,0.7,27,已在归档目录，属正常隔离
过时,P3,C_归档目录,正式区,04-课件/学生讲义/_归档/2026-06-23-人名反应系统归类.md,39.3,1,已在归档目录，属正常隔离
过时,P3,C_归档目录,正式区,04-课件/学生讲义/_归档/2026-06-23-元素化学深度.md,46.9,1,已在归档目录，属正常隔离
过时,P3,C_归档目录,正式区,04-课件/学生讲义/_归档/2026-06-23-元素周期表与周期律.md,29.4,1,已在归档目录，属正常隔离
过时,P3,C_归档目录,正式区,04-课件/学生讲义/_归档/2026-06-23-元素推断综合训练.md,25.3,1,已在归档目录，属正常隔离
过时,P3,C_归档目录,正式区,04-课件/学生讲义/_归档/2026-06-23-共价键理论.md,21.8,1,已在归档目录，属正常隔离
过时,P3,C_归档目录,正式区,04-课件/学生讲义/_归档/2026-06-23-其他类型晶体.md,26.1,1,已在归档目录，属正常隔离
过时,P3,C_归档目录,正式区,04-课件/学生讲义/_归档/2026-06-23-分子结构和性质.md,22.2,1,已在归档目录，属正常隔离
过时,P3,C_归档目录,正式区,04-课件/学生讲义/_归档/2026-06-23-分子结构基础.md,35.4,1,已在归档目录，属正常隔离
过时,P3,C_归档目录,正式区,04-课件/学生讲义/_归档/2026-06-23-化学动力学基础.md,34.2,1,已在归档目录，属正常隔离
过时,P3,C_归档目录,正式区,04-课件/学生讲义/_归档/2026-06-23-化学动力学深化.md,40.9,1,已在归档目录，属正常隔离
过时,P3,C_归档目录,正式区,04-课件/学生讲义/_归档/2026-06-23-化学平衡.md,42.7,1,已在归档目录，属正常隔离
过时,P3,C_归档目录,正式区,04-课件/学生讲义/_归档/2026-06-23-化学计量与计算规范.md,16.0,1,已在归档目录，属正常隔离
过时,P3,C_归档目录,正式区,04-课件/学生讲义/_归档/2026-06-23-卤族元素.md,29.3,1,已在归档目录，属正常隔离
过时,P3,C_归档目录,正式区,04-课件/学生讲义/_归档/2026-06-23-原子参数比较与电性.md,19.1,1,已在归档目录，属正常隔离
过时,P3,C_归档目录,正式区,04-课件/学生讲义/_归档/2026-06-23-原子结构.md,44.9,1,已在归档目录，属正常隔离
过时,P3,C_归档目录,正式区,04-课件/学生讲义/_归档/2026-06-23-容量分析基础与酸碱滴定.md,35.1,1,已在归档目录，属正常隔离
过时,P3,C_归档目录,正式区,04-课件/学生讲义/_归档/2026-06-23-方程式书写专项.md,33.0,1,已在归档目录，属正常隔离
过时,P3,C_归档目录,正式区,04-课件/学生讲义/_归档/2026-06-23-晶体学基础.md,29.5,1,已在归档目录，属正常隔离
过时,P3,C_归档目录,正式区,04-课件/学生讲义/_归档/2026-06-23-晶体结构基础.md,24.0,1,已在归档目录，属正常隔离
过时,P3,C_归档目录,正式区,04-课件/学生讲义/_归档/2026-06-23-晶体结构深化.md,21.8,1,已在归档目录，属正常隔离
过时,P3,C_归档目录,正式区,04-课件/学生讲义/_归档/2026-06-23-晶体结构深度.md,38.5,1,已在归档目录，属正常隔离
过时,P3,C_归档目录,正式区,04-课件/学生讲义/_归档/2026-06-23-气体基础.md,38.5,1,已在归档目录，属正常隔离
过时,P3,C_归档目录,正式区,04-课件/学生讲义/_归档/2026-06-23-氧化还原反应.md,48.4,1,已在归档目录，属正常隔离
过时,P3,C_归档目录,正式区,04-课件/学生讲义/_归档/2026-06-23-氧化还原滴定与沉淀滴定.md,38.3,1,已在归档目录，属正常隔离
过时,P3,C_归档目录,正式区,04-课件/学生讲义/_归档/2026-06-23-氧族与氮族元素.md,39.6,1,已在归档目录，属正常隔离
过时,P3,C_归档目录,正式区,04-课件/学生讲义/_归档/2026-06-23-水中的几种平衡.md,18.5,1,已在归档目录，属正常隔离
过时,P3,C_归档目录,正式区,04-课件/学生讲义/_归档/2026-06-23-沉淀溶解平衡.md,31.6,1,已在归档目录，属正常隔离
过时,P3,C_归档目录,正式区,04-课件/学生讲义/_归档/2026-06-23-溶液和胶体.md,31.4,1,已在归档目录，属正常隔离
过时,P3,C_归档目录,正式区,04-课件/学生讲义/_归档/2026-06-23-滴定分析.md,23.5,1,已在归档目录，属正常隔离
过时,P3,C_归档目录,正式区,04-课件/学生讲义/_归档/2026-06-23-热力学与平衡深化.md,37.5,1,已在归档目录，属正常隔离
过时,P3,C_归档目录,正式区,04-课件/学生讲义/_归档/2026-06-23-热力学基础.md,35.8,1,已在归档目录，属正常隔离
过时,P3,C_归档目录,正式区,04-课件/学生讲义/_归档/2026-06-23-物化综合计算.md,33.9,1,已在归档目录，属正常隔离
过时,P3,C_归档目录,正式区,04-课件/学生讲义/_归档/2026-06-23-电化学基础.md,57.8,1,已在归档目录，属正常隔离
过时,P3,C_归档目录,正式区,04-课件/学生讲义/_归档/2026-06-23-真题模拟拆解.md,22.7,1,已在归档目录，属正常隔离
过时,P3,C_归档目录,正式区,04-课件/学生讲义/_归档/2026-06-23-碱金属碱土金属与稀有气体.md,30.1,1,已在归档目录，属正常隔离
过时,P3,C_归档目录,正式区,04-课件/学生讲义/_归档/2026-06-23-碳族与硼族元素.md,36.8,1,已在归档目录，属正常隔离
过时,P3,C_归档目录,正式区,04-课件/学生讲义/_归档/2026-06-23-离子反应.md,25.2,1,已在归档目录，属正常隔离
过时,P3,C_归档目录,正式区,04-课件/学生讲义/_归档/2026-06-23-离子键与离子晶体.md,33.6,1,已在归档目录，属正常隔离
过时,P3,C_归档目录,正式区,04-课件/学生讲义/_归档/2026-06-23-络合滴定与重量分析.md,33.5,1,已在归档目录，属正常隔离
过时,P3,C_归档目录,正式区,04-课件/学生讲义/_归档/2026-06-23-误差处理与分光光度法.md,33.6,1,已在归档目录，属正常隔离
过时,P3,C_归档目录,正式区,04-课件/学生讲义/_归档/2026-06-23-配位化合物基础.md,29.5,1,已在归档目录，属正常隔离
过时,P3,C_归档目录,正式区,04-课件/学生讲义/_归档/2026-06-23-配合物与配位化学深化.md,42.1,1,已在归档目录，属正常隔离
过时,P3,C_归档目录,正式区,04-课件/学生讲义/_归档/2026-06-23-配合物结构深化.md,34.9,1,已在归档目录，属正常隔离
过时,P3,C_归档目录,正式区,04-课件/学生讲义/_归档/2026-06-23-酸碱理论.md,32.4,1,已在归档目录，属正常隔离
过时,P3,C_归档目录,正式区,04-课件/学生讲义/_归档/2026-06-23-金属键与金属晶体.md,25.6,1,已在归档目录，属正常隔离
过时,P3,C_归档目录,正式区,04-课件/学生讲义/_归档/2026-06-23-钛钒铬锰.md,24.2,1,已在归档目录，属正常隔离
过时,P3,C_归档目录,正式区,04-课件/学生讲义/_归档/2026-06-23-铁钴镍铜锌.md,22.8,1,已在归档目录，属正常隔离
过时,P3,C_归档目录,正式区,04-课件/学生讲义/_归档/2026-06-23-银金汞钼钨.md,35.0,1,已在归档目录，属正常隔离
过时,P3,C_归档目录,正式区,04-课件/学生讲义/_归档/化学平衡-第一轮基础版（SOP试跑）.md,14.2,1,已在归档目录，属正常隔离
过时,P3,C_归档目录,正式区,04-课件/学生讲义/_归档/晶体学基础-超级充实版（自学完整）.md,32.5,1,已在归档目录，属正常隔离
过时,P3,C_归档目录,正式区,04-课件/学生讲义/_归档/晶体结构基础-超级充实版（自学完整）.md,47.3,1,已在归档目录，属正常隔离
过时,P3,C_归档目录,正式区,04-课件/学生讲义/_归档/气体基础-超级充实版（自学完整）-测试.md,21.1,1,已在归档目录，属正常隔离
过时,P3,C_归档目录,正式区,04-课件/学生讲义/_归档/热力学初步-第一轮（v1.2模板试写）.md,53.9,1,已在归档目录，属正常隔离
过时,P3,C_归档目录,正式区,04-课件/学生讲义/_归档/真题替换-改编题存档（分子结构）.md,0.8,64,已在归档目录，属正常隔离
过时,P3,C_归档目录,正式区,04-课件/学生讲义/_归档/真题替换-改编题存档（原子结构、配位化合物）.md,0.9,64,已在归档目录，属正常隔离
过时,P3,C_归档目录,正式区,04-课件/学生讲义/_归档/第一轮结构化学习题集（汇智精选版）.md,45.0,1,已在归档目录，属正常隔离
过时,P3,C_归档目录,正式区,04-课件/学生讲义/_归档/第一轮结构化学习题集（精选重组）.md,66.4,1,已在归档目录，属正常隔离
过时,P3,C_归档目录,正式区,04-课件/学生讲义/_归档/第一轮结构化学复习讲义（学生用）.md,52.5,1,已在归档目录，属正常隔离
过时,P3,C_归档目录,正式区,04-课件/学生讲义/_归档/过渡-化学键衔接.md,15.3,1,已在归档目录，属正常隔离
过时,P3,C_归档目录,正式区,06-学生侧材料/学生讲义/归档/README.md,0.7,47,已在归档目录，属正常隔离
过时,P3,C_归档目录,正式区,06-学生侧材料/学生讲义/归档/暑期课程安排-初二竞赛班（22天简表）.md,4.8,84,已在归档目录，属正常隔离
过时,P3,C_归档目录,正式区,06-学生侧材料/学生讲义/归档/第一轮结构化学习题集（精选重组）.md,65.3,22,已在归档目录，属正常隔离
过时,P3,C_归档目录,正式区,09-审计报告/归档/物理化学图片索引/物理化学第11版-etc章节-图片索引.md,5.4,53,已在归档目录，属正常隔离
过时,P3,C_归档目录,正式区,09-审计报告/归档/物理化学图片索引/物理化学第11版-固体物理-图片索引.md,13.8,53,已在归档目录，属正常隔离
过时,P3,C_归档目录,正式区,09-审计报告/归档/物理化学图片索引/物理化学第11版-第10章对称性-图片索引.md,10.2,53,已在归档目录，属正常隔离
过时,P3,C_归档目录,正式区,09-审计报告/归档/物理化学图片索引/物理化学第11版-第13章统计热力学-图片索引.md,7.6,53,已在归档目录，属正常隔离
过时,P3,C_归档目录,正式区,09-审计报告/归档/物理化学图片索引/物理化学第11版-第17-18-19章-图片索引.md,21.8,53,已在归档目录，属正常隔离
过时,P3,C_归档目录,正式区,09-审计报告/归档/高中化学题库-20260825/高中化学必修一-习题精选.md,6.6,31,已在归档目录，属正常隔离
过时,P3,C_归档目录,正式区,09-审计报告/归档/高中化学题库-20260825/高中化学选修二-习题精选.md,8.1,31,已在归档目录，属正常隔离
过时,P3,C_归档目录,正式区,09-审计报告/归档/高中化学题库-20260825/高中化学课后习题/README.md,0.8,48,已在归档目录，属正常隔离
过时,P3,C_归档目录,正式区,09-审计报告/归档/高中化学题库-20260825/高中化学课后习题/选择性必修1化学反应原理-课后习题.md,30.2,31,已在归档目录，属正常隔离
过时,P3,C_归档目录,正式区,09-审计报告/归档/高中化学题库-20260825/高中化学课后习题/选择性必修2物质结构与性质-课后习题.md,33.0,15,已在归档目录，属正常隔离
过时,P3,C_归档目录,正式区,09-审计报告/归档/高中化学题库-20260825/高中化学课后习题/选择性必修3有机化学基础-课后习题.md,21.6,31,已在归档目录，属正常隔离
过时,P3,C_归档目录,正式区,09-审计报告/归档/高中化学题库-20260825/高中化学课后习题/高中化学必修二-课后习题.md,56.2,15,已在归档目录，属正常隔离
过时,P3,C_归档目录,正式区,11-模板/归档/模板-学生讲义-自学完整版.md,6.1,50,已在归档目录，属正常隔离
过时,P3,C_归档目录,正式区,11-模板/归档/模板-学生讲义-课堂填空版.md,5.9,60,已在归档目录，属正常隔离
过时,P3,C_归档目录,正式区,11-模板/归档/模板-考纲条目.md,1.2,48,已在归档目录，属正常隔离
过时,P3,C_归档目录,正式区,11-模板/归档/讲义升级模式-原子结构样板.md,11.6,18,已在归档目录，属正常隔离
过时,P3,C_归档目录,正式区,99-归档/33届初赛试题解析_images/_index.md,9.9,51,已在归档目录，属正常隔离
过时,P3,C_归档目录,正式区,_归档/孤儿章-结构推断与综合-2026-08-31/8-结构推断与综合-学生版.md,0.7,26,已在归档目录，属正常隔离
过时,P3,C_归档目录,正式区,_归档/孤儿章-结构推断与综合-2026-08-31/8-结构推断与综合-教师版.md,4.2,26,已在归档目录，属正常隔离
过时,P3,E_孤立陈旧,正式区,00-首页/归档/2026-W19-工作日志.md,2.1,136,入链0 · 136天未动
过时,P3,E_孤立陈旧,正式区,00-首页/归档/2026-W20-工作日志.md,6.6,134,入链0 · 134天未动
过时,P3,E_孤立陈旧,正式区,00-首页/归档/待做任务总清单.md,4.4,136,入链0 · 135天未动
过时,P3,E_孤立陈旧,正式区,00-首页/归档/系统架构图.excalidraw.md,53.1,93,入链0 · 93天未动
过时,P3,E_孤立陈旧,正式区,06-外部资料导入/Zchem 中级无机结构化学/晶体结构I_笔记.md,57.9,113,入链0 · 112天未动
过时,P3,E_孤立陈旧,正式区,06-外部资料导入/Zchem 元素化学与结构化学/L7配位化学初步_笔记.md,36.6,112,入链0 · 111天未动
过时,P3,E_孤立陈旧,正式区,06-外部资料导入/有机反应合成与机理 下/L3TotalSynthesisCaseStudies2[高清]_笔记.md,40.9,115,入链0 · 114天未动
过时,P3,E_孤立陈旧,正式区,06-外部资料导入/有机反应合成与机理 下/L5TotalSynthesisCaseStudies4[高清]_笔记.md,23.0,115,入链0 · 114天未动
过时,P3,E_孤立陈旧,正式区,06-外部资料导入/有机反应合成与机理 中/L2SigmatropicRearrangement[高清]_笔记.md,31.7,115,入链0 · 114天未动
过时,P3,E_孤立陈旧,正式区,06-外部资料导入/有机反应合成与机理 中/L3Carbenes[高清]_笔记.md,38.2,115,入链0 · 114天未动
过时,P3,E_孤立陈旧,正式区,09-审计报告/2026-06-04-知识库封账审计摘要.md,4.5,114,入链0 · 113天未动
过时,P3,E_孤立陈旧,正式区,09-审计报告/2026-06-04-知识库架构与链路闭环最终审计清单.md,12.7,114,入链0 · 113天未动
过时,P3,E_孤立陈旧,正式区,09-审计报告/auto-validation/2026-06-24-validation.md,0.5,94,入链0 · 93天未动
过时,P3,E_孤立陈旧,正式区,11-模板/scripts/.chem_media/excalidraw-原子结构-schrodinger-coordinate-transform.md,3.2,93,入链0 · 93天未动
过时,P3,E_孤立陈旧,正式区,11-模板/scripts/.chem_media/excalidraw-原子结构-slater-rules-flowchart.md,2.1,93,入链0 · 93天未动
过时,P3,E_孤立陈旧,正式区,11-模板/scripts/.chem_media/excalidraw-原子结构-电子排布三原则.md,2.6,93,入链0 · 93天未动
过时,P3,E_孤立陈旧,正式区,11-模板/scripts/.chem_media/img_12.md,12.5,94,入链0 · 93天未动
过时,P3,E_孤立陈旧,正式区,11-模板/scripts/.chem_media/img_16.md,42.9,93,入链0 · 92天未动
过时,P3,E_孤立陈旧,正式区,11-模板/scripts/.chem_media/img_22.md,43.4,93,入链0 · 92天未动
过时,P3,E_孤立陈旧,正式区,11-模板/scripts/.chem_media/img_d.md,38.7,93,入链0 · 92天未动
过时,P3,E_孤立陈旧,正式区,11-模板/scripts/.chem_media/img_Lewis.md,29.0,93,入链0 · 92天未动
过时,P3,E_孤立陈旧,正式区,11-模板/scripts/.chem_media/img_NO3lewis.md,25.1,94,入链0 · 93天未动
过时,P3,E_孤立陈旧,正式区,11-模板/scripts/.chem_media/img_VSEPR.md,37.0,93,入链0 · 92天未动
过时,P3,E_孤立陈旧,正式区,11-模板/scripts/.chem_media/img_π.md,41.4,93,入链0 · 92天未动
过时,P3,E_孤立陈旧,正式区,11-模板/scripts/.chem_media/Lewis五步法流程.流程图.md,29.0,93,入链0 · 92天未动
过时,P3,E_孤立陈旧,正式区,11-模板/scripts/.chem_media/NO3-共振结构.lewis.md,25.1,94,入链0 · 93天未动
过时,P3,E_孤立陈旧,正式区,11-模板/scripts/.chem_media/VSEPR决策链.流程图.md,37.0,93,入链0 · 92天未动
过时,P3,E_孤立陈旧,正式区,11-模板/scripts/.chem_media/八面体场d轨道分裂示意图.关系图.md,38.7,93,入链0 · 92天未动
过时,P3,E_孤立陈旧,正式区,11-模板/scripts/.chem_media/分子结构预测工具链.流程图.md,12.5,94,入链0 · 93天未动
过时,P3,E_孤立陈旧,正式区,11-模板/scripts/.chem_media/半径比规则-配位数判断.决策图.md,22.1,93,入链0 · 92天未动
过时,P3,E_孤立陈旧,正式区,11-模板/scripts/.chem_media/四面体场与正方形场分裂对比.关系图.md,42.9,93,入链0 · 92天未动
过时,P3,E_孤立陈旧,正式区,11-模板/scripts/.chem_media/对角线规则-电荷密度示意图.relationship.md,48.7,93,入链0 · 92天未动
过时,P3,E_孤立陈旧,正式区,11-模板/scripts/.chem_media/晶体结构-NaCl-CsCl-ZnS对比.关系图.md,30.9,93,入链0 · 92天未动
过时,P3,E_孤立陈旧,正式区,11-模板/scripts/.chem_media/次级周期性因果链.causal-chain.md,21.6,93,入链0 · 92天未动
过时,P3,E_孤立陈旧,正式区,11-模板/scripts/.chem_media/离域π键判断流程.流程图.md,41.4,93,入链0 · 92天未动
过时,P3,E_孤立陈旧,正式区,11-模板/scripts/.chem_media/轨道杂化类型对比.关系图.md,43.4,93,入链0 · 92天未动
过时,P3,E_孤立陈旧,正式区,eiki/eiki.md,2.0,114,入链0 · 113天未动
过时,P3,E_孤立陈旧,正式区,eiki/PersonalHomepageCode.md,571.9,134,入链0 · 134天未动
过时,P3,E_孤立陈旧,正式区,mineru/Obsidian 化学资料阅读配置指南.md,6.6,130,入链0 · 129天未动
过时,P3,E_孤立陈旧,正式区,mineru/03-教材书籍/无机化学第6版Weller/无机化学第6版Weller/无机化学第6版Weller目录10-18.md,18.6,133,入链0 · 132天未动
过时,P3,E_孤立陈旧,正式区,mineru/03-教材书籍/物理化学/物理化学/物理化学 atkins 总览.md,1.4,132,入链0 · 132天未动
过时,P3,E_孤立陈旧,正式区,skills/defuddle/SKILL.md,1.1,176,入链0 · 176天未动
过时,P3,E_孤立陈旧,正式区,skills/kb-image-finder/SKILL.md,8.2,126,入链0 · 126天未动
过时,P3,E_孤立陈旧,正式区,skills/obsidian-bases/SKILL.md,12.6,176,入链0 · 176天未动
过时,P3,E_孤立陈旧,正式区,skills/obsidian-bases/references/FUNCTIONS_REFERENCE.md,7.4,176,入链0 · 176天未动
过时,P2,A_快照叠加,正式区,00-首页/新会话启动提示词-2026-09-18.md,6.9,8,新版仍在：新会话启动提示词-2026-09-19.md
过时,P2,A_快照叠加,正式区,00-首页/活跃任务/任务卡-2026-08-30-MAINTAIN_删除操作将自动降级为软弃用.md,0.7,27,新版仍在：任务卡-2026-09-23-MAINTAIN_删除操作将自动降级为软弃用.md
过时,P2,A_快照叠加,正式区,00-首页/活跃任务/任务卡-2026-08-30-任务_task_178.md,0.4,26,新版仍在：任务卡-2026-09-21-任务_task_178.md
过时,P2,A_快照叠加,正式区,00-首页/活跃任务/任务卡-2026-09-22-任务_task_179.md,0.4,3,新版仍在：任务卡-2026-09-23-任务_task_179.md
过时,P2,A_快照叠加,正式区,00-首页/活跃任务/任务卡-2026-09-21-任务_task_179.md,0.4,4,新版仍在：任务卡-2026-09-23-任务_task_179.md
过时,P2,A_快照叠加,正式区,09-审计报告/2026-06-08-断链检测.md,127.8,48,新版仍在：2026-06-22-断链检测.md
过时,P2,A_快照叠加,正式区,09-审计报告/2026-06-07-断链检测.md,129.6,48,新版仍在：2026-06-22-断链检测.md
过时,P2,A_快照叠加,正式区,09-审计报告/2026-09-17-题库全面审计.md,90.5,9,新版仍在：2026-09-18-题库全面审计.md
过时,P2,A_快照叠加,正式区,09-审计报告/2026-09-16-题库全面审计.md,20.0,9,新版仍在：2026-09-18-题库全面审计.md
过时,P2,A_快照叠加,正式区,09-审计报告/2026-09-04-题库全面审计.md,1.7,21,新版仍在：2026-09-18-题库全面审计.md
过时,P2,A_快照叠加,正式区,09-审计报告/2026-09-03-题库全面审计.md,1.4,22,新版仍在：2026-09-18-题库全面审计.md
过时,P2,A_快照叠加,正式区,09-审计报告/2026-08-31-题库全面审计.md,27.6,25,新版仍在：2026-09-18-题库全面审计.md
过时,P2,A_快照叠加,正式区,09-审计报告/2026-09-04-覆盖率核查清单.md,101.5,21,新版仍在：2026-09-19-覆盖率核查清单.md
过时,P2,A_快照叠加,正式区,09-审计报告/2026-09-03-覆盖率核查清单.md,38.5,22,新版仍在：2026-09-19-覆盖率核查清单.md
过时,P2,A_快照叠加,正式区,09-审计报告/2026-09-01-覆盖率核查清单.md,5.0,25,新版仍在：2026-09-19-覆盖率核查清单.md
过时,P2,A_快照叠加,正式区,09-审计报告/KP链接健康巡检_2026-09-03.md,0.8,23,新版仍在：KP链接健康巡检_2026-09-04.md
过时,P2,A_快照叠加,正式区,09-审计报告/习题书Word排版污染治理-2026-09-13.md,6.7,12,新版仍在：习题书Word排版污染治理-2026-09-14.md
过时,P2,A_快照叠加,正式区,09-审计报告/习题书裸下标-ACD待批清单-2026-09-14.md,36.3,11,新版仍在：习题书裸下标-ACD待批清单-2026-09-15.md
过时,P2,A_快照叠加,正式区,09-审计报告/周巡检-2026-08-23.md,2.4,34,新版仍在：周巡检-2026-09-21.md
过时,P2,A_快照叠加,正式区,09-审计报告/周巡检-2026-08-03.md,1.8,54,新版仍在：周巡检-2026-09-21.md
过时,P2,A_快照叠加,正式区,09-审计报告/auto-validation/2026-09-25-validation.md,0.5,0,新版仍在：2026-09-26-validation.md
过时,P2,A_快照叠加,正式区,09-审计报告/auto-validation/2026-09-22-validation.md,33.3,3,新版仍在：2026-09-26-validation.md
过时,P2,A_快照叠加,正式区,09-审计报告/auto-validation/2026-09-17-validation.md,30.7,8,新版仍在：2026-09-26-validation.md
过时,P2,A_快照叠加,正式区,09-审计报告/auto-validation/2026-09-16-validation.md,30.7,9,新版仍在：2026-09-26-validation.md
过时,P2,A_快照叠加,正式区,09-审计报告/auto-validation/2026-09-15-validation.md,0.4,10,新版仍在：2026-09-26-validation.md
过时,P2,A_快照叠加,正式区,09-审计报告/auto-validation/2026-09-14-validation.md,0.4,11,新版仍在：2026-09-26-validation.md
过时,P2,A_快照叠加,正式区,09-审计报告/auto-validation/2026-09-13-validation.md,0.4,12,新版仍在：2026-09-26-validation.md
过时,P2,A_快照叠加,正式区,09-审计报告/auto-validation/2026-09-12-validation.md,1.7,13,新版仍在：2026-09-26-validation.md
过时,P2,A_快照叠加,正式区,09-审计报告/auto-validation/2026-09-11-validation.md,0.5,14,新版仍在：2026-09-26-validation.md
过时,P2,A_快照叠加,正式区,09-审计报告/auto-validation/2026-09-10-validation.md,0.4,15,新版仍在：2026-09-26-validation.md
过时,P2,A_快照叠加,正式区,09-审计报告/auto-validation/2026-09-09-validation.md,0.4,16,新版仍在：2026-09-26-validation.md
过时,P2,A_快照叠加,正式区,09-审计报告/auto-validation/2026-09-08-validation.md,0.8,18,新版仍在：2026-09-26-validation.md
过时,P2,A_快照叠加,正式区,09-审计报告/auto-validation/2026-09-07-validation.md,0.4,18,新版仍在：2026-09-26-validation.md
过时,P2,A_快照叠加,正式区,09-审计报告/auto-validation/2026-09-06-validation.md,0.4,19,新版仍在：2026-09-26-validation.md
过时,P2,A_快照叠加,正式区,09-审计报告/auto-validation/2026-09-05-validation.md,0.4,13,新版仍在：2026-09-26-validation.md
过时,P2,A_快照叠加,正式区,09-审计报告/auto-validation/2026-09-04-validation.md,0.4,21,新版仍在：2026-09-26-validation.md
过时,P2,A_快照叠加,正式区,09-审计报告/auto-validation/2026-09-03-validation.md,29.2,22,新版仍在：2026-09-26-validation.md
过时,P2,A_快照叠加,正式区,09-审计报告/auto-validation/2026-09-02-validation.md,7.8,23,新版仍在：2026-09-26-validation.md
过时,P2,A_快照叠加,正式区,09-审计报告/auto-validation/2026-09-01-validation.md,7.2,24,新版仍在：2026-09-26-validation.md
过时,P2,A_快照叠加,正式区,09-审计报告/auto-validation/2026-08-31-validation.md,168.3,24,新版仍在：2026-09-26-validation.md
过时,P2,A_快照叠加,正式区,09-审计报告/auto-validation/2026-08-29-validation.md,1.0,28,新版仍在：2026-09-26-validation.md
过时,P2,A_快照叠加,正式区,09-审计报告/auto-validation/2026-08-28-validation.md,63.0,28,新版仍在：2026-09-26-validation.md
过时,P2,A_快照叠加,正式区,09-审计报告/auto-validation/2026-08-27-validation.md,0.5,29,新版仍在：2026-09-26-validation.md
过时,P2,A_快照叠加,正式区,09-审计报告/auto-validation/2026-08-26-validation.md,0.5,30,新版仍在：2026-09-26-validation.md
过时,P2,A_快照叠加,正式区,09-审计报告/auto-validation/2026-08-25-validation.md,0.5,31,新版仍在：2026-09-26-validation.md
过时,P2,A_快照叠加,正式区,09-审计报告/auto-validation/2026-08-23-validation.md,15.1,34,新版仍在：2026-09-26-validation.md
过时,P2,A_快照叠加,正式区,09-审计报告/auto-validation/2026-08-16-validation.md,14.7,40,新版仍在：2026-09-26-validation.md
过时,P2,A_快照叠加,正式区,09-审计报告/auto-validation/2026-08-15-validation.md,183.2,26,新版仍在：2026-09-26-validation.md
过时,P2,A_快照叠加,正式区,09-审计报告/auto-validation/2026-08-14-validation.md,182.1,25,新版仍在：2026-09-26-validation.md
过时,P2,A_快照叠加,正式区,09-审计报告/auto-validation/2026-08-13-validation.md,185.8,25,新版仍在：2026-09-26-validation.md
过时,P2,A_快照叠加,正式区,09-审计报告/auto-validation/2026-08-10-validation.md,184.9,25,新版仍在：2026-09-26-validation.md
过时,P2,A_快照叠加,正式区,09-审计报告/auto-validation/2026-08-09-validation.md,252.3,26,新版仍在：2026-09-26-validation.md
过时,P2,A_快照叠加,正式区,09-审计报告/auto-validation/2026-08-05-validation.md,2.4,51,新版仍在：2026-09-26-validation.md
过时,P2,A_快照叠加,正式区,09-审计报告/auto-validation/2026-08-04-validation.md,2.6,52,新版仍在：2026-09-26-validation.md
过时,P2,A_快照叠加,正式区,09-审计报告/auto-validation/2026-08-03-validation.md,305.1,25,新版仍在：2026-09-26-validation.md
过时,P2,A_快照叠加,正式区,09-审计报告/auto-validation/2026-08-02-validation.md,356.7,25,新版仍在：2026-09-26-validation.md
过时,P2,A_快照叠加,正式区,09-审计报告/auto-validation/2026-07-22-validation.md,1.5,65,新版仍在：2026-09-26-validation.md
过时,P2,A_快照叠加,正式区,09-审计报告/auto-validation/2026-07-21-validation.md,1.7,66,新版仍在：2026-09-26-validation.md
过时,P2,A_快照叠加,正式区,09-审计报告/auto-validation/2026-07-20-validation.md,1.7,67,新版仍在：2026-09-26-validation.md
过时,P2,A_快照叠加,正式区,09-审计报告/auto-validation/2026-06-30-validation.md,1.7,87,新版仍在：2026-09-26-validation.md
过时,P2,A_快照叠加,正式区,09-审计报告/auto-validation/2026-06-29-validation.md,1.7,88,新版仍在：2026-09-26-validation.md
过时,P2,A_快照叠加,正式区,09-审计报告/auto-validation/2026-06-24-validation.md,0.5,94,新版仍在：2026-09-26-validation.md
过时,P2,A_快照叠加,正式区,09-审计报告/历史任务卡/任务卡-2026-08-25-任务_task_178.md,0.4,31,新版仍在：任务卡-2026-08-26-任务_task_178.md
过时,P2,A_快照叠加,正式区,09-审计报告/历史任务卡/任务卡-2026-08-24-任务_task_178.md,0.4,32,新版仍在：任务卡-2026-08-26-任务_task_178.md
过时,P2,A_快照叠加,正式区,09-审计报告/历史任务卡/任务卡-2026-08-23-任务_task_178.md,0.4,33,新版仍在：任务卡-2026-08-26-任务_task_178.md
过时,P2,A_快照叠加,正式区,09-审计报告/历史任务卡/任务卡-2026-08-22-任务_task_178.md,0.4,34,新版仍在：任务卡-2026-08-26-任务_task_178.md
过时,P2,A_快照叠加,正式区,09-审计报告/历史任务卡/任务卡-2026-08-20-任务_task_178.md,0.4,36,新版仍在：任务卡-2026-08-26-任务_task_178.md
过时,P2,A_快照叠加,正式区,09-审计报告/历史任务卡/任务卡-2026-08-18-任务_task_178.md,0.4,38,新版仍在：任务卡-2026-08-26-任务_task_178.md
过时,P2,A_快照叠加,正式区,09-审计报告/历史任务卡/任务卡-2026-08-17-任务_task_178.md,0.4,39,新版仍在：任务卡-2026-08-26-任务_task_178.md
过时,P2,A_快照叠加,正式区,09-审计报告/历史任务卡/任务卡-2026-08-16-任务_task_178.md,0.4,40,新版仍在：任务卡-2026-08-26-任务_task_178.md
过时,P2,A_快照叠加,正式区,09-审计报告/历史任务卡/任务卡-2026-08-15-任务_task_178.md,0.4,41,新版仍在：任务卡-2026-08-26-任务_task_178.md
过时,P2,A_快照叠加,正式区,09-审计报告/历史任务卡/任务卡-2026-08-14-任务_task_178.md,0.4,42,新版仍在：任务卡-2026-08-26-任务_task_178.md
过时,P2,A_快照叠加,正式区,09-审计报告/历史任务卡/任务卡-2026-08-13-任务_task_178.md,0.6,43,新版仍在：任务卡-2026-08-26-任务_task_178.md
过时,P2,A_快照叠加,正式区,09-审计报告/历史任务卡/任务卡-2026-08-12-任务_task_178.md,0.4,44,新版仍在：任务卡-2026-08-26-任务_task_178.md
过时,P2,A_快照叠加,正式区,09-审计报告/历史任务卡/任务卡-2026-08-11-任务_task_178.md,0.4,46,新版仍在：任务卡-2026-08-26-任务_task_178.md
过时,P2,A_快照叠加,正式区,09-审计报告/历史任务卡/任务卡-2026-08-10-任务_task_178.md,0.4,46,新版仍在：任务卡-2026-08-26-任务_task_178.md
过时,P2,A_快照叠加,正式区,09-审计报告/历史任务卡/任务卡-2026-08-09-任务_task_178.md,0.4,47,新版仍在：任务卡-2026-08-26-任务_task_178.md
过时,P2,A_快照叠加,正式区,09-审计报告/历史任务卡/任务卡-2026-08-08-任务_task_178.md,0.4,48,新版仍在：任务卡-2026-08-26-任务_task_178.md
过时,P2,A_快照叠加,正式区,09-审计报告/历史任务卡/任务卡-2026-08-07-任务_task_178.md,0.4,49,新版仍在：任务卡-2026-08-26-任务_task_178.md
过时,P2,A_快照叠加,正式区,09-审计报告/历史任务卡/任务卡-2026-08-06-任务_task_178.md,0.4,50,新版仍在：任务卡-2026-08-26-任务_task_178.md
过时,P2,A_快照叠加,正式区,09-审计报告/历史任务卡/任务卡-2026-08-05-任务_task_178.md,0.4,50,新版仍在：任务卡-2026-08-26-任务_task_178.md
过时,P2,A_快照叠加,正式区,09-审计报告/历史任务卡/任务卡-2026-08-04-任务_task_178.md,0.4,50,新版仍在：任务卡-2026-08-26-任务_task_178.md
过时,P2,A_快照叠加,正式区,09-审计报告/历史任务卡/任务卡-2026-08-03-任务_task_178.md,0.4,50,新版仍在：任务卡-2026-08-26-任务_task_178.md
过时,P2,A_快照叠加,正式区,09-审计报告/历史任务卡/任务卡-2026-08-02-任务_task_178.md,0.4,50,新版仍在：任务卡-2026-08-26-任务_task_178.md
过时,P2,A_快照叠加,正式区,09-审计报告/历史任务卡/任务卡-2026-08-01-任务_task_178.md,0.4,50,新版仍在：任务卡-2026-08-26-任务_task_178.md
过时,P2,A_快照叠加,正式区,09-审计报告/历史任务卡/任务卡-2026-07-31-任务_task_178.md,0.4,50,新版仍在：任务卡-2026-08-26-任务_task_178.md
过时,P2,A_快照叠加,正式区,09-审计报告/历史任务卡/任务卡-2026-07-30-任务_task_178.md,0.4,50,新版仍在：任务卡-2026-08-26-任务_task_178.md
过时,P2,A_快照叠加,正式区,09-审计报告/历史任务卡/任务卡-2026-07-29-任务_task_178.md,0.4,50,新版仍在：任务卡-2026-08-26-任务_task_178.md
过时,P2,A_快照叠加,正式区,09-审计报告/历史任务卡/任务卡-2026-07-28-任务_task_178.md,0.4,50,新版仍在：任务卡-2026-08-26-任务_task_178.md
过时,P2,A_快照叠加,正式区,09-审计报告/历史任务卡/任务卡-2026-07-27-任务_task_178.md,0.4,50,新版仍在：任务卡-2026-08-26-任务_task_178.md
过时,P2,A_快照叠加,正式区,09-审计报告/历史任务卡/任务卡-2026-07-26-任务_task_178.md,0.4,50,新版仍在：任务卡-2026-08-26-任务_task_178.md
过时,P2,A_快照叠加,正式区,09-审计报告/历史任务卡/任务卡-2026-07-25-任务_task_178.md,0.4,50,新版仍在：任务卡-2026-08-26-任务_task_178.md
过时,P2,A_快照叠加,正式区,09-审计报告/历史任务卡/任务卡-2026-07-24-任务_task_178.md,0.4,50,新版仍在：任务卡-2026-08-26-任务_task_178.md
过时,P2,A_快照叠加,正式区,09-审计报告/历史任务卡/任务卡-2026-07-23-任务_task_178.md,0.4,50,新版仍在：任务卡-2026-08-26-任务_task_178.md
过时,P2,A_快照叠加,正式区,09-审计报告/历史任务卡/任务卡-2026-07-22-任务_task_178.md,0.4,50,新版仍在：任务卡-2026-08-26-任务_task_178.md
过时,P2,A_快照叠加,正式区,09-审计报告/历史任务卡/任务卡-2026-07-18-任务_task_178.md,0.4,50,新版仍在：任务卡-2026-08-26-任务_task_178.md
过时,P2,A_快照叠加,正式区,09-审计报告/历史任务卡/任务卡-2026-07-15-任务_task_178.md,0.4,50,新版仍在：任务卡-2026-08-26-任务_task_178.md
过时,P2,A_快照叠加,正式区,09-审计报告/历史任务卡/任务卡-2026-07-13-任务_task_178.md,0.4,50,新版仍在：任务卡-2026-08-26-任务_task_178.md
过时,P2,A_快照叠加,正式区,09-审计报告/历史任务卡/任务卡-2026-07-12-任务_task_178.md,0.4,50,新版仍在：任务卡-2026-08-26-任务_task_178.md
过时,P2,A_快照叠加,正式区,09-审计报告/历史任务卡/任务卡-2026-07-10-任务_task_178.md,0.4,50,新版仍在：任务卡-2026-08-26-任务_task_178.md
过时,P2,A_快照叠加,正式区,09-审计报告/历史任务卡/任务卡-2026-07-09-任务_task_178.md,0.4,50,新版仍在：任务卡-2026-08-26-任务_task_178.md
过时,P2,A_快照叠加,正式区,09-审计报告/历史任务卡/任务卡-2026-07-08-任务_task_178.md,0.4,50,新版仍在：任务卡-2026-08-26-任务_task_178.md
过时,P2,A_快照叠加,正式区,09-审计报告/历史任务卡/任务卡-2026-07-07-任务_task_178.md,0.4,50,新版仍在：任务卡-2026-08-26-任务_task_178.md
过时,P2,A_快照叠加,正式区,09-审计报告/历史任务卡/任务卡-2026-07-03-任务_task_178.md,0.4,50,新版仍在：任务卡-2026-08-26-任务_task_178.md
过时,P2,A_快照叠加,正式区,09-审计报告/历史任务卡/任务卡-2026-06-30-任务_task_178.md,0.4,50,新版仍在：任务卡-2026-08-26-任务_task_178.md
过时,P2,A_快照叠加,正式区,09-审计报告/历史任务卡/任务卡-2026-06-29-任务_task_178.md,0.4,87,新版仍在：任务卡-2026-08-26-任务_task_178.md
过时,P2,A_快照叠加,正式区,09-审计报告/历史任务卡/任务卡-2026-06-25-任务_task_178.md,0.4,87,新版仍在：任务卡-2026-08-26-任务_task_178.md
过时,P2,A_快照叠加,正式区,09-审计报告/历史任务卡/任务卡-2026-06-24-任务_task_178.md,0.4,64,新版仍在：任务卡-2026-08-26-任务_task_178.md
过时,P2,A_快照叠加,正式区,09-审计报告/历史任务卡/任务卡-2026-08-13-MAINTAIN_删除操作将自动降级为软弃用.md,0.8,43,新版仍在：任务卡-2026-08-14-MAINTAIN_删除操作将自动降级为软弃用.md
过时,P2,A_快照叠加,正式区,09-审计报告/历史任务卡/任务卡-2026-08-08-MAINTAIN_删除操作将自动降级为软弃用.md,0.6,48,新版仍在：任务卡-2026-08-14-MAINTAIN_删除操作将自动降级为软弃用.md
过时,P2,A_快照叠加,正式区,09-审计报告/历史任务卡/任务卡-2026-08-01-MAINTAIN_删除操作将自动降级为软弃用.md,0.6,50,新版仍在：任务卡-2026-08-14-MAINTAIN_删除操作将自动降级为软弃用.md
过时,P2,A_快照叠加,正式区,09-审计报告/历史任务卡/任务卡-2026-07-23-MAINTAIN_删除操作将自动降级为软弃用.md,2.0,50,新版仍在：任务卡-2026-08-14-MAINTAIN_删除操作将自动降级为软弃用.md
过时,P2,A_快照叠加,正式区,09-审计报告/历史任务卡/任务卡-2026-07-22-MAINTAIN_删除操作将自动降级为软弃用.md,0.5,50,新版仍在：任务卡-2026-08-14-MAINTAIN_删除操作将自动降级为软弃用.md
过时,P2,A_快照叠加,正式区,09-审计报告/历史任务卡/任务卡-2026-08-01-WARNING__META_意图修改了_00_首页__下的文件__00_首页_状态摘要_md.md,2.1,23,新版仍在：任务卡-2026-08-03-WARNING__META_意图修改了_00_首页__下的文件__00_首页_状态摘要_md.md
过时,P2,A_快照叠加,正式区,09-审计报告/历史任务卡/任务卡-2026-07-28-WARNING__META_意图修改了_00_首页__下的文件__00_首页_状态摘要_md.md,0.8,23,新版仍在：任务卡-2026-08-03-WARNING__META_意图修改了_00_首页__下的文件__00_首页_状态摘要_md.md
冗余,P2,媒体内容重复,噪音缓存,.workbuddy/tmp/_pdf_bak_0921/_new_原子结构-超级充实版（自学完整）.pdf,2060.1,,MD5=577db5c43d5e 同组3份 建议保留 _new_原子结构-超级充实版（自学完整）.pdf
冗余,P2,媒体内容重复,正式区,00-首页/学生讲义PDF/_new_原子结构-超级充实版（自学完整）.pdf,2060.1,,MD5=577db5c43d5e 同组3份 建议保留 _new_原子结构-超级充实版（自学完整）.pdf
冗余,P2,媒体内容重复,正式区,00-首页/学生讲义PDF/原子结构-超级充实版（自学完整）.pdf,2060.1,,MD5=577db5c43d5e 同组3份 建议保留 _new_原子结构-超级充实版（自学完整）.pdf
冗余,P2,媒体内容重复,噪音缓存,.workbuddy/tmp/svgtest/04_chirality-hands_out.png,541.2,,MD5=b062d0bae4ef 同组7份 建议保留 chirality-hands.png
冗余,P2,媒体内容重复,噪音缓存,.workbuddy/tmp/svgtest/05_chirality-hands_out.png,541.2,,MD5=b062d0bae4ef 同组7份 建议保留 chirality-hands.png
冗余,P2,媒体内容重复,正式区,06-学生侧材料/学生讲义/media/chirality-hands.png,541.2,,MD5=b062d0bae4ef 同组7份 建议保留 chirality-hands.png
冗余,P2,媒体内容重复,正式区,06-学生侧材料/讲义/media/chirality-hands.png,541.2,,MD5=b062d0bae4ef 同组7份 建议保留 chirality-hands.png
冗余,P2,媒体内容重复,正式区,11-模板/scripts/.chem_media/chirality-hands.png,541.2,,MD5=b062d0bae4ef 同组7份 建议保留 chirality-hands.png
冗余,P2,媒体内容重复,正式区,media/chirality-hands.png,541.2,,MD5=b062d0bae4ef 同组7份 建议保留 chirality-hands.png
冗余,P2,媒体内容重复,正式区,媒体仓库/361b63e61a464fc9e2d04dfbb287248a20ed322f4787b2c65394f93b47c82e32.png,541.2,,MD5=b062d0bae4ef 同组7份 建议保留 chirality-hands.png
冗余,P2,媒体内容重复,正式区,11-模板/scripts/.chem_media/e608d01cdf5073a8ccd005e35e4b38987ff87f5984f988c28403ae60d9728764.jpg,815.9,,MD5=8653fa428a53 同组3份 建议保留 e608d01cdf5073a8ccd005e35e4b38987ff87f5984f988c28403ae60d9728764.jpg
冗余,P2,媒体内容重复,正式区,11-模板/scripts/.chem_media/mo_diagram_textbook.jpg,815.9,,MD5=8653fa428a53 同组3份 建议保留 e608d01cdf5073a8ccd005e35e4b38987ff87f5984f988c28403ae60d9728764.jpg
冗余,P2,媒体内容重复,正式区,媒体仓库/e608d01cdf5073a8ccd005e35e4b38987ff87f5984f988c28403ae60d9728764.jpg,815.9,,MD5=8653fa428a53 同组3份 建议保留 e608d01cdf5073a8ccd005e35e4b38987ff87f5984f988c28403ae60d9728764.jpg
冗余,P2,媒体内容重复,正式区,06-学生侧材料/学生讲义/media/saturation-kinetics-michaelis-menten.png,529.8,,MD5=3c2542ea97b0 同组4份 建议保留 saturation-kinetics-michaelis-menten.png
冗余,P2,媒体内容重复,正式区,06-学生侧材料/讲义/media/saturation-kinetics-michaelis-menten.png,529.8,,MD5=3c2542ea97b0 同组4份 建议保留 saturation-kinetics-michaelis-menten.png
冗余,P2,媒体内容重复,正式区,11-模板/scripts/.chem_media/saturation-kinetics-michaelis-menten.png,529.8,,MD5=3c2542ea97b0 同组4份 建议保留 saturation-kinetics-michaelis-menten.png
冗余,P2,媒体内容重复,正式区,媒体仓库/8d7dfd10fdbc53ebd1c5d4b2b8afb8863532cbc90c6fc8a220ac08d119dbc592.png,529.8,,MD5=3c2542ea97b0 同组4份 建议保留 saturation-kinetics-michaelis-menten.png
冗余,P2,媒体内容重复,正式区,11-模板/scripts/.chem_media/89f7cc578e1ac1246d3cec0f6a1a807c3d6ab36e5681f563b65c14e3c48d1fed.jpg,288.5,,MD5=e74241a7f09f 同组5份 建议保留 89f7cc578e1ac1246d3cec0f6a1a807c3d6ab36e5681f563b65c14e3c48d1fed.jpg
冗余,P2,媒体内容重复,正式区,11-模板/scripts/.chem_media/d-orbital-shapes.jpg,288.5,,MD5=e74241a7f09f 同组5份 建议保留 89f7cc578e1ac1246d3cec0f6a1a807c3d6ab36e5681f563b65c14e3c48d1fed.jpg
冗余,P2,媒体内容重复,正式区,11-模板/scripts/.chem_media/orbital_3d_five_orientations.jpg,288.5,,MD5=e74241a7f09f 同组5份 建议保留 89f7cc578e1ac1246d3cec0f6a1a807c3d6ab36e5681f563b65c14e3c48d1fed.jpg
冗余,P2,媒体内容重复,正式区,media/d-orbital-shapes.jpg,288.5,,MD5=e74241a7f09f 同组5份 建议保留 89f7cc578e1ac1246d3cec0f6a1a807c3d6ab36e5681f563b65c14e3c48d1fed.jpg
冗余,P2,媒体内容重复,正式区,媒体仓库/89f7cc578e1ac1246d3cec0f6a1a807c3d6ab36e5681f563b65c14e3c48d1fed.jpg,288.5,,MD5=e74241a7f09f 同组5份 建议保留 89f7cc578e1ac1246d3cec0f6a1a807c3d6ab36e5681f563b65c14e3c48d1fed.jpg
冗余,P2,媒体内容重复,正式区,11-模板/scripts/.chem_media/octahedral_splitting.png,183.1,,MD5=8ea26a53706e 同组7份 建议保留 octahedral_splitting.png
冗余,P2,媒体内容重复,正式区,11-模板/scripts/.chem_media/八面体场d轨道分裂示意图.关系图.png,183.1,,MD5=8ea26a53706e 同组7份 建议保留 octahedral_splitting.png
冗余,P2,媒体内容重复,正式区,media/octahedral_splitting.png,183.1,,MD5=8ea26a53706e 同组7份 建议保留 octahedral_splitting.png
冗余,P2,媒体内容重复,正式区,media/八面体场d轨道分裂示意图.关系图.png,183.1,,MD5=8ea26a53706e 同组7份 建议保留 octahedral_splitting.png
冗余,P2,媒体内容重复,正式区,媒体仓库/_待清理/_白边原图/7937fa3a4ad6d5d9124ba067bca2710abd9c4ab591c0e70741f298f0452bda78.png,183.1,,MD5=8ea26a53706e 同组7份 建议保留 octahedral_splitting.png
冗余,P2,媒体内容重复,正式区,媒体仓库/_待清理/_白边原图/octahedral_splitting.png,183.1,,MD5=8ea26a53706e 同组7份 建议保留 octahedral_splitting.png
冗余,P2,媒体内容重复,正式区,媒体仓库/_待清理/_白边原图/八面体场d轨道分裂示意图.关系图.png,183.1,,MD5=8ea26a53706e 同组7份 建议保留 octahedral_splitting.png
冗余,P2,媒体内容重复,正式区,06-学生侧材料/学生讲义/media/water-phase-diagram.png,202.3,,MD5=b917eba77ed5 同组6份 建议保留 water-phase-diagram.png
冗余,P2,媒体内容重复,正式区,06-学生侧材料/讲义/media/water-phase-diagram.png,202.3,,MD5=b917eba77ed5 同组6份 建议保留 water-phase-diagram.png
冗余,P2,媒体内容重复,正式区,11-模板/scripts/.chem_media/water-phase-diagram.png,202.3,,MD5=b917eba77ed5 同组6份 建议保留 water-phase-diagram.png
冗余,P2,媒体内容重复,正式区,media/water-phase-diagram.png,202.3,,MD5=b917eba77ed5 同组6份 建议保留 water-phase-diagram.png
冗余,P2,媒体内容重复,正式区,媒体仓库/b785d5999e01154fe8684e912cae4f5aefacfb488bb15860083df7393d2281e6.png,202.3,,MD5=b917eba77ed5 同组6份 建议保留 water-phase-diagram.png
冗余,P2,媒体内容重复,正式区,媒体仓库/water-phase-diagram.png,202.3,,MD5=b917eba77ed5 同组6份 建议保留 water-phase-diagram.png
冗余,P2,媒体内容重复,正式区,06-学生侧材料/讲义/media/半径比规则-配位数判断.决策图.png,248.4,,MD5=3d34ad703e08 同组5份 建议保留 半径比规则-配位数判断.决策图.png
冗余,P2,媒体内容重复,正式区,11-模板/scripts/.chem_media/radius_ratio_decision.png,248.4,,MD5=3d34ad703e08 同组5份 建议保留 半径比规则-配位数判断.决策图.png
冗余,P2,媒体内容重复,正式区,11-模板/scripts/.chem_media/半径比规则-配位数判断.决策图.png,248.4,,MD5=3d34ad703e08 同组5份 建议保留 半径比规则-配位数判断.决策图.png
冗余,P2,媒体内容重复,正式区,媒体仓库/_待清理/_白边原图/c3a7ab424d0af002bf9212cdd2645300399e75d98feed26eca445941f0ebe77b.png,248.4,,MD5=3d34ad703e08 同组5份 建议保留 半径比规则-配位数判断.决策图.png
冗余,P2,媒体内容重复,正式区,媒体仓库/_待清理/_白边原图/半径比规则-配位数判断.决策图.png,248.4,,MD5=3d34ad703e08 同组5份 建议保留 半径比规则-配位数判断.决策图.png
冗余,P2,媒体内容重复,正式区,11-模板/scripts/.chem_media/cfse_calculation.png,321.5,,MD5=cf2ef7ffdafb 同组4份 建议保留 cfse_calculation.png
冗余,P2,媒体内容重复,正式区,11-模板/scripts/.chem_media/CFSE计算流程.流程图.png,321.5,,MD5=cf2ef7ffdafb 同组4份 建议保留 cfse_calculation.png
冗余,P2,媒体内容重复,正式区,media/cfse_calculation.png,321.5,,MD5=cf2ef7ffdafb 同组4份 建议保留 cfse_calculation.png
冗余,P2,媒体内容重复,正式区,media/CFSE计算流程.流程图.png,321.5,,MD5=cf2ef7ffdafb 同组4份 建议保留 cfse_calculation.png
冗余,P2,媒体内容重复,正式区,11-模板/scripts/.chem_media/14-bravais-lattices.jpg,449.9,,MD5=91ad5502e909 同组3份 建议保留 14-bravais-lattices.jpg
冗余,P2,媒体内容重复,正式区,media/14-bravais-lattices.jpg,449.9,,MD5=91ad5502e909 同组3份 建议保留 14-bravais-lattices.jpg
冗余,P2,媒体内容重复,正式区,媒体仓库/b07adaf16dd02200e1258cdcf8e7186b4308d8b45bf74a490922b7bb09d14b41.jpg,449.9,,MD5=91ad5502e909 同组3份 建议保留 14-bravais-lattices.jpg
冗余,P2,媒体内容重复,正式区,06-学生侧材料/学生讲义/media/sio4-network-structure.jpg,176.9,,MD5=7c934ceebbf1 同组6份 建议保留 sio4-network-structure.jpg
冗余,P2,媒体内容重复,正式区,06-学生侧材料/讲义/media/sio4-network-structure.jpg,176.9,,MD5=7c934ceebbf1 同组6份 建议保留 sio4-network-structure.jpg
冗余,P2,媒体内容重复,正式区,11-模板/scripts/.chem_media/sio4-network-structure.jpg,176.9,,MD5=7c934ceebbf1 同组6份 建议保留 sio4-network-structure.jpg
冗余,P2,媒体内容重复,正式区,mineru/03-教材书籍/无机化学第6版Weller/无机化学第6版Weller/无机化学第6版主族364-564_images/0547a4cb0dafb62ee1f93e9ea5064cfcf662616cf23a40b7c29b532faede98e9.jpg,176.9,,MD5=7c934ceebbf1 同组6份 建议保留 sio4-network-structure.jpg
冗余,P2,媒体内容重复,正式区,媒体仓库/0547a4cb0dafb62ee1f93e9ea5064cfcf662616cf23a40b7c29b532faede98e9.jpg,176.9,,MD5=7c934ceebbf1 同组6份 建议保留 sio4-network-structure.jpg
冗余,P2,媒体内容重复,正式区,媒体仓库/e5aeb84ac1fbf16847a00480c9ea2c361cb1bef7fffcbf4352c797f3e0a9d263.jpg,176.9,,MD5=7c934ceebbf1 同组6份 建议保留 sio4-network-structure.jpg
冗余,P2,媒体内容重复,噪音缓存,.workbuddy/tmp/mmd_out/ch4-04-元素周期律.png,291.5,,MD5=e51e4c34fedf 同组4份 建议保留 ch4-04-元素周期律.png
冗余,P2,媒体内容重复,噪音缓存,.workbuddy/tmp/mmd_out2/ch4-04-元素周期律.png,291.5,,MD5=e51e4c34fedf 同组4份 建议保留 ch4-04-元素周期律.png
冗余,P2,媒体内容重复,正式区,13-教案/必修一/概念图PNG/ch4-04-元素周期律.png,291.5,,MD5=e51e4c34fedf 同组4份 建议保留 ch4-04-元素周期律.png
冗余,P2,媒体内容重复,正式区,媒体仓库/ae755ebdceed1a44c219c61e6443a69cf98bddf23bd997cd6b6971b8bc2272df.png,291.5,,MD5=e51e4c34fedf 同组4份 建议保留 ch4-04-元素周期律.png
冗余,P2,媒体内容重复,正式区,11-模板/scripts/.chem_media/29fabe8a48b5e7682f204cb42c88383366a66aa8d11f0d00345e483ac6207712.jpg,288.9,,MD5=63a8ab55c923 同组4份 建议保留 29fabe8a48b5e7682f204cb42c88383366a66aa8d11f0d00345e483ac6207712.jpg
冗余,P2,媒体内容重复,正式区,media/29fabe8a48b5e7682f204cb42c88383366a66aa8d11f0d00345e483ac6207712.jpg,288.9,,MD5=63a8ab55c923 同组4份 建议保留 29fabe8a48b5e7682f204cb42c88383366a66aa8d11f0d00345e483ac6207712.jpg
冗余,P2,媒体内容重复,正式区,mineru/03-教材书籍/ABOC有机化学/ABOC202505_200-397_images/29fabe8a48b5e7682f204cb42c88383366a66aa8d11f0d00345e483ac6207712.jpg,288.9,,MD5=63a8ab55c923 同组4份 建议保留 29fabe8a48b5e7682f204cb42c88383366a66aa8d11f0d00345e483ac6207712.jpg
冗余,P2,媒体内容重复,正式区,媒体仓库/29fabe8a48b5e7682f204cb42c88383366a66aa8d11f0d00345e483ac6207712.jpg,288.9,,MD5=63a8ab55c923 同组4份 建议保留 29fabe8a48b5e7682f204cb42c88383366a66aa8d11f0d00345e483ac6207712.jpg
冗余,P2,媒体内容重复,正式区,06-学生侧材料/讲义/media/晶体结构-NaCl-CsCl-ZnS对比.关系图.png,274.9,,MD5=7ba96ab90b6b 同组4份 建议保留 晶体结构-NaCl-CsCl-ZnS对比.关系图.png
冗余,P2,媒体内容重复,正式区,11-模板/scripts/.chem_media/晶体结构-NaCl-CsCl-ZnS对比.关系图.png,274.9,,MD5=7ba96ab90b6b 同组4份 建议保留 晶体结构-NaCl-CsCl-ZnS对比.关系图.png
冗余,P2,媒体内容重复,正式区,媒体仓库/_待清理/_白边原图/436ca04bab0699e948fc15400670258df2f0f7f12afcdde5e41c42ca785877ce.png,274.9,,MD5=7ba96ab90b6b 同组4份 建议保留 晶体结构-NaCl-CsCl-ZnS对比.关系图.png
冗余,P2,媒体内容重复,正式区,媒体仓库/_待清理/_白边原图/晶体结构-NaCl-CsCl-ZnS对比.关系图.png,274.9,,MD5=7ba96ab90b6b 同组4份 建议保留 晶体结构-NaCl-CsCl-ZnS对比.关系图.png
冗余,P2,媒体内容重复,正式区,11-模板/scripts/.chem_media/spin_state_decision.png,202.1,,MD5=1732fe1c6644 同组5份 建议保留 spin_state_decision.png
冗余,P2,媒体内容重复,正式区,11-模板/scripts/.chem_media/高低自旋判断决策树.决策图.png,202.1,,MD5=1732fe1c6644 同组5份 建议保留 spin_state_decision.png
冗余,P2,媒体内容重复,正式区,media/高低自旋判断决策树.决策图.png,202.1,,MD5=1732fe1c6644 同组5份 建议保留 spin_state_decision.png
冗余,P2,媒体内容重复,正式区,媒体仓库/_待清理/_白边原图/e2e8ec17997c6b450e61e34f4a577a45945dbb590b9d68d47c67c367085c1250.png,202.1,,MD5=1732fe1c6644 同组5份 建议保留 spin_state_decision.png
冗余,P2,媒体内容重复,正式区,媒体仓库/_待清理/_白边原图/高低自旋判断决策树.决策图.png,202.1,,MD5=1732fe1c6644 同组5份 建议保留 spin_state_decision.png
冗余,P2,媒体内容重复,正式区,11-模板/scripts/.chem_media/spectrochemical_series.png,160.5,,MD5=d7f3ba9d2637 同组6份 建议保留 spectrochemical_series.png
冗余,P2,媒体内容重复,正式区,11-模板/scripts/.chem_media/光谱化学序列配体排序图.关系图.png,160.5,,MD5=d7f3ba9d2637 同组6份 建议保留 spectrochemical_series.png
冗余,P2,媒体内容重复,正式区,media/spectrochemical_series.png,160.5,,MD5=d7f3ba9d2637 同组6份 建议保留 spectrochemical_series.png
冗余,P2,媒体内容重复,正式区,media/光谱化学序列配体排序图.关系图.png,160.5,,MD5=d7f3ba9d2637 同组6份 建议保留 spectrochemical_series.png
冗余,P2,媒体内容重复,正式区,媒体仓库/_待清理/_白边原图/d72347c3cfbe30dc1a3de473003eec8081ff501dd0bd3a719c73a5b18f824230.png,160.5,,MD5=d7f3ba9d2637 同组6份 建议保留 spectrochemical_series.png
冗余,P2,媒体内容重复,正式区,媒体仓库/_待清理/_白边原图/光谱化学序列配体排序图.关系图.png,160.5,,MD5=d7f3ba9d2637 同组6份 建议保留 spectrochemical_series.png
冗余,P2,媒体内容重复,正式区,11-模板/scripts/.chem_media/wurtzite-structure.png,392.7,,MD5=cc13285f94dd 同组3份 建议保留 wurtzite-structure.png
冗余,P2,媒体内容重复,正式区,media/wurtzite-structure.png,392.7,,MD5=cc13285f94dd 同组3份 建议保留 wurtzite-structure.png
冗余,P2,媒体内容重复,正式区,媒体仓库/cc5ff2a4569d7a4e1bc550f6c78b123cd622712a52e67b0bfbc6335c31791fc0.png,392.7,,MD5=cc13285f94dd 同组3份 建议保留 wurtzite-structure.png
冗余,P2,媒体内容重复,噪音缓存,.workbuddy/tmp/mmd_out/ch4-03-元素周期表网络.png,256.2,,MD5=f69adbb0427e 同组4份 建议保留 ch4-03-元素周期表网络.png
冗余,P2,媒体内容重复,噪音缓存,.workbuddy/tmp/mmd_out2/ch4-03-元素周期表网络.png,256.2,,MD5=f69adbb0427e 同组4份 建议保留 ch4-03-元素周期表网络.png
冗余,P2,媒体内容重复,正式区,13-教案/必修一/概念图PNG/ch4-03-元素周期表网络.png,256.2,,MD5=f69adbb0427e 同组4份 建议保留 ch4-03-元素周期表网络.png
冗余,P2,媒体内容重复,正式区,媒体仓库/8aa6c7da9baef6b3578e2e373ce2e051e1e2f0aeb6349bf97202fa958fb14f08.png,256.2,,MD5=f69adbb0427e 同组4份 建议保留 ch4-03-元素周期表网络.png
冗余,P2,媒体内容重复,正式区,06-学生侧材料/学生讲义/media/maxwell-boltzmann-distribution.jpg,255.1,,MD5=25b551aa07ec 同组4份 建议保留 maxwell-boltzmann-distribution.jpg
冗余,P2,媒体内容重复,正式区,06-学生侧材料/讲义/media/maxwell-boltzmann-distribution.jpg,255.1,,MD5=25b551aa07ec 同组4份 建议保留 maxwell-boltzmann-distribution.jpg
冗余,P2,媒体内容重复,正式区,media/maxwell-boltzmann-distribution.jpg,255.1,,MD5=25b551aa07ec 同组4份 建议保留 maxwell-boltzmann-distribution.jpg
冗余,P2,媒体内容重复,正式区,媒体仓库/35625e66a79677b0aa854fb5ff67a284669e0da5f5174ae825258af2174733ee.jpg,255.1,,MD5=25b551aa07ec 同组4份 建议保留 maxwell-boltzmann-distribution.jpg
冗余,P2,媒体内容重复,正式区,11-模板/scripts/.chem_media/isomer_classification.png,228.8,,MD5=8a727bae4155 同组4份 建议保留 isomer_classification.png
冗余,P2,媒体内容重复,正式区,11-模板/scripts/.chem_media/配合物异构现象分类体系.关系图.png,228.8,,MD5=8a727bae4155 同组4份 建议保留 isomer_classification.png
冗余,P2,媒体内容重复,正式区,media/配合物异构现象分类体系.关系图.png,228.8,,MD5=8a727bae4155 同组4份 建议保留 isomer_classification.png
冗余,P2,媒体内容重复,正式区,媒体仓库/_待清理/_白边原图/配合物异构现象分类体系.关系图.png,228.8,,MD5=8a727bae4155 同组4份 建议保留 isomer_classification.png
冗余,P2,媒体内容重复,正式区,11-模板/scripts/.chem_media/c5583a6404779af4bcc5c3c8ede80ec8fa2751d5a9f193ef368e24aaa8293e88.jpg,227.8,,MD5=f6c9d30a658e 同组4份 建议保留 c5583a6404779af4bcc5c3c8ede80ec8fa2751d5a9f193ef368e24aaa8293e88.jpg
冗余,P2,媒体内容重复,正式区,media/c5583a6404779af4bcc5c3c8ede80ec8fa2751d5a9f193ef368e24aaa8293e88.jpg,227.8,,MD5=f6c9d30a658e 同组4份 建议保留 c5583a6404779af4bcc5c3c8ede80ec8fa2751d5a9f193ef368e24aaa8293e88.jpg
冗余,P2,媒体内容重复,正式区,mineru/03-教材书籍/ABOC有机化学/ABOC202505_200-397_images/c5583a6404779af4bcc5c3c8ede80ec8fa2751d5a9f193ef368e24aaa8293e88.jpg,227.8,,MD5=f6c9d30a658e 同组4份 建议保留 c5583a6404779af4bcc5c3c8ede80ec8fa2751d5a9f193ef368e24aaa8293e88.jpg
冗余,P2,媒体内容重复,正式区,媒体仓库/c5583a6404779af4bcc5c3c8ede80ec8fa2751d5a9f193ef368e24aaa8293e88.jpg,227.8,,MD5=f6c9d30a658e 同组4份 建议保留 c5583a6404779af4bcc5c3c8ede80ec8fa2751d5a9f193ef368e24aaa8293e88.jpg
冗余,P2,媒体内容重复,正式区,11-模板/scripts/.chem_media/img_15.png,340.4,,MD5=276593c095fe 同组3份 建议保留 img_15.png
冗余,P2,媒体内容重复,正式区,11-模板/scripts/.chem_media/intermolecular_forces.png,340.4,,MD5=276593c095fe 同组3份 建议保留 img_15.png
冗余,P2,媒体内容重复,正式区,11-模板/scripts/.chem_media/分子间力三层递进.关系图.png,340.4,,MD5=276593c095fe 同组3份 建议保留 img_15.png
冗余,P2,媒体内容重复,正式区,11-模板/scripts/.chem_media/img_VSEPR.png,329.5,,MD5=cf665fa23f77 同组3份 建议保留 img_VSEPR.png
冗余,P2,媒体内容重复,正式区,11-模板/scripts/.chem_media/vsepr_decision.png,329.5,,MD5=cf665fa23f77 同组3份 建议保留 img_VSEPR.png
冗余,P2,媒体内容重复,正式区,11-模板/scripts/.chem_media/VSEPR决策链.流程图.png,329.5,,MD5=cf665fa23f77 同组3份 建议保留 img_VSEPR.png
冗余,P2,媒体内容重复,正式区,06-外部资料导入/真题/省预赛/images/2021-浙江预赛_p13.png,652.5,,MD5=94fb02abfd84 同组2份 建议保留 2021-浙江预赛_p13.png
冗余,P2,媒体内容重复,正式区,媒体仓库/_待清理/_白边原图/2021-浙江预赛_p13.png,652.5,,MD5=94fb02abfd84 同组2份 建议保留 2021-浙江预赛_p13.png
冗余,P2,媒体内容重复,正式区,11-模板/scripts/.chem_media/tetrahedral_vs_octahedral.png,161.7,,MD5=50181bf699a7 同组5份 建议保留 tetrahedral_vs_octahedral.png
冗余,P2,媒体内容重复,正式区,11-模板/scripts/.chem_media/四面体场与正方形场分裂对比.关系图.png,161.7,,MD5=50181bf699a7 同组5份 建议保留 tetrahedral_vs_octahedral.png
冗余,P2,媒体内容重复,正式区,media/四面体场与正方形场分裂对比.关系图.png,161.7,,MD5=50181bf699a7 同组5份 建议保留 tetrahedral_vs_octahedral.png
冗余,P2,媒体内容重复,正式区,媒体仓库/_待清理/_白边原图/f89e4c238e305a028de1a6948f88e8e271b32284021b9432e65674ef6d8a9e9a.png,161.7,,MD5=50181bf699a7 同组5份 建议保留 tetrahedral_vs_octahedral.png
冗余,P2,媒体内容重复,正式区,媒体仓库/_待清理/_白边原图/四面体场与正方形场分裂对比.关系图.png,161.7,,MD5=50181bf699a7 同组5份 建议保留 tetrahedral_vs_octahedral.png
冗余,P2,媒体内容重复,正式区,11-模板/scripts/.chem_media/842f11610982edb9864434386961e51e51b5018aa78aa559c2fdd3220392d6b8.png,615.5,,MD5=8b118e6c3fe2 同组2份 建议保留 842f11610982edb9864434386961e51e51b5018aa78aa559c2fdd3220392d6b8.png
冗余,P2,媒体内容重复,正式区,11-模板/scripts/.chem_media/CaF2.png,615.5,,MD5=8b118e6c3fe2 同组2份 建议保留 842f11610982edb9864434386961e51e51b5018aa78aa559c2fdd3220392d6b8.png
冗余,P2,媒体内容重复,噪音缓存,.workbuddy/tmp/mmd_out/ch4-02-原子结构网络.png,203.8,,MD5=d101c61f676d 同组4份 建议保留 ch4-02-原子结构网络.png
冗余,P2,媒体内容重复,噪音缓存,.workbuddy/tmp/mmd_out2/ch4-02-原子结构网络.png,203.8,,MD5=d101c61f676d 同组4份 建议保留 ch4-02-原子结构网络.png
冗余,P2,媒体内容重复,正式区,13-教案/必修一/概念图PNG/ch4-02-原子结构网络.png,203.8,,MD5=d101c61f676d 同组4份 建议保留 ch4-02-原子结构网络.png
冗余,P2,媒体内容重复,正式区,媒体仓库/559679d0f3870637d469f90972adf32a9d1a43e125c043ba978daeb1472c79ff.png,203.8,,MD5=d101c61f676d 同组4份 建议保留 ch4-02-原子结构网络.png
冗余,P2,媒体内容重复,正式区,11-模板/scripts/.chem_media/lewis_5step.png,305.4,,MD5=8e60441a96e1 同组3份 建议保留 lewis_5step.png
冗余,P2,媒体内容重复,正式区,11-模板/scripts/.chem_media/Lewis五步法流程.流程图.png,305.4,,MD5=8e60441a96e1 同组3份 建议保留 lewis_5step.png
冗余,P2,媒体内容重复,正式区,media/lewis_5step.png,305.4,,MD5=8e60441a96e1 同组3份 建议保留 lewis_5step.png
冗余,P2,媒体内容重复,噪音缓存,.workbuddy/tmp/mmd_out2/ch4-05-化学键与分子间作用力.png,304.1,,MD5=a90203e8af43 同组3份 建议保留 ch4-05-化学键与分子间作用力.png
冗余,P2,媒体内容重复,正式区,13-教案/必修一/概念图PNG/ch4-05-化学键与分子间作用力.png,304.1,,MD5=a90203e8af43 同组3份 建议保留 ch4-05-化学键与分子间作用力.png
冗余,P2,媒体内容重复,正式区,媒体仓库/acf626bc7235f3e12c42ec3ef3ec6b7c0d6d8a82c9ec64185a0d5fb5d77c96ff.png,304.1,,MD5=a90203e8af43 同组3份 建议保留 ch4-05-化学键与分子间作用力.png
冗余,P2,媒体内容重复,噪音缓存,.workbuddy/tmp/mmd_out/ch3-03-铝三角.png,200.8,,MD5=24bfe6fe4c54 同组4份 建议保留 ch3-03-铝三角.png
冗余,P2,媒体内容重复,噪音缓存,.workbuddy/tmp/mmd_out2/ch3-03-铝三角.png,200.8,,MD5=24bfe6fe4c54 同组4份 建议保留 ch3-03-铝三角.png
冗余,P2,媒体内容重复,正式区,13-教案/必修一/概念图PNG/ch3-03-铝三角.png,200.8,,MD5=24bfe6fe4c54 同组4份 建议保留 ch3-03-铝三角.png
冗余,P2,媒体内容重复,正式区,媒体仓库/eef001dcad88cfe837fcf32281aa6a150920c06db5d7d3004c53c1922279339e.png,200.8,,MD5=24bfe6fe4c54 同组4份 建议保留 ch3-03-铝三角.png
冗余,P2,媒体内容重复,正式区,11-模板/scripts/.chem_media/zhao_ch351_detailed_indicators.jpg,149.0,,MD5=730ae84ea664 同组5份 建议保留 zhao_ch351_detailed_indicators.jpg
冗余,P2,媒体内容重复,正式区,media/zhao_ch351_detailed_indicators.jpg,149.0,,MD5=730ae84ea664 同组5份 建议保留 zhao_ch351_detailed_indicators.jpg
冗余,P2,媒体内容重复,正式区,媒体仓库/eacbf223f950663b33dbc4ef9943af850365ddac709a45acb1a6665a37fce59e.jpg,149.0,,MD5=730ae84ea664 同组5份 建议保留 zhao_ch351_detailed_indicators.jpg
冗余,P2,媒体内容重复,正式区,媒体仓库/zhao_ch351_detailed_indicators.jpg,149.0,,MD5=730ae84ea664 同组5份 建议保留 zhao_ch351_detailed_indicators.jpg
冗余,P2,媒体内容重复,正式区,"高中化学竞赛笔记/高中化学竞赛基本理论学习笔记--赵鑫光--1,2017--吉林大学出版社--9787569212730-_351-482_images/eacbf223f950663b33dbc4ef9943af850365ddac709a45acb1a6665a37fce59e.jpg",149.0,,MD5=730ae84ea664 同组5份 建议保留 zhao_ch351_detailed_indicators.jpg
冗余,P2,媒体内容重复,正式区,11-模板/scripts/.chem_media/zgxg-arrhenius-plot.jpg,73.8,,MD5=2b3b2493148e 同组9份 建议保留 zgxg-arrhenius-plot.jpg
冗余,P2,媒体内容重复,正式区,11-模板/scripts/.chem_media/zhao_ch351_arrhenius_plot.jpg,73.8,,MD5=2b3b2493148e 同组9份 建议保留 zgxg-arrhenius-plot.jpg
冗余,P2,媒体内容重复,正式区,media/zgxg-arrhenius-plot.jpg,73.8,,MD5=2b3b2493148e 同组9份 建议保留 zgxg-arrhenius-plot.jpg
冗余,P2,媒体内容重复,正式区,media/zhao_ch351_arrhenius_plot.jpg,73.8,,MD5=2b3b2493148e 同组9份 建议保留 zgxg-arrhenius-plot.jpg
冗余,P2,媒体内容重复,正式区,媒体仓库/027298543815708bfe9ea27d832935737ca8d5ae8cd04cb84734be59b96f99d1.jpg,73.8,,MD5=2b3b2493148e 同组9份 建议保留 zgxg-arrhenius-plot.jpg
冗余,P2,媒体内容重复,正式区,媒体仓库/2e09e01f3bb2f252414d01a12ac85182390722a85a4c655b30fc087ce07240c6.jpg,73.8,,MD5=2b3b2493148e 同组9份 建议保留 zgxg-arrhenius-plot.jpg
冗余,P2,媒体内容重复,正式区,媒体仓库/zgxg-arrhenius-plot.jpg,73.8,,MD5=2b3b2493148e 同组9份 建议保留 zgxg-arrhenius-plot.jpg
冗余,P2,媒体内容重复,正式区,媒体仓库/zhao_ch351_arrhenius_plot.jpg,73.8,,MD5=2b3b2493148e 同组9份 建议保留 zgxg-arrhenius-plot.jpg
冗余,P2,媒体内容重复,正式区,"高中化学竞赛笔记/高中化学竞赛基本理论学习笔记--赵鑫光--1,2017--吉林大学出版社--9787569212730-_351-482_images/027298543815708bfe9ea27d832935737ca8d5ae8cd04cb84734be59b96f99d1.jpg",73.8,,MD5=2b3b2493148e 同组9份 建议保留 zgxg-arrhenius-plot.jpg
冗余,P2,媒体内容重复,正式区,11-模板/scripts/.chem_media/zhao_ch351_edta_stability_constants.jpg,142.2,,MD5=5b30520ea713 同组5份 建议保留 zhao_ch351_edta_stability_constants.jpg
冗余,P2,媒体内容重复,正式区,media/zhao_ch351_edta_stability_constants.jpg,142.2,,MD5=5b30520ea713 同组5份 建议保留 zhao_ch351_edta_stability_constants.jpg
冗余,P2,媒体内容重复,正式区,媒体仓库/11a6ee0a0dd50419adaa854997a6f242c1c55c67eee06e9f0ba87038863049c5.jpg,142.2,,MD5=5b30520ea713 同组5份 建议保留 zhao_ch351_edta_stability_constants.jpg
冗余,P2,媒体内容重复,正式区,媒体仓库/zhao_ch351_edta_stability_constants.jpg,142.2,,MD5=5b30520ea713 同组5份 建议保留 zhao_ch351_edta_stability_constants.jpg
冗余,P2,媒体内容重复,正式区,"高中化学竞赛笔记/高中化学竞赛基本理论学习笔记--赵鑫光--1,2017--吉林大学出版社--9787569212730-_351-482_images/11a6ee0a0dd50419adaa854997a6f242c1c55c67eee06e9f0ba87038863049c5.jpg",142.2,,MD5=5b30520ea713 同组5份 建议保留 zhao_ch351_edta_stability_constants.jpg
冗余,P2,媒体内容重复,正式区,11-模板/scripts/.chem_media/micelle_formation.jpg,282.8,,MD5=d9a6935ef671 同组3份 建议保留 micelle_formation.jpg
冗余,P2,媒体内容重复,正式区,media/micelle_formation.jpg,282.8,,MD5=d9a6935ef671 同组3份 建议保留 micelle_formation.jpg
冗余,P2,媒体内容重复,正式区,媒体仓库/micelle_formation.jpg,282.8,,MD5=d9a6935ef671 同组3份 建议保留 micelle_formation.jpg
冗余,P2,媒体内容重复,正式区,11-模板/scripts/.chem_media/delocalized_pi_flow.png,281.5,,MD5=6423735bdda0 同组3份 建议保留 delocalized_pi_flow.png
冗余,P2,媒体内容重复,正式区,11-模板/scripts/.chem_media/img_π.png,281.5,,MD5=6423735bdda0 同组3份 建议保留 delocalized_pi_flow.png
冗余,P2,媒体内容重复,正式区,11-模板/scripts/.chem_media/离域π键判断流程.流程图.png,281.5,,MD5=6423735bdda0 同组3份 建议保留 delocalized_pi_flow.png
冗余,P2,媒体内容重复,正式区,11-模板/scripts/.chem_media/a79ea469cb1477666ee9dd98fe16137de8a0385fd373d2950c2fbf14d4dc3d91.png,184.8,,MD5=7c2be717b84c 同组4份 建议保留 a79ea469cb1477666ee9dd98fe16137de8a0385fd373d2950c2fbf14d4dc3d91.png
冗余,P2,媒体内容重复,正式区,11-模板/scripts/.chem_media/molecular_structure_toolchain.png,184.8,,MD5=7c2be717b84c 同组4份 建议保留 a79ea469cb1477666ee9dd98fe16137de8a0385fd373d2950c2fbf14d4dc3d91.png
冗余,P2,媒体内容重复,正式区,11-模板/scripts/.chem_media/分子结构预测工具链.流程图.png,184.8,,MD5=7c2be717b84c 同组4份 建议保留 a79ea469cb1477666ee9dd98fe16137de8a0385fd373d2950c2fbf14d4dc3d91.png
冗余,P2,媒体内容重复,正式区,媒体仓库/_待清理/_白边原图/a79ea469cb1477666ee9dd98fe16137de8a0385fd373d2950c2fbf14d4dc3d91.png,184.8,,MD5=7c2be717b84c 同组4份 建议保留 a79ea469cb1477666ee9dd98fe16137de8a0385fd373d2950c2fbf14d4dc3d91.png
冗余,P2,媒体内容重复,正式区,06-外部资料导入/真题/省预赛/images/2021-浙江预赛_p02.png,539.1,,MD5=ed50fbe7a199 同组2份 建议保留 2021-浙江预赛_p02.png
冗余,P2,媒体内容重复,正式区,媒体仓库/_待清理/_白边原图/2021-浙江预赛_p02.png,539.1,,MD5=ed50fbe7a199 同组2份 建议保留 2021-浙江预赛_p02.png
冗余,P2,媒体内容重复,正式区,11-模板/scripts/.chem_media/6722ec69b5afee970881b009d065824a289f064312fbf7264ee5183217cdd876.jpg,178.6,,MD5=f097b43f2568 同组4份 建议保留 6722ec69b5afee970881b009d065824a289f064312fbf7264ee5183217cdd876.jpg
冗余,P2,媒体内容重复,正式区,media/6722ec69b5afee970881b009d065824a289f064312fbf7264ee5183217cdd876.jpg,178.6,,MD5=f097b43f2568 同组4份 建议保留 6722ec69b5afee970881b009d065824a289f064312fbf7264ee5183217cdd876.jpg
冗余,P2,媒体内容重复,正式区,mineru/03-教材书籍/ABOC有机化学/ABOC202505_200-397_images/6722ec69b5afee970881b009d065824a289f064312fbf7264ee5183217cdd876.jpg,178.6,,MD5=f097b43f2568 同组4份 建议保留 6722ec69b5afee970881b009d065824a289f064312fbf7264ee5183217cdd876.jpg
冗余,P2,媒体内容重复,正式区,媒体仓库/6722ec69b5afee970881b009d065824a289f064312fbf7264ee5183217cdd876.jpg,178.6,,MD5=f097b43f2568 同组4份 建议保留 6722ec69b5afee970881b009d065824a289f064312fbf7264ee5183217cdd876.jpg
冗余,P2,媒体内容重复,噪音缓存,.workbuddy/tmp/mmd_out/ch3-04-合金主线.png,174.6,,MD5=f1fae181a4bd 同组4份 建议保留 ch3-04-合金主线.png
冗余,P2,媒体内容重复,噪音缓存,.workbuddy/tmp/mmd_out2/ch3-04-合金主线.png,174.6,,MD5=f1fae181a4bd 同组4份 建议保留 ch3-04-合金主线.png
冗余,P2,媒体内容重复,正式区,13-教案/必修一/概念图PNG/ch3-04-合金主线.png,174.6,,MD5=f1fae181a4bd 同组4份 建议保留 ch3-04-合金主线.png
冗余,P2,媒体内容重复,正式区,媒体仓库/2763efabe0fde747ae85ce18e1da73b69ce4368f4bfdf32bb3995e0038fb11d8.png,174.6,,MD5=f1fae181a4bd 同组4份 建议保留 ch3-04-合金主线.png
冗余,P2,媒体内容重复,正式区,06-学生侧材料/讲义/media/次级周期性因果链.causal-chain.png,260.0,,MD5=00399341406d 同组3份 建议保留 次级周期性因果链.causal-chain.png
冗余,P2,媒体内容重复,正式区,11-模板/scripts/.chem_media/secondary_periodicity_causal_chain.png,260.0,,MD5=00399341406d 同组3份 建议保留 次级周期性因果链.causal-chain.png
冗余,P2,媒体内容重复,正式区,11-模板/scripts/.chem_media/次级周期性因果链.causal-chain.png,260.0,,MD5=00399341406d 同组3份 建议保留 次级周期性因果链.causal-chain.png
冗余,P2,媒体内容重复,正式区,11-模板/scripts/.chem_media/hybridization_types.png,258.5,,MD5=049c0e4103e7 同组3份 建议保留 hybridization_types.png
冗余,P2,媒体内容重复,正式区,11-模板/scripts/.chem_media/img_23.png,258.5,,MD5=049c0e4103e7 同组3份 建议保留 hybridization_types.png
冗余,P2,媒体内容重复,正式区,11-模板/scripts/.chem_media/轨道杂化类型对比.关系图.png,258.5,,MD5=049c0e4103e7 同组3份 建议保留 hybridization_types.png
冗余,P2,媒体内容重复,正式区,06-外部资料导入/真题/省预赛/images/2023-浙江预赛_p03.png,503.7,,MD5=6827187c6513 同组2份 建议保留 2023-浙江预赛_p03.png
冗余,P2,媒体内容重复,正式区,媒体仓库/_待清理/_白边原图/2023-浙江预赛_p03.png,503.7,,MD5=6827187c6513 同组2份 建议保留 2023-浙江预赛_p03.png
冗余,P2,媒体内容重复,噪音缓存,.workbuddy/tmp/mmd_out/ch2-03-氯系转化网络.png,166.7,,MD5=728939bf84d3 同组4份 建议保留 ch2-03-氯系转化网络.png
冗余,P2,媒体内容重复,噪音缓存,.workbuddy/tmp/mmd_out2/ch2-03-氯系转化网络.png,166.7,,MD5=728939bf84d3 同组4份 建议保留 ch2-03-氯系转化网络.png
冗余,P2,媒体内容重复,正式区,13-教案/必修一/概念图PNG/ch2-03-氯系转化网络.png,166.7,,MD5=728939bf84d3 同组4份 建议保留 ch2-03-氯系转化网络.png
冗余,P2,媒体内容重复,正式区,媒体仓库/0af23b56668f528c3d3aea552edeb1ce4465e8297e027dfcba4286f2ec988982.png,166.7,,MD5=728939bf84d3 同组4份 建议保留 ch2-03-氯系转化网络.png
冗余,P2,媒体内容重复,正式区,11-模板/scripts/.chem_media/e87a6a311d6a8d0265b9ba1b6a279b3459e5a3e6c939aec5e6335b3eb8d89ce5.png,493.5,,MD5=ad1aff4f1ac3 同组2份 建议保留 e87a6a311d6a8d0265b9ba1b6a279b3459e5a3e6c939aec5e6335b3eb8d89ce5.png
冗余,P2,媒体内容重复,正式区,11-模板/scripts/.chem_media/ZnS.png,493.5,,MD5=ad1aff4f1ac3 同组2份 建议保留 e87a6a311d6a8d0265b9ba1b6a279b3459e5a3e6c939aec5e6335b3eb8d89ce5.png
冗余,P2,媒体内容重复,正式区,11-模板/scripts/.chem_media/zhao_vsepr_classification.jpg,161.7,,MD5=19d00b269a51 同组4份 建议保留 zhao_vsepr_classification.jpg
冗余,P2,媒体内容重复,正式区,media/zhao_vsepr_classification.jpg,161.7,,MD5=19d00b269a51 同组4份 建议保留 zhao_vsepr_classification.jpg
冗余,P2,媒体内容重复,正式区,媒体仓库/f7ecec56510099dcda777b286e70ec374261764e6c5f3e3181060a74409607ea.jpg,161.7,,MD5=19d00b269a51 同组4份 建议保留 zhao_vsepr_classification.jpg
冗余,P2,媒体内容重复,正式区,媒体仓库/zhao_vsepr_classification.jpg,161.7,,MD5=19d00b269a51 同组4份 建议保留 zhao_vsepr_classification.jpg
冗余,P2,媒体内容重复,正式区,06-外部资料导入/真题/省预赛/images/2021-浙江预赛_p05.png,481.9,,MD5=30eb0884be24 同组2份 建议保留 2021-浙江预赛_p05.png
冗余,P2,媒体内容重复,正式区,媒体仓库/_待清理/_白边原图/2021-浙江预赛_p05.png,481.9,,MD5=30eb0884be24 同组2份 建议保留 2021-浙江预赛_p05.png
冗余,P2,媒体内容重复,正式区,11-模板/scripts/.chem_media/点阵-结构基元-晶胞.关系图.png,231.0,,MD5=73596dc3ad24 同组3份 建议保留 点阵-结构基元-晶胞.关系图.png
冗余,P2,媒体内容重复,正式区,media/点阵-结构基元-晶胞.关系图.png,231.0,,MD5=73596dc3ad24 同组3份 建议保留 点阵-结构基元-晶胞.关系图.png
冗余,P2,媒体内容重复,正式区,媒体仓库/_待清理/_白边原图/92bb8f20db219218d2d4a05215e0a7d2cc3efbd46cd7d63becbec4cecd4b773e.png,231.0,,MD5=73596dc3ad24 同组3份 建议保留 点阵-结构基元-晶胞.关系图.png
冗余,P2,媒体内容重复,正式区,06-外部资料导入/真题/省预赛/images/2021-浙江预赛_p14.png,459.0,,MD5=9940b974eeef 同组2份 建议保留 2021-浙江预赛_p14.png
冗余,P2,媒体内容重复,正式区,媒体仓库/_待清理/_白边原图/2021-浙江预赛_p14.png,459.0,,MD5=9940b974eeef 同组2份 建议保留 2021-浙江预赛_p14.png
冗余,P2,媒体内容重复,正式区,11-模板/scripts/.chem_media/crystal_systems_unit_cells.jpg,227.7,,MD5=832de7d8aad8 同组3份 建议保留 crystal_systems_unit_cells.jpg
冗余,P2,媒体内容重复,正式区,media/crystal_systems_unit_cells.jpg,227.7,,MD5=832de7d8aad8 同组3份 建议保留 crystal_systems_unit_cells.jpg
冗余,P2,媒体内容重复,正式区,媒体仓库/crystal_systems_unit_cells.jpg,227.7,,MD5=832de7d8aad8 同组3份 建议保留 crystal_systems_unit_cells.jpg
冗余,P2,媒体内容重复,正式区,11-模板/scripts/.chem_media/11-21-radial-distribution-3s-3p-3d.jpg,150.1,,MD5=6aa594c677d3 同组4份 建议保留 11-21-radial-distribution-3s-3p-3d.jpg
冗余,P2,媒体内容重复,正式区,11-模板/scripts/.chem_media/12419464f546774b68364c0da1f96b0b031e06a7411001efba4aabddc149c9ec.jpg,150.1,,MD5=6aa594c677d3 同组4份 建议保留 11-21-radial-distribution-3s-3p-3d.jpg
冗余,P2,媒体内容重复,正式区,media/11-21-radial-distribution-3s-3p-3d.jpg,150.1,,MD5=6aa594c677d3 同组4份 建议保留 11-21-radial-distribution-3s-3p-3d.jpg
冗余,P2,媒体内容重复,正式区,媒体仓库/12419464f546774b68364c0da1f96b0b031e06a7411001efba4aabddc149c9ec.jpg,150.1,,MD5=6aa594c677d3 同组4份 建议保留 11-21-radial-distribution-3s-3p-3d.jpg
冗余,P2,媒体内容重复,正式区,11-模板/scripts/.chem_media/76751db1511d4104bb795965a85f61709af906277d6c0a4144fcc41d18ef1211.png,149.9,,MD5=2ce482944c06 同组4份 建议保留 76751db1511d4104bb795965a85f61709af906277d6c0a4144fcc41d18ef1211.png
冗余,P2,媒体内容重复,正式区,11-模板/scripts/.chem_media/图-七大晶系判定决策树.png,149.9,,MD5=2ce482944c06 同组4份 建议保留 76751db1511d4104bb795965a85f61709af906277d6c0a4144fcc41d18ef1211.png
冗余,P2,媒体内容重复,正式区,media/图-七大晶系判定决策树.png,149.9,,MD5=2ce482944c06 同组4份 建议保留 76751db1511d4104bb795965a85f61709af906277d6c0a4144fcc41d18ef1211.png
冗余,P2,媒体内容重复,正式区,媒体仓库/_待清理/_白边原图/76751db1511d4104bb795965a85f61709af906277d6c0a4144fcc41d18ef1211.png,149.9,,MD5=2ce482944c06 同组4份 建议保留 76751db1511d4104bb795965a85f61709af906277d6c0a4144fcc41d18ef1211.png
冗余,P2,媒体内容重复,正式区,11-模板/scripts/.chem_media/zgxg-ionic-crystal-classification.jpg,74.6,,MD5=cafd54fcb3bb 同组7份 建议保留 zgxg-ionic-crystal-classification.jpg
冗余,P2,媒体内容重复,正式区,11-模板/scripts/.chem_media/zhao_ionic_table_006d0054.jpg,74.6,,MD5=cafd54fcb3bb 同组7份 建议保留 zgxg-ionic-crystal-classification.jpg
冗余,P2,媒体内容重复,正式区,media/zgxg-ionic-crystal-classification.jpg,74.6,,MD5=cafd54fcb3bb 同组7份 建议保留 zgxg-ionic-crystal-classification.jpg
冗余,P2,媒体内容重复,正式区,media/zhao_ionic_table_006d0054.jpg,74.6,,MD5=cafd54fcb3bb 同组7份 建议保留 zgxg-ionic-crystal-classification.jpg
冗余,P2,媒体内容重复,正式区,媒体仓库/13dfd614e473d638a7435230c7827d5850751ccf77109f6ec482bc4518425d09.jpg,74.6,,MD5=cafd54fcb3bb 同组7份 建议保留 zgxg-ionic-crystal-classification.jpg
冗余,P2,媒体内容重复,正式区,媒体仓库/zgxg-ionic-crystal-classification.jpg,74.6,,MD5=cafd54fcb3bb 同组7份 建议保留 zgxg-ionic-crystal-classification.jpg
冗余,P2,媒体内容重复,正式区,媒体仓库/zhao_ionic_table_006d0054.jpg,74.6,,MD5=cafd54fcb3bb 同组7份 建议保留 zgxg-ionic-crystal-classification.jpg
冗余,P2,媒体内容重复,噪音缓存,.workbuddy/tmp/mmd_out/ch4-01-体系总览与位构性三角.png,148.1,,MD5=896bd1fec949 同组4份 建议保留 ch4-01-体系总览与位构性三角.png
冗余,P2,媒体内容重复,噪音缓存,.workbuddy/tmp/mmd_out2/ch4-01-体系总览与位构性三角.png,148.1,,MD5=896bd1fec949 同组4份 建议保留 ch4-01-体系总览与位构性三角.png
冗余,P2,媒体内容重复,正式区,13-教案/必修一/概念图PNG/ch4-01-体系总览与位构性三角.png,148.1,,MD5=896bd1fec949 同组4份 建议保留 ch4-01-体系总览与位构性三角.png
冗余,P2,媒体内容重复,正式区,媒体仓库/4d42c3b8bc7c6065a1dc9189d602e55d6f41e9e5a28e97aadb92046dab37af06.png,148.1,,MD5=896bd1fec949 同组4份 建议保留 ch4-01-体系总览与位构性三角.png
冗余,P2,媒体内容重复,正式区,06-学生侧材料/学生讲义/media/12-21-vsepr-ax5-ax6-molecular-geometries.jpg,73.4,,MD5=95c83d4e87ae 同组7份 建议保留 12-21-vsepr-ax5-ax6-molecular-geometries.jpg
冗余,P2,媒体内容重复,正式区,06-学生侧材料/讲义/media/12-21-vsepr-ax5-ax6-molecular-geometries.jpg,73.4,,MD5=95c83d4e87ae 同组7份 建议保留 12-21-vsepr-ax5-ax6-molecular-geometries.jpg
冗余,P2,媒体内容重复,正式区,06-学生侧材料/讲义/media/16592e9eba7fc1fbdb174cfddec9ef2b54d236c7f4d3eac3709fb87ff44939a7.jpg,73.4,,MD5=95c83d4e87ae 同组7份 建议保留 12-21-vsepr-ax5-ax6-molecular-geometries.jpg
冗余,P2,媒体内容重复,正式区,11-模板/scripts/.chem_media/12-21-vsepr-ax5-ax6-molecular-geometries.jpg,73.4,,MD5=95c83d4e87ae 同组7份 建议保留 12-21-vsepr-ax5-ax6-molecular-geometries.jpg
冗余,P2,媒体内容重复,正式区,media/12-21-vsepr-ax5-ax6-molecular-geometries.jpg,73.4,,MD5=95c83d4e87ae 同组7份 建议保留 12-21-vsepr-ax5-ax6-molecular-geometries.jpg
冗余,P2,媒体内容重复,正式区,mineru/03-教材书籍/普通化学原理（第4版）/普通化学原理第4版201-400_images/16592e9eba7fc1fbdb174cfddec9ef2b54d236c7f4d3eac3709fb87ff44939a7.jpg,73.4,,MD5=95c83d4e87ae 同组7份 建议保留 12-21-vsepr-ax5-ax6-molecular-geometries.jpg
冗余,P2,媒体内容重复,正式区,媒体仓库/504614eef1516a688f09743c97483afa41de05f036710fce110beae032087482.jpg,73.4,,MD5=95c83d4e87ae 同组7份 建议保留 12-21-vsepr-ax5-ax6-molecular-geometries.jpg
冗余,P2,媒体内容重复,正式区,11-模板/scripts/.chem_media/zgxg-rate-equations-summary.jpg,61.9,,MD5=3c171798cf16 同组8份 建议保留 zgxg-rate-equations-summary.jpg
冗余,P2,媒体内容重复,正式区,11-模板/scripts/.chem_media/zhao_ch351_redox_indicators.jpg,61.9,,MD5=3c171798cf16 同组8份 建议保留 zgxg-rate-equations-summary.jpg
冗余,P2,媒体内容重复,正式区,media/zgxg-rate-equations-summary.jpg,61.9,,MD5=3c171798cf16 同组8份 建议保留 zgxg-rate-equations-summary.jpg
冗余,P2,媒体内容重复,正式区,media/zhao_ch351_redox_indicators.jpg,61.9,,MD5=3c171798cf16 同组8份 建议保留 zgxg-rate-equations-summary.jpg
冗余,P2,媒体内容重复,正式区,媒体仓库/ae62a91af5838b145270f968473485c1f917e9df583e5de248e244f1a7f31f2d.jpg,61.9,,MD5=3c171798cf16 同组8份 建议保留 zgxg-rate-equations-summary.jpg
冗余,P2,媒体内容重复,正式区,媒体仓库/zgxg-rate-equations-summary.jpg,61.9,,MD5=3c171798cf16 同组8份 建议保留 zgxg-rate-equations-summary.jpg
冗余,P2,媒体内容重复,正式区,媒体仓库/zhao_ch351_redox_indicators.jpg,61.9,,MD5=3c171798cf16 同组8份 建议保留 zgxg-rate-equations-summary.jpg
冗余,P2,媒体内容重复,正式区,"高中化学竞赛笔记/高中化学竞赛基本理论学习笔记--赵鑫光--1,2017--吉林大学出版社--9787569212730-_351-482_images/ae62a91af5838b145270f968473485c1f917e9df583e5de248e244f1a7f31f2d.jpg",61.9,,MD5=3c171798cf16 同组8份 建议保留 zgxg-rate-equations-summary.jpg
冗余,P2,媒体内容重复,正式区,06-外部资料导入/真题/省预赛/images/2023-浙江预赛_p07.png,430.1,,MD5=ded249823cdf 同组2份 建议保留 2023-浙江预赛_p07.png
冗余,P2,媒体内容重复,正式区,媒体仓库/_待清理/_白边原图/2023-浙江预赛_p07.png,430.1,,MD5=ded249823cdf 同组2份 建议保留 2023-浙江预赛_p07.png
冗余,P2,媒体内容重复,正式区,06-学生侧材料/学生讲义/media/sigma-pi-bond-formation.jpg,71.3,,MD5=287345a8af2a 同组7份 建议保留 sigma-pi-bond-formation.jpg
冗余,P2,媒体内容重复,正式区,06-学生侧材料/讲义/media/sigma-pi-bond-formation.jpg,71.3,,MD5=287345a8af2a 同组7份 建议保留 sigma-pi-bond-formation.jpg
冗余,P2,媒体内容重复,正式区,11-模板/scripts/.chem_media/4e6352ef242f1d76b38cc1e2051c2d8ffde6e5578af7ec6ad4ac4465fadeac0e.jpg,71.3,,MD5=287345a8af2a 同组7份 建议保留 sigma-pi-bond-formation.jpg
冗余,P2,媒体内容重复,正式区,11-模板/scripts/.chem_media/sigma-pi-bond-formation.jpg,71.3,,MD5=287345a8af2a 同组7份 建议保留 sigma-pi-bond-formation.jpg
冗余,P2,媒体内容重复,正式区,media/sigma-pi-bond-formation.jpg,71.3,,MD5=287345a8af2a 同组7份 建议保留 sigma-pi-bond-formation.jpg
冗余,P2,媒体内容重复,正式区,mineru/03-教材书籍/普通化学原理（第4版）/普通化学原理第4版201-400_images/2cda1b90cbc65335da26e683a1a65fde48a264eeaadca7144aee34e812615a00.jpg,71.3,,MD5=287345a8af2a 同组7份 建议保留 sigma-pi-bond-formation.jpg
冗余,P2,媒体内容重复,正式区,媒体仓库/4e6352ef242f1d76b38cc1e2051c2d8ffde6e5578af7ec6ad4ac4465fadeac0e.jpg,71.3,,MD5=287345a8af2a 同组7份 建议保留 sigma-pi-bond-formation.jpg
冗余,P2,媒体内容重复,噪音缓存,.workbuddy/tmp/mmd_out/ch3-07-体系关联.png,141.8,,MD5=f17b8890c6e7 同组4份 建议保留 ch3-07-体系关联.png
冗余,P2,媒体内容重复,噪音缓存,.workbuddy/tmp/mmd_out2/ch3-07-体系关联.png,141.8,,MD5=f17b8890c6e7 同组4份 建议保留 ch3-07-体系关联.png
冗余,P2,媒体内容重复,正式区,13-教案/必修一/概念图PNG/ch3-07-体系关联.png,141.8,,MD5=f17b8890c6e7 同组4份 建议保留 ch3-07-体系关联.png
冗余,P2,媒体内容重复,正式区,媒体仓库/_待清理/_白边原图/52b38a6806f55e50bfa26f79b9ff8123150e3b85b2df9ad400a8aed087050f88.png,141.8,,MD5=f17b8890c6e7 同组4份 建议保留 ch3-07-体系关联.png
冗余,P2,媒体内容重复,正式区,11-模板/scripts/.chem_media/coordination-polyhedra-comparison.jpg,416.4,,MD5=f0f28c4f661a 同组2份 建议保留 coordination-polyhedra-comparison.jpg
冗余,P2,媒体内容重复,正式区,media/coordination-polyhedra-comparison.jpg,416.4,,MD5=f0f28c4f661a 同组2份 建议保留 coordination-polyhedra-comparison.jpg
冗余,P2,媒体内容重复,噪音缓存,.workbuddy/tmp/mmd_out/ch1-01-体系总览.png,102.5,,MD5=76174474bd43 同组5份 建议保留 ch1-01-体系总览.png
冗余,P2,媒体内容重复,噪音缓存,.workbuddy/tmp/mmd_out/ch1-01.png,102.5,,MD5=76174474bd43 同组5份 建议保留 ch1-01-体系总览.png
冗余,P2,媒体内容重复,噪音缓存,.workbuddy/tmp/mmd_out2/ch1-01-体系总览.png,102.5,,MD5=76174474bd43 同组5份 建议保留 ch1-01-体系总览.png
冗余,P2,媒体内容重复,正式区,13-教案/必修一/概念图PNG/ch1-01-体系总览.png,102.5,,MD5=76174474bd43 同组5份 建议保留 ch1-01-体系总览.png
冗余,P2,媒体内容重复,正式区,媒体仓库/_待清理/_白边原图/2d92523dfe63ede1e114bbb20c5eb2c06991e8f875afa23c7a0ac51438e1cf26.png,102.5,,MD5=76174474bd43 同组5份 建议保留 ch1-01-体系总览.png
冗余,P2,媒体内容重复,正式区,06-学生侧材料/学生讲义/media/activation-energy-reaction-coordinate.jpg,201.0,,MD5=fffb7ea57717 同组3份 建议保留 activation-energy-reaction-coordinate.jpg
冗余,P2,媒体内容重复,正式区,06-学生侧材料/讲义/media/activation-energy-reaction-coordinate.jpg,201.0,,MD5=fffb7ea57717 同组3份 建议保留 activation-energy-reaction-coordinate.jpg
冗余,P2,媒体内容重复,正式区,媒体仓库/b65ca80cb864871feb5ed80b7804c174484dc908169866d06e07008e3be7a0d6.jpg,201.0,,MD5=fffb7ea57717 同组3份 建议保留 activation-energy-reaction-coordinate.jpg
冗余,P2,媒体内容重复,正式区,06-外部资料导入/真题/省预赛/images/2021-浙江预赛_p07.png,401.3,,MD5=2b69344fc129 同组2份 建议保留 2021-浙江预赛_p07.png
冗余,P2,媒体内容重复,正式区,媒体仓库/_待清理/_白边原图/2021-浙江预赛_p07.png,401.3,,MD5=2b69344fc129 同组2份 建议保留 2021-浙江预赛_p07.png
冗余,P2,媒体内容重复,正式区,06-外部资料导入/真题/省预赛/images/2021-浙江预赛_p08.png,401.0,,MD5=e3ab4e527240 同组2份 建议保留 2021-浙江预赛_p08.png
冗余,P2,媒体内容重复,正式区,媒体仓库/_待清理/_白边原图/2021-浙江预赛_p08.png,401.0,,MD5=e3ab4e527240 同组2份 建议保留 2021-浙江预赛_p08.png
冗余,P2,媒体内容重复,正式区,06-外部资料导入/真题/省预赛/images/2022-浙江预赛_p02.png,400.8,,MD5=2ffc5cb674fc 同组2份 建议保留 2022-浙江预赛_p02.png
冗余,P2,媒体内容重复,正式区,媒体仓库/_待清理/_白边原图/2022-浙江预赛_p02.png,400.8,,MD5=2ffc5cb674fc 同组2份 建议保留 2022-浙江预赛_p02.png
冗余,P2,媒体内容重复,噪音缓存,.workbuddy/tmp/mmd_out/ch3-01-体系总览.png,131.7,,MD5=8d965c9c1fe5 同组4份 建议保留 ch3-01-体系总览.png
冗余,P2,媒体内容重复,噪音缓存,.workbuddy/tmp/mmd_out2/ch3-01-体系总览.png,131.7,,MD5=8d965c9c1fe5 同组4份 建议保留 ch3-01-体系总览.png
冗余,P2,媒体内容重复,正式区,13-教案/必修一/概念图PNG/ch3-01-体系总览.png,131.7,,MD5=8d965c9c1fe5 同组4份 建议保留 ch3-01-体系总览.png
冗余,P2,媒体内容重复,正式区,媒体仓库/_待清理/_白边原图/6e1ceb2d3054f5360d357d84b107399e09fe4f956e1e5d1d035ac75cdfdc15dc.png,131.7,,MD5=8d965c9c1fe5 同组4份 建议保留 ch3-01-体系总览.png
冗余,P2,媒体内容重复,正式区,06-学生侧材料/学生讲义/media/13-2c-crystal-structure-to-lattice-abstraction.jpg,32.9,,MD5=7ee8eab692c4 同组13份 建议保留 13-2c-crystal-structure-to-lattice-abstraction.jpg
冗余,P2,媒体内容重复,正式区,06-学生侧材料/学生讲义/media/spatial-lattice.jpg,32.9,,MD5=7ee8eab692c4 同组13份 建议保留 13-2c-crystal-structure-to-lattice-abstraction.jpg
冗余,P2,媒体内容重复,正式区,06-学生侧材料/讲义/media/13-2c-crystal-structure-to-lattice-abstraction.jpg,32.9,,MD5=7ee8eab692c4 同组13份 建议保留 13-2c-crystal-structure-to-lattice-abstraction.jpg
冗余,P2,媒体内容重复,正式区,06-学生侧材料/讲义/media/3ce9e74bd5327c164e55420d6e7229949ab36b29829081c0641ca413176071af.jpg,32.9,,MD5=7ee8eab692c4 同组13份 建议保留 13-2c-crystal-structure-to-lattice-abstraction.jpg
冗余,P2,媒体内容重复,正式区,06-学生侧材料/讲义/media/spatial-lattice.jpg,32.9,,MD5=7ee8eab692c4 同组13份 建议保留 13-2c-crystal-structure-to-lattice-abstraction.jpg
冗余,P2,媒体内容重复,正式区,11-模板/scripts/.chem_media/13-2c-crystal-structure-to-lattice-abstraction.jpg,32.9,,MD5=7ee8eab692c4 同组13份 建议保留 13-2c-crystal-structure-to-lattice-abstraction.jpg
冗余,P2,媒体内容重复,正式区,11-模板/scripts/.chem_media/5012a9d054c7cacd77bdf189b3adae98bfe6f6bd43fcdd0cb0a16b64fa434a54.jpg,32.9,,MD5=7ee8eab692c4 同组13份 建议保留 13-2c-crystal-structure-to-lattice-abstraction.jpg
冗余,P2,媒体内容重复,正式区,11-模板/scripts/.chem_media/puha-space-lattice-diagram.jpg,32.9,,MD5=7ee8eab692c4 同组13份 建议保留 13-2c-crystal-structure-to-lattice-abstraction.jpg
冗余,P2,媒体内容重复,正式区,11-模板/scripts/.chem_media/spatial-lattice.jpg,32.9,,MD5=7ee8eab692c4 同组13份 建议保留 13-2c-crystal-structure-to-lattice-abstraction.jpg
冗余,P2,媒体内容重复,正式区,media/puha-space-lattice-diagram.jpg,32.9,,MD5=7ee8eab692c4 同组13份 建议保留 13-2c-crystal-structure-to-lattice-abstraction.jpg
冗余,P2,媒体内容重复,正式区,media/spatial-lattice.jpg,32.9,,MD5=7ee8eab692c4 同组13份 建议保留 13-2c-crystal-structure-to-lattice-abstraction.jpg
冗余,P2,媒体内容重复,正式区,mineru/03-教材书籍/普通化学原理（第4版）/普通化学原理第4版201-400_images/3ce9e74bd5327c164e55420d6e7229949ab36b29829081c0641ca413176071af.jpg,32.9,,MD5=7ee8eab692c4 同组13份 建议保留 13-2c-crystal-structure-to-lattice-abstraction.jpg
冗余,P2,媒体内容重复,正式区,媒体仓库/5012a9d054c7cacd77bdf189b3adae98bfe6f6bd43fcdd0cb0a16b64fa434a54.jpg,32.9,,MD5=7ee8eab692c4 同组13份 建议保留 13-2c-crystal-structure-to-lattice-abstraction.jpg
冗余,P2,媒体内容重复,正式区,06-学生侧材料/学生讲义/media/acetal-protection-cyclohexanone.png,96.6,,MD5=7afcf46aa24f 同组5份 建议保留 acetal-protection-cyclohexanone.png
冗余,P2,媒体内容重复,正式区,06-学生侧材料/讲义/media/acetal-protection-cyclohexanone.png,96.6,,MD5=7afcf46aa24f 同组5份 建议保留 acetal-protection-cyclohexanone.png
冗余,P2,媒体内容重复,正式区,11-模板/scripts/.chem_media/acetal-protection-cyclohexanone.png,96.6,,MD5=7afcf46aa24f 同组5份 建议保留 acetal-protection-cyclohexanone.png
冗余,P2,媒体内容重复,正式区,media/acetal-protection-cyclohexanone.png,96.6,,MD5=7afcf46aa24f 同组5份 建议保留 acetal-protection-cyclohexanone.png
冗余,P2,媒体内容重复,正式区,媒体仓库/_待清理/_白边原图/acetal-protection-cyclohexanone.png,96.6,,MD5=7afcf46aa24f 同组5份 建议保留 acetal-protection-cyclohexanone.png
冗余,P2,媒体内容重复,正式区,06-外部资料导入/真题/省预赛/images/2023-浙江预赛_p08.png,385.8,,MD5=0121cdae8dd5 同组2份 建议保留 2023-浙江预赛_p08.png
冗余,P2,媒体内容重复,正式区,媒体仓库/_待清理/_白边原图/2023-浙江预赛_p08.png,385.8,,MD5=0121cdae8dd5 同组2份 建议保留 2023-浙江预赛_p08.png
冗余,P2,媒体内容重复,正式区,06-外部资料导入/真题/省预赛/images/2022-浙江预赛_p08.png,381.6,,MD5=ba769e4fcf0f 同组2份 建议保留 2022-浙江预赛_p08.png
冗余,P2,媒体内容重复,正式区,媒体仓库/_待清理/_白边原图/2022-浙江预赛_p08.png,381.6,,MD5=ba769e4fcf0f 同组2份 建议保留 2022-浙江预赛_p08.png
冗余,P2,媒体内容重复,正式区,06-外部资料导入/真题/省预赛/images/2022-浙江预赛_p05.png,377.1,,MD5=8f5d212dab71 同组2份 建议保留 2022-浙江预赛_p05.png
冗余,P2,媒体内容重复,正式区,媒体仓库/_待清理/_白边原图/2022-浙江预赛_p05.png,377.1,,MD5=8f5d212dab71 同组2份 建议保留 2022-浙江预赛_p05.png
冗余,P2,媒体内容重复,正式区,06-外部资料导入/真题/省预赛/images/2022-浙江预赛_p14.png,375.0,,MD5=f75ecca668ba 同组2份 建议保留 2022-浙江预赛_p14.png
冗余,P2,媒体内容重复,正式区,媒体仓库/_待清理/_白边原图/2022-浙江预赛_p14.png,375.0,,MD5=f75ecca668ba 同组2份 建议保留 2022-浙江预赛_p14.png
冗余,P2,媒体内容重复,正式区,06-外部资料导入/真题/省预赛/images/2021-浙江预赛_p03.png,373.2,,MD5=9d7f90c9fc58 同组2份 建议保留 2021-浙江预赛_p03.png
冗余,P2,媒体内容重复,正式区,媒体仓库/_待清理/_白边原图/2021-浙江预赛_p03.png,373.2,,MD5=9d7f90c9fc58 同组2份 建议保留 2021-浙江预赛_p03.png
冗余,P2,媒体内容重复,正式区,06-外部资料导入/OCR/北斗化学试题/2026化学-大联考二-参考答案1_images/7e0a816e1bfda28b809ee866efe9c2793ef3af099117ffc94ab2f6b1bd10e4e8.jpg,372.8,,MD5=bbb52b8df132 同组2份 建议保留 7e0a816e1bfda28b809ee866efe9c2793ef3af099117ffc94ab2f6b1bd10e4e8.jpg
冗余,P2,媒体内容重复,正式区,媒体仓库/7e0a816e1bfda28b809ee866efe9c2793ef3af099117ffc94ab2f6b1bd10e4e8.jpg,372.8,,MD5=bbb52b8df132 同组2份 建议保留 7e0a816e1bfda28b809ee866efe9c2793ef3af099117ffc94ab2f6b1bd10e4e8.jpg
冗余,P2,媒体内容重复,正式区,06-外部资料导入/真题/省预赛/images/2022-浙江预赛_p13.png,372.4,,MD5=e8c545a49d2b 同组2份 建议保留 2022-浙江预赛_p13.png
冗余,P2,媒体内容重复,正式区,媒体仓库/_待清理/_白边原图/2022-浙江预赛_p13.png,372.4,,MD5=e8c545a49d2b 同组2份 建议保留 2022-浙江预赛_p13.png
冗余,P2,媒体内容重复,正式区,11-模板/scripts/.chem_media/zhao_band_theory.jpg,93.0,,MD5=3470358721a6 同组5份 建议保留 zhao_band_theory.jpg
冗余,P2,媒体内容重复,正式区,media/zhao_band_theory.jpg,93.0,,MD5=3470358721a6 同组5份 建议保留 zhao_band_theory.jpg
冗余,P2,媒体内容重复,正式区,媒体仓库/ae39a06ad4563fa40be7759175a0ec2e2b7a71d2d1c63ba2197c536f22a8dd57.jpg,93.0,,MD5=3470358721a6 同组5份 建议保留 zhao_band_theory.jpg
冗余,P2,媒体内容重复,正式区,媒体仓库/zhao_band_theory.jpg,93.0,,MD5=3470358721a6 同组5份 建议保留 zhao_band_theory.jpg
冗余,P2,媒体内容重复,正式区,"高中化学竞赛笔记/高中化学竞赛基本理论学习笔记--赵鑫光--1,2017--吉林大学出版社--9787569212730-_1-199_images/ae39a06ad4563fa40be7759175a0ec2e2b7a71d2d1c63ba2197c536f22a8dd57.jpg",93.0,,MD5=3470358721a6 同组5份 建议保留 zhao_band_theory.jpg
冗余,P2,媒体内容重复,正式区,11-模板/scripts/.chem_media/zhao_ch351_acid_base_indicators.jpg,92.8,,MD5=7c4f02ad55ba 同组5份 建议保留 zhao_ch351_acid_base_indicators.jpg
冗余,P2,媒体内容重复,正式区,media/zhao_ch351_acid_base_indicators.jpg,92.8,,MD5=7c4f02ad55ba 同组5份 建议保留 zhao_ch351_acid_base_indicators.jpg
冗余,P2,媒体内容重复,正式区,媒体仓库/7a866df080a2538d9931b2929ae05d5636d21f819250c664b1425183487b3bfc.jpg,92.8,,MD5=7c4f02ad55ba 同组5份 建议保留 zhao_ch351_acid_base_indicators.jpg
冗余,P2,媒体内容重复,正式区,媒体仓库/zhao_ch351_acid_base_indicators.jpg,92.8,,MD5=7c4f02ad55ba 同组5份 建议保留 zhao_ch351_acid_base_indicators.jpg
冗余,P2,媒体内容重复,正式区,"高中化学竞赛笔记/高中化学竞赛基本理论学习笔记--赵鑫光--1,2017--吉林大学出版社--9787569212730-_351-482_images/7a866df080a2538d9931b2929ae05d5636d21f819250c664b1425183487b3bfc.jpg",92.8,,MD5=7c4f02ad55ba 同组5份 建议保留 zhao_ch351_acid_base_indicators.jpg
冗余,P2,媒体内容重复,正式区,06-外部资料导入/无机化学Weller/无机化学第6版Welle19-21章_images/03015caba402be2fbe4e2af8fe5787a0c2e909b8b7eb3f2ce8f92a49c1adebd4.jpg,123.7,,MD5=203690b68474 同组4份 建议保留 03015caba402be2fbe4e2af8fe5787a0c2e909b8b7eb3f2ce8f92a49c1adebd4.jpg
冗余,P2,媒体内容重复,正式区,mineru/03-教材书籍/无机化学第6版Weller/无机化学第6版Weller/无机化学第6版Welle19-21章_images/03015caba402be2fbe4e2af8fe5787a0c2e909b8b7eb3f2ce8f92a49c1adebd4.jpg,123.7,,MD5=203690b68474 同组4份 建议保留 03015caba402be2fbe4e2af8fe5787a0c2e909b8b7eb3f2ce8f92a49c1adebd4.jpg
冗余,P2,媒体内容重复,正式区,mineru/03-教材书籍/无机化学第6版Weller/无机化学第6版Weller/无机化学第6版副族金属有机565-748_images/c9959a2ac84d6bb7e8d0ca5db2c8575ae580d4c0a54cd3479b07254fa475f403.jpg,123.7,,MD5=203690b68474 同组4份 建议保留 03015caba402be2fbe4e2af8fe5787a0c2e909b8b7eb3f2ce8f92a49c1adebd4.jpg
冗余,P2,媒体内容重复,正式区,媒体仓库/03015caba402be2fbe4e2af8fe5787a0c2e909b8b7eb3f2ce8f92a49c1adebd4.jpg,123.7,,MD5=203690b68474 同组4份 建议保留 03015caba402be2fbe4e2af8fe5787a0c2e909b8b7eb3f2ce8f92a49c1adebd4.jpg
冗余,P2,媒体内容重复,正式区,06-外部资料导入/真题/省预赛/images/2022-浙江预赛_p06.png,370.3,,MD5=8e14cc3b0221 同组2份 建议保留 2022-浙江预赛_p06.png
冗余,P2,媒体内容重复,正式区,媒体仓库/_待清理/_白边原图/2022-浙江预赛_p06.png,370.3,,MD5=8e14cc3b0221 同组2份 建议保留 2022-浙江预赛_p06.png
冗余,P2,媒体内容重复,正式区,06-外部资料导入/真题/省预赛/images/2021-浙江预赛_p10.png,369.3,,MD5=7c8cc2c734f7 同组2份 建议保留 2021-浙江预赛_p10.png
冗余,P2,媒体内容重复,正式区,媒体仓库/_待清理/_白边原图/2021-浙江预赛_p10.png,369.3,,MD5=7c8cc2c734f7 同组2份 建议保留 2021-浙江预赛_p10.png
冗余,P2,媒体内容重复,正式区,06-外部资料导入/真题/省预赛/images/2023-浙江预赛_p06.png,367.7,,MD5=cb07dc537dc0 同组2份 建议保留 2023-浙江预赛_p06.png
冗余,P2,媒体内容重复,正式区,媒体仓库/_待清理/_白边原图/2023-浙江预赛_p06.png,367.7,,MD5=cb07dc537dc0 同组2份 建议保留 2023-浙江预赛_p06.png
冗余,P2,媒体内容重复,正式区,06-外部资料导入/真题/省预赛/images/2022-浙江预赛_p07.png,362.2,,MD5=d257014fc086 同组2份 建议保留 2022-浙江预赛_p07.png
冗余,P2,媒体内容重复,正式区,媒体仓库/_待清理/_白边原图/2022-浙江预赛_p07.png,362.2,,MD5=d257014fc086 同组2份 建议保留 2022-浙江预赛_p07.png
冗余,P2,媒体内容重复,正式区,06-外部资料导入/真题/省预赛/images/2022-浙江预赛_p09.png,361.8,,MD5=db33247208f0 同组2份 建议保留 2022-浙江预赛_p09.png
冗余,P2,媒体内容重复,正式区,媒体仓库/_待清理/_白边原图/2022-浙江预赛_p09.png,361.8,,MD5=db33247208f0 同组2份 建议保留 2022-浙江预赛_p09.png
冗余,P2,媒体内容重复,正式区,11-模板/scripts/.chem_media/abbea513d5a3bcdcdbfe84a38ef9d8ad67ac214951e768db1cc9f1d0fc2b0612.jpg,120.2,,MD5=b44a0350a2fa 同组4份 建议保留 abbea513d5a3bcdcdbfe84a38ef9d8ad67ac214951e768db1cc9f1d0fc2b0612.jpg
冗余,P2,媒体内容重复,正式区,11-模板/scripts/.chem_media/bohr_energy_levels.jpg,120.2,,MD5=b44a0350a2fa 同组4份 建议保留 abbea513d5a3bcdcdbfe84a38ef9d8ad67ac214951e768db1cc9f1d0fc2b0612.jpg
冗余,P2,媒体内容重复,正式区,media/bohr_energy_levels.jpg,120.2,,MD5=b44a0350a2fa 同组4份 建议保留 abbea513d5a3bcdcdbfe84a38ef9d8ad67ac214951e768db1cc9f1d0fc2b0612.jpg
冗余,P2,媒体内容重复,正式区,媒体仓库/abbea513d5a3bcdcdbfe84a38ef9d8ad67ac214951e768db1cc9f1d0fc2b0612.jpg,120.2,,MD5=b44a0350a2fa 同组4份 建议保留 abbea513d5a3bcdcdbfe84a38ef9d8ad67ac214951e768db1cc9f1d0fc2b0612.jpg
冗余,P2,媒体内容重复,正式区,人教版初中化学教材/义务教育教科书·化学九年级上册_images/3fee2ca77680af2960ce55826d313787e56d7b7e1f4a3072cb6a030e6d96aaf3.jpg,360.6,,MD5=1935377edbbf 同组2份 建议保留 3fee2ca77680af2960ce55826d313787e56d7b7e1f4a3072cb6a030e6d96aaf3.jpg
冗余,P2,媒体内容重复,正式区,人教版初中化学教材/义务教育教科书·化学九年级下册_images/65d8927ead72f0db503bcb37ad5e78a005903f2d17e84656baf78cea92073b79.jpg,360.6,,MD5=1935377edbbf 同组2份 建议保留 3fee2ca77680af2960ce55826d313787e56d7b7e1f4a3072cb6a030e6d96aaf3.jpg
冗余,P2,媒体内容重复,正式区,11-模板/scripts/.chem_media/atomic-orbital-shapes-spd.jpg,359.8,,MD5=7a657c736b7f 同组2份 建议保留 atomic-orbital-shapes-spd.jpg
冗余,P2,媒体内容重复,正式区,media/atomic-orbital-shapes-spd.jpg,359.8,,MD5=7a657c736b7f 同组2份 建议保留 atomic-orbital-shapes-spd.jpg
冗余,P2,媒体内容重复,噪音缓存,.workbuddy/tmp/mmd_out2/ch2-02-钠系转化网络.png,174.5,,MD5=6b59fafde39c 同组3份 建议保留 ch2-02-钠系转化网络.png
冗余,P2,媒体内容重复,正式区,13-教案/必修一/概念图PNG/ch2-02-钠系转化网络.png,174.5,,MD5=6b59fafde39c 同组3份 建议保留 ch2-02-钠系转化网络.png
冗余,P2,媒体内容重复,正式区,媒体仓库/59022037df2aa9bbf48b2902ee9989868166589aef4370e601ba1302397e4584.png,174.5,,MD5=6b59fafde39c 同组3份 建议保留 ch2-02-钠系转化网络.png
冗余,P2,媒体内容重复,噪音缓存,.workbuddy/tmp/svgtest/00_peptide-bond_out.png,86.0,,MD5=6fd248d890d7 同组5份 建议保留 peptide-bond.png
冗余,P2,媒体内容重复,正式区,06-学生侧材料/学生讲义/media/peptide-bond.png,86.0,,MD5=6fd248d890d7 同组5份 建议保留 peptide-bond.png
冗余,P2,媒体内容重复,正式区,06-学生侧材料/讲义/media/peptide-bond.png,86.0,,MD5=6fd248d890d7 同组5份 建议保留 peptide-bond.png
冗余,P2,媒体内容重复,正式区,11-模板/scripts/.chem_media/peptide-bond.png,86.0,,MD5=6fd248d890d7 同组5份 建议保留 peptide-bond.png
冗余,P2,媒体内容重复,正式区,媒体仓库/_待清理/_白边原图/141419b5017078dbec3f7bf91148bd2ad886ac05b8206a10d0a4d3e7f80f008c.png,86.0,,MD5=6fd248d890d7 同组5份 建议保留 peptide-bond.png
冗余,P2,媒体内容重复,正式区,11-模板/scripts/.chem_media/3d9b7ea39f05416f0691bcc4b3988d4d7f297495e226ec02dfb781a61fe55bd6.png,171.4,,MD5=f8cbcb15957a 同组3份 建议保留 3d9b7ea39f05416f0691bcc4b3988d4d7f297495e226ec02dfb781a61fe55bd6.png
冗余,P2,媒体内容重复,正式区,11-模板/scripts/.chem_media/hydrogen-series-transition-diagram.png,171.4,,MD5=f8cbcb15957a 同组3份 建议保留 3d9b7ea39f05416f0691bcc4b3988d4d7f297495e226ec02dfb781a61fe55bd6.png
冗余,P2,媒体内容重复,正式区,媒体仓库/_待清理/_白边原图/3d9b7ea39f05416f0691bcc4b3988d4d7f297495e226ec02dfb781a61fe55bd6.png,171.4,,MD5=f8cbcb15957a 同组3份 建议保留 3d9b7ea39f05416f0691bcc4b3988d4d7f297495e226ec02dfb781a61fe55bd6.png
冗余,P2,媒体内容重复,正式区,06-学生侧材料/学生讲义/media/12-7a-hybrid-orbital-formation-sp-sp2-sp3.jpg,34.2,,MD5=5dc97a048ae2 同组11份 建议保留 12-7a-hybrid-orbital-formation-sp-sp2-sp3.jpg
冗余,P2,媒体内容重复,正式区,06-学生侧材料/讲义/media/086b4c547458c31b9040303e7197616d0a09879c064d9d313d5e1a9c0a2e9c1c.jpg,34.2,,MD5=5dc97a048ae2 同组11份 建议保留 12-7a-hybrid-orbital-formation-sp-sp2-sp3.jpg
冗余,P2,媒体内容重复,正式区,06-学生侧材料/讲义/media/12-7a-hybrid-orbital-formation-sp-sp2-sp3.jpg,34.2,,MD5=5dc97a048ae2 同组11份 建议保留 12-7a-hybrid-orbital-formation-sp-sp2-sp3.jpg
冗余,P2,媒体内容重复,正式区,11-模板/scripts/.chem_media/12-7a-hybrid-orbital-formation-sp-sp2-sp3.jpg,34.2,,MD5=5dc97a048ae2 同组11份 建议保留 12-7a-hybrid-orbital-formation-sp-sp2-sp3.jpg
冗余,P2,媒体内容重复,正式区,11-模板/scripts/.chem_media/puha-12-7b-bcl3-sp2.jpg,34.2,,MD5=5dc97a048ae2 同组11份 建议保留 12-7a-hybrid-orbital-formation-sp-sp2-sp3.jpg
冗余,P2,媒体内容重复,正式区,11-模板/scripts/.chem_media/puha-sp2-hybridization.jpg,34.2,,MD5=5dc97a048ae2 同组11份 建议保留 12-7a-hybrid-orbital-formation-sp-sp2-sp3.jpg
冗余,P2,媒体内容重复,正式区,media/12-7a-hybrid-orbital-formation-sp-sp2-sp3.jpg,34.2,,MD5=5dc97a048ae2 同组11份 建议保留 12-7a-hybrid-orbital-formation-sp-sp2-sp3.jpg
冗余,P2,媒体内容重复,正式区,media/puha-12-7b-bcl3-sp2.jpg,34.2,,MD5=5dc97a048ae2 同组11份 建议保留 12-7a-hybrid-orbital-formation-sp-sp2-sp3.jpg
冗余,P2,媒体内容重复,正式区,media/puha-sp2-hybridization.jpg,34.2,,MD5=5dc97a048ae2 同组11份 建议保留 12-7a-hybrid-orbital-formation-sp-sp2-sp3.jpg
冗余,P2,媒体内容重复,正式区,mineru/03-教材书籍/普通化学原理（第4版）/普通化学原理第4版201-400_images/086b4c547458c31b9040303e7197616d0a09879c064d9d313d5e1a9c0a2e9c1c.jpg,34.2,,MD5=5dc97a048ae2 同组11份 建议保留 12-7a-hybrid-orbital-formation-sp-sp2-sp3.jpg
冗余,P2,媒体内容重复,正式区,媒体仓库/288591e7970514765c2433b04af147e60ba0c0b78d2837514a92c2e33d38d6a0.jpg,34.2,,MD5=5dc97a048ae2 同组11份 建议保留 12-7a-hybrid-orbital-formation-sp-sp2-sp3.jpg
冗余,P2,媒体内容重复,正式区,06-外部资料导入/真题/省预赛/images/2022-浙江预赛_p04.png,340.8,,MD5=a7d9564b466f 同组2份 建议保留 2022-浙江预赛_p04.png
冗余,P2,媒体内容重复,正式区,媒体仓库/_待清理/_白边原图/2022-浙江预赛_p04.png,340.8,,MD5=a7d9564b466f 同组2份 建议保留 2022-浙江预赛_p04.png
冗余,P2,媒体内容重复,正式区,04-课件/新授课/res/5_Pauling能级图.jpg,33.8,,MD5=454b1618a1f6 同组11份 建议保留 5_Pauling能级图.jpg
冗余,P2,媒体内容重复,正式区,06-学生侧材料/学生讲义/media/11-19-pauling-energy-levels.jpg,33.8,,MD5=454b1618a1f6 同组11份 建议保留 5_Pauling能级图.jpg
冗余,P2,媒体内容重复,正式区,06-学生侧材料/讲义/media/11-19-pauling-energy-levels.jpg,33.8,,MD5=454b1618a1f6 同组11份 建议保留 5_Pauling能级图.jpg
冗余,P2,媒体内容重复,正式区,11-模板/scripts/.chem_media/11-19-pauling-energy-levels.jpg,33.8,,MD5=454b1618a1f6 同组11份 建议保留 5_Pauling能级图.jpg
冗余,P2,媒体内容重复,正式区,11-模板/scripts/.chem_media/56505a6461dac8222738c663854ba160d8101fd56bde2b456b3b690b83d1bb6e.jpg,33.8,,MD5=454b1618a1f6 同组11份 建议保留 5_Pauling能级图.jpg
冗余,P2,媒体内容重复,正式区,11-模板/scripts/.chem_media/aufbau.jpg,33.8,,MD5=454b1618a1f6 同组11份 建议保留 5_Pauling能级图.jpg
冗余,P2,媒体内容重复,正式区,11-模板/scripts/.chem_media/puha-pauling-approximate-energy-levels.jpg,33.8,,MD5=454b1618a1f6 同组11份 建议保留 5_Pauling能级图.jpg
冗余,P2,媒体内容重复,正式区,media/aufbau.jpg,33.8,,MD5=454b1618a1f6 同组11份 建议保留 5_Pauling能级图.jpg
冗余,P2,媒体内容重复,正式区,media/puha-pauling-approximate-energy-levels.jpg,33.8,,MD5=454b1618a1f6 同组11份 建议保留 5_Pauling能级图.jpg
冗余,P2,媒体内容重复,正式区,mineru/03-教材书籍/普通化学原理（第4版）/普通化学原理第4版201-400_images/38a9ad05bc846cd170dc155e12d4cd47cace2110dd57cd5a5ebc3d190c50c7a1.jpg,33.8,,MD5=454b1618a1f6 同组11份 建议保留 5_Pauling能级图.jpg
冗余,P2,媒体内容重复,正式区,媒体仓库/56505a6461dac8222738c663854ba160d8101fd56bde2b456b3b690b83d1bb6e.jpg,33.8,,MD5=454b1618a1f6 同组11份 建议保留 5_Pauling能级图.jpg
冗余,P2,媒体内容重复,正式区,11-模板/scripts/.chem_media/zhao_ch351_buffer_solutions.jpg,83.9,,MD5=dd0dd3ff6533 同组5份 建议保留 zhao_ch351_buffer_solutions.jpg
冗余,P2,媒体内容重复,正式区,media/zhao_ch351_buffer_solutions.jpg,83.9,,MD5=dd0dd3ff6533 同组5份 建议保留 zhao_ch351_buffer_solutions.jpg
冗余,P2,媒体内容重复,正式区,媒体仓库/481d8189d74f7a55bcddd2afb9c2f7512908a66b9222e0b1f207af6f212f4724.jpg,83.9,,MD5=dd0dd3ff6533 同组5份 建议保留 zhao_ch351_buffer_solutions.jpg
冗余,P2,媒体内容重复,正式区,媒体仓库/zhao_ch351_buffer_solutions.jpg,83.9,,MD5=dd0dd3ff6533 同组5份 建议保留 zhao_ch351_buffer_solutions.jpg
冗余,P2,媒体内容重复,正式区,"高中化学竞赛笔记/高中化学竞赛基本理论学习笔记--赵鑫光--1,2017--吉林大学出版社--9787569212730-_351-482_images/481d8189d74f7a55bcddd2afb9c2f7512908a66b9222e0b1f207af6f212f4724.jpg",83.9,,MD5=dd0dd3ff6533 同组5份 建议保留 zhao_ch351_buffer_solutions.jpg
冗余,P2,媒体内容重复,正式区,06-外部资料导入/OCR/北斗化学试题/2025.5.4春季化学-大联考参考答案2_images/4d7034b7421ddb33e401339d632eacc457656bbb1e3ad5a382eea2a5e7cc35d2.jpg,332.4,,MD5=02937d6b8cfd 同组2份 建议保留 4d7034b7421ddb33e401339d632eacc457656bbb1e3ad5a382eea2a5e7cc35d2.jpg
冗余,P2,媒体内容重复,正式区,媒体仓库/4d7034b7421ddb33e401339d632eacc457656bbb1e3ad5a382eea2a5e7cc35d2.jpg,332.4,,MD5=02937d6b8cfd 同组2份 建议保留 4d7034b7421ddb33e401339d632eacc457656bbb1e3ad5a382eea2a5e7cc35d2.jpg
冗余,P2,媒体内容重复,噪音缓存,.workbuddy/tmp/mmd_out/ch3-05-物质的量枢纽.png,110.1,,MD5=a3f150cb28f2 同组4份 建议保留 ch3-05-物质的量枢纽.png
冗余,P2,媒体内容重复,噪音缓存,.workbuddy/tmp/mmd_out2/ch3-05-物质的量枢纽.png,110.1,,MD5=a3f150cb28f2 同组4份 建议保留 ch3-05-物质的量枢纽.png
冗余,P2,媒体内容重复,正式区,13-教案/必修一/概念图PNG/ch3-05-物质的量枢纽.png,110.1,,MD5=a3f150cb28f2 同组4份 建议保留 ch3-05-物质的量枢纽.png
冗余,P2,媒体内容重复,正式区,媒体仓库/_待清理/_白边原图/c5a0027f7229c993dabbd4a14e08c556585bfb048c589d50f25598cb62af968c.png,110.1,,MD5=a3f150cb28f2 同组4份 建议保留 ch3-05-物质的量枢纽.png
冗余,P2,媒体内容重复,正式区,11-模板/scripts/.chem_media/30c93e71ac4eb7543f238ceed92f40a609abc6046296d1947f27b69a9148ce9e.png,330.2,,MD5=fea0e39efffb 同组2份 建议保留 30c93e71ac4eb7543f238ceed92f40a609abc6046296d1947f27b69a9148ce9e.png
冗余,P2,媒体内容重复,正式区,媒体仓库/_待清理/_白边原图/30c93e71ac4eb7543f238ceed92f40a609abc6046296d1947f27b69a9148ce9e.png,330.2,,MD5=fea0e39efffb 同组2份 建议保留 30c93e71ac4eb7543f238ceed92f40a609abc6046296d1947f27b69a9148ce9e.png
冗余,P2,媒体内容重复,正式区,06-外部资料导入/真题/省预赛/images/2022-浙江预赛_p03.png,330.1,,MD5=a5c95f971658 同组2份 建议保留 2022-浙江预赛_p03.png
冗余,P2,媒体内容重复,正式区,媒体仓库/_待清理/_白边原图/2022-浙江预赛_p03.png,330.1,,MD5=a5c95f971658 同组2份 建议保留 2022-浙江预赛_p03.png
冗余,P2,媒体内容重复,正式区,06-外部资料导入/真题/省预赛/images/2021-浙江预赛_p09.png,329.9,,MD5=07438d5e778a 同组2份 建议保留 2021-浙江预赛_p09.png
冗余,P2,媒体内容重复,正式区,媒体仓库/_待清理/_白边原图/2021-浙江预赛_p09.png,329.9,,MD5=07438d5e778a 同组2份 建议保留 2021-浙江预赛_p09.png
冗余,P2,媒体内容重复,噪音缓存,.workbuddy/tmp/mmd_out/ch3-06-价态阶梯.png,109.2,,MD5=b59841b3559a 同组4份 建议保留 ch3-06-价态阶梯.png
冗余,P2,媒体内容重复,噪音缓存,.workbuddy/tmp/mmd_out2/ch3-06-价态阶梯.png,109.2,,MD5=b59841b3559a 同组4份 建议保留 ch3-06-价态阶梯.png
冗余,P2,媒体内容重复,正式区,13-教案/必修一/概念图PNG/ch3-06-价态阶梯.png,109.2,,MD5=b59841b3559a 同组4份 建议保留 ch3-06-价态阶梯.png
冗余,P2,媒体内容重复,正式区,媒体仓库/_待清理/_白边原图/2f1cd63e3bee4b33fa4fd3d68899316103fd3352518a9da2cb36c99c82c2bd50.png,109.2,,MD5=b59841b3559a 同组4份 建议保留 ch3-06-价态阶梯.png
冗余,P2,媒体内容重复,正式区,06-外部资料导入/真题/省预赛/images/2023-浙江预赛_p12.png,325.5,,MD5=4f99f0d5fd54 同组2份 建议保留 2023-浙江预赛_p12.png
冗余,P2,媒体内容重复,正式区,媒体仓库/_待清理/_白边原图/2023-浙江预赛_p12.png,325.5,,MD5=4f99f0d5fd54 同组2份 建议保留 2023-浙江预赛_p12.png
冗余,P2,媒体内容重复,正式区,06-外部资料导入/真题/省预赛/images/2021-浙江预赛_p12.png,325.5,,MD5=3a3ee6f48b8f 同组2份 建议保留 2021-浙江预赛_p12.png
冗余,P2,媒体内容重复,正式区,媒体仓库/_待清理/_白边原图/2021-浙江预赛_p12.png,325.5,,MD5=3a3ee6f48b8f 同组2份 建议保留 2021-浙江预赛_p12.png
冗余,P2,媒体内容重复,正式区,06-外部资料导入/OCR/北斗化学试题/化学模拟卷（二）答案_images/44c007e339200879fff522442fe0e41551ce4cb69824e2e3aae5df758a80bab6.jpg,325.1,,MD5=f6b5a86fd982 同组2份 建议保留 44c007e339200879fff522442fe0e41551ce4cb69824e2e3aae5df758a80bab6.jpg
冗余,P2,媒体内容重复,正式区,媒体仓库/44c007e339200879fff522442fe0e41551ce4cb69824e2e3aae5df758a80bab6.jpg,325.1,,MD5=f6b5a86fd982 同组2份 建议保留 44c007e339200879fff522442fe0e41551ce4cb69824e2e3aae5df758a80bab6.jpg
冗余,P2,媒体内容重复,噪音缓存,.workbuddy/tmp/28jue_pages/hi/q10_scheme_l.jpg,160.9,,MD5=4d44224ad9c5 同组3份 建议保留 d18aa256b9c2c590f52a45e4c67e9d1f51197bdde8b76d919ea7dc426d220f36.jpg
冗余,P2,媒体内容重复,正式区,06-外部资料导入/真题/images/d18aa256b9c2c590f52a45e4c67e9d1f51197bdde8b76d919ea7dc426d220f36.jpg,160.9,,MD5=4d44224ad9c5 同组3份 建议保留 d18aa256b9c2c590f52a45e4c67e9d1f51197bdde8b76d919ea7dc426d220f36.jpg
冗余,P2,媒体内容重复,正式区,媒体仓库/_待清理/_白边原图/d18aa256b9c2c590f52a45e4c67e9d1f51197bdde8b76d919ea7dc426d220f36.jpg,160.9,,MD5=4d44224ad9c5 同组3份 建议保留 d18aa256b9c2c590f52a45e4c67e9d1f51197bdde8b76d919ea7dc426d220f36.jpg
冗余,P2,媒体内容重复,噪音缓存,.workbuddy/tmp/mmd_out/ch2-01-体系总览.png,106.9,,MD5=83463b74643b 同组4份 建议保留 ch2-01-体系总览.png
冗余,P2,媒体内容重复,噪音缓存,.workbuddy/tmp/mmd_out2/ch2-01-体系总览.png,106.9,,MD5=83463b74643b 同组4份 建议保留 ch2-01-体系总览.png
冗余,P2,媒体内容重复,正式区,13-教案/必修一/概念图PNG/ch2-01-体系总览.png,106.9,,MD5=83463b74643b 同组4份 建议保留 ch2-01-体系总览.png
冗余,P2,媒体内容重复,正式区,媒体仓库/_待清理/_白边原图/ab75900226c0c202a8cc3b2e461cdeaa848d4e53046828b24e380a887cefb490.png,106.9,,MD5=83463b74643b 同组4份 建议保留 ch2-01-体系总览.png
冗余,P2,媒体内容重复,正式区,11-模板/scripts/.chem_media/6483d6d067af057a273f47193a177fb942cd839db0cc378bfdbbb0fa6e07b275.png,320.3,,MD5=d43a5de85c4d 同组2份 建议保留 6483d6d067af057a273f47193a177fb942cd839db0cc378bfdbbb0fa6e07b275.png
冗余,P2,媒体内容重复,正式区,媒体仓库/6483d6d067af057a273f47193a177fb942cd839db0cc378bfdbbb0fa6e07b275.png,320.3,,MD5=d43a5de85c4d 同组2份 建议保留 6483d6d067af057a273f47193a177fb942cd839db0cc378bfdbbb0fa6e07b275.png
冗余,P2,媒体内容重复,正式区,06-外部资料导入/OCR/北斗化学试题/化学模拟卷（二）_images/6d53a44501e3ded18a924a6b0ac64e49b5a6d12f27385833344a599bee3e0ae5.jpg,106.2,,MD5=07a045aaaa7b 同组4份 建议保留 6d53a44501e3ded18a924a6b0ac64e49b5a6d12f27385833344a599bee3e0ae5.jpg
冗余,P2,媒体内容重复,正式区,06-外部资料导入/OCR/北斗化学试题/化学模拟卷（四）_images/c04ee020f39d5042efa8308ceefefeaec7ae0599e9a1fc81ffa3e0fd9795c8c8.jpg,106.2,,MD5=07a045aaaa7b 同组4份 建议保留 6d53a44501e3ded18a924a6b0ac64e49b5a6d12f27385833344a599bee3e0ae5.jpg
冗余,P2,媒体内容重复,正式区,媒体仓库/6d53a44501e3ded18a924a6b0ac64e49b5a6d12f27385833344a599bee3e0ae5.jpg,106.2,,MD5=07a045aaaa7b 同组4份 建议保留 6d53a44501e3ded18a924a6b0ac64e49b5a6d12f27385833344a599bee3e0ae5.jpg
冗余,P2,媒体内容重复,正式区,媒体仓库/c04ee020f39d5042efa8308ceefefeaec7ae0599e9a1fc81ffa3e0fd9795c8c8.jpg,106.2,,MD5=07a045aaaa7b 同组4份 建议保留 6d53a44501e3ded18a924a6b0ac64e49b5a6d12f27385833344a599bee3e0ae5.jpg
冗余,P2,媒体内容重复,正式区,06-外部资料导入/真题/省预赛/images/2021-浙江预赛_p15.png,314.6,,MD5=2ecaae3129cc 同组2份 建议保留 2021-浙江预赛_p15.png
冗余,P2,媒体内容重复,正式区,媒体仓库/_待清理/_白边原图/2021-浙江预赛_p15.png,314.6,,MD5=2ecaae3129cc 同组2份 建议保留 2021-浙江预赛_p15.png
冗余,P2,媒体内容重复,噪音缓存,.workbuddy/tmp/prov_crops/p13_tcarbon.png,155.5,,MD5=45d2f1c92047 同组3份 建议保留 88ff7492ce6a13c3.png
冗余,P2,媒体内容重复,正式区,06-外部资料导入/真题/省预赛/crops/88ff7492ce6a13c3.png,155.5,,MD5=45d2f1c92047 同组3份 建议保留 88ff7492ce6a13c3.png
冗余,P2,媒体内容重复,正式区,媒体仓库/88ff7492ce6a13c3.png,155.5,,MD5=45d2f1c92047 同组3份 建议保留 88ff7492ce6a13c3.png
冗余,P2,媒体内容重复,正式区,11-模板/scripts/.chem_media/893745f1c101f8618e0316882812df3a4b921e7b4a42236161387c7233677340.jpg,103.2,,MD5=bc73c1ad794a 同组4份 建议保留 893745f1c101f8618e0316882812df3a4b921e7b4a42236161387c7233677340.jpg
冗余,P2,媒体内容重复,正式区,media/893745f1c101f8618e0316882812df3a4b921e7b4a42236161387c7233677340.jpg,103.2,,MD5=bc73c1ad794a 同组4份 建议保留 893745f1c101f8618e0316882812df3a4b921e7b4a42236161387c7233677340.jpg
冗余,P2,媒体内容重复,正式区,mineru/03-教材书籍/ABOC有机化学/ABOC202505_1-200_images/893745f1c101f8618e0316882812df3a4b921e7b4a42236161387c7233677340.jpg,103.2,,MD5=bc73c1ad794a 同组4份 建议保留 893745f1c101f8618e0316882812df3a4b921e7b4a42236161387c7233677340.jpg
冗余,P2,媒体内容重复,正式区,媒体仓库/_待清理/_灰底原图/893745f1c101f8618e0316882812df3a4b921e7b4a42236161387c7233677340.jpg,103.2,,MD5=bc73c1ad794a 同组4份 建议保留 893745f1c101f8618e0316882812df3a4b921e7b4a42236161387c7233677340.jpg
冗余,P2,媒体内容重复,正式区,06-学生侧材料/学生讲义/media/cannizzaro-mechanism-benzaldehyde.png,77.2,,MD5=c3c1e8f140b1 同组5份 建议保留 cannizzaro-mechanism-benzaldehyde.png
冗余,P2,媒体内容重复,正式区,06-学生侧材料/讲义/media/cannizzaro-mechanism-benzaldehyde.png,77.2,,MD5=c3c1e8f140b1 同组5份 建议保留 cannizzaro-mechanism-benzaldehyde.png
冗余,P2,媒体内容重复,正式区,11-模板/scripts/.chem_media/cannizzaro-mechanism-benzaldehyde.png,77.2,,MD5=c3c1e8f140b1 同组5份 建议保留 cannizzaro-mechanism-benzaldehyde.png
冗余,P2,媒体内容重复,正式区,media/cannizzaro-mechanism-benzaldehyde.png,77.2,,MD5=c3c1e8f140b1 同组5份 建议保留 cannizzaro-mechanism-benzaldehyde.png
冗余,P2,媒体内容重复,正式区,媒体仓库/_待清理/_白边原图/cannizzaro-mechanism-benzaldehyde.png,77.2,,MD5=c3c1e8f140b1 同组5份 建议保留 cannizzaro-mechanism-benzaldehyde.png
冗余,P2,媒体内容重复,正式区,06-学生侧材料/学生讲义/media/12-7b-hybrid-orbital-formation-bcl3-sp2.jpg,34.3,,MD5=db47b9207983 同组10份 建议保留 12-7b-hybrid-orbital-formation-bcl3-sp2.jpg
冗余,P2,媒体内容重复,正式区,06-学生侧材料/讲义/media/12-7b-hybrid-orbital-formation-bcl3-sp2.jpg,34.3,,MD5=db47b9207983 同组10份 建议保留 12-7b-hybrid-orbital-formation-bcl3-sp2.jpg
冗余,P2,媒体内容重复,正式区,06-学生侧材料/讲义/media/3f7b05e8ab5742fdee98ee75f2f8b44a763a47e748220dc76fa9917e01186cc5.jpg,34.3,,MD5=db47b9207983 同组10份 建议保留 12-7b-hybrid-orbital-formation-bcl3-sp2.jpg
冗余,P2,媒体内容重复,正式区,11-模板/scripts/.chem_media/12-7b-hybrid-orbital-formation-bcl3-sp2.jpg,34.3,,MD5=db47b9207983 同组10份 建议保留 12-7b-hybrid-orbital-formation-bcl3-sp2.jpg
冗余,P2,媒体内容重复,正式区,11-模板/scripts/.chem_media/puha-12-7c-ch4-sp3.jpg,34.3,,MD5=db47b9207983 同组10份 建议保留 12-7b-hybrid-orbital-formation-bcl3-sp2.jpg
冗余,P2,媒体内容重复,正式区,11-模板/scripts/.chem_media/puha-sp3-hybridization.jpg,34.3,,MD5=db47b9207983 同组10份 建议保留 12-7b-hybrid-orbital-formation-bcl3-sp2.jpg
冗余,P2,媒体内容重复,正式区,media/puha-12-7c-ch4-sp3.jpg,34.3,,MD5=db47b9207983 同组10份 建议保留 12-7b-hybrid-orbital-formation-bcl3-sp2.jpg
冗余,P2,媒体内容重复,正式区,media/puha-sp3-hybridization.jpg,34.3,,MD5=db47b9207983 同组10份 建议保留 12-7b-hybrid-orbital-formation-bcl3-sp2.jpg
冗余,P2,媒体内容重复,正式区,mineru/03-教材书籍/普通化学原理（第4版）/普通化学原理第4版201-400_images/3f7b05e8ab5742fdee98ee75f2f8b44a763a47e748220dc76fa9917e01186cc5.jpg,34.3,,MD5=db47b9207983 同组10份 建议保留 12-7b-hybrid-orbital-formation-bcl3-sp2.jpg
冗余,P2,媒体内容重复,正式区,媒体仓库/acd3da5581ac1beafd5e3bb8c1565c7bff6889a2dfe7a1f0ea35888fbcc34cac.jpg,34.3,,MD5=db47b9207983 同组10份 建议保留 12-7b-hybrid-orbital-formation-bcl3-sp2.jpg
冗余,P2,媒体内容重复,正式区,06-学生侧材料/讲义/media/构造原理-填充顺序.matrix.png,307.4,,MD5=a5b745bde73f 同组2份 建议保留 构造原理-填充顺序.matrix.png
冗余,P2,媒体内容重复,正式区,11-模板/scripts/.chem_media/构造原理-填充顺序.matrix.png,307.4,,MD5=a5b745bde73f 同组2份 建议保留 构造原理-填充顺序.matrix.png
冗余,P2,媒体内容重复,正式区,11-模板/scripts/.chem_media/zhao_ch351_acid_base_titration_data.jpg,102.3,,MD5=f1224d5f218d 同组4份 建议保留 zhao_ch351_acid_base_titration_data.jpg
冗余,P2,媒体内容重复,正式区,media/zhao_ch351_acid_base_titration_data.jpg,102.3,,MD5=f1224d5f218d 同组4份 建议保留 zhao_ch351_acid_base_titration_data.jpg
冗余,P2,媒体内容重复,正式区,媒体仓库/1a65bd4f6fc7495ad61a7faa446b927422136fbd42d6cd9c271b40f819dee9e7.jpg,102.3,,MD5=f1224d5f218d 同组4份 建议保留 zhao_ch351_acid_base_titration_data.jpg
冗余,P2,媒体内容重复,正式区,"高中化学竞赛笔记/高中化学竞赛基本理论学习笔记--赵鑫光--1,2017--吉林大学出版社--9787569212730-_351-482_images/1a65bd4f6fc7495ad61a7faa446b927422136fbd42d6cd9c271b40f819dee9e7.jpg",102.3,,MD5=f1224d5f218d 同组4份 建议保留 zhao_ch351_acid_base_titration_data.jpg
冗余,P2,媒体内容重复,正式区,11-模板/scripts/.chem_media/binary-phase-diagram-phase-rule.jpg,303.9,,MD5=679740143525 同组2份 建议保留 binary-phase-diagram-phase-rule.jpg
冗余,P2,媒体内容重复,正式区,media/binary-phase-diagram-phase-rule.jpg,303.9,,MD5=679740143525 同组2份 建议保留 binary-phase-diagram-phase-rule.jpg
冗余,P2,媒体内容重复,正式区,04-题库/真题/第37届决赛/理论/第一场/attachments/6a3e78ff0952eac1445580e7bb9c8dcd5d36f3d97a7dc9fd901bcdb347a14313.jpg,151.9,,MD5=a69bbd61c765 同组3份 建议保留 6a3e78ff0952eac1445580e7bb9c8dcd5d36f3d97a7dc9fd901bcdb347a14313.jpg
冗余,P2,媒体内容重复,正式区,mineru02/2023年第37届中国化学奥林匹克决赛第一场化学试题解析版_images/6a3e78ff0952eac1445580e7bb9c8dcd5d36f3d97a7dc9fd901bcdb347a14313.jpg,151.9,,MD5=a69bbd61c765 同组3份 建议保留 6a3e78ff0952eac1445580e7bb9c8dcd5d36f3d97a7dc9fd901bcdb347a14313.jpg
冗余,P2,媒体内容重复,正式区,媒体仓库/6a3e78ff0952eac1445580e7bb9c8dcd5d36f3d97a7dc9fd901bcdb347a14313.jpg,151.9,,MD5=a69bbd61c765 同组3份 建议保留 6a3e78ff0952eac1445580e7bb9c8dcd5d36f3d97a7dc9fd901bcdb347a14313.jpg
冗余,P2,媒体内容重复,正式区,06-外部资料导入/真题/省预赛/images/2023-浙江预赛_p09.png,303.6,,MD5=8f84e71a5b6b 同组2份 建议保留 2023-浙江预赛_p09.png
冗余,P2,媒体内容重复,正式区,媒体仓库/_待清理/_白边原图/2023-浙江预赛_p09.png,303.6,,MD5=8f84e71a5b6b 同组2份 建议保留 2023-浙江预赛_p09.png
冗余,P2,媒体内容重复,正式区,06-外部资料导入/OCR/北斗化学试题/2026化学-大联考二-参考答案1_images/1f3e833dd820cdca3cbde9b2f025ce4c834782fca3ebf1933001c83479bee62c.jpg,301.2,,MD5=cd9d5d4a185e 同组2份 建议保留 1f3e833dd820cdca3cbde9b2f025ce4c834782fca3ebf1933001c83479bee62c.jpg
冗余,P2,媒体内容重复,正式区,媒体仓库/1f3e833dd820cdca3cbde9b2f025ce4c834782fca3ebf1933001c83479bee62c.jpg,301.2,,MD5=cd9d5d4a185e 同组2份 建议保留 1f3e833dd820cdca3cbde9b2f025ce4c834782fca3ebf1933001c83479bee62c.jpg
冗余,P2,媒体内容重复,正式区,00-附件/weller_figures/Mo2_delta_bond_3D.png,301.1,,MD5=9bd319155b23 同组2份 建议保留 Mo2_delta_bond_3D.png
冗余,P2,媒体内容重复,正式区,媒体仓库/_待清理/_白边原图/3b9af84fb5638c015b4ee6e95d855a5f2dc59589bf6f797983ea9deefe723dad.png,301.1,,MD5=9bd319155b23 同组2份 建议保留 Mo2_delta_bond_3D.png
冗余,P2,媒体内容重复,正式区,06-外部资料导入/真题/省预赛/images/2023-浙江预赛_p04.png,300.7,,MD5=ed8df8910b99 同组2份 建议保留 2023-浙江预赛_p04.png
冗余,P2,媒体内容重复,正式区,媒体仓库/_待清理/_白边原图/2023-浙江预赛_p04.png,300.7,,MD5=ed8df8910b99 同组2份 建议保留 2023-浙江预赛_p04.png
冗余,P2,媒体内容重复,正式区,11-模板/scripts/.chem_media/11-22-4s-3d-radial-distribution.jpg,149.9,,MD5=a750677d7e02 同组3份 建议保留 11-22-4s-3d-radial-distribution.jpg
冗余,P2,媒体内容重复,正式区,11-模板/scripts/.chem_media/4ccc4776088a196f1aeee76c87db5da03c6658b1b72fa122007c75474509d992.jpg,149.9,,MD5=a750677d7e02 同组3份 建议保留 11-22-4s-3d-radial-distribution.jpg
冗余,P2,媒体内容重复,正式区,媒体仓库/4ccc4776088a196f1aeee76c87db5da03c6658b1b72fa122007c75474509d992.jpg,149.9,,MD5=a750677d7e02 同组3份 建议保留 11-22-4s-3d-radial-distribution.jpg
冗余,P2,媒体内容重复,正式区,11-模板/scripts/.chem_media/d7b77637ad60a77012788e81b3baa7d751140f459589d56f86bbc3487b7cae6c.png,148.9,,MD5=fac7b3af857a 同组3份 建议保留 d7b77637ad60a77012788e81b3baa7d751140f459589d56f86bbc3487b7cae6c.png
冗余,P2,媒体内容重复,正式区,11-模板/scripts/.chem_media/periodic_table_blocks.png,148.9,,MD5=fac7b3af857a 同组3份 建议保留 d7b77637ad60a77012788e81b3baa7d751140f459589d56f86bbc3487b7cae6c.png
冗余,P2,媒体内容重复,正式区,媒体仓库/d7b77637ad60a77012788e81b3baa7d751140f459589d56f86bbc3487b7cae6c.png,148.9,,MD5=fac7b3af857a 同组3份 建议保留 d7b77637ad60a77012788e81b3baa7d751140f459589d56f86bbc3487b7cae6c.png
冗余,P2,媒体内容重复,正式区,11-模板/scripts/.chem_media/7c9951bde467060552a43500130ca28c6bd14070392cfa68c8c0f6d9c2c5413f.jpg,99.0,,MD5=5f1dee37ab52 同组4份 建议保留 7c9951bde467060552a43500130ca28c6bd14070392cfa68c8c0f6d9c2c5413f.jpg
冗余,P2,媒体内容重复,正式区,media/7c9951bde467060552a43500130ca28c6bd14070392cfa68c8c0f6d9c2c5413f.jpg,99.0,,MD5=5f1dee37ab52 同组4份 建议保留 7c9951bde467060552a43500130ca28c6bd14070392cfa68c8c0f6d9c2c5413f.jpg
冗余,P2,媒体内容重复,正式区,mineru/03-教材书籍/ABOC有机化学/ABOC202505_200-397_images/7c9951bde467060552a43500130ca28c6bd14070392cfa68c8c0f6d9c2c5413f.jpg,99.0,,MD5=5f1dee37ab52 同组4份 建议保留 7c9951bde467060552a43500130ca28c6bd14070392cfa68c8c0f6d9c2c5413f.jpg
冗余,P2,媒体内容重复,正式区,媒体仓库/7c9951bde467060552a43500130ca28c6bd14070392cfa68c8c0f6d9c2c5413f.jpg,99.0,,MD5=5f1dee37ab52 同组4份 建议保留 7c9951bde467060552a43500130ca28c6bd14070392cfa68c8c0f6d9c2c5413f.jpg
冗余,P2,媒体内容重复,正式区,11-模板/scripts/.chem_media/617b76947a688cb469287921c48df705d0f1682c1d118f4e567f886a04d0fa8f.png,98.3,,MD5=e1ed0f967d16 同组4份 建议保留 617b76947a688cb469287921c48df705d0f1682c1d118f4e567f886a04d0fa8f.png
冗余,P2,媒体内容重复,正式区,11-模板/scripts/.chem_media/图-晶胞原子计数3D.png,98.3,,MD5=e1ed0f967d16 同组4份 建议保留 617b76947a688cb469287921c48df705d0f1682c1d118f4e567f886a04d0fa8f.png
冗余,P2,媒体内容重复,正式区,media/图-晶胞原子计数3D.png,98.3,,MD5=e1ed0f967d16 同组4份 建议保留 617b76947a688cb469287921c48df705d0f1682c1d118f4e567f886a04d0fa8f.png
冗余,P2,媒体内容重复,正式区,媒体仓库/_待清理/_白边原图/617b76947a688cb469287921c48df705d0f1682c1d118f4e567f886a04d0fa8f.png,98.3,,MD5=e1ed0f967d16 同组4份 建议保留 617b76947a688cb469287921c48df705d0f1682c1d118f4e567f886a04d0fa8f.png
冗余,P2,媒体内容重复,正式区,11-模板/scripts/.chem_media/debye-huckel-limiting-law.jpg,146.1,,MD5=38c4395494e7 同组3份 建议保留 debye-huckel-limiting-law.jpg
冗余,P2,媒体内容重复,正式区,media/debye-huckel-limiting-law.jpg,146.1,,MD5=38c4395494e7 同组3份 建议保留 debye-huckel-limiting-law.jpg
冗余,P2,媒体内容重复,正式区,media/physchem/debye-huckel-limiting-law.jpg,146.1,,MD5=38c4395494e7 同组3份 建议保留 debye-huckel-limiting-law.jpg
冗余,P2,媒体内容重复,噪音缓存,.workbuddy/tmp/mmd_out2/ch3-02-铁三角.png,145.1,,MD5=0e67c538690c 同组3份 建议保留 ch3-02-铁三角.png
冗余,P2,媒体内容重复,正式区,13-教案/必修一/概念图PNG/ch3-02-铁三角.png,145.1,,MD5=0e67c538690c 同组3份 建议保留 ch3-02-铁三角.png
冗余,P2,媒体内容重复,正式区,媒体仓库/0805d1fe7e213cdb51c08a337a634da0f99e3cab6b68a63272865c10e09258f8.png,145.1,,MD5=0e67c538690c 同组3份 建议保留 ch3-02-铁三角.png
冗余,P2,媒体内容重复,正式区,06-外部资料导入/真题/省预赛/images/2021-浙江预赛_p16.png,288.5,,MD5=55af8e5af2f7 同组2份 建议保留 2021-浙江预赛_p16.png
冗余,P2,媒体内容重复,正式区,媒体仓库/_待清理/_白边原图/2021-浙江预赛_p16.png,288.5,,MD5=55af8e5af2f7 同组2份 建议保留 2021-浙江预赛_p16.png
冗余,P2,媒体内容重复,正式区,06-外部资料导入/真题/省预赛/images/2022-浙江预赛_p10.png,288.2,,MD5=a9e84d5857b5 同组2份 建议保留 2022-浙江预赛_p10.png
冗余,P2,媒体内容重复,正式区,媒体仓库/_待清理/_白边原图/2022-浙江预赛_p10.png,288.2,,MD5=a9e84d5857b5 同组2份 建议保留 2022-浙江预赛_p10.png
冗余,P2,媒体内容重复,正式区,11-模板/scripts/.chem_media/ad0bc288e1e0830ee54e485e5f5f4b16da135e0787de25581f0113a8271c38d6.jpg,143.0,,MD5=af1a074ae632 同组3份 建议保留 ad0bc288e1e0830ee54e485e5f5f4b16da135e0787de25581f0113a8271c38d6.jpg
冗余,P2,媒体内容重复,正式区,11-模板/scripts/.chem_media/orbital_density_1s_2s_3s.jpg,143.0,,MD5=af1a074ae632 同组3份 建议保留 ad0bc288e1e0830ee54e485e5f5f4b16da135e0787de25581f0113a8271c38d6.jpg
冗余,P2,媒体内容重复,正式区,媒体仓库/ad0bc288e1e0830ee54e485e5f5f4b16da135e0787de25581f0113a8271c38d6.jpg,143.0,,MD5=af1a074ae632 同组3份 建议保留 ad0bc288e1e0830ee54e485e5f5f4b16da135e0787de25581f0113a8271c38d6.jpg
冗余,P2,媒体内容重复,正式区,11-模板/scripts/.chem_media/vanderwaals-pv-isotherms-co2.png,285.3,,MD5=c1cec220ab50 同组2份 建议保留 vanderwaals-pv-isotherms-co2.png
冗余,P2,媒体内容重复,正式区,media/vanderwaals-pv-isotherms-co2.png,285.3,,MD5=c1cec220ab50 同组2份 建议保留 vanderwaals-pv-isotherms-co2.png
冗余,P2,媒体内容重复,正式区,11-模板/scripts/.chem_media/0f08895894c416009f1b1b03c144930c7c7ca971fcb727a6853320214da74294.png,277.6,,MD5=5be3350c23d1 同组2份 建议保留 0f08895894c416009f1b1b03c144930c7c7ca971fcb727a6853320214da74294.png
冗余,P2,媒体内容重复,正式区,11-模板/scripts/.chem_media/n.png,277.6,,MD5=5be3350c23d1 同组2份 建议保留 0f08895894c416009f1b1b03c144930c7c7ca971fcb727a6853320214da74294.png
冗余,P2,媒体内容重复,正式区,11-模板/scripts/.chem_media/5bfb58236dcb8651ec3cf311713580e81ea4b215f80965001dacb4ab7e7a0e6e.png,92.5,,MD5=0a8655cd8a88 同组4份 建议保留 5bfb58236dcb8651ec3cf311713580e81ea4b215f80965001dacb4ab7e7a0e6e.png
冗余,P2,媒体内容重复,正式区,11-模板/scripts/.chem_media/图-分数坐标三维可视化.png,92.5,,MD5=0a8655cd8a88 同组4份 建议保留 5bfb58236dcb8651ec3cf311713580e81ea4b215f80965001dacb4ab7e7a0e6e.png
冗余,P2,媒体内容重复,正式区,media/图-分数坐标三维可视化.png,92.5,,MD5=0a8655cd8a88 同组4份 建议保留 5bfb58236dcb8651ec3cf311713580e81ea4b215f80965001dacb4ab7e7a0e6e.png
冗余,P2,媒体内容重复,正式区,媒体仓库/_待清理/_白边原图/5bfb58236dcb8651ec3cf311713580e81ea4b215f80965001dacb4ab7e7a0e6e.png,92.5,,MD5=0a8655cd8a88 同组4份 建议保留 5bfb58236dcb8651ec3cf311713580e81ea4b215f80965001dacb4ab7e7a0e6e.png
冗余,P2,媒体内容重复,正式区,11-模板/scripts/.chem_media/reaction-coordinate-catalyzed.jpg,138.3,,MD5=b202ac3c958d 同组3份 建议保留 reaction-coordinate-catalyzed.jpg
冗余,P2,媒体内容重复,正式区,media/reaction-coordinate-catalyzed.jpg,138.3,,MD5=b202ac3c958d 同组3份 建议保留 reaction-coordinate-catalyzed.jpg
冗余,P2,媒体内容重复,正式区,media/physchem/reaction-coordinate-catalyzed.jpg,138.3,,MD5=b202ac3c958d 同组3份 建议保留 reaction-coordinate-catalyzed.jpg
冗余,P2,媒体内容重复,正式区,11-模板/scripts/.chem_media/zhao_ch351_standard_substances.jpg,69.1,,MD5=7a2004e09dcd 同组5份 建议保留 zhao_ch351_standard_substances.jpg
冗余,P2,媒体内容重复,正式区,media/zhao_ch351_standard_substances.jpg,69.1,,MD5=7a2004e09dcd 同组5份 建议保留 zhao_ch351_standard_substances.jpg
冗余,P2,媒体内容重复,正式区,媒体仓库/ab274f7786a599cd4ab17dd5271ff4d184270e95f0adf25f78213a413e05c168.jpg,69.1,,MD5=7a2004e09dcd 同组5份 建议保留 zhao_ch351_standard_substances.jpg
冗余,P2,媒体内容重复,正式区,媒体仓库/zhao_ch351_standard_substances.jpg,69.1,,MD5=7a2004e09dcd 同组5份 建议保留 zhao_ch351_standard_substances.jpg
冗余,P2,媒体内容重复,正式区,"高中化学竞赛笔记/高中化学竞赛基本理论学习笔记--赵鑫光--1,2017--吉林大学出版社--9787569212730-_351-482_images/ab274f7786a599cd4ab17dd5271ff4d184270e95f0adf25f78213a413e05c168.jpg",69.1,,MD5=7a2004e09dcd 同组5份 建议保留 zhao_ch351_standard_substances.jpg
冗余,P2,媒体内容重复,正式区,11-模板/scripts/.chem_media/zhao_ch351_rate_equations.jpg,68.6,,MD5=c58d7ea104cb 同组5份 建议保留 zhao_ch351_rate_equations.jpg
冗余,P2,媒体内容重复,正式区,media/zhao_ch351_rate_equations.jpg,68.6,,MD5=c58d7ea104cb 同组5份 建议保留 zhao_ch351_rate_equations.jpg
冗余,P2,媒体内容重复,正式区,媒体仓库/b065ecfdc21b739a5adc918a084d44e08b2774a393fa602a5109160bdb768f10.jpg,68.6,,MD5=c58d7ea104cb 同组5份 建议保留 zhao_ch351_rate_equations.jpg
冗余,P2,媒体内容重复,正式区,媒体仓库/zhao_ch351_rate_equations.jpg,68.6,,MD5=c58d7ea104cb 同组5份 建议保留 zhao_ch351_rate_equations.jpg
冗余,P2,媒体内容重复,正式区,"高中化学竞赛笔记/高中化学竞赛基本理论学习笔记--赵鑫光--1,2017--吉林大学出版社--9787569212730-_351-482_images/b065ecfdc21b739a5adc918a084d44e08b2774a393fa602a5109160bdb768f10.jpg",68.6,,MD5=c58d7ea104cb 同组5份 建议保留 zhao_ch351_rate_equations.jpg
冗余,P2,媒体内容重复,正式区,06-外部资料导入/OCR/北斗化学试题/2026化学-大联考二-参考答案1_images/2bcafc719037781f0c03c01dfaa35a9778c222f42fe272604e94b2448d25e49a.jpg,272.5,,MD5=d6ce372efba8 同组2份 建议保留 2bcafc719037781f0c03c01dfaa35a9778c222f42fe272604e94b2448d25e49a.jpg
冗余,P2,媒体内容重复,正式区,媒体仓库/2bcafc719037781f0c03c01dfaa35a9778c222f42fe272604e94b2448d25e49a.jpg,272.5,,MD5=d6ce372efba8 同组2份 建议保留 2bcafc719037781f0c03c01dfaa35a9778c222f42fe272604e94b2448d25e49a.jpg
冗余,P2,媒体内容重复,正式区,06-学生侧材料/学生讲义/media/second-period-mo.jpg,45.4,,MD5=021481737923 同组7份 建议保留 second-period-mo.jpg
冗余,P2,媒体内容重复,正式区,06-学生侧材料/讲义/media/second-period-mo.jpg,45.4,,MD5=021481737923 同组7份 建议保留 second-period-mo.jpg
冗余,P2,媒体内容重复,正式区,11-模板/scripts/.chem_media/eef5c501a9dd9757c880e83328cbe87f3482ecfc5e9fc3af2cec60ff58643574.jpg,45.4,,MD5=021481737923 同组7份 建议保留 second-period-mo.jpg
冗余,P2,媒体内容重复,正式区,11-模板/scripts/.chem_media/second-period-mo.jpg,45.4,,MD5=021481737923 同组7份 建议保留 second-period-mo.jpg
冗余,P2,媒体内容重复,正式区,media/second-period-mo.jpg,45.4,,MD5=021481737923 同组7份 建议保留 second-period-mo.jpg
冗余,P2,媒体内容重复,正式区,mineru/03-教材书籍/普通化学原理（第4版）/普通化学原理第4版201-400_images/daec64553e5b83cae4db3571b45cca1de715ca9a04e12c61079041117cb75ce2.jpg,45.4,,MD5=021481737923 同组7份 建议保留 second-period-mo.jpg
冗余,P2,媒体内容重复,正式区,媒体仓库/eef5c501a9dd9757c880e83328cbe87f3482ecfc5e9fc3af2cec60ff58643574.jpg,45.4,,MD5=021481737923 同组7份 建议保留 second-period-mo.jpg
冗余,P2,媒体内容重复,正式区,06-外部资料导入/真题/省预赛/images/2023-浙江预赛_p13.png,270.5,,MD5=2d4a542b41b8 同组2份 建议保留 2023-浙江预赛_p13.png
冗余,P2,媒体内容重复,正式区,媒体仓库/_待清理/_白边原图/2023-浙江预赛_p13.png,270.5,,MD5=2d4a542b41b8 同组2份 建议保留 2023-浙江预赛_p13.png
冗余,P2,媒体内容重复,正式区,11-模板/scripts/.chem_media/lennard-jones-potential.jpg,134.7,,MD5=05471001579e 同组3份 建议保留 lennard-jones-potential.jpg
冗余,P2,媒体内容重复,正式区,media/lennard-jones-potential.jpg,134.7,,MD5=05471001579e 同组3份 建议保留 lennard-jones-potential.jpg
冗余,P2,媒体内容重复,正式区,media/physchem/lennard-jones-potential.jpg,134.7,,MD5=05471001579e 同组3份 建议保留 lennard-jones-potential.jpg
冗余,P2,媒体内容重复,正式区,mineru/03-教材书籍/物理化学/物理化学/物理化学第11版 固体649-694_images/8e5761d4f831bdddff81f23c037f508e7b1dd2b528e927b398e5ddc18364733a.jpg,133.1,,MD5=17c2892a063f 同组3份 建议保留 8e5761d4f831bdddff81f23c037f508e7b1dd2b528e927b398e5ddc18364733a.jpg
冗余,P2,媒体内容重复,正式区,"mineru/03-教材书籍/物理化学/物理化学/物理化学第11版etc.z-library.sk,1lib.sk,z-lib.sk_594-649_images/e5183ef7f89d74d6770db85e8cb573159a5011393a201fc7ba413a3ab9b1cdf0.jpg",133.1,,MD5=17c2892a063f 同组3份 建议保留 8e5761d4f831bdddff81f23c037f508e7b1dd2b528e927b398e5ddc18364733a.jpg
冗余,P2,媒体内容重复,正式区,媒体仓库/8e5761d4f831bdddff81f23c037f508e7b1dd2b528e927b398e5ddc18364733a.jpg,133.1,,MD5=17c2892a063f 同组3份 建议保留 8e5761d4f831bdddff81f23c037f508e7b1dd2b528e927b398e5ddc18364733a.jpg
冗余,P2,媒体内容重复,正式区,06-学生侧材料/学生讲义/media/12-24-metal-vs-ionic-crystal-deformation.jpg,53.0,,MD5=f573b0cb0cb3 同组6份 建议保留 12-24-metal-vs-ionic-crystal-deformation.jpg
冗余,P2,媒体内容重复,正式区,06-学生侧材料/讲义/media/12-24-metal-vs-ionic-crystal-deformation.jpg,53.0,,MD5=f573b0cb0cb3 同组6份 建议保留 12-24-metal-vs-ionic-crystal-deformation.jpg
冗余,P2,媒体内容重复,正式区,06-学生侧材料/讲义/media/2405a19a591f97b289ec05b94e42ae6b38569eb340bb41199a34851dd5c61ed1.jpg,53.0,,MD5=f573b0cb0cb3 同组6份 建议保留 12-24-metal-vs-ionic-crystal-deformation.jpg
冗余,P2,媒体内容重复,正式区,11-模板/scripts/.chem_media/12-24-metal-vs-ionic-crystal-deformation.jpg,53.0,,MD5=f573b0cb0cb3 同组6份 建议保留 12-24-metal-vs-ionic-crystal-deformation.jpg
冗余,P2,媒体内容重复,正式区,mineru/03-教材书籍/普通化学原理（第4版）/普通化学原理第4版201-400_images/2405a19a591f97b289ec05b94e42ae6b38569eb340bb41199a34851dd5c61ed1.jpg,53.0,,MD5=f573b0cb0cb3 同组6份 建议保留 12-24-metal-vs-ionic-crystal-deformation.jpg
冗余,P2,媒体内容重复,正式区,媒体仓库/eea36759f4361506b53b95dde1f3ec7572a395b59b8fe958c20bdaac87100685.jpg,53.0,,MD5=f573b0cb0cb3 同组6份 建议保留 12-24-metal-vs-ionic-crystal-deformation.jpg
冗余,P2,媒体内容重复,正式区,06-外部资料导入/真题/省预赛/images/2023-浙江预赛_p11.png,264.2,,MD5=3ffcd9d886d2 同组2份 建议保留 2023-浙江预赛_p11.png
冗余,P2,媒体内容重复,正式区,媒体仓库/_待清理/_白边原图/2023-浙江预赛_p11.png,264.2,,MD5=3ffcd9d886d2 同组2份 建议保留 2023-浙江预赛_p11.png
冗余,P2,媒体内容重复,正式区,11-模板/scripts/.chem_media/5ffdf0f9ea2339f07dd11ff7e178215fa2b546e24a2d6efed0ff0c691c9e7ca4.jpg,87.9,,MD5=0d6d88277d85 同组4份 建议保留 5ffdf0f9ea2339f07dd11ff7e178215fa2b546e24a2d6efed0ff0c691c9e7ca4.jpg
冗余,P2,媒体内容重复,正式区,11-模板/scripts/.chem_media/perovskite-full.jpg,87.9,,MD5=0d6d88277d85 同组4份 建议保留 5ffdf0f9ea2339f07dd11ff7e178215fa2b546e24a2d6efed0ff0c691c9e7ca4.jpg
冗余,P2,媒体内容重复,正式区,media/perovskite-full.jpg,87.9,,MD5=0d6d88277d85 同组4份 建议保留 5ffdf0f9ea2339f07dd11ff7e178215fa2b546e24a2d6efed0ff0c691c9e7ca4.jpg
冗余,P2,媒体内容重复,正式区,媒体仓库/5ffdf0f9ea2339f07dd11ff7e178215fa2b546e24a2d6efed0ff0c691c9e7ca4.jpg,87.9,,MD5=0d6d88277d85 同组4份 建议保留 5ffdf0f9ea2339f07dd11ff7e178215fa2b546e24a2d6efed0ff0c691c9e7ca4.jpg
冗余,P2,媒体内容重复,噪音缓存,.workbuddy/tmp/prov_crops/p23_03_xcell.png,131.2,,MD5=ead60f2ea8f2 同组3份 建议保留 6d10b593593f6443.png
冗余,P2,媒体内容重复,正式区,06-外部资料导入/真题/省预赛/crops/6d10b593593f6443.png,131.2,,MD5=ead60f2ea8f2 同组3份 建议保留 6d10b593593f6443.png
冗余,P2,媒体内容重复,正式区,媒体仓库/_待清理/_白边原图/6d10b593593f6443.png,131.2,,MD5=ead60f2ea8f2 同组3份 建议保留 6d10b593593f6443.png
冗余,P2,媒体内容重复,正式区,11-模板/scripts/.chem_media/chem-potential-temperature.jpg,131.2,,MD5=e959dcbe5976 同组3份 建议保留 chem-potential-temperature.jpg
冗余,P2,媒体内容重复,正式区,media/chem-potential-temperature.jpg,131.2,,MD5=e959dcbe5976 同组3份 建议保留 chem-potential-temperature.jpg
冗余,P2,媒体内容重复,正式区,media/physchem/chem-potential-temperature.jpg,131.2,,MD5=e959dcbe5976 同组3份 建议保留 chem-potential-temperature.jpg
冗余,P2,媒体内容重复,正式区,06-外部资料导入/真题/省预赛/images/2023-浙江预赛_p10.png,260.9,,MD5=e92e3108e578 同组2份 建议保留 2023-浙江预赛_p10.png
冗余,P2,媒体内容重复,正式区,媒体仓库/_待清理/_白边原图/2023-浙江预赛_p10.png,260.9,,MD5=e92e3108e578 同组2份 建议保留 2023-浙江预赛_p10.png
冗余,P2,媒体内容重复,正式区,06-外部资料导入/真题/省预赛/images/2023-浙江预赛_p16.png,260.7,,MD5=99e30c400ecd 同组2份 建议保留 2023-浙江预赛_p16.png
冗余,P2,媒体内容重复,正式区,媒体仓库/_待清理/_白边原图/2023-浙江预赛_p16.png,260.7,,MD5=99e30c400ecd 同组2份 建议保留 2023-浙江预赛_p16.png
冗余,P2,媒体内容重复,正式区,11-模板/scripts/.chem_media/zhao_ch351_edta_indicators.jpg,64.5,,MD5=dfffe157a604 同组5份 建议保留 zhao_ch351_edta_indicators.jpg
冗余,P2,媒体内容重复,正式区,media/zhao_ch351_edta_indicators.jpg,64.5,,MD5=dfffe157a604 同组5份 建议保留 zhao_ch351_edta_indicators.jpg
冗余,P2,媒体内容重复,正式区,媒体仓库/a10b48c97110b029a68d35c0e013f4a47e61f0c545c49d50745d61f8e1b97189.jpg,64.5,,MD5=dfffe157a604 同组5份 建议保留 zhao_ch351_edta_indicators.jpg
冗余,P2,媒体内容重复,正式区,媒体仓库/zhao_ch351_edta_indicators.jpg,64.5,,MD5=dfffe157a604 同组5份 建议保留 zhao_ch351_edta_indicators.jpg
冗余,P2,媒体内容重复,正式区,"高中化学竞赛笔记/高中化学竞赛基本理论学习笔记--赵鑫光--1,2017--吉林大学出版社--9787569212730-_351-482_images/a10b48c97110b029a68d35c0e013f4a47e61f0c545c49d50745d61f8e1b97189.jpg",64.5,,MD5=dfffe157a604 同组5份 建议保留 zhao_ch351_edta_indicators.jpg
冗余,P2,媒体内容重复,正式区,11-模板/scripts/.chem_media/d-orbital-splitting-oh-td-d4h.jpg,257.6,,MD5=98b0c53c8f13 同组2份 建议保留 d-orbital-splitting-oh-td-d4h.jpg
冗余,P2,媒体内容重复,正式区,media/d-orbital-splitting-oh-td-d4h.jpg,257.6,,MD5=98b0c53c8f13 同组2份 建议保留 d-orbital-splitting-oh-td-d4h.jpg
冗余,P2,媒体内容重复,正式区,06-学生侧材料/学生讲义/media/13-8a-close-packed-bilayer-tetrahedral-octahedral-voids.jpg,18.3,,MD5=6317b62baab3 同组15份 建议保留 13-8a-close-packed-bilayer-tetrahedral-octahedral-voids.jpg
冗余,P2,媒体内容重复,正式区,06-学生侧材料/学生讲义/media/close-packed-bilayer.jpg,18.3,,MD5=6317b62baab3 同组15份 建议保留 13-8a-close-packed-bilayer-tetrahedral-octahedral-voids.jpg
冗余,P2,媒体内容重复,正式区,06-学生侧材料/讲义/media/13-8a-close-packed-bilayer-tetrahedral-octahedral-voids.jpg,18.3,,MD5=6317b62baab3 同组15份 建议保留 13-8a-close-packed-bilayer-tetrahedral-octahedral-voids.jpg
冗余,P2,媒体内容重复,正式区,06-学生侧材料/讲义/media/3ef25682cc58ec1d8f49d75759c6c8a252fd91bac83c13ebbb9e4e67c0b3c80a.jpg,18.3,,MD5=6317b62baab3 同组15份 建议保留 13-8a-close-packed-bilayer-tetrahedral-octahedral-voids.jpg
冗余,P2,媒体内容重复,正式区,06-学生侧材料/讲义/media/close-packed-bilayer.jpg,18.3,,MD5=6317b62baab3 同组15份 建议保留 13-8a-close-packed-bilayer-tetrahedral-octahedral-voids.jpg
冗余,P2,媒体内容重复,正式区,11-模板/scripts/.chem_media/13-8a-close-packed-bilayer-tetrahedral-octahedral-voids.jpg,18.3,,MD5=6317b62baab3 同组15份 建议保留 13-8a-close-packed-bilayer-tetrahedral-octahedral-voids.jpg
冗余,P2,媒体内容重复,正式区,11-模板/scripts/.chem_media/70299b3acdfad723ad95c0ec8e8912bff19f0a1f1281aef3afde54b406600de1.jpg,18.3,,MD5=6317b62baab3 同组15份 建议保留 13-8a-close-packed-bilayer-tetrahedral-octahedral-voids.jpg
冗余,P2,媒体内容重复,正式区,11-模板/scripts/.chem_media/close-packed-bilayer.jpg,18.3,,MD5=6317b62baab3 同组15份 建议保留 13-8a-close-packed-bilayer-tetrahedral-octahedral-voids.jpg
冗余,P2,媒体内容重复,正式区,11-模板/scripts/.chem_media/puha-13-8a-close-packed-bilayer.jpg,18.3,,MD5=6317b62baab3 同组15份 建议保留 13-8a-close-packed-bilayer-tetrahedral-octahedral-voids.jpg
冗余,P2,媒体内容重复,正式区,media/13-8a-close-packed-bilayer-tetrahedral-octahedral-voids.jpg,18.3,,MD5=6317b62baab3 同组15份 建议保留 13-8a-close-packed-bilayer-tetrahedral-octahedral-voids.jpg
冗余,P2,媒体内容重复,正式区,media/close-packed-bilayer.jpg,18.3,,MD5=6317b62baab3 同组15份 建议保留 13-8a-close-packed-bilayer-tetrahedral-octahedral-voids.jpg
冗余,P2,媒体内容重复,正式区,media/puha-13-8a-close-packed-bilayer.jpg,18.3,,MD5=6317b62baab3 同组15份 建议保留 13-8a-close-packed-bilayer-tetrahedral-octahedral-voids.jpg
冗余,P2,媒体内容重复,正式区,mineru/03-教材书籍/普通化学原理（第4版）/普通化学原理第4版201-400_images/3ef25682cc58ec1d8f49d75759c6c8a252fd91bac83c13ebbb9e4e67c0b3c80a.jpg,18.3,,MD5=6317b62baab3 同组15份 建议保留 13-8a-close-packed-bilayer-tetrahedral-octahedral-voids.jpg
冗余,P2,媒体内容重复,正式区,媒体仓库/13-8a-close-packed-bilayer-tetrahedral-octahedral-voids.jpg,18.3,,MD5=6317b62baab3 同组15份 建议保留 13-8a-close-packed-bilayer-tetrahedral-octahedral-voids.jpg
冗余,P2,媒体内容重复,正式区,媒体仓库/70299b3acdfad723ad95c0ec8e8912bff19f0a1f1281aef3afde54b406600de1.jpg,18.3,,MD5=6317b62baab3 同组15份 建议保留 13-8a-close-packed-bilayer-tetrahedral-octahedral-voids.jpg
冗余,P2,媒体内容重复,正式区,06-学生侧材料/学生讲义/media/11-15-electron-cloud-s-p-d.jpg,42.7,,MD5=cbb7bd8af9cc 同组7份 建议保留 11-15-electron-cloud-s-p-d.jpg
冗余,P2,媒体内容重复,正式区,06-学生侧材料/讲义/media/11-15-electron-cloud-s-p-d.jpg,42.7,,MD5=cbb7bd8af9cc 同组7份 建议保留 11-15-electron-cloud-s-p-d.jpg
冗余,P2,媒体内容重复,正式区,11-模板/scripts/.chem_media/11-15-electron-cloud-s-p-d.jpg,42.7,,MD5=cbb7bd8af9cc 同组7份 建议保留 11-15-electron-cloud-s-p-d.jpg
冗余,P2,媒体内容重复,正式区,11-模板/scripts/.chem_media/797d919bcf190820b3c6ce566193f8ec1aa0dc54f12665010f65b59d0fb58fa0.jpg,42.7,,MD5=cbb7bd8af9cc 同组7份 建议保留 11-15-electron-cloud-s-p-d.jpg
冗余,P2,媒体内容重复,正式区,media/11-15-electron-cloud-s-p-d.jpg,42.7,,MD5=cbb7bd8af9cc 同组7份 建议保留 11-15-electron-cloud-s-p-d.jpg
冗余,P2,媒体内容重复,正式区,mineru/03-教材书籍/普通化学原理（第4版）/普通化学原理第4版201-400_images/296b1260484a764e5b229db6bd73e525b5ddc47fd04c216bb1319b87ac84a1ed.jpg,42.7,,MD5=cbb7bd8af9cc 同组7份 建议保留 11-15-electron-cloud-s-p-d.jpg
冗余,P2,媒体内容重复,正式区,媒体仓库/797d919bcf190820b3c6ce566193f8ec1aa0dc54f12665010f65b59d0fb58fa0.jpg,42.7,,MD5=cbb7bd8af9cc 同组7份 建议保留 11-15-electron-cloud-s-p-d.jpg
冗余,P2,媒体内容重复,正式区,11-模板/scripts/.chem_media/zhao_ch351_edta_direct_titration.jpg,64.1,,MD5=6afb247f1a34 同组5份 建议保留 zhao_ch351_edta_direct_titration.jpg
冗余,P2,媒体内容重复,正式区,media/zhao_ch351_edta_direct_titration.jpg,64.1,,MD5=6afb247f1a34 同组5份 建议保留 zhao_ch351_edta_direct_titration.jpg
冗余,P2,媒体内容重复,正式区,媒体仓库/b5311e963193bccae8b50525c392ef496b0ddfd7a57c07c031fde2ada0ded0b1.jpg,64.1,,MD5=6afb247f1a34 同组5份 建议保留 zhao_ch351_edta_direct_titration.jpg
冗余,P2,媒体内容重复,正式区,媒体仓库/zhao_ch351_edta_direct_titration.jpg,64.1,,MD5=6afb247f1a34 同组5份 建议保留 zhao_ch351_edta_direct_titration.jpg
冗余,P2,媒体内容重复,正式区,"高中化学竞赛笔记/高中化学竞赛基本理论学习笔记--赵鑫光--1,2017--吉林大学出版社--9787569212730-_351-482_images/b5311e963193bccae8b50525c392ef496b0ddfd7a57c07c031fde2ada0ded0b1.jpg",64.1,,MD5=6afb247f1a34 同组5份 建议保留 zhao_ch351_edta_direct_titration.jpg
冗余,P2,媒体内容重复,正式区,06-外部资料导入/真题/省预赛/images/2023-浙江预赛_p17.png,254.8,,MD5=c900550cfe9d 同组2份 建议保留 2023-浙江预赛_p17.png
冗余,P2,媒体内容重复,正式区,媒体仓库/_待清理/_白边原图/2023-浙江预赛_p17.png,254.8,,MD5=c900550cfe9d 同组2份 建议保留 2023-浙江预赛_p17.png
冗余,P2,媒体内容重复,正式区,06-学生侧材料/学生讲义/media/12-7c-hybrid-orbital-formation-ch4-sp3.jpg,28.3,,MD5=931c3f2922ea 同组10份 建议保留 12-7c-hybrid-orbital-formation-ch4-sp3.jpg
冗余,P2,媒体内容重复,正式区,06-学生侧材料/讲义/media/12-7c-hybrid-orbital-formation-ch4-sp3.jpg,28.3,,MD5=931c3f2922ea 同组10份 建议保留 12-7c-hybrid-orbital-formation-ch4-sp3.jpg
冗余,P2,媒体内容重复,正式区,06-学生侧材料/讲义/media/25725c505a18ae14a6dc8263edd88bb362b03ba38e7c8499df1dfa0fe94f68f8.jpg,28.3,,MD5=931c3f2922ea 同组10份 建议保留 12-7c-hybrid-orbital-formation-ch4-sp3.jpg
冗余,P2,媒体内容重复,正式区,11-模板/scripts/.chem_media/12-7c-hybrid-orbital-formation-ch4-sp3.jpg,28.3,,MD5=931c3f2922ea 同组10份 建议保留 12-7c-hybrid-orbital-formation-ch4-sp3.jpg
冗余,P2,媒体内容重复,正式区,11-模板/scripts/.chem_media/puha-12-7a-becl2-sp.jpg,28.3,,MD5=931c3f2922ea 同组10份 建议保留 12-7c-hybrid-orbital-formation-ch4-sp3.jpg
冗余,P2,媒体内容重复,正式区,11-模板/scripts/.chem_media/puha-sp-hybridization.jpg,28.3,,MD5=931c3f2922ea 同组10份 建议保留 12-7c-hybrid-orbital-formation-ch4-sp3.jpg
冗余,P2,媒体内容重复,正式区,media/puha-12-7a-becl2-sp.jpg,28.3,,MD5=931c3f2922ea 同组10份 建议保留 12-7c-hybrid-orbital-formation-ch4-sp3.jpg
冗余,P2,媒体内容重复,正式区,media/puha-sp-hybridization.jpg,28.3,,MD5=931c3f2922ea 同组10份 建议保留 12-7c-hybrid-orbital-formation-ch4-sp3.jpg
冗余,P2,媒体内容重复,正式区,mineru/03-教材书籍/普通化学原理（第4版）/普通化学原理第4版201-400_images/25725c505a18ae14a6dc8263edd88bb362b03ba38e7c8499df1dfa0fe94f68f8.jpg,28.3,,MD5=931c3f2922ea 同组10份 建议保留 12-7c-hybrid-orbital-formation-ch4-sp3.jpg
冗余,P2,媒体内容重复,正式区,媒体仓库/9b91b6df76b071282335ad1939404efeee17cc9f380da82a969f1ed98728a500.jpg,28.3,,MD5=931c3f2922ea 同组10份 建议保留 12-7c-hybrid-orbital-formation-ch4-sp3.jpg
冗余,P2,媒体内容重复,正式区,11-模板/scripts/.chem_media/83e40c1f0ddada89bbd67f581ee16670deb06ec628f1d461b145d879151166e7.png,126.5,,MD5=418cc598847f 同组3份 建议保留 83e40c1f0ddada89bbd67f581ee16670deb06ec628f1d461b145d879151166e7.png
冗余,P2,媒体内容重复,正式区,11-模板/scripts/.chem_media/图-对称性限制定律.png,126.5,,MD5=418cc598847f 同组3份 建议保留 83e40c1f0ddada89bbd67f581ee16670deb06ec628f1d461b145d879151166e7.png
冗余,P2,媒体内容重复,正式区,媒体仓库/83e40c1f0ddada89bbd67f581ee16670deb06ec628f1d461b145d879151166e7.png,126.5,,MD5=418cc598847f 同组3份 建议保留 83e40c1f0ddada89bbd67f581ee16670deb06ec628f1d461b145d879151166e7.png
冗余,P2,媒体内容重复,正式区,06-外部资料导入/OCR/北斗化学试题/2026化学-大联考二-参考答案1_images/fe4cea218a1a3238d5d95b47b19f0c254eaa2a34181e7a9fd902ff83c3655c05.jpg,252.1,,MD5=de29961a2c0c 同组2份 建议保留 fe4cea218a1a3238d5d95b47b19f0c254eaa2a34181e7a9fd902ff83c3655c05.jpg
冗余,P2,媒体内容重复,正式区,媒体仓库/fe4cea218a1a3238d5d95b47b19f0c254eaa2a34181e7a9fd902ff83c3655c05.jpg,252.1,,MD5=de29961a2c0c 同组2份 建议保留 fe4cea218a1a3238d5d95b47b19f0c254eaa2a34181e7a9fd902ff83c3655c05.jpg
冗余,P2,媒体内容重复,正式区,06-学生侧材料/学生讲义/media/12-30-hydride-boiling-point-anomaly-h2o-nh3-hf.jpg,27.8,,MD5=6388b8991966 同组10份 建议保留 12-30-hydride-boiling-point-anomaly-h2o-nh3-hf.jpg
冗余,P2,媒体内容重复,正式区,06-学生侧材料/学生讲义/media/12-30-hydride-boiling-point-anomaly.jpg,27.8,,MD5=6388b8991966 同组10份 建议保留 12-30-hydride-boiling-point-anomaly-h2o-nh3-hf.jpg
冗余,P2,媒体内容重复,正式区,06-学生侧材料/讲义/media/12-30-hydride-boiling-point-anomaly-h2o-nh3-hf.jpg,27.8,,MD5=6388b8991966 同组10份 建议保留 12-30-hydride-boiling-point-anomaly-h2o-nh3-hf.jpg
冗余,P2,媒体内容重复,正式区,06-学生侧材料/讲义/media/12-30-hydride-boiling-point-anomaly.jpg,27.8,,MD5=6388b8991966 同组10份 建议保留 12-30-hydride-boiling-point-anomaly-h2o-nh3-hf.jpg
冗余,P2,媒体内容重复,正式区,06-学生侧材料/讲义/media/33ea4ef4674082990222191645939a529764607137612e66e7bc254f2d1b2aa8.jpg,27.8,,MD5=6388b8991966 同组10份 建议保留 12-30-hydride-boiling-point-anomaly-h2o-nh3-hf.jpg
冗余,P2,媒体内容重复,正式区,11-模板/scripts/.chem_media/12-30-hydride-boiling-point-anomaly-h2o-nh3-hf.jpg,27.8,,MD5=6388b8991966 同组10份 建议保留 12-30-hydride-boiling-point-anomaly-h2o-nh3-hf.jpg
冗余,P2,媒体内容重复,正式区,11-模板/scripts/.chem_media/12-30-hydride-boiling-point-anomaly.jpg,27.8,,MD5=6388b8991966 同组10份 建议保留 12-30-hydride-boiling-point-anomaly-h2o-nh3-hf.jpg
冗余,P2,媒体内容重复,正式区,11-模板/scripts/.chem_media/50dd3f4145475f055b294664eb9277cbada772fa760b433d3d43a93380ba49c8.jpg,27.8,,MD5=6388b8991966 同组10份 建议保留 12-30-hydride-boiling-point-anomaly-h2o-nh3-hf.jpg
冗余,P2,媒体内容重复,正式区,mineru/03-教材书籍/普通化学原理（第4版）/普通化学原理第4版201-400_images/33ea4ef4674082990222191645939a529764607137612e66e7bc254f2d1b2aa8.jpg,27.8,,MD5=6388b8991966 同组10份 建议保留 12-30-hydride-boiling-point-anomaly-h2o-nh3-hf.jpg
冗余,P2,媒体内容重复,正式区,媒体仓库/50dd3f4145475f055b294664eb9277cbada772fa760b433d3d43a93380ba49c8.jpg,27.8,,MD5=6388b8991966 同组10份 建议保留 12-30-hydride-boiling-point-anomaly-h2o-nh3-hf.jpg
冗余,P2,媒体内容重复,正式区,06-学生侧材料/学生讲义/media/13-16-graphite-crystal-structure-layer-sp2.jpg,20.9,,MD5=cc3d8c940130 同组13份 建议保留 13-16-graphite-crystal-structure-layer-sp2.jpg
冗余,P2,媒体内容重复,正式区,06-学生侧材料/学生讲义/media/graphite-structure.jpg,20.9,,MD5=cc3d8c940130 同组13份 建议保留 13-16-graphite-crystal-structure-layer-sp2.jpg
冗余,P2,媒体内容重复,正式区,06-学生侧材料/讲义/media/13-16-graphite-crystal-structure-layer-sp2.jpg,20.9,,MD5=cc3d8c940130 同组13份 建议保留 13-16-graphite-crystal-structure-layer-sp2.jpg
冗余,P2,媒体内容重复,正式区,06-学生侧材料/讲义/media/f6e5ed8edce10a77b628eb6eef3bc803a029b31b716c0b86c6ca720b7f2c1698.jpg,20.9,,MD5=cc3d8c940130 同组13份 建议保留 13-16-graphite-crystal-structure-layer-sp2.jpg
冗余,P2,媒体内容重复,正式区,06-学生侧材料/讲义/media/graphite-structure.jpg,20.9,,MD5=cc3d8c940130 同组13份 建议保留 13-16-graphite-crystal-structure-layer-sp2.jpg
冗余,P2,媒体内容重复,正式区,11-模板/scripts/.chem_media/13-16-graphite-crystal-structure-layer-sp2.jpg,20.9,,MD5=cc3d8c940130 同组13份 建议保留 13-16-graphite-crystal-structure-layer-sp2.jpg
冗余,P2,媒体内容重复,正式区,11-模板/scripts/.chem_media/db4089204f2487b1e6598f5b71c1c4748cdc473c87ae3acb0f19822ef4ce2ea3.jpg,20.9,,MD5=cc3d8c940130 同组13份 建议保留 13-16-graphite-crystal-structure-layer-sp2.jpg
冗余,P2,媒体内容重复,正式区,11-模板/scripts/.chem_media/graphite-structure.jpg,20.9,,MD5=cc3d8c940130 同组13份 建议保留 13-16-graphite-crystal-structure-layer-sp2.jpg
冗余,P2,媒体内容重复,正式区,media/13-16-graphite-crystal-structure-layer-sp2.jpg,20.9,,MD5=cc3d8c940130 同组13份 建议保留 13-16-graphite-crystal-structure-layer-sp2.jpg
冗余,P2,媒体内容重复,正式区,media/graphite-structure.jpg,20.9,,MD5=cc3d8c940130 同组13份 建议保留 13-16-graphite-crystal-structure-layer-sp2.jpg
冗余,P2,媒体内容重复,正式区,mineru/03-教材书籍/普通化学原理（第4版）/普通化学原理第4版201-400_images/f6e5ed8edce10a77b628eb6eef3bc803a029b31b716c0b86c6ca720b7f2c1698.jpg,20.9,,MD5=cc3d8c940130 同组13份 建议保留 13-16-graphite-crystal-structure-layer-sp2.jpg
冗余,P2,媒体内容重复,正式区,媒体仓库/db4089204f2487b1e6598f5b71c1c4748cdc473c87ae3acb0f19822ef4ce2ea3.jpg,20.9,,MD5=cc3d8c940130 同组13份 建议保留 13-16-graphite-crystal-structure-layer-sp2.jpg
冗余,P2,媒体内容重复,正式区,媒体仓库/f6e5ed8edce10a77b628eb6eef3bc803a029b31b716c0b86c6ca720b7f2c1698.jpg,20.9,,MD5=cc3d8c940130 同组13份 建议保留 13-16-graphite-crystal-structure-layer-sp2.jpg
冗余,P2,媒体内容重复,正式区,11-模板/scripts/.chem_media/spectrochemical-series-delta.jpg,250.0,,MD5=1ec904802c8c 同组2份 建议保留 spectrochemical-series-delta.jpg
冗余,P2,媒体内容重复,正式区,media/spectrochemical-series-delta.jpg,250.0,,MD5=1ec904802c8c 同组2份 建议保留 spectrochemical-series-delta.jpg
冗余,P2,媒体内容重复,正式区,06-外部资料导入/无机化学Weller/无机化学第6版Welle19-21章_images/ea828cff18e1b96c190a55f601e87a0c8dc30e6c8bbaffbac4a2fa1f09023f4c.jpg,82.6,,MD5=7c0269f7d6bf 同组4份 建议保留 ea828cff18e1b96c190a55f601e87a0c8dc30e6c8bbaffbac4a2fa1f09023f4c.jpg
冗余,P2,媒体内容重复,正式区,mineru/03-教材书籍/无机化学第6版Weller/无机化学第6版Weller/无机化学第6版Welle19-21章_images/ea828cff18e1b96c190a55f601e87a0c8dc30e6c8bbaffbac4a2fa1f09023f4c.jpg,82.6,,MD5=7c0269f7d6bf 同组4份 建议保留 ea828cff18e1b96c190a55f601e87a0c8dc30e6c8bbaffbac4a2fa1f09023f4c.jpg
冗余,P2,媒体内容重复,正式区,mineru/03-教材书籍/无机化学第6版Weller/无机化学第6版Weller/无机化学第6版副族金属有机565-748_images/ecfaa269faa8c85f92035f703d03e034e597eed2011094860b52110661a2029a.jpg,82.6,,MD5=7c0269f7d6bf 同组4份 建议保留 ea828cff18e1b96c190a55f601e87a0c8dc30e6c8bbaffbac4a2fa1f09023f4c.jpg
冗余,P2,媒体内容重复,正式区,媒体仓库/ea828cff18e1b96c190a55f601e87a0c8dc30e6c8bbaffbac4a2fa1f09023f4c.jpg,82.6,,MD5=7c0269f7d6bf 同组4份 建议保留 ea828cff18e1b96c190a55f601e87a0c8dc30e6c8bbaffbac4a2fa1f09023f4c.jpg
冗余,P2,媒体内容重复,正式区,06-外部资料导入/真题/省预赛/images/2022-浙江预赛_p15.png,244.7,,MD5=a626c7c2c883 同组2份 建议保留 2022-浙江预赛_p15.png
冗余,P2,媒体内容重复,正式区,媒体仓库/_待清理/_白边原图/2022-浙江预赛_p15.png,244.7,,MD5=a626c7c2c883 同组2份 建议保留 2022-浙江预赛_p15.png
冗余,P2,媒体内容重复,正式区,06-学生侧材料/学生讲义/media/10-1-zn-cu-galvanic-cell.jpg,22.0,,MD5=53bffa7386b2 同组12份 建议保留 10-1-zn-cu-galvanic-cell.jpg
冗余,P2,媒体内容重复,正式区,06-学生侧材料/学生讲义/media/galvanic-cell.jpg,22.0,,MD5=53bffa7386b2 同组12份 建议保留 10-1-zn-cu-galvanic-cell.jpg
冗余,P2,媒体内容重复,正式区,06-学生侧材料/讲义/media/10-1-zn-cu-galvanic-cell.jpg,22.0,,MD5=53bffa7386b2 同组12份 建议保留 10-1-zn-cu-galvanic-cell.jpg
冗余,P2,媒体内容重复,正式区,06-学生侧材料/讲义/media/galvanic-cell.jpg,22.0,,MD5=53bffa7386b2 同组12份 建议保留 10-1-zn-cu-galvanic-cell.jpg
冗余,P2,媒体内容重复,正式区,11-模板/scripts/.chem_media/10-1-zn-cu-galvanic-cell.jpg,22.0,,MD5=53bffa7386b2 同组12份 建议保留 10-1-zn-cu-galvanic-cell.jpg
冗余,P2,媒体内容重复,正式区,11-模板/scripts/.chem_media/ef643c15ec7025427771e84acaf7b7de6001e2d22f2f3e8874661a8543e567d3.jpg,22.0,,MD5=53bffa7386b2 同组12份 建议保留 10-1-zn-cu-galvanic-cell.jpg
冗余,P2,媒体内容重复,正式区,11-模板/scripts/.chem_media/galvanic-cell.jpg,22.0,,MD5=53bffa7386b2 同组12份 建议保留 10-1-zn-cu-galvanic-cell.jpg
冗余,P2,媒体内容重复,正式区,media/10-1-zn-cu-galvanic-cell.jpg,22.0,,MD5=53bffa7386b2 同组12份 建议保留 10-1-zn-cu-galvanic-cell.jpg
冗余,P2,媒体内容重复,正式区,media/galvanic-cell.jpg,22.0,,MD5=53bffa7386b2 同组12份 建议保留 10-1-zn-cu-galvanic-cell.jpg
冗余,P2,媒体内容重复,正式区,mineru/03-教材书籍/普通化学原理（第4版）/普通化学原理第4版201-400_images/aca2c77c309a2ca4a7c2499092251377fca18782a50885ae7d9e42b99332a1a3.jpg,22.0,,MD5=53bffa7386b2 同组12份 建议保留 10-1-zn-cu-galvanic-cell.jpg
冗余,P2,媒体内容重复,正式区,媒体仓库/ef643c15ec7025427771e84acaf7b7de6001e2d22f2f3e8874661a8543e567d3.jpg,22.0,,MD5=53bffa7386b2 同组12份 建议保留 10-1-zn-cu-galvanic-cell.jpg
冗余,P2,媒体内容重复,正式区,媒体仓库/galvanic-cell.jpg,22.0,,MD5=53bffa7386b2 同组12份 建议保留 10-1-zn-cu-galvanic-cell.jpg
冗余,P2,媒体内容重复,正式区,06-外部资料导入/真题/省预赛/images/2021-浙江预赛_p11.png,240.4,,MD5=7ac15115309b 同组2份 建议保留 2021-浙江预赛_p11.png
冗余,P2,媒体内容重复,正式区,媒体仓库/_待清理/_白边原图/2021-浙江预赛_p11.png,240.4,,MD5=7ac15115309b 同组2份 建议保留 2021-浙江预赛_p11.png
冗余,P2,媒体内容重复,正式区,11-模板/scripts/.chem_media/dipole_moment_vectors.jpg,119.5,,MD5=03013db834b2 同组3份 建议保留 dipole_moment_vectors.jpg
冗余,P2,媒体内容重复,正式区,media/dipole_moment_vectors.jpg,119.5,,MD5=03013db834b2 同组3份 建议保留 dipole_moment_vectors.jpg
冗余,P2,媒体内容重复,正式区,媒体仓库/dipole_moment_vectors.jpg,119.5,,MD5=03013db834b2 同组3份 建议保留 dipole_moment_vectors.jpg
冗余,P2,媒体内容重复,正式区,06-学生侧材料/学生讲义/media/mo-energy-diagram.jpg,59.5,,MD5=f607302e2d70 同组5份 建议保留 mo-energy-diagram.jpg
冗余,P2,媒体内容重复,正式区,06-学生侧材料/讲义/media/mo-energy-diagram.jpg,59.5,,MD5=f607302e2d70 同组5份 建议保留 mo-energy-diagram.jpg
冗余,P2,媒体内容重复,正式区,11-模板/scripts/.chem_media/mo-energy-diagram.jpg,59.5,,MD5=f607302e2d70 同组5份 建议保留 mo-energy-diagram.jpg
冗余,P2,媒体内容重复,正式区,mineru/03-教材书籍/普通化学原理（第4版）/普通化学原理第4版201-400_images/9927079e459e98b0af1ea76e24ea5b4725987f046d28069e2c62e73a151210d5.jpg,59.5,,MD5=f607302e2d70 同组5份 建议保留 mo-energy-diagram.jpg
冗余,P2,媒体内容重复,正式区,媒体仓库/606071d1fa90cd850d7f5ed2bfde50f49c43ec608e9ed346b7692084eab1a013.jpg,59.5,,MD5=f607302e2d70 同组5份 建议保留 mo-energy-diagram.jpg
冗余,P2,媒体内容重复,正式区,11-模板/scripts/.chem_media/5a4f833618750b4e7c333ae450b067aa47dfea18c4899c812847a2ac3717bb41.jpg,79.2,,MD5=0e1fe28b9443 同组4份 建议保留 5a4f833618750b4e7c333ae450b067aa47dfea18c4899c812847a2ac3717bb41.jpg
冗余,P2,媒体内容重复,正式区,media/5a4f833618750b4e7c333ae450b067aa47dfea18c4899c812847a2ac3717bb41.jpg,79.2,,MD5=0e1fe28b9443 同组4份 建议保留 5a4f833618750b4e7c333ae450b067aa47dfea18c4899c812847a2ac3717bb41.jpg
冗余,P2,媒体内容重复,正式区,mineru/03-教材书籍/ABOC有机化学/ABOC202505_200-397_images/5a4f833618750b4e7c333ae450b067aa47dfea18c4899c812847a2ac3717bb41.jpg,79.2,,MD5=0e1fe28b9443 同组4份 建议保留 5a4f833618750b4e7c333ae450b067aa47dfea18c4899c812847a2ac3717bb41.jpg
冗余,P2,媒体内容重复,正式区,媒体仓库/5a4f833618750b4e7c333ae450b067aa47dfea18c4899c812847a2ac3717bb41.jpg,79.2,,MD5=0e1fe28b9443 同组4份 建议保留 5a4f833618750b4e7c333ae450b067aa47dfea18c4899c812847a2ac3717bb41.jpg
冗余,P2,媒体内容重复,正式区,11-模板/scripts/.chem_media/atomic_radius_trend.jpg,117.9,,MD5=5ad16639897b 同组3份 建议保留 atomic_radius_trend.jpg
冗余,P2,媒体内容重复,正式区,11-模板/scripts/.chem_media/e1bb40386ec9b26ad256cc019aa8b1cfe0bccb02ed392776d8557e02f1190ba4.jpg,117.9,,MD5=5ad16639897b 同组3份 建议保留 atomic_radius_trend.jpg
冗余,P2,媒体内容重复,正式区,媒体仓库/e1bb40386ec9b26ad256cc019aa8b1cfe0bccb02ed392776d8557e02f1190ba4.jpg,117.9,,MD5=5ad16639897b 同组3份 建议保留 atomic_radius_trend.jpg
冗余,P2,媒体内容重复,正式区,11-模板/scripts/.chem_media/fischer-projection-rules.jpg,234.7,,MD5=9900057f2a18 同组2份 建议保留 fischer-projection-rules.jpg
冗余,P2,媒体内容重复,正式区,media/fischer-projection-rules.jpg,234.7,,MD5=9900057f2a18 同组2份 建议保留 fischer-projection-rules.jpg
冗余,P2,媒体内容重复,正式区,06-学生侧材料/学生讲义/media/base-catalysed-aldol.svg,58.6,,MD5=ee346f26563c 同组5份 建议保留 base-catalysed-aldol.svg
冗余,P2,媒体内容重复,正式区,11-模板/scripts/.chem_media/base-catalysed-aldol.svg,58.6,,MD5=ee346f26563c 同组5份 建议保留 base-catalysed-aldol.svg
冗余,P2,媒体内容重复,正式区,media/base-catalysed-aldol.svg,58.6,,MD5=ee346f26563c 同组5份 建议保留 base-catalysed-aldol.svg
冗余,P2,媒体内容重复,正式区,媒体仓库/64dab84c71e16b0c741ea1786a22bc388fd1bfe4764ef540b48f05fe975f4f20.svg,58.6,,MD5=ee346f26563c 同组5份 建议保留 base-catalysed-aldol.svg
冗余,P2,媒体内容重复,正式区,媒体仓库/base-catalysed-aldol.svg,58.6,,MD5=ee346f26563c 同组5份 建议保留 base-catalysed-aldol.svg
冗余,P2,媒体内容重复,正式区,媒体仓库/7937fa3a4ad6d5d9124ba067bca2710abd9c4ab591c0e70741f298f0452bda78.png,116.7,,MD5=dd100ec02cdc 同组3份 建议保留 7937fa3a4ad6d5d9124ba067bca2710abd9c4ab591c0e70741f298f0452bda78.png
冗余,P2,媒体内容重复,正式区,媒体仓库/octahedral_splitting.png,116.7,,MD5=dd100ec02cdc 同组3份 建议保留 7937fa3a4ad6d5d9124ba067bca2710abd9c4ab591c0e70741f298f0452bda78.png
冗余,P2,媒体内容重复,正式区,媒体仓库/八面体场d轨道分裂示意图.关系图.png,116.7,,MD5=dd100ec02cdc 同组3份 建议保留 7937fa3a4ad6d5d9124ba067bca2710abd9c4ab591c0e70741f298f0452bda78.png
冗余,P2,媒体内容重复,正式区,11-模板/scripts/.chem_media/e05aca2075576cddfee1cfbfb576bf72cc03f0dfb77fe46e24e474a86dd6824b.jpg,77.7,,MD5=4c98d6f8a662 同组4份 建议保留 e05aca2075576cddfee1cfbfb576bf72cc03f0dfb77fe46e24e474a86dd6824b.jpg
冗余,P2,媒体内容重复,正式区,media/e05aca2075576cddfee1cfbfb576bf72cc03f0dfb77fe46e24e474a86dd6824b.jpg,77.7,,MD5=4c98d6f8a662 同组4份 建议保留 e05aca2075576cddfee1cfbfb576bf72cc03f0dfb77fe46e24e474a86dd6824b.jpg
冗余,P2,媒体内容重复,正式区,mineru/03-教材书籍/ABOC有机化学/ABOC202505_200-397_images/e05aca2075576cddfee1cfbfb576bf72cc03f0dfb77fe46e24e474a86dd6824b.jpg,77.7,,MD5=4c98d6f8a662 同组4份 建议保留 e05aca2075576cddfee1cfbfb576bf72cc03f0dfb77fe46e24e474a86dd6824b.jpg
冗余,P2,媒体内容重复,正式区,媒体仓库/e05aca2075576cddfee1cfbfb576bf72cc03f0dfb77fe46e24e474a86dd6824b.jpg,77.7,,MD5=4c98d6f8a662 同组4份 建议保留 e05aca2075576cddfee1cfbfb576bf72cc03f0dfb77fe46e24e474a86dd6824b.jpg
冗余,P2,媒体内容重复,正式区,11-模板/scripts/.chem_media/5c8241febcd3b826059a5d62dba317256a5489246bf18382f0f6e5d8b69896fc.jpg,231.6,,MD5=e9c62dd36b8a 同组2份 建议保留 5c8241febcd3b826059a5d62dba317256a5489246bf18382f0f6e5d8b69896fc.jpg
冗余,P2,媒体内容重复,正式区,11-模板/scripts/.chem_media/spectrochemical_series_textbook.jpg,231.6,,MD5=e9c62dd36b8a 同组2份 建议保留 5c8241febcd3b826059a5d62dba317256a5489246bf18382f0f6e5d8b69896fc.jpg
冗余,P2,媒体内容重复,正式区,11-模板/scripts/.chem_media/271a35137c782919737d1ddff25418831c532a2a04c095a6384c6486f836a6a0.png,231.5,,MD5=e4a4f89bf143 同组2份 建议保留 271a35137c782919737d1ddff25418831c532a2a04c095a6384c6486f836a6a0.png
冗余,P2,媒体内容重复,正式区,媒体仓库/271a35137c782919737d1ddff25418831c532a2a04c095a6384c6486f836a6a0.png,231.5,,MD5=e4a4f89bf143 同组2份 建议保留 271a35137c782919737d1ddff25418831c532a2a04c095a6384c6486f836a6a0.png
冗余,P2,媒体内容重复,噪音缓存,.workbuddy/tmp/prov_crops/p23_14_mgcu.png,115.4,,MD5=cd4332530cdf 同组3份 建议保留 d81077defdea3620.png
冗余,P2,媒体内容重复,正式区,06-外部资料导入/真题/省预赛/crops/d81077defdea3620.png,115.4,,MD5=cd4332530cdf 同组3份 建议保留 d81077defdea3620.png
冗余,P2,媒体内容重复,正式区,媒体仓库/_待清理/_白边原图/d81077defdea3620.png,115.4,,MD5=cd4332530cdf 同组3份 建议保留 d81077defdea3620.png
冗余,P2,媒体内容重复,正式区,06-学生侧材料/学生讲义/media/12-8-ch4-nh3-h2o-bond-angle-comparison-sp3.jpg,28.7,,MD5=c684be2f70a6 同组9份 建议保留 12-8-ch4-nh3-h2o-bond-angle-comparison-sp3.jpg
冗余,P2,媒体内容重复,正式区,06-学生侧材料/讲义/media/12-8-ch4-nh3-h2o-bond-angle-comparison-sp3.jpg,28.7,,MD5=c684be2f70a6 同组9份 建议保留 12-8-ch4-nh3-h2o-bond-angle-comparison-sp3.jpg
冗余,P2,媒体内容重复,正式区,06-学生侧材料/讲义/media/e71fc55bf442fc666ce84c6d578d1808283adaa492b35088309529036e300427.jpg,28.7,,MD5=c684be2f70a6 同组9份 建议保留 12-8-ch4-nh3-h2o-bond-angle-comparison-sp3.jpg
冗余,P2,媒体内容重复,正式区,11-模板/scripts/.chem_media/0b2907dd64f43abf65db418f5bf51f489f18a8add74df45aab77421b7fe215ef.jpg,28.7,,MD5=c684be2f70a6 同组9份 建议保留 12-8-ch4-nh3-h2o-bond-angle-comparison-sp3.jpg
冗余,P2,媒体内容重复,正式区,11-模板/scripts/.chem_media/12-8-ch4-nh3-h2o-bond-angle-comparison-sp3.jpg,28.7,,MD5=c684be2f70a6 同组9份 建议保留 12-8-ch4-nh3-h2o-bond-angle-comparison-sp3.jpg
冗余,P2,媒体内容重复,正式区,11-模板/scripts/.chem_media/puha-molecular-geometry-comparison.jpg,28.7,,MD5=c684be2f70a6 同组9份 建议保留 12-8-ch4-nh3-h2o-bond-angle-comparison-sp3.jpg
冗余,P2,媒体内容重复,正式区,media/puha-molecular-geometry-comparison.jpg,28.7,,MD5=c684be2f70a6 同组9份 建议保留 12-8-ch4-nh3-h2o-bond-angle-comparison-sp3.jpg
冗余,P2,媒体内容重复,正式区,mineru/03-教材书籍/普通化学原理（第4版）/普通化学原理第4版201-400_images/e71fc55bf442fc666ce84c6d578d1808283adaa492b35088309529036e300427.jpg,28.7,,MD5=c684be2f70a6 同组9份 建议保留 12-8-ch4-nh3-h2o-bond-angle-comparison-sp3.jpg
冗余,P2,媒体内容重复,正式区,媒体仓库/0b2907dd64f43abf65db418f5bf51f489f18a8add74df45aab77421b7fe215ef.jpg,28.7,,MD5=c684be2f70a6 同组9份 建议保留 12-8-ch4-nh3-h2o-bond-angle-comparison-sp3.jpg
冗余,P2,媒体内容重复,正式区,11-模板/scripts/.chem_media/sigma-pi-bond-overlap.jpg,229.1,,MD5=a4d2dc926538 同组2份 建议保留 sigma-pi-bond-overlap.jpg
冗余,P2,媒体内容重复,正式区,media/sigma-pi-bond-overlap.jpg,229.1,,MD5=a4d2dc926538 同组2份 建议保留 sigma-pi-bond-overlap.jpg
冗余,P2,媒体内容重复,正式区,06-学生侧材料/学生讲义/media/11-20-cotton-orbital-energy-vs-Z.jpg,45.6,,MD5=6f8882344236 同组6份 建议保留 11-20-cotton-orbital-energy-vs-Z.jpg
冗余,P2,媒体内容重复,正式区,06-学生侧材料/讲义/media/11-20-cotton-orbital-energy-vs-Z.jpg,45.6,,MD5=6f8882344236 同组6份 建议保留 11-20-cotton-orbital-energy-vs-Z.jpg
冗余,P2,媒体内容重复,正式区,11-模板/scripts/.chem_media/11-20-cotton-orbital-energy-vs-Z.jpg,45.6,,MD5=6f8882344236 同组6份 建议保留 11-20-cotton-orbital-energy-vs-Z.jpg
冗余,P2,媒体内容重复,正式区,11-模板/scripts/.chem_media/6d0e31ece4577b0227fa26e10a8333702a494729a1963b303180d20d0b27bb2d.jpg,45.6,,MD5=6f8882344236 同组6份 建议保留 11-20-cotton-orbital-energy-vs-Z.jpg
冗余,P2,媒体内容重复,正式区,mineru/03-教材书籍/普通化学原理（第4版）/普通化学原理第4版201-400_images/e6943d864efa1ea664d5b7daa7cc7b441699f1cb13ad93acc42658c570df2c95.jpg,45.6,,MD5=6f8882344236 同组6份 建议保留 11-20-cotton-orbital-energy-vs-Z.jpg
冗余,P2,媒体内容重复,正式区,媒体仓库/6d0e31ece4577b0227fa26e10a8333702a494729a1963b303180d20d0b27bb2d.jpg,45.6,,MD5=6f8882344236 同组6份 建议保留 11-20-cotton-orbital-energy-vs-Z.jpg
冗余,P2,媒体内容重复,正式区,06-外部资料导入/无机化学Weller/无机化学第6版Welle19-21章_images/4cc7c4185020c71d6bf33dea621b25ae171ae83a1f4880e42bc973b227d3cce6.jpg,25.3,,MD5=e0735dc15dd0 同组10份 建议保留 4cc7c4185020c71d6bf33dea621b25ae171ae83a1f4880e42bc973b227d3cce6.jpg
冗余,P2,媒体内容重复,正式区,11-模板/scripts/.chem_media/083401fa3a2c65003b9c7dc3b06dd6dec9ceae29519a281b1a317cfe137022d6.jpg,25.3,,MD5=e0735dc15dd0 同组10份 建议保留 4cc7c4185020c71d6bf33dea621b25ae171ae83a1f4880e42bc973b227d3cce6.jpg
冗余,P2,媒体内容重复,正式区,11-模板/scripts/.chem_media/coord-spin-d6-weller-20-5.jpg,25.3,,MD5=e0735dc15dd0 同组10份 建议保留 4cc7c4185020c71d6bf33dea621b25ae171ae83a1f4880e42bc973b227d3cce6.jpg
冗余,P2,媒体内容重复,正式区,11-模板/scripts/.chem_media/weller-cft-d6-high-low-spin.jpg,25.3,,MD5=e0735dc15dd0 同组10份 建议保留 4cc7c4185020c71d6bf33dea621b25ae171ae83a1f4880e42bc973b227d3cce6.jpg
冗余,P2,媒体内容重复,正式区,media/coord-spin-d6-weller-20-5.jpg,25.3,,MD5=e0735dc15dd0 同组10份 建议保留 4cc7c4185020c71d6bf33dea621b25ae171ae83a1f4880e42bc973b227d3cce6.jpg
冗余,P2,媒体内容重复,正式区,media/weller-cft-d6-high-low-spin.jpg,25.3,,MD5=e0735dc15dd0 同组10份 建议保留 4cc7c4185020c71d6bf33dea621b25ae171ae83a1f4880e42bc973b227d3cce6.jpg
冗余,P2,媒体内容重复,正式区,mineru/03-教材书籍/无机化学第6版Weller/无机化学第6版Weller/无机化学第6版Welle19-21章_images/4cc7c4185020c71d6bf33dea621b25ae171ae83a1f4880e42bc973b227d3cce6.jpg,25.3,,MD5=e0735dc15dd0 同组10份 建议保留 4cc7c4185020c71d6bf33dea621b25ae171ae83a1f4880e42bc973b227d3cce6.jpg
冗余,P2,媒体内容重复,正式区,mineru/03-教材书籍/无机化学第6版Weller/无机化学第6版Weller/无机化学第6版副族金属有机565-748_images/cbdf250a776f4d002d313af1c55a3b398cb19b47306a4af69cdc5ab12c04e2b3.jpg,25.3,,MD5=e0735dc15dd0 同组10份 建议保留 4cc7c4185020c71d6bf33dea621b25ae171ae83a1f4880e42bc973b227d3cce6.jpg
冗余,P2,媒体内容重复,正式区,媒体仓库/083401fa3a2c65003b9c7dc3b06dd6dec9ceae29519a281b1a317cfe137022d6.jpg,25.3,,MD5=e0735dc15dd0 同组10份 建议保留 4cc7c4185020c71d6bf33dea621b25ae171ae83a1f4880e42bc973b227d3cce6.jpg
冗余,P2,媒体内容重复,正式区,媒体仓库/4cc7c4185020c71d6bf33dea621b25ae171ae83a1f4880e42bc973b227d3cce6.jpg,25.3,,MD5=e0735dc15dd0 同组10份 建议保留 4cc7c4185020c71d6bf33dea621b25ae171ae83a1f4880e42bc973b227d3cce6.jpg
冗余,P2,媒体内容重复,正式区,11-模板/scripts/.chem_media/aufbau-filling-diagram.jpg,227.3,,MD5=9cf4f3f7a5eb 同组2份 建议保留 aufbau-filling-diagram.jpg
冗余,P2,媒体内容重复,正式区,media/aufbau-filling-diagram.jpg,227.3,,MD5=9cf4f3f7a5eb 同组2份 建议保留 aufbau-filling-diagram.jpg
冗余,P2,媒体内容重复,正式区,06-外部资料导入/无机化学Weller/无机化学第6版Welle19-21章_images/6203bf8836fd71cb5c4cbf639088983ef2a1299765055b689e27fa7f8ee6033f.jpg,28.1,,MD5=a36f884d4d8b 同组9份 建议保留 6203bf8836fd71cb5c4cbf639088983ef2a1299765055b689e27fa7f8ee6033f.jpg
冗余,P2,媒体内容重复,正式区,06-学生侧材料/学生讲义/media/m2-hydration-enthalpy-cfse.jpg,28.1,,MD5=a36f884d4d8b 同组9份 建议保留 6203bf8836fd71cb5c4cbf639088983ef2a1299765055b689e27fa7f8ee6033f.jpg
冗余,P2,媒体内容重复,正式区,06-学生侧材料/讲义/media/m2-hydration-enthalpy-cfse.jpg,28.1,,MD5=a36f884d4d8b 同组9份 建议保留 6203bf8836fd71cb5c4cbf639088983ef2a1299765055b689e27fa7f8ee6033f.jpg
冗余,P2,媒体内容重复,正式区,11-模板/scripts/.chem_media/4e17542ada04db2451814e4687b9a5ecce93d3e66c7c82c9b9cefa48a2640473.jpg,28.1,,MD5=a36f884d4d8b 同组9份 建议保留 6203bf8836fd71cb5c4cbf639088983ef2a1299765055b689e27fa7f8ee6033f.jpg
冗余,P2,媒体内容重复,正式区,11-模板/scripts/.chem_media/m2-hydration-enthalpy-cfse.jpg,28.1,,MD5=a36f884d4d8b 同组9份 建议保留 6203bf8836fd71cb5c4cbf639088983ef2a1299765055b689e27fa7f8ee6033f.jpg
冗余,P2,媒体内容重复,正式区,mineru/03-教材书籍/无机化学第6版Weller/无机化学第6版Weller/无机化学第6版Welle19-21章_images/6203bf8836fd71cb5c4cbf639088983ef2a1299765055b689e27fa7f8ee6033f.jpg,28.1,,MD5=a36f884d4d8b 同组9份 建议保留 6203bf8836fd71cb5c4cbf639088983ef2a1299765055b689e27fa7f8ee6033f.jpg
冗余,P2,媒体内容重复,正式区,mineru/03-教材书籍/无机化学第6版Weller/无机化学第6版Weller/无机化学第6版副族金属有机565-748_images/7a6fa5f6fb9357c56ec0322f8210520727a8aede211369a272d9c0f983fa6e31.jpg,28.1,,MD5=a36f884d4d8b 同组9份 建议保留 6203bf8836fd71cb5c4cbf639088983ef2a1299765055b689e27fa7f8ee6033f.jpg
冗余,P2,媒体内容重复,正式区,媒体仓库/4e17542ada04db2451814e4687b9a5ecce93d3e66c7c82c9b9cefa48a2640473.jpg,28.1,,MD5=a36f884d4d8b 同组9份 建议保留 6203bf8836fd71cb5c4cbf639088983ef2a1299765055b689e27fa7f8ee6033f.jpg
冗余,P2,媒体内容重复,正式区,媒体仓库/6203bf8836fd71cb5c4cbf639088983ef2a1299765055b689e27fa7f8ee6033f.jpg,28.1,,MD5=a36f884d4d8b 同组9份 建议保留 6203bf8836fd71cb5c4cbf639088983ef2a1299765055b689e27fa7f8ee6033f.jpg
冗余,P2,媒体内容重复,正式区,11-模板/scripts/.chem_media/zhao_ch351_spectrophotometry_data.jpg,74.3,,MD5=051fae308243 同组4份 建议保留 zhao_ch351_spectrophotometry_data.jpg
冗余,P2,媒体内容重复,正式区,media/zhao_ch351_spectrophotometry_data.jpg,74.3,,MD5=051fae308243 同组4份 建议保留 zhao_ch351_spectrophotometry_data.jpg
冗余,P2,媒体内容重复,正式区,媒体仓库/201fc104b0be0b713095af3bdde1d74c85c8c0761faa5c32e0ddd37284bae1a2.jpg,74.3,,MD5=051fae308243 同组4份 建议保留 zhao_ch351_spectrophotometry_data.jpg
冗余,P2,媒体内容重复,正式区,"高中化学竞赛笔记/高中化学竞赛基本理论学习笔记--赵鑫光--1,2017--吉林大学出版社--9787569212730-_351-482_images/201fc104b0be0b713095af3bdde1d74c85c8c0761faa5c32e0ddd37284bae1a2.jpg",74.3,,MD5=051fae308243 同组4份 建议保留 zhao_ch351_spectrophotometry_data.jpg
冗余,P2,媒体内容重复,正式区,06-学生侧材料/学生讲义/media/glycogen.png,73.9,,MD5=1381dc1ed344 同组4份 建议保留 glycogen.png
冗余,P2,媒体内容重复,正式区,06-学生侧材料/讲义/media/glycogen.png,73.9,,MD5=1381dc1ed344 同组4份 建议保留 glycogen.png
冗余,P2,媒体内容重复,正式区,11-模板/scripts/.chem_media/glycogen.png,73.9,,MD5=1381dc1ed344 同组4份 建议保留 glycogen.png
冗余,P2,媒体内容重复,正式区,媒体仓库/c0c788b18c131bfc70c7a4cea5115ba90f7da1a8f642f6c6d0e2d6cc88467b63.png,73.9,,MD5=1381dc1ed344 同组4份 建议保留 glycogen.png
冗余,P2,媒体内容重复,正式区,中级无机化学/中级无机化学_1-199_images/560b3a63a0ddedf5b55af0d514cf7f953117a2c8194a3ceeacf350b61959e647.jpg,110.6,,MD5=01fcf83e9f5f 同组3份 建议保留 560b3a63a0ddedf5b55af0d514cf7f953117a2c8194a3ceeacf350b61959e647.jpg
冗余,P2,媒体内容重复,正式区,媒体仓库/560b3a63a0ddedf5b55af0d514cf7f953117a2c8194a3ceeacf350b61959e647.jpg,110.6,,MD5=01fcf83e9f5f 同组3份 建议保留 560b3a63a0ddedf5b55af0d514cf7f953117a2c8194a3ceeacf350b61959e647.jpg
冗余,P2,媒体内容重复,正式区,媒体仓库/zjwx_ch5_borane_structure_relations.jpg,110.6,,MD5=01fcf83e9f5f 同组3份 建议保留 560b3a63a0ddedf5b55af0d514cf7f953117a2c8194a3ceeacf350b61959e647.jpg
冗余,P2,媒体内容重复,正式区,11-模板/scripts/.chem_media/aromaticity-comparison.jpg,221.2,,MD5=16327ef1860e 同组2份 建议保留 aromaticity-comparison.jpg
冗余,P2,媒体内容重复,正式区,media/aromaticity-comparison.jpg,221.2,,MD5=16327ef1860e 同组2份 建议保留 aromaticity-comparison.jpg
冗余,P2,媒体内容重复,正式区,11-模板/scripts/.chem_media/ed14582f44e9ca63ec656757a40a0dcfd52b288055298275d31f0468d78fc88c.png,110.1,,MD5=e21ae1c9832c 同组3份 建议保留 ed14582f44e9ca63ec656757a40a0dcfd52b288055298275d31f0468d78fc88c.png
冗余,P2,媒体内容重复,正式区,11-模板/scripts/.chem_media/water_hydrogen_bond_2d.png,110.1,,MD5=e21ae1c9832c 同组3份 建议保留 ed14582f44e9ca63ec656757a40a0dcfd52b288055298275d31f0468d78fc88c.png
冗余,P2,媒体内容重复,正式区,媒体仓库/ed14582f44e9ca63ec656757a40a0dcfd52b288055298275d31f0468d78fc88c.png,110.1,,MD5=e21ae1c9832c 同组3份 建议保留 ed14582f44e9ca63ec656757a40a0dcfd52b288055298275d31f0468d78fc88c.png
冗余,P2,媒体内容重复,正式区,11-模板/scripts/.chem_media/img_MO.png,219.8,,MD5=981e32132361 同组2份 建议保留 img_MO.png
冗余,P2,媒体内容重复,正式区,11-模板/scripts/.chem_media/第二周期MO能级对比.关系图.png,219.8,,MD5=981e32132361 同组2份 建议保留 img_MO.png
冗余,P2,媒体内容重复,正式区,11-模板/scripts/.chem_media/high-low-spin-decision-tree-bw.png,219.7,,MD5=8e21a209a43e 同组2份 建议保留 high-low-spin-decision-tree-bw.png
冗余,P2,媒体内容重复,正式区,media/high-low-spin-decision-tree-bw.png,219.7,,MD5=8e21a209a43e 同组2份 建议保留 high-low-spin-decision-tree-bw.png
冗余,P2,媒体内容重复,正式区,06-学生侧材料/讲义/media/对角线规则-电荷密度示意图.relationship.png,219.6,,MD5=7aa5eaf2162c 同组2份 建议保留 对角线规则-电荷密度示意图.relationship.png
冗余,P2,媒体内容重复,正式区,11-模板/scripts/.chem_media/对角线规则-电荷密度示意图.relationship.png,219.6,,MD5=7aa5eaf2162c 同组2份 建议保留 对角线规则-电荷密度示意图.relationship.png
冗余,P2,媒体内容重复,正式区,06-外部资料导入/真题/省预赛/images/2022-浙江预赛_p11.png,219.5,,MD5=6bdae568a2b9 同组2份 建议保留 2022-浙江预赛_p11.png
冗余,P2,媒体内容重复,正式区,媒体仓库/_待清理/_白边原图/2022-浙江预赛_p11.png,219.5,,MD5=6bdae568a2b9 同组2份 建议保留 2022-浙江预赛_p11.png
冗余,P2,媒体内容重复,正式区,11-模板/scripts/.chem_media/zhao_lead_acid_battery.jpg,54.6,,MD5=6e2fa0f9bdc3 同组5份 建议保留 zhao_lead_acid_battery.jpg
冗余,P2,媒体内容重复,正式区,media/zhao_lead_acid_battery.jpg,54.6,,MD5=6e2fa0f9bdc3 同组5份 建议保留 zhao_lead_acid_battery.jpg
冗余,P2,媒体内容重复,正式区,媒体仓库/14214a2621ae830220dab51c240a0e05bfef22151ede53302d963189a8f79aac.jpg,54.6,,MD5=6e2fa0f9bdc3 同组5份 建议保留 zhao_lead_acid_battery.jpg
冗余,P2,媒体内容重复,正式区,媒体仓库/zhao_lead_acid_battery.jpg,54.6,,MD5=6e2fa0f9bdc3 同组5份 建议保留 zhao_lead_acid_battery.jpg
冗余,P2,媒体内容重复,正式区,"高中化学竞赛笔记/高中化学竞赛基本理论学习笔记--赵鑫光--1,2017--吉林大学出版社--9787569212730-_200-350_images/14214a2621ae830220dab51c240a0e05bfef22151ede53302d963189a8f79aac.jpg",54.6,,MD5=6e2fa0f9bdc3 同组5份 建议保留 zhao_lead_acid_battery.jpg
冗余,P2,媒体内容重复,正式区,11-模板/scripts/.chem_media/beer-lambert-law-plot.jpg,218.3,,MD5=09307ec30650 同组2份 建议保留 beer-lambert-law-plot.jpg
冗余,P2,媒体内容重复,正式区,media/beer-lambert-law-plot.jpg,218.3,,MD5=09307ec30650 同组2份 建议保留 beer-lambert-law-plot.jpg
冗余,P2,媒体内容重复,正式区,11-模板/scripts/.chem_media/41529b2a468b06c4a7903c5ea43d0eac93c822ff6f79be02b7397e10c763fef7.jpg,72.6,,MD5=5756408eff43 同组4份 建议保留 41529b2a468b06c4a7903c5ea43d0eac93c822ff6f79be02b7397e10c763fef7.jpg
冗余,P2,媒体内容重复,正式区,media/41529b2a468b06c4a7903c5ea43d0eac93c822ff6f79be02b7397e10c763fef7.jpg,72.6,,MD5=5756408eff43 同组4份 建议保留 41529b2a468b06c4a7903c5ea43d0eac93c822ff6f79be02b7397e10c763fef7.jpg
冗余,P2,媒体内容重复,正式区,mineru/03-教材书籍/ABOC有机化学/ABOC202505_200-397_images/41529b2a468b06c4a7903c5ea43d0eac93c822ff6f79be02b7397e10c763fef7.jpg,72.6,,MD5=5756408eff43 同组4份 建议保留 41529b2a468b06c4a7903c5ea43d0eac93c822ff6f79be02b7397e10c763fef7.jpg
冗余,P2,媒体内容重复,正式区,媒体仓库/41529b2a468b06c4a7903c5ea43d0eac93c822ff6f79be02b7397e10c763fef7.jpg,72.6,,MD5=5756408eff43 同组4份 建议保留 41529b2a468b06c4a7903c5ea43d0eac93c822ff6f79be02b7397e10c763fef7.jpg
冗余,P2,媒体内容重复,正式区,11-模板/scripts/.chem_media/bragg-geometry.png,72.2,,MD5=f1a7bb371c77 同组4份 建议保留 bragg-geometry.png
冗余,P2,媒体内容重复,正式区,11-模板/scripts/.chem_media/d5b5f78c3a235ab1298a43c1c94e74578cf75838c8e183e24759e6f6f7692ff9.png,72.2,,MD5=f1a7bb371c77 同组4份 建议保留 bragg-geometry.png
冗余,P2,媒体内容重复,正式区,media/bragg-geometry.png,72.2,,MD5=f1a7bb371c77 同组4份 建议保留 bragg-geometry.png
冗余,P2,媒体内容重复,正式区,媒体仓库/_待清理/_白边原图/d5b5f78c3a235ab1298a43c1c94e74578cf75838c8e183e24759e6f6f7692ff9.png,72.2,,MD5=f1a7bb371c77 同组4份 建议保留 bragg-geometry.png
冗余,P2,媒体内容重复,正式区,11-模板/scripts/.chem_media/sigma-pi-backbonding.png,107.3,,MD5=1d6c0d1e4ab3 同组3份 建议保留 sigma-pi-backbonding.png
冗余,P2,媒体内容重复,正式区,media/sigma-pi-backbonding.png,107.3,,MD5=1d6c0d1e4ab3 同组3份 建议保留 sigma-pi-backbonding.png
冗余,P2,媒体内容重复,正式区,媒体仓库/_待清理/_白边原图/sigma-pi-backbonding.png,107.3,,MD5=1d6c0d1e4ab3 同组3份 建议保留 sigma-pi-backbonding.png
冗余,P2,媒体内容重复,正式区,11-模板/scripts/.chem_media/5ae296f4c806d698fc9920744aaf020cfbd9a253c9b27331573ea8adbac86469.png,214.5,,MD5=a79708cca0bd 同组2份 建议保留 5ae296f4c806d698fc9920744aaf020cfbd9a253c9b27331573ea8adbac86469.png
冗余,P2,媒体内容重复,正式区,媒体仓库/5ae296f4c806d698fc9920744aaf020cfbd9a253c9b27331573ea8adbac86469.png,214.5,,MD5=a79708cca0bd 同组2份 建议保留 5ae296f4c806d698fc9920744aaf020cfbd9a253c9b27331573ea8adbac86469.png
冗余,P2,媒体内容重复,正式区,11-模板/scripts/.chem_media/499e6d5b90a6817b601c1189657f2181d2a9ad4fc426e2fe14be7913e6eb6914.jpg,106.9,,MD5=374196696d37 同组3份 建议保留 499e6d5b90a6817b601c1189657f2181d2a9ad4fc426e2fe14be7913e6eb6914.jpg
冗余,P2,媒体内容重复,正式区,11-模板/scripts/.chem_media/first_ionization_energy_trend.jpg,106.9,,MD5=374196696d37 同组3份 建议保留 499e6d5b90a6817b601c1189657f2181d2a9ad4fc426e2fe14be7913e6eb6914.jpg
冗余,P2,媒体内容重复,正式区,媒体仓库/499e6d5b90a6817b601c1189657f2181d2a9ad4fc426e2fe14be7913e6eb6914.jpg,106.9,,MD5=374196696d37 同组3份 建议保留 499e6d5b90a6817b601c1189657f2181d2a9ad4fc426e2fe14be7913e6eb6914.jpg
冗余,P2,媒体内容重复,正式区,11-模板/scripts/.chem_media/cotunnite-PbCl2-structure.png,213.0,,MD5=7928e1a1b46a 同组2份 建议保留 cotunnite-PbCl2-structure.png
冗余,P2,媒体内容重复,正式区,media/cotunnite-PbCl2-structure.png,213.0,,MD5=7928e1a1b46a 同组2份 建议保留 cotunnite-PbCl2-structure.png
冗余,P2,媒体内容重复,正式区,11-模板/scripts/.chem_media/zhao_ch351_potentiometric_titration.jpg,71.0,,MD5=1cd7131328ce 同组4份 建议保留 zhao_ch351_potentiometric_titration.jpg
冗余,P2,媒体内容重复,正式区,media/zhao_ch351_potentiometric_titration.jpg,71.0,,MD5=1cd7131328ce 同组4份 建议保留 zhao_ch351_potentiometric_titration.jpg
冗余,P2,媒体内容重复,正式区,媒体仓库/16048689a9b2c4a15356e3050e4a80fa84e369375f5906dac934071e04c96ff2.jpg,71.0,,MD5=1cd7131328ce 同组4份 建议保留 zhao_ch351_potentiometric_titration.jpg
冗余,P2,媒体内容重复,正式区,"高中化学竞赛笔记/高中化学竞赛基本理论学习笔记--赵鑫光--1,2017--吉林大学出版社--9787569212730-_351-482_images/16048689a9b2c4a15356e3050e4a80fa84e369375f5906dac934071e04c96ff2.jpg",71.0,,MD5=1cd7131328ce 同组4份 建议保留 zhao_ch351_potentiometric_titration.jpg
冗余,P2,媒体内容重复,正式区,11-模板/scripts/.chem_media/tga-curve-cu2oh2co3.png,212.3,,MD5=17d224f244d0 同组2份 建议保留 tga-curve-cu2oh2co3.png
冗余,P2,媒体内容重复,正式区,media/tga-curve-cu2oh2co3.png,212.3,,MD5=17d224f244d0 同组2份 建议保留 tga-curve-cu2oh2co3.png
冗余,P2,媒体内容重复,正式区,11-模板/scripts/.chem_media/diagonal-rule-bw.png,212.2,,MD5=a9e48075fc9d 同组2份 建议保留 diagonal-rule-bw.png
冗余,P2,媒体内容重复,正式区,media/diagonal-rule-bw.png,212.2,,MD5=a9e48075fc9d 同组2份 建议保留 diagonal-rule-bw.png
冗余,P2,媒体内容重复,正式区,11-模板/scripts/.chem_media/zgxg-vsepr-summary-table.jpg,70.4,,MD5=bf7cdcae89dd 同组4份 建议保留 zgxg-vsepr-summary-table.jpg
冗余,P2,媒体内容重复,正式区,media/zgxg-vsepr-summary-table.jpg,70.4,,MD5=bf7cdcae89dd 同组4份 建议保留 zgxg-vsepr-summary-table.jpg
冗余,P2,媒体内容重复,正式区,媒体仓库/ef01f7114618df7ccb72d5999384cca005a8b1ff11d59f6b07c6562f525595c6.jpg,70.4,,MD5=bf7cdcae89dd 同组4份 建议保留 zgxg-vsepr-summary-table.jpg
冗余,P2,媒体内容重复,正式区,媒体仓库/zgxg-vsepr-summary-table.jpg,70.4,,MD5=bf7cdcae89dd 同组4份 建议保留 zgxg-vsepr-summary-table.jpg
冗余,P2,媒体内容重复,正式区,11-模板/scripts/.chem_media/c660d304807a309a098d5003bc9ce93cd29a1bd8471af4df6172db1f0d8fe691.png,104.6,,MD5=ae5bb18100ca 同组3份 建议保留 c660d304807a309a098d5003bc9ce93cd29a1bd8471af4df6172db1f0d8fe691.png
冗余,P2,媒体内容重复,正式区,11-模板/scripts/.chem_media/图-点阵结构基元晶胞关系.png,104.6,,MD5=ae5bb18100ca 同组3份 建议保留 c660d304807a309a098d5003bc9ce93cd29a1bd8471af4df6172db1f0d8fe691.png
冗余,P2,媒体内容重复,正式区,媒体仓库/_待清理/_白边原图/c660d304807a309a098d5003bc9ce93cd29a1bd8471af4df6172db1f0d8fe691.png,104.6,,MD5=ae5bb18100ca 同组3份 建议保留 c660d304807a309a098d5003bc9ce93cd29a1bd8471af4df6172db1f0d8fe691.png
冗余,P2,媒体内容重复,正式区,11-模板/scripts/.chem_media/h3po4-distribution-delta-ph.png,206.7,,MD5=9761b6317d5d 同组2份 建议保留 h3po4-distribution-delta-ph.png
冗余,P2,媒体内容重复,正式区,media/h3po4-distribution-delta-ph.png,206.7,,MD5=9761b6317d5d 同组2份 建议保留 h3po4-distribution-delta-ph.png
冗余,P2,媒体内容重复,正式区,11-模板/scripts/.chem_media/eaef7b64eeb6d4ea1c688a864401d61e111dbcc44fb8a818ba938560b3f2ded1.jpg,68.5,,MD5=ab72e3b4189b 同组4份 建议保留 eaef7b64eeb6d4ea1c688a864401d61e111dbcc44fb8a818ba938560b3f2ded1.jpg
冗余,P2,媒体内容重复,正式区,media/eaef7b64eeb6d4ea1c688a864401d61e111dbcc44fb8a818ba938560b3f2ded1.jpg,68.5,,MD5=ab72e3b4189b 同组4份 建议保留 eaef7b64eeb6d4ea1c688a864401d61e111dbcc44fb8a818ba938560b3f2ded1.jpg
冗余,P2,媒体内容重复,正式区,mineru/03-教材书籍/ABOC有机化学/ABOC202505_200-397_images/eaef7b64eeb6d4ea1c688a864401d61e111dbcc44fb8a818ba938560b3f2ded1.jpg,68.5,,MD5=ab72e3b4189b 同组4份 建议保留 eaef7b64eeb6d4ea1c688a864401d61e111dbcc44fb8a818ba938560b3f2ded1.jpg
冗余,P2,媒体内容重复,正式区,媒体仓库/eaef7b64eeb6d4ea1c688a864401d61e111dbcc44fb8a818ba938560b3f2ded1.jpg,68.5,,MD5=ab72e3b4189b 同组4份 建议保留 eaef7b64eeb6d4ea1c688a864401d61e111dbcc44fb8a818ba938560b3f2ded1.jpg
冗余,P2,媒体内容重复,正式区,06-学生侧材料/学生讲义/media/grignard-mechanism-phbr-to-phcooh.png,51.3,,MD5=5edfa1c627e4 同组5份 建议保留 grignard-mechanism-phbr-to-phcooh.png
冗余,P2,媒体内容重复,正式区,06-学生侧材料/讲义/media/grignard-mechanism-phbr-to-phcooh.png,51.3,,MD5=5edfa1c627e4 同组5份 建议保留 grignard-mechanism-phbr-to-phcooh.png
冗余,P2,媒体内容重复,正式区,11-模板/scripts/.chem_media/grignard-mechanism-phbr-to-phcooh.png,51.3,,MD5=5edfa1c627e4 同组5份 建议保留 grignard-mechanism-phbr-to-phcooh.png
冗余,P2,媒体内容重复,正式区,media/grignard-mechanism-phbr-to-phcooh.png,51.3,,MD5=5edfa1c627e4 同组5份 建议保留 grignard-mechanism-phbr-to-phcooh.png
冗余,P2,媒体内容重复,正式区,媒体仓库/_待清理/_白边原图/grignard-mechanism-phbr-to-phcooh.png,51.3,,MD5=5edfa1c627e4 同组5份 建议保留 grignard-mechanism-phbr-to-phcooh.png
冗余,P2,媒体内容重复,正式区,06-学生侧材料/学生讲义/media/wh-correlation.png,68.1,,MD5=97e370b62fee 同组4份 建议保留 wh-correlation.png
冗余,P2,媒体内容重复,正式区,06-学生侧材料/讲义/media/wh-correlation.png,68.1,,MD5=97e370b62fee 同组4份 建议保留 wh-correlation.png
冗余,P2,媒体内容重复,正式区,11-模板/scripts/.chem_media/wh-correlation.png,68.1,,MD5=97e370b62fee 同组4份 建议保留 wh-correlation.png
冗余,P2,媒体内容重复,正式区,媒体仓库/82620891e5c107b7f6608c9fcfdf573c7243cefa89d300b37a02647f54c7d79c.png,68.1,,MD5=97e370b62fee 同组4份 建议保留 wh-correlation.png
冗余,P2,媒体内容重复,正式区,11-模板/scripts/.chem_media/weller-metallocene-mo-energy-level-D5h-fig22-13.jpg,102.0,,MD5=82708a88d685 同组3份 建议保留 weller-metallocene-mo-energy-level-D5h-fig22-13.jpg
冗余,P2,媒体内容重复,正式区,media/weller-metallocene-mo-energy-level-D5h-fig22-13.jpg,102.0,,MD5=82708a88d685 同组3份 建议保留 weller-metallocene-mo-energy-level-D5h-fig22-13.jpg
冗余,P2,媒体内容重复,正式区,mineru/03-教材书籍/无机化学第6版Weller/无机化学第6版Weller/无机化学第6版副族金属有机565-748_images/9a4ff9af6c09938d3b0690f6de49b2beeb40cd93d5985238732f6d65b621ead8.jpg,102.0,,MD5=82708a88d685 同组3份 建议保留 weller-metallocene-mo-energy-level-D5h-fig22-13.jpg
冗余,P2,媒体内容重复,正式区,06-学生侧材料/学生讲义/media/nitrogen-species-conversion.jpg,50.9,,MD5=2ea9b8fc8c9d 同组5份 建议保留 nitrogen-species-conversion.jpg
冗余,P2,媒体内容重复,正式区,06-学生侧材料/讲义/media/nitrogen-species-conversion.jpg,50.9,,MD5=2ea9b8fc8c9d 同组5份 建议保留 nitrogen-species-conversion.jpg
冗余,P2,媒体内容重复,正式区,11-模板/scripts/.chem_media/nitrogen-species-conversion.jpg,50.9,,MD5=2ea9b8fc8c9d 同组5份 建议保留 nitrogen-species-conversion.jpg
冗余,P2,媒体内容重复,正式区,mineru/03-教材书籍/无机化学第6版Weller/无机化学第6版Weller/无机化学第6版主族364-564_images/ce58df08aa79e546017fa3305bcc902c8da6f7f85324898ec18cbde0478d5157.jpg,50.9,,MD5=2ea9b8fc8c9d 同组5份 建议保留 nitrogen-species-conversion.jpg
冗余,P2,媒体内容重复,正式区,媒体仓库/f0ee534b24c97040bdfd7d3a68d3841eaa9152f374f35c86064405d8d5dc6cda.jpg,50.9,,MD5=2ea9b8fc8c9d 同组5份 建议保留 nitrogen-species-conversion.jpg
冗余,P2,媒体内容重复,正式区,06-外部资料导入/人教版教材/教师版/（已压缩）必修1_images/0377f870776741c8f2c16061a612e371846add40d25e5a38c930fc0a9b5c9496.jpg,203.1,,MD5=797a6cadd2f3 同组2份 建议保留 0377f870776741c8f2c16061a612e371846add40d25e5a38c930fc0a9b5c9496.jpg
冗余,P2,媒体内容重复,正式区,媒体仓库/0377f870776741c8f2c16061a612e371846add40d25e5a38c930fc0a9b5c9496.jpg,203.1,,MD5=797a6cadd2f3 同组2份 建议保留 0377f870776741c8f2c16061a612e371846add40d25e5a38c930fc0a9b5c9496.jpg
冗余,P2,媒体内容重复,正式区,06-学生侧材料/学生讲义/media/weller-alkali-metal-thermodynamic-cycle-electrode-potential.jpg,33.7,,MD5=73c36548879e 同组7份 建议保留 weller-alkali-metal-thermodynamic-cycle-electrode-potential.jpg
冗余,P2,媒体内容重复,正式区,06-学生侧材料/讲义/media/b39f342c13e78d9df97c15bbd0a5df48c166e2cf88ea25afcbcd78928c461a3b.jpg,33.7,,MD5=73c36548879e 同组7份 建议保留 weller-alkali-metal-thermodynamic-cycle-electrode-potential.jpg
冗余,P2,媒体内容重复,正式区,06-学生侧材料/讲义/media/weller-alkali-metal-thermodynamic-cycle-electrode-potential.jpg,33.7,,MD5=73c36548879e 同组7份 建议保留 weller-alkali-metal-thermodynamic-cycle-electrode-potential.jpg
冗余,P2,媒体内容重复,正式区,11-模板/scripts/.chem_media/weller-alkali-metal-thermodynamic-cycle-electrode-potential.jpg,33.7,,MD5=73c36548879e 同组7份 建议保留 weller-alkali-metal-thermodynamic-cycle-electrode-potential.jpg
冗余,P2,媒体内容重复,正式区,media/weller-alkali-metal-thermodynamic-cycle-electrode-potential.jpg,33.7,,MD5=73c36548879e 同组7份 建议保留 weller-alkali-metal-thermodynamic-cycle-electrode-potential.jpg
冗余,P2,媒体内容重复,正式区,mineru/03-教材书籍/无机化学第6版Weller/无机化学第6版Weller/无机化学第6版主族364-564_images/b39f342c13e78d9df97c15bbd0a5df48c166e2cf88ea25afcbcd78928c461a3b.jpg,33.7,,MD5=73c36548879e 同组7份 建议保留 weller-alkali-metal-thermodynamic-cycle-electrode-potential.jpg
冗余,P2,媒体内容重复,正式区,媒体仓库/09a8251550d161822e8bbf59dcc64b0bab59dca20959f0f26ad4bbc3f3bb312b.jpg,33.7,,MD5=73c36548879e 同组7份 建议保留 weller-alkali-metal-thermodynamic-cycle-electrode-potential.jpg
冗余,P2,媒体内容重复,正式区,11-模板/scripts/.chem_media/36df1881228515b2920ea01f58446cd54084a04d6cd685facec101ece6775224.png,67.2,,MD5=816490db7294 同组4份 建议保留 36df1881228515b2920ea01f58446cd54084a04d6cd685facec101ece6775224.png
冗余,P2,媒体内容重复,正式区,11-模板/scripts/.chem_media/cis-trans-isomers.png,67.2,,MD5=816490db7294 同组4份 建议保留 36df1881228515b2920ea01f58446cd54084a04d6cd685facec101ece6775224.png
冗余,P2,媒体内容重复,正式区,media/cis-trans-isomers.png,67.2,,MD5=816490db7294 同组4份 建议保留 36df1881228515b2920ea01f58446cd54084a04d6cd685facec101ece6775224.png
冗余,P2,媒体内容重复,正式区,媒体仓库/_待清理/_白边原图/36df1881228515b2920ea01f58446cd54084a04d6cd685facec101ece6775224.png,67.2,,MD5=816490db7294 同组4份 建议保留 36df1881228515b2920ea01f58446cd54084a04d6cd685facec101ece6775224.png
冗余,P2,媒体内容重复,正式区,mineru/03-教材书籍/ABOC有机化学/ABOC202505_200-397_images/263162ee51458cc23a559d44bba6d2ea2ade8f4ecfff1eb59dd5f9edbbb1eb04.jpg,201.4,,MD5=d8d56a4ea4b9 同组2份 建议保留 263162ee51458cc23a559d44bba6d2ea2ade8f4ecfff1eb59dd5f9edbbb1eb04.jpg
冗余,P2,媒体内容重复,正式区,媒体仓库/263162ee51458cc23a559d44bba6d2ea2ade8f4ecfff1eb59dd5f9edbbb1eb04.jpg,201.4,,MD5=d8d56a4ea4b9 同组2份 建议保留 263162ee51458cc23a559d44bba6d2ea2ade8f4ecfff1eb59dd5f9edbbb1eb04.jpg
冗余,P2,媒体内容重复,正式区,11-模板/scripts/.chem_media/2223fec059a647564d3d1b7e31759f3dcca790ab815ce04dca196564076b9144.png,100.1,,MD5=f37e6077d503 同组3份 建议保留 2223fec059a647564d3d1b7e31759f3dcca790ab815ce04dca196564076b9144.png
冗余,P2,媒体内容重复,正式区,11-模板/scripts/.chem_media/vsepr_shapes_textbook.png,100.1,,MD5=f37e6077d503 同组3份 建议保留 2223fec059a647564d3d1b7e31759f3dcca790ab815ce04dca196564076b9144.png
冗余,P2,媒体内容重复,正式区,媒体仓库/2223fec059a647564d3d1b7e31759f3dcca790ab815ce04dca196564076b9144.png,100.1,,MD5=f37e6077d503 同组3份 建议保留 2223fec059a647564d3d1b7e31759f3dcca790ab815ce04dca196564076b9144.png
冗余,P2,媒体内容重复,正式区,11-模板/scripts/.chem_media/c9594cd9505a5c955555febb8dc90541257bab9479ea7f5061fc792cd7c6ee45.png,65.8,,MD5=0287e66d1302 同组4份 建议保留 c9594cd9505a5c955555febb8dc90541257bab9479ea7f5061fc792cd7c6ee45.png
冗余,P2,媒体内容重复,正式区,11-模板/scripts/.chem_media/图-体心立方晶胞3D.png,65.8,,MD5=0287e66d1302 同组4份 建议保留 c9594cd9505a5c955555febb8dc90541257bab9479ea7f5061fc792cd7c6ee45.png
冗余,P2,媒体内容重复,正式区,media/图-体心立方晶胞3D.png,65.8,,MD5=0287e66d1302 同组4份 建议保留 c9594cd9505a5c955555febb8dc90541257bab9479ea7f5061fc792cd7c6ee45.png
冗余,P2,媒体内容重复,正式区,媒体仓库/_待清理/_白边原图/c9594cd9505a5c955555febb8dc90541257bab9479ea7f5061fc792cd7c6ee45.png,65.8,,MD5=0287e66d1302 同组4份 建议保留 c9594cd9505a5c955555febb8dc90541257bab9479ea7f5061fc792cd7c6ee45.png
冗余,P2,媒体内容重复,正式区,11-模板/scripts/.chem_media/zhao_emission_b5b8e5a4.jpg,49.0,,MD5=918f917b8e70 同组5份 建议保留 zhao_emission_b5b8e5a4.jpg
冗余,P2,媒体内容重复,正式区,media/zhao_emission_b5b8e5a4.jpg,49.0,,MD5=918f917b8e70 同组5份 建议保留 zhao_emission_b5b8e5a4.jpg
冗余,P2,媒体内容重复,正式区,媒体仓库/b5b8e5a43d0886cd83ca87c046826a4144b67645de7dff8a02dd52f86245cc62.jpg,49.0,,MD5=918f917b8e70 同组5份 建议保留 zhao_emission_b5b8e5a4.jpg
冗余,P2,媒体内容重复,正式区,媒体仓库/zhao_emission_b5b8e5a4.jpg,49.0,,MD5=918f917b8e70 同组5份 建议保留 zhao_emission_b5b8e5a4.jpg
冗余,P2,媒体内容重复,正式区,"高中化学竞赛笔记/高中化学竞赛基本理论学习笔记--赵鑫光--1,2017--吉林大学出版社--9787569212730-_1-199_images/b5b8e5a43d0886cd83ca87c046826a4144b67645de7dff8a02dd52f86245cc62.jpg",49.0,,MD5=918f917b8e70 同组5份 建议保留 zhao_emission_b5b8e5a4.jpg
冗余,P2,媒体内容重复,噪音缓存,.workbuddy/tmp/mmd_out/ch1-02-反应分类决策树.png,64.9,,MD5=f8f69416aec5 同组4份 建议保留 ch1-02-反应分类决策树.png
冗余,P2,媒体内容重复,噪音缓存,.workbuddy/tmp/mmd_out2/ch1-02-反应分类决策树.png,64.9,,MD5=f8f69416aec5 同组4份 建议保留 ch1-02-反应分类决策树.png
冗余,P2,媒体内容重复,正式区,13-教案/必修一/概念图PNG/ch1-02-反应分类决策树.png,64.9,,MD5=f8f69416aec5 同组4份 建议保留 ch1-02-反应分类决策树.png
冗余,P2,媒体内容重复,正式区,媒体仓库/_待清理/_白边原图/c23a5b9a40ffd63e74e25c3b885fb8c8b6d28db7a09e9ba304e7b15fbe1e9f9b.png,64.9,,MD5=f8f69416aec5 同组4份 建议保留 ch1-02-反应分类决策树.png
冗余,P2,媒体内容重复,正式区,11-模板/scripts/.chem_media/95556298e3eec735c2d6456036eb71d80d86186ed34c873bca2066c8cfb26b80.jpg,96.1,,MD5=0c20bd61007a 同组3份 建议保留 95556298e3eec735c2d6456036eb71d80d86186ed34c873bca2066c8cfb26b80.jpg
冗余,P2,媒体内容重复,正式区,11-模板/scripts/.chem_media/orbital_2p_three_orientations.jpg,96.1,,MD5=0c20bd61007a 同组3份 建议保留 95556298e3eec735c2d6456036eb71d80d86186ed34c873bca2066c8cfb26b80.jpg
冗余,P2,媒体内容重复,正式区,媒体仓库/_待清理/_白边原图/95556298e3eec735c2d6456036eb71d80d86186ed34c873bca2066c8cfb26b80.jpg,96.1,,MD5=0c20bd61007a 同组3份 建议保留 95556298e3eec735c2d6456036eb71d80d86186ed34c873bca2066c8cfb26b80.jpg
冗余,P2,媒体内容重复,正式区,11-模板/scripts/.chem_media/096e7c7abac1e3626ec949633e92722c6d1d956ed16e781c3a1d644d8734f7f8.jpg,47.8,,MD5=1eea3eda2218 同组5份 建议保留 096e7c7abac1e3626ec949633e92722c6d1d956ed16e781c3a1d644d8734f7f8.jpg
冗余,P2,媒体内容重复,正式区,11-模板/scripts/.chem_media/square-planar-splitting-textbook.jpg,47.8,,MD5=1eea3eda2218 同组5份 建议保留 096e7c7abac1e3626ec949633e92722c6d1d956ed16e781c3a1d644d8734f7f8.jpg
冗余,P2,媒体内容重复,正式区,media/square-planar-splitting-textbook.jpg,47.8,,MD5=1eea3eda2218 同组5份 建议保留 096e7c7abac1e3626ec949633e92722c6d1d956ed16e781c3a1d644d8734f7f8.jpg
冗余,P2,媒体内容重复,正式区,"mineru/03-教材书籍/超分子化学（斯蒂德，阿特伍德）/超分子化学斯蒂德,阿特伍德第七章342-417_images/84729541f7a37e2432b145a393dab213322a7851b72fae93166ecd465c195cd0.jpg",47.8,,MD5=1eea3eda2218 同组5份 建议保留 096e7c7abac1e3626ec949633e92722c6d1d956ed16e781c3a1d644d8734f7f8.jpg
冗余,P2,媒体内容重复,正式区,媒体仓库/096e7c7abac1e3626ec949633e92722c6d1d956ed16e781c3a1d644d8734f7f8.jpg,47.8,,MD5=1eea3eda2218 同组5份 建议保留 096e7c7abac1e3626ec949633e92722c6d1d956ed16e781c3a1d644d8734f7f8.jpg
冗余,P2,媒体内容重复,噪音缓存,.workbuddy/tmp/mmd_out2/ch2-04-物质的量枢纽.png,94.9,,MD5=10e018865a98 同组3份 建议保留 ch2-04-物质的量枢纽.png
冗余,P2,媒体内容重复,正式区,13-教案/必修一/概念图PNG/ch2-04-物质的量枢纽.png,94.9,,MD5=10e018865a98 同组3份 建议保留 ch2-04-物质的量枢纽.png
冗余,P2,媒体内容重复,正式区,媒体仓库/_待清理/_白边原图/d881c0ec8c0feacc10860732f47c04949723cf8a1aa8407d90e9df0d199089d7.png,94.9,,MD5=10e018865a98 同组3份 建议保留 ch2-04-物质的量枢纽.png
冗余,P2,媒体内容重复,正式区,11-模板/scripts/.chem_media/5f17019ed47a446f6515092df204963ec690487335c040ce1b8bf22b9d631f8b.jpg,37.9,,MD5=e190f2e3b180 同组6份 建议保留 5f17019ed47a446f6515092df204963ec690487335c040ce1b8bf22b9d631f8b.jpg
冗余,P2,媒体内容重复,正式区,11-模板/scripts/.chem_media/zgxg-d-orbital-shapes-octahedral.jpg,37.9,,MD5=e190f2e3b180 同组6份 建议保留 5f17019ed47a446f6515092df204963ec690487335c040ce1b8bf22b9d631f8b.jpg
冗余,P2,媒体内容重复,正式区,media/zgxg-d-orbital-shapes-octahedral.jpg,37.9,,MD5=e190f2e3b180 同组6份 建议保留 5f17019ed47a446f6515092df204963ec690487335c040ce1b8bf22b9d631f8b.jpg
冗余,P2,媒体内容重复,正式区,媒体仓库/5f17019ed47a446f6515092df204963ec690487335c040ce1b8bf22b9d631f8b.jpg,37.9,,MD5=e190f2e3b180 同组6份 建议保留 5f17019ed47a446f6515092df204963ec690487335c040ce1b8bf22b9d631f8b.jpg
冗余,P2,媒体内容重复,正式区,媒体仓库/zgxg-d-orbital-shapes-octahedral.jpg,37.9,,MD5=e190f2e3b180 同组6份 建议保留 5f17019ed47a446f6515092df204963ec690487335c040ce1b8bf22b9d631f8b.jpg
冗余,P2,媒体内容重复,正式区,"高中化学竞赛笔记/高中化学竞赛基本理论学习笔记--赵鑫光--1,2017--吉林大学出版社--9787569212730-_200-350_images/5f17019ed47a446f6515092df204963ec690487335c040ce1b8bf22b9d631f8b.jpg",37.9,,MD5=e190f2e3b180 同组6份 建议保留 5f17019ed47a446f6515092df204963ec690487335c040ce1b8bf22b9d631f8b.jpg
冗余,P2,媒体内容重复,正式区,06-学生侧材料/学生讲义/media/13-15c-diamond-unit-cell-atom-count.jpg,15.7,,MD5=108aeed8cafe 同组13份 建议保留 13-15c-diamond-unit-cell-atom-count.jpg
冗余,P2,媒体内容重复,正式区,06-学生侧材料/学生讲义/media/diamond-structure.jpg,15.7,,MD5=108aeed8cafe 同组13份 建议保留 13-15c-diamond-unit-cell-atom-count.jpg
冗余,P2,媒体内容重复,正式区,06-学生侧材料/讲义/media/13-15c-diamond-unit-cell-atom-count.jpg,15.7,,MD5=108aeed8cafe 同组13份 建议保留 13-15c-diamond-unit-cell-atom-count.jpg
冗余,P2,媒体内容重复,正式区,06-学生侧材料/讲义/media/diamond-structure.jpg,15.7,,MD5=108aeed8cafe 同组13份 建议保留 13-15c-diamond-unit-cell-atom-count.jpg
冗余,P2,媒体内容重复,正式区,06-学生侧材料/讲义/media/e45fc8ba0b1f587a8ee2afd3b58f39294fc1d5d7d92aff920e18069285f70c1e.jpg,15.7,,MD5=108aeed8cafe 同组13份 建议保留 13-15c-diamond-unit-cell-atom-count.jpg
冗余,P2,媒体内容重复,正式区,11-模板/scripts/.chem_media/13-15c-diamond-unit-cell-atom-count.jpg,15.7,,MD5=108aeed8cafe 同组13份 建议保留 13-15c-diamond-unit-cell-atom-count.jpg
冗余,P2,媒体内容重复,正式区,11-模板/scripts/.chem_media/diamond-structure.jpg,15.7,,MD5=108aeed8cafe 同组13份 建议保留 13-15c-diamond-unit-cell-atom-count.jpg
冗余,P2,媒体内容重复,正式区,11-模板/scripts/.chem_media/e844e8a4c2292791eb78b9ed6387ce93c0f797acfa89966ce62bd2adad8d7ad1.jpg,15.7,,MD5=108aeed8cafe 同组13份 建议保留 13-15c-diamond-unit-cell-atom-count.jpg
冗余,P2,媒体内容重复,正式区,media/13-15c-diamond-unit-cell-atom-count.jpg,15.7,,MD5=108aeed8cafe 同组13份 建议保留 13-15c-diamond-unit-cell-atom-count.jpg
冗余,P2,媒体内容重复,正式区,media/diamond-structure.jpg,15.7,,MD5=108aeed8cafe 同组13份 建议保留 13-15c-diamond-unit-cell-atom-count.jpg
冗余,P2,媒体内容重复,正式区,mineru/03-教材书籍/普通化学原理（第4版）/普通化学原理第4版201-400_images/e45fc8ba0b1f587a8ee2afd3b58f39294fc1d5d7d92aff920e18069285f70c1e.jpg,15.7,,MD5=108aeed8cafe 同组13份 建议保留 13-15c-diamond-unit-cell-atom-count.jpg
冗余,P2,媒体内容重复,正式区,媒体仓库/e45fc8ba0b1f587a8ee2afd3b58f39294fc1d5d7d92aff920e18069285f70c1e.jpg,15.7,,MD5=108aeed8cafe 同组13份 建议保留 13-15c-diamond-unit-cell-atom-count.jpg
冗余,P2,媒体内容重复,正式区,媒体仓库/e844e8a4c2292791eb78b9ed6387ce93c0f797acfa89966ce62bd2adad8d7ad1.jpg,15.7,,MD5=108aeed8cafe 同组13份 建议保留 13-15c-diamond-unit-cell-atom-count.jpg
冗余,P2,媒体内容重复,正式区,06-外部资料导入/真题/images/2b0998cb34bb9c40ed563484eaa6bd1b7bb30b2a90d93b163da6307e5c554a4c.jpg,94.0,,MD5=c78765ab15ca 同组3份 建议保留 2b0998cb34bb9c40ed563484eaa6bd1b7bb30b2a90d93b163da6307e5c554a4c.jpg
冗余,P2,媒体内容重复,正式区,40届初赛/第40届化学奥林匹克初赛答案11144113321211_images/2b0998cb34bb9c40ed563484eaa6bd1b7bb30b2a90d93b163da6307e5c554a4c.jpg,94.0,,MD5=c78765ab15ca 同组3份 建议保留 2b0998cb34bb9c40ed563484eaa6bd1b7bb30b2a90d93b163da6307e5c554a4c.jpg
冗余,P2,媒体内容重复,正式区,媒体仓库/2b0998cb34bb9c40ed563484eaa6bd1b7bb30b2a90d93b163da6307e5c554a4c.jpg,94.0,,MD5=c78765ab15ca 同组3份 建议保留 2b0998cb34bb9c40ed563484eaa6bd1b7bb30b2a90d93b163da6307e5c554a4c.jpg
冗余,P2,媒体内容重复,正式区,媒体仓库/436ca04bab0699e948fc15400670258df2f0f7f12afcdde5e41c42ca785877ce.png,187.5,,MD5=43a17eb27604 同组2份 建议保留 436ca04bab0699e948fc15400670258df2f0f7f12afcdde5e41c42ca785877ce.png
冗余,P2,媒体内容重复,正式区,媒体仓库/晶体结构-NaCl-CsCl-ZnS对比.关系图.png,187.5,,MD5=43a17eb27604 同组2份 建议保留 436ca04bab0699e948fc15400670258df2f0f7f12afcdde5e41c42ca785877ce.png
冗余,P2,媒体内容重复,噪音缓存,.workbuddy/tmp/svgtest/02_radical-chain_out.png,26.5,,MD5=d35d93e23293 同组8份 建议保留 radical-chain.png
冗余,P2,媒体内容重复,噪音缓存,.workbuddy/tmp/svgtest/03_radical-chain_out.png,26.5,,MD5=d35d93e23293 同组8份 建议保留 radical-chain.png
冗余,P2,媒体内容重复,正式区,06-学生侧材料/学生讲义/media/radical-chain.png,26.5,,MD5=d35d93e23293 同组8份 建议保留 radical-chain.png
冗余,P2,媒体内容重复,正式区,06-学生侧材料/讲义/media/radical-chain.png,26.5,,MD5=d35d93e23293 同组8份 建议保留 radical-chain.png
冗余,P2,媒体内容重复,正式区,11-模板/scripts/.chem_media/radical-chain.png,26.5,,MD5=d35d93e23293 同组8份 建议保留 radical-chain.png
冗余,P2,媒体内容重复,正式区,media/radical-chain.png,26.5,,MD5=d35d93e23293 同组8份 建议保留 radical-chain.png
冗余,P2,媒体内容重复,正式区,媒体仓库/_待清理/_白边原图/0049220a6496b3666fa27e05dfc7b71b821c29c977f0d16c1c5ff905e1a38118.png,26.5,,MD5=d35d93e23293 同组8份 建议保留 radical-chain.png
冗余,P2,媒体内容重复,正式区,媒体仓库/_待清理/_白边原图/radical-chain.png,26.5,,MD5=d35d93e23293 同组8份 建议保留 radical-chain.png
冗余,P2,媒体内容重复,正式区,11-模板/scripts/.chem_media/27ac9342a844791755cc810d5d1d429942a710567fd4c89f0083268d01b8ae27.png,185.6,,MD5=f8ac93fee1b3 同组2份 建议保留 27ac9342a844791755cc810d5d1d429942a710567fd4c89f0083268d01b8ae27.png
冗余,P2,媒体内容重复,正式区,媒体仓库/_待清理/_白边原图/27ac9342a844791755cc810d5d1d429942a710567fd4c89f0083268d01b8ae27.png,185.6,,MD5=f8ac93fee1b3 同组2份 建议保留 27ac9342a844791755cc810d5d1d429942a710567fd4c89f0083268d01b8ae27.png
冗余,P2,媒体内容重复,正式区,06-外部资料导入/OCR/北斗化学试题/化学模拟卷（二）答案_images/024fb005616b9ce3d272548ed59a2307bf6022e5cbbd875bee8492d5bf8fca70.jpg,184.5,,MD5=9901f3e3be89 同组2份 建议保留 024fb005616b9ce3d272548ed59a2307bf6022e5cbbd875bee8492d5bf8fca70.jpg
冗余,P2,媒体内容重复,正式区,媒体仓库/024fb005616b9ce3d272548ed59a2307bf6022e5cbbd875bee8492d5bf8fca70.jpg,184.5,,MD5=9901f3e3be89 同组2份 建议保留 024fb005616b9ce3d272548ed59a2307bf6022e5cbbd875bee8492d5bf8fca70.jpg
冗余,P2,媒体内容重复,正式区,06-外部资料导入/OCR/北斗化学试题/2026化学-大联考二-参考答案1_images/fbdf6d0c4b775470b17179fc7e7beaa8fef60358c615a8ed6d9387f823ca4b9d.jpg,184.3,,MD5=c0c59ee3ea34 同组2份 建议保留 fbdf6d0c4b775470b17179fc7e7beaa8fef60358c615a8ed6d9387f823ca4b9d.jpg
冗余,P2,媒体内容重复,正式区,媒体仓库/fbdf6d0c4b775470b17179fc7e7beaa8fef60358c615a8ed6d9387f823ca4b9d.jpg,184.3,,MD5=c0c59ee3ea34 同组2份 建议保留 fbdf6d0c4b775470b17179fc7e7beaa8fef60358c615a8ed6d9387f823ca4b9d.jpg
冗余,P2,媒体内容重复,正式区,11-模板/scripts/.chem_media/5895babe1e4323d0720a5e3454cabee35f81911a4ec212c5e8428e1cb4fc372c.png,92.0,,MD5=8624d63d633b 同组3份 建议保留 5895babe1e4323d0720a5e3454cabee35f81911a4ec212c5e8428e1cb4fc372c.png
冗余,P2,媒体内容重复,正式区,11-模板/scripts/.chem_media/miller-basic-planes.png,92.0,,MD5=8624d63d633b 同组3份 建议保留 5895babe1e4323d0720a5e3454cabee35f81911a4ec212c5e8428e1cb4fc372c.png
冗余,P2,媒体内容重复,正式区,媒体仓库/_待清理/_白边原图/5895babe1e4323d0720a5e3454cabee35f81911a4ec212c5e8428e1cb4fc372c.png,92.0,,MD5=8624d63d633b 同组3份 建议保留 5895babe1e4323d0720a5e3454cabee35f81911a4ec212c5e8428e1cb4fc372c.png
冗余,P2,媒体内容重复,正式区,06-学生侧材料/学生讲义/media/polymer-unit.png,61.2,,MD5=79f2cbcacdb1 同组4份 建议保留 polymer-unit.png
冗余,P2,媒体内容重复,正式区,06-学生侧材料/讲义/media/polymer-unit.png,61.2,,MD5=79f2cbcacdb1 同组4份 建议保留 polymer-unit.png
冗余,P2,媒体内容重复,正式区,11-模板/scripts/.chem_media/polymer-unit.png,61.2,,MD5=79f2cbcacdb1 同组4份 建议保留 polymer-unit.png
冗余,P2,媒体内容重复,正式区,媒体仓库/3e303ef4648d459f52480ae9930dfae8665b4f385c61b0aa429cb29241863c2b.png,61.2,,MD5=79f2cbcacdb1 同组4份 建议保留 polymer-unit.png
冗余,P2,媒体内容重复,正式区,11-模板/scripts/.chem_media/zgxg-electron-affinity-periodicity.jpg,45.9,,MD5=de905aaf295e 同组5份 建议保留 zgxg-electron-affinity-periodicity.jpg
冗余,P2,媒体内容重复,正式区,media/zgxg-electron-affinity-periodicity.jpg,45.9,,MD5=de905aaf295e 同组5份 建议保留 zgxg-electron-affinity-periodicity.jpg
冗余,P2,媒体内容重复,正式区,媒体仓库/702892b2795a122eef101bdeb0cb42dc02c13b98dbf3d0f49a215d2ec13bc804.jpg,45.9,,MD5=de905aaf295e 同组5份 建议保留 zgxg-electron-affinity-periodicity.jpg
冗余,P2,媒体内容重复,正式区,媒体仓库/zgxg-electron-affinity-periodicity.jpg,45.9,,MD5=de905aaf295e 同组5份 建议保留 zgxg-electron-affinity-periodicity.jpg
冗余,P2,媒体内容重复,正式区,"高中化学竞赛笔记/高中化学竞赛基本理论学习笔记--赵鑫光--1,2017--吉林大学出版社--9787569212730-_1-199_images/e4464c59c2fd8dd270376bcaf799f658a50ff04561bafd26e10380a8a1051127.jpg",45.9,,MD5=de905aaf295e 同组5份 建议保留 zgxg-electron-affinity-periodicity.jpg
冗余,P2,媒体内容重复,正式区,11-模板/scripts/.chem_media/96a565dd86b87715d110f1e3d7d3b38844ffdc3aad2fba3779ab0c0008091270.jpg,91.7,,MD5=5c4712fff5f1 同组3份 建议保留 96a565dd86b87715d110f1e3d7d3b38844ffdc3aad2fba3779ab0c0008091270.jpg
冗余,P2,媒体内容重复,正式区,11-模板/scripts/.chem_media/electronegativity_table.jpg,91.7,,MD5=5c4712fff5f1 同组3份 建议保留 96a565dd86b87715d110f1e3d7d3b38844ffdc3aad2fba3779ab0c0008091270.jpg
冗余,P2,媒体内容重复,正式区,媒体仓库/96a565dd86b87715d110f1e3d7d3b38844ffdc3aad2fba3779ab0c0008091270.jpg,91.7,,MD5=5c4712fff5f1 同组3份 建议保留 96a565dd86b87715d110f1e3d7d3b38844ffdc3aad2fba3779ab0c0008091270.jpg
冗余,P2,媒体内容重复,正式区,11-模板/scripts/.chem_media/5c4133ec4e88a13ffec229a3811abb5d7ac1a96f76457a4a73814e67065b762b.png,90.7,,MD5=6fb3b1e86997 同组3份 建议保留 5c4133ec4e88a13ffec229a3811abb5d7ac1a96f76457a4a73814e67065b762b.png
冗余,P2,媒体内容重复,正式区,11-模板/scripts/.chem_media/cac2-unit-cell.png,90.7,,MD5=6fb3b1e86997 同组3份 建议保留 5c4133ec4e88a13ffec229a3811abb5d7ac1a96f76457a4a73814e67065b762b.png
冗余,P2,媒体内容重复,正式区,媒体仓库/_待清理/_白边原图/5c4133ec4e88a13ffec229a3811abb5d7ac1a96f76457a4a73814e67065b762b.png,90.7,,MD5=6fb3b1e86997 同组3份 建议保留 5c4133ec4e88a13ffec229a3811abb5d7ac1a96f76457a4a73814e67065b762b.png
冗余,P2,媒体内容重复,正式区,03-知识点/决赛要求/物理化学深化/media/lever-rule-binary-phase-diagram.jpg,90.3,,MD5=0e2b6cd71066 同组3份 建议保留 lever-rule-binary-phase-diagram.jpg
冗余,P2,媒体内容重复,正式区,11-模板/scripts/.chem_media/lever-rule-binary-phase-diagram.jpg,90.3,,MD5=0e2b6cd71066 同组3份 建议保留 lever-rule-binary-phase-diagram.jpg
冗余,P2,媒体内容重复,正式区,media/lever-rule-binary-phase-diagram.jpg,90.3,,MD5=0e2b6cd71066 同组3份 建议保留 lever-rule-binary-phase-diagram.jpg
冗余,P2,媒体内容重复,正式区,11-模板/scripts/.chem_media/7870a579a0c87f76122a839aae4f23735f072c591e0629e1ebd0bc9dd20a7fa4.jpg,90.2,,MD5=1ea5adf8b250 同组3份 建议保留 7870a579a0c87f76122a839aae4f23735f072c591e0629e1ebd0bc9dd20a7fa4.jpg
冗余,P2,媒体内容重复,正式区,11-模板/scripts/.chem_media/h2_energy_curve_textbook.jpg,90.2,,MD5=1ea5adf8b250 同组3份 建议保留 7870a579a0c87f76122a839aae4f23735f072c591e0629e1ebd0bc9dd20a7fa4.jpg
冗余,P2,媒体内容重复,正式区,媒体仓库/7870a579a0c87f76122a839aae4f23735f072c591e0629e1ebd0bc9dd20a7fa4.jpg,90.2,,MD5=1ea5adf8b250 同组3份 建议保留 7870a579a0c87f76122a839aae4f23735f072c591e0629e1ebd0bc9dd20a7fa4.jpg
冗余,P2,媒体内容重复,正式区,媒体仓库/c3a7ab424d0af002bf9212cdd2645300399e75d98feed26eca445941f0ebe77b.png,179.0,,MD5=4e0c8daf8c55 同组2份 建议保留 c3a7ab424d0af002bf9212cdd2645300399e75d98feed26eca445941f0ebe77b.png
冗余,P2,媒体内容重复,正式区,媒体仓库/半径比规则-配位数判断.决策图.png,179.0,,MD5=4e0c8daf8c55 同组2份 建议保留 c3a7ab424d0af002bf9212cdd2645300399e75d98feed26eca445941f0ebe77b.png
冗余,P2,媒体内容重复,正式区,11-模板/scripts/.chem_media/dynamic-nmr-lineshape-evolution.png,178.8,,MD5=c1f02e6506dd 同组2份 建议保留 dynamic-nmr-lineshape-evolution.png
冗余,P2,媒体内容重复,正式区,media/dynamic-nmr-lineshape-evolution.png,178.8,,MD5=c1f02e6506dd 同组2份 建议保留 dynamic-nmr-lineshape-evolution.png
冗余,P2,媒体内容重复,正式区,11-模板/scripts/.chem_media/175fbda89ff064959be5982fb0d49b3e319f2c0b815325300fbfa14cd6f6f2c2.png,177.6,,MD5=02719732c316 同组2份 建议保留 175fbda89ff064959be5982fb0d49b3e319f2c0b815325300fbfa14cd6f6f2c2.png
冗余,P2,媒体内容重复,正式区,媒体仓库/_待清理/_白边原图/175fbda89ff064959be5982fb0d49b3e319f2c0b815325300fbfa14cd6f6f2c2.png,177.6,,MD5=02719732c316 同组2份 建议保留 175fbda89ff064959be5982fb0d49b3e319f2c0b815325300fbfa14cd6f6f2c2.png
冗余,P2,媒体内容重复,正式区,06-学生侧材料/讲义/media/excalidraw-原子结构-slater-rules-flowchart.png,58.9,,MD5=2a0f47489492 同组4份 建议保留 excalidraw-原子结构-slater-rules-flowchart.png
冗余,P2,媒体内容重复,正式区,11-模板/scripts/.chem_media/4d13d4e08d9d164cdd2239f2e43e6382253d59c8878786f6ccae3c1a9a847e5f.png,58.9,,MD5=2a0f47489492 同组4份 建议保留 excalidraw-原子结构-slater-rules-flowchart.png
冗余,P2,媒体内容重复,正式区,11-模板/scripts/.chem_media/excalidraw-原子结构-slater-rules-flowchart.png,58.9,,MD5=2a0f47489492 同组4份 建议保留 excalidraw-原子结构-slater-rules-flowchart.png
冗余,P2,媒体内容重复,正式区,媒体仓库/4d13d4e08d9d164cdd2239f2e43e6382253d59c8878786f6ccae3c1a9a847e5f.png,58.9,,MD5=2a0f47489492 同组4份 建议保留 excalidraw-原子结构-slater-rules-flowchart.png
冗余,P2,媒体内容重复,正式区,11-模板/scripts/.chem_media/aboc-achmatowicz-rearrangement.jpg,58.7,,MD5=7c69b4f5ac92 同组4份 建议保留 aboc-achmatowicz-rearrangement.jpg
冗余,P2,媒体内容重复,正式区,media/aboc-achmatowicz-rearrangement.jpg,58.7,,MD5=7c69b4f5ac92 同组4份 建议保留 aboc-achmatowicz-rearrangement.jpg
冗余,P2,媒体内容重复,正式区,mineru/03-教材书籍/ABOC有机化学/ABOC202505_200-397_images/e0d3b26e6e3c7cec1b8241aaf034ecad38d281abb03630fee12269eb0779ebca.jpg,58.7,,MD5=7c69b4f5ac92 同组4份 建议保留 aboc-achmatowicz-rearrangement.jpg
冗余,P2,媒体内容重复,正式区,媒体仓库/e0d3b26e6e3c7cec1b8241aaf034ecad38d281abb03630fee12269eb0779ebca.jpg,58.7,,MD5=7c69b4f5ac92 同组4份 建议保留 aboc-achmatowicz-rearrangement.jpg
冗余,P2,媒体内容重复,正式区,11-模板/scripts/.chem_media/13a4510d00b67963ff697a7bbf4edc8767e74db5a658f762fbc864bc5f2df91e.png,175.9,,MD5=67f81ab46610 同组2份 建议保留 13a4510d00b67963ff697a7bbf4edc8767e74db5a658f762fbc864bc5f2df91e.png
冗余,P2,媒体内容重复,正式区,媒体仓库/_待清理/_白边原图/13a4510d00b67963ff697a7bbf4edc8767e74db5a658f762fbc864bc5f2df91e.png,175.9,,MD5=67f81ab46610 同组2份 建议保留 13a4510d00b67963ff697a7bbf4edc8767e74db5a658f762fbc864bc5f2df91e.png
冗余,P2,媒体内容重复,正式区,11-模板/scripts/.chem_media/LiCoO2-layered-battery-cathode-weller-24-9.jpg,58.4,,MD5=af444f74f74c 同组4份 建议保留 LiCoO2-layered-battery-cathode-weller-24-9.jpg
冗余,P2,媒体内容重复,正式区,media/LiCoO2-layered-battery-cathode-weller-24-9.jpg,58.4,,MD5=af444f74f74c 同组4份 建议保留 LiCoO2-layered-battery-cathode-weller-24-9.jpg
冗余,P2,媒体内容重复,正式区,mineru/03-教材书籍/无机化学第6版Weller/无机化学第6版Weller/无机化学第6版Weller2425章753-866_images/59402efe47d2e48cdbdd45f4fd6fded8093b3a94ead48010d33e61042123209e.jpg,58.4,,MD5=af444f74f74c 同组4份 建议保留 LiCoO2-layered-battery-cathode-weller-24-9.jpg
冗余,P2,媒体内容重复,正式区,媒体仓库/LiCoO2-layered-battery-cathode-weller-24-9.jpg,58.4,,MD5=af444f74f74c 同组4份 建议保留 LiCoO2-layered-battery-cathode-weller-24-9.jpg
冗余,P2,媒体内容重复,正式区,"06-外部资料导入/习题普通化学/普通化学原理（第4版）习题解析北京大学化学学院普通化学原理教学组编z-library.sk,1lib.sk,z-lib.sk_images/acd16dbcea68464322e3b9322bf196b35997282044c6cf8dd25bc85cd0e2d457.jpg",87.3,,MD5=8b06d2d7a0e3 同组3份 建议保留 acd16dbcea68464322e3b9322bf196b35997282044c6cf8dd25bc85cd0e2d457.jpg
冗余,P2,媒体内容重复,正式区,媒体仓库/acd16dbcea68464322e3b9322bf196b35997282044c6cf8dd25bc85cd0e2d457.jpg,87.3,,MD5=8b06d2d7a0e3 同组3份 建议保留 acd16dbcea68464322e3b9322bf196b35997282044c6cf8dd25bc85cd0e2d457.jpg
冗余,P2,媒体内容重复,正式区,媒体仓库/pchem_principles_4th/acd16dbcea68464322e3b9322bf196b35997282044c6cf8dd25bc85cd0e2d457.jpg,87.3,,MD5=8b06d2d7a0e3 同组3份 建议保留 acd16dbcea68464322e3b9322bf196b35997282044c6cf8dd25bc85cd0e2d457.jpg
冗余,P2,媒体内容重复,正式区,11-模板/scripts/.chem_media/arrowpushing-hypervalent-molecules.jpg,86.9,,MD5=ee3e9c36283b 同组3份 建议保留 arrowpushing-hypervalent-molecules.jpg
冗余,P2,媒体内容重复,正式区,media/arrowpushing-hypervalent-molecules.jpg,86.9,,MD5=ee3e9c36283b 同组3份 建议保留 arrowpushing-hypervalent-molecules.jpg
冗余,P2,媒体内容重复,正式区,mineru/03-教材书籍/Arrow Pushing in Inorganic Chemistry/ArrowPushinginInorganicChemistry_1-100_images/86dbd794e88278c9fcbee0952d6f9167017a8e488bb3da992b78659e02f94ecb.jpg,86.9,,MD5=ee3e9c36283b 同组3份 建议保留 arrowpushing-hypervalent-molecules.jpg
冗余,P2,媒体内容重复,正式区,11-模板/scripts/.chem_media/077bc4806566d0b8f3f3ed2b0dad2b5b9c4150847ddb11a2ee2fc00b421f5bc7.jpg,57.6,,MD5=ab2289c7c256 同组4份 建议保留 077bc4806566d0b8f3f3ed2b0dad2b5b9c4150847ddb11a2ee2fc00b421f5bc7.jpg
冗余,P2,媒体内容重复,正式区,media/077bc4806566d0b8f3f3ed2b0dad2b5b9c4150847ddb11a2ee2fc00b421f5bc7.jpg,57.6,,MD5=ab2289c7c256 同组4份 建议保留 077bc4806566d0b8f3f3ed2b0dad2b5b9c4150847ddb11a2ee2fc00b421f5bc7.jpg
冗余,P2,媒体内容重复,正式区,mineru/03-教材书籍/ABOC有机化学/ABOC202505_200-397_images/077bc4806566d0b8f3f3ed2b0dad2b5b9c4150847ddb11a2ee2fc00b421f5bc7.jpg,57.6,,MD5=ab2289c7c256 同组4份 建议保留 077bc4806566d0b8f3f3ed2b0dad2b5b9c4150847ddb11a2ee2fc00b421f5bc7.jpg
冗余,P2,媒体内容重复,正式区,媒体仓库/077bc4806566d0b8f3f3ed2b0dad2b5b9c4150847ddb11a2ee2fc00b421f5bc7.jpg,57.6,,MD5=ab2289c7c256 同组4份 建议保留 077bc4806566d0b8f3f3ed2b0dad2b5b9c4150847ddb11a2ee2fc00b421f5bc7.jpg
冗余,P2,媒体内容重复,正式区,11-模板/scripts/.chem_media/8cb594e7cd926ced4aee688df607034f72c4b7d26b05ece12ccca69b7c7e4865.png,85.3,,MD5=80cceba079ac 同组3份 建议保留 8cb594e7cd926ced4aee688df607034f72c4b7d26b05ece12ccca69b7c7e4865.png
冗余,P2,媒体内容重复,正式区,11-模板/scripts/.chem_media/miller-110-111-planes.png,85.3,,MD5=80cceba079ac 同组3份 建议保留 8cb594e7cd926ced4aee688df607034f72c4b7d26b05ece12ccca69b7c7e4865.png
冗余,P2,媒体内容重复,正式区,媒体仓库/_待清理/_白边原图/8cb594e7cd926ced4aee688df607034f72c4b7d26b05ece12ccca69b7c7e4865.png,85.3,,MD5=80cceba079ac 同组3份 建议保留 8cb594e7cd926ced4aee688df607034f72c4b7d26b05ece12ccca69b7c7e4865.png
冗余,P2,媒体内容重复,正式区,媒体仓库/f864269465b1eb77bd6a3b31574a32fa1b1d4bf4deb3ca088338692fba65adef.jpg,170.6,,MD5=0fed61774019 同组2份 建议保留 f864269465b1eb77bd6a3b31574a32fa1b1d4bf4deb3ca088338692fba65adef.jpg
冗余,P2,媒体内容重复,正式区,"无机化学 习题集/无机化学例题与习题徐佳宁王莉张丽荣于杰辉宋天佑z-library.sk,1lib.sk,z-lib.sk_200-362_images/f864269465b1eb77bd6a3b31574a32fa1b1d4bf4deb3ca088338692fba65adef.jpg",170.6,,MD5=0fed61774019 同组2份 建议保留 f864269465b1eb77bd6a3b31574a32fa1b1d4bf4deb3ca088338692fba65adef.jpg
冗余,P2,媒体内容重复,正式区,11-模板/scripts/.chem_media/tio2-rutile-structure.png,170.6,,MD5=d28086cbef4b 同组2份 建议保留 tio2-rutile-structure.png
冗余,P2,媒体内容重复,正式区,媒体仓库/_待清理/_白边原图/7f721b0336f2647bc8970fcc2738e60be7e3d8140182d09e7b771785bc8f063a.png,170.6,,MD5=d28086cbef4b 同组2份 建议保留 tio2-rutile-structure.png
冗余,P2,媒体内容重复,正式区,clayden 有机化学/Clayden中文版_306-501_images/bdc86e371ff8831d441cd83f0704ce84bf45d6aed829432ac9b1e9d9b5fb91e7.jpg,56.8,,MD5=57114f74dc3d 同组4份 建议保留 bdc86e371ff8831d441cd83f0704ce84bf45d6aed829432ac9b1e9d9b5fb91e7.jpg
冗余,P2,媒体内容重复,正式区,clayden 有机化学/Clayden中文版_402-600_images/b2a3c2d089555b1b037491a55f7452e34ba5068160ed97072194e16d365c2552.jpg,56.8,,MD5=57114f74dc3d 同组4份 建议保留 bdc86e371ff8831d441cd83f0704ce84bf45d6aed829432ac9b1e9d9b5fb91e7.jpg
冗余,P2,媒体内容重复,正式区,媒体仓库/bdc86e371ff8831d441cd83f0704ce84bf45d6aed829432ac9b1e9d9b5fb91e7.jpg,56.8,,MD5=57114f74dc3d 同组4份 建议保留 bdc86e371ff8831d441cd83f0704ce84bf45d6aed829432ac9b1e9d9b5fb91e7.jpg
冗余,P2,媒体内容重复,正式区,媒体仓库/c11b521702e9b7ab82640a45ac27ac1a8d8bfdc911bef93e9bb521e449814bfa.jpg,56.8,,MD5=57114f74dc3d 同组4份 建议保留 bdc86e371ff8831d441cd83f0704ce84bf45d6aed829432ac9b1e9d9b5fb91e7.jpg
冗余,P2,媒体内容重复,正式区,11-模板/scripts/.chem_media/95c308d7a618ecddf9e681067a13b6e9163c9e3bed9275fc7a04b4b6346dc462.png,170.2,,MD5=3cc9faa80089 同组2份 建议保留 95c308d7a618ecddf9e681067a13b6e9163c9e3bed9275fc7a04b4b6346dc462.png
冗余,P2,媒体内容重复,正式区,媒体仓库/95c308d7a618ecddf9e681067a13b6e9163c9e3bed9275fc7a04b4b6346dc462.png,170.2,,MD5=3cc9faa80089 同组2份 建议保留 95c308d7a618ecddf9e681067a13b6e9163c9e3bed9275fc7a04b4b6346dc462.png
冗余,P2,媒体内容重复,正式区,11-模板/scripts/.chem_media/920cf46c8a697683f18fa09937351bc4fd62b794adef3d5a8af4045b016e9b77.png,84.9,,MD5=eeedf1f53d6b 同组3份 建议保留 920cf46c8a697683f18fa09937351bc4fd62b794adef3d5a8af4045b016e9b77.png
冗余,P2,媒体内容重复,正式区,11-模板/scripts/.chem_media/图-八面体配位立体图.png,84.9,,MD5=eeedf1f53d6b 同组3份 建议保留 920cf46c8a697683f18fa09937351bc4fd62b794adef3d5a8af4045b016e9b77.png
冗余,P2,媒体内容重复,正式区,媒体仓库/_待清理/_白边原图/920cf46c8a697683f18fa09937351bc4fd62b794adef3d5a8af4045b016e9b77.png,84.9,,MD5=eeedf1f53d6b 同组3份 建议保留 920cf46c8a697683f18fa09937351bc4fd62b794adef3d5a8af4045b016e9b77.png
冗余,P2,媒体内容重复,正式区,11-模板/scripts/.chem_media/e24689caf3117fe72dc27d03961a30f2e9a41988159b39887b4aa3a15c0ee84c.png,56.6,,MD5=284f3738c1ff 同组4份 建议保留 e24689caf3117fe72dc27d03961a30f2e9a41988159b39887b4aa3a15c0ee84c.png
冗余,P2,媒体内容重复,正式区,11-模板/scripts/.chem_media/three-field-splitting-comparison-bw.png,56.6,,MD5=284f3738c1ff 同组4份 建议保留 e24689caf3117fe72dc27d03961a30f2e9a41988159b39887b4aa3a15c0ee84c.png
冗余,P2,媒体内容重复,正式区,media/three-field-splitting-comparison-bw.png,56.6,,MD5=284f3738c1ff 同组4份 建议保留 e24689caf3117fe72dc27d03961a30f2e9a41988159b39887b4aa3a15c0ee84c.png
冗余,P2,媒体内容重复,正式区,媒体仓库/_待清理/_白边原图/e24689caf3117fe72dc27d03961a30f2e9a41988159b39887b4aa3a15c0ee84c.png,56.6,,MD5=284f3738c1ff 同组4份 建议保留 e24689caf3117fe72dc27d03961a30f2e9a41988159b39887b4aa3a15c0ee84c.png
冗余,P2,媒体内容重复,正式区,06-外部资料导入/化学竞赛初赛讲义/（已压缩）1-50_images/9a0f946153b5396a7aa635f00074434d42f164dc66267b8e8f33310f9214649b.jpg,84.3,,MD5=a106f9966743 同组3份 建议保留 9a0f946153b5396a7aa635f00074434d42f164dc66267b8e8f33310f9214649b.jpg
冗余,P2,媒体内容重复,正式区,11-模板/scripts/.chem_media/9a0f946153b5396a7aa635f00074434d42f164dc66267b8e8f33310f9214649b.jpg,84.3,,MD5=a106f9966743 同组3份 建议保留 9a0f946153b5396a7aa635f00074434d42f164dc66267b8e8f33310f9214649b.jpg
冗余,P2,媒体内容重复,正式区,media/9a0f946153b5396a7aa635f00074434d42f164dc66267b8e8f33310f9214649b.jpg,84.3,,MD5=a106f9966743 同组3份 建议保留 9a0f946153b5396a7aa635f00074434d42f164dc66267b8e8f33310f9214649b.jpg
冗余,P2,媒体内容重复,正式区,06-外部资料导入/OCR/竞赛教程第二分册测试/测试2答案_images/ed8e86f34e1c26a8bdd4c54ff70810861df85b0f223fec498f511b13156836d6.jpg,168.5,,MD5=b1ec28fffc7a 同组2份 建议保留 ed8e86f34e1c26a8bdd4c54ff70810861df85b0f223fec498f511b13156836d6.jpg
冗余,P2,媒体内容重复,正式区,媒体仓库/ed8e86f34e1c26a8bdd4c54ff70810861df85b0f223fec498f511b13156836d6.jpg,168.5,,MD5=b1ec28fffc7a 同组2份 建议保留 ed8e86f34e1c26a8bdd4c54ff70810861df85b0f223fec498f511b13156836d6.jpg
冗余,P2,媒体内容重复,正式区,06-学生侧材料/学生讲义/media/fe-pourbaix-diagram.jpg,24.1,,MD5=0ff43134b1de 同组8份 建议保留 fe-pourbaix-diagram.jpg
冗余,P2,媒体内容重复,正式区,06-学生侧材料/讲义/media/fe-pourbaix-diagram.jpg,24.1,,MD5=0ff43134b1de 同组8份 建议保留 fe-pourbaix-diagram.jpg
冗余,P2,媒体内容重复,正式区,11-模板/scripts/.chem_media/fe-pourbaix-diagram.jpg,24.1,,MD5=0ff43134b1de 同组8份 建议保留 fe-pourbaix-diagram.jpg
冗余,P2,媒体内容重复,正式区,media/fe-pourbaix-diagram.jpg,24.1,,MD5=0ff43134b1de 同组8份 建议保留 fe-pourbaix-diagram.jpg
冗余,P2,媒体内容重复,正式区,mineru/03-教材书籍/无机化学第6版Weller/无机化学第6版Weller/无机化学第6版氧化还原反应180-212_images/3184c42e89576d427dd4c3f7db24097f37b59511836d3476c742ab5be29f211f.jpg,24.1,,MD5=0ff43134b1de 同组8份 建议保留 fe-pourbaix-diagram.jpg
冗余,P2,媒体内容重复,正式区,媒体仓库/251b328802bc1f9b29d2412b4a2c256070af504aa4ec5bd84f12dec4066770a0.jpg,24.1,,MD5=0ff43134b1de 同组8份 建议保留 fe-pourbaix-diagram.jpg
冗余,P2,媒体内容重复,正式区,媒体仓库/3184c42e89576d427dd4c3f7db24097f37b59511836d3476c742ab5be29f211f.jpg,24.1,,MD5=0ff43134b1de 同组8份 建议保留 fe-pourbaix-diagram.jpg
冗余,P2,媒体内容重复,正式区,媒体仓库/fe-pourbaix-diagram.jpg,24.1,,MD5=0ff43134b1de 同组8份 建议保留 fe-pourbaix-diagram.jpg
冗余,P2,媒体内容重复,正式区,11-模板/scripts/.chem_media/579aa62dd2bb8e39dd403766638ae16d4ff0fec5844a3e31f6b8ff2176b0efb4.jpg,56.1,,MD5=382ca2c98c99 同组4份 建议保留 579aa62dd2bb8e39dd403766638ae16d4ff0fec5844a3e31f6b8ff2176b0efb4.jpg
冗余,P2,媒体内容重复,正式区,media/579aa62dd2bb8e39dd403766638ae16d4ff0fec5844a3e31f6b8ff2176b0efb4.jpg,56.1,,MD5=382ca2c98c99 同组4份 建议保留 579aa62dd2bb8e39dd403766638ae16d4ff0fec5844a3e31f6b8ff2176b0efb4.jpg
冗余,P2,媒体内容重复,正式区,mineru/03-教材书籍/ABOC有机化学/ABOC202505_1-200_images/579aa62dd2bb8e39dd403766638ae16d4ff0fec5844a3e31f6b8ff2176b0efb4.jpg,56.1,,MD5=382ca2c98c99 同组4份 建议保留 579aa62dd2bb8e39dd403766638ae16d4ff0fec5844a3e31f6b8ff2176b0efb4.jpg
冗余,P2,媒体内容重复,正式区,媒体仓库/579aa62dd2bb8e39dd403766638ae16d4ff0fec5844a3e31f6b8ff2176b0efb4.jpg,56.1,,MD5=382ca2c98c99 同组4份 建议保留 579aa62dd2bb8e39dd403766638ae16d4ff0fec5844a3e31f6b8ff2176b0efb4.jpg
冗余,P2,媒体内容重复,正式区,03-知识点/决赛要求/结构与配位深化/media/weller-ch19-cft-splitting.jpg,27.9,,MD5=fcdd87aad5a1 同组7份 建议保留 weller-ch19-cft-splitting.jpg
冗余,P2,媒体内容重复,正式区,06-外部资料导入/无机化学Weller/无机化学第6版Welle19-21章_images/10b974ba78d8cb4b729cde90af8806169b50b2dc93cfc40b704997ad15f30186.jpg,27.9,,MD5=fcdd87aad5a1 同组7份 建议保留 weller-ch19-cft-splitting.jpg
冗余,P2,媒体内容重复,正式区,11-模板/scripts/.chem_media/weller-ch19-cft-splitting.jpg,27.9,,MD5=fcdd87aad5a1 同组7份 建议保留 weller-ch19-cft-splitting.jpg
冗余,P2,媒体内容重复,正式区,media/weller-ch19-cft-splitting.jpg,27.9,,MD5=fcdd87aad5a1 同组7份 建议保留 weller-ch19-cft-splitting.jpg
冗余,P2,媒体内容重复,正式区,mineru/03-教材书籍/无机化学第6版Weller/无机化学第6版Weller/无机化学第6版Welle19-21章_images/10b974ba78d8cb4b729cde90af8806169b50b2dc93cfc40b704997ad15f30186.jpg,27.9,,MD5=fcdd87aad5a1 同组7份 建议保留 weller-ch19-cft-splitting.jpg
冗余,P2,媒体内容重复,正式区,mineru/03-教材书籍/无机化学第6版Weller/无机化学第6版Weller/无机化学第6版副族金属有机565-748_images/7236fb6f716014628511a0f8b393f1c864f898bbfce36359ac21ac065f4993bc.jpg,27.9,,MD5=fcdd87aad5a1 同组7份 建议保留 weller-ch19-cft-splitting.jpg
冗余,P2,媒体内容重复,正式区,媒体仓库/10b974ba78d8cb4b729cde90af8806169b50b2dc93cfc40b704997ad15f30186.jpg,27.9,,MD5=fcdd87aad5a1 同组7份 建议保留 weller-ch19-cft-splitting.jpg
冗余,P2,媒体内容重复,正式区,11-模板/scripts/.chem_media/6301e6569b4ca6d2352979cad869d6b9a07c326fb3b9a20bf37a0ae7a6b9937b.png,83.3,,MD5=26827c4aa014 同组3份 建议保留 6301e6569b4ca6d2352979cad869d6b9a07c326fb3b9a20bf37a0ae7a6b9937b.png
冗余,P2,媒体内容重复,正式区,11-模板/scripts/.chem_media/miller-d-spacing-compare.png,83.3,,MD5=26827c4aa014 同组3份 建议保留 6301e6569b4ca6d2352979cad869d6b9a07c326fb3b9a20bf37a0ae7a6b9937b.png
冗余,P2,媒体内容重复,正式区,媒体仓库/_待清理/_白边原图/6301e6569b4ca6d2352979cad869d6b9a07c326fb3b9a20bf37a0ae7a6b9937b.png,83.3,,MD5=26827c4aa014 同组3份 建议保留 6301e6569b4ca6d2352979cad869d6b9a07c326fb3b9a20bf37a0ae7a6b9937b.png
冗余,P2,媒体内容重复,正式区,06-外部资料导入/OCR/竞赛教程第二分册测试/测试2答案_images/8104a4a99e696f22cd346fb994c4a7210ff76eec585e6dbdd40f9ef9f099d199.jpg,163.3,,MD5=45489e0c7d58 同组2份 建议保留 8104a4a99e696f22cd346fb994c4a7210ff76eec585e6dbdd40f9ef9f099d199.jpg
冗余,P2,媒体内容重复,正式区,媒体仓库/8104a4a99e696f22cd346fb994c4a7210ff76eec585e6dbdd40f9ef9f099d199.jpg,163.3,,MD5=45489e0c7d58 同组2份 建议保留 8104a4a99e696f22cd346fb994c4a7210ff76eec585e6dbdd40f9ef9f099d199.jpg
冗余,P2,媒体内容重复,正式区,06-学生侧材料/学生讲义/media/12-25-li2-to-lin-band-formation.jpg,27.1,,MD5=8be3018b04c4 同组7份 建议保留 12-25-li2-to-lin-band-formation.jpg
冗余,P2,媒体内容重复,正式区,06-学生侧材料/讲义/media/0393fc247b5d7d0204c0485e6f7ac296654247cb68c97ebf51c573d74f7f7cc2.jpg,27.1,,MD5=8be3018b04c4 同组7份 建议保留 12-25-li2-to-lin-band-formation.jpg
冗余,P2,媒体内容重复,正式区,06-学生侧材料/讲义/media/12-25-li2-to-lin-band-formation.jpg,27.1,,MD5=8be3018b04c4 同组7份 建议保留 12-25-li2-to-lin-band-formation.jpg
冗余,P2,媒体内容重复,正式区,11-模板/scripts/.chem_media/12-25-li2-to-lin-band-formation.jpg,27.1,,MD5=8be3018b04c4 同组7份 建议保留 12-25-li2-to-lin-band-formation.jpg
冗余,P2,媒体内容重复,正式区,11-模板/scripts/.chem_media/f48ff39e401296a3d87cd4400810199f26c9e3a9e9ee8344dc5d36d9db90e792.jpg,27.1,,MD5=8be3018b04c4 同组7份 建议保留 12-25-li2-to-lin-band-formation.jpg
冗余,P2,媒体内容重复,正式区,mineru/03-教材书籍/普通化学原理（第4版）/普通化学原理第4版201-400_images/0393fc247b5d7d0204c0485e6f7ac296654247cb68c97ebf51c573d74f7f7cc2.jpg,27.1,,MD5=8be3018b04c4 同组7份 建议保留 12-25-li2-to-lin-band-formation.jpg
冗余,P2,媒体内容重复,正式区,媒体仓库/f48ff39e401296a3d87cd4400810199f26c9e3a9e9ee8344dc5d36d9db90e792.jpg,27.1,,MD5=8be3018b04c4 同组7份 建议保留 12-25-li2-to-lin-band-formation.jpg
冗余,P2,媒体内容重复,正式区,06-学生侧材料/学生讲义/media/11-24-ionization-energy-periodic-trend.jpg,32.2,,MD5=bd8cda5fb7e1 同组6份 建议保留 11-24-ionization-energy-periodic-trend.jpg
冗余,P2,媒体内容重复,正式区,06-学生侧材料/讲义/media/11-24-ionization-energy-periodic-trend.jpg,32.2,,MD5=bd8cda5fb7e1 同组6份 建议保留 11-24-ionization-energy-periodic-trend.jpg
冗余,P2,媒体内容重复,正式区,11-模板/scripts/.chem_media/11-24-ionization-energy-periodic-trend.jpg,32.2,,MD5=bd8cda5fb7e1 同组6份 建议保留 11-24-ionization-energy-periodic-trend.jpg
冗余,P2,媒体内容重复,正式区,media/11-24-ionization-energy-periodic-trend.jpg,32.2,,MD5=bd8cda5fb7e1 同组6份 建议保留 11-24-ionization-energy-periodic-trend.jpg
冗余,P2,媒体内容重复,正式区,mineru/03-教材书籍/普通化学原理（第4版）/普通化学原理第4版201-400_images/c56dc932978fcf3bf924aedb5db7726646f13c729a05df43e3806dde671fc1e2.jpg,32.2,,MD5=bd8cda5fb7e1 同组6份 建议保留 11-24-ionization-energy-periodic-trend.jpg
冗余,P2,媒体内容重复,正式区,媒体仓库/b268f8df7c4a37cf11d3072bb6949affba63cfccd4f96be269ce89aef67847ce.jpg,32.2,,MD5=bd8cda5fb7e1 同组6份 建议保留 11-24-ionization-energy-periodic-trend.jpg
冗余,P2,媒体内容重复,正式区,11-模板/scripts/.chem_media/zgxg-periodic-table-blocks.jpg,53.6,,MD5=a0454c554487 同组4份 建议保留 zgxg-periodic-table-blocks.jpg
冗余,P2,媒体内容重复,正式区,media/zgxg-periodic-table-blocks.jpg,53.6,,MD5=a0454c554487 同组4份 建议保留 zgxg-periodic-table-blocks.jpg
冗余,P2,媒体内容重复,正式区,媒体仓库/ad990d2119aabbf46ff0645d1a49344a959b58d7ba554502912e765280ac770f.jpg,53.6,,MD5=a0454c554487 同组4份 建议保留 zgxg-periodic-table-blocks.jpg
冗余,P2,媒体内容重复,正式区,"高中化学竞赛笔记/高中化学竞赛基本理论学习笔记--赵鑫光--1,2017--吉林大学出版社--9787569212730-_1-199_images/f27a0e7ccbf778a0b1b54a450cf635359b7aaa4307e5faed45304913f60f4f3b.jpg",53.6,,MD5=a0454c554487 同组4份 建议保留 zgxg-periodic-table-blocks.jpg
冗余,P2,媒体内容重复,正式区,06-学生侧材料/学生讲义/media/13-11a-nacl-cscl-zns-three-ab-structures.jpg,12.3,,MD5=a0ebf5127852 同组14份 建议保留 13-11a-nacl-cscl-zns-three-ab-structures.jpg
冗余,P2,媒体内容重复,正式区,06-学生侧材料/学生讲义/media/nacl-structure.jpg,12.3,,MD5=a0ebf5127852 同组14份 建议保留 13-11a-nacl-cscl-zns-three-ab-structures.jpg
冗余,P2,媒体内容重复,正式区,06-学生侧材料/讲义/media/13-11a-nacl-cscl-zns-three-ab-structures.jpg,12.3,,MD5=a0ebf5127852 同组14份 建议保留 13-11a-nacl-cscl-zns-three-ab-structures.jpg
冗余,P2,媒体内容重复,正式区,06-学生侧材料/讲义/media/484d51c125a4c780135b014b6089fc2eaa79e04ce9f91ff00389acf0527fe64f.jpg,12.3,,MD5=a0ebf5127852 同组14份 建议保留 13-11a-nacl-cscl-zns-three-ab-structures.jpg
冗余,P2,媒体内容重复,正式区,06-学生侧材料/讲义/media/nacl-structure.jpg,12.3,,MD5=a0ebf5127852 同组14份 建议保留 13-11a-nacl-cscl-zns-three-ab-structures.jpg
冗余,P2,媒体内容重复,正式区,11-模板/scripts/.chem_media/13-11a-nacl-cscl-zns-three-ab-structures.jpg,12.3,,MD5=a0ebf5127852 同组14份 建议保留 13-11a-nacl-cscl-zns-three-ab-structures.jpg
冗余,P2,媒体内容重复,正式区,11-模板/scripts/.chem_media/fcc146b17d889721a979db46aba57dff23922e194a2b1eca56736960fa0a3b4b.jpg,12.3,,MD5=a0ebf5127852 同组14份 建议保留 13-11a-nacl-cscl-zns-three-ab-structures.jpg
冗余,P2,媒体内容重复,正式区,11-模板/scripts/.chem_media/nacl-structure.jpg,12.3,,MD5=a0ebf5127852 同组14份 建议保留 13-11a-nacl-cscl-zns-three-ab-structures.jpg
冗余,P2,媒体内容重复,正式区,11-模板/scripts/.chem_media/puha-13-11a-nacl.jpg,12.3,,MD5=a0ebf5127852 同组14份 建议保留 13-11a-nacl-cscl-zns-three-ab-structures.jpg
冗余,P2,媒体内容重复,正式区,media/nacl-structure.jpg,12.3,,MD5=a0ebf5127852 同组14份 建议保留 13-11a-nacl-cscl-zns-three-ab-structures.jpg
冗余,P2,媒体内容重复,正式区,media/puha-13-11a-nacl.jpg,12.3,,MD5=a0ebf5127852 同组14份 建议保留 13-11a-nacl-cscl-zns-three-ab-structures.jpg
冗余,P2,媒体内容重复,正式区,mineru/03-教材书籍/普通化学原理（第4版）/普通化学原理第4版201-400_images/484d51c125a4c780135b014b6089fc2eaa79e04ce9f91ff00389acf0527fe64f.jpg,12.3,,MD5=a0ebf5127852 同组14份 建议保留 13-11a-nacl-cscl-zns-three-ab-structures.jpg
冗余,P2,媒体内容重复,正式区,媒体仓库/fcc146b17d889721a979db46aba57dff23922e194a2b1eca56736960fa0a3b4b.jpg,12.3,,MD5=a0ebf5127852 同组14份 建议保留 13-11a-nacl-cscl-zns-three-ab-structures.jpg
冗余,P2,媒体内容重复,正式区,媒体仓库/nacl-structure.jpg,12.3,,MD5=a0ebf5127852 同组14份 建议保留 13-11a-nacl-cscl-zns-three-ab-structures.jpg
冗余,P2,媒体内容重复,正式区,06-学生侧材料/学生讲义/media/eas-mechanism.png,32.0,,MD5=a94c4157b79a 同组6份 建议保留 eas-mechanism.png
冗余,P2,媒体内容重复,正式区,06-学生侧材料/讲义/media/eas-mechanism.png,32.0,,MD5=a94c4157b79a 同组6份 建议保留 eas-mechanism.png
冗余,P2,媒体内容重复,正式区,11-模板/scripts/.chem_media/eas-mechanism.png,32.0,,MD5=a94c4157b79a 同组6份 建议保留 eas-mechanism.png
冗余,P2,媒体内容重复,正式区,media/eas-mechanism.png,32.0,,MD5=a94c4157b79a 同组6份 建议保留 eas-mechanism.png
冗余,P2,媒体内容重复,正式区,媒体仓库/871d8de52d6db7aa68ad52be8d61d565cac45fca39114069efc88cd94bbd8800.png,32.0,,MD5=a94c4157b79a 同组6份 建议保留 eas-mechanism.png
冗余,P2,媒体内容重复,正式区,媒体仓库/eas-mechanism.png,32.0,,MD5=a94c4157b79a 同组6份 建议保留 eas-mechanism.png
冗余,P2,媒体内容重复,正式区,06-学生侧材料/学生讲义/media/gibbs-free-energy-changes.png,31.9,,MD5=c6258cde6735 同组6份 建议保留 gibbs-free-energy-changes.png
冗余,P2,媒体内容重复,正式区,06-学生侧材料/讲义/media/gibbs-free-energy-changes.png,31.9,,MD5=c6258cde6735 同组6份 建议保留 gibbs-free-energy-changes.png
冗余,P2,媒体内容重复,正式区,11-模板/scripts/.chem_media/gibbs-free-energy-changes.png,31.9,,MD5=c6258cde6735 同组6份 建议保留 gibbs-free-energy-changes.png
冗余,P2,媒体内容重复,正式区,media/gibbs-free-energy-changes.png,31.9,,MD5=c6258cde6735 同组6份 建议保留 gibbs-free-energy-changes.png
冗余,P2,媒体内容重复,正式区,媒体仓库/521f747c6d5c4068a5a435cda0b6d91a2da63e877d43812c571a97ac5c03110a.png,31.9,,MD5=c6258cde6735 同组6份 建议保留 gibbs-free-energy-changes.png
冗余,P2,媒体内容重复,正式区,媒体仓库/gibbs-free-energy-changes.png,31.9,,MD5=c6258cde6735 同组6份 建议保留 gibbs-free-energy-changes.png
冗余,P2,媒体内容重复,正式区,11-模板/scripts/.chem_media/zgxg-hybridization-types.jpg,31.8,,MD5=d6ee2200b5f1 同组6份 建议保留 zgxg-hybridization-types.jpg
冗余,P2,媒体内容重复,正式区,media/zgxg-hybridization-types.jpg,31.8,,MD5=d6ee2200b5f1 同组6份 建议保留 zgxg-hybridization-types.jpg
冗余,P2,媒体内容重复,正式区,媒体仓库/28b7b150549408567faac7628ceb888f0a8672c3051978d075d478e2cd0d7ae8.jpg,31.8,,MD5=d6ee2200b5f1 同组6份 建议保留 zgxg-hybridization-types.jpg
冗余,P2,媒体内容重复,正式区,媒体仓库/8dc4c93c7bf29f29dd8500cd62819d020275bb4137ba2993284797528e4fb487.jpg,31.8,,MD5=d6ee2200b5f1 同组6份 建议保留 zgxg-hybridization-types.jpg
冗余,P2,媒体内容重复,正式区,媒体仓库/zgxg-hybridization-types.jpg,31.8,,MD5=d6ee2200b5f1 同组6份 建议保留 zgxg-hybridization-types.jpg
冗余,P2,媒体内容重复,正式区,"高中化学竞赛笔记/高中化学竞赛基本理论学习笔记--赵鑫光--1,2017--吉林大学出版社--9787569212730-_200-350_images/28b7b150549408567faac7628ceb888f0a8672c3051978d075d478e2cd0d7ae8.jpg",31.8,,MD5=d6ee2200b5f1 同组6份 建议保留 zgxg-hybridization-types.jpg
冗余,P2,媒体内容重复,正式区,06-外部资料导入/化学竞赛初赛讲义/（已压缩）151-200_images/9e5d82a8d6a524dfe63ae715bb78d20737c17ab48718fc20edd9bde7a48be0d0.jpg,52.8,,MD5=7f220143a021 同组4份 建议保留 9e5d82a8d6a524dfe63ae715bb78d20737c17ab48718fc20edd9bde7a48be0d0.jpg
冗余,P2,媒体内容重复,正式区,11-模板/scripts/.chem_media/9e5d82a8d6a524dfe63ae715bb78d20737c17ab48718fc20edd9bde7a48be0d0.jpg,52.8,,MD5=7f220143a021 同组4份 建议保留 9e5d82a8d6a524dfe63ae715bb78d20737c17ab48718fc20edd9bde7a48be0d0.jpg
冗余,P2,媒体内容重复,正式区,media/9e5d82a8d6a524dfe63ae715bb78d20737c17ab48718fc20edd9bde7a48be0d0.jpg,52.8,,MD5=7f220143a021 同组4份 建议保留 9e5d82a8d6a524dfe63ae715bb78d20737c17ab48718fc20edd9bde7a48be0d0.jpg
冗余,P2,媒体内容重复,正式区,媒体仓库/9e5d82a8d6a524dfe63ae715bb78d20737c17ab48718fc20edd9bde7a48be0d0.jpg,52.8,,MD5=7f220143a021 同组4份 建议保留 9e5d82a8d6a524dfe63ae715bb78d20737c17ab48718fc20edd9bde7a48be0d0.jpg
冗余,P2,媒体内容重复,正式区,北斗40套/（已压缩）（已压缩）北斗40套已优化_200-399_images/e2e8b12aaf7a9befeb3a49081981e243b036c98047ff76d8678cf8cca5015ed2.jpg,157.7,,MD5=8b689c20c96b 同组2份 建议保留 e2e8b12aaf7a9befeb3a49081981e243b036c98047ff76d8678cf8cca5015ed2.jpg
冗余,P2,媒体内容重复,正式区,媒体仓库/e2e8b12aaf7a9befeb3a49081981e243b036c98047ff76d8678cf8cca5015ed2.jpg,157.7,,MD5=8b689c20c96b 同组2份 建议保留 e2e8b12aaf7a9befeb3a49081981e243b036c98047ff76d8678cf8cca5015ed2.jpg
冗余,P2,媒体内容重复,正式区,06-学生侧材料/学生讲义/media/13-11-three-ab-ionic-crystal-structures-nacl-cscl-zns.jpg,11.2,,MD5=453eb9f38088 同组15份 建议保留 13-11-three-ab-ionic-crystal-structures-nacl-cscl-zns.jpg
冗余,P2,媒体内容重复,正式区,06-学生侧材料/学生讲义/media/zns-structure.jpg,11.2,,MD5=453eb9f38088 同组15份 建议保留 13-11-three-ab-ionic-crystal-structures-nacl-cscl-zns.jpg
冗余,P2,媒体内容重复,正式区,06-学生侧材料/讲义/media/13-11-three-ab-ionic-crystal-structures-nacl-cscl-zns.jpg,11.2,,MD5=453eb9f38088 同组15份 建议保留 13-11-three-ab-ionic-crystal-structures-nacl-cscl-zns.jpg
冗余,P2,媒体内容重复,正式区,06-学生侧材料/讲义/media/2ab3d46678b2d361e87b88f8dc2cb9f5e414778b144a88f29977cbde09b25e1d.jpg,11.2,,MD5=453eb9f38088 同组15份 建议保留 13-11-three-ab-ionic-crystal-structures-nacl-cscl-zns.jpg
冗余,P2,媒体内容重复,正式区,06-学生侧材料/讲义/media/zns-structure.jpg,11.2,,MD5=453eb9f38088 同组15份 建议保留 13-11-three-ab-ionic-crystal-structures-nacl-cscl-zns.jpg
冗余,P2,媒体内容重复,正式区,11-模板/scripts/.chem_media/13-11-three-ab-ionic-crystal-structures-nacl-cscl-zns.jpg,11.2,,MD5=453eb9f38088 同组15份 建议保留 13-11-three-ab-ionic-crystal-structures-nacl-cscl-zns.jpg
冗余,P2,媒体内容重复,正式区,11-模板/scripts/.chem_media/61ea6b576a32dea0dd9bb35508cf28c7d45cc1b232c3ff13522a8d3cf42cbe3f.jpg,11.2,,MD5=453eb9f38088 同组15份 建议保留 13-11-three-ab-ionic-crystal-structures-nacl-cscl-zns.jpg
冗余,P2,媒体内容重复,正式区,11-模板/scripts/.chem_media/puha-13-11c-cubic-zns.jpg,11.2,,MD5=453eb9f38088 同组15份 建议保留 13-11-three-ab-ionic-crystal-structures-nacl-cscl-zns.jpg
冗余,P2,媒体内容重复,正式区,11-模板/scripts/.chem_media/zns-structure-unit-cell.jpg,11.2,,MD5=453eb9f38088 同组15份 建议保留 13-11-three-ab-ionic-crystal-structures-nacl-cscl-zns.jpg
冗余,P2,媒体内容重复,正式区,11-模板/scripts/.chem_media/zns-structure.jpg,11.2,,MD5=453eb9f38088 同组15份 建议保留 13-11-three-ab-ionic-crystal-structures-nacl-cscl-zns.jpg
冗余,P2,媒体内容重复,正式区,media/13-11-three-ab-ionic-crystal-structures-nacl-cscl-zns.jpg,11.2,,MD5=453eb9f38088 同组15份 建议保留 13-11-three-ab-ionic-crystal-structures-nacl-cscl-zns.jpg
冗余,P2,媒体内容重复,正式区,media/puha-13-11c-cubic-zns.jpg,11.2,,MD5=453eb9f38088 同组15份 建议保留 13-11-three-ab-ionic-crystal-structures-nacl-cscl-zns.jpg
冗余,P2,媒体内容重复,正式区,mineru/03-教材书籍/普通化学原理（第4版）/普通化学原理第4版201-400_images/2ab3d46678b2d361e87b88f8dc2cb9f5e414778b144a88f29977cbde09b25e1d.jpg,11.2,,MD5=453eb9f38088 同组15份 建议保留 13-11-three-ab-ionic-crystal-structures-nacl-cscl-zns.jpg
冗余,P2,媒体内容重复,正式区,媒体仓库/2ab3d46678b2d361e87b88f8dc2cb9f5e414778b144a88f29977cbde09b25e1d.jpg,11.2,,MD5=453eb9f38088 同组15份 建议保留 13-11-three-ab-ionic-crystal-structures-nacl-cscl-zns.jpg
冗余,P2,媒体内容重复,正式区,媒体仓库/61ea6b576a32dea0dd9bb35508cf28c7d45cc1b232c3ff13522a8d3cf42cbe3f.jpg,11.2,,MD5=453eb9f38088 同组15份 建议保留 13-11-three-ab-ionic-crystal-structures-nacl-cscl-zns.jpg
冗余,P2,媒体内容重复,正式区,中级无机化学/中级无机化学_200-343_images/98f3de0a2cb5e8c36a3ffad7b38c7577c6731f531f9b792ebb1fdee59372c6b6.jpg,78.3,,MD5=64f545bf8d06 同组3份 建议保留 98f3de0a2cb5e8c36a3ffad7b38c7577c6731f531f9b792ebb1fdee59372c6b6.jpg
冗余,P2,媒体内容重复,正式区,媒体仓库/98f3de0a2cb5e8c36a3ffad7b38c7577c6731f531f9b792ebb1fdee59372c6b6.jpg,78.3,,MD5=64f545bf8d06 同组3份 建议保留 98f3de0a2cb5e8c36a3ffad7b38c7577c6731f531f9b792ebb1fdee59372c6b6.jpg
冗余,P2,媒体内容重复,正式区,媒体仓库/zjwx_ch9_rh_carbonyl_cluster.jpg,78.3,,MD5=64f545bf8d06 同组3份 建议保留 98f3de0a2cb5e8c36a3ffad7b38c7577c6731f531f9b792ebb1fdee59372c6b6.jpg
冗余,P2,媒体内容重复,正式区,11-模板/scripts/.chem_media/e1229dc4a312ec7d52860a2e358f1ab8664a8c024d7d148978b8efc84b2a86bc.jpg,52.0,,MD5=749688b44c41 同组4份 建议保留 e1229dc4a312ec7d52860a2e358f1ab8664a8c024d7d148978b8efc84b2a86bc.jpg
冗余,P2,媒体内容重复,正式区,media/e1229dc4a312ec7d52860a2e358f1ab8664a8c024d7d148978b8efc84b2a86bc.jpg,52.0,,MD5=749688b44c41 同组4份 建议保留 e1229dc4a312ec7d52860a2e358f1ab8664a8c024d7d148978b8efc84b2a86bc.jpg
冗余,P2,媒体内容重复,正式区,mineru/03-教材书籍/ABOC有机化学/ABOC202505_1-200_images/e1229dc4a312ec7d52860a2e358f1ab8664a8c024d7d148978b8efc84b2a86bc.jpg,52.0,,MD5=749688b44c41 同组4份 建议保留 e1229dc4a312ec7d52860a2e358f1ab8664a8c024d7d148978b8efc84b2a86bc.jpg
冗余,P2,媒体内容重复,正式区,媒体仓库/e1229dc4a312ec7d52860a2e358f1ab8664a8c024d7d148978b8efc84b2a86bc.jpg,52.0,,MD5=749688b44c41 同组4份 建议保留 e1229dc4a312ec7d52860a2e358f1ab8664a8c024d7d148978b8efc84b2a86bc.jpg
冗余,P2,媒体内容重复,正式区,06-外部资料导入/OCR/竞赛教程第二分册测试/测试2答案_images/915f6a5296fe83358317403386c8002fa1561879de46efa3890a86e23ef5ef14.jpg,155.9,,MD5=4dc776a610d8 同组2份 建议保留 915f6a5296fe83358317403386c8002fa1561879de46efa3890a86e23ef5ef14.jpg
冗余,P2,媒体内容重复,正式区,媒体仓库/915f6a5296fe83358317403386c8002fa1561879de46efa3890a86e23ef5ef14.jpg,155.9,,MD5=4dc776a610d8 同组2份 建议保留 915f6a5296fe83358317403386c8002fa1561879de46efa3890a86e23ef5ef14.jpg
冗余,P2,媒体内容重复,正式区,06-外部资料导入/无机化学Weller/无机化学第6版Welle19-21章_images/44e5a33c5c512b3baea9dbe0af3a8416c1b8e4989c83efa3303a9fa30f1f68a7.jpg,51.9,,MD5=429eec9c1336 同组4份 建议保留 44e5a33c5c512b3baea9dbe0af3a8416c1b8e4989c83efa3303a9fa30f1f68a7.jpg
冗余,P2,媒体内容重复,正式区,mineru/03-教材书籍/无机化学第6版Weller/无机化学第6版Weller/无机化学第6版Welle19-21章_images/44e5a33c5c512b3baea9dbe0af3a8416c1b8e4989c83efa3303a9fa30f1f68a7.jpg,51.9,,MD5=429eec9c1336 同组4份 建议保留 44e5a33c5c512b3baea9dbe0af3a8416c1b8e4989c83efa3303a9fa30f1f68a7.jpg
冗余,P2,媒体内容重复,正式区,mineru/03-教材书籍/无机化学第6版Weller/无机化学第6版Weller/无机化学第6版副族金属有机565-748_images/0a7c1014eb864b8b277dcee2d7c435a50e54aee5acbe6848f6ed12cb798675cb.jpg,51.9,,MD5=429eec9c1336 同组4份 建议保留 44e5a33c5c512b3baea9dbe0af3a8416c1b8e4989c83efa3303a9fa30f1f68a7.jpg
冗余,P2,媒体内容重复,正式区,媒体仓库/44e5a33c5c512b3baea9dbe0af3a8416c1b8e4989c83efa3303a9fa30f1f68a7.jpg,51.9,,MD5=429eec9c1336 同组4份 建议保留 44e5a33c5c512b3baea9dbe0af3a8416c1b8e4989c83efa3303a9fa30f1f68a7.jpg
冗余,P2,媒体内容重复,正式区,06-外部资料导入/无机化学Weller/无机化学第6版Welle19-21章_images/6827598c5fb275799bb24c2a915f1069cff5457dec97f785ba5093300f00aedb.jpg,19.5,,MD5=e7b633e0c400 同组9份 建议保留 6827598c5fb275799bb24c2a915f1069cff5457dec97f785ba5093300f00aedb.jpg
冗余,P2,媒体内容重复,正式区,06-学生侧材料/学生讲义/media/octahedral-d-orbital-splitting.jpg,19.5,,MD5=e7b633e0c400 同组9份 建议保留 6827598c5fb275799bb24c2a915f1069cff5457dec97f785ba5093300f00aedb.jpg
冗余,P2,媒体内容重复,正式区,06-学生侧材料/讲义/media/octahedral-d-orbital-splitting.jpg,19.5,,MD5=e7b633e0c400 同组9份 建议保留 6827598c5fb275799bb24c2a915f1069cff5457dec97f785ba5093300f00aedb.jpg
冗余,P2,媒体内容重复,正式区,11-模板/scripts/.chem_media/octahedral-d-orbital-splitting.jpg,19.5,,MD5=e7b633e0c400 同组9份 建议保留 6827598c5fb275799bb24c2a915f1069cff5457dec97f785ba5093300f00aedb.jpg
冗余,P2,媒体内容重复,正式区,11-模板/scripts/.chem_media/weller-d-orbital-octahedral-orientation.jpg,19.5,,MD5=e7b633e0c400 同组9份 建议保留 6827598c5fb275799bb24c2a915f1069cff5457dec97f785ba5093300f00aedb.jpg
冗余,P2,媒体内容重复,正式区,media/octahedral-d-orbital-splitting.jpg,19.5,,MD5=e7b633e0c400 同组9份 建议保留 6827598c5fb275799bb24c2a915f1069cff5457dec97f785ba5093300f00aedb.jpg
冗余,P2,媒体内容重复,正式区,media/weller-d-orbital-octahedral-orientation.jpg,19.5,,MD5=e7b633e0c400 同组9份 建议保留 6827598c5fb275799bb24c2a915f1069cff5457dec97f785ba5093300f00aedb.jpg
冗余,P2,媒体内容重复,正式区,mineru/03-教材书籍/无机化学第6版Weller/无机化学第6版Weller/无机化学第6版Welle19-21章_images/6827598c5fb275799bb24c2a915f1069cff5457dec97f785ba5093300f00aedb.jpg,19.5,,MD5=e7b633e0c400 同组9份 建议保留 6827598c5fb275799bb24c2a915f1069cff5457dec97f785ba5093300f00aedb.jpg
冗余,P2,媒体内容重复,正式区,mineru/03-教材书籍/无机化学第6版Weller/无机化学第6版Weller/无机化学第6版副族金属有机565-748_images/880bb3397dff672eecb126e6494cbbf5639ef475756b2bd56526ed7f706410b3.jpg,19.5,,MD5=e7b633e0c400 同组9份 建议保留 6827598c5fb275799bb24c2a915f1069cff5457dec97f785ba5093300f00aedb.jpg
冗余,P2,媒体内容重复,正式区,06-学生侧材料/学生讲义/media/11-8-hydrogen-spectrum.jpg,31.0,,MD5=c4a071cf4244 同组6份 建议保留 11-8-hydrogen-spectrum.jpg
冗余,P2,媒体内容重复,正式区,06-学生侧材料/讲义/media/11-8-hydrogen-spectrum.jpg,31.0,,MD5=c4a071cf4244 同组6份 建议保留 11-8-hydrogen-spectrum.jpg
冗余,P2,媒体内容重复,正式区,11-模板/scripts/.chem_media/11-8-hydrogen-spectrum.jpg,31.0,,MD5=c4a071cf4244 同组6份 建议保留 11-8-hydrogen-spectrum.jpg
冗余,P2,媒体内容重复,正式区,media/11-8-hydrogen-spectrum.jpg,31.0,,MD5=c4a071cf4244 同组6份 建议保留 11-8-hydrogen-spectrum.jpg
冗余,P2,媒体内容重复,正式区,mineru/03-教材书籍/普通化学原理（第4版）/普通化学原理第4版201-400_images/3d7a01d59db8a8b40be6516b27ae8a96d6f0e9f65441b1abc00d95b4453ed3f2.jpg,31.0,,MD5=c4a071cf4244 同组6份 建议保留 11-8-hydrogen-spectrum.jpg
冗余,P2,媒体内容重复,正式区,媒体仓库/7a5e77049a96ce74f5ef23ef510a77a1c8cefa6e6a3d04b716e6e9e4da5832f4.jpg,31.0,,MD5=c4a071cf4244 同组6份 建议保留 11-8-hydrogen-spectrum.jpg
冗余,P2,媒体内容重复,正式区,06-学生侧材料/学生讲义/media/13-15-diamond-crystal-structure-fcc-unit-cell.jpg,17.2,,MD5=a82b3d61a953 同组10份 建议保留 13-15-diamond-crystal-structure-fcc-unit-cell.jpg
冗余,P2,媒体内容重复,正式区,06-学生侧材料/讲义/media/13-15-diamond-crystal-structure-fcc-unit-cell.jpg,17.2,,MD5=a82b3d61a953 同组10份 建议保留 13-15-diamond-crystal-structure-fcc-unit-cell.jpg
冗余,P2,媒体内容重复,正式区,06-学生侧材料/讲义/media/63ddb148f665c462075efd02ad2731c08bb0f59a054ce31d70240cad62cd5f4f.jpg,17.2,,MD5=a82b3d61a953 同组10份 建议保留 13-15-diamond-crystal-structure-fcc-unit-cell.jpg
冗余,P2,媒体内容重复,正式区,11-模板/scripts/.chem_media/13-15-diamond-crystal-structure-fcc-unit-cell.jpg,17.2,,MD5=a82b3d61a953 同组10份 建议保留 13-15-diamond-crystal-structure-fcc-unit-cell.jpg
冗余,P2,媒体内容重复,正式区,11-模板/scripts/.chem_media/676bed6be1994dd0f48b5f726738c139cd2fb798bffb121dea36915fa024b351.jpg,17.2,,MD5=a82b3d61a953 同组10份 建议保留 13-15-diamond-crystal-structure-fcc-unit-cell.jpg
冗余,P2,媒体内容重复,正式区,11-模板/scripts/.chem_media/puha-13-15a-diamond-unit-cell.jpg,17.2,,MD5=a82b3d61a953 同组10份 建议保留 13-15-diamond-crystal-structure-fcc-unit-cell.jpg
冗余,P2,媒体内容重复,正式区,media/13-15-diamond-crystal-structure-fcc-unit-cell.jpg,17.2,,MD5=a82b3d61a953 同组10份 建议保留 13-15-diamond-crystal-structure-fcc-unit-cell.jpg
冗余,P2,媒体内容重复,正式区,media/puha-13-15a-diamond-unit-cell.jpg,17.2,,MD5=a82b3d61a953 同组10份 建议保留 13-15-diamond-crystal-structure-fcc-unit-cell.jpg
冗余,P2,媒体内容重复,正式区,mineru/03-教材书籍/普通化学原理（第4版）/普通化学原理第4版201-400_images/63ddb148f665c462075efd02ad2731c08bb0f59a054ce31d70240cad62cd5f4f.jpg,17.2,,MD5=a82b3d61a953 同组10份 建议保留 13-15-diamond-crystal-structure-fcc-unit-cell.jpg
冗余,P2,媒体内容重复,正式区,媒体仓库/676bed6be1994dd0f48b5f726738c139cd2fb798bffb121dea36915fa024b351.jpg,17.2,,MD5=a82b3d61a953 同组10份 建议保留 13-15-diamond-crystal-structure-fcc-unit-cell.jpg
冗余,P2,媒体内容重复,正式区,03-知识点/决赛要求/物理化学深化/media/binary-vle-Tx-phase-diagram.jpg,76.9,,MD5=d850ce93e8bf 同组3份 建议保留 binary-vle-Tx-phase-diagram.jpg
冗余,P2,媒体内容重复,正式区,11-模板/scripts/.chem_media/binary-vle-Tx-phase-diagram.jpg,76.9,,MD5=d850ce93e8bf 同组3份 建议保留 binary-vle-Tx-phase-diagram.jpg
冗余,P2,媒体内容重复,正式区,media/binary-vle-Tx-phase-diagram.jpg,76.9,,MD5=d850ce93e8bf 同组3份 建议保留 binary-vle-Tx-phase-diagram.jpg
冗余,P2,媒体内容重复,正式区,11-模板/scripts/.chem_media/zhao_standard_electrode_table.jpg,38.4,,MD5=1aa5322c0edb 同组5份 建议保留 zhao_standard_electrode_table.jpg
冗余,P2,媒体内容重复,正式区,media/zhao_standard_electrode_table.jpg,38.4,,MD5=1aa5322c0edb 同组5份 建议保留 zhao_standard_electrode_table.jpg
冗余,P2,媒体内容重复,正式区,媒体仓库/031060307babdd13cc2440702ddcef5ed15f205c79d7aa5fdecfa4a6faa1e42a.jpg,38.4,,MD5=1aa5322c0edb 同组5份 建议保留 zhao_standard_electrode_table.jpg
冗余,P2,媒体内容重复,正式区,媒体仓库/zhao_standard_electrode_table.jpg,38.4,,MD5=1aa5322c0edb 同组5份 建议保留 zhao_standard_electrode_table.jpg
冗余,P2,媒体内容重复,正式区,"高中化学竞赛笔记/高中化学竞赛基本理论学习笔记--赵鑫光--1,2017--吉林大学出版社--9787569212730-_200-350_images/031060307babdd13cc2440702ddcef5ed15f205c79d7aa5fdecfa4a6faa1e42a.jpg",38.4,,MD5=1aa5322c0edb 同组5份 建议保留 zhao_standard_electrode_table.jpg
冗余,P2,媒体内容重复,正式区,11-模板/scripts/.chem_media/frost-circle-aromaticity.jpg,153.4,,MD5=f73e2d47e992 同组2份 建议保留 frost-circle-aromaticity.jpg
冗余,P2,媒体内容重复,正式区,media/frost-circle-aromaticity.jpg,153.4,,MD5=f73e2d47e992 同组2份 建议保留 frost-circle-aromaticity.jpg
冗余,P2,媒体内容重复,正式区,04-题库/真题/第38届决赛/理论/attachments/4a44928722c7efb1fd0b668fc6de3ce9d66fb9f8af726b7bf755400acf74276e.jpg,153.2,,MD5=090634e85dec 同组2份 建议保留 4a44928722c7efb1fd0b668fc6de3ce9d66fb9f8af726b7bf755400acf74276e.jpg
冗余,P2,媒体内容重复,正式区,mineru02/2024年第38届化学竞赛决赛试题及解析_images/4a44928722c7efb1fd0b668fc6de3ce9d66fb9f8af726b7bf755400acf74276e.jpg,153.2,,MD5=090634e85dec 同组2份 建议保留 4a44928722c7efb1fd0b668fc6de3ce9d66fb9f8af726b7bf755400acf74276e.jpg
冗余,P2,媒体内容重复,正式区,06-学生侧材料/学生讲义/media/13-11b-cscl-structure-unit-cell.jpg,9.6,,MD5=d17ad74532f2 同组17份 建议保留 13-11b-cscl-structure-unit-cell.jpg
冗余,P2,媒体内容重复,正式区,06-学生侧材料/学生讲义/media/cscl-structure.jpg,9.6,,MD5=d17ad74532f2 同组17份 建议保留 13-11b-cscl-structure-unit-cell.jpg
冗余,P2,媒体内容重复,正式区,06-学生侧材料/讲义/media/13-11b-cscl-structure-unit-cell.jpg,9.6,,MD5=d17ad74532f2 同组17份 建议保留 13-11b-cscl-structure-unit-cell.jpg
冗余,P2,媒体内容重复,正式区,06-学生侧材料/讲义/media/a216ab9d7afb50c2358dfbfdb0017d046f54718a2ed3df6a07da0edcc08fb2a2.jpg,9.6,,MD5=d17ad74532f2 同组17份 建议保留 13-11b-cscl-structure-unit-cell.jpg
冗余,P2,媒体内容重复,正式区,06-学生侧材料/讲义/media/cscl-structure.jpg,9.6,,MD5=d17ad74532f2 同组17份 建议保留 13-11b-cscl-structure-unit-cell.jpg
冗余,P2,媒体内容重复,正式区,11-模板/scripts/.chem_media/13-11b-cscl-structure-unit-cell.jpg,9.6,,MD5=d17ad74532f2 同组17份 建议保留 13-11b-cscl-structure-unit-cell.jpg
冗余,P2,媒体内容重复,正式区,11-模板/scripts/.chem_media/cscl-structure.jpg,9.6,,MD5=d17ad74532f2 同组17份 建议保留 13-11b-cscl-structure-unit-cell.jpg
冗余,P2,媒体内容重复,正式区,11-模板/scripts/.chem_media/f35f43fae734e51d24d5ed3c1037a8f3339883efa0832f621a694c3e15048254.jpg,9.6,,MD5=d17ad74532f2 同组17份 建议保留 13-11b-cscl-structure-unit-cell.jpg
冗余,P2,媒体内容重复,正式区,11-模板/scripts/.chem_media/puha-13-11b-cscl.jpg,9.6,,MD5=d17ad74532f2 同组17份 建议保留 13-11b-cscl-structure-unit-cell.jpg
冗余,P2,媒体内容重复,正式区,11-模板/scripts/.chem_media/puhua-cscl-unit-cell.jpg,9.6,,MD5=d17ad74532f2 同组17份 建议保留 13-11b-cscl-structure-unit-cell.jpg
冗余,P2,媒体内容重复,正式区,media/13-11b-cscl-structure-unit-cell.jpg,9.6,,MD5=d17ad74532f2 同组17份 建议保留 13-11b-cscl-structure-unit-cell.jpg
冗余,P2,媒体内容重复,正式区,media/puha-13-11b-cscl.jpg,9.6,,MD5=d17ad74532f2 同组17份 建议保留 13-11b-cscl-structure-unit-cell.jpg
冗余,P2,媒体内容重复,正式区,media/puhua-cscl-unit-cell.jpg,9.6,,MD5=d17ad74532f2 同组17份 建议保留 13-11b-cscl-structure-unit-cell.jpg
冗余,P2,媒体内容重复,正式区,mineru/03-教材书籍/普通化学原理（第4版）/普通化学原理第4版201-400_images/a216ab9d7afb50c2358dfbfdb0017d046f54718a2ed3df6a07da0edcc08fb2a2.jpg,9.6,,MD5=d17ad74532f2 同组17份 建议保留 13-11b-cscl-structure-unit-cell.jpg
冗余,P2,媒体内容重复,正式区,媒体仓库/a216ab9d7afb50c2358dfbfdb0017d046f54718a2ed3df6a07da0edcc08fb2a2.jpg,9.6,,MD5=d17ad74532f2 同组17份 建议保留 13-11b-cscl-structure-unit-cell.jpg
冗余,P2,媒体内容重复,正式区,媒体仓库/f35f43fae734e51d24d5ed3c1037a8f3339883efa0832f621a694c3e15048254.jpg,9.6,,MD5=d17ad74532f2 同组17份 建议保留 13-11b-cscl-structure-unit-cell.jpg
冗余,P2,媒体内容重复,正式区,媒体仓库/puhua-cscl-unit-cell.jpg,9.6,,MD5=d17ad74532f2 同组17份 建议保留 13-11b-cscl-structure-unit-cell.jpg
冗余,P2,媒体内容重复,正式区,11-模板/scripts/.chem_media/zhao_dd_pi_8b57a963.jpg,37.9,,MD5=b86f3f4a98e6 同组5份 建议保留 zhao_dd_pi_8b57a963.jpg
冗余,P2,媒体内容重复,正式区,media/zhao_dd_pi_8b57a963.jpg,37.9,,MD5=b86f3f4a98e6 同组5份 建议保留 zhao_dd_pi_8b57a963.jpg
冗余,P2,媒体内容重复,正式区,媒体仓库/8b57a963593f8b758ae5a78172cd625262980655b9d35c7f6b16970d9f9e19e2.jpg,37.9,,MD5=b86f3f4a98e6 同组5份 建议保留 zhao_dd_pi_8b57a963.jpg
冗余,P2,媒体内容重复,正式区,媒体仓库/zhao_dd_pi_8b57a963.jpg,37.9,,MD5=b86f3f4a98e6 同组5份 建议保留 zhao_dd_pi_8b57a963.jpg
冗余,P2,媒体内容重复,正式区,"高中化学竞赛笔记/高中化学竞赛基本理论学习笔记--赵鑫光--1,2017--吉林大学出版社--9787569212730-_1-199_images/8b57a963593f8b758ae5a78172cd625262980655b9d35c7f6b16970d9f9e19e2.jpg",37.9,,MD5=b86f3f4a98e6 同组5份 建议保留 zhao_dd_pi_8b57a963.jpg
冗余,P2,媒体内容重复,正式区,06-学生侧材料/学生讲义/media/11-13-orbital-shapes-s-p-d.jpg,25.3,,MD5=f86e7997683c 同组7份 建议保留 11-13-orbital-shapes-s-p-d.jpg
冗余,P2,媒体内容重复,正式区,06-学生侧材料/讲义/media/11-13-orbital-shapes-s-p-d.jpg,25.3,,MD5=f86e7997683c 同组7份 建议保留 11-13-orbital-shapes-s-p-d.jpg
冗余,P2,媒体内容重复,正式区,11-模板/scripts/.chem_media/11-13-orbital-shapes-s-p-d.jpg,25.3,,MD5=f86e7997683c 同组7份 建议保留 11-13-orbital-shapes-s-p-d.jpg
冗余,P2,媒体内容重复,正式区,11-模板/scripts/.chem_media/9c820ca4dce57ba7e34eab51e8c7aa156e79ea8660e13c1482a4bc30f58ea042.jpg,25.3,,MD5=f86e7997683c 同组7份 建议保留 11-13-orbital-shapes-s-p-d.jpg
冗余,P2,媒体内容重复,正式区,media/11-13-orbital-shapes-s-p-d.jpg,25.3,,MD5=f86e7997683c 同组7份 建议保留 11-13-orbital-shapes-s-p-d.jpg
冗余,P2,媒体内容重复,正式区,mineru/03-教材书籍/普通化学原理（第4版）/普通化学原理第4版201-400_images/1f6c1d54d1c6607d6e76075437bcc733435cdf4fa604e360ca4c619450f5d1ca.jpg,25.3,,MD5=f86e7997683c 同组7份 建议保留 11-13-orbital-shapes-s-p-d.jpg
冗余,P2,媒体内容重复,正式区,媒体仓库/9c820ca4dce57ba7e34eab51e8c7aa156e79ea8660e13c1482a4bc30f58ea042.jpg,25.3,,MD5=f86e7997683c 同组7份 建议保留 11-13-orbital-shapes-s-p-d.jpg
冗余,P2,媒体内容重复,噪音缓存,.workbuddy/tmp/prov_crops/p23_14_ge.png,75.4,,MD5=615702fb6042 同组3份 建议保留 af1271f4c4c6a31c.png
冗余,P2,媒体内容重复,正式区,06-外部资料导入/真题/省预赛/crops/af1271f4c4c6a31c.png,75.4,,MD5=615702fb6042 同组3份 建议保留 af1271f4c4c6a31c.png
冗余,P2,媒体内容重复,正式区,媒体仓库/af1271f4c4c6a31c.png,75.4,,MD5=615702fb6042 同组3份 建议保留 af1271f4c4c6a31c.png
冗余,P2,媒体内容重复,正式区,11-模板/scripts/.chem_media/f03d36a4f8046c5347765a5d3b1fa8cc17c80530558ad5211eeda49903c64fc4.png,150.6,,MD5=f249f956caf0 同组2份 建议保留 f03d36a4f8046c5347765a5d3b1fa8cc17c80530558ad5211eeda49903c64fc4.png
冗余,P2,媒体内容重复,正式区,媒体仓库/_待清理/_白边原图/f03d36a4f8046c5347765a5d3b1fa8cc17c80530558ad5211eeda49903c64fc4.png,150.6,,MD5=f249f956caf0 同组2份 建议保留 f03d36a4f8046c5347765a5d3b1fa8cc17c80530558ad5211eeda49903c64fc4.png
冗余,P2,媒体内容重复,正式区,clayden 有机化学/Clayden中文版_306-501_images/39fc855507e5a90bfeee433e080d3ddb537b1edc47ca93ab77e09284b03fc1c6.jpg,150.6,,MD5=4d52f0ef192b 同组2份 建议保留 39fc855507e5a90bfeee433e080d3ddb537b1edc47ca93ab77e09284b03fc1c6.jpg
冗余,P2,媒体内容重复,正式区,clayden 有机化学/Clayden中文版_402-600_images/769c60b7ed5195b5ce802328123d292e79a54d92b9b4dde726bbbd4b6929323f.jpg,150.6,,MD5=4d52f0ef192b 同组2份 建议保留 39fc855507e5a90bfeee433e080d3ddb537b1edc47ca93ab77e09284b03fc1c6.jpg
冗余,P2,媒体内容重复,正式区,clayden 有机化学/Clayden中文版_11-210_images/bbbd243368a83556e1c41aad9568a37d8c8f6cae743e8f791774f233415a2154.jpg,74.9,,MD5=54662b05d8de 同组3份 建议保留 bbbd243368a83556e1c41aad9568a37d8c8f6cae743e8f791774f233415a2154.jpg
冗余,P2,媒体内容重复,正式区,媒体仓库/0a8b8f8e6b78c6a05909abc457ba194e280ebdc8340ee14777b591cd4cbc88a7.jpg,74.9,,MD5=54662b05d8de 同组3份 建议保留 bbbd243368a83556e1c41aad9568a37d8c8f6cae743e8f791774f233415a2154.jpg
冗余,P2,媒体内容重复,正式区,媒体仓库/bbbd243368a83556e1c41aad9568a37d8c8f6cae743e8f791774f233415a2154.jpg,74.9,,MD5=54662b05d8de 同组3份 建议保留 bbbd243368a83556e1c41aad9568a37d8c8f6cae743e8f791774f233415a2154.jpg
冗余,P2,媒体内容重复,正式区,06-学生侧材料/学生讲义/media/tetrahedral-splitting.jpg,24.9,,MD5=984594b9e0c2 同组7份 建议保留 tetrahedral-splitting.jpg
冗余,P2,媒体内容重复,正式区,06-学生侧材料/讲义/media/tetrahedral-splitting.jpg,24.9,,MD5=984594b9e0c2 同组7份 建议保留 tetrahedral-splitting.jpg
冗余,P2,媒体内容重复,正式区,11-模板/scripts/.chem_media/3d41cabd219da94770b7ad73af1eae56361132a41048bbe915d4bf9d3f60edd5.jpg,24.9,,MD5=984594b9e0c2 同组7份 建议保留 tetrahedral-splitting.jpg
冗余,P2,媒体内容重复,正式区,11-模板/scripts/.chem_media/tetrahedral-splitting.jpg,24.9,,MD5=984594b9e0c2 同组7份 建议保留 tetrahedral-splitting.jpg
冗余,P2,媒体内容重复,正式区,media/tetrahedral-splitting.jpg,24.9,,MD5=984594b9e0c2 同组7份 建议保留 tetrahedral-splitting.jpg
冗余,P2,媒体内容重复,正式区,mineru/03-教材书籍/普通化学原理（第4版）/普通化学原理第4版201-400_images/f08fe716300c48140af2dbc7550629c2695931b7011738b8846644991730611b.jpg,24.9,,MD5=984594b9e0c2 同组7份 建议保留 tetrahedral-splitting.jpg
冗余,P2,媒体内容重复,正式区,媒体仓库/3d41cabd219da94770b7ad73af1eae56361132a41048bbe915d4bf9d3f60edd5.jpg,24.9,,MD5=984594b9e0c2 同组7份 建议保留 tetrahedral-splitting.jpg
冗余,P2,媒体内容重复,正式区,11-模板/scripts/.chem_media/8173069c4dbbe13340f1a3f947625130a9cc8547c725cc9f599616df36c489ae.jpg,49.7,,MD5=2bab5f5d4f7b 同组4份 建议保留 8173069c4dbbe13340f1a3f947625130a9cc8547c725cc9f599616df36c489ae.jpg
冗余,P2,媒体内容重复,正式区,media/8173069c4dbbe13340f1a3f947625130a9cc8547c725cc9f599616df36c489ae.jpg,49.7,,MD5=2bab5f5d4f7b 同组4份 建议保留 8173069c4dbbe13340f1a3f947625130a9cc8547c725cc9f599616df36c489ae.jpg
冗余,P2,媒体内容重复,正式区,mineru/03-教材书籍/ABOC有机化学/ABOC202505_1-200_images/8173069c4dbbe13340f1a3f947625130a9cc8547c725cc9f599616df36c489ae.jpg,49.7,,MD5=2bab5f5d4f7b 同组4份 建议保留 8173069c4dbbe13340f1a3f947625130a9cc8547c725cc9f599616df36c489ae.jpg
冗余,P2,媒体内容重复,正式区,媒体仓库/8173069c4dbbe13340f1a3f947625130a9cc8547c725cc9f599616df36c489ae.jpg,49.7,,MD5=2bab5f5d4f7b 同组4份 建议保留 8173069c4dbbe13340f1a3f947625130a9cc8547c725cc9f599616df36c489ae.jpg
冗余,P2,媒体内容重复,正式区,06-外部资料导入/OCR/北斗化学试题/化学模拟卷（二）答案_images/cd6e101c1a799a34872ff02a2982c88e79f6281ac7e2b5286f07ddd227f01999.jpg,148.9,,MD5=8270e81f97ea 同组2份 建议保留 cd6e101c1a799a34872ff02a2982c88e79f6281ac7e2b5286f07ddd227f01999.jpg
冗余,P2,媒体内容重复,正式区,媒体仓库/cd6e101c1a799a34872ff02a2982c88e79f6281ac7e2b5286f07ddd227f01999.jpg,148.9,,MD5=8270e81f97ea 同组2份 建议保留 cd6e101c1a799a34872ff02a2982c88e79f6281ac7e2b5286f07ddd227f01999.jpg
冗余,P2,媒体内容重复,正式区,11-模板/scripts/.chem_media/zgxg-tetrahedral-cft-splitting.jpg,37.2,,MD5=0cc44d1ed28d 同组5份 建议保留 zgxg-tetrahedral-cft-splitting.jpg
冗余,P2,媒体内容重复,正式区,media/zgxg-tetrahedral-cft-splitting.jpg,37.2,,MD5=0cc44d1ed28d 同组5份 建议保留 zgxg-tetrahedral-cft-splitting.jpg
冗余,P2,媒体内容重复,正式区,媒体仓库/1600f61fc5f642d4b3023e326662f862553c1c4048e67a053dae7a4ad63a9ce7.jpg,37.2,,MD5=0cc44d1ed28d 同组5份 建议保留 zgxg-tetrahedral-cft-splitting.jpg
冗余,P2,媒体内容重复,正式区,媒体仓库/zgxg-tetrahedral-cft-splitting.jpg,37.2,,MD5=0cc44d1ed28d 同组5份 建议保留 zgxg-tetrahedral-cft-splitting.jpg
冗余,P2,媒体内容重复,正式区,"高中化学竞赛笔记/高中化学竞赛基本理论学习笔记--赵鑫光--1,2017--吉林大学出版社--9787569212730-_200-350_images/1600f61fc5f642d4b3023e326662f862553c1c4048e67a053dae7a4ad63a9ce7.jpg",37.2,,MD5=0cc44d1ed28d 同组5份 建议保留 zgxg-tetrahedral-cft-splitting.jpg
冗余,P2,媒体内容重复,正式区,11-模板/scripts/.chem_media/14种布拉维格子矩阵.png,148.7,,MD5=79639140035f 同组2份 建议保留 14种布拉维格子矩阵.png
冗余,P2,媒体内容重复,正式区,媒体仓库/_待清理/_白边原图/e822ba05308130a25c6a0f00c33a42bfc8d974824a6e861f6a8f8fe2b565aedf.png,148.7,,MD5=79639140035f 同组2份 建议保留 14种布拉维格子矩阵.png
冗余,P2,媒体内容重复,正式区,11-模板/scripts/.chem_media/zhao_cu_elec.jpg,18.6,,MD5=56dce28963f4 同组9份 建议保留 zhao_cu_elec.jpg
冗余,P2,媒体内容重复,正式区,11-模板/scripts/.chem_media/zhao_cu_elec_c25abdce.jpg,18.6,,MD5=56dce28963f4 同组9份 建议保留 zhao_cu_elec.jpg
冗余,P2,媒体内容重复,正式区,media/zhao_cu_elec.jpg,18.6,,MD5=56dce28963f4 同组9份 建议保留 zhao_cu_elec.jpg
冗余,P2,媒体内容重复,正式区,media/zhao_cu_elec_c25abdce.jpg,18.6,,MD5=56dce28963f4 同组9份 建议保留 zhao_cu_elec.jpg
冗余,P2,媒体内容重复,正式区,媒体仓库/c25abdce57e241b8812ffd16b2d0d81227b8918c3dd4c6585b9533e22dfaff35.jpg,18.6,,MD5=56dce28963f4 同组9份 建议保留 zhao_cu_elec.jpg
冗余,P2,媒体内容重复,正式区,媒体仓库/zhao_cu_elec.jpg,18.6,,MD5=56dce28963f4 同组9份 建议保留 zhao_cu_elec.jpg
冗余,P2,媒体内容重复,正式区,媒体仓库/zhao_ch200_350/c25abdce57e241b8812ffd16b2d0d81227b8918c3dd4c6585b9533e22dfaff35.jpg,18.6,,MD5=56dce28963f4 同组9份 建议保留 zhao_cu_elec.jpg
冗余,P2,媒体内容重复,正式区,媒体仓库/_待清理/_重复/zhao_cu_elec_c25abdce.jpg,18.6,,MD5=56dce28963f4 同组9份 建议保留 zhao_cu_elec.jpg
冗余,P2,媒体内容重复,正式区,"高中化学竞赛笔记/高中化学竞赛基本理论学习笔记--赵鑫光--1,2017--吉林大学出版社--9787569212730-_200-350_images/c25abdce57e241b8812ffd16b2d0d81227b8918c3dd4c6585b9533e22dfaff35.jpg",18.6,,MD5=56dce28963f4 同组9份 建议保留 zhao_cu_elec.jpg
冗余,P2,媒体内容重复,正式区,04-题库/真题/第36届决赛/理论/第一场/attachments/c5cb420fd0b1fc8fc269a2f830d5bdd30d8f0ad95b880fd8a9df4c248a0e9e60.jpg,74.1,,MD5=a7277a94ffb5 同组3份 建议保留 c5cb420fd0b1fc8fc269a2f830d5bdd30d8f0ad95b880fd8a9df4c248a0e9e60.jpg
冗余,P2,媒体内容重复,正式区,mineru02/2022-36-CChO-juesai-1_images/c5cb420fd0b1fc8fc269a2f830d5bdd30d8f0ad95b880fd8a9df4c248a0e9e60.jpg,74.1,,MD5=a7277a94ffb5 同组3份 建议保留 c5cb420fd0b1fc8fc269a2f830d5bdd30d8f0ad95b880fd8a9df4c248a0e9e60.jpg
冗余,P2,媒体内容重复,正式区,媒体仓库/c5cb420fd0b1fc8fc269a2f830d5bdd30d8f0ad95b880fd8a9df4c248a0e9e60.jpg,74.1,,MD5=a7277a94ffb5 同组3份 建议保留 c5cb420fd0b1fc8fc269a2f830d5bdd30d8f0ad95b880fd8a9df4c248a0e9e60.jpg
冗余,P2,媒体内容重复,正式区,11-模板/scripts/.chem_media/zgxg-strong-acid-base-titration.jpg,37.0,,MD5=023f67682b93 同组5份 建议保留 zgxg-strong-acid-base-titration.jpg
冗余,P2,媒体内容重复,正式区,media/zgxg-strong-acid-base-titration.jpg,37.0,,MD5=023f67682b93 同组5份 建议保留 zgxg-strong-acid-base-titration.jpg
冗余,P2,媒体内容重复,正式区,媒体仓库/9c86dd8b005af9872f709ee20629ff94c3ac06682411d91ce1812ecb894df377.jpg,37.0,,MD5=023f67682b93 同组5份 建议保留 zgxg-strong-acid-base-titration.jpg
冗余,P2,媒体内容重复,正式区,媒体仓库/zgxg-strong-acid-base-titration.jpg,37.0,,MD5=023f67682b93 同组5份 建议保留 zgxg-strong-acid-base-titration.jpg
冗余,P2,媒体内容重复,正式区,"高中化学竞赛笔记/高中化学竞赛基本理论学习笔记--赵鑫光--1,2017--吉林大学出版社--9787569212730-_351-482_images/9c86dd8b005af9872f709ee20629ff94c3ac06682411d91ce1812ecb894df377.jpg",37.0,,MD5=023f67682b93 同组5份 建议保留 zgxg-strong-acid-base-titration.jpg
冗余,P2,媒体内容重复,正式区,11-模板/scripts/.chem_media/1cf53f30e30d122f4d3acfb62a7e6adddfd6327d673bfd2d7a6949b42d820ed2.png,73.9,,MD5=27a228c4e2a1 同组3份 建议保留 1cf53f30e30d122f4d3acfb62a7e6adddfd6327d673bfd2d7a6949b42d820ed2.png
冗余,P2,媒体内容重复,正式区,11-模板/scripts/.chem_media/图-八面体空隙截面-半径比临界条件.png,73.9,,MD5=27a228c4e2a1 同组3份 建议保留 1cf53f30e30d122f4d3acfb62a7e6adddfd6327d673bfd2d7a6949b42d820ed2.png
冗余,P2,媒体内容重复,正式区,媒体仓库/_待清理/_白边原图/1cf53f30e30d122f4d3acfb62a7e6adddfd6327d673bfd2d7a6949b42d820ed2.png,73.9,,MD5=27a228c4e2a1 同组3份 建议保留 1cf53f30e30d122f4d3acfb62a7e6adddfd6327d673bfd2d7a6949b42d820ed2.png
冗余,P2,媒体内容重复,噪音缓存,.workbuddy/tmp/prov_crops/p22_05_tc.png,73.7,,MD5=584fd2783f50 同组3份 建议保留 115f96b021be8bd4.png
冗余,P2,媒体内容重复,正式区,06-外部资料导入/真题/省预赛/crops/115f96b021be8bd4.png,73.7,,MD5=584fd2783f50 同组3份 建议保留 115f96b021be8bd4.png
冗余,P2,媒体内容重复,正式区,媒体仓库/115f96b021be8bd4.png,73.7,,MD5=584fd2783f50 同组3份 建议保留 115f96b021be8bd4.png
冗余,P2,媒体内容重复,正式区,03-知识点/决赛要求/物理化学深化/media/binary-eutectic-phase-diagram.jpg,73.7,,MD5=68547744bf35 同组3份 建议保留 binary-eutectic-phase-diagram.jpg
冗余,P2,媒体内容重复,正式区,11-模板/scripts/.chem_media/binary-eutectic-phase-diagram.jpg,73.7,,MD5=68547744bf35 同组3份 建议保留 binary-eutectic-phase-diagram.jpg
冗余,P2,媒体内容重复,正式区,media/binary-eutectic-phase-diagram.jpg,73.7,,MD5=68547744bf35 同组3份 建议保留 binary-eutectic-phase-diagram.jpg
冗余,P2,媒体内容重复,正式区,11-模板/scripts/.chem_media/zgxg-pauling-cotton-energy-levels.jpg,49.1,,MD5=e99d01057982 同组4份 建议保留 zgxg-pauling-cotton-energy-levels.jpg
冗余,P2,媒体内容重复,正式区,media/zgxg-pauling-cotton-energy-levels.jpg,49.1,,MD5=e99d01057982 同组4份 建议保留 zgxg-pauling-cotton-energy-levels.jpg
冗余,P2,媒体内容重复,正式区,媒体仓库/zgxg-pauling-cotton-energy-levels.jpg,49.1,,MD5=e99d01057982 同组4份 建议保留 zgxg-pauling-cotton-energy-levels.jpg
冗余,P2,媒体内容重复,正式区,"高中化学竞赛笔记/高中化学竞赛基本理论学习笔记--赵鑫光--1,2017--吉林大学出版社--9787569212730-_1-199_images/061b12f988740a438458e2207beb240ee4cd374da212f5f5f86073df5b8ee0dd.jpg",49.1,,MD5=e99d01057982 同组4份 建议保留 zgxg-pauling-cotton-energy-levels.jpg
冗余,P2,媒体内容重复,正式区,11-模板/scripts/.chem_media/432b2dfd3bcdeb8589bf10b7491a07d98b1204c67cfc1879b109bb7f63141675.png,73.0,,MD5=594a9608d169 同组3份 建议保留 432b2dfd3bcdeb8589bf10b7491a07d98b1204c67cfc1879b109bb7f63141675.png
冗余,P2,媒体内容重复,正式区,11-模板/scripts/.chem_media/图-面心立方晶胞3D.png,73.0,,MD5=594a9608d169 同组3份 建议保留 432b2dfd3bcdeb8589bf10b7491a07d98b1204c67cfc1879b109bb7f63141675.png
冗余,P2,媒体内容重复,正式区,媒体仓库/_待清理/_白边原图/432b2dfd3bcdeb8589bf10b7491a07d98b1204c67cfc1879b109bb7f63141675.png,73.0,,MD5=594a9608d169 同组3份 建议保留 432b2dfd3bcdeb8589bf10b7491a07d98b1204c67cfc1879b109bb7f63141675.png
冗余,P2,媒体内容重复,正式区,06-外部资料导入/OCR/北斗化学试题/化学模拟卷（二）答案_images/18f0013e96f43c2e26c83e025014ec3e806f1f79f4ea0a404a72f2819d58ee5f.jpg,145.9,,MD5=5e9f835d16a4 同组2份 建议保留 18f0013e96f43c2e26c83e025014ec3e806f1f79f4ea0a404a72f2819d58ee5f.jpg
冗余,P2,媒体内容重复,正式区,媒体仓库/18f0013e96f43c2e26c83e025014ec3e806f1f79f4ea0a404a72f2819d58ee5f.jpg,145.9,,MD5=5e9f835d16a4 同组2份 建议保留 18f0013e96f43c2e26c83e025014ec3e806f1f79f4ea0a404a72f2819d58ee5f.jpg
冗余,P2,媒体内容重复,正式区,mineru/03-教材书籍/ABOC有机化学/ABOC202505_200-397_images/d03e9f00634b028a3039a88743ecccdef78f2d54ffb85d8484d616e0503bca30.jpg,145.7,,MD5=a14f6681fc4f 同组2份 建议保留 d03e9f00634b028a3039a88743ecccdef78f2d54ffb85d8484d616e0503bca30.jpg
冗余,P2,媒体内容重复,正式区,媒体仓库/d03e9f00634b028a3039a88743ecccdef78f2d54ffb85d8484d616e0503bca30.jpg,145.7,,MD5=a14f6681fc4f 同组2份 建议保留 d03e9f00634b028a3039a88743ecccdef78f2d54ffb85d8484d616e0503bca30.jpg
冗余,P2,媒体内容重复,正式区,11-模板/scripts/.chem_media/ca8355c3a79f7c7cb5afd459fd960fa193bd10637ec6bfaf2bbd6bd6a98a41b9.jpg,48.2,,MD5=9cd547ffdc7e 同组4份 建议保留 ca8355c3a79f7c7cb5afd459fd960fa193bd10637ec6bfaf2bbd6bd6a98a41b9.jpg
冗余,P2,媒体内容重复,正式区,media/ca8355c3a79f7c7cb5afd459fd960fa193bd10637ec6bfaf2bbd6bd6a98a41b9.jpg,48.2,,MD5=9cd547ffdc7e 同组4份 建议保留 ca8355c3a79f7c7cb5afd459fd960fa193bd10637ec6bfaf2bbd6bd6a98a41b9.jpg
冗余,P2,媒体内容重复,正式区,mineru/01-真题/第39届中国化学奥林匹克初赛试题_images/ca8355c3a79f7c7cb5afd459fd960fa193bd10637ec6bfaf2bbd6bd6a98a41b9.jpg,48.2,,MD5=9cd547ffdc7e 同组4份 建议保留 ca8355c3a79f7c7cb5afd459fd960fa193bd10637ec6bfaf2bbd6bd6a98a41b9.jpg
冗余,P2,媒体内容重复,正式区,媒体仓库/ca8355c3a79f7c7cb5afd459fd960fa193bd10637ec6bfaf2bbd6bd6a98a41b9.jpg,48.2,,MD5=9cd547ffdc7e 同组4份 建议保留 ca8355c3a79f7c7cb5afd459fd960fa193bd10637ec6bfaf2bbd6bd6a98a41b9.jpg
冗余,P2,媒体内容重复,正式区,11-模板/scripts/.chem_media/1ea2cb21cc90d9bb69ff960e8cb8026c6d3c5ab6a88f3732d72f63790d58401e.jpg,24.0,,MD5=394844b30138 同组7份 建议保留 1ea2cb21cc90d9bb69ff960e8cb8026c6d3c5ab6a88f3732d72f63790d58401e.jpg
冗余,P2,媒体内容重复,正式区,11-模板/scripts/.chem_media/zgxg-standard-hydrogen-electrode.jpg,24.0,,MD5=394844b30138 同组7份 建议保留 1ea2cb21cc90d9bb69ff960e8cb8026c6d3c5ab6a88f3732d72f63790d58401e.jpg
冗余,P2,媒体内容重复,正式区,media/zgxg-standard-hydrogen-electrode.jpg,24.0,,MD5=394844b30138 同组7份 建议保留 1ea2cb21cc90d9bb69ff960e8cb8026c6d3c5ab6a88f3732d72f63790d58401e.jpg
冗余,P2,媒体内容重复,正式区,媒体仓库/1ea2cb21cc90d9bb69ff960e8cb8026c6d3c5ab6a88f3732d72f63790d58401e.jpg,24.0,,MD5=394844b30138 同组7份 建议保留 1ea2cb21cc90d9bb69ff960e8cb8026c6d3c5ab6a88f3732d72f63790d58401e.jpg
冗余,P2,媒体内容重复,正式区,媒体仓库/7b84b4d3237cd070775e19bc8430e7203bc9e0d58329d648a65e61be1b41254a.jpg,24.0,,MD5=394844b30138 同组7份 建议保留 1ea2cb21cc90d9bb69ff960e8cb8026c6d3c5ab6a88f3732d72f63790d58401e.jpg
冗余,P2,媒体内容重复,正式区,媒体仓库/zgxg-standard-hydrogen-electrode.jpg,24.0,,MD5=394844b30138 同组7份 建议保留 1ea2cb21cc90d9bb69ff960e8cb8026c6d3c5ab6a88f3732d72f63790d58401e.jpg
冗余,P2,媒体内容重复,正式区,"高中化学竞赛笔记/高中化学竞赛基本理论学习笔记--赵鑫光--1,2017--吉林大学出版社--9787569212730-_200-350_images/7b84b4d3237cd070775e19bc8430e7203bc9e0d58329d648a65e61be1b41254a.jpg",24.0,,MD5=394844b30138 同组7份 建议保留 1ea2cb21cc90d9bb69ff960e8cb8026c6d3c5ab6a88f3732d72f63790d58401e.jpg
冗余,P2,媒体内容重复,正式区,11-模板/scripts/.chem_media/16.png,71.7,,MD5=14fad3f15a20 同组3份 建议保留 16.png
冗余,P2,媒体内容重复,正式区,11-模板/scripts/.chem_media/d61ce403cec4c29171d60c35f62b83956aa78ef25f3b9909f03f05ad180afb75.png,71.7,,MD5=14fad3f15a20 同组3份 建议保留 16.png
冗余,P2,媒体内容重复,正式区,媒体仓库/_待清理/_白边原图/d61ce403cec4c29171d60c35f62b83956aa78ef25f3b9909f03f05ad180afb75.png,71.7,,MD5=14fad3f15a20 同组3份 建议保留 16.png
冗余,P2,媒体内容重复,正式区,11-模板/scripts/.chem_media/96ec62fc391729d1bc139cd9678d0a85863421ce5beaff3469705ce1d204881a.jpg,47.6,,MD5=ff0d2fd25908 同组4份 建议保留 96ec62fc391729d1bc139cd9678d0a85863421ce5beaff3469705ce1d204881a.jpg
冗余,P2,媒体内容重复,正式区,media/96ec62fc391729d1bc139cd9678d0a85863421ce5beaff3469705ce1d204881a.jpg,47.6,,MD5=ff0d2fd25908 同组4份 建议保留 96ec62fc391729d1bc139cd9678d0a85863421ce5beaff3469705ce1d204881a.jpg
冗余,P2,媒体内容重复,正式区,mineru/03-教材书籍/ABOC有机化学/ABOC202505_200-397_images/96ec62fc391729d1bc139cd9678d0a85863421ce5beaff3469705ce1d204881a.jpg,47.6,,MD5=ff0d2fd25908 同组4份 建议保留 96ec62fc391729d1bc139cd9678d0a85863421ce5beaff3469705ce1d204881a.jpg
冗余,P2,媒体内容重复,正式区,媒体仓库/96ec62fc391729d1bc139cd9678d0a85863421ce5beaff3469705ce1d204881a.jpg,47.6,,MD5=ff0d2fd25908 同组4份 建议保留 96ec62fc391729d1bc139cd9678d0a85863421ce5beaff3469705ce1d204881a.jpg
冗余,P2,媒体内容重复,正式区,06-外部资料导入/化学竞赛初赛讲义/（已压缩）301-350_images/4c890fce8c98792de87c7c374be3f4d17fa1838d7da958fd06318d9d4c076495.jpg,71.4,,MD5=b63159ee40df 同组3份 建议保留 4c890fce8c98792de87c7c374be3f4d17fa1838d7da958fd06318d9d4c076495.jpg
冗余,P2,媒体内容重复,正式区,11-模板/scripts/.chem_media/4c890fce8c98792de87c7c374be3f4d17fa1838d7da958fd06318d9d4c076495.jpg,71.4,,MD5=b63159ee40df 同组3份 建议保留 4c890fce8c98792de87c7c374be3f4d17fa1838d7da958fd06318d9d4c076495.jpg
冗余,P2,媒体内容重复,正式区,media/4c890fce8c98792de87c7c374be3f4d17fa1838d7da958fd06318d9d4c076495.jpg,71.4,,MD5=b63159ee40df 同组3份 建议保留 4c890fce8c98792de87c7c374be3f4d17fa1838d7da958fd06318d9d4c076495.jpg
冗余,P2,媒体内容重复,正式区,06-外部资料导入/化学竞赛初赛讲义/（已压缩）251-300_images/072bfcba005044c13f38a71983b0529910837df8a4adfd7e336044701dab9648.jpg,47.6,,MD5=a4d67b23a675 同组4份 建议保留 072bfcba005044c13f38a71983b0529910837df8a4adfd7e336044701dab9648.jpg
冗余,P2,媒体内容重复,正式区,11-模板/scripts/.chem_media/072bfcba005044c13f38a71983b0529910837df8a4adfd7e336044701dab9648.jpg,47.6,,MD5=a4d67b23a675 同组4份 建议保留 072bfcba005044c13f38a71983b0529910837df8a4adfd7e336044701dab9648.jpg
冗余,P2,媒体内容重复,正式区,media/072bfcba005044c13f38a71983b0529910837df8a4adfd7e336044701dab9648.jpg,47.6,,MD5=a4d67b23a675 同组4份 建议保留 072bfcba005044c13f38a71983b0529910837df8a4adfd7e336044701dab9648.jpg
冗余,P2,媒体内容重复,正式区,媒体仓库/072bfcba005044c13f38a71983b0529910837df8a4adfd7e336044701dab9648.jpg,47.6,,MD5=a4d67b23a675 同组4份 建议保留 072bfcba005044c13f38a71983b0529910837df8a4adfd7e336044701dab9648.jpg
冗余,P2,媒体内容重复,正式区,06-外部资料导入/无机化学Weller/无机化学第6版Welle19-21章_images/15e565691b1e26f44397bda00f580661025bebc43128df73288627ad5b2032e3.jpg,20.3,,MD5=7cde4d706101 同组8份 建议保留 15e565691b1e26f44397bda00f580661025bebc43128df73288627ad5b2032e3.jpg
冗余,P2,媒体内容重复,正式区,06-学生侧材料/学生讲义/media/tanabe-sugano-d3-diagram.jpg,20.3,,MD5=7cde4d706101 同组8份 建议保留 15e565691b1e26f44397bda00f580661025bebc43128df73288627ad5b2032e3.jpg
冗余,P2,媒体内容重复,正式区,06-学生侧材料/讲义/media/tanabe-sugano-d3-diagram.jpg,20.3,,MD5=7cde4d706101 同组8份 建议保留 15e565691b1e26f44397bda00f580661025bebc43128df73288627ad5b2032e3.jpg
冗余,P2,媒体内容重复,正式区,11-模板/scripts/.chem_media/tanabe-sugano-d3-diagram.jpg,20.3,,MD5=7cde4d706101 同组8份 建议保留 15e565691b1e26f44397bda00f580661025bebc43128df73288627ad5b2032e3.jpg
冗余,P2,媒体内容重复,正式区,mineru/03-教材书籍/无机化学第6版Weller/无机化学第6版Weller/无机化学第6版Welle19-21章_images/15e565691b1e26f44397bda00f580661025bebc43128df73288627ad5b2032e3.jpg,20.3,,MD5=7cde4d706101 同组8份 建议保留 15e565691b1e26f44397bda00f580661025bebc43128df73288627ad5b2032e3.jpg
冗余,P2,媒体内容重复,正式区,mineru/03-教材书籍/无机化学第6版Weller/无机化学第6版Weller/无机化学第6版副族金属有机565-748_images/32979ca3c124ecd10cb79fae0dab2bd3084342daa622693c0b4a672e48332c64.jpg,20.3,,MD5=7cde4d706101 同组8份 建议保留 15e565691b1e26f44397bda00f580661025bebc43128df73288627ad5b2032e3.jpg
冗余,P2,媒体内容重复,正式区,媒体仓库/15e565691b1e26f44397bda00f580661025bebc43128df73288627ad5b2032e3.jpg,20.3,,MD5=7cde4d706101 同组8份 建议保留 15e565691b1e26f44397bda00f580661025bebc43128df73288627ad5b2032e3.jpg
冗余,P2,媒体内容重复,正式区,媒体仓库/430dcd3d6241f88c6d0953d43bc6937bcf79f88219e59a21fdab495af6b9c32c.jpg,20.3,,MD5=7cde4d706101 同组8份 建议保留 15e565691b1e26f44397bda00f580661025bebc43128df73288627ad5b2032e3.jpg
冗余,P2,媒体内容重复,噪音缓存,.workbuddy/tmp/28jue_pages/hi/q8_scheme_l.jpg,70.9,,MD5=68e8a9c760c0 同组3份 建议保留 bfc35ad91e3802d167e161c6147a1070a708c8f26f7c87500c4f47ae431e02ff.jpg
冗余,P2,媒体内容重复,正式区,06-外部资料导入/真题/images/bfc35ad91e3802d167e161c6147a1070a708c8f26f7c87500c4f47ae431e02ff.jpg,70.9,,MD5=68e8a9c760c0 同组3份 建议保留 bfc35ad91e3802d167e161c6147a1070a708c8f26f7c87500c4f47ae431e02ff.jpg
冗余,P2,媒体内容重复,正式区,媒体仓库/_待清理/_白边原图/bfc35ad91e3802d167e161c6147a1070a708c8f26f7c87500c4f47ae431e02ff.jpg,70.9,,MD5=68e8a9c760c0 同组3份 建议保留 bfc35ad91e3802d167e161c6147a1070a708c8f26f7c87500c4f47ae431e02ff.jpg
冗余,P2,媒体内容重复,正式区,06-外部资料导入/无机化学Weller/无机化学第6版Welle19-21章_images/471fded008bb3a11ee60e944ed75c99347f4e7fd9d2ab969f522723cbbc1eec5.jpg,28.3,,MD5=017c7d0bd95e 同组6份 建议保留 471fded008bb3a11ee60e944ed75c99347f4e7fd9d2ab969f522723cbbc1eec5.jpg
冗余,P2,媒体内容重复,正式区,11-模板/scripts/.chem_media/weller-mm-quadruple-bond-mo-diagram.jpg,28.3,,MD5=017c7d0bd95e 同组6份 建议保留 471fded008bb3a11ee60e944ed75c99347f4e7fd9d2ab969f522723cbbc1eec5.jpg
冗余,P2,媒体内容重复,正式区,media/weller-mm-quadruple-bond-mo-diagram.jpg,28.3,,MD5=017c7d0bd95e 同组6份 建议保留 471fded008bb3a11ee60e944ed75c99347f4e7fd9d2ab969f522723cbbc1eec5.jpg
冗余,P2,媒体内容重复,正式区,mineru/03-教材书籍/无机化学第6版Weller/无机化学第6版Weller/无机化学第6版Welle19-21章_images/471fded008bb3a11ee60e944ed75c99347f4e7fd9d2ab969f522723cbbc1eec5.jpg,28.3,,MD5=017c7d0bd95e 同组6份 建议保留 471fded008bb3a11ee60e944ed75c99347f4e7fd9d2ab969f522723cbbc1eec5.jpg
冗余,P2,媒体内容重复,正式区,mineru/03-教材书籍/无机化学第6版Weller/无机化学第6版Weller/无机化学第6版副族金属有机565-748_images/504444404d8e360478d8e2c2998a1e46709b1990443db683188b469e7214345c.jpg,28.3,,MD5=017c7d0bd95e 同组6份 建议保留 471fded008bb3a11ee60e944ed75c99347f4e7fd9d2ab969f522723cbbc1eec5.jpg
冗余,P2,媒体内容重复,正式区,媒体仓库/471fded008bb3a11ee60e944ed75c99347f4e7fd9d2ab969f522723cbbc1eec5.jpg,28.3,,MD5=017c7d0bd95e 同组6份 建议保留 471fded008bb3a11ee60e944ed75c99347f4e7fd9d2ab969f522723cbbc1eec5.jpg
冗余,P2,媒体内容重复,正式区,06-学生侧材料/学生讲义/media/13-5-xrd-powder-pattern.jpg,28.3,,MD5=7faa479caec0 同组6份 建议保留 13-5-xrd-powder-pattern.jpg
冗余,P2,媒体内容重复,正式区,06-学生侧材料/讲义/media/13-5-xrd-powder-pattern.jpg,28.3,,MD5=7faa479caec0 同组6份 建议保留 13-5-xrd-powder-pattern.jpg
冗余,P2,媒体内容重复,正式区,11-模板/scripts/.chem_media/13-5-xrd-powder-pattern.jpg,28.3,,MD5=7faa479caec0 同组6份 建议保留 13-5-xrd-powder-pattern.jpg
冗余,P2,媒体内容重复,正式区,11-模板/scripts/.chem_media/fdc55a0a12b8dcad03bddb0aa47f9888219d91b75faa987ca088eb396eb0d370.jpg,28.3,,MD5=7faa479caec0 同组6份 建议保留 13-5-xrd-powder-pattern.jpg
冗余,P2,媒体内容重复,正式区,mineru/03-教材书籍/普通化学原理（第4版）/普通化学原理第4版201-400_images/7b3b5d0f25edad3b94e077160d3b660f2367a1d91c6f78853886aec2a8fd83f7.jpg,28.3,,MD5=7faa479caec0 同组6份 建议保留 13-5-xrd-powder-pattern.jpg
冗余,P2,媒体内容重复,正式区,媒体仓库/fdc55a0a12b8dcad03bddb0aa47f9888219d91b75faa987ca088eb396eb0d370.jpg,28.3,,MD5=7faa479caec0 同组6份 建议保留 13-5-xrd-powder-pattern.jpg
冗余,P2,媒体内容重复,正式区,06-学生侧材料/学生讲义/media/11-25-electronegativity-periodic-trend.jpg,23.5,,MD5=c60d465165cd 同组7份 建议保留 11-25-electronegativity-periodic-trend.jpg
冗余,P2,媒体内容重复,正式区,06-学生侧材料/讲义/media/11-25-electronegativity-periodic-trend.jpg,23.5,,MD5=c60d465165cd 同组7份 建议保留 11-25-electronegativity-periodic-trend.jpg
冗余,P2,媒体内容重复,正式区,11-模板/scripts/.chem_media/11-25-electronegativity-periodic-trend.jpg,23.5,,MD5=c60d465165cd 同组7份 建议保留 11-25-electronegativity-periodic-trend.jpg
冗余,P2,媒体内容重复,正式区,11-模板/scripts/.chem_media/9652db79a004353e6022813c603c607751e7a6d8a6b74688bbde3e01d945145d.jpg,23.5,,MD5=c60d465165cd 同组7份 建议保留 11-25-electronegativity-periodic-trend.jpg
冗余,P2,媒体内容重复,正式区,media/11-25-electronegativity-periodic-trend.jpg,23.5,,MD5=c60d465165cd 同组7份 建议保留 11-25-electronegativity-periodic-trend.jpg
冗余,P2,媒体内容重复,正式区,mineru/03-教材书籍/普通化学原理（第4版）/普通化学原理第4版201-400_images/d0cc4786657409f998f1b3e20c3a6ac0736a9b536b906c934521709d60d08ebe.jpg,23.5,,MD5=c60d465165cd 同组7份 建议保留 11-25-electronegativity-periodic-trend.jpg
冗余,P2,媒体内容重复,正式区,媒体仓库/9652db79a004353e6022813c603c607751e7a6d8a6b74688bbde3e01d945145d.jpg,23.5,,MD5=c60d465165cd 同组7份 建议保留 11-25-electronegativity-periodic-trend.jpg
冗余,P2,媒体内容重复,正式区,11-模板/scripts/.chem_media/zgxg-high-spin-electron-config.jpg,35.1,,MD5=72b310e7253b 同组5份 建议保留 zgxg-high-spin-electron-config.jpg
冗余,P2,媒体内容重复,正式区,media/zgxg-high-spin-electron-config.jpg,35.1,,MD5=72b310e7253b 同组5份 建议保留 zgxg-high-spin-electron-config.jpg
冗余,P2,媒体内容重复,正式区,媒体仓库/0b7371e42520adf2534661f5208fa04eb232d2fd9ca0a2106342097764328087.jpg,35.1,,MD5=72b310e7253b 同组5份 建议保留 zgxg-high-spin-electron-config.jpg
冗余,P2,媒体内容重复,正式区,媒体仓库/zgxg-high-spin-electron-config.jpg,35.1,,MD5=72b310e7253b 同组5份 建议保留 zgxg-high-spin-electron-config.jpg
冗余,P2,媒体内容重复,正式区,"高中化学竞赛笔记/高中化学竞赛基本理论学习笔记--赵鑫光--1,2017--吉林大学出版社--9787569212730-_200-350_images/0b7371e42520adf2534661f5208fa04eb232d2fd9ca0a2106342097764328087.jpg",35.1,,MD5=72b310e7253b 同组5份 建议保留 zgxg-high-spin-electron-config.jpg
冗余,P2,媒体内容重复,正式区,mineru02/2020年第34届中国化学奥林匹克化学决赛试题2020.11.16_images/dad97cb4d47ae429707b2ef4ebdf69f57a164609588e8717d026d83686afeba7.jpg,139.9,,MD5=47d91a111b9c 同组2份 建议保留 dad97cb4d47ae429707b2ef4ebdf69f57a164609588e8717d026d83686afeba7.jpg
冗余,P2,媒体内容重复,正式区,媒体仓库/dad97cb4d47ae429707b2ef4ebdf69f57a164609588e8717d026d83686afeba7.jpg,139.9,,MD5=47d91a111b9c 同组2份 建议保留 dad97cb4d47ae429707b2ef4ebdf69f57a164609588e8717d026d83686afeba7.jpg
冗余,P2,媒体内容重复,正式区,06-外部资料导入/化学竞赛初赛讲义/（已压缩）301-350_images/cab763cbaee90321784cf71898e06ea6839aad75510556a5487d88dc7153bbe8.jpg,69.9,,MD5=6b303fd3e74a 同组3份 建议保留 cab763cbaee90321784cf71898e06ea6839aad75510556a5487d88dc7153bbe8.jpg
冗余,P2,媒体内容重复,正式区,11-模板/scripts/.chem_media/cab763cbaee90321784cf71898e06ea6839aad75510556a5487d88dc7153bbe8.jpg,69.9,,MD5=6b303fd3e74a 同组3份 建议保留 cab763cbaee90321784cf71898e06ea6839aad75510556a5487d88dc7153bbe8.jpg
冗余,P2,媒体内容重复,正式区,media/cab763cbaee90321784cf71898e06ea6839aad75510556a5487d88dc7153bbe8.jpg,69.9,,MD5=6b303fd3e74a 同组3份 建议保留 cab763cbaee90321784cf71898e06ea6839aad75510556a5487d88dc7153bbe8.jpg
冗余,P2,媒体内容重复,正式区,06-外部资料导入/OCR/竞赛教程第二分册测试/测试2答案_images/293c6479067586e75aac6cc23a7fb95cd28f62da34e7c93acc72d168eb926afa.jpg,139.5,,MD5=ef633d582885 同组2份 建议保留 293c6479067586e75aac6cc23a7fb95cd28f62da34e7c93acc72d168eb926afa.jpg
冗余,P2,媒体内容重复,正式区,媒体仓库/293c6479067586e75aac6cc23a7fb95cd28f62da34e7c93acc72d168eb926afa.jpg,139.5,,MD5=ef633d582885 同组2份 建议保留 293c6479067586e75aac6cc23a7fb95cd28f62da34e7c93acc72d168eb926afa.jpg
冗余,P2,媒体内容重复,正式区,11-模板/scripts/.chem_media/603213eedd3aa14387b14929a4b72328f13e84cfbc9c21844a78f498de1fb646.jpg,46.5,,MD5=24d8ec894277 同组4份 建议保留 603213eedd3aa14387b14929a4b72328f13e84cfbc9c21844a78f498de1fb646.jpg
冗余,P2,媒体内容重复,正式区,media/603213eedd3aa14387b14929a4b72328f13e84cfbc9c21844a78f498de1fb646.jpg,46.5,,MD5=24d8ec894277 同组4份 建议保留 603213eedd3aa14387b14929a4b72328f13e84cfbc9c21844a78f498de1fb646.jpg
冗余,P2,媒体内容重复,正式区,mineru/03-教材书籍/ABOC有机化学/ABOC202505_1-200_images/603213eedd3aa14387b14929a4b72328f13e84cfbc9c21844a78f498de1fb646.jpg,46.5,,MD5=24d8ec894277 同组4份 建议保留 603213eedd3aa14387b14929a4b72328f13e84cfbc9c21844a78f498de1fb646.jpg
冗余,P2,媒体内容重复,正式区,媒体仓库/603213eedd3aa14387b14929a4b72328f13e84cfbc9c21844a78f498de1fb646.jpg,46.5,,MD5=24d8ec894277 同组4份 建议保留 603213eedd3aa14387b14929a4b72328f13e84cfbc9c21844a78f498de1fb646.jpg
冗余,P2,媒体内容重复,正式区,11-模板/scripts/.chem_media/zgxg-coordination-bond-formation.jpg,34.7,,MD5=62c3604e5fb8 同组5份 建议保留 zgxg-coordination-bond-formation.jpg
冗余,P2,媒体内容重复,正式区,media/zgxg-coordination-bond-formation.jpg,34.7,,MD5=62c3604e5fb8 同组5份 建议保留 zgxg-coordination-bond-formation.jpg
冗余,P2,媒体内容重复,正式区,媒体仓库/434a111468d2b50500620ba6f8e8473d9e3677b655d9673f2088ee9da8b59020.jpg,34.7,,MD5=62c3604e5fb8 同组5份 建议保留 zgxg-coordination-bond-formation.jpg
冗余,P2,媒体内容重复,正式区,媒体仓库/zgxg-coordination-bond-formation.jpg,34.7,,MD5=62c3604e5fb8 同组5份 建议保留 zgxg-coordination-bond-formation.jpg
冗余,P2,媒体内容重复,正式区,"高中化学竞赛笔记/高中化学竞赛基本理论学习笔记--赵鑫光--1,2017--吉林大学出版社--9787569212730-_200-350_images/434a111468d2b50500620ba6f8e8473d9e3677b655d9673f2088ee9da8b59020.jpg",34.7,,MD5=62c3604e5fb8 同组5份 建议保留 zgxg-coordination-bond-formation.jpg
冗余,P2,媒体内容重复,正式区,mineru02/2020年第34届中国化学奥林匹克化学决赛试题2020.11.16_images/8bdbe7a7cbf40ea8935cb7ee5836bdb74427a87f4eefcbf5099069b6dd09bd9d.jpg,138.8,,MD5=c53ccc45bff6 同组2份 建议保留 8bdbe7a7cbf40ea8935cb7ee5836bdb74427a87f4eefcbf5099069b6dd09bd9d.jpg
冗余,P2,媒体内容重复,正式区,媒体仓库/8bdbe7a7cbf40ea8935cb7ee5836bdb74427a87f4eefcbf5099069b6dd09bd9d.jpg,138.8,,MD5=c53ccc45bff6 同组2份 建议保留 8bdbe7a7cbf40ea8935cb7ee5836bdb74427a87f4eefcbf5099069b6dd09bd9d.jpg
冗余,P2,媒体内容重复,正式区,北斗40套/（已压缩）（已压缩）北斗40套已优化_1-199_images/72768dd847fe2984811e9f80d490aed857917dff15c4413dc2c2b1c26e1f4e17.jpg,136.6,,MD5=275d3929ab2f 同组2份 建议保留 72768dd847fe2984811e9f80d490aed857917dff15c4413dc2c2b1c26e1f4e17.jpg
冗余,P2,媒体内容重复,正式区,媒体仓库/72768dd847fe2984811e9f80d490aed857917dff15c4413dc2c2b1c26e1f4e17.jpg,136.6,,MD5=275d3929ab2f 同组2份 建议保留 72768dd847fe2984811e9f80d490aed857917dff15c4413dc2c2b1c26e1f4e17.jpg
冗余,P2,媒体内容重复,正式区,11-模板/scripts/.chem_media/arrhenius-plot-lnk-vs-invT.jpg,136.4,,MD5=e560a02dff13 同组2份 建议保留 arrhenius-plot-lnk-vs-invT.jpg
冗余,P2,媒体内容重复,正式区,media/arrhenius-plot-lnk-vs-invT.jpg,136.4,,MD5=e560a02dff13 同组2份 建议保留 arrhenius-plot-lnk-vs-invT.jpg
冗余,P2,媒体内容重复,正式区,媒体仓库/523ba0fa2b9496617d3aa3e4f7af603bf4df2069d6a528e9468e99ccc48ed903.jpg,136.3,,MD5=af6d260b4603 同组2份 建议保留 523ba0fa2b9496617d3aa3e4f7af603bf4df2069d6a528e9468e99ccc48ed903.jpg
冗余,P2,媒体内容重复,正式区,"高中化学竞赛笔记/高中化学竞赛基本理论学习笔记--赵鑫光--1,2017--吉林大学出版社--9787569212730-_200-350_images/523ba0fa2b9496617d3aa3e4f7af603bf4df2069d6a528e9468e99ccc48ed903.jpg",136.3,,MD5=af6d260b4603 同组2份 建议保留 523ba0fa2b9496617d3aa3e4f7af603bf4df2069d6a528e9468e99ccc48ed903.jpg
冗余,P2,媒体内容重复,正式区,06-外部资料导入/真题/images/ee7d419005b76280ea32d7e2a775b095d87bdbbbdcad85a36b891d9602e6c1a7.jpg,45.3,,MD5=8f8d02b32f5c 同组4份 建议保留 ee7d419005b76280ea32d7e2a775b095d87bdbbbdcad85a36b891d9602e6c1a7.jpg
冗余,P2,媒体内容重复,正式区,11-模板/scripts/.chem_media/ee7d419005b76280ea32d7e2a775b095d87bdbbbdcad85a36b891d9602e6c1a7.jpg,45.3,,MD5=8f8d02b32f5c 同组4份 建议保留 ee7d419005b76280ea32d7e2a775b095d87bdbbbdcad85a36b891d9602e6c1a7.jpg
冗余,P2,媒体内容重复,正式区,40届初赛/第40届化学奥林匹克初赛答案11144113321211_images/ee7d419005b76280ea32d7e2a775b095d87bdbbbdcad85a36b891d9602e6c1a7.jpg,45.3,,MD5=8f8d02b32f5c 同组4份 建议保留 ee7d419005b76280ea32d7e2a775b095d87bdbbbdcad85a36b891d9602e6c1a7.jpg
冗余,P2,媒体内容重复,正式区,媒体仓库/ee7d419005b76280ea32d7e2a775b095d87bdbbbdcad85a36b891d9602e6c1a7.jpg,45.3,,MD5=8f8d02b32f5c 同组4份 建议保留 ee7d419005b76280ea32d7e2a775b095d87bdbbbdcad85a36b891d9602e6c1a7.jpg
冗余,P2,媒体内容重复,正式区,11-模板/scripts/.chem_media/arrowpushing-pauling-electronegativity.jpg,67.9,,MD5=4148b691fcaf 同组3份 建议保留 arrowpushing-pauling-electronegativity.jpg
冗余,P2,媒体内容重复,正式区,media/arrowpushing-pauling-electronegativity.jpg,67.9,,MD5=4148b691fcaf 同组3份 建议保留 arrowpushing-pauling-electronegativity.jpg
冗余,P2,媒体内容重复,正式区,mineru/03-教材书籍/Arrow Pushing in Inorganic Chemistry/ArrowPushinginInorganicChemistry_1-100_images/507cfd7ca6e6f0596c84d2fe7da01ba20eaac4cef15d5309b9caa7bc65fba5be.jpg,67.9,,MD5=4148b691fcaf 同组3份 建议保留 arrowpushing-pauling-electronegativity.jpg
冗余,P2,媒体内容重复,正式区,clayden 有机化学/Clayden中文版_306-501_images/057fcfe1cb30e69708e87f256db00cb0bd2b8e3c66c95a0dd8c279837d01b603.jpg,135.4,,MD5=1b9bb61751c9 同组2份 建议保留 057fcfe1cb30e69708e87f256db00cb0bd2b8e3c66c95a0dd8c279837d01b603.jpg
冗余,P2,媒体内容重复,正式区,clayden 有机化学/Clayden中文版_402-600_images/b04810ee3cf9dfafee136e8d513a32fc3e8277199057a7a2548599a845e33f30.jpg,135.4,,MD5=1b9bb61751c9 同组2份 建议保留 057fcfe1cb30e69708e87f256db00cb0bd2b8e3c66c95a0dd8c279837d01b603.jpg
冗余,P2,媒体内容重复,正式区,11-模板/scripts/.chem_media/zgxg-octahedral-cft-splitting.jpg,33.8,,MD5=98a3464bc22d 同组5份 建议保留 zgxg-octahedral-cft-splitting.jpg
冗余,P2,媒体内容重复,正式区,media/zgxg-octahedral-cft-splitting.jpg,33.8,,MD5=98a3464bc22d 同组5份 建议保留 zgxg-octahedral-cft-splitting.jpg
冗余,P2,媒体内容重复,正式区,媒体仓库/5016704d532f7b1ad7caac8f615d8796ea3349d1dba90038855ccba99450f75c.jpg,33.8,,MD5=98a3464bc22d 同组5份 建议保留 zgxg-octahedral-cft-splitting.jpg
冗余,P2,媒体内容重复,正式区,媒体仓库/zgxg-octahedral-cft-splitting.jpg,33.8,,MD5=98a3464bc22d 同组5份 建议保留 zgxg-octahedral-cft-splitting.jpg
冗余,P2,媒体内容重复,正式区,"高中化学竞赛笔记/高中化学竞赛基本理论学习笔记--赵鑫光--1,2017--吉林大学出版社--9787569212730-_200-350_images/5016704d532f7b1ad7caac8f615d8796ea3349d1dba90038855ccba99450f75c.jpg",33.8,,MD5=98a3464bc22d 同组5份 建议保留 zgxg-octahedral-cft-splitting.jpg
冗余,P2,媒体内容重复,正式区,11-模板/scripts/.chem_media/fa2edceb201a68e3b1de17a45a3e3a3c4977269de6bbd4295d3606af99de4b93.png,135.1,,MD5=5d3ae53687b8 同组2份 建议保留 fa2edceb201a68e3b1de17a45a3e3a3c4977269de6bbd4295d3606af99de4b93.png
冗余,P2,媒体内容重复,正式区,媒体仓库/fa2edceb201a68e3b1de17a45a3e3a3c4977269de6bbd4295d3606af99de4b93.png,135.1,,MD5=5d3ae53687b8 同组2份 建议保留 fa2edceb201a68e3b1de17a45a3e3a3c4977269de6bbd4295d3606af99de4b93.png
冗余,P2,媒体内容重复,正式区,06-外部资料导入/真题/images/01919d52a1a74375c2dc22c757ebeac0bde6f1312631fecb5e62cf7b41680f1c.jpg,67.6,,MD5=43ab7db44ae7 同组3份 建议保留 01919d52a1a74375c2dc22c757ebeac0bde6f1312631fecb5e62cf7b41680f1c.jpg
冗余,P2,媒体内容重复,正式区,40届初赛/第40届化学奥林匹克初赛答案11144113321211_images/01919d52a1a74375c2dc22c757ebeac0bde6f1312631fecb5e62cf7b41680f1c.jpg,67.6,,MD5=43ab7db44ae7 同组3份 建议保留 01919d52a1a74375c2dc22c757ebeac0bde6f1312631fecb5e62cf7b41680f1c.jpg
冗余,P2,媒体内容重复,正式区,媒体仓库/01919d52a1a74375c2dc22c757ebeac0bde6f1312631fecb5e62cf7b41680f1c.jpg,67.6,,MD5=43ab7db44ae7 同组3份 建议保留 01919d52a1a74375c2dc22c757ebeac0bde6f1312631fecb5e62cf7b41680f1c.jpg
冗余,P2,媒体内容重复,正式区,06-外部资料导入/化学竞赛初赛讲义/（已压缩）251-300_images/2fbd29d835717fc64406007c358c6315795e33ed16194f526f9e32850de56dcc.jpg,45.0,,MD5=34a5b6556861 同组4份 建议保留 2fbd29d835717fc64406007c358c6315795e33ed16194f526f9e32850de56dcc.jpg
冗余,P2,媒体内容重复,正式区,11-模板/scripts/.chem_media/2fbd29d835717fc64406007c358c6315795e33ed16194f526f9e32850de56dcc.jpg,45.0,,MD5=34a5b6556861 同组4份 建议保留 2fbd29d835717fc64406007c358c6315795e33ed16194f526f9e32850de56dcc.jpg
冗余,P2,媒体内容重复,正式区,media/2fbd29d835717fc64406007c358c6315795e33ed16194f526f9e32850de56dcc.jpg,45.0,,MD5=34a5b6556861 同组4份 建议保留 2fbd29d835717fc64406007c358c6315795e33ed16194f526f9e32850de56dcc.jpg
冗余,P2,媒体内容重复,正式区,媒体仓库/2fbd29d835717fc64406007c358c6315795e33ed16194f526f9e32850de56dcc.jpg,45.0,,MD5=34a5b6556861 同组4份 建议保留 2fbd29d835717fc64406007c358c6315795e33ed16194f526f9e32850de56dcc.jpg
冗余,P2,媒体内容重复,正式区,06-学生侧材料/学生讲义/media/12-2-born-haber-cycle-nacl.jpg,19.3,,MD5=a68540c46fba 同组8份 建议保留 12-2-born-haber-cycle-nacl.jpg
冗余,P2,媒体内容重复,正式区,06-学生侧材料/讲义/media/12-2-born-haber-cycle-nacl.jpg,19.3,,MD5=a68540c46fba 同组8份 建议保留 12-2-born-haber-cycle-nacl.jpg
冗余,P2,媒体内容重复,正式区,06-学生侧材料/讲义/media/26d2da336e60aecbfe8e6a5eb5f63cb9828642b063a7d9b882707d209adbc31f.jpg,19.3,,MD5=a68540c46fba 同组8份 建议保留 12-2-born-haber-cycle-nacl.jpg
冗余,P2,媒体内容重复,正式区,11-模板/scripts/.chem_media/12-2-born-haber-cycle-nacl.jpg,19.3,,MD5=a68540c46fba 同组8份 建议保留 12-2-born-haber-cycle-nacl.jpg
冗余,P2,媒体内容重复,正式区,11-模板/scripts/.chem_media/44cde43a08cd3f850289b984aa102bf6c24816634bdb32e9bf8975be103278cd.jpg,19.3,,MD5=a68540c46fba 同组8份 建议保留 12-2-born-haber-cycle-nacl.jpg
冗余,P2,媒体内容重复,正式区,mineru/03-教材书籍/普通化学原理（第4版）/普通化学原理第4版201-400_images/26d2da336e60aecbfe8e6a5eb5f63cb9828642b063a7d9b882707d209adbc31f.jpg,19.3,,MD5=a68540c46fba 同组8份 建议保留 12-2-born-haber-cycle-nacl.jpg
冗余,P2,媒体内容重复,正式区,媒体仓库/26d2da336e60aecbfe8e6a5eb5f63cb9828642b063a7d9b882707d209adbc31f.jpg,19.3,,MD5=a68540c46fba 同组8份 建议保留 12-2-born-haber-cycle-nacl.jpg
冗余,P2,媒体内容重复,正式区,媒体仓库/44cde43a08cd3f850289b984aa102bf6c24816634bdb32e9bf8975be103278cd.jpg,19.3,,MD5=a68540c46fba 同组8份 建议保留 12-2-born-haber-cycle-nacl.jpg
冗余,P2,媒体内容重复,正式区,06-外部资料导入/真题/images/676bb561e39992c5379e1852784a7a6fafc49b5290c2b6467f652d8dfd7ac69d.jpg,67.4,,MD5=117e98312640 同组3份 建议保留 676bb561e39992c5379e1852784a7a6fafc49b5290c2b6467f652d8dfd7ac69d.jpg
冗余,P2,媒体内容重复,正式区,40届初赛/第40届化学奥林匹克初赛答案11144113321211_images/676bb561e39992c5379e1852784a7a6fafc49b5290c2b6467f652d8dfd7ac69d.jpg,67.4,,MD5=117e98312640 同组3份 建议保留 676bb561e39992c5379e1852784a7a6fafc49b5290c2b6467f652d8dfd7ac69d.jpg
冗余,P2,媒体内容重复,正式区,媒体仓库/676bb561e39992c5379e1852784a7a6fafc49b5290c2b6467f652d8dfd7ac69d.jpg,67.4,,MD5=117e98312640 同组3份 建议保留 676bb561e39992c5379e1852784a7a6fafc49b5290c2b6467f652d8dfd7ac69d.jpg
冗余,P2,媒体内容重复,正式区,06-外部资料导入/OCR/化学能力测试OCR源/（已压缩）能力测试2_images/f8ae40d570e3b2a9d2fbd873901ac10aa67712001d15e4d7e37e9214d02a46dc.jpg,134.8,,MD5=1a93cb4ffc5a 同组2份 建议保留 f8ae40d570e3b2a9d2fbd873901ac10aa67712001d15e4d7e37e9214d02a46dc.jpg
冗余,P2,媒体内容重复,正式区,媒体仓库/f8ae40d570e3b2a9d2fbd873901ac10aa67712001d15e4d7e37e9214d02a46dc.jpg,134.8,,MD5=1a93cb4ffc5a 同组2份 建议保留 f8ae40d570e3b2a9d2fbd873901ac10aa67712001d15e4d7e37e9214d02a46dc.jpg
冗余,P2,媒体内容重复,正式区,11-模板/scripts/.chem_media/zhao_ch351_redox_calculations.jpg,67.3,,MD5=c284198663f1 同组3份 建议保留 zhao_ch351_redox_calculations.jpg
冗余,P2,媒体内容重复,正式区,media/zhao_ch351_redox_calculations.jpg,67.3,,MD5=c284198663f1 同组3份 建议保留 zhao_ch351_redox_calculations.jpg
冗余,P2,媒体内容重复,正式区,"高中化学竞赛笔记/高中化学竞赛基本理论学习笔记--赵鑫光--1,2017--吉林大学出版社--9787569212730-_351-482_images/000e7de7f1f44fac34829ff63593dd6628f7adf62fa0614baa3f197823991457.jpg",67.3,,MD5=c284198663f1 同组3份 建议保留 zhao_ch351_redox_calculations.jpg
冗余,P2,媒体内容重复,正式区,06-外部资料导入/真题/images/54efacce20d04c557fe3fd7f06d6ccb73cb5f724054ba268591c7b5cfc84e67d.jpg,67.2,,MD5=7d21640306dd 同组3份 建议保留 54efacce20d04c557fe3fd7f06d6ccb73cb5f724054ba268591c7b5cfc84e67d.jpg
冗余,P2,媒体内容重复,正式区,40届初赛/第40届化学奥林匹克初赛答案11144113321211_images/54efacce20d04c557fe3fd7f06d6ccb73cb5f724054ba268591c7b5cfc84e67d.jpg,67.2,,MD5=7d21640306dd 同组3份 建议保留 54efacce20d04c557fe3fd7f06d6ccb73cb5f724054ba268591c7b5cfc84e67d.jpg
冗余,P2,媒体内容重复,正式区,媒体仓库/54efacce20d04c557fe3fd7f06d6ccb73cb5f724054ba268591c7b5cfc84e67d.jpg,67.2,,MD5=7d21640306dd 同组3份 建议保留 54efacce20d04c557fe3fd7f06d6ccb73cb5f724054ba268591c7b5cfc84e67d.jpg
冗余,P2,媒体内容重复,正式区,11-模板/scripts/.chem_media/0f124aa9d3326566c4a03352ec05eea5cb6a9067c19e26afbbe100846cdb1aec.png,134.1,,MD5=b932741ea20b 同组2份 建议保留 0f124aa9d3326566c4a03352ec05eea5cb6a9067c19e26afbbe100846cdb1aec.png
冗余,P2,媒体内容重复,正式区,11-模板/scripts/.chem_media/CH2.png,134.1,,MD5=b932741ea20b 同组2份 建议保留 0f124aa9d3326566c4a03352ec05eea5cb6a9067c19e26afbbe100846cdb1aec.png
冗余,P2,媒体内容重复,正式区,06-外部资料导入/化学竞赛初赛讲义/（已压缩）251-300_images/32b7e1ca35b7833c648438f90e0b7fc5313bd82a207631abb8ce0f2be64841e0.jpg,44.5,,MD5=c86021d25599 同组4份 建议保留 32b7e1ca35b7833c648438f90e0b7fc5313bd82a207631abb8ce0f2be64841e0.jpg
冗余,P2,媒体内容重复,正式区,11-模板/scripts/.chem_media/32b7e1ca35b7833c648438f90e0b7fc5313bd82a207631abb8ce0f2be64841e0.jpg,44.5,,MD5=c86021d25599 同组4份 建议保留 32b7e1ca35b7833c648438f90e0b7fc5313bd82a207631abb8ce0f2be64841e0.jpg
冗余,P2,媒体内容重复,正式区,media/32b7e1ca35b7833c648438f90e0b7fc5313bd82a207631abb8ce0f2be64841e0.jpg,44.5,,MD5=c86021d25599 同组4份 建议保留 32b7e1ca35b7833c648438f90e0b7fc5313bd82a207631abb8ce0f2be64841e0.jpg
冗余,P2,媒体内容重复,正式区,媒体仓库/32b7e1ca35b7833c648438f90e0b7fc5313bd82a207631abb8ce0f2be64841e0.jpg,44.5,,MD5=c86021d25599 同组4份 建议保留 32b7e1ca35b7833c648438f90e0b7fc5313bd82a207631abb8ce0f2be64841e0.jpg
