inst,file,cat,qh,ah,qimg,aimg,miss,qsub,asub,ov,sf,tail
2ChO,题-2ChO-01-01-11从Au矿中提取Au的一种.md,实质答案,234,720,0,0,0,3,4,0.23,True,False
2ChO,题-2ChO-01-02-在制备晶体时加入了部分离子置.md,实质答案,268,719,0,0,0,3,3,0.32,True,False
2ChO,题-2ChO-01-03-一种基于氧化还原靶向反应的液.md,实质答案,394,1562,1,1,0,5,5,0.23,True,False
2ChO,题-2ChO-01-04-在苯溶液中将105mmolT.md,实质答案,330,877,0,0,0,3,5,0.34,True,False
2ChO,题-2ChO-01-05-51化合物A可用作炸药将亚硝.md,实质答案,397,1464,1,2,0,2,2,0.23,True,False
2ChO,题-2ChO-01-06-下面介绍了两种与U和Al有关.md,实质答案,624,2146,0,0,0,2,2,0.26,True,False
2ChO,题-2ChO-01-07-氧化磷酸化是能源物质在体内氧.md,实质答案,724,1310,2,3,0,4,4,0.49,True,False
2ChO,题-2ChO-01-08-对题目81至85所提问题进行.md,实质答案,376,973,3,5,0,7,7,0.3,True,False
2ChO,题-2ChO-01-09-在有机化学的学习中我们似乎把.md,实质答案,533,3019,5,5,0,2,2,0.16,True,False
2ChO,题-2ChO-01-10-101光可以激发一些化学键试.md,实质答案,376,1545,3,3,0,3,3,0.21,True,False
2ChO,题-2ChO-02-01-自从1849年Frankla.md,占位标注,390,35,0,0,0,5,0,0.0,True,False
2ChO,题-2ChO-02-02-已知X为一种碱式二水合硫酸锰.md,实质答案,441,349,0,0,0,4,5,0.28,True,False
2ChO,题-2ChO-02-03-离子去除电池BDI可将海水中.md,实质答案,300,271,1,1,0,3,4,0.21,True,False
2ChO,题-2ChO-02-04-化合物A与在温和条件下可以生.md,占位标注,82,35,0,0,0,0,0,0.0,True,False
2ChO,题-2ChO-02-05-对分子中的某些点位进行精确修.md,实质答案,576,504,1,8,0,3,3,0.36,True,False
2ChO,题-2ChO-02-06-2023年2月9日来自Cal.md,实质答案,173,344,1,3,0,2,3,0.25,True,False
2ChO,题-2ChO-02-07-在分子被激发到单线态激发态后.md,实质答案,508,340,0,3,0,4,5,0.54,True,False
2ChO,题-2ChO-02-08-81BaeyerVillig.md,占位标注,230,74,4,0,0,4,0,0.08,True,False
2ChO,题-2ChO-02-09-91以下物质在使用不同还原剂.md,实质答案,260,167,5,15,0,3,4,0.25,True,False
2ChO,题-2ChO-02-10-101一种不带电反应中间体可.md,占位标注,328,74,3,0,0,4,0,0.0,True,False
2ChO,题-2ChO-03-01-11次氯酸钠可用于区分As和.md,实质答案,323,1100,1,3,0,4,4,0.23,True,False
2ChO,题-2ChO-03-02-注本题所涉及的n配位指配位原.md,实质答案,488,1235,4,10,0,4,4,0.33,True,False
2ChO,题-2ChO-03-03-全球塑料生产量在2021年达.md,实质答案,617,1186,1,3,0,2,2,0.45,True,False
2ChO,题-2ChO-03-04-尺寸排阻色谱SEC常用于大分.md,实质答案,551,1810,1,2,0,4,4,0.25,True,False
2ChO,题-2ChO-03-05-51一种晶体沿b轴和c轴的投.md,实质答案,544,2117,2,6,0,3,3,0.22,True,False
2ChO,题-2ChO-03-06-岩石一般是一种或多种矿物的混.md,实质答案,1586,3029,6,11,0,5,5,0.52,True,False
2ChO,题-2ChO-03-07-71随着能源需求的增长和全球.md,实质答案,1517,3121,1,2,0,4,4,0.51,True,False
2ChO,题-2ChO-03-08-81下面三种负离子中碱性最强.md,实质答案,280,1355,6,9,0,6,6,0.15,True,False
2ChO,题-2ChO-03-09-2004年来自Univers.md,实质答案,218,863,2,14,0,4,4,0.21,True,False
2ChO,题-2ChO-03-10-1011909年HFried.md,实质答案,533,1870,4,9,0,3,3,0.22,True,False
2ChO,题-2ChO-04-01-18世纪奥地利化学家FJMl.md,实质答案,363,1341,0,1,0,3,4,0.28,True,False
2ChO,题-2ChO-04-02-21在滴定分析中的最佳搭档是.md,实质答案,318,1259,0,0,0,2,2,0.21,True,False
2ChO,题-2ChO-04-03-机械力诱导发光是指材料在拉伸.md,实质答案,611,2251,1,1,0,2,2,0.24,True,False
2ChO,题-2ChO-04-04-表面活性剂分子surfact.md,实质答案,419,1233,1,2,0,4,5,0.29,True,False
2ChO,题-2ChO-04-05-51金红石是典型的四方晶体类.md,实质答案,559,2339,3,5,0,3,3,0.18,True,False
2ChO,题-2ChO-04-06-TPP即5101520四苯基.md,实质答案,469,1754,2,5,0,3,3,0.22,True,False
2ChO,题-2ChO-04-07-beginarrayllte.md,实质答案,489,874,0,1,0,3,3,0.5,True,False
2ChO,题-2ChO-04-08-81下列化合物中碱性最强的是.md,实质答案,280,1128,12,14,0,5,5,0.19,True,False
2ChO,题-2ChO-04-09-91在THF溶剂中下列碱金属.md,实质答案,486,4048,5,22,0,5,4,0.1,True,False
2ChO,题-2ChO-04-10-101以下反应将酮首先转化为.md,实质答案,638,2628,6,18,0,4,4,0.2,True,False
2ChO,题-2ChO-05-01-历史上人类对于矿物的开采和应.md,实质答案,584,279,1,4,0,0,1,0.0,True,False
2ChO,题-2ChO-05-02-在酸性水溶液中使用化学氧化或.md,实质答案,840,517,1,3,0,0,1,0.28,True,False
2ChO,题-2ChO-05-03-一种钠离子电池的阳极为固体在.md,实质答案,165,252,0,0,0,0,3,0.24,True,False
2ChO,题-2ChO-05-04-磷酸盐在工业生产食品添加剂等.md,实质答案,621,238,0,1,0,0,5,0.02,True,False
2ChO,题-2ChO-05-05-本题的化学式要求用M表示并约.md,占位标注,625,77,4,0,0,0,0,0.0,True,False
2ChO,题-2ChO-05-06-微液滴Microdrople.md,实质答案,1365,1264,4,6,0,1,2,0.25,True,False
2ChO,题-2ChO-05-07-爆炸是某一物质系统在发生迅速.md,实质答案,1257,649,4,9,0,1,1,0.05,True,False
2ChO,题-2ChO-05-08-81在研究正丁烷的构象时以C.md,实质答案,552,305,28,28,0,0,1,0.12,True,False
2ChO,题-2ChO-05-09-91安息香缩合反应相信大家都.md,实质答案,391,439,6,22,0,0,1,0.15,True,False
2ChO,题-2ChO-05-10-101磺酰亚胺基团是有机中一.md,实质答案,966,555,9,20,0,0,1,0.28,True,False
2ChO,题-2ChO-06-01-炼金术的发展离不开中外学者的.md,实质答案,814,653,1,0,0,0,2,0.26,True,False
2ChO,题-2ChO-06-02-指南针Compass是一种简.md,实质答案,1063,648,6,16,0,1,3,0.09,True,False
2ChO,题-2ChO-06-03-HMDI是一种常见的聚合反应.md,实质答案,360,280,1,6,0,0,1,0.18,True,False
2ChO,题-2ChO-06-04-锡的测定常用碘酸钾滴定法其过.md,实质答案,967,820,2,1,0,1,3,0.07,True,False
2ChO,题-2ChO-06-05-51CuSe的晶体X具有层状.md,实质答案,478,210,1,2,0,0,1,0.0,True,False
2ChO,题-2ChO-06-06-离子色谱IC是分析水相中阴阳.md,实质答案,2018,1356,3,3,0,0,2,0.49,True,False
2ChO,题-2ChO-06-07-2023年4月28日来自Un.md,实质答案,506,258,2,11,0,0,1,0.38,True,False
2ChO,题-2ChO-06-08-81气态甲醛主要以单体形式存.md,实质答案,427,271,9,15,0,0,3,0.06,True,False
2ChO,题-2ChO-06-09-氮丙啶Aziridine是一.md,实质答案,642,224,6,24,0,0,1,0.42,True,False
2ChO,题-2ChO-06-10-与传统离子型环化反应相比自由.md,占位标注,664,75,7,0,0,0,0,0.0,True,False
XeChem,题-XeC-01-01-二萜entkaurene家族.md,占位标注,558,35,11,0,0,6,0,0.0,True,False
XeChem,题-XeC-06-01-11OCP离子是重要的含P杂.md,实质答案,529,80,3,3,0,4,0,0.0,True,False
XeChem,题-XeC-06-02-是地球上最主要且最具成本效益.md,实质答案,842,911,6,3,0,3,5,0.63,True,False
XeChem,题-XeC-06-03-自从1888年德国科学家瓦尔.md,实质答案,828,375,2,1,0,2,3,0.43,True,False
XeChem,题-XeC-06-05-51铜中心在多种生物过程中发.md,实质答案,402,573,0,4,0,2,3,0.38,True,False
XeChem,题-XeC-06-06-61近日香港城市大学卢振品课.md,实质答案,538,579,2,11,0,3,2,0.0,True,False
XeChem,题-XeC-06-07-71分子活性的精准调控是化学.md,实质答案,617,586,2,7,0,3,2,0.11,True,False
XeChem,题-XeC-06-08-画出重排成腙衍生物过程中的关.md,实质答案,438,319,0,3,0,2,2,0.0,True,False
XeChem,题-XeC-06-09-已知反应经历了中环螯合环中间.md,实质答案,742,649,8,17,0,4,3,0.61,True,False
XeChem,题-XeC-07-01-11如下配体在去质子后与一当.md,实质答案,1373,551,6,6,0,7,2,0.85,True,False
XeChem,题-XeC-07-04-beginarraycmat.md,实质答案,269,437,0,3,0,3,3,0.06,True,False
XeChem,题-XeC-07-05-五唑阴离子是极具应用价值的全.md,实质答案,861,1915,1,22,0,5,13,0.29,True,False
XeChem,题-XeC-07-06-61以下过程是典型的Smil.md,实质答案,237,283,4,5,0,4,4,0.0,True,False
XeChem,题-XeC-07-07-第40届XeChem初装模拟.md,实质答案,833,340,13,17,0,5,3,0.37,True,False
XeChem,题-XeC-07-08-题.md,实质答案,44,271,0,13,0,0,2,0.0,True,False
XeChem,题-XeC-08-01-光合作用是人们最熟知的能量来.md,占位标注,569,35,2,0,0,3,0,0.0,True,False
XeChem,题-XeC-08-02-是一种典型的低价硅物种在Si.md,占位标注,361,35,1,0,0,3,0,0.0,True,False
XeChem,题-XeC-08-03-无机磷酸盐过量是水体富营养化.md,占位标注,1145,35,2,0,0,6,0,0.0,True,False
XeChem,题-XeC-08-04-属于六方晶系Al原子层内按最.md,占位标注,243,35,0,0,0,3,0,0.0,True,False
XeChem,题-XeC-08-05-TEMPOHTEMPO的氧化.md,占位标注,407,35,2,0,0,3,0,0.0,True,False
XeChem,题-XeC-08-06-自发现以来近70年间异头碳效.md,占位标注,992,35,2,0,0,2,0,0.0,True,False
XeChem,题-XeC-08-07-常见的化学反应流程叙述中后处.md,占位标注,1250,41,4,0,0,4,0,0.0,True,False
XeChem,题-XeC-08-08-TrigTrigocherr.md,占位标注,365,41,5,0,0,6,0,0.0,True,False
XeChem,题-XeC-09-01-氮丙啶作为一类重要的含氮杂环.md,实质答案,669,120,11,12,0,6,2,0.0,True,False
XeChem,题-XeC-09-02-苯炔插入反应作为有机合成领域.md,实质答案,764,154,8,19,0,12,3,0.17,True,False
XeChem,题-XeC-09-03-异构现象是有机化学领域中普遍.md,实质答案,511,121,9,6,0,11,3,0.39,True,False
XeChem,题-XeC-09-04-芳香化驱动反应以芳香化过程释.md,实质答案,1282,194,9,7,0,9,0,0.62,True,False
XeChem,题-XeC-09-05-杂芳烃硝基苯吡啶喹啉等是有机.md,实质答案,1548,282,10,14,0,10,3,0.6,True,False
XeChem,题-XeC-09-06-cotylenol是fusi.md,实质答案,798,73,7,15,0,9,1,0.62,True,False
XeChem,题-XeC-11-01-由于化学材料的丰富性易获得性.md,实质答案,496,565,5,9,0,3,2,0.65,True,False
XeChem,题-XeC-11-02-荧光强度随时间衰减的快慢可以.md,实质答案,770,194,0,0,0,5,1,0.65,True,False
XeChem,题-XeC-11-03-Valleyite是一种稀有.md,实质答案,516,3440,2,15,0,7,16,0.05,True,False
XeChem,题-XeC-11-04-阿伏伽德罗常数是物理化学和分.md,实质答案,1539,962,0,0,0,3,4,0.72,True,False
XeChem,题-XeC-11-05-硅的掺入能降低表面能显著改变.md,实质答案,684,527,5,0,0,2,3,0.55,True,False
XeChem,题-XeC-11-06-环对苯撑cycloparap.md,实质答案,1195,1265,6,12,0,7,6,0.59,True,False
XeChem,题-XeC-11-07-异二氮烯Isodiazene.md,实质答案,1750,1987,11,18,0,8,8,0.77,True,False
XeChem,题-XeC-11-08-81在天然产物和合成药物中中.md,实质答案,861,1026,3,4,0,4,2,0.78,True,False
XeChem,题-XeC-12-01-在我们通常的认知里布拉维点阵.md,实质答案,365,504,3,2,0,3,14,0.66,True,False
XeChem,题-XeC-12-01-辉锑矿是自然界中最重要的锑矿.md,实质答案,637,761,0,0,0,4,4,0.72,True,False
XeChem,题-XeC-12-02-在初学晶体的时候我们通常能见.md,实质答案,552,1043,2,5,0,2,2,0.45,True,False
XeChem,题-XeC-12-02-金属有机框架MOF材料由金属.md,实质答案,1089,1211,0,0,0,4,5,0.83,True,False
XeChem,题-XeC-12-03-是一种极其常见的矿物其常见晶.md,实质答案,1023,1042,7,4,0,4,2,0.44,True,False
XeChem,题-XeC-12-03-聚苯乙烯PS是一种脆性塑料常.md,实质答案,664,818,0,0,0,4,4,0.75,True,False
XeChem,题-XeC-12-04-铅PbZ82有四种稳定同位素.md,实质答案,694,800,0,0,0,3,3,0.77,True,False
XeChem,题-XeC-12-05-CH键的胺化反应是现代有机合.md,实质答案,784,931,1,2,0,4,4,0.76,True,False
XeChem,题-XeC-12-05-根据MJansen在2000.md,实质答案,372,697,1,4,0,1,2,0.33,True,False
XeChem,题-XeC-12-06-611偶氮化合物在光照下分解.md,实质答案,353,469,1,1,0,3,3,0.66,True,False
XeChem,题-XeC-12-06-61写出必要的过程辅助你推导.md,实质答案,158,1481,0,3,0,3,3,0.07,True,False
XeChem,题-XeC-12-07-四川大学傅海燕课题组系统发展.md,实质答案,554,616,2,6,0,2,2,0.8,True,False
XeChem,题-XeC-12-08-全合成中长期依赖实现CC键构.md,实质答案,307,301,6,10,0,2,2,0.76,True,False
XeChem,题-XeC-13-01-早在门捷列夫建立元素周期系时.md,实质答案,791,888,3,3,0,6,6,0.81,True,False
XeChem,题-XeC-13-01-火箭燃料也称火箭推进剂是火箭.md,实质答案,810,826,0,3,0,5,5,0.7,True,False
XeChem,题-XeC-13-02-二甲硫醚DMS是海洋中挥发性.md,占位标注,283,47,0,0,0,3,0,0.0,True,False
XeChem,题-XeC-13-02-小盐同学十分热爱化学有一天她.md,实质答案,558,788,1,2,0,3,4,0.66,True,False
XeChem,题-XeC-13-03-是一种常见的配体其作为单齿配.md,实质答案,595,633,0,2,0,5,5,0.83,True,False
XeChem,题-XeC-13-03-碱金属具有极低的电负性极易失.md,实质答案,476,922,1,3,0,2,4,0.37,True,False
XeChem,题-XeC-13-04-酸性溶液中可还原产物配离子均.md,实质答案,881,1026,1,2,0,8,8,0.75,True,False
XeChem,题-XeC-13-04-银量法是沉淀滴定法中常用的方.md,实质答案,570,544,0,1,0,2,2,0.4,True,False
XeChem,题-XeC-13-05-1963年Hershaft通.md,实质答案,489,685,3,4,0,4,4,0.63,True,False
XeChem,题-XeC-13-05-在炼金术的早期人们就开始将常.md,实质答案,624,256,2,2,0,3,2,0.54,True,False
XeChem,题-XeC-13-06-众所周知烯烃可与过渡金属配位.md,实质答案,460,423,4,6,0,4,5,0.61,True,False
XeChem,题-XeC-13-06-格氏试剂GrignardRe.md,实质答案,329,337,0,6,0,2,2,0.86,True,False
XeChem,题-XeC-13-07-卤化反应是药物研发中的常用策.md,实质答案,630,807,9,10,0,4,4,0.68,True,False
XeChem,题-XeC-13-07-细胞周期cellcycle指.md,实质答案,824,539,7,15,0,2,3,0.82,True,False
XeChem,题-XeC-13-08-81以下氮杂环丁烷不稳定在室.md,实质答案,459,536,8,14,0,8,6,0.47,True,False
XeChem,题-XeC-13-08-DynemicinA1是由小.md,实质答案,280,426,4,8,0,2,2,0.55,True,False
XeChem,题-XeC-13-09-911985年Kowalsk.md,实质答案,294,324,5,9,0,4,4,0.62,True,False
XeChem,题-XeC-14-01-112写出A与B的化学式在烧.md,实质答案,1238,1116,1,1,0,6,6,0.62,True,False
XeChem,题-XeC-14-01-钒在化学反应中表现出极其丰富.md,实质答案,649,770,0,0,0,3,3,0.76,True,False
XeChem,题-XeC-14-02-荧光染料ATTO655常被用.md,实质答案,744,1104,4,5,0,3,3,0.64,True,False
XeChem,题-XeC-14-03-31最经典的ZnZn键合成方.md,实质答案,1154,437,4,4,0,12,2,0.91,True,False
XeChem,题-XeC-14-03-重氮化合物是化学合成中不可或.md,实质答案,477,600,2,7,0,4,4,0.7,True,False
XeChem,题-XeC-14-04-为了解决传统聚烯烃或聚乙烯基.md,实质答案,755,876,3,5,0,4,4,0.79,True,False
XeChem,题-XeC-14-05-三氟化铝是一种常见的离子晶体.md,实质答案,344,406,2,2,0,6,6,0.7,True,False
XeChem,题-XeC-14-05-该同学使用的材料比表面积是最.md,实质答案,348,262,0,0,0,0,2,0.78,True,False
XeChem,题-XeC-14-06-61将101mg三邻甲苯基膦.md,实质答案,1609,1054,3,4,0,6,6,0.62,True,False
XeChem,题-XeC-14-06-磁场在生活中和化学合成中都有.md,实质答案,908,1171,5,4,0,4,4,0.71,True,False
XeChem,题-XeC-14-07-作为现代合成的两大支柱光化学.md,实质答案,592,724,2,5,0,4,4,0.71,True,False
XeChem,题-XeC-14-08-81传统的二氟甲基化大致使用.md,实质答案,238,405,1,4,0,4,9,0.05,True,False
XeChem,题-XeC-14-08-氧杂八元环是一种有趣的分子骨.md,实质答案,516,564,4,7,0,4,4,0.85,True,False
XeChem,题-XeC-14-09-近期报道了一种茚二酮衍生物与.md,实质答案,394,476,5,9,0,4,4,0.76,True,False
XeChem,题-XeC-15-01-古代矿物学家常根据矿物的颜色.md,实质答案,532,653,0,0,0,3,3,0.68,True,False
XeChem,题-XeC-15-01-稀有气体因核外电子层全满的稳.md,实质答案,497,622,0,3,0,2,4,0.27,True,False
XeChem,题-XeC-15-02-一种具有较高对称性的铁簇配合.md,实质答案,308,218,0,1,0,3,2,0.26,True,False
XeChem,题-XeC-15-02-如图在温度T下有一真空密闭容.md,实质答案,442,545,1,1,0,2,2,0.74,True,False
XeChem,题-XeC-15-03-为了应对温室效应科学家们开发.md,实质答案,568,773,1,4,0,5,5,0.61,True,False
XeChem,题-XeC-15-03-随着核电的发展绿色高效地处理.md,实质答案,432,458,0,0,0,5,7,0.81,True,False
XeChem,题-XeC-15-04-自从的发现以来已制备出多种结.md,实质答案,544,366,0,0,0,3,3,0.78,True,False
XeChem,题-XeC-15-04-过一硫酸氢盐和过二硫酸盐均含.md,实质答案,312,345,0,0,0,3,4,0.71,True,False
XeChem,题-XeC-15-05-溴化铍是一种极为特殊的金属卤.md,实质答案,422,465,1,4,0,4,4,0.72,True,False
XeChem,题-XeC-15-05-研究人员合成了一种氮代磷酸盐.md,实质答案,420,2215,2,10,0,5,14,0.13,True,False
XeChem,题-XeC-15-06-三线态锡氮宾SnNR的电子结.md,实质答案,237,234,5,5,0,2,2,0.82,True,False
XeChem,题-XeC-15-06-所有生命的新陈代谢都依赖于持.md,实质答案,1379,1031,7,5,0,8,7,0.44,True,False
XeChem,题-XeC-15-07-对结构相似的化合物进行酸性比.md,实质答案,490,545,1,1,0,2,2,0.77,True,False
XeChem,题-XeC-15-08-膦配体兼具较强的给电子能力与.md,实质答案,526,590,2,2,0,5,5,0.8,True,False
XeChem,题-XeC-15-09-现代密度泛函理论的发展与电脑.md,实质答案,701,776,3,7,0,4,4,0.83,True,False
XeChem,题-XeC-15-10-Himandrine生物碱由.md,实质答案,712,726,6,13,0,4,4,0.84,True,False
XeChem,题-XeC-16-01-本题中放射性元素的相对原子质.md,实质答案,604,666,1,3,0,2,2,0.83,True,False
XeChem,题-XeC-16-02-化学分析法常用于制盐工业中快.md,实质答案,405,504,0,0,0,4,4,0.71,True,False
XeChem,题-XeC-16-03-31高通量实验中的热量积累在.md,实质答案,847,944,4,4,0,2,2,0.86,True,False
XeChem,题-XeC-16-04-目前化学家已经能够借助AI等.md,实质答案,705,856,0,3,0,5,5,0.73,True,False
XeChem,题-XeC-16-05-有一种立方晶系的三元氟化物含.md,实质答案,378,726,1,2,0,5,6,0.44,True,False
XeChem,题-XeC-16-06-NO与金属配位时可以展现极其.md,实质答案,721,824,4,10,0,5,5,0.82,True,False
XeChem,题-XeC-16-07-众所周知立体化学是有机化学中.md,实质答案,397,405,9,13,0,6,4,0.82,True,False
XeChem,题-XeC-16-08-环丙烷作为最小的碳环结构是各.md,实质答案,322,334,6,7,0,3,3,0.8,True,False
XeChem,题-XeC-16-09-合成化学家们通常使用走走停停.md,实质答案,549,553,6,10,0,2,2,0.83,True,False
XeChem,题-XeC-17-01-元素M是一种非金属元素然而其.md,实质答案,612,698,1,5,0,4,4,0.78,True,False
XeChem,题-XeC-17-02-考虑两个胶体粒子之间的相互作.md,实质答案,687,771,2,2,0,2,2,0.82,True,False
XeChem,题-XeC-17-03-第14族元素在生产生活中发挥.md,实质答案,455,453,1,6,0,4,4,0.85,True,False
XeChem,题-XeC-17-04-Gaudefroyite是一.md,实质答案,670,765,2,2,0,5,5,0.79,True,False
XeChem,题-XeC-17-05-借助对流稳态扩散进行线性伏安.md,实质答案,604,641,1,1,0,4,4,0.87,True,False
XeChem,题-XeC-17-06-Si作为第三周期元素可以d轨.md,实质答案,624,644,3,10,0,2,2,0.87,True,False
XeChem,题-XeC-17-07-71关于CPBA氧化反应的理.md,实质答案,662,694,5,11,0,4,4,0.86,True,False
XeChem,题-XeC-17-08-醛由于O的孤对电子对CH反键.md,实质答案,692,736,10,13,0,4,4,0.83,True,False
XeChem,题-XeC-17-09-汇聚式合成convergen.md,实质答案,433,435,5,12,0,2,2,0.9,True,False
XeChem,题-XeC-18-01-某文献报道LnYLaLu在苯.md,实质答案,365,398,0,2,0,6,5,0.65,True,False
XeChem,题-XeC-18-02-利用可再生能源将电化学还原为.md,占位标注,1134,17,0,0,0,4,0,0.0,True,False
XeChem,题-XeC-18-03-你说得对但是在本题中你将扮演.md,占位标注,901,17,3,0,0,4,0,0.0,True,False
XeChem,题-XeC-18-04-碘化铵是一种重要的无机盐加热.md,占位标注,380,17,0,0,0,2,0,0.0,True,False
XeChem,题-XeC-18-05-磷酸盐是常用的水处理剂其产品.md,占位标注,345,17,0,0,0,7,0,0.0,True,False
XeChem,题-XeC-18-06-逻辑门LogicGates是.md,占位标注,728,17,3,0,0,4,0,0.0,True,False
XeChem,题-XeC-18-07-作为结构优美的柏拉图烃之一十.md,占位标注,1238,17,7,0,0,10,0,0.0,True,False
XeChem,题-XeC-18-08-81本题的主题是酰胺活化即通.md,占位标注,639,17,9,0,0,6,0,0.0,True,False
XeChem,题-XeC-19-01-金Au由于其稳定的单质与明显.md,实质答案,765,1170,2,2,0,3,3,0.52,True,False
XeChem,题-XeC-19-02-氮宾作为一种不稳定的瞬态物种.md,实质答案,797,1089,7,14,0,4,4,0.62,True,False
XeChem,题-XeC-19-03-磷的同素异形体丰富其中的PP.md,实质答案,654,853,6,8,0,5,5,0.67,True,False
XeChem,题-XeC-19-04-机械互锁聚合物MIPs是一类.md,实质答案,708,1035,4,7,0,3,3,0.6,True,False
XeChem,题-XeC-19-05-烷基硫酸盐是大气气溶胶中的重.md,实质答案,667,1196,2,4,0,5,5,0.47,True,False
XeChem,题-XeC-19-06-铝是现代经济的基石在基础设施.md,实质答案,1543,2195,0,0,0,4,4,0.64,True,False
XeChem,题-XeC-19-07-71判断以下分子或离子有无光.md,实质答案,265,460,10,11,0,9,9,0.42,True,False
XeChem,题-XeC-19-08-尽管碳苷与含额外碳碳键糖类的.md,实质答案,505,581,6,10,0,4,4,0.73,True,False
XeChem,题-XeC-19-09-PausonKhand反应简.md,实质答案,239,371,9,11,0,3,3,0.52,True,False
XeChem,题-XeC-20-01-元素M和N是同族元素性质相似.md,实质答案,678,701,0,6,0,3,3,0.91,True,False
XeChem,题-XeC-20-02-酸碱缓冲溶液是一种能对溶液的.md,实质答案,487,608,0,0,0,3,3,0.67,True,False
XeChem,题-XeC-20-03-全固态锂电池以固态电解质替代.md,实质答案,843,1308,0,0,0,3,4,0.54,True,False
XeChem,题-XeC-20-04-众所周知自然界中的许多病毒都.md,实质答案,831,918,4,8,0,6,7,0.81,True,False
XeChem,题-XeC-20-05-作为并没有过多接触实验的高中.md,实质答案,1564,1738,5,11,0,2,2,0.85,True,False
XeChem,题-XeC-20-06-TheActionLab在2.md,实质答案,1359,1679,7,13,0,5,5,0.74,True,False
XeChem,题-XeC-20-07-Nazarov环化是一类特殊.md,实质答案,692,782,13,18,0,10,11,0.71,True,False
XeChem,题-XeC-20-08-维生素H维生素生物素辅酶R是.md,实质答案,683,742,7,16,0,6,6,0.84,True,False
XeChem,题-XeC-20-09-上述整个过程便是生物素的生物.md,实质答案,385,439,3,7,0,10,3,0.66,True,False
XeChem,题-XeC-21-01-十九世纪初墨西哥矿物学家在一.md,实质答案,396,468,0,0,0,4,4,0.68,True,False
XeChem,题-XeC-21-02-均配双萘零价过渡金属配合物是.md,实质答案,767,894,1,8,0,5,6,0.76,True,False
XeChem,题-XeC-21-03-碳族第14族元素单质具有丰富.md,实质答案,597,681,1,2,0,2,2,0.79,True,False
XeChem,题-XeC-21-04-的电化学还原反应是一种新兴的.md,实质答案,1202,1828,1,1,0,4,4,0.62,True,False
XeChem,题-XeC-21-05-BDF单体在DMSO中用2当.md,实质答案,831,1315,1,9,0,4,5,0.56,True,False
XeChem,题-XeC-21-06-61ABC三组底物在tBuO.md,实质答案,128,366,2,5,0,4,4,0.22,True,False
XeChem,题-XeC-21-07-在现代有机合成中一些结构稳定.md,实质答案,615,622,6,7,0,3,3,0.89,True,False
XeChem,题-XeC-21-08-钯催化反应是现代有机合成中应.md,实质答案,661,707,7,6,0,5,5,0.76,True,False
XeChem,题-XeC-22-01-磷化镓GaP是典型的IIIV.md,实质答案,1220,1268,1,4,0,3,3,0.92,True,False
XeChem,题-XeC-22-02-碘化汞是典型的重金属卤化物兼.md,实质答案,366,718,0,0,0,3,4,0.44,True,False
XeChem,题-XeC-22-03-第14族元素单质具有丰富的同.md,实质答案,894,987,3,5,0,6,6,0.84,True,False
XeChem,题-XeC-22-04-层状锂钴氧化物是锂离子电池正.md,实质答案,534,642,0,0,0,2,2,0.65,True,False
XeChem,题-XeC-22-05-二硼杂芳环即在芳香环骨架中同.md,实质答案,544,673,2,8,0,5,5,0.72,True,False
XeChem,题-XeC-22-06-酰胺因其共振稳定性通常表现出.md,实质答案,723,762,7,17,0,7,7,0.81,True,False
XeChem,题-XeC-22-07-Smiles重排是一类重要的.md,实质答案,554,572,6,12,0,3,3,0.8,True,False
XeChem,题-XeC-23-01-铅是人类最早认识并大规模利用.md,实质答案,712,809,0,0,0,4,6,0.82,True,False
XeChem,题-XeC-23-02-碲化铋是目前室温附近性能最优.md,实质答案,760,828,0,1,0,4,4,0.82,True,False
XeChem,题-XeC-23-03-的固化封存是气候与能源领域的.md,实质答案,423,576,1,5,0,4,4,0.62,True,False
XeChem,题-XeC-23-04-1928年Ingold夫妇在.md,实质答案,823,937,0,0,0,4,4,0.8,True,False
XeChem,题-XeC-23-05-苯酚是重要的工业化学品广泛用.md,实质答案,808,949,0,0,0,5,5,0.74,True,False
XeChem,题-XeC-23-06-I型笼合物是一类结构精妙的主.md,实质答案,478,743,0,0,0,3,3,0.5,True,False
XeChem,题-XeC-23-07-金属钛Ti因其高比强度优异耐.md,实质答案,690,999,0,0,0,3,10,0.64,True,False
XeChem,题-XeC-23-08-叔丁醇钾KOtBu是有机合成.md,实质答案,996,1056,3,4,0,5,5,0.88,True,False
XeChem,题-XeC-23-09-91南京工业大学于2021年.md,实质答案,380,376,2,7,0,4,4,0.91,True,False
XeChem,题-XeC-23-10-二碘化钐是一种单电子还原剂N.md,实质答案,488,504,7,10,0,3,3,0.71,True,False
XeChem,题-XeC-24-01-十八世纪末Vauguelin.md,实质答案,279,306,0,1,0,3,3,0.75,True,False
XeChem,题-XeC-24-02-1955年Wartik和Ap.md,实质答案,678,874,0,1,0,7,10,0.67,True,False
XeChem,题-XeC-24-03-肽链骨架中含有大量酰胺基团酰.md,实质答案,767,933,0,0,0,5,5,0.75,True,False
XeChem,题-XeC-24-04-作为碳碳三键的等电子体硼氮三.md,实质答案,641,817,1,8,0,2,2,0.7,True,False
XeChem,题-XeC-24-05-隧道型金属含氧化合物是一类重.md,实质答案,386,729,1,3,0,6,6,0.44,True,False
XeChem,题-XeC-24-06-血红素是生物体内重要化合物其.md,实质答案,371,395,3,6,0,4,4,0.78,True,False
XeChem,题-XeC-24-07-碳碳三键既可以作亲核试剂也可.md,实质答案,224,224,3,7,0,3,3,0.79,True,False
XeChem,题-XeC-24-08-贝克曼重排是肟类化合物转化为.md,实质答案,838,896,9,16,0,8,4,0.79,True,False
XeChem,题-XeC-25-01-11元素X的丰度位于第十二位.md,实质答案,348,373,2,2,0,3,3,0.79,True,False
XeChem,题-XeC-25-02-锂氧电池工作时氧气在正极发生.md,实质答案,682,1274,0,0,0,7,7,0.48,True,False
XeChem,题-XeC-25-03-一些配合物的配体可以参与到氧.md,实质答案,714,742,1,8,0,3,3,0.83,True,False
XeChem,题-XeC-25-04-小夜在随意浏览MP时看到了一.md,实质答案,487,572,1,3,0,2,2,0.73,True,False
XeChem,题-XeC-25-05-移液枪活塞式移液器是现代化学.md,实质答案,711,1150,1,1,0,3,3,0.55,True,False
XeChem,题-XeC-25-06-莫比乌斯芳香性不是指普通芳香.md,实质答案,388,384,4,8,0,2,2,0.91,True,False
XeChem,题-XeC-25-07-对甲苯磺酰卤TsX兼具磺酰基.md,实质答案,747,795,7,8,0,4,4,0.85,True,False
XeChem,题-XeC-25-08-芳香环凭借高度离域的体系具有.md,实质答案,634,665,5,14,0,5,3,0.82,True,False
XeChem,题-XeC-26-01-有机反应中细微的结构或反应环.md,实质答案,817,872,4,18,0,4,4,0.86,True,False
XeChem,题-XeC-26-02-211以如下仲醇为例分别给出.md,实质答案,843,1070,8,15,0,6,6,0.68,True,False
XeChem,题-XeC-26-03-重排反应能够通过分子内部键的.md,实质答案,481,526,6,10,0,4,4,0.8,True,False
XeChem,题-XeC-26-04-负氢迁移是一类重要的分子内氧.md,实质答案,689,693,6,8,0,3,3,0.91,True,False
XeChem,题-XeC-26-05-周环反应能够通过键与键的协同.md,实质答案,491,501,8,13,0,3,3,0.79,True,False
XeChem,题-XeC-26-06-Phorbol与ingeno.md,实质答案,626,592,8,12,0,2,2,0.87,True,False
XeChem,题-XeC-40-01-金银铜是人类历史上最早被认识.md,实质答案,1220,1289,0,1,0,3,3,0.87,True,False
XeChem,题-XeC-40-01-零价配合物因其有趣的电子结构.md,实质答案,304,299,2,6,0,2,2,0.91,True,False
XeChem,题-XeC-40-02-指尖脉搏血氧仪是一种便携式医.md,实质答案,225,245,0,0,0,2,2,0.81,True,False
XeChem,题-XeC-40-02-请注意本题的21和22两部分.md,实质答案,686,1217,1,5,0,2,2,0.46,True,False
XeChem,题-XeC-40-03-31牛奶富含很多人体生长发育.md,实质答案,2470,2679,2,2,0,12,12,0.88,True,False
XeChem,题-XeC-40-03-传统上介导可逆的氧化还原催化.md,实质答案,477,509,3,7,0,4,4,0.86,True,False
XeChem,题-XeC-40-04-方钴矿系skutterudi.md,实质答案,452,699,2,2,0,5,7,0.57,True,False
XeChem,题-XeC-40-04-活化炔烃是一类特殊的炔烃化合.md,实质答案,929,980,2,7,0,5,5,0.84,True,False
XeChem,题-XeC-40-05-元素X的名称来自希腊神话中满.md,实质答案,460,495,0,0,0,3,3,0.86,True,False
XeChem,题-XeC-40-05-在现代超分子化学中以色散力为.md,实质答案,829,1301,2,2,0,2,2,0.58,True,False
XeChem,题-XeC-40-06-氮杂芳环广泛存在于药物分子天.md,实质答案,631,649,5,10,0,1,1,0.91,True,False
XeChem,题-XeC-40-06-量子点是一种半导体纳米晶粒径.md,实质答案,667,818,1,2,0,6,6,0.72,True,False
XeChem,题-XeC-40-07-克罗烷二萜是自然界中分布最广.md,实质答案,632,762,5,9,0,5,5,0.77,True,False
XeChem,题-XeC-40-07-碳正离子重排是近代有机合成化.md,实质答案,512,530,6,15,0,2,2,0.85,True,False
XeChem,题-XeC-40-08-有机硫化合物在有机合成中扮演.md,实质答案,746,801,6,14,0,7,7,0.81,True,False
XeChem,题-XeC-40-09-1氧杂十氢萘1oxadeca.md,实质答案,486,490,3,13,0,3,3,0.93,True,False
chemy,题-CM-01-01-元素M是人类最早发现的金属之.md,实质答案,503,119,2,0,0,3,3,0.0,True,False
chemy,题-CM-01-02-奎宁结构如右图所示是从金鸡纳.md,实质答案,1020,335,1,0,0,5,6,0.15,True,False
chemy,题-CM-01-03-铝是地壳中含量第三高的元素在.md,实质答案,718,284,6,0,0,3,3,0.02,True,False
chemy,题-CM-01-04-自20世纪50年代以来人们已.md,实质答案,1623,124,6,0,0,6,2,0.09,True,False
chemy,题-CM-01-05-很多具有钙钛矿结构的化合物是.md,实质答案,465,653,1,2,0,5,4,0.0,True,False
chemy,题-CM-01-06-氧化还原活性配体noninn.md,实质答案,538,213,5,0,0,3,3,0.07,True,False
chemy,题-CM-01-07-71有机物的熔沸点对有机反应.md,实质答案,656,142,6,0,0,4,4,0.04,True,False
chemy,题-CM-01-08-硝酮nitrone是一种优秀.md,实质答案,352,55,2,0,0,3,1,0.0,True,False
chemy,题-CM-01-09-DAST试剂即二乙胺基三氟化.md,实质答案,388,160,3,0,0,3,4,0.0,True,False
chemy,题-CM-02-01-锌碘ZnI电池是一种新兴的二.md,实质答案,495,150,0,0,0,2,2,0.0,True,False
chemy,题-CM-02-02-21金属铼以莱茵Rhine冠.md,实质答案,254,192,1,0,0,2,2,0.0,True,False
chemy,题-CM-02-03-高分子降解指高分子材料在物理.md,实质答案,491,217,4,0,0,3,2,0.0,True,False
chemy,题-CM-02-04-41某实验室现制备了一份氯氨.md,实质答案,676,179,3,0,0,2,2,0.0,True,False
chemy,题-CM-02-05-51氙是稀有气体的一种在很早.md,实质答案,622,281,0,1,0,3,3,0.0,True,False
chemy,题-CM-02-06-碳是一种很常见的元素它以多种.md,实质答案,912,161,3,0,0,6,6,0.0,True,False
chemy,题-CM-02-07-多取代芳烃广泛存在于天然产物.md,实质答案,349,62,5,0,0,3,3,0.0,True,False
chemy,题-CM-02-08-C糖苷化合物具有广泛的药用价.md,实质答案,409,178,2,0,0,3,2,0.0,True,False
chemy,题-CM-02-09-吡啶N氧化物具有特殊的化学性.md,实质答案,189,32,8,0,0,2,3,0.0,True,False
chemy,题-CM-03-01-在17世纪后期德国人用Sax.md,实质答案,1909,253,8,0,0,7,4,0.0,True,False
chemy,题-CM-03-02-132G具有非凡的氧化性质它.md,实质答案,993,438,6,4,0,5,4,0.01,True,False
chemy,题-CM-03-03-物质的磁矩主要来源于电子的自.md,实质答案,1108,230,8,0,0,4,3,0.0,True,False
chemy,题-CM-03-04-元素M因其元素符号而为人所知.md,实质答案,738,288,5,0,0,6,6,0.14,True,False
chemy,题-CM-03-05-水系有机液流电池在储存电能的.md,实质答案,520,182,5,0,0,4,4,0.11,True,False
chemy,题-CM-03-06-61如下小分子的结构中缺失了.md,实质答案,651,342,4,0,0,4,4,0.0,True,False
chemy,题-CM-03-07-71通过如下得几步反应制备了.md,实质答案,143,49,2,0,0,2,3,0.0,True,False
chemy,题-CM-03-08-81在上世纪70年代有人报道.md,实质答案,874,75,6,0,0,11,11,0.0,True,False
chemy,题-CM-04-01-从古至今很多艺术品都具有缤纷.md,实质答案,969,397,7,0,0,3,5,0.0,True,False
chemy,题-CM-04-02-CO2的捕集是解决温室气体过.md,实质答案,594,250,1,0,0,2,3,0.0,True,False
chemy,题-CM-04-03-PCl和NHCl在一定条件下.md,实质答案,554,44,0,6,0,5,5,0.0,True,False
chemy,题-CM-04-04-电池研究的方向是多维度的目前.md,实质答案,1448,254,1,0,0,6,6,0.0,True,False
chemy,题-CM-04-05-NO是大气与生物体内关键的活.md,实质答案,925,60,1,0,0,3,2,0.0,True,False
chemy,题-CM-04-06-氢能是一种清洁能源有望促进社.md,实质答案,536,98,1,0,0,4,4,0.0,True,False
chemy,题-CM-04-07-71下图所示两个反应的产物不.md,实质答案,278,210,6,0,0,4,3,0.59,True,False
chemy,题-CM-04-08-Smiles重排是一种分子内.md,实质答案,355,507,3,0,0,3,5,0.0,True,False
chemy,题-CM-04-09-炔丙醇在酸性条件下易于发生下.md,实质答案,370,44,4,0,0,2,0,0.0,True,False
chemy,题-CM-05-01-火星是距离太阳第四近的行星也.md,实质答案,693,882,0,0,0,5,6,0.74,True,False
chemy,题-CM-05-02-化合物X的组成为为正整数将X.md,实质答案,305,419,0,1,0,7,8,0.59,True,False
chemy,题-CM-05-03-一些海洋生物可以分泌粘附蛋白.md,实质答案,410,526,2,5,0,3,3,0.74,True,False
chemy,题-CM-05-04-从含有MIV的盐酸溶液中经蒸.md,实质答案,676,754,1,3,0,5,5,0.74,True,False
chemy,题-CM-05-05-将配成68mmolL的无水乙.md,实质答案,614,829,3,5,0,5,6,0.69,True,False
chemy,题-CM-05-06-熔化的钢液中通常含有溶解的氢.md,实质答案,574,883,0,0,0,5,6,0.61,True,False
chemy,题-CM-05-07-由铁与dmpe化学式为以及配.md,实质答案,408,371,0,4,0,4,3,0.86,True,False
chemy,题-CM-05-08-81在甲烷分子中的HCH键角.md,实质答案,619,1978,9,52,0,7,17,0.29,True,False
chemy,题-CM-05-09-在以下反应中当两套体系双键或.md,实质答案,354,358,4,9,0,6,5,0.51,True,False
chemy,题-CM-05-10-烯酮在有机化学中是一种关键的.md,实质答案,493,534,8,19,0,5,6,0.37,True,False
chemy,题-CM-10-01-11固态的为层状结构层内硼酸.md,实质答案,478,569,0,2,0,4,4,0.75,True,False
chemy,题-CM-10-02-1925年LTschugaj.md,实质答案,834,1077,2,2,0,3,3,0.72,True,False
chemy,题-CM-10-03-31的制备过程如下称取和于锥.md,实质答案,449,669,0,1,0,3,3,0.59,True,False
chemy,题-CM-10-04-M是一种多彩的元素它的许多化.md,实质答案,868,988,0,2,0,2,2,0.81,True,False
chemy,题-CM-10-05-基于YSZ的氧气传感器在包括.md,实质答案,878,1078,7,9,0,3,3,0.74,True,False
chemy,题-CM-10-06-链状化合物环化时当链中有偕二.md,实质答案,297,391,6,9,0,4,5,0.6,True,False
chemy,题-CM-10-07-是一种强有机硼Lewis酸具.md,实质答案,429,776,6,23,0,5,6,0.46,True,False
chemy,题-CM-10-08-81吡啶氧化物可通过三氯氧磷.md,实质答案,368,716,4,5,0,3,3,0.38,True,False
chemy,题-CM-11-01-三氯化铬的四氢呋喃THF合物.md,实质答案,277,346,0,2,0,4,5,0.71,True,False
chemy,题-CM-11-02-将溴化铵与三溴化锑在浓溴化氢.md,实质答案,613,860,0,1,0,6,7,0.61,True,False
chemy,题-CM-11-03-称取05363g二氧化硒溶于.md,实质答案,209,225,1,1,0,3,3,0.8,True,False
chemy,题-CM-11-04-在冬季北极地区的温度可达到2.md,实质答案,263,318,1,1,0,3,4,0.73,True,False
chemy,题-CM-11-05-51在聚合物中柔顺性定义为高.md,实质答案,449,566,1,1,0,3,3,0.75,True,False
chemy,题-CM-11-06-61通过一些反应可以得到含有.md,实质答案,800,882,4,6,0,4,5,0.81,True,False
chemy,题-CM-11-07-可以利用NO和气体在恒温恒压.md,实质答案,152,202,0,0,0,2,4,0.64,True,False
chemy,题-CM-11-08-逻辑门本身是处理一个或多个输.md,实质答案,844,863,5,5,0,4,4,0.95,True,False
chemy,题-CM-11-09-91胺的碱性与多种因素有关对.md,实质答案,498,501,1,8,0,5,7,0.87,True,False
chemy,题-CM-11-10-2乙烯基氮杂环化合物和异氰酸.md,实质答案,553,429,7,10,0,3,2,0.8,True,False
chemy,题-CM-11-11-在环系结构和原子间位置合适时.md,实质答案,194,157,3,16,0,2,0,0.0,True,False
chemy,题-CM-12-01-第四周期金属元素X和第二周期.md,实质答案,407,589,0,2,0,3,3,0.66,True,False
chemy,题-CM-12-02-如下图所示在二氯甲烷溶液中分.md,实质答案,645,831,1,2,0,4,4,0.68,True,False
chemy,题-CM-12-03-31有机化学中炔基正离子是一.md,实质答案,465,496,0,1,0,4,4,0.89,True,False
chemy,题-CM-12-04-41雌黄雄黄均是砷的硫化物矿.md,实质答案,747,806,0,2,0,3,4,0.89,True,False
chemy,题-CM-12-05-DNA碱基之间的特异性配对即.md,实质答案,895,1692,6,15,0,4,8,0.49,True,False
chemy,题-CM-12-06-在乙腈中将和三苯基环丙烯基氯.md,实质答案,407,301,1,4,0,4,5,0.39,True,False
chemy,题-CM-12-07-71近年人们发现高压下可以制.md,实质答案,495,585,9,5,0,3,3,0.66,True,False
chemy,题-CM-12-08-81一般地可通过化学键均裂时.md,实质答案,780,783,2,2,0,6,6,0.88,True,False
chemy,题-CM-12-09-周环反应是一种没有明显电性的.md,实质答案,527,487,11,9,0,5,5,0.91,True,False
chemy,题-CM-12-10-101通过高价碘试剂能将对位.md,实质答案,345,410,3,9,0,3,4,0.78,True,False
chemy,题-CM-13-01-有些过渡金属的阳离子在水溶液.md,实质答案,1115,755,2,4,0,5,4,0.88,True,False
chemy,题-CM-13-02-通过和混合加热可制得钙钛矿型.md,实质答案,161,206,0,0,0,3,3,0.6,True,False
chemy,题-CM-13-03-在下的二甲基甲酰胺溶剂中带有.md,实质答案,553,678,1,5,0,5,5,0.74,True,False
chemy,题-CM-13-04-Ru的配合物X组成为其中dp.md,实质答案,237,352,1,3,0,4,5,0.54,True,False
chemy,题-CM-13-05-人们研究了一系列化学式为其中.md,实质答案,534,698,2,0,0,5,7,0.67,True,False
chemy,题-CM-13-06-可以通过吸附法测定某微球硅酸.md,实质答案,463,635,1,4,0,5,6,0.67,True,False
chemy,题-CM-13-07-黄铁矿是一种二硫化物矿物化学.md,实质答案,917,1018,5,6,0,4,4,0.67,True,False
chemy,题-CM-13-08-81酰胺的CN键会产生顺反异.md,实质答案,1006,1092,10,12,0,7,9,0.83,True,False
chemy,题-CM-13-09-在右图所示的Grubbs催化.md,实质答案,400,454,5,9,0,5,5,0.8,True,False
chemy,题-CM-13-10-骨架编辑被认为在药物开发中有.md,实质答案,659,1199,7,21,0,2,5,0.56,True,False
chemy,题-CM-14-01-以硫和氮为骨架可以组成多种多.md,实质答案,412,424,0,4,0,3,3,0.86,True,False
chemy,题-CM-14-02-0时向饱和溶液中通入加入KO.md,实质答案,659,854,1,0,0,4,5,0.7,True,False
chemy,题-CM-14-03-由于与重卤原子的亲和性As的.md,实质答案,443,543,1,11,0,4,4,0.7,True,False
chemy,题-CM-14-04-第111号元素轮是第七周期超.md,实质答案,998,1228,4,4,0,7,10,0.71,True,False
chemy,题-CM-14-05-在高温下含有七并五环系的芳稠.md,实质答案,262,519,2,4,0,3,5,0.33,True,False
chemy,题-CM-14-06-硼和碳是周期表中唯二可形成大.md,实质答案,1230,1062,4,6,0,3,3,0.73,True,False
chemy,题-CM-14-07-键角是反映分子空间结构的重要.md,实质答案,133,141,8,9,0,4,4,0.85,True,False
chemy,题-CM-14-08-SculponinU是一种贝.md,实质答案,734,781,9,12,0,3,3,0.83,True,False
chemy,题-CM-14-09-早在1967年人们就已经成功.md,实质答案,665,765,7,10,0,3,3,0.76,True,False
chemy,题-CM-15-01-中国陶瓷艺术中的青花瓷以其幽.md,实质答案,836,1077,0,1,0,2,4,0.77,True,False
chemy,题-CM-15-02-211963年科学家在研究铋.md,实质答案,784,922,1,4,0,4,5,0.81,True,False
chemy,题-CM-15-03-癌症是影响人类生活健康的一大.md,实质答案,1583,1841,3,10,0,8,8,0.78,True,False
chemy,题-CM-15-04-合金纳米团簇具有原子级精确的.md,实质答案,727,1005,1,5,0,7,9,0.64,True,False
chemy,题-CM-15-05-工业染料废水的高效处理是环境.md,实质答案,1480,1754,1,2,0,7,7,0.8,True,False
chemy,题-CM-15-06-受限于光的衍射极限传统光学显.md,实质答案,1641,1768,2,4,0,6,6,0.9,True,False
chemy,题-CM-15-07-71同位素标记实验常被用于研.md,实质答案,1124,1200,3,2,0,7,8,0.73,True,False
chemy,题-CM-15-08-核酸酶如CRISPRCas9.md,实质答案,799,963,3,10,0,12,12,0.77,True,False
chemy,题-CM-15-09-重氮酯类化合物是有机合成中重.md,实质答案,643,647,6,10,0,3,3,0.95,True,False
chemy,题-CM-16-01-Bluehasnodimen.md,实质答案,635,762,3,3,0,4,5,0.8,True,False
chemy,题-CM-16-02-通过热解M和N叔丁基异丁酰胺.md,实质答案,296,391,0,2,0,3,4,0.66,True,False
chemy,题-CM-16-03-中国新能源汽车产业发展规划2.md,实质答案,572,667,1,3,0,3,3,0.74,True,False
chemy,题-CM-16-04-电解水过程中阳极处的析氧反应.md,实质答案,542,624,3,4,0,4,4,0.76,True,False
chemy,题-CM-16-05-清华大学某课题组使用缓慢还原.md,实质答案,370,426,0,0,0,2,3,0.76,True,False
chemy,题-CM-16-06-三核氧心过渡金属羧酸配合物的.md,实质答案,610,727,0,9,0,3,5,0.74,True,False
chemy,题-CM-16-07-氮杂环卡宾NHeterocy.md,实质答案,418,545,5,10,0,3,3,0.66,True,False
chemy,题-CM-16-08-NN二取代羟胺和丙炔酸甲酯在.md,实质答案,218,255,2,10,0,2,2,0.7,True,False
chemy,题-CM-16-09-底物A和酮酯在TMSOTf催.md,实质答案,377,418,4,7,0,3,3,0.77,True,False
chemy,题-CM-16-10-2015年有课题组发现如下化.md,实质答案,128,172,3,5,0,2,2,0.64,True,False
chemy,题-CM-17-01-11醋酸铍有多种碱式盐其中最.md,实质答案,707,860,0,2,0,2,2,0.79,True,False
chemy,题-CM-17-02-锂离子电池技术的进步极大地推.md,实质答案,708,1144,4,6,0,4,7,0.51,True,False
chemy,题-CM-17-03-31砷的氰化物在一百多年前就.md,实质答案,325,383,0,3,0,3,3,0.79,True,False
chemy,题-CM-17-04-将银盐A含银与浓度为的HCl.md,实质答案,205,224,0,0,0,4,4,0.79,True,False
chemy,题-CM-17-05-51在气相的硫单质中存在着等.md,实质答案,1072,1308,2,8,0,5,7,0.7,True,False
chemy,题-CM-17-06-细胞膜及其刚度测量.md,实质答案,613,670,2,4,0,5,5,0.75,True,False
chemy,题-CM-17-07-超分子自组装的选择性.md,实质答案,600,733,0,18,0,3,3,0.66,True,False
chemy,题-CM-17-08-烷烃构象中的取代基排斥不仅取.md,实质答案,465,406,19,23,0,3,5,0.78,True,False
chemy,题-CM-17-09-如下所示以下联烯在肼的存在下.md,实质答案,251,270,3,11,0,4,4,0.75,True,False
chemy,题-CM-17-10-101众所周知三价锰虽然在水.md,实质答案,473,755,9,14,0,9,9,0.56,True,False
chemy,题-CM-18-01-以仁慈与智慧之神圣名我在库法.md,实质答案,476,655,1,2,0,3,4,0.69,True,False
chemy,题-CM-18-02-低价锑化合物为键活化与催化反.md,实质答案,335,388,1,6,0,3,3,0.71,True,False
chemy,题-CM-18-03-水系有机液流电池AORFBs.md,实质答案,449,546,3,6,0,3,3,0.67,True,False
chemy,题-CM-18-04-甲基丙烯酸酯基聚合物在现代生.md,实质答案,470,579,4,9,0,3,3,0.74,True,False
chemy,题-CM-18-05-磷酸是化学中常用的三元酸被广.md,实质答案,536,686,1,2,0,4,7,0.71,True,False
chemy,题-CM-18-06-酚酞是分析化学中常见的酸碱滴.md,实质答案,500,711,2,2,0,3,3,0.55,True,False
chemy,题-CM-18-07-氮叶立德是有机化学中一类常见.md,实质答案,228,265,4,7,0,3,3,0.62,True,False
chemy,题-CM-18-08-开发出能够在单一操作中高效且.md,实质答案,324,363,6,17,0,2,2,0.8,True,False
chemy,题-CM-18-09-大环化合物Macrocycl.md,实质答案,593,773,7,17,0,6,6,0.64,True,False
chemy,题-CM-19-01-一氟化硼BF是由硼与氟元素形.md,实质答案,712,877,0,9,0,7,9,0.75,True,False
chemy,题-CM-19-02-苯与六氟代苯能形成加合物晶体.md,实质答案,436,537,1,4,0,6,5,0.74,True,False
chemy,题-CM-19-03-硅具有与碳类似但又有不同的成.md,实质答案,630,689,2,12,0,3,3,0.89,True,False
chemy,题-CM-19-04-随着居民生活水平的提高坚果作.md,实质答案,562,1809,0,13,0,6,10,0.25,True,False
chemy,题-CM-19-05-X射线衍射XRD通过使化合物.md,实质答案,1090,436,3,11,0,3,2,0.59,True,False
chemy,题-CM-19-06-61量子力学理论认为所有具有.md,实质答案,385,487,2,5,0,3,3,0.73,True,False
chemy,题-CM-19-07-电势pH图是无机化学中具有重.md,实质答案,277,306,1,2,0,4,5,0.82,True,False
chemy,题-CM-19-08-81有一种工业上由乙烯与氯气.md,实质答案,343,488,0,2,0,2,2,0.68,True,False
chemy,题-CM-19-09-91电子相对于原子核来说占据.md,实质答案,791,862,0,0,0,2,2,0.62,True,False
chemy,题-CM-20-01-11选出如下反应的主要产物1.md,实质答案,240,259,9,8,0,6,7,0.98,True,False
chemy,题-CM-20-02-21利用含磷化合物与含硼化合.md,实质答案,224,224,2,7,0,2,2,1.0,True,False
chemy,题-CM-20-03-环丁酮是有机合成中的重质中相.md,实质答案,642,677,5,12,0,4,4,0.72,True,False
chemy,题-CM-20-04-自牺牲高分子Selfimmo.md,实质答案,586,590,1,5,0,4,4,0.96,True,False
chemy,题-CM-20-05-大肠杆菌色氨酸合酶由2个亚基.md,实质答案,404,411,7,9,0,3,3,0.85,True,False
chemy,题-CM-20-06-在卤代烃的亲核取代反应中反应.md,实质答案,528,727,5,5,0,3,3,0.67,True,False
chemy,题-CM-20-07-71画出如下反应产物A的结构.md,实质答案,321,323,6,13,0,5,5,0.95,True,False
chemy,题-CM-20-08-第36届中国化学奥林匹克竞赛.md,实质答案,667,753,12,18,0,6,7,0.81,True,False
chemy,题-CM-21-01-11化学式为的配合物也被称为.md,实质答案,610,858,3,3,0,0,0,0.63,True,False
chemy,题-CM-21-02-花色素苷Anthocyani.md,实质答案,664,867,2,5,0,0,0,0.72,True,False
chemy,题-CM-21-03-312026年德国萨尔大学的.md,实质答案,420,528,3,6,0,0,0,0.71,True,False
chemy,题-CM-21-04-高熵材料指混合多种金属元素的.md,实质答案,711,931,1,0,0,0,0,0.68,True,False
chemy,题-CM-21-05-作为一种温室气体的大量排放将.md,实质答案,765,972,5,3,0,0,1,0.71,True,False
chemy,题-CM-21-06-有课题组通过以下反应合成了笼.md,实质答案,566,915,4,6,0,0,0,0.54,True,False
chemy,题-CM-21-07-Corey课题组开发了以下酰.md,实质答案,222,327,6,13,0,0,0,0.58,True,False
chemy,题-CM-21-08-氮杂环庚烷azepanes是.md,实质答案,940,1264,17,24,0,0,0,0.67,True,False
chemy,题-CM-22-01-氧化钢锡ITO是一种广泛应用.md,实质答案,605,825,2,3,0,5,3,0.61,True,False
chemy,题-CM-22-02-氟化物A可以和硫单质反应生成.md,实质答案,798,911,0,3,0,2,2,0.8,True,False
chemy,题-CM-22-03-受阻Lewis酸碱对FLPs.md,实质答案,505,580,2,5,0,2,2,0.72,True,False
chemy,题-CM-22-04-2010年美国西北大学的JF.md,实质答案,1087,1332,3,7,0,4,3,0.68,True,False
chemy,题-CM-22-05-苯酚是化工中常用的有机底物之.md,实质答案,928,1074,1,3,0,6,6,0.78,True,False
chemy,题-CM-22-06-哈珀博世法是目前各个国家合成.md,实质答案,1117,1375,3,6,0,4,5,0.72,True,False
chemy,题-CM-22-07-Phenytoin苯妥英是一.md,实质答案,989,1106,1,3,0,10,9,0.8,True,False
chemy,题-CM-22-08-811873年Wallach.md,实质答案,181,200,3,7,0,4,4,0.59,True,False
chemy,题-CM-22-09-氟原子在天然产物中极为罕见但.md,实质答案,786,905,5,12,0,5,5,0.77,True,False
chemy,题-CM-41-01-测定氨基酸含量时可以采用酸碱.md,实质答案,965,805,3,6,0,7,9,0.43,True,False
chemy,题-CM-41-02-21在无水氟化氢中将和按摩尔.md,实质答案,306,91,0,4,0,2,2,0.12,True,False
chemy,题-CM-41-03-硼是一种易形成多中心键和原子.md,实质答案,780,324,4,3,0,4,4,0.4,True,False
chemy,题-CM-41-04-一氧化二硫为无色气体遇冷变为.md,实质答案,296,54,0,3,0,3,1,0.44,True,False
chemy,题-CM-41-05-将配体结构如下左图与按一定的.md,实质答案,698,476,3,4,0,4,4,0.26,True,False
chemy,题-CM-41-06-有一顺磁性物质的单位体积内有.md,占位标注,292,47,1,0,0,3,0,0.0,True,False
chemy,题-CM-41-07-71石墨合成立方金刚石的物理.md,实质答案,1270,637,5,3,0,5,6,0.26,True,False
chemy,题-CM-41-08-81通过不同的反应条件可以控.md,实质答案,239,493,10,9,0,4,6,0.09,True,False
chemy,题-CM-41-09-通过以下反应得到化合物X其化.md,实质答案,104,29,3,3,0,0,2,0.0,True,False
chemy,题-CM-41-10-01对以下化合物在酸性条件下.md,实质答案,709,142,6,2,0,9,2,0.41,True,False
chemy,题-CM-42-01-DNA是对生命现象非常重要的.md,实质答案,655,240,1,10,0,0,0,0.0,True,False
chemy,题-CM-42-02-无水氟化氢HF是无机化学中常.md,实质答案,542,166,1,3,0,0,1,0.03,True,False
chemy,题-CM-42-03-31臭氧是角形分子电偶极矩为.md,实质答案,262,150,1,2,0,3,0,0.1,True,False
chemy,题-CM-42-04-41在离子Mn3CO14中3.md,实质答案,480,214,1,6,0,0,0,0.05,True,False
chemy,题-CM-42-05-51工业制氧在目前深冷分离法.md,实质答案,600,307,0,0,0,0,0,0.2,True,False
chemy,题-CM-42-06-铁氮化物因具有良好的磁学性质.md,实质答案,1196,557,2,1,0,0,0,0.66,True,False
chemy,题-CM-42-07-莫比乌斯环是一种具有代表性的.md,实质答案,635,227,4,11,0,0,0,0.5,True,False
chemy,题-CM-42-08-同芳香性指环状化合物中至少一.md,实质答案,1035,124,13,7,0,2,0,0.0,True,False
一式,题-YS-01-01-A是一种由三种主族元素构成的.md,实质答案,430,652,0,2,0,3,3,0.6,True,False
一式,题-YS-01-02-1985年还是博士生的Ron.md,实质答案,635,730,2,2,0,3,3,0.72,True,False
一式,题-YS-01-03-碳因其在和杂化下形成长链的能.md,实质答案,585,718,0,1,0,5,7,0.6,True,False
一式,题-YS-01-04-在固体化学中同源系列是指一类.md,实质答案,557,622,1,2,0,6,5,0.69,True,False
一式,题-YS-01-05-高氧化态的过渡金属亚烷基配合.md,实质答案,725,850,5,6,0,2,2,0.64,True,False
一式,题-YS-01-06-61四苯基锡是制备多种锡基有.md,实质答案,583,588,1,1,0,2,3,0.78,True,False
一式,题-YS-01-07-71预测在环己13二烯中的C.md,实质答案,334,412,13,11,0,7,8,0.46,True,False
一式,题-YS-01-08-利用有机硼与底物的发生配位后.md,实质答案,451,527,6,12,0,4,4,0.56,True,False
一式,题-YS-01-09-块在高温情况下可以表现出不寻.md,实质答案,325,344,9,21,0,4,4,0.64,True,False
一式,题-YS-02-01-周易参同契中记载了如下有关金.md,实质答案,283,300,0,0,0,4,4,0.8,True,False
一式,题-YS-02-02-含磷小分子是构建复杂有机磷化.md,实质答案,474,512,2,6,0,3,3,0.77,True,False
一式,题-YS-02-03-锂离子电池已成为移动能源市场.md,实质答案,390,443,1,2,0,2,2,0.75,True,False
一式,题-YS-02-04-碳化物因碳的电负性适中而表现.md,实质答案,492,602,1,1,0,6,6,0.58,True,False
一式,题-YS-02-05-传统药物大多通过抑制酶或受体.md,实质答案,722,887,1,6,0,6,6,0.69,True,False
一式,题-YS-02-06-双键是一种常见的结构由于其具.md,实质答案,280,514,4,18,0,3,7,0.41,True,False
一式,题-YS-02-07-71下列所示的原酸酯在酸性条.md,实质答案,271,183,8,5,0,7,3,0.43,True,False
一式,题-YS-02-08-叔膦催化的反应一直是竞赛考察.md,实质答案,223,171,3,6,0,3,3,0.73,True,False
一式,题-YS-02-09-通过一些方法构筑高张力的中间.md,实质答案,448,465,6,19,0,4,4,0.82,True,False
一式,题-YS-03-01-浊沸石Laumontite是.md,实质答案,711,768,0,2,0,5,6,0.83,True,False
一式,题-YS-03-02-元素X具有多种同素异形体能形.md,实质答案,470,2161,0,16,0,4,12,0.19,True,False
一式,题-YS-03-03-主族元素E的氧化物与碱金属M.md,实质答案,521,517,3,2,0,6,7,0.33,True,False
一式,题-YS-03-04-智能材料是一类能感应环境变化.md,实质答案,908,788,5,7,0,2,3,0.56,True,False
一式,题-YS-03-05-杂化铅卤化物材料因其优异的光.md,实质答案,635,850,1,5,0,3,3,0.56,True,False
一式,题-YS-03-06-61选出下列两组化合物中酸性.md,实质答案,193,255,9,10,0,6,6,0.4,True,False
一式,题-YS-03-07-肼是一种无色油状液体具有强烈.md,实质答案,215,255,4,9,0,2,2,0.68,True,False
一式,题-YS-03-08-如题无庸赘述考虑如下反应81.md,实质答案,201,274,3,4,0,3,3,0.53,True,False
一式,题-YS-04-01-在古代波斯有一位炼金术士得到.md,实质答案,268,311,0,0,0,3,5,0.72,True,False
一式,题-YS-04-02-对叔丁基杯8芳烃能选择性地与.md,实质答案,556,720,2,8,0,6,6,0.58,True,False
一式,题-YS-04-03-过渡金属M具有23及4等多种.md,实质答案,263,281,0,2,0,4,4,0.82,True,False
一式,题-YS-04-04-中红外波段220nm激光在远.md,实质答案,657,797,1,4,0,6,6,0.68,True,False
一式,题-YS-04-05-分子镊子是一类化合物它们能够.md,实质答案,551,760,2,8,0,4,5,0.66,True,False
一式,题-YS-04-06-二茂铁的发现确立了以环戊烯为.md,实质答案,683,653,0,7,0,2,3,0.77,True,False
一式,题-YS-04-07-71选出下列两组还原反应的主.md,实质答案,149,172,12,10,0,7,7,0.42,True,False
一式,题-YS-04-08-20世纪50年代末Brook.md,实质答案,367,427,5,5,0,5,6,0.67,True,False
一式,题-YS-04-09-高价碘试剂是一类环境友好低成.md,实质答案,367,397,8,14,0,4,4,0.64,True,False
一式,题-YS-05-01-与碳不同锗容易形成稳定的低价.md,实质答案,451,483,1,7,0,3,3,0.77,True,False
一式,题-YS-05-02-渗透方法可以用来研究小分子物.md,实质答案,261,336,0,0,0,3,3,0.65,True,False
一式,题-YS-05-03-在第37届中国化学奥林匹克竞.md,实质答案,436,536,0,0,0,2,5,0.72,True,False
一式,题-YS-05-04-某种二元卤化物晶体沿不同方向.md,实质答案,212,319,2,3,0,5,5,0.37,True,False
一式,题-YS-05-05-水乃生命之源降雨则是大自然调.md,实质答案,798,930,3,0,0,3,5,0.77,True,False
一式,题-YS-05-06-二硫烯dithiolene是.md,实质答案,561,581,1,9,0,4,4,0.67,True,False
一式,题-YS-05-07-71定义下列羰基取代氮原子置.md,实质答案,156,361,16,19,0,5,9,0.28,True,False
一式,题-YS-05-08-在第36届中国化学原料匹克初.md,实质答案,126,59,6,5,0,3,2,0.0,True,False
一式,题-YS-05-09-91传统的头尾环化策略在构建.md,实质答案,532,581,8,10,0,6,6,0.77,True,False
一式,题-YS-06-01-1886年Winkler在德.md,实质答案,160,199,0,0,0,3,3,0.61,True,False
一式,题-YS-06-02-化学式形如的晶体实际蕴含多种.md,实质答案,185,200,0,5,0,3,3,0.74,True,False
一式,题-YS-06-03-2025年研究者开发了一种铜.md,实质答案,351,441,1,4,0,3,3,0.55,True,False
一式,题-YS-06-04-理解肌肉中能量产生的调控因素.md,实质答案,589,701,0,0,0,4,4,0.77,True,False
一式,题-YS-06-05-羟胺在核燃料后处理中作为还原.md,实质答案,677,689,0,5,0,5,5,0.57,True,False
一式,题-YS-06-06-对叔丁基杯8芳烃实验原理富勒.md,实质答案,525,621,11,8,0,6,6,0.59,True,False
一式,题-YS-06-07-71考虑如下的关于烯烃的亲电.md,实质答案,231,290,18,19,0,8,8,0.37,True,False
一式,题-YS-06-08-骨架编辑是分子框架内删除插入.md,实质答案,246,248,4,12,0,2,2,0.75,True,False
一式,题-YS-06-09-亚砜有着十分有趣的结构常画出.md,实质答案,473,425,12,11,0,4,4,0.76,True,False
一式,题-YS-07-01-金属M常用于有机反应在氯气中.md,实质答案,339,395,2,8,0,3,3,0.63,True,False
一式,题-YS-07-02-汞很早就被人类认识并使用汉语.md,实质答案,460,548,0,1,0,3,3,0.72,True,False
一式,题-YS-07-03-稀土元素相似的化学性质使得人.md,实质答案,261,346,0,2,0,1,2,0.62,True,False
一式,题-YS-07-04-金属硫化物是一类经典的光催化.md,实质答案,304,401,2,3,0,6,6,0.56,True,False
一式,题-YS-07-05-合成第4题中的ZIS通常使用.md,实质答案,212,218,0,2,0,3,2,0.67,True,False
一式,题-YS-07-06-ZIS的光催化与PPol的裂.md,实质答案,834,836,3,8,0,7,6,0.77,True,False
一式,题-YS-07-07-以下反应可制备具有自由基机械.md,实质答案,395,436,2,4,0,4,5,0.7,True,False
一式,题-YS-07-08-81选出下列分子中具有旋光性.md,实质答案,147,169,16,11,0,6,6,0.38,True,False
一式,题-YS-07-09-芳炔是一类非常重要的合成中间.md,实质答案,369,395,3,8,0,3,3,0.73,True,False
一式,题-YS-07-10-芳基硝酮是一类有效用作喹啉合.md,实质答案,228,36,4,6,0,4,1,0.5,True,False
一式,题-YS-08-01-X和Y主要来源是铜电解精炼过.md,实质答案,244,321,0,1,0,4,4,0.63,True,False
一式,题-YS-08-02-M的低价配合物有着丰富的反应.md,实质答案,625,780,4,11,0,4,4,0.57,True,False
一式,题-YS-08-03-索伦石是1961年在我国内蒙.md,实质答案,367,442,2,3,0,4,4,0.69,True,False
一式,题-YS-08-04-氢负离子转移是化学合成与催化.md,实质答案,479,682,0,2,0,7,7,0.59,True,False
一式,题-YS-08-05-传统的能量化合物如RDXHM.md,实质答案,1253,1448,5,9,0,9,9,0.69,True,False
一式,题-YS-08-06-61如下是一些常见的有机还原.md,实质答案,207,237,12,10,0,7,6,0.37,True,False
一式,题-YS-08-07-71选出如下关于下列反应以及.md,实质答案,290,298,4,6,0,3,3,0.9,True,False
一式,题-YS-08-08-由于在形成两个新化学键的同时.md,实质答案,546,581,3,15,0,3,3,0.81,True,False
一式,题-YS-10-01-国画并非仅仅黑白而是具有丰富.md,实质答案,630,716,0,2,0,5,6,0.61,True,False
一式,题-YS-10-02-近年来研究者发展了一种可在室.md,实质答案,359,422,2,4,0,3,3,0.66,True,False
一式,题-YS-10-03-甲醇重整制氢气是现代能源产业.md,实质答案,382,508,1,0,0,2,6,0.62,True,False
一式,题-YS-10-04-某些无固定结构蛋白可以形成富.md,实质答案,278,430,0,3,0,3,13,0.49,True,False
一式,题-YS-10-05-钾碘氧三种元素能形成丰富的化.md,实质答案,275,368,3,4,0,2,2,0.61,True,False
一式,题-YS-10-06-在有机合成中薄层色谱与柱层析.md,实质答案,1619,2073,5,5,0,3,3,0.67,True,False
一式,题-YS-10-07-71对酯类化合物结构反应性的.md,实质答案,174,112,14,10,0,4,2,0.76,True,False
一式,题-YS-10-08-13二硫烷通常在有机合成中作.md,实质答案,421,376,6,10,0,2,2,0.81,True,False
一式,题-YS-10-09-91传统醚键切断的条件往往不.md,实质答案,396,396,6,14,0,4,4,0.78,True,False
伽马,题-GM-01-01-11设将直链共轭多烯烃分子中.md,占位标注,325,47,6,0,0,3,0,0.0,True,False
伽马,题-GM-01-01-1neatSMe2170I5.md,占位标注,31,60,1,0,0,0,1,0.0,True,False
伽马,题-GM-01-01-小杂环化合物的制备结构键合化.md,实质答案,287,328,0,2,0,0,0,0.78,True,False
伽马,题-GM-01-01-指认物质是实验化学家百年以来.md,实质答案,519,533,0,5,0,0,0,0.83,True,False
伽马,题-GM-01-01-题.md,占位标注,15,35,1,0,0,0,0,0.0,True,False
伽马,题-GM-01-02-21从离子开始已知碳原子的第.md,实质答案,897,1103,7,8,0,0,1,0.74,True,False
伽马,题-GM-01-02-X与某元素的二元化合物只能通.md,占位标注,458,47,10,0,0,5,0,0.0,True,False
伽马,题-GM-01-02-实验人员将和过量NaOH溶液.md,实质答案,325,507,0,0,0,0,0,0.55,True,False
伽马,题-GM-01-02-题.md,占位标注,16,44,1,0,0,0,0,0.0,True,False
伽马,题-GM-01-03-Pummerer重排是用乙酸.md,实质答案,758,369,4,15,0,4,4,0.36,True,False
伽马,题-GM-01-03-某四方晶体的正当晶胞结构如图.md,实质答案,180,283,1,3,0,0,0,0.47,True,False
伽马,题-GM-01-03-核酸和蛋白质等生物大分子在水.md,实质答案,624,770,2,3,0,0,0,0.75,True,False
伽马,题-GM-01-03-非常无聊的一道题基本就是看图.md,占位标注,528,61,12,0,0,3,0,0.0,True,False
伽马,题-GM-01-04-化合物X是元素M的盐化学式为.md,实质答案,367,391,0,1,0,1,1,0.84,True,False
伽马,题-GM-01-04-这题几乎没救了右图是一个二元.md,实质答案,199,144,9,2,0,4,4,0.04,True,False
伽马,题-GM-01-04-镨Pr和钕Nd是一对较难分离.md,实质答案,519,698,0,0,0,0,0,0.68,True,False
伽马,题-GM-01-04-长期以来有机硫化合物在合成中.md,实质答案,693,267,15,4,0,4,2,0.52,True,False
伽马,题-GM-01-05-加州大学的研究人员制备了含Z.md,实质答案,468,698,0,3,0,0,0,0.59,True,False
伽马,题-GM-01-05-我们用NN二乙基14苯二胺D.md,占位标注,837,47,3,0,0,5,0,0.0,True,False
伽马,题-GM-01-05-许多SbIII配合物被发现有.md,实质答案,365,378,2,5,0,0,0,0.78,True,False
伽马,题-GM-01-06-1921年Staudinge.md,实质答案,673,811,4,4,0,0,0,0.73,True,False
伽马,题-GM-01-06-某最简式为的晶体属立方晶系a.md,实质答案,211,266,0,0,0,0,0,0.62,True,False
伽马,题-GM-01-06-纳米尺度的定向运动是生命的核.md,实质答案,863,120,3,7,0,2,2,0.09,True,False
伽马,题-GM-01-07-71有一系列卤代烷烃当时的转.md,实质答案,347,40,15,1,0,0,0,0.0,True,False
伽马,题-GM-01-07-71选出以下在水中的溶解性最.md,实质答案,79,93,8,7,0,0,0,0.41,True,False
伽马,题-GM-01-08-81周环反应811有以下转化.md,实质答案,296,393,8,15,0,0,0,0.61,True,False
伽马,题-GM-01-08-以下为天然产物Guignar.md,实质答案,336,496,5,19,0,0,0,0.56,True,False
伽马,题-GM-01-09-91Edman降解瑞典化学家.md,实质答案,343,460,3,11,0,0,0,0.63,True,False
伽马,题-GM-01-09-MeyerSchuster重.md,实质答案,301,167,5,14,0,4,5,0.44,True,False
伽马,题-GM-01-09-研究人员报道了以下转化在保护.md,实质答案,149,148,1,4,0,0,0,0.75,True,False
伽马,题-GM-01-11-在室温以及碱存在下以下两化合.md,占位标注,605,35,7,0,0,2,0,0.0,True,False
伽马,题-GM-02-01-作为主要的温室气体备受关注特.md,实质答案,1310,1530,2,4,0,0,2,0.78,True,False
伽马,题-GM-02-01-多肽材料是一种多功能智能产品.md,实质答案,263,315,2,7,0,5,5,0.71,True,False
伽马,题-GM-02-02-乙酸丁酯是一种重要的有机溶剂.md,实质答案,840,899,1,1,0,0,0,0.86,True,False
伽马,题-GM-02-02-由于存在电子缺陷正价卤素离子.md,实质答案,238,256,6,8,0,5,5,0.78,True,False
伽马,题-GM-02-03-一些含亚铜与卤素的盐由于其磁.md,实质答案,235,253,0,2,0,0,0,0.84,True,False
伽马,题-GM-02-03-元素A其单质是灰黑色的脆性晶.md,实质答案,380,391,2,10,0,3,3,0.84,True,False
伽马,题-GM-02-04-411写出A的化学式412将.md,实质答案,206,181,3,2,0,3,3,0.77,True,False
伽马,题-GM-02-04-高分子材料的大规模使用带来了.md,实质答案,459,605,2,5,0,0,0,0.68,True,False
伽马,题-GM-02-05-51用还原反应的历程如下所示.md,实质答案,181,200,1,0,0,2,3,0.64,True,False
伽马,题-GM-02-05-某二元化合物最初的作用是作为.md,实质答案,354,460,2,4,0,0,0,0.63,True,False
伽马,题-GM-02-06-诸如等小分子是普遍存在的稳定.md,实质答案,398,474,9,15,0,8,8,0.72,True,False
伽马,题-GM-02-06-金属M为第VIII族元素研究.md,实质答案,494,650,2,4,0,0,0,0.66,True,False
伽马,题-GM-02-07-71分别选出以下两组化合物中.md,实质答案,227,507,7,10,0,0,0,0.29,True,False
伽马,题-GM-02-07-若将忽略气体分子的内部结构将.md,实质答案,199,197,0,0,0,4,4,0.82,True,False
伽马,题-GM-02-08-81如下化合物中哪个为主要构.md,实质答案,355,397,4,8,0,5,5,0.68,True,False
伽马,题-GM-02-08-生物碱Acutumine最初.md,实质答案,159,232,3,6,0,0,0,0.53,True,False
伽马,题-GM-02-09-91画出环丙烯酮的所有共振式.md,实质答案,245,288,5,9,0,0,0,0.73,True,False
伽马,题-GM-02-09-自古以来自然界就一直在合成复.md,实质答案,270,327,8,26,0,4,4,0.64,True,False
伽马,题-GM-02-10-Petasis反应是一种高效.md,实质答案,86,79,6,10,0,3,3,0.21,True,False
伽马,题-GM-03-01-11过氧化氢是一种常见的氧化.md,实质答案,320,26,4,3,0,4,4,0.0,True,False
伽马,题-GM-03-01-可持续高分子材料具有可回收可.md,实质答案,374,453,2,4,0,3,3,0.76,True,False
伽马,题-GM-03-02-21CoII配合物一NN二水.md,实质答案,679,99,2,1,0,7,5,0.0,True,False
伽马,题-GM-03-02-沸石是人类最重要的微孔材料之.md,实质答案,343,428,3,3,0,5,5,0.69,True,False
伽马,题-GM-03-03-A为一种银白色金属质地较软在.md,实质答案,298,321,0,2,0,2,2,0.86,True,False
伽马,题-GM-03-03-在晶体场理论中中心金属离子与.md,实质答案,365,192,2,2,0,6,6,0.0,True,False
伽马,题-GM-03-04-水杨酸邻羟基苯甲酸是一种常见.md,实质答案,259,160,0,2,0,3,3,0.0,True,False
伽马,题-GM-03-04-金属卡拜是指具有作为配体的配.md,实质答案,249,237,3,10,0,2,2,0.89,True,False
伽马,题-GM-03-05-mathrmCuImathr.md,实质答案,179,250,0,0,0,0,0,0.63,True,False
伽马,题-GM-03-05-一氧化碳是汽车造成的最严重的.md,实质答案,518,111,0,0,0,4,4,0.0,True,False
伽马,题-GM-03-06-246三硝基甲苯TNT是一种.md,实质答案,302,314,0,1,0,4,4,0.87,True,False
伽马,题-GM-03-06-在超分子化学中氢键可用来引导.md,实质答案,263,3,3,3,0,2,2,0.0,True,False
伽马,题-GM-03-07-按要求回答下列问题71戊二酸.md,实质答案,317,586,10,31,0,7,11,0.44,True,False
伽马,题-GM-03-07-由于N元素具有多种价态铵盐的.md,实质答案,213,53,0,0,0,2,3,0.0,True,False
伽马,题-GM-03-08-在如下所示的两个反应中体系中.md,实质答案,130,103,2,13,0,4,3,0.21,True,False
伽马,题-GM-03-08-硅效应是有机化学中常见的取代.md,实质答案,173,51,2,4,0,3,3,0.0,True,False
伽马,题-GM-03-09-91重氮化合物具有丰富的反应.md,实质答案,293,25,5,6,0,3,3,0.0,True,False
伽马,题-GM-03-09-一定条件下可以与化合物的醛基.md,实质答案,169,110,3,14,0,6,4,0.95,True,False
伽马,题-GM-03-10-101以下是天然产物epot.md,实质答案,84,83,1,8,0,3,3,0.0,True,False
伽马,题-GM-04-01-11菽园杂记记载了如下制取铅.md,实质答案,509,657,0,0,0,3,3,0.68,True,False
伽马,题-GM-04-01-短周期元素ABC和D两两之间.md,实质答案,557,778,0,1,0,0,0,0.62,True,False
伽马,题-GM-04-02-21从表面因素分析为什么诸如.md,实质答案,423,554,0,0,0,3,3,0.71,True,False
伽马,题-GM-04-02-已知酰胺A可形成分子内氢键可.md,实质答案,193,1227,1,3,0,0,0,0.13,True,False
伽马,题-GM-04-03-31几种分类311热塑性塑料.md,实质答案,860,1129,0,2,0,8,8,0.63,True,False
伽马,题-GM-04-03-X射线衍射XRD是研究晶体结.md,实质答案,760,250,1,1,0,0,0,0.04,True,False
伽马,题-GM-04-04-41当你迅速吹起一个天然橡胶.md,实质答案,511,972,1,5,0,5,5,0.45,True,False
伽马,题-GM-04-04-蜘蛛丝是自然界中性能最卓越的.md,实质答案,893,1168,3,3,0,2,2,0.73,True,False
伽马,题-GM-04-05-最近中国科学院物理研究所北京.md,实质答案,208,260,1,0,0,4,4,0.65,True,False
伽马,题-GM-04-05-长余辉现象最早出现在无机材料.md,实质答案,835,781,4,5,0,0,0,0.84,True,False
伽马,题-GM-04-06-61制备饱和碘酸铜溶液的方式.md,实质答案,305,393,0,0,0,5,5,0.65,True,False
伽马,题-GM-04-06-早在19世纪人们发现了一些分.md,实质答案,770,871,7,10,0,0,0,0.8,True,False
伽马,题-GM-04-07-71最近研究者制备出了含BB.md,实质答案,264,259,3,8,0,4,5,0.9,True,False
伽马,题-GM-04-07-71比较下列物质在NaI丙酮.md,实质答案,298,552,24,25,0,0,0,0.36,True,False
伽马,题-GM-04-08-81直接判断下列结构的稳定性.md,实质答案,176,252,7,11,0,5,6,0.47,True,False
伽马,题-GM-04-08-利用以下反应可以构建五元环酮.md,实质答案,168,204,4,8,0,0,0,0.51,True,False
伽马,题-GM-04-09-91已知三苯甲基钠的固体和乙.md,实质答案,350,470,4,10,0,4,4,0.6,True,False
伽马,题-GM-04-09-RC策略RelayCatal.md,实质答案,370,403,3,10,0,0,0,0.78,True,False
伽马,题-GM-04-10-101Norrishtype.md,实质答案,377,409,6,18,0,5,5,0.79,True,False
伽马,题-GM-05-01-11设将直链共轭多烯烃分子中.md,实质答案,256,327,1,1,0,2,3,0.69,True,False
伽马,题-GM-05-01-铁是地壳中第四个丰度最大的元.md,实质答案,529,122,2,4,0,7,7,0.0,True,False
伽马,题-GM-05-02-X与某元素的二元化合物只能通.md,实质答案,346,407,0,0,0,5,5,0.72,True,False
伽马,题-GM-05-02-无机固体材料在我们生活当中非.md,实质答案,429,127,1,0,0,3,3,0.0,True,False
伽马,题-GM-05-03-对叔丁基杯芳烃是一类常见的具.md,实质答案,550,108,2,1,0,6,5,0.0,True,False
伽马,题-GM-05-03-高反应性物质的稳定化和分离长.md,实质答案,374,442,2,7,0,3,3,0.7,True,False
伽马,题-GM-05-04-Te的卤化物有着非常丰富的结.md,实质答案,306,4,0,0,0,2,1,0.0,True,False
伽马,题-GM-05-04-右图是一个二元化合物的晶体结.md,实质答案,180,299,1,2,0,4,4,0.45,True,False
伽马,题-GM-05-05-可以用离子选择电极监测乳品厂.md,实质答案,433,117,1,0,0,4,4,0.0,True,False
伽马,题-GM-05-05-在为条件下游离氯与DPD生成.md,实质答案,876,872,0,1,0,6,6,0.8,True,False
伽马,题-GM-05-06-61比较下列化合物的碱性AB.md,实质答案,162,53,13,2,0,5,4,0.0,True,False
伽马,题-GM-05-06-纳米尺度的定向运动是生命的核.md,实质答案,843,931,6,7,0,2,2,0.87,True,False
伽马,题-GM-05-07-71判断以下化合物是否具有芳.md,实质答案,68,102,7,8,0,3,3,0.42,True,False
伽马,题-GM-05-07-金元素由于其具有独特的催化活.md,实质答案,254,68,5,4,0,2,2,0.0,True,False
伽马,题-GM-05-08-81苯炔是将苯环的两个领位取.md,实质答案,129,48,3,1,0,3,3,0.0,True,False
伽马,题-GM-05-08-DEADPPh得到的中间体一.md,实质答案,210,241,2,10,0,3,3,0.74,True,False
伽马,题-GM-05-09-酶多年来一直被用于进行不对称.md,实质答案,669,789,5,13,0,4,4,0.78,True,False
伽马,题-GM-06-01-11卤素是一种生活中常见的元.md,实质答案,413,150,2,1,0,3,4,0.0,True,False
伽马,题-GM-06-01-对于RichardTurne.md,实质答案,806,840,0,0,0,4,4,0.93,True,False
伽马,题-GM-06-02-21卡宾是具有六个价电子的二.md,实质答案,492,19,6,6,0,6,6,0.0,True,False
伽马,题-GM-06-02-十10分下列反应并未得到预期.md,占位标注,69,35,1,0,0,0,0,0.0,True,False
伽马,题-GM-06-02-有机电致发光OLED是指有机.md,实质答案,720,783,2,4,0,4,4,0.86,True,False
伽马,题-GM-06-03-31对于第三周期的过渡金属而.md,实质答案,309,381,0,0,0,4,4,0.0,True,False
伽马,题-GM-06-03-聚酯高分子力学与化学稳定性好.md,实质答案,288,305,2,8,0,2,2,0.82,True,False
伽马,题-GM-06-04-1935年KarlFishe.md,实质答案,733,807,1,2,0,6,6,0.74,True,False
伽马,题-GM-06-04-金属纳米团簇是由几个至几百个.md,实质答案,372,275,0,0,0,4,4,0.0,True,False
伽马,题-GM-06-05-分子的发光有多种机理其中以d.md,实质答案,404,47,0,7,0,3,3,0.0,True,False
伽马,题-GM-06-05-近日中国科学家报道了在嫦娥六.md,实质答案,299,343,4,4,0,2,2,0.75,True,False
伽马,题-GM-06-05-黄原酸酯的反应1899年俄国.md,占位标注,248,59,6,0,0,4,0,0.0,True,False
伽马,题-GM-06-06-反应机理的研究是催化反应中非.md,实质答案,368,63,0,0,0,2,2,0.0,True,False
伽马,题-GM-06-06-苯甲酸重排苯甲酸重排Benz.md,占位标注,234,35,3,0,0,5,0,0.0,True,False
伽马,题-GM-06-06-随着可充电锂金属电池尤其是锂.md,实质答案,820,891,2,5,0,4,4,0.8,True,False
伽马,题-GM-06-07-71将的碱性由强到弱排序72.md,占位标注,57,59,1,0,0,3,0,0.0,True,False
伽马,题-GM-06-07-靛蓝Indigo最早于400.md,实质答案,957,1018,3,13,0,4,4,0.86,True,False
伽马,题-GM-06-07-高分子材料在生活中非常常见合.md,实质答案,502,192,3,5,0,5,5,0.0,True,False
伽马,题-GM-06-08-1993年ClaudeAga.md,占位标注,158,35,2,0,0,3,0,0.0,True,False
伽马,题-GM-06-08-81Cope消除是有机化学中.md,实质答案,233,38,8,6,0,3,3,0.0,True,False
伽马,题-GM-06-08-一种硼介导的重排反应可以实现.md,实质答案,299,362,11,20,0,4,4,0.59,True,False
伽马,题-GM-06-09-91锂卤交换是有机化学中常用.md,实质答案,137,24,3,5,0,3,3,0.0,True,False
伽马,题-GM-06-09-Mannich反应是有机化学.md,实质答案,450,383,6,13,0,3,3,0.56,True,False
伽马,题-GM-06-09-高价碘试剂作为一种高效温和的.md,占位标注,162,43,4,0,0,2,0,0.0,True,False
伽马,题-GM-06-10-二萜天然产物crinipel.md,实质答案,163,10,2,2,0,4,3,0.0,True,False
伽马,题-GM-07-01-11对于一维势阱模型其能级能.md,实质答案,353,206,3,0,0,3,6,0.0,True,False
伽马,题-GM-07-02-21氮元素在自然界中主要以双.md,实质答案,452,120,1,3,0,4,4,0.0,True,False
伽马,题-GM-07-03-311Ti在强酸性水溶液中的.md,实质答案,331,38,0,4,0,5,5,0.0,True,False
伽马,题-GM-07-04-检出限量是痕量元素分析的基本.md,实质答案,513,47,0,1,0,2,2,0.0,True,False
伽马,题-GM-07-05-量子点QD是一种重要的低维半.md,实质答案,246,69,0,0,0,2,2,0.0,True,False
伽马,题-GM-07-06-61醋酸亚铬二水合物是一种抗.md,实质答案,685,27,2,2,0,2,2,0.0,True,False
伽马,题-GM-07-07-芳香性是有机化学中最重要的概.md,实质答案,336,67,4,2,0,4,4,0.0,True,False
伽马,题-GM-07-08-有机电化学合成最早可追溯至1.md,实质答案,367,107,3,2,0,3,3,0.0,True,False
伽马,题-GM-07-09-91Pd催化是有机化学中常用.md,实质答案,277,85,4,3,0,4,4,0.0,True,False
伽马,题-GM-07-10-以下是生物碱环巴胺的部分全合.md,实质答案,100,21,2,2,0,3,3,0.0,True,False
伽马,题-GM-08-01-11卡宾具有两种形态在光谱学.md,占位标注,253,59,2,0,0,3,0,0.0,True,False
伽马,题-GM-08-02-COF材料即共价有机框架Co.md,占位标注,506,64,1,0,0,3,0,0.0,True,False
伽马,题-GM-08-03-31作为金属配合物和纳米颗粒.md,占位标注,674,64,0,0,0,2,0,0.0,True,False
伽马,题-GM-08-04-最近来自日本的研究人员报道了.md,占位标注,346,48,2,0,0,3,0,0.0,True,False
伽马,题-GM-08-05-本题涉及的化合物均由MN和氧.md,占位标注,273,35,1,0,0,4,0,0.0,True,False
伽马,题-GM-08-06-苯酚在四氮化碳溶液中溶解时分.md,占位标注,471,64,0,0,0,4,0,0.0,True,False
伽马,题-GM-08-07-含磷有机化合物具有独特的化学.md,占位标注,477,64,6,0,0,5,0,0.0,True,False
伽马,题-GM-08-08-硼是有机化学中新兴的热点硼具.md,占位标注,218,64,2,0,0,3,0,0.0,True,False
伽马,题-GM-08-09-全合成TotalSynthe.md,占位标注,472,35,3,0,0,4,0,0.0,True,False
伽马,题-GM-09-01-二氧化碳是造成温室效应的主要.md,占位标注,1390,50,3,0,0,11,0,0.0,True,False
伽马,题-GM-09-01-维生素C用途非常广泛可作营养.md,实质答案,676,752,6,7,0,3,3,0.85,True,False
伽马,题-GM-09-02-本题是一道非常中规中矩考查酸.md,占位标注,977,35,0,0,0,4,0,0.0,True,False
伽马,题-GM-09-02-硫醇胺溶剂混合物已广泛应用于.md,实质答案,489,665,0,6,0,5,6,0.59,True,False
伽马,题-GM-09-03-21反应1反应2或反应3或2.md,占位标注,49,35,0,0,0,2,0,0.0,True,False
伽马,题-GM-09-03-铜是人类最早使用的金属之一其.md,实质答案,340,340,3,6,0,3,3,0.85,True,False
伽马,题-GM-09-04-Si元素具有丰富的化学性质关.md,实质答案,304,318,3,11,0,3,2,0.74,True,False
伽马,题-GM-09-05-51亚硝酸盐的分解511气相.md,实质答案,174,539,3,9,0,4,8,0.25,True,False
伽马,题-GM-09-06-观察右侧晶体图并回答问题大球.md,实质答案,213,289,1,0,0,3,3,0.5,True,False
伽马,题-GM-09-07-Grubbs试剂作为一种高效.md,实质答案,251,321,4,6,0,2,2,0.75,True,False
伽马,题-GM-09-08-81近日加拿大麦吉尔大学的J.md,实质答案,302,573,1,3,0,4,4,0.42,True,False
伽马,题-GM-09-09-尽管从吡啶制备苯是一种潜在的.md,占位标注,296,320,4,9,0,2,2,0.83,True,False
伽马,题-GM-09-10-C19二萜生物碱C19DTA.md,实质答案,217,229,3,14,0,3,3,0.82,True,False
伽马,题-GM-10-01-长期以来较重的元素元素多键的.md,实质答案,254,316,3,7,0,2,2,0.65,True,False
伽马,题-GM-10-02-小明在化学竞赛实验室储存盐类.md,实质答案,321,368,0,0,0,2,2,0.81,True,False
伽马,题-GM-10-03-311与一定量的反应生成离子.md,实质答案,311,370,2,4,0,2,2,0.74,True,False
伽马,题-GM-10-04-41下面是一种配位聚合物的合.md,实质答案,382,483,4,9,0,3,3,0.66,True,False
伽马,题-GM-10-05-在过去几年中对涉及以及其衍生.md,实质答案,402,504,3,8,0,4,4,0.74,True,False
伽马,题-GM-10-06-611邻硝基苄基是一种常见的.md,实质答案,328,384,4,11,0,3,3,0.79,True,False
伽马,题-GM-10-07-711在的共同作用下发生了如.md,实质答案,273,356,4,10,0,2,2,0.66,True,False
伽马,题-GM-10-08-8112021年Richmo.md,实质答案,336,360,5,12,0,6,7,0.77,True,False
伽马,题-GM-20-01-11水解试验有时使用水解的方.md,实质答案,570,42,14,2,0,0,0,0.29,True,False
伽马,题-GM-20-02-21从离子开始已知碳原子的第.md,占位标注,1242,61,27,0,0,3,0,0.0,True,False
伽马,题-GM-20-03-31聚电解质溶液的双电层结构.md,实质答案,496,446,7,3,0,0,0,0.28,True,False
伽马,题-GM-20-04-化合物X是元素M的盐化学式为.md,占位标注,427,47,1,0,0,1,0,0.0,True,False
伽马,题-GM-20-05-许多SbIII配合物被发现有.md,实质答案,366,77,9,5,0,0,0,0.0,True,False
伽马,题-GM-20-06-某最简式为的晶体属立方晶系a.md,占位标注,362,47,12,0,0,0,0,0.0,True,False
伽马,题-GM-20-07-71有一系列卤代烷烃当XFC.md,实质答案,552,22,28,1,0,0,0,0.0,True,False
伽马,题-GM-20-08-81周环反应811有以下转化.md,实质答案,455,323,22,15,0,2,0,0.62,True,False
伽马,题-GM-20-09-91Edman降解瑞典化学家.md,实质答案,447,125,10,11,0,0,0,0.21,True,False
伽马,题-GM-21-01-11设将直链共轭多烯烃分子中.md,占位标注,141,47,1,0,0,1,0,0.0,True,False
伽马,题-GM-21-02-题.md,占位标注,518,47,3,0,0,6,0,0.0,True,False
伽马,题-GM-21-03-非常无聊的一道题基本就是看图.md,占位标注,520,61,5,0,0,3,0,0.0,True,False
伽马,题-GM-21-04-这题几乎没救了.md,实质答案,187,144,4,2,0,3,4,0.04,True,False
伽马,题-GM-21-05-511光欲发电子迁3哈哈娘6.md,实质答案,188,834,0,3,0,3,6,0.0,True,False
伽马,题-GM-21-06-纳米尺度的定向运动是生命的核.md,实质答案,869,120,5,7,0,2,2,0.09,True,False
伽马,题-GM-22-01-多肽材料是一种多功能智能产品.md,实质答案,445,25,16,2,0,5,2,0.25,True,False
伽马,题-GM-22-02-6hole由于存在电子缺陷正.md,实质答案,406,36,15,8,0,5,0,0.0,True,False
伽马,题-GM-22-03-元素A其单质是灰黑色的脆性晶.md,实质答案,463,39,5,10,0,3,1,0.17,True,False
伽马,题-GM-22-04-将和水混合后短暂搅拌并置于聚.md,实质答案,324,60,4,2,0,3,3,0.27,True,False
伽马,题-GM-22-05-51用还原反应的历程如下所示.md,占位标注,225,47,3,0,0,2,0,0.0,True,False
伽马,题-GM-22-06-诸如CO等小分子是普遍存在的.md,实质答案,473,119,8,15,0,8,1,0.09,True,False
伽马,题-GM-22-07-若将忽略气体分子的内部结构将.md,占位标注,271,47,2,0,0,4,0,0.0,True,False
伽马,题-GM-23-01-对于RichardTurne.md,占位标注,1031,47,2,0,0,7,0,0.0,True,False
伽马,题-GM-23-02-2020年中国科学家发现了一.md,实质答案,761,51,4,4,0,4,1,0.0,True,False
伽马,题-GM-23-03-聚酯高分子力学与化学稳定性好.md,实质答案,317,49,6,8,0,2,1,0.12,True,False
伽马,题-GM-23-04-1935年KarlFishe.md,实质答案,818,171,8,2,0,5,1,0.03,True,False
伽马,题-GM-23-05-近日中国科学家报道了在嫦娥六.md,实质答案,411,123,10,4,0,3,2,0.17,True,False
伽马,题-GM-23-06-注意此题的电池中的硫单质应写.md,实质答案,774,118,15,2,0,4,1,0.18,True,False
伽马,题-GM-24-01-短周期元素ABC和D两两之间.md,占位标注,851,47,14,0,0,0,0,0.0,True,False
伽马,题-GM-24-02-已知酰胺A可形成分子内氢键可.md,实质答案,277,73,6,2,0,0,0,0.38,True,False
伽马,题-GM-24-03-X射线衍射XRD是研究晶体结.md,占位标注,1088,47,7,0,0,0,0,0.0,True,False
伽马,题-GM-24-04-蜘蛛丝是自然界中性能最卓越的.md,实质答案,886,295,7,3,0,2,0,0.02,True,False
伽马,题-GM-24-05-51光致发光原理分子被光激发.md,实质答案,726,152,9,5,0,0,0,0.28,True,False
伽马,题-GM-24-06-61光敏分子611反式二苯乙.md,占位标注,710,61,16,0,0,0,0,0.0,True,False
伽马,题-GM-25-01-题源化英社3809金红石是缺.md,占位标注,224,35,3,0,0,3,0,0.0,True,False
伽马,题-GM-25-02-题源TBNChem3710R.md,占位标注,355,45,1,0,0,5,0,0.0,True,False
伽马,题-GM-25-03-题源Chemy3717立方钙.md,占位标注,474,45,3,0,0,5,0,0.0,True,False
伽马,题-GM-25-04-题源化英社3801钙钛矿是一.md,占位标注,963,35,1,0,0,4,0,0.0,True,False
伽马,题-GM-25-05-题源Chemy3819钙钛矿.md,占位标注,873,61,3,0,0,11,0,0.0,True,False
伽马,题-GM-25-06-题源COBP3504T52灼.md,占位标注,455,35,2,0,0,3,0,0.0,True,False
伽马,题-GM-25-07-题源COBP3505俗称刚玉.md,占位标注,716,35,0,0,0,5,0,0.0,True,False
伽马,题-GM-25-08-题源2024年清北营暑假班试.md,占位标注,431,45,3,0,0,2,0,0.0,True,False
伽马,题-GM-25-09-题源2018年清北营暑假班明.md,占位标注,220,45,3,0,0,4,0,0.0,True,False
伽马,题-GM-25-10-的晶体结构与一种常见的晶体结.md,占位标注,825,45,3,0,0,8,0,0.0,True,False
化英社,题-HYS-01-01-11在DielsAlder反.md,占位标注,275,61,33,0,0,5,0,0.0,True,False
化英社,题-HYS-01-01-11型含氧酸盐A由四种元素组.md,实质答案,430,457,0,1,0,2,2,0.83,True,False
化英社,题-HYS-01-01-化合物A的化学式为XYZ其中.md,实质答案,447,436,1,2,0,5,4,0.72,True,False
化英社,题-HYS-01-01-含元素M的药物早在1901年.md,实质答案,1298,177,1,5,0,5,3,0.0,True,False
化英社,题-HYS-01-01-本题可能用到氨基酸相关的缩写.md,实质答案,618,257,3,19,0,3,0,0.0,True,False
化英社,题-HYS-01-01-某金属元素M在自然界中分布广.md,实质答案,658,702,0,8,0,4,4,0.88,True,False
化英社,题-HYS-01-01-科学家在合成簇合物时常常使用.md,实质答案,390,592,0,3,0,2,4,0.55,True,False
化英社,题-HYS-01-01-金属元素X在自然界中丰度较低.md,实质答案,431,1449,0,7,0,5,5,0.0,True,False
化英社,题-HYS-01-02-AIndene是一种芳香烃含.md,实质答案,549,966,3,9,0,4,6,0.51,True,False
化英社,题-HYS-01-02-对二元化合物进行了以下的分析.md,实质答案,338,471,0,1,0,2,2,0.63,True,False
化英社,题-HYS-01-02-将200mg乙酸铜123三唑.md,实质答案,856,973,1,4,0,2,3,0.68,True,False
化英社,题-HYS-01-02-研究钙钛矿衍生结构时常用Ra.md,实质答案,533,480,0,1,0,5,3,0.68,True,False
化英社,题-HYS-01-02-自然界中存在的含氮化合物大多.md,占位标注,687,61,10,0,0,8,0,0.0,True,False
化英社,题-HYS-01-02-载有生物活性分子的碳硼簇药物.md,占位标注,1678,62,1,0,0,5,0,0.0,True,False
化英社,题-HYS-01-02-酿氢醒电极QQH是一个对pH.md,实质答案,265,1678,2,1,0,5,7,0.0,True,False
化英社,题-HYS-01-02-金属金属单键是金属键中最常见.md,实质答案,501,673,1,7,0,4,3,0.61,True,False
化英社,题-HYS-01-03-31向的DMF溶液中通入一氧.md,实质答案,580,867,1,6,0,3,3,0.6,True,False
化英社,题-HYS-01-03-31研究人员利用CO激活有机.md,占位标注,278,50,3,0,0,6,0,0.0,True,False
化英社,题-HYS-01-03-31研究人员利用激活有机硼化.md,占位标注,277,61,6,0,0,3,0,0.0,True,False
化英社,题-HYS-01-03-Co元素由于其价格低廉储量丰.md,实质答案,468,586,3,7,0,2,7,0.66,True,False
化英社,题-HYS-01-03-在过去的几十年里主族元素多重.md,实质答案,720,649,0,1,0,6,5,0.0,True,False
化英社,题-HYS-01-03-如下展示了一种四方晶系的晶体.md,实质答案,464,278,1,1,0,4,6,0.09,True,False
化英社,题-HYS-01-03-氯代碳酸乙烯酯CEC是合成碳.md,实质答案,488,495,2,3,0,6,6,0.73,True,False
化英社,题-HYS-01-03-纳米孔Nanopore技术是.md,实质答案,753,813,9,6,0,3,3,0.83,True,False
化英社,题-HYS-01-03-高度活泼物质的稳定化和隔离一.md,实质答案,891,897,2,12,0,6,5,0.83,True,False
化英社,题-HYS-01-04-HgI具有有趣的晶体结构通常.md,实质答案,580,1936,0,8,0,7,11,0.0,True,False
化英社,题-HYS-01-04-tabletrtd温馨提示本.md,实质答案,1789,64,2,4,0,11,2,0.0,True,False
化英社,题-HYS-01-04-利用二价Fe的自旋态对温度的.md,实质答案,451,358,2,5,0,2,3,0.79,True,False
化英社,题-HYS-01-04-常见的环状共轭体系一般使用H.md,实质答案,553,722,7,8,0,3,4,0.64,True,False
化英社,题-HYS-01-04-某三元化合物X具有ABC三种.md,实质答案,516,619,0,1,0,2,2,0.75,True,False
化英社,题-HYS-01-04-科学家希望通过超分子来模拟生.md,实质答案,457,670,4,7,0,3,3,0.55,True,False
化英社,题-HYS-01-04-聚甲炔菁染料在近红外区有较大.md,实质答案,551,681,2,5,0,4,6,0.74,True,False
化英社,题-HYS-01-04-苯炔是最具反应性的有机中间体.md,占位标注,758,61,10,0,0,7,0,0.0,True,False
化英社,题-HYS-01-05-20世纪70年代钯催化的交叉.md,实质答案,837,22,9,9,0,5,1,0.33,True,False
化英社,题-HYS-01-05-下图是金属的一种羧酸盐晶体的.md,实质答案,321,384,1,3,0,7,7,0.73,True,False
化英社,题-HYS-01-05-凝胶点指的是高分子体系由可流.md,实质答案,1080,95,0,5,0,5,0,0.17,True,False
化英社,题-HYS-01-05-将一定量的钴和钒的氧化物置于.md,实质答案,653,752,1,3,0,2,2,0.79,True,False
化英社,题-HYS-01-05-所谓药有三分毒而毒素也可入药.md,实质答案,683,1135,7,5,0,8,5,0.0,True,False
化英社,题-HYS-01-05-本题中可能用到如下的公式一球.md,实质答案,560,671,0,0,0,2,5,0.68,True,False
化英社,题-HYS-01-05-生物传感器与化学传感器是指一.md,实质答案,1448,1592,0,0,0,4,3,0.87,True,False
化英社,题-HYS-01-05-糖识别在细胞识别信息传递中起.md,实质答案,500,581,1,4,0,5,8,0.62,True,False
化英社,题-HYS-01-06-61酸性是有机化合物的基本性.md,实质答案,354,330,5,9,0,6,4,0.69,True,False
化英社,题-HYS-01-06-61重结晶是基本的分离操作之.md,实质答案,650,77,1,0,0,3,0,0.43,True,False
化英社,题-HYS-01-06-下图是一种含Co的有机金属骨.md,实质答案,399,298,2,4,0,4,2,0.53,True,False
化英社,题-HYS-01-06-光子晶体通过周期性微纳米结构.md,实质答案,945,1256,2,2,0,6,11,0.71,True,False
化英社,题-HYS-01-06-卤原子转移反应是实现氧化态转.md,实质答案,983,24,23,9,0,8,1,1.0,True,False
化英社,题-HYS-01-06-在表面化学的体系中通常表面物.md,实质答案,339,359,0,0,0,2,2,0.87,True,False
化英社,题-HYS-01-06-热释光是指被辐照后的材料在加.md,实质答案,984,899,6,7,0,8,7,0.63,True,False
化英社,题-HYS-01-07-12迁移反应是正离子重排的常.md,占位标注,289,35,2,0,0,3,0,0.0,True,False
化英社,题-HYS-01-07-71氯甲基麟酸二氯存在两种构.md,实质答案,443,486,4,8,0,4,4,0.79,True,False
化英社,题-HYS-01-07-CC键迁移在环状结构的构建中.md,实质答案,249,196,4,8,0,2,2,0.74,True,False
化英社,题-HYS-01-07-仿照自然界构筑的分子的方式应.md,实质答案,353,70,2,7,0,2,1,0.0,True,False
化英社,题-HYS-01-07-有机化学中对于炔烃的转化主要.md,实质答案,472,398,5,7,0,4,2,0.0,True,False
化英社,题-HYS-01-07-注本题中所有讨论均设在单位面.md,实质答案,771,881,0,3,0,2,3,0.83,True,False
化英社,题-HYS-01-07-申联反应不仅体现了步骤经济性.md,实质答案,590,211,6,14,0,3,0,0.0,True,False
化英社,题-HYS-01-07-科学家利用过渡金属偶联反应制.md,实质答案,326,543,4,5,0,2,2,0.53,True,False
化英社,题-HYS-01-08-三价磷可以催化一些特殊的缺电.md,占位标注,421,452,3,7,0,4,4,0.83,True,False
化英社,题-HYS-01-08-将三级胺类药物转化为季铵盐以.md,实质答案,293,257,3,19,0,2,0,0.0,True,False
化英社,题-HYS-01-08-科学家发现如下反应以下反应所.md,实质答案,353,440,6,7,0,4,3,0.69,True,False
化英社,题-HYS-01-08-羟基具有强的共轭给电子性同时.md,实质答案,493,1044,4,14,0,5,2,0.0,True,False
化英社,题-HYS-01-08-耐甲氧西林金黄色葡萄球菌MR.md,实质答案,912,150,3,14,0,2,0,0.0,True,False
化英社,题-HYS-01-08-自由基介导的有机合成已经成为.md,实质答案,625,683,4,17,0,4,4,0.84,True,False
化英社,题-HYS-01-08-近日科学家发现了一种通过三价.md,实质答案,323,293,1,6,0,2,3,0.79,True,False
化英社,题-HYS-01-09-伊博加生物碱是一类主要来自热.md,占位标注,271,72,4,0,0,3,0,0.0,True,False
化英社,题-HYS-01-09-在缺电子芳环的附近引入负离子.md,实质答案,306,662,4,12,0,5,7,0.4,True,False
化英社,题-HYS-01-09-基于硼试剂的手性控制策略被广.md,实质答案,369,459,4,9,0,2,2,0.73,True,False
化英社,题-HYS-01-09-自2003年以来一些高氧化态.md,实质答案,317,325,2,8,0,3,3,0.81,True,False
化英社,题-HYS-01-10-具有吗啡骨架的化合物是一类常.md,实质答案,326,329,3,8,0,2,2,0.88,True,False
化英社,题-HYS-01-10-注意本题要求立体化学在萜类衍.md,实质答案,310,283,3,7,0,2,4,0.65,True,False
化英社,题-HYS-02-01-In混合卤化物因其光致发光的.md,实质答案,895,879,1,1,0,4,4,0.99,True,False
化英社,题-HYS-02-01-分子机器几十年来一直激发着人.md,实质答案,492,525,4,6,0,3,3,0.87,True,False
化英社,题-HYS-02-01-在有机化合物中常见的元素除碳.md,实质答案,1148,1370,1,4,0,8,8,0.78,True,False
化英社,题-HYS-02-01-已知XYZ是同族元素其相对原.md,实质答案,336,365,0,0,0,2,2,0.85,True,False
化英社,题-HYS-02-01-战国时期考工记记载的金有六齐.md,实质答案,673,675,0,2,0,4,4,0.93,True,False
化英社,题-HYS-02-01-科学并不是追求复杂从错综复杂.md,实质答案,533,81,0,0,0,0,0,0.27,True,False
化英社,题-HYS-02-02-21唯象热力学中的热容在唯象.md,占位标注,846,55,0,0,0,0,0,0.0,True,False
化英社,题-HYS-02-02-Wade规则又称多面体骨架电.md,实质答案,774,808,0,5,0,3,3,0.88,True,False
化英社,题-HYS-02-02-传统的过渡金属配合物中往往难.md,实质答案,994,979,14,14,0,3,3,1.0,True,False
化英社,题-HYS-02-02-化学发光是指发光分子的外层电.md,实质答案,954,1831,1,21,0,7,12,0.46,True,False
化英社,题-HYS-02-02-对非金属硫化物XmSn进行了.md,实质答案,426,443,0,4,0,3,2,0.77,True,False
化英社,题-HYS-02-02-溶液中的化学反应与反应物和产.md,实质答案,387,408,0,0,0,5,5,0.82,True,False
化英社,题-HYS-02-03-常见NHC的结构及名称下文中.md,实质答案,710,453,9,15,0,8,6,0.53,True,False
化英社,题-HYS-02-03-注意本题画的结构若含自由基需.md,实质答案,474,538,1,9,0,5,5,0.76,True,False
化英社,题-HYS-02-03-理想溶液是物理化学中非常重要.md,实质答案,620,592,0,1,0,3,3,0.93,True,False
化英社,题-HYS-02-03-电解水是利用电能将水分解为氢.md,实质答案,774,853,3,5,0,4,5,0.85,True,False
化英社,题-HYS-02-03-金属有机框架MOF是由金属离.md,实质答案,639,810,2,4,0,2,2,0.71,True,False
化英社,题-HYS-02-03-钴氧体系在电化学中十分重要的.md,占位标注,283,35,0,0,0,0,0,0.0,True,False
化英社,题-HYS-02-04-41堆积参数在自组装问题中几.md,占位标注,821,71,7,0,0,0,0,0.0,True,False
化英社,题-HYS-02-04-41氯仿与氯气在光照条件下发.md,实质答案,586,576,0,0,0,2,2,1.0,True,False
化英社,题-HYS-02-04-硼单质有着较其他元素更复杂的.md,实质答案,530,535,2,2,0,2,2,0.92,True,False
化英社,题-HYS-02-04-萃取是利用溶质在互不相溶溶剂.md,实质答案,750,786,13,11,0,5,5,0.91,True,False
化英社,题-HYS-02-04-轮烷是一种超分子其由两个不由.md,占位标注,323,357,5,8,0,3,3,0.83,True,False
化英社,题-HYS-02-04-齿合度是指在配合物中单一配体.md,实质答案,478,483,2,9,0,4,4,0.95,True,False
化英社,题-HYS-02-05-NiNO32是实验室中最常见.md,占位标注,299,215,1,4,0,4,2,0.74,True,False
化英社,题-HYS-02-05-含Ge配合物M的可以与还原剂.md,实质答案,295,336,2,4,0,2,3,0.79,True,False
化英社,题-HYS-02-05-机械互锁聚合物是一类具有机械.md,实质答案,487,504,6,7,0,2,2,0.84,True,False
化英社,题-HYS-02-05-稀磁半导体Dilutedma.md,实质答案,1936,1914,8,9,0,3,4,0.98,True,False
化英社,题-HYS-02-05-色谱法是分离鉴定化合物的一种.md,实质答案,1022,1110,0,0,0,3,3,0.86,True,False
化英社,题-HYS-02-05-酶支撑生命之流的网格51推断.md,占位标注,663,55,0,0,0,0,0,0.0,True,False
化英社,题-HYS-02-06-61单壁碳纳米管可以看做单层.md,实质答案,499,545,1,2,0,2,2,0.81,True,False
化英社,题-HYS-02-06-61受自然界叶片气孔的光响应.md,实质答案,910,900,9,10,0,3,3,0.97,True,False
化英社,题-HYS-02-06-在噪声中偏向于随机里定轨在化.md,实质答案,1178,104,1,1,0,0,0,0.37,True,False
化英社,题-HYS-02-06-孟山都公司MonsantoC.md,实质答案,1021,1085,4,10,0,6,6,0.87,True,False
化英社,题-HYS-02-06-有一类材料在突加荷载时既产生.md,实质答案,551,554,2,5,0,2,3,0.91,True,False
化英社,题-HYS-02-06-表面张力是液体表面分子因内部.md,实质答案,723,756,2,2,0,4,4,0.92,True,False
化英社,题-HYS-02-07-71顺1氟4叔丁基环己烷最稳.md,实质答案,418,438,5,6,0,3,3,0.9,True,False
化英社,题-HYS-02-07-万物始于分离成于边界相分离P.md,实质答案,1422,43,3,3,0,0,0,0.57,True,False
化英社,题-HYS-02-07-对固体表面气体的多层吸附行为.md,实质答案,436,653,2,3,0,5,4,0.57,True,False
化英社,题-HYS-02-07-氯仿四氯化碳等简单的卤代烃在.md,实质答案,448,577,3,6,0,6,6,0.69,True,False
化英社,题-HYS-02-07-肿瘤细胞的增殖依赖于两个密切.md,实质答案,584,596,6,14,0,4,4,0.91,True,False
化英社,题-HYS-02-07-高张力氮杂桥环凭借其刚性三维.md,实质答案,570,315,7,22,0,2,0,0.0,True,False
化英社,题-HYS-02-08-81具有偶数个累积双键的结构.md,实质答案,476,496,6,16,0,4,4,0.89,True,False
化英社,题-HYS-02-08-81有机硼氮化合物具有非常丰.md,实质答案,547,536,4,7,0,2,2,0.98,True,False
化英社,题-HYS-02-08-本题的两问可以说没有先后之分.md,占位标注,156,190,4,5,0,2,2,0.76,True,False
化英社,题-HYS-02-08-氧杂三元环由于可以通过双键环.md,实质答案,614,263,5,18,0,3,0,0.0,True,False
化英社,题-HYS-02-08-环庚三烯与双环410庚24二.md,实质答案,905,896,17,17,0,4,4,0.99,True,False
化英社,题-HYS-02-09-TEMPO是一类稳定的氮氧自.md,实质答案,682,745,6,13,0,6,6,0.86,True,False
化英社,题-HYS-02-09-在全合成流程中某些步骤往往不.md,实质答案,343,315,4,22,0,1,0,0.0,True,False
化英社,题-HYS-02-09-在有机合成中过渡金属偶联反应.md,实质答案,362,388,0,5,0,4,4,0.83,True,False
化英社,题-HYS-02-09-联烯是最简单的累积双键分子而.md,实质答案,530,263,5,18,0,2,0,0.0,True,False
化英社,题-HYS-02-09-金属铜配合物作为有机反应的催.md,实质答案,809,659,4,7,0,2,2,0.95,True,False
化英社,题-HYS-02-10-101以下是两个十分经典的反.md,实质答案,118,195,3,9,0,2,2,0.39,True,False
化英社,题-HYS-03-01-M单质与稀酸反应速率较慢这可.md,实质答案,701,48,0,7,0,5,1,0.12,True,False
化英社,题-HYS-03-01-早期主族金属元素M的名称来源.md,实质答案,569,672,1,2,0,0,0,0.7,True,False
化英社,题-HYS-03-01-磷是一个神秘又有趣的元素以其.md,实质答案,736,765,0,6,0,0,0,0.89,True,False
化英社,题-HYS-03-01-质地柔软的变质矿物青金石是一.md,实质答案,634,683,0,0,0,3,3,0.89,True,False
化英社,题-HYS-03-01-高周期过渡金属M具有很好的生.md,实质答案,631,159,0,8,0,7,2,0.33,True,False
化英社,题-HYS-03-02-21聚硅氧烷是一种主链由硅氧.md,实质答案,799,124,2,3,0,6,3,0.04,True,False
化英社,题-HYS-03-02-X是金属M的一种氧化物将06.md,实质答案,271,322,0,0,0,3,5,0.71,True,False
化英社,题-HYS-03-02-某同学期望制备漂亮的针状草酸.md,实质答案,575,551,0,6,0,0,0,0.86,True,False
化英社,题-HYS-03-02-配位化学中芳基可通过键与与金.md,实质答案,441,109,1,6,0,4,0,0.0,True,False
化英社,题-HYS-03-02-高松灯是一位热爱拾石的少女一.md,实质答案,655,1025,2,3,0,0,2,0.57,True,False
化英社,题-HYS-03-03-31脲基嘧啶酮UPy是一类具.md,实质答案,572,230,3,9,0,5,5,0.6,True,False
化英社,题-HYS-03-03-在酸性溶液中钒能形成黄色蓝色.md,实质答案,645,675,2,4,0,3,3,0.86,True,False
化英社,题-HYS-03-03-异核金属金属键配合物常常可以.md,实质答案,557,584,1,5,0,0,0,0.91,True,False
化英社,题-HYS-03-03-高松灯捡到方钠石后却不禁陷入.md,实质答案,1173,1456,1,1,0,0,0,0.75,True,False
化英社,题-HYS-03-04-具有多样的氟化物对于其结构我.md,实质答案,460,14,12,13,0,4,1,0.0,True,False
化英社,题-HYS-03-04-在均相CoRh催化剂的存在下.md,实质答案,595,734,2,11,0,3,3,0.75,True,False
化英社,题-HYS-03-04-本题可能需要用到的积分公式i.md,实质答案,1020,1391,4,5,0,0,0,0.68,True,False
化英社,题-HYS-03-04-甲烷单加氧酶MMO可在常温常.md,实质答案,929,89,0,2,0,7,0,0.06,True,False
化英社,题-HYS-03-04-血红蛋白Hb是一种重要的O运.md,实质答案,1361,1829,0,2,0,0,2,0.7,True,False
化英社,题-HYS-03-05-卡诺循环是一种理想化的热力学.md,占位标注,617,150,0,0,0,2,0,0.0,True,False
化英社,题-HYS-03-05-室温下单质钠的晶体随压力改变.md,实质答案,583,608,4,3,0,5,5,0.92,True,False
化英社,题-HYS-03-05-染料敏化太阳能电池DSSCs.md,实质答案,1069,1223,1,2,0,1,3,0.84,True,False
化英社,题-HYS-03-05-硫与铜元素可形成多种化合物它.md,实质答案,500,57,0,2,0,3,1,0.2,True,False
化英社,题-HYS-03-05-诱导反应是容量分析中的一个重.md,实质答案,511,568,0,0,0,0,0,0.81,True,False
化英社,题-HYS-03-06-1918年Langmuir基.md,实质答案,449,111,0,0,0,2,0,0.05,True,False
化英社,题-HYS-03-06-天上繁星地上流萤夏夜的稻田间.md,实质答案,664,704,2,3,0,4,4,0.88,True,False
化英社,题-HYS-03-06-本题所有解释题超过15个字均.md,实质答案,968,1124,5,10,0,0,0,0.78,True,False
化英社,题-HYS-03-06-水宝宝是一种外表晶莹漂亮的凝.md,占位标注,835,62,1,0,0,5,0,0.0,True,False
化英社,题-HYS-03-06-高分子的交联是指在高分子链之.md,实质答案,760,890,4,8,0,0,0,0.81,True,False
化英社,题-HYS-03-07-71判断下述化合物的DL构型.md,实质答案,311,191,2,15,0,8,4,0.27,True,False
化英社,题-HYS-03-07-71比较下列碳正离子的稳定性.md,实质答案,250,280,12,4,0,5,5,0.8,True,False
化英社,题-HYS-03-07-吲哚类化合物是一类重要的含氮.md,实质答案,664,673,10,17,0,0,0,0.96,True,False
化英社,题-HYS-03-07-质子耦合电子转移是有机化学中.md,实质答案,730,813,7,12,0,0,0,0.77,True,False
化英社,题-HYS-03-07-闭壳层和开壳层是描述分子或原.md,实质答案,535,869,3,10,0,5,6,0.03,True,False
化英社,题-HYS-03-08-123三唑骨架在自然界中并不.md,实质答案,751,808,6,16,0,1,1,0.83,True,False
化英社,题-HYS-03-08-22二取代13环戊二酮是一类.md,实质答案,429,448,4,9,0,3,3,0.9,True,False
化英社,题-HYS-03-08-81薄层色谱TLC是有机合成.md,实质答案,816,59,2,2,0,3,1,0.1,True,False
化英社,题-HYS-03-08-固相多肽合成SPPS的基本思.md,实质答案,627,648,4,4,0,0,0,0.94,True,False
化英社,题-HYS-03-08-在硫属元素中硒原子较氧硫拥有.md,实质答案,747,188,9,21,0,12,7,0.61,True,False
化英社,题-HYS-03-09-91在碘存在下研究人员实现了.md,实质答案,556,27,5,7,0,3,1,0.5,True,False
化英社,题-HYS-03-09-烯烃与醛的酸催化缩合反应可能.md,实质答案,531,468,8,12,0,5,5,0.85,True,False
化英社,题-HYS-03-09-用有机强碱处理环氧乙烷可得到.md,实质答案,476,394,3,19,0,7,4,0.68,True,False
化英社,题-HYS-03-09-研究人员希望实现一个简单的亲.md,实质答案,383,459,4,9,0,0,1,0.7,True,False
化英社,题-HYS-03-10-SecuamamineD是一.md,实质答案,397,416,3,8,0,0,0,0.77,True,False
化英社,题-HYS-03-10-在有机化学中氮氧化物常以亚硝.md,实质答案,736,85,11,16,0,3,1,0.31,True,False
化英社,题-HYS-04-01-金属元素M早在数千年前就被人.md,实质答案,588,640,0,3,0,5,5,0.83,True,False
化英社,题-HYS-04-01-非金属元素X有一段曲折的发现.md,实质答案,657,20,1,3,0,2,0,0.33,True,False
化英社,题-HYS-04-02-21将混合反应可以制得簇合物.md,实质答案,698,156,0,9,0,3,2,0.3,True,False
化英社,题-HYS-04-02-21设金属离子M的初始浓度为.md,实质答案,831,890,0,0,0,6,6,0.88,True,False
化英社,题-HYS-04-03-2020年研究人员发现一例特.md,实质答案,395,86,5,10,0,5,1,0.0,True,False
化英社,题-HYS-04-03-氨是农业肥料化工原料的核心成.md,实质答案,734,755,4,9,0,4,4,0.91,True,False
化英社,题-HYS-04-04-利用胺基溶液或固体材料捕集工.md,实质答案,971,206,2,1,0,8,3,0.17,True,False
化英社,题-HYS-04-04-累积多烯Cumulenes是.md,实质答案,725,750,4,12,0,4,4,0.89,True,False
化英社,题-HYS-04-05-51葡萄糖Glucose具有.md,实质答案,347,365,1,8,0,3,3,0.78,True,False
化英社,题-HYS-04-05-晶系晶体按其几何形态的对称程.md,实质答案,400,33,0,4,0,3,0,0.2,True,False
化英社,题-HYS-04-06-61如下的反应通过手性硫叶立.md,实质答案,464,539,5,12,0,3,3,0.75,True,False
化英社,题-HYS-04-06-多光子激发MPE具有三维荧光.md,实质答案,829,101,4,5,0,2,1,0.26,True,False
化英社,题-HYS-04-07-71比较下列化合物的酸性按从.md,占位标注,443,76,9,0,0,7,0,0.0,True,False
化英社,题-HYS-04-07-近日报道了一种通过RhIII.md,实质答案,575,646,2,14,0,6,6,0.79,True,False
化英社,题-HYS-04-08-81以下合成路线使用了一种含.md,实质答案,261,77,5,8,0,3,0,0.07,True,False
化英社,题-HYS-04-09-中国科学家开发了一种Lewi.md,实质答案,407,58,9,10,0,3,1,0.8,True,False
化英社,题-HYS-05-01-MN两种金属元素常用于制作餐.md,实质答案,635,684,1,2,0,4,3,0.81,True,False
化英社,题-HYS-05-01-几千年以来某种元素是导致腹绞.md,实质答案,711,780,0,2,0,3,3,0.88,True,False
化英社,题-HYS-05-02-在罗马奥斯提亚Ostia港口.md,实质答案,591,743,0,0,0,3,3,0.73,True,False
化英社,题-HYS-05-02-将炔烃中的一个碳原子替换为较.md,实质答案,500,767,3,8,0,4,5,0.61,True,False
化英社,题-HYS-05-03-临界描述了一个系统发生变化的.md,实质答案,847,667,1,1,0,4,5,0.81,True,False
化英社,题-HYS-05-03-原子转移自由基聚合ATRP是.md,实质答案,543,626,5,9,0,5,5,0.77,True,False
化英社,题-HYS-05-04-MOFsMetalOrgan.md,实质答案,784,951,3,3,0,4,5,0.76,True,False
化英社,题-HYS-05-04-X是一种团簇化合物其由四种元.md,实质答案,523,585,0,1,0,4,5,0.78,True,False
化英社,题-HYS-05-05-传统的气液压缩制冷剂如氟利昂.md,实质答案,674,741,0,0,0,3,4,0.84,True,False
化英社,题-HYS-05-05-激光技术应用广泛其物理原理涉.md,实质答案,693,764,0,0,0,4,4,0.87,True,False
化英社,题-HYS-05-06-61口罩是由高分子化合物制成.md,实质答案,448,522,0,1,0,3,3,0.75,True,False
化英社,题-HYS-05-06-地球的历史令人着迷今天我们将.md,实质答案,1053,1167,0,0,0,2,2,0.87,True,False
化英社,题-HYS-05-07-作为地壳中最丰富的金属Al在.md,实质答案,399,47,3,2,0,3,0,0.0,True,False
化英社,题-HYS-05-07-环的合成是化学中的重要课题使.md,实质答案,300,255,4,11,0,3,2,0.58,True,False
化英社,题-HYS-05-08-1952年Lane等人首次从.md,实质答案,523,584,3,8,0,2,2,0.86,True,False
化英社,题-HYS-05-08-在学术文献中堆积常被用作一个.md,实质答案,515,603,1,7,0,4,4,0.77,True,False
化英社,题-HYS-05-09-吲哚是有机合成中的常见基团探.md,实质答案,224,297,5,15,0,2,2,0.66,True,False
化英社,题-HYS-05-09-铜催化的Ullmann反应在.md,实质答案,919,976,7,12,0,6,6,0.89,True,False
化英社,题-HYS-05-10-通过高度立体选择性的33重排.md,实质答案,271,307,5,8,0,5,4,0.7,True,False
化英社,题-HYS-06-01-11一氯甲烷与单质在约和粉催.md,实质答案,549,601,0,3,0,2,2,0.86,True,False
化英社,题-HYS-06-02-Oxone试剂是一种强氧化剂.md,实质答案,745,895,0,2,0,7,7,0.73,True,False
化英社,题-HYS-06-03-31葫芦脲cucurbitu.md,实质答案,925,1159,5,11,0,9,9,0.73,True,False
化英社,题-HYS-06-04-盐类X是一种常见的干燥剂其沿.md,实质答案,287,380,2,2,0,5,5,0.61,True,False
化英社,题-HYS-06-05-在化学上常用比磁化率和摩尔磁.md,实质答案,460,963,0,16,0,4,13,0.36,True,False
化英社,题-HYS-06-06-质谱massspectrum.md,实质答案,374,241,7,16,0,9,10,0.55,True,False
化英社,题-HYS-06-07-71机理探究与立体化学已知有.md,实质答案,266,477,5,20,0,4,4,0.41,True,False
化英社,题-HYS-06-08-以下是一种雌激素受体调节剂e.md,实质答案,235,342,2,7,0,4,4,0.57,True,False
化英社,题-HYS-07-01-本题涉及所有含M化合物中M的.md,实质答案,706,650,1,4,0,4,3,0.85,True,False
化英社,题-HYS-07-01-环境的开发利用与健康状况是人.md,实质答案,852,269,0,20,0,0,0,0.0,True,False
化英社,题-HYS-07-02-PAOx是一类新兴的生物相容.md,实质答案,730,916,1,3,0,0,0,0.76,True,False
化英社,题-HYS-07-02-主族的同枝多原子阳离子簇具有.md,实质答案,372,424,0,4,0,3,3,0.72,True,False
化英社,题-HYS-07-03-31研究人员首先通过研究硼的.md,实质答案,672,721,2,7,0,0,0,0.85,True,False
化英社,题-HYS-07-03-分析化学中的测定离子的浓度往.md,实质答案,752,822,0,0,0,3,3,0.8,True,False
化英社,题-HYS-07-04-葡萄酒初榨橄榄油水果蔬菜全谷.md,实质答案,1640,1873,4,4,0,0,0,0.84,True,False
化英社,题-HYS-07-04-近日JessCampos课题.md,实质答案,714,692,1,5,0,4,3,0.74,True,False
化英社,题-HYS-07-05-含有过渡金属阳离子的扩展固体.md,实质答案,786,892,1,3,0,0,0,0.81,True,False
化英社,题-HYS-07-05-碳分子筛CMS材料的吸附曲线.md,实质答案,609,825,0,0,0,3,3,0.71,True,False
化英社,题-HYS-07-06-TIS存在多种晶型其中一种四.md,实质答案,506,592,1,4,0,4,4,0.74,True,False
化英社,题-HYS-07-06-析氧反应OER是电化学水分解.md,实质答案,1888,1275,2,0,0,0,0,0.46,True,False
化英社,题-HYS-07-07-71比较下列化合物的酸性按从.md,实质答案,470,530,26,15,0,8,8,0.74,True,False
化英社,题-HYS-07-07-据此回顾B的定义用63中的已.md,实质答案,2158,1514,16,13,0,0,0,0.25,True,False
化英社,题-HYS-07-08-81写出如下反应的产物82在.md,实质答案,244,268,5,15,0,4,4,0.73,True,False
化英社,题-HYS-07-09-均相金催化下可以发生极为丰富.md,实质答案,319,340,7,14,0,3,3,0.84,True,False
化英社,题-HYS-08-01-NO在人体中是一种关键的信号.md,实质答案,664,1319,2,12,0,4,4,0.79,True,False
化英社,题-HYS-08-02-21高锰酸钾法是一种常见的氧.md,实质答案,254,331,1,1,0,2,5,0.65,True,False
化英社,题-HYS-08-03-金刚石晶体是最基础的几种晶体.md,实质答案,589,615,2,5,0,3,3,0.84,True,False
化英社,题-HYS-08-04-在推动金属基氧化还原化学研究.md,实质答案,624,541,2,10,0,4,4,0.89,True,False
化英社,题-HYS-08-05-光谱是复色光经系统分光后按波.md,实质答案,780,1228,3,5,0,4,4,0.57,True,False
化英社,题-HYS-08-06-实验是化学中不可或缺的一部分.md,实质答案,723,957,4,5,0,2,2,0.66,True,False
化英社,题-HYS-08-07-71对于下面的环氧化反应说法.md,实质答案,489,702,4,11,0,6,6,0.6,True,False
化英社,题-HYS-08-08-812018年NielsMa.md,实质答案,242,393,20,16,0,3,4,0.48,True,False
化英社,题-HYS-08-09-2011年LomaADuff.md,实质答案,314,736,6,12,0,6,6,0.36,True,False
化英社,题-HYS-09-01-元素和的分离问题是当今化学研.md,实质答案,532,375,0,1,0,4,3,0.27,True,False
化英社,题-HYS-09-01-通常亚硝酸根还原为一氧化氮是.md,实质答案,1044,1094,3,4,0,8,8,0.86,True,False
化英社,题-HYS-09-02-L乳酸LA是一种关键的代谢产.md,实质答案,513,689,0,0,0,2,2,0.71,True,False
化英社,题-HYS-09-02-稳定的硅宾化合物的常常具有强.md,实质答案,616,156,2,15,0,7,2,0.3,True,False
化英社,题-HYS-09-03-31由于半径规则与电价规则的.md,实质答案,478,245,0,0,0,7,2,0.35,True,False
化英社,题-HYS-09-03-Li是生产氚的核心原料而氚是.md,实质答案,2114,2128,10,3,0,10,5,0.77,True,False
化英社,题-HYS-09-04-41pH的操作定义411pH.md,实质答案,683,198,0,1,0,10,3,0.32,True,False
化英社,题-HYS-09-05-51空间同位素效应一般出现在.md,实质答案,565,229,3,4,0,7,3,0.02,True,False
化英社,题-HYS-09-05-蛋白质的功能多样性主要源于其.md,实质答案,1526,1654,13,14,0,7,7,0.88,True,False
化英社,题-HYS-09-06-61Quadricyclan.md,实质答案,467,235,1,17,0,7,5,0.41,True,False
化英社,题-HYS-09-06-现有一有机纯净物样品为无色澄.md,实质答案,976,1012,3,1,0,3,3,0.9,True,False
化英社,题-HYS-09-07-硅系绳siliconteth.md,实质答案,259,30,6,11,0,4,2,0.2,True,False
化英社,题-HYS-09-07-硫叶立德是一类经典的一碳合成.md,实质答案,1531,1588,21,17,0,7,7,0.87,True,False
化英社,题-HYS-09-08-萜类化合物pedrolide.md,实质答案,288,199,3,15,0,3,3,0.82,True,False
化英社,题-HYS-10-01-数硼烷作为使算的储敷材料即用.md,实质答案,842,974,0,6,0,3,3,0.64,True,False
化英社,题-HYS-10-01-磷元素因兼具适中的电负性丰富.md,实质答案,496,523,0,5,0,3,3,0.84,True,False
化英社,题-HYS-10-02-21某种钾的含水锗酸盐A系立.md,实质答案,548,697,0,1,0,3,3,0.47,True,False
化英社,题-HYS-10-02-瑞典林雪平大学的LarsHu.md,实质答案,610,676,1,1,0,3,3,0.81,True,False
化英社,题-HYS-10-03-蜗型螯合配阴离子HBmt具有.md,实质答案,545,588,3,11,0,3,5,0.81,True,False
化英社,题-HYS-10-03-近几十年来低价态主族元素配合.md,实质答案,1153,1245,7,13,0,5,5,0.85,True,False
化英社,题-HYS-10-04-41利用催化剂以发烟硫酸为工.md,实质答案,1026,767,2,0,0,7,4,0.72,True,False
化英社,题-HYS-10-04-已知在29815K下将具有完.md,实质答案,372,711,0,0,0,3,3,0.48,True,False
化英社,题-HYS-10-05-CCB是一种由三种元素金属元.md,实质答案,439,637,1,2,0,5,5,0.59,True,False
化英社,题-HYS-10-06-气相吸附是指气体混合物中的特.md,实质答案,1149,1355,0,0,0,6,8,0.65,True,False
化英社,题-HYS-10-06-过去认为水蒸发的微观本质是水.md,实质答案,729,1179,5,6,0,6,5,0.52,True,False
化英社,题-HYS-10-07-71利用叠氮阴离子的亲核性可.md,实质答案,503,534,9,15,0,4,4,0.6,True,False
化英社,题-HYS-10-07-芳基重氮盐的光化学分解是重氮.md,实质答案,743,1016,8,15,0,4,6,0.68,True,False
化英社,题-HYS-10-08-52环加成是一种常见快速地构.md,实质答案,430,996,3,34,0,4,12,0.34,True,False
化英社,题-HYS-10-08-81酸性比较811比较下列化.md,实质答案,247,218,6,2,0,3,2,0.02,True,False
化英社,题-HYS-10-09-偶氮烯烃的结构可看作存在杂原.md,实质答案,439,210,10,19,0,8,8,0.44,True,False
化英社,题-HYS-10-09-烯炔复分解是一种将烯烃和炔烃.md,实质答案,574,289,6,20,0,3,0,0.0,True,False
化英社,题-HYS-10-10-101首先让我们明确碳氢活化.md,实质答案,849,289,7,20,0,3,0,0.0,True,False
化英社,题-HYS-11-01-基于距离的微流控分析传感器D.md,实质答案,1494,1376,5,7,0,6,7,0.72,True,False
化英社,题-HYS-11-01-据统计有29种元素参与生物演.md,实质答案,718,53,4,8,0,3,1,0.0,True,False
化英社,题-HYS-11-02-在酸性溶液中含有金属M的黄色.md,实质答案,326,350,0,1,0,2,4,0.54,True,False
化英社,题-HYS-11-02-火锅是重庆人生活中不可或缺的.md,实质答案,547,220,1,1,0,4,1,0.02,True,False
化英社,题-HYS-11-03-乙烯基聚合物具有低密度廉价与.md,实质答案,499,75,2,9,0,2,1,0.0,True,False
化英社,题-HYS-11-03-黄素自然界中最普遍的有机辅因.md,实质答案,497,616,1,4,0,4,5,0.62,True,False
化英社,题-HYS-11-04-分子氙通常被视为惰性物质因为.md,实质答案,1702,1474,8,8,0,7,7,0.61,True,False
化英社,题-HYS-11-04-在最新最热街机音游舞萌DX中.md,实质答案,572,48,1,2,0,4,1,0.0,True,False
化英社,题-HYS-11-05-51S元素可以形成多硫阴离子.md,实质答案,694,102,1,4,0,2,2,0.05,True,False
化英社,题-HYS-11-05-分子能够响应环境的变化例如当.md,实质答案,1021,694,2,5,0,4,5,0.81,True,False
化英社,题-HYS-11-06-对氯苯氧乙酸俗称防落素白色结.md,实质答案,439,367,7,3,0,2,2,0.74,True,False
化英社,题-HYS-11-06-电子顺磁共振EPR波谱被用于.md,实质答案,1733,195,10,3,0,4,2,0.21,True,False
化英社,题-HYS-11-07-71观察如下反应结合机理研究.md,实质答案,272,93,7,11,0,3,2,0.47,True,False
化英社,题-HYS-11-07-在OLED有机发光半导体OF.md,实质答案,788,111,4,8,0,5,0,0.0,True,False
化英社,题-HYS-11-08-异戊烯基化天然产物是一类结构.md,实质答案,714,499,2,16,0,4,4,0.7,True,False
化英社,题-HYS-11-08-酶催化有机合成可以利用生物催.md,实质答案,829,44,9,12,0,4,0,0.14,True,False
化英社,题-HYS-11-09-碳正离子是有机中最经典的活泼.md,实质答案,484,247,4,12,0,3,1,0.17,True,False
化英社,题-HYS-13-01-炸药最早起源于我国早在宋代我.md,实质答案,870,148,1,5,0,5,0,0.04,True,False
化英社,题-HYS-13-02-金属双氢配合物在光照下可以脱.md,实质答案,564,40,4,11,0,4,0,0.0,True,False
化英社,题-HYS-13-03-2026年是北京大学化学与分.md,实质答案,423,159,0,1,0,2,2,0.03,True,False
化英社,题-HYS-13-04-含第一过渡系金属M主族金属N.md,实质答案,387,102,3,3,0,5,0,0.05,True,False
化英社,题-HYS-13-05-X是一种较为常见的过渡金属元.md,占位标注,770,62,1,0,0,4,0,0.0,True,False
化英社,题-HYS-13-06-抗原与抗体的相互作用是免疫过.md,实质答案,880,46,2,1,0,2,0,0.25,True,False
化英社,题-HYS-13-07-格氏反应是有机化学中最经典最.md,实质答案,875,241,2,3,0,6,0,0.23,True,False
化英社,题-HYS-13-08-1887年Claisen首次.md,实质答案,628,393,9,12,0,6,5,0.4,True,False
化英社,题-HYS-13-09-自由基偶联反应作为一种高效的.md,实质答案,580,129,7,9,0,5,2,0.08,True,False
化英社,题-HYS-14-01-二氧化硫是葡萄酒中最常用的防.md,占位标注,489,60,0,0,0,4,0,0.0,True,False
化英社,题-HYS-14-02-电化学碳捕获ECC是减少二氧.md,实质答案,496,83,1,1,0,2,1,0.2,True,False
化英社,题-HYS-14-03-将0063g017mmol的.md,实质答案,703,230,5,7,0,4,4,0.42,True,False
化英社,题-HYS-14-04-有研究团队尝试将EuPtNi.md,实质答案,1014,110,0,1,0,10,2,0.29,True,False
化英社,题-HYS-14-05-20世纪40年代中期洛杉矶首.md,占位标注,937,60,0,0,0,10,0,0.0,True,False
化英社,题-HYS-14-06-直链脂肪酸的命名简写的基本格.md,实质答案,931,109,5,6,0,3,0,0.85,True,False
化英社,题-HYS-14-07-乙酰乙酸乙酯是重要的有机合成.md,实质答案,559,93,1,4,0,8,3,0.06,True,False
化英社,题-HYS-14-08-均相金催化领域始于一项发现即.md,实质答案,788,126,11,20,0,5,2,0.08,True,False
化英社,题-HYS-14-09-在35二甲基苷色酸衍生的类萜.md,实质答案,387,101,7,18,0,4,1,0.0,True,False
化英社,题-HYS-15-01-A和B是短周期元素P最常见的.md,实质答案,536,80,0,1,0,0,0,0.07,True,False
化英社,题-HYS-15-02-二氧化锰的晶型种类多达20余.md,实质答案,692,196,3,5,0,0,0,0.18,True,False
化英社,题-HYS-15-03-在上一题中我们探讨了二氧化锰.md,实质答案,890,121,0,0,0,0,0,0.0,True,False
化英社,题-HYS-15-04-近年来随着金属有机框架MOF.md,实质答案,651,278,4,9,0,0,0,0.5,True,False
化英社,题-HYS-15-05-锂是新能源产业的关键战略资源.md,实质答案,837,97,1,0,0,0,0,0.0,True,False
化英社,题-HYS-15-06-在乙烯基手套中有时会加入一种.md,实质答案,1056,260,4,1,0,0,0,0.12,True,False
化英社,题-HYS-15-07-由于羟基具有给电子共轭效应间.md,实质答案,831,288,8,20,0,0,0,0.59,True,False
化英社,题-HYS-15-08-氟原子由于其较大的电负性具有.md,实质答案,529,167,7,17,0,0,0,0.0,True,False
化英社,题-HYS-16-01-火柴小巧而便捷的点火工具自诞.md,实质答案,415,189,1,0,0,0,0,0.0,True,False
化英社,题-HYS-16-02-金属Sn是一种柔软低熔点的银.md,实质答案,701,212,6,0,0,0,0,0.0,True,False
化英社,题-HYS-16-03-31镍的常见价态为价然而其高.md,实质答案,543,316,3,0,0,0,0,0.0,True,False
化英社,题-HYS-16-04-理论斗史院都有可能改变一份未.md,实质答案,976,294,3,0,0,0,0,0.0,True,False
化英社,题-HYS-16-05-硅宾作为卡宾的较重类似物通常.md,实质答案,537,143,9,0,0,0,2,0.0,True,False
化英社,题-HYS-16-06-正当晶胞是晶体学中一个极为重.md,实质答案,289,197,2,0,0,0,0,0.0,True,False
化英社,题-HYS-16-07-中性配体pyip由于其有趣的.md,实质答案,747,660,10,0,0,0,0,0.0,True,False
化英社,题-HYS-16-08-镧系金属由于其4f轨道高度屏.md,实质答案,376,312,5,4,0,0,0,0.13,True,False
化英社,题-HYS-16-09-磷酸钠作为强碱弱酸盐具有良好.md,实质答案,454,90,0,0,0,0,0,0.0,True,False
化英社,题-HYS-17-01-现有一纯净的未知矿物其颜色呈.md,实质答案,455,113,0,0,0,2,0,0.0,True,False
化英社,题-HYS-17-02-膦亚基PR桥连双核配合物因磷.md,实质答案,546,508,18,2,0,3,2,0.03,True,False
化英社,题-HYS-17-03-众所周知的是苯酚在浓硝酸中可.md,实质答案,490,314,0,0,0,6,2,0.03,True,False
化英社,题-HYS-17-04-质子交换膜燃料电池PEMFC.md,实质答案,546,438,0,0,0,6,3,0.0,True,False
化英社,题-HYS-17-05-本题中将讨论多样的BM成键模.md,实质答案,469,296,4,3,0,3,1,0.0,True,False
化英社,题-HYS-17-06-帕非佛海滩PfeifferB.md,实质答案,677,1753,1,0,0,4,5,0.0,True,False
化英社,题-HYS-17-07-生物膜由疏水的磷脂双分子层组.md,实质答案,937,352,1,0,0,3,0,0.01,True,False
化英社,题-HYS-18-01-11比较下列化合物的熔点按从.md,实质答案,215,348,3,0,0,5,1,0.0,True,False
化英社,题-HYS-18-02-21中国科学家开发了一种选择.md,实质答案,319,162,14,8,0,2,0,0.03,True,False
化英社,题-HYS-18-03-32环加成反应是周环反应中较.md,实质答案,555,185,12,5,0,3,0,0.0,True,False
化英社,题-HYS-18-04-苯并噻吩是广泛存在于生物活性.md,实质答案,519,368,27,0,0,5,0,0.0,True,False
化英社,题-HYS-18-05-有机磷化合物在材料科学药物化.md,实质答案,673,188,15,0,0,8,4,0.0,True,False
化英社,题-HYS-18-06-2026年研究人员开发了一种.md,实质答案,479,482,16,9,0,5,2,0.17,True,False
化英社,题-HYS-18-08-生物碱是一类含氮的天然有机分.md,实质答案,426,294,14,10,0,5,3,0.04,True,False
化英社,题-HYS-19-01-11在我们讨论一步基元反应快.md,实质答案,260,244,0,4,0,2,3,0.36,True,False
化英社,题-HYS-19-02-溶剂同位素效应是同位素效应中.md,实质答案,446,264,4,0,0,5,0,0.04,True,False
化英社,题-HYS-19-03-金催化有机反应是一种较为热门.md,实质答案,392,110,11,0,0,2,0,0.0,True,False
化英社,题-HYS-19-04-41首先我们来看硫与卡宾最经.md,实质答案,329,80,7,3,0,5,0,0.0,True,False
化英社,题-HYS-19-05-以下是一个膦催化环化反应已知.md,实质答案,277,67,9,0,0,2,1,0.0,True,False
化英社,题-HYS-19-06-BeckwithHouk模型.md,实质答案,377,153,21,4,0,2,0,0.0,True,False
化英社,题-HYS-19-07-玫瑰红RoseBengalR.md,实质答案,466,255,1,6,0,2,3,0.14,True,False
化英社,题-HYS-19-08-近期研究者发现了无过渡金属无.md,实质答案,220,90,5,0,0,5,0,0.0,True,False
化英社,题-HYS-19-09-聚合物的主链重构反应是一种在.md,实质答案,574,139,11,0,0,4,0,0.0,True,False
化英社,题-HYS-20-01-首个可分离的磷杂炔化合物tB.md,实质答案,630,508,5,2,0,5,8,0.0,True,False
化英社,题-HYS-20-02-让我们从左到右细数主族金属簇.md,实质答案,657,131,7,0,0,4,1,0.0,True,False
化英社,题-HYS-20-03-1931年德国化学家Eric.md,实质答案,1115,344,12,2,0,4,0,0.0,True,False
化英社,题-HYS-20-04-ABCDE是五种元素组成相同.md,实质答案,641,171,2,0,0,7,0,0.03,True,False
化英社,题-HYS-20-05-半导体材料X是一种含ABC三.md,实质答案,468,185,4,0,0,4,1,0.0,True,False
化英社,题-HYS-20-06-氟锆酸钾是一种潜在的用于熔盐.md,实质答案,243,350,0,0,0,2,3,0.0,True,False
化英社,题-HYS-20-07-自1825年法拉第发现苯以来.md,实质答案,919,196,10,0,0,3,0,0.0,True,False
化英社,题-HYS-20-08-生物固氮由固氮酶中的FeMo.md,实质答案,552,531,5,4,0,2,0,0.0,True,False
化英社,题-HYS-40-01-11制备最有用的制备肼的方法.md,实质答案,259,48,0,1,0,3,2,0.0,True,False
化英社,题-HYS-40-01-2023年智利和秘鲁等南美国.md,实质答案,908,1118,2,4,0,4,4,0.75,True,False
化英社,题-HYS-40-01-小酸同学特别爱做实验由于她是.md,实质答案,673,159,1,1,0,4,1,0.17,True,False
化英社,题-HYS-40-01-自1963年科顿提出著名的定.md,实质答案,1453,240,2,5,0,0,0,0.55,True,False
化英社,题-HYS-40-01-高周期过渡金属M具有很好的生.md,实质答案,631,159,0,8,0,7,2,0.33,True,False
化英社,题-HYS-40-02-21不可避免苦杏仁的气味让他.md,实质答案,446,81,0,1,0,3,0,0.07,True,False
化英社,题-HYS-40-02-化学是一门以实验为基础的自然.md,实质答案,621,364,4,2,0,3,2,0.23,True,False
化英社,题-HYS-40-02-地球化学是一门包罗万象的学科.md,实质答案,305,224,0,0,0,2,0,0.44,True,False
化英社,题-HYS-40-02-配位化学中芳基可通过键与与金.md,实质答案,441,117,1,6,0,4,0,0.0,True,False
化英社,题-HYS-40-02-金属亚硝酰配合物通常具有复杂.md,实质答案,389,431,3,6,0,4,4,0.82,True,False
化英社,题-HYS-40-03-31在化学实验中经常会遇到一.md,实质答案,1356,428,4,4,0,3,1,0.2,True,False
化英社,题-HYS-40-03-二氰基磷负离子已成为一种便利.md,实质答案,369,321,5,10,0,4,4,0.86,True,False
化英社,题-HYS-40-03-低配位超价磷物种是磷化学的研.md,实质答案,997,231,1,14,0,0,0,0.36,True,False
化英社,题-HYS-40-03-在半导体的催化下利用太阳能驱.md,实质答案,628,212,0,3,0,3,0,0.02,True,False
化英社,题-HYS-40-03-在配合物的讨论中过渡金属经常.md,实质答案,608,132,3,7,0,5,1,0.08,True,False
化英社,题-HYS-40-04-2022年DenniaAKu.md,实质答案,259,134,6,8,0,6,5,0.36,True,False
化英社,题-HYS-40-04-一般情况下我们认为真爱的颜色.md,实质答案,1124,167,2,2,0,0,0,0.12,True,False
化英社,题-HYS-40-04-一般的光在不同介质中传播的速.md,实质答案,953,231,3,3,0,6,1,0.22,True,False
化英社,题-HYS-40-04-具有多样的氟化物对于其结构我.md,实质答案,460,14,9,13,0,4,1,0.0,True,False
化英社,题-HYS-40-04-磁性合金材料X是一种含MgN.md,实质答案,413,489,0,0,0,5,7,0.73,True,False
化英社,题-HYS-40-05-卡诺循环是一种理想化的热力学.md,实质答案,617,185,0,0,0,2,1,0.14,True,False
化英社,题-HYS-40-05-变压器等大型充油电力设备在运.md,实质答案,832,340,1,1,0,4,0,0.01,True,False
化英社,题-HYS-40-05-在17世纪初约翰史密斯船长送.md,实质答案,667,271,2,2,0,4,1,0.0,True,False
化英社,题-HYS-40-05-地球和陨石虽然在宏观的化学组.md,实质答案,564,729,0,0,0,3,3,0.74,True,False
化英社,题-HYS-40-05-语言的目的是以心传心机器则通.md,实质答案,1796,173,4,3,0,0,0,0.0,True,False
化英社,题-HYS-40-06-1918年Langmuir基.md,实质答案,449,111,0,0,0,2,0,0.05,True,False
化英社,题-HYS-40-06-碳纳米环是一类独特的非平面纳.md,实质答案,381,700,2,4,0,3,2,0.0,True,False
化英社,题-HYS-40-06-葡萄糖是一种十分重要的糖类是.md,占位标注,730,61,1,0,0,5,0,0.0,True,False
化英社,题-HYS-40-06-驱动蛋白是一类典型的生物分子.md,实质答案,754,822,5,2,0,4,4,0.87,True,False
化英社,题-HYS-40-06-魔法是想象的世界本题中我们将.md,实质答案,422,66,1,0,0,0,0,0.08,True,False
化英社,题-HYS-40-07-mathrm明信比尔定律Am.md,实质答案,1000,236,5,0,0,8,1,0.54,True,False
化英社,题-HYS-40-07-单原子催化剂SACs通过将金.md,实质答案,793,776,1,0,0,4,2,0.5,True,False
化英社,题-HYS-40-07-早在1979年研究人员就报道.md,实质答案,1082,446,8,17,0,3,1,0.52,True,False
化英社,题-HYS-40-07-氟原子在有机化学中具有重要的.md,实质答案,547,664,1,4,0,5,5,0.75,True,False
化英社,题-HYS-40-07-闭壳层和开壳层是描述分子或原.md,实质答案,535,869,4,10,0,5,6,0.03,True,False
化英社,题-HYS-40-08-2023年10月Alexan.md,实质答案,674,99,11,13,0,7,1,0.17,True,False
化英社,题-HYS-40-08-81薄层色谱TLC是有机合成.md,实质答案,816,59,1,2,0,3,1,0.1,True,False
化英社,题-HYS-40-08-在2026年化英社春季班中S.md,实质答案,542,99,6,15,0,1,0,0.06,True,False
化英社,题-HYS-40-08-碘化内酯化反应可以在温和条件.md,实质答案,338,393,7,14,0,3,3,0.79,True,False
化英社,题-HYS-40-08-高镍层状氧化物如图是下一代高.md,实质答案,962,411,2,1,0,9,4,0.49,True,False
化英社,题-HYS-40-09-2025年7月埃默里大学代明.md,实质答案,515,393,2,11,0,6,4,0.45,True,False
化英社,题-HYS-40-09-23Wittig重排是一类重.md,实质答案,676,883,5,11,0,4,4,0.61,True,False
化英社,题-HYS-40-09-91在碘存在下研究人员实现了.md,实质答案,556,27,5,7,0,3,1,0.5,True,False
化英社,题-HYS-40-09-自由基有机反应的历史可以追溯.md,实质答案,403,77,10,8,0,0,0,0.21,True,False
化英社,题-HYS-40-10-在有机化学中氮氧化物常以亚硝.md,实质答案,737,188,11,16,0,3,2,0.47,True,False
北京夏令营,题-BJLY-01-01-11在酸性条件下可与亚硝酸盐.md,占位标注,246,35,0,0,0,4,0,0.0,True,False
北京夏令营,题-BJLY-01-02-卡宾的活性高度依赖其电子状态.md,占位标注,328,35,0,0,0,3,0,0.0,True,False
北京夏令营,题-BJLY-01-03-元素X是用通常的物理和化学方.md,占位标注,496,35,0,0,0,5,0,0.0,True,False
北京夏令营,题-BJLY-01-04-人们对低价Ge的研究从未停止.md,占位标注,369,35,1,0,0,3,0,0.0,True,False
北京夏令营,题-BJLY-01-05-已知51计算1L100mol.md,占位标注,58,35,0,0,0,2,0,0.0,True,False
北京夏令营,题-BJLY-01-06-元素M的单质性质稳定室温下难.md,占位标注,192,35,0,0,0,3,0,0.0,True,False
北京夏令营,题-BJLY-01-07-71一种三价铝物种与足量的钾.md,占位标注,301,35,1,0,0,5,0,0.0,True,False
北京夏令营,题-BJLY-01-08-81K结构可描述如下正六边形.md,占位标注,376,51,2,0,0,4,0,0.0,True,False
北京夏令营,题-BJLY-02-01-11在白色的上滴加氨水立刻变.md,占位标注,98,35,0,0,0,5,0,0.0,True,False
北京夏令营,题-BJLY-02-02-铬铁矿是一种重要的矿物资源主.md,占位标注,548,35,0,0,0,4,0,0.0,True,False
北京夏令营,题-BJLY-02-03-31已知下列原电池311先向.md,占位标注,152,35,0,0,0,2,0,0.0,True,False
北京夏令营,题-BJLY-02-04-硫化铅是生产铅的主要原料它被.md,占位标注,209,35,0,0,0,4,0,0.0,True,False
北京夏令营,题-BJLY-02-05-V有许多氧化态从而有许多不同.md,占位标注,441,35,2,0,0,3,0,0.0,True,False
北京夏令营,题-BJLY-02-06-1和的干燥空气中煅烧达到平衡.md,占位标注,83,35,0,0,0,0,0,0.0,True,False
北京夏令营,题-BJLY-02-07-在常温常压下金属锂与生成红棕.md,占位标注,356,35,1,0,0,0,0,0.0,True,False
北京夏令营,题-BJLY-02-08-称取与32的乙醇溶液混合然后.md,占位标注,201,35,0,0,0,0,0,0.0,True,False
北京夏令营,题-BJLY-02-09-某过渡金属X的单质A在生活中.md,占位标注,378,35,0,0,0,0,0,0.0,True,False
北京夏令营,题-BJLY-02-10-三唑是含有两个碳原子和三个氮.md,占位标注,301,35,1,0,0,0,0,0.0,True,False
北京夏令营,题-BJLY-03-01-11工业上常用LiH和无水反.md,占位标注,156,35,0,0,0,7,0,0.0,True,False
北京夏令营,题-BJLY-03-02-21五氟化砷能与许多含氟的化.md,占位标注,261,35,0,0,0,5,0,0.0,True,False
北京夏令营,题-BJLY-03-03-钨的氮化物因具有优异的化学机.md,占位标注,475,35,0,0,0,7,0,0.0,True,False
北京夏令营,题-BJLY-03-04-尖晶石结构是一种经典的晶体结.md,占位标注,263,35,3,0,0,2,0,0.0,True,False
北京夏令营,题-BJLY-03-05-银量法可以用于测定溶液中的甲.md,占位标注,248,35,0,0,0,5,0,0.0,True,False
北京夏令营,题-BJLY-03-06-通过以下方法可由二茂铁合成乙.md,占位标注,464,35,0,0,0,7,0,0.0,True,False
北京夏令营,题-BJLY-03-07-X是一种橙黄色液体可由对应的.md,占位标注,459,35,0,0,0,3,0,0.0,True,False
北京夏令营,题-BJLY-03-08-硫化氢在生物学中具有至关重要.md,占位标注,341,35,3,0,0,2,0,0.0,True,False
北京夏令营,题-BJLY-03-09-半导体中有两种载流子价带中的.md,占位标注,381,35,1,0,0,3,0,0.0,True,False
北京夏令营,题-BJLY-03-10-101在一个以碳酸钙为主要矿.md,占位标注,752,35,4,0,0,3,0,0.0,True,False
北京夏令营,题-BJLY-04-无机综合-01-铬酸根在工业上有广泛的应用而.md,占位标注,354,39,0,0,0,4,0,0.0,True,False
北京夏令营,题-BJLY-04-无机综合-02-将含的乙醚溶液和混合从逐渐升.md,实质答案,83,23,0,0,0,2,1,0.0,True,False
北京夏令营,题-BJLY-04-无机综合-03-新型锌卟啉金属有机框架结构Z.md,实质答案,460,98,0,2,0,3,4,0.0,True,False
北京夏令营,题-BJLY-04-无机综合-04-在复合卤化物结构的探索中得到.md,实质答案,359,66,1,0,0,6,4,0.0,True,False
北京夏令营,题-BJLY-04-无机综合-05-51二甲基邻甲硫基苯基胂配体.md,实质答案,222,9,1,5,0,2,2,0.0,True,False
北京夏令营,题-BJLY-04-无机综合-06-称取碘酸钾03377g加入4.md,实质答案,343,74,0,0,0,5,4,0.0,True,False
北京夏令营,题-BJLY-04-无机综合-07-有人将纯净的NO气体收集到一.md,实质答案,240,268,0,0,0,3,4,0.02,True,False
北京夏令营,题-BJLY-04-无机综合-08-光合作用是自然界最重要的过程.md,实质答案,273,44,1,0,0,2,2,0.0,True,False
北京夏令营,题-BJLY-04-无机综合-09-多聚磷阳离子早在1986年就.md,实质答案,210,306,1,10,0,4,10,0.0,True,False
北京夏令营,题-BJLY-04-无机综合-10-化合物A可以通过以下方法制备.md,实质答案,384,139,0,6,0,6,6,0.0,True,False
北京夏令营,题-BJLY-05-有机巩固练习一-01-完成下列反应.md,实质答案,9,19,2,1,0,0,0,0.0,True,False
北京夏令营,题-BJLY-05-有机巩固练习一-02-1完成Linoxepin的合.md,占位标注,51,56,3,0,0,0,0,0.0,True,False
北京夏令营,题-BJLY-05-有机巩固练习一-03-31为什么烷烃自由基取代中溴.md,实质答案,211,462,1,2,0,6,7,0.32,True,False
北京夏令营,题-BJLY-05-有机巩固练习一-04-Appel反应和CoeryF.md,实质答案,176,179,2,4,0,4,4,0.68,True,False
北京夏令营,题-BJLY-05-有机巩固练习一-05-1下列分子和醋酸反应速率比较.md,实质答案,317,543,25,17,0,0,0,0.48,True,False
北京夏令营,题-BJLY-05-有机巩固练习一-06-完成下列反应给出中间体提示最.md,实质答案,28,36,0,1,0,0,0,0.0,True,False
北京夏令营,题-BJLY-06-有机巩固练习三-01-烯烃可以在质子酸或Lewis.md,实质答案,91,26,1,2,0,2,2,0.5,True,False
北京夏令营,题-BJLY-06-有机巩固练习三-02-下列反应均生成呋喃类产物请给.md,实质答案,34,20,4,5,0,0,0,0.0,True,False
北京夏令营,题-BJLY-06-有机巩固练习三-03-如下环化反应被称之为Haus.md,实质答案,154,148,5,5,0,0,0,0.75,True,False
北京夏令营,题-BJLY-06-有机巩固练习三-04-化合物A是合成天然产物Lyc.md,实质答案,407,458,5,6,0,4,4,0.62,True,False
北京夏令营,题-BJLY-07-有机巩固练习二-01-完成下列反应xrightar.md,实质答案,9,0,4,4,0,0,0,0.0,True,False
北京夏令营,题-BJLY-07-有机巩固练习二-02-近十余年来自由基化学重新焕发.md,实质答案,378,482,5,5,0,0,0,0.63,True,False
北京夏令营,题-BJLY-07-有机巩固练习二-03-吲哚去芳构化在天然产物合成中.md,实质答案,46,20,1,1,0,0,0,0.0,True,False
北京夏令营,题-BJLY-07-有机巩固练习二-04-1小环由于环张力的问题非常不.md,实质答案,370,13,10,14,0,0,0,0.0,True,False
北京夏令营,题-BJLY-07-有机巩固练习二-05-mathrmAmathrmC.md,实质答案,49,4,2,3,0,4,4,0.0,True,False
北京夏令营,题-BJLY-08-有机巩固练习四-01-1N烯丙基或乙酰基烯胺能发生.md,实质答案,177,132,8,7,0,0,0,0.88,True,False
北京夏令营,题-BJLY-08-有机巩固练习四-02-21完成下列反应并写出机理2.md,实质答案,25,8,3,2,0,2,2,0.0,True,False
北京夏令营,题-BJLY-08-有机巩固练习四-03-31写出下列反应中中间体12.md,实质答案,132,44,8,8,0,6,6,0.0,True,False
北京夏令营,题-BJLY-08-有机巩固练习四-04-1一般双取代内稀发生亲电加成.md,实质答案,258,223,4,10,0,3,4,0.79,True,False
北京夏令营,题-BJLY-09-有机综合-01-1下列两组分子发生溶剂解时反.md,实质答案,291,263,19,20,0,0,0,0.61,True,False
北京夏令营,题-BJLY-09-有机综合-02-13二羰基化合物由于其较强的.md,实质答案,371,63,4,4,0,4,3,0.0,True,False
北京夏令营,题-BJLY-09-有机综合-03-Nazarov环化反应早在2.md,实质答案,262,1270,5,25,0,4,0,0.0,True,False
北京夏令营,题-BJLY-09-有机综合-04-1烷烃的光卤代反应是烷烃最重.md,占位标注,422,53,3,0,0,0,0,0.0,True,False
北京夏令营,题-BJLY-09-有机综合-05-仔细比较下列两33迁移反应条.md,实质答案,292,159,11,8,0,0,0,0.7,True,False
北京夏令营,题-BJLY-09-有机综合-06-Pummerer重排是用乙酸.md,实质答案,743,71,4,4,0,5,4,0.0,True,False
北京夏令营,题-BJLY-09-有机综合-07-完成下列反应配图缺失Mine.md,占位标注,20,39,3,0,0,0,0,0.0,True,False
北京夏令营,题-BJLY-09-有机综合-08-81完成下列反应82完成下列.md,实质答案,54,49,3,2,0,5,0,0.0,True,False
壹尖培优,题-YJ-01-01-11钛单质溶于热的HCl溶液.md,实质答案,298,41,0,0,0,6,6,0.0,True,False
壹尖培优,题-YJ-01-01-在标准液的标定实验的操作过程.md,实质答案,786,59,0,0,0,6,5,0.0,True,False
壹尖培优,题-YJ-01-01-本题可能用到的缩写DMAP4.md,实质答案,471,592,8,15,0,6,6,0.66,True,False
壹尖培优,题-YJ-01-02-21从离子开始已知碳原子的第.md,实质答案,879,152,6,0,0,5,6,0.0,True,False
壹尖培优,题-YJ-01-02-与的相互转化是讨论化学平衡问.md,实质答案,300,293,0,0,0,6,7,0.0,True,False
壹尖培优,题-YJ-01-02-极性反转是最有效的有机合成方.md,实质答案,438,566,7,15,0,3,3,0.67,True,False
壹尖培优,题-YJ-01-03-31一种含Ga配合物的合成一.md,实质答案,413,504,0,4,0,1,10,0.0,True,False
壹尖培优,题-YJ-01-03-本题可能用到的缩写DIAD偶.md,实质答案,628,913,4,10,0,3,3,0.61,True,False
壹尖培优,题-YJ-01-03-黄金作为广为人知的贵金属因色.md,实质答案,1077,126,1,0,0,9,7,0.0,True,False
壹尖培优,题-YJ-01-04-硒元素被誉为生命之火在电子和.md,实质答案,771,255,3,3,0,5,5,0.0,True,False
壹尖培优,题-YJ-01-04-硝基甲烷作为简单结构的大宗工.md,实质答案,571,45,2,2,0,3,0,0.0,True,False
壹尖培优,题-YJ-01-04-钙钛矿型固体可以作为固体氧化.md,实质答案,880,215,0,0,0,9,7,0.0,True,False
壹尖培优,题-YJ-01-05-51用可以制成从可见光红外光.md,实质答案,326,99,2,0,0,2,2,0.0,True,False
壹尖培优,题-YJ-01-05-Claisen重排最早由Cl.md,实质答案,279,348,6,4,0,4,4,0.62,True,False
壹尖培优,题-YJ-01-05-能形成不同的晶型以下是部分晶.md,实质答案,141,61,7,0,0,4,4,0.0,True,False
壹尖培优,题-YJ-01-06-61比较下列物质在亲核取代反.md,实质答案,78,133,9,0,0,4,4,0.0,True,False
壹尖培优,题-YJ-01-06-DMF是有机反应中被广泛使用.md,实质答案,556,572,9,26,0,3,3,0.72,True,False
壹尖培优,题-YJ-01-06-设理想气体被密封在一个带活塞.md,实质答案,410,102,0,0,0,4,4,0.0,True,False
壹尖培优,题-YJ-01-07-71观察以下反应已知该反应的.md,实质答案,258,18,4,4,0,4,4,0.0,True,False
壹尖培优,题-YJ-01-07-提示本题不需要额外的数学物理.md,实质答案,414,127,0,0,0,3,4,0.0,True,False
壹尖培优,题-YJ-01-08-81Wittig反应通过控制.md,实质答案,364,221,5,12,0,3,4,0.0,True,False
壹尖培优,题-YJ-01-08-在20世纪Stocks等按以.md,实质答案,138,126,0,0,0,0,0,0.0,True,False
壹尖培优,题-YJ-01-09-人们对亚硝酸盐的生理化学越来.md,实质答案,608,158,1,1,0,5,4,0.0,True,False
壹尖培优,题-YJ-02-01-11选出以下共振式对真实分子.md,实质答案,605,502,54,3,0,0,0,0.42,True,False
壹尖培优,题-YJ-02-01-取铜板尺寸为分别在设定为的加.md,实质答案,752,411,0,1,0,3,2,0.02,True,False
壹尖培优,题-YJ-02-01-金属M的某种氢氧化物A溶于氢.md,实质答案,359,25,2,0,0,4,4,0.0,True,False
壹尖培优,题-YJ-02-02-21比较以下分子中框出的CO.md,实质答案,231,569,7,1,0,0,0,0.31,True,False
壹尖培优,题-YJ-02-02-已知醋酸HAc的21向的HA.md,实质答案,198,196,0,0,0,3,4,0.0,True,False
壹尖培优,题-YJ-02-02-酸雨是指pH小于56的降水主.md,实质答案,439,93,0,0,0,4,7,0.0,True,False
壹尖培优,题-YJ-02-03-31以下转化可看作经五元并环.md,实质答案,274,265,6,13,0,0,0,0.71,True,False
壹尖培优,题-YJ-02-03-一种锰的氧化物晶体化学式为其.md,实质答案,272,79,0,0,0,5,6,0.0,True,False
壹尖培优,题-YJ-02-03-超单体是指通过非共价相互作用.md,实质答案,411,205,3,4,0,2,3,0.0,True,False
壹尖培优,题-YJ-02-04-41用三氯化铁催化熔融的硫单.md,实质答案,262,66,0,0,0,4,6,0.0,True,False
壹尖培优,题-YJ-02-04-41给出以下反应的关键中间体.md,实质答案,176,276,3,12,0,0,0,0.5,True,False
壹尖培优,题-YJ-02-04-三元化合物A和B具有同样的元.md,实质答案,295,294,2,6,0,4,5,0.0,True,False
壹尖培优,题-YJ-02-05-51经典的Mannich反应.md,实质答案,508,472,7,7,0,0,0,0.62,True,False
壹尖培优,题-YJ-02-05-乙酸乙酯在碱性条件下可以发生.md,实质答案,180,107,0,0,0,3,4,0.0,True,False
壹尖培优,题-YJ-02-05-多金属纳米颗粒材料简称MMN.md,实质答案,486,168,0,2,0,5,5,0.0,True,False
壹尖培优,题-YJ-02-06-61请写出以下反应中间体A的.md,实质答案,84,73,2,9,0,2,2,0.0,True,False
壹尖培优,题-YJ-02-06-下列反应在不同溶剂中结果不同.md,实质答案,89,18,1,1,0,0,0,0.0,True,False
壹尖培优,题-YJ-02-06-下图示意了一种砖红色顺磁性化.md,实质答案,283,71,1,0,0,6,6,0.0,True,False
壹尖培优,题-YJ-02-07-71回答下列问题711为什么.md,实质答案,439,133,4,11,0,4,4,0.0,True,False
壹尖培优,题-YJ-02-07-和单质汞可以发生归中反应将其.md,实质答案,289,186,0,0,0,4,4,0.0,True,False
壹尖培优,题-YJ-02-07-近来有人报道了高产率的串联环.md,实质答案,210,423,2,18,0,0,0,0.12,True,False
壹尖培优,题-YJ-02-08-光化学在自然界和日常生活中扮.md,实质答案,782,98,10,12,0,3,3,0.0,True,False
壹尖培优,题-YJ-02-08-在最密堆积的原子排列中可以形.md,实质答案,442,135,4,1,0,3,3,0.0,True,False
壹尖培优,题-YJ-02-08-红花五味子中分离的Rubri.md,实质答案,324,304,2,9,0,0,0,0.27,True,False
壹尖培优,题-YJ-02-09-波尔模型是第一个成功的量子原.md,实质答案,687,330,0,0,0,4,4,0.0,True,False
壹尖培优,题-YJ-03-01-11比较下列化合物沸点的大小.md,实质答案,89,91,18,17,0,5,5,0.88,True,False
壹尖培优,题-YJ-03-01-重铬酸钾是分析化学中常用的试.md,实质答案,483,110,1,0,0,2,2,0.0,True,False
壹尖培优,题-YJ-03-02-21写出以下反应后处理后的产.md,实质答案,168,419,6,12,0,4,4,0.34,True,False
壹尖培优,题-YJ-03-02-CaCr和N的三元化合物A沿.md,实质答案,520,209,0,6,0,5,7,0.0,True,False
壹尖培优,题-YJ-03-03-Smiles重排反应是一种经.md,实质答案,185,199,3,14,0,3,3,0.74,True,False
壹尖培优,题-YJ-03-03-金属元素M的希腊文意为铅来源.md,实质答案,623,89,3,3,0,6,6,0.0,True,False
壹尖培优,题-YJ-03-04-不知道您是否有这样的体验深夜.md,实质答案,712,258,2,0,0,4,4,0.0,True,False
壹尖培优,题-YJ-03-04-环加成反应是构建环状分子的经.md,实质答案,242,282,7,14,0,2,2,0.84,True,False
壹尖培优,题-YJ-03-05-异腈今些年来受到了有机化学家.md,实质答案,228,235,3,8,0,4,4,0.93,True,False
壹尖培优,题-YJ-03-05-苯并硼杂环丙烯是一类具有并休.md,实质答案,404,73,2,12,0,2,4,0.0,True,False
壹尖培优,题-YJ-03-06-61如下所示的BIDIME是.md,实质答案,454,44,2,0,0,3,3,0.0,True,False
壹尖培优,题-YJ-03-06-不饱和醛酮是有机化合物中一种.md,实质答案,566,593,5,9,0,3,3,0.79,True,False
壹尖培优,题-YJ-03-07-DNA分子作为人体内极其重要.md,实质答案,553,239,8,11,0,3,3,0.0,True,False
壹尖培优,题-YJ-03-07-环己烷并三奎烷型天然产物由于.md,实质答案,409,478,4,11,0,2,2,0.84,True,False
壹尖培优,题-YJ-03-08-jiadifenolide被.md,实质答案,180,109,3,9,0,3,3,0.0,True,False
壹尖培优,题-YJ-03-08-有机反应立体选择性的控制一直.md,实质答案,330,505,4,11,0,4,4,0.64,True,False
壹尖培优,题-YJ-03-09-菲啶酮是一种重要的特殊结构单.md,实质答案,391,447,3,9,0,3,3,0.84,True,False
壹尖培优,题-YJ-04-01-11与按不同的比例反应可以生.md,实质答案,348,55,0,2,0,4,4,0.0,True,False
壹尖培优,题-YJ-04-02-元素M的单质及其化合物在日常.md,实质答案,338,223,0,0,0,3,3,0.0,True,False
壹尖培优,题-YJ-04-03-稀酸溶液中奎宁具有很强的荧光.md,实质答案,555,303,0,0,0,2,2,0.05,True,False
壹尖培优,题-YJ-04-04-41氮杂环卡宾NHCs的类似.md,实质答案,422,15,2,11,0,2,2,0.0,True,False
壹尖培优,题-YJ-04-05-化学式为的三元金属硼化物中部.md,实质答案,261,49,1,2,0,5,5,0.0,True,False
壹尖培优,题-YJ-04-06-一般地我们可以通过基团加和法.md,实质答案,364,136,3,8,0,4,5,0.0,True,False
壹尖培优,题-YJ-04-07-有机膦化合物因其具有明显的亲.md,实质答案,163,92,3,10,0,3,3,0.0,True,False
壹尖培优,题-YJ-04-08-本题要求立体化学中药甘遂为大.md,实质答案,413,142,2,15,0,6,6,0.0,True,False
壹尖培优,题-YJ-05-01-火焰切割即气切割是钢板粗加工.md,实质答案,247,196,0,0,0,0,0,0.0,True,False
壹尖培优,题-YJ-05-02-一种第七周期金属元素M与氧和.md,实质答案,240,186,0,0,0,6,6,0.0,True,False
壹尖培优,题-YJ-05-03-圆二色性作为常见的光学效应已.md,实质答案,788,255,3,3,0,2,2,0.02,True,False
壹尖培优,题-YJ-05-04-在整个冷战期间苏联705型核.md,实质答案,853,238,0,0,0,3,6,0.0,True,False
壹尖培优,题-YJ-05-05-对主族元素的多重键的探讨一直.md,实质答案,495,380,5,13,0,4,9,0.0,True,False
壹尖培优,题-YJ-05-06-降冰片烯中的不饱和碳碳键具有.md,实质答案,354,319,4,7,0,5,5,0.0,True,False
壹尖培优,题-YJ-05-07-Seventhousandp.md,实质答案,442,85,5,12,0,4,4,0.0,True,False
壹尖培优,题-YJ-05-08-本题要求立体化学81画出由A.md,实质答案,196,70,1,8,0,4,4,0.0,True,False
壹尖培优,题-YJ-06-01-根据所给条件按照要求书写反应.md,实质答案,396,38,0,0,0,4,4,0.0,True,False
壹尖培优,题-YJ-06-02-库仑滴定法是基于电解过程的分.md,实质答案,884,471,0,0,0,2,2,0.0,True,False
壹尖培优,题-YJ-06-03-浓差电池是电池中的一种其电动.md,实质答案,188,110,0,0,0,4,4,0.0,True,False
壹尖培优,题-YJ-06-04-自由基阴离子作为单电子还原小.md,实质答案,660,444,1,6,0,4,7,0.0,True,False
壹尖培优,题-YJ-06-05-As的结构可以看成是由无数个.md,实质答案,487,112,2,2,0,3,3,0.05,True,False
壹尖培优,题-YJ-06-06-碳杂多重键包括羰基和氰基等重.md,实质答案,205,128,3,21,0,3,7,0.0,True,False
壹尖培优,题-YJ-06-07-经连续邻位稠合的多环芳烃称为.md,实质答案,440,46,6,11,0,4,4,0.0,True,False
壹尖培优,题-YJ-06-08-811丙烯水溶液在的协同催化.md,实质答案,368,84,4,10,0,4,4,0.0,True,False
壹尖培优,题-YJ-07-01-11请解释为什么和的酸性依次.md,实质答案,386,319,0,0,0,4,9,0.0,True,False
壹尖培优,题-YJ-07-02-如下图展示了一种由NaNpF.md,实质答案,311,103,1,0,0,5,5,0.0,True,False
壹尖培优,题-YJ-07-03-在含金属元素M的溶液中加入酸.md,实质答案,228,363,0,0,0,3,4,0.0,True,False
壹尖培优,题-YJ-07-04-一种合金样品的主要成分为Al.md,实质答案,302,132,0,0,0,5,5,0.0,True,False
壹尖培优,题-YJ-07-05-近年来利用低价主族元素特殊反.md,实质答案,542,264,1,10,0,5,5,0.43,True,False
壹尖培优,题-YJ-07-06-61酮酸类化合物易发生脱羧反.md,实质答案,265,136,4,8,0,3,3,0.0,True,False
壹尖培优,题-YJ-07-07-在芳香性世界的边缘存在一类反.md,实质答案,580,357,3,6,0,6,6,0.0,True,False
壹尖培优,题-YJ-07-08-2016年某课题组在探究Ca.md,实质答案,129,25,1,8,0,3,3,0.0,True,False
壹尖培优,题-YJ-08-01-粉色固体A在C下加热生成蓝色.md,实质答案,290,98,0,0,0,3,3,0.0,True,False
壹尖培优,题-YJ-08-02-Mg和Cu能够形成一种经典合.md,实质答案,218,44,1,1,0,4,4,0.0,True,False
壹尖培优,题-YJ-08-03-311五水硫酸铜在298K下.md,实质答案,218,116,0,0,0,2,2,0.0,True,False
壹尖培优,题-YJ-08-04-在有机化学的世界里苯环因其芳.md,实质答案,294,30,1,6,0,4,4,0.0,True,False
壹尖培优,题-YJ-08-05-某酸性试液中含有一定量苯酚现.md,实质答案,331,131,0,1,0,5,5,0.0,True,False
壹尖培优,题-YJ-08-06-近年来厦门大学的研究团队报道.md,实质答案,416,206,1,7,0,3,3,0.1,True,False
壹尖培优,题-YJ-08-07-71阅读以下反应路线图711.md,实质答案,218,26,4,8,0,2,2,0.0,True,False
壹尖培优,题-YJ-08-08-硝基芳烃在光照条件下易被激发.md,实质答案,218,79,7,22,0,4,4,0.0,True,False
壹尖培优,题-YJ-08-09-Part1反应91已知下列反.md,实质答案,215,152,8,9,0,2,2,0.0,True,False
壹尖培优,题-YJ-09-01-1951年化学家首次在实验室.md,实质答案,298,21,0,0,0,6,6,0.0,True,False
壹尖培优,题-YJ-09-02-某非金属元素X是植物生长发育.md,实质答案,225,35,1,0,0,4,4,0.0,True,False
壹尖培优,题-YJ-09-03-某立方晶系的复合金属氧化物晶.md,实质答案,176,49,1,0,0,5,5,0.0,True,False
壹尖培优,题-YJ-09-04-为了定量检测工厂废水池中的重.md,实质答案,752,136,1,0,0,8,8,0.0,True,False
壹尖培优,题-YJ-09-05-羰基是有机化学的当中一类非常.md,实质答案,502,57,0,15,0,4,8,0.0,True,False
壹尖培优,题-YJ-09-06-费托合成FischerTro.md,实质答案,479,40,1,8,0,4,4,0.0,True,False
壹尖培优,题-YJ-09-07-71画出此反应的环状中间体A.md,实质答案,209,19,13,3,0,5,4,0.0,True,False
壹尖培优,题-YJ-09-09-缩写注释Imidazole咪.md,实质答案,230,63,1,10,0,3,3,0.0,True,False
壹尖培优,题-YJ-10-01-液氨是人们最熟悉的研究得最充.md,实质答案,512,312,0,0,0,3,3,0.0,True,False
壹尖培优,题-YJ-10-02-1943年GeorgedeH.md,实质答案,367,158,0,0,0,5,5,0.0,True,False
壹尖培优,题-YJ-10-03-下午所示为某六方晶系混合金属.md,实质答案,240,70,1,0,0,6,6,0.0,True,False
壹尖培优,题-YJ-10-04-锕系元素的亚胺基配合物因其在.md,实质答案,662,260,1,3,0,4,4,0.0,True,False
壹尖培优,题-YJ-10-05-你在实验室中尝试通过酯化反应.md,实质答案,417,215,1,0,0,5,6,0.0,True,False
壹尖培优,题-YJ-10-06-61指出下列化合物是否具有手.md,实质答案,38,22,2,0,0,2,2,0.0,True,False
壹尖培优,题-YJ-10-07-芳烃的烷基化是化学合成中最具.md,实质答案,424,124,5,11,0,2,2,0.0,True,False
壹尖培优,题-YJ-10-08-自1978年Buta等人从三.md,实质答案,329,34,3,10,0,2,2,0.0,True,False
壹尖培优,题-YJ-11-01-某非金属单质A在常温常压下为.md,实质答案,392,86,0,2,0,5,5,0.0,True,False
壹尖培优,题-YJ-11-02-稀有气体的化合物始终是无机合.md,实质答案,303,74,0,0,0,2,2,0.0,True,False
壹尖培优,题-YJ-11-03-金属元素X与非金属元素Y在元.md,实质答案,312,164,0,0,0,4,4,0.0,True,False
壹尖培优,题-YJ-11-04-镧系元素通常呈现3价对应的配.md,实质答案,393,176,1,2,0,5,5,0.0,True,False
壹尖培优,题-YJ-11-05-为降低含硫化合物的排放减少对.md,实质答案,737,206,0,0,0,3,3,0.0,True,False
壹尖培优,题-YJ-11-06-元素A和B具有相同的价电子构.md,实质答案,363,330,0,10,0,3,14,0.0,True,False
壹尖培优,题-YJ-11-07-71甲苯的偶极矩为043D硝.md,实质答案,200,129,3,2,0,5,6,0.0,True,False
壹尖培优,题-YJ-11-08-消除反应是有机化学中一种重要.md,实质答案,235,96,5,7,0,5,5,0.0,True,False
壹尖培优,题-YJ-11-09-从生源合成路线中发掘全新的合.md,实质答案,327,80,3,8,0,5,5,0.0,True,False
壹尖培优,题-YJ-12-01-已知以下几种氟化物在室温下均.md,实质答案,134,34,0,0,0,5,5,0.0,True,False
壹尖培优,题-YJ-12-02-近年来二维单层黑磷Phosp.md,实质答案,468,258,0,0,0,3,3,0.0,True,False
壹尖培优,题-YJ-12-03-磷酸二氢钾KDP晶体是一种优.md,实质答案,832,442,5,0,0,4,4,0.0,True,False
壹尖培优,题-YJ-12-04-1931年Hckel以简洁的.md,实质答案,738,369,0,6,0,5,5,0.0,True,False
壹尖培优,题-YJ-12-05-伦敦色散力Londondis.md,实质答案,948,512,7,2,0,5,8,0.0,True,False
壹尖培优,题-YJ-12-06-61请按照酸性从强到弱给以下.md,实质答案,301,295,13,7,0,5,5,0.0,True,False
壹尖培优,题-YJ-12-07-71下面的反应能否正常发生如.md,实质答案,291,220,5,8,0,5,8,0.0,True,False
壹尖培优,题-YJ-12-08-ErickMCarreira.md,实质答案,179,72,2,5,0,3,3,0.0,True,False
壹尖培优,题-YJ-13-01-M是天然存在的元素中最后一个.md,实质答案,416,91,3,1,0,5,5,0.0,True,False
壹尖培优,题-YJ-13-02-生物无机化学是无机化学的重要.md,实质答案,1455,367,2,14,0,6,9,0.0,True,False
壹尖培优,题-YJ-13-03-在某些中性化合物中由于特殊的.md,实质答案,513,42,2,9,0,3,3,0.14,True,False
壹尖培优,题-YJ-13-04-直觉上由刚性砌块有序堆叠而成.md,实质答案,771,208,1,1,0,4,5,0.0,True,False
壹尖培优,题-YJ-13-05-荆芥内酯Nepetalact.md,实质答案,333,68,2,8,0,4,4,0.0,True,False
壹尖培优,题-YJ-13-06-萜类化合物是自然界中最大一类.md,实质答案,445,221,4,9,0,3,3,0.0,True,False
壹尖培优,题-YJ-13-07-金刚石是碳最具有代表性的同素.md,实质答案,458,172,4,11,0,5,5,0.0,True,False
壹尖培优,题-YJ-19-01-11二元氧化物X是黄色固体常.md,占位标注,940,35,0,0,0,3,0,0.0,True,False
壹尖培优,题-YJ-19-02-21叠氮阴离子拥有两个等长的.md,占位标注,235,35,0,0,0,4,0,0.0,True,False
壹尖培优,题-YJ-19-03-理论计算表明高压下Rb可以形.md,占位标注,208,35,1,0,0,6,0,0.0,True,False
壹尖培优,题-YJ-19-04-AH是含金属M的一系列化合物.md,占位标注,370,46,1,0,0,4,0,0.0,True,False
壹尖培优,题-YJ-19-05-交互式舷窗利用有机染料分子在.md,占位标注,1032,35,4,0,0,2,0,0.0,True,False
壹尖培优,题-YJ-19-06-硼酸盐晶体是一类重要的无机化.md,占位标注,634,46,2,0,0,2,0,0.0,True,False
壹尖培优,题-YJ-19-07-地球大气经历长时间的演变最终.md,占位标注,617,35,0,0,0,2,0,0.0,True,False
壹尖培优,题-YJ-19-08-81利用点击化学反应研究人员.md,占位标注,1010,35,3,0,0,4,0,0.0,True,False
方圆,题-FY-01-01-11标出下列物质中手性碳的R.md,实质答案,66,68,7,7,0,3,3,0.0,True,False
方圆,题-FY-01-01-人的身体由许许多多原子组成它.md,实质答案,600,698,0,0,0,3,3,0.76,True,False
方圆,题-FY-01-01-舞是中国古人对磷火现象的早期.md,实质答案,466,30,4,6,0,3,5,0.0,True,False
方圆,题-FY-01-01-铀Uranium是最重要的天.md,实质答案,676,360,0,6,0,5,4,0.0,True,False
方圆,题-FY-01-02-21beginarraycm.md,占位标注,25,42,7,1,0,5,0,0.0,True,False
方圆,题-FY-01-02-焕焕取代孙多成张飞等值取代2.md,占位标注,49,35,1,0,0,0,0,0.0,True,False
方圆,题-FY-01-02-电催化二氧化碳还原ECR作为.md,实质答案,1141,142,3,0,0,3,5,0.0,True,False
方圆,题-FY-01-02-金属有机框架MetalOrg.md,实质答案,789,765,14,4,0,3,6,0.0,True,False
方圆,题-FY-01-02-随着化学的发展许多多面体形状.md,实质答案,1524,1786,12,27,0,7,7,0.77,True,False
方圆,题-FY-01-03-31化合物在酸性水溶液中转变.md,实质答案,194,14,0,13,0,2,2,0.0,True,False
方圆,题-FY-01-03-wwwfangyuanedu.md,占位标注,192,35,4,0,0,2,0,0.0,True,False
方圆,题-FY-01-03-在农业生态系统中如果把作物秸.md,实质答案,946,1093,0,3,0,3,7,0.42,True,False
方圆,题-FY-01-03-最近研究人员以硼功能化七磷化.md,实质答案,328,82,4,8,0,3,3,0.0,True,False
方圆,题-FY-01-03-血液是生物体循环系统的主要载.md,实质答案,546,432,0,0,0,2,3,0.0,True,False
方圆,题-FY-01-04-41比较下列化合物的酸性由强.md,实质答案,96,62,21,13,0,5,10,0.0,True,False
方圆,题-FY-01-04-41考虑一个A到B的转化过程.md,实质答案,169,192,3,0,0,2,2,0.0,True,False
方圆,题-FY-01-04-在碳的有机化学中卡宾和卡拜是.md,实质答案,301,34,2,3,0,4,4,0.0,True,False
方圆,题-FY-01-04-多环芳烃PAHs是大气污染物.md,实质答案,934,348,3,0,0,4,6,0.0,True,False
方圆,题-FY-01-05-51X是某天然矿物的主要成分.md,实质答案,431,745,2,7,0,2,5,0.55,True,False
方圆,题-FY-01-05-51给出中间产物A以及关键中.md,占位标注,109,35,4,0,0,3,0,0.0,True,False
方圆,题-FY-01-05-下图所示的是CuO沿三个轴向.md,实质答案,135,671,3,4,0,5,5,0.0,True,False
方圆,题-FY-01-05-第一部分蓝51普鲁士蓝PBK.md,实质答案,734,139,2,2,0,7,6,0.0,True,False
方圆,题-FY-01-06-611在一个萃取过程中体系的.md,实质答案,279,336,0,0,0,3,3,0.7,True,False
方圆,题-FY-01-06-61以下是某有机物的合成路线.md,占位标注,159,35,4,0,0,2,0,0.0,True,False
方圆,题-FY-01-06-储气库是大量天然气的储存设施.md,实质答案,562,204,1,0,0,4,4,0.0,True,False
方圆,题-FY-01-06-某些具有特殊结构的Lewis.md,实质答案,375,509,3,3,0,2,5,0.0,True,False
方圆,题-FY-01-07-71为下列反应的立体选择性提.md,实质答案,158,44,6,0,0,6,6,0.0,True,False
方圆,题-FY-01-07-71对比下列消除反应的速率A.md,实质答案,144,207,9,7,0,6,6,0.42,True,False
方圆,题-FY-01-07-71排序化合物ABC离去OT.md,实质答案,138,589,7,3,0,7,5,0.0,True,False
方圆,题-FY-01-07-71鉴别以下化合物写出鉴定的.md,实质答案,101,338,10,0,0,4,4,0.0,True,False
方圆,题-FY-01-08-81Carreira课题组在.md,实质答案,287,156,5,15,0,6,4,0.0,True,False
方圆,题-FY-01-08-81Masahiro课题组开.md,实质答案,199,357,6,13,0,5,5,0.33,True,False
方圆,题-FY-01-08-81某课题组在研究AuI催化.md,实质答案,285,158,6,6,0,7,7,0.0,True,False
方圆,题-FY-01-08-81沸石即止暴剂或助沸剂为什.md,占位标注,494,35,0,0,0,3,0,0.0,True,False
方圆,题-FY-01-09-Grignardreagen.md,实质答案,288,14,4,11,0,2,2,0.0,True,False
方圆,题-FY-01-09-NorrishII型反应在合.md,实质答案,283,354,5,7,0,4,3,0.0,True,False
方圆,题-FY-01-09-亲核性碱性二对H亲核性Gri.md,占位标注,292,35,5,0,0,2,0,0.0,True,False
方圆,题-FY-01-09-异腈是腈类化合物的异构体其官.md,实质答案,426,146,5,6,0,5,5,0.0,True,False
方圆,题-FY-01-09-烯酮是具有高度活性和选择性的.md,实质答案,353,575,6,14,0,4,4,0.46,True,False
方圆,题-FY-02-01-在的存在下DMFNN二甲基甲.md,占位标注,176,47,4,0,0,3,0,0.0,True,False
方圆,题-FY-02-03-葡萄糖是一种非常常见的化合物.md,实质答案,398,167,1,4,0,4,0,0.03,True,False
方圆,题-FY-02-04-41写出下列反应中中间体12.md,实质答案,778,508,7,22,0,2,3,0.02,True,False
方圆,题-FY-02-07-在有机化学的学习过程中掌握基.md,实质答案,639,448,5,5,0,4,4,0.0,True,False
方圆,题-FY-02-07-质子泵抑制剂PPI是目前治疗.md,实质答案,353,192,6,6,0,5,2,0.51,True,False
方圆,题-FY-02-08-Appel反应和CoeryF.md,实质答案,187,45,4,3,0,4,1,0.0,True,False
方圆,题-FY-02-08-通过改变官能团的亲核或亲电反.md,实质答案,475,74,10,1,0,5,3,0.0,True,False
方圆,题-FY-02-09-2023年8月日本东京大学的.md,占位标注,352,35,1,0,0,5,0,0.0,True,False
方圆,题-FY-02-09-已知一维势箱中粒子的能量为封.md,实质答案,331,361,7,6,0,6,2,0.06,True,False
方圆,题-FY-02-10-101在过去的二十年中均相金.md,实质答案,359,98,3,2,0,6,2,0.0,True,False
方圆,题-FY-08-01-11SiC俗名金刚砂是一种极.md,实质答案,342,91,4,0,0,4,4,0.0,True,False
方圆,题-FY-08-02-对大多数化学反应而言液相气相.md,实质答案,571,203,0,5,0,6,3,0.0,True,False
方圆,题-FY-08-03-铈是一种常用的强氧化剂因其还.md,实质答案,330,98,0,0,0,3,2,0.0,True,False
方圆,题-FY-08-04-随着我国双碳战略的实施二氧化.md,实质答案,314,113,0,0,0,5,4,0.0,True,False
方圆,题-FY-08-05-有机无机杂化材料Organi.md,实质答案,607,65,2,0,0,5,5,0.0,True,False
方圆,题-FY-08-06-某元素X的黄色含氯化合物A能.md,实质答案,471,16,0,5,0,6,3,0.0,True,False
方圆,题-FY-08-07-Perkin反应是一个非常经.md,实质答案,407,91,1,2,0,4,7,0.0,True,False
方圆,题-FY-08-08-81试比较下列氢的酸性由弱至.md,实质答案,70,92,15,4,0,4,3,0.0,True,False
方圆,题-FY-08-09-91在轨道对称性禁阻的情况下.md,实质答案,243,93,6,5,0,3,4,0.0,True,False
方圆,题-FY-08-10-菲是一种稠环芳烃但其芳香性相.md,实质答案,351,170,4,7,0,3,2,0.45,True,False
方圆,题-FY-09-01-11CuI的电化学已知298.md,实质答案,656,59,0,0,0,5,4,0.0,True,False
方圆,题-FY-09-02-当铜族元素和拟卤素离子能够形.md,实质答案,315,23,0,7,0,6,6,0.0,True,False
方圆,题-FY-09-03-Kagom网格是一种由大量共.md,实质答案,594,58,1,2,0,9,9,0.0,True,False
方圆,题-FY-09-04-某肥料的主要成分是硝酸铵此外.md,实质答案,598,137,0,1,0,7,6,0.0,True,False
方圆,题-FY-09-05-树状高分子dendrimer.md,实质答案,596,386,1,0,0,7,6,0.0,True,False
方圆,题-FY-09-06-丙烯的反应通常会产生一些活性.md,实质答案,474,42,2,2,0,8,8,0.0,True,False
方圆,题-FY-09-07-在平衡条件下蛋白质会不断地折.md,实质答案,444,23,1,0,0,6,5,0.0,True,False
方圆,题-FY-09-08-81卤烷与NaOH在水与乙醇.md,实质答案,442,127,2,4,0,7,8,0.0,True,False
方圆,题-FY-09-09-碎裂化反应是一个非常重要的反.md,实质答案,279,106,4,3,0,4,5,0.0,True,False
方圆,题-FY-09-10-氮杂环辛四烯是一种有趣的化合.md,实质答案,226,28,6,2,0,3,3,0.0,True,False
方圆,题-FY-10-01-11焙烧硫化钼矿石时混有的硫.md,实质答案,281,28,0,1,0,6,5,0.0,True,False
方圆,题-FY-10-02-21现有一工业镀液中含有约0.md,实质答案,468,87,1,0,0,2,2,0.0,True,False
方圆,题-FY-10-03-元素的多核物种总令人惊叹特别.md,实质答案,265,31,1,1,0,2,2,0.0,True,False
方圆,题-FY-10-04-硝酸是一种重要的工业原料可用.md,实质答案,292,34,0,0,0,3,2,0.0,True,False
方圆,题-FY-10-05-一系列通过配体L1与L2连接.md,实质答案,495,184,3,5,0,6,6,0.0,True,False
方圆,题-FY-10-06-分子变色龙特指一类可以通过改.md,实质答案,577,73,1,1,0,3,2,0.0,True,False
方圆,题-FY-10-07-VSEPR理论即价层电子对互.md,实质答案,332,174,0,0,0,4,3,0.0,True,False
方圆,题-FY-10-08-酯化反应作为有机化学中经典的.md,实质答案,327,14,2,2,0,2,4,0.0,True,False
方圆,题-FY-10-09-氮杂环卡宾NHC不仅是配位化.md,实质答案,176,42,3,3,0,3,3,0.0,True,False
方圆,题-FY-11-01-在一个体积为11042L的已.md,实质答案,114,6,0,0,0,0,0,0.0,True,False
方圆,题-FY-11-02-金具有独特的性质和高稳定性在.md,实质答案,462,54,0,0,0,3,3,0.0,True,False
方圆,题-FY-11-03-冰面为什么滑呢其中一种解释说.md,实质答案,339,206,0,1,0,4,4,0.0,True,False
方圆,题-FY-11-04-理查三世是英格兰约克王朝最后.md,实质答案,444,45,0,1,0,4,4,0.0,True,False
方圆,题-FY-11-05-直接燃烧燃料获得热能再将热能.md,实质答案,320,20,0,0,0,3,4,0.0,True,False
方圆,题-FY-11-06-目前人们发现DNA不仅是包含.md,实质答案,264,46,5,3,0,2,3,0.0,True,False
方圆,题-FY-11-07-测定某金属元素M的氯化物Y的.md,实质答案,114,22,0,0,0,0,0,0.0,True,False
方圆,题-FY-11-08-一个容积为2L的烧瓶其中盛有.md,占位标注,213,37,0,0,0,0,0,0.0,True,False
方圆,题-FY-11-09-在自然条件下蛋白质会由所含氨.md,实质答案,333,33,0,0,0,4,2,0.0,True,False
方圆,题-FY-无机专题一-01-11在碱性条件下用还原得到一.md,实质答案,110,0,0,0,0,4,4,0.0,True,False
方圆,题-FY-无机专题一-02-全氮类物质能够分解产生极稳定.md,占位标注,268,42,1,1,0,3,0,0.0,True,False
方圆,题-FY-无机专题一-03-在密封管中将镁粉乙二胺和石墨.md,实质答案,219,11,0,1,0,3,3,0.0,True,False
方圆,题-FY-无机专题一-04-元素A可以与各种卤素形成一系.md,实质答案,549,1,2,2,0,3,3,0.0,True,False
方圆,题-FY-无机专题一-05-从金属晶体的密堆积出发可以认.md,实质答案,440,10,4,0,0,5,3,0.0,True,False
方圆,题-FY-无机专题一-06-固体电解质是具有与强电解质水.md,实质答案,370,105,4,2,0,4,0,0.0,True,False
方圆,题-FY-无机专题一-07-合金为面心立方结构在此结构中.md,实质答案,131,69,1,3,0,4,5,0.42,True,False
方圆,题-FY-无机专题一-08-胰岛素是一种信号激素它在动物.md,实质答案,262,69,0,2,0,3,4,0.0,True,False
方圆,题-FY-无机专题一-09-铁硫蛋白是一类具有传递电子功.md,实质答案,541,27,0,4,0,5,3,0.0,True,False
方圆,题-FY-无机专题一-10-羰基化合物的不对称氢化反应在.md,实质答案,460,155,4,1,0,4,3,0.0,True,False
汇智,题-HZ-01-01-11有的反应看似是取代但实则.md,实质答案,159,236,7,9,0,2,2,0.46,True,False
汇智,题-HZ-01-01-11硅酯A可以由硅化镁或者硅.md,实质答案,378,644,0,0,0,3,3,0.52,True,False
汇智,题-HZ-01-01-从古代炼丹术的神火到拉瓦锡的.md,占位标注,937,72,6,0,0,3,0,0.0,True,False
汇智,题-HZ-01-01-化学热力学理论的发展提供了良.md,实质答案,297,607,0,0,0,6,9,0.42,True,False
汇智,题-HZ-01-01-将通入的溶液得到橙黄色结晶反.md,实质答案,548,646,0,11,0,6,5,0.75,True,False
汇智,题-HZ-01-01-铁是与人类息息相关的一种金属.md,实质答案,547,622,0,0,0,3,3,0.76,True,False
汇智,题-HZ-01-02-21顺铂cisplatin即.md,实质答案,499,738,2,4,0,3,3,0.6,True,False
汇智,题-HZ-01-02-最近过量排放到大气中引起的全.md,实质答案,573,775,0,1,0,3,3,0.66,True,False
汇智,题-HZ-01-02-某无色有机物S在pH860的.md,实质答案,386,622,0,0,0,6,6,0.54,True,False
汇智,题-HZ-01-02-禁带宽度半导体晶体里填满价电.md,实质答案,924,1182,1,1,0,4,4,0.71,True,False
汇智,题-HZ-01-02-非过渡金属M为一种灰白色的金.md,占位标注,524,72,6,0,0,4,0,0.0,True,False
汇智,题-HZ-01-02-高价碘是有机化学中常见的氧化.md,实质答案,109,192,9,14,0,2,2,0.43,True,False
汇智,题-HZ-01-03-31X的某些化合物是熟知的半.md,实质答案,474,871,0,2,0,4,8,0.38,True,False
汇智,题-HZ-01-03-分光光度法又称吸光光度法是建.md,实质答案,368,569,0,0,0,3,5,0.53,True,False
汇智,题-HZ-01-03-本题中所有计算认为标准大气压.md,实质答案,340,500,0,0,0,2,2,0.55,True,False
汇智,题-HZ-01-03-氮和氟都是高电负性的元素其形.md,占位标注,909,35,0,0,0,7,0,0.0,True,False
汇智,题-HZ-01-03-稀溶液的依数性是指溶液某些性.md,实质答案,442,627,0,0,0,5,5,0.63,True,False
汇智,题-HZ-01-03-肟类化合物是众多有机反应的易.md,实质答案,443,546,5,8,0,3,3,0.73,True,False
汇智,题-HZ-01-04-刚玉corundum即是一种.md,实质答案,402,502,2,4,0,3,3,0.62,True,False
汇智,题-HZ-01-04-本题中气体均视为理想气体热容.md,实质答案,164,292,0,0,0,5,5,0.44,True,False
汇智,题-HZ-01-04-氮气的活化是指打断其分子内稳.md,实质答案,583,602,2,11,0,7,7,0.6,True,False
汇智,题-HZ-01-04-随着CH键活化的兴起越来越多.md,实质答案,136,615,6,23,0,2,5,0.15,True,False
汇智,题-HZ-01-04-黏土是一种颜色多样细分散的多.md,实质答案,603,540,0,0,0,4,2,0.52,True,False
汇智,题-HZ-01-05-20世纪70年代可充电锂离子.md,占位标注,518,56,1,0,0,3,0,0.0,True,False
汇智,题-HZ-01-05-AsBgCg能发生反应均为理.md,占位标注,124,35,0,0,0,4,0,0.0,True,False
汇智,题-HZ-01-05-Metalfreesynth.md,占位标注,326,35,3,0,0,3,0,0.0,True,False
汇智,题-HZ-01-05-硼化物是由硼和金属形成的化合.md,实质答案,512,745,7,11,0,3,3,0.56,True,False
汇智,题-HZ-01-05-草酸是一种常见的有机酸常存在.md,实质答案,737,791,1,0,0,3,3,0.85,True,False
汇智,题-HZ-01-05-请在四个选项中选择唯一正确的.md,实质答案,539,558,0,0,0,7,7,0.95,True,False
汇智,题-HZ-01-06-2024年5月8日我国第三艘.md,占位标注,1527,72,8,0,0,8,0,0.0,True,False
汇智,题-HZ-01-06-29815K下考虑如下原电池.md,实质答案,337,538,0,0,0,6,6,0.53,True,False
汇智,题-HZ-01-06-61单一单体的自由基聚合61.md,实质答案,256,397,0,2,0,2,2,0.56,True,False
汇智,题-HZ-01-06-CuI由于具有灵活多变的配位.md,实质答案,445,502,3,5,0,3,3,0.73,True,False
汇智,题-HZ-01-06-一般认为芳环相对于烯烃更难以.md,实质答案,364,582,6,12,0,2,2,0.48,True,False
汇智,题-HZ-01-06-电还原是一种利用可再生电能将.md,实质答案,355,453,0,1,0,3,3,0.65,True,False
汇智,题-HZ-01-07-71按pKa从大到小的顺序将.md,实质答案,341,691,6,5,0,5,6,0.36,True,False
汇智,题-HZ-01-07-71比较下列化合物的酸性从强.md,实质答案,221,516,19,19,0,6,6,0.3,True,False
汇智,题-HZ-01-07-吗啉作为药物合成的重要中间体.md,实质答案,459,796,5,15,0,3,3,0.48,True,False
汇智,题-HZ-01-07-核磁氢谱碳谱是有机化学家们在.md,实质答案,548,709,6,14,0,9,10,0.68,True,False
汇智,题-HZ-01-07-银氨溶液中的主要配位反应为m.md,实质答案,219,442,0,0,0,4,4,0.4,True,False
汇智,题-HZ-01-08-SIVI2H2r04M是一种.md,占位标注,386,56,3,0,0,4,0,0.0,True,False
汇智,题-HZ-01-08-TosMIC试剂即对甲苯磺酰.md,实质答案,250,259,5,14,0,4,3,0.72,True,False
汇智,题-HZ-01-08-在光催化有机化学领域由均相催.md,实质答案,444,541,2,7,0,2,2,0.75,True,False
汇智,题-HZ-01-08-巴比妥酸是一种嘧啶衍生物下8.md,实质答案,310,311,7,10,0,4,4,0.92,True,False
汇智,题-HZ-01-08-现代原子结构理论的建立离不开.md,实质答案,517,834,0,0,0,9,9,0.57,True,False
汇智,题-HZ-01-08-甲醛作为一种常见的1C合成子.md,实质答案,400,417,5,16,0,4,4,0.83,True,False
汇智,题-HZ-01-09-91关于晶格能下列说法正确的.md,占位标注,287,72,2,0,0,4,0,0.0,True,False
汇智,题-HZ-01-09-Mitsunobu反应是一类.md,实质答案,402,515,5,13,0,5,5,0.63,True,False
汇智,题-HZ-01-09-作为经典的不稳定中间体卡宾的.md,实质答案,270,337,3,9,0,3,3,0.62,True,False
汇智,题-HZ-01-09-机械化学是一种强大的技术手段.md,实质答案,292,363,6,12,0,3,3,0.69,True,False
汇智,题-HZ-01-09-某无色有机底物S在酸性水溶液.md,实质答案,520,644,0,1,0,4,4,0.65,True,False
汇智,题-HZ-01-09-自然界存在大量含有反式26二.md,实质答案,389,443,4,13,0,4,4,0.62,True,False
汇智,题-HZ-01-10-exiguolide是一种含.md,实质答案,242,373,4,13,0,3,3,0.41,True,False
汇智,题-HZ-02-01-11下列化合物中哪些能够与T.md,实质答案,765,880,11,11,0,4,5,0.86,True,False
汇智,题-HZ-02-01-1999年化学家通过以下实验.md,占位标注,439,42,0,0,0,6,0,0.0,True,False
汇智,题-HZ-02-01-东汉魏伯阳所著周易参同契被誉.md,实质答案,393,416,0,0,0,3,3,0.88,True,False
汇智,题-HZ-02-01-取代反应是最为基础的一类有机.md,实质答案,128,150,6,9,0,2,2,0.86,True,False
汇智,题-HZ-02-01-在制备第三代半导体氮化镓Ga.md,实质答案,283,402,0,0,0,2,3,0.65,True,False
汇智,题-HZ-02-01-铝Al作为第13族元素其化合.md,实质答案,801,496,1,11,0,3,4,0.0,True,False
汇智,题-HZ-02-02-双羟化反应在有机合成中得到了.md,实质答案,513,788,8,12,0,6,6,0.63,True,False
汇智,题-HZ-02-02-在特种钢材生产中钒V和铬Cr.md,实质答案,483,675,0,0,0,5,7,0.7,True,False
汇智,题-HZ-02-02-对题目21至25所提问题进行.md,实质答案,135,411,0,0,0,5,5,0.26,True,False
汇智,题-HZ-02-02-氢气具有目前已知物质中最高的.md,实质答案,410,823,2,6,0,2,7,0.41,True,False
汇智,题-HZ-02-02-氮气作为工业合成氨的重要原料.md,实质答案,173,288,0,0,0,4,4,0.46,True,False
汇智,题-HZ-02-02-锂硫电池LiSBattery.md,实质答案,652,365,0,0,0,5,5,0.01,True,False
汇智,题-HZ-02-03-乙酸乙酯是常用的有机溶剂广泛.md,实质答案,329,383,0,0,0,3,3,0.71,True,False
汇智,题-HZ-02-03-是近年来被科学家重视的一种电.md,占位标注,175,35,1,0,0,4,0,0.0,True,False
汇智,题-HZ-02-03-氟原子的引入能调节分子的pK.md,实质答案,489,550,4,13,0,3,4,0.87,True,False
汇智,题-HZ-02-03-碳正离子是有机化学中的一类常.md,实质答案,260,362,6,26,0,3,4,0.66,True,False
汇智,题-HZ-02-03-笼目Kagome一词源于日本.md,实质答案,664,706,1,4,0,5,5,0.0,True,False
汇智,题-HZ-02-03-锌碘电池凭借其高安全性低成本.md,实质答案,419,637,0,0,0,4,5,0.63,True,False
汇智,题-HZ-02-04-Nazarov反应作为经典的.md,实质答案,292,385,6,16,0,3,3,0.74,True,False
汇智,题-HZ-02-04-机械化学利用机械力如研磨球磨.md,实质答案,1193,441,1,0,0,6,7,0.01,True,False
汇智,题-HZ-02-04-维生素C又称抗坏血酸是人体不.md,实质答案,418,696,1,2,0,6,9,0.49,True,False
汇智,题-HZ-02-04-苯甲酸简称HBen是常用的食.md,实质答案,610,670,0,0,0,5,8,0.83,True,False
汇智,题-HZ-02-04-蜂窝状层状氧化物由于其独特的.md,实质答案,467,817,0,0,0,6,7,0.54,True,False
汇智,题-HZ-02-04-邻基参与是有机合成中非常常见.md,实质答案,287,429,3,6,0,4,4,0.6,True,False
汇智,题-HZ-02-05-不少有机体系中生成的活性中间.md,实质答案,523,643,9,31,0,4,4,0.77,True,False
汇智,题-HZ-02-05-奎宁分子结构如右图所示是从金.md,实质答案,786,955,0,0,0,5,6,0.76,True,False
汇智,题-HZ-02-05-甲醇被广泛用于聚合物和燃料生.md,实质答案,540,637,0,0,0,4,5,0.84,True,False
汇智,题-HZ-02-05-过氧乙酰硝酸酯简写为PAN是.md,实质答案,566,665,0,0,0,5,5,0.83,True,False
汇智,题-HZ-02-05-金元素由于其显著的相对论效应.md,实质答案,394,479,7,20,0,3,3,0.78,True,False
汇智,题-HZ-02-05-长期以来水系电池由于锰氧化物.md,实质答案,903,798,0,0,0,6,8,0.0,True,False
汇智,题-HZ-02-06-4H吡喃及其衍生物是一类重要.md,实质答案,682,1014,0,4,0,6,6,0.66,True,False
汇智,题-HZ-02-06-61比较ae五种物质示出的氢.md,实质答案,111,253,7,9,0,7,7,0.18,True,False
汇智,题-HZ-02-06-61苹果酸是一种存在于苹果及.md,实质答案,644,976,0,1,0,3,3,0.65,True,False
汇智,题-HZ-02-06-环酮缩醛CKAs是自由基开环.md,实质答案,301,176,4,13,0,3,3,0.0,True,False
汇智,题-HZ-02-06-碘负离子是常见的无机试剂在有.md,实质答案,288,351,5,13,0,4,4,0.78,True,False
汇智,题-HZ-02-06-窄带荧光发射材料的合成是有机.md,实质答案,293,364,2,4,0,4,4,0.76,True,False
汇智,题-HZ-02-07-71根据所学知识完成下列反应.md,占位标注,43,73,2,2,0,1,1,0.15,True,False
汇智,题-HZ-02-07-尿嘧啶是RNA中四种核碱基之.md,实质答案,288,325,2,11,0,5,5,0.84,True,False
汇智,题-HZ-02-07-核苷二磷酸激酶NDPK是生物.md,实质答案,510,550,0,0,0,3,3,0.79,True,False
汇智,题-HZ-02-07-正丁基苯酞NBP是一类人工合.md,实质答案,1276,165,0,1,0,4,5,0.0,True,False
汇智,题-HZ-02-07-用光来调控化学反应具有众多优.md,实质答案,437,504,7,17,0,6,8,0.86,True,False
汇智,题-HZ-02-07-糠醛分子式为是一种常见的芳香.md,实质答案,624,798,0,2,0,5,5,0.73,True,False
汇智,题-HZ-02-08-CBS反应CoreyBaks.md,实质答案,494,522,3,6,0,3,3,0.83,True,False
汇智,题-HZ-02-08-光延反应Mitsunobur.md,实质答案,1432,978,7,12,0,10,4,0.69,True,False
汇智,题-HZ-02-08-双键的直接氧化切断在传统方法.md,实质答案,330,353,8,15,0,3,5,0.9,True,False
汇智,题-HZ-02-08-含有手性季碳中心的化合物如手.md,实质答案,565,94,6,17,0,3,4,0.0,True,False
汇智,题-HZ-02-08-胺类物质所含有的氨基是生物活.md,实质答案,699,822,6,15,0,7,7,0.83,True,False
汇智,题-HZ-02-09-Meldrumsacid米氏.md,实质答案,390,434,5,14,0,4,4,0.82,True,False
汇智,题-HZ-02-09-前列腺素prostaglan.md,占位标注,518,529,3,10,0,3,3,0.89,True,False
汇智,题-HZ-02-09-在有机反应体系内可以夺取电子.md,实质答案,553,126,8,14,0,3,3,0.0,True,False
汇智,题-HZ-03-01-氢气作为一种清洁能源未能得到.md,实质答案,602,667,0,0,0,6,7,0.89,True,False
汇智,题-HZ-03-01-绿色是自然界相当常见的颜色从.md,实质答案,658,724,0,2,0,3,3,0.85,True,False
汇智,题-HZ-03-01-近年来在超临界临界温度临界压.md,实质答案,351,34,0,0,0,3,3,0.0,True,False
汇智,题-HZ-03-02-二硫化合物由于其键能低和高动.md,实质答案,478,68,1,2,0,4,2,0.0,True,False
汇智,题-HZ-03-02-前四周期元素AD常共生对应的.md,实质答案,449,638,0,0,0,4,4,0.66,True,False
汇智,题-HZ-03-02-已知在以下情况下的温度离子强.md,实质答案,92,138,0,0,0,2,1,0.15,True,False
汇智,题-HZ-03-03-31在地球地壳中主族元素A是.md,实质答案,611,606,0,3,0,2,2,0.82,True,False
汇智,题-HZ-03-03-与NIII在化合物中往往能够.md,实质答案,403,50,0,5,0,3,3,0.0,True,False
汇智,题-HZ-03-03-金属Y与铯形成合金时会生成一.md,实质答案,592,666,2,2,0,3,4,0.87,True,False
汇智,题-HZ-03-04-NAD是一种传递质子的辅酶它.md,实质答案,234,238,1,2,0,5,5,0.8,True,False
汇智,题-HZ-03-04-在某隔膜分隔的电化学反应器中.md,实质答案,406,195,0,0,0,3,4,0.0,True,False
汇智,题-HZ-03-04-生物质催化转化是生产各种中间.md,实质答案,540,795,3,3,0,4,4,0.62,True,False
汇智,题-HZ-03-05-Be的经典价态为2价其能够溶.md,实质答案,394,32,2,8,0,3,2,0.0,True,False
汇智,题-HZ-03-05-在晶体学中典型晶体结构类型S.md,实质答案,780,912,0,0,0,3,3,0.79,True,False
汇智,题-HZ-03-05-神经毒素I的原理是结合并抑制.md,实质答案,459,537,1,2,0,5,3,0.83,True,False
汇智,题-HZ-03-06-含有苯环的底物的合成方法之一.md,实质答案,245,318,2,7,0,4,4,0.73,True,False
汇智,题-HZ-03-06-工业上制备氢气的一种方法是于.md,实质答案,174,256,0,0,0,5,4,0.52,True,False
汇智,题-HZ-03-06-麦克斯韦妖Maxwellsd.md,实质答案,939,282,2,0,0,3,5,0.0,True,False
汇智,题-HZ-03-07-71若一个分子既无对称面又无.md,实质答案,201,337,3,10,0,3,3,0.39,True,False
汇智,题-HZ-03-07-配体中至少含有一个氮分子的配.md,实质答案,454,473,0,1,0,4,4,0.88,True,False
汇智,题-HZ-03-07-铁基费托催化剂物相组成复杂主.md,实质答案,579,386,5,4,0,4,12,0.0,True,False
汇智,题-HZ-03-08-81卡宾曾被认为仅能作为不稳.md,实质答案,655,684,5,9,0,2,3,0.9,True,False
汇智,题-HZ-03-08-81比较下列两种化合物发生C.md,实质答案,241,331,15,24,0,3,6,0.65,True,False
汇智,题-HZ-03-08-81环戊烯的张力小于环戊烷的.md,实质答案,334,286,9,4,0,5,5,0.0,True,False
汇智,题-HZ-03-09-1997年分离出的天然产物W.md,实质答案,406,577,4,15,0,2,2,0.57,True,False
汇智,题-HZ-03-09-在一种高张力化合物的合成中研.md,占位标注,178,208,2,2,0,3,3,0.72,True,False
汇智,题-HZ-03-09-金属催化有机化合物偶联反应在.md,实质答案,401,189,6,17,0,4,9,0.0,True,False
汇智,题-HZ-03-10-常见卡宾分为三线态和单线态其.md,实质答案,519,578,6,16,0,4,4,0.8,True,False
汇智,题-HZ-03-10-羰基是有机化合物中的重要发色.md,实质答案,270,52,6,6,0,5,5,0.0,True,False
汇智,题-HZ-04-01-11干燥的HF与金属锗装入耐.md,实质答案,328,352,0,0,0,2,2,0.83,True,False
汇智,题-HZ-04-01-含氟互卤化合物及其性质十分有.md,实质答案,433,133,0,7,0,3,3,0.0,True,False
汇智,题-HZ-04-01-蓝晒工艺由英国科学家赫歇尔于.md,实质答案,749,882,0,3,0,3,3,0.77,True,False
汇智,题-HZ-04-02-21氧化还原滴定法211肼可.md,实质答案,420,536,0,2,0,2,2,0.72,True,False
汇智,题-HZ-04-02-环戊二烯基Cp配体因其可调性.md,实质答案,563,468,2,8,0,2,10,0.0,True,False
汇智,题-HZ-04-02-金属硼化物的制备有还原法固相.md,实质答案,566,678,0,1,0,4,4,0.75,True,False
汇智,题-HZ-04-03-31腈和异腈是有机化学中极其.md,实质答案,451,662,3,10,0,3,3,0.56,True,False
汇智,题-HZ-04-03-分光光度法是一种重要的分析方.md,实质答案,457,513,0,0,0,4,4,0.82,True,False
汇智,题-HZ-04-03-由一种单体进行的聚合叫做均聚.md,实质答案,567,184,0,0,0,3,5,0.0,True,False
汇智,题-HZ-04-04-41石墨是碳热力学最稳定的同.md,实质答案,444,425,2,9,0,2,2,0.79,True,False
汇智,题-HZ-04-04-在25circmathrmC.md,实质答案,365,242,0,0,0,4,5,0.0,True,False
汇智,题-HZ-04-04-某新型荧光染料分子M在紫外光.md,实质答案,538,612,0,0,0,4,3,0.76,True,False
汇智,题-HZ-04-05-临床研究表明某些细菌的致病性.md,实质答案,480,592,1,1,0,5,5,0.69,True,False
汇智,题-HZ-04-05-化学中很多氧化反应与OATo.md,实质答案,226,178,1,4,0,2,1,0.94,True,False
汇智,题-HZ-04-05-某地为了评价自来水水质拟采用.md,实质答案,565,283,1,0,0,5,10,0.0,True,False
汇智,题-HZ-04-06-与一般的卤素不同At0一般以.md,实质答案,326,129,0,0,0,6,6,0.0,True,False
汇智,题-HZ-04-06-元素组成相同的两种常见酸A和.md,实质答案,276,481,0,0,0,3,4,0.51,True,False
汇智,题-HZ-04-06-能够对氮气进行还原功能化的均.md,实质答案,412,505,1,3,0,3,3,0.7,True,False
汇智,题-HZ-04-07-71以下过程被称为Norri.md,实质答案,311,418,7,16,0,2,2,0.61,True,False
汇智,题-HZ-04-07-71将下述化合物按照酸性排序.md,实质答案,588,163,2,4,0,4,3,0.0,True,False
汇智,题-HZ-04-07-对题目71至75所提问题进行.md,实质答案,220,406,3,7,0,7,7,0.36,True,False
汇智,题-HZ-04-08-81以下反应会得到2种含3个.md,实质答案,247,279,4,15,0,2,2,0.78,True,False
汇智,题-HZ-04-08-下述反应通过二氟卡宾的极性反.md,实质答案,178,40,3,5,0,3,2,0.0,True,False
汇智,题-HZ-04-08-有机化学中的脱水剂一般指能够.md,占位标注,229,267,6,7,0,3,3,0.79,True,False
汇智,题-HZ-04-09-91给出下列转换的所有关键中.md,实质答案,389,397,6,15,0,4,4,0.82,True,False
汇智,题-HZ-04-09-Ene反应也被叫做Alder.md,实质答案,405,52,3,10,0,3,3,0.0,True,False
汇智,题-HZ-04-09-氮氧自由基是种类最为丰富的一.md,实质答案,416,419,4,10,0,3,3,0.89,True,False
汇智,题-HZ-05-01-元素铋长久以来一直被认为是原.md,实质答案,508,534,3,8,0,3,3,0.94,True,False
汇智,题-HZ-05-01-在第38届国初中命题者向我们.md,实质答案,899,1021,1,2,0,5,5,0.79,True,False
汇智,题-HZ-05-01-电离能指的是将电子从气态原子.md,占位标注,460,58,0,0,0,5,0,0.0,True,False
汇智,题-HZ-05-02-21对于有机化合物该课题组发.md,实质答案,371,400,2,6,0,2,2,0.86,True,False
汇智,题-HZ-05-02-本题所涉及溶液均视为理想溶液.md,实质答案,265,458,0,0,0,3,4,0.49,True,False
汇智,题-HZ-05-02-注本题所有结果均保留三位有效.md,占位标注,634,58,0,0,0,4,0,0.0,True,False
汇智,题-HZ-05-03-31写出该反应的一个关键中间.md,实质答案,299,230,6,7,0,5,7,0.31,True,False
汇智,题-HZ-05-03-31在一个抽空的容器中放有加.md,实质答案,184,264,0,0,0,2,3,0.69,True,False
汇智,题-HZ-05-03-元素X在东西方都具有悠久的历.md,占位标注,558,69,3,0,0,5,0,0.0,True,False
汇智,题-HZ-05-03-小明在做完铜的反应循环这一实.md,实质答案,290,403,0,0,0,3,4,0.63,True,False
汇智,题-HZ-05-04-41请完成如下的三个反应生成.md,实质答案,391,448,4,14,0,3,3,0.83,True,False
汇智,题-HZ-05-04-二元化合物X由金属元素M与卤.md,实质答案,375,368,0,2,0,8,7,0.72,True,False
汇智,题-HZ-05-04-注为方便表示计算部分的离子浓.md,占位标注,301,35,0,0,0,4,0,0.0,True,False
汇智,题-HZ-05-05-51某小组打算测定一份钛钒合.md,实质答案,350,508,1,0,0,2,2,0.68,True,False
汇智,题-HZ-05-05-传统硫电池通常是基于有机电解.md,实质答案,478,758,3,5,0,3,3,0.55,True,False
汇智,题-HZ-05-05-某印度的科研小组在分隔型电解.md,占位标注,501,58,1,0,0,3,0,0.0,True,False
汇智,题-HZ-05-06-乙烯基叠氮化物是高度通用的合.md,实质答案,209,235,4,16,0,4,5,0.83,True,False
汇智,题-HZ-05-06-小日一天闲来无事研究起了氯化.md,占位标注,404,58,1,0,0,7,0,0.0,True,False
汇智,题-HZ-05-06-金属元素M在人类的科技史中扮.md,实质答案,425,378,2,12,0,6,5,0.86,True,False
汇智,题-HZ-05-07-71羰基是有机反应中被讨论最.md,实质答案,855,1292,21,32,0,8,8,0.55,True,False
汇智,题-HZ-05-07-71频哪醇重排是非常经典的反.md,占位标注,297,74,6,0,0,3,0,0.0,True,False
汇智,题-HZ-05-07-炔烃是简单但重要的有机原料由.md,实质答案,226,195,4,10,0,4,5,1.0,True,False
汇智,题-HZ-05-08-81电化学驱动下的扩环重排是.md,实质答案,763,789,5,17,0,3,3,0.65,True,False
汇智,题-HZ-05-08-NorrishYang光环化.md,占位标注,433,450,3,4,0,3,3,0.9,True,False
汇智,题-HZ-05-08-提示本题不要求酸碱基团的质子.md,占位标注,582,74,4,0,0,4,0,0.0,True,False
汇智,题-HZ-05-09-33迁移具有悠久的历史最经典.md,占位标注,304,74,3,0,0,4,0,0.0,True,False
汇智,题-HZ-05-09-自由基是一类高活性的中间体但.md,实质答案,355,410,5,14,0,3,3,0.77,True,False
汇智,题-HZ-05-10-81828312分2分832.md,占位标注,12,35,10,0,0,3,0,0.0,True,False
汇智,题-HZ-06-01-11众所周知石墨是C的最稳定.md,实质答案,311,524,4,6,0,3,3,0.49,True,False
汇智,题-HZ-06-01-11在电解精炼金属产生的阳极.md,实质答案,530,668,0,3,0,2,2,0.74,True,False
汇智,题-HZ-06-01-一氧化碳是一种非常稳定的分子.md,实质答案,327,342,1,7,0,2,2,0.82,True,False
汇智,题-HZ-06-02-21键角是化学键的一个重要的.md,实质答案,462,685,1,2,0,2,4,0.63,True,False
汇智,题-HZ-06-02-元素M是一种半导体材料它的单.md,实质答案,214,390,1,11,0,3,6,0.48,True,False
汇智,题-HZ-06-02-元素X的来源之一是含X425.md,实质答案,260,503,1,3,0,3,3,0.46,True,False
汇智,题-HZ-06-03-31使用NHC和以11反应可.md,占位标注,207,35,1,0,0,3,0,0.0,True,False
汇智,题-HZ-06-03-一种由Ba蓝球深色球和Cu绿.md,实质答案,205,280,3,2,0,5,5,0.58,True,False
汇智,题-HZ-06-03-二氧化碳的活化是一个可以将过.md,实质答案,440,1570,4,24,0,3,8,0.24,True,False
汇智,题-HZ-06-04-41在和的存在下MMA会发生.md,实质答案,399,396,4,14,0,3,3,0.92,True,False
汇智,题-HZ-06-04-41荧光分子可由其前体经过处.md,占位标注,599,70,6,0,0,5,0,0.0,True,False
汇智,题-HZ-06-04-如下图是一个主族二元化合物X.md,实质答案,116,215,1,1,0,3,3,0.38,True,False
汇智,题-HZ-06-05-51能斯特方程的应用广泛其中.md,实质答案,264,376,0,0,0,2,3,0.62,True,False
汇智,题-HZ-06-05-氨是最重要的化学产品之一其在.md,实质答案,449,675,0,0,0,5,5,0.6,True,False
汇智,题-HZ-06-05-钒在水溶液中具有丰富的价态已.md,实质答案,91,161,0,0,0,3,3,0.42,True,False
汇智,题-HZ-06-06-61各种不同基团取代的XcI.md,实质答案,272,401,0,24,0,4,6,0.37,True,False
汇智,题-HZ-06-06-61电化学手段是分离一些金属.md,实质答案,590,666,0,0,0,4,4,0.82,True,False
汇智,题-HZ-06-06-白磷是目前合成各种有机磷衍生.md,实质答案,774,819,1,5,0,4,8,0.83,True,False
汇智,题-HZ-06-07-711给下列化合物的酸性从大.md,占位标注,91,35,16,0,0,2,0,0.0,True,False
汇智,题-HZ-06-07-Robinson环化反应是有.md,实质答案,235,293,4,13,0,5,4,0.68,True,False
汇智,题-HZ-06-07-氟是电负性最大的元素在有机化.md,实质答案,286,379,4,8,0,3,3,0.65,True,False
汇智,题-HZ-06-08-81在和的作用下可以实现对有.md,实质答案,295,358,5,17,0,2,2,0.56,True,False
汇智,题-HZ-06-08-不对称有机催化反应的相关研究.md,实质答案,485,746,6,17,0,3,3,0.57,True,False
汇智,题-HZ-06-08-硫可以通过被氧化或亲核进攻等.md,实质答案,312,455,3,7,0,3,3,0.6,True,False
汇智,题-HZ-06-09-91扩环反应的重要应用之一是.md,实质答案,292,358,4,10,0,4,4,0.67,True,False
汇智,题-HZ-06-09-Nef反应是硝基烷烃钠盐在酸.md,实质答案,364,376,3,10,0,4,4,0.92,True,False
汇智,题-HZ-07-01-11化合物A被称为超级氢化合.md,占位标注,723,42,0,1,0,4,0,0.0,True,False
汇智,题-HZ-07-01-许多元素在古代由于优良的性质.md,实质答案,626,669,0,0,0,2,3,0.82,True,False
汇智,题-HZ-07-01-鎓离子可以发生多种多样的反应.md,实质答案,108,165,5,11,0,4,4,0.41,True,False
汇智,题-HZ-07-01-非金属元素X的一种氟化物A在.md,实质答案,223,287,0,0,0,5,4,0.57,True,False
汇智,题-HZ-07-02-21半导体材料的制备1在惰性.md,实质答案,751,514,0,0,0,3,3,0.71,True,False
汇智,题-HZ-07-02-Cupowder即铜粉书写时.md,实质答案,121,161,1,4,0,4,4,0.68,True,False
汇智,题-HZ-07-02-体系存在两组气相可逆反应在本.md,实质答案,325,704,0,0,0,3,3,0.35,True,False
汇智,题-HZ-07-02-北极大学的学生小明合成了配合.md,实质答案,447,520,1,4,0,3,4,0.75,True,False
汇智,题-HZ-07-03-31写出关键中间体32写出关.md,占位标注,27,63,3,5,0,3,3,0.18,True,False
汇智,题-HZ-07-03-极地高山等冰冻环境中多晶冰内.md,实质答案,387,609,0,0,0,3,3,0.59,True,False
汇智,题-HZ-07-03-生物膜是细胞各个结构的重要组.md,实质答案,611,653,0,0,0,3,3,0.86,True,False
汇智,题-HZ-07-03-第三周期元素NaCl的性质既.md,实质答案,277,555,0,0,0,2,5,0.22,True,False
汇智,题-HZ-07-04-41著名的钙钛矿型晶体想必大.md,实质答案,449,528,0,4,0,3,3,0.73,True,False
汇智,题-HZ-07-04-41表面活性剂是能够显著降低.md,实质答案,713,1104,1,2,0,3,3,0.57,True,False
汇智,题-HZ-07-04-以芳香醛和1苯基乙12二醇为.md,占位标注,253,283,3,7,0,4,4,0.84,True,False
汇智,题-HZ-07-04-聚酰胺尼龙是第一种实现商业化.md,实质答案,599,696,2,4,0,3,4,0.78,True,False
汇智,题-HZ-07-05-51为碱金属与Se单质反应得.md,实质答案,383,476,0,5,0,2,2,0.55,True,False
汇智,题-HZ-07-05-有机金属卤化物钙钛矿材料近几.md,实质答案,366,458,1,1,0,6,8,0.66,True,False
汇智,题-HZ-07-05-自修复材料是一种受损后能够进.md,实质答案,378,455,3,10,0,2,2,0.74,True,False
汇智,题-HZ-07-05-高价碘试剂因其反应条件温和环.md,占位标注,348,306,8,7,0,3,3,0.85,True,False
汇智,题-HZ-07-06-61要鉴别乙醇异丙醇叔丁醇需.md,实质答案,431,486,1,4,0,7,8,0.77,True,False
汇智,题-HZ-07-06-本题目将围绕着以下配体的反应.md,实质答案,209,258,3,9,0,4,4,0.7,True,False
汇智,题-HZ-07-06-金属原子之间的无限键系统仍然.md,实质答案,810,877,0,2,0,3,3,0.82,True,False
汇智,题-HZ-07-07-71邻近基因参与即邻基参与能.md,实质答案,552,671,7,20,0,3,3,0.71,True,False
汇智,题-HZ-07-07-光化学反应一直是近年来研究的.md,实质答案,331,334,5,7,0,4,4,0.86,True,False
汇智,题-HZ-07-07-小明最近在研究单体有机化合物.md,占位标注,293,336,3,9,0,5,5,0.76,True,False
汇智,题-HZ-07-08-VilsmeierHaack.md,实质答案,195,200,8,15,0,5,5,0.87,True,False
汇智,题-HZ-07-08-偶氮二异丁腈AIBN第7题中.md,实质答案,393,469,3,7,0,3,3,0.73,True,False
汇智,题-HZ-07-08-随着有机氟化学的发展偕二氟环.md,实质答案,453,447,3,9,0,3,3,0.89,True,False
汇智,题-HZ-07-09-苯炔benzene是一种由苯.md,占位标注,222,241,6,10,0,5,5,0.81,True,False
汇智,题-HZ-07-09-近些年来自由基介导下双环11.md,实质答案,408,483,2,10,0,7,7,0.75,True,False
汇智,题-HZ-08-01-卤族元素由于其较高的电负性和.md,实质答案,288,306,0,0,0,3,3,0.73,True,False
汇智,题-HZ-08-01-铅及其化合物在工农业生产中用.md,实质答案,346,499,0,0,0,4,4,0.46,True,False
汇智,题-HZ-08-02-天青石是锶最重要的矿石之一其.md,实质答案,508,552,0,0,0,4,4,0.84,True,False
汇智,题-HZ-08-02-电位滴定法利用电极电位的突跃.md,实质答案,398,527,0,0,0,2,3,0.65,True,False
汇智,题-HZ-08-03-31写出以下反应的化学方程式.md,实质答案,415,447,1,8,0,3,3,0.83,True,False
汇智,题-HZ-08-03-过渡金属硼化物具有高熔点高硬.md,实质答案,254,296,0,0,0,4,4,0.6,True,False
汇智,题-HZ-08-04-碲的电沉积制备半导体材料如C.md,实质答案,612,518,2,2,0,3,3,0.83,True,False
汇智,题-HZ-08-04-苯乙烯Styrene是一种常.md,实质答案,286,663,1,7,0,4,4,0.31,True,False
汇智,题-HZ-08-05-以下是某四方晶体沿a轴和c轴.md,实质答案,277,310,2,3,0,3,3,0.74,True,False
汇智,题-HZ-08-05-火星大气中体积分数约为总大气.md,实质答案,689,1000,0,0,0,4,4,0.57,True,False
汇智,题-HZ-08-06-一种含有的普鲁士蓝其晶体结构.md,实质答案,337,479,1,4,0,3,3,0.49,True,False
汇智,题-HZ-08-06-现有一种未知的橙红色化合物A.md,实质答案,476,709,0,1,0,3,4,0.61,True,False
汇智,题-HZ-08-07-保护基是与化学选择性息息相关.md,实质答案,757,910,4,6,0,7,7,0.77,True,False
汇智,题-HZ-08-07-氨基酸的化学反应主要指其羧基.md,实质答案,469,494,7,18,0,3,3,0.82,True,False
汇智,题-HZ-08-08-81通过以下方法可以高效的合.md,实质答案,253,270,3,7,0,3,3,0.77,True,False
汇智,题-HZ-08-08-金属氧化剂在有机化合物的氧化.md,实质答案,642,715,6,12,0,7,6,0.85,True,False
汇智,题-HZ-08-09-不饱和酮的14加成是基础有机.md,实质答案,582,699,5,12,0,3,3,0.74,True,False
汇智,题-HZ-08-09-该生物分子在2008年被分离.md,实质答案,256,265,6,11,0,5,5,0.62,True,False
汇智,题-HZ-09-01-西直门位于北京内城西垣北侧旧.md,实质答案,350,423,0,0,0,4,3,0.7,True,False
汇智,题-HZ-09-02-A是一种在上古时期就被人类发.md,实质答案,383,657,0,1,0,4,4,0.57,True,False
汇智,题-HZ-09-03-X是一种很早以前就被人类发现.md,实质答案,811,1347,1,2,0,7,9,0.49,True,False
汇智,题-HZ-09-04-在水中会发生溶剂解反应生成和.md,实质答案,392,718,0,0,0,2,6,0.47,True,False
汇智,题-HZ-09-05-Cu可以与许多配体形成配合物.md,实质答案,310,686,2,2,0,4,4,0.32,True,False
汇智,题-HZ-09-06-聚氯乙烯是全球应用最为广泛的.md,实质答案,484,1579,0,8,0,8,13,0.27,True,False
汇智,题-HZ-09-07-71请你比较DMFNN二甲基.md,占位标注,232,35,4,0,0,5,0,0.0,True,False
汇智,题-HZ-09-08-81观察如下转化811已知产.md,实质答案,488,745,6,22,0,7,7,0.51,True,False
汇智,题-HZ-10-01-铅Pb在中国古代也因烧炼后能.md,实质答案,1616,1026,9,6,0,14,6,0.7,True,False
汇智,题-HZ-10-02-直接空气捕集DirectAi.md,占位标注,656,35,0,0,0,8,0,0.0,True,False
汇智,题-HZ-10-03-磷氮化合物兼具分子型主族化学.md,占位标注,672,48,1,0,0,5,0,0.0,True,False
汇智,题-HZ-10-04-2025年诺贝尔化学奖授予S.md,实质答案,396,736,0,9,0,3,4,0.33,True,False
汇智,题-HZ-10-05-二氧化硫脲又称甲脒亚磺酸是一.md,实质答案,590,663,0,0,0,4,3,0.69,True,False
汇智,题-HZ-10-06-化石能源中CH的活化是当前的.md,实质答案,513,605,1,7,0,3,3,0.78,True,False
汇智,题-HZ-10-07-本题我们讨论含有环的有机化合.md,实质答案,785,1511,0,8,0,6,7,0.45,True,False
汇智,题-HZ-10-08-81形式上具有3个H但本质是.md,实质答案,414,439,3,9,0,3,3,0.79,True,False
汇智,题-HZ-10-09-硝基官能团是有机合成中极为重.md,实质答案,646,677,5,12,0,4,4,0.86,True,False
汇智,题-HZ-11-01-锝Tc是放射性元素在核医学领.md,实质答案,808,874,0,8,0,3,3,0.85,True,False
汇智,题-HZ-11-02-铝在地壳中储量巨大在各类生活.md,实质答案,516,379,0,0,0,3,2,0.76,True,False
汇智,题-HZ-11-03-31回顾向固体中加入溶液在水.md,实质答案,288,501,0,0,0,3,3,0.4,True,False
汇智,题-HZ-11-04-硫族元素主要包括SSeTe之.md,实质答案,476,528,0,4,0,3,3,0.79,True,False
汇智,题-HZ-11-05-在晶体结构的研究中将晶胞拆分.md,实质答案,724,807,2,5,0,4,3,0.73,True,False
汇智,题-HZ-11-06-糖类化合物在水溶液中有开链和.md,实质答案,493,663,2,8,0,3,3,0.64,True,False
汇智,题-HZ-11-07-Wittig反应是工业上和实.md,实质答案,564,739,2,3,0,5,5,0.7,True,False
汇智,题-HZ-11-08-杂环广泛存在于药物分子对药理.md,实质答案,422,464,6,19,0,3,3,0.82,True,False
汇智,题-HZ-11-09-氧化还原反应是构建化学键的核.md,实质答案,700,878,7,10,0,6,6,0.69,True,False
汇智,题-HZ-12-01-砷是人类最早认知和利用的元素.md,实质答案,685,851,0,1,0,6,3,0.77,True,False
汇智,题-HZ-12-02-锂离子电池作为最重要的电化学.md,实质答案,510,604,3,7,0,2,2,0.75,True,False
汇智,题-HZ-12-03-MN是两种常见的金属元素他们.md,实质答案,610,675,2,2,0,3,3,0.87,True,False
汇智,题-HZ-12-04-铝作为地壳中含量最高的金属其.md,实质答案,711,736,3,14,0,7,7,0.9,True,False
汇智,题-HZ-12-05-在电化学沉积领域中Cu与Zn.md,实质答案,464,662,0,0,0,4,4,0.67,True,False
汇智,题-HZ-12-06-在学习原子结构时你或许囫囵吞.md,实质答案,715,858,0,0,0,2,2,0.75,True,False
汇智,题-HZ-12-07-半饱和环化物兼具经典芳环相互.md,实质答案,772,1053,6,16,0,4,4,0.72,True,False
汇智,题-HZ-12-08-饱和杂环是生物活性分子中的常.md,实质答案,793,883,6,28,0,5,5,0.85,True,False
汇智,题-HZ-14-01-在药物设计中提高分子的三维立.md,占位标注,328,68,1,0,0,4,0,0.0,True,False
汇智,题-HZ-14-02-在物理有机化学中构象偏好常常.md,占位标注,256,68,3,0,0,5,0,0.0,True,False
汇智,题-HZ-14-03-高价碘试剂是有机反应常用的氧.md,占位标注,292,68,8,0,0,3,0,0.0,True,False
汇智,题-HZ-14-04-苯炔是一种活泼的中间体在构建.md,占位标注,138,68,4,0,0,3,0,0.0,True,False
汇智,题-HZ-14-05-51观察该反应给出合理的反应.md,占位标注,179,68,5,0,0,3,0,0.0,True,False
汇智,题-HZ-14-06-Stevens重排是季铵盐或.md,占位标注,285,68,7,0,0,3,0,0.0,True,False
汇智,题-HZ-14-07-生物活性分子中常含氮杂环结构.md,占位标注,261,68,6,0,0,3,0,0.0,True,False
汇智,题-HZ-14-08-81Brnsted酸可介导1.md,占位标注,205,68,4,0,0,2,0,0.0,True,False
汇智,题-HZ-14-09-91Mannich反应是典型.md,占位标注,120,68,5,0,0,2,0,0.0,True,False
汇智,题-HZ-14-10-Axrightarrow2m.md,占位标注,91,35,8,0,0,0,0,0.0,True,False
汇智,题-HZ-15-01-11对题目所提问题进行判断并.md,实质答案,130,279,3,3,0,2,2,0.43,True,False
汇智,题-HZ-15-02-21比较下列物质在质子溶剂中.md,实质答案,59,161,9,10,0,4,4,0.29,True,False
汇智,题-HZ-15-03-31若分别用氢氧化钠的醇溶液.md,实质答案,209,416,11,10,0,5,6,0.46,True,False
汇智,题-HZ-15-04-香草提取物含约200种物质主.md,实质答案,407,496,1,2,0,4,4,0.68,True,False
汇智,题-HZ-15-05-吲哚广泛存在于自然界骨架中含.md,实质答案,198,227,3,11,0,3,3,0.82,True,False
汇智,题-HZ-15-06-环加成反应常用于高效构建复杂.md,实质答案,337,402,5,16,0,4,4,0.81,True,False
汇智,题-HZ-15-07-自由基是一类高活性物种可以以.md,实质答案,278,303,4,10,0,4,4,0.88,True,False
汇智,题-HZ-15-08-科学家们想在羰基的一侧进行乙.md,实质答案,226,246,1,6,0,3,3,0.88,True,False
汇智,题-HZ-15-09-ene反应可以巧妙地构建分子.md,实质答案,214,269,5,13,0,5,5,0.77,True,False
汇智,题-HZ-16-01-11溶解度是物质重要的物理性.md,实质答案,446,606,22,24,0,0,5,0.68,True,False
汇智,题-HZ-16-02-羟基酮即在酮羰基的位存在羟基.md,实质答案,233,266,6,19,0,0,3,0.85,True,False
汇智,题-HZ-16-03-31酚具有丰富的化学性质31.md,实质答案,148,164,9,18,0,0,4,0.81,True,False
汇智,题-HZ-16-04-甲酰化反应是有机化学中向分子.md,实质答案,273,287,4,13,0,0,3,0.88,True,False
汇智,题-HZ-16-05-香豆素是一类苯环与吡喃酮环稠.md,实质答案,274,279,3,16,0,0,3,0.94,True,False
汇智,题-HZ-16-06-DMP即DessMartin.md,实质答案,232,305,4,16,0,0,2,0.73,True,False
汇智,题-HZ-16-07-硼因其独特的电子结构在有机合.md,实质答案,373,471,7,14,0,0,5,0.76,True,False
汇智,题-HZ-16-08-骨架编辑是指通过对分子骨架中.md,实质答案,469,523,9,22,0,0,3,0.87,True,False
汇智,题-HZ-16-09-分子光开关是一类可以通过特定.md,实质答案,437,466,12,22,0,0,5,0.91,True,False
汇智,题-HZ-16-10-碳正离子是有机化学中最关键的.md,实质答案,244,294,6,15,0,0,4,0.81,True,False
汇智,题-HZ-34-01-11在电解精炼金属产生的阳极.md,占位标注,531,59,1,0,0,2,0,0.0,True,False
汇智,题-HZ-34-02-21键角是化学键的一个重要的.md,占位标注,822,75,8,0,0,2,0,0.0,True,False
汇智,题-HZ-34-03-二氧化碳的活化是一个可以将过.md,占位标注,533,75,9,0,0,5,0,0.0,True,False
汇智,题-HZ-34-04-41荧光分子可由其前体经过处.md,占位标注,680,75,8,0,0,5,0,0.0,True,False
汇智,题-HZ-34-05-氨是最重要的化学产品之一其在.md,占位标注,449,59,1,0,0,5,0,0.0,True,False
汇智,题-HZ-34-06-61电化学手段是分离一些金属.md,占位标注,623,59,0,0,0,6,0,0.0,True,False
汇智,题-HZ-34-07-氟是电负性最大的元素在有机化.md,占位标注,349,75,4,0,0,2,0,0.0,True,False
汇智,题-HZ-34-08-硫可以通过被氧化或亲核进攻等.md,占位标注,383,75,4,0,0,4,0,0.0,True,False
汇智,题-HZ-34-09-91扩环反应的重要应用之一是.md,占位标注,254,75,5,0,0,4,0,0.0,True,False
汇智,题-HZ-35-01-在药物设计中提高分子的三维立.md,实质答案,325,9,3,1,0,4,0,1.0,True,False
汇智,题-HZ-35-02-在物理有机化学中构象偏好常常.md,实质答案,246,59,3,4,0,4,0,0.0,True,False
汇智,题-HZ-35-03-高价碘试剂是有机反应常用的氧.md,占位标注,292,62,5,0,0,3,0,0.0,True,False
汇智,题-HZ-35-04-苯炔是一种活泼的中间体在构建.md,占位标注,138,48,3,0,0,3,0,0.0,True,False
汇智,题-HZ-35-05-有机化学初赛模拟卷14ima.md,实质答案,179,200,4,10,0,3,0,0.0,True,False
汇智,题-HZ-35-06-Stevens重排是季铵盐或.md,占位标注,283,62,5,0,0,3,0,0.0,True,False
汇智,题-HZ-35-07-生物活性分子中常含氮杂环结构.md,占位标注,250,62,5,0,0,4,0,0.0,True,False
汇智,题-HZ-35-08-81Bronsted酸可介导.md,占位标注,205,62,3,0,0,3,0,0.0,True,False
汇智,题-HZ-35-09-91Mannich反应是典型.md,占位标注,120,62,3,0,0,2,0,0.0,True,False
汇智,题-HZ-35-10-ComplanadineA的.md,实质答案,87,10,1,0,0,0,0,0.0,True,False
汇智,题-HZ-37-01-从古代炼丹术的神火到拉瓦锡的.md,实质答案,902,885,0,1,0,3,3,0.93,True,False
汇智,题-HZ-37-02-非过渡金属M为一种灰白色的金.md,实质答案,593,665,1,3,0,4,4,0.8,True,False
汇智,题-HZ-37-03-氮和氟都是高电负性的元素其形.md,实质答案,412,527,0,0,0,3,3,0.77,True,False
汇智,题-HZ-37-04-2011年3月11日日本东北.md,实质答案,493,618,0,0,0,4,4,0.7,True,False
汇智,题-HZ-37-05-20世纪70年代可充电锂离子.md,实质答案,519,590,1,2,0,3,3,0.76,True,False
汇智,题-HZ-37-06-2024年5月8日我国第三艘.md,实质答案,987,1815,0,6,0,5,8,0.51,True,False
汇智,题-HZ-37-07-逆配合物inversecoo.md,占位标注,550,35,1,0,0,3,0,0.0,True,False
汇智,题-HZ-37-08-M是一种常见金属常温下晶体为.md,实质答案,386,494,0,0,0,4,4,0.65,True,False
汇智,题-HZ-37-09-91关于晶格能下列说法正确的.md,实质答案,327,321,0,1,0,4,3,0.71,True,False
汇智,题-HZ-38-01-多碘阴离子是碘元素的特征阴离.md,实质答案,515,566,0,6,0,3,3,0.82,True,False
汇智,题-HZ-38-02-21Nature报道了某同素.md,实质答案,409,553,0,7,0,5,6,0.72,True,False
汇智,题-HZ-38-03-高能材料即烟火推进剂和炸药的.md,实质答案,869,1084,7,13,0,6,4,0.72,True,False
汇智,题-HZ-38-04-411仅占3分试根据欧拉定理.md,实质答案,181,445,1,2,0,2,3,0.4,True,False
汇智,题-HZ-38-05-含有Se和Tl元素的离子结构.md,实质答案,213,262,0,5,0,3,3,0.78,True,False
汇智,题-HZ-38-06-金属Mg是中学化学就已涉及到.md,实质答案,618,850,2,4,0,3,3,0.66,True,False
汇智,题-HZ-38-07-阴离子配体环戊二烯阴离子自二.md,实质答案,330,436,2,7,0,4,4,0.63,True,False
汇智,题-HZ-38-08-的晶胞参数为.md,实质答案,292,469,3,3,0,5,5,0.53,True,False
汇智,题-HZ-64-01-11在电解精炼金属产生的阳极.md,占位标注,535,70,0,0,0,2,0,0.0,True,False
汇智,题-HZ-64-02-21键角是化学键的一个重要的.md,占位标注,897,70,11,0,0,4,0,0.0,True,False
汇智,题-HZ-64-03-二氧化碳的活化是一个可以将过.md,占位标注,526,70,8,0,0,3,0,0.0,True,False
汇智,题-HZ-64-04-41荧光分子可由其前体经过处.md,占位标注,698,70,7,0,0,5,0,0.0,True,False
汇智,题-HZ-64-05-氨是最重要的化学产品之一其在.md,占位标注,419,59,0,0,0,5,0,0.0,True,False
汇智,题-HZ-64-06-61电化学手段是分离一些金属.md,占位标注,606,59,4,0,0,4,0,0.0,True,False
汇智,题-HZ-64-07-mathrm光催化fracm.md,占位标注,381,70,8,0,0,3,0,0.0,True,False
汇智,题-HZ-64-08-硫可以通过被氧化或亲核进攻等.md,占位标注,393,70,6,0,0,3,0,0.0,True,False
汇智,题-HZ-64-09-91扩环反应的重要应用之一是.md,占位标注,260,70,8,0,0,4,0,0.0,True,False
清北营,题-QBY-01-01-元素X的化学性质较为惰性即使.md,实质答案,299,463,0,1,0,3,3,0.59,True,False
清北营,题-QBY-01-01-在下水的初始温度为大气温度恒.md,实质答案,73,129,0,0,0,2,2,0.5,True,False
清北营,题-QBY-01-01-在元素周期表上位于同一列的元.md,实质答案,223,268,0,0,0,3,4,0.69,True,False
清北营,题-QBY-01-01-金属M在化学史上扮演过及其重.md,实质答案,424,470,0,0,0,4,4,0.86,True,False
清北营,题-QBY-01-02-在元素周期表中大多数金属元素.md,实质答案,321,365,0,0,0,3,3,0.76,True,False
清北营,题-QBY-01-02-在手套箱中将为五甲基环戊二烯.md,实质答案,442,553,1,6,0,4,5,0.74,True,False
清北营,题-QBY-01-02-用碘量法测定某电镀液中浓度取.md,实质答案,395,433,0,1,0,5,5,0.86,True,False
清北营,题-QBY-01-02-由氮气与氮气所组成的混合气体.md,实质答案,93,98,0,0,0,2,2,0.83,True,False
清北营,题-QBY-01-03-31将01387mol的纯硫.md,实质答案,233,351,0,0,0,2,4,0.52,True,False
清北营,题-QBY-01-03-一种测量气体热容比的方法如图.md,实质答案,206,258,1,3,0,0,0,0.78,True,False
清北营,题-QBY-01-03-在29815K与31815K.md,实质答案,369,458,0,2,0,5,6,0.69,True,False
清北营,题-QBY-01-03-在一定温度下金属氢化物可与氢.md,实质答案,369,471,0,0,0,4,6,0.71,True,False
清北营,题-QBY-01-04-在Ar气气氛下将Bi以一定比.md,实质答案,380,528,0,2,0,4,4,0.64,True,False
清北营,题-QBY-01-04-声音靠介质的弹性传播牛顿Ne.md,实质答案,213,252,0,0,0,4,4,0.82,True,False
清北营,题-QBY-01-04-某河段出现鱼类上浮现象为测定.md,实质答案,407,489,0,0,0,4,4,0.79,True,False
清北营,题-QBY-01-04-氧化还原滴定作为分析化学中最.md,实质答案,486,642,0,1,0,3,6,0.69,True,False
清北营,题-QBY-01-05-叠氮化氢是一种危险性极大的化.md,实质答案,385,586,1,2,0,2,2,0.59,True,False
清北营,题-QBY-01-05-某混合氧化物晶体在高压下合成.md,实质答案,203,344,1,2,0,6,6,0.52,True,False
清北营,题-QBY-01-05-某高价金属的膦基配合物最近被.md,实质答案,371,536,1,6,0,3,4,0.58,True,False
清北营,题-QBY-01-05-鸟粪石是一种矿石亦称鸟兽积粪.md,实质答案,227,621,2,4,0,5,4,0.3,True,False
清北营,题-QBY-01-06-61众所周知水星的英文名和某.md,实质答案,613,856,2,1,0,6,7,0.63,True,False
清北营,题-QBY-01-06-61如下为铀系元素的部分衰变.md,实质答案,722,990,1,0,0,4,4,0.7,True,False
清北营,题-QBY-01-06-放射性癌症治疗的历史源远流长.md,实质答案,1045,1209,5,9,0,3,3,0.83,True,False
清北营,题-QBY-01-06-某类有机发光小分子可以可逆形.md,实质答案,705,826,1,4,0,6,6,0.8,True,False
清北营,题-QBY-01-07-丁腈橡胶是一种合成橡胶耐油性.md,实质答案,409,560,3,5,0,5,5,0.7,True,False
清北营,题-QBY-01-07-使在135三甲苯中回流可以发.md,实质答案,880,1007,2,3,0,9,10,0.66,True,False
清北营,题-QBY-01-07-光合作用是个复杂的过程在人们.md,实质答案,1169,1351,6,5,0,6,6,0.8,True,False
清北营,题-QBY-01-07-吡啶pyridinc是最简单.md,实质答案,177,225,7,10,0,5,5,0.68,True,False
清北营,题-QBY-01-08-在核废料处理或放射性示踪实验.md,实质答案,437,562,0,4,0,4,4,0.74,True,False
清北营,题-QBY-01-08-氮杂芳烃具有电子特性复杂且存.md,实质答案,232,228,3,5,0,3,3,1.0,True,False
清北营,题-QBY-01-08-累积二烯结构具有较高的反应活.md,实质答案,210,726,6,23,0,4,8,0.24,True,False
清北营,题-QBY-01-08-近日南方科技大学理学院化学系.md,实质答案,413,457,6,14,0,3,4,0.86,True,False
清北营,题-QBY-01-09-四氢大麻酚Tetrahydr.md,实质答案,112,119,1,10,0,2,1,0.45,True,False
清北营,题-QBY-01-09-有机碘试剂具有较强的反应活性.md,实质答案,274,310,3,11,0,5,5,0.8,True,False
清北营,题-QBY-01-09-随着不断开采和使用化石资源储.md,实质答案,452,123,7,9,0,4,2,0.0,True,False
清北营,题-QBY-01-10-DhilirolideU是一.md,实质答案,377,891,4,22,0,5,5,0.36,True,False
清北营,题-QBY-01-10-illisimoninA是一.md,实质答案,325,574,2,7,0,4,4,0.5,True,False
清北营,题-QBY-02-01-11对一种含有Ag的盐X在热.md,实质答案,373,535,1,3,0,3,4,0.59,True,False
清北营,题-QBY-02-01-11欧洲中世纪炼金术士坚信哲.md,实质答案,1144,1311,0,2,0,3,4,0.84,True,False
清北营,题-QBY-02-01-一密封活塞中充满了液体水液体.md,实质答案,152,208,0,0,0,3,3,0.7,True,False
清北营,题-QBY-02-01-金属X燃烧时生成挥发性最高价.md,实质答案,557,641,1,3,0,4,4,0.82,True,False
清北营,题-QBY-02-02-已知的请完成下列问题211请.md,实质答案,258,477,0,1,0,4,4,0.47,True,False
清北营,题-QBY-02-02-易拉罐装可口可乐怡泉无糖苏打.md,实质答案,148,156,0,0,0,0,0,0.9,True,False
清北营,题-QBY-02-02-近日南开大学的一课题组基于碳.md,实质答案,484,475,4,10,0,4,4,1.0,True,False
清北营,题-QBY-02-02-近日西安交通大学的一课题组合.md,实质答案,441,426,1,9,0,5,5,1.0,True,False
清北营,题-QBY-02-03-2025年来自中国的两个课题.md,实质答案,862,1257,1,3,0,5,5,0.62,True,False
清北营,题-QBY-02-03-为确定岩石的年龄人们使用地质.md,实质答案,612,819,1,0,0,6,6,0.67,True,False
清北营,题-QBY-02-03-钌作为磁记录材料硬盘HDD和.md,实质答案,607,1046,0,0,0,4,4,0.52,True,False
清北营,题-QBY-02-03-铝热反应是常见的能获得极高温.md,实质答案,141,184,0,5,0,0,0,0.74,True,False
清北营,题-QBY-02-04-41荧光探针分子ProMZ的.md,实质答案,284,556,2,1,0,2,2,0.48,True,False
清北营,题-QBY-02-04-下图为实验室制备12二溴乙烷.md,实质答案,439,547,0,1,0,5,5,0.69,True,False
清北营,题-QBY-02-04-近些年来有关主族金属金属键以.md,实质答案,638,662,2,5,0,3,3,0.95,True,False
清北营,题-QBY-02-04-通过已知电极测定未知电极的标.md,实质答案,510,569,0,0,0,3,4,0.86,True,False
清北营,题-QBY-02-05-51如下是一个化合物的晶胞沿.md,实质答案,367,243,1,1,0,4,3,0.64,True,False
清北营,题-QBY-02-05-下图是某种物质的其中一种晶型.md,实质答案,296,384,1,1,0,4,5,0.6,True,False
清北营,题-QBY-02-05-本题记丙酮为A二氯甲烷为B在.md,实质答案,285,350,0,0,0,3,4,0.8,True,False
清北营,题-QBY-02-05-近日某课题组通过光驱动分子内.md,实质答案,463,458,8,15,0,3,3,0.96,True,False
清北营,题-QBY-02-06-固态物质的蒸气压是难以测量的.md,实质答案,485,428,2,0,0,2,2,0.95,True,False
清北营,题-QBY-02-06-在等温等压下一个自发过程可以.md,实质答案,576,650,1,2,0,4,4,0.82,True,False
清北营,题-QBY-02-06-如下是一种金属含氧酸盐的晶体.md,实质答案,383,456,1,1,0,7,7,0.76,True,False
清北营,题-QBY-02-06-对于亲核取代反应Basolo.md,实质答案,468,489,0,1,0,5,5,0.9,True,False
清北营,题-QBY-02-07-12二嗪作为有机反应中较为少.md,实质答案,523,597,4,8,0,4,4,0.83,True,False
清北营,题-QBY-02-07-71Smiles重排作为一常.md,实质答案,217,255,4,6,0,2,2,0.76,True,False
清北营,题-QBY-02-07-71选出下列两个选项中酸性更.md,实质答案,144,384,4,5,0,6,4,0.27,True,False
清北营,题-QBY-02-07-本题中的故事是虚构的Gilb.md,实质答案,973,1298,2,1,0,2,2,0.71,True,False
清北营,题-QBY-02-08-812009年BioMM报道.md,实质答案,340,43,5,2,0,3,0,0.0,True,False
清北营,题-QBY-02-08-在时盐酸溶液上的气体的压力为.md,实质答案,50,56,0,1,0,0,0,0.8,True,False
清北营,题-QBY-02-08-将羧基快捷高产率地转化为氰基.md,实质答案,568,598,3,11,0,3,3,0.88,True,False
清北营,题-QBY-02-08-苯并氮硼烷作为萘的等电子体通.md,实质答案,388,432,4,6,0,2,2,0.84,True,False
清北营,题-QBY-02-09-细菌耐药性已成为21世纪全球.md,实质答案,293,281,3,0,0,2,2,0.78,True,False
清北营,题-QBY-02-09-近日浙江理工大学化学系的一课.md,实质答案,364,338,4,11,0,5,5,0.94,True,False
清北营,题-QBY-02-09-闪式真空热解FVP是一种在真.md,实质答案,592,647,4,10,0,3,3,0.85,True,False
清北营,题-QBY-03-01-11按要求书写下列反应方程式.md,实质答案,251,546,0,0,0,2,2,0.36,True,False
清北营,题-QBY-03-01-11某非金属元素A的白色挥发.md,实质答案,295,364,4,2,0,3,4,0.73,True,False
清北营,题-QBY-03-01-11用浓硝酸与氢氟酸的混合溶.md,实质答案,179,191,0,0,0,3,3,0.86,True,False
清北营,题-QBY-03-02-从富硼化合物的合成开始在晶体.md,实质答案,530,755,1,1,0,6,6,0.6,True,False
清北营,题-QBY-03-02-以吡啶为代表的芳香族含氮杂环.md,实质答案,1073,1306,6,20,0,5,5,0.81,True,False
清北营,题-QBY-03-02-盐A含有结晶水是一种重要的工.md,实质答案,384,624,2,6,0,4,6,0.54,True,False
清北营,题-QBY-03-03-在下用邻菲罗啉phen光度法.md,实质答案,687,581,0,0,0,6,5,0.77,True,False
清北营,题-QBY-03-03-有机合成中叠氮化物有重要运用.md,实质答案,442,616,1,2,0,3,3,0.63,True,False
清北营,题-QBY-03-03-某化合物含ABO三种元素属于.md,实质答案,262,938,0,0,0,3,6,0.23,True,False
清北营,题-QBY-03-04-某冶炼厂的含硫尾气经干燥除尘.md,实质答案,252,370,0,0,0,2,8,0.66,True,False
清北营,题-QBY-03-04-稳定的pH对生物体正常生理反.md,实质答案,454,465,0,5,0,2,3,0.13,True,False
清北营,题-QBY-03-04-锝是原子序数最少的没有稳定同.md,实质答案,631,771,0,3,0,5,5,0.78,True,False
清北营,题-QBY-03-05-1901年FritzUllm.md,实质答案,1391,1738,5,15,0,7,7,0.78,True,False
清北营,题-QBY-03-05-我们都知道Mg这一碱土金属典.md,实质答案,286,295,1,8,0,2,3,0.91,True,False
清北营,题-QBY-03-05-碳酸氢钙是一种非常常见的化学.md,实质答案,622,784,1,1,0,7,7,0.73,True,False
清北营,题-QBY-03-06-Pu有一种奇怪的特性在水溶液.md,实质答案,171,301,0,0,0,2,5,0.42,True,False
清北营,题-QBY-03-06-共价有机框架Covalent.md,实质答案,383,597,1,1,0,5,5,0.47,True,False
清北营,题-QBY-03-06-自由基反应长期以来被视为高度.md,实质答案,663,870,3,15,0,3,3,0.74,True,False
清北营,题-QBY-03-07-取和溶于在通入氮气的情况下与.md,实质答案,343,584,2,4,0,3,5,0.54,True,False
清北营,题-QBY-03-07-在250mL烧杯中放置711.md,实质答案,452,585,0,1,0,4,2,0.61,True,False
清北营,题-QBY-03-07-碳负离子在有机化学中的重要性.md,实质答案,415,1174,3,19,0,2,6,0.34,True,False
清北营,题-QBY-03-08-早在1909年烯烃被发现在过.md,实质答案,433,383,7,4,0,7,4,0.79,True,False
清北营,题-QBY-03-08-是一个经典而优秀的自由基还原.md,实质答案,193,224,3,4,0,4,5,0.7,True,False
清北营,题-QBY-03-08-本题不要求立体化学有关化合物.md,实质答案,674,143,4,11,0,4,5,0.22,True,False
清北营,题-QBY-03-09-Ineleganolide最.md,实质答案,430,618,0,14,0,5,5,0.66,True,False
清北营,题-QBY-03-09-近些年来11二氟环丙烷类化合.md,实质答案,290,398,5,17,0,3,3,0.67,True,False
清北营,题-QBY-03-10-Nazarov环化是一个经典.md,实质答案,252,344,4,13,0,3,3,0.61,True,False
清北营,题-QBY-03-10-Prins反应早在100年前.md,实质答案,232,316,3,9,0,3,3,0.6,True,False
清北营,题-QBY-04-01-11ATGC是一类较强的分子.md,实质答案,395,43,6,2,0,3,0,0.0,True,False
清北营,题-QBY-04-01-元素X被20世纪科普作家JE.md,实质答案,968,1173,0,0,0,3,3,0.75,True,False
清北营,题-QBY-04-01-烟花云幕重榴艳朝景侵夜空中的.md,实质答案,411,497,0,3,0,3,3,0.73,True,False
清北营,题-QBY-04-02-21有一种型晶体的一种形式含.md,实质答案,250,368,0,0,0,2,3,0.56,True,False
清北营,题-QBY-04-02-NaCl是一种及其常见的化合.md,实质答案,481,605,2,3,0,4,4,0.78,True,False
清北营,题-QBY-04-02-分子笼在手性催化分子识别等方.md,实质答案,752,2043,2,13,0,6,11,0.35,True,False
清北营,题-QBY-04-03-常见金属互化物为体心立方点阵.md,实质答案,1058,1374,2,3,0,5,9,0.67,True,False
清北营,题-QBY-04-03-氧化还原滴定作为分析化学中最.md,占位标注,439,43,0,0,0,2,0,0.0,True,False
清北营,题-QBY-04-03-银离子可以与氯离子反应生成沉.md,实质答案,295,296,0,0,0,4,4,0.97,True,False
清北营,题-QBY-04-04-氢原子通过多中心键可以获得2.md,实质答案,411,902,1,6,0,6,14,0.44,True,False
清北营,题-QBY-04-04-过渡金属元素M因其化合物多彩.md,实质答案,751,923,1,4,0,3,2,0.69,True,False
清北营,题-QBY-04-04-近年研究人员发展了基于金属有.md,实质答案,407,502,1,3,0,3,3,0.77,True,False
清北营,题-QBY-04-05-51关于单质氟的制备最初是通.md,实质答案,348,672,2,3,0,5,5,0.43,True,False
清北营,题-QBY-04-05-二茂铁具有芳香性可发生Fri.md,实质答案,281,330,0,2,0,7,6,0.18,True,False
清北营,题-QBY-04-05-在本题中你可能需要以下数据本.md,实质答案,105,167,0,0,0,1,1,0.5,True,False
清北营,题-QBY-04-06-如下是一种立方晶系的三元化合.md,实质答案,271,572,3,21,0,6,11,0.31,True,False
清北营,题-QBY-04-06-由于含AlTe键的化合物容易.md,实质答案,324,366,2,9,0,3,3,0.83,True,False
清北营,题-QBY-04-06-近期何军教授团队研究了一对异.md,实质答案,551,681,2,11,0,6,6,0.79,True,False
清北营,题-QBY-04-07-71画出以下两个分子的优势构.md,占位标注,124,35,11,0,0,4,0,0.0,True,False
清北营,题-QBY-04-07-71请根据原子电负性以及轨道.md,实质答案,201,291,0,0,0,2,2,0.65,True,False
清北营,题-QBY-04-07-卡本是指中心碳原子为0价且带.md,实质答案,738,664,2,11,0,4,4,0.95,True,False
清北营,题-QBY-04-08-81选出下列反应中有碳正离子.md,实质答案,213,43,15,2,0,8,0,0.0,True,False
清北营,题-QBY-04-08-近日王平山教授团队创新性提出.md,实质答案,557,706,7,8,0,3,3,0.74,True,False
清北营,题-QBY-04-08-近日美国的一课题组开发了一种.md,实质答案,337,352,3,5,0,2,2,0.88,True,False
清北营,题-QBY-04-09-常见的Nazarov反应往往.md,实质答案,366,400,4,26,0,5,5,0.84,True,False
清北营,题-QBY-04-09-近日国科大杭高院的某团队开发.md,实质答案,605,666,5,11,0,3,3,0.76,True,False
清北营,题-QBY-04-10-alstrostineG是一.md,实质答案,191,185,1,10,0,3,3,0.67,True,False
清北营,题-QBY-05-01-以下是pH0时V的Latim.md,实质答案,199,192,1,1,0,3,3,1.0,True,False
清北营,题-QBY-05-01-在一个普普又通通的星期二上午.md,实质答案,911,1133,2,3,0,5,7,0.76,True,False
清北营,题-QBY-05-01-金属M是一种具有魔力的金属相.md,实质答案,443,608,0,1,0,5,5,0.71,True,False
清北营,题-QBY-05-02-1824年SadiCarno.md,实质答案,751,1116,3,4,0,2,2,0.64,True,False
清北营,题-QBY-05-02-近日我国科学家合成了一些单核.md,实质答案,371,374,2,5,0,6,6,0.93,True,False
清北营,题-QBY-05-02-镅Am是一种超铀元素也是一种.md,实质答案,344,386,1,3,0,5,5,0.75,True,False
清北营,题-QBY-05-03-半导体的能带分为上下两层下层.md,实质答案,540,564,0,1,0,5,5,0.86,True,False
清北营,题-QBY-05-03-最近一种简单卤化物能溶解多种.md,实质答案,418,564,0,8,0,3,6,0.67,True,False
清北营,题-QBY-05-03-某钠离子电池电解液碳酸酯体系.md,实质答案,368,422,1,0,0,4,6,0.86,True,False
清北营,题-QBY-05-04-2025年11月4日Para.md,实质答案,287,85,0,1,0,4,3,0.12,True,False
清北营,题-QBY-05-04-某固体氧化物电解池SOEC共.md,实质答案,311,344,2,2,0,5,5,0.88,True,False
清北营,题-QBY-05-04-热电转换是将热能转化为电能的.md,实质答案,622,706,8,5,0,5,5,0.84,True,False
清北营,题-QBY-05-05-20世纪下半叶研究人员发现具.md,实质答案,402,399,0,1,0,3,3,0.97,True,False
清北营,题-QBY-05-05-51众所周知CH基团一般可以.md,实质答案,316,424,2,3,0,3,3,0.72,True,False
清北营,题-QBY-05-05-源自p区元素的主族羰基类似物.md,实质答案,437,543,7,7,0,6,6,0.68,True,False
清北营,题-QBY-05-06-61铂矿石中伴生PtPdAu.md,实质答案,596,674,2,6,0,3,3,0.87,True,False
清北营,题-QBY-05-06-我们来分析影响二元酸含2个等.md,实质答案,529,545,0,0,0,5,5,0.94,True,False
清北营,题-QBY-05-06-铁弹性是指晶体中应变与应力呈.md,实质答案,402,618,2,2,0,4,4,0.57,True,False
清北营,题-QBY-05-07-人们热衷于寻找具有不同性质的.md,实质答案,211,302,2,5,0,3,3,0.61,True,False
清北营,题-QBY-05-07-滑环凝胶是一类拓扑交联的聚合.md,实质答案,591,770,5,6,0,6,6,0.67,True,False
清北营,题-QBY-05-07-阿伏伽德罗提出的分子论是物质.md,实质答案,641,758,2,1,0,4,4,0.83,True,False
清北营,题-QBY-05-08-与仲醇叔醇的脱水反应相比伯醇.md,实质答案,376,375,4,6,0,1,2,0.95,True,False
清北营,题-QBY-05-08-俄罗斯唯一的诺贝尔化学奖授予.md,实质答案,468,503,1,5,0,4,5,0.89,True,False
清北营,题-QBY-05-08-在有机反应中构造一个羰基位负.md,实质答案,248,291,2,4,0,4,4,0.81,True,False
清北营,题-QBY-05-09-二氧化氮的二聚反应是化学平衡.md,实质答案,362,615,1,1,0,5,5,0.52,True,False
清北营,题-QBY-05-09-吡咯并12喹喔啉骨架作为一种.md,实质答案,436,380,5,8,0,4,3,0.63,True,False
清北营,题-QBY-05-09-在20世纪末和21世纪初呋喃.md,实质答案,759,663,6,14,0,4,5,0.89,True,False
清北营,题-QBY-05-10-河豚毒素是一种致命的生物碱对.md,实质答案,510,618,4,7,0,3,3,0.37,True,False
清北营,题-QBY-06-01-11请判断下列有机物中是否具.md,实质答案,132,293,7,26,0,4,4,0.33,True,False
清北营,题-QBY-06-01-硫氧阴离子以硫酸根为首是人尽.md,实质答案,565,678,1,5,0,2,2,0.8,True,False
清北营,题-QBY-06-02-典型的Nazarov环化如下.md,占位标注,633,669,8,7,0,3,3,0.93,True,False
清北营,题-QBY-06-02-聚甲基丙烯酸甲酯PMMA是一.md,实质答案,865,1025,1,2,0,6,5,0.78,True,False
清北营,题-QBY-06-03-ene反应作为一种相对隐蔽的.md,实质答案,255,366,4,9,0,2,4,0.43,True,False
清北营,题-QBY-06-03-某新型多孔框架材料MAF7可.md,实质答案,363,448,0,0,0,4,4,0.75,True,False
清北营,题-QBY-06-04-某实验室拟测定一废旧锂离子电.md,实质答案,478,648,0,1,0,5,6,0.65,True,False
清北营,题-QBY-06-04-足球烯Fullerene是一.md,实质答案,684,915,3,16,0,8,8,0.59,True,False
清北营,题-QBY-06-05-CS键在各种天然产物药物农用.md,实质答案,614,633,3,8,0,3,3,0.96,True,False
清北营,题-QBY-06-05-晶体X和Y由金属元素ABC和.md,实质答案,201,237,10,8,0,2,3,0.54,True,False
清北营,题-QBY-06-06-相比于钯铑和铱催化剂而言铂和.md,实质答案,787,809,6,6,0,3,3,0.97,True,False
清北营,题-QBY-06-06-靶向药物由三个部分构成设计靶.md,实质答案,598,43,5,2,0,4,0,0.0,True,False
清北营,题-QBY-06-07-PartI碘试剂的制备与基础.md,实质答案,934,948,9,10,0,8,8,0.96,True,False
清北营,题-QBY-06-07-配合物A是Re的配合物具有四.md,实质答案,391,737,1,5,0,4,4,0.48,True,False
清北营,题-QBY-06-08-81一种常见的将芳基基团上的.md,实质答案,482,556,7,19,0,5,6,0.85,True,False
清北营,题-QBY-06-08-现代有机合成致力于开发能构建.md,实质答案,430,43,3,2,0,3,0,0.0,True,False
清北营,题-QBY-06-09-91在2025年的一篇工作中.md,实质答案,415,394,6,12,0,2,2,0.84,True,False
清北营,题-QBY-06-09-巨大戟烷是一种从大戟属植物中.md,实质答案,241,243,2,4,0,3,3,0.98,True,False
清北营,题-QBY-06-10-阿枯米灵家族的化合物常具有二.md,实质答案,255,340,2,9,0,2,2,0.51,True,False
清北营,题-QBY-07-01-23重排是一类重要的周环反应.md,实质答案,405,433,3,14,0,3,3,0.89,True,False
清北营,题-QBY-07-01-银自古被誉为月亮金属其温润而.md,实质答案,1229,1490,0,1,0,7,7,0.76,True,False
清北营,题-QBY-07-02-芳香性是有机化学中的重要性质.md,实质答案,583,830,13,8,0,6,6,0.61,True,False
清北营,题-QBY-07-02-金单质通常称为黄金常用作货币.md,实质答案,776,1375,3,3,0,9,12,0.44,True,False
清北营,题-QBY-07-03-31金银单质都有绚丽的颜色3.md,实质答案,646,452,0,0,0,6,6,0.85,True,False
清北营,题-QBY-07-03-托品酮是莨菪烷类生物碱家族中.md,实质答案,483,839,3,3,0,11,11,0.48,True,False
清北营,题-QBY-07-04-Birch还原是合成非共轭烯.md,实质答案,588,590,7,15,0,5,5,0.96,True,False
清北营,题-QBY-07-04-在双键化合物的制备思路中采用.md,实质答案,323,705,6,8,0,2,3,0.41,True,False
清北营,题-QBY-07-05-51在第39届中国化学奥林匹.md,实质答案,194,111,2,10,0,2,2,0.57,True,False
清北营,题-QBY-07-05-氟原子取代基是药物合成中非常.md,实质答案,507,498,8,13,0,2,2,0.96,True,False
清北营,题-QBY-07-06-2024年XuQ等人报道了一.md,实质答案,378,423,6,10,0,3,3,0.84,True,False
清北营,题-QBY-07-06-氢有可能成为21世纪的主要能.md,实质答案,140,197,0,1,0,2,3,0.58,True,False
清北营,题-QBY-07-07-71将以下物质按从小到大排序.md,实质答案,84,272,0,23,0,2,2,0.21,True,False
清北营,题-QBY-07-07-三羧酸循环是人体内重要的供能.md,实质答案,601,678,2,3,0,2,2,0.78,True,False
清北营,题-QBY-07-08-在20世纪末和21世纪初呋喃.md,实质答案,524,599,3,18,0,5,5,0.64,True,False
清北营,题-QBY-07-08-环加成反应是最有效的化学过程.md,实质答案,758,814,4,14,0,4,4,0.88,True,False
清北营,题-QBY-07-09-生物碱是一类重要的天然产物它.md,实质答案,694,764,6,12,0,2,2,0.77,True,False
清北营,题-QBY-08-01-11在下热分解产物中仅有一种.md,实质答案,224,157,0,5,0,4,4,1.0,True,False
清北营,题-QBY-08-01-含元素X的矿石与NaCl混合.md,实质答案,256,246,0,4,0,3,2,0.94,True,False
清北营,题-QBY-08-02-21将01mol金属硫化物M.md,实质答案,215,253,0,0,0,3,4,0.78,True,False
清北营,题-QBY-08-02-在刚刚入门化学的时候我们就知.md,实质答案,344,617,1,2,0,4,4,0.48,True,False
清北营,题-QBY-08-03-31M是一种经典的配合物中心.md,实质答案,613,935,3,10,0,4,4,0.58,True,False
清北营,题-QBY-08-03-在春季班试题中我们研究了co.md,实质答案,282,340,2,5,0,6,6,0.6,True,False
清北营,题-QBY-08-04-全钒液流电池是以金属钒离子为.md,实质答案,694,939,2,2,0,5,6,0.68,True,False
清北营,题-QBY-08-04-将钾与红磷置于长20厘米的密.md,实质答案,149,266,3,5,0,1,3,0.42,True,False
清北营,题-QBY-08-05-多锑配体络合物因其高光敏性和.md,实质答案,301,369,3,5,0,1,2,0.74,True,False
清北营,题-QBY-08-05-纳米是常用光催化材料其可在特.md,实质答案,414,652,0,0,0,8,12,0.57,True,False
清北营,题-QBY-08-06-611堆积层永远是晶体结构问.md,实质答案,554,797,2,9,0,3,5,0.62,True,False
清北营,题-QBY-08-06-对高分子反应规律的探寻具有重.md,实质答案,634,666,0,0,0,4,4,0.93,True,False
清北营,题-QBY-08-07-将金属锶与按照一定比例混合之.md,实质答案,248,437,1,2,0,3,4,0.52,True,False
清北营,题-QBY-08-07-自由基重排反应往往被认为是一.md,实质答案,410,1116,4,22,0,4,4,0.32,True,False
清北营,题-QBY-08-08-1975年一位印度籍的研究生.md,实质答案,452,757,2,10,0,2,2,0.55,True,False
清北营,题-QBY-08-08-广义的超共轭效应在有机化学中.md,实质答案,235,420,11,14,0,4,4,0.51,True,False
清北营,题-QBY-08-09-含硼有机化合物在有机化学中常.md,实质答案,593,730,8,19,0,6,6,0.77,True,False
清北营,题-QBY-08-09-闪蒸真空热解FVPFlash.md,实质答案,251,500,6,17,0,4,6,0.35,True,False
清北营,题-QBY-08-10-醛类化合物在有机合成中有重要.md,占位标注,517,43,5,0,0,5,0,0.0,True,False
清北营,题-QBY-09-01-早在5500年前古埃及人就知.md,实质答案,798,941,0,5,0,4,7,0.79,True,False
清北营,题-QBY-09-01-烟花云幕重榴艳朝景俊夜空中的.md,实质答案,1255,1611,1,1,0,6,7,0.69,True,False
清北营,题-QBY-09-02-在钼弹筒中令Ti与计量的Ti.md,实质答案,972,1141,3,9,0,6,6,0.82,True,False
清北营,题-QBY-09-02-金属有机框架MOF的合成主要.md,实质答案,758,835,1,5,0,3,8,0.88,True,False
清北营,题-QBY-09-03-下图所示配体是一个四齿配体现.md,实质答案,298,573,1,3,0,2,4,0.5,True,False
清北营,题-QBY-09-03-物质存在固体液体气体三种状态.md,实质答案,1096,43,11,2,0,5,0,0.0,True,False
清北营,题-QBY-09-04-含磷杂环因其独特的空间结构和.md,实质答案,444,43,1,2,0,2,0,0.0,True,False
清北营,题-QBY-09-04-在如下多齿氮磷配体的螯合作用.md,实质答案,819,972,4,15,0,4,4,0.65,True,False
清北营,题-QBY-09-05-51在酸碱滴定操作中下列仪器.md,实质答案,299,326,3,0,0,8,9,0.81,True,False
清北营,题-QBY-09-05-某二元化合物的晶体为立方晶系.md,实质答案,247,618,2,3,0,5,5,0.39,True,False
清北营,题-QBY-09-06-分子变色龙是一类可以根据环境.md,实质答案,624,731,7,4,0,4,4,0.79,True,False
清北营,题-QBY-09-06-月球地质I月球矿物化学随着人.md,实质答案,678,772,4,5,0,3,3,0.52,True,False
清北营,题-QBY-09-07-Fentanyl及其衍生物正.md,实质答案,377,43,3,2,0,4,0,0.0,True,False
清北营,题-QBY-09-07-使用简单分子和人工分子组装模.md,实质答案,406,1064,4,8,0,3,5,0.19,True,False
清北营,题-QBY-09-08-1885年AdolfvonB.md,实质答案,469,509,4,2,0,3,3,0.79,True,False
清北营,题-QBY-09-09-研究人员近期合成了一种C20.md,实质答案,505,553,6,3,0,4,4,0.81,True,False
清北营,题-QBY-10-01-11298K下在一弹式热量计.md,实质答案,304,565,0,0,0,2,3,0.48,True,False
清北营,题-QBY-10-01-金属元素X在电子工业中具有重.md,实质答案,411,412,0,0,0,4,4,0.93,True,False
清北营,题-QBY-10-02-准确称取05055g奶粉置于.md,实质答案,452,472,1,1,0,5,6,0.91,True,False
清北营,题-QBY-10-02-单原子催化剂SACs为具有催.md,实质答案,428,495,3,6,0,3,3,0.82,True,False
清北营,题-QBY-10-03-2025年的诺贝尔化学奖颁给.md,实质答案,943,1230,1,3,0,4,4,0.76,True,False
清北营,题-QBY-10-03-月球地质II但是仅仅是元素相.md,实质答案,279,287,0,3,0,2,2,0.96,True,False
清北营,题-QBY-10-04-烟花云幕重榴艳朝景侵夜空中的.md,实质答案,832,961,1,1,0,6,8,0.83,True,False
清北营,题-QBY-10-04-超分子自组装在化学生物与材料.md,实质答案,1117,1350,5,8,0,5,5,0.82,True,False
清北营,题-QBY-10-05-氧气的氧化还原反应是生命过程.md,实质答案,1043,1089,3,4,0,3,3,0.92,True,False
清北营,题-QBY-10-05-的结构常被称为六方钙钛矿其结.md,实质答案,364,390,2,6,0,3,3,0.92,True,False
清北营,题-QBY-10-06-在化学动力学中对于R与P间的.md,实质答案,666,879,2,3,0,5,5,0.65,True,False
清北营,题-QBY-10-06-磷宾及其衍生物由于其独特反应.md,实质答案,647,698,7,17,0,4,4,0.91,True,False
清北营,题-QBY-10-07-71以下为碳硼烷的一种异构体.md,实质答案,157,223,6,12,0,3,3,0.67,True,False
清北营,题-QBY-10-08-N杂芳环的间位CH官能团化是.md,实质答案,360,400,4,17,0,3,3,0.85,True,False
清北营,题-QBY-10-09-叠氮化合物虽然具有一定危险性.md,实质答案,430,569,5,7,0,5,5,0.71,True,False
清北营,题-QBY-11-01-化学式形如的盐多种多样常常让.md,实质答案,410,357,0,2,0,6,6,0.71,True,False
清北营,题-QBY-11-01-已知VanderWaals气.md,实质答案,251,524,0,0,0,3,3,0.44,True,False
清北营,题-QBY-11-02-离子晶体在绝对零度时为完美晶.md,实质答案,1510,2039,0,2,0,4,4,0.69,True,False
清北营,题-QBY-11-02-过氧亚硝酸盐是一种生命体系中.md,实质答案,765,1021,2,2,0,2,2,0.65,True,False
清北营,题-QBY-11-03-如果你不小心在晚上饿了又不小.md,实质答案,935,1421,8,5,0,3,3,0.64,True,False
清北营,题-QBY-11-03-苯拥有众所周知的芳香性这使得.md,实质答案,682,749,3,10,0,4,4,0.88,True,False
清北营,题-QBY-11-04-四三苯基膦钯0PdPPh是S.md,实质答案,1226,1452,2,1,0,7,7,0.81,True,False
清北营,题-QBY-11-04-金属元素A可以形成一系列结构.md,实质答案,314,348,1,3,0,5,5,0.72,True,False
清北营,题-QBY-11-05-全无机三维多酸POM框架是一.md,实质答案,747,858,0,1,0,6,7,0.85,True,False
清北营,题-QBY-11-05-金属配合物促进白磷的转化研究.md,实质答案,568,916,4,11,0,2,2,0.58,True,False
清北营,题-QBY-11-06-双环110丁烷BCBs具有多.md,实质答案,597,764,3,8,0,5,5,0.77,True,False
清北营,题-QBY-11-06-多核金I硫化物团簇具有丰富的.md,实质答案,474,726,2,10,0,4,5,0.54,True,False
清北营,题-QBY-11-07-某元素X的一种晶体晶胞参数a.md,实质答案,366,568,0,3,0,2,3,0.57,True,False
清北营,题-QBY-11-07-自由基介导的烯烃双官能团化是.md,实质答案,252,359,4,5,0,2,3,0.63,True,False
清北营,题-QBY-11-08-有研究人员发现了Au与某金属.md,实质答案,567,608,0,3,0,3,3,0.9,True,False
清北营,题-QBY-11-08-继BlidingLights.md,实质答案,365,449,3,7,0,3,3,0.66,True,False
清北营,题-QBY-11-09-91自1977年Kagan等.md,实质答案,1375,1423,9,22,0,11,10,0.88,True,False
清北营,题-QBY-11-09-多面体是结构化学中的一个重要.md,实质答案,768,1177,0,2,0,5,5,0.62,True,False
清北营,题-QBY-12-01-同一个化学式对应不同异构体的.md,实质答案,546,680,0,2,0,4,4,0.69,True,False
清北营,题-QBY-12-02-是常温常压下唯一的稳定气态U.md,实质答案,246,360,0,1,0,1,2,0.59,True,False
清北营,题-QBY-12-03-化学教授ShlomoRoze.md,实质答案,176,172,0,9,0,3,4,1.0,True,False
清北营,题-QBY-12-04-使用如下咔咯配体TpMePC.md,实质答案,317,479,1,2,0,3,3,0.47,True,False
清北营,题-QBY-12-05-共价有机框架Covalent.md,实质答案,385,615,3,17,0,3,3,0.43,True,False
清北营,题-QBY-12-06-61是一种十分典型的晶体结构.md,实质答案,379,667,3,5,0,2,2,0.39,True,False
清北营,题-QBY-12-07-用滴定管将少量的溶液加到溶液.md,实质答案,287,401,0,0,0,3,3,0.65,True,False
清北营,题-QBY-12-08-在有机化学发展的初期仪器分析.md,实质答案,676,797,2,4,0,5,5,0.68,True,False
清北营,题-QBY-12-09-91给出下面转化的关键中间体.md,实质答案,166,525,6,25,0,5,10,0.25,True,False
清北营,题-QBY-12-10-近日上海交通大学的吴华课题组.md,占位标注,343,35,6,0,0,5,0,0.0,True,False
清北营,题-QBY-13-01-轴手性是立体异构的一种形式其.md,实质答案,433,422,3,12,0,3,3,1.0,True,False
清北营,题-QBY-13-02-卡宾与烯烃或炔烃的环加成反应.md,实质答案,350,280,1,1,0,2,2,0.87,True,False
清北营,题-QBY-13-03-31画出还原酯基的一般机理并.md,实质答案,350,708,4,3,0,3,3,0.42,True,False
清北营,题-QBY-13-04-近日上海有机化学研究所施世良.md,实质答案,364,356,2,9,0,3,3,0.99,True,False
清北营,题-QBY-13-05-51德国马克斯普朗克煤炭研究.md,实质答案,737,909,7,26,0,4,4,0.78,True,False
清北营,题-QBY-13-06-在现代金属卡宾化学中卡宾体系.md,实质答案,757,1531,11,26,0,4,4,0.44,True,False
清北营,题-QBY-13-07-71丙烯酸乙酯在高温下裂解写.md,实质答案,246,424,12,16,0,7,6,0.57,True,False
清北营,题-QBY-13-08-本题需注意立体化学Vinig.md,实质答案,638,662,4,8,0,6,6,0.95,True,False
清北营,题-QBY-16-01-化合物A1A3与化合物C1C.md,实质答案,485,473,0,1,0,4,4,1.0,True,False
清北营,题-QBY-16-02-氮气在温和条件下的转化是工业.md,实质答案,703,43,2,2,0,2,0,0.0,True,False
清北营,题-QBY-16-03-首个人工合成的分子三叶结于2.md,实质答案,1014,1025,11,16,0,2,2,0.97,True,False
清北营,题-QBY-16-04-41解剖BeClBeCl属正.md,实质答案,645,1050,2,5,0,3,4,0.55,True,False
清北营,题-QBY-16-05-液体中的起泡现象广泛存在于多.md,实质答案,1151,1250,3,3,0,6,6,0.88,True,False
清北营,题-QBY-16-06-一氧化碳是一种不可或缺的C1.md,实质答案,610,43,3,2,0,2,0,0.0,True,False
清北营,题-QBY-16-07-在微观世界的舞台上分子们宛如.md,实质答案,494,712,2,6,0,3,3,0.64,True,False
清北营,题-QBY-16-08-同为常见的金属卡宾前体相比易.md,实质答案,284,306,3,13,0,3,3,0.83,True,False
清北营,题-QBY-16-09-小环具有独特的反应性在有机合.md,实质答案,393,423,5,21,0,2,2,0.75,True,False
清北营,题-QBY-16-10-在有机化学中有机化合物中的N.md,实质答案,517,492,3,5,0,2,2,0.76,True,False
清北营,题-QBY-17-01-11过渡金属元素M由英国传教.md,实质答案,596,715,2,6,0,3,5,0.8,True,False
清北营,题-QBY-17-02-碳族元素需要得到或失去四个电.md,实质答案,1081,1192,3,10,0,5,5,0.88,True,False
清北营,题-QBY-17-03-自旋冰SpinIce是一种特.md,实质答案,844,1098,2,4,0,2,5,0.7,True,False
清北营,题-QBY-17-04-水是是人们认识的最早的物种之.md,实质答案,836,1050,1,2,0,3,3,0.7,True,False
清北营,题-QBY-17-05-在照相化学中显影是指将感光材.md,实质答案,891,1072,1,2,0,5,5,0.77,True,False
清北营,题-QBY-17-06-构建一个由个相同双膜三室浓差.md,实质答案,812,912,1,0,0,4,4,0.81,True,False
清北营,题-QBY-17-07-近年来在骨架编辑和天然产物骨.md,实质答案,721,871,3,9,0,3,3,0.81,True,False
清北营,题-QBY-17-08-近些年来有关金属催化的有机反.md,实质答案,696,697,3,8,0,2,2,0.99,True,False
清北营,题-QBY-17-09-小环双环碳环骨架因其刚性结构.md,实质答案,587,727,6,4,0,4,4,0.77,True,False
质心GChO,题-GChO-01-01-作为最重要的肥料和化工原料的.md,实质答案,381,12,0,0,0,0,0,0.0,True,False
质心GChO,题-GChO-01-02-某未知化合物X只含有碳氧和氯.md,实质答案,136,16,0,0,0,0,0,0.0,True,False
质心GChO,题-GChO-01-03-某混合溶液含和浓度均为010.md,实质答案,101,81,0,0,0,0,1,0.0,True,False
质心GChO,题-GChO-01-04-锕系元素U主要以的形式存在但.md,实质答案,379,11,1,1,0,0,0,0.0,True,False
质心GChO,题-GChO-01-05-Q16分别写出制备以下高分子.md,实质答案,326,15,2,2,0,0,0,0.0,True,False
质心GChO,题-GChO-01-06-A型晶体属于六方晶系晶胞内的.md,实质答案,105,20,1,1,0,0,0,0.0,True,False
质心GChO,题-GChO-01-07-Q12化合物14中酸性最强的.md,实质答案,91,98,4,3,0,1,0,0.0,True,False
质心GChO,题-GChO-01-08-醛酮与肼反应脱水形成的化合物.md,实质答案,489,2,6,2,0,0,0,1.0,True,False
质心GChO,题-GChO-01-09-某母核为的芳香化合物的合成路.md,实质答案,80,2,0,2,0,0,0,1.0,True,False
质心GChO,题-GChO-02-01-11铜在隔绝空气的环境下可溶.md,实质答案,184,226,0,0,0,5,6,0.61,True,False
质心GChO,题-GChO-02-02-由100L的00500MCH.md,实质答案,140,198,0,0,0,4,3,0.39,True,False
质心GChO,题-GChO-02-03-考虑如下二氧化氮的二聚反应2.md,实质答案,156,799,0,4,0,5,13,0.15,True,False
质心GChO,题-GChO-02-04-自然界中某些细菌能利用其他物.md,实质答案,592,356,1,5,0,4,4,0.57,True,False
质心GChO,题-GChO-02-05-是常用的锂电池正极材料晶体结.md,实质答案,169,196,2,2,0,4,3,0.68,True,False
质心GChO,题-GChO-02-06-BuchwardHartwi.md,实质答案,474,688,1,22,0,5,5,0.56,True,False
质心GChO,题-GChO-02-07-圈出以下每组中较小的物质ab.md,实质答案,15,107,12,11,0,0,0,0.0,True,False
质心GChO,题-GChO-02-08-有机反应按机理可以分为三大类.md,实质答案,459,512,3,3,0,3,3,0.85,True,False
质心GChO,题-GChO-02-09-1850年天然产物X被从植物.md,实质答案,175,379,4,13,0,3,8,0.41,True,False
质心GChO,题-GChO-03-01-写出下列过程的反应方程式11.md,实质答案,172,236,0,0,0,5,5,0.59,True,False
质心GChO,题-GChO-03-02-天然气的主要成分为甲烷水合物.md,实质答案,182,238,0,0,0,3,3,0.74,True,False
质心GChO,题-GChO-03-03-元素X最初从金矿中分离在鼓风.md,实质答案,406,453,0,1,0,3,3,0.85,True,False
质心GChO,题-GChO-03-04-库伦分析法是建立在测量电解待.md,实质答案,465,735,1,1,0,2,4,0.58,True,False
质心GChO,题-GChO-03-05-某种碘化镉的晶体结构可描述为.md,实质答案,184,220,0,1,0,6,4,0.49,True,False
质心GChO,题-GChO-03-06-在某个恒压密闭容器中进行着如.md,实质答案,204,342,0,0,0,4,6,0.52,True,False
质心GChO,题-GChO-03-07-存在如下转化mathrmCH.md,实质答案,66,31,0,2,0,2,0,0.0,True,False
质心GChO,题-GChO-03-08-二甲基砜DMSO是一种兼具低.md,实质答案,174,31,2,2,0,0,0,0.0,True,False
质心GChO,题-GChO-03-09-2013年某课题组发展了一种.md,实质答案,257,387,5,10,0,4,4,0.53,True,False
质心GChO,题-GChO-04-01-11写出下列过程的反应方程式.md,实质答案,190,90,0,0,0,3,2,0.0,True,False
质心GChO,题-GChO-04-02-铂不溶于盐酸硫酸硝酸和碱溶液.md,实质答案,168,4,0,5,0,2,2,0.0,True,False
质心GChO,题-GChO-04-03-下文为某定量分析岩石组分的实.md,实质答案,426,94,0,0,0,3,4,0.0,True,False
质心GChO,题-GChO-04-04-41以下单体形成聚合物中哪些.md,实质答案,179,94,0,0,0,3,2,0.0,True,False
质心GChO,题-GChO-04-05-绿柱石是自然界中最常见的铍矿.md,实质答案,443,87,1,0,0,5,4,0.0,True,False
质心GChO,题-GChO-04-06-某元素的电势图如下所示根据元.md,实质答案,136,64,3,0,0,5,4,0.0,True,False
质心GChO,题-GChO-04-07-71判断下列化合物是否存在旋.md,实质答案,60,3,1,1,0,2,2,0.0,True,False
质心GChO,题-GChO-04-08-制备芳基锂试剂有如下三种ro.md,实质答案,348,18,4,14,0,2,2,0.0,True,False
质心GChO,题-GChO-04-09-以下合成过程为某天然产物合成.md,实质答案,218,111,4,6,0,3,2,0.0,True,False
质心GChO,题-GChO-06-01-写出下列过程的反应方程式11.md,实质答案,109,3,0,0,0,4,1,0.0,True,False
质心GChO,题-GChO-06-02-21某合金中主要由BiPbS.md,实质答案,316,127,0,0,0,3,4,0.0,True,False
质心GChO,题-GChO-06-03-无机酸A酸性和醋酸相当和醋酸.md,实质答案,268,40,0,2,0,3,3,0.0,True,False
质心GChO,题-GChO-06-04-第一个被证实的碳自由基是三苯.md,实质答案,189,7,0,0,0,2,1,0.0,True,False
质心GChO,题-GChO-06-05-燃料电池是一种主要透过氧或其.md,实质答案,283,45,0,3,0,2,2,0.0,True,False
质心GChO,题-GChO-06-06-6H钙钛矿型材料是一种新发展.md,实质答案,705,86,1,10,0,5,7,0.0,True,False
质心GChO,题-GChO-06-07-下列各组化合物均能发生酮式烯.md,实质答案,45,33,9,1,0,0,1,0.0,True,False
质心GChO,题-GChO-06-08-由环氧化的酮形成的腙进行的裂.md,实质答案,132,4,1,6,0,3,2,0.0,True,False
质心GChO,题-GChO-07-01-写出下列过程的反应方程式11.md,实质答案,136,30,0,0,0,5,3,0.0,True,False
质心GChO,题-GChO-07-02-水煤气法是工业上制备的常用方.md,实质答案,248,12,0,0,0,4,3,0.0,True,False
质心GChO,题-GChO-07-03-含X元素的某种矿石富集后在空.md,实质答案,481,25,0,0,0,4,3,0.0,True,False
质心GChO,题-GChO-07-04-已知Fe和Co元素在2981.md,实质答案,190,19,0,0,0,4,3,0.0,True,False
质心GChO,题-GChO-07-05-是一种氢的质量百分数较高的储.md,实质答案,319,31,1,3,0,6,5,0.0,True,False
质心GChO,题-GChO-07-06-水的化学需氧量chemica.md,实质答案,224,55,0,0,0,4,4,0.0,True,False
质心GChO,题-GChO-07-07-比较下列各组化合物的酸性由强.md,实质答案,21,36,11,8,0,3,4,0.0,True,False
质心GChO,题-GChO-07-08-81下面两个反应是都能发生亦.md,实质答案,90,87,4,12,0,2,0,0.0,True,False
质心GChO,题-GChO-07-09-Salinosporamid.md,实质答案,198,8,6,22,0,3,1,0.0,True,False
质心GChO,题-GChO-08-01-11和反应制备乙硼烷12和N.md,实质答案,87,126,0,0,0,5,5,0.62,True,False
质心GChO,题-GChO-08-02-21As能形成多种硫化物包括.md,实质答案,389,476,1,8,0,3,3,0.72,True,False
质心GChO,题-GChO-08-03-ABCD四种化合物都是强电解.md,实质答案,143,31,0,2,0,0,0,0.0,True,False
质心GChO,题-GChO-08-04-Mn是地壳含量第三高的过渡金.md,实质答案,299,314,0,1,0,2,2,0.95,True,False
质心GChO,题-GChO-08-05-BaMnO具有六方晶系结构为.md,实质答案,97,115,1,2,0,4,4,0.59,True,False
质心GChO,题-GChO-08-06-通过甲醇裂解制备是一种常用的.md,实质答案,267,348,0,0,0,4,6,0.68,True,False
质心GChO,题-GChO-08-07-用下列方法测定铜合金中Cu的.md,实质答案,313,410,0,0,0,2,2,0.69,True,False
质心GChO,题-GChO-08-08-81判断以下物质在室温下是否.md,实质答案,73,77,12,11,0,4,4,0.5,True,False
质心GChO,题-GChO-08-09-亚砜是有机化学中重要的官能团.md,实质答案,219,311,3,5,0,3,3,0.62,True,False
质心GChO,题-GChO-08-10-Rocaglates是一族很.md,实质答案,276,386,2,8,0,4,4,0.63,True,False
质心GChO,题-GChO-09-01-11银器在空气中久置后会变黑.md,实质答案,244,241,0,0,0,5,5,1.0,True,False
质心GChO,题-GChO-09-02-假设实验均在室温标准压力下进.md,实质答案,145,151,0,0,0,2,3,0.93,True,False
质心GChO,题-GChO-09-03-假设实验均在室温标准压力下进.md,实质答案,466,425,0,1,0,5,6,0.63,True,False
质心GChO,题-GChO-09-04-Takai反应是约30年前T.md,实质答案,379,449,2,6,0,2,2,0.75,True,False
质心GChO,题-GChO-09-05-某100g铯榴石矿中含有15.md,实质答案,132,79,0,0,0,3,3,0.0,True,False
质心GChO,题-GChO-09-06-以下是本题需要用到的热力学数.md,实质答案,259,265,0,0,0,3,3,0.9,True,False
质心GChO,题-GChO-09-07-71富勒烯是第三种单质碳被发.md,实质答案,373,681,0,8,0,4,8,0.52,True,False
质心GChO,题-GChO-09-08-81一些过渡金属催化的反应或.md,实质答案,272,167,2,7,0,2,4,0.19,True,False
质心GChO,题-GChO-09-09-瘦睿在研究成环反应时发现对于.md,实质答案,107,167,1,15,0,2,2,0.59,True,False
质心GChO,题-GChO-09-10-烯烃的双官能团化是指断开烯烃.md,实质答案,421,501,5,23,0,7,7,0.82,True,False
质心GChO,题-GChO-10-01-写出下列过程的反应方程式11.md,实质答案,107,104,0,0,0,5,5,1.0,True,False
质心GChO,题-GChO-10-02-21指出在分子中的键型并计算.md,实质答案,178,396,0,2,0,3,5,0.36,True,False
质心GChO,题-GChO-10-03-氟化银吡啶五氟化锑与反应以乙.md,实质答案,181,254,0,1,0,2,3,0.18,True,False
质心GChO,题-GChO-10-04-化合物A是具有对称性的三元化.md,实质答案,242,254,0,1,0,3,3,0.9,True,False
质心GChO,题-GChO-10-05-石墨在一定条件下可以转化为金.md,实质答案,166,202,0,0,0,4,5,0.56,True,False
质心GChO,题-GChO-10-06-已知的硫酸的二级电离常数为6.md,实质答案,82,78,0,0,0,3,2,0.71,True,False
质心GChO,题-GChO-10-07-稀有气体元素因为几乎不与任何.md,实质答案,353,368,0,10,0,2,2,0.85,True,False
质心GChO,题-GChO-10-08-81以下化合物具有异常强的碱.md,实质答案,120,209,2,5,0,3,5,0.55,True,False
质心GChO,题-GChO-10-09-北京大学化学与分子工程学院罗.md,实质答案,296,148,3,3,0,2,2,0.21,True,False
质心GChO,题-GChO-10-10-重排反应是有机化学中很特殊的.md,实质答案,133,145,2,4,0,2,2,0.89,True,False
质心GChO,题-GChO-11-01-11单质Se在碱性溶液中有的.md,实质答案,126,123,0,0,0,5,5,1.0,True,False
质心GChO,题-GChO-11-02-21根据路易斯酸碱电子论判断.md,实质答案,251,308,1,3,0,5,5,0.65,True,False
质心GChO,题-GChO-11-03-31化合物A为阴阳离子比例为.md,实质答案,215,212,0,3,0,2,2,1.0,True,False
质心GChO,题-GChO-11-04-采用甲醛法测定某有机物中的N.md,实质答案,251,279,0,0,0,4,6,0.83,True,False
质心GChO,题-GChO-11-05-已知某气相反应可以在某密闭容.md,实质答案,193,208,0,0,0,4,3,0.7,True,False
质心GChO,题-GChO-11-06-是一种具有高迁移率的半导体是.md,实质答案,264,554,0,9,0,2,4,0.57,True,False
质心GChO,题-GChO-11-07-71完成反应注意立体化学12.md,占位标注,91,42,6,0,0,3,0,0.0,True,False
质心GChO,题-GChO-11-08-在有机化学中CC键或者CC键.md,占位标注,436,42,3,0,0,2,0,0.0,True,False
质心GChO,题-GChO-11-09-环张力一方面降低了分子的稳定.md,占位标注,141,42,5,0,0,3,0,0.0,True,False
质心GChO,题-GChO-12-01-11将气体通入沸腾的金属钠中.md,实质答案,210,302,0,0,0,5,6,0.63,True,False
质心GChO,题-GChO-12-02-氢气是一种新型能源具有高效绿.md,实质答案,221,375,0,0,0,3,5,0.55,True,False
质心GChO,题-GChO-12-03-31已知的计算水溶液的pH3.md,实质答案,54,139,0,0,0,2,2,0.27,True,False
质心GChO,题-GChO-12-04-X元素的单质是人类很早就提炼.md,实质答案,309,326,0,0,0,3,5,0.94,True,False
质心GChO,题-GChO-12-05-高温超导是近年来十分热门的一.md,实质答案,270,341,3,4,0,5,5,0.73,True,False
质心GChO,题-GChO-12-06-与大家所熟知的环糊精杯芳烃等.md,实质答案,775,934,4,7,0,3,3,0.82,True,False
质心GChO,题-GChO-12-07-71请选出下列3个化合物中碱.md,实质答案,126,151,7,10,0,3,3,0.59,True,False
质心GChO,题-GChO-12-08-如下是天然化合物Mitrep.md,实质答案,57,200,1,4,0,3,3,0.15,True,False
质心GChO,题-GChO-12-09-硫氧双键广泛存在于亚砜砜以及.md,实质答案,466,29,3,2,0,3,0,0.0,True,False
质心GChO,题-GChO-13-01-11CuS隔绝空气下可溶于无.md,实质答案,277,305,0,0,0,5,7,0.88,True,False
质心GChO,题-GChO-13-02-21判断下列说法的正T误Fa.md,实质答案,315,529,0,3,0,4,6,0.48,True,False
质心GChO,题-GChO-13-03-已知的的的31向硝酸亚汞溶液.md,实质答案,74,207,0,0,0,2,4,0.0,True,False
质心GChO,题-GChO-13-04-化合物A为常见主族元素组成的.md,实质答案,211,532,0,2,0,3,5,0.38,True,False
质心GChO,题-GChO-13-05-现有某混合物固体里面可能含有.md,实质答案,288,189,0,1,0,2,3,0.22,True,False
质心GChO,题-GChO-13-06-x61多面体之间如何连接62.md,实质答案,292,446,2,17,0,6,9,0.39,True,False
质心GChO,题-GChO-13-07-71将下列化合物中酸性由强到.md,实质答案,166,229,9,15,0,3,3,0.0,True,False
质心GChO,题-GChO-13-08-白介素1受体相关激酶4IRA.md,实质答案,192,209,2,18,0,3,3,0.88,True,False
质心GChO,题-GChO-13-09-碳上很难发生取代反应但是在适.md,实质答案,313,367,3,15,0,6,6,0.83,True,False
质心GChO,题-GChO-14-01-11表面活性剂辅助法是溶剂热.md,实质答案,270,266,0,0,0,2,3,0.81,True,False
质心GChO,题-GChO-14-02-21元素X是自然界中含单电子.md,实质答案,299,316,0,2,0,2,3,0.79,True,False
质心GChO,题-GChO-14-03-31使用聚合物进行肿瘤的治疗.md,实质答案,136,401,1,5,0,2,5,0.23,True,False
质心GChO,题-GChO-14-04-从某矿石中提取金属M首先将用.md,实质答案,365,202,0,3,0,3,2,0.08,True,False
质心GChO,题-GChO-14-05-工业上合成氨通常使用和在催化.md,实质答案,267,617,0,4,0,3,11,0.24,True,False
质心GChO,题-GChO-14-06-常规的锂离子电池是电池正极是.md,实质答案,465,402,0,4,0,3,4,0.3,True,False
质心GChO,题-GChO-14-07-灰灰的小弟拟用高锰酸钾法测定.md,实质答案,376,334,0,2,0,5,6,0.77,True,False
质心GChO,题-GChO-14-08-81在有机合成中常常使用TM.md,实质答案,116,154,2,3,0,3,5,0.38,True,False
质心GChO,题-GChO-14-09-如下是一类潜在的治疗HIV1.md,实质答案,57,91,2,2,0,2,3,0.35,True,False
质心GChO,题-GChO-14-10-多糖的合成是生化研究中一个重.md,占位标注,235,42,2,0,0,2,0,0.0,True,False
质心GChO,题-GChO-15-01-11利用的热分解制备一种无定.md,实质答案,67,65,0,1,0,3,3,0.5,True,False
质心GChO,题-GChO-15-02-21纯硫代硫酸长时间以来未曾.md,实质答案,258,323,0,2,0,2,4,0.79,True,False
质心GChO,题-GChO-15-03-氰法提金是现在最重要的化学提.md,实质答案,83,188,0,0,0,2,2,0.03,True,False
质心GChO,题-GChO-15-04-某小组希望测定混合溶液中与分.md,实质答案,191,235,0,1,0,3,3,0.78,True,False
质心GChO,题-GChO-15-05-化合物A在常温下稳定受热易分.md,实质答案,309,324,0,3,0,3,3,0.95,True,False
质心GChO,题-GChO-15-06-某二元化合物可以在相似的条件.md,实质答案,225,301,0,4,0,4,6,0.8,True,False
质心GChO,题-GChO-15-07-已知NO被氧气氧化的可能机理.md,实质答案,219,337,1,18,0,4,8,0.64,True,False
质心GChO,题-GChO-15-08-81将下列各组化合物按和HB.md,实质答案,49,52,11,3,0,2,2,0.0,True,False
质心GChO,题-GChO-15-09-如下是化合物Merochlo.md,占位标注,143,42,4,0,0,3,0,0.0,True,False
质心GChO,题-GChO-15-10-如下是一个用手性辅基实现的不.md,占位标注,58,42,1,0,0,3,0,0.0,True,False
质心GChO,题-GChO-16-01-11写出下列过程的反应方程式.md,实质答案,173,260,0,2,0,2,3,0.53,True,False
质心GChO,题-GChO-16-02-21气体X是一种常见的强氧化.md,实质答案,176,192,0,1,0,2,2,0.89,True,False
质心GChO,题-GChO-16-03-元素X常见于半导体材料中其单.md,实质答案,124,202,1,0,0,3,6,0.59,True,False
质心GChO,题-GChO-16-04-某二元弱酸的某一价金属M可与.md,实质答案,158,169,0,0,0,4,4,0.19,True,False
质心GChO,题-GChO-16-05-一种新型的钙钛矿型材料其结构.md,实质答案,288,460,1,8,0,5,5,0.57,True,False
质心GChO,题-GChO-16-06-已知如下两个转化一些可能会用.md,实质答案,143,141,0,0,0,4,5,0.78,True,False
质心GChO,题-GChO-16-07-71下列化合物不能发生取代反.md,实质答案,36,20,6,3,0,2,1,0.67,True,False
质心GChO,题-GChO-16-08-如下是化合物Merochlo.md,占位标注,66,42,2,0,0,2,0,0.0,True,False
质心GChO,题-GChO-16-09-由于氮气的稳定性含有氮氮双键.md,实质答案,307,356,3,12,0,4,4,0.87,True,False
质心GChO,题-GChO-17-01-11写出下列过程的反应方程式.md,实质答案,176,689,0,3,0,2,8,0.24,True,False
质心GChO,题-GChO-17-02-21化合物与HCl溶液反应得.md,实质答案,114,175,0,2,0,3,4,0.26,True,False
质心GChO,题-GChO-17-03-元素abc属于同一副族电负性.md,实质答案,340,370,0,1,0,3,3,0.9,True,False
质心GChO,题-GChO-17-04-砷是一种常见的元素多数砷的化.md,实质答案,479,519,0,2,0,5,6,0.81,True,False
质心GChO,题-GChO-17-05-当一个材料中同时存在铁磁性和.md,实质答案,347,366,1,3,0,3,5,0.89,True,False
质心GChO,题-GChO-17-06-水蒸气蒸馏是分离有机物的常用.md,实质答案,202,246,0,0,0,3,3,0.79,True,False
质心GChO,题-GChO-17-07-在催化剂存在下将乙二酸与乙醇.md,实质答案,73,73,0,0,0,2,2,1.0,True,False
质心GChO,题-GChO-17-08-81选出下列各组化合物中酸性.md,实质答案,39,269,4,23,0,2,7,0.12,True,False
质心GChO,题-GChO-17-09-如下是化合物Waihoens.md,占位标注,93,42,2,0,0,4,0,0.0,True,False
质心GChO,题-GChO-17-10-重氮化合物是最重要的卡宾前体.md,实质答案,130,187,1,19,0,2,2,0.61,True,False
质心GChO,题-GChO-18-01-11写出下列过程的反应方程式.md,实质答案,158,205,0,0,0,3,4,0.35,True,False
质心GChO,题-GChO-18-02-同族金属XYZ均难溶于稀酸与.md,实质答案,280,306,0,0,0,3,3,0.88,True,False
质心GChO,题-GChO-18-03-蔗糖在酸催化的条件下可以水解.md,实质答案,214,260,0,0,0,3,3,0.69,True,False
质心GChO,题-GChO-18-04-簇合物A的骨架属于点群为四面.md,实质答案,267,338,0,3,0,3,4,0.77,True,False
质心GChO,题-GChO-18-05-某晶体A的化学式可以写作MX.md,实质答案,252,145,0,4,0,3,2,0.0,True,False
质心GChO,题-GChO-18-06-现拟采用定量分析方法欲测定H.md,实质答案,146,122,0,3,0,2,1,0.91,True,False
质心GChO,题-GChO-18-07-71判断下列化合物是否具有芳.md,实质答案,40,191,9,19,0,2,6,0.03,True,False
质心GChO,题-GChO-18-08-ent类胡萝卜素是一类结构丰.md,实质答案,233,113,5,18,0,5,3,0.19,True,False
质心GChO,题-GChO-18-09-由于芳香性的存在苯环的双键较.md,实质答案,143,148,2,6,0,3,3,0.96,True,False
质心GChO,题-GChO-19-01-11写出下列过程的反应方程式.md,实质答案,165,321,0,8,0,2,4,0.46,True,False
质心GChO,题-GChO-19-02-将一定比例的钒粉末和硼粉末用.md,实质答案,99,79,4,2,0,2,3,0.14,True,False
质心GChO,题-GChO-19-03-银单质如果处于的气体氛围中可.md,实质答案,298,306,0,0,0,5,5,0.85,True,False
质心GChO,题-GChO-19-04-元素X的单质是一种常见的轻金.md,实质答案,195,192,0,0,0,2,2,0.95,True,False
质心GChO,题-GChO-19-05-某种晶体含有BaTiOSi四.md,实质答案,126,3,1,2,0,3,0,0.0,True,False
质心GChO,题-GChO-19-06-通过配位滴定测定某矿石中Ag.md,实质答案,285,319,0,2,0,5,6,0.89,True,False
质心GChO,题-GChO-19-07-硅是一种非常重要的元素在芯片.md,实质答案,277,304,2,4,0,3,3,0.76,True,False
质心GChO,题-GChO-19-08-81选出下列各组化合物中在D.md,占位标注,43,42,9,1,0,2,0,0.0,True,False
质心GChO,题-GChO-19-09-如下是ScabrolideA.md,实质答案,57,170,5,6,0,3,3,0.0,True,False
质心GChO,题-GChO-19-10-联烯以其独特的反应性成为了近.md,占位标注,102,42,0,0,0,2,0,0.0,True,False
质心GChO,题-GChO-20-01-11写出下列过程的反应方程式.md,实质答案,138,154,0,2,0,2,2,0.9,True,False
质心GChO,题-GChO-20-02-硫醇胺混合溶剂价格低廉对二元.md,实质答案,200,193,6,6,0,5,5,0.81,True,False
质心GChO,题-GChO-20-03-某元素M的某重要同位素可以通.md,实质答案,374,758,0,3,0,4,6,0.93,True,False
质心GChO,题-GChO-20-04-过渡金属有机配合物是一类重要.md,实质答案,434,500,0,8,0,5,5,0.81,True,False
质心GChO,题-GChO-20-05-与水溶液体系类似在无水中也存.md,实质答案,213,216,0,0,0,3,3,0.98,True,False
质心GChO,题-GChO-20-06-3914某种稳定化合物的晶体.md,实质答案,222,49,0,5,0,4,0,0.0,True,False
质心GChO,题-GChO-20-07-有机小分子催化是有机化学领域.md,实质答案,130,165,3,14,0,2,4,0.75,True,False
质心GChO,题-GChO-20-08-Anatoxin是一种由蓝藻.md,实质答案,112,137,1,8,0,2,2,0.04,True,False
质心GChO,题-GChO-20-09-不饱和羰基化合物是有机化学中.md,实质答案,175,49,0,5,0,2,0,0.0,True,False
质心GChO,题-GChO-21-01-11写出下列过程的反应方程式.md,实质答案,177,391,0,1,0,2,3,0.74,True,False
质心GChO,题-GChO-21-02-21在10的中与会发生氧化还.md,实质答案,170,778,0,10,0,2,8,0.35,True,False
质心GChO,题-GChO-21-03-元素X是最后被发现的具有稳定.md,实质答案,366,262,0,3,0,4,5,0.37,True,False
质心GChO,题-GChO-21-04-在某体积可变的恒压密闭容器中.md,实质答案,148,151,0,2,0,3,3,0.97,True,False
质心GChO,题-GChO-21-05-通常高周期的元素难与第二周期.md,实质答案,242,283,1,9,0,4,4,0.84,True,False
质心GChO,题-GChO-21-06-现有化学式形如的配合物A阴离.md,实质答案,188,252,0,0,0,0,0,0.8,True,False
质心GChO,题-GChO-21-07-氢气是一种绿色高效的新型燃料.md,实质答案,210,241,1,3,0,2,2,0.81,True,False
质心GChO,题-GChO-21-08-81请从下面四组位置中每组选.md,实质答案,47,250,12,59,0,2,6,0.14,True,False
质心GChO,题-GChO-21-09-如下是化合物Spiroche.md,实质答案,69,47,2,16,0,2,3,0.0,True,False
质心GChO,题-GChO-21-10-已知如下转化101RhTPA.md,实质答案,75,156,1,14,0,2,3,0.4,True,False
质心GChO,题-GChO-22-01-11在NaOH水溶液中水解1.md,实质答案,92,111,0,2,0,5,5,0.67,True,False
质心GChO,题-GChO-22-02-电解的水溶液可以制备盐AA种.md,实质答案,179,546,0,1,0,3,8,0.3,True,False
质心GChO,题-GChO-22-03-将金属M的碳酸盐溶解在浓硝酸.md,实质答案,306,375,0,1,0,4,6,0.3,True,False
质心GChO,题-GChO-22-04-利用氧化还原反应测定在不同温.md,实质答案,255,261,0,0,0,4,5,0.88,True,False
质心GChO,题-GChO-22-05-通过铝矾土矿可以提取某种第四.md,实质答案,271,299,0,0,0,4,4,0.9,True,False
质心GChO,题-GChO-22-06-将氟化钾与氟化镁按照一定比例.md,实质答案,188,237,1,0,0,3,5,0.78,True,False
质心GChO,题-GChO-22-07-氯胺T的化学名称为三水合对甲.md,实质答案,203,209,0,3,0,4,5,0.97,True,False
质心GChO,题-GChO-22-08-81判断下列化合物是否具有光.md,实质答案,45,106,2,9,0,2,2,0.7,True,False
质心GChO,题-GChO-22-09-ent类胡萝卜素是一类结构丰.md,实质答案,123,228,1,21,0,2,3,0.39,True,False
质心GChO,题-GChO-22-10-小环化合物由于具有环张力因此.md,实质答案,118,125,1,19,0,3,3,0.79,True,False
质心GChO,题-GChO-23-01-11在下与HBr反应用于制备.md,实质答案,138,141,0,0,0,6,7,0.78,True,False
质心GChO,题-GChO-23-02-液氨与水体系具有很多的相似性.md,实质答案,203,225,0,0,0,3,4,0.8,True,False
质心GChO,题-GChO-23-03-将方酸四乙基铵碱硫脲按照摩尔.md,实质答案,163,167,0,3,0,4,4,0.97,True,False
质心GChO,题-GChO-23-04-工业上常使用西门子法制备较纯.md,实质答案,299,359,0,3,0,4,4,0.77,True,False
质心GChO,题-GChO-23-05-萤石是一种十分常见的晶体结构.md,实质答案,159,245,0,2,0,2,3,0.5,True,False
质心GChO,题-GChO-23-06-苄醚氢醌是一种用于皮肤的药物.md,实质答案,166,207,1,1,0,6,4,0.78,True,False
质心GChO,题-GChO-23-07-71化合物A极不稳定目前没有.md,实质答案,225,595,0,2,0,5,2,0.69,True,False
质心GChO,题-GChO-23-08-81判读下列化合物是否具有旋.md,实质答案,90,97,5,6,0,3,3,0.89,True,False
质心GChO,题-GChO-23-09-如下是化合物Hypercal.md,实质答案,41,310,2,21,0,2,3,0.02,True,False
质心GChO,题-GChO-23-10-磷与氧的成键很强因此在有机化.md,占位标注,240,42,3,0,0,3,0,0.0,True,False
质心GChO,题-GChO-24-01-11在水溶液中歧化水解12在.md,实质答案,130,256,0,5,0,5,5,0.86,True,False
质心GChO,题-GChO-24-02-理论上氯可以形成七氟化物但以.md,实质答案,151,161,0,0,0,4,3,0.9,True,False
质心GChO,题-GChO-24-03-31在pH450的条件下将通.md,实质答案,159,177,0,1,0,2,2,0.88,True,False
质心GChO,题-GChO-24-04-工业上采用与S的反应制备二硫.md,实质答案,139,142,0,0,0,2,2,0.85,True,False
质心GChO,题-GChO-24-05-通过n反应中子捕获反应是制备.md,实质答案,270,294,0,1,0,6,4,0.89,True,False
质心GChO,题-GChO-24-06-含金属M的二氯化物A与KCN.md,实质答案,286,312,1,0,0,4,4,0.9,True,False
质心GChO,题-GChO-24-07-汞可以以I与II的价态与多种.md,实质答案,207,450,1,5,0,3,4,0.88,True,False
质心GChO,题-GChO-24-08-请判断下列反应中涉及取代反应.md,实质答案,107,108,1,1,0,0,0,0.95,True,False
质心GChO,题-GChO-24-09-如下是化合物Rubriflo.md,占位标注,47,42,4,0,0,0,0,0.0,True,False
质心GChO,题-GChO-24-10-亲电试剂和亲核试剂的交叉偶联.md,实质答案,458,69,2,10,0,0,0,0.0,True,False
质心GChO,题-GChO-25-01-11硒代硫酸钠在稀盐酸中分解.md,实质答案,119,73,0,0,0,5,4,0.69,True,False
质心GChO,题-GChO-25-02-氟元素的化学十分丰富将全氟乙.md,实质答案,198,202,1,2,0,4,3,0.97,True,False
质心GChO,题-GChO-25-03-通过甲醇的裂解制备是一种的大.md,实质答案,275,489,1,0,0,4,4,0.92,True,False
质心GChO,题-GChO-25-04-王粒老师希望采用同位素标记法.md,实质答案,331,355,1,2,0,6,3,0.91,True,False
质心GChO,题-GChO-25-05-磷可以形成多种不同的卤化物如.md,实质答案,320,531,0,6,0,4,11,0.59,True,False
质心GChO,题-GChO-25-06-某种晶体正当晶胞的正视图和侧.md,实质答案,192,159,2,7,0,7,9,0.27,True,False
质心GChO,题-GChO-25-07-71写出下列过程所经历的基元.md,实质答案,112,96,0,4,0,2,2,0.44,True,False
质心GChO,题-GChO-25-08-蓖麻科植物中含有丰富的结构复.md,实质答案,263,344,3,15,0,5,5,0.69,True,False
质心GChO,题-GChO-25-09-可降解的高分子是高分子化学的.md,占位标注,110,42,0,0,0,2,0,0.0,True,False
质心GChO,题-GChO-26-01-11四氯化碳作为氯化试剂在C.md,实质答案,105,125,0,0,0,4,4,0.71,True,False
质心GChO,题-GChO-26-02-某金属M的氯化物可以在低温下.md,实质答案,249,257,0,0,0,3,3,0.96,True,False
质心GChO,题-GChO-26-03-工业合成氨反应的一大应用是制.md,实质答案,213,560,0,0,0,6,4,0.69,True,False
质心GChO,题-GChO-26-04-二元化合物A具有强烈的水解倾.md,实质答案,228,45,0,4,0,2,0,0.0,True,False
质心GChO,题-GChO-26-05-现有一瓶粉末其中可能含有的一.md,实质答案,288,548,0,1,0,3,3,0.98,True,False
质心GChO,题-GChO-26-06-将有机物与过量的混合充分反应.md,实质答案,122,125,0,1,0,3,3,0.92,True,False
质心GChO,题-GChO-26-07-已知某过渡金属氧化物X具有较.md,实质答案,203,228,0,4,0,4,6,0.0,True,False
质心GChO,题-GChO-26-08-81判断下列化合物是否具有旋.md,实质答案,49,45,4,4,0,2,0,0.0,True,False
质心GChO,题-GChO-26-09-如下是化合物Rubriflo.md,占位标注,65,42,10,0,0,0,0,0.0,True,False
质心GChO,题-GChO-26-10-同样作为高张力的小环四元环的.md,占位标注,147,42,4,0,0,2,0,0.0,True,False
质心GChO,题-GChO-27-01-11分子轨道理论中原子轨道要.md,实质答案,757,949,2,15,0,3,3,0.78,True,False
质心GChO,题-GChO-27-02-现代原子结构理论指出原子核外.md,实质答案,310,402,0,0,0,4,4,0.76,True,False
质心GChO,题-GChO-27-03-众所周知蔡子星其实是一个化学.md,实质答案,244,430,0,0,0,5,5,0.54,True,False
质心GChO,题-GChO-27-04-除了Xe以外其他稀有气体都难.md,实质答案,227,362,0,0,0,4,5,0.61,True,False
质心GChO,题-GChO-27-05-元素X是生命必要的非金属元素.md,实质答案,159,164,0,0,0,2,2,0.94,True,False
质心GChO,题-GChO-27-06-右图是明矾石的正当晶胞该晶体.md,实质答案,173,434,1,2,0,5,5,0.39,True,False
质心GChO,题-GChO-27-07-成环是每个化竞党学有机时都需.md,实质答案,166,186,1,6,0,3,3,0.72,True,False
质心GChO,题-GChO-27-08-内酰胺结构在药物分子中具有重.md,实质答案,228,274,2,13,0,3,3,0.7,True,False
质心GChO,题-GChO-27-09-已知硫亲电试剂可以和烯烃发生.md,实质答案,207,29,6,2,0,4,0,0.0,True,False
质心GChO,题-GChO-28-01-11将1465g氧化物晶体A.md,实质答案,139,179,1,2,0,3,3,0.65,True,False
质心GChO,题-GChO-28-02-试画出中性配合物的所有几何异.md,实质答案,58,163,0,11,0,0,0,0.32,True,False
质心GChO,题-GChO-28-03-碘单质是一种紫黑色具有金属光.md,实质答案,188,476,2,1,0,3,3,0.34,True,False
质心GChO,题-GChO-28-04-41初始浓度为的对羟基苯甲酸.md,实质答案,175,351,0,0,0,3,3,0.42,True,False
质心GChO,题-GChO-28-05-51输铁蛋白是血液中的输送铁.md,实质答案,749,1064,1,2,0,2,2,0.66,True,False
质心GChO,题-GChO-28-06-61今年有科学家利用如下的转.md,实质答案,388,570,1,6,0,3,3,0.62,True,False
质心GChO,题-GChO-28-07-71将下列各组化合物中酸性由.md,实质答案,45,67,17,13,0,3,3,0.25,True,False
质心GChO,题-GChO-28-08-重排反应是有机化学中的一个重.md,实质答案,116,199,2,5,0,2,2,0.45,True,False
质心GChO,题-GChO-28-09-烯烃是双官能团化是烯烃重要的.md,实质答案,253,337,8,25,0,3,3,0.65,True,False
质心GChO,题-GChO-29-01-11向中依次加入KCN和肼的.md,实质答案,396,507,0,0,0,4,5,0.75,True,False
质心GChO,题-GChO-29-02-题.md,实质答案,33,7,5,3,0,0,0,0.0,True,False
质心GChO,题-GChO-29-03-氮杂环卡宾NHC作为一种能够.md,实质答案,361,393,2,9,0,3,3,0.88,True,False
质心GChO,题-GChO-29-04-已知298K下的数据本题相关.md,实质答案,268,323,0,0,0,6,6,0.83,True,False
质心GChO,题-GChO-29-05-X是一种贵金属元素其单质A与.md,实质答案,230,229,0,4,0,5,5,0.93,True,False
质心GChO,题-GChO-29-06-通过溶胶凝胶法能够制备出正交.md,实质答案,389,508,3,10,0,3,4,0.71,True,False
质心GChO,题-GChO-29-07-71下列化合物按酸性由强到弱.md,实质答案,170,214,8,3,0,5,6,0.78,True,False
质心GChO,题-GChO-29-08-2020年初赛考了如下反应在.md,实质答案,157,148,4,8,0,2,2,0.89,True,False
质心GChO,题-GChO-29-09-91画出AC的结构92画出C.md,实质答案,34,32,2,4,0,3,2,0.2,True,False
质心GChO,题-GChO-30-01-11写方程式111醋酸锰II.md,实质答案,177,256,0,0,0,3,3,0.66,True,False
质心GChO,题-GChO-30-02-主族金属自由基因其迷人的理化.md,实质答案,453,569,1,10,0,4,4,0.79,True,False
质心GChO,题-GChO-30-03-灰灰老师某天在实验室制得了一.md,实质答案,534,772,0,0,0,4,4,0.69,True,False
质心GChO,题-GChO-30-04-键能是一个正值其数值等于断开.md,实质答案,395,829,0,0,0,3,4,0.47,True,False
质心GChO,题-GChO-30-05-活性聚合是理想的高分子聚合反.md,实质答案,345,562,7,10,0,5,5,0.6,True,False
质心GChO,题-GChO-30-06-61将酸性由强到弱排序1AB.md,实质答案,47,60,14,19,0,3,3,0.64,True,False
质心GChO,题-GChO-30-07-文艺复兴写出AF的结构简式不.md,实质答案,21,43,7,1,0,0,0,0.29,True,False
质心GChO,题-GChO-30-08-在有机化学中化合物的反应性主.md,实质答案,214,266,2,10,0,2,2,0.77,True,False
质心GChO,题-GChO-31-01-11在无氧条件下向和的混合溶.md,实质答案,65,109,0,0,0,3,3,0.5,True,False
质心GChO,题-GChO-31-02-一种未知的一元酸只含有CHO.md,实质答案,191,330,0,1,0,4,5,0.49,True,False
质心GChO,题-GChO-31-03-金属X可溶于王水得到AA在的.md,实质答案,355,635,1,1,0,5,7,0.54,True,False
质心GChO,题-GChO-31-04-已知无水硫酸铜在高温下按以下.md,实质答案,237,454,0,0,0,5,6,0.46,True,False
质心GChO,题-GChO-31-05-如下是一个Fe配合物的合成路.md,实质答案,128,240,2,2,0,3,3,0.51,True,False
质心GChO,题-GChO-31-06-叠氮化合物1在催化剂的作用下.md,实质答案,113,174,2,4,0,5,5,0.64,True,False
质心GChO,题-GChO-31-07-71把下列各组化合物按酸性由.md,实质答案,128,237,8,7,0,3,3,0.52,True,False
质心GChO,题-GChO-31-08-由多个吡咯组成的共轭大环化合.md,实质答案,265,428,3,3,0,8,8,0.57,True,False
质心GChO,题-GChO-31-09-某简单有机化合物X的点群为含.md,实质答案,205,29,0,2,0,2,0,0.0,True,False
质心GChO,题-GChO-32-01-11写方程式111在CoII.md,实质答案,114,189,0,0,0,2,2,0.58,True,False
质心GChO,题-GChO-32-02-某无色晶体A的水溶液呈酸性将.md,实质答案,167,316,0,0,0,4,4,0.5,True,False
质心GChO,题-GChO-32-03-烯烃是重要的聚合单体许多重要.md,实质答案,257,424,1,7,0,2,2,0.59,True,False
质心GChO,题-GChO-32-04-某种由CoZrF组成的晶体正.md,实质答案,213,319,2,4,0,4,4,0.66,True,False
质心GChO,题-GChO-32-05-将过量的氯气通入热浓碘化钾溶.md,实质答案,232,920,0,1,0,3,6,0.24,True,False
质心GChO,题-GChO-32-06-61现在高温下研究过量的熔融.md,实质答案,244,340,0,0,0,3,3,0.12,True,False
质心GChO,题-GChO-32-07-CONOCN都配位能力很强的.md,实质答案,307,447,0,2,0,3,3,0.67,True,False
质心GChO,题-GChO-32-08-自由基碳正离子碳负离子都是有.md,实质答案,187,249,1,5,0,2,2,0.73,True,False
质心GChO,题-GChO-32-09-如下是一个利用Nazarov.md,实质答案,164,249,2,7,0,4,6,0.65,True,False
质心GChO,题-GChO-32-10-米氏酸以其超乎预料的酸性而为.md,实质答案,94,140,3,5,0,2,4,0.59,True,False
质心GChO,题-GChO-33-01-11将打磨的铝片插入碳酸氢钠.md,实质答案,128,134,0,0,0,3,3,0.84,True,False
质心GChO,题-GChO-33-02-天然气为四种低级烷烃的混合物.md,实质答案,146,236,0,0,0,2,5,0.46,True,False
质心GChO,题-GChO-33-03-2012年有科学家合成了一种.md,实质答案,356,384,1,2,0,5,6,0.84,True,False
质心GChO,题-GChO-33-04-环状烯烃单体的开环聚合是高分.md,实质答案,218,224,2,7,0,2,2,0.77,True,False
质心GChO,题-GChO-33-05-将12二氯乙烷迅速地加热至C.md,实质答案,258,301,0,3,0,5,5,0.76,True,False
质心GChO,题-GChO-33-06-氟硼烯BF为CO的等电子体在.md,实质答案,316,340,0,6,0,4,4,0.85,True,False
质心GChO,题-GChO-33-07-71将下列化合物按发生反应的.md,实质答案,63,71,6,13,0,3,4,0.85,True,False
质心GChO,题-GChO-33-08-已知一价金催化剂具有如下两个.md,实质答案,117,136,5,14,0,3,3,0.73,True,False
质心GChO,题-GChO-33-09-金属卡宾是重要的有机反应中间.md,实质答案,317,417,5,9,0,5,4,0.65,True,False
质心GChO,题-GChO-34-01-11近中性溶液中与按31反应.md,实质答案,125,130,0,0,0,4,4,0.88,True,False
质心GChO,题-GChO-34-02-在密封的安瓿瓶中加热挥发性物.md,实质答案,152,543,0,2,0,2,8,0.26,True,False
质心GChO,题-GChO-34-03-20世纪60年代一位科学家研.md,实质答案,373,229,0,2,0,6,7,0.0,True,False
质心GChO,题-GChO-34-04-下图为某含铜25左右的蓝色结.md,占位标注,29,42,1,0,0,0,0,0.0,True,False
质心GChO,题-GChO-34-05-气体分子可以依靠范德华力包藏.md,实质答案,449,434,1,0,0,6,5,0.93,True,False
质心GChO,题-GChO-34-06-盐A和盐B含有氧化态相同的元.md,实质答案,298,203,0,0,0,4,3,0.74,True,False
质心GChO,题-GChO-34-07-71下列化合物中哪些具有芳香.md,实质答案,55,45,13,4,0,3,0,0.0,True,False
质心GChO,题-GChO-34-08-81画出下面反应的关键反应中.md,实质答案,55,108,3,2,0,3,3,0.45,True,False
质心GChO,题-GChO-34-09-有机化学反应一般都是在溶剂中.md,实质答案,253,62,1,0,0,3,2,0.0,True,False
质心GChO,题-GChO-35-01-11和在KOH中共熔得到绿色.md,实质答案,151,150,0,0,0,4,4,0.97,True,False
质心GChO,题-GChO-35-02-21将48394g常温下为固.md,实质答案,391,545,0,2,0,2,4,0.65,True,False
质心GChO,题-GChO-35-03-现拟利用某种含碳839的烃类.md,实质答案,387,391,0,0,0,5,6,0.88,True,False
质心GChO,题-GChO-35-04-合成可使用的橡胶主要分为两步.md,实质答案,289,1035,1,16,0,4,11,0.27,True,False
质心GChO,题-GChO-35-05-如下是配合物B和D的合成路线.md,实质答案,274,312,1,9,0,2,4,0.0,True,False
质心GChO,题-GChO-35-06-下面是一种新型层状氧化铋铋材.md,实质答案,326,317,2,4,0,4,4,0.94,True,False
质心GChO,题-GChO-35-07-71将下列化合物按酸性由强到.md,实质答案,59,63,11,14,0,3,3,0.91,True,False
质心GChO,题-GChO-35-08-81标出产物内所有手性中心的.md,实质答案,32,45,1,7,0,2,2,0.5,True,False
质心GChO,题-GChO-35-09-对于键的双官能团化是有机合成.md,实质答案,273,390,5,17,0,5,9,0.61,True,False
质心GChO,题-GChO-36-01-11与或作用均可得到同一种三.md,实质答案,117,130,0,0,0,4,4,0.84,True,False
质心GChO,题-GChO-36-02-将某白色易溶于水的粉末X43.md,实质答案,87,289,0,11,0,3,5,0.27,True,False
质心GChO,题-GChO-36-03-31烯烃复分解经常用于聚合物.md,占位标注,142,42,2,0,0,2,0,0.0,True,False
质心GChO,题-GChO-36-04-元素X于18世纪末被首次发现.md,实质答案,339,372,0,5,0,4,4,0.82,True,False
质心GChO,题-GChO-36-05-金属有机骨架材料MetalO.md,实质答案,187,617,1,3,0,3,10,0.29,True,False
质心GChO,题-GChO-36-06-有人研究了苯甲醛B与巯基SM.md,实质答案,362,188,3,1,0,5,8,0.5,True,False
质心GChO,题-GChO-36-07-71下列中间体稳定性由高到低.md,实质答案,70,65,13,9,0,4,0,0.0,True,False
质心GChO,题-GChO-36-08-过渡金属催化下氮氧化物和炔烃.md,实质答案,301,328,4,17,0,6,6,0.88,True,False
质心GChO,题-GChO-36-09-在有机化学中自由基是非常高活.md,实质答案,296,335,2,8,0,2,2,0.86,True,False
质心GChO,题-GChO-37-01-11向二氯化铅的盐酸溶液中通.md,实质答案,276,279,0,0,0,4,4,0.98,True,False
质心GChO,题-GChO-37-02-元素X和Y可以以四面体或者八.md,实质答案,125,263,0,2,0,2,4,0.45,True,False
质心GChO,题-GChO-37-03-一个最简单的理想自由基聚合反.md,实质答案,69,212,1,1,0,2,3,0.0,True,False
质心GChO,题-GChO-37-04-配合物D是一个双核CuO配合.md,实质答案,179,930,1,13,0,2,7,0.17,True,False
质心GChO,题-GChO-37-05-量子点是一种具有半导体性质的.md,实质答案,704,199,0,2,0,4,5,0.03,True,False
质心GChO,题-GChO-37-06-粒粒老师将部分碘单质置于真空.md,实质答案,382,391,0,1,0,3,6,0.96,True,False
质心GChO,题-GChO-37-07-71下列化合物在乙醇中发生溶.md,实质答案,77,228,12,20,0,4,7,0.3,True,False
质心GChO,题-GChO-37-08-芳环的官能团化最常用的反应是.md,实质答案,131,0,1,2,0,3,0,0.0,True,False
质心GChO,题-GChO-37-09-烯烃的双官能团化是指断开烯烃.md,实质答案,272,336,7,10,0,2,2,0.77,True,False
质心GChO,题-GChO-38-01-11将浓的KCl溶液加入Ge.md,实质答案,228,230,0,0,0,5,5,0.96,True,False
质心GChO,题-GChO-38-02-21在臭氧处理烯烃时除了产生.md,实质答案,122,122,0,2,0,2,2,0.96,True,False
质心GChO,题-GChO-38-03-粒粒老师有一天突然穿越到了一.md,实质答案,482,497,0,5,0,3,4,0.96,True,False
质心GChO,题-GChO-38-04-一般配位键都是含有孤对电子的.md,实质答案,123,109,3,1,0,3,1,1.0,True,False
质心GChO,题-GChO-38-05-A是一种溶解度较大的盐由前三.md,实质答案,200,123,0,1,0,5,3,0.57,True,False
质心GChO,题-GChO-38-06-硼元素是一种非常有趣的元素其.md,实质答案,225,371,13,5,0,2,10,0.58,True,False
质心GChO,题-GChO-38-07-71下列中间体稳定性由高到低.md,实质答案,73,63,9,0,0,4,4,0.73,True,False
质心GChO,题-GChO-38-08-81画出下面反应的3个关键反.md,实质答案,79,55,3,1,0,3,3,0.7,True,False
质心GChO,题-GChO-38-09-在有机合成方法学研究中设计的.md,实质答案,220,217,1,0,0,0,0,0.86,True,False
质心GChO,题-GChO-39-01-111241g无色液体A含有.md,实质答案,147,142,0,0,0,3,3,0.85,True,False
质心GChO,题-GChO-39-02-某金属M的盐A在氮气保护下进.md,实质答案,68,393,0,5,0,3,13,0.09,True,False
质心GChO,题-GChO-39-03-31画出A和B的结构注意端基.md,实质答案,68,237,1,3,0,2,4,0.0,True,False
质心GChO,题-GChO-39-04-将固体物质A和某固体单质B于.md,实质答案,327,1033,0,8,0,4,11,0.29,True,False
质心GChO,题-GChO-39-05-糖分子通常有若干个手性中心且.md,实质答案,746,256,3,8,0,7,8,0.66,True,False
质心GChO,题-GChO-39-06-61作为反应物的金属盐影响配.md,实质答案,153,217,2,9,0,2,6,0.69,True,False
质心GChO,题-GChO-39-07-71将下列化合物酸性由强到弱.md,实质答案,68,21,17,3,0,4,1,0.0,True,False
质心GChO,题-GChO-39-08-81画出下面反应的重要反应中.md,实质答案,30,54,9,12,0,2,2,0.44,True,False
质心GChO,题-GChO-39-09-累了不想编题干了就一句话传统.md,实质答案,50,57,1,7,0,0,0,0.0,True,False
质心GChO,题-GChO-40-01-紫外线照射可得其二聚体绿色液.md,实质答案,180,200,0,4,0,4,4,0.87,True,False
质心GChO,题-GChO-40-02-将0613g某金属单质溶于发.md,实质答案,160,1035,0,13,0,3,20,0.15,True,False
质心GChO,题-GChO-40-03-如下是可降解高分子C的合成路.md,实质答案,217,261,0,4,0,3,3,0.12,True,False
质心GChO,题-GChO-40-04-单核配合物A可以以如下的方法.md,实质答案,342,231,0,8,0,4,9,0.42,True,False
质心GChO,题-GChO-40-05-如图此为某CsO化合物沿着c.md,实质答案,245,69,4,0,0,6,4,0.33,True,False
质心GChO,题-GChO-40-06-61下列化合物在NaOH水溶.md,实质答案,70,138,11,8,0,4,5,0.46,True,False
质心GChO,题-GChO-40-07-如下反应是GCHO29考试的.md,实质答案,53,86,4,5,0,2,2,0.19,True,False
质心GChO,题-GChO-40-08-磷是有机化学的重要组成元素尤.md,实质答案,115,50,0,6,0,2,1,0.67,True,False
质心GChO,题-GChO-41-01-11氯仿保存不当会生成有毒气.md,实质答案,157,174,0,1,0,2,2,0.88,True,False
质心GChO,题-GChO-41-02-计算纯水中MnS的溶解度以及.md,实质答案,22,71,0,0,0,0,0,0.15,True,False
质心GChO,题-GChO-41-03-如下是聚合反应转化率和聚合度.md,实质答案,147,397,1,1,0,3,6,0.36,True,False
质心GChO,题-GChO-41-04-提示解答本题不要耍什么花招老.md,实质答案,609,831,0,1,0,7,14,0.72,True,False
质心GChO,题-GChO-41-05-51REBH3THFRE表示.md,实质答案,195,251,0,4,0,2,2,0.76,True,False
质心GChO,题-GChO-41-06-LaCoSrO具有钙钛矿型结.md,实质答案,159,193,2,1,0,4,6,0.73,True,False
质心GChO,题-GChO-41-07-71下列化合物在叔丁醇叔丁醇.md,实质答案,72,116,10,13,0,4,4,0.55,True,False
质心GChO,题-GChO-41-08-含硅基团是有机化学中重要的官.md,实质答案,171,29,1,2,0,2,0,0.0,True,False
质心GChO,题-GChO-41-09-不饱和羰基化合物是有机化学中.md,实质答案,166,185,2,11,0,4,5,0.86,True,False
质心GChO,题-GChO-42-01-11将连四硫酸钠加入偏亚砷酸.md,实质答案,205,208,0,0,0,3,5,0.97,True,False
质心GChO,题-GChO-42-02-孙琦老师终于博士毕业啦在收拾.md,实质答案,516,654,0,0,0,5,10,0.78,True,False
质心GChO,题-GChO-42-03-某个在C时进行的催化反应过程.md,实质答案,128,172,0,0,0,4,5,0.7,True,False
质心GChO,题-GChO-42-04-下图展示了某过渡元素X相关的.md,实质答案,127,134,0,0,0,2,4,0.84,True,False
质心GChO,题-GChO-42-05-所有的计算和实验都在298K.md,实质答案,142,230,0,0,0,3,5,0.58,True,False
质心GChO,题-GChO-42-06-有着独特的螺旋结构是平面单元.md,实质答案,144,211,0,2,0,4,5,0.66,True,False
质心GChO,题-GChO-42-07-71将下列化合物按发生E2反.md,实质答案,58,96,7,10,0,3,3,0.44,True,False
质心GChO,题-GChO-42-08-电有机化学和光有机化学是有机.md,实质答案,522,684,1,3,0,5,7,0.76,True,False
质心GChO,题-GChO-42-09-环加成反应在有机合成中的应用.md,实质答案,217,269,2,9,0,3,3,0.79,True,False
质心GChO,题-GChO-43-01-将291g二水醋酸钙溶解在水.md,实质答案,117,134,0,0,0,3,5,0.84,True,False
质心GChO,题-GChO-43-02-臭氧是一种有毒的气体其在空气.md,实质答案,306,306,1,1,0,4,3,0.72,True,False
质心GChO,题-GChO-43-03-31一般常见的聚合反应例如苯.md,实质答案,77,477,1,4,0,2,6,0.13,True,False
质心GChO,题-GChO-43-04-下在一个充满气体的绝热密闭容.md,实质答案,263,286,0,0,0,3,4,0.43,True,False
质心GChO,题-GChO-43-05-某种无机化合物A具有有趣的光.md,实质答案,304,600,3,3,0,3,9,0.47,True,False
质心GChO,题-GChO-43-06-室温下一种无色的固态二元化合.md,实质答案,265,66,4,2,0,3,6,0.33,True,False
质心GChO,题-GChO-43-07-71将如下位置按芳香亲电反应.md,实质答案,68,344,6,24,0,3,7,0.13,True,False
质心GChO,题-GChO-43-08-醛在氮杂环卡宾NHC催化下的.md,占位标注,185,42,4,0,0,3,0,0.0,True,False
质心GChO,题-GChO-43-09-在解答本题时建议在动笔以前先.md,实质答案,257,57,3,7,0,5,0,0.0,True,False
质心GChO,题-GChO-44-01-11氰酸HOCN具有两种常见.md,实质答案,289,159,0,1,0,3,3,0.7,True,False
质心GChO,题-GChO-44-02-把干冰碎成粉末后将其不断加入.md,实质答案,196,159,0,0,0,4,4,0.93,True,False
质心GChO,题-GChO-44-03-碱金属可以以负氧化态的形式存.md,实质答案,288,318,1,1,0,2,2,0.9,True,False
质心GChO,题-GChO-44-04-现有A1A5五种离子化合物它.md,实质答案,371,372,1,8,0,4,4,0.99,True,False
质心GChO,题-GChO-44-05-如图给出了某种晶体的晶胞示意.md,实质答案,243,260,2,4,0,4,4,0.92,True,False
质心GChO,题-GChO-44-06-现有钡的硫酸盐碳酸盐亚硫酸盐.md,实质答案,98,112,0,1,0,2,3,0.86,True,False
质心GChO,题-GChO-44-07-现分析某种氯化物的组成将01.md,实质答案,136,150,2,0,0,2,2,0.86,True,False
质心GChO,题-GChO-44-08-81将如下位置按芳香亲电反应.md,实质答案,79,146,12,10,0,3,7,0.43,True,False
质心GChO,题-GChO-44-09-已知一价金催化剂具有如下两个.md,占位标注,108,42,8,0,0,3,0,0.0,True,False
质心GChO,题-GChO-44-10-碳碳键的形成是有机合成的两大.md,实质答案,307,57,2,7,0,3,0,0.0,True,False
质心GChO,题-GChO-45-01-古代人们这样制备绿铜用浓氨水.md,实质答案,122,120,0,0,0,0,0,0.96,True,False
质心GChO,题-GChO-45-02-现有某由C和H组成的未知有机.md,实质答案,281,291,0,4,0,4,4,0.91,True,False
质心GChO,题-GChO-45-03-物质AE受热分解均形成两种气.md,实质答案,119,551,0,4,0,2,8,0.13,True,False
质心GChO,题-GChO-45-04-高分子材料在医学中应用广泛常.md,实质答案,364,270,1,3,0,6,5,0.3,True,False
质心GChO,题-GChO-45-05-过渡金属钨的化学性质与主族元.md,实质答案,272,544,2,8,0,3,5,0.46,True,False
质心GChO,题-GChO-45-06-近二十年来人们制备了许多含二.md,实质答案,334,67,0,5,0,2,2,0.42,True,False
质心GChO,题-GChO-45-07-71请从下面四组位置中每组选.md,实质答案,43,59,7,2,0,2,2,0.7,True,False
质心GChO,题-GChO-45-08-化合物1可以通过如下反应转化.md,实质答案,143,57,2,7,0,2,0,0.0,True,False
质心GChO,题-GChO-45-09-如下是3个不同底物的相同反应.md,实质答案,173,177,1,7,0,2,6,0.91,True,False
质心GChO,题-GChO-46-01-11低温下可以氧化制备离子化.md,实质答案,142,147,1,1,0,3,3,0.93,True,False
质心GChO,题-GChO-46-02-现有七种未知溶液分别为水和N.md,实质答案,139,138,0,0,0,0,0,1.0,True,False
质心GChO,题-GChO-46-03-元素X和Z具有如下的转化在化.md,实质答案,125,84,1,1,0,4,4,0.87,True,False
质心GChO,题-GChO-46-04-右图是的晶胞结构示意图该晶胞.md,实质答案,124,289,1,4,0,3,3,0.75,True,False
质心GChO,题-GChO-46-05-20世纪初人们发现了一种只存.md,实质答案,332,356,0,0,0,4,4,0.9,True,False
质心GChO,题-GChO-46-06-氟硼烯BF为CO的等电子体在.md,实质答案,336,400,0,4,0,4,7,0.78,True,False
质心GChO,题-GChO-46-07-71根据前线轨道理论如下环加.md,实质答案,65,163,0,2,0,2,2,0.19,True,False
质心GChO,题-GChO-46-08-吲哚是重要的杂环化合物吲哚衍.md,实质答案,204,283,3,12,0,3,3,0.67,True,False
质心GChO,题-GChO-46-09-2020年二萜生物碱Lian.md,占位标注,175,42,2,0,0,3,0,0.0,True,False
质心GChO,题-GChO-47-01-11卤素原子具有较多的可失去.md,实质答案,359,358,0,1,0,4,4,0.97,True,False
质心GChO,题-GChO-47-02-已知的为本题中温度均取298.md,实质答案,128,306,0,0,0,3,3,0.25,True,False
质心GChO,题-GChO-47-03-两种或多种聚合物链线性连在一.md,实质答案,291,394,3,10,0,3,3,0.68,True,False
质心GChO,题-GChO-47-04-绿柱石是铍铝硅酸盐一类的矿物.md,实质答案,140,552,4,8,0,6,9,0.17,True,False
质心GChO,题-GChO-47-05-一种红色的分子晶体A由两种前.md,占位标注,286,51,0,0,0,3,0,0.0,True,False
质心GChO,题-GChO-47-06-血蓝蛋白是一种含Cu的蛋白质.md,实质答案,390,525,1,6,0,4,4,0.68,True,False
质心GChO,题-GChO-47-07-71指出下列结构中酸性最强的.md,实质答案,46,144,4,10,0,2,2,0.22,True,False
质心GChO,题-GChO-47-08-吡啶由于其缺电子的性质无法通.md,实质答案,134,138,2,8,0,0,0,0.96,True,False
质心GChO,题-GChO-47-09-有机合成方法学是现代有机化学.md,实质答案,246,285,3,15,0,3,3,0.75,True,False
质心GChO,题-GChO-48-01-11硫与在液态中反应可以得到.md,实质答案,191,199,0,0,0,6,6,0.71,True,False
质心GChO,题-GChO-48-02-石墨炔是一种新型的碳材料与石.md,实质答案,395,29,0,2,0,3,0,0.0,True,False
质心GChO,题-GChO-48-03-某金属M在核工业中具有重要作.md,实质答案,345,395,1,5,0,5,5,0.76,True,False
质心GChO,题-GChO-48-04-具有光活性的分子药物可以通过.md,实质答案,256,309,3,5,0,4,4,0.68,True,False
质心GChO,题-GChO-48-05-某四方晶系的正当晶胞结构如下.md,实质答案,160,345,1,1,0,5,5,0.32,True,False
质心GChO,题-GChO-48-06-61回答下列与单质碘性质相关.md,实质答案,274,1018,0,5,0,3,5,0.23,True,False
质心GChO,题-GChO-48-07-71下列单取代环己烷中基团处.md,实质答案,158,33,10,4,0,3,1,0.8,True,False
质心GChO,题-GChO-48-08-如下是Schizozygan.md,实质答案,100,406,2,20,0,4,8,0.17,True,False
质心GChO,题-GChO-48-09-有机化学中很多研究成果起始于.md,实质答案,276,133,2,8,0,4,3,0.2,True,False
质心GChO,题-GChO-49-01-11利用磷灰石主要成分为磷酸.md,实质答案,244,690,0,1,0,5,10,0.33,True,False
质心GChO,题-GChO-49-02-我们在学习酸碱平衡的时候对于.md,实质答案,387,238,0,0,0,5,6,0.57,True,False
质心GChO,题-GChO-49-03-索烃的合成一直极具挑战性索烃.md,实质答案,206,248,6,6,0,3,3,0.81,True,False
质心GChO,题-GChO-49-04-写出下列高分子反应中AF所表.md,实质答案,35,48,1,7,0,0,0,0.62,True,False
质心GChO,题-GChO-49-05-由金属元素X和Y形成的二元金.md,实质答案,244,274,2,0,0,2,2,0.89,True,False
质心GChO,题-GChO-49-06-金属有机化合物的中心金属可以.md,实质答案,208,1021,0,44,0,4,17,0.13,True,False
质心GChO,题-GChO-49-07-某非金属元素X的单质在与活泼.md,实质答案,208,34,0,7,0,2,4,0.0,True,False
质心GChO,题-GChO-49-08-2021年国初中考察了如下氮.md,实质答案,140,106,2,10,0,4,3,0.55,True,False
质心GChO,题-GChO-49-09-91911写出上述反应的5个.md,实质答案,256,169,3,4,0,2,3,0.09,True,False
质心GChO,题-GChO-49-10-高张力小环以其独特的反应性一.md,实质答案,191,118,4,18,0,3,3,0.73,True,False
质心GChO,题-GChO-50-01-11在的氢氟酸溶液中反应生成.md,实质答案,109,125,0,0,0,4,4,0.79,True,False
质心GChO,题-GChO-50-02-21与在液态中可以形成由和构.md,实质答案,218,472,0,1,0,2,2,0.45,True,False
质心GChO,题-GChO-50-03-已知如下气相反应可在适当条件.md,实质答案,258,546,0,0,0,4,8,0.46,True,False
质心GChO,题-GChO-50-04-化合物ABC具有类似的结构并.md,实质答案,410,757,0,0,0,4,6,0.53,True,False
质心GChO,题-GChO-50-05-51钾氩同位素法可用来测定地.md,实质答案,544,819,0,0,0,2,2,0.66,True,False
质心GChO,题-GChO-50-06-四方晶体的正当晶胞结构如图所.md,实质答案,149,256,1,3,0,4,4,0.56,True,False
质心GChO,题-GChO-50-07-阅读如下一段材料回答问题注摘.md,实质答案,707,728,12,9,0,4,6,0.97,True,False
质心GChO,题-GChO-50-08-化合物G是一个特殊的稠环化合.md,实质答案,170,326,1,13,0,3,3,0.5,True,False
质心GChO,题-GChO-50-09-如下是一个催化的由羧酸和胺直.md,实质答案,211,319,2,6,0,4,6,0.65,True,False
质心GChO,题-GChO-51-01-11羟胺毒性较强又不太稳定我.md,实质答案,366,395,0,1,0,4,4,0.91,True,False
质心GChO,题-GChO-51-02-一般而言我们认为配合物中配合.md,实质答案,254,371,0,2,0,3,3,0.67,True,False
质心GChO,题-GChO-51-03-31已知碳碳单键和碳碳双键的.md,实质答案,203,247,0,0,0,3,3,0.81,True,False
质心GChO,题-GChO-51-04-是一个典中典平衡本题居然又考.md,实质答案,192,312,0,0,0,3,4,0.59,True,False
质心GChO,题-GChO-51-05-已知的六方晶胞结构如右图所示.md,实质答案,252,544,2,2,0,3,3,0.45,True,False
质心GChO,题-GChO-51-06-盐A中含有金属元素Z质量分数.md,实质答案,299,302,0,1,0,2,2,0.98,True,False
质心GChO,题-GChO-51-07-金属酶在自然界中有着广泛的催.md,实质答案,299,368,3,6,0,2,2,0.79,True,False
质心GChO,题-GChO-51-08-81醇的氧化是一个非常重要的.md,实质答案,72,97,2,3,0,2,2,0.67,True,False
质心GChO,题-GChO-51-09-如下是化合物Grayanot.md,实质答案,139,157,2,16,0,4,4,0.87,True,False
质心GChO,题-GChO-51-10-NHC是有机化学中重要的有机.md,实质答案,105,155,2,13,0,3,3,0.63,True,False
质心GChO,题-GChO-52-01-11凝聚态的中存在分离的正负.md,实质答案,186,241,0,0,0,4,4,0.74,True,False
质心GChO,题-GChO-52-02-21已知H原子的电离能为13.md,实质答案,216,1052,4,7,0,4,11,0.2,True,False
质心GChO,题-GChO-52-03-31于297K向体积为105.md,实质答案,256,332,0,0,0,2,5,0.0,True,False
质心GChO,题-GChO-52-04-近日某研究团队发现了一种新型.md,实质答案,722,780,2,2,0,4,4,0.9,True,False
质心GChO,题-GChO-52-05-电解盐A的水溶液可以得到漂白.md,实质答案,214,467,0,0,0,2,3,0.45,True,False
质心GChO,题-GChO-52-06-自组装合成磁性材料一直是人们.md,实质答案,490,29,1,2,0,3,0,0.0,True,False
质心GChO,题-GChO-52-07-71下列化合物碱性从强到弱排.md,实质答案,47,63,6,8,0,3,3,0.64,True,False
质心GChO,题-GChO-52-08-如下是一个磺酰氟类化合物的合.md,实质答案,170,29,3,2,0,3,0,0.0,True,False
质心GChO,题-GChO-52-09-本题可能会让助教想起曾经被9.md,实质答案,93,127,2,3,0,6,7,0.71,True,False
质心GChO,题-GChO-53-01-11高碘酸根和金属离子特别是.md,实质答案,449,637,0,1,0,5,5,0.66,True,False
质心GChO,题-GChO-53-02-21写出如下聚合产物的结构注.md,实质答案,242,218,3,7,0,4,3,0.6,True,False
质心GChO,题-GChO-53-03-32将Ag作为电极插入31所.md,实质答案,91,558,0,0,0,2,2,0.12,True,False
质心GChO,题-GChO-53-04-41A是含有金属M的简单盐类.md,实质答案,482,829,0,3,0,4,4,0.51,True,False
质心GChO,题-GChO-53-05-为了寻找更多的潜在电池材料科.md,实质答案,417,812,3,3,0,4,4,0.46,True,False
质心GChO,题-GChO-53-06-联吡啶和23二羟基对苯二甲酸.md,实质答案,299,465,2,3,0,2,2,0.55,True,False
质心GChO,题-GChO-53-07-71判断下列分子是否具有手性.md,实质答案,38,56,7,8,0,2,2,0.6,True,False
质心GChO,题-GChO-53-08-含有氢的卤代酮经过碱性条件下.md,实质答案,178,29,7,2,0,3,0,0.0,True,False
质心GChO,题-GChO-53-09-碳碳键的形成反应是有机化学的.md,实质答案,212,264,4,5,0,4,4,0.73,True,False
质心GChO,题-GChO-54-01-11Pb单质在很多稀冷的非氧.md,实质答案,266,282,0,1,0,4,6,0.93,True,False
质心GChO,题-GChO-54-02-21请写出在晶体场中的d电子.md,实质答案,172,73,1,11,0,4,0,0.0,True,False
质心GChO,题-GChO-54-03-萤石型结构是一种典型的型的结.md,实质答案,345,357,0,4,0,5,5,0.91,True,False
质心GChO,题-GChO-54-04-X元素的单质是一种银白色软金.md,实质答案,236,253,0,0,0,3,3,0.88,True,False
质心GChO,题-GChO-54-05-自旋交叉材料是一种典型的分子.md,实质答案,373,529,2,6,0,4,9,0.53,True,False
质心GChO,题-GChO-54-06-很多难溶化合物在溶液体系中的.md,实质答案,181,64,0,0,0,3,3,0.36,True,False
质心GChO,题-GChO-54-07-71比较下列底物在乙醇中溶剂.md,占位标注,80,42,6,0,0,5,0,0.0,True,False
质心GChO,题-GChO-54-08-缺电子杂环上的取代反应一直是.md,实质答案,340,214,4,7,0,3,2,0.63,True,False
质心GChO,题-GChO-54-09-如下是化合物Gukuleni.md,占位标注,49,42,2,0,0,0,0,0.0,True,False
质心GChO,题-GChO-55-01-11升汞溶液与硫代硫酸钠可以.md,实质答案,305,309,0,0,0,5,5,0.98,True,False
质心GChO,题-GChO-55-02-下面的聚合反应会得到一种含有.md,实质答案,59,862,2,4,0,2,6,0.03,True,False
质心GChO,题-GChO-55-03-储备电池是电化学电池它可以储.md,实质答案,661,484,1,0,0,4,5,0.21,True,False
质心GChO,题-GChO-55-04-224L处于C和101325.md,占位标注,224,42,0,0,0,2,0,0.0,True,False
质心GChO,题-GChO-55-05-一直以来磁性材料都是化学家们.md,实质答案,355,622,1,6,0,3,7,0.54,True,False
质心GChO,题-GChO-55-06-氧二乙酸是以醚氧原子为对称中.md,实质答案,245,362,1,6,0,3,3,0.37,True,False
质心GChO,题-GChO-55-07-芳香亲核取代是有机化学中重要.md,实质答案,263,65,2,9,0,3,0,0.0,True,False
质心GChO,题-GChO-55-08-说起三元环的合成人们最先想到.md,实质答案,135,65,3,9,0,3,0,0.0,True,False
质心GChO,题-GChO-55-09-在有机化学中含磷化合物通常被.md,实质答案,123,65,3,9,0,0,0,0.0,True,False
质心GChO,题-GChO-56-01-11黄铁矿在较浓的碳酸盐溶液.md,实质答案,183,188,0,0,0,3,3,0.97,True,False
质心GChO,题-GChO-56-02-温室效应是目前越来越多人正在.md,实质答案,510,814,0,0,0,4,10,0.6,True,False
质心GChO,题-GChO-56-03-甲烷资源丰富碳氢比高是良好的.md,占位标注,230,42,0,0,0,2,0,0.0,True,False
质心GChO,题-GChO-56-04-金属M广泛被应用于冶金将它作.md,实质答案,509,1028,0,1,0,3,5,0.91,True,False
质心GChO,题-GChO-56-05-有机Al配合物通常可以用于内.md,实质答案,261,69,1,10,0,3,0,0.0,True,False
质心GChO,题-GChO-56-06-下面给出了某含O四方晶体晶胞.md,实质答案,216,442,2,3,0,4,4,0.93,True,False
质心GChO,题-GChO-56-07-71判断下列分子是否具有芳香.md,实质答案,52,85,7,2,0,3,5,0.5,True,False
质心GChO,题-GChO-56-08-如下是某个没啥用的分子her.md,实质答案,91,79,0,2,0,4,3,0.0,True,False
质心GChO,题-GChO-56-09-苯环作为可以大量获得的化工原.md,实质答案,235,249,1,8,0,3,4,0.92,True,False
质心GChO,题-GChO-57-01-11向氯金酸的溶液中加入甘汞.md,实质答案,375,425,1,3,0,5,7,0.79,True,False
质心GChO,题-GChO-57-02-可以催化环丁内酯的开环聚合2.md,实质答案,78,275,0,0,0,2,2,0.11,True,False
质心GChO,题-GChO-57-03-元素X的单质可以直接和氧气化.md,实质答案,252,586,0,1,0,3,9,0.4,True,False
质心GChO,题-GChO-57-04-传统常见的灭火器有两种一种是.md,实质答案,495,505,0,0,0,5,6,0.97,True,False
质心GChO,题-GChO-57-05-冰晶石的某种结构是立方晶系其.md,实质答案,238,512,1,3,0,5,5,0.9,True,False
质心GChO,题-GChO-57-06-金属硫属化合物材料在离子导电.md,实质答案,235,320,0,5,0,2,7,0.71,True,False
质心GChO,题-GChO-57-07-71下列化合物酸性由强到弱排.md,实质答案,106,124,12,2,0,5,6,0.17,True,False
质心GChO,题-GChO-57-08-如下是一个利用芳香亲核取代反.md,实质答案,127,308,0,3,0,5,8,0.35,True,False
质心GChO,题-GChO-57-09-硫叶立德是重要的有机化学反应.md,实质答案,207,65,5,0,0,3,2,0.5,True,False
质心GChO,题-GChO-58-01-11将等物质的量的草酸钙和碘.md,实质答案,287,245,0,5,0,4,4,0.94,True,False
质心GChO,题-GChO-58-02-磷含量分析是钢铁和矿石分析的.md,实质答案,673,791,0,3,0,2,2,0.8,True,False
质心GChO,题-GChO-58-03-地温计用于测定岩石形成的温度.md,实质答案,517,789,0,0,0,4,5,0.71,True,False
质心GChO,题-GChO-58-04-单质A可以与氧气化合得到B与.md,实质答案,198,44,0,1,0,3,1,0.0,True,False
质心GChO,题-GChO-58-05-下图是的正当晶胞结构请仔细观.md,实质答案,127,667,1,18,0,4,12,0.17,True,False
质心GChO,题-GChO-58-06-配合物结构中配体的结构通常会.md,实质答案,286,188,6,6,0,2,4,0.0,True,False
质心GChO,题-GChO-58-07-71将下列羧酸衍生物碱性条件.md,占位标注,86,42,1,0,0,2,0,0.0,True,False
质心GChO,题-GChO-58-08-基于对吡啶性质的兴趣和吡啶在.md,占位标注,193,42,1,0,0,2,0,0.0,True,False
质心GChO,题-GChO-58-09-如下是Euphorikani.md,实质答案,198,152,2,0,0,4,4,0.86,True,False
质心GChO,题-GChO-59-01-11直接利用金属和叠氮酸的反.md,实质答案,193,262,0,0,0,4,8,0.73,True,False
质心GChO,题-GChO-59-02-21液体A和B形成的溶液可认.md,实质答案,279,441,0,0,0,2,2,0.62,True,False
质心GChO,题-GChO-59-03-热重分析是一种常见的确定固体.md,实质答案,195,412,1,1,0,3,5,0.46,True,False
质心GChO,题-GChO-59-04-已知A可以和NaOH溶液作用.md,实质答案,203,235,0,0,0,3,3,0.85,True,False
质心GChO,题-GChO-59-05-在研究晶体结构时我们往往会将.md,实质答案,285,350,0,5,0,4,5,0.75,True,False
质心GChO,题-GChO-59-06-脒基和氮杂烯丙基被认为是有可.md,实质答案,644,49,0,5,0,4,0,0.0,True,False
质心GChO,题-GChO-59-07-71下列化合物与顺丁烯二酸酐.md,实质答案,76,94,2,6,0,3,3,0.76,True,False
质心GChO,题-GChO-59-08-HCl是有机化学反应中重要的.md,实质答案,157,187,2,16,0,2,2,0.81,True,False
质心GChO,题-GChO-59-09-小环分子因为具有较大的张力因.md,实质答案,209,567,2,18,0,3,3,0.29,True,False
质心GChO,题-GChO-60-01-11AgO在碱性条件下与作用.md,实质答案,359,585,0,0,0,4,4,0.54,True,False
质心GChO,题-GChO-60-02-21纯净的硼砂是一种基准试剂.md,实质答案,179,243,0,0,0,2,2,0.64,True,False
质心GChO,题-GChO-60-03-金属羰基氢化物能够有效促进氢.md,实质答案,596,29,2,2,0,3,0,0.0,True,False
质心GChO,题-GChO-60-04-对于结构复杂到让我们一眼看上.md,实质答案,384,415,1,1,0,4,4,0.83,True,False
质心GChO,题-GChO-60-05-现有50mL电解液水溶液阴极.md,实质答案,435,729,0,0,0,4,4,0.53,True,False
质心GChO,题-GChO-60-06-内酯的开环聚合通常可以在催化.md,实质答案,567,1039,1,5,0,5,5,0.47,True,False
质心GChO,题-GChO-60-07-71对于如下平衡对于不同的R.md,实质答案,100,118,12,12,0,3,3,0.68,True,False
质心GChO,题-GChO-60-08-苯环上CH键的转化一直是有机.md,实质答案,142,192,2,6,0,4,4,0.57,True,False
质心GChO,题-GChO-60-09-2021年美国芝加哥大学的M.md,实质答案,270,302,12,13,0,5,5,0.75,True,False
质心GChO,题-GChO-61-01-11利用热的次磷酸盐酸体系还.md,实质答案,184,188,0,0,0,3,3,0.83,True,False
质心GChO,题-GChO-61-02-下表显示了六种天然氨基酸的各.md,实质答案,80,145,6,7,0,2,3,0.36,True,False
质心GChO,题-GChO-61-03-硫化物A具有层形结构可用作锂.md,实质答案,268,304,0,0,0,2,1,0.76,True,False
质心GChO,题-GChO-61-04-甲烷的水蒸气重整反应已经考烂.md,实质答案,274,489,0,0,0,4,4,0.48,True,False
质心GChO,题-GChO-61-05-51下图是某过渡金属X的氧化.md,实质答案,661,945,1,5,0,3,3,0.61,True,False
质心GChO,题-GChO-61-06-二茂铁Fc及其氧化态的氧化还.md,实质答案,605,812,0,0,0,4,4,0.69,True,False
质心GChO,题-GChO-61-07-71将下列化合物按取代基处于.md,实质答案,94,141,13,19,0,3,3,0.33,True,False
质心GChO,题-GChO-61-08-一般的基于全合成的推断题目由.md,实质答案,193,268,7,22,0,5,5,0.58,True,False
质心GChO,题-GChO-61-09-如下是一个特殊的加成反应在加.md,实质答案,227,317,3,4,0,3,3,0.61,True,False
质心GChO,题-GChO-62-01-11将置于苏打溶液中并在空气.md,实质答案,201,203,0,0,0,5,5,0.77,True,False
质心GChO,题-GChO-62-02-21二茂铁及其十甲基衍生物已.md,实质答案,423,526,1,4,0,3,3,0.67,True,False
质心GChO,题-GChO-62-03-在本题中可以考虑反应的焓变和.md,实质答案,259,380,0,1,0,3,4,0.55,True,False
质心GChO,题-GChO-62-04-二元化合物A为黑色晶体是一种.md,实质答案,234,336,0,0,0,3,3,0.59,True,False
质心GChO,题-GChO-62-05-下图是某物质六方正当晶胞的示.md,实质答案,407,660,1,2,0,4,4,0.52,True,False
质心GChO,题-GChO-62-06-将二水合邻苯二甲酸氢铜II晶.md,实质答案,377,689,1,3,0,3,3,0.48,True,False
质心GChO,题-GChO-62-07-71左旋多巴是治疗帕金森的核.md,实质答案,253,313,3,8,0,2,2,0.69,True,False
质心GChO,题-GChO-62-08-酯化反应是最经典的化学反应之.md,实质答案,265,331,3,6,0,3,3,0.68,True,False
质心GChO,题-GChO-62-09-烯烃的双官能团化是一类效率很.md,实质答案,321,401,5,14,0,3,3,0.7,True,False
质心GChO,题-GChO-63-01-11硒酸与氯化肼反应得到两种.md,实质答案,208,201,0,1,0,5,5,1.0,True,False
质心GChO,题-GChO-63-02-3羟基2丁酮与可以发生非氧化.md,实质答案,160,152,0,1,0,2,2,1.0,True,False
质心GChO,题-GChO-63-03-在本题中可以考虑反应的焓变和.md,实质答案,361,646,0,3,0,5,14,0.47,True,False
质心GChO,题-GChO-63-04-Mn是一种银灰色的过渡金属脆.md,实质答案,318,73,0,11,0,4,0,0.0,True,False
质心GChO,题-GChO-63-05-最近韩国科学家宣称合成出了一.md,实质答案,276,73,1,11,0,5,0,0.0,True,False
质心GChO,题-GChO-63-06-如下是一个由Rh催化完成的反.md,占位标注,147,42,1,0,0,3,0,0.0,True,False
质心GChO,题-GChO-63-07-如下的转化在Lewis酸的催.md,实质答案,41,73,0,11,0,0,0,0.0,True,False
质心GChO,题-GChO-63-08-重氮化合物以其丰富而独特的反.md,实质答案,141,73,0,11,0,3,0,0.0,True,False
质心GChO,题-GChO-63-09-由于环张力的存在小环化合物一.md,实质答案,248,73,2,11,0,13,0,0.0,True,False
质心GChO,题-GChO-64-01-11与发生非氧化还原反应产物.md,实质答案,315,297,0,2,0,5,5,1.0,True,False
质心GChO,题-GChO-64-02-本题可能用到的平衡常数数据m.md,实质答案,254,264,0,1,0,2,3,0.96,True,False
质心GChO,题-GChO-64-03-X是一种常见的金属元素虽然其.md,实质答案,411,443,1,2,0,4,4,0.92,True,False
质心GChO,题-GChO-64-04-锰在自然界中有若干种锰氧化物.md,实质答案,439,452,0,0,0,3,4,0.93,True,False
质心GChO,题-GChO-64-05-下图是某三元化合物的正当四方.md,实质答案,304,319,1,4,0,5,5,0.92,True,False
质心GChO,题-GChO-64-06-稀土金属硼氧化物不仅稀有且具.md,实质答案,308,77,3,12,0,4,0,0.0,True,False
质心GChO,题-GChO-64-07-如下的转化经历了若干次开环关.md,实质答案,107,354,1,17,0,3,9,0.28,True,False
质心GChO,题-GChO-64-08-由于环张力的存在小环化合物的.md,实质答案,246,264,3,15,0,6,4,0.33,True,False
质心GChO,题-GChO-64-09-有机化学是无穷无尽的总会有新.md,实质答案,222,162,4,4,0,2,1,0.81,True,False
质心GChO,题-GChO-65-01-氮是一种颇有特色的元素尽管其.md,实质答案,297,274,0,0,0,2,2,0.74,True,False
质心GChO,题-GChO-65-02-21由复分解反应制备过渡金属.md,实质答案,297,290,0,0,0,2,2,0.95,True,False
质心GChO,题-GChO-65-03-氦曾被普遍认为是没有化合物的.md,实质答案,297,322,0,2,0,3,6,0.79,True,False
质心GChO,题-GChO-65-04-A是一种亮黄色有刺激性臭味的.md,实质答案,365,377,0,1,0,3,3,0.91,True,False
质心GChO,题-GChO-65-05-氮元素的固定一直是无机化学领.md,实质答案,273,193,1,1,0,3,3,0.78,True,False
质心GChO,题-GChO-65-06-右图是由Cu和Ag组成的复合.md,实质答案,294,230,3,3,0,3,3,0.87,True,False
质心GChO,题-GChO-65-07-现有如下的转化textMeO.md,实质答案,154,143,0,3,0,3,3,0.93,True,False
质心GChO,题-GChO-65-08-结构决定性质是化学反应的基本.md,实质答案,192,146,0,4,0,5,3,0.25,True,False
质心GChO,题-GChO-65-09-如下是一个过渡金属催化的奇特.md,占位标注,211,42,1,0,0,3,0,0.0,True,False
质心GChO,题-GChO-66-01-11不对称二甲基肼与四氧化二.md,实质答案,146,161,0,0,0,5,9,0.84,True,False
质心GChO,题-GChO-66-02-下面的反应都是能够生成PP键.md,实质答案,293,288,0,1,0,3,3,0.98,True,False
质心GChO,题-GChO-66-03-31在一真空恒容容器中加热固.md,实质答案,83,69,0,0,0,2,4,0.92,True,False
质心GChO,题-GChO-66-04-A为一无色液体将A的蒸气与水.md,实质答案,275,269,0,3,0,2,2,0.88,True,False
质心GChO,题-GChO-66-05-除碳以外其他p区元素之间的多.md,实质答案,377,29,2,2,0,2,0,0.0,True,False
质心GChO,题-GChO-66-06-一般来说对于某种晶体的研究并.md,实质答案,497,480,1,4,0,2,4,0.88,True,False
质心GChO,题-GChO-66-07-如下是一个过渡金属催化的合成.md,实质答案,126,29,6,2,0,5,0,0.0,True,False
质心GChO,题-GChO-66-08-由于芳香性这个护身符的存在苯.md,实质答案,178,29,3,2,0,5,0,0.0,True,False
质心GChO,题-GChO-67-01-三全分子指一个分子内同时包括.md,实质答案,461,567,2,3,0,5,5,0.74,True,False
质心GChO,题-GChO-67-02-21铍可用于中子源如聚变堆氚.md,实质答案,479,506,3,4,0,6,6,0.87,True,False
质心GChO,题-GChO-67-03-近年来亚纳米金属团簇引起了科.md,实质答案,823,1123,0,1,0,4,5,0.7,True,False
质心GChO,题-GChO-67-04-在铜氧化物超导体被发现后人们.md,实质答案,369,400,1,1,0,6,7,0.8,True,False
质心GChO,题-GChO-67-05-未知物X是一种白色而有光泽的.md,实质答案,388,483,1,2,0,4,7,0.73,True,False
质心GChO,题-GChO-67-06-2019年诺贝尔化学奖授予G.md,实质答案,792,973,2,3,0,3,3,0.75,True,False
质心GChO,题-GChO-67-07-生命体中各种物质的结构和功能.md,实质答案,1044,1308,4,6,0,5,5,0.77,True,False
质心GChO,题-GChO-67-08-81分别画出trans12二.md,实质答案,604,1239,14,22,0,9,9,0.42,True,False
质心GChO,题-GChO-67-09-Grob碎片化反应是指一个有.md,实质答案,389,429,6,15,0,5,5,0.85,True,False
质心GChO,题-GChO-67-10-与膦叶立德YlidesWit.md,实质答案,788,765,9,8,0,5,4,0.74,True,False
质心GChO,题-GChO-68-01-11实验室制备XPCl与草酸.md,实质答案,201,198,0,2,0,5,5,0.92,True,False
质心GChO,题-GChO-68-02-奥林匹克圣火是奥运会期间在主.md,实质答案,504,468,0,1,0,2,2,0.95,True,False
质心GChO,题-GChO-68-03-31将4g重铬酸钾和12g二.md,实质答案,234,226,2,5,0,2,2,1.0,True,False
质心GChO,题-GChO-68-04-41是一种自然界中丰富存在的.md,实质答案,437,69,2,10,0,4,0,0.0,True,False
质心GChO,题-GChO-68-05-全氮类物质因具有高密度高生成.md,实质答案,403,411,1,3,0,2,3,0.95,True,False
质心GChO,题-GChO-68-06-金属元素X在常温下的单质为六.md,实质答案,296,287,0,2,0,3,3,1.0,True,False
质心GChO,题-GChO-68-07-欲知铅铋合金中铅和铋的含量可.md,实质答案,375,275,0,4,0,3,3,0.98,True,False
质心GChO,题-GChO-68-08-81以下为酚酞分子的结构式请.md,占位标注,207,42,11,0,0,4,0,0.0,True,False
质心GChO,题-GChO-68-09-由于芳香性的存在芳环的合成是.md,实质答案,147,116,2,6,0,2,2,0.86,True,False
质心GChO,题-GChO-68-10-如下是一个形式上的sigma.md,占位标注,375,47,5,1,0,3,0,0.0,True,False
质心GChO,题-GChO-69-01-11茂基配体用于合成新颖的主.md,实质答案,506,508,1,2,0,2,2,0.96,True,False
质心GChO,题-GChO-69-02-212016年首次报道了亚乙.md,实质答案,292,282,2,2,0,2,2,1.0,True,False
质心GChO,题-GChO-69-03-31叠氮化钠作为一种常用的化.md,实质答案,579,569,0,1,0,2,4,1.0,True,False
质心GChO,题-GChO-69-04-近年来CuFe等作为水催化氧.md,实质答案,542,553,3,8,0,3,3,0.93,True,False
质心GChO,题-GChO-69-05-51在新近高温高压下制备的氮.md,实质答案,624,626,3,6,0,3,2,0.97,True,False
质心GChO,题-GChO-69-06-三氧化硫是工业制取硫酸的重要.md,实质答案,339,330,0,2,0,4,4,0.95,True,False
质心GChO,题-GChO-69-07-71以下三个化合物具有类似的.md,实质答案,255,29,9,2,0,5,0,0.0,True,False
质心GChO,题-GChO-69-08-苯炔和含B化合物都具有丰富的.md,实质答案,145,29,4,2,0,2,0,0.0,True,False
质心GChO,题-GChO-69-09-分子骨架编辑Skeletal.md,实质答案,354,25,5,1,0,2,0,0.0,True,False
质心GChO,题-GChO-70-01-XYZ三种物质具有类似的结构.md,实质答案,396,395,1,2,0,2,0,0.99,True,False
质心GChO,题-GChO-70-02-将钠盐X配制成200g质量分.md,实质答案,222,225,0,1,0,4,8,0.95,True,False
质心GChO,题-GChO-70-03-一般来说固体的蒸气压是很难测.md,实质答案,328,329,0,1,0,2,2,0.92,True,False
质心GChO,题-GChO-70-04-金属M被广泛地应用于冶金中工.md,实质答案,326,390,0,2,0,5,7,0.77,True,False
质心GChO,题-GChO-70-05-在分子机器领域有两类分子体系.md,实质答案,938,1036,10,9,0,4,5,0.87,True,False
质心GChO,题-GChO-70-06-基于经典的Lewis酸碱理论.md,实质答案,568,69,4,10,0,5,0,0.0,True,False
质心GChO,题-GChO-70-07-71Claisen反应与其它.md,实质答案,198,84,4,2,0,3,0,0.0,True,False
质心GChO,题-GChO-70-08-近年来由于在生物医学方面的显.md,实质答案,234,69,4,10,0,2,0,0.0,True,False
质心GChO,题-GChO-70-09-首先我们来学习一个简单的反应.md,实质答案,209,69,14,10,0,7,0,0.0,True,False
质心GChO,题-GChO-71-01-A是人类发现最晚的天然元素也.md,实质答案,209,199,0,0,0,0,0,1.0,True,False
质心GChO,题-GChO-71-02-21的NMR谱图核磁共振氢谱.md,实质答案,642,539,1,2,0,3,3,0.93,True,False
质心GChO,题-GChO-71-03-31在聚酯化反应体系中残留水.md,实质答案,398,29,1,2,0,4,0,0.0,True,False
质心GChO,题-GChO-71-04-本题中出现的缩写THF四氢呋.md,实质答案,168,163,3,9,0,3,3,0.9,True,False
质心GChO,题-GChO-71-05-本题可能用到的公式及常数单个.md,实质答案,477,515,1,1,0,5,5,0.9,True,False
质心GChO,题-GChO-71-06-61石墨晶体具有三方石墨和六.md,实质答案,647,665,1,6,0,3,3,0.93,True,False
质心GChO,题-GChO-71-07-有机合成涉及到多方面的立体选.md,实质答案,299,380,4,5,0,4,8,0.72,True,False
质心GChO,题-GChO-71-08-81推出HK的结构注意立体化.md,实质答案,131,135,3,4,0,4,4,0.35,True,False
质心GChO,题-GChO-71-09-本题涉及的是一个14二羰基化.md,实质答案,340,403,3,4,0,3,3,0.76,True,False
质心GChO,题-GChO-72-01-11请给出A和B的结构并给出.md,实质答案,93,83,0,6,0,3,3,1.0,True,False
质心GChO,题-GChO-72-02-以下给出含有过渡金属元素X的.md,实质答案,519,1268,0,8,0,2,9,0.39,True,False
质心GChO,题-GChO-72-03-31亚硫酰氯和叠氮化钠在30.md,实质答案,290,256,0,8,0,7,4,0.52,True,False
质心GChO,题-GChO-72-04-41元素A和元素B的电负性分.md,实质答案,375,611,0,1,0,3,3,0.55,True,False
质心GChO,题-GChO-72-05-具有n个碳原子的富勒烯表面有.md,实质答案,412,455,1,2,0,6,7,0.87,True,False
质心GChO,题-GChO-72-06-61串联质谱MS技术为测定多.md,实质答案,585,629,2,3,0,3,3,0.9,True,False
质心GChO,题-GChO-72-07-71在含有共轭体系的螺环化合.md,实质答案,313,371,6,8,0,4,4,0.74,True,False
质心GChO,题-GChO-72-08-双键具有丰富的反应性是有机化.md,实质答案,243,124,3,2,0,3,1,0.7,True,False
质心GChO,题-GChO-72-09-重排反应是有机反应中很神奇的.md,实质答案,278,373,1,2,0,6,8,0.67,True,False
质心GChO,题-GChO-73-01-11是最重要的硫氮二元化合物.md,实质答案,565,600,1,4,0,2,2,0.87,True,False
质心GChO,题-GChO-73-02-21共聚高分子是由两种不同的.md,实质答案,1358,1696,3,5,0,2,2,0.75,True,False
质心GChO,题-GChO-73-03-近年来具有优良光致发光和发光.md,实质答案,1073,1251,1,2,0,3,3,0.81,True,False
质心GChO,题-GChO-73-04-酰胺A能够形成分子内氢键如图.md,实质答案,276,368,1,1,0,2,2,0.65,True,False
质心GChO,题-GChO-73-05-51硅酸盐的基本结构是硅氧四.md,实质答案,1018,1052,3,4,0,3,3,0.91,True,False
质心GChO,题-GChO-73-06-61某课题组于2019年合成.md,实质答案,449,563,0,0,0,5,5,0.66,True,False
质心GChO,题-GChO-73-07-71在单取代环己烷中直键取代.md,实质答案,445,684,7,22,0,3,3,0.56,True,False
质心GChO,题-GChO-73-08-分子骨架编辑技术是直接在分子.md,实质答案,998,29,6,2,0,5,0,0.0,True,False
质心GChO,题-GChO-73-09-总有一些学习化竞的同学对力量.md,实质答案,319,410,1,3,0,5,5,0.67,True,False
质心GChO,题-GChO-74-01-11众所周知碳纳米管表面是疏.md,实质答案,580,662,0,0,0,2,4,0.85,True,False
质心GChO,题-GChO-74-02-一些电负性相对较高的富电子过.md,实质答案,581,892,1,1,0,5,6,0.6,True,False
质心GChO,题-GChO-74-03-锂离子电池的发现及其应用可谓.md,实质答案,714,1012,3,4,0,4,4,0.65,True,False
质心GChO,题-GChO-74-04-涉及过渡金属的晶体通常会有意.md,实质答案,507,757,2,2,0,4,4,0.61,True,False
质心GChO,题-GChO-74-05-51A是的一种重要的氧化物其.md,实质答案,562,747,1,4,0,4,4,0.66,True,False
质心GChO,题-GChO-74-06-今年中山大学化学学院胡鹏教授.md,实质答案,155,29,1,2,0,0,0,0.0,True,False
质心GChO,题-GChO-74-07-71溶剂解反应711比较如下.md,实质答案,295,602,3,5,0,4,4,0.39,True,False
质心GChO,题-GChO-74-08-选择性是有机化学反应的一大特.md,实质答案,204,308,1,5,0,3,3,0.53,True,False
质心GChO,题-GChO-74-09-三元环因为具有较大的环张力而.md,实质答案,229,29,4,2,0,3,0,0.0,True,False
质心GChO,题-GChO-75-01-塞翁失马焉知非福实验失败或是.md,实质答案,598,846,2,3,0,2,2,0.65,True,False
质心GChO,题-GChO-75-02-实现双碳目标是一场广泛而深刻.md,实质答案,588,684,1,3,0,2,2,0.81,True,False
质心GChO,题-GChO-75-03-铀是一种重要的战略物资其单质.md,实质答案,509,613,0,0,0,5,5,0.73,True,False
质心GChO,题-GChO-75-04-含有过渡金属元素以及氧元素的.md,实质答案,480,1501,0,5,0,2,12,0.29,True,False
质心GChO,题-GChO-75-05-mathrmLaAlO3的晶.md,实质答案,638,526,0,3,0,8,5,0.24,True,False
质心GChO,题-GChO-75-06-如下是两个DBU作用下的开环.md,实质答案,112,129,2,2,0,0,0,0.79,True,False
质心GChO,题-GChO-75-07-71散沫花醌Lawsone是.md,实质答案,221,319,2,12,0,2,2,0.65,True,False
质心GChO,题-GChO-75-08-1在本题中催化剂的作用只是催.md,实质答案,226,395,7,8,0,3,3,0.53,True,False
质心GChO,题-GChO-75-09-光促进的有机化学反应是目前有.md,实质答案,1186,1713,3,8,0,4,4,0.58,True,False
质心GChO,题-GChO-76-01-现有一种纯净的白色固体X其由.md,实质答案,515,469,0,1,0,5,5,0.78,True,False
质心GChO,题-GChO-76-02-氰基乙烯酮负离子在之前只存在.md,实质答案,140,94,0,3,0,3,2,1.0,True,False
质心GChO,题-GChO-76-03-为解决氯碱工业中的老大难问题.md,实质答案,190,179,2,2,0,2,2,1.0,True,False
质心GChO,题-GChO-76-04-41把一个体积为10547L.md,实质答案,278,301,0,0,0,2,3,0.92,True,False
质心GChO,题-GChO-76-05-52如下为配合物APh的合成.md,实质答案,230,375,1,7,0,2,4,0.57,True,False
质心GChO,题-GChO-76-06-关于季铵盐和季膦盐的晶体结构.md,实质答案,511,456,2,6,0,4,4,0.94,True,False
质心GChO,题-GChO-76-07-71对下列氨基酸的等电点从大.md,实质答案,161,70,4,3,0,4,2,0.85,True,False
质心GChO,题-GChO-76-08-如图是一个烯烃的双官能团化反.md,实质答案,165,173,2,4,0,4,4,0.94,True,False
质心GChO,题-GChO-76-09-有机化学的魅力之一在于它有无.md,实质答案,310,287,1,12,0,7,10,0.88,True,False
质心GChO,题-GChO-77-01-11高铼酸钾与KOH共热可以.md,实质答案,508,430,0,7,0,4,4,0.95,True,False
质心GChO,题-GChO-77-02-21TMEDATMEDANN.md,实质答案,236,188,3,8,0,2,2,0.78,True,False
质心GChO,题-GChO-77-03-在20世纪初期人们发现了玻璃.md,实质答案,529,520,1,1,0,6,7,0.88,True,False
质心GChO,题-GChO-77-04-如下是某二元化合物的立方晶胞.md,实质答案,301,337,2,3,0,3,4,0.8,True,False
质心GChO,题-GChO-77-05-512022年有人报道了一系.md,实质答案,412,408,2,10,0,3,3,0.96,True,False
质心GChO,题-GChO-77-06-有机反应的机理常常是十分有趣.md,实质答案,249,29,2,2,0,3,0,0.0,True,False
质心GChO,题-GChO-77-07-三氟甲基等含氟基团以其独特的.md,实质答案,394,394,4,10,0,3,3,0.94,True,False
质心GChO,题-GChO-77-08-在众多杂环化合物中13二杂原.md,实质答案,719,29,3,2,0,5,0,0.0,True,False
质心GChO,题-GChO-78-01-11等电点是一个分子不携带净.md,实质答案,716,29,7,2,0,4,0,0.0,True,False
质心GChO,题-GChO-78-02-天然和合成聚合物在日常生活和.md,实质答案,139,126,4,3,0,0,0,1.0,True,False
质心GChO,题-GChO-78-03-一种包含部分的配合物在绿色植.md,实质答案,440,436,0,0,0,7,7,0.95,True,False
质心GChO,题-GChO-78-04-一种新型含UNTe元素的三元.md,实质答案,362,353,1,3,0,5,7,0.96,True,False
质心GChO,题-GChO-78-05-MeerweinPonndo.md,实质答案,249,209,0,0,0,0,1,0.95,True,False
质心GChO,题-GChO-78-06-同组元素会具有相似的化学性质.md,实质答案,794,29,1,2,0,3,0,0.0,True,False
质心GChO,题-GChO-78-07-71下列每组物质之间的关系是.md,实质答案,134,124,12,2,0,3,3,0.87,True,False
质心GChO,题-GChO-78-08-有如下一个不对称合成反应在手.md,实质答案,190,159,1,3,0,5,2,0.6,True,False
质心GChO,题-GChO-78-09-如下是一个氨基酸位的反应注意.md,实质答案,299,286,3,8,0,6,6,1.0,True,False
质心GChO,题-GChO-79-01-苯的等电子体无机苯已在多年前.md,实质答案,383,29,2,2,0,2,0,0.0,True,False
质心GChO,题-GChO-79-02-年轻的化学家小王正在检查当地.md,实质答案,488,480,0,1,0,5,5,0.95,True,False
质心GChO,题-GChO-79-03-在1879年瑞典化学家拉尔斯.md,实质答案,324,317,0,1,0,3,3,0.98,True,False
质心GChO,题-GChO-79-04-下图为某含有PSRbPd四种.md,实质答案,329,595,4,5,0,5,7,0.52,True,False
质心GChO,题-GChO-79-05-51三甲苯的三种异构体可以互.md,实质答案,294,221,1,3,0,2,2,0.16,True,False
质心GChO,题-GChO-79-06-亚铁离子可以与110菲罗啉P.md,实质答案,264,292,2,3,0,3,4,0.82,True,False
质心GChO,题-GChO-79-07-71烯烃A在下述转化下得到了.md,实质答案,137,29,3,2,0,3,0,0.0,True,False
质心GChO,题-GChO-79-08-烯胺的化学是有机合成反应基石.md,实质答案,409,177,4,5,0,4,2,0.97,True,False
质心GChO,题-GChO-79-09-由于位阻的存在4级碳的合成始.md,实质答案,137,29,2,2,0,0,0,0.0,True,False
质心GChO,题-GChO-80-01-11东汉周易参同契中记载胡粉.md,实质答案,750,896,0,0,0,6,6,0.79,True,False
质心GChO,题-GChO-80-02-和都是工业中常用的强氧化剂利.md,实质答案,371,443,0,1,0,2,2,0.79,True,False
质心GChO,题-GChO-80-03-31键长是决定分子构型的基本.md,实质答案,832,967,4,7,0,3,2,0.78,True,False
质心GChO,题-GChO-80-04-41二维材料呈现出丰富的晶体.md,实质答案,680,824,3,3,0,4,5,0.78,True,False
质心GChO,题-GChO-80-05-是一种具有溶剂热致变色特性的.md,实质答案,785,893,1,2,0,6,6,0.84,True,False
质心GChO,题-GChO-80-06-氢气是一种绿色可再生的能源在.md,实质答案,543,600,0,0,0,4,4,0.82,True,False
质心GChO,题-GChO-80-07-71比较下列化合物的酸性强弱.md,实质答案,547,557,25,30,0,11,11,0.8,True,False
质心GChO,题-GChO-80-08-作为和碳同族的元素硅在有机化.md,实质答案,224,279,8,11,0,6,6,0.67,True,False
质心GChO,题-GChO-80-09-重排反应是有机化学中非常重要.md,实质答案,326,599,3,13,0,5,6,0.46,True,False
质心GChO,题-GChO-81-01-酸性强于纯硫酸的酸成为超酸s.md,实质答案,656,683,0,1,0,4,5,0.9,True,False
质心GChO,题-GChO-81-02-大多数金属阳离子在水溶液中会.md,实质答案,536,664,0,0,0,4,4,0.67,True,False
质心GChO,题-GChO-81-03-生命体中各种物质的结构和功能.md,实质答案,618,758,4,5,0,3,3,0.72,True,False
质心GChO,题-GChO-81-04-研究者合成了氮杂环硼基取代的.md,实质答案,973,981,3,11,0,6,6,0.85,True,False
质心GChO,题-GChO-81-05-元素A可以与各种卤素形成一系.md,实质答案,572,604,2,3,0,3,3,0.78,True,False
质心GChO,题-GChO-81-06-褪黑激素6Melatonin.md,实质答案,608,790,1,4,0,8,8,0.58,True,False
质心GChO,题-GChO-81-07-71请按从大到小的顺序排列下.md,实质答案,342,454,16,9,0,4,4,0.55,True,False
质心GChO,题-GChO-81-08-小环以其独特的成键结构和反应.md,实质答案,400,960,6,28,0,3,6,0.29,True,False
质心GChO,题-GChO-81-09-碳碳键形成是有机化学反应的两.md,实质答案,351,127,5,11,0,3,2,0.5,True,False
质心GChO,题-GChO-82-01-化学系二年级学生小李小心翼翼.md,实质答案,616,752,0,0,0,4,4,0.76,True,False
质心GChO,题-GChO-82-02-金属有机框架材料MOFs是近.md,实质答案,385,362,0,0,0,3,1,0.93,True,False
质心GChO,题-GChO-82-03-常见的氧单质有和氧可参与形成.md,实质答案,545,724,1,1,0,5,5,0.65,True,False
质心GChO,题-GChO-82-04-正烷烃是目前人们研究最为深入.md,实质答案,847,1016,0,0,0,4,5,0.74,True,False
质心GChO,题-GChO-82-05-51近年来在光电材料领域有机.md,实质答案,963,1158,3,3,0,3,3,0.76,True,False
质心GChO,题-GChO-82-06-61金属X反应活性较低加热时.md,实质答案,723,819,0,1,0,5,5,0.75,True,False
质心GChO,题-GChO-82-07-71现有如下转换请给出原料中.md,实质答案,176,475,3,11,0,3,4,0.29,True,False
质心GChO,题-GChO-82-08-氮氧单键键能较小只有201k.md,实质答案,435,92,4,6,0,4,2,0.71,True,False
质心GChO,题-GChO-82-09-光化学反应是现代有机合成方法.md,实质答案,692,866,3,21,0,3,3,0.71,True,False
质心GChO,题-GChO-83-01-X是一种强吸湿性据说略带甜味.md,实质答案,456,760,0,0,0,4,6,0.51,True,False
质心GChO,题-GChO-83-02-在气相中元素A存在以下两种平.md,实质答案,367,283,0,0,0,3,2,0.31,True,False
质心GChO,题-GChO-83-03-如下是深度同学设计的一种基于.md,实质答案,620,697,0,0,0,5,7,0.77,True,False
质心GChO,题-GChO-83-04-MXene是由MAX相处理得.md,实质答案,752,970,0,0,0,8,9,0.69,True,False
质心GChO,题-GChO-83-05-第14族元素金属化合物一向是.md,实质答案,543,825,1,7,0,2,3,0.57,True,False
质心GChO,题-GChO-83-06-实验技能是学习化学必不可少的.md,实质答案,939,1136,2,3,0,4,4,0.7,True,False
质心GChO,题-GChO-83-07-71溴代环己烷有两种椅式构象.md,实质答案,287,367,3,8,0,4,4,0.67,True,False
质心GChO,题-GChO-83-08-81三元环是最小的环其环张力.md,实质答案,149,204,17,9,0,3,3,0.49,True,False
质心GChO,题-GChO-83-09-氮杂环丙烷具有丰富的反应性9.md,实质答案,204,240,10,24,0,6,6,0.68,True,False
质心UChO,题-UChO-01-01-11Ag在12K和惰性气氛中.md,实质答案,363,361,0,5,0,6,6,0.89,True,False
质心UChO,题-UChO-01-01-11M地壳中丰度045室温下.md,实质答案,221,20,0,5,0,3,1,0.33,True,False
质心UChO,题-UChO-01-01-11将TIF溶于KFHF溶液.md,实质答案,254,304,0,0,0,4,4,0.69,True,False
质心UChO,题-UChO-01-01-图中的和为以六边形为基础的基.md,实质答案,312,295,2,2,0,6,6,0.71,True,False
质心UChO,题-UChO-01-01-是一种具有特殊化学键的阳离子.md,占位标注,181,41,0,0,0,3,0,0.0,True,False
质心UChO,题-UChO-01-01-视觉产生的机理是非常复杂的一.md,实质答案,169,166,1,4,0,3,5,1.0,True,False
质心UChO,题-UChO-01-01-银纳米团簇的结构与性质相关性.md,实质答案,520,761,1,2,0,3,3,0.62,True,False
质心UChO,题-UChO-01-02-21在常温常压下用的NaOH.md,实质答案,237,421,0,0,0,2,2,0.47,True,False
质心UChO,题-UChO-01-02-21已知在一维势箱中运动的粒.md,实质答案,126,154,0,1,0,2,2,0.59,True,False
质心UChO,题-UChO-01-02-为分别测定巴黎绿中及三价砷的.md,占位标注,250,41,0,0,0,2,0,0.0,True,False
质心UChO,题-UChO-01-02-向含有的二甲胂酸钠缓冲溶液中.md,实质答案,193,260,0,1,0,2,2,0.65,True,False
质心UChO,题-UChO-01-02-特殊构型一直为人们所追求譬如.md,实质答案,457,153,1,11,0,2,2,0.03,True,False
质心UChO,题-UChO-01-02-经典的卡诺循环的pV图可如下.md,实质答案,67,88,1,5,0,2,3,0.69,True,False
质心UChO,题-UChO-01-02-钳式配体有助于形成不常见的配.md,实质答案,362,406,0,4,0,6,6,0.76,True,False
质心UChO,题-UChO-01-03-19世纪一种新的元素X被发现.md,占位标注,229,41,0,0,0,2,0,0.0,True,False
质心UChO,题-UChO-01-03-31今年某课题组报道了利用有.md,实质答案,201,27,2,2,0,3,0,0.0,True,False
质心UChO,题-UChO-01-03-31奥托循环是最常见的汽车动.md,实质答案,695,1092,2,3,0,2,2,0.57,True,False
质心UChO,题-UChO-01-03-乙烷的脱氢反应可能以如下机理.md,实质答案,210,222,0,0,0,5,6,0.84,True,False
质心UChO,题-UChO-01-03-关于常温下的晶体结构有以下表.md,实质答案,244,448,0,2,0,4,4,0.44,True,False
质心UChO,题-UChO-01-03-某金属M可以用在低熔合金和电.md,实质答案,249,44,0,2,0,4,2,0.0,True,False
质心UChO,题-UChO-01-03-现代工业上制备烷基胺主要是利.md,实质答案,593,674,1,2,0,6,8,0.79,True,False
质心UChO,题-UChO-01-04-41以溶液为滴定剂银丝为指示.md,实质答案,185,244,0,0,0,2,4,0.64,True,False
质心UChO,题-UChO-01-04-41氨分子在Pt表面的分解速.md,实质答案,506,651,0,0,0,2,3,0.69,True,False
质心UChO,题-UChO-01-04-下图是某种金属复合氧化物的正.md,实质答案,238,297,1,1,0,4,6,0.79,True,False
质心UChO,题-UChO-01-04-庚烷和224三甲基戊烷异辛烷.md,实质答案,360,91,1,2,0,3,3,0.47,True,False
质心UChO,题-UChO-01-04-某晶体由ABCDE五种元素构.md,实质答案,305,28,0,1,0,3,3,0.0,True,False
质心UChO,题-UChO-01-04-标准压力下Fes的熔点为18.md,实质答案,142,181,0,0,0,3,3,0.6,True,False
质心UChO,题-UChO-01-04-由BaMnO三种元素组成的晶.md,实质答案,347,347,2,3,0,4,4,0.85,True,False
质心UChO,题-UChO-01-05-51通常我们认为反应的速率只.md,占位标注,436,41,0,0,0,2,0,0.0,True,False
质心UChO,题-UChO-01-05-tabletrtd1molN.md,实质答案,222,331,0,0,0,4,4,0.48,True,False
质心UChO,题-UChO-01-05-一种由BFeNb组成的晶体晶.md,实质答案,195,343,1,2,0,5,5,0.45,True,False
质心UChO,题-UChO-01-05-四方晶体的晶胞结构如下图所示.md,实质答案,149,38,1,2,0,4,4,0.17,True,False
质心UChO,题-UChO-01-05-在最开始接触到化学的时候我们.md,实质答案,922,1011,0,3,0,6,6,0.86,True,False
质心UChO,题-UChO-01-05-开发有机化合物选择性氧化的有.md,实质答案,974,1227,2,4,0,6,6,0.76,True,False
质心UChO,题-UChO-01-05-水接受氢离子的能力称为碱度用.md,实质答案,282,285,0,0,0,4,4,0.91,True,False
质心UChO,题-UChO-01-06-611865年德国科学家希托.md,实质答案,435,27,1,2,0,1,0,0.0,True,False
质心UChO,题-UChO-01-06-61写出如下反应过程中的3个.md,实质答案,39,41,3,4,0,2,2,0.29,True,False
质心UChO,题-UChO-01-06-61现在恒容密闭容器中对反应.md,实质答案,158,282,1,0,0,2,2,0.47,True,False
质心UChO,题-UChO-01-06-61生物发光是自然界中非常有.md,实质答案,819,988,7,9,0,6,8,0.76,True,False
质心UChO,题-UChO-01-06-61计算在溴离子平衡浓度为多.md,实质答案,54,43,1,2,0,1,0,0.0,True,False
质心UChO,题-UChO-01-06-某有机三元酸是生物体内重要的.md,实质答案,738,912,1,4,0,4,6,0.71,True,False
质心UChO,题-UChO-01-06-水是一种常用的反应溶剂某个反.md,实质答案,244,26,0,1,0,2,1,0.0,True,False
质心UChO,题-UChO-01-07-Friedlnder环化是合.md,实质答案,234,364,3,7,0,3,3,0.52,True,False
质心UChO,题-UChO-01-07-人工分子马达从生物活性蛋白这.md,实质答案,815,955,5,5,0,4,4,0.75,True,False
质心UChO,题-UChO-01-07-元素X的氧化物是一种重要的陶.md,实质答案,206,208,1,1,0,0,0,0.97,True,False
质心UChO,题-UChO-01-07-四元环和三元环同为高张力小环.md,实质答案,383,27,4,2,0,2,0,0.0,True,False
质心UChO,题-UChO-01-07-有机小分子催化剂X可催化如下.md,占位标注,128,55,1,0,0,4,0,0.0,True,False
质心UChO,题-UChO-01-07-由于芳香性的存在苯环是相当稳.md,实质答案,260,313,7,8,0,2,2,0.7,True,False
质心UChO,题-UChO-01-07-自由基以其高活性经常能实现你.md,实质答案,121,23,0,7,0,3,1,0.0,True,False
质心UChO,题-UChO-01-08-81写出反应过程中的重要中间.md,实质答案,34,52,1,5,0,2,2,0.56,True,False
质心UChO,题-UChO-01-08-DA反应是全合成化学家最喜欢.md,实质答案,418,433,4,19,0,4,4,0.88,True,False
质心UChO,题-UChO-01-08-上面这两王粒都合成过高张力小.md,实质答案,327,449,2,9,0,4,4,0.56,True,False
质心UChO,题-UChO-01-08-五元芳香杂环是有机化学中一类.md,占位标注,172,41,4,0,0,2,0,0.0,True,False
质心UChO,题-UChO-01-08-我们先来认识一个牛逼的手性催.md,实质答案,133,197,6,14,0,2,2,0.53,True,False
质心UChO,题-UChO-01-08-有机化合物的反应性的核心是官.md,实质答案,373,91,2,10,0,8,6,0.24,True,False
质心UChO,题-UChO-01-08-环丙烷在一定程度上具有与双键.md,实质答案,308,350,7,18,0,8,7,0.77,True,False
质心UChO,题-UChO-01-09-出题老师不想编背景了大家直接.md,实质答案,65,152,1,2,0,3,3,0.28,True,False
质心UChO,题-UChO-01-09-羰基是基础有机化学中最核心的.md,实质答案,996,1019,11,32,0,5,5,0.88,True,False
质心UChO,题-UChO-01-10-碎米桠Rabdosirube.md,实质答案,172,221,1,3,0,2,2,0.72,True,False
质心UChO,题-UChO-02-01-11ReSPhCCPhS是第.md,实质答案,383,81,3,10,0,2,1,0.0,True,False
质心UChO,题-UChO-02-01-11二氯磷腈是一种用途广泛的.md,实质答案,199,27,3,2,0,3,0,0.0,True,False
质心UChO,题-UChO-02-01-11某种配合物可由配体与醋酸.md,实质答案,798,906,2,6,0,3,6,0.56,True,False
质心UChO,题-UChO-02-01-11碳单质与氧气在一定条件下.md,实质答案,636,926,0,2,0,6,8,0.59,True,False
质心UChO,题-UChO-02-01-低周期副族元素原子或离子的磁.md,实质答案,488,673,1,3,0,2,3,0.67,True,False
质心UChO,题-UChO-02-01-在一定配位环境下的金属离子可.md,实质答案,501,505,1,10,0,4,4,0.95,True,False
质心UChO,题-UChO-02-01-的活化和还原一直是化学家面临.md,实质答案,264,41,0,3,0,3,2,0.0,True,False
质心UChO,题-UChO-02-02-21三价铂的一种碱式硫酸盐具.md,实质答案,447,587,0,3,0,3,4,0.71,True,False
质心UChO,题-UChO-02-02-21下图是三种常见气体的分子.md,实质答案,792,25,1,4,0,4,1,0.0,True,False
质心UChO,题-UChO-02-02-21现将和放入一体积为的真空.md,占位标注,238,41,0,0,0,3,0,0.0,True,False
质心UChO,题-UChO-02-02-21给出XY的元素符号和中性.md,实质答案,388,67,0,0,0,2,2,0.67,True,False
质心UChO,题-UChO-02-02-含有脒基的化合物如下所示在无.md,实质答案,280,383,1,7,0,3,3,0.63,True,False
质心UChO,题-UChO-02-02-提到重氮你第一时间想到的是什.md,实质答案,657,661,5,11,0,4,4,0.94,True,False
质心UChO,题-UChO-02-02-热力学与动力学在体内如配体受.md,实质答案,541,589,2,2,0,8,7,0.81,True,False
质心UChO,题-UChO-02-03-31InAuO晶体中沿c方向.md,实质答案,263,44,0,5,0,2,3,0.0,True,False
质心UChO,题-UChO-02-03-31半导体高分子纳米材料可用.md,占位标注,131,55,1,0,0,2,0,0.0,True,False
质心UChO,题-UChO-02-03-31现已知为深红色当其浓度大.md,实质答案,142,143,0,0,0,2,4,0.93,True,False
质心UChO,题-UChO-02-03-31苯和萘在液态时能形成理想.md,实质答案,538,931,0,0,0,2,4,0.52,True,False
质心UChO,题-UChO-02-03-A立方晶系所有的空间环境相同.md,实质答案,315,438,0,2,0,5,5,0.53,True,False
质心UChO,题-UChO-02-03-在时测得气相基元反应的速率常.md,实质答案,365,450,0,0,0,3,3,0.71,True,False
质心UChO,题-UChO-02-03-某种Ta的氧化物的晶胞结构如.md,实质答案,274,273,1,1,0,2,2,0.92,True,False
质心UChO,题-UChO-02-04-41今年有科学家报道了一种利.md,实质答案,513,644,9,11,0,4,4,0.72,True,False
质心UChO,题-UChO-02-04-在晶体学中我们唱可以通过晶体.md,实质答案,400,104,0,3,0,5,7,0.32,True,False
质心UChO,题-UChO-02-04-某种矿石最开始在俄罗斯被发现.md,实质答案,571,789,0,0,0,7,8,0.62,True,False
质心UChO,题-UChO-02-04-氧气分子有时在细胞内以超氧根.md,占位标注,271,41,0,0,0,3,0,0.0,True,False
质心UChO,题-UChO-02-04-由LuMnO三种元素组成的晶.md,实质答案,397,469,1,1,0,4,4,0.78,True,False
质心UChO,题-UChO-02-04-电池在室温附近电动势与温度满.md,实质答案,78,71,0,1,0,3,4,1.0,True,False
质心UChO,题-UChO-02-04-自由基聚合是一种很重要的高分.md,实质答案,507,683,0,0,0,2,2,0.67,True,False
质心UChO,题-UChO-02-05-51用EDTA标准溶液分别滴.md,占位标注,264,41,0,0,0,2,0,0.0,True,False
质心UChO,题-UChO-02-05-51碘作催化剂时氯苯与氯气在.md,实质答案,172,322,0,0,0,1,2,0.46,True,False
质心UChO,题-UChO-02-05-和以19反应可生成三种产物A.md,占位标注,153,41,0,0,0,3,0,0.0,True,False
质心UChO,题-UChO-02-05-对于一些结构复杂的晶体我们可.md,实质答案,150,178,4,3,0,0,0,0.68,True,False
质心UChO,题-UChO-02-05-对于含Be的某三元化合物G进.md,实质答案,232,274,0,1,0,2,2,0.77,True,False
质心UChO,题-UChO-02-05-已知在298K下的电势图pH.md,实质答案,300,471,0,1,0,6,8,0.51,True,False
质心UChO,题-UChO-02-05-恒定温度下表面覆盖度与气压的.md,实质答案,588,770,3,5,0,6,6,0.69,True,False
质心UChO,题-UChO-02-06-61制冷剂在冰箱和空调里都是.md,实质答案,700,817,2,3,0,3,3,0.62,True,False
质心UChO,题-UChO-02-06-下图为一种实验室制备水合茚三.md,实质答案,74,24,0,5,0,0,0,0.0,True,False
质心UChO,题-UChO-02-06-众所周知ZCHEM考试是有传.md,实质答案,246,333,9,30,0,4,4,0.49,True,False
质心UChO,题-UChO-02-06-分子镊子MolecularT.md,实质答案,579,934,1,2,0,3,5,0.57,True,False
质心UChO,题-UChO-02-06-含氮多环结构是一类重要的生物.md,实质答案,184,27,2,2,0,5,0,0.0,True,False
质心UChO,题-UChO-02-06-如下是一个P催化的反应61写.md,实质答案,90,70,2,4,0,2,1,0.85,True,False
质心UChO,题-UChO-02-06-如下是一个含有手性碳的五元环.md,实质答案,86,13,1,7,0,4,1,0.0,True,False
质心UChO,题-UChO-02-07-2021年美国芝加哥大学的M.md,实质答案,286,27,13,2,0,2,0,0.0,True,False
质心UChO,题-UChO-02-07-天然产物Clionastat.md,占位标注,75,35,1,0,0,4,0,0.0,True,False
质心UChO,题-UChO-02-07-是一种经典的Lewis酸与其.md,实质答案,283,285,5,6,0,2,0,0.88,True,False
质心UChO,题-UChO-02-07-有机小分子催化是有机合成方法.md,实质答案,155,32,4,4,0,2,1,0.8,True,False
质心UChO,题-UChO-02-07-烯丙位是有机化合物中相对活泼.md,实质答案,430,568,3,7,0,3,3,0.7,True,False
质心UChO,题-UChO-02-07-环加成反应一般发生在体系之间.md,实质答案,162,193,2,6,0,3,3,0.65,True,False
质心UChO,题-UChO-02-08-Clickchemistry.md,实质答案,262,335,2,3,0,5,6,0.65,True,False
质心UChO,题-UChO-02-08-亚砜是有机化学中重要的官能团.md,实质答案,466,651,2,17,0,10,10,0.58,True,False
质心UChO,题-UChO-02-08-杂萜类化合物是一类重要的天然.md,实质答案,337,27,2,2,0,2,0,0.0,True,False
质心UChO,题-UChO-02-08-氮杂环卡宾NHC是重要的有机.md,实质答案,143,79,5,3,0,3,0,1.0,True,False
质心UChO,题-UChO-02-08-羰基位的卤化反应是有机化学中.md,实质答案,456,204,8,7,0,6,3,0.03,True,False
质心UChO,题-UChO-02-09-在有机化学中碳碳sigma键.md,实质答案,482,482,3,15,0,3,3,0.83,True,False
质心UChO,题-UChO-10-07-六氟异丙醇H.md,实质答案,788,920,6,12,0,5,7,0.79,True,False
质心UChO,题-UChO-15-UChO-01-独居石CeLaNdThPO和.md,占位标注,1303,35,0,0,0,11,0,0.0,True,False
质心UChO,题-UChO-15-UChO-02-尼奥斯湖位于非洲喀麦隆西北部.md,占位标注,395,35,0,0,0,3,0,0.0,True,False
质心UChO,题-UChO-15-UChO-03-熊大站在一棵树旁聚精会神地向.md,占位标注,756,39,0,0,0,4,0,0.0,True,False
质心UChO,题-UChO-15-UChO-04-具有特殊光学性质的晶体一直是.md,占位标注,787,35,4,0,0,6,0,0.0,True,False
质心UChO,题-UChO-15-UChO-05-本题中的气体都视作理想气体5.md,占位标注,545,35,0,0,0,3,0,0.0,True,False
质心UChO,题-UChO-15-UChO-06-DNA是一种由核苷酸组成的长.md,占位标注,655,35,1,0,0,8,0,0.0,True,False
质心UChO,题-UChO-15-UChO-07-虽然不一定合理但答题时本题所.md,占位标注,760,35,1,0,0,6,0,0.0,True,False
质心UChO,题-UChO-15-UChO-08-Friedlnder环化是合.md,占位标注,238,55,3,0,0,3,0,0.0,True,False
质心UChO,题-UChO-15-UChO-09-重排反应是有机化学中最为神奇.md,占位标注,661,35,5,0,0,26,0,0.0,True,False
质心UChO,题-UChO-15-UChO-10-立体化学是有机化学学习的重点.md,占位标注,130,35,2,0,0,2,0,0.0,True,False
质心UChO,题-UChO-16-UChO-01-1960年第一例含SNF的化.md,实质答案,690,785,0,8,0,4,4,0.83,True,False
质心UChO,题-UChO-16-UChO-02-钽试剂N苯甲酰N苯基羟胺BH.md,实质答案,659,823,0,2,0,5,6,0.74,True,False
质心UChO,题-UChO-16-UChO-03-31现拟采用催化氧化的方法制.md,实质答案,427,745,0,1,0,2,2,0.48,True,False
质心UChO,题-UChO-16-UChO-04-现有一均相酸催化反应在酸性溶.md,实质答案,294,746,0,0,0,4,5,0.34,True,False
质心UChO,题-UChO-16-UChO-05-在弱碱性的缓冲体系中向钼VI.md,实质答案,292,484,0,1,0,3,3,0.56,True,False
质心UChO,题-UChO-16-UChO-06-较高温度下用液态的钾和石墨接.md,实质答案,361,418,2,2,0,6,6,0.71,True,False
质心UChO,题-UChO-16-UChO-07-硅和碳是同一族的元素在性质上.md,实质答案,281,478,3,10,0,3,3,0.46,True,False
质心UChO,题-UChO-16-UChO-08-Pallambins是一类从.md,实质答案,157,149,1,8,0,3,2,0.75,True,False
质心UChO,题-UChO-17-UChO-01-已知石膏的脱水反应mathr.md,实质答案,950,359,0,0,0,9,2,0.31,True,False
质心UChO,题-UChO-17-UChO-03-甲醛法是一种常用的测定有机物.md,实质答案,313,471,0,0,0,4,4,0.55,True,False
质心UChO,题-UChO-17-UChO-04-411960年Wacker开.md,实质答案,356,509,0,0,0,2,2,0.57,True,False
质心UChO,题-UChO-17-UChO-05-自石墨烯的发现以来二维层型材.md,实质答案,427,470,3,4,0,3,3,0.78,True,False
质心UChO,题-UChO-17-UChO-06-化合物A为某无色晶体易溶于水.md,实质答案,206,645,0,4,0,3,5,0.29,True,False
质心UChO,题-UChO-17-UChO-07-Nazarov环化反应可以广.md,实质答案,207,383,2,3,0,2,3,0.07,True,False
质心UChO,题-UChO-17-UChO-08-天然产物Vinigrol具有.md,实质答案,137,27,1,2,0,1,0,0.0,True,False
质心UChO,题-UChO-17-UChO-09-亚砜类化合物是有机合成中非常.md,实质答案,302,407,4,4,0,5,5,0.7,True,False
