broken_name,occurrences,sample_sources
无机化学 习题集,195,04-题库/元文件/教材习题/无机化学例题与习题/Ch01-化学基础知识/习题/习题1.1-11在一次渗流实验中一定物质.md; 04-题库/元文件/教材习题/无机化学例题与习题/Ch01-化学基础知识/习题/习题1.10-110在100g水中含45g.md; 04-题库/元文件/教材习题/无机化学例题与习题/Ch01-化学基础知识/习题/习题1.11-111在相同温度下和尿素水溶.md
source,67,09-审计报告/2026-09-13-讲义区路径链断链处理清单.md; 09-审计报告/auto-validation/2026-08-02-validation.md; 09-审计报告/auto-validation/2026-08-03-validation.md
wikilink,64,00-首页/工作日志/2026-05-05.md; 00-首页/工作日志/2026-06-22.md; 00-首页/工作日志/2026-06-23.md
^,62,09-审计报告/auto-validation/2026-08-02-validation.md; 09-审计报告/auto-validation/2026-08-03-validation.md; 09-审计报告/auto-validation/2026-08-09-validation.md
KP-铁,60,07-资料提炼/教学逻辑提炼/质心 元素化学和结构化学 下/教学逻辑提炼-质心-铁系元素-第一轮.md; 09-审计报告/auto-validation/2026-09-03-validation.md; 09-审计报告/auto-validation/2026-09-16-validation.md
知识点名,58,00-首页/工作日志/2026-05-24.md; 00-首页/工作日志/2026-08-16.md; 09-审计报告/auto-validation/2026-08-02-validation.md
KP-晶体结构基础,55,07-资料提炼/教学逻辑提炼/质心 元素化学和结构化学 下/教学逻辑提炼-质心-晶体结构-第一轮.md; 09-审计报告/auto-validation/2026-08-02-validation.md; 09-审计报告/auto-validation/2026-08-03-validation.md
KP-离子晶体,55,07-资料提炼/教学逻辑提炼/质心 元素化学和结构化学 下/教学逻辑提炼-质心-晶体结构-第一轮.md; 09-审计报告/auto-validation/2026-08-02-validation.md; 09-审计报告/auto-validation/2026-08-03-validation.md
KP-A,55,09-审计报告/auto-validation/2026-08-02-validation.md; 09-审计报告/auto-validation/2026-08-03-validation.md; 09-审计报告/auto-validation/2026-08-09-validation.md
KP-B,55,09-审计报告/auto-validation/2026-08-02-validation.md; 09-审计报告/auto-validation/2026-08-03-validation.md; 09-审计报告/auto-validation/2026-08-09-validation.md
链接,52,04-题库/新题入库SOP.md; 09-审计报告/2026-09-13-会话全面总结与体检.md; 09-审计报告/auto-validation/2026-08-02-validation.md
"1,3-偶极环加成",45,"04-题库/教材习题/Clayden/题-494-Clayden-Ch34-P6-1,3-偶极环加成立体化学控制.md; 04-题库/教材习题/Clayden/题-495-Clayden-Ch34-P7-硝酮环加成区域立体选择性.md; 04-题库/教材习题/Clayden/题-508-Clayden-Ch35-P8-三元环开环+1,3-偶极环加成组合.md"
...,44,00-首页/Agent标准作业流程.md; 00-首页/使用说明.md; 00-首页/工作日志/2026-05-08.md
05-错题与反思,44,04-题库/一分册专项卷I.md; 04-题库/一分册专项卷II.md; 04-题库/一分册专项卷III.md
KP-惰性电子对效应,44,07-资料提炼/教学逻辑提炼/质心 元素化学和结构化学 下/教学逻辑提炼-质心-p区金属串讲-第一轮.md; 07-资料提炼/教学逻辑提炼/质心 元素化学和结构化学 下/教学逻辑提炼-质心-氮族元素与铜副族-第一轮.md; 09-审计报告/auto-validation/2026-08-02-validation.md
KP-密堆积,44,07-资料提炼/教学逻辑提炼/质心 元素化学和结构化学 下/教学逻辑提炼-质心-晶体结构-第一轮.md; 09-审计报告/auto-validation/2026-08-02-validation.md; 09-审计报告/auto-validation/2026-08-03-validation.md
KP-碱金属,44,07-资料提炼/教学逻辑提炼/质心 元素化学和结构化学 下/教学逻辑提炼-质心-碱金属和碱土金属-第一轮.md; 09-审计报告/auto-validation/2026-08-02-validation.md; 09-审计报告/auto-validation/2026-08-03-validation.md
KP-锂的特殊性,44,07-资料提炼/教学逻辑提炼/质心 元素化学和结构化学 下/教学逻辑提炼-质心-碱金属和碱土金属-第一轮.md; 09-审计报告/auto-validation/2026-08-02-validation.md; 09-审计报告/auto-validation/2026-08-03-validation.md
KP-铍,44,07-资料提炼/教学逻辑提炼/质心 元素化学和结构化学 下/教学逻辑提炼-质心-碱金属和碱土金属-第一轮.md; 09-审计报告/auto-validation/2026-08-02-validation.md; 09-审计报告/auto-validation/2026-08-03-validation.md
KP-配体对电势的影响,44,07-资料提炼/教学逻辑提炼/质心 元素化学和结构化学 下/教学逻辑提炼-质心-铁系元素-第一轮.md; 09-审计报告/auto-validation/2026-08-02-validation.md; 09-审计报告/auto-validation/2026-08-03-validation.md
target,44,09-审计报告/auto-validation/2026-08-02-validation.md; 09-审计报告/auto-validation/2026-08-03-validation.md; 09-审计报告/auto-validation/2026-08-09-validation.md
题型-,44,09-审计报告/auto-validation/2026-08-02-validation.md; 09-审计报告/auto-validation/2026-08-03-validation.md; 09-审计报告/auto-validation/2026-08-09-validation.md
专题-xxx,42,09-审计报告/auto-validation/2026-08-02-validation.md; 09-审计报告/auto-validation/2026-08-03-validation.md; 09-审计报告/auto-validation/2026-08-09-validation.md
KP-镓,40,07-资料提炼/教学逻辑提炼/质心 元素化学和结构化学 下/教学逻辑提炼-质心-p区金属串讲-第一轮.md; 09-审计报告/auto-validation/2026-08-02-validation.md; 09-审计报告/auto-validation/2026-09-03-validation.md
KP-钴,40,07-资料提炼/教学逻辑提炼/质心 元素化学和结构化学 下/教学逻辑提炼-质心-铁系元素-第一轮.md; 09-审计报告/auto-validation/2026-09-03-validation.md; 09-审计报告/auto-validation/2026-09-16-validation.md
专题-综合复习,36,00-首页/工作日志/2026-05-30.md; 09-审计报告/auto-validation/2026-08-02-validation.md; 09-审计报告/auto-validation/2026-08-03-validation.md
专题-期中复习,36,00-首页/工作日志/2026-05-30.md; 09-审计报告/auto-validation/2026-08-02-validation.md; 09-审计报告/auto-validation/2026-08-03-validation.md
KP-铝,36,07-资料提炼/教学逻辑提炼/质心 元素化学和结构化学 下/教学逻辑提炼-质心-p区金属串讲-第一轮.md; 09-审计报告/auto-validation/2026-09-03-validation.md; 09-审计报告/auto-validation/2026-09-16-validation.md
KP-锡,36,07-资料提炼/教学逻辑提炼/质心 元素化学和结构化学 下/教学逻辑提炼-质心-p区金属串讲-第一轮.md; 09-审计报告/auto-validation/2026-09-03-validation.md; 09-审计报告/auto-validation/2026-09-16-validation.md
KP-锗,33,07-资料提炼/教学逻辑提炼/质心 元素化学和结构化学 下/教学逻辑提炼-质心-p区金属串讲-第一轮.md; 09-审计报告/auto-validation/2026-08-02-validation.md; 09-审计报告/auto-validation/2026-08-03-validation.md
KP-碱土金属,33,07-资料提炼/教学逻辑提炼/质心 元素化学和结构化学 下/教学逻辑提炼-质心-碱金属和碱土金属-第一轮.md; 09-审计报告/auto-validation/2026-08-02-validation.md; 09-审计报告/auto-validation/2026-08-03-validation.md
KP-铍的特殊性,33,07-资料提炼/教学逻辑提炼/质心 元素化学和结构化学 下/教学逻辑提炼-质心-碱金属和碱土金属-第一轮.md; 09-审计报告/auto-validation/2026-08-02-validation.md; 09-审计报告/auto-validation/2026-08-03-validation.md
KP-二价铬四重键,33,07-资料提炼/教学逻辑提炼/质心 元素化学和结构化学 下/教学逻辑提炼-质心-铬-第一轮.md; 09-审计报告/auto-validation/2026-08-02-validation.md; 09-审计报告/auto-validation/2026-08-03-validation.md
KP-C,33,09-审计报告/auto-validation/2026-08-02-validation.md; 09-审计报告/auto-validation/2026-08-03-validation.md; 09-审计报告/auto-validation/2026-08-09-validation.md
目标讲义路径,33,09-审计报告/auto-validation/2026-08-02-validation.md; 09-审计报告/auto-validation/2026-08-03-validation.md; 09-审计报告/auto-validation/2026-08-09-validation.md
专题-XX,28,00-首页/Agent标准作业流程.md; 00-首页/工作日志/2026-06-07.md; 07-资料提炼/书籍提炼/提炼计划-无机化学下册.md
X,28,00-首页/工作日志/2026-05-14.md; 00-首页/工作日志/2026-09-19.md; 00-首页/新会话启动提示词-2026-09-19-题库线.md
"1,3-二羰基化合物",28,"04-题库/教材习题/Clayden/题-333-Clayden-Ch20-P6-1,3-二羰基化合物烯醇分析.md; 07-资料提炼/书籍提炼/提炼-Clayden-PhaseD-习题拆题清单.md; 07-资料提炼/书籍提炼/提炼-Clayden-第20章-烯醇和烯醇盐.md"
KP-镍,28,07-资料提炼/教学逻辑提炼/质心 元素化学和结构化学 下/教学逻辑提炼-质心-铁系元素-第一轮.md; 09-审计报告/auto-validation/2026-09-03-validation.md; 09-审计报告/auto-validation/2026-09-16-validation.md
定量化学分析,28,09-审计报告/auto-validation/2026-08-02-validation.md; 09-审计报告/auto-validation/2026-08-03-validation.md; 09-审计报告/auto-validation/2026-08-09-validation.md
有机结构基础与电子效应,28,09-审计报告/auto-validation/2026-08-02-validation.md; 09-审计报告/auto-validation/2026-08-03-validation.md; 09-审计报告/auto-validation/2026-08-09-validation.md
误差处理与分光光度法,28,09-审计报告/auto-validation/2026-08-02-validation.md; 09-审计报告/auto-validation/2026-08-03-validation.md; 09-审计报告/auto-validation/2026-08-09-validation.md
media/...,27,00-首页/会话交接/2026-07-26-习题库优化交接.md; 00-首页/工作日志/2026-06-24.md; 00-首页/工作日志/2026-06-28.md
mineru/...,26,00-首页/工作日志/2026-05-10.md; 00-首页/工作日志/2026-05-18.md; 00-首页/归档/session-log-2026-07-15.md
综合分析,26,00-首页/工作日志/2026-08-27.md; 09-审计报告/2026-08-28-题库健康审计.md; 09-审计报告/auto-validation/2026-08-28-validation.md
KP链接,26,09-审计报告/2026-09-13-会话全面总结与体检.md; 09-审计报告/auto-validation/2026-08-02-validation.md; 09-审计报告/auto-validation/2026-08-03-validation.md
xxx,25,00-首页/Word友好 Markdown 符号速查表.md; 00-首页/工作日志/2026-05-14.md; 00-首页/工作日志/2026-05-17.md
…,25,00-首页/新会话启动提示词-2026-09-18.md; 00-首页/新会话启动提示词-2026-09-19-题库线.md; 00-首页/新会话启动提示词-2026-09-19.md
决赛要求/结构与配位深化,25,00-首页/工作日志/2026-08-16.md; 00-首页/活跃任务/断链内容建设backlog.md; 09-审计报告/auto-validation/2026-08-02-validation.md
学而思有机化学基础-批次A~E,25,00-首页/工作日志/2026-08-16.md; 00-首页/活跃任务/断链内容建设backlog.md; 09-审计报告/auto-validation/2026-08-02-validation.md
文件名,24,00-首页/工作日志/2026-05-10.md; 00-首页/工作日志/2026-05-12.md; 00-首页/工作日志/2026-05-18.md
00-首页/工作日志/YYYY-MM-DD,22,09-审计报告/auto-validation/2026-08-02-validation.md; 09-审计报告/auto-validation/2026-08-03-validation.md; 09-审计报告/auto-validation/2026-08-09-validation.md
CFSE计算流程,21,09-审计报告/auto-validation/2026-08-02-validation.md; 09-审计报告/auto-validation/2026-08-03-validation.md; 09-审计报告/auto-validation/2026-08-09-validation.md
有机金属化学,21,09-审计报告/auto-validation/2026-08-02-validation.md; 09-审计报告/auto-validation/2026-08-03-validation.md; 09-审计报告/auto-validation/2026-08-09-validation.md
决赛03-晶体结构补充,21,09-审计报告/auto-validation/2026-08-02-validation.md; 09-审计报告/auto-validation/2026-08-03-validation.md; 09-审计报告/auto-validation/2026-08-09-validation.md
35-有机酸碱,21,09-审计报告/auto-validation/2026-08-02-validation.md; 09-审计报告/auto-validation/2026-08-03-validation.md; 09-审计报告/auto-validation/2026-08-09-validation.md
39-重排与互变异构前置,21,09-审计报告/auto-validation/2026-08-02-validation.md; 09-审计报告/auto-validation/2026-08-03-validation.md; 09-审计报告/auto-validation/2026-08-09-validation.md
48-含氧有机物,21,09-审计报告/auto-validation/2026-08-02-validation.md; 09-审计报告/auto-validation/2026-08-03-validation.md; 09-审计报告/auto-validation/2026-08-09-validation.md
题-026-11-羟汞化反应产物,19,04-题库/元文件/模块习题集-有机化学.md; 09-审计报告/auto-validation/2026-09-16-validation.md; 09-审计报告/auto-validation/2026-09-17-validation.md
还原剂,17,00-首页/工作日志/2026-09-13.md; 00-首页/活跃任务/计划-2026-09-13-KP非文字任务清零.md; 03-知识点/无机和结构化学/单质制备方法.md
烯酮,17,00-首页/工作日志/2026-09-13.md; 00-首页/活跃任务/计划-2026-09-13-KP非文字任务清零.md; 03-知识点/有机化学/De Mayo反应.md
08-可视化资源/02-CIF文件库/02-离子晶体/NaCl-Fm-3m.cif,17,03-知识点/无机和结构化学/分数坐标.md; 03-知识点/无机和结构化学/晶体与非晶体.md; 03-知识点/无机和结构化学/晶体基本概念.md
02-原子结构与元素周期律,17,09-审计报告/auto-validation/2026-08-09-validation.md; 09-审计报告/auto-validation/2026-08-10-validation.md; 09-审计报告/auto-validation/2026-08-13-validation.md
04-课件/学生讲义/2026-06-23-有机化学基础,17,09-审计报告/auto-validation/2026-08-09-validation.md
KP名,16,00-首页/工作日志/2026-05-14.md; 00-首页/讲义生产SOP与双向映射规范.md; 09-审计报告/2026-09-13-会话全面总结与体检.md
决赛要求/物理化学深化,16,07-资料提炼/教学逻辑提炼/无机化学-周坤-2020/教学逻辑提炼-周坤无机新课-原子结构与分子结构-第一轮.md; 07-资料提炼/教学逻辑提炼/无机化学-周坤-2020/教学逻辑提炼-周坤无机新课-晶体配合物与气体-第一轮.md; 09-审计报告/auto-validation/2026-08-02-validation.md
07-资料提炼/提炼-无机化学第12章-碱金属和碱土金属,15,00-首页/首页.md; 03-知识点/化学原理/化学方程式.md; 03-知识点/化学原理/方程式书写.md
KP,15,00-首页/会话交接/2026-07-26-习题库优化交接.md; 00-首页/活跃任务/计划-2026-09-17-第二分册能力测试拆题入库.md; 11-模板/模板-专题.md
07-资料提炼/教学逻辑提炼/质心 化学原理 下/网课上课思路提炼-质心-化学平衡-L4化学平衡-第一轮试点,15,00-首页/工作日志/2026-05-30.md; 09-审计报告/auto-validation/2026-08-02-validation.md; 09-审计报告/auto-validation/2026-08-03-validation.md
真题-XXXX,14,00-首页/工作日志/2026-08-23.md; 00-首页/工作日志/2026-08-24.md; 高考化学/01-考纲/必修一/必修一-物质及其变化.md
位置异构体,14,04-题库/元文件/模块习题集-有机化学.md; 04-题库/真题/第25届初赛/有机化学/题-025-9-有机推断结构式.md; 09-审计报告/auto-validation/2026-08-31-validation.md
多硫离子,14,04-题库/元文件/模块习题集-结构化学.md; 07-资料提炼/提炼-第31届初赛试题解析.md; 09-审计报告/auto-validation/2026-08-31-validation.md
逆电子需求,14,04-题库/教材习题/Clayden/题-496-Clayden-Ch34-P8-两个非常规DA型反应.md; 07-资料提炼/书籍提炼/提炼-Clayden-PhaseD-习题拆题清单.md; 09-审计报告/auto-validation/2026-08-02-validation.md
KP-分子晶体,14,07-资料提炼/教学逻辑提炼/质心 元素化学和结构化学 下/教学逻辑提炼-质心-晶体结构-第一轮.md; 09-审计报告/auto-validation/2026-08-02-validation.md; 09-审计报告/auto-validation/2026-08-03-validation.md
KP-对角线规则,14,07-资料提炼/教学逻辑提炼/质心 元素化学和结构化学 下/教学逻辑提炼-质心-碱金属和碱土金属-第一轮.md; 09-审计报告/auto-validation/2026-08-02-validation.md; 09-审计报告/auto-validation/2026-08-03-validation.md
KP-钠,14,07-资料提炼/教学逻辑提炼/质心 元素化学和结构化学 下/教学逻辑提炼-质心-碱金属和碱土金属-第一轮.md; 09-审计报告/auto-validation/2026-08-02-validation.md; 09-审计报告/auto-validation/2026-08-03-validation.md
KP-钾,14,07-资料提炼/教学逻辑提炼/质心 元素化学和结构化学 下/教学逻辑提炼-质心-碱金属和碱土金属-第一轮.md; 09-审计报告/auto-validation/2026-08-02-validation.md; 09-审计报告/auto-validation/2026-08-03-validation.md
题型-立体化学分析,14,09-审计报告/auto-validation/2026-08-02-validation.md; 09-审计报告/auto-validation/2026-08-03-validation.md; 09-审计报告/auto-validation/2026-08-09-validation.md
决赛03-结构化学,14,09-审计报告/auto-validation/2026-08-02-validation.md; 09-审计报告/auto-validation/2026-08-03-validation.md; 09-审计报告/auto-validation/2026-08-09-validation.md
化竞合成题,14,09-审计报告/auto-validation/2026-08-02-validation.md; 09-审计报告/auto-validation/2026-08-03-validation.md; 09-审计报告/auto-validation/2026-08-09-validation.md
决赛10-金属有机,14,09-审计报告/auto-validation/2026-08-02-validation.md; 09-审计报告/auto-validation/2026-08-03-validation.md; 09-审计报告/auto-validation/2026-08-09-validation.md
气体分子运动论,14,09-审计报告/auto-validation/2026-08-02-validation.md; 09-审计报告/auto-validation/2026-08-03-validation.md; 09-审计报告/auto-validation/2026-08-09-validation.md
6-热力学初步,14,09-审计报告/auto-validation/2026-08-02-validation.md; 09-审计报告/auto-validation/2026-08-03-validation.md; 09-审计报告/auto-validation/2026-08-09-validation.md
7-化学平衡,14,09-审计报告/auto-validation/2026-08-02-validation.md; 09-审计报告/auto-validation/2026-08-03-validation.md; 09-审计报告/auto-validation/2026-08-09-validation.md
31-自由基,14,09-审计报告/auto-validation/2026-08-02-validation.md; 09-审计报告/auto-validation/2026-08-03-validation.md; 09-审计报告/auto-validation/2026-08-09-validation.md
34-活性中间体稳定性,14,09-审计报告/auto-validation/2026-08-02-validation.md; 09-审计报告/auto-validation/2026-08-03-validation.md; 09-审计报告/auto-validation/2026-08-09-validation.md
45-碳负离子与亲核加成,14,09-审计报告/auto-validation/2026-08-02-validation.md; 09-审计报告/auto-validation/2026-08-03-validation.md; 09-审计报告/auto-validation/2026-08-09-validation.md
43-烯烃和炔烃及含氧官能团转化,14,09-审计报告/auto-validation/2026-08-02-validation.md; 09-审计报告/auto-validation/2026-08-03-validation.md; 09-审计报告/auto-validation/2026-08-09-validation.md
50-有机合成基础,14,09-审计报告/auto-validation/2026-08-02-validation.md; 09-审计报告/auto-validation/2026-08-03-validation.md; 09-审计报告/auto-validation/2026-08-09-validation.md
path,13,00-首页/会话交接/2026-07-26-习题库优化交接.md; 09-审计报告/auto-validation/2026-08-02-validation.md; 09-审计报告/auto-validation/2026-08-03-validation.md
.svg,13,00-首页/工作日志/2026-08-13.md; 00-首页/工作日志/2026-08-16.md; 09-审计报告/auto-validation/2026-08-09-validation.md
04-课件/备课大纲/xxxx,13,09-审计报告/auto-validation/2026-08-02-validation.md; 09-审计报告/auto-validation/2026-08-03-validation.md; 09-审计报告/auto-validation/2026-08-09-validation.md
相关KP,13,09-审计报告/auto-validation/2026-08-02-validation.md; 09-审计报告/auto-validation/2026-08-03-validation.md; 09-审计报告/auto-validation/2026-08-09-validation.md
质心直播课-L2热力学中_笔记,12,00-首页/工作日志/2026-05-30.md; 00-首页/工作日志/2026-08-16.md; 00-首页/活跃任务/断链内容建设backlog.md
稳定性,12,00-首页/活跃任务/计划-2026-09-16-备课线下一阶段.md; 09-审计报告/auto-validation/2026-08-02-validation.md; 09-审计报告/auto-validation/2026-08-03-validation.md
过氧化氢,12,04-课件/学生讲义/5-无机化学/氧族与氮族元素-超级充实版（自学完整）.md; 04-题库/教材习题/无机化学例题与习题/Ch10-氧化还原反应/例题/例10.9-元素电势图与水的离子积.md; 04-题库/真题/第33届初赛/化学原理/题-033-2-二元氧化物含氧量.md
kb-image-finder,12,09-审计报告/auto-validation/2026-08-02-validation.md; 09-审计报告/auto-validation/2026-08-03-validation.md; 09-审计报告/auto-validation/2026-08-09-validation.md
EDTA,12,09-审计报告/auto-validation/2026-08-02-validation.md; 09-审计报告/auto-validation/2026-08-03-validation.md; 09-审计报告/auto-validation/2026-08-09-validation.md
待建KP,12,09-审计报告/auto-validation/2026-08-02-validation.md; 09-审计报告/auto-validation/2026-08-03-validation.md; 09-审计报告/auto-validation/2026-08-09-validation.md
对应KP,12,09-审计报告/auto-validation/2026-08-02-validation.md; 09-审计报告/auto-validation/2026-08-03-validation.md; 09-审计报告/auto-validation/2026-08-09-validation.md
Agent-3/4/5,12,09-审计报告/auto-validation/2026-08-02-validation.md; 09-审计报告/auto-validation/2026-08-03-validation.md; 09-审计报告/auto-validation/2026-08-09-validation.md
教学逻辑提炼-XX,12,11-模板/Agent提示词-知识库使用.md; 11-模板/模板-备课大纲.md; 11-模板/模板-教学洞察.md
题-XXX,12,11-模板/模板-专题.md; 11-模板/模板-专题练习卷.md; 11-模板/模板-决赛理论题.md
熔沸点比较,11,00-首页/工作日志/2026-08-16.md; 00-首页/活跃任务/断链内容建设backlog.md; 09-审计报告/auto-validation/2026-08-02-validation.md
08-可视化资源/02-CIF文件库/02-离子晶体/CsCl-Pm-3m.cif,11,03-知识点/无机和结构化学/分数坐标.md; 03-知识点/无机和结构化学/晶体结构.md; 03-知识点/无机和结构化学/简单立方堆积.md
双金属化学深化,11,04-题库/真题/第34届决赛/理论/题-34决理-2-2-3-CO2插入Fe-Zr双金属键.md; 09-审计报告/auto-validation/2026-08-02-validation.md; 09-审计报告/auto-validation/2026-08-03-validation.md
KP-镁,11,07-资料提炼/教学逻辑提炼/质心 元素化学和结构化学 下/教学逻辑提炼-质心-碱金属和碱土金属-第一轮.md; 09-审计报告/auto-validation/2026-08-02-validation.md; 09-审计报告/auto-validation/2026-08-03-validation.md
KP-钙,11,07-资料提炼/教学逻辑提炼/质心 元素化学和结构化学 下/教学逻辑提炼-质心-碱金属和碱土金属-第一轮.md; 09-审计报告/auto-validation/2026-08-02-validation.md; 09-审计报告/auto-validation/2026-08-03-validation.md
化学史,11,09-审计报告/auto-validation/2026-08-02-validation.md; 09-审计报告/auto-validation/2026-08-03-validation.md; 09-审计报告/auto-validation/2026-08-09-validation.md
07-资料提炼/普通化学原理/第5章-酸碱平衡,11,09-审计报告/auto-validation/2026-08-02-validation.md; 09-审计报告/auto-validation/2026-08-03-validation.md; 09-审计报告/auto-validation/2026-08-09-validation.md
1A.网课上课思路提炼,11,09-审计报告/auto-validation/2026-08-02-validation.md; 09-审计报告/auto-validation/2026-08-03-validation.md; 09-审计报告/auto-validation/2026-08-09-validation.md
deprecated,11,09-审计报告/auto-validation/2026-08-02-validation.md; 09-审计报告/auto-validation/2026-08-03-validation.md; 09-审计报告/auto-validation/2026-08-09-validation.md
页面名,11,09-审计报告/auto-validation/2026-08-02-validation.md; 09-审计报告/auto-validation/2026-08-03-validation.md; 09-审计报告/auto-validation/2026-08-09-validation.md
04-课件/备课大纲/xxx,11,09-审计报告/auto-validation/2026-08-02-validation.md; 09-审计报告/auto-validation/2026-08-03-validation.md; 09-审计报告/auto-validation/2026-08-09-validation.md
知识点A,11,09-审计报告/auto-validation/2026-08-02-validation.md; 09-审计报告/auto-validation/2026-08-03-validation.md; 09-审计报告/auto-validation/2026-08-09-validation.md
知识点B,11,09-审计报告/auto-validation/2026-08-02-validation.md; 09-审计报告/auto-validation/2026-08-03-validation.md; 09-审计报告/auto-validation/2026-08-09-validation.md
知识点文件名,11,09-审计报告/auto-validation/2026-08-02-validation.md; 09-审计报告/auto-validation/2026-08-03-validation.md; 09-审计报告/auto-validation/2026-08-09-validation.md
讲义链接,11,09-审计报告/auto-validation/2026-08-02-validation.md; 09-审计报告/auto-validation/2026-08-03-validation.md; 09-审计报告/auto-validation/2026-08-09-validation.md
模板-错题本,11,09-审计报告/auto-validation/2026-08-02-validation.md; 09-审计报告/auto-validation/2026-08-03-validation.md; 09-审计报告/auto-validation/2026-08-09-validation.md
不存在的KP,11,09-审计报告/auto-validation/2026-08-02-validation.md; 09-审计报告/auto-validation/2026-08-03-validation.md; 09-审计报告/auto-validation/2026-08-09-validation.md
教师讲义/教材章节,11,09-审计报告/auto-validation/2026-08-02-validation.md; 09-审计报告/auto-validation/2026-08-03-validation.md; 09-审计报告/auto-validation/2026-08-09-validation.md
提炼-YY,11,09-审计报告/auto-validation/2026-08-02-validation.md; 09-审计报告/auto-validation/2026-08-03-validation.md; 09-审计报告/auto-validation/2026-08-09-validation.md
KMnO4法,11,09-审计报告/auto-validation/2026-08-02-validation.md; 09-审计报告/auto-validation/2026-08-03-validation.md; 09-审计报告/auto-validation/2026-08-09-validation.md
前置模块,11,09-审计报告/auto-validation/2026-08-02-validation.md; 09-审计报告/auto-validation/2026-08-03-validation.md; 09-审计报告/auto-validation/2026-08-09-validation.md
核心主题,11,09-审计报告/auto-validation/2026-08-02-validation.md; 09-审计报告/auto-validation/2026-08-03-validation.md; 09-审计报告/auto-validation/2026-08-09-validation.md
后续模块,11,09-审计报告/auto-validation/2026-08-02-validation.md; 09-审计报告/auto-validation/2026-08-03-validation.md; 09-审计报告/auto-validation/2026-08-09-validation.md
易混点1,11,09-审计报告/auto-validation/2026-08-02-validation.md; 09-审计报告/auto-validation/2026-08-03-validation.md; 09-审计报告/auto-validation/2026-08-09-validation.md
易混点2,11,09-审计报告/auto-validation/2026-08-02-validation.md; 09-审计报告/auto-validation/2026-08-03-validation.md; 09-审计报告/auto-validation/2026-08-09-validation.md
KP-Z,11,09-审计报告/auto-validation/2026-08-02-validation.md; 09-审计报告/auto-validation/2026-08-03-validation.md; 09-审计报告/auto-validation/2026-08-09-validation.md
新 KP,11,09-审计报告/auto-validation/2026-08-02-validation.md; 09-审计报告/auto-validation/2026-08-03-validation.md; 09-审计报告/auto-validation/2026-08-09-validation.md
课件1,11,09-审计报告/auto-validation/2026-08-02-validation.md; 09-审计报告/auto-validation/2026-08-03-validation.md; 09-审计报告/auto-validation/2026-08-09-validation.md
课件2,11,09-审计报告/auto-validation/2026-08-02-validation.md; 09-审计报告/auto-validation/2026-08-03-validation.md; 09-审计报告/auto-validation/2026-08-09-validation.md
前置知识A,11,09-审计报告/auto-validation/2026-08-02-validation.md; 09-审计报告/auto-validation/2026-08-03-validation.md; 09-审计报告/auto-validation/2026-08-09-validation.md
前置知识B,11,09-审计报告/auto-validation/2026-08-02-validation.md; 09-审计报告/auto-validation/2026-08-03-validation.md; 09-审计报告/auto-validation/2026-08-09-validation.md
专题页,11,09-审计报告/auto-validation/2026-08-02-validation.md; 09-审计报告/auto-validation/2026-08-03-validation.md; 09-审计报告/auto-validation/2026-08-09-validation.md
09-审计报告/2026-05-07-健康检查,11,09-审计报告/auto-validation/2026-08-02-validation.md; 09-审计报告/auto-validation/2026-08-03-validation.md; 09-审计报告/auto-validation/2026-08-09-validation.md
source 全名,11,09-审计报告/auto-validation/2026-08-02-validation.md; 09-审计报告/auto-validation/2026-08-03-validation.md; 09-审计报告/auto-validation/2026-08-09-validation.md
alias1,11,09-审计报告/auto-validation/2026-08-02-validation.md; 09-审计报告/auto-validation/2026-08-03-validation.md; 09-审计报告/auto-validation/2026-08-09-validation.md
alias2,11,09-审计报告/auto-validation/2026-08-02-validation.md; 09-审计报告/auto-validation/2026-08-03-validation.md; 09-审计报告/auto-validation/2026-08-09-validation.md
前置方法1,11,09-审计报告/auto-validation/2026-08-02-validation.md; 09-审计报告/auto-validation/2026-08-03-validation.md; 09-审计报告/auto-validation/2026-08-09-validation.md
前置方法2,11,09-审计报告/auto-validation/2026-08-02-validation.md; 09-审计报告/auto-validation/2026-08-03-validation.md; 09-审计报告/auto-validation/2026-08-09-validation.md
后续方法或专题,11,09-审计报告/auto-validation/2026-08-02-validation.md; 09-审计报告/auto-validation/2026-08-03-validation.md; 09-审计报告/auto-validation/2026-08-09-validation.md
题-典例题,11,09-审计报告/auto-validation/2026-08-02-validation.md; 09-审计报告/auto-validation/2026-08-03-validation.md; 09-审计报告/auto-validation/2026-08-09-validation.md
题-演练题,11,09-审计报告/auto-validation/2026-08-02-validation.md; 09-审计报告/auto-validation/2026-08-03-validation.md; 09-审计报告/auto-validation/2026-08-09-validation.md
方法微专题-其他方法,11,09-审计报告/auto-validation/2026-08-02-validation.md; 09-审计报告/auto-validation/2026-08-03-validation.md; 09-审计报告/auto-validation/2026-08-09-validation.md
相关主课件,11,09-审计报告/auto-validation/2026-08-02-validation.md; 09-审计报告/auto-validation/2026-08-03-validation.md; 09-审计报告/auto-validation/2026-08-09-validation.md
极限假设法,11,09-审计报告/auto-validation/2026-08-02-validation.md; 09-审计报告/auto-validation/2026-08-03-validation.md; 09-审计报告/auto-validation/2026-08-09-validation.md
来源笔记,11,09-审计报告/auto-validation/2026-08-02-validation.md; 09-审计报告/auto-validation/2026-08-03-validation.md; 09-审计报告/auto-validation/2026-08-09-validation.md
相关笔记1,11,09-审计报告/auto-validation/2026-08-02-validation.md; 09-审计报告/auto-validation/2026-08-03-validation.md; 09-审计报告/auto-validation/2026-08-09-validation.md
相关笔记2,11,09-审计报告/auto-validation/2026-08-02-validation.md; 09-审计报告/auto-validation/2026-08-03-validation.md; 09-审计报告/auto-validation/2026-08-09-validation.md
工作日志/证据1,11,09-审计报告/auto-validation/2026-08-02-validation.md; 09-审计报告/auto-validation/2026-08-03-validation.md; 09-审计报告/auto-validation/2026-08-09-validation.md
工作日志/证据2,11,09-审计报告/auto-validation/2026-08-02-validation.md; 09-审计报告/auto-validation/2026-08-03-validation.md; 09-审计报告/auto-validation/2026-08-09-validation.md
Agent-7/8/9,11,09-审计报告/auto-validation/2026-08-02-validation.md; 09-审计报告/auto-validation/2026-08-03-validation.md; 09-审计报告/auto-validation/2026-08-09-validation.md
提炼页,11,09-审计报告/auto-validation/2026-08-02-validation.md; 09-审计报告/auto-validation/2026-08-03-validation.md; 09-审计报告/auto-validation/2026-08-09-validation.md
原始PDF,11,09-审计报告/auto-validation/2026-08-02-validation.md; 09-审计报告/auto-validation/2026-08-03-validation.md; 09-审计报告/auto-validation/2026-08-09-validation.md
题-xxx-...,11,09-审计报告/auto-validation/2026-08-02-validation.md; 09-审计报告/auto-validation/2026-08-03-validation.md; 09-审计报告/auto-validation/2026-08-09-validation.md
题型-晶胞投影图分析,11,09-审计报告/auto-validation/2026-08-02-validation.md; 09-审计报告/auto-validation/2026-08-03-validation.md; 09-审计报告/auto-validation/2026-08-09-validation.md
图注笔记路径,11,09-审计报告/auto-validation/2026-08-02-validation.md; 09-审计报告/auto-validation/2026-08-03-validation.md; 09-审计报告/auto-validation/2026-08-09-validation.md
教学逻辑提炼-Zchem-主族II,11,09-审计报告/auto-validation/2026-08-02-validation.md; 09-审计报告/auto-validation/2026-08-03-validation.md; 09-审计报告/auto-validation/2026-08-09-validation.md
前置 KP,11,09-审计报告/auto-validation/2026-08-02-validation.md; 09-审计报告/auto-validation/2026-08-03-validation.md; 09-审计报告/auto-validation/2026-08-09-validation.md
07-资料提炼/教学逻辑提炼/质心 化学原理 下/教学逻辑提炼-质心-热力学初步-L1热力学上-第一轮试点,11,09-审计报告/auto-validation/2026-08-02-validation.md; 09-审计报告/auto-validation/2026-08-03-validation.md; 09-审计报告/auto-validation/2026-08-09-validation.md
教学洞察-...,11,09-审计报告/auto-validation/2026-08-02-validation.md; 09-审计报告/auto-validation/2026-08-03-validation.md; 09-审计报告/auto-validation/2026-08-09-validation.md
专题-...,11,09-审计报告/auto-validation/2026-08-02-validation.md; 09-审计报告/auto-validation/2026-08-03-validation.md; 09-审计报告/auto-validation/2026-08-09-validation.md
07-资料提炼/教材/...,11,09-审计报告/auto-validation/2026-08-02-validation.md; 09-审计报告/auto-validation/2026-08-03-validation.md; 09-审计报告/auto-validation/2026-08-09-validation.md
机理 KP,11,09-审计报告/auto-validation/2026-08-02-validation.md; 09-审计报告/auto-validation/2026-08-03-validation.md; 09-审计报告/auto-validation/2026-08-09-validation.md
下节主题,11,09-审计报告/auto-validation/2026-08-02-validation.md; 09-审计报告/auto-validation/2026-08-03-validation.md; 09-审计报告/auto-validation/2026-08-09-validation.md
相关 APiIC 章节,11,09-审计报告/auto-validation/2026-08-02-validation.md; 09-审计报告/auto-validation/2026-08-03-validation.md; 09-审计报告/auto-validation/2026-08-09-validation.md
KP-___,11,09-审计报告/auto-validation/2026-08-02-validation.md; 09-审计报告/auto-validation/2026-08-03-validation.md; 09-审计报告/auto-validation/2026-08-09-validation.md
方法策略卡-___,11,09-审计报告/auto-validation/2026-08-02-validation.md; 09-审计报告/auto-validation/2026-08-03-validation.md; 09-审计报告/auto-validation/2026-08-09-validation.md
专题-,11,09-审计报告/auto-validation/2026-08-02-validation.md; 09-审计报告/auto-validation/2026-08-03-validation.md; 09-审计报告/auto-validation/2026-08-09-validation.md
$rawLink,11,09-审计报告/auto-validation/2026-08-02-validation.md; 09-审计报告/auto-validation/2026-08-03-validation.md; 09-审计报告/auto-validation/2026-08-09-validation.md
KP-1,11,11-模板/Agent提示词-知识库使用.md; 11-模板/模板-专题.md; 11-模板/模板-专题练习卷.md
酚的亲核性,10,00-首页/工作日志/2026-05-22.md; 00-首页/归档/任务卡-竞赛拓展批量填充-P1-5.md; 09-审计报告/auto-validation/2026-08-02-validation.md
表面化学,10,04-专题与题型/专题/专题-化学动力学进阶.md; 07-资料提炼/书籍提炼/提炼-Atkins物理化学-主题17-19-动力学与表面过程.md; 07-资料提炼/教学逻辑提炼/Zchem 物理化学 下/教学逻辑提炼-Zchem-相平衡与胶体-第三轮.md
上海中学竞赛课程-化学-第1分册,10,04-课件/学生讲义/2-结构化学/元素周期表与周期律-超级充实版（自学完整）.md; 04-课件/学生讲义/2-结构化学/原子结构-超级充实版（自学完整）.md; 04-课件/学生讲义/_归档/2026-06-23-元素周期表与周期律.md
07-资料提炼/习题提炼/习题-化学能力测试-Ch1-化学反应方程式,10,04-题库/教材习题/化学能力测试/题-276-化学能力测试-Ch1A-1-辉钼矿多层焙烧.md; 04-题库/教材习题/化学能力测试/题-277-化学能力测试-Ch1A-2-四氮化四硫S4N4.md; 04-题库/教材习题/化学能力测试/题-278-化学能力测试-Ch1A-3-元素X铋的推断.md
教学逻辑提炼-XXX,9,00-首页/Agent提示词-教学洞察自动生成.md; 11-模板/模板-知识点.md
环张力与开环聚合,9,00-首页/工作日志/2026-05-22.md; 09-审计报告/auto-validation/2026-08-02-validation.md; 09-审计报告/auto-validation/2026-08-03-validation.md
有机化合物,9,07-资料提炼/书籍提炼/提炼-上海中学竞赛课程-第四分册-二烯烃与炔烃.md; 07-资料提炼/书籍提炼/提炼-上海中学竞赛课程-第四分册-卤代烃与有机金属化合物.md; 07-资料提炼/书籍提炼/提炼-上海中学竞赛课程-第四分册-有机化合物的命名.md
图,9,09-审计报告/2026-09-18-第一轮套卷版式结构缺陷清单.md; 09-审计报告/2026-09-18-题库源题版式缺陷清单.md; 09-审计报告/高中化学基础-链接与图片体检-2026-09-01.md
晶体结构基础-超级充实版（课堂填空）,9,09-审计报告/auto-validation/2026-08-02-validation.md; 09-审计报告/auto-validation/2026-08-03-validation.md; 09-审计报告/auto-validation/2026-08-04-validation.md
04-课件/学生讲义/习题集/气体基础-第一轮练习题,9,09-审计报告/auto-validation/2026-08-02-validation.md; 09-审计报告/auto-validation/2026-08-03-validation.md; 09-审计报告/auto-validation/2026-08-04-validation.md
歧化,9,09-审计报告/auto-validation/2026-08-02-validation.md; 09-审计报告/auto-validation/2026-08-03-validation.md; 09-审计报告/auto-validation/2026-08-09-validation.md
Cr(VI)氧化,8,00-首页/经验沉淀.md; 09-审计报告/auto-validation/2026-08-02-validation.md; 09-审计报告/auto-validation/2026-08-03-validation.md
04-题库,8,00-首页/工作日志/2026-08-10.md; 00-首页/归档/状态摘要-历史状态块-2026-08-05至09-10.md; 00-首页/首页.md
自由基环化,8,00-首页/工作日志/2026-05-10.md; 09-审计报告/auto-validation/2026-08-02-validation.md; 09-审计报告/auto-validation/2026-08-03-validation.md
聚硫酯结构,8,00-首页/工作日志/2026-05-22.md; 04-题库/真题/第34届初赛/有机化学/题-034-4-开环聚合热力学驱动力比较.md; 09-审计报告/auto-validation/2026-08-31-validation.md
铬试剂,8,00-首页/工作日志/2026-05-22.md; 09-审计报告/auto-validation/2026-08-02-validation.md; 09-审计报告/auto-validation/2026-08-03-validation.md
不饱和度,8,04-专题与题型/题型/题型-结构推断.md; 04-题库/教材习题/赵鑫光/题-赵鑫光-分子-习56.md; 04-题库/教材习题/赵鑫光/题-赵鑫光-分子-例5.md
吸附等温线,8,04-课件/学生讲义/3-物理化学/胶体与表面物理化学-超级充实版（自学完整）.md; 09-审计报告/auto-validation/2026-08-02-validation.md; 09-审计报告/auto-validation/2026-08-03-validation.md
阳离子聚合,8,04-题库/元文件/模块习题集-有机化学.md; 09-审计报告/auto-validation/2026-08-31-validation.md; 09-审计报告/auto-validation/2026-09-01-validation.md
分子内氢键,8,04-题库/教材习题/一分册能力测试/索引.md; 09-审计报告/auto-validation/2026-09-03-validation.md; 09-审计报告/auto-validation/2026-09-16-validation.md
多氮化合物,8,04-题库/教材习题/一分册能力测试/索引.md; 09-审计报告/auto-validation/2026-09-03-validation.md; 09-审计报告/auto-validation/2026-09-16-validation.md
04-题库/教材习题/上海中学竞赛课程/题-048-上海中学-晶体学基础-习题1,8,04-题库/教材习题/一分册能力测试/索引.md; 07-资料提炼/习题提炼/习题-一分册测试-Ch9-金属键和金属晶体.md; 09-审计报告/auto-validation/2026-09-03-validation.md
蒸气压测定深化,8,04-题库/真题/第34届决赛/理论/题-34决理-2-6-1-三级膨胀法蒸气压.md; 09-审计报告/auto-validation/2026-08-02-validation.md; 09-审计报告/auto-validation/2026-08-03-validation.md
统计热力学,8,07-资料提炼/书籍提炼/提炼-Atkins物理化学-主题13-14-统计热力学与分子相互作用.md; 09-审计报告/auto-validation/2026-08-02-validation.md; 09-审计报告/auto-validation/2026-08-03-validation.md
镧系元素,8,07-资料提炼/书籍提炼/提炼-无机化学第6版-第23章-f区元素化学.md; 09-审计报告/auto-validation/2026-08-02-validation.md; 09-审计报告/auto-validation/2026-08-03-validation.md
锕系元素,8,07-资料提炼/书籍提炼/提炼-无机化学第6版-第23章-f区元素化学.md; 09-审计报告/auto-validation/2026-08-02-validation.md; 09-审计报告/auto-validation/2026-08-03-validation.md
共价键和共价分子,8,09-审计报告/auto-validation/2026-08-02-validation.md; 09-审计报告/auto-validation/2026-08-03-validation.md; 09-审计报告/auto-validation/2026-08-09-validation.md
专题-离子反应,8,09-审计报告/auto-validation/2026-08-02-validation.md; 09-审计报告/auto-validation/2026-08-03-validation.md; 09-审计报告/auto-validation/2026-08-09-validation.md
内层与外层电子转移,8,09-审计报告/auto-validation/2026-08-02-validation.md; 09-审计报告/auto-validation/2026-08-03-validation.md; 09-审计报告/auto-validation/2026-08-09-validation.md
KP-N,8,09-审计报告/auto-validation/2026-08-02-validation.md; 09-审计报告/auto-validation/2026-08-03-validation.md; 09-审计报告/auto-validation/2026-08-09-validation.md
待人工标定,8,09-审计报告/auto-validation/2026-08-28-validation.md; 09-审计报告/归档/高中化学题库-20260825/高中化学必修一-习题精选.md; 09-审计报告/归档/高中化学题库-20260825/高中化学课后习题/选择性必修1化学反应原理-课后习题.md
<KP>,8,11-模板/模板-健康检查报告.md
minerU 图片缺失清单,7,00-首页/工作日志/2026-08-13.md; 00-首页/活跃任务/任务卡-validate_kb每周运行.md; 09-审计报告/auto-validation/2026-08-02-validation.md
OCR 公式修复指南,7,00-首页/工作日志/2026-08-14.md; 00-首页/活跃任务/任务卡-validate_kb每周运行.md; 09-审计报告/auto-validation/2026-08-02-validation.md
术语统一规范,7,00-首页/工作日志/2026-08-14.md; 00-首页/活跃任务/任务卡-validate_kb每周运行.md; 09-审计报告/auto-validation/2026-08-02-validation.md
OCR 噪声识别与过滤,7,00-首页/工作日志/2026-08-14.md; 00-首页/活跃任务/任务卡-validate_kb每周运行.md; 09-审计报告/auto-validation/2026-08-02-validation.md
06-外部资料导入/...,7,00-首页/工作日志/2026-08-16.md; 00-首页/归档/session-log-2026-07-15.md; 00-首页/活跃任务/断链内容建设backlog.md
08-可视化资源/02-CIF文件库/04-金属晶体/Cu-Fm-3m.cif,7,03-知识点/无机和结构化学/晶体与非晶体.md; 03-知识点/无机和结构化学/晶体结构.md; 03-知识点/无机和结构化学/立方密堆积.md
氧化偶联,7,04-题库/元文件/模块习题集-元素与分析.md; 09-审计报告/auto-validation/2026-08-31-validation.md; 09-审计报告/auto-validation/2026-09-01-validation.md
空白实验,7,04-题库/元文件/模块习题集-元素与分析.md; 09-审计报告/auto-validation/2026-08-31-validation.md; 09-审计报告/auto-validation/2026-09-01-validation.md
β衰变,7,04-题库/元文件/模块习题集-元素与分析.md; 09-审计报告/auto-validation/2026-08-31-validation.md; 09-审计报告/auto-validation/2026-09-01-validation.md
三维骨架结构,7,04-题库/元文件/模块习题集-元素与分析.md; 09-审计报告/auto-validation/2026-08-31-validation.md; 09-审计报告/auto-validation/2026-09-01-validation.md
热分解,7,04-题库/元文件/模块习题集-元素与分析.md; 09-审计报告/auto-validation/2026-08-31-validation.md; 09-审计报告/auto-validation/2026-09-01-validation.md
拜耳法,7,04-题库/元文件/模块习题集-元素与分析.md; 09-审计报告/auto-validation/2026-08-31-validation.md; 09-审计报告/auto-validation/2026-09-01-validation.md
二硫键,7,04-题库/元文件/模块习题集-有机化学.md; 09-审计报告/auto-validation/2026-08-31-validation.md; 09-审计报告/auto-validation/2026-09-01-validation.md
酸溶,7,04-题库/元文件/模块习题集-有机化学.md; 09-审计报告/auto-validation/2026-08-31-validation.md; 09-审计报告/auto-validation/2026-09-01-validation.md
配位合成,7,04-题库/元文件/模块习题集-有机化学.md; 09-审计报告/auto-validation/2026-08-31-validation.md; 09-审计报告/auto-validation/2026-09-01-validation.md
硒鎓离子,7,04-题库/元文件/模块习题集-有机化学.md; 09-审计报告/auto-validation/2026-08-31-validation.md; 09-审计报告/auto-validation/2026-09-01-validation.md
水解机理,7,04-题库/元文件/模块习题集-有机化学.md; 09-审计报告/auto-validation/2026-08-31-validation.md; 09-审计报告/auto-validation/2026-09-01-validation.md
分子内捕获,7,04-题库/元文件/模块习题集-有机化学.md; 09-审计报告/auto-validation/2026-08-31-validation.md; 09-审计报告/auto-validation/2026-09-01-validation.md
给电子基效应,7,04-题库/元文件/模块习题集-有机化学.md; 09-审计报告/auto-validation/2026-08-31-validation.md; 09-审计报告/auto-validation/2026-09-01-validation.md
银离子催化,7,04-题库/元文件/模块习题集-有机化学.md; 09-审计报告/auto-validation/2026-08-31-validation.md; 09-审计报告/auto-validation/2026-09-01-validation.md
三元共聚物,7,04-题库/元文件/模块习题集-有机化学.md; 09-审计报告/auto-validation/2026-08-31-validation.md; 09-审计报告/auto-validation/2026-09-01-validation.md
克酮酸,7,04-题库/元文件/模块习题集-有机化学.md; 09-审计报告/auto-validation/2026-08-31-validation.md; 09-审计报告/auto-validation/2026-09-01-validation.md
烟酸,7,04-题库/元文件/模块习题集-有机化学.md; 09-审计报告/auto-validation/2026-08-31-validation.md; 09-审计报告/auto-validation/2026-09-01-validation.md
正四面体,7,04-题库/元文件/模块习题集-结构化学.md; 09-审计报告/auto-validation/2026-08-31-validation.md; 09-审计报告/auto-validation/2026-09-01-validation.md
单斜晶胞,7,04-题库/元文件/模块习题集-结构化学.md; 09-审计报告/auto-validation/2026-08-31-validation.md; 09-审计报告/auto-validation/2026-09-01-validation.md
结构基元,7,04-题库/元文件/模块习题集-结构化学.md; 09-审计报告/auto-validation/2026-08-31-validation.md; 09-审计报告/auto-validation/2026-09-01-validation.md
桥连硫配位,7,04-题库/元文件/模块习题集-结构化学.md; 09-审计报告/auto-validation/2026-08-31-validation.md; 09-审计报告/auto-validation/2026-09-01-validation.md
三角双锥,7,04-题库/教材习题/上海中学竞赛课程/题-016-上海中学-氮族元素-习题3.md; 09-审计报告/auto-validation/2026-08-31-validation.md; 09-审计报告/auto-validation/2026-09-01-validation.md
氧化还原配平,7,04-题库/教材习题/上海中学竞赛课程/题-042-上海中学-氧化还原反应-习题1.md; 09-审计报告/auto-validation/2026-08-31-validation.md; 09-审计报告/auto-validation/2026-09-01-validation.md
离子导电性,7,04-题库/教材习题/化学竞赛初赛讲义/题-032-初赛讲义-晶体结构-习题7.22.md; 09-审计报告/auto-validation/2026-08-31-validation.md; 09-审计报告/auto-validation/2026-09-01-validation.md
VB理论,7,04-题库/真题/第25届初赛/无机和结构化学/题-025-5-Wilkinson催化剂结构.md; 09-审计报告/auto-validation/2026-08-31-validation.md; 09-审计报告/auto-validation/2026-09-01-validation.md
多硼酸根,7,04-题库/真题/第26届初赛/无机和结构化学/题-026-7-五硼酸根结构.md; 09-审计报告/auto-validation/2026-08-31-validation.md; 09-审计报告/auto-validation/2026-09-01-validation.md
质子化,7,04-题库/真题/第34届决赛/理论/题-34决理-1-8-1-LiTMP反应与环加成.md; 09-审计报告/auto-validation/2026-08-31-validation.md; 09-审计报告/auto-validation/2026-09-01-validation.md
定量分析,7,04-题库/真题/第34届决赛/理论/题-34决理-2-4-4-赖氨酸含量计算.md; 09-审计报告/auto-validation/2026-08-31-validation.md; 09-审计报告/auto-validation/2026-09-01-validation.md
温度影响,7,04-题库/真题/第34届决赛/理论/题-34决理-2-5-2-vant Hoff方程应用.md; 09-审计报告/auto-validation/2026-08-31-validation.md; 09-审计报告/auto-validation/2026-09-01-validation.md
活性开环聚合,7,04-题库/真题/第34届初赛/有机化学/题-034-4-开环聚合热力学驱动力比较.md; 09-审计报告/auto-validation/2026-08-31-validation.md; 09-审计报告/auto-validation/2026-09-01-validation.md
媒体仓库,7,07-资料提炼/习题提炼/习题-一分册测试-Ch10-氢稀有气体卤族元素.md; 07-资料提炼/习题提炼/习题-一分册测试-Ch11-氧族元素.md; 07-资料提炼/习题提炼/习题-一分册测试-Ch8-共价键与分子结构.md
决速步,7,07-资料提炼/书籍提炼/提炼-Clayden-第12章-平衡速率和机理.md; 09-审计报告/auto-validation/2026-08-31-validation.md; 09-审计报告/auto-validation/2026-09-01-validation.md
实验安全,7,09-审计报告/auto-validation/2026-08-02-validation.md; 09-审计报告/auto-validation/2026-08-03-validation.md; 09-审计报告/auto-validation/2026-08-09-validation.md
溶液配制,7,09-审计报告/auto-validation/2026-08-02-validation.md; 09-审计报告/auto-validation/2026-08-03-validation.md; 09-审计报告/auto-validation/2026-08-09-validation.md
定量仪器读数,7,09-审计报告/auto-validation/2026-08-02-validation.md; 09-审计报告/auto-validation/2026-08-03-validation.md; 09-审计报告/auto-validation/2026-08-09-validation.md
有效数字与实验读数,7,09-审计报告/auto-validation/2026-08-02-validation.md; 09-审计报告/auto-validation/2026-08-03-validation.md; 09-审计报告/auto-validation/2026-08-09-validation.md
常见离子检出,7,09-审计报告/auto-validation/2026-08-02-validation.md; 09-审计报告/auto-validation/2026-08-03-validation.md; 09-审计报告/auto-validation/2026-08-09-validation.md
离子分离方法,7,09-审计报告/auto-validation/2026-08-02-validation.md; 09-审计报告/auto-validation/2026-08-03-validation.md; 09-审计报告/auto-validation/2026-08-09-validation.md
有机官能团定性鉴定,7,09-审计报告/auto-validation/2026-08-02-validation.md; 09-审计报告/auto-validation/2026-08-03-validation.md; 09-审计报告/auto-validation/2026-08-09-validation.md
制备实验流程,7,09-审计报告/auto-validation/2026-08-02-validation.md; 09-审计报告/auto-validation/2026-08-03-validation.md; 09-审计报告/auto-validation/2026-08-09-validation.md
中间过程检测,7,09-审计报告/auto-validation/2026-08-02-validation.md; 09-审计报告/auto-validation/2026-08-03-validation.md; 09-审计报告/auto-validation/2026-08-09-validation.md
固液分离,7,09-审计报告/auto-validation/2026-08-02-validation.md; 09-审计报告/auto-validation/2026-08-03-validation.md; 09-审计报告/auto-validation/2026-08-09-validation.md
洗涤试剂选择,7,09-审计报告/auto-validation/2026-08-02-validation.md; 09-审计报告/auto-validation/2026-08-03-validation.md; 09-审计报告/auto-validation/2026-08-09-validation.md
滴定基本操作,7,09-审计报告/auto-validation/2026-08-02-validation.md; 09-审计报告/auto-validation/2026-08-03-validation.md; 09-审计报告/auto-validation/2026-08-09-validation.md
比色分析操作,7,09-审计报告/auto-validation/2026-08-02-validation.md; 09-审计报告/auto-validation/2026-08-03-validation.md; 09-审计报告/auto-validation/2026-08-09-validation.md
分光光度法操作,7,09-审计报告/auto-validation/2026-08-02-validation.md; 09-审计报告/auto-validation/2026-08-03-validation.md; 09-审计报告/auto-validation/2026-08-09-validation.md
废弃物处理,7,09-审计报告/auto-validation/2026-08-02-validation.md; 09-审计报告/auto-validation/2026-08-03-validation.md; 09-审计报告/auto-validation/2026-08-09-validation.md
原始实验记录,7,09-审计报告/auto-validation/2026-08-02-validation.md; 09-审计报告/auto-validation/2026-08-03-validation.md; 09-审计报告/auto-validation/2026-08-09-validation.md
逐级稀释,7,09-审计报告/auto-validation/2026-08-02-validation.md; 09-审计报告/auto-validation/2026-08-03-validation.md; 09-审计报告/auto-validation/2026-08-09-validation.md
比浊法,7,09-审计报告/auto-validation/2026-08-02-validation.md; 09-审计报告/auto-validation/2026-08-03-validation.md; 09-审计报告/auto-validation/2026-08-09-validation.md
限量分析,7,09-审计报告/auto-validation/2026-08-02-validation.md; 09-审计报告/auto-validation/2026-08-03-validation.md; 09-审计报告/auto-validation/2026-08-09-validation.md
实验操作专题,7,09-审计报告/auto-validation/2026-08-02-validation.md; 09-审计报告/auto-validation/2026-08-03-validation.md; 09-审计报告/auto-validation/2026-08-09-validation.md
实验数据处理专题,7,09-审计报告/auto-validation/2026-08-02-validation.md; 09-审计报告/auto-validation/2026-08-03-validation.md; 09-审计报告/auto-validation/2026-08-09-validation.md
实验分离与纯化专题,7,09-审计报告/auto-validation/2026-08-02-validation.md; 09-审计报告/auto-validation/2026-08-03-validation.md; 09-审计报告/auto-validation/2026-08-09-validation.md
实验定量分析专题,7,09-审计报告/auto-validation/2026-08-02-validation.md; 09-审计报告/auto-validation/2026-08-03-validation.md; 09-审计报告/auto-validation/2026-08-09-validation.md
68-实验记录与废弃物处理,7,09-审计报告/auto-validation/2026-08-02-validation.md; 09-审计报告/auto-validation/2026-08-03-validation.md; 09-审计报告/auto-validation/2026-08-09-validation.md
分光光度法定量分析,7,09-审计报告/auto-validation/2026-08-02-validation.md; 09-审计报告/auto-validation/2026-08-03-validation.md; 09-审计报告/auto-validation/2026-08-09-validation.md
显色体系分析,7,09-审计报告/auto-validation/2026-08-02-validation.md; 09-审计报告/auto-validation/2026-08-03-validation.md; 09-审计报告/auto-validation/2026-08-09-validation.md
67-分光光度与比色分析操作,7,09-审计报告/auto-validation/2026-08-02-validation.md; 09-审计报告/auto-validation/2026-08-03-validation.md; 09-审计报告/auto-validation/2026-08-09-validation.md
胶体化学,7,09-审计报告/auto-validation/2026-08-02-validation.md; 09-审计报告/auto-validation/2026-08-03-validation.md; 09-审计报告/auto-validation/2026-08-09-validation.md
题-034-6-6-恒压vs恒容平衡移动程度,7,09-审计报告/auto-validation/2026-08-02-validation.md; 09-审计报告/auto-validation/2026-08-03-validation.md; 09-审计报告/auto-validation/2026-08-09-validation.md
题-034-34-高压储氢与液相储氢,7,09-审计报告/auto-validation/2026-08-02-validation.md; 09-审计报告/auto-validation/2026-08-03-validation.md; 09-审计报告/auto-validation/2026-08-09-validation.md
题-039-22-Bent规则与氟代甲烷键角,7,09-审计报告/auto-validation/2026-08-02-validation.md; 09-审计报告/auto-validation/2026-08-03-validation.md; 09-审计报告/auto-validation/2026-08-09-validation.md
题-039-23-α-氟代羰基构象分析,7,09-审计报告/auto-validation/2026-08-02-validation.md; 09-审计报告/auto-validation/2026-08-03-validation.md; 09-审计报告/auto-validation/2026-08-09-validation.md
题-039-24-邻位交叉效应与构象稳定性,7,09-审计报告/auto-validation/2026-08-02-validation.md; 09-审计报告/auto-validation/2026-08-03-validation.md; 09-审计报告/auto-validation/2026-08-09-validation.md
题-039-25-羰基红外伸缩振动波数,7,09-审计报告/auto-validation/2026-08-02-validation.md; 09-审计报告/auto-validation/2026-08-03-validation.md; 09-审计报告/auto-validation/2026-08-09-validation.md
决赛02-原子结构补充,7,09-审计报告/auto-validation/2026-08-02-validation.md; 09-审计报告/auto-validation/2026-08-03-validation.md; 09-审计报告/auto-validation/2026-08-09-validation.md
高中化学必修一物质的量,7,09-审计报告/auto-validation/2026-08-02-validation.md; 09-审计报告/auto-validation/2026-08-03-validation.md; 09-审计报告/auto-validation/2026-08-09-validation.md
一元一次方程组求解,7,09-审计报告/auto-validation/2026-08-02-validation.md; 09-审计报告/auto-validation/2026-08-03-validation.md; 09-审计报告/auto-validation/2026-08-09-validation.md
专题2-原子结构与元素周期律,7,09-审计报告/auto-validation/2026-08-02-validation.md; 09-审计报告/auto-validation/2026-08-03-validation.md; 09-审计报告/auto-validation/2026-08-09-validation.md
宋天佑《无机化学》§5.1~5.3,7,09-审计报告/auto-validation/2026-08-02-validation.md; 09-审计报告/auto-validation/2026-08-03-validation.md; 09-审计报告/auto-validation/2026-08-09-validation.md
宋天佑《无机化学》§5.4,7,09-审计报告/auto-validation/2026-08-02-validation.md; 09-审计报告/auto-validation/2026-08-03-validation.md; 09-审计报告/auto-validation/2026-08-09-validation.md
宋天佑《无机化学》§5.5,7,09-审计报告/auto-validation/2026-08-02-validation.md; 09-审计报告/auto-validation/2026-08-03-validation.md; 09-审计报告/auto-validation/2026-08-09-validation.md
宋天佑《无机化学》§6.1~6.3,7,09-审计报告/auto-validation/2026-08-02-validation.md; 09-审计报告/auto-validation/2026-08-03-validation.md; 09-审计报告/auto-validation/2026-08-09-validation.md
高中原子结构,7,09-审计报告/auto-validation/2026-08-02-validation.md; 09-审计报告/auto-validation/2026-08-03-validation.md; 09-审计报告/auto-validation/2026-08-09-validation.md
d区元素通性,7,09-审计报告/auto-validation/2026-08-02-validation.md; 09-审计报告/auto-validation/2026-08-03-validation.md; 09-审计报告/auto-validation/2026-08-09-validation.md
电离平衡,7,09-审计报告/auto-validation/2026-08-02-validation.md; 09-审计报告/auto-validation/2026-08-03-validation.md; 09-审计报告/auto-validation/2026-08-09-validation.md
配合物与配位滴定,7,09-审计报告/auto-validation/2026-08-02-validation.md; 09-审计报告/auto-validation/2026-08-03-validation.md; 09-审计报告/auto-validation/2026-08-09-validation.md
溶液浓度换算,7,09-审计报告/auto-validation/2026-08-02-validation.md; 09-审计报告/auto-validation/2026-08-03-validation.md; 09-审计报告/auto-validation/2026-08-09-validation.md
氧化还原滴定（提高班）,7,09-审计报告/auto-validation/2026-08-02-validation.md; 09-审计报告/auto-validation/2026-08-03-validation.md; 09-审计报告/auto-validation/2026-08-09-validation.md
04-课件/备课大纲/2026-06-07-人名反应系统归类-冲刺班,7,09-审计报告/auto-validation/2026-08-02-validation.md; 09-审计报告/auto-validation/2026-08-03-validation.md; 09-审计报告/auto-validation/2026-08-09-validation.md
有机结构基础,7,09-审计报告/auto-validation/2026-08-02-validation.md; 09-审计报告/auto-validation/2026-08-03-validation.md; 09-审计报告/auto-validation/2026-08-09-validation.md
题型-Fischer投影式转换,7,09-审计报告/auto-validation/2026-08-02-validation.md; 09-审计报告/auto-validation/2026-08-03-validation.md; 09-审计报告/auto-validation/2026-08-09-validation.md
自由基稳定性比较,7,09-审计报告/auto-validation/2026-08-02-validation.md; 09-审计报告/auto-validation/2026-08-03-validation.md; 09-审计报告/auto-validation/2026-08-09-validation.md
HSAB理论,7,09-审计报告/auto-validation/2026-08-02-validation.md; 09-审计报告/auto-validation/2026-08-03-validation.md; 09-审计报告/auto-validation/2026-08-09-validation.md
硫缩醛,7,09-审计报告/auto-validation/2026-08-02-validation.md; 09-审计报告/auto-validation/2026-08-03-validation.md; 09-审计报告/auto-validation/2026-08-09-validation.md
溶度积规则,7,09-审计报告/auto-validation/2026-08-02-validation.md; 09-审计报告/auto-validation/2026-08-03-validation.md; 09-审计报告/auto-validation/2026-08-09-validation.md
配合物推断方法,7,09-审计报告/auto-validation/2026-08-02-validation.md; 09-审计报告/auto-validation/2026-08-03-validation.md; 09-审计报告/auto-validation/2026-08-09-validation.md
磁性判据,7,09-审计报告/auto-validation/2026-08-02-validation.md; 09-审计报告/auto-validation/2026-08-03-validation.md; 09-审计报告/auto-validation/2026-08-09-validation.md
BDE与键解离能,7,09-审计报告/auto-validation/2026-08-02-validation.md; 09-审计报告/auto-validation/2026-08-03-validation.md; 09-审计报告/auto-validation/2026-08-09-validation.md
共振理论,7,09-审计报告/auto-validation/2026-08-02-validation.md; 09-审计报告/auto-validation/2026-08-03-validation.md; 09-审计报告/auto-validation/2026-08-09-validation.md
迁移能力顺序,7,09-审计报告/auto-validation/2026-08-02-validation.md; 09-审计报告/auto-validation/2026-08-03-validation.md; 09-审计报告/auto-validation/2026-08-09-validation.md
络合滴定与重量分析,7,09-审计报告/auto-validation/2026-08-02-validation.md; 09-审计报告/auto-validation/2026-08-03-validation.md; 09-审计报告/auto-validation/2026-08-09-validation.md
专题-过渡金属（一）钛钒锰,7,09-审计报告/auto-validation/2026-08-02-validation.md; 09-审计报告/auto-validation/2026-08-03-validation.md; 09-审计报告/auto-validation/2026-08-09-validation.md
原子结构与元素周期律,7,09-审计报告/auto-validation/2026-08-02-validation.md; 09-审计报告/auto-validation/2026-08-03-validation.md; 09-审计报告/auto-validation/2026-08-09-validation.md
极弱酸强化,7,09-审计报告/auto-validation/2026-08-02-validation.md; 09-审计报告/auto-validation/2026-08-03-validation.md; 09-审计报告/auto-validation/2026-08-09-validation.md
多元酸分步滴定,7,09-审计报告/auto-validation/2026-08-02-validation.md; 09-审计报告/auto-validation/2026-08-03-validation.md; 09-审计报告/auto-validation/2026-08-09-validation.md
酸碱指示剂选择,7,09-审计报告/auto-validation/2026-08-02-validation.md; 09-审计报告/auto-validation/2026-08-03-validation.md; 09-审计报告/auto-validation/2026-08-09-validation.md
计量点pH计算,7,09-审计报告/auto-validation/2026-08-02-validation.md; 09-审计报告/auto-validation/2026-08-03-validation.md; 09-审计报告/auto-validation/2026-08-09-validation.md
混合碱分析,7,09-审计报告/auto-validation/2026-08-02-validation.md; 09-审计报告/auto-validation/2026-08-03-validation.md; 09-审计报告/auto-validation/2026-08-09-validation.md
酸碱滴定计算,7,09-审计报告/auto-validation/2026-08-02-validation.md; 09-审计报告/auto-validation/2026-08-03-validation.md; 09-审计报告/auto-validation/2026-08-09-validation.md
硼酸滴定,7,09-审计报告/auto-validation/2026-08-02-validation.md; 09-审计报告/auto-validation/2026-08-03-validation.md; 09-审计报告/auto-validation/2026-08-09-validation.md
络合滴定强化,7,09-审计报告/auto-validation/2026-08-02-validation.md; 09-审计报告/auto-validation/2026-08-03-validation.md; 09-审计报告/auto-validation/2026-08-09-validation.md
弱酸强化滴定,7,09-审计报告/auto-validation/2026-08-02-validation.md; 09-审计报告/auto-validation/2026-08-03-validation.md; 09-审计报告/auto-validation/2026-08-09-validation.md
酸碱滴定误差,7,09-审计报告/auto-validation/2026-08-02-validation.md; 09-审计报告/auto-validation/2026-08-03-validation.md; 09-审计报告/auto-validation/2026-08-09-validation.md
掩蔽,7,09-审计报告/auto-validation/2026-08-02-validation.md; 09-审计报告/auto-validation/2026-08-03-validation.md; 09-审计报告/auto-validation/2026-08-09-validation.md
过氧化氢测定,7,09-审计报告/auto-validation/2026-08-02-validation.md; 09-审计报告/auto-validation/2026-08-03-validation.md; 09-审计报告/auto-validation/2026-08-09-validation.md
铜的测定,7,09-审计报告/auto-validation/2026-08-02-validation.md; 09-审计报告/auto-validation/2026-08-03-validation.md; 09-审计报告/auto-validation/2026-08-09-validation.md
Mohr法,7,09-审计报告/auto-validation/2026-08-02-validation.md; 09-审计报告/auto-validation/2026-08-03-validation.md; 09-审计报告/auto-validation/2026-08-09-validation.md
氯化物测定,7,09-审计报告/auto-validation/2026-08-02-validation.md; 09-审计报告/auto-validation/2026-08-03-validation.md; 09-审计报告/auto-validation/2026-08-09-validation.md
水的硬度,7,09-审计报告/auto-validation/2026-08-02-validation.md; 09-审计报告/auto-validation/2026-08-03-validation.md; 09-审计报告/auto-validation/2026-08-09-validation.md
络合滴定应用,7,09-审计报告/auto-validation/2026-08-02-validation.md; 09-审计报告/auto-validation/2026-08-03-validation.md; 09-审计报告/auto-validation/2026-08-09-validation.md
返滴定法,7,09-审计报告/auto-validation/2026-08-02-validation.md; 09-审计报告/auto-validation/2026-08-03-validation.md; 09-审计报告/auto-validation/2026-08-09-validation.md
铝的测定,7,09-审计报告/auto-validation/2026-08-02-validation.md; 09-审计报告/auto-validation/2026-08-03-validation.md; 09-审计报告/auto-validation/2026-08-09-validation.md
EDTA返滴定,7,09-审计报告/auto-validation/2026-08-02-validation.md; 09-审计报告/auto-validation/2026-08-03-validation.md; 09-审计报告/auto-validation/2026-08-09-validation.md
EDTA选择性滴定,7,09-审计报告/auto-validation/2026-08-02-validation.md; 09-审计报告/auto-validation/2026-08-03-validation.md; 09-审计报告/auto-validation/2026-08-09-validation.md
酸度控制,7,09-审计报告/auto-validation/2026-08-02-validation.md; 09-审计报告/auto-validation/2026-08-03-validation.md; 09-审计报告/auto-validation/2026-08-09-validation.md
络合滴定条件,7,09-审计报告/auto-validation/2026-08-02-validation.md; 09-审计报告/auto-validation/2026-08-03-validation.md; 09-审计报告/auto-validation/2026-08-09-validation.md
修约规则,7,09-审计报告/auto-validation/2026-08-02-validation.md; 09-审计报告/auto-validation/2026-08-03-validation.md; 09-审计报告/auto-validation/2026-08-09-validation.md
异常值判断,7,09-审计报告/auto-validation/2026-08-02-validation.md; 09-审计报告/auto-validation/2026-08-03-validation.md; 09-审计报告/auto-validation/2026-08-09-validation.md
题-改编-原子结构基础-第一轮练习题组,7,09-审计报告/auto-validation/2026-08-02-validation.md; 09-审计报告/auto-validation/2026-08-03-validation.md; 09-审计报告/auto-validation/2026-08-09-validation.md
题-改编-元素周期表与周期律-第一轮练习题组,7,09-审计报告/auto-validation/2026-08-02-validation.md; 09-审计报告/auto-validation/2026-08-03-validation.md; 09-审计报告/auto-validation/2026-08-09-validation.md
题-改编-分子结构基础-第一轮练习题组,7,09-审计报告/auto-validation/2026-08-02-validation.md; 09-审计报告/auto-validation/2026-08-03-validation.md; 09-审计报告/auto-validation/2026-08-09-validation.md
题-改编-配位化合物基础-第一轮练习题组,7,09-审计报告/auto-validation/2026-08-02-validation.md; 09-审计报告/auto-validation/2026-08-03-validation.md; 09-审计报告/auto-validation/2026-08-09-validation.md
题-改编-晶体学与晶体结构-第一轮练习题组,7,09-审计报告/auto-validation/2026-08-02-validation.md; 09-审计报告/auto-validation/2026-08-03-validation.md; 09-审计报告/auto-validation/2026-08-09-validation.md
全合成策略,7,09-审计报告/auto-validation/2026-08-02-validation.md; 09-审计报告/auto-validation/2026-08-03-validation.md; 09-审计报告/auto-validation/2026-08-09-validation.md
逆向分析,7,09-审计报告/auto-validation/2026-08-02-validation.md; 09-审计报告/auto-validation/2026-08-03-validation.md; 09-审计报告/auto-validation/2026-08-09-validation.md
螺环化合物,7,09-审计报告/auto-validation/2026-08-02-validation.md; 09-审计报告/auto-validation/2026-08-03-validation.md; 09-审计报告/auto-validation/2026-08-09-validation.md
烯烃异构化,7,09-审计报告/auto-validation/2026-08-02-validation.md; 09-审计报告/auto-validation/2026-08-03-validation.md; 09-审计报告/auto-validation/2026-08-09-validation.md
酰胺化反应,7,09-审计报告/auto-validation/2026-08-02-validation.md; 09-审计报告/auto-validation/2026-08-03-validation.md; 09-审计报告/auto-validation/2026-08-09-validation.md
"1,3-二轴向相互作用",7,09-审计报告/auto-validation/2026-08-02-validation.md; 09-审计报告/auto-validation/2026-08-03-validation.md; 09-审计报告/auto-validation/2026-08-09-validation.md
Stork烯胺合成,7,09-审计报告/auto-validation/2026-08-02-validation.md; 09-审计报告/auto-validation/2026-08-03-validation.md; 09-审计报告/auto-validation/2026-08-09-validation.md
二负离子,7,09-审计报告/auto-validation/2026-08-02-validation.md; 09-审计报告/auto-validation/2026-08-03-validation.md; 09-审计报告/auto-validation/2026-08-09-validation.md
正交保护,7,09-审计报告/auto-validation/2026-08-02-validation.md; 09-审计报告/auto-validation/2026-08-03-validation.md; 09-审计报告/auto-validation/2026-08-09-validation.md
双负离子,7,09-审计报告/auto-validation/2026-08-02-validation.md; 09-审计报告/auto-validation/2026-08-03-validation.md; 09-审计报告/auto-validation/2026-08-09-validation.md
苄基化学,7,09-审计报告/auto-validation/2026-08-02-validation.md; 09-审计报告/auto-validation/2026-08-03-validation.md; 09-审计报告/auto-validation/2026-08-09-validation.md
卤代反应,7,09-审计报告/auto-validation/2026-08-02-validation.md; 09-审计报告/auto-validation/2026-08-03-validation.md; 09-审计报告/auto-validation/2026-08-09-validation.md
Williamson醚合成,7,09-审计报告/auto-validation/2026-08-02-validation.md; 09-审计报告/auto-validation/2026-08-03-validation.md; 09-审计报告/auto-validation/2026-08-09-validation.md
对称性利用,7,09-审计报告/auto-validation/2026-08-02-validation.md; 09-审计报告/auto-validation/2026-08-03-validation.md; 09-审计报告/auto-validation/2026-08-09-validation.md
溶解金属还原,7,09-审计报告/auto-validation/2026-08-02-validation.md; 09-审计报告/auto-validation/2026-08-03-validation.md; 09-审计报告/auto-validation/2026-08-09-validation.md
克莱森缩合,7,09-审计报告/auto-validation/2026-08-02-validation.md; 09-审计报告/auto-validation/2026-08-03-validation.md; 09-审计报告/auto-validation/2026-08-09-validation.md
NBS溴化,7,09-审计报告/auto-validation/2026-08-02-validation.md; 09-审计报告/auto-validation/2026-08-03-validation.md; 09-审计报告/auto-validation/2026-08-09-validation.md
工业有机合成,7,09-审计报告/auto-validation/2026-08-02-validation.md; 09-审计报告/auto-validation/2026-08-03-validation.md; 09-审计报告/auto-validation/2026-08-09-validation.md
ESR波谱,7,09-审计报告/auto-validation/2026-08-02-validation.md; 09-审计报告/auto-validation/2026-08-03-validation.md; 09-审计报告/auto-validation/2026-08-09-validation.md
缩醛化学,7,09-审计报告/auto-validation/2026-08-02-validation.md; 09-审计报告/auto-validation/2026-08-03-validation.md; 09-审计报告/auto-validation/2026-08-09-validation.md
内酯化,7,09-审计报告/auto-validation/2026-08-02-validation.md; 09-审计报告/auto-validation/2026-08-03-validation.md; 09-审计报告/auto-validation/2026-08-09-validation.md
立体选择性还原,7,09-审计报告/auto-validation/2026-08-02-validation.md; 09-审计报告/auto-validation/2026-08-03-validation.md; 09-审计报告/auto-validation/2026-08-09-validation.md
内酯形成,7,09-审计报告/auto-validation/2026-08-02-validation.md; 09-审计报告/auto-validation/2026-08-03-validation.md; 09-审计报告/auto-validation/2026-08-09-validation.md
β-消除,7,09-审计报告/auto-validation/2026-08-02-validation.md; 09-审计报告/auto-validation/2026-08-03-validation.md; 09-审计报告/auto-validation/2026-08-09-validation.md
不对称Diels-Alder,7,09-审计报告/auto-validation/2026-08-02-validation.md; 09-审计报告/auto-validation/2026-08-03-validation.md; 09-审计报告/auto-validation/2026-08-09-validation.md
热力学控制vs动力学控制,7,09-审计报告/auto-validation/2026-08-02-validation.md; 09-审计报告/auto-validation/2026-08-03-validation.md; 09-审计报告/auto-validation/2026-08-09-validation.md
N-苄基保护,7,09-审计报告/auto-validation/2026-08-02-validation.md; 09-审计报告/auto-validation/2026-08-03-validation.md; 09-审计报告/auto-validation/2026-08-09-validation.md
氟代芳烃,7,09-审计报告/auto-validation/2026-08-02-validation.md; 09-审计报告/auto-validation/2026-08-03-validation.md; 09-审计报告/auto-validation/2026-08-09-validation.md
有机磷化学,7,09-审计报告/auto-validation/2026-08-02-validation.md; 09-审计报告/auto-validation/2026-08-03-validation.md; 09-审计报告/auto-validation/2026-08-09-validation.md
小环化合物,7,09-审计报告/auto-validation/2026-08-02-validation.md; 09-审计报告/auto-validation/2026-08-03-validation.md; 09-审计报告/auto-validation/2026-08-09-validation.md
碱性去质子化,7,09-审计报告/auto-validation/2026-08-02-validation.md; 09-审计报告/auto-validation/2026-08-03-validation.md; 09-审计报告/auto-validation/2026-08-09-validation.md
烯丙基碳正离子,7,09-审计报告/auto-validation/2026-08-02-validation.md; 09-审计报告/auto-validation/2026-08-03-validation.md; 09-审计报告/auto-validation/2026-08-09-validation.md
哌嗪,7,09-审计报告/auto-validation/2026-08-02-validation.md; 09-审计报告/auto-validation/2026-08-03-validation.md; 09-审计报告/auto-validation/2026-08-09-validation.md
NMR解析,7,09-审计报告/auto-validation/2026-08-02-validation.md; 09-审计报告/auto-validation/2026-08-03-validation.md; 09-审计报告/auto-validation/2026-08-09-validation.md
稠环体系,7,09-审计报告/auto-validation/2026-08-02-validation.md; 09-审计报告/auto-validation/2026-08-03-validation.md; 09-审计报告/auto-validation/2026-08-09-validation.md
选择性合成,7,09-审计报告/auto-validation/2026-08-02-validation.md; 09-审计报告/auto-validation/2026-08-03-validation.md; 09-审计报告/auto-validation/2026-08-09-validation.md
肟,7,09-审计报告/auto-validation/2026-08-02-validation.md; 09-审计报告/auto-validation/2026-08-03-validation.md; 09-审计报告/auto-validation/2026-08-09-validation.md
碘内酯化,7,09-审计报告/auto-validation/2026-08-02-validation.md; 09-审计报告/auto-validation/2026-08-03-validation.md; 09-审计报告/auto-validation/2026-08-09-validation.md
腙,7,09-审计报告/auto-validation/2026-08-02-validation.md; 09-审计报告/auto-validation/2026-08-03-validation.md; 09-审计报告/auto-validation/2026-08-09-validation.md
α-消除,7,09-审计报告/auto-validation/2026-08-02-validation.md; 09-审计报告/auto-validation/2026-08-03-validation.md; 09-审计报告/auto-validation/2026-08-09-validation.md
反式环烯烃,7,09-审计报告/auto-validation/2026-08-02-validation.md; 09-审计报告/auto-validation/2026-08-03-validation.md; 09-审计报告/auto-validation/2026-08-09-validation.md
Hofmann降解,7,09-审计报告/auto-validation/2026-08-02-validation.md; 09-审计报告/auto-validation/2026-08-03-validation.md; 09-审计报告/auto-validation/2026-08-09-validation.md
重氮酮,7,09-审计报告/auto-validation/2026-08-02-validation.md; 09-审计报告/auto-validation/2026-08-03-validation.md; 09-审计报告/auto-validation/2026-08-09-validation.md
溶剂同位素效应,7,09-审计报告/auto-validation/2026-08-02-validation.md; 09-审计报告/auto-validation/2026-08-03-validation.md; 09-审计报告/auto-validation/2026-08-09-validation.md
环丙酮,7,09-审计报告/auto-validation/2026-08-02-validation.md; 09-审计报告/auto-validation/2026-08-03-validation.md; 09-审计报告/auto-validation/2026-08-09-validation.md
环氧乙烷衍生物,7,09-审计报告/auto-validation/2026-08-02-validation.md; 09-审计报告/auto-validation/2026-08-03-validation.md; 09-审计报告/auto-validation/2026-08-09-validation.md
铬酸根指示剂,7,09-审计报告/auto-validation/2026-08-02-validation.md; 09-审计报告/auto-validation/2026-08-03-validation.md; 09-审计报告/auto-validation/2026-08-09-validation.md
卤化银沉淀,7,09-审计报告/auto-validation/2026-08-02-validation.md; 09-审计报告/auto-validation/2026-08-03-validation.md; 09-审计报告/auto-validation/2026-08-09-validation.md
化学计量推断,7,09-审计报告/auto-validation/2026-08-02-validation.md; 09-审计报告/auto-validation/2026-08-03-validation.md; 09-审计报告/auto-validation/2026-08-09-validation.md
溴的氧化物,7,09-审计报告/auto-validation/2026-08-02-validation.md; 09-审计报告/auto-validation/2026-08-03-validation.md; 09-审计报告/auto-validation/2026-08-09-validation.md
氙的化合物,7,09-审计报告/auto-validation/2026-08-02-validation.md; 09-审计报告/auto-validation/2026-08-03-validation.md; 09-审计报告/auto-validation/2026-08-09-validation.md
有机氙化学,7,09-审计报告/auto-validation/2026-08-02-validation.md; 09-审计报告/auto-validation/2026-08-03-validation.md; 09-审计报告/auto-validation/2026-08-09-validation.md
IF5构型,7,09-审计报告/auto-validation/2026-08-02-validation.md; 09-审计报告/auto-validation/2026-08-03-validation.md; 09-审计报告/auto-validation/2026-08-09-validation.md
键能计算,7,09-审计报告/auto-validation/2026-08-02-validation.md; 09-审计报告/auto-validation/2026-08-03-validation.md; 09-审计报告/auto-validation/2026-08-09-validation.md
氯水pH,7,09-审计报告/auto-validation/2026-08-02-validation.md; 09-审计报告/auto-validation/2026-08-03-validation.md; 09-审计报告/auto-validation/2026-08-09-validation.md
臭氧同素异形体,7,09-审计报告/auto-validation/2026-08-02-validation.md; 09-审计报告/auto-validation/2026-08-03-validation.md; 09-审计报告/auto-validation/2026-08-09-validation.md
氧化性比较,7,09-审计报告/auto-validation/2026-08-02-validation.md; 09-审计报告/auto-validation/2026-08-03-validation.md; 09-审计报告/auto-validation/2026-08-09-validation.md
VSEPR构型,7,09-审计报告/auto-validation/2026-08-02-validation.md; 09-审计报告/auto-validation/2026-08-03-validation.md; 09-审计报告/auto-validation/2026-08-09-validation.md
硫的卤氧化物,7,09-审计报告/auto-validation/2026-08-02-validation.md; 09-审计报告/auto-validation/2026-08-03-validation.md; 09-审计报告/auto-validation/2026-08-09-validation.md
臭氧性质,7,09-审计报告/auto-validation/2026-08-02-validation.md; 09-审计报告/auto-validation/2026-08-03-validation.md; 09-审计报告/auto-validation/2026-08-09-validation.md
电解制臭氧,7,09-审计报告/auto-validation/2026-08-02-validation.md; 09-审计报告/auto-validation/2026-08-03-validation.md; 09-审计报告/auto-validation/2026-08-09-validation.md
溶解氧测定,7,09-审计报告/auto-validation/2026-08-02-validation.md; 09-审计报告/auto-validation/2026-08-03-validation.md; 09-审计报告/auto-validation/2026-08-09-validation.md
硫代硫酸钠滴定,7,09-审计报告/auto-validation/2026-08-02-validation.md; 09-审计报告/auto-validation/2026-08-03-validation.md; 09-审计报告/auto-validation/2026-08-09-validation.md
硫的化学性质,7,09-审计报告/auto-validation/2026-08-02-validation.md; 09-审计报告/auto-validation/2026-08-03-validation.md; 09-审计报告/auto-validation/2026-08-09-validation.md
硫磺纯度测定,7,09-审计报告/auto-validation/2026-08-02-validation.md; 09-审计报告/auto-validation/2026-08-03-validation.md; 09-审计报告/auto-validation/2026-08-09-validation.md
H2S吸收,7,09-审计报告/auto-validation/2026-08-02-validation.md; 09-审计报告/auto-validation/2026-08-03-validation.md; 09-审计报告/auto-validation/2026-08-09-validation.md
肼,7,09-审计报告/auto-validation/2026-08-02-validation.md; 09-审计报告/auto-validation/2026-08-03-validation.md; 09-审计报告/auto-validation/2026-08-09-validation.md
原硝酸盐,7,09-审计报告/auto-validation/2026-08-02-validation.md; 09-审计报告/auto-validation/2026-08-03-validation.md; 09-审计报告/auto-validation/2026-08-09-validation.md
磷的卤化物,7,09-审计报告/auto-validation/2026-08-02-validation.md; 09-审计报告/auto-validation/2026-08-03-validation.md; 09-审计报告/auto-validation/2026-08-09-validation.md
多磷酸,7,09-审计报告/auto-validation/2026-08-02-validation.md; 09-审计报告/auto-validation/2026-08-03-validation.md; 09-审计报告/auto-validation/2026-08-09-validation.md
亚硝酸盐,7,09-审计报告/auto-validation/2026-08-02-validation.md; 09-审计报告/auto-validation/2026-08-03-validation.md; 09-审计报告/auto-validation/2026-08-09-validation.md
食品安全,7,09-审计报告/auto-validation/2026-08-02-validation.md; 09-审计报告/auto-validation/2026-08-03-validation.md; 09-审计报告/auto-validation/2026-08-09-validation.md
铅的化合物,7,09-审计报告/auto-validation/2026-08-02-validation.md; 09-审计报告/auto-validation/2026-08-03-validation.md; 09-审计报告/auto-validation/2026-08-09-validation.md
三氟化硼,7,09-审计报告/auto-validation/2026-08-02-validation.md; 09-审计报告/auto-validation/2026-08-03-validation.md; 09-审计报告/auto-validation/2026-08-09-validation.md
离子取代,7,09-审计报告/auto-validation/2026-08-02-validation.md; 09-审计报告/auto-validation/2026-08-03-validation.md; 09-审计报告/auto-validation/2026-08-09-validation.md
矿物风化,7,09-审计报告/auto-validation/2026-08-02-validation.md; 09-审计报告/auto-validation/2026-08-03-validation.md; 09-审计报告/auto-validation/2026-08-09-validation.md
硅的化合物,7,09-审计报告/auto-validation/2026-08-02-validation.md; 09-审计报告/auto-validation/2026-08-03-validation.md; 09-审计报告/auto-validation/2026-08-09-validation.md
硅酸盐结构,7,09-审计报告/auto-validation/2026-08-02-validation.md; 09-审计报告/auto-validation/2026-08-03-validation.md; 09-审计报告/auto-validation/2026-08-09-validation.md
硅的卤化物,7,09-审计报告/auto-validation/2026-08-02-validation.md; 09-审计报告/auto-validation/2026-08-03-validation.md; 09-审计报告/auto-validation/2026-08-09-validation.md
碳酸盐分解,7,09-审计报告/auto-validation/2026-08-02-validation.md; 09-审计报告/auto-validation/2026-08-03-validation.md; 09-审计报告/auto-validation/2026-08-09-validation.md
水化焓,7,09-审计报告/auto-validation/2026-08-02-validation.md; 09-审计报告/auto-validation/2026-08-03-validation.md; 09-审计报告/auto-validation/2026-08-09-validation.md
水,7,09-审计报告/auto-validation/2026-08-02-validation.md; 09-审计报告/auto-validation/2026-08-03-validation.md; 09-审计报告/auto-validation/2026-08-09-validation.md
水合电子,7,09-审计报告/auto-validation/2026-08-02-validation.md; 09-审计报告/auto-validation/2026-08-03-validation.md; 09-审计报告/auto-validation/2026-08-09-validation.md
氢能,7,09-审计报告/auto-validation/2026-08-02-validation.md; 09-审计报告/auto-validation/2026-08-03-validation.md; 09-审计报告/auto-validation/2026-08-09-validation.md
二次能源,7,09-审计报告/auto-validation/2026-08-02-validation.md; 09-审计报告/auto-validation/2026-08-03-validation.md; 09-审计报告/auto-validation/2026-08-09-validation.md
电解水,7,09-审计报告/auto-validation/2026-08-02-validation.md; 09-审计报告/auto-validation/2026-08-03-validation.md; 09-审计报告/auto-validation/2026-08-09-validation.md
硫碘循环,7,09-审计报告/auto-validation/2026-08-02-validation.md; 09-审计报告/auto-validation/2026-08-03-validation.md; 09-审计报告/auto-validation/2026-08-09-validation.md
两性元素,7,09-审计报告/auto-validation/2026-08-02-validation.md; 09-审计报告/auto-validation/2026-08-03-validation.md; 09-审计报告/auto-validation/2026-08-09-validation.md
蛋壳,7,09-审计报告/auto-validation/2026-08-02-validation.md; 09-审计报告/auto-validation/2026-08-03-validation.md; 09-审计报告/auto-validation/2026-08-09-validation.md
草酸钙,7,09-审计报告/auto-validation/2026-08-02-validation.md; 09-审计报告/auto-validation/2026-08-03-validation.md; 09-审计报告/auto-validation/2026-08-09-validation.md
金属冶炼,7,09-审计报告/auto-validation/2026-08-02-validation.md; 09-审计报告/auto-validation/2026-08-03-validation.md; 09-审计报告/auto-validation/2026-08-09-validation.md
铌,7,09-审计报告/auto-validation/2026-08-02-validation.md; 09-审计报告/auto-validation/2026-08-03-validation.md; 09-审计报告/auto-validation/2026-08-09-validation.md
草酸铵配合物,7,09-审计报告/auto-validation/2026-08-02-validation.md; 09-审计报告/auto-validation/2026-08-03-validation.md; 09-审计报告/auto-validation/2026-08-09-validation.md
离子交换,7,09-审计报告/auto-validation/2026-08-02-validation.md; 09-审计报告/auto-validation/2026-08-03-validation.md; 09-审计报告/auto-validation/2026-08-09-validation.md
钒酸根,7,09-审计报告/auto-validation/2026-08-02-validation.md; 09-审计报告/auto-validation/2026-08-03-validation.md; 09-审计报告/auto-validation/2026-08-09-validation.md
晶体空隙,7,09-审计报告/auto-validation/2026-08-02-validation.md; 09-审计报告/auto-validation/2026-08-03-validation.md; 09-审计报告/auto-validation/2026-08-09-validation.md
硅氧四面体,7,09-审计报告/auto-validation/2026-08-02-validation.md; 09-审计报告/auto-validation/2026-08-03-validation.md; 09-审计报告/auto-validation/2026-08-09-validation.md
反滴定,7,09-审计报告/auto-validation/2026-08-02-validation.md; 09-审计报告/auto-validation/2026-08-03-validation.md; 09-审计报告/auto-validation/2026-08-09-validation.md
间接滴定,7,09-审计报告/auto-validation/2026-08-02-validation.md; 09-审计报告/auto-validation/2026-08-03-validation.md; 09-审计报告/auto-validation/2026-08-09-validation.md
非化学计量,7,09-审计报告/auto-validation/2026-08-02-validation.md; 09-审计报告/auto-validation/2026-08-03-validation.md; 09-审计报告/auto-validation/2026-08-09-validation.md
铁铝钛分析,7,09-审计报告/auto-validation/2026-08-02-validation.md; 09-审计报告/auto-validation/2026-08-03-validation.md; 09-审计报告/auto-validation/2026-08-09-validation.md
K2Cr2O7滴定,7,09-审计报告/auto-validation/2026-08-02-validation.md; 09-审计报告/auto-validation/2026-08-03-validation.md; 09-审计报告/auto-validation/2026-08-09-validation.md
锌汞还原器,7,09-审计报告/auto-validation/2026-08-02-validation.md; 09-审计报告/auto-validation/2026-08-03-validation.md; 09-审计报告/auto-validation/2026-08-09-validation.md
半反应,7,09-审计报告/auto-validation/2026-08-02-validation.md; 09-审计报告/auto-validation/2026-08-03-validation.md; 09-审计报告/auto-validation/2026-08-09-validation.md
沸点比较,7,09-审计报告/auto-validation/2026-08-02-validation.md; 09-审计报告/auto-validation/2026-08-03-validation.md; 09-审计报告/auto-validation/2026-08-09-validation.md
萃取分配定律,7,09-审计报告/auto-validation/2026-08-02-validation.md; 09-审计报告/auto-validation/2026-08-03-validation.md; 09-审计报告/auto-validation/2026-08-09-validation.md
聚沉,7,09-审计报告/auto-validation/2026-08-02-validation.md; 09-审计报告/auto-validation/2026-08-03-validation.md; 09-审计报告/auto-validation/2026-08-09-validation.md
题-059-上海中学-电化学基础-习题1,7,09-审计报告/auto-validation/2026-08-02-validation.md; 09-审计报告/auto-validation/2026-08-03-validation.md; 09-审计报告/auto-validation/2026-08-09-validation.md
光学活性,7,09-审计报告/auto-validation/2026-08-02-validation.md; 09-审计报告/auto-validation/2026-08-03-validation.md; 09-审计报告/auto-validation/2026-08-09-validation.md
金属间化合物,7,09-审计报告/auto-validation/2026-08-02-validation.md; 09-审计报告/auto-validation/2026-08-03-validation.md; 09-审计报告/auto-validation/2026-08-09-validation.md
复合硫化物,7,09-审计报告/auto-validation/2026-08-02-validation.md; 09-审计报告/auto-validation/2026-08-03-validation.md; 09-审计报告/auto-validation/2026-08-09-validation.md
银分离,7,09-审计报告/auto-validation/2026-08-02-validation.md; 09-审计报告/auto-validation/2026-08-03-validation.md; 09-审计报告/auto-validation/2026-08-09-validation.md
饱和蒸气压,7,09-审计报告/auto-validation/2026-08-02-validation.md; 09-审计报告/auto-validation/2026-08-03-validation.md; 09-审计报告/auto-validation/2026-08-09-validation.md
题-040-初赛讲义-推断技术-习题6.35,7,09-审计报告/auto-validation/2026-08-02-validation.md; 09-审计报告/auto-validation/2026-08-03-validation.md; 09-审计报告/auto-validation/2026-08-09-validation.md
题-041-初赛讲义-推断技术-习题6.36,7,09-审计报告/auto-validation/2026-08-02-validation.md; 09-审计报告/auto-validation/2026-08-03-validation.md; 09-审计报告/auto-validation/2026-08-09-validation.md
pH优化,7,09-审计报告/auto-validation/2026-08-02-validation.md; 09-审计报告/auto-validation/2026-08-03-validation.md; 09-审计报告/auto-validation/2026-08-09-validation.md
麻醉剂,7,09-审计报告/auto-validation/2026-08-02-validation.md; 09-审计报告/auto-validation/2026-08-03-validation.md; 09-审计报告/auto-validation/2026-08-09-validation.md
回环序列,7,09-审计报告/auto-validation/2026-08-02-validation.md; 09-审计报告/auto-validation/2026-08-03-validation.md; 09-审计报告/auto-validation/2026-08-09-validation.md
热力学效率,7,09-审计报告/auto-validation/2026-08-02-validation.md; 09-审计报告/auto-validation/2026-08-03-validation.md; 09-审计报告/auto-validation/2026-08-09-validation.md
水泥化学,7,09-审计报告/auto-validation/2026-08-02-validation.md; 09-审计报告/auto-validation/2026-08-03-validation.md; 09-审计报告/auto-validation/2026-08-09-validation.md
质量作用定律,7,09-审计报告/auto-validation/2026-08-02-validation.md; 09-审计报告/auto-validation/2026-08-03-validation.md; 09-审计报告/auto-validation/2026-08-09-validation.md
凝结核,7,09-审计报告/auto-validation/2026-08-02-validation.md; 09-审计报告/auto-validation/2026-08-03-validation.md; 09-审计报告/auto-validation/2026-08-09-validation.md
矿物颜料,7,09-审计报告/auto-validation/2026-08-02-validation.md; 09-审计报告/auto-validation/2026-08-03-validation.md; 09-审计报告/auto-validation/2026-08-09-validation.md
亨利常数,7,09-审计报告/auto-validation/2026-08-02-validation.md; 09-审计报告/auto-validation/2026-08-03-validation.md; 09-审计报告/auto-validation/2026-08-09-validation.md
理想稀溶液,7,09-审计报告/auto-validation/2026-08-02-validation.md; 09-审计报告/auto-validation/2026-08-03-validation.md; 09-审计报告/auto-validation/2026-08-09-validation.md
放射化学,7,09-审计报告/auto-validation/2026-08-02-validation.md; 09-审计报告/auto-validation/2026-08-03-validation.md; 09-审计报告/auto-validation/2026-08-09-validation.md
超导,7,09-审计报告/auto-validation/2026-08-02-validation.md; 09-审计报告/auto-validation/2026-08-03-validation.md; 09-审计报告/auto-validation/2026-08-09-validation.md
酸雨,7,09-审计报告/auto-validation/2026-08-02-validation.md; 09-审计报告/auto-validation/2026-08-03-validation.md; 09-审计报告/auto-validation/2026-08-09-validation.md
SO2溶解度,7,09-审计报告/auto-validation/2026-08-02-validation.md; 09-审计报告/auto-validation/2026-08-03-validation.md; 09-审计报告/auto-validation/2026-08-09-validation.md
亚硫酸,7,09-审计报告/auto-validation/2026-08-02-validation.md; 09-审计报告/auto-validation/2026-08-03-validation.md; 09-审计报告/auto-validation/2026-08-09-validation.md
碳酸平衡,7,09-审计报告/auto-validation/2026-08-02-validation.md; 09-审计报告/auto-validation/2026-08-03-validation.md; 09-审计报告/auto-validation/2026-08-09-validation.md
CO2溶解度,7,09-审计报告/auto-validation/2026-08-02-validation.md; 09-审计报告/auto-validation/2026-08-03-validation.md; 09-审计报告/auto-validation/2026-08-09-validation.md
物种分布,7,09-审计报告/auto-validation/2026-08-02-validation.md; 09-审计报告/auto-validation/2026-08-03-validation.md; 09-审计报告/auto-validation/2026-08-09-validation.md
电导率,7,09-审计报告/auto-validation/2026-08-02-validation.md; 09-审计报告/auto-validation/2026-08-03-validation.md; 09-审计报告/auto-validation/2026-08-09-validation.md
电离平衡常数,7,09-审计报告/auto-validation/2026-08-02-validation.md; 09-审计报告/auto-validation/2026-08-03-validation.md; 09-审计报告/auto-validation/2026-08-09-validation.md
年代测定,7,09-审计报告/auto-validation/2026-08-02-validation.md; 09-审计报告/auto-validation/2026-08-03-validation.md; 09-审计报告/auto-validation/2026-08-09-validation.md
pKa测定,7,09-审计报告/auto-validation/2026-08-02-validation.md; 09-审计报告/auto-validation/2026-08-03-validation.md; 09-审计报告/auto-validation/2026-08-09-validation.md
二甲基黄,7,09-审计报告/auto-validation/2026-08-02-validation.md; 09-审计报告/auto-validation/2026-08-03-validation.md; 09-审计报告/auto-validation/2026-08-09-validation.md
胶体金,7,09-审计报告/auto-validation/2026-08-02-validation.md; 09-审计报告/auto-validation/2026-08-03-validation.md; 09-审计报告/auto-validation/2026-08-09-validation.md
摩尔消光系数,7,09-审计报告/auto-validation/2026-08-02-validation.md; 09-审计报告/auto-validation/2026-08-03-validation.md; 09-审计报告/auto-validation/2026-08-09-validation.md
维生素C,7,09-审计报告/auto-validation/2026-08-02-validation.md; 09-审计报告/auto-validation/2026-08-03-validation.md; 09-审计报告/auto-validation/2026-08-09-validation.md
多组分测定,7,09-审计报告/auto-validation/2026-08-02-validation.md; 09-审计报告/auto-validation/2026-08-03-validation.md; 09-审计报告/auto-validation/2026-08-09-validation.md
吸光度加和性,7,09-审计报告/auto-validation/2026-08-02-validation.md; 09-审计报告/auto-validation/2026-08-03-validation.md; 09-审计报告/auto-validation/2026-08-09-validation.md
硝酸根吸收,7,09-审计报告/auto-validation/2026-08-02-validation.md; 09-审计报告/auto-validation/2026-08-03-validation.md; 09-审计报告/auto-validation/2026-08-09-validation.md
磷酸平衡,7,09-审计报告/auto-validation/2026-08-02-validation.md; 09-审计报告/auto-validation/2026-08-03-validation.md; 09-审计报告/auto-validation/2026-08-09-validation.md
沉淀溶解损失,7,09-审计报告/auto-validation/2026-08-02-validation.md; 09-审计报告/auto-validation/2026-08-03-validation.md; 09-审计报告/auto-validation/2026-08-09-validation.md
磷测定,7,09-审计报告/auto-validation/2026-08-02-validation.md; 09-审计报告/auto-validation/2026-08-03-validation.md; 09-审计报告/auto-validation/2026-08-09-validation.md
弱酸近似,7,09-审计报告/auto-validation/2026-08-02-validation.md; 09-审计报告/auto-validation/2026-08-03-validation.md; 09-审计报告/auto-validation/2026-08-09-validation.md
醋酸,7,09-审计报告/auto-validation/2026-08-02-validation.md; 09-审计报告/auto-validation/2026-08-03-validation.md; 09-审计报告/auto-validation/2026-08-09-validation.md
近似条件,7,09-审计报告/auto-validation/2026-08-02-validation.md; 09-审计报告/auto-validation/2026-08-03-validation.md; 09-审计报告/auto-validation/2026-08-09-validation.md
多面体,7,09-审计报告/auto-validation/2026-08-02-validation.md; 09-审计报告/auto-validation/2026-08-03-validation.md; 09-审计报告/auto-validation/2026-08-09-validation.md
阿司匹林,7,09-审计报告/auto-validation/2026-08-02-validation.md; 09-审计报告/auto-validation/2026-08-03-validation.md; 09-审计报告/auto-validation/2026-08-09-validation.md
钙镁分离,7,09-审计报告/auto-validation/2026-08-02-validation.md; 09-审计报告/auto-validation/2026-08-03-validation.md; 09-审计报告/auto-validation/2026-08-09-validation.md
配合平衡,7,09-审计报告/auto-validation/2026-08-02-validation.md; 09-审计报告/auto-validation/2026-08-03-validation.md; 09-审计报告/auto-validation/2026-08-09-validation.md
银氨配合物,7,09-审计报告/auto-validation/2026-08-02-validation.md; 09-审计报告/auto-validation/2026-08-03-validation.md; 09-审计报告/auto-validation/2026-08-09-validation.md
硫化锌,7,09-审计报告/auto-validation/2026-08-02-validation.md; 09-审计报告/auto-validation/2026-08-03-validation.md; 09-审计报告/auto-validation/2026-08-09-validation.md
溶剂萃取,7,09-审计报告/auto-validation/2026-08-02-validation.md; 09-审计报告/auto-validation/2026-08-03-validation.md; 09-审计报告/auto-validation/2026-08-09-validation.md
氨盐分析,7,09-审计报告/auto-validation/2026-08-02-validation.md; 09-审计报告/auto-validation/2026-08-03-validation.md; 09-审计报告/auto-validation/2026-08-09-validation.md
氮含量测定,7,09-审计报告/auto-validation/2026-08-02-validation.md; 09-审计报告/auto-validation/2026-08-03-validation.md; 09-审计报告/auto-validation/2026-08-09-validation.md
痕量分析,7,09-审计报告/auto-validation/2026-08-02-validation.md; 09-审计报告/auto-validation/2026-08-03-validation.md; 09-审计报告/auto-validation/2026-08-09-validation.md
沉淀法,7,09-审计报告/auto-validation/2026-08-02-validation.md; 09-审计报告/auto-validation/2026-08-03-validation.md; 09-审计报告/auto-validation/2026-08-09-validation.md
铋测定,7,09-审计报告/auto-validation/2026-08-02-validation.md; 09-审计报告/auto-validation/2026-08-03-validation.md; 09-审计报告/auto-validation/2026-08-09-validation.md
砷化合物,7,09-审计报告/auto-validation/2026-08-02-validation.md; 09-审计报告/auto-validation/2026-08-03-validation.md; 09-审计报告/auto-validation/2026-08-09-validation.md
砷化物分析,7,09-审计报告/auto-validation/2026-08-02-validation.md; 09-审计报告/auto-validation/2026-08-03-validation.md; 09-审计报告/auto-validation/2026-08-09-validation.md
鹤顶红,7,09-审计报告/auto-validation/2026-08-02-validation.md; 09-审计报告/auto-validation/2026-08-03-validation.md; 09-审计报告/auto-validation/2026-08-09-validation.md
硫化铵,7,09-审计报告/auto-validation/2026-08-02-validation.md; 09-审计报告/auto-validation/2026-08-03-validation.md; 09-审计报告/auto-validation/2026-08-09-validation.md
蒸馏法,7,09-审计报告/auto-validation/2026-08-02-validation.md; 09-审计报告/auto-validation/2026-08-03-validation.md; 09-审计报告/auto-validation/2026-08-09-validation.md
KI纯度测定,7,09-审计报告/auto-validation/2026-08-02-validation.md; 09-审计报告/auto-validation/2026-08-03-validation.md; 09-审计报告/auto-validation/2026-08-09-validation.md
碘酸钾,7,09-审计报告/auto-validation/2026-08-02-validation.md; 09-审计报告/auto-validation/2026-08-03-validation.md; 09-审计报告/auto-validation/2026-08-09-validation.md
五步碘量法,7,09-审计报告/auto-validation/2026-08-02-validation.md; 09-审计报告/auto-validation/2026-08-03-validation.md; 09-审计报告/auto-validation/2026-08-09-validation.md
二氧化氯,7,09-审计报告/auto-validation/2026-08-02-validation.md; 09-审计报告/auto-validation/2026-08-03-validation.md; 09-审计报告/auto-validation/2026-08-09-validation.md
量子点,7,09-审计报告/auto-validation/2026-08-02-validation.md; 09-审计报告/auto-validation/2026-08-03-validation.md; 09-审计报告/auto-validation/2026-08-09-validation.md
沉淀平衡,7,09-审计报告/auto-validation/2026-08-02-validation.md; 09-审计报告/auto-validation/2026-08-03-validation.md; 09-审计报告/auto-validation/2026-08-09-validation.md
稀土永磁体,7,09-审计报告/auto-validation/2026-08-02-validation.md; 09-审计报告/auto-validation/2026-08-03-validation.md; 09-审计报告/auto-validation/2026-08-09-validation.md
二聚平衡,7,09-审计报告/auto-validation/2026-08-02-validation.md; 09-审计报告/auto-validation/2026-08-03-validation.md; 09-审计报告/auto-validation/2026-08-09-validation.md
铀化学,7,09-审计报告/auto-validation/2026-08-02-validation.md; 09-审计报告/auto-validation/2026-08-03-validation.md; 09-审计报告/auto-validation/2026-08-09-validation.md
渗透平衡,7,09-审计报告/auto-validation/2026-08-02-validation.md; 09-审计报告/auto-validation/2026-08-03-validation.md; 09-审计报告/auto-validation/2026-08-09-validation.md
结合常数,7,09-审计报告/auto-validation/2026-08-02-validation.md; 09-审计报告/auto-validation/2026-08-03-validation.md; 09-审计报告/auto-validation/2026-08-09-validation.md
磷的测定,7,09-审计报告/auto-validation/2026-08-02-validation.md; 09-审计报告/auto-validation/2026-08-03-validation.md; 09-审计报告/auto-validation/2026-08-09-validation.md
不可约表示,7,09-审计报告/auto-validation/2026-08-02-validation.md; 09-审计报告/auto-validation/2026-08-03-validation.md; 09-审计报告/auto-validation/2026-08-09-validation.md
特征标表,7,09-审计报告/auto-validation/2026-08-02-validation.md; 09-审计报告/auto-validation/2026-08-03-validation.md; 09-审计报告/auto-validation/2026-08-09-validation.md
反应速率方程,7,09-审计报告/auto-validation/2026-08-02-validation.md; 09-审计报告/auto-validation/2026-08-03-validation.md; 09-审计报告/auto-validation/2026-08-09-validation.md
分子碰撞理论,7,09-审计报告/auto-validation/2026-08-02-validation.md; 09-审计报告/auto-validation/2026-08-03-validation.md; 09-审计报告/auto-validation/2026-08-09-validation.md
功的计算,7,09-审计报告/auto-validation/2026-08-02-validation.md; 09-审计报告/auto-validation/2026-08-03-validation.md; 09-审计报告/auto-validation/2026-08-09-validation.md
热容与焓变,7,09-审计报告/auto-validation/2026-08-02-validation.md; 09-审计报告/auto-validation/2026-08-03-validation.md; 09-审计报告/auto-validation/2026-08-09-validation.md
相变熵变,7,09-审计报告/auto-validation/2026-08-02-validation.md; 09-审计报告/auto-validation/2026-08-03-validation.md; 09-审计报告/auto-validation/2026-08-09-validation.md
氢原子轨道,7,09-审计报告/auto-validation/2026-08-02-validation.md; 09-审计报告/auto-validation/2026-08-03-validation.md; 09-审计报告/auto-validation/2026-08-09-validation.md
黑体辐射,7,09-审计报告/auto-validation/2026-08-02-validation.md; 09-审计报告/auto-validation/2026-08-03-validation.md; 09-审计报告/auto-validation/2026-08-09-validation.md
消除方向选择性,7,09-审计报告/auto-validation/2026-08-02-validation.md; 09-审计报告/auto-validation/2026-08-03-validation.md; 09-审计报告/auto-validation/2026-08-09-validation.md
动力学与热力学控制,7,09-审计报告/auto-validation/2026-08-02-validation.md; 09-审计报告/auto-validation/2026-08-03-validation.md; 09-审计报告/auto-validation/2026-08-09-validation.md
反式加成,7,09-审计报告/auto-validation/2026-08-02-validation.md; 09-审计报告/auto-validation/2026-08-03-validation.md; 09-审计报告/auto-validation/2026-08-09-validation.md
s-cis构象,7,09-审计报告/auto-validation/2026-08-02-validation.md; 09-审计报告/auto-validation/2026-08-03-validation.md; 09-审计报告/auto-validation/2026-08-09-validation.md
导向基策略,7,09-审计报告/auto-validation/2026-08-02-validation.md; 09-审计报告/auto-validation/2026-08-03-validation.md; 09-审计报告/auto-validation/2026-08-09-validation.md
正交性,7,09-审计报告/auto-validation/2026-08-02-validation.md; 09-审计报告/auto-validation/2026-08-03-validation.md; 09-审计报告/auto-validation/2026-08-09-validation.md
Grubbs催化剂,7,09-审计报告/auto-validation/2026-08-02-validation.md; 09-审计报告/auto-validation/2026-08-03-validation.md; 09-审计报告/auto-validation/2026-08-09-validation.md
酰氯合成,7,09-审计报告/auto-validation/2026-08-02-validation.md; 09-审计报告/auto-validation/2026-08-03-validation.md; 09-审计报告/auto-validation/2026-08-09-validation.md
负电荷离域,7,09-审计报告/auto-validation/2026-08-02-validation.md; 09-审计报告/auto-validation/2026-08-03-validation.md; 09-审计报告/auto-validation/2026-08-09-validation.md
稳定化能,7,09-审计报告/auto-validation/2026-08-02-validation.md; 09-审计报告/auto-validation/2026-08-03-validation.md; 09-审计报告/auto-validation/2026-08-09-validation.md
"1,3-丁二烯",7,09-审计报告/auto-validation/2026-08-02-validation.md; 09-审计报告/auto-validation/2026-08-03-validation.md; 09-审计报告/auto-validation/2026-08-09-validation.md
熵效应,7,09-审计报告/auto-validation/2026-08-02-validation.md; 09-审计报告/auto-validation/2026-08-03-validation.md; 09-审计报告/auto-validation/2026-08-09-validation.md
单体推断,7,09-审计报告/auto-validation/2026-08-02-validation.md; 09-审计报告/auto-validation/2026-08-03-validation.md; 09-审计报告/auto-validation/2026-08-09-validation.md
杂化效应,7,09-审计报告/auto-validation/2026-08-02-validation.md; 09-审计报告/auto-validation/2026-08-03-validation.md; 09-审计报告/auto-validation/2026-08-09-validation.md
C-H伸缩振动,7,09-审计报告/auto-validation/2026-08-02-validation.md; 09-审计报告/auto-validation/2026-08-03-validation.md; 09-审计报告/auto-validation/2026-08-09-validation.md
氘代标记,7,09-审计报告/auto-validation/2026-08-02-validation.md; 09-审计报告/auto-validation/2026-08-03-validation.md; 09-审计报告/auto-validation/2026-08-09-validation.md
力常数,7,09-审计报告/auto-validation/2026-08-02-validation.md; 09-审计报告/auto-validation/2026-08-03-validation.md; 09-审计报告/auto-validation/2026-08-09-validation.md
s轨道成分,7,09-审计报告/auto-validation/2026-08-02-validation.md; 09-审计报告/auto-validation/2026-08-03-validation.md; 09-审计报告/auto-validation/2026-08-09-validation.md
约化质量,7,09-审计报告/auto-validation/2026-08-02-validation.md; 09-审计报告/auto-validation/2026-08-03-validation.md; 09-审计报告/auto-validation/2026-08-09-validation.md
氯同位素,7,09-审计报告/auto-validation/2026-08-02-validation.md; 09-审计报告/auto-validation/2026-08-03-validation.md; 09-审计报告/auto-validation/2026-08-09-validation.md
二项式分布,7,09-审计报告/auto-validation/2026-08-02-validation.md; 09-审计报告/auto-validation/2026-08-03-validation.md; 09-审计报告/auto-validation/2026-08-09-validation.md
磁等价,7,09-审计报告/auto-validation/2026-08-02-validation.md; 09-审计报告/auto-validation/2026-08-03-validation.md; 09-审计报告/auto-validation/2026-08-09-validation.md
偶合裂分,7,09-审计报告/auto-validation/2026-08-02-validation.md; 09-审计报告/auto-validation/2026-08-03-validation.md; 09-审计报告/auto-validation/2026-08-09-validation.md
对二甲苯,7,09-审计报告/auto-validation/2026-08-02-validation.md; 09-审计报告/auto-validation/2026-08-03-validation.md; 09-审计报告/auto-validation/2026-08-09-validation.md
邻二甲苯,7,09-审计报告/auto-validation/2026-08-02-validation.md; 09-审计报告/auto-validation/2026-08-03-validation.md; 09-审计报告/auto-validation/2026-08-09-validation.md
间二甲苯,7,09-审计报告/auto-validation/2026-08-02-validation.md; 09-审计报告/auto-validation/2026-08-03-validation.md; 09-审计报告/auto-validation/2026-08-09-validation.md
λmax,7,09-审计报告/auto-validation/2026-08-02-validation.md; 09-审计报告/auto-validation/2026-08-03-validation.md; 09-审计报告/auto-validation/2026-08-09-validation.md
Woodward规则,7,09-审计报告/auto-validation/2026-08-02-validation.md; 09-审计报告/auto-validation/2026-08-03-validation.md; 09-审计报告/auto-validation/2026-08-09-validation.md
中间体捕获,7,09-审计报告/auto-validation/2026-08-02-validation.md; 09-审计报告/auto-validation/2026-08-03-validation.md; 09-审计报告/auto-validation/2026-08-09-validation.md
卡宾等价体,7,09-审计报告/auto-validation/2026-08-02-validation.md; 09-审计报告/auto-validation/2026-08-03-validation.md; 09-审计报告/auto-validation/2026-08-09-validation.md
有机锌,7,09-审计报告/auto-validation/2026-08-02-validation.md; 09-审计报告/auto-validation/2026-08-03-validation.md; 09-审计报告/auto-validation/2026-08-09-validation.md
单线态卡宾,7,09-审计报告/auto-validation/2026-08-02-validation.md; 09-审计报告/auto-validation/2026-08-03-validation.md; 09-审计报告/auto-validation/2026-08-09-validation.md
三线态卡宾,7,09-审计报告/auto-validation/2026-08-02-validation.md; 09-审计报告/auto-validation/2026-08-03-validation.md; 09-审计报告/auto-validation/2026-08-09-validation.md
碳烯,7,09-审计报告/auto-validation/2026-08-02-validation.md; 09-审计报告/auto-validation/2026-08-03-validation.md; 09-审计报告/auto-validation/2026-08-09-validation.md
合成策略,7,09-审计报告/auto-validation/2026-08-02-validation.md; 09-审计报告/auto-validation/2026-08-03-validation.md; 09-审计报告/auto-validation/2026-08-09-validation.md
R/S构型标记,7,09-审计报告/auto-validation/2026-08-02-validation.md; 09-审计报告/auto-validation/2026-08-03-validation.md; 09-审计报告/auto-validation/2026-08-09-validation.md
桥环化合物,7,09-审计报告/auto-validation/2026-08-02-validation.md; 09-审计报告/auto-validation/2026-08-03-validation.md; 09-审计报告/auto-validation/2026-08-09-validation.md
桥头锁定效应,7,09-审计报告/auto-validation/2026-08-02-validation.md; 09-审计报告/auto-validation/2026-08-03-validation.md; 09-审计报告/auto-validation/2026-08-09-validation.md
题-有机-结构-手性分子对称性判断,7,09-审计报告/auto-validation/2026-08-02-validation.md; 09-审计报告/auto-validation/2026-08-03-validation.md; 09-审计报告/auto-validation/2026-08-09-validation.md
题-有机-结构-六元环构象稳定性分析,7,09-审计报告/auto-validation/2026-08-02-validation.md; 09-审计报告/auto-validation/2026-08-03-validation.md; 09-审计报告/auto-validation/2026-08-09-validation.md
硼烯醇盐,7,09-审计报告/auto-validation/2026-08-02-validation.md; 09-审计报告/auto-validation/2026-08-03-validation.md; 09-审计报告/auto-validation/2026-08-09-validation.md
手性辅基,7,09-审计报告/auto-validation/2026-08-02-validation.md; 09-审计报告/auto-validation/2026-08-03-validation.md; 09-审计报告/auto-validation/2026-08-09-validation.md
酰基转化,7,09-审计报告/auto-validation/2026-08-02-validation.md; 09-审计报告/auto-validation/2026-08-03-validation.md; 09-审计报告/auto-validation/2026-08-09-validation.md
活性顺序,7,09-审计报告/auto-validation/2026-08-02-validation.md; 09-审计报告/auto-validation/2026-08-03-validation.md; 09-审计报告/auto-validation/2026-08-09-validation.md
5-exo-trig,7,09-审计报告/auto-validation/2026-08-02-validation.md; 09-审计报告/auto-validation/2026-08-03-validation.md; 09-审计报告/auto-validation/2026-08-09-validation.md
6-endo-trig,7,09-审计报告/auto-validation/2026-08-02-validation.md; 09-审计报告/auto-validation/2026-08-03-validation.md; 09-审计报告/auto-validation/2026-08-09-validation.md
酮肟,7,09-审计报告/auto-validation/2026-08-02-validation.md; 09-审计报告/auto-validation/2026-08-03-validation.md; 09-审计报告/auto-validation/2026-08-09-validation.md
环丙酮中间体,7,09-审计报告/auto-validation/2026-08-02-validation.md; 09-审计报告/auto-validation/2026-08-03-validation.md; 09-审计报告/auto-validation/2026-08-09-validation.md
缩环反应,7,09-审计报告/auto-validation/2026-08-02-validation.md; 09-审计报告/auto-validation/2026-08-03-validation.md; 09-审计报告/auto-validation/2026-08-09-validation.md
WagnerMeerwein重排,7,09-审计报告/auto-validation/2026-08-02-validation.md; 09-审计报告/auto-validation/2026-08-03-validation.md; 09-审计报告/auto-validation/2026-08-09-validation.md
构型保持,7,09-审计报告/auto-validation/2026-08-02-validation.md; 09-审计报告/auto-validation/2026-08-03-validation.md; 09-审计报告/auto-validation/2026-08-09-validation.md
氧化还原计算,7,09-审计报告/auto-validation/2026-08-02-validation.md; 09-审计报告/auto-validation/2026-08-03-validation.md; 09-审计报告/auto-validation/2026-08-09-validation.md
Ti氧化还原,7,09-审计报告/auto-validation/2026-08-02-validation.md; 09-审计报告/auto-validation/2026-08-03-validation.md; 09-审计报告/auto-validation/2026-08-09-validation.md
Kp平衡计算,7,09-审计报告/auto-validation/2026-08-02-validation.md; 09-审计报告/auto-validation/2026-08-03-validation.md; 09-审计报告/auto-validation/2026-08-09-validation.md
磁矩公式,7,09-审计报告/auto-validation/2026-08-02-validation.md; 09-审计报告/auto-validation/2026-08-03-validation.md; 09-审计报告/auto-validation/2026-08-09-validation.md
手性判据,7,09-审计报告/auto-validation/2026-08-02-validation.md; 09-审计报告/auto-validation/2026-08-03-validation.md; 09-审计报告/auto-validation/2026-08-09-validation.md
对称面·对称中心,7,09-审计报告/auto-validation/2026-08-02-validation.md; 09-审计报告/auto-validation/2026-08-03-validation.md; 09-审计报告/auto-validation/2026-08-09-validation.md
Co配位化学,7,09-审计报告/auto-validation/2026-08-02-validation.md; 09-审计报告/auto-validation/2026-08-03-validation.md; 09-审计报告/auto-validation/2026-08-09-validation.md
Li/N化学,7,09-审计报告/auto-validation/2026-08-02-validation.md; 09-审计报告/auto-validation/2026-08-03-validation.md; 09-审计报告/auto-validation/2026-08-09-validation.md
16e规则,7,09-审计报告/auto-validation/2026-08-02-validation.md; 09-审计报告/auto-validation/2026-08-03-validation.md; 09-审计报告/auto-validation/2026-08-09-validation.md
dsp2杂化,7,09-审计报告/auto-validation/2026-08-02-validation.md; 09-审计报告/auto-validation/2026-08-03-validation.md; 09-审计报告/auto-validation/2026-08-09-validation.md
氧化态计算,7,09-审计报告/auto-validation/2026-08-02-validation.md; 09-审计报告/auto-validation/2026-08-03-validation.md; 09-审计报告/auto-validation/2026-08-09-validation.md
顺磁性·抗磁性,7,09-审计报告/auto-validation/2026-08-02-validation.md; 09-审计报告/auto-validation/2026-08-03-validation.md; 09-审计报告/auto-validation/2026-08-09-validation.md
金刚石结构,7,09-审计报告/auto-validation/2026-08-02-validation.md; 09-审计报告/auto-validation/2026-08-03-validation.md; 09-审计报告/auto-validation/2026-08-09-validation.md
六方ZnS结构,7,09-审计报告/auto-validation/2026-08-02-validation.md; 09-审计报告/auto-validation/2026-08-03-validation.md; 09-审计报告/auto-validation/2026-08-09-validation.md
不饱和度公式,7,09-审计报告/auto-validation/2026-08-02-validation.md; 09-审计报告/auto-validation/2026-08-03-validation.md; 09-审计报告/auto-validation/2026-08-09-validation.md
醇解反应,7,09-审计报告/auto-validation/2026-08-02-validation.md; 09-审计报告/auto-validation/2026-08-03-validation.md; 09-审计报告/auto-validation/2026-08-09-validation.md
trans构型,7,09-审计报告/auto-validation/2026-08-02-validation.md; 09-审计报告/auto-validation/2026-08-03-validation.md; 09-审计报告/auto-validation/2026-08-09-validation.md
pH分布图,7,09-审计报告/auto-validation/2026-08-02-validation.md; 09-审计报告/auto-validation/2026-08-03-validation.md; 09-审计报告/auto-validation/2026-08-09-validation.md
羟汞化反应,7,09-审计报告/auto-validation/2026-08-02-validation.md; 09-审计报告/auto-validation/2026-08-03-validation.md; 09-审计报告/auto-validation/2026-08-09-validation.md
碘量法原理,7,09-审计报告/auto-validation/2026-08-02-validation.md; 09-审计报告/auto-validation/2026-08-03-validation.md; 09-审计报告/auto-validation/2026-08-09-validation.md
铜元素化学,7,09-审计报告/auto-validation/2026-08-02-validation.md; 09-审计报告/auto-validation/2026-08-03-validation.md; 09-审计报告/auto-validation/2026-08-09-validation.md
分子晶体与离子晶体辨析,7,09-审计报告/auto-validation/2026-08-02-validation.md; 09-审计报告/auto-validation/2026-08-03-validation.md; 09-审计报告/auto-validation/2026-08-09-validation.md
Cu2O晶胞结构,7,09-审计报告/auto-validation/2026-08-02-validation.md; 09-审计报告/auto-validation/2026-08-03-validation.md; 09-审计报告/auto-validation/2026-08-09-validation.md
配位场理论与d-d跃迁,7,09-审计报告/auto-validation/2026-08-02-validation.md; 09-审计报告/auto-validation/2026-08-03-validation.md; 09-审计报告/auto-validation/2026-08-09-validation.md
晶胞参数与原子间距计算,7,09-审计报告/auto-validation/2026-08-02-validation.md; 09-审计报告/auto-validation/2026-08-03-validation.md; 09-审计报告/auto-validation/2026-08-09-validation.md
喹啉的亲核加成,7,09-审计报告/auto-validation/2026-08-02-validation.md; 09-审计报告/auto-validation/2026-08-03-validation.md; 09-审计报告/auto-validation/2026-08-09-validation.md
芳香性与芳构化能,7,09-审计报告/auto-validation/2026-08-02-validation.md; 09-审计报告/auto-validation/2026-08-03-validation.md; 09-审计报告/auto-validation/2026-08-09-validation.md
碳负离子化学,7,09-审计报告/auto-validation/2026-08-02-validation.md; 09-审计报告/auto-validation/2026-08-03-validation.md; 09-审计报告/auto-validation/2026-08-09-validation.md
多组分反应设计,7,09-审计报告/auto-validation/2026-08-02-validation.md; 09-审计报告/auto-validation/2026-08-03-validation.md; 09-审计报告/auto-validation/2026-08-09-validation.md
反应商与平衡常数判据,7,09-审计报告/auto-validation/2026-08-02-validation.md; 09-审计报告/auto-validation/2026-08-03-validation.md; 09-审计报告/auto-validation/2026-08-09-validation.md
等效平衡条件,7,09-审计报告/auto-validation/2026-08-02-validation.md; 09-审计报告/auto-validation/2026-08-03-validation.md; 09-审计报告/auto-validation/2026-08-09-validation.md
溶度积Ksp与溶解度,7,09-审计报告/auto-validation/2026-08-02-validation.md; 09-审计报告/auto-validation/2026-08-03-validation.md; 09-审计报告/auto-validation/2026-08-09-validation.md
多重平衡计算,7,09-审计报告/auto-validation/2026-08-02-validation.md; 09-审计报告/auto-validation/2026-08-03-validation.md; 09-审计报告/auto-validation/2026-08-09-validation.md
氧化还原溶解,7,09-审计报告/auto-validation/2026-08-02-validation.md; 09-审计报告/auto-validation/2026-08-03-validation.md; 09-审计报告/auto-validation/2026-08-09-validation.md
弱酸电离常数,7,09-审计报告/auto-validation/2026-08-02-validation.md; 09-审计报告/auto-validation/2026-08-03-validation.md; 09-审计报告/auto-validation/2026-08-09-validation.md
标准电极电位,7,09-审计报告/auto-validation/2026-08-02-validation.md; 09-审计报告/auto-validation/2026-08-03-validation.md; 09-审计报告/auto-validation/2026-08-09-validation.md
EDTA配位滴定原理,7,09-审计报告/auto-validation/2026-08-02-validation.md; 09-审计报告/auto-validation/2026-08-03-validation.md; 09-审计报告/auto-validation/2026-08-09-validation.md
掩蔽与解蔽技术,7,09-审计报告/auto-validation/2026-08-02-validation.md; 09-审计报告/auto-validation/2026-08-03-validation.md; 09-审计报告/auto-validation/2026-08-09-validation.md
酸效应系数,7,09-审计报告/auto-validation/2026-08-02-validation.md; 09-审计报告/auto-validation/2026-08-03-validation.md; 09-审计报告/auto-validation/2026-08-09-validation.md
辅助配位效应,7,09-审计报告/auto-validation/2026-08-02-validation.md; 09-审计报告/auto-validation/2026-08-03-validation.md; 09-审计报告/auto-validation/2026-08-09-validation.md
d电子构型与几何构型,7,09-审计报告/auto-validation/2026-08-02-validation.md; 09-审计报告/auto-validation/2026-08-03-validation.md; 09-审计报告/auto-validation/2026-08-09-validation.md
相律与自由度,7,09-审计报告/auto-validation/2026-08-02-validation.md; 09-审计报告/auto-validation/2026-08-03-validation.md; 09-审计报告/auto-validation/2026-08-09-validation.md
分解平衡与Kp,7,09-审计报告/auto-validation/2026-08-02-validation.md; 09-审计报告/auto-validation/2026-08-03-validation.md; 09-审计报告/auto-validation/2026-08-09-validation.md
水蒸气压与饱和蒸气压,7,09-审计报告/auto-validation/2026-08-02-validation.md; 09-审计报告/auto-validation/2026-08-03-validation.md; 09-审计报告/auto-validation/2026-08-09-validation.md
电解与分解电压,7,09-审计报告/auto-validation/2026-08-02-validation.md; 09-审计报告/auto-validation/2026-08-03-validation.md; 09-审计报告/auto-validation/2026-08-09-validation.md
Wacker法催化机理,7,09-审计报告/auto-validation/2026-08-02-validation.md; 09-审计报告/auto-validation/2026-08-03-validation.md; 09-审计报告/auto-validation/2026-08-09-validation.md
配位化学与催化,7,09-审计报告/auto-validation/2026-08-02-validation.md; 09-审计报告/auto-validation/2026-08-03-validation.md; 09-审计报告/auto-validation/2026-08-09-validation.md
速率方程与反应级数,7,09-审计报告/auto-validation/2026-08-02-validation.md; 09-审计报告/auto-validation/2026-08-03-validation.md; 09-审计报告/auto-validation/2026-08-09-validation.md
有机反应类型,7,09-审计报告/auto-validation/2026-08-02-validation.md; 09-审计报告/auto-validation/2026-08-03-validation.md; 09-审计报告/auto-validation/2026-08-09-validation.md
亲核取代与消除,7,09-审计报告/auto-validation/2026-08-02-validation.md; 09-审计报告/auto-validation/2026-08-03-validation.md; 09-审计报告/auto-validation/2026-08-09-validation.md
立体化学与反应选择性,7,09-审计报告/auto-validation/2026-08-02-validation.md; 09-审计报告/auto-validation/2026-08-03-validation.md; 09-审计报告/auto-validation/2026-08-09-validation.md
Fischer投影式与糖的结构,7,09-审计报告/auto-validation/2026-08-02-validation.md; 09-审计报告/auto-validation/2026-08-03-validation.md; 09-审计报告/auto-validation/2026-08-09-validation.md
分子内脱水,7,09-审计报告/auto-validation/2026-08-02-validation.md; 09-审计报告/auto-validation/2026-08-03-validation.md; 09-审计报告/auto-validation/2026-08-09-validation.md
立体化学与非对映选择性,7,09-审计报告/auto-validation/2026-08-02-validation.md; 09-审计报告/auto-validation/2026-08-03-validation.md; 09-审计报告/auto-validation/2026-08-09-validation.md
碳水化合物化学,7,09-审计报告/auto-validation/2026-08-02-validation.md; 09-审计报告/auto-validation/2026-08-03-validation.md; 09-审计报告/auto-validation/2026-08-09-validation.md
硝酸酯化学,7,09-审计报告/auto-validation/2026-08-02-validation.md; 09-审计报告/auto-validation/2026-08-03-validation.md; 09-审计报告/auto-validation/2026-08-09-validation.md
催化动力学,7,09-审计报告/auto-validation/2026-08-02-validation.md; 09-审计报告/auto-validation/2026-08-03-validation.md; 09-审计报告/auto-validation/2026-08-09-validation.md
硫代硫酸盐,7,09-审计报告/auto-validation/2026-08-02-validation.md; 09-审计报告/auto-validation/2026-08-03-validation.md; 09-审计报告/auto-validation/2026-08-09-validation.md
金的提取,7,09-审计报告/auto-validation/2026-08-02-validation.md; 09-审计报告/auto-validation/2026-08-03-validation.md; 09-审计报告/auto-validation/2026-08-09-validation.md
农药化学,7,09-审计报告/auto-validation/2026-08-02-validation.md; 09-审计报告/auto-validation/2026-08-03-validation.md; 09-审计报告/auto-validation/2026-08-09-validation.md
烯烃性质,7,09-审计报告/auto-validation/2026-08-02-validation.md; 09-审计报告/auto-validation/2026-08-03-validation.md; 09-审计报告/auto-validation/2026-08-09-validation.md
聚集诱导发光,7,09-审计报告/auto-validation/2026-08-02-validation.md; 09-审计报告/auto-validation/2026-08-03-validation.md; 09-审计报告/auto-validation/2026-08-09-validation.md
多面体几何,7,09-审计报告/auto-validation/2026-08-02-validation.md; 09-审计报告/auto-validation/2026-08-03-validation.md; 09-审计报告/auto-validation/2026-08-09-validation.md
光致发光,7,09-审计报告/auto-validation/2026-08-02-validation.md; 09-审计报告/auto-validation/2026-08-03-validation.md; 09-审计报告/auto-validation/2026-08-09-validation.md
聚集诱导发光深化,7,09-审计报告/auto-validation/2026-08-02-validation.md; 09-审计报告/auto-validation/2026-08-03-validation.md; 09-审计报告/auto-validation/2026-08-09-validation.md
吲哚化学,7,09-审计报告/auto-validation/2026-08-02-validation.md; 09-审计报告/auto-validation/2026-08-03-validation.md; 09-审计报告/auto-validation/2026-08-09-validation.md
弯键,7,09-审计报告/auto-validation/2026-08-02-validation.md; 09-审计报告/auto-validation/2026-08-03-validation.md; 09-审计报告/auto-validation/2026-08-09-validation.md
张力分子,7,09-审计报告/auto-validation/2026-08-02-validation.md; 09-审计报告/auto-validation/2026-08-03-validation.md; 09-审计报告/auto-validation/2026-08-09-validation.md
CO2传感器,7,09-审计报告/auto-validation/2026-08-02-validation.md; 09-审计报告/auto-validation/2026-08-03-validation.md; 09-审计报告/auto-validation/2026-08-09-validation.md
溶液化学,7,09-审计报告/auto-validation/2026-08-02-validation.md; 09-审计报告/auto-validation/2026-08-03-validation.md; 09-审计报告/auto-validation/2026-08-09-validation.md
溶液电中性,7,09-审计报告/auto-validation/2026-08-02-validation.md; 09-审计报告/auto-validation/2026-08-03-validation.md; 09-审计报告/auto-validation/2026-08-09-validation.md
CO2平衡,7,09-审计报告/auto-validation/2026-08-02-validation.md; 09-审计报告/auto-validation/2026-08-03-validation.md; 09-审计报告/auto-validation/2026-08-09-validation.md
多平衡体系,7,09-审计报告/auto-validation/2026-08-02-validation.md; 09-审计报告/auto-validation/2026-08-03-validation.md; 09-审计报告/auto-validation/2026-08-09-validation.md
近似计算,7,09-审计报告/auto-validation/2026-08-02-validation.md; 09-审计报告/auto-validation/2026-08-03-validation.md; 09-审计报告/auto-validation/2026-08-09-validation.md
球磨反应,7,09-审计报告/auto-validation/2026-08-02-validation.md; 09-审计报告/auto-validation/2026-08-03-validation.md; 09-审计报告/auto-validation/2026-08-09-validation.md
固态化学,7,09-审计报告/auto-validation/2026-08-02-validation.md; 09-审计报告/auto-validation/2026-08-03-validation.md; 09-审计报告/auto-validation/2026-08-09-validation.md
全固态电池,7,09-审计报告/auto-validation/2026-08-02-validation.md; 09-审计报告/auto-validation/2026-08-03-validation.md; 09-审计报告/auto-validation/2026-08-09-validation.md
光谱,7,09-审计报告/auto-validation/2026-08-02-validation.md; 09-审计报告/auto-validation/2026-08-03-validation.md; 09-审计报告/auto-validation/2026-08-09-validation.md
点阵理论,7,09-审计报告/auto-validation/2026-08-02-validation.md; 09-审计报告/auto-validation/2026-08-03-validation.md; 09-审计报告/auto-validation/2026-08-09-validation.md
正交晶系,7,09-审计报告/auto-validation/2026-08-02-validation.md; 09-审计报告/auto-validation/2026-08-03-validation.md; 09-审计报告/auto-validation/2026-08-09-validation.md
原子间距离,7,09-审计报告/auto-validation/2026-08-02-validation.md; 09-审计报告/auto-validation/2026-08-03-validation.md; 09-审计报告/auto-validation/2026-08-09-validation.md
晶胞体积,7,09-审计报告/auto-validation/2026-08-02-validation.md; 09-审计报告/auto-validation/2026-08-03-validation.md; 09-审计报告/auto-validation/2026-08-09-validation.md
O-O键长,7,09-审计报告/auto-validation/2026-08-02-validation.md; 09-审计报告/auto-validation/2026-08-03-validation.md; 09-审计报告/auto-validation/2026-08-09-validation.md
分子几何,7,09-审计报告/auto-validation/2026-08-02-validation.md; 09-审计报告/auto-validation/2026-08-03-validation.md; 09-审计报告/auto-validation/2026-08-09-validation.md
熔化焓,7,09-审计报告/auto-validation/2026-08-02-validation.md; 09-审计报告/auto-validation/2026-08-03-validation.md; 09-审计报告/auto-validation/2026-08-09-validation.md
气化焓,7,09-审计报告/auto-validation/2026-08-02-validation.md; 09-审计报告/auto-validation/2026-08-03-validation.md; 09-审计报告/auto-validation/2026-08-09-validation.md
最高温度,7,09-审计报告/auto-validation/2026-08-02-validation.md; 09-审计报告/auto-validation/2026-08-03-validation.md; 09-审计报告/auto-validation/2026-08-09-validation.md
多相反应,7,09-审计报告/auto-validation/2026-08-02-validation.md; 09-审计报告/auto-validation/2026-08-03-validation.md; 09-审计报告/auto-validation/2026-08-09-validation.md
热平衡,7,09-审计报告/auto-validation/2026-08-02-validation.md; 09-审计报告/auto-validation/2026-08-03-validation.md; 09-审计报告/auto-validation/2026-08-09-validation.md
表面效应,7,09-审计报告/auto-validation/2026-08-02-validation.md; 09-审计报告/auto-validation/2026-08-03-validation.md; 09-审计报告/auto-validation/2026-08-09-validation.md
比表面积,7,09-审计报告/auto-validation/2026-08-02-validation.md; 09-审计报告/auto-validation/2026-08-03-validation.md; 09-审计报告/auto-validation/2026-08-09-validation.md
锗化学,7,09-审计报告/auto-validation/2026-08-02-validation.md; 09-审计报告/auto-validation/2026-08-03-validation.md; 09-审计报告/auto-validation/2026-08-09-validation.md
过氧化氢酶,7,09-审计报告/auto-validation/2026-08-02-validation.md; 09-审计报告/auto-validation/2026-08-03-validation.md; 09-审计报告/auto-validation/2026-08-09-validation.md
Michaelis-Menten方程,7,09-审计报告/auto-validation/2026-08-02-validation.md; 09-审计报告/auto-validation/2026-08-03-validation.md; 09-审计报告/auto-validation/2026-08-09-validation.md
Lineweaver-Burk作图,7,09-审计报告/auto-validation/2026-08-02-validation.md; 09-审计报告/auto-validation/2026-08-03-validation.md; 09-审计报告/auto-validation/2026-08-09-validation.md
抑制剂,7,09-审计报告/auto-validation/2026-08-02-validation.md; 09-审计报告/auto-validation/2026-08-03-validation.md; 09-审计报告/auto-validation/2026-08-09-validation.md
动力学机理,7,09-审计报告/auto-validation/2026-08-02-validation.md; 09-审计报告/auto-validation/2026-08-03-validation.md; 09-审计报告/auto-validation/2026-08-09-validation.md
酶结构,7,09-审计报告/auto-validation/2026-08-02-validation.md; 09-审计报告/auto-validation/2026-08-03-validation.md; 09-审计报告/auto-validation/2026-08-09-validation.md
活性位点,7,09-审计报告/auto-validation/2026-08-02-validation.md; 09-审计报告/auto-validation/2026-08-03-validation.md; 09-审计报告/auto-validation/2026-08-09-validation.md
构象变化,7,09-审计报告/auto-validation/2026-08-02-validation.md; 09-审计报告/auto-validation/2026-08-03-validation.md; 09-审计报告/auto-validation/2026-08-09-validation.md
抑制效率,7,09-审计报告/auto-validation/2026-08-02-validation.md; 09-审计报告/auto-validation/2026-08-03-validation.md; 09-审计报告/auto-validation/2026-08-09-validation.md
药物效力,7,09-审计报告/auto-validation/2026-08-02-validation.md; 09-审计报告/auto-validation/2026-08-03-validation.md; 09-审计报告/auto-validation/2026-08-09-validation.md
铁催化,7,09-审计报告/auto-validation/2026-08-02-validation.md; 09-审计报告/auto-validation/2026-08-03-validation.md; 09-审计报告/auto-validation/2026-08-09-validation.md
硝基还原,7,09-审计报告/auto-validation/2026-08-02-validation.md; 09-审计报告/auto-validation/2026-08-03-validation.md; 09-审计报告/auto-validation/2026-08-09-validation.md
自由基捕获,7,09-审计报告/auto-validation/2026-08-02-validation.md; 09-审计报告/auto-validation/2026-08-03-validation.md; 09-审计报告/auto-validation/2026-08-09-validation.md
催化剂优化,7,09-审计报告/auto-validation/2026-08-02-validation.md; 09-审计报告/auto-validation/2026-08-03-validation.md; 09-审计报告/auto-validation/2026-08-09-validation.md
σ供电子能力,7,09-审计报告/auto-validation/2026-08-02-validation.md; 09-审计报告/auto-validation/2026-08-03-validation.md; 09-审计报告/auto-validation/2026-08-09-validation.md
双烯体,7,09-审计报告/auto-validation/2026-08-02-validation.md; 09-审计报告/auto-validation/2026-08-03-validation.md; 09-审计报告/auto-validation/2026-08-09-validation.md
亲双烯体,7,09-审计报告/auto-validation/2026-08-02-validation.md; 09-审计报告/auto-validation/2026-08-03-validation.md; 09-审计报告/auto-validation/2026-08-09-validation.md
三组分反应,7,09-审计报告/auto-validation/2026-08-02-validation.md; 09-审计报告/auto-validation/2026-08-03-validation.md; 09-审计报告/auto-validation/2026-08-09-validation.md
多组分合成,7,09-审计报告/auto-validation/2026-08-02-validation.md; 09-审计报告/auto-validation/2026-08-03-validation.md; 09-审计报告/auto-validation/2026-08-09-validation.md
酰胺转化,7,09-审计报告/auto-validation/2026-08-02-validation.md; 09-审计报告/auto-validation/2026-08-03-validation.md; 09-审计报告/auto-validation/2026-08-09-validation.md
氢氟酸,7,09-审计报告/auto-validation/2026-08-02-validation.md; 09-审计报告/auto-validation/2026-08-03-validation.md; 09-审计报告/auto-validation/2026-08-09-validation.md
结构化学,7,09-审计报告/auto-validation/2026-08-02-validation.md; 09-审计报告/auto-validation/2026-08-03-validation.md; 09-审计报告/auto-validation/2026-08-09-validation.md
d-p π键,7,09-审计报告/auto-validation/2026-08-02-validation.md; 09-审计报告/auto-validation/2026-08-03-validation.md; 09-审计报告/auto-validation/2026-08-09-validation.md
Al取代,7,09-审计报告/auto-validation/2026-08-02-validation.md; 09-审计报告/auto-validation/2026-08-03-validation.md; 09-审计报告/auto-validation/2026-08-09-validation.md
Brönsted酸,7,09-审计报告/auto-validation/2026-08-02-validation.md; 09-审计报告/auto-validation/2026-08-03-validation.md; 09-审计报告/auto-validation/2026-08-09-validation.md
玻璃化转变温度,7,09-审计报告/auto-validation/2026-08-02-validation.md; 09-审计报告/auto-validation/2026-08-03-validation.md; 09-审计报告/auto-validation/2026-08-09-validation.md
配体取代,7,09-审计报告/auto-validation/2026-08-02-validation.md; 09-审计报告/auto-validation/2026-08-03-validation.md; 09-审计报告/auto-validation/2026-08-09-validation.md
硅烯,7,09-审计报告/auto-validation/2026-08-02-validation.md; 09-审计报告/auto-validation/2026-08-03-validation.md; 09-审计报告/auto-validation/2026-08-09-validation.md
钛配合物,7,09-审计报告/auto-validation/2026-08-02-validation.md; 09-审计报告/auto-validation/2026-08-03-validation.md; 09-审计报告/auto-validation/2026-08-09-validation.md
羧酸配合物,7,09-审计报告/auto-validation/2026-08-02-validation.md; 09-审计报告/auto-validation/2026-08-03-validation.md; 09-审计报告/auto-validation/2026-08-09-validation.md
M-N键插入,7,09-审计报告/auto-validation/2026-08-02-validation.md; 09-审计报告/auto-validation/2026-08-03-validation.md; 09-审计报告/auto-validation/2026-08-09-validation.md
氨基甲酸,7,09-审计报告/auto-validation/2026-08-02-validation.md; 09-审计报告/auto-validation/2026-08-03-validation.md; 09-审计报告/auto-validation/2026-08-09-validation.md
四元环过渡态,7,09-审计报告/auto-validation/2026-08-02-validation.md; 09-审计报告/auto-validation/2026-08-03-validation.md; 09-审计报告/auto-validation/2026-08-09-validation.md
镓化学,7,09-审计报告/auto-validation/2026-08-02-validation.md; 09-审计报告/auto-validation/2026-08-03-validation.md; 09-审计报告/auto-validation/2026-08-09-validation.md
主族化学,7,09-审计报告/auto-validation/2026-08-02-validation.md; 09-审计报告/auto-validation/2026-08-03-validation.md; 09-审计报告/auto-validation/2026-08-09-validation.md
键长变化,7,09-审计报告/auto-validation/2026-08-02-validation.md; 09-审计报告/auto-validation/2026-08-03-validation.md; 09-审计报告/auto-validation/2026-08-09-validation.md
溶剂分子,7,09-审计报告/auto-validation/2026-08-02-validation.md; 09-审计报告/auto-validation/2026-08-03-validation.md; 09-审计报告/auto-validation/2026-08-09-validation.md
框架结构,7,09-审计报告/auto-validation/2026-08-02-validation.md; 09-审计报告/auto-validation/2026-08-03-validation.md; 09-审计报告/auto-validation/2026-08-09-validation.md
刚性,7,09-审计报告/auto-validation/2026-08-02-validation.md; 09-审计报告/auto-validation/2026-08-03-validation.md; 09-审计报告/auto-validation/2026-08-09-validation.md
晶体工程深化,7,09-审计报告/auto-validation/2026-08-02-validation.md; 09-审计报告/auto-validation/2026-08-03-validation.md; 09-审计报告/auto-validation/2026-08-09-validation.md
多元酸碱,7,09-审计报告/auto-validation/2026-08-02-validation.md; 09-审计报告/auto-validation/2026-08-03-validation.md; 09-审计报告/auto-validation/2026-08-09-validation.md
氨基酸滴定,7,09-审计报告/auto-validation/2026-08-02-validation.md; 09-审计报告/auto-validation/2026-08-03-validation.md; 09-审计报告/auto-validation/2026-08-09-validation.md
误差计算,7,09-审计报告/auto-validation/2026-08-02-validation.md; 09-审计报告/auto-validation/2026-08-03-validation.md; 09-审计报告/auto-validation/2026-08-09-validation.md
天平精度,7,09-审计报告/auto-validation/2026-08-02-validation.md; 09-审计报告/auto-validation/2026-08-03-validation.md; 09-审计报告/auto-validation/2026-08-09-validation.md
含量计算,7,09-审计报告/auto-validation/2026-08-02-validation.md; 09-审计报告/auto-validation/2026-08-03-validation.md; 09-审计报告/auto-validation/2026-08-09-validation.md
单位换算,7,09-审计报告/auto-validation/2026-08-02-validation.md; 09-审计报告/auto-validation/2026-08-03-validation.md; 09-审计报告/auto-validation/2026-08-09-validation.md
压力影响,7,09-审计报告/auto-validation/2026-08-02-validation.md; 09-审计报告/auto-validation/2026-08-03-validation.md; 09-审计报告/auto-validation/2026-08-09-validation.md
气体偏离,7,09-审计报告/auto-validation/2026-08-02-validation.md; 09-审计报告/auto-validation/2026-08-03-validation.md; 09-审计报告/auto-validation/2026-08-09-validation.md
三级膨胀法,7,09-审计报告/auto-validation/2026-08-02-validation.md; 09-审计报告/auto-validation/2026-08-03-validation.md; 09-审计报告/auto-validation/2026-08-09-validation.md
物理化学,7,09-审计报告/auto-validation/2026-08-02-validation.md; 09-审计报告/auto-validation/2026-08-03-validation.md; 09-审计报告/auto-validation/2026-08-09-validation.md
线性回归,7,09-审计报告/auto-validation/2026-08-02-validation.md; 09-审计报告/auto-validation/2026-08-03-validation.md; 09-审计报告/auto-validation/2026-08-09-validation.md
n-BuLi,7,09-审计报告/auto-validation/2026-08-02-validation.md; 09-审计报告/auto-validation/2026-08-03-validation.md; 09-审计报告/auto-validation/2026-08-09-validation.md
高价态氧合物,7,09-审计报告/auto-validation/2026-08-02-validation.md; 09-审计报告/auto-validation/2026-08-03-validation.md; 09-审计报告/auto-validation/2026-08-09-validation.md
多聚体结构,7,09-审计报告/auto-validation/2026-08-02-validation.md; 09-审计报告/auto-validation/2026-08-03-validation.md; 09-审计报告/auto-validation/2026-08-09-validation.md
五元环选择性,7,09-审计报告/auto-validation/2026-08-02-validation.md; 09-审计报告/auto-validation/2026-08-03-validation.md; 09-审计报告/auto-validation/2026-08-09-validation.md
锂卤交换中间体,7,09-审计报告/auto-validation/2026-08-02-validation.md; 09-审计报告/auto-validation/2026-08-03-validation.md; 09-审计报告/auto-validation/2026-08-09-validation.md
pKa记忆,7,09-审计报告/auto-validation/2026-08-02-validation.md; 09-审计报告/auto-validation/2026-08-03-validation.md; 09-审计报告/auto-validation/2026-08-09-validation.md
三元环开环反应,7,09-审计报告/auto-validation/2026-08-02-validation.md; 09-审计报告/auto-validation/2026-08-03-validation.md; 09-审计报告/auto-validation/2026-08-09-validation.md
环氧化合物酸性开环,7,09-审计报告/auto-validation/2026-08-02-validation.md; 09-审计报告/auto-validation/2026-08-03-validation.md; 09-审计报告/auto-validation/2026-08-09-validation.md
活泼氢交换,7,09-审计报告/auto-validation/2026-08-02-validation.md; 09-审计报告/auto-validation/2026-08-03-validation.md; 09-审计报告/auto-validation/2026-08-09-validation.md
半缩醛可逆性,7,09-审计报告/auto-validation/2026-08-02-validation.md; 09-审计报告/auto-validation/2026-08-03-validation.md; 09-审计报告/auto-validation/2026-08-09-validation.md
羰基化合物反应可逆性,7,09-审计报告/auto-validation/2026-08-02-validation.md; 09-审计报告/auto-validation/2026-08-03-validation.md; 09-审计报告/auto-validation/2026-08-09-validation.md
偶极环加成,7,09-审计报告/auto-validation/2026-08-02-validation.md; 09-审计报告/auto-validation/2026-08-03-validation.md; 09-审计报告/auto-validation/2026-08-09-validation.md
"1,3-σ迁移",7,09-审计报告/auto-validation/2026-08-02-validation.md; 09-审计报告/auto-validation/2026-08-03-validation.md; 09-审计报告/auto-validation/2026-08-09-validation.md
氟化物,7,09-审计报告/auto-validation/2026-08-02-validation.md; 09-审计报告/auto-validation/2026-08-03-validation.md; 09-审计报告/auto-validation/2026-08-09-validation.md
卤素加成,7,09-审计报告/auto-validation/2026-08-02-validation.md; 09-审计报告/auto-validation/2026-08-03-validation.md; 09-审计报告/auto-validation/2026-08-09-validation.md
米氏方程,7,09-审计报告/auto-validation/2026-08-02-validation.md; 09-审计报告/auto-validation/2026-08-03-validation.md; 09-审计报告/auto-validation/2026-08-09-validation.md
双倒数作图,7,09-审计报告/auto-validation/2026-08-02-validation.md; 09-审计报告/auto-validation/2026-08-03-validation.md; 09-审计报告/auto-validation/2026-08-09-validation.md
生化标准态,7,09-审计报告/auto-validation/2026-08-02-validation.md; 09-审计报告/auto-validation/2026-08-03-validation.md; 09-审计报告/auto-validation/2026-08-09-validation.md
热力学平衡,7,09-审计报告/auto-validation/2026-08-02-validation.md; 09-审计报告/auto-validation/2026-08-03-validation.md; 09-审计报告/auto-validation/2026-08-09-validation.md
Norrish反应,7,09-审计报告/auto-validation/2026-08-02-validation.md; 09-审计报告/auto-validation/2026-08-03-validation.md; 09-审计报告/auto-validation/2026-08-09-validation.md
α-碳负离子,7,09-审计报告/auto-validation/2026-08-02-validation.md; 09-审计报告/auto-validation/2026-08-03-validation.md; 09-审计报告/auto-validation/2026-08-09-validation.md
平衡思维,7,09-审计报告/auto-validation/2026-08-02-validation.md; 09-审计报告/auto-validation/2026-08-03-validation.md; 09-审计报告/auto-validation/2026-08-09-validation.md
Knorr吡咯合成,7,09-审计报告/auto-validation/2026-08-02-validation.md; 09-审计报告/auto-validation/2026-08-03-validation.md; 09-审计报告/auto-validation/2026-08-09-validation.md
低共熔混合物,7,09-审计报告/auto-validation/2026-08-02-validation.md; 09-审计报告/auto-validation/2026-08-03-validation.md; 09-审计报告/auto-validation/2026-08-09-validation.md
分子轨道理论初步,7,09-审计报告/auto-validation/2026-08-02-validation.md; 09-审计报告/auto-validation/2026-08-03-validation.md; 09-审计报告/auto-validation/2026-08-09-validation.md
配位化合物结构与性质,7,09-审计报告/auto-validation/2026-08-02-validation.md; 09-审计报告/auto-validation/2026-08-03-validation.md; 09-审计报告/auto-validation/2026-08-09-validation.md
物理化学（第11版）14章 分子相互作用 594-649,7,09-审计报告/auto-validation/2026-08-02-validation.md; 09-审计报告/auto-validation/2026-08-03-validation.md; 09-审计报告/auto-validation/2026-08-09-validation.md
双原子分子电子结构,7,09-审计报告/auto-validation/2026-08-02-validation.md; 09-审计报告/auto-validation/2026-08-03-validation.md; 09-审计报告/auto-validation/2026-08-09-validation.md
Schotten-Baumann反应,7,09-审计报告/auto-validation/2026-08-02-validation.md; 09-审计报告/auto-validation/2026-08-03-validation.md; 09-审计报告/auto-validation/2026-08-09-validation.md
Weinreb酰胺,7,09-审计报告/auto-validation/2026-08-02-validation.md; 09-审计报告/auto-validation/2026-08-03-validation.md; 09-审计报告/auto-validation/2026-08-09-validation.md
亚硫酰氯,7,09-审计报告/auto-validation/2026-08-02-validation.md; 09-审计报告/auto-validation/2026-08-03-validation.md; 09-审计报告/auto-validation/2026-08-09-validation.md
AB体系,7,09-审计报告/auto-validation/2026-08-02-validation.md; 09-审计报告/auto-validation/2026-08-03-validation.md; 09-审计报告/auto-validation/2026-08-09-validation.md
¹H NMR化学位移速查表,7,09-审计报告/auto-validation/2026-08-02-validation.md; 09-审计报告/auto-validation/2026-08-03-validation.md; 09-审计报告/auto-validation/2026-08-09-validation.md
典型偶合常数,7,09-审计报告/auto-validation/2026-08-02-validation.md; 09-审计报告/auto-validation/2026-08-03-validation.md; 09-审计报告/auto-validation/2026-08-09-validation.md
E/Z构型,7,09-审计报告/auto-validation/2026-08-02-validation.md; 09-审计报告/auto-validation/2026-08-03-validation.md; 09-审计报告/auto-validation/2026-08-09-validation.md
Fisher投影式,7,09-审计报告/auto-validation/2026-08-02-validation.md; 09-审计报告/auto-validation/2026-08-03-validation.md; 09-审计报告/auto-validation/2026-08-09-validation.md
"1,3-双直立相互作用",7,09-审计报告/auto-validation/2026-08-02-validation.md; 09-审计报告/auto-validation/2026-08-03-validation.md; 09-审计报告/auto-validation/2026-08-09-validation.md
甾族化合物,7,09-审计报告/auto-validation/2026-08-02-validation.md; 09-审计报告/auto-validation/2026-08-03-validation.md; 09-审计报告/auto-validation/2026-08-09-validation.md
消除反应-取代竞争,7,09-审计报告/auto-validation/2026-08-02-validation.md; 09-审计报告/auto-validation/2026-08-03-validation.md; 09-审计报告/auto-validation/2026-08-09-validation.md
萘的化学,7,09-审计报告/auto-validation/2026-08-02-validation.md; 09-审计报告/auto-validation/2026-08-03-validation.md; 09-审计报告/auto-validation/2026-08-09-validation.md
交叉Aldol,7,09-审计报告/auto-validation/2026-08-02-validation.md; 09-审计报告/auto-validation/2026-08-03-validation.md; 09-审计报告/auto-validation/2026-08-09-validation.md
硫稳定阴离子,7,09-审计报告/auto-validation/2026-08-02-validation.md; 09-审计报告/auto-validation/2026-08-03-validation.md; 09-审计报告/auto-validation/2026-08-09-validation.md
β-硅基阳离子,7,09-审计报告/auto-validation/2026-08-02-validation.md; 09-审计报告/auto-validation/2026-08-03-validation.md; 09-审计报告/auto-validation/2026-08-09-validation.md
极性反转Umpolung,7,09-审计报告/auto-validation/2026-08-02-validation.md; 09-审计报告/auto-validation/2026-08-03-validation.md; 09-审计报告/auto-validation/2026-08-09-validation.md
氧化程度分类,7,09-审计报告/auto-validation/2026-08-02-validation.md; 09-审计报告/auto-validation/2026-08-03-validation.md; 09-审计报告/auto-validation/2026-08-09-validation.md
结构推断题,7,09-审计报告/auto-validation/2026-08-02-validation.md; 09-审计报告/auto-validation/2026-08-03-validation.md; 09-审计报告/auto-validation/2026-08-09-validation.md
命名题,7,09-审计报告/auto-validation/2026-08-02-validation.md; 09-审计报告/auto-validation/2026-08-03-validation.md; 09-审计报告/auto-validation/2026-08-09-validation.md
维生素D,7,09-审计报告/auto-validation/2026-08-02-validation.md; 09-审计报告/auto-validation/2026-08-03-validation.md; 09-审计报告/auto-validation/2026-08-09-validation.md
键的强度,7,09-审计报告/auto-validation/2026-08-02-validation.md; 09-审计报告/auto-validation/2026-08-03-validation.md; 09-审计报告/auto-validation/2026-08-09-validation.md
36-重排反应,7,09-审计报告/auto-validation/2026-08-02-validation.md; 09-审计报告/auto-validation/2026-08-03-validation.md; 09-审计报告/auto-validation/2026-08-09-validation.md
35-消除反应,7,09-审计报告/auto-validation/2026-08-02-validation.md; 09-审计报告/auto-validation/2026-08-03-validation.md; 09-审计报告/auto-validation/2026-08-09-validation.md
39-金属有机化学,7,09-审计报告/auto-validation/2026-08-02-validation.md; 09-审计报告/auto-validation/2026-08-03-validation.md; 09-审计报告/auto-validation/2026-08-09-validation.md
卡宾体,7,09-审计报告/auto-validation/2026-08-02-validation.md; 09-审计报告/auto-validation/2026-08-03-validation.md; 09-审计报告/auto-validation/2026-08-09-validation.md
X射线晶体学,7,09-审计报告/auto-validation/2026-08-02-validation.md; 09-审计报告/auto-validation/2026-08-03-validation.md; 09-审计报告/auto-validation/2026-08-09-validation.md
β-负氢消除,7,09-审计报告/auto-validation/2026-08-02-validation.md; 09-审计报告/auto-validation/2026-08-03-validation.md; 09-审计报告/auto-validation/2026-08-09-validation.md
配体加速催化,7,09-审计报告/auto-validation/2026-08-02-validation.md; 09-审计报告/auto-validation/2026-08-03-validation.md; 09-审计报告/auto-validation/2026-08-09-validation.md
核酸结构,7,09-审计报告/auto-validation/2026-08-02-validation.md; 09-审计报告/auto-validation/2026-08-03-validation.md; 09-审计报告/auto-validation/2026-08-09-validation.md
环状磷酸酯,7,09-审计报告/auto-validation/2026-08-02-validation.md; 09-审计报告/auto-validation/2026-08-03-validation.md; 09-审计报告/auto-validation/2026-08-09-validation.md
σ键与π键,7,09-审计报告/auto-validation/2026-08-02-validation.md; 09-审计报告/auto-validation/2026-08-03-validation.md; 09-审计报告/auto-validation/2026-08-09-validation.md
Thorpe-Ingold效应,7,09-审计报告/auto-validation/2026-08-02-validation.md; 09-审计报告/auto-validation/2026-08-03-validation.md; 09-审计报告/auto-validation/2026-08-09-validation.md
铂族元素化学,7,09-审计报告/auto-validation/2026-08-02-validation.md; 09-审计报告/auto-validation/2026-08-03-validation.md; 09-审计报告/auto-validation/2026-08-09-validation.md
光谱项,7,09-审计报告/auto-validation/2026-08-02-validation.md; 09-审计报告/auto-validation/2026-08-03-validation.md; 09-审计报告/auto-validation/2026-08-09-validation.md
电子云重排效应,7,09-审计报告/auto-validation/2026-08-02-validation.md; 09-审计报告/auto-validation/2026-08-03-validation.md; 09-审计报告/auto-validation/2026-08-09-validation.md
选律（自旋+Laporte）,7,09-审计报告/auto-validation/2026-08-02-validation.md; 09-审计报告/auto-validation/2026-08-03-validation.md; 09-审计报告/auto-validation/2026-08-09-validation.md
Irving-Williams序列,7,09-审计报告/auto-validation/2026-08-02-validation.md; 09-审计报告/auto-validation/2026-08-03-validation.md; 09-审计报告/auto-validation/2026-08-09-validation.md
锕系元素化学,7,09-审计报告/auto-validation/2026-08-02-validation.md; 09-审计报告/auto-validation/2026-08-03-validation.md; 09-审计报告/auto-validation/2026-08-09-validation.md
离子交换色谱,7,09-审计报告/auto-validation/2026-08-02-validation.md; 09-审计报告/auto-validation/2026-08-03-validation.md; 09-审计报告/auto-validation/2026-08-09-validation.md
决赛11-物理化学,7,09-审计报告/auto-validation/2026-08-02-validation.md; 09-审计报告/auto-validation/2026-08-03-validation.md; 09-审计报告/auto-validation/2026-08-09-validation.md
接触法制硫酸,7,09-审计报告/auto-validation/2026-08-02-validation.md; 09-审计报告/auto-validation/2026-08-03-validation.md; 09-审计报告/auto-validation/2026-08-09-validation.md
气体扩散定律,7,09-审计报告/auto-validation/2026-08-02-validation.md; 09-审计报告/auto-validation/2026-08-03-validation.md; 09-审计报告/auto-validation/2026-08-09-validation.md
Gibbs-Helmholtz方程,7,09-审计报告/auto-validation/2026-08-02-validation.md; 09-审计报告/auto-validation/2026-08-03-validation.md; 09-审计报告/auto-validation/2026-08-09-validation.md
习题-结构化学基础-第10章-次级键与超分子,7,09-审计报告/auto-validation/2026-08-02-validation.md; 09-审计报告/auto-validation/2026-08-03-validation.md; 09-审计报告/auto-validation/2026-08-09-validation.md
粒子在箱中模型,7,09-审计报告/auto-validation/2026-08-02-validation.md; 09-审计报告/auto-validation/2026-08-03-validation.md; 09-审计报告/auto-validation/2026-08-09-validation.md
习题-结构化学基础-第5章-多原子分子结构,7,09-审计报告/auto-validation/2026-08-02-validation.md; 09-审计报告/auto-validation/2026-08-03-validation.md; 09-审计报告/auto-validation/2026-08-09-validation.md
碱金属液氨溶液,7,09-审计报告/auto-validation/2026-08-02-validation.md; 09-审计报告/auto-validation/2026-08-03-validation.md; 09-审计报告/auto-validation/2026-08-09-validation.md
氨碱法与联合制碱法,7,09-审计报告/auto-validation/2026-08-02-validation.md; 09-审计报告/auto-validation/2026-08-03-validation.md; 09-审计报告/auto-validation/2026-08-09-validation.md
离子势与氢氧化物酸碱性,7,09-审计报告/auto-validation/2026-08-02-validation.md; 09-审计报告/auto-validation/2026-08-03-validation.md; 09-审计报告/auto-validation/2026-08-09-validation.md
1-化学方程式,7,09-审计报告/auto-validation/2026-08-02-validation.md; 09-审计报告/auto-validation/2026-08-03-validation.md; 09-审计报告/auto-validation/2026-08-09-validation.md
全碳环,7,09-审计报告/auto-validation/2026-08-02-validation.md; 09-审计报告/auto-validation/2026-08-03-validation.md; 09-审计报告/auto-validation/2026-08-09-validation.md
30-立体化学,7,09-审计报告/auto-validation/2026-08-02-validation.md; 09-审计报告/auto-validation/2026-08-03-validation.md; 09-审计报告/auto-validation/2026-08-09-validation.md
31-取代反应,7,09-审计报告/auto-validation/2026-08-02-validation.md; 09-审计报告/auto-validation/2026-08-03-validation.md; 09-审计报告/auto-validation/2026-08-09-validation.md
32-消除反应,7,09-审计报告/auto-validation/2026-08-02-validation.md; 09-审计报告/auto-validation/2026-08-03-validation.md; 09-审计报告/auto-validation/2026-08-09-validation.md
33-加成反应,7,09-审计报告/auto-validation/2026-08-02-validation.md; 09-审计报告/auto-validation/2026-08-03-validation.md; 09-审计报告/auto-validation/2026-08-09-validation.md
44-亲电取代反应,7,09-审计报告/auto-validation/2026-08-02-validation.md; 09-审计报告/auto-validation/2026-08-03-validation.md; 09-审计报告/auto-validation/2026-08-09-validation.md
钛化学,7,09-审计报告/auto-validation/2026-08-02-validation.md; 09-审计报告/auto-validation/2026-08-03-validation.md; 09-审计报告/auto-validation/2026-08-09-validation.md
钒化学,7,09-审计报告/auto-validation/2026-08-02-validation.md; 09-审计报告/auto-validation/2026-08-03-validation.md; 09-审计报告/auto-validation/2026-08-09-validation.md
锰化学,7,09-审计报告/auto-validation/2026-08-02-validation.md; 09-审计报告/auto-validation/2026-08-03-validation.md; 09-审计报告/auto-validation/2026-08-09-validation.md
钴化学,7,09-审计报告/auto-validation/2026-08-02-validation.md; 09-审计报告/auto-validation/2026-08-03-validation.md; 09-审计报告/auto-validation/2026-08-09-validation.md
镍化学,7,09-审计报告/auto-validation/2026-08-02-validation.md; 09-审计报告/auto-validation/2026-08-03-validation.md; 09-审计报告/auto-validation/2026-08-09-validation.md
有机反应热力学,7,09-审计报告/auto-validation/2026-08-02-validation.md; 09-审计报告/auto-validation/2026-08-03-validation.md; 09-审计报告/auto-validation/2026-08-09-validation.md
二苯乙醇酸重排,7,09-审计报告/auto-validation/2026-08-02-validation.md; 09-审计报告/auto-validation/2026-08-03-validation.md; 09-审计报告/auto-validation/2026-08-09-validation.md
波谱原理,7,09-审计报告/auto-validation/2026-08-02-validation.md; 09-审计报告/auto-validation/2026-08-03-validation.md; 09-审计报告/auto-validation/2026-08-09-validation.md
有机化学综合,7,09-审计报告/auto-validation/2026-08-02-validation.md; 09-审计报告/auto-validation/2026-08-03-validation.md; 09-审计报告/auto-validation/2026-08-09-validation.md
波谱分析总论,7,09-审计报告/auto-validation/2026-08-02-validation.md; 09-审计报告/auto-validation/2026-08-03-validation.md; 09-审计报告/auto-validation/2026-08-09-validation.md
动力学控制vs热力学控制,7,09-审计报告/auto-validation/2026-08-02-validation.md; 09-审计报告/auto-validation/2026-08-03-validation.md; 09-审计报告/auto-validation/2026-08-09-validation.md
理想溶液,7,09-审计报告/auto-validation/2026-08-02-validation.md; 09-审计报告/auto-validation/2026-08-03-validation.md; 09-审计报告/auto-validation/2026-08-09-validation.md
范特霍夫微分式,7,09-审计报告/auto-validation/2026-08-02-validation.md; 09-审计报告/auto-validation/2026-08-03-validation.md; 09-审计报告/auto-validation/2026-08-09-validation.md
离子淌度,7,09-审计报告/auto-validation/2026-08-02-validation.md; 09-审计报告/auto-validation/2026-08-03-validation.md; 09-审计报告/auto-validation/2026-08-09-validation.md
标准氢电极,7,09-审计报告/auto-validation/2026-08-02-validation.md; 09-审计报告/auto-validation/2026-08-03-validation.md; 09-审计报告/auto-validation/2026-08-09-validation.md
极化,7,09-审计报告/auto-validation/2026-08-02-validation.md; 09-审计报告/auto-validation/2026-08-03-validation.md; 09-审计报告/auto-validation/2026-08-09-validation.md
相图扩展,7,09-审计报告/auto-validation/2026-08-02-validation.md; 09-审计报告/auto-validation/2026-08-03-validation.md; 09-审计报告/auto-validation/2026-08-09-validation.md
物理化学/溶液与电化学,7,09-审计报告/auto-validation/2026-08-02-validation.md; 09-审计报告/auto-validation/2026-08-03-validation.md; 09-审计报告/auto-validation/2026-08-09-validation.md
21-有机化合物的结构与性质关系,7,09-审计报告/auto-validation/2026-08-02-validation.md; 09-审计报告/auto-validation/2026-08-03-validation.md; 09-审计报告/auto-validation/2026-08-09-validation.md
24-立体异构,7,09-审计报告/auto-validation/2026-08-02-validation.md; 09-审计报告/auto-validation/2026-08-03-validation.md; 09-审计报告/auto-validation/2026-08-09-validation.md
27-构象分析与空间效应,7,09-审计报告/auto-validation/2026-08-02-validation.md; 09-审计报告/auto-validation/2026-08-03-validation.md; 09-审计报告/auto-validation/2026-08-09-validation.md
37-区域与立体选择性基础,7,09-审计报告/auto-validation/2026-08-02-validation.md; 09-审计报告/auto-validation/2026-08-03-validation.md; 09-审计报告/auto-validation/2026-08-09-validation.md
32-碳正离子与区域选择性,7,09-审计报告/auto-validation/2026-08-02-validation.md; 09-审计报告/auto-validation/2026-08-03-validation.md; 09-审计报告/auto-validation/2026-08-09-validation.md
36-亲核取代反应,7,09-审计报告/auto-validation/2026-08-02-validation.md; 09-审计报告/auto-validation/2026-08-03-validation.md; 09-审计报告/auto-validation/2026-08-09-validation.md
37-加成与区域选择性,7,09-审计报告/auto-validation/2026-08-02-validation.md; 09-审计报告/auto-validation/2026-08-03-validation.md; 09-审计报告/auto-validation/2026-08-09-validation.md
41-芳香/共轭与离域基础,7,09-审计报告/auto-validation/2026-08-02-validation.md; 09-审计报告/auto-validation/2026-08-03-validation.md; 09-审计报告/auto-validation/2026-08-09-validation.md
43-烯烃和炔烃化学,7,09-审计报告/auto-validation/2026-08-02-validation.md; 09-审计报告/auto-validation/2026-08-03-validation.md; 09-审计报告/auto-validation/2026-08-09-validation.md
44-取代与消除竞争,7,09-审计报告/auto-validation/2026-08-02-validation.md; 09-审计报告/auto-validation/2026-08-03-validation.md; 09-审计报告/auto-validation/2026-08-09-validation.md
49-周环反应前置,7,09-审计报告/auto-validation/2026-08-02-validation.md; 09-审计报告/auto-validation/2026-08-03-validation.md; 09-审计报告/auto-validation/2026-08-09-validation.md
对甲苯磺酸酯,7,09-审计报告/auto-validation/2026-08-02-validation.md; 09-审计报告/auto-validation/2026-08-03-validation.md; 09-审计报告/auto-validation/2026-08-09-validation.md
有机合成基础,7,09-审计报告/auto-validation/2026-08-02-validation.md; 09-审计报告/auto-validation/2026-08-03-validation.md; 09-审计报告/auto-validation/2026-08-09-validation.md
52-杂环化合物与含氮有机物前置,7,09-审计报告/auto-validation/2026-08-02-validation.md; 09-审计报告/auto-validation/2026-08-03-validation.md; 09-审计报告/auto-validation/2026-08-09-validation.md
硝基化合物,7,09-审计报告/auto-validation/2026-08-02-validation.md; 09-审计报告/auto-validation/2026-08-03-validation.md; 09-审计报告/auto-validation/2026-08-09-validation.md
芳胺,7,09-审计报告/auto-validation/2026-08-02-validation.md; 09-审计报告/auto-validation/2026-08-03-validation.md; 09-审计报告/auto-validation/2026-08-09-validation.md
反馈pi键,7,09-审计报告/auto-validation/2026-08-02-validation.md; 09-审计报告/auto-validation/2026-08-03-validation.md; 09-审计报告/auto-validation/2026-08-09-validation.md
晶体场稳定化能-CFSE,7,09-审计报告/auto-validation/2026-08-02-validation.md; 09-审计报告/auto-validation/2026-08-03-validation.md; 09-审计报告/auto-validation/2026-08-09-validation.md
离子半径测定,7,09-审计报告/auto-validation/2026-08-02-validation.md; 09-审计报告/auto-validation/2026-08-03-validation.md; 09-审计报告/auto-validation/2026-08-09-validation.md
教学逻辑提炼,7,09-审计报告/auto-validation/2026-08-02-validation.md; 09-审计报告/auto-validation/2026-08-03-validation.md; 09-审计报告/auto-validation/2026-08-09-validation.md
习题提炼,7,09-审计报告/auto-validation/2026-08-02-validation.md; 09-审计报告/auto-validation/2026-08-03-validation.md; 09-审计报告/auto-validation/2026-08-09-validation.md
10-附件/图注/Frost图-氮实例,7,09-审计报告/auto-validation/2026-08-02-validation.md; 09-审计报告/auto-validation/2026-08-03-validation.md; 09-审计报告/auto-validation/2026-08-09-validation.md
KP-2,7,11-模板/Agent提示词-知识库使用.md; 11-模板/模板-专题.md; 11-模板/模板-专题练习卷.md
原子结构-超级充实版（课堂填空）,6,00-首页/工作日志/2026-06-30.md; 09-审计报告/审计报告-教学逻辑链路一致性审计-2026-06-30.md; 备课思路/深度边界调整说明-原子结构超级充实版.md
资料提炼-踩坑沉淀,6,00-首页/工作日志/2026-08-14.md; 09-审计报告/auto-validation/2026-08-02-validation.md; 09-审计报告/auto-validation/2026-08-03-validation.md
术语标准化-踩坑沉淀,6,00-首页/工作日志/2026-08-14.md; 09-审计报告/auto-validation/2026-08-02-validation.md; 09-审计报告/auto-validation/2026-08-03-validation.md
图像缺失-踩坑沉淀,6,00-首页/工作日志/2026-08-14.md; 09-审计报告/auto-validation/2026-08-02-validation.md; 09-审计报告/auto-validation/2026-08-03-validation.md
标题-内容不匹配-踩坑沉淀,6,00-首页/工作日志/2026-08-14.md; 09-审计报告/auto-validation/2026-08-02-validation.md; 09-审计报告/auto-validation/2026-08-03-validation.md
经验沉淀-MinerU转写问题,6,00-首页/工作日志/2026-08-14.md; 09-审计报告/auto-validation/2026-08-02-validation.md; 09-审计报告/auto-validation/2026-08-03-validation.md
经验沉淀-术语与符号约定,6,00-首页/工作日志/2026-08-14.md; 09-审计报告/auto-validation/2026-08-02-validation.md; 09-审计报告/auto-validation/2026-08-03-validation.md
经验沉淀-MinerU图像提取,6,00-首页/工作日志/2026-08-14.md; 09-审计报告/auto-validation/2026-08-02-validation.md; 09-审计报告/auto-validation/2026-08-03-validation.md
经验沉淀-OCR噪声识别,6,00-首页/工作日志/2026-08-14.md; 09-审计报告/auto-validation/2026-08-02-validation.md; 09-审计报告/auto-validation/2026-08-03-validation.md
OCR处理最佳实践,6,00-首页/工作日志/2026-08-14.md; 09-审计报告/auto-validation/2026-08-02-validation.md; 09-审计报告/auto-validation/2026-08-03-validation.md
术语标准化规范,6,00-首页/工作日志/2026-08-14.md; 09-审计报告/auto-validation/2026-08-02-validation.md; 09-审计报告/auto-validation/2026-08-03-validation.md
图像补充检查清单,6,00-首页/工作日志/2026-08-14.md; 09-审计报告/auto-validation/2026-08-02-validation.md; 09-审计报告/auto-validation/2026-08-03-validation.md
OCR噪声识别与处理,6,00-首页/工作日志/2026-08-14.md; 09-审计报告/auto-validation/2026-08-02-validation.md; 09-审计报告/auto-validation/2026-08-03-validation.md
08-可视化资源/02-CIF文件库/04-金属晶体/Mg-P63mmc.cif,6,03-知识点/无机和结构化学/六方密堆积.md; 03-知识点/无机和结构化学/晶体结构.md; 03-知识点/无机和结构化学/晶格常数.md
08-可视化资源/02-CIF文件库/02-离子晶体/ZnS-F-43m.cif,6,03-知识点/无机和结构化学/晶体结构.md; 03-知识点/无机和结构化学/立方ZnS型结构.md; 03-知识点/无机和结构化学/配位数.md
热力学初步,6,04-课件/备课大纲/2026-06-02-化学动力学初步-基础班.md; 04-课件/备课大纲/2026-06-02-化学平衡-基础班.md; 04-课件/备课大纲/2026-06-02-热力学初步-基础班.md
卷名,6,04-题库/习题集体系总纲.md; 04-题库/组卷工作台.md; 09-审计报告/auto-validation/2026-08-28-validation.md
04-题库/真题/第30届初赛/有机化学/题-030-9-2-1-中间体D及产物E结构,6,09-审计报告/2026-06-07-断链检测.md; 09-审计报告/2026-06-08-断链检测.md
03-知识点/有机化学/有机反应机理,6,09-审计报告/2026-06-07-断链检测.md; 09-审计报告/2026-06-08-断链检测.md
^/,6,09-审计报告/2026-09-18-题库源题版式缺陷清单.md; 09-审计报告/讲义等宽段治理-口径与清单-2026-09-11.md; 11-模板/Agent提示词-知识库维护.md
mineru/path,6,09-审计报告/auto-validation/2026-08-02-validation.md; 11-模板/Agent提示词-知识库构建.md
media/xxx,6,09-审计报告/auto-validation/2026-08-02-validation.md; 11-模板/LaTeX PDF管线使用手册.md; 11-模板/scripts/LATEX_STRATEGY.md
04-题库/真题/第39届初赛/无机和结构化学/题-039-1-1-雄黄变铁与砒黄变铜,6,09-审计报告/auto-validation/2026-08-31-validation.md
KP-XX,6,11-模板/Agent-10-备课-轻量.md; 11-模板/Agent提示词-知识库使用.md; 11-模板/模板-备课大纲.md
.workbuddy/backups/pre-gc-20260913/诊断报告-20260913,5,00-首页/基础设施优化备忘.md; 00-首页/工作日志/2026-09-13.md; 00-首页/活跃任务/任务卡-2026-09-13-git仓库膨胀治理.md
08-可视化资源/02-CIF文件库/02-离子晶体/CaF2-Fm-3m.cif,5,03-知识点/无机和结构化学/CaF2型结构.md; 03-知识点/无机和结构化学/晶体结构.md; 03-知识点/无机和结构化学/配位数.md
08-可视化资源/02-CIF文件库/04-金属晶体/Fe-Im-3m.cif,5,03-知识点/无机和结构化学/晶体结构.md; 03-知识点/无机和结构化学/配位数.md; 03-知识点/无机和结构化学/金属晶体.md
04-题库/真题/第39届初赛/无机和结构化学/题-039-1-雄黄变铁与砒黄变铜/,5,04-专题与题型/专题/专题-元素化学深度与结构推断综合.md; 04-课件/备课大纲/2026-06-08-元素化学深度-冲刺班.md
六方晶系,5,04-题库/元文件/模块习题集-结构化学.md; 04-题库/教材习题/化学竞赛初赛讲义/题-072-初赛讲义-晶体结构-习题7.23.md; 04-题库/教材习题/化学能力测试/题-323-化学能力测试-Ch3A-8-LaNi5储氢.md
知识点1,5,04-题库/元文件/教材习题/结构化学基础/题库格式速查.md; 07-资料提炼/书籍提炼/提炼计划-中级无机化学.md; 07-资料提炼/书籍提炼/提炼计划-结构化学基础.md
知识点2,5,04-题库/元文件/教材习题/结构化学基础/题库格式速查.md; 07-资料提炼/书籍提炼/提炼计划-中级无机化学.md; 07-资料提炼/书籍提炼/提炼计划-结构化学基础.md
04-题库/真题/第30届初赛/化学原理/题-030-6-1-295K下N2O4NO2分压计算,5,09-审计报告/2026-06-07-断链检测.md; 09-审计报告/2026-06-08-断链检测.md; 09-审计报告/auto-validation/2026-08-31-validation.md
决赛要求-结构与配位化学深化,5,09-审计报告/2026-07-12-全库逐文件深度审计.md
碎片化,5,09-审计报告/auto-validation/2026-08-31-validation.md; 09-审计报告/auto-validation/2026-09-01-validation.md; 09-审计报告/auto-validation/2026-09-02-validation.md
学生讲义/_归档,5,09-审计报告/auto-validation/2026-08-09-validation.md; 09-审计报告/auto-validation/2026-08-10-validation.md; 09-审计报告/auto-validation/2026-08-13-validation.md
04-课件/学生讲义/2026-06-23-醛酮羧酸,5,09-审计报告/auto-validation/2026-08-09-validation.md
04-课件/学生讲义/2026-06-23-亲核取代与消除反应,5,09-审计报告/auto-validation/2026-08-09-validation.md
硅酸盐与分子筛,5,09-审计报告/auto-validation/2026-08-09-validation.md; 09-审计报告/auto-validation/2026-08-10-validation.md; 09-审计报告/auto-validation/2026-08-13-validation.md
铌钽,5,09-审计报告/auto-validation/2026-08-09-validation.md; 09-审计报告/auto-validation/2026-08-10-validation.md; 09-审计报告/auto-validation/2026-08-13-validation.md
钪系、钛系、钪系,5,09-审计报告/auto-validation/2026-08-09-validation.md; 09-审计报告/auto-validation/2026-08-10-validation.md; 09-审计报告/auto-validation/2026-08-13-validation.md
f区元素化学,5,09-审计报告/auto-validation/2026-08-09-validation.md; 09-审计报告/auto-validation/2026-08-10-validation.md; 09-审计报告/auto-validation/2026-08-13-validation.md
10-索引与统计/已核验图片清单,5,09-审计报告/auto-validation/2026-08-09-validation.md; 09-审计报告/auto-validation/2026-08-10-validation.md; 09-审计报告/auto-validation/2026-08-13-validation.md
SN2'反应,5,09-审计报告/auto-validation/2026-08-10-validation.md; 09-审计报告/auto-validation/2026-08-13-validation.md; 09-审计报告/auto-validation/2026-08-14-validation.md
04-题库/真题/第39届初赛/无机和结构化学/题-039-1-4-彩金制备与硒砂作用,5,09-审计报告/auto-validation/2026-08-31-validation.md
04-题库/真题/第38届初赛/题-038-1-1-灰狼与矿渣推断,5,09-审计报告/auto-validation/2026-08-31-validation.md
04-题库/真题/第38届初赛/题-038-1-2-炼丹物质推断,5,09-审计报告/auto-validation/2026-08-31-validation.md
自动汇总-*,4,00-首页/使用说明.md; 00-首页/状态摘要.md; 00-首页/自动汇总-说明.md
03-知识点,4,00-首页/活跃任务/任务卡-KP待完善项非文字任务清零.md; 00-首页/首页.md; 09-审计报告/历史任务卡/任务卡-ΔrH散文口径规范.md
04-课件/备课大纲/2026-05-23-氧化还原与电化学-基础班,4,00-首页/工作日志/2026-05-24.md; 00-首页/工作日志/2026-05-27.md
03-知识点/无机和结构化学/配位场理论,4,00-首页/工作日志/2026-07-23.md; 09-审计报告/归档首页/模块连接推进-无机和结构化学.md
哈希名,4,00-首页/工作日志/2026-08-04.md; 09-审计报告/2026-08-04-图片系统重构全周期交接文档.md
题型-平衡常数与转化率,4,00-首页/工作日志/2026-08-10.md; 09-审计报告/auto-validation/2026-08-02-validation.md; 09-审计报告/auto-validation/2026-08-03-validation.md
04-专题与题型/,4,03-知识点/README.md; 04-课件/备课大纲/2026-06-10-有效数字等2个知识点.md; 04-课件/备课大纲/2026-06-10-理想气体状态方程等4个知识点-v2.md
08-可视化资源/02-CIF文件库/02-离子晶体/MgAl2O4-Fd-3m.cif,4,03-知识点/无机和结构化学/尖晶石.md; 03-知识点/无机和结构化学/晶体结构.md; 08-可视化资源/06-可视化索引/无机化学-可视化索引.md
08-可视化资源/02-CIF文件库/02-离子晶体/Fe3O4-Fd-3m.cif,4,03-知识点/无机和结构化学/尖晶石.md; 03-知识点/无机和结构化学/晶体结构.md; 08-可视化资源/06-可视化索引/无机化学-可视化索引.md
08-可视化资源/02-CIF文件库/02-离子晶体/TiO2-P42mnm.cif,4,03-知识点/无机和结构化学/晶体结构.md; 03-知识点/无机和结构化学/晶格常数.md; 08-可视化资源/06-可视化索引/无机化学-可视化索引.md
04-题库/真题/第38届初赛/题-038-1-灰狼与矿渣推断/,4,04-专题与题型/专题/专题-元素化学深度与结构推断综合.md; 04-课件/备课大纲/2026-06-08-元素化学深度-冲刺班.md
化学计量与气体,4,04-专题与题型/专题/专题-化学热力学.md; 04-课件/备课大纲/2026-06-02-定量化学分析-基础班.md; 04-课件/备课大纲/2026-06-02-气体与溶液-基础班.md
07-资料提炼/书籍提炼/提炼-Clayden-第2章-有机结构基础,4,04-专题与题型/题型/题型-R-S构型判断.md; 04-专题与题型/题型/题型-中间体判断.md; 04-专题与题型/题型/题型-供体受体判断.md
前驱文件名,4,04-题库/新题入库SOP.md; 09-审计报告/auto-validation/2026-08-28-validation.md
草酸,4,04-题库/元文件/模块习题集-元素与分析.md; 04-题库/教材习题/上海中学竞赛课程/题-040-上海中学-过渡金属-习题6.md; 04-题库/教材习题/无机化学例题与习题/Ch08-酸碱解离平衡/例题/例8.2-多元弱酸分步解离.md
离子化合物,4,04-题库/元文件/模块习题集-有机化学.md; 04-题库/教材习题/上海中学竞赛课程/题-006-上海中学-卤族元素-习题6.md; 04-题库/教材习题/赵鑫光/题-赵鑫光-原子-习14.md
内盐,4,04-题库/元文件/模块习题集-有机化学.md; 04-题库/真题/第26届初赛/有机化学/题-026-6-喹啉酸最低构型.md; 09-审计报告/遗留专项展开分析_2026-09-03.md
分压计算,4,04-题库/化学原理/Ch06-化学平衡/06-30.md; 04-题库/化学原理/Ch06-化学平衡/06-31.md; 04-题库/教材习题/化学竞赛初赛讲义/题-043-初赛讲义-热力学和动力学初步-习题8.45.md
含氧酸强度,4,04-题库/教材习题/一分册能力测试/索引.md; 09-审计报告/auto-validation/2026-09-03-validation.md; 09-审计报告/auto-validation/2026-09-16-validation.md
二元羧酸,4,04-题库/教材习题/一分册能力测试/索引.md; 09-审计报告/auto-validation/2026-09-03-validation.md; 09-审计报告/auto-validation/2026-09-16-validation.md
分子间氢键,4,04-题库/教材习题/一分册能力测试/索引.md; 09-审计报告/auto-validation/2026-09-03-validation.md; 09-审计报告/auto-validation/2026-09-16-validation.md
叠氮,4,04-题库/教材习题/一分册能力测试/索引.md; 09-审计报告/auto-validation/2026-09-03-validation.md; 09-审计报告/auto-validation/2026-09-16-validation.md
羧酸盐,4,04-题库/教材习题/一分册能力测试/索引.md; 09-审计报告/auto-validation/2026-09-03-validation.md; 09-审计报告/auto-validation/2026-09-16-validation.md
季铵盐,4,04-题库/有机化学/亲核取代与消除反应/题-有机-消除-霍夫曼消除反应机理.md; 04-题库/有机化学/亲核取代与消除反应/题-有机-消除-霍夫曼消除特殊情况分析.md; 04-题库/真题/第30届初赛/有机化学/题-030-8-化合物A到F结构简式.md
04-题库/真题/第37届初赛/题-037-5-NO与H2S反应方程式/,4,07-资料提炼/提炼-第37届初赛试题解析.md
04-题库/真题/第37届初赛/题-037-9-氧化反应选择性/,4,07-资料提炼/提炼-第37届初赛试题解析.md
H₂分子,4,07-资料提炼/习题提炼/习题-结构化学基础-第3章-共价键和双原子分子.md; 09-审计报告/auto-validation/2026-09-03-validation.md; 09-审计报告/auto-validation/2026-09-16-validation.md
晶体性质,4,07-资料提炼/习题提炼/习题-结构化学基础-第7章-晶体的点阵结构.md; 09-审计报告/auto-validation/2026-09-03-validation.md; 09-审计报告/auto-validation/2026-09-16-validation.md
KP-18电子规则,4,07-资料提炼/教学逻辑提炼/质心 元素化学和结构化学 下/教学逻辑提炼-质心-铁系元素-第一轮.md
04-题库/真题/第29届初赛/有机化学/题-029-11-1-托品酮与溴苄反应,4,09-审计报告/2026-06-07-断链检测.md; 09-审计报告/2026-06-08-断链检测.md
04-题库/真题/第31届初赛/有机化学/题-031-8-2-反应类型与立体化学,4,09-审计报告/2026-06-07-断链检测.md; 09-审计报告/2026-06-08-断链检测.md
04-题库/真题/第30届初赛/有机化学/题-030-10-1-生物碱互变中间体A立体结构,4,09-审计报告/2026-06-07-断链检测.md; 09-审计报告/2026-06-08-断链检测.md
04-题库/真题/第28届初赛/无机和结构化学/题-028-8-2-A的结构示意图,4,09-审计报告/2026-06-07-断链检测.md; 09-审计报告/2026-06-08-断链检测.md
x,4,09-审计报告/2026-07-22-全库深度检查报告.md; 09-审计报告/2026-08-31-断链治理诊断.md; 09-审计报告/全库图片利用率统计与清理建议-2026-09-01.md
basename,4,09-审计报告/2026-08-31-题库修复总结.md; 09-审计报告/全库图片利用率统计与清理建议-2026-09-01.md; 09-审计报告/全库图片缺失-核查与恢复-2026-09-01.md
04-课件/学生讲义/<讲义文件名>,4,09-审计报告/2026-09-13-讲义区路径链断链处理清单.md; 11-模板/模板-习题组.md
题-034-2-1-SO4^2-…,4,09-审计报告/习题书裸下标-ACD待批清单-2026-09-14.md; 09-审计报告/习题书裸下标-ACD待批清单-2026-09-15.md
题-Ch21-配位反应机理-习题,4,09-审计报告/auto-validation/2026-08-02-validation.md
media/文件名.扩展名,4,09-审计报告/auto-validation/2026-08-02-validation.md; 11-模板/scripts/README-handout-pipeline.md; 11-模板/scripts/WORKFLOW-讲义PDF生产工作流.md
磷硫化合物,4,09-审计报告/auto-validation/2026-08-10-validation.md; 09-审计报告/auto-validation/2026-08-13-validation.md; 09-审计报告/auto-validation/2026-08-14-validation.md
电荷转移跃迁,4,09-审计报告/auto-validation/2026-08-10-validation.md; 09-审计报告/auto-validation/2026-08-13-validation.md; 09-审计报告/auto-validation/2026-08-14-validation.md
碲,4,09-审计报告/auto-validation/2026-08-10-validation.md; 09-审计报告/auto-validation/2026-08-13-validation.md; 09-审计报告/auto-validation/2026-08-14-validation.md
磷的含氧酸,4,09-审计报告/auto-validation/2026-08-10-validation.md; 09-审计报告/auto-validation/2026-08-13-validation.md; 09-审计报告/auto-validation/2026-08-14-validation.md
超价分子,4,09-审计报告/auto-validation/2026-08-10-validation.md; 09-审计报告/auto-validation/2026-08-13-validation.md; 09-审计报告/auto-validation/2026-08-14-validation.md
离子交换膜,4,09-审计报告/auto-validation/2026-08-10-validation.md; 09-审计报告/auto-validation/2026-08-13-validation.md; 09-审计报告/auto-validation/2026-08-14-validation.md
放射定年,4,09-审计报告/auto-validation/2026-08-10-validation.md; 09-审计报告/auto-validation/2026-08-13-validation.md; 09-审计报告/auto-validation/2026-08-14-validation.md
三棱柱配位场,4,09-审计报告/auto-validation/2026-08-10-validation.md; 09-审计报告/auto-validation/2026-08-13-validation.md; 09-审计报告/auto-validation/2026-08-14-validation.md
溶剂化效应,4,09-审计报告/auto-validation/2026-08-10-validation.md; 09-审计报告/auto-validation/2026-08-13-validation.md; 09-审计报告/auto-validation/2026-08-14-validation.md
质能关系,4,09-审计报告/auto-validation/2026-08-10-validation.md; 09-审计报告/auto-validation/2026-08-13-validation.md; 09-审计报告/auto-validation/2026-08-14-validation.md
湿法冶金,4,09-审计报告/auto-validation/2026-08-10-validation.md; 09-审计报告/auto-validation/2026-08-13-validation.md; 09-审计报告/auto-validation/2026-08-14-validation.md
配位模式,4,09-审计报告/auto-validation/2026-08-10-validation.md; 09-审计报告/auto-validation/2026-08-13-validation.md; 09-审计报告/auto-validation/2026-08-14-validation.md
Fischer投影,4,09-审计报告/auto-validation/2026-08-10-validation.md; 09-审计报告/auto-validation/2026-08-13-validation.md; 09-审计报告/auto-validation/2026-08-14-validation.md
茚三酮反应,4,09-审计报告/auto-validation/2026-08-10-validation.md; 09-审计报告/auto-validation/2026-08-13-validation.md; 09-审计报告/auto-validation/2026-08-14-validation.md
交联聚合物,4,09-审计报告/auto-validation/2026-08-10-validation.md; 09-审计报告/auto-validation/2026-08-13-validation.md; 09-审计报告/auto-validation/2026-08-14-validation.md
针铁矿,4,09-审计报告/auto-validation/2026-08-10-validation.md; 09-审计报告/auto-validation/2026-08-13-validation.md; 09-审计报告/auto-validation/2026-08-14-validation.md
铱,4,09-审计报告/auto-validation/2026-08-10-validation.md; 09-审计报告/auto-validation/2026-08-13-validation.md; 09-审计报告/auto-validation/2026-08-14-validation.md
非单纯配体,4,09-审计报告/auto-validation/2026-08-10-validation.md; 09-审计报告/auto-validation/2026-08-13-validation.md; 09-审计报告/auto-validation/2026-08-14-validation.md
二硫化钼,4,09-审计报告/auto-validation/2026-08-10-validation.md; 09-审计报告/auto-validation/2026-08-13-validation.md; 09-审计报告/auto-validation/2026-08-14-validation.md
锗宾,4,09-审计报告/auto-validation/2026-08-10-validation.md; 09-审计报告/auto-validation/2026-08-13-validation.md; 09-审计报告/auto-validation/2026-08-14-validation.md
超氧配合物,4,09-审计报告/auto-validation/2026-08-10-validation.md; 09-审计报告/auto-validation/2026-08-13-validation.md; 09-审计报告/auto-validation/2026-08-14-validation.md
绿锈,4,09-审计报告/auto-validation/2026-08-10-validation.md; 09-审计报告/auto-validation/2026-08-13-validation.md; 09-审计报告/auto-validation/2026-08-14-validation.md
水滑石,4,09-审计报告/auto-validation/2026-08-10-validation.md; 09-审计报告/auto-validation/2026-08-13-validation.md; 09-审计报告/auto-validation/2026-08-14-validation.md
非水溶剂电化学,4,09-审计报告/auto-validation/2026-08-10-validation.md; 09-审计报告/auto-validation/2026-08-13-validation.md; 09-审计报告/auto-validation/2026-08-14-validation.md
四醋酸铅,4,09-审计报告/auto-validation/2026-08-10-validation.md; 09-审计报告/auto-validation/2026-08-13-validation.md; 09-审计报告/auto-validation/2026-08-14-validation.md
熔盐,4,09-审计报告/auto-validation/2026-08-10-validation.md; 09-审计报告/auto-validation/2026-08-13-validation.md; 09-审计报告/auto-validation/2026-08-14-validation.md
高价配合物,4,09-审计报告/auto-validation/2026-08-10-validation.md; 09-审计报告/auto-validation/2026-08-13-validation.md; 09-审计报告/auto-validation/2026-08-14-validation.md
电镀添加剂,4,09-审计报告/auto-validation/2026-08-10-validation.md; 09-审计报告/auto-validation/2026-08-13-validation.md; 09-审计报告/auto-validation/2026-08-14-validation.md
Nazarov反应,4,09-审计报告/auto-validation/2026-08-10-validation.md; 09-审计报告/auto-validation/2026-08-13-validation.md; 09-审计报告/auto-validation/2026-08-14-validation.md
邻位交叉效应,4,09-审计报告/auto-validation/2026-08-10-validation.md; 09-审计报告/auto-validation/2026-08-13-validation.md; 09-审计报告/auto-validation/2026-08-14-validation.md
六氟异丙醇,4,09-审计报告/auto-validation/2026-08-10-validation.md; 09-审计报告/auto-validation/2026-08-13-validation.md; 09-审计报告/auto-validation/2026-08-14-validation.md
复盐,4,09-审计报告/auto-validation/2026-08-10-validation.md; 09-审计报告/auto-validation/2026-08-13-validation.md; 09-审计报告/auto-validation/2026-08-14-validation.md
锂离子电池,4,09-审计报告/auto-validation/2026-08-10-validation.md; 09-审计报告/auto-validation/2026-08-13-validation.md; 09-审计报告/auto-validation/2026-08-14-validation.md
法拉第定律,4,09-审计报告/auto-validation/2026-08-10-validation.md; 09-审计报告/auto-validation/2026-08-13-validation.md; 09-审计报告/auto-validation/2026-08-14-validation.md
铂,4,09-审计报告/auto-validation/2026-08-10-validation.md; 09-审计报告/auto-validation/2026-08-13-validation.md; 09-审计报告/auto-validation/2026-08-14-validation.md
亚硝基硫醇,4,09-审计报告/auto-validation/2026-08-10-validation.md; 09-审计报告/auto-validation/2026-08-13-validation.md; 09-审计报告/auto-validation/2026-08-14-validation.md
MAX相,4,09-审计报告/auto-validation/2026-08-10-validation.md; 09-审计报告/auto-validation/2026-08-13-validation.md; 09-审计报告/auto-validation/2026-08-14-validation.md
膜电位,4,09-审计报告/auto-validation/2026-08-10-validation.md; 09-审计报告/auto-validation/2026-08-13-validation.md; 09-审计报告/auto-validation/2026-08-14-validation.md
机械力化学,4,09-审计报告/auto-validation/2026-08-10-validation.md; 09-审计报告/auto-validation/2026-08-13-validation.md; 09-审计报告/auto-validation/2026-08-14-validation.md
螺吡喃,4,09-审计报告/auto-validation/2026-08-10-validation.md; 09-审计报告/auto-validation/2026-08-13-validation.md; 09-审计报告/auto-validation/2026-08-14-validation.md
临界打包参数,4,09-审计报告/auto-validation/2026-08-10-validation.md; 09-审计报告/auto-validation/2026-08-13-validation.md; 09-审计报告/auto-validation/2026-08-14-validation.md
点阵型式,4,09-审计报告/auto-validation/2026-08-10-validation.md; 09-审计报告/auto-validation/2026-08-13-validation.md; 09-审计报告/auto-validation/2026-08-14-validation.md
醋酸亚铬,4,09-审计报告/auto-validation/2026-08-10-validation.md; 09-审计报告/auto-validation/2026-08-13-validation.md; 09-审计报告/auto-validation/2026-08-14-validation.md
金属金属键,4,09-审计报告/auto-validation/2026-08-10-validation.md; 09-审计报告/auto-validation/2026-08-13-validation.md; 09-审计报告/auto-validation/2026-08-14-validation.md
碳捕集,4,09-审计报告/auto-validation/2026-08-10-validation.md; 09-审计报告/auto-validation/2026-08-13-validation.md; 09-审计报告/auto-validation/2026-08-14-validation.md
Hinsberg反应,4,09-审计报告/auto-validation/2026-08-10-validation.md; 09-审计报告/auto-validation/2026-08-13-validation.md; 09-审计报告/auto-validation/2026-08-14-validation.md
sigma配合物,4,09-审计报告/auto-validation/2026-08-10-validation.md; 09-审计报告/auto-validation/2026-08-13-validation.md; 09-审计报告/auto-validation/2026-08-14-validation.md
手性硫,4,09-审计报告/auto-validation/2026-08-10-validation.md; 09-审计报告/auto-validation/2026-08-13-validation.md; 09-审计报告/auto-validation/2026-08-14-validation.md
"2,3-σ迁移",4,09-审计报告/auto-validation/2026-08-10-validation.md; 09-审计报告/auto-validation/2026-08-13-validation.md; 09-审计报告/auto-validation/2026-08-14-validation.md
{KP名},4,11-模板/Agent-7-KP优化-轻量.md; 11-模板/模板-教学过程总表.md
04-课件/备课大纲/<日期>-<主题>-<班型>,4,11-模板/Agent提示词-知识库使用.md; 11-模板/模板-备课大纲.md; 11-模板/模板-新授课.md
KP-X,4,11-模板/Agent提示词-知识库使用.md; 11-模板/模板-复盘记录.md; 11-模板/模板-课件大纲.md
<target>,4,11-模板/Agent提示词-知识库维护.md; 11-模板/模板-合并迁移计划.md
高考化学/03-题库/...,4,高考化学/00-导航/模板-高考知识点KP.md; 高考化学/00-导航/模板-高考讲义.md; 高考化学/02-知识点/高中-化学反应速率.md
一轮总目录,4,高考化学/04-讲义/一轮/一轮-物质结构与性质(一)原子结构与周期律.md; 高考化学/04-讲义/一轮/一轮-物质结构与性质(三)晶体与晶胞计算.md; 高考化学/04-讲义/一轮/一轮-物质结构与性质(二)分子结构与性质.md
04-专题与题型/专题-XXX,3,00-首页/Agent标准作业流程.md; 备课思路/提炼→教学转化标准操作.md
图名.ext,3,00-首页/Agent标准作业流程.md; 00-首页/经验沉淀.md
04-课件/加工页/,3,00-首页/全局导航.md; 04-课件/PPT/README.md; 09-审计报告/历史任务卡/任务卡-PPT样板管线测试.md
04-课件/习题集/X,3,00-首页/工作日志/2026-09-19.md; 00-首页/新会话启动提示词-2026-09-19-题库线.md; 00-首页/状态摘要.md
反应机理同源谱系图,3,00-首页/工作日志/2026-05-06.md; 00-首页/知识库待补充清单.md; 09-审计报告/归档首页/知识库待补充清单.md
04-课件/学生讲义/2026-06-23-高等有机机理,3,00-首页/工作日志/2026-06-23.md; 09-审计报告/auto-validation/2026-08-09-validation.md
media/xxx.ext,3,00-首页/工作日志/2026-06-29.md; 09-审计报告/auto-validation/2026-08-02-validation.md
file,3,00-首页/工作日志/2026-08-03.md; 09-审计报告/auto-validation/2026-08-28-validation.md; 11-模板/handout-image-standards.md
共价键理论,3,00-首页/活跃任务/计划-2026-09-16-备课线下一阶段.md; 备课思路/备课与教学思路待办.md
04-题库/,3,02-数据库/README.md; 03-知识点/README.md; 04-专题与题型/README.md
07-资料提炼/,3,03-知识点/README.md; 04-专题与题型/README.md; 备课思路/README.md
决赛要求,3,03-知识点/决赛要求/材料化学.md; 03-知识点/无机和结构化学/氧化加成与还原消除.md
08-可视化资源/02-CIF文件库/03-共价晶体/C-Fd-3m.cif,3,03-知识点/无机和结构化学/晶体结构.md; 08-可视化资源/06-可视化索引/无机化学-可视化索引.md
08-可视化资源/02-CIF文件库/02-离子晶体/CaTiO3-Pm-3m.cif,3,03-知识点/无机和结构化学/晶体结构.md; 08-可视化资源/06-可视化索引/无机化学-可视化索引.md
08-可视化资源/02-CIF文件库/04-金属晶体/Al-Fm-3m.cif,3,03-知识点/无机和结构化学/立方密堆积.md; 03-知识点/无机和结构化学/金属晶体.md; 08-可视化资源/06-可视化索引/无机化学-可视化索引.md
03-知识点/分析化学,3,03-知识点/有机化学/Horner-Wadsworth-Emmons反应.md; 03-知识点/有机化学/羧酸衍生物.md; 11-模板/模板-知识点.md
氧族与氮族元素,3,04-专题与题型/专题/专题-氧族与氮族元素.md; 04-课件/备课大纲/2026-06-03-氢与卤素-提高班.md; mineru/03-教材书籍/无机化学第6版Weller/index.md
07-资料提炼/书籍提炼/提炼-Clayden-第14章-重排反应,3,04-专题与题型/题型/题型-环扩大与环缩小.md; 04-专题与题型/题型/题型-迁移基判断.md; 04-专题与题型/题型/题型-重排路径判断.md
12-教学洞察/教学洞察-晶体结构深度与推断,3,04-课件/备课大纲/2026-06-07-晶体结构深度-冲刺班.md
12-教学洞察/教学洞察-配合物与配位化学深化,3,04-课件/备课大纲/2026-06-07-配合物与配位化学深化-冲刺班.md
03-知识点/分析化学/高锰酸钾法,3,04-课件/学生讲义/4-分析化学/氧化还原滴定与沉淀滴定-超级充实版（自学完整）.md
04-课件/学生讲义/2026-06-23-重排反应,3,04-课件/学生讲义/_归档/2026-06-23-人名反应系统归类.md; 09-审计报告/auto-validation/2026-08-09-validation.md
专题-碳族元素,3,04-课件/学生讲义/_归档/2026-06-23-碳族与硼族元素.md; 07-资料提炼/书籍提炼/提炼-上海中学竞赛课程-第三分册-碳族硼族元素.md; 09-审计报告/2026-09-18-归档页链接失效与图索引可信度核查.md
专题-硼族元素,3,04-课件/学生讲义/_归档/2026-06-23-碳族与硼族元素.md; 07-资料提炼/书籍提炼/提炼-上海中学竞赛课程-第三分册-碳族硼族元素.md; 09-审计报告/2026-09-18-归档页链接失效与图索引可信度核查.md
KP1,3,04-题库/新题入库SOP.md; 11-模板/模板-真题.md; 11-模板/模板-真题导入检查清单.md
KP2,3,04-题库/新题入库SOP.md; 11-模板/模板-真题.md; 11-模板/模板-真题导入检查清单.md
哈希,3,04-题库/新题入库SOP.md; 09-审计报告/auto-validation/2026-08-28-validation.md
氨基乙醇,3,04-题库/元文件/模块习题集-有机化学.md; 04-题库/真题/第30届初赛/有机化学/题-030-9-1-化合物B结构简式.md
Monsanto法,3,04-题库/元文件/模块习题集-有机化学.md; 04-题库/真题/第30届初赛/有机化学/题-030-7-B及几何异构体B1结构.md
分子内SN2,3,04-题库/有机化学/重排反应/题-有机-重排-邻基参与碱性vs弱碱对比.md; 04-题库/真题/第26届初赛/有机化学/题-026-11-羟汞化芳香性臭氧化.md
臭氧氧化,3,04-题库/真题/第36届决赛/理论/第一场/题-36决理-1-8-烯烃的氧化裂解.md; 07-资料提炼/书籍提炼/提炼-ABOC-PhaseD-习题拆题清单.md; 07-资料提炼/书籍提炼/提炼-ABOC-第11章-解题训练.md
专题-过渡金属元素,3,05-真题库/真题-无机-过渡金属-铁-001.md; 05-真题库/真题-无机-过渡金属-铁-002.md; 05-真题库/真题-无机-过渡金属-铜-001.md
04-题库/真题/第37届初赛/题-037-3-1-LiMn2O4合成方程式/,3,07-资料提炼/提炼-第37届初赛试题解析.md
葡萄糖,3,07-资料提炼/习题提炼/习题-二分册-第16讲-糖类蛋白质.md; 09-审计报告/auto-validation/2026-09-16-validation.md; 09-审计报告/auto-validation/2026-09-17-validation.md
碱金属碱土金属与稀有气体,3,07-资料提炼/书籍提炼/提炼计划-无机化学下册.md; mineru/03-教材书籍/无机化学第6版Weller/index.md
气体体积,3,09-审计报告/2026-08-31-题库全面审计.md; 09-审计报告/auto-validation/2026-08-31-validation.md; 09-审计报告/auto-validation/2026-09-01-validation.md
气体反应,3,09-审计报告/2026-08-31-题库全面审计.md; 09-审计报告/auto-validation/2026-08-31-validation.md; 09-审计报告/auto-validation/2026-09-01-validation.md
气体渗流,3,09-审计报告/2026-08-31-题库全面审计.md; 09-审计报告/auto-validation/2026-08-31-validation.md; 09-审计报告/auto-validation/2026-09-01-validation.md
格雷厄姆定律,3,09-审计报告/2026-08-31-题库全面审计.md; 09-审计报告/auto-validation/2026-08-31-validation.md; 09-审计报告/auto-validation/2026-09-01-validation.md
离子对效应,3,09-审计报告/2026-08-31-题库全面审计.md; 09-审计报告/auto-validation/2026-08-31-validation.md; 09-审计报告/auto-validation/2026-09-01-validation.md
蒸汽压,3,09-审计报告/2026-08-31-题库全面审计.md; 09-审计报告/auto-validation/2026-08-31-validation.md; 09-审计报告/auto-validation/2026-09-01-validation.md
化学反应平衡,3,09-审计报告/2026-08-31-题库全面审计.md; 09-审计报告/auto-validation/2026-08-31-validation.md; 09-审计报告/auto-validation/2026-09-01-validation.md
玻尔兹曼常数,3,09-审计报告/2026-08-31-题库全面审计.md; 09-审计报告/auto-validation/2026-08-31-validation.md; 09-审计报告/auto-validation/2026-09-01-validation.md
玻尔兹曼公式,3,09-审计报告/2026-08-31-题库全面审计.md; 09-审计报告/auto-validation/2026-08-31-validation.md; 09-审计报告/auto-validation/2026-09-01-validation.md
题库,3,09-审计报告/auto-validation/2026-08-02-validation.md; 09-审计报告/auto-validation/2026-08-03-validation.md; 09-审计报告/auto-validation/2026-08-09-validation.md
化学原理/溶液与相平衡,3,09-审计报告/auto-validation/2026-08-02-validation.md; 09-审计报告/auto-validation/2026-08-03-validation.md; 09-审计报告/auto-validation/2026-08-09-validation.md
题-016-普鲁士蓝电极反应,3,09-审计报告/auto-validation/2026-08-02-validation.md; 09-审计报告/auto-validation/2026-08-03-validation.md; 09-审计报告/auto-validation/2026-08-09-validation.md
能量效率,3,09-审计报告/auto-validation/2026-08-02-validation.md; 09-审计报告/auto-validation/2026-08-03-validation.md; 09-审计报告/auto-validation/2026-08-09-validation.md
分离过程,3,09-审计报告/auto-validation/2026-08-02-validation.md; 09-审计报告/auto-validation/2026-08-03-validation.md; 09-审计报告/auto-validation/2026-08-09-validation.md
工程热力学,3,09-审计报告/auto-validation/2026-08-02-validation.md; 09-审计报告/auto-validation/2026-08-03-validation.md; 09-审计报告/auto-validation/2026-08-09-validation.md
Gibbs自由能深化,3,09-审计报告/auto-validation/2026-08-02-validation.md; 09-审计报告/auto-validation/2026-08-03-validation.md; 09-审计报告/auto-validation/2026-08-09-validation.md
04-课件/学生讲义/2026-06-23-醇醚胺酚,3,09-审计报告/auto-validation/2026-08-09-validation.md
KP-Y,3,11-模板/Agent提示词-知识库使用.md; 11-模板/模板-复盘记录.md; 11-模板/模板-课件大纲.md
04-课件/备课大纲/<对应备课大纲>,3,11-模板/归档/模板-学生讲义-自学完整版.md; 11-模板/归档/模板-学生讲义-课堂填空版.md
专题-<对应专题>,3,11-模板/归档/模板-学生讲义-自学完整版.md
相关专题页,3,11-模板/归档/模板-学生讲义-课堂填空版.md; 备课思路/审计归档/Batch2-SHHS-Vol1-2-学生讲义计划.md; 备课思路/审计归档/Batch3-SHHS-Vol4-有机学生讲义计划.md
学生讲义-上海中学-第X分册-第X讲-主题,3,备课思路/审计归档/Batch2-SHHS-Vol1-2-学生讲义计划.md
竞赛KP名,3,高考化学/00-导航/模板-高考知识点KP.md; 高考化学/00-导航/模板-高考讲义.md
04-课件/已复盘/,2,00-首页/Agent战略方向.md; 00-首页/全局导航.md
备课思路/备课与教学思路待办/,2,00-首页/Agent最小执行协议.md
03-知识点/无机和结构化学/尖晶石结构,2,00-首页/KP-提炼-题库挂接巡检表.md; 09-审计报告/归档首页/KP-提炼-题库挂接巡检表.md
04-课件/导出版/,2,00-首页/全局导航.md; 04-课件/PPT/README.md
04-课件/新授课/,2,00-首页/全局导航.md; 04-课件/备课大纲/README.md
13-教案/必修一/必修一 教案总览/,2,00-首页/全局导航.md; 13-教案/README.md
02-考纲条目/,2,00-首页/全局导航.md; 01-考纲导航/README.md
12-复盘/README/,2,00-首页/全局导航.md; 12-教学洞察/README.md
00-首页/归档/知识库架构全景图.canvas,2,00-首页/知识库系统架构.md; 00-首页/首页.md
实际KP,2,00-首页/工作日志/2026-05-17.md; 00-首页/经验沉淀.md
name,2,00-首页/会话交接/2026-07-26-习题库优化交接.md
卤素及其化合物,2,00-首页/工作日志/2026-05-06.md; 06-外部资料导入/书籍/Arrow Pushing in Inorganic Chemistry/Arrow Pushing in Inorganic Chemistry-总索引.md
手性标记法,2,00-首页/工作日志/2026-05-09.md; 00-首页/工作日志/2026-05-10.md
多步合成机理推断,2,00-首页/工作日志/2026-05-09.md; 00-首页/工作日志/2026-05-10.md
苯的芳香性,2,00-首页/工作日志/2026-05-10.md
旧名,2,00-首页/工作日志/2026-05-18.md
08,2,00-首页/工作日志/2026-05-18.md
D/L构型,2,00-首页/工作日志/2026-05-18.md; 09-审计报告/2026-08-31-断链治理诊断.md
单字母,2,00-首页/工作日志/2026-05-20.md
` / `,2,00-首页/工作日志/2026-05-21.md; 09-审计报告/2026-09-18-题库源题版式缺陷清单.md
超氧化物/臭氧化物,2,00-首页/工作日志/2026-05-23.md
06-外部资料导入,2,00-首页/工作日志/2026-05-24.md; 09-审计报告/历史任务卡/任务卡-clayden去重.md
link,2,00-首页/工作日志/2026-06-23.md
04-课件/学生讲义/2026-06-23-立体化学与区域选择性,2,00-首页/工作日志/2026-06-23.md; 09-审计报告/auto-validation/2026-08-09-validation.md
04-课件/学生讲义/2026-06-23-有机立体化学,2,00-首页/工作日志/2026-06-23.md; 09-审计报告/auto-validation/2026-08-09-validation.md
晶体结构深度,2,00-首页/工作日志/2026-06-24.md; mineru/03-教材书籍/无机化学第6版Weller/index.md
配位化合物基础,2,00-首页/工作日志/2026-06-24.md; mineru/03-教材书籍/无机化学第6版Weller/index.md
配合物结构深化,2,00-首页/工作日志/2026-06-24.md; mineru/03-教材书籍/无机化学第6版Weller/index.md
media/*,2,00-首页/工作日志/2026-06-29.md; 09-审计报告/auto-validation/2026-08-02-validation.md
02-考纲条目,2,00-首页/工作日志/2026-08-02.md; 11-模板/Agent提示词-知识库维护.md
元素推断综合训练,2,00-首页/工作日志/2026-08-07.md; 04-课件/备课大纲/2026-06-03-铁钴镍铜锌-提高班.md
../../../06-外部资料导入/...,2,00-首页/工作日志/2026-08-16.md; 00-首页/活跃任务/断链内容建设backlog.md
题-改编-*,2,00-首页/工作日志/2026-08-16.md; 00-首页/活跃任务/断链内容建设backlog.md
目标/,2,00-首页/工作日志/2026-09-01.md; 09-审计报告/全库图片利用率统计与清理建议-2026-09-01.md
专题-XXX,2,00-首页/工作日志/2026-09-19.md; 11-模板/模板-真题.md
03-知识点/有机化学/9-BBN,2,00-首页/归档/任务卡-清理有机化学占位符.md; 09-审计报告/历史任务卡/任务卡-清理有机化学占位符.md
03-知识点/有机化学/锂卤交换,2,00-首页/归档/任务卡-清理有机化学占位符.md; 09-审计报告/历史任务卡/任务卡-清理有机化学占位符.md
路径,2,00-首页/活跃任务/计划-2026-09-17-第二分册能力测试拆题入库.md; skills/kb-image-finder/SKILL.md
07-资料提炼/教学逻辑提炼,2,01-考纲导航/决赛要求-金属有机与超分子.md; 备课思路/审计归档/Batch3-SHHS-Vol4-有机学生讲义计划.md
03-知识点/,2,02-数据库/README.md; 04-专题与题型/README.md
01-考纲导航/,2,03-知识点/README.md; 备课思路/README.md
普化原理-第8章-酸碱平衡,2,03-知识点/化学原理/解离常数.md; 03-知识点/化学原理/酸碱平衡.md
08-可视化资源/02-CIF文件库/02-离子晶体/Al2O3-R-3c.cif,2,03-知识点/无机和结构化学/晶体结构.md; 08-可视化资源/06-可视化索引/无机化学-可视化索引.md
08-可视化资源/02-CIF文件库/05-分子晶体/H2O_ice-P63mmc.cif,2,03-知识点/无机和结构化学/晶体结构.md; 08-可视化资源/06-可视化索引/无机化学-可视化索引.md
08-可视化资源/02-CIF文件库/03-共价晶体/Si-Fd-3m.cif,2,03-知识点/无机和结构化学/晶体结构.md; 08-可视化资源/06-可视化索引/无机化学-可视化索引.md
08-可视化资源/02-CIF文件库/02-离子晶体/BaTiO3-P4mm.cif,2,03-知识点/无机和结构化学/晶体结构.md; 08-可视化资源/06-可视化索引/无机化学-可视化索引.md
08-可视化资源/02-CIF文件库/05-分子晶体/C60-Fm-3m.cif,2,03-知识点/无机和结构化学/晶体结构.md; 08-可视化资源/06-可视化索引/无机化学-可视化索引.md
08-可视化资源/02-CIF文件库/03-共价晶体/SiC-F-43m.cif,2,03-知识点/无机和结构化学/立方ZnS型结构.md; 08-可视化资源/06-可视化索引/无机化学-可视化索引.md
08-可视化资源/02-CIF文件库/03-共价晶体/BN-F-43m.cif,2,03-知识点/无机和结构化学/立方ZnS型结构.md; 08-可视化资源/06-可视化索引/无机化学-可视化索引.md
08-可视化资源/02-CIF文件库/04-金属晶体/W-Im-3m.cif,2,03-知识点/无机和结构化学/金属晶体.md; 08-可视化资源/06-可视化索引/无机化学-可视化索引.md
04-课件/,2,04-专题与题型/README.md; 备课思路/README.md
07-资料提炼/书籍提炼/提炼-普化原理-第12章-化学键,2,04-专题与题型/题型/题型-Lewis结构式书写.md; 04-专题与题型/题型/题型-分子构型判断.md
亲电性,2,04-专题与题型/题型/题型-供体受体判断.md; 04-题库/真题/第25届初赛/有机化学/题-025-10-Vilsmeier试剂共振式.md
07-资料提炼/网课资料/学而思 有机化学基础/提炼-学而思有机化学基础-批次B-卤代烃烯烃炔烃与二烯烃,2,04-课件/_规划/第三轮有机转化跟踪总表.md; 04-课件/新授课/2026-06-04-亲核取代与消除反应-提高班.md
05-真题库,2,04-课件/习题课/第三轮有机化学习题课.md; 04-课件/习题课/第三轮结构物化深化习题课.md
04-题库/真题/第37届初赛/题-037-8-丙酮与六氟丙酮偶极矩/,2,04-课件/备课大纲/2026-06-08-人名反应系统归类-冲刺班.md; 07-资料提炼/提炼-第37届初赛试题解析.md
03-知识点/化学原理/,2,04-课件/学生讲义/_归档/2026-06-23-化学动力学深化.md; 04-课件/学生讲义/_归档/2026-06-23-热力学与平衡深化.md
晶体学基础-超级充实版（课堂填空）,2,04-课件/学生讲义/_归档/晶体学基础-超级充实版（自学完整）.md; 09-审计报告/2026-09-18-归档页链接失效与图索引可信度核查.md
04-题库/化学原理,2,04-题库/README.md; 04-题库/教材习题/README.md
04-题库/有机化学,2,04-题库/README.md; 04-题库/教材习题/README.md
OCR文件路径,2,04-题库/新题入库SOP.md; 09-审计报告/auto-validation/2026-08-28-validation.md
其他库中的文件名,2,04-题库/新题入库SOP.md; 09-审计报告/auto-validation/2026-08-28-validation.md
硫脲,2,04-题库/元文件/模块习题集-元素与分析.md; 04-题库/真题/第27届初赛/无机和结构化学/题-027-3-硫脲结构式.md
汞量法,2,04-题库/元文件/模块习题集-元素与分析.md; 04-题库/真题/第27届初赛/分析化学/题-027-4-硝酸酸化理由.md
五硼酸根,2,04-题库/元文件/模块习题集-元素与分析.md; 04-题库/真题/第26届初赛/无机和结构化学/题-026-7-五硼酸根结构.md
同位素组合,2,04-题库/元文件/模块习题集-元素与分析.md; 04-题库/真题/第32届初赛/化学原理/题-032-5-1-RbCl同位素分子.md
金属有机化合物,2,04-题库/元文件/模块习题集-有机化学.md; 04-题库/真题/第28届初赛/无机和结构化学/题-028-5-二茂铁制备反应方程式.md
Wilkinson催化剂,2,04-题库/元文件/模块习题集-有机化学.md; 04-题库/真题/第25届初赛/无机和结构化学/题-025-5-Wilkinson催化剂结构.md
嵌段共聚物,2,04-题库/元文件/模块习题集-有机化学.md; 04-题库/真题/第31届初赛/有机化学/题-031-7-嵌段共聚物单体推断.md
茚三酮,2,04-题库/元文件/模块习题集-有机化学.md; 04-题库/真题/第33届初赛/有机化学/题-033-9-茚三酮反应产物.md
磷氧化物,2,04-题库/元文件/模块习题集-有机化学.md; 04-题库/真题/第30届初赛/无机和结构化学/题-030-3-1-磷氧化合物中间体分子式.md
汞的氨配合物,2,04-题库/元文件/模块习题集-结构化学.md; 04-题库/真题/第28届初赛/无机和结构化学/题-028-8-生成C和D的反应方程式.md
原子计数,2,04-题库/化学原理/Ch13-晶体与晶体结构/13-23.md; 04-题库/真题/第29届初赛/无机和结构化学/题-029-5-晶胞原子数目.md
沉淀分离,2,04-题库/教材习题/无机化学例题与习题/Ch09-沉淀溶解平衡/例题/例9.6-H2S沉淀分离中的pH控制.md; 04-题库/教材习题/赵鑫光/题-赵鑫光-容量分析-例12.md
磷硫化物,2,04-题库/教材习题/无机化学例题与习题/Ch15-氮族元素/习题/填空题15.17-15.29.md; 04-题库/真题/第31届初赛/无机和结构化学/题-031-5-元素推断与分子式.md
分解平衡,2,04-题库/真题/第28届决赛/理论/题-028决-6-多相平衡NaHCO3.md; 04-题库/真题/第32届初赛/化学原理/题-032-6-HI分解初始分压.md
氮杂环丙烷,2,04-题库/真题/第30届初赛/有机化学/题-030-10-生物碱互变中间体A立体结构.md; 07-资料提炼/提炼-第34届初赛试题解析.md
聚氨酯,2,04-题库/真题/第31届初赛/有机化学/题-031-7-嵌段共聚物单体推断.md; 07-资料提炼/提炼-第31届初赛试题解析.md
桥连配位,2,04-题库/真题/第32届初赛/无机和结构化学/题-032-7-V2-edt-4结构.md; 04-题库/真题/第33届初赛/无机和结构化学/题-033-5-相对分子质量计算.md
钌配合物,2,04-题库/真题/第34届决赛/理论/题-34决理-2-2-2-CO2插入M-N键.md
专题-铁,2,05-真题库/真题-无机-过渡金属-铁-001.md; 05-真题库/真题-无机-过渡金属-铁-002.md
肼合成,2,06-外部资料导入/书籍/Arrow Pushing in Inorganic Chemistry/Arrow Pushing in Inorganic Chemistry-总索引.md
叠氮钠合成,2,06-外部资料导入/书籍/Arrow Pushing in Inorganic Chemistry/Arrow Pushing in Inorganic Chemistry-总索引.md
次磷酸,2,06-外部资料导入/书籍/Arrow Pushing in Inorganic Chemistry/Arrow Pushing in Inorganic Chemistry-总索引.md
磷腈超强碱,2,06-外部资料导入/书籍/Arrow Pushing in Inorganic Chemistry/Arrow Pushing in Inorganic Chemistry-总索引.md
次氯酸,2,06-外部资料导入/书籍/Arrow Pushing in Inorganic Chemistry/Arrow Pushing in Inorganic Chemistry-总索引.md
04-题库/真题/第37届初赛/题-037-1-GaN刻蚀方程式/,2,07-资料提炼/提炼-第37届初赛试题解析.md
3烷烃环烷烃构象_笔记,2,07-资料提炼/教学逻辑提炼/Zchem 基础有机化学/教学逻辑提炼-Zchem基础有机化学-批次Z-A到Z-E-结构与反应体系.md; 07-资料提炼/网课资料/Zchem 基础有机化学/资料提炼-Zchem基础有机化学-批次Z-A到Z-E-结构与反应体系.md
5烷烃自由基取代反应_笔记,2,07-资料提炼/教学逻辑提炼/Zchem 基础有机化学/教学逻辑提炼-Zchem基础有机化学-批次Z-A到Z-E-结构与反应体系.md; 07-资料提炼/网课资料/Zchem 基础有机化学/资料提炼-Zchem基础有机化学-批次Z-A到Z-E-结构与反应体系.md
2.醇醚_笔记,2,07-资料提炼/教学逻辑提炼/Zchem 基础有机化学/教学逻辑提炼-Zchem基础有机化学-批次Z-A到Z-E-结构与反应体系.md; 07-资料提炼/网课资料/Zchem 基础有机化学/资料提炼-Zchem基础有机化学-批次Z-A到Z-E-结构与反应体系.md
3.烯炔的加成反应_笔记,2,07-资料提炼/教学逻辑提炼/Zchem 基础有机化学/教学逻辑提炼-Zchem基础有机化学-批次Z-A到Z-E-结构与反应体系.md; 07-资料提炼/网课资料/Zchem 基础有机化学/资料提炼-Zchem基础有机化学-批次Z-A到Z-E-结构与反应体系.md
4.烯炔_笔记,2,07-资料提炼/教学逻辑提炼/Zchem 基础有机化学/教学逻辑提炼-Zchem基础有机化学-批次Z-A到Z-E-结构与反应体系.md; 07-资料提炼/网课资料/Zchem 基础有机化学/资料提炼-Zchem基础有机化学-批次Z-A到Z-E-结构与反应体系.md
5.共轭芳香性_笔记,2,07-资料提炼/教学逻辑提炼/Zchem 基础有机化学/教学逻辑提炼-Zchem基础有机化学-批次Z-A到Z-E-结构与反应体系.md; 07-资料提炼/网课资料/Zchem 基础有机化学/资料提炼-Zchem基础有机化学-批次Z-A到Z-E-结构与反应体系.md
6.共振芳环的取代反应_笔记,2,07-资料提炼/教学逻辑提炼/Zchem 基础有机化学/教学逻辑提炼-Zchem基础有机化学-批次Z-A到Z-E-结构与反应体系.md; 07-资料提炼/网课资料/Zchem 基础有机化学/资料提炼-Zchem基础有机化学-批次Z-A到Z-E-结构与反应体系.md
8.醛酮_笔记,2,07-资料提炼/教学逻辑提炼/Zchem 基础有机化学/教学逻辑提炼-Zchem基础有机化学-批次Z-A到Z-E-结构与反应体系.md; 07-资料提炼/网课资料/Zchem 基础有机化学/资料提炼-Zchem基础有机化学-批次Z-A到Z-E-结构与反应体系.md
9.羧酸羧衍胺_笔记,2,07-资料提炼/教学逻辑提炼/Zchem 基础有机化学/教学逻辑提炼-Zchem基础有机化学-批次Z-A到Z-E-结构与反应体系.md; 07-资料提炼/网课资料/Zchem 基础有机化学/资料提炼-Zchem基础有机化学-批次Z-A到Z-E-结构与反应体系.md
锗,2,07-资料提炼/教学逻辑提炼/质心 元素化学和结构化学 下/教学逻辑提炼-质心-p区金属串讲-第一轮.md; 12-教学洞察/教学洞察-碳族与硼族元素.md
资料提炼总索引,2,07-资料提炼/网课资料/README.md
04-题库/真题/第32届初赛/有机化学/题-032-8-1-SN反应类型判断,2,09-审计报告/2026-06-07-断链检测.md; 09-审计报告/2026-06-08-断链检测.md
04-题库/真题/第32届初赛/无机和结构化学/题-032-3-1-元素推断A-I化学式,2,09-审计报告/2026-06-07-断链检测.md; 09-审计报告/2026-06-08-断链检测.md
04-题库/真题/第28届初赛/无机和结构化学/题-028-5-1-二茂铁制备反应方程式,2,09-审计报告/2026-06-07-断链检测.md; 09-审计报告/2026-06-08-断链检测.md
04-题库/真题/第32届初赛/有机化学/题-032-10-2-Nazarov产物B,2,09-审计报告/2026-06-07-断链检测.md; 09-审计报告/2026-06-08-断链检测.md
04-题库/真题/第34届初赛/无机和结构化学/题-034-7-4-配合物制备反应方程式,2,09-审计报告/2026-06-07-断链检测.md; 09-审计报告/2026-06-08-断链检测.md
04-题库/真题/第28届初赛/无机和结构化学/题-028-2-1-亚磺酰自由基结构与VSEPR,2,09-审计报告/2026-06-07-断链检测.md; 09-审计报告/2026-06-08-断链检测.md
04-题库/真题/第30届初赛/无机和结构化学/题-030-3-1-2-P4O8结构图键长分组键角比较,2,09-审计报告/2026-06-07-断链检测.md; 09-审计报告/2026-06-08-断链检测.md
04-题库/真题/第29届初赛/分析化学/题-029-4-1-重铬酸钾氧化碳方程式,2,09-审计报告/2026-06-07-断链检测.md; 09-审计报告/2026-06-08-断链检测.md
04-题库/真题/第29届初赛/分析化学/题-029-4-2-硫酸亚铁铵滴定方程式,2,09-审计报告/2026-06-07-断链检测.md; 09-审计报告/2026-06-08-断链检测.md
04-题库/真题/第30届初赛/无机和结构化学/题-030-1-3-保险粉除CrVI离子方程式,2,09-审计报告/2026-06-07-断链检测.md; 09-审计报告/2026-06-08-断链检测.md
04-题库/真题/第29届初赛/无机和结构化学/题-029-5-3-氧原子化学环境,2,09-审计报告/2026-06-07-断链检测.md; 09-审计报告/2026-06-08-断链检测.md
04-题库/真题/第34届初赛/分析化学/题-034-5-2-1-配合物A化学式推断,2,09-审计报告/2026-06-07-断链检测.md; 09-审计报告/2026-06-08-断链检测.md
04-题库/真题/第33届初赛/有机化学/题-033-9-1-茚三酮反应产物,2,09-审计报告/2026-06-07-断链检测.md; 09-审计报告/2026-06-08-断链检测.md
04-题库/真题/第33届初赛/有机化学/题-033-9-3-内酯原料H结构,2,09-审计报告/2026-06-07-断链检测.md; 09-审计报告/2026-06-08-断链检测.md
04-题库/真题/第33届初赛/有机化学/题-033-9-4-克酮酸反应产物,2,09-审计报告/2026-06-07-断链检测.md; 09-审计报告/2026-06-08-断链检测.md
04-题库/真题/第28届初赛/分析化学/题-028-7-2-Cu2S与CuS含量计算,2,09-审计报告/2026-06-07-断链检测.md; 09-审计报告/2026-06-08-断链检测.md
04-题库/真题/第28届初赛/无机和结构化学/题-028-3-1-N8-Lewis结构与杂化,2,09-审计报告/2026-06-07-断链检测.md; 09-审计报告/2026-06-08-断链检测.md
04-题库/真题/第32届初赛/化学原理/题-032-6-2-平衡体系分压,2,09-审计报告/2026-06-07-断链检测.md; 09-审计报告/2026-06-08-断链检测.md
真题文件,2,09-审计报告/2026-06-22-四轮深度审计总报告.md; 09-审计报告/2026-06-22-第一二轮深度审计.md
58-实验安全与基本操作,2,09-审计报告/2026-07-12-全库逐文件深度审计.md
66-滴定与定量分析操作,2,09-审计报告/2026-07-12-全库逐文件深度审计.md
德布罗意波,2,09-审计报告/2026-08-28-题库健康审计.md; 09-审计报告/auto-validation/2026-08-28-validation.md
例18.3-氙化合物推断题,2,09-审计报告/2026-08-28-题库健康审计.md; 09-审计报告/auto-validation/2026-08-28-validation.md
Hg(OAc)2,2,09-审计报告/2026-08-28-题库健康审计.md; 09-审计报告/auto-validation/2026-08-28-validation.md
Evans Aldol,2,09-审计报告/2026-08-28-题库健康审计.md; 09-审计报告/auto-validation/2026-08-28-validation.md
亚硫酸钠,2,09-审计报告/2026-08-28-题库健康审计.md; 09-审计报告/auto-validation/2026-08-28-validation.md
主动运输,2,09-审计报告/2026-08-28-题库健康审计.md; 09-审计报告/auto-validation/2026-08-28-validation.md
MnO₄⁻分解,2,09-审计报告/2026-08-28-题库健康审计.md; 09-审计报告/auto-validation/2026-08-28-validation.md
例18.2-分子轨道理论讨论存在可能性,2,09-审计报告/2026-08-28-题库健康审计.md; 09-审计报告/auto-validation/2026-08-28-validation.md
18.30-18.33-简答题,2,09-审计报告/2026-08-28-题库健康审计.md; 09-审计报告/auto-validation/2026-08-28-validation.md
Cr₂O₇²⁻/Cr³⁺,2,09-审计报告/2026-08-31-断链治理诊断.md
分子质量,2,09-审计报告/2026-08-31-题库全面审计.md
混合气体,2,09-审计报告/2026-08-31-题库全面审计.md
04-课件/学生讲义/...,2,09-审计报告/2026-09-12-剩余三条遗留线评估.md; 09-审计报告/2026-09-13-讲义区路径链断链处理清单.md
名,2,09-审计报告/2026-09-12-剩余三条遗留线评估.md; 09-审计报告/2026-09-13-讲义区路径链断链处理清单.md
路径/名,2,09-审计报告/2026-09-12-剩余三条遗留线评估.md; 09-审计报告/2026-09-13-讲义区路径链断链处理清单.md
04-课件/学生讲义/酸碱理论-…,2,09-审计报告/2026-09-12-对方会话资产清单独立核验.md; 09-审计报告/2026-09-12-工作区改动会话归属归因.md
04-课件/学生讲义/化学原理/酸碱理论-…,2,09-审计报告/2026-09-12-对方会话资产清单独立核验.md; 09-审计报告/2026-09-12-工作区改动会话归属归因.md
第二轮习题集-XX,2,09-审计报告/2026-09-18-题库源题版式缺陷清单.md
X/,2,09-审计报告/2026-09-20-链接完整性普查.md
外链,2,09-审计报告/2026-09-20-题库质量体检.md
04-题库/真题/第36届初赛第二场/题-036b-1-1-铝铁合金制备方程式,2,09-审计报告/auto-validation/2026-08-31-validation.md; 09-审计报告/全库图片利用率统计与清理建议-2026-09-01.md
题-037-1-2-Ga低价碘化物结构,2,09-审计报告/auto-validation/2026-08-31-validation.md; 09-审计报告/全库图片利用率统计与清理建议-2026-09-01.md
题-38届初赛/题-038-1-3-三氯化金分解热力学计算,2,09-审计报告/auto-validation/2026-08-31-validation.md; 09-审计报告/全库图片利用率统计与清理建议-2026-09-01.md
Newman投影与构象分析,2,09-审计报告/auto-validation/2026-08-02-validation.md; 09-审计报告/auto-validation/2026-08-03-validation.md
常见有机体系的共振分析,2,09-审计报告/auto-validation/2026-08-02-validation.md; 09-审计报告/auto-validation/2026-08-03-validation.md
离域体系稳定性分析,2,09-审计报告/auto-validation/2026-08-02-validation.md; 09-审计报告/auto-validation/2026-08-03-validation.md
分析化学中的配位滴定,2,09-审计报告/auto-validation/2026-08-02-validation.md
07-资料提炼/书籍提炼/提炼-ABOC-第11章,2,09-审计报告/auto-validation/2026-08-02-validation.md; 09-审计报告/auto-validation/2026-08-03-validation.md
提炼-ABOC-第11章-有机反应机理,2,09-审计报告/auto-validation/2026-08-02-validation.md; 09-审计报告/auto-validation/2026-08-03-validation.md
学生讲义/_待升级,2,09-审计报告/auto-validation/2026-08-02-validation.md; 09-审计报告/auto-validation/2026-08-03-validation.md
a,2,09-审计报告/auto-validation/2026-08-02-validation.md; 11-模板/LaTeX PDF管线使用手册.md
b,2,09-审计报告/auto-validation/2026-08-02-validation.md; 11-模板/LaTeX PDF管线使用手册.md
media/文件名.ext,2,09-审计报告/auto-validation/2026-08-02-validation.md
图名,2,09-审计报告/auto-validation/2026-08-02-validation.md; 11-模板/模板-真题.md
完整相对路径,2,09-审计报告/auto-validation/2026-08-02-validation.md; 11-模板/模板-知识点.md
04-课件/学生讲义/2026-06-23-烷烃烯烃炔烃,2,09-审计报告/auto-validation/2026-08-09-validation.md
CO还原性,2,09-审计报告/auto-validation/2026-08-28-validation.md; 09-审计报告/auto-validation/2026-09-02-validation.md
题-037-8-7-1~8-7-6-羧基活化中间体,2,09-审计报告/auto-validation/2026-08-31-validation.md
04-题库/真题/第39届初赛/化学原理/题-039-2-1-普鲁士蓝电极反应与比容量,2,09-审计报告/auto-validation/2026-08-31-validation.md
04-题库/真题/第39届初赛/无机和结构化学/题-039-1-2-雄黄煅烧与伪金分解,2,09-审计报告/auto-validation/2026-08-31-validation.md
18e规则,2,09-审计报告/auto-validation/2026-08-31-validation.md
{知识点或章节},2,11-模板/Agent-10-备课-轻量.md
相关专题,2,11-模板/Agent提示词-知识库使用.md; 11-模板/模板-课件大纲.md
教学逻辑提炼-{来源},2,11-模板/Agent提示词-知识库构建.md
<哈希名>.ext,2,11-模板/MD讲义格式参考（原子结构样板）.md
04-课件/学生讲义/习题集/{{主题}}-第一轮练习题,2,11-模板/学生讲义模板（v1.2 填充式）.md
{{题库全路径}},2,11-模板/学生讲义模板（v1.2 填充式）.md
KP-3,2,11-模板/模板-专题练习卷.md; 11-模板/模板-复习课.md
KP-XXX,2,11-模板/模板-专题练习卷.md
04-专题与题型/专题/专题-<主题>,2,11-模板/模板-习题组.md
题库/<题1>,2,11-模板/模板-习题课.md; 11-模板/模板-课件大纲.md
前置KP-1,2,11-模板/模板-备课大纲.md; 11-模板/模板-新授课.md
前置KP-2,2,11-模板/模板-备课大纲.md; 11-模板/模板-新授课.md
提炼-XX,2,11-模板/模板-备课大纲.md; 11-模板/模板-教学洞察.md
04-课件/新授课/<日期>-<主题>-提高班,2,11-模板/模板-工具卡.md
07-资料提炼/网课资料/...,2,11-模板/模板-工具卡.md; 11-模板/模板-课件加工页.md
{讲义文件名},2,11-模板/模板-教学过程总表.md
教学洞察-{专题},2,11-模板/模板-教学过程总表.md
<教学逻辑提炼文件>,2,11-模板/模板-教学逻辑提炼.md
相关知识点,2,11-模板/归档/模板-学生讲义-自学完整版.md
Ellingham图,2,12-教学洞察/教学洞察-元素化学深度与结构推断综合.md; mineru/03-教材书籍/普通化学原理（第4版）/普通化学原理第4版401-500_images/_index.md
配合物的异构现象,2,mineru/03-教材书籍/普通化学原理（第4版）/普通化学原理第4版401-500_images/_index.md
无机物制备,2,mineru/03-教材书籍/普通化学原理（第4版）/普通化学原理第4版401-500_images/_index.md
纳米技术,2,mineru/03-教材书籍/普通化学原理（第4版）/普通化学原理第4版401-500_images/_index.md
铁的同素异构,2,mineru/03-教材书籍/普通化学原理（第4版）/普通化学原理第4版401-500_images/_index.md
目标,2,skills/kb-link-doctor/SKILL.md
路径/目标,2,skills/kb-link-doctor/SKILL.md
备课思路/新课大章节-第一轮化学原理/,2,备课思路/六大新课大章节总表.md
备课思路/新课大章节-第一轮结构化学初步/,2,备课思路/六大新课大章节总表.md
备课思路/新课大章节-第二轮元素化学/,2,备课思路/六大新课大章节总表.md
备课思路/新课大章节-第二轮分析化学/,2,备课思路/六大新课大章节总表.md
备课思路/新课大章节-第三轮有机化学/,2,备课思路/六大新课大章节总表.md
备课思路/新课大章节-第三轮结构化学与物理化学深化/,2,备课思路/六大新课大章节总表.md
热力学基础,2,备课思路/审计归档/2026-06-20-结构线与化学原理补料导入建议.md; 备课思路/教学过程总表-化学原理收尾模块.md
04-课件/备课大纲,2,备课思路/审计归档/Batch2-SHHS-Vol1-2-学生讲义计划.md; 备课思路/审计归档/Batch3-SHHS-Vol4-有机学生讲义计划.md
07-资料提炼/书籍提炼,2,备课思路/审计归档/Batch2-SHHS-Vol1-2-学生讲义计划.md; 备课思路/审计归档/Batch3-SHHS-Vol4-有机学生讲义计划.md
对应备课大纲,2,备课思路/审计归档/Batch2-SHHS-Vol1-2-学生讲义计划.md; 备课思路/审计归档/Batch3-SHHS-Vol4-有机学生讲义计划.md
一轮-有机化学(六)有机合成与推断,2,高考化学/03-题库/真题/真题-2024-全国甲卷.md; 高考化学/04-讲义/一轮/一轮-化学实验(一)化学实验基础.md
模板-XXX,1,00-首页/Agent任务分解指南.md
12-教学洞察/,1,00-首页/Agent战略方向.md
教学洞察-XXX,1,00-首页/Agent提示词-教学洞察自动生成.md
01-考纲导航/中国化学奥林匹克基本要求-总览/,1,00-首页/Agent最小执行协议.md
04-课件/专题产出总览看板/,1,00-首页/Agent最小执行协议.md
XYZ,1,00-首页/Agent标准作业流程.md
关联KP1,1,00-首页/Agent标准作业流程.md
关联KP2,1,00-首页/Agent标准作业流程.md
图片,1,00-首页/Agent标准作业流程.md
10-附件/图注/图注笔记文件名,1,00-首页/Agent标准作业流程.md
10-附件/图注/钙钛矿结构-三种畸变示意,1,00-首页/Agent标准作业流程.md
ABC,1,00-首页/Agent标准作业流程.md
来源,1,00-首页/Agent生命周期与MCP工具层设计.md
关联,1,00-首页/Agent生命周期与MCP工具层设计.md
03-知识点/初中化学基础/README/,1,00-首页/全局导航.md
03-知识点/高中化学基础/README/,1,00-首页/全局导航.md
03-知识点/化学原理/README/,1,00-首页/全局导航.md
03-知识点/无机和结构化学/README/,1,00-首页/全局导航.md
03-知识点/有机化学/README/,1,00-首页/全局导航.md
03-知识点/分析化学/README/,1,00-首页/全局导航.md
03-知识点/决赛要求/README/,1,00-首页/全局导航.md
03-知识点/物理化学/README/,1,00-首页/全局导航.md
03-知识点/综合/README/,1,00-首页/全局导航.md
04-题库/教材习题/README/,1,00-首页/全局导航.md
04-题库/真题/README/,1,00-首页/全局导航.md
04-题库/化学原理/README/,1,00-首页/全局导航.md
04-题库/有机化学/README/,1,00-首页/全局导航.md
04-题库/分析化学/README/,1,00-首页/全局导航.md
04-题库/教学改编题/README/,1,00-首页/全局导航.md
04-题库/经典例题/README/,1,00-首页/全局导航.md
04-专题与题型/专题/README/,1,00-首页/全局导航.md
04-专题与题型/题型/README/,1,00-首页/全局导航.md
04-课件/学生讲义/README/,1,00-首页/全局导航.md
04-课件/习题集/README/,1,00-首页/全局导航.md
04-课件/_规划/,1,00-首页/全局导航.md
04-课件/复习课/,1,00-首页/全局导航.md
04-课件/习题课/,1,00-首页/全局导航.md
04-课件/工具卡/,1,00-首页/全局导航.md
13-教案/必修一/必修一 知识主线总图/,1,00-首页/全局导航.md
13-教案/必修一/必修一 高频易错点手册/,1,00-首页/全局导航.md
08-可视化资源/01-工具指南/README/,1,00-首页/全局导航.md
08-可视化资源/02-CIF文件库/README/,1,00-首页/全局导航.md
08-可视化资源/03-渲染图片/README/,1,00-首页/全局导航.md
08-可视化资源/04-动画脚本/README/,1,00-首页/全局导航.md
08-可视化资源/05-模板场景/README/,1,00-首页/全局导航.md
08-可视化资源/06-可视化索引/README/,1,00-首页/全局导航.md
02-数据库/README/,1,00-首页/全局导航.md
05-真题库/README/,1,00-首页/全局导航.md
10-索引与统计/README/,1,00-首页/全局导航.md
12-教学洞察/README/,1,00-首页/全局导航.md
05-错题与反思/README/,1,00-首页/全局导航.md
05-问答/,1,00-首页/全局导航.md
06-外部资料导入/,1,00-首页/全局导航.md
08-术语与卡片/README/,1,00-首页/全局导航.md
09-AI工作区/,1,00-首页/全局导航.md
10-待审核区/,1,00-首页/全局导航.md
10-导出/,1,00-首页/全局导航.md
10-附件/,1,00-首页/全局导航.md
11-模板/,1,00-首页/全局导航.md
10-索引与统计/全库核心图谱总索引/,1,00-首页/图片索引.md
mineru/01-真题/,1,00-首页/图片索引.md
mineru/02-真题解析/,1,00-首页/图片索引.md
00-首页/图片索引详细版,1,00-首页/图片索引.md
00-首页/KP图片引用统计,1,00-首页/图片索引.md
model-hallucination-fake-fixes,1,00-首页/方法论-题集构建工作流.md
真题-届数-题号,1,00-首页/知识库系统架构.md
00-首页/归档/备课系统架构.canvas,1,00-首页/知识库系统架构.md
$1/$2,1,00-首页/经验沉淀.md
' + $newFolderName + '/$1,1,00-首页/经验沉淀.md
SN1机理,1,00-首页/经验沉淀.md
SN2机理,1,00-首页/经验沉淀.md
Grob碎裂化,1,00-首页/经验沉淀.md
双羟基化反应,1,00-首页/经验沉淀.md
Lindlar催化,1,00-首页/经验沉淀.md
Na-NH3液氨还原,1,00-首页/经验沉淀.md
概念名,1,00-首页/经验沉淀.md
KMnO4氧化,1,00-首页/经验沉淀.md
OsO4双羟化,1,00-首页/经验沉淀.md
分段文件名,1,00-首页/经验沉淀.md
目标专题页,1,00-首页/经验沉淀.md
酸碱滴定曲线,1,00-首页/给Agent下指令模板.md
某专题页,1,00-首页/给Agent下指令模板.md
07-资料提炼/提炼-xxx,1,00-首页/讲义生产SOP与双向映射规范.md
12-教学洞察/xxx,1,00-首页/讲义生产SOP与双向映射规范.md
题-0123,1,00-首页/讲义生产SOP与双向映射规范.md
09-审计报告/auto-validation/${latest.date}-validation,1,00-首页/质量看板.md
09-审计报告/auto-validation/,1,00-首页/质量看板.md
04-专题与题型,1,00-首页/首页.md
备课思路,1,00-首页/首页.md
02-数据库/quality-metrics.jsonl,1,00-首页/会话交接/2026-06-24-五支柱框架实施.md
分析化学/四舍六入,1,00-首页/会话交接/2026-07-26-习题库优化交接.md
"晶体与非晶体""",1,00-首页/会话交接/2026-07-26-习题库优化交接.md
2026-06-24-学生讲义排版与docx管线测试/,1,00-首页/会话交接/README.md
2026-06-24-Agent文件优化/,1,00-首页/会话交接/README.md
2026-06-24-排版与内容结构规划/,1,00-首页/会话交接/README.md
2026-07-26-习题库优化交接/,1,00-首页/会话交接/README.md
2026-08-06-学生讲义L1L2与Word回归/,1,00-首页/会话交接/README.md
2026-08-25-结构化学习题集A卷B卷审计/,1,00-首页/会话交接/README.md
2026-09-04-KP链接治理与薄壳治理收口/,1,00-首页/会话交接/README.md
FMO对称匹配,1,00-首页/工作日志/2026-05-10.md
工具脚本/PDF文本清洗,1,00-首页/工作日志/2026-05-10.md
考纲条目名,1,00-首页/工作日志/2026-05-11.md
/1,1,00-首页/工作日志/2026-05-12.md
...^...,1,00-首页/工作日志/2026-05-12.md
标签名,1,00-首页/工作日志/2026-05-14.md
`、`,1,00-首页/工作日志/2026-05-14.md
题型-XX,1,00-首页/工作日志/2026-05-14.md
电子转移与电子对转移,1,00-首页/工作日志/2026-05-16.md
芳香性与苯环稳定性,1,00-首页/工作日志/2026-05-16.md
中间体稳定性排序,1,00-首页/工作日志/2026-05-16.md
金属有机化合物命名法,1,00-首页/工作日志/2026-05-17.md
迁移插入反应,1,00-首页/工作日志/2026-05-17.md
镧系光谱,1,00-首页/工作日志/2026-05-17.md
锕系化学,1,00-首页/工作日志/2026-05-17.md
Br?nsted酸碱观点,1,00-首页/工作日志/2026-05-17.md
有机反应的电子观点,1,00-首页/工作日志/2026-05-17.md
$($t.name),1,00-首页/工作日志/2026-05-17.md
$name,1,00-首页/工作日志/2026-05-17.md
父KP,1,00-首页/工作日志/2026-05-17.md
中国化学奥林匹克决赛要求-总览,1,00-首页/工作日志/2026-05-18.md
Nernst 方程,1,00-首页/工作日志/2026-05-18.md
新名,1,00-首页/工作日志/2026-05-18.md
51-有机合成,1,00-首页/工作日志/2026-05-18.md
椅式环己烷,1,00-首页/工作日志/2026-05-20.md
决赛13-元素化学,1,00-首页/工作日志/2026-05-23.md
07-资料提炼,1,00-首页/工作日志/2026-05-24.md
09-审计报告/2026-05-24-健康检查,1,00-首页/工作日志/2026-05-24.md
07-资料提炼/教学逻辑提炼/质心 化学原理 下/网课上课思路提炼-质心-酸碱理论-L6酸碱平衡-第一轮试点,1,00-首页/工作日志/2026-05-30.md
04-课件/备课大纲/2026-05-31-容量分析概论与酸碱滴定-基础班,1,00-首页/工作日志/2026-05-31.md
03-知识点/无机和结构化学/KP-姜泰勒效应,1,00-首页/工作日志/2026-06-01.md
04-课件/新授课/2026-06-15-活性中间体与反应机理基础配套题单-提高班,1,00-首页/工作日志/2026-06-15.md
04-课件/新授课/2026-06-15-活性中间体与反应机理基础讲评顺序页-提高班,1,00-首页/工作日志/2026-06-15.md
04-课件/试点产出/2026-06-17-键的极性与分子极性-基础班-课件,1,00-首页/工作日志/2026-06-17.md
12-教学洞察,1,00-首页/工作日志/2026-06-20.md
Friedländer合成,1,00-首页/工作日志/2026-06-22.md
Doebner-Miller反应,1,00-首页/工作日志/2026-06-22.md
04-课件/备课大纲/2026-06-02-有机分子结构初探-基础班/,1,00-首页/工作日志/2026-06-22.md
真题-无机-JahnTeller效应-001,1,00-首页/工作日志/2026-06-22.md
04-课件/备课大纲/2026-06-04-亲核取代与消除反应-提高班/,1,00-首页/工作日志/2026-06-22.md
04-课件/备课大纲/2026-06-04-加成反应-提高班/,1,00-首页/工作日志/2026-06-22.md
04-课件/备课大纲/2026-06-04-芳香反应-提高班/,1,00-首页/工作日志/2026-06-22.md
04-课件/备课大纲/2026-06-04-重排反应-提高班/,1,00-首页/工作日志/2026-06-22.md
04-课件/备课大纲/2026-06-05-周环反应-提高班/,1,00-首页/工作日志/2026-06-22.md
04-课件/备课大纲/2026-06-04-羰基化学与缩合反应-提高班/,1,00-首页/工作日志/2026-06-22.md
04-课件/备课大纲/2026-06-05-有机合成与金属有机-提高班/,1,00-首页/工作日志/2026-06-22.md
04-课件/备课大纲/2026-06-05-活性中间体与反应机理基础-提高班/,1,00-首页/工作日志/2026-06-22.md
04-课件/新授课/2026-06-22-亲核取代与消除反应速查卡-提高班/,1,00-首页/工作日志/2026-06-22.md
04-课件/新授课/2026-06-22-加成反应速查卡-提高班/,1,00-首页/工作日志/2026-06-22.md
04-课件/新授课/2026-06-22-芳香反应速查卡-提高班/,1,00-首页/工作日志/2026-06-22.md
04-课件/新授课/2026-06-22-羰基化学与缩合反应速查卡-提高班/,1,00-首页/工作日志/2026-06-22.md
04-课件/新授课/2026-06-22-重排反应速查卡-提高班/,1,00-首页/工作日志/2026-06-22.md
04-课件/新授课/2026-06-22-活性中间体与反应机理基础速查卡-提高班/,1,00-首页/工作日志/2026-06-22.md
专题-方程式书写专项,1,00-首页/工作日志/2026-06-22.md
真题-有机-电子效应-001,1,00-首页/工作日志/2026-06-22.md
真题-有机-醛酮缩合-001,1,00-首页/工作日志/2026-06-22.md
专题-活性中间体,1,00-首页/工作日志/2026-06-22.md
真题-*,1,00-首页/工作日志/2026-06-22.md
04-课件/学生讲义/2026-06-23-*,1,00-首页/工作日志/2026-06-23.md
04-课件/学生讲义/2026-06-23-自由基反应,1,00-首页/工作日志/2026-06-23.md
04-课件/学生讲义/2026-06-23-杂原子与生物高分子,1,00-首页/工作日志/2026-06-23.md
04-课件/学生讲义/2026-06-23-原子参数比较与电性/,1,00-首页/工作日志/2026-06-24.md
04-课件/学生讲义/2026-06-23-氧化还原反应/,1,00-首页/工作日志/2026-06-24.md
04-课件/学生讲义/2026-06-23-晶体结构深化/,1,00-首页/工作日志/2026-06-24.md
04-课件/学生讲义/2026-06-23-晶体结构深度/,1,00-首页/工作日志/2026-06-24.md
04-课件/学生讲义/2026-06-23-酸碱理论/,1,00-首页/工作日志/2026-06-24.md
04-课件/学生讲义/2026-06-23-离子反应/,1,00-首页/工作日志/2026-06-24.md
水中的几种平衡,1,00-首页/工作日志/2026-06-24.md
原子参数比较与电性,1,00-首页/工作日志/2026-06-24.md
分子结构和性质,1,00-首页/工作日志/2026-06-24.md
img.png/,1,00-首页/工作日志/2026-06-24.md
link/,1,00-首页/工作日志/2026-06-25.md
media/file,1,00-首页/工作日志/2026-06-25.md
..,1,00-首页/工作日志/2026-06-25.md
media/...png,1,00-首页/工作日志/2026-06-25.md
media/稳定文件名.ext,1,00-首页/工作日志/2026-06-29.md
页面,1,00-首页/工作日志/2026-06-30.md
fromName,1,00-首页/工作日志/2026-07-22.md
"​""化学式推断""",1,00-首页/工作日志/2026-07-23.md
全路径,1,00-首页/工作日志/2026-07-24.md
"07-资料提炼/xxx.Replace('.md','')",1,00-首页/工作日志/2026-08-02.md
2026-06-23-XXX,1,00-首页/工作日志/2026-08-02.md
04-课件/习题集,1,00-首页/工作日志/2026-08-02.md
提炼-结构化学基础-第X章,1,00-首页/工作日志/2026-08-04.md
04-课件/学生讲义/_待升级/2026-06-23-X,1,00-首页/工作日志/2026-08-07.md
08-工作日志...,1,00-首页/工作日志/2026-08-08.md
08-visualization资源...,1,00-首页/工作日志/2026-08-08.md
09-审计报告/历史任务卡,1,00-首页/工作日志/2026-08-13.md
NN-短名,1,00-首页/工作日志/2026-08-14.md
02-考纲条目/基础要求/有机化学/,1,00-首页/工作日志/2026-08-14.md
NN,1,00-首页/工作日志/2026-08-16.md
时间分配,1,00-首页/工作日志/2026-08-16.md
07-资料提炼/教师用书,1,00-首页/工作日志/2026-08-16.md
07-资料提炼/原始资料/网课/...pdf,1,00-首页/工作日志/2026-08-16.md
04-课件/习题集/第一轮结构化学-*练习题组,1,00-首页/工作日志/2026-08-16.md
题-001,1,00-首页/归档/2026-W19-工作日志.md
题-012,1,00-首页/归档/2026-W19-工作日志.md
专题-分子构型判断,1,00-首页/归档/2026-W20-执行清单.md
专题-滴定分析计算,1,00-首页/归档/2026-W20-执行清单.md
06-外部资料导入/上海中学竞赛教程/（已压缩）上海中学竞赛课程-化学-第3分册,1,00-首页/归档/任务卡-主族元素KP填充.md
真题-SN2立体化学-001,1,00-首页/归档/任务卡-真题库首批扩充-P1-6.md
真题-SN1-001,1,00-首页/归档/任务卡-真题库首批扩充-P1-6.md
真题-E2-001,1,00-首页/归档/任务卡-真题库首批扩充-P1-6.md
真题-SN2vsE2-001,1,00-首页/归档/任务卡-真题库首批扩充-P1-6.md
真题-亲电加成-001,1,00-首页/归档/任务卡-真题库首批扩充-P1-6.md
真题-碳正重排-001,1,00-首页/归档/任务卡-真题库首批扩充-P1-6.md
真题-硼氢化-001,1,00-首页/归档/任务卡-真题库首批扩充-P1-6.md
真题-DielsAlder-001,1,00-首页/归档/任务卡-真题库首批扩充-P1-6.md
真题-芳香取代-001,1,00-首页/归档/任务卡-真题库首批扩充-P1-6.md
真题-FriedelCrafts-001,1,00-首页/归档/任务卡-真题库首批扩充-P1-6.md
真题-Aldol-001,1,00-首页/归档/任务卡-真题库首批扩充-P1-6.md
真题-Cannizzaro-001,1,00-首页/归档/任务卡-真题库首批扩充-P1-6.md
真题-Grignard-001,1,00-首页/归档/任务卡-真题库首批扩充-P1-6.md
真题-缩醛保护-001,1,00-首页/归档/任务卡-真题库首批扩充-P1-6.md
真题-烯醇烷基化-001,1,00-首页/归档/任务卡-真题库首批扩充-P1-6.md
真题-Claisen缩合-001,1,00-首页/归档/任务卡-真题库首批扩充-P1-6.md
真题-Hofmann消除-001,1,00-首页/归档/任务卡-真题库首批扩充-P1-6.md
真题-Beckmann重排-001,1,00-首页/归档/任务卡-真题库首批扩充-P1-6.md
真题-配合物异构体计数-001,1,00-首页/归档/任务卡-真题库首批扩充-P1-6.md
真题-晶体场分裂与磁性-001,1,00-首页/归档/任务卡-真题库首批扩充-P1-6.md
真题-JahnTeller-001,1,00-首页/归档/任务卡-真题库首批扩充-P1-6.md
真题-反位效应-001,1,00-首页/归档/任务卡-真题库首批扩充-P1-6.md
真题-18电子规则-001,1,00-首页/归档/任务卡-真题库首批扩充-P1-6.md
真题-晶胞计算密度-001,1,00-首页/归档/任务卡-真题库首批扩充-P1-6.md
真题-离子半径比-001,1,00-首页/归档/任务卡-真题库首批扩充-P1-6.md
真题-BornHaber循环-001,1,00-首页/归档/任务卡-真题库首批扩充-P1-6.md
真题-Bragg方程002-001,1,00-首页/归档/任务卡-真题库首批扩充-P1-6.md
真题-钙钛矿-001,1,00-首页/归档/任务卡-真题库首批扩充-P1-6.md
真题-元素推断卤素-001,1,00-首页/归档/任务卡-真题库首批扩充-P1-6.md
真题-过渡金属颜色-001,1,00-首页/归档/任务卡-真题库首批扩充-P1-6.md
真题-对角线规则-001,1,00-首页/归档/任务卡-真题库首批扩充-P1-6.md
真题-热力学-001,1,00-首页/归档/任务卡-真题库首批扩充-P1-6.md
真题-热力学-002,1,00-首页/归档/任务卡-真题库首批扩充-P1-6.md
真题-平衡-001,1,00-首页/归档/任务卡-真题库首批扩充-P1-6.md
真题-动力学-002,1,00-首页/归档/任务卡-真题库首批扩充-P1-6.md
真题-动力学-003,1,00-首页/归档/任务卡-真题库首批扩充-P1-6.md
真题-电化学-001,1,00-首页/归档/任务卡-真题库首批扩充-P1-6.md
真题-电化学-002,1,00-首页/归档/任务卡-真题库首批扩充-P1-6.md
真题-滴定-001,1,00-首页/归档/任务卡-真题库首批扩充-P1-6.md
真题-滴定-002,1,00-首页/归档/任务卡-真题库首批扩充-P1-6.md
真题-滴定-003,1,00-首页/归档/任务卡-真题库首批扩充-P1-6.md
真题-误差-001,1,00-首页/归档/任务卡-真题库首批扩充-P1-6.md
真题-相平衡-001,1,00-首页/归档/任务卡-真题库首批扩充-P1-6.md
00-首页/工作日志/,1,00-首页/归档/状态摘要-历史状态块-2026-08-05至09-10.md
目标文件,1,00-首页/归档/知识库治理计划.md
教学逻辑提炼-补遗总表,1,00-首页/活跃任务/交接提示词-2026-09-18-备课线.md
<64位哈希>.<ext>,1,00-首页/活跃任务/任务卡-2026-09-11-讲义ASCII图转图片.md
image-generation-matplotlib,1,00-首页/活跃任务/任务卡-KP待完善项非文字任务清零.md
04-课件/PPT/酸碱理论-提高班,1,00-首页/活跃任务/任务卡-PPT制作方法探究与试点.md
04-课件/PPT/2026-06-16-原子结构基础-基础班-课件,1,00-首页/活跃任务/任务卡-PPT制作方法探究与试点.md
04-课件/PPT/2026-06-19-晶体结构类型与稳定性-基础班-课件,1,00-首页/活跃任务/任务卡-PPT制作方法探究与试点.md
04-课件/试点产出/2026-06-16-原子结构基础-基础班-课件,1,00-首页/活跃任务/任务卡-PPT制作方法探究与试点.md
04-课件,1,00-首页/活跃任务/任务卡-学生材料清理.md
XX深化,1,00-首页/活跃任务/断链内容建设backlog.md
YY深化,1,00-首页/活跃任务/断链内容建设backlog.md
纯哈希名,1,00-首页/活跃任务/计划-2026-09-16-HTML图片引用规范化.md
…/_归档/…,1,00-首页/活跃任务/计划-2026-09-16-备课线下一阶段.md
晶体学基础,1,00-首页/活跃任务/计划-2026-09-16-备课线下一阶段.md
05-真题库/,1,02-数据库/README.md
${m},1,02-数据库/数据库-外部资料.md
普化原理-第7章-化学反应速率,1,03-知识点/化学原理/化学动力学.md
普化原理-第11章-原子结构,1,03-知识点/化学原理/核反应.md
08-可视化资源/02-CIF文件库/04-金属晶体/Ti-P63mmc.cif,1,03-知识点/无机和结构化学/六方密堆积.md
08-可视化资源/02-CIF文件库/04-金属晶体/Zn-P63mmc.cif,1,03-知识点/无机和结构化学/六方密堆积.md
08-可视化资源/02-CIF文件库/01-单质/C_graphite-P63mmc.cif,1,03-知识点/无机和结构化学/晶体结构.md
08-可视化资源/02-CIF文件库/02-离子晶体/FeS2-Pa-3.cif,1,03-知识点/无机和结构化学/晶体结构.md
08-可视化资源/02-CIF文件库/02-离子晶体/CaCO3-R-3c.cif,1,03-知识点/无机和结构化学/晶体结构.md
08-可视化资源/02-CIF文件库/03-共价晶体/MoS2-P63mmc.cif,1,03-知识点/无机和结构化学/晶体结构.md
07-资料提炼/教学逻辑提炼/Zchem 中级无机结构化学/教学逻辑提炼-Zchem-晶体结构I-第三轮,1,03-知识点/无机和结构化学/晶体结构基础.md
08-可视化资源/02-CIF文件库/04-金属晶体/Ag-Fm-3m.cif,1,03-知识点/无机和结构化学/立方密堆积.md
08-可视化资源/02-CIF文件库/04-金属晶体/Au-Fm-3m.cif,1,03-知识点/无机和结构化学/立方密堆积.md
07-资料提炼/书籍提炼/提炼-Clayden-第35章-σ迁移和电环化反应,1,03-知识点/有机化学/杂原子ene反应.md
SN1/SN2,1,03-知识点/有机化学/环氧化合物开环.md
真题-有机-碳正重排-001/,1,04-专题与题型/专题/专题-人名反应系统归类.md
真题-有机-SN1反应-001/,1,04-专题与题型/专题/专题-人名反应系统归类.md
真题-有机-Beckmann重排-001/,1,04-专题与题型/专题/专题-人名反应系统归类.md
真题-有机-Hofmann消除-001/,1,04-专题与题型/专题/专题-人名反应系统归类.md
真题-有机-Aldol缩合-001/,1,04-专题与题型/专题/专题-人名反应系统归类.md
真题-有机-Claisen缩合-001/,1,04-专题与题型/专题/专题-人名反应系统归类.md
真题-有机-Cannizzaro-001/,1,04-专题与题型/专题/专题-人名反应系统归类.md
真题-有机-烯醇烷基化-001/,1,04-专题与题型/专题/专题-人名反应系统归类.md
真题-有机-缩醛保护-001/,1,04-专题与题型/专题/专题-人名反应系统归类.md
真题-有机-DielsAlder-001/,1,04-专题与题型/专题/专题-人名反应系统归类.md
真题-有机-Grignard-001/,1,04-专题与题型/专题/专题-人名反应系统归类.md
真题-有机-FriedelCrafts-001/,1,04-专题与题型/专题/专题-人名反应系统归类.md
真题-有机-SN2立体化学-001/,1,04-专题与题型/专题/专题-人名反应系统归类.md
真题-有机-E2消除-001/,1,04-专题与题型/专题/专题-人名反应系统归类.md
真题-有机-SN2vsE2-001/,1,04-专题与题型/专题/专题-人名反应系统归类.md
真题-有机-硼氢化-001/,1,04-专题与题型/专题/专题-人名反应系统归类.md
真题-有机-芳香取代-001/,1,04-专题与题型/专题/专题-人名反应系统归类.md
真题-自由基-链式反应机理-001/,1,04-专题与题型/专题/专题-人名反应系统归类.md
真题-自由基-开环环化-001/,1,04-专题与题型/专题/专题-人名反应系统归类.md
真题-自由基-KIE合成应用-001/,1,04-专题与题型/专题/专题-人名反应系统归类.md
真题-无机-元素推断-卤素-001/,1,04-专题与题型/专题/专题-元素化学深度与结构推断综合.md
真题-无机-Born-Haber循环-001/,1,04-专题与题型/专题/专题-元素化学深度与结构推断综合.md
真题-无机-对角线规则-001/,1,04-专题与题型/专题/专题-元素化学深度与结构推断综合.md
真题-无机-过渡金属-铁-001/,1,04-专题与题型/专题/专题-元素化学深度与结构推断综合.md
真题-无机-过渡金属-铁-002/,1,04-专题与题型/专题/专题-元素化学深度与结构推断综合.md
真题-无机-过渡金属-铜-001/,1,04-专题与题型/专题/专题-元素化学深度与结构推断综合.md
题型-R/S构型判断,1,04-专题与题型/专题/专题-有机分子结构初探.md
题型-沉淀/络合对电势的影响,1,04-专题与题型/专题/专题-氧化还原与电化学.md
07-资料提炼/书籍提炼/提炼-分析化学第六版-第8-9章-分光光度法与色谱,1,04-专题与题型/题型/题型-分光光度法计算.md
07-资料提炼/书籍提炼/提炼-无机化学第6版-第7章-晶体结构,1,04-专题与题型/题型/题型-晶体结构分析.md
07-资料提炼/书籍提炼/提炼-Clayden-第25章-杂环化学,1,04-专题与题型/题型/题型-杂环位点选择.md
07-资料提炼/书籍提炼/提炼-Clayden-第35章-碳负离子与烯醇,1,04-专题与题型/题型/题型-极性翻转判断.md
07-资料提炼/书籍提炼/提炼-Atkins物理化学-主题13-14-统计力学与分子间力,1,04-专题与题型/题型/题型-沸点比较.md
07-资料提炼/书籍提炼/提炼-Atkins物理化学-主题4-相平衡,1,04-专题与题型/题型/题型-相律应用.md
07-资料提炼/书籍提炼/提炼-无机化学第6版-第5章-原子结构,1,04-专题与题型/题型/题型-结构推断.md
07-资料提炼/书籍提炼/提炼-Clayden-第16章-有机合成,1,04-专题与题型/题型/题型-给材料学习.md
07-资料提炼/书籍提炼/提炼-Clayden-第42章-自由基反应,1,04-专题与题型/题型/题型-自由基稳定性比较.md
07-资料提炼/书籍提炼/提炼-Clayden-第4章-亲核取代,1,04-专题与题型/题型/题型-苯炔机理判断.md
07-资料提炼/书籍提炼/提炼-无机化学第6版-第19章-过渡元素化学,1,04-专题与题型/题型/题型-颜色与磁性判断.md
学生讲义/README/,1,04-课件/README.md
习题集//,1,04-课件/README.md
备课大纲/README/,1,04-课件/README.md
新授课/README/,1,04-课件/README.md
复习课/README/,1,04-课件/README.md
习题课/README/,1,04-课件/README.md
加工页/README/,1,04-课件/README.md
04-课件/新授课,1,04-课件/_规划/复盘索引.md
04-课件/复习课,1,04-课件/_规划/复盘索引.md
04-课件/习题课,1,04-课件/_规划/复盘索引.md
04-课件/已复盘,1,04-课件/_规划/复盘索引.md
07-资料提炼/网课资料/学而思 有机化学基础/提炼-学而思有机化学基础-批次A-绪论烷烃立体化学,1,04-课件/_规划/第三轮有机转化跟踪总表.md
07-资料提炼/网课资料/学而思 有机化学基础/提炼-学而思有机化学基础-批次C-芳香烃与醇酚醚,1,04-课件/_规划/第三轮有机转化跟踪总表.md
07-资料提炼/网课资料/学而思 有机化学基础/提炼-学而思有机化学基础-批次D-醛酮,1,04-课件/_规划/第三轮有机转化跟踪总表.md
07-资料提炼/网课资料/学而思 有机化学基础/提炼-学而思有机化学基础-批次E-羧酸羧衍缩合前置与含氮延伸,1,04-课件/_规划/第三轮有机转化跟踪总表.md
04-专题与题型/专题/专题-原子结构,1,04-课件/习题集/一·随堂层（载体I·配套讲义章末练习）/第一轮结构化学-原子结构练习题组.md
04-课件/习题集/_归档,1,04-课件/习题集/四·成书层（习题书）/README.md
题-030-7-B及几何异构体B1结构/,1,04-课件/备课大纲/2026-06-02-配合物基础-基础班.md
00-附件/Monsanto催化循环.jpg/,1,04-课件/备课大纲/2026-06-05-有机合成与金属有机-提高班.md
00-附件/第5讲-Wacker催化循环图.jpg/,1,04-课件/备课大纲/2026-06-05-有机合成与金属有机-提高班.md
00-附件/第5讲-σπδ-MO成键图解.jpg/,1,04-课件/备课大纲/2026-06-05-有机合成与金属有机-提高班.md
04-题库/真题/第33届初赛/有机化学/题-033-8-1-手性中心构型/,1,04-课件/备课大纲/2026-06-05-杂原子与生物高分子-提高班.md
00-附件/第13讲-固相多肽合成流程图.jpg/,1,04-课件/备课大纲/2026-06-05-杂原子与生物高分子-提高班.md
00-附件/第13讲-DNA-RNA碱基结构图.jpg/,1,04-课件/备课大纲/2026-06-05-杂原子与生物高分子-提高班.md
00-附件/第13讲-自由基聚合机理.jpg/,1,04-课件/备课大纲/2026-06-05-杂原子与生物高分子-提高班.md
00-附件/第13讲-502胶水阴离子聚合原理.jpg/,1,04-课件/备课大纲/2026-06-05-杂原子与生物高分子-提高班.md
00-附件/第13讲-嵌段共聚物胶束结构.jpg/,1,04-课件/备课大纲/2026-06-05-杂原子与生物高分子-提高班.md
00-附件/第13讲-聚酰亚胺合成路线.jpg/,1,04-课件/备课大纲/2026-06-05-杂原子与生物高分子-提高班.md
题-032-10-Nazarov产物A/,1,04-课件/备课大纲/2026-06-08-人名反应系统归类-冲刺班.md
题-028-10-Prévost反应中间体A-D/,1,04-课件/备课大纲/2026-06-08-人名反应系统归类-冲刺班.md
题-028-11-异靛蓝合成中间体与反应类型/,1,04-课件/备课大纲/2026-06-08-人名反应系统归类-冲刺班.md
04-题库/真题/第28届初赛/有机化学/题-028-11-异靛蓝合成中间体与反应类型/,1,04-课件/备课大纲/2026-06-08-人名反应系统归类-冲刺班.md
胶体分散系,1,04-课件/学生讲义/3-物理化学/胶体与表面物理化学-超级充实版（自学完整）.md
胶体稳定性与DLVO理论,1,04-课件/学生讲义/3-物理化学/胶体与表面物理化学-超级充实版（自学完整）.md
表面活性剂与乳化,1,04-课件/学生讲义/3-物理化学/胶体与表面物理化学-超级充实版（自学完整）.md
氢与卤素-超级充实版（自学完整）/,1,04-课件/学生讲义/5-无机化学/碱金属碱土金属与稀有气体-超级充实版（自学完整）.md
03-知识点/有机化学/非经典碳正离子,1,04-课件/学生讲义/6-有机化学/高等有机机理.md
04-课件/备课大纲/2026-06-08-元素化学深度与结构推断综合-冲刺班,1,04-课件/学生讲义/_归档/2026-06-23-元素推断综合训练.md
04-课件/备课大纲/2026-06-01-分子结构基础-基础班,1,04-课件/学生讲义/_归档/2026-06-23-分子结构和性质.md
03-知识点/化学原理/配体场理论,1,04-课件/学生讲义/_归档/2026-06-23-配合物与配位化学深化.md
12-深层理解/深层理解-晶体结构基础,1,04-课件/学生讲义/_归档/晶体结构基础-超级充实版（自学完整）.md
04-课件/PPT/,1,04-课件/导出版/README.md
<原课件路径>,1,04-课件/已复盘/README.md
04-题库/分析化学,1,04-题库/README.md
04-题库/教材习题,1,04-题库/README.md
04-题库/教学改编题,1,04-题库/README.md
04-题库/经典例题,1,04-题库/README.md
取代题文件名,1,04-题库/新题入库SOP.md
04-题库/元素化学/p区-氧族氮族/题-元氧-01-O2顺磁性H2O2/,1,04-题库/元素化学/p区-氧族氮族/README.md
04-题库/元素化学/p区-氧族氮族/题-元氧-02-S2O3与I2反应/,1,04-题库/元素化学/p区-氧族氮族/README.md
04-题库/元素化学/p区-氧族氮族/题-元氧-03-硝酸还原产物P4/,1,04-题库/元素化学/p区-氧族氮族/README.md
04-题库/元素化学/p区-碳硼硅/题-元碳-01-金刚石石墨硅酸盐/,1,04-题库/元素化学/p区-碳硼硅/README.md
04-题库/元素化学/p区-碳硼硅/题-元碳-02-硼烷3c2e键/,1,04-题库/元素化学/p区-碳硼硅/README.md
04-题库/元素化学/p区-碳硼硅/题-元碳-03-惰性电子对AlCl3/,1,04-题库/元素化学/p区-碳硼硅/README.md
04-题库/元素化学/s区元素/题-元s-01-碳酸盐热稳定性递变/,1,04-题库/元素化学/s区元素/README.md
04-题库/元素化学/s区元素/题-元s-02-Xe化合物VSEPR/,1,04-题库/元素化学/s区元素/README.md
04-题库/元素化学/s区元素/题-元s-03-对角线规则LiMg/,1,04-题库/元素化学/s区元素/README.md
04-题库/元素化学/元素推断综合/题-元推-01-颜色信号推断/,1,04-题库/元素化学/元素推断综合/README.md
04-题库/元素化学/元素推断综合/题-元推-02-价态颜色判据推断/,1,04-题库/元素化学/元素推断综合/README.md
04-题库/元素化学/元素推断综合/题-元推-03-综合推断Hg/,1,04-题库/元素化学/元素推断综合/README.md
04-题库/元素化学/过渡-钛钒铬锰/题-元钛-01-Ti水解TiO2结构/,1,04-题库/元素化学/过渡-钛钒铬锰/README.md
04-题库/元素化学/过渡-钛钒铬锰/题-元钛-02-V价态颜色催化/,1,04-题库/元素化学/过渡-钛钒铬锰/README.md
04-题库/元素化学/过渡-钛钒铬锰/题-元钛-03-Cr互变KMnO4三pH/,1,04-题库/元素化学/过渡-钛钒铬锰/README.md
04-题库/元素化学/过渡-铁钴镍铜锌/题-元铁-01-Fe配体调控普鲁士蓝/,1,04-题库/元素化学/过渡-铁钴镍铜锌/README.md
04-题库/元素化学/过渡-铁钴镍铜锌/题-元铁-02-Co3配合物Ni2几何/,1,04-题库/元素化学/过渡-铁钴镍铜锌/README.md
04-题库/元素化学/过渡-铁钴镍铜锌/题-元铁-03-Cu歧化Zn两性/,1,04-题库/元素化学/过渡-铁钴镍铜锌/README.md
04-题库/元素化学/过渡-银金汞钼钨/题-元银-01-卤化银银氨配位/,1,04-题库/元素化学/过渡-银金汞钼钨/README.md
04-题库/元素化学/过渡-银金汞钼钨/题-元银-02-王水溶金汞双核/,1,04-题库/元素化学/过渡-银金汞钼钨/README.md
04-题库/元素化学/过渡-银金汞钼钨/题-元银-03-多酸KegginMoS2/,1,04-题库/元素化学/过渡-银金汞钼钨/README.md
铬酸铅,1,04-题库/教材习题/化学竞赛初赛讲义/题-048-初赛讲义-热力学和动力学初步-习题9.10.md
金属晶体/储氢,1,04-题库/教材习题/赵鑫光/题-赵鑫光-晶体-习2.md
04-题库/物理化学/化学动力学/题-物动-01-初始速率法求级数/,1,04-题库/物理化学/化学动力学/README.md
04-题库/物理化学/化学动力学/题-物动-02-Arrhenius求活化能/,1,04-题库/物理化学/化学动力学/README.md
04-题库/物理化学/化学动力学/题-物动-03-稳态近似与平衡假设/,1,04-题库/物理化学/化学动力学/README.md
04-题库/物理化学/化学平衡/题-物平-01-合成氨平衡常数/,1,04-题库/物理化学/化学平衡/README.md
04-题库/物理化学/化学平衡/题-物平-02-van'tHoff温度影响/,1,04-题库/物理化学/化学平衡/README.md
04-题库/物理化学/化学平衡/题-物平-03-多重平衡耦合/,1,04-题库/物理化学/化学平衡/README.md
04-题库/物理化学/热力学与热化学/题-物热-01-恒压恒容燃烧热/,1,04-题库/物理化学/热力学与热化学/README.md
04-题库/物理化学/热力学与热化学/题-物热-02-Born-Haber循环求晶格能/,1,04-题库/物理化学/热力学与热化学/README.md
04-题库/物理化学/热力学与热化学/题-物热-03-Clausius-Clapeyron求汽化焓/,1,04-题库/物理化学/热力学与热化学/README.md
04-题库/物理化学/电化学/题-物电-01-Nernst方程计算/,1,04-题库/物理化学/电化学/README.md
04-题库/物理化学/电化学/题-物电-02-EθΔGθK全链/,1,04-题库/物理化学/电化学/README.md
04-题库/物理化学/电化学/题-物电-03-沉淀对电极电势影响/,1,04-题库/物理化学/电化学/README.md
04-题库/物理化学/统计热力学与相图/题-物统-01-Boltzmann布居比/,1,04-题库/物理化学/统计热力学与相图/README.md
04-题库/物理化学/统计热力学与相图/题-物统-02-统计熵计算/,1,04-题库/物理化学/统计热力学与相图/README.md
04-题库/物理化学/统计热力学与相图/题-物统-03-相律与杠杆规则/,1,04-题库/物理化学/统计热力学与相图/README.md
04-题库/物理化学/胶体与表面/题-物胶-01-AgI胶团结构/,1,04-题库/物理化学/胶体与表面/README.md
04-题库/物理化学/胶体与表面/题-物胶-02-Langmuir吸附等温线/,1,04-题库/物理化学/胶体与表面/README.md
04-题库/物理化学/胶体与表面/题-物胶-03-Kelvin方程毛细凝聚/,1,04-题库/物理化学/胶体与表面/README.md
Vilsmeier试剂,1,04-题库/真题/第25届初赛/有机化学/题-025-10-Vilsmeier试剂共振式.md
五元环,1,04-题库/真题/第25届初赛/有机化学/题-025-9-有机推断结构式.md
不定方程,1,04-题库/真题/第26届初赛/无机和结构化学/题-026-5-晶胞分子比例计算.md
晶胞分析,1,04-题库/真题/第28届决赛/理论/题-028决-5-HgBaCuO超导晶体.md
硫化物氧化,1,04-题库/真题/第28届初赛/分析化学/题-028-7-硫化物氧化反应方程式.md
异靛蓝,1,04-题库/真题/第28届初赛/有机化学/题-028-11-异靛蓝合成中间体与反应类型.md
重铬酸钾,1,04-题库/真题/第29届初赛/分析化学/题-029-4-重铬酸钾氧化碳方程式.md
选择性溶解,1,04-题库/真题/第29届初赛/无机和结构化学/题-029-2-固体混合物分离.md
锆钨氧化物,1,04-题库/真题/第29届初赛/无机和结构化学/题-029-5-晶胞原子数目.md
体积比,1,04-题库/真题/第30届初赛/化学原理/题-030-6-295K下N2O4NO2分压计算.md
硝酸根鉴定,1,04-题库/真题/第30届初赛/无机和结构化学/题-030-2-棕色环形成反应方程式.md
胺解,1,04-题库/真题/第30届初赛/有机化学/题-030-9-1-化合物B结构简式.md
选择性反应,1,04-题库/真题/第30届初赛/有机化学/题-030-9-1-化合物B结构简式.md
离子推断,1,04-题库/真题/第31届决赛/理论/题-031决-3-离子混合物推断.md
草酸铋,1,04-题库/真题/第31届初赛/无机和结构化学/题-031-3-铋的推断与A的化学式.md
异氰酸酯,1,04-题库/真题/第31届初赛/有机化学/题-031-7-嵌段共聚物单体推断.md
底物结构效应,1,04-题库/真题/第32届初赛/有机化学/题-032-8-SN反应类型判断.md
专题-铜,1,05-真题库/真题-无机-过渡金属-铜-001.md
普通化学原理第四版,1,06-外部资料导入/外部资料导入.md
Arrow Pushing in Inorganic Chemistry,1,06-外部资料导入/外部资料导入.md
(1_images/4f659909ec5d64bbdf7ecd41050164ac40bd75f1a96ea01c9146292f03cd169b.jpg),1,06-外部资料导入/Zchem 物理化学 上/1.热力学（上）_笔记.md
质子转移,1,06-外部资料导入/书籍/Arrow Pushing in Inorganic Chemistry/Arrow Pushing in Inorganic Chemistry-总索引.md
硅烷化学,1,06-外部资料导入/书籍/Arrow Pushing in Inorganic Chemistry/Arrow Pushing in Inorganic Chemistry-总索引.md
锡氢化物自由基,1,06-外部资料导入/书籍/Arrow Pushing in Inorganic Chemistry/Arrow Pushing in Inorganic Chemistry-总索引.md
LTA二醇断裂,1,06-外部资料导入/书籍/Arrow Pushing in Inorganic Chemistry/Arrow Pushing in Inorganic Chemistry-总索引.md
氧分子,1,06-外部资料导入/书籍/Arrow Pushing in Inorganic Chemistry/Arrow Pushing in Inorganic Chemistry-总索引.md
亚砜,1,06-外部资料导入/书籍/Arrow Pushing in Inorganic Chemistry/Arrow Pushing in Inorganic Chemistry-总索引.md
硫酰氯,1,06-外部资料导入/书籍/Arrow Pushing in Inorganic Chemistry/Arrow Pushing in Inorganic Chemistry-总索引.md
硒化学,1,06-外部资料导入/书籍/Arrow Pushing in Inorganic Chemistry/Arrow Pushing in Inorganic Chemistry-总索引.md
含氧酸的电子结构,1,06-外部资料导入/书籍/Arrow Pushing in Inorganic Chemistry/Arrow Pushing in Inorganic Chemistry-总索引.md
多卤离子,1,06-外部资料导入/书籍/Arrow Pushing in Inorganic Chemistry/Arrow Pushing in Inorganic Chemistry-总索引.md
04-题库/真题/省预赛/江苏卷,1,06-外部资料导入/真题/省预赛/OCR/OCR模板-图依赖题.md
04-题库/真题/省预赛/福建卷,1,06-外部资料导入/真题/省预赛/OCR/OCR模板-图依赖题.md
04-题库/真题/第28届初赛,1,07-资料提炼/提炼-第28届初赛试题解析.md
缩酮,1,07-资料提炼/提炼-第31届初赛试题解析.md
04-题库/真题/第32届初赛,1,07-资料提炼/提炼-第32届初赛试题解析.md
氮化硅,1,07-资料提炼/提炼-第32届初赛试题解析.md
环丙烯正离子,1,07-资料提炼/提炼-第32届初赛试题解析.md
04-题库/真题/第33届初赛,1,07-资料提炼/提炼-第33届初赛试题解析.md
黄铜矿,1,07-资料提炼/提炼-第33届初赛试题解析.md
稀土配合物,1,07-资料提炼/提炼-第33届初赛试题解析.md
硫鎓盐,1,07-资料提炼/提炼-第33届初赛试题解析.md
04-题库/真题/第34届初赛,1,07-资料提炼/提炼-第34届初赛试题解析.md
04-题库/真题/第37届初赛/题-037-2-滴定反应方程式/,1,07-资料提炼/提炼-第37届初赛试题解析.md
04-题库/真题/第37届初赛/题-037-4-Pt多核配合物组成推断/,1,07-资料提炼/提炼-第37届初赛试题解析.md
题-037-6-MAX相通式推导/,1,07-资料提炼/提炼-第37届初赛试题解析.md
04-题库/真题/第37届初赛/题-037-6-MAX相通式推导/,1,07-资料提炼/提炼-第37届初赛试题解析.md
题-037-7-1-磷脂双层膜离子通透性/,1,07-资料提炼/提炼-第37届初赛试题解析.md
04-题库/真题/第37届初赛/题-037-7-1-磷脂双层膜离子通透性/,1,07-资料提炼/提炼-第37届初赛试题解析.md
04-题库/真题/第37届初赛/题-037-10-Brook重排中间体/,1,07-资料提炼/提炼-第37届初赛试题解析.md
04-题库/教材习题/北斗40/题-154-北斗40-2017BST4强化一-01-完成反应方程式/,1,07-资料提炼/习题提炼/习题-北斗40-2017BST4强化一.md
04-题库/教材习题/北斗40/题-155-北斗40-2017BST4强化一-02-溶解度键角与聚酰亚胺电极/,1,07-资料提炼/习题提炼/习题-北斗40-2017BST4强化一.md
04-题库/教材习题/北斗40/题-156-北斗40-2017BST4强化一-03-硫氢化铵分解平衡/,1,07-资料提炼/习题提炼/习题-北斗40-2017BST4强化一.md
04-题库/教材习题/北斗40/题-157-北斗40-2017BST4强化一-04-高碘酸高锰酸钾双法测定/,1,07-资料提炼/习题提炼/习题-北斗40-2017BST4强化一.md
04-题库/教材习题/北斗40/题-158-北斗40-2017BST4强化一-05-银的氧化物推断/,1,07-资料提炼/习题提炼/习题-北斗40-2017BST4强化一.md
04-题库/教材习题/北斗40/题-159-北斗40-2017BST4强化一-06-钛配合物与铅氧簇/,1,07-资料提炼/习题提炼/习题-北斗40-2017BST4强化一.md
04-题库/教材习题/北斗40/题-160-北斗40-2017BST4强化一-09-芴甲醛烯醇与超酸碳正离子/,1,07-资料提炼/习题提炼/习题-北斗40-2017BST4强化一.md
04-题库/教材习题/北斗40/题-161-北斗40-2017BST4强化一-10-有机氧化剂与酰基迁移机理/,1,07-资料提炼/习题提炼/习题-北斗40-2017BST4强化一.md
04-题库/教材习题/北斗40/题-162-北斗40-2017BST4强化二-01-磁性纳米颗粒的合成与表征/,1,07-资料提炼/习题提炼/习题-北斗40-2017BST4强化二.md
04-题库/教材习题/北斗40/题-163-北斗40-2017BST4强化二-02-半导体与综合问答/,1,07-资料提炼/习题提炼/习题-北斗40-2017BST4强化二.md
04-题库/教材习题/北斗40/题-164-北斗40-2017BST4强化二-03-平均活度系数与电池测Ksp/,1,07-资料提炼/习题提炼/习题-北斗40-2017BST4强化二.md
04-题库/教材习题/北斗40/题-165-北斗40-2017BST4强化二-04-铁基光敏配合物/,1,07-资料提炼/习题提炼/习题-北斗40-2017BST4强化二.md
04-题库/教材习题/北斗40/题-166-北斗40-2017BST4强化二-05-聚氨酯单体与合成路线/,1,07-资料提炼/习题提炼/习题-北斗40-2017BST4强化二.md
04-题库/教材习题/北斗40/题-167-北斗40-2017BST4强化二-06-MnCo3O4立方簇/,1,07-资料提炼/习题提炼/习题-北斗40-2017BST4强化二.md
04-题库/教材习题/北斗40/题-168-北斗40-2017BST4强化二-07-铅溴钙钛矿Cs4PbBr6/,1,07-资料提炼/习题提炼/习题-北斗40-2017BST4强化二.md
04-题库/教材习题/北斗40/题-169-北斗40-2017BST4强化二-08-玻璃电极测定pH/,1,07-资料提炼/习题提炼/习题-北斗40-2017BST4强化二.md
04-题库/教材习题/北斗40/题-170-北斗40-2017BST4强化二-09-Johnson-Claisen重排/,1,07-资料提炼/习题提炼/习题-北斗40-2017BST4强化二.md
04-题库/教材习题/北斗40/题-171-北斗40-2017BST4强化二-10-kalihinolC环氧化立体控制/,1,07-资料提炼/习题提炼/习题-北斗40-2017BST4强化二.md
04-题库/教材习题/北斗40/题-172-北斗40-2017BST6冲刺一-01-完成反应与终点电位/,1,07-资料提炼/习题提炼/习题-北斗40-2017BST6冲刺一.md
04-题库/教材习题/北斗40/题-173-北斗40-2017BST6冲刺一-02-试剂保存与转化/,1,07-资料提炼/习题提炼/习题-北斗40-2017BST6冲刺一.md
04-题库/教材习题/北斗40/题-174-北斗40-2017BST6冲刺一-03-自旋态与异构体/,1,07-资料提炼/习题提炼/习题-北斗40-2017BST6冲刺一.md
04-题库/教材习题/北斗40/题-175-北斗40-2017BST6冲刺一-04-Winkler碘量法测溶解氧/,1,07-资料提炼/习题提炼/习题-北斗40-2017BST6冲刺一.md
04-题库/教材习题/北斗40/题-176-北斗40-2017BST6冲刺一-05-钛酸钡钙钛矿晶胞/,1,07-资料提炼/习题提炼/习题-北斗40-2017BST6冲刺一.md
04-题库/教材习题/北斗40/题-177-北斗40-2017BST6冲刺一-06-沉淀溶解平衡计算/,1,07-资料提炼/习题提炼/习题-北斗40-2017BST6冲刺一.md
04-题库/教材习题/北斗40/题-178-北斗40-2017BST6冲刺一-07-E-pH图综合/,1,07-资料提炼/习题提炼/习题-北斗40-2017BST6冲刺一.md
04-题库/教材习题/北斗40/题-179-北斗40-2017BST6冲刺一-08-Au催化内酯化循环/,1,07-资料提炼/习题提炼/习题-北斗40-2017BST6冲刺一.md
04-题库/教材习题/北斗40/题-180-北斗40-2017BST6冲刺一-09-Seyferth-Gilbert与Bestmann试剂/,1,07-资料提炼/习题提炼/习题-北斗40-2017BST6冲刺一.md
04-题库/教材习题/北斗40/题-181-北斗40-2017BST6冲刺一-10-吲哚喹啉串联机理/,1,07-资料提炼/习题提炼/习题-北斗40-2017BST6冲刺一.md
羧酸及羧酸衍生物/,1,07-资料提炼/书籍提炼/提炼-ABOC-第1章-绪论.md
提炼-ABOC-第N章-XXX,1,07-资料提炼/书籍提炼/提炼-ABOC.md
Clayden 有机化学,1,07-资料提炼/书籍提炼/提炼-ABOC.md
Boltzmann分布,1,07-资料提炼/书籍提炼/提炼-Atkins物理化学-主题13-14-统计热力学与分子相互作用.md
模板效应,1,07-资料提炼/书籍提炼/提炼-Steed-Atwood-超分子化学第7章-模板和自组装.md
机械互锁分子,1,07-资料提炼/书籍提炼/提炼-Steed-Atwood-超分子化学第7章-模板和自组装.md
索烃和轮烷,1,07-资料提炼/书籍提炼/提炼-Steed-Atwood-超分子化学第7章-模板和自组装.md
分子运动论,1,07-资料提炼/书籍提炼/提炼-普化原理-第2章-气体.md
次级键,1,07-资料提炼/书籍提炼/提炼-结构化学基础-第10章-次级键与超分子.md
原子光谱项,1,07-资料提炼/书籍提炼/提炼-结构化学基础-第2章-原子结构.md
双原子分子,1,07-资料提炼/书籍提炼/提炼-结构化学基础-第3章-共价键与双原子分子.md
分子光谱基础,1,07-资料提炼/书籍提炼/提炼-结构化学基础-第3章-共价键与双原子分子.md
倒易点阵,1,07-资料提炼/书籍提炼/提炼-结构化学基础-第7章-晶体点阵结构.md
氢与卤素,1,07-资料提炼/书籍提炼/提炼计划-无机化学下册.md
XX元素,1,07-资料提炼/书籍提炼/提炼计划-无机化学下册.md
00-首页/agent标准作业流程,1,07-资料提炼/书籍提炼/源书OCR跳转索引大全.md
专题-主族元素结构化学,1,07-资料提炼/教学逻辑提炼/Zchem 中级无机结构化学/教学逻辑提炼-Zchem-主族元素的结构化学II-第二轮深化.md
ds区元素,1,07-资料提炼/教学逻辑提炼/Zchem 元素化学与结构化学/教学逻辑提炼-Zchem-铜锌副族-第一轮.md
化学分析,1,07-资料提炼/教学逻辑提炼/无机化学-周坤-2020/教学逻辑提炼-周坤无机新课-定量化学分析-第一轮.md
有机化学/金属有机化学,1,07-资料提炼/教学逻辑提炼/无机化学-周坤-2020/教学逻辑提炼-周坤无机新课-晶体配合物与气体-第一轮.md
非金属元素,1,07-资料提炼/教学逻辑提炼/质心 元素化学和结构化学 上/教学逻辑提炼-质心-非金属元素小结-第一轮.md
质心直播课-5.钪、钛、钒、铬、锰_笔记,1,07-资料提炼/教学逻辑提炼/质心 元素化学和结构化学 下/教学逻辑提炼-质心-ds区元素-第一轮.md
质心直播课-3.铝、锗和锑分族_笔记,1,07-资料提炼/教学逻辑提炼/质心 元素化学和结构化学 下/教学逻辑提炼-质心-p区金属串讲-第一轮.md
质心直播课-1.晶体结构_笔记,1,07-资料提炼/教学逻辑提炼/质心 元素化学和结构化学 下/教学逻辑提炼-质心-晶体结构-第一轮.md
质心直播课-4.铜、锌副族_笔记,1,07-资料提炼/教学逻辑提炼/质心 元素化学和结构化学 下/教学逻辑提炼-质心-氮族元素与铜副族-第一轮.md
质心直播课-2.碱金属和碱土金属_笔记,1,07-资料提炼/教学逻辑提炼/质心 元素化学和结构化学 下/教学逻辑提炼-质心-碱金属和碱土金属-第一轮.md
质心直播课-6.铁系、铂系_笔记,1,07-资料提炼/教学逻辑提炼/质心 元素化学和结构化学 下/教学逻辑提炼-质心-钪钛钒-第一轮.md
质心直播课-8.综合复习_笔记,1,07-资料提炼/教学逻辑提炼/质心 元素化学和结构化学 下/教学逻辑提炼-质心-铁系元素-第一轮.md
质心直播课-7.有机金属化合物_笔记,1,07-资料提炼/教学逻辑提炼/质心 元素化学和结构化学 下/教学逻辑提炼-质心-铬-第一轮.md
02-CIF文件库/01-单质/README/,1,08-可视化资源/02-CIF文件库/README.md
02-CIF文件库/02-离子晶体/README/,1,08-可视化资源/02-CIF文件库/README.md
02-CIF文件库/03-共价晶体/README/,1,08-可视化资源/02-CIF文件库/README.md
02-CIF文件库/04-金属晶体/README/,1,08-可视化资源/02-CIF文件库/README.md
02-CIF文件库/05-分子晶体/README/,1,08-可视化资源/02-CIF文件库/README.md
02-CIF文件库/06-配合物/README/,1,08-可视化资源/02-CIF文件库/README.md
06-可视化索引/无机化学-可视化索引.md/,1,08-可视化资源/06-可视化索引/README.md
06-可视化索引/有机化学-可视化索引.md/,1,08-可视化资源/06-可视化索引/README.md
06-可视化索引/结构化学-可视化索引.md/,1,08-可视化资源/06-可视化索引/README.md
06-可视化索引/物理化学-可视化索引.md/,1,08-可视化资源/06-可视化索引/README.md
06-可视化索引/化学原理-可视化索引.md/,1,08-可视化资源/06-可视化索引/README.md
06-可视化索引/分析化学-可视化索引.md/,1,08-可视化资源/06-可视化索引/README.md
06-可视化索引/决赛要求-可视化索引.md/,1,08-可视化资源/06-可视化索引/README.md
KP文件名,1,08-可视化资源/06-可视化索引/README.md
NaCl-Fm-3m.cif,1,08-可视化资源/06-可视化索引/可视化资源与知识库整合方案.md
题-027-2-4-1,1,08-可视化资源/06-可视化索引/可视化资源与知识库整合方案.md
CsCl-Pm-3m.cif,1,08-可视化资源/06-可视化索引/可视化资源与知识库整合方案.md
题-027-2-4-2,1,08-可视化资源/06-可视化索引/可视化资源与知识库整合方案.md
ZnS-F-43m.cif,1,08-可视化资源/06-可视化索引/可视化资源与知识库整合方案.md
CaF2-Fm-3m.cif,1,08-可视化资源/06-可视化索引/可视化资源与知识库整合方案.md
08-可视化资源/02-CIF文件库/02-离子晶体/ZnS-P63mc.cif,1,08-可视化资源/06-可视化索引/无机化学-可视化索引.md
08-可视化资源/02-CIF文件库/02-离子晶体/MgO-Fm-3m.cif,1,08-可视化资源/06-可视化索引/无机化学-可视化索引.md
08-可视化资源/02-CIF文件库/03-共价晶体/SiO2-P3121.cif,1,08-可视化资源/06-可视化索引/无机化学-可视化索引.md
08-可视化资源/02-CIF文件库/05-分子晶体/CO2-Pa-3.cif,1,08-可视化资源/06-可视化索引/无机化学-可视化索引.md
08-可视化资源/02-CIF文件库/05-分子晶体/benzene-P63mcc.cif,1,08-可视化资源/06-可视化索引/无机化学-可视化索引.md
08-可视化资源/02-CIF文件库/06-配合物/K3FeCN6-R-3c.cif,1,08-可视化资源/06-可视化索引/无机化学-可视化索引.md
08-可视化资源/02-CIF文件库/06-配合物/CoNH3_6Cl3-Fm-3m.cif,1,08-可视化资源/06-可视化索引/无机化学-可视化索引.md
08-可视化资源/02-CIF文件库/06-配合物/CuSO4_5H2O-P21c.cif,1,08-可视化资源/06-可视化索引/无机化学-可视化索引.md
08-可视化资源/02-CIF文件库/06-配合物/Prussian_Blue-Fm-3m.cif,1,08-可视化资源/06-可视化索引/无机化学-可视化索引.md
08-可视化资源/02-CIF文件库/06-配合物/Ferrocene-P21c.cif,1,08-可视化资源/06-可视化索引/无机化学-可视化索引.md
题库源文件名,1,09-AI工作区/交接提示词-题库与习题集工程-2026-09-05.md
04-题库/真题/第31届初赛/无机和结构化学/题-031-3-1-铋的推断与A的化学式,1,09-审计报告/2026-06-07-断链检测.md
04-题库/真题/第34届初赛/无机和结构化学/题-034-2-1-1-SO4^2-参与的释能反应方程式,1,09-审计报告/2026-06-07-断链检测.md
04-题库/真题/第34届初赛/无机和结构化学/题-034-2-1-2-MnO2参与的释能反应方程式,1,09-审计报告/2026-06-07-断链检测.md
04-题库/真题/第29届初赛/无机和结构化学/题-029-1-3-黄血盐氧化方程式,1,09-审计报告/2026-06-08-断链检测.md
49-金属有机化合物,1,09-审计报告/2026-07-12-全库逐文件深度审计.md
04-元素周期律和元素周期系,1,09-审计报告/2026-07-12-全库逐文件深度审计.md
提炼-中级无机化学-第X章...,1,09-审计报告/2026-08-15-中级无机化学提炼审计与资料提炼系统优化.md
image-management-workflow,1,09-审计报告/2026-08-15-中级无机化学提炼审计与资料提炼系统优化.md
image-automation-pipeline,1,09-审计报告/2026-08-15-中级无机化学提炼审计与资料提炼系统优化.md
04-05第六章卤代烃学生版_images/a9150999361afb…jpg,1,09-审计报告/2026-08-28-题库健康审计.md
莫尔盐…,1,09-审计报告/2026-08-28-题库健康审计.md
例18.1-配平氢与稀有气体反应,1,09-审计报告/2026-08-28-题库健康审计.md
09-审计报告/2026-08-30-习题书V2严格版-图片归属清单.jsonl,1,09-审计报告/2026-08-30-习题书V2-图片人工核验交接清单.md
Cl2与Fe(OH)3/KOH,1,09-审计报告/2026-08-31-断链治理诊断.md
04-课件/习题集/习题书-教师版,1,09-审计报告/2026-08-31-断链治理诊断.md
Z/E构型,1,09-审计报告/2026-08-31-断链治理诊断.md
Na/NH₃体系,1,09-审计报告/2026-08-31-断链治理诊断.md
椅式/船式,1,09-审计报告/2026-08-31-断链治理诊断.md
题-011-初赛讲义-分子结构-习题3.44,1,09-审计报告/2026-08-31-知识点缺口映射表.md
答案文件,1,09-审计报告/2026-08-31-题库修复总结.md
阿伏伽德罗常数,1,09-审计报告/2026-08-31-题库全面审计.md
物态与熵,1,09-审计报告/2026-08-31-题库全面审计.md
最稳定单质,1,09-审计报告/2026-08-31-题库全面审计.md
相变平衡,1,09-审计报告/2026-08-31-题库全面审计.md
固体分解平衡,1,09-审计报告/2026-08-31-题库全面审计.md
惰性气体影响,1,09-审计报告/2026-08-31-题库全面审计.md
温度对平衡的影响,1,09-审计报告/2026-08-31-题库全面审计.md
水合能,1,09-审计报告/2026-08-31-题库全面审计.md
最简公式,1,09-审计报告/2026-08-31-题库全面审计.md
硫化氢,1,09-审计报告/2026-08-31-题库全面审计.md
题库原题,1,09-审计报告/2026-09-01-习题集与习题书对照评估.md
/` 嵌入数,1,09-审计报告/2026-09-13-会话全面总结与体检.md
路径/文件名,1,09-审计报告/2026-09-13-会话全面总结与体检.md
.../{{主题}}-第一轮练习题,1,09-审计报告/2026-09-13-讲义区路径链断链处理清单.md
04-题库/教材习题/化学竞赛初赛讲义/答案/第N讲-XXX-答案,1,09-审计报告/2026-09-17-习题书答案为空43处分诊.md
第二轮习题集-结构化学一/二,1,09-审计报告/2026-09-18-竞赛教材教辅题目利用现状核查.md
6462c33a…jpg,1,09-审计报告/2026-09-18-第一轮套卷版式结构缺陷清单.md
04cd54c1…,1,09-审计报告/2026-09-18-第一轮套卷版式结构缺陷清单.md
dc8b1517…,1,09-审计报告/2026-09-18-第一轮套卷版式结构缺陷清单.md
b8e16d…jpg,1,09-审计报告/2026-09-18-第二轮-gate_v2盲区探针.md
` 字面串漏检,1,09-审计报告/2026-09-18-题库源题版式缺陷清单.md
'` 统计 → **10 文件 / 34 处**,1,09-审计报告/2026-09-18-题库源题版式缺陷清单.md
` 或 `,1,09-审计报告/2026-09-18-题库源题版式缺陷清单.md
` → `,1,09-审计报告/2026-09-18-题库源题版式缺陷清单.md
8de942f2…,1,09-审计报告/2026-09-18-题库源题版式缺陷清单.md
a117f99b…,1,09-审计报告/2026-09-18-题库源题版式缺陷清单.md
88d86539…,1,09-审计报告/2026-09-18-题库源题版式缺陷清单.md
第一轮综合卷XX（教师版）,1,09-审计报告/2026-09-18-题库源题版式缺陷清单.md
…/答案/第X讲-…,1,09-审计报告/2026-09-18-题库源题版式缺陷清单.md
…/答案/第3讲-…,1,09-审计报告/2026-09-18-题库源题版式缺陷清单.md
题名,1,09-审计报告/2026-09-20-题组Word质量体检.md
保留页,1,09-审计报告/KP合并评估报告_2026-09-03.md
保留页路径,1,09-审计报告/KP合并评估报告_2026-09-03.md
该别名,1,09-审计报告/KP合并评估报告_2026-09-03.md
父题,1,09-审计报告/question_type-LLM补全试点-抽样判定报告-2026-09-02.md
题-039-1-1-雄黄变铁与砒黄变铜,1,09-审计报告/全库图片利用率统计与清理建议-2026-09-01.md
04-题库/真题/…/题-XXX,1,09-审计报告/全库图片利用率统计与清理建议-2026-09-01.md
题-030-7-1-B及几何异构体B1结构/,1,09-审计报告/全库图片利用率统计与清理建议-2026-09-01.md
"0, 0",1,09-审计报告/全库图片利用率统计与清理建议-2026-09-01.md
media/filename.jpg/,1,09-审计报告/学生讲义系统体检-2026-09-07.md
media/…,1,09-审计报告/学生讲义系统体检-2026-09-07.md
mineru/…,1,09-审计报告/学生讲义系统体检-2026-09-07.md
06-外部资料导入/…,1,09-审计报告/学生讲义系统体检-2026-09-07.md
2026-05-11-考纲对标审计v2,1,09-审计报告/审计报告.md
图片文件名,1,09-审计报告/有机化学S2升级评估报告.md
---/ntitle:...,1,09-审计报告/知识库剩余内容评估分诊_2026-09-04.md
Friedel-Crafts反应/,1,09-审计报告/知识点系统审计报告_2026-09-03.md
5f17019ed…jpg,1,09-审计报告/讲义等宽段治理-口径与清单-2026-09-11.md
token,1,09-审计报告/遗留专项-①d②决策清单_2026-09-03.md
...题-汇智-分子结构-1,1,09-审计报告/遗留专项展开分析_2026-09-03.md
Co(OH)2与NaOH,1,09-审计报告/遗留专项展开分析_2026-09-03.md
Co(NO3)2处理铝板,1,09-审计报告/遗留专项展开分析_2026-09-03.md
FeCl3与KSCN/铁粉,1,09-审计报告/遗留专项展开分析_2026-09-03.md
提炼-分析化学第六版-第X章-…,1,09-审计报告/遗留专项展开分析_2026-09-03.md
07-资料提炼/书籍提炼/提炼-无机化学第五版-第10章-电化学基础,1,09-审计报告/遗留专项展开分析_2026-09-03.md
必修1 Ch1 - … 教师用书提炼,1,09-审计报告/高中化学基础-链接与图片体检-2026-09-01.md
Ch1-…,1,09-审计报告/高中化学基础-链接与图片体检-2026-09-01.md
题-039决-2-Co的配合物,1,09-审计报告/auto-validation/2026-08-02-validation.md
07,1,09-审计报告/auto-validation/2026-08-02-validation.md
media/` 嵌入数,1,09-审计报告/auto-validation/2026-08-02-validation.md
砷与锑与铋,1,09-审计报告/auto-validation/2026-08-09-validation.md
化学镀,1,09-审计报告/auto-validation/2026-08-09-validation.md
04-课件/学生讲义/2026-06-23-加成反应,1,09-审计报告/auto-validation/2026-08-09-validation.md
04-课件/学生讲义/2026-06-23-芳香烃与卤代烃,1,09-审计报告/auto-validation/2026-08-09-validation.md
决赛要求-无机专题,1,09-审计报告/auto-validation/2026-08-15-validation.md
决赛10-无机专题,1,09-审计报告/auto-validation/2026-08-15-validation.md
提炼-中级无机化学-第3章-配合物,1,09-审计报告/auto-validation/2026-08-15-validation.md
提炼-中级无机化学-第6章-有机金属化学,1,09-审计报告/auto-validation/2026-08-15-validation.md
07-资料提炼/书籍提炼/提炼-结构化学基础-第6章-配合物,1,09-审计报告/auto-validation/2026-08-15-validation.md
决赛51-金属有机,1,09-审计报告/auto-validation/2026-08-15-validation.md
决赛13/14/15-超分子,1,09-审计报告/auto-validation/2026-08-15-validation.md
决赛51-过渡金属催化基础,1,09-审计报告/auto-validation/2026-08-15-validation.md
决赛-材料化学,1,09-审计报告/auto-validation/2026-08-15-validation.md
题-016-初赛讲义-金属有机化学-习题5.5,1,09-审计报告/auto-validation/2026-08-28-validation.md
混合物成分判断,1,09-审计报告/auto-validation/2026-08-28-validation.md
卤素化合物推断,1,09-审计报告/auto-validation/2026-08-28-validation.md
Ni与盐酸反应,1,09-审计报告/auto-validation/2026-08-28-validation.md
绿锈结构,1,09-审计报告/auto-validation/2026-08-28-validation.md
放射性元素,1,09-审计报告/auto-validation/2026-08-28-validation.md
粗镍提纯Ni(CO)4,1,09-审计报告/auto-validation/2026-08-28-validation.md
铅锡钡离子分离,1,09-审计报告/auto-validation/2026-08-28-validation.md
卤素化合物制备,1,09-审计报告/auto-validation/2026-08-28-validation.md
Ba2+分离,1,09-审计报告/auto-validation/2026-08-28-validation.md
工业制备流程,1,09-审计报告/auto-validation/2026-08-28-validation.md
卤素实验现象解释,1,09-审计报告/auto-validation/2026-08-28-validation.md
实验现象解释,1,09-审计报告/auto-validation/2026-08-28-validation.md
四配位B比例,1,09-审计报告/auto-validation/2026-08-28-validation.md
CuCl沉淀,1,09-审计报告/auto-validation/2026-08-28-validation.md
B卤化物,1,09-审计报告/auto-validation/2026-08-28-validation.md
U物种氧化还原,1,09-审计报告/auto-validation/2026-08-28-validation.md
复杂氧化还原配平,1,09-审计报告/auto-validation/2026-08-28-validation.md
PhI(OTf)2氧化,1,09-审计报告/auto-validation/2026-08-28-validation.md
Appel反应类比,1,09-审计报告/auto-validation/2026-08-28-validation.md
团簇化学,1,09-审计报告/auto-validation/2026-08-28-validation.md
圆环势箱,1,09-审计报告/auto-validation/2026-08-28-validation.md
多烯环化,1,09-审计报告/auto-validation/2026-08-28-validation.md
信封式过渡态,1,09-审计报告/auto-validation/2026-08-28-validation.md
分子异构体,1,09-审计报告/auto-validation/2026-08-28-validation.md
吡啶型氮,1,09-审计报告/auto-validation/2026-08-28-validation.md
四醋酸铅氧化,1,09-审计报告/auto-validation/2026-08-28-validation.md
HiNSBerG反应,1,09-审计报告/auto-validation/2026-08-28-validation.md
化学生物学,1,09-审计报告/auto-validation/2026-08-28-validation.md
α氢酸性,1,09-审计报告/auto-validation/2026-08-28-validation.md
二维势箱,1,09-审计报告/auto-validation/2026-08-28-validation.md
原子吸收光谱,1,09-审计报告/auto-validation/2026-08-28-validation.md
共价键饱和性,1,09-审计报告/auto-validation/2026-08-28-validation.md
叠氮离子,1,09-审计报告/auto-validation/2026-08-28-validation.md
放射性碳定年,1,09-审计报告/auto-validation/2026-08-28-validation.md
单电子数,1,09-审计报告/auto-validation/2026-08-28-validation.md
反物质,1,09-审计报告/auto-validation/2026-08-28-validation.md
AbBa排列,1,09-审计报告/auto-validation/2026-08-28-validation.md
晶胞平移,1,09-审计报告/auto-validation/2026-08-28-validation.md
晶胞化学组成,1,09-审计报告/auto-validation/2026-08-28-validation.md
卤化硼稳定性,1,09-审计报告/auto-validation/2026-08-28-validation.md
棕色环反应,1,09-审计报告/auto-validation/2026-08-28-validation.md
未成对电子数,1,09-审计报告/auto-validation/2026-08-28-validation.md
Zn²⁺配位,1,09-审计报告/auto-validation/2026-08-28-validation.md
` 的行（wiki链接）,1,09-审计报告/auto-validation/2026-08-28-validation.md
04-题库/真题/第30届初赛/化学原理/题-030-6-2-315K下N2O4NO2分压计算,1,09-审计报告/auto-validation/2026-08-31-validation.md
04-题库/真题/第33届初赛/化学原理/题-033-3-1-气体分压计算,1,09-审计报告/auto-validation/2026-08-31-validation.md
04-题库/真题/第33届初赛/化学原理/题-033-3-2-K2计算,1,09-审计报告/auto-validation/2026-08-31-validation.md
04-题库/真题/第33届初赛/无机和结构化学/题-033-1-2-CsAuCl3配位化学,1,09-审计报告/auto-validation/2026-08-31-validation.md
04-题库/真题/第37届初赛/题-037-4-1-Pt多核配合物组成推断,1,09-审计报告/auto-validation/2026-08-31-validation.md
04-题库/真题/第36届初赛/题-036-5-1-铁化合物ABCD化学式,1,09-审计报告/auto-validation/2026-08-31-validation.md
题-030-7-1-B及几何异构体B1结构,1,09-审计报告/auto-validation/2026-08-31-validation.md
题-033-8-3-2-Fischer投影式,1,09-审计报告/auto-validation/2026-08-31-validation.md
题-032-10-1-Nazarov产物A,1,09-审计报告/auto-validation/2026-08-31-validation.md
题-028-10-1-Prévost反应中间体A-D,1,09-审计报告/auto-validation/2026-08-31-validation.md
题-028-11-1-异靛蓝合成中间体与反应类型,1,09-审计报告/auto-validation/2026-08-31-validation.md
题-028-11-2-非对称异靛蓝产物H-I-J,1,09-审计报告/auto-validation/2026-08-31-validation.md
04-题库/真题/第39届初赛/化学原理/题-039-6-1-高压储氢与液相储氢,1,09-审计报告/auto-validation/2026-08-31-validation.md
04-题库/真题/第39届初赛/有机化学/题-039-10-1-NHC-硼自由基催化环化,1,09-审计报告/auto-validation/2026-08-31-validation.md
SN2Ar,1,09-审计报告/auto-validation/2026-08-31-validation.md
04-题库/真题/第36届初赛第二场/题-036b-1-2-氧化铜与羟胺反应方程式,1,09-审计报告/auto-validation/2026-08-31-validation.md
04-题库/真题/第36届初赛第二场/题-036b-1-3-氧化锌与硝酸银反应方程式,1,09-审计报告/auto-validation/2026-08-31-validation.md
04-题库/真题/第36届初赛第二场/题-036b-1-4-Sb2O3与氯化亚砜反应方程式,1,09-审计报告/auto-validation/2026-08-31-validation.md
04-题库/真题/第36届初赛第二场/题-036b-1-5-钾长石与氢氧化钾反应方程式,1,09-审计报告/auto-validation/2026-08-31-validation.md
04-题库/真题/第36届初赛第二场/题-036b-2-1-推断A至F及X的化学式,1,09-审计报告/auto-validation/2026-08-31-validation.md
04-题库/真题/第36届初赛第二场/题-036b-2-2-E的异构体数目及结构,1,09-审计报告/auto-validation/2026-08-31-validation.md
04-题库/真题/第36届初赛第二场/题-036b-3-1-推断A至E的化学式及结构,1,09-审计报告/auto-validation/2026-08-31-validation.md
04-题库/真题/第36届初赛第二场/题-036b-3-2-反应1和反应2的离子方程式,1,09-审计报告/auto-validation/2026-08-31-validation.md
04-题库/真题/第36届初赛第二场/题-036b-4-1-碘化物滴定离子方程式,1,09-审计报告/auto-validation/2026-08-31-validation.md
04-题库/真题/第36届初赛第二场/题-036b-4-2-确定金属元素M及碘化物化学式,1,09-审计报告/auto-validation/2026-08-31-validation.md
04-题库/真题/第36届初赛第二场/题-036b-4-3-空穴传输材料T的化学式,1,09-审计报告/auto-validation/2026-08-31-validation.md
04-题库/真题/第36届初赛第二场/题-036b-5-1-镍高价配合物推断,1,09-审计报告/auto-validation/2026-08-31-validation.md
04-题库/真题/第36届初赛第二场/题-036b-5-2-反应1至反应8方程式,1,09-审计报告/auto-validation/2026-08-31-validation.md
04-题库/真题/第36届初赛第二场/题-036b-6-1-SPS与ME反应方程式及平衡常数,1,09-审计报告/auto-validation/2026-08-31-validation.md
04-题库/真题/第36届初赛第二场/题-036b-6-2-标准电极电势计算,1,09-审计报告/auto-validation/2026-08-31-validation.md
04-题库/真题/第36届初赛第二场/题-036b-6-3-电镀铜反应方程式,1,09-审计报告/auto-validation/2026-08-31-validation.md
04-题库/真题/第36届初赛第二场/题-036b-7-1-1-晶胞中化学式数目n,1,09-审计报告/auto-validation/2026-08-31-validation.md
04-题库/真题/第36届初赛第二场/题-036b-7-1-2-Mg2+分数坐标,1,09-审计报告/auto-validation/2026-08-31-validation.md
04-题库/真题/第36届初赛第二场/题-036b-7-1-3-Mg2+最短距离计算,1,09-审计报告/auto-validation/2026-08-31-validation.md
04-题库/真题/第36届初赛第二场/题-036b-7-2-1-嫦娥石化学式,1,09-审计报告/auto-validation/2026-08-31-validation.md
04-题库/真题/第36届初赛第二场/题-036b-7-2-2-嫦娥石密度计算,1,09-审计报告/auto-validation/2026-08-31-validation.md
04-题库/真题/第36届初赛第二场/题-036b-7-3-核反应方程式,1,09-审计报告/auto-validation/2026-08-31-validation.md
04-题库/真题/第36届初赛第二场/题-036b-8-1-中间产物结构推断,1,09-审计报告/auto-validation/2026-08-31-validation.md
04-题库/真题/第36届初赛第二场/题-036b-8-2-反应物比例,1,09-审计报告/auto-validation/2026-08-31-validation.md
04-题库/真题/第36届初赛第二场/题-036b-8-3-关键中间体推断,1,09-审计报告/auto-validation/2026-08-31-validation.md
04-题库/真题/第36届初赛第二场/题-036b-8-4-1-反应式完成,1,09-审计报告/auto-validation/2026-08-31-validation.md
04-题库/真题/第36届初赛第二场/题-036b-8-4-2-反应式完成,1,09-审计报告/auto-validation/2026-08-31-validation.md
04-题库/真题/第36届初赛第二场/题-036b-9-1-AchR重排氧化试剂选择,1,09-审计报告/auto-validation/2026-08-31-validation.md
04-题库/真题/第36届初赛第二场/题-036b-9-2-AchR重排产物预测,1,09-审计报告/auto-validation/2026-08-31-validation.md
04-题库/真题/第36届初赛第二场/题-036b-9-3-A与B的结构及手性碳构型,1,09-审计报告/auto-validation/2026-08-31-validation.md
04-题库/真题/第36届初赛第二场/题-036b-9-4-DEF结构推断,1,09-审计报告/auto-validation/2026-08-31-validation.md
04-题库/真题/第36届初赛第二场/题-036b-10-1-邻位交叉效应解释,1,09-审计报告/auto-validation/2026-08-31-validation.md
04-题库/真题/第36届初赛第二场/题-036b-10-2-亚胺盐中间体稳定构象,1,09-审计报告/auto-validation/2026-08-31-validation.md
04-题库/真题/第36届初赛第二场/题-036b-10-3-HFIP氢键供受体数目,1,09-审计报告/auto-validation/2026-08-31-validation.md
04-题库/真题/第36届初赛第二场/题-036b-10-4-1-硝化反应过渡态,1,09-审计报告/auto-validation/2026-08-31-validation.md
04-题库/真题/第36届初赛第二场/题-036b-10-4-2-芳香亲核取代过渡态,1,09-审计报告/auto-validation/2026-08-31-validation.md
04-题库/真题/第36届初赛第二场/题-036b-10-5-亲电环化产物结构,1,09-审计报告/auto-validation/2026-08-31-validation.md
题-037-1-3-GaGa多重键化合物,1,09-审计报告/auto-validation/2026-08-31-validation.md
题-037-2-2-复盐组成计算,1,09-审计报告/auto-validation/2026-08-31-validation.md
题-037-3-1-2-LiMn2O4酸处理副反应,1,09-审计报告/auto-validation/2026-08-31-validation.md
题-037-3-2-1-LixMn2O4中x计算,1,09-审计报告/auto-validation/2026-08-31-validation.md
题-037-3-2-2-电化学锂富集电极反应,1,09-审计报告/auto-validation/2026-08-31-validation.md
题-037-4-2-Pt多核配合物结构,1,09-审计报告/auto-validation/2026-08-31-validation.md
题-037-5-2-1-HSNO的Lewis结构,1,09-审计报告/auto-validation/2026-08-31-validation.md
题-037-5-2-2-HSNO异构体,1,09-审计报告/auto-validation/2026-08-31-validation.md
题-037-5-2-3-HSSNO酸解离常数,1,09-审计报告/auto-validation/2026-08-31-validation.md
题-037-5-3-3-d轨道分裂图,1,09-审计报告/auto-validation/2026-08-31-validation.md
题-037-6-1-MAX相通式推导,1,09-审计报告/auto-validation/2026-08-31-validation.md
题-037-6-2-4-MXene合成方程式,1,09-审计报告/auto-validation/2026-08-31-validation.md
题-037-7-1-1-磷脂双层膜离子通透性,1,09-审计报告/auto-validation/2026-08-31-validation.md
题-037-7-1-2-膜电位计算,1,09-审计报告/auto-validation/2026-08-31-validation.md
题-037-9-2-2-重排反应类型,1,09-审计报告/auto-validation/2026-08-31-validation.md
题-037-9-2-3-F的立体结构与G1构型,1,09-审计报告/auto-validation/2026-08-31-validation.md
题-037-9-3-1-中间体与产物结构,1,09-审计报告/auto-validation/2026-08-31-validation.md
题-037-9-3-2-BF3催化选择性,1,09-审计报告/auto-validation/2026-08-31-validation.md
题-037-10-4-2-主产物判断,1,09-审计报告/auto-validation/2026-08-31-validation.md
甲硅烷还原性,1,09-审计报告/auto-validation/2026-09-02-validation.md
氯化亚锡还原性,1,09-审计报告/auto-validation/2026-09-02-validation.md
硅化镁与盐酸,1,09-审计报告/auto-validation/2026-09-02-validation.md
辉锑矿制锑,1,09-审计报告/auto-validation/2026-09-02-validation.md
硫化铋制铋酸钠,1,09-审计报告/auto-validation/2026-09-02-validation.md
磷转化反应,1,09-审计报告/auto-validation/2026-09-02-validation.md
气体提纯,1,09-审计报告/auto-validation/2026-09-02-validation.md
氮的氢化物反应,1,09-审计报告/auto-validation/2026-09-02-validation.md
氮化镁水解,1,09-审计报告/auto-validation/2026-09-02-validation.md
` 嵌入数,1,09-审计报告/auto-validation/2026-09-12-validation.md
哈希图,1,09-审计报告/习题书V3工单/2C-元素与分析.md
11-模板/scripts/,1,09-审计报告/历史任务卡/任务卡-PPT样板管线测试.md
03-知识点/有机化学,1,09-审计报告/历史任务卡/任务卡-validate_kb与published断链目录治理.md
03-知识点/决赛要求/物理化学深化,1,09-审计报告/历史任务卡/任务卡-validate_kb与published断链目录治理.md
03-知识点/化学原理/分子结构,1,09-审计报告/历史任务卡/任务卡-教学逻辑链路一致性审计.md
media/,1,09-审计报告/历史任务卡/任务卡-讲义配图扩展.md
物理哈希文件名,1,10-索引与统计/全库核心图谱总索引.md
Frost图-氮实例,1,10-附件/图注/Frost图-一般形式.md
氮,1,10-附件/图注/Frost图-氮元素实例.md
环境化学,1,10-附件/图注/Pourbaix图-锰.md
"1,3-双直立作用",1,10-附件/图注/环己烷构象能量图.md
丁烷构象,1,10-附件/图注/环己烷构象能量图.md
某知识点,1,11-模板/Agent-10-备课-轻量.md
某章节,1,11-模板/Agent-10-备课-轻量.md
专题-{名称},1,11-模板/Agent-10-备课-轻量.md
{source},1,11-模板/Agent-8-KP合并弃用-轻量.md
{target},1,11-模板/Agent-8-KP合并弃用-轻量.md
04-课件/新授课/<日期>-<主题>,1,11-模板/Agent提示词-知识库使用.md
相关真题,1,11-模板/Agent提示词-知识库使用.md
04-题库/.../题号,1,11-模板/Agent提示词-知识库构建.md
题库路径/题号,1,11-模板/Agent提示词-知识库构建.md
<KP名>,1,11-模板/Agent提示词-知识库维护.md
<source1>,1,11-模板/Agent提示词-知识库维护.md
<source2>,1,11-模板/Agent提示词-知识库维护.md
09-审计报告/<日期>-健康检查,1,11-模板/Agent提示词-知识库维护.md
mineru/02-真题解析/...,1,11-模板/exercise-build-workflow.md
media/filename.ext,1,11-模板/exercise-build-workflow.md
11-模板/scripts/wrap_images.lua,1,11-模板/LaTeX PDF管线使用手册.md
B8FBFE0C.JPG/,1,11-模板/MD通用规范（Word-PDF共同最优子集）.md
{{KP名}},1,11-模板/学生讲义模板（v1.2 填充式）.md
04-课件/备课大纲/{{大纲文件}},1,11-模板/学生讲义模板（v1.2 填充式）.md
07-资料提炼/{{提炼页}},1,11-模板/学生讲义模板（v1.2 填充式）.md
12-教学洞察/{{洞察页}},1,11-模板/学生讲义模板（v1.2 填充式）.md
{{上一讲}},1,11-模板/学生讲义模板（v1.2 填充式）.md
{{下一讲}},1,11-模板/学生讲义模板（v1.2 填充式）.md
{{KP1}},1,11-模板/学生讲义模板（v1.2 填充式）.md
{{KP2}},1,11-模板/学生讲义模板（v1.2 填充式）.md
{{题-xxxx-...}},1,11-模板/学生讲义模板（v1.2 填充式）.md
{{KP页/专题页/教材章节}},1,11-模板/学生讲义模板（v1.2 填充式）.md
题-待填-替换为真实题号,1,11-模板/模板-习题组.md
06-外部资料导入/化学竞赛决赛真题/...,1,11-模板/模板-决赛理论题.md
../<日期>-<操作>-差异对照,1,11-模板/模板-合并迁移计划.md
<source 名>,1,11-模板/模板-合并迁移计划.md
<target 名>,1,11-模板/模板-合并迁移计划.md
<source>,1,11-模板/模板-合并迁移计划.md
题库/<综合题1>,1,11-模板/模板-复习课.md
题库/<难题1>,1,11-模板/模板-复习课.md
<原课件>,1,11-模板/模板-复盘记录.md
${kp.file.path},1,11-模板/模板-审计查询.md
${p.file.path},1,11-模板/模板-审计查询.md
07-资料提炼/教学逻辑提炼/...,1,11-模板/模板-工具卡.md
<KP名称>,1,11-模板/模板-教学洞察.md
备课大纲/{备课大纲文件名},1,11-模板/模板-教学过程总表.md
{专题页名},1,11-模板/模板-教学过程总表.md
教学逻辑提炼-{来源}-{专题}-{轮次},1,11-模板/模板-教学过程总表.md
教材名 §X.X,1,11-模板/模板-新授课.md
相关KP-1,1,11-模板/模板-方法微专题.md
相关KP-2,1,11-模板/模板-方法微专题.md
题型-XXX,1,11-模板/模板-真题.md
04-课件/备课大纲/...,1,11-模板/模板-课件加工页.md
04-课件/新授课/...,1,11-模板/模板-课件加工页.md
03-知识点/...,1,11-模板/模板-课件加工页.md
前置 KP-1,1,11-模板/模板-课件大纲.md
前置 KP-2,1,11-模板/模板-课件大纲.md
<核心 KP>,1,11-模板/模板-课件大纲.md
<前置 KP-1>,1,11-模板/模板-课件大纲.md
<前置 KP-2>,1,11-模板/模板-课件大纲.md
<机理 KP>,1,11-模板/模板-课件大纲.md
<中间体 KP>,1,11-模板/模板-课件大纲.md
<应用 KP-1>,1,11-模板/模板-课件大纲.md
<拓展 KP>,1,11-模板/模板-课件大纲.md
<后续 KP>,1,11-模板/模板-课件大纲.md
题库/<题2>,1,11-模板/模板-课件大纲.md
04-课件/备课大纲/<对应>,1,11-模板/归档/模板-学生讲义-课堂填空版.md
前置知识KP1,1,11-模板/归档/模板-学生讲义-课堂填空版.md
前置知识KP2,1,11-模板/归档/模板-学生讲义-课堂填空版.md
03-知识点/README/,1,12-教学洞察/README.md
04-课件/已复盘/README/,1,12-教学洞察/README.md
无机推断,1,12-教学洞察/教学洞察-元素推断综合训练.md
定性分析,1,12-教学洞察/教学洞察-元素推断综合训练.md
杂原子化学,1,12-教学洞察/教学洞察-杂原子与生物高分子.md
核酸化学,1,12-教学洞察/教学洞察-杂原子与生物高分子.md
生物分子结构与性质,1,12-教学洞察/教学洞察-杂原子与生物高分子.md
铍的特殊性,1,12-教学洞察/教学洞察-碱金属碱土金属与稀有气体.md
专题-s区金属,1,12-教学洞察/教学洞察-碱金属碱土金属与稀有气体.md
专题-p区金属,1,12-教学洞察/教学洞察-碳族与硼族元素.md
误差处理,1,12-教学洞察/教学洞察-误差处理与分光光度法.md
${currentViewingFile},1,eiki/PersonalHomepageCode.md
卤族元素,1,mineru/03-教材书籍/无机化学第6版Weller/index.md
碳族与硼族元素,1,mineru/03-教材书籍/无机化学第6版Weller/index.md
元素化学深度,1,mineru/03-教材书籍/无机化学第6版Weller/index.md
钛钒铬锰,1,mineru/03-教材书籍/无机化学第6版Weller/index.md
铁钴镍铜锌,1,mineru/03-教材书籍/无机化学第6版Weller/index.md
银金汞钼钨,1,mineru/03-教材书籍/无机化学第6版Weller/index.md
面心立方密堆积,1,mineru/03-教材书籍/普通化学原理（第4版）/普通化学原理第4版201-400_images/_index.md
晶体缺陷,1,mineru/03-教材书籍/普通化学原理（第4版）/普通化学原理第4版201-400_images/_index.md
超纯硅制备,1,mineru/03-教材书籍/普通化学原理（第4版）/普通化学原理第4版401-500_images/_index.md
煤的综合利用,1,mineru/03-教材书籍/普通化学原理（第4版）/普通化学原理第4版401-500_images/_index.md
半导体材料,1,mineru/03-教材书籍/普通化学原理（第4版）/普通化学原理第4版401-500_images/_index.md
-,1,skills/kb-link-doctor/SKILL.md
待补充,1,skills/kb-link-doctor/SKILL.md
01,1,skills/kb-link-doctor/SKILL.md
3-2,1,skills/kb-link-doctor/SKILL.md
03-知识点/有机化学/试剂,1,skills/kb-link-doctor/SKILL.md
Frost 图,1,skills/kb-link-doctor/SKILL.md
06-学生侧材料/,1,备课思路/README.md
00-首页/,1,备课思路/README.md
气体基础,1,备课思路/教学过程总表-化学原理收尾模块.md
溶液和胶体,1,备课思路/教学过程总表-化学原理收尾模块.md
Amagat分体积定律,1,备课思路/教学过程总表-化学原理收尾模块.md
Graham逸散定律,1,备课思路/教学过程总表-化学原理收尾模块.md
浓度换算,1,备课思路/教学过程总表-化学原理收尾模块.md
Henry定律,1,备课思路/教学过程总表-化学原理收尾模块.md
Raoult定律,1,备课思路/教学过程总表-化学原理收尾模块.md
van't Hoff因子,1,备课思路/教学过程总表-化学原理收尾模块.md
ΔG°与K的关系,1,备课思路/教学过程总表-化学原理收尾模块.md
提炼-Clayden-第4章-有机结构,1,备课思路/第三轮总体备课框架.md
提炼-Clayden-第17章-碳正离子,1,备课思路/第三轮总体备课框架.md
提炼-Clayden-第18章-碳负离子,1,备课思路/第三轮总体备课框架.md
提炼-Clayden-第19章-自由基,1,备课思路/第三轮总体备课框架.md
哈蒙德假设,1,备课思路/第三轮总体备课框架.md
提炼-Clayden-第15章-亲核取代,1,备课思路/第三轮总体备课框架.md
提炼-Clayden-第16章-消除反应,1,备课思路/第三轮总体备课框架.md
提炼-Clayden-第20章-亲电加成,1,备课思路/第三轮总体备课框架.md
烯醇化学,1,备课思路/第三轮总体备课框架.md
提炼-Clayden-第22章-芳香亲核取代,1,备课思路/第三轮总体备课框架.md
提炼-Clayden-第23章-芳香性,1,备课思路/第三轮总体备课框架.md
教学逻辑提炼-学而思有机化学基础-批次C-芳香烃与醇酚醚,1,备课思路/第三轮总体备课框架.md
教学逻辑提炼-Zchem-综合复习与例题,1,备课思路/第三轮总体备课框架.md
模板-逆合成分析微专题,1,备课思路/第三轮总体备课框架.md
06-外部资料导入/高中化学必修一/高中化学必修第一册...,1,备课思路/高中化学教材索引.md
06-外部资料导入/高中化学选修二/高中化学人教版选择性必修二...,1,备课思路/高中化学教材索引.md
化学动力学基础,1,备课思路/审计归档/2026-06-20-结构线与化学原理补料导入建议.md
晶体结构基础-基础班,1,备课思路/审计归档/2026-06-20-结构线与化学原理补料导入建议.md
07-资料提炼/网课资料/无机化学-新课-周坤-2020-难度适中/学生讲义,1,备课思路/审计归档/Batch2-SHHS-Vol1-2-学生讲义计划.md
专题-共价键与分子结构,1,备课思路/审计归档/Batch2-SHHS-Vol1-2-学生讲义计划.md
备课思路/第二轮总体备课框架§共价键,1,备课思路/审计归档/Batch2-SHHS-Vol1-2-学生讲义计划.md
专题-配位化合物,1,备课思路/审计归档/Batch2-SHHS-Vol1-2-学生讲义计划.md
专题-溶液与胶体,1,备课思路/审计归档/Batch2-SHHS-Vol1-2-学生讲义计划.md
气体与溶液基础,1,备课思路/审计归档/Batch2-SHHS-Vol1-2-学生讲义计划.md
专题-元素周期律,1,备课思路/审计归档/Batch2-SHHS-Vol1-2-学生讲义计划.md
专题-分子间作用力,1,备课思路/审计归档/Batch2-SHHS-Vol1-2-学生讲义计划.md
专题-晶体结构§混合型晶体,1,备课思路/审计归档/Batch2-SHHS-Vol1-2-学生讲义计划.md
专题-化学动力学,1,备课思路/审计归档/Batch2-SHHS-Vol1-2-学生讲义计划.md
专题-酸碱平衡,1,备课思路/审计归档/Batch2-SHHS-Vol1-2-学生讲义计划.md
专题-电化学,1,备课思路/审计归档/Batch2-SHHS-Vol1-2-学生讲义计划.md
真题-无机-xxx-001,1,备课思路/审计归档/Batch2-SHHS-Vol1-2-学生讲义计划.md
07-资料提炼/书籍提炼/提炼-化学竞赛初赛讲义-第XX讲,1,备课思路/审计归档/Batch3-SHHS-Vol4-有机学生讲义计划.md
对应专题页,1,备课思路/审计归档/Batch3-SHHS-Vol4-有机学生讲义计划.md
高中-相关知识点,1,高考化学/00-导航/模板-高考知识点KP.md
高中-氧化还原反应,1,高考化学/00-导航/模板-高考讲义.md
高中-xxx,1,高考化学/00-导航/规范-命名与frontmatter.md
真题-2024-新课标卷,1,高考化学/03-题库/真题/真题格式速查.md
