This is XeTeX, Version 3.141592653-2.6-0.999998 (MiKTeX 26.5) (preloaded format=xelatex 2026.6.29)  3 JUL 2026 19:58
entering extended mode
 restricted \write18 enabled.
 %&-line parsing enabled.
**C:/Obsidion/妙妙屋/11-模板/scripts/_handout_ca9a3dd7f9d5.tex
(C:/Obsidion/妙妙屋/11-模板/scripts/_handout_ca9a3dd7f9d5.tex
LaTeX2e <2026-06-01>
L3 programming layer <2026-05-26>
(C:\Users\蕾赛\AppData\Local\Programs\MiKTeX\tex/latex/ctex\ctexart.cls
(C:\Users\蕾赛\AppData\Local\Programs\MiKTeX\tex/latex/ctex/config\ctexbackend.cf
g
File: ctexbackend.cfg 2022/07/14 v2.5.10 Backend configuration file (CTEX)
) (C:\Users\蕾赛\AppData\Local\Programs\MiKTeX\tex/latex/l3kernel\expl3.sty
Package: expl3 2026-05-26 L3 programming layer (loader) 

(C:\Users\蕾赛\AppData\Local\Programs\MiKTeX\tex/latex/l3backend\l3backend-xetex.
def
File: l3backend-xetex.def 2026-02-18 L3 backend support: XeTeX
\g__graphics_track_int=\count273
\g__pdfannot_backend_int=\count274
\g__pdfannot_backend_link_int=\count275
))
Document Class: ctexart 2022/07/14 v2.5.10 Chinese adapter for class article (C
TEX)
(C:\Users\蕾赛\AppData\Local\Programs\MiKTeX\tex/latex/ctex\ctexhook.sty
Package: ctexhook 2022/07/14 v2.5.10 Document and package hooks (CTEX)
)
(C:\Users\蕾赛\AppData\Local\Programs\MiKTeX\tex/latex/ctex\ctexpatch.sty
Package: ctexpatch 2022/07/14 v2.5.10 Patching commands (CTEX)
)
(C:\Users\蕾赛\AppData\Local\Programs\MiKTeX\tex/latex/base\fix-cm.sty
Package: fix-cm 2020/11/24 v1.1t fixes to LaTeX

(C:\Users\蕾赛\AppData\Local\Programs\MiKTeX\tex/latex/base\ts1enc.def
File: ts1enc.def 2001/06/05 v3.0e (jk/car/fm) Standard LaTeX file
LaTeX Font Info:    Redeclaring font encoding TS1 on input line 47.
LaTeX Encoding Info:    Redeclaring text command \capitalcedilla (encoding TS1)
 on input line 49.
LaTeX Encoding Info:    Redeclaring text command \capitalogonek (encoding TS1) 
on input line 52.
LaTeX Encoding Info:    Redeclaring text command \capitalgrave (encoding TS1) o
n input line 55.
LaTeX Encoding Info:    Redeclaring text command \capitalacute (encoding TS1) o
n input line 56.
LaTeX Encoding Info:    Redeclaring text command \capitalcircumflex (encoding T
S1) on input line 57.
LaTeX Encoding Info:    Redeclaring text command \capitaltilde (encoding TS1) o
n input line 58.
LaTeX Encoding Info:    Redeclaring text command \capitaldieresis (encoding TS1
) on input line 59.
LaTeX Encoding Info:    Redeclaring text command \capitalhungarumlaut (encoding
 TS1) on input line 60.
LaTeX Encoding Info:    Redeclaring text command \capitalring (encoding TS1) on
 input line 61.
LaTeX Encoding Info:    Redeclaring text command \capitalcaron (encoding TS1) o
n input line 62.
LaTeX Encoding Info:    Redeclaring text command \capitalbreve (encoding TS1) o
n input line 63.
LaTeX Encoding Info:    Redeclaring text command \capitalmacron (encoding TS1) 
on input line 64.
LaTeX Encoding Info:    Redeclaring text command \capitaldotaccent (encoding TS
1) on input line 65.
LaTeX Encoding Info:    Redeclaring text command \t (encoding TS1) on input lin
e 66.
LaTeX Encoding Info:    Redeclaring text command \capitaltie (encoding TS1) on 
input line 67.
LaTeX Encoding Info:    Redeclaring text command \newtie (encoding TS1) on inpu
t line 68.
LaTeX Encoding Info:    Redeclaring text command \capitalnewtie (encoding TS1) 
on input line 69.
LaTeX Encoding Info:    Redeclaring text symbol \textcapitalcompwordmark (encod
ing TS1) on input line 70.
LaTeX Encoding Info:    Redeclaring text symbol \textascendercompwordmark (enco
ding TS1) on input line 71.
LaTeX Encoding Info:    Redeclaring text symbol \textquotestraightbase (encodin
g TS1) on input line 72.
LaTeX Encoding Info:    Redeclaring text symbol \textquotestraightdblbase (enco
ding TS1) on input line 73.
LaTeX Encoding Info:    Redeclaring text symbol \texttwelveudash (encoding TS1)
 on input line 74.
LaTeX Encoding Info:    Redeclaring text symbol \textthreequartersemdash (encod
ing TS1) on input line 75.
LaTeX Encoding Info:    Redeclaring text symbol \textleftarrow (encoding TS1) o
n input line 76.
LaTeX Encoding Info:    Redeclaring text symbol \textrightarrow (encoding TS1) 
on input line 77.
LaTeX Encoding Info:    Redeclaring text symbol \textblank (encoding TS1) on in
put line 78.
LaTeX Encoding Info:    Redeclaring text symbol \textdollar (encoding TS1) on i
nput line 79.
LaTeX Encoding Info:    Redeclaring text symbol \textquotesingle (encoding TS1)
 on input line 80.
LaTeX Encoding Info:    Redeclaring text command \textasteriskcentered (encodin
g TS1) on input line 81.
LaTeX Encoding Info:    Redeclaring text symbol \textdblhyphen (encoding TS1) o
n input line 92.
LaTeX Encoding Info:    Redeclaring text symbol \textfractionsolidus (encoding 
TS1) on input line 93.
LaTeX Encoding Info:    Redeclaring text symbol \textzerooldstyle (encoding TS1
) on input line 94.
LaTeX Encoding Info:    Redeclaring text symbol \textoneoldstyle (encoding TS1)
 on input line 95.
LaTeX Encoding Info:    Redeclaring text symbol \texttwooldstyle (encoding TS1)
 on input line 96.
LaTeX Encoding Info:    Redeclaring text symbol \textthreeoldstyle (encoding TS
1) on input line 97.
LaTeX Encoding Info:    Redeclaring text symbol \textfouroldstyle (encoding TS1
) on input line 98.
LaTeX Encoding Info:    Redeclaring text symbol \textfiveoldstyle (encoding TS1
) on input line 99.
LaTeX Encoding Info:    Redeclaring text symbol \textsixoldstyle (encoding TS1)
 on input line 100.
LaTeX Encoding Info:    Redeclaring text symbol \textsevenoldstyle (encoding TS
1) on input line 101.
LaTeX Encoding Info:    Redeclaring text symbol \texteightoldstyle (encoding TS
1) on input line 102.
LaTeX Encoding Info:    Redeclaring text symbol \textnineoldstyle (encoding TS1
) on input line 103.
LaTeX Encoding Info:    Redeclaring text symbol \textlangle (encoding TS1) on i
nput line 104.
LaTeX Encoding Info:    Redeclaring text symbol \textminus (encoding TS1) on in
put line 105.
LaTeX Encoding Info:    Redeclaring text symbol \textrangle (encoding TS1) on i
nput line 106.
LaTeX Encoding Info:    Redeclaring text symbol \textmho (encoding TS1) on inpu
t line 107.
LaTeX Encoding Info:    Redeclaring text symbol \textbigcircle (encoding TS1) o
n input line 108.
LaTeX Encoding Info:    Redeclaring text command \textcircled (encoding TS1) on
 input line 109.
LaTeX Encoding Info:    Redeclaring text symbol \textohm (encoding TS1) on inpu
t line 115.
LaTeX Encoding Info:    Redeclaring text symbol \textlbrackdbl (encoding TS1) o
n input line 116.
LaTeX Encoding Info:    Redeclaring text symbol \textrbrackdbl (encoding TS1) o
n input line 117.
LaTeX Encoding Info:    Redeclaring text symbol \textuparrow (encoding TS1) on 
input line 118.
LaTeX Encoding Info:    Redeclaring text symbol \textdownarrow (encoding TS1) o
n input line 119.
LaTeX Encoding Info:    Redeclaring text symbol \textasciigrave (encoding TS1) 
on input line 120.
LaTeX Encoding Info:    Redeclaring text symbol \textborn (encoding TS1) on inp
ut line 121.
LaTeX Encoding Info:    Redeclaring text symbol \textdivorced (encoding TS1) on
 input line 122.
LaTeX Encoding Info:    Redeclaring text symbol \textdied (encoding TS1) on inp
ut line 123.
LaTeX Encoding Info:    Redeclaring text symbol \textleaf (encoding TS1) on inp
ut line 124.
LaTeX Encoding Info:    Redeclaring text symbol \textmarried (encoding TS1) on 
input line 125.
LaTeX Encoding Info:    Redeclaring text symbol \textmusicalnote (encoding TS1)
 on input line 126.
LaTeX Encoding Info:    Redeclaring text symbol \texttildelow (encoding TS1) on
 input line 127.
LaTeX Encoding Info:    Redeclaring text symbol \textdblhyphenchar (encoding TS
1) on input line 128.
LaTeX Encoding Info:    Redeclaring text symbol \textasciibreve (encoding TS1) 
on input line 129.
LaTeX Encoding Info:    Redeclaring text symbol \textasciicaron (encoding TS1) 
on input line 130.
LaTeX Encoding Info:    Redeclaring text symbol \textacutedbl (encoding TS1) on
 input line 131.
LaTeX Encoding Info:    Redeclaring text symbol \textgravedbl (encoding TS1) on
 input line 132.
LaTeX Encoding Info:    Redeclaring text symbol \textdagger (encoding TS1) on i
nput line 133.
LaTeX Encoding Info:    Redeclaring text symbol \textdaggerdbl (encoding TS1) o
n input line 134.
LaTeX Encoding Info:    Redeclaring text symbol \textbardbl (encoding TS1) on i
nput line 135.
LaTeX Encoding Info:    Redeclaring text symbol \textperthousand (encoding TS1)
 on input line 136.
LaTeX Encoding Info:    Redeclaring text symbol \textbullet (encoding TS1) on i
nput line 137.
LaTeX Encoding Info:    Redeclaring text symbol \textcelsius (encoding TS1) on 
input line 138.
LaTeX Encoding Info:    Redeclaring text symbol \textdollaroldstyle (encoding T
S1) on input line 139.
LaTeX Encoding Info:    Redeclaring text symbol \textcentoldstyle (encoding TS1
) on input line 140.
LaTeX Encoding Info:    Redeclaring text symbol \textflorin (encoding TS1) on i
nput line 141.
LaTeX Encoding Info:    Redeclaring text symbol \textcolonmonetary (encoding TS
1) on input line 142.
LaTeX Encoding Info:    Redeclaring text symbol \textwon (encoding TS1) on inpu
t line 143.
LaTeX Encoding Info:    Redeclaring text symbol \textnaira (encoding TS1) on in
put line 144.
LaTeX Encoding Info:    Redeclaring text symbol \textguarani (encoding TS1) on 
input line 145.
LaTeX Encoding Info:    Redeclaring text symbol \textpeso (encoding TS1) on inp
ut line 146.
LaTeX Encoding Info:    Redeclaring text symbol \textlira (encoding TS1) on inp
ut line 147.
LaTeX Encoding Info:    Redeclaring text symbol \textrecipe (encoding TS1) on i
nput line 148.
LaTeX Encoding Info:    Redeclaring text symbol \textinterrobang (encoding TS1)
 on input line 149.
LaTeX Encoding Info:    Redeclaring text symbol \textinterrobangdown (encoding 
TS1) on input line 150.
LaTeX Encoding Info:    Redeclaring text symbol \textdong (encoding TS1) on inp
ut line 151.
LaTeX Encoding Info:    Redeclaring text symbol \texttrademark (encoding TS1) o
n input line 152.
LaTeX Encoding Info:    Redeclaring text symbol \textpertenthousand (encoding T
S1) on input line 153.
LaTeX Encoding Info:    Redeclaring text symbol \textpilcrow (encoding TS1) on 
input line 154.
LaTeX Encoding Info:    Redeclaring text symbol \textbaht (encoding TS1) on inp
ut line 155.
LaTeX Encoding Info:    Redeclaring text symbol \textnumero (encoding TS1) on i
nput line 156.
LaTeX Encoding Info:    Redeclaring text symbol \textdiscount (encoding TS1) on
 input line 157.
LaTeX Encoding Info:    Redeclaring text symbol \textestimated (encoding TS1) o
n input line 158.
LaTeX Encoding Info:    Redeclaring text symbol \textopenbullet (encoding TS1) 
on input line 159.
LaTeX Encoding Info:    Redeclaring text symbol \textservicemark (encoding TS1)
 on input line 160.
LaTeX Encoding Info:    Redeclaring text symbol \textlquill (encoding TS1) on i
nput line 161.
LaTeX Encoding Info:    Redeclaring text symbol \textrquill (encoding TS1) on i
nput line 162.
LaTeX Encoding Info:    Redeclaring text symbol \textcent (encoding TS1) on inp
ut line 163.
LaTeX Encoding Info:    Redeclaring text symbol \textsterling (encoding TS1) on
 input line 164.
LaTeX Encoding Info:    Redeclaring text symbol \textcurrency (encoding TS1) on
 input line 165.
LaTeX Encoding Info:    Redeclaring text symbol \textyen (encoding TS1) on inpu
t line 166.
LaTeX Encoding Info:    Redeclaring text symbol \textbrokenbar (encoding TS1) o
n input line 167.
LaTeX Encoding Info:    Redeclaring text symbol \textsection (encoding TS1) on 
input line 168.
LaTeX Encoding Info:    Redeclaring text symbol \textasciidieresis (encoding TS
1) on input line 169.
LaTeX Encoding Info:    Redeclaring text symbol \textcopyright (encoding TS1) o
n input line 170.
LaTeX Encoding Info:    Redeclaring text symbol \textordfeminine (encoding TS1)
 on input line 171.
LaTeX Encoding Info:    Redeclaring text symbol \textcopyleft (encoding TS1) on
 input line 172.
LaTeX Encoding Info:    Redeclaring text symbol \textlnot (encoding TS1) on inp
ut line 173.
LaTeX Encoding Info:    Redeclaring text symbol \textcircledP (encoding TS1) on
 input line 174.
LaTeX Encoding Info:    Redeclaring text symbol \textregistered (encoding TS1) 
on input line 175.
LaTeX Encoding Info:    Redeclaring text symbol \textasciimacron (encoding TS1)
 on input line 176.
LaTeX Encoding Info:    Redeclaring text symbol \textdegree (encoding TS1) on i
nput line 177.
LaTeX Encoding Info:    Redeclaring text symbol \textpm (encoding TS1) on input
 line 178.
LaTeX Encoding Info:    Redeclaring text symbol \texttwosuperior (encoding TS1)
 on input line 179.
LaTeX Encoding Info:    Redeclaring text symbol \textthreesuperior (encoding TS
1) on input line 180.
LaTeX Encoding Info:    Redeclaring text symbol \textasciiacute (encoding TS1) 
on input line 181.
LaTeX Encoding Info:    Redeclaring text symbol \textmu (encoding TS1) on input
 line 182.
LaTeX Encoding Info:    Redeclaring text symbol \textparagraph (encoding TS1) o
n input line 183.
LaTeX Encoding Info:    Redeclaring text symbol \textperiodcentered (encoding T
S1) on input line 184.
LaTeX Encoding Info:    Redeclaring text symbol \textreferencemark (encoding TS
1) on input line 185.
LaTeX Encoding Info:    Redeclaring text symbol \textonesuperior (encoding TS1)
 on input line 186.
LaTeX Encoding Info:    Redeclaring text symbol \textordmasculine (encoding TS1
) on input line 187.
LaTeX Encoding Info:    Redeclaring text symbol \textsurd (encoding TS1) on inp
ut line 188.
LaTeX Encoding Info:    Redeclaring text symbol \textonequarter (encoding TS1) 
on input line 189.
LaTeX Encoding Info:    Redeclaring text symbol \textonehalf (encoding TS1) on 
input line 190.
LaTeX Encoding Info:    Redeclaring text symbol \textthreequarters (encoding TS
1) on input line 191.
LaTeX Encoding Info:    Redeclaring text symbol \texteuro (encoding TS1) on inp
ut line 192.
LaTeX Encoding Info:    Redeclaring text symbol \texttimes (encoding TS1) on in
put line 193.
LaTeX Encoding Info:    Redeclaring text symbol \textdiv (encoding TS1) on inpu
t line 194.
))
\l__ctex_tmp_int=\count276
\l__ctex_tmp_box=\box53
\l__ctex_tmp_dim=\dimen150
\g__ctex_section_depth_int=\count277
\g__ctex_font_size_int=\count278

(C:\Users\蕾赛\AppData\Local\Programs\MiKTeX\tex/latex/ctex/config\ctexopts.cfg
File: ctexopts.cfg 2022/07/14 v2.5.10 Option configuration file (CTEX)
)
(C:\Users\蕾赛\AppData\Local\Programs\MiKTeX\tex/latex/base\article.cls
Document Class: article 2025/01/22 v1.4n Standard LaTeX document class
(C:\Users\蕾赛\AppData\Local\Programs\MiKTeX\tex/latex/base\size11.clo
File: size11.clo 2025/01/22 v1.4n Standard LaTeX file (size option)
)
\c@part=\count279
\c@section=\count280
\c@subsection=\count281
\c@subsubsection=\count282
\c@paragraph=\count283
\c@subparagraph=\count284
\c@figure=\count285
\c@table=\count286
\abovecaptionskip=\skip49
\belowcaptionskip=\skip50
\bibindent=\dimen151
)
(C:\Users\蕾赛\AppData\Local\Programs\MiKTeX\tex/latex/ctex/engine\ctex-engine-xe
tex.def
File: ctex-engine-xetex.def 2022/07/14 v2.5.10 XeLaTeX adapter (CTEX)
 (C:\Users\蕾赛\AppData\Local\Programs\MiKTeX\tex/xelatex/xecjk\xeCJK.sty
Package: xeCJK 2022/08/05 v3.9.1 Typesetting CJK scripts with XeLaTeX

(C:\Users\蕾赛\AppData\Local\Programs\MiKTeX\tex/latex/l3packages/xtemplate\xtemp
late.sty
Package: xtemplate 2025-10-09 L3 Experimental prototype document functions
)
\l__xeCJK_tmp_int=\count287
\l__xeCJK_tmp_box=\box54
\l__xeCJK_tmp_dim=\dimen152
\l__xeCJK_tmp_skip=\skip51
\g__xeCJK_space_factor_int=\count288
\l__xeCJK_begin_int=\count289
\l__xeCJK_end_int=\count290
\c__xeCJK_CJK_class_int=\XeTeXcharclass1
\c__xeCJK_FullLeft_class_int=\XeTeXcharclass2
\c__xeCJK_FullRight_class_int=\XeTeXcharclass3
\c__xeCJK_HalfLeft_class_int=\XeTeXcharclass4
\c__xeCJK_HalfRight_class_int=\XeTeXcharclass5
\c__xeCJK_NormalSpace_class_int=\XeTeXcharclass6
\c__xeCJK_CM_class_int=\XeTeXcharclass7
\c__xeCJK_HangulJamo_class_int=\XeTeXcharclass8
\l__xeCJK_last_skip=\skip52
\c__xeCJK_none_node=\count291
\g__xeCJK_node_int=\count292
\c__xeCJK_CJK_node_dim=\dimen153
\c__xeCJK_CJK-space_node_dim=\dimen154
\c__xeCJK_default_node_dim=\dimen155
\c__xeCJK_CJK-widow_node_dim=\dimen156
\c__xeCJK_normalspace_node_dim=\dimen157
\c__xeCJK_default-space_node_skip=\skip53
\l__xeCJK_ccglue_skip=\skip54
\l__xeCJK_ecglue_skip=\skip55
\l__xeCJK_punct_kern_skip=\skip56
\l__xeCJK_indent_box=\box55
\l__xeCJK_last_penalty_int=\count293
\l__xeCJK_last_bound_dim=\dimen158
\l__xeCJK_last_kern_dim=\dimen159
\l__xeCJK_widow_penalty_int=\count294

LaTeX template Info: Declaring template type 'xeCJK/punctuation' taking 0
(template)           argument(s) on line 2396.

\l__xeCJK_fixed_punct_width_dim=\dimen160
\l__xeCJK_mixed_punct_width_dim=\dimen161
\l__xeCJK_middle_punct_width_dim=\dimen162
\l__xeCJK_fixed_margin_width_dim=\dimen163
\l__xeCJK_mixed_margin_width_dim=\dimen164
\l__xeCJK_middle_margin_width_dim=\dimen165
\l__xeCJK_bound_punct_width_dim=\dimen166
\l__xeCJK_bound_margin_width_dim=\dimen167
\l__xeCJK_margin_minimum_dim=\dimen168
\l__xeCJK_kerning_total_width_dim=\dimen169
\l__xeCJK_same_align_margin_dim=\dimen170
\l__xeCJK_different_align_margin_dim=\dimen171
\l__xeCJK_kerning_margin_width_dim=\dimen172
\l__xeCJK_kerning_margin_minimum_dim=\dimen173
\l__xeCJK_bound_dim=\dimen174
\l__xeCJK_reverse_bound_dim=\dimen175
\l__xeCJK_margin_dim=\dimen176
\l__xeCJK_minimum_bound_dim=\dimen177
\l__xeCJK_kerning_margin_dim=\dimen178
\g__xeCJK_family_int=\count295
\l__xeCJK_fam_int=\count296
\g__xeCJK_fam_allocation_int=\count297
\l__xeCJK_verb_case_int=\count298
\l__xeCJK_verb_exspace_skip=\skip57

(C:\Users\蕾赛\AppData\Local\Programs\MiKTeX\tex/latex/fontspec\fontspec.sty
(C:\Users\蕾赛\AppData\Local\Programs\MiKTeX\tex/latex/l3packages/xparse\xparse.s
ty
Package: xparse 2025-10-09 L3 Experimental document command parser
)
Package: fontspec 2025/09/29 v2.9g Font selection for XeLaTeX and LuaLaTeX

(C:\Users\蕾赛\AppData\Local\Programs\MiKTeX\tex/latex/fontspec\fontspec-xetex.st
y
Package: fontspec-xetex 2025/09/29 v2.9g Font selection for XeLaTeX and LuaLaTe
X
\l__fontspec_script_int=\count299
\l__fontspec_language_int=\count300
\l__fontspec_strnum_int=\count301
\l__fontspec_tmp_int=\count302
\l__fontspec_tmpa_int=\count303
\l__fontspec_tmpb_int=\count304
\l__fontspec_tmpc_int=\count305
\l__fontspec_em_int=\count306
\l__fontspec_emdef_int=\count307
\l__fontspec_strong_int=\count308
\l__fontspec_strongdef_int=\count309
\l__fontspec_tmpa_dim=\dimen179
\l__fontspec_tmpb_dim=\dimen180
\l__fontspec_tmpc_dim=\dimen181
 (C:\Users\蕾赛\AppData\Local\Programs\MiKTeX\tex/latex/base\fontenc.sty
Package: fontenc 2025/07/18 v2.1d Standard LaTeX package
)
(C:\Users\蕾赛\AppData\Local\Programs\MiKTeX\tex/latex/fontspec\fontspec.cfg)))
(C:\Users\蕾赛\AppData\Local\Programs\MiKTeX\tex/xelatex/xecjk\xeCJK.cfg
File: xeCJK.cfg 2022/08/05 v3.9.1 Configuration file for xeCJK package
))
\ccwd=\dimen182
\l__ctex_ccglue_skip=\skip58
)
\l__ctex_ziju_dim=\dimen183

(C:\Users\蕾赛\AppData\Local\Programs\MiKTeX\tex/latex/zhnumber\zhnumber.sty
Package: zhnumber 2022/07/14 v3.0 Typesetting numbers with Chinese glyphs
\l__zhnum_scale_int=\count310
\l__zhnum_tmp_int=\count311

(C:\Users\蕾赛\AppData\Local\Programs\MiKTeX\tex/latex/zhnumber\zhnumber-utf8.cfg
File: zhnumber-utf8.cfg 2022/07/14 v3.0 Chinese numerals with UTF8 encoding
))
\l__ctex_heading_skip=\skip59

(C:\Users\蕾赛\AppData\Local\Programs\MiKTeX\tex/latex/ctex/scheme\ctex-scheme-ch
inese-article.def
File: ctex-scheme-chinese-article.def 2022/07/14 v2.5.10 Chinese scheme for art
icle (CTEX)

(C:\Users\蕾赛\AppData\Local\Programs\MiKTeX\tex/latex/ctex/config\ctex-name-utf8
.cfg
File: ctex-name-utf8.cfg 2022/07/14 v2.5.10 Caption with encoding UTF-8 (CTEX)
))
(C:\Users\蕾赛\AppData\Local\Programs\MiKTeX\tex/latex/ctex/fontset\ctex-fontset-
windows.def
File: ctex-fontset-windows.def 2022/07/14 v2.5.10 Windows fonts definition (CTE
X)

Package fontspec Info: 
(fontspec)             Could not resolve font "KaiTi/B" (it probably doesn't
(fontspec)             exist).


Package fontspec Info: 
(fontspec)             Could not resolve font "SimHei/I" (it probably doesn't
(fontspec)             exist).


Package fontspec Info: 
(fontspec)             Could not resolve font "SimSun/BI" (it probably doesn't
(fontspec)             exist).


Package fontspec Info: 
(fontspec)             Font family 'SimSun(0)' created for font 'SimSun' with
(fontspec)             options
(fontspec)             [Script={CJK},BoldFont={SimHei},ItalicFont={KaiTi}].
(fontspec)              
(fontspec)              This font family consists of the following NFSS
(fontspec)             series/shapes:
(fontspec)              
(fontspec)             - 'normal' (m/n) with NFSS spec.:
(fontspec)             <->"SimSun/OT:script=hani;language=dflt;"
(fontspec)             - 'bold' (b/n) with NFSS spec.:
(fontspec)             <->"SimHei/OT:script=hani;language=dflt;"
(fontspec)             - 'italic' (m/it) with NFSS spec.:
(fontspec)             <->"KaiTi/OT:script=hani;language=dflt;"

))
(C:\Users\蕾赛\AppData\Local\Programs\MiKTeX\tex/latex/ctex/config\ctex.cfg
File: ctex.cfg 2022/07/14 v2.5.10 Configuration file (CTEX)
)

Package xeCJK Warning: Redefining CJKfamily `\CJKrmdefault' (SimSun(0)).


Package fontspec Info: 
(fontspec)             Could not resolve font "SimHei/I" (it probably doesn't
(fontspec)             exist).


Package fontspec Info: 
(fontspec)             Could not resolve font "SimSun/BI" (it probably doesn't
(fontspec)             exist).


Package fontspec Info: 
(fontspec)             Could not resolve font "SimSun/I" (it probably doesn't
(fontspec)             exist).


Package fontspec Info: 
(fontspec)             Font family 'SimSun(1)' created for font 'SimSun' with
(fontspec)             options [Script={CJK},BoldFont={SimHei}].
(fontspec)              
(fontspec)              This font family consists of the following NFSS
(fontspec)             series/shapes:
(fontspec)              
(fontspec)             - 'normal' (m/n) with NFSS spec.:
(fontspec)             <->"SimSun/OT:script=hani;language=dflt;"
(fontspec)             - 'bold' (b/n) with NFSS spec.:
(fontspec)             <->"SimHei/OT:script=hani;language=dflt;"


Package xeCJK Warning: Redefining CJKfamily `\CJKsfdefault' (Microsoft YaHei).

(C:\Users\蕾赛\AppData\Local\Programs\MiKTeX\tex/latex/mhchem\mhchem.sty
Package: mhchem 2024/01/29 v4.10 for typesetting chemical formulae

(C:\Users\蕾赛\AppData\Local\Programs\MiKTeX\tex/latex/l3packages/l3keys2e\l3keys
2e.sty
Package: l3keys2e 2025-10-09 LaTeX2e option processing using LaTeX3 keys
) (C:\Users\蕾赛\AppData\Local\Programs\MiKTeX\tex/latex/tools\calc.sty
Package: calc 2025/03/01 v4.3b Infix arithmetic (KKT,FJ)
\calc@Acount=\count312
\calc@Bcount=\count313
\calc@Adimen=\dimen184
\calc@Bdimen=\dimen185
\calc@Askip=\skip60
\calc@Bskip=\skip61
LaTeX Info: Redefining \setlength on input line 86.
LaTeX Info: Redefining \addtolength on input line 87.
\calc@Ccount=\count314
\calc@Cskip=\skip62
)
(C:\Users\蕾赛\AppData\Local\Programs\MiKTeX\tex/latex/amsmath\amsmath.sty
Package: amsmath 2026/05/19 v2.18d AMS math features
\@mathmargin=\skip63

For additional information on amsmath, use the `?' option.
(C:\Users\蕾赛\AppData\Local\Programs\MiKTeX\tex/latex/amsmath\amstext.sty
Package: amstext 2024/11/17 v2.01 AMS text

(C:\Users\蕾赛\AppData\Local\Programs\MiKTeX\tex/latex/amsmath\amsgen.sty
File: amsgen.sty 1999/11/30 v2.0 generic functions
\@emptytoks=\toks17
\ex@=\dimen186
))
(C:\Users\蕾赛\AppData\Local\Programs\MiKTeX\tex/latex/amsmath\amsbsy.sty
Package: amsbsy 1999/11/29 v1.2d Bold Symbols
\pmbraise@=\dimen187
)
(C:\Users\蕾赛\AppData\Local\Programs\MiKTeX\tex/latex/amsmath\amsopn.sty
Package: amsopn 2022/04/08 v2.04 operator names
)
\inf@bad=\count315
LaTeX Info: Redefining \frac on input line 233.
\uproot@=\count316
\leftroot@=\count317
LaTeX Info: Redefining \overline on input line 398.
LaTeX Info: Redefining \colon on input line 409.
\classnum@=\count318
\DOTSCASE@=\count319
LaTeX Info: Redefining \ldots on input line 495.
LaTeX Info: Redefining \dots on input line 498.
LaTeX Info: Redefining \cdots on input line 619.
\Mathstrutbox@=\box56
\strutbox@=\box57
LaTeX Info: Redefining \big on input line 721.
LaTeX Info: Redefining \Big on input line 722.
LaTeX Info: Redefining \bigg on input line 723.
LaTeX Info: Redefining \Bigg on input line 724.
\big@size=\dimen188
LaTeX Font Info:    Redeclaring font encoding OML on input line 742.
LaTeX Font Info:    Redeclaring font encoding OMS on input line 743.
\macc@depth=\count320
LaTeX Info: Redefining \bmod on input line 904.
LaTeX Info: Redefining \pmod on input line 909.
LaTeX Info: Redefining \smash on input line 939.
LaTeX Info: Redefining \relbar on input line 969.
LaTeX Info: Redefining \Relbar on input line 970.
\c@MaxMatrixCols=\count321
\dotsspace@=\muskip17
\c@parentequation=\count322
\dspbrk@lvl=\count323
\tag@help=\toks18
\row@=\count324
\column@=\count325
\maxfields@=\count326
\andhelp@=\toks19
\eqnshift@=\dimen189
\alignsep@=\dimen190
\tagshift@=\dimen191
\tagwidth@=\dimen192
\totwidth@=\dimen193
\lineht@=\dimen194
\@envbody=\toks20
\multlinegap=\skip64
\multlinetaggap=\skip65
\mathdisplay@stack=\toks21
LaTeX Info: Redefining \[ on input line 2965.
LaTeX Info: Redefining \] on input line 2966.
)
(C:\Users\蕾赛\AppData\Local\Programs\MiKTeX\tex/latex/chemgreek\chemgreek.sty
Package: chemgreek 2020/01/16 v1.1a interface for upright Greek letters for use
 in chemistry (CN)
\l__chemgreek_tmpa_int=\count327
\g__chemgreek_tmpa_int=\count328
)
(C:\Users\蕾赛\AppData\Local\Programs\MiKTeX\tex/latex/graphics\graphics.sty
Package: graphics 2026-05-17 v1.4h Standard LaTeX Graphics (DPC,SPQR)

(C:\Users\蕾赛\AppData\Local\Programs\MiKTeX\tex/latex/graphics\trig.sty
Package: trig 2023/12/02 v1.11 sin cos tan (DPC)
)
(C:\Users\蕾赛\AppData\Local\Programs\MiKTeX\tex/latex/graphics-cfg\graphics.cfg
File: graphics.cfg 2016/06/04 v1.11 sample graphics configuration
)
Package graphics Info: Driver file: xetex.def on input line 106.
(C:\Users\蕾赛\AppData\Local\Programs\MiKTeX\tex/latex/graphics-def\xetex.def
File: xetex.def 2025/11/01 v5.0p Graphics/color driver for xetex
))
\l__mhchem_ce_distanceFromLastComma_int=\count329
\__mhchem_arrow_extPgfLength_skip=\skip66
\mhchem@minispace@tmp=\skip67
\mhchem@minibackspace@tmp=\skip68
\mhchem@bondwidth=\skip69
\mhchem@bondheight=\skip70
\mhchem@smallbondwidth@tmpA=\skip71
\mhchem@smallbondwidth@tmpB=\skip72
\mhchem@smallbondwidth=\skip73
\mhchem@bondtmp@minussidebearingleft=\skip74
\mhchem@bondtmp@minussidebearingright=\skip75
\l__mhchem_option_version_int=\count330
\mhchem@option@minusmathsidebearingleft=\dimen195
\mhchem@option@minusmathsidebearingright=\dimen196
\mhchem@option@minustextsidebearingleft=\dimen197
\mhchem@option@minustextsidebearingright=\dimen198
)
(C:\Users\蕾赛\AppData\Local\Programs\MiKTeX\tex/latex/amsfonts\amssymb.sty
Package: amssymb 2013/01/14 v3.01 AMS font symbols

(C:\Users\蕾赛\AppData\Local\Programs\MiKTeX\tex/latex/amsfonts\amsfonts.sty
Package: amsfonts 2013/01/14 v3.01 Basic AMSFonts support
\symAMSa=\mathgroup4
\symAMSb=\mathgroup5
LaTeX Font Info:    Redeclaring math symbol \hbar on input line 98.
LaTeX Font Info:    Overwriting math alphabet `\mathfrak' in version `bold'
(Font)                  U/euf/m/n --> U/euf/b/n on input line 106.
))
(C:\Users\蕾赛\AppData\Local\Programs\MiKTeX\tex/latex/graphics\graphicx.sty
Package: graphicx 2026-05-17 v1.2e Enhanced LaTeX Graphics (DPC,SPQR)

(C:\Users\蕾赛\AppData\Local\Programs\MiKTeX\tex/latex/graphics\keyval.sty
Package: keyval 2026-05-17 v1.15 key=value parser (DPC)
\KV@toks@=\toks22
)
\Gin@req@height=\dimen199
\Gin@req@width=\dimen256
)
(C:\Users\蕾赛\AppData\Local\Programs\MiKTeX\tex/latex/caption\caption.sty
Package: caption 2023/08/05 v3.6o Customizing captions (AR)

(C:\Users\蕾赛\AppData\Local\Programs\MiKTeX\tex/latex/caption\caption3.sty
Package: caption3 2023/07/31 v2.4d caption3 kernel (AR)
\caption@tempdima=\dimen257
\captionmargin=\dimen258
\caption@leftmargin=\dimen259
\caption@rightmargin=\dimen260
\caption@width=\dimen261
\caption@indent=\dimen262
\caption@parindent=\dimen263
\caption@hangindent=\dimen264
Package caption Info: Standard document class detected.
)
\c@caption@flags=\count331
\c@continuedfloat=\count332
)
(C:\Obsidion\妙妙屋\11-模板\scripts\.miktex-sandbox\install\tex/latex/wrapfig\wrapfi
g.sty
\wrapoverhang=\dimen265
\WF@size=\dimen266
\c@WF@wrappedlines=\count333
\WF@box=\box58
\WF@everypar=\toks23
Package: wrapfig 2003/01/31  v 3.6
)
! Undefined control sequence.
<argument> \wrapfigureside 
                           
l.18 \setlength{\wrapfigureside}{12pt}
                                      
The control sequence at the end of the top line
of your error message was never \def'ed. If you have
misspelled it (e.g., `\hobx'), type `I' and the correct
spelling (e.g., `I\hbox'). Otherwise just continue,
and I'll forget about whatever was undefined.

! Missing number, treated as zero.
<to be read again> 
                   \protect 
l.19 \setlength
               {\wrapfigsep}{8pt}
A number should have been here; I inserted `0'.
(If you can't figure out why I needed to see a number,
look up `weird error' in the index to The TeXbook.)

! Illegal unit of measure (pt inserted).
<to be read again> 
                   \protect 
l.19 \setlength
               {\wrapfigsep}{8pt}
Dimensions can be in units of em, ex, in, pt, pc,
cm, mm, dd, cc, bp, or sp; but yours is a new one!
I'll assume that you meant to say pt, for printer's points.
To recover gracefully from this error, it's best to
delete the erroneous units; e.g., type `2' to delete
two letters. (See Chapter 27 of The TeXbook.)

! Undefined control sequence.
<argument> \wrapfigsep 
                       
l.19 \setlength{\wrapfigsep}{8pt}
                                 
The control sequence at the end of the top line
of your error message was never \def'ed. If you have
misspelled it (e.g., `\hobx'), type `I' and the correct
spelling (e.g., `I\hbox'). Otherwise just continue,
and I'll forget about whatever was undefined.

! Missing number, treated as zero.
<to be read again> 
                   \scan_stop: 
l.20 
     
A number should have been here; I inserted `0'.
(If you can't figure out why I needed to see a number,
look up `weird error' in the index to The TeXbook.)

! Illegal unit of measure (pt inserted).
<to be read again> 
                   \scan_stop: 
l.20 
     
Dimensions can be in units of em, ex, in, pt, pc,
cm, mm, dd, cc, bp, or sp; but yours is a new one!
I'll assume that you meant to say pt, for printer's points.
To recover gracefully from this error, it's best to
delete the erroneous units; e.g., type `2' to delete
two letters. (See Chapter 27 of The TeXbook.)

(C:\Users\蕾赛\AppData\Local\Programs\MiKTeX\tex/latex/booktabs\booktabs.sty
Package: booktabs 2020/01/12 v1.61803398 Publication quality tables
\heavyrulewidth=\dimen267
\lightrulewidth=\dimen268
\cmidrulewidth=\dimen269
\belowrulesep=\dimen270
\belowbottomsep=\dimen271
\aboverulesep=\dimen272
\abovetopsep=\dimen273
\cmidrulesep=\dimen274
\cmidrulekern=\dimen275
\defaultaddspace=\dimen276
\@cmidla=\count334
\@cmidlb=\count335
\@aboverulesep=\dimen277
\@belowrulesep=\dimen278
\@thisruleclass=\count336
\@lastruleclass=\count337
\@thisrulewidth=\dimen279
)
(C:\Users\蕾赛\AppData\Local\Programs\MiKTeX\tex/latex/xltabular\xltabular.sty
Package: xltabular 2025/02/28 v0.2i `xltabular' package (hv,RN)

(C:\Users\蕾赛\AppData\Local\Programs\MiKTeX\tex/latex/tools\tabularx.sty
Package: tabularx 2023/12/11 v2.12a `tabularx' package (DPC)

(C:\Users\蕾赛\AppData\Local\Programs\MiKTeX\tex/latex/tools\array.sty
Package: array 2026/02/24 v2.7b Tabular extension package (FMi)
\col@sep=\dimen280
\ar@mcellbox=\box59
\extrarowheight=\dimen281
\NC@list=\toks24
\extratabsurround=\skip76
\backup@length=\skip77
\ar@cellbox=\box60
)
\TX@col@width=\dimen282
\TX@old@table=\dimen283
\TX@old@col=\dimen284
\TX@target=\dimen285
\TX@delta=\dimen286
\TX@cols=\count338
\TX@ftn=\toks25
)
(C:\Users\蕾赛\AppData\Local\Programs\MiKTeX\tex/latex/etoolbox\etoolbox.sty
Package: etoolbox 2025/10/02 v2.5m e-TeX tools for LaTeX (JAW)
\etb@tempcnta=\count339
)
(C:\Users\蕾赛\AppData\Local\Programs\MiKTeX\tex/latex/ltablex\ltablex.sty
Package: ltablex 2014/08/13 v1.1 Modified tabularx

(C:\Users\蕾赛\AppData\Local\Programs\MiKTeX\tex/latex/tools\longtable.sty
Package: longtable 2026-01-28 v4.27 Multi-page Table package (DPC)
\LTleft=\skip78
\LTright=\skip79
\LTpre=\skip80
\LTpost=\skip81
\LTchunksize=\count340
\LTcapwidth=\dimen287
\LT@head=\box61
\LT@firsthead=\box62
\LT@foot=\box63
\LT@lastfoot=\box64
\LT@gbox=\box65
\LT@cols=\count341
\LT@rows=\count342
\c@LT@tables=\count343
\c@LT@chunks=\count344
\LT@p@ftn=\toks26
)))
(C:\Users\蕾赛\AppData\Local\Programs\MiKTeX\tex/latex/float\float.sty
Package: float 2001/11/08 v1.3d Float enhancements (AL)
\c@float@type=\count345
\float@exts=\toks27
\float@box=\box66
\@float@everytoks=\toks28
\@floatcapt=\box67
)
(C:\Users\蕾赛\AppData\Local\Programs\MiKTeX\tex/latex/geometry\geometry.sty
Package: geometry 2026/03/07 v6.0 Page Geometry

(C:\Users\蕾赛\AppData\Local\Programs\MiKTeX\tex/generic/iftex\ifvtex.sty
Package: ifvtex 2019/10/25 v1.7 ifvtex legacy package. Use iftex instead.

(C:\Users\蕾赛\AppData\Local\Programs\MiKTeX\tex/generic/iftex\iftex.sty
Package: iftex 2024/12/12 v1.0g TeX engine tests
))
\Gm@cnth=\count346
\Gm@cntv=\count347
\c@Gm@tempcnt=\count348
\Gm@bindingoffset=\dimen288
\Gm@wd@mp=\dimen289
\Gm@odd@mp=\dimen290
\Gm@even@mp=\dimen291
\Gm@layoutwidth=\dimen292
\Gm@layoutheight=\dimen293
\Gm@layouthoffset=\dimen294
\Gm@layoutvoffset=\dimen295
\Gm@dimlist=\toks29

(C:\Users\蕾赛\AppData\Local\Programs\MiKTeX\tex/latex/geometry\geometry.cfg))
(C:\Users\蕾赛\AppData\Local\Programs\MiKTeX\tex/latex/setspace\setspace.sty
Package: setspace 2022/12/04 v6.7b set line spacing
)
(C:\Users\蕾赛\AppData\Local\Programs\MiKTeX\tex/latex/hyperref\hyperref.sty
Package: hyperref 2026-04-24 v7.01q Hypertext links for LaTeX

(C:\Users\蕾赛\AppData\Local\Programs\MiKTeX\tex/latex/kvsetkeys\kvsetkeys.sty
Package: kvsetkeys 2022-10-05 v1.19 Key value parser (HO)
)
(C:\Users\蕾赛\AppData\Local\Programs\MiKTeX\tex/generic/kvdefinekeys\kvdefinekey
s.sty
Package: kvdefinekeys 2019-12-19 v1.6 Define keys (HO)
)
(C:\Users\蕾赛\AppData\Local\Programs\MiKTeX\tex/generic/pdfescape\pdfescape.sty
Package: pdfescape 2019/12/09 v1.15 Implements pdfTeX's escape features (HO)

(C:\Users\蕾赛\AppData\Local\Programs\MiKTeX\tex/generic/ltxcmds\ltxcmds.sty
Package: ltxcmds 2023-12-04 v1.26 LaTeX kernel commands for general use (HO)
)
(C:\Users\蕾赛\AppData\Local\Programs\MiKTeX\tex/generic/pdftexcmds\pdftexcmds.st
y
Package: pdftexcmds 2020-06-27 v0.33 Utility functions of pdfTeX for LuaTeX (HO
)

(C:\Users\蕾赛\AppData\Local\Programs\MiKTeX\tex/generic/infwarerr\infwarerr.sty
Package: infwarerr 2019/12/03 v1.5 Providing info/warning/error messages (HO)
)
Package pdftexcmds Info: \pdf@primitive is available.
Package pdftexcmds Info: \pdf@ifprimitive is available.
Package pdftexcmds Info: \pdfdraftmode not found.
)) (C:\Users\蕾赛\AppData\Local\Programs\MiKTeX\tex/latex/hycolor\hycolor.sty
Package: hycolor 2020-01-27 v1.10 Color options for hyperref/bookmark (HO)
)
(C:\Users\蕾赛\AppData\Local\Programs\MiKTeX\tex/latex/hyperref\nameref.sty
Package: nameref 2026-01-29 v2.58 Cross-referencing by name of section

(C:\Users\蕾赛\AppData\Local\Programs\MiKTeX\tex/latex/refcount\refcount.sty
Package: refcount 2019/12/15 v3.6 Data extraction from label references (HO)
)
(C:\Users\蕾赛\AppData\Local\Programs\MiKTeX\tex/generic/gettitlestring\gettitles
tring.sty
Package: gettitlestring 2019/12/15 v1.6 Cleanup title references (HO)

(C:\Users\蕾赛\AppData\Local\Programs\MiKTeX\tex/latex/kvoptions\kvoptions.sty
Package: kvoptions 2022-06-15 v3.15 Key value format for package options (HO)
))
\c@section@level=\count349
) (C:\Users\蕾赛\AppData\Local\Programs\MiKTeX\tex/generic/stringenc\stringenc.st
y
Package: stringenc 2019/11/29 v1.12 Convert strings between diff. encodings (HO
)
)
\@linkdim=\dimen296
\Hy@linkcounter=\count350
\Hy@pagecounter=\count351
 (C:\Users\蕾赛\AppData\Local\Programs\MiKTeX\tex/latex/hyperref\pd1enc.def
File: pd1enc.def 2026-04-24 v7.01q Hyperref: PDFDocEncoding definition (HO)
)
(C:\Users\蕾赛\AppData\Local\Programs\MiKTeX\tex/generic/intcalc\intcalc.sty
Package: intcalc 2019/12/15 v1.3 Expandable calculations with integers (HO)
)
\Hy@SavedSpaceFactor=\count352

(C:\Users\蕾赛\AppData\Local\Programs\MiKTeX\tex/latex/hyperref\puenc.def
File: puenc.def 2026-04-24 v7.01q Hyperref: PDF Unicode definition (HO)
)
Package hyperref Info: Option `unicode' set `true' on input line 4070.
Package hyperref Info: Option `colorlinks' set `true' on input line 4070.
Package hyperref Info: Hyper figures OFF on input line 4199.
Package hyperref Info: Link nesting OFF on input line 4204.
Package hyperref Info: Hyper index ON on input line 4207.
Package hyperref Info: Plain pages OFF on input line 4214.
Package hyperref Info: Backreferencing OFF on input line 4219.
Package hyperref Info: Implicit mode ON; LaTeX internals redefined.
Package hyperref Info: Bookmarks ON on input line 4466.
\c@Hy@tempcnt=\count353

(C:\Users\蕾赛\AppData\Local\Programs\MiKTeX\tex/latex/url\url.sty
\Urlmuskip=\muskip18
Package: url 2013/09/16  ver 3.4  Verb mode for urls, etc.
)
LaTeX Info: Redefining \url on input line 4805.
\XeTeXLinkMargin=\dimen297

(C:\Users\蕾赛\AppData\Local\Programs\MiKTeX\tex/generic/bitset\bitset.sty
Package: bitset 2019/12/09 v1.3 Handle bit-vector datatype (HO)

(C:\Users\蕾赛\AppData\Local\Programs\MiKTeX\tex/generic/bigintcalc\bigintcalc.st
y
Package: bigintcalc 2019/12/15 v1.5 Expandable calculations on big integers (HO
)
))
\Fld@menulength=\count354
\Field@Width=\dimen298
\Fld@charsize=\dimen299
Package hyperref Info: Hyper figures OFF on input line 6091.
Package hyperref Info: Link nesting OFF on input line 6096.
Package hyperref Info: Hyper index ON on input line 6099.
Package hyperref Info: backreferencing OFF on input line 6106.
Package hyperref Info: Link coloring ON on input line 6109.
Package hyperref Info: Link coloring with OCG OFF on input line 6116.
Package hyperref Info: PDF/A mode OFF on input line 6121.
\Hy@abspage=\count355
\c@Item=\count356
\c@Hfootnote=\count357
)
Package hyperref Info: Driver (autodetected): hxetex.
 (C:\Users\蕾赛\AppData\Local\Programs\MiKTeX\tex/latex/hyperref\hxetex.def
File: hxetex.def 2026-04-24 v7.01q Hyperref driver for XeTeX
\pdfm@box=\box68
\c@Hy@AnnotLevel=\count358
\HyField@AnnotCount=\count359
\Fld@listcount=\count360
\c@bookmark@seq@number=\count361

(C:\Users\蕾赛\AppData\Local\Programs\MiKTeX\tex/latex/rerunfilecheck\rerunfilech
eck.sty
Package: rerunfilecheck 2025-06-21 v1.11 Rerun checks for auxiliary files (HO)

(C:\Users\蕾赛\AppData\Local\Programs\MiKTeX\tex/generic/uniquecounter\uniquecoun
ter.sty
Package: uniquecounter 2019/12/15 v1.4 Provide unlimited unique counter (HO)
)
Package uniquecounter Info: New unique counter `rerunfilecheck' on input line 2
84.
)
\Hy@SectionHShift=\skip82
)
(C:\Users\蕾赛\AppData\Local\Programs\MiKTeX\tex/latex/xcolor\xcolor.sty
Package: xcolor 2024/09/29 v3.02 LaTeX color extensions (UK)

(C:\Users\蕾赛\AppData\Local\Programs\MiKTeX\tex/latex/graphics-cfg\color.cfg
File: color.cfg 2016/01/02 v1.6 sample color configuration
)
Package xcolor Info: Driver file: xetex.def on input line 274.

(C:\Users\蕾赛\AppData\Local\Programs\MiKTeX\tex/latex/graphics\mathcolor.ltx)
Package xcolor Info: Model `cmy' substituted by `cmy0' on input line 1349.
Package xcolor Info: Model `RGB' extended on input line 1365.
Package xcolor Info: Model `HTML' substituted by `rgb' on input line 1367.
Package xcolor Info: Model `Hsb' substituted by `hsb' on input line 1368.
Package xcolor Info: Model `tHsb' substituted by `hsb' on input line 1369.
Package xcolor Info: Model `HSB' substituted by `hsb' on input line 1370.
Package xcolor Info: Model `Gray' substituted by `gray' on input line 1371.
Package xcolor Info: Model `wave' substituted by `hsb' on input line 1372.
)
(C:\Users\蕾赛\AppData\Local\Programs\MiKTeX\tex/latex/graphics\dvipsnam.def
File: dvipsnam.def 2026-05-17 v3.0m Driver-dependent file (DPC,SPQR)
)
(C:\Users\蕾赛\AppData\Local\Programs\MiKTeX\tex/latex/xcolor\svgnam.def
File: svgnam.def 2024/09/29 v3.02 Predefined colors according to SVG 1.1 (UK)
)
(C:\Users\蕾赛\AppData\Local\Programs\MiKTeX\tex/latex/fancyhdr\fancyhdr.sty
Package: fancyhdr 2025/02/07 v5.2 Extensive control of page headers and footers

\f@nch@headwidth=\skip83
\f@nch@offset@elh=\skip84
\f@nch@offset@erh=\skip85
\f@nch@offset@olh=\skip86
\f@nch@offset@orh=\skip87
\f@nch@offset@elf=\skip88
\f@nch@offset@erf=\skip89
\f@nch@offset@olf=\skip90
\f@nch@offset@orf=\skip91
\f@nch@height=\skip92
\f@nch@footalignment=\skip93
\f@nch@widthL=\skip94
\f@nch@widthC=\skip95
\f@nch@widthR=\skip96
\@temptokenb=\toks30
)
(C:\Users\蕾赛\AppData\Local\Programs\MiKTeX\tex/latex/enumitem\enumitem.sty
Package: enumitem 2025/02/06 v3.11 Customized lists
\labelindent=\skip97
\enit@outerparindent=\dimen300
\enit@toks=\toks31
\enit@inbox=\box69
\enit@count@id=\count362
\enitdp@description=\count363
)
\c@answerlisti=\count364
\enitdp@answerlist=\count365

(C:\Users\蕾赛\AppData\Local\Programs\MiKTeX\tex/latex/microtype\microtype.sty
Package: microtype 2026/03/01 v3.2d Micro-typographical refinements (RS)
\MT@toks=\toks32
\MT@tempbox=\box70
\MT@count=\count366
LaTeX Info: Redefining \noprotrusionifhmode on input line 1084.
LaTeX Info: Redefining \leftprotrusion on input line 1085.
\MT@prot@toks=\toks33
LaTeX Info: Redefining \rightprotrusion on input line 1104.
LaTeX Info: Redefining \textls on input line 1449.
\MT@outer@kern=\dimen301
LaTeX Info: Redefining \microtypecontext on input line 2053.
LaTeX Info: Redefining \textmicrotypecontext on input line 2070.
\MT@listname@count=\count367

(C:\Users\蕾赛\AppData\Local\Programs\MiKTeX\tex/latex/microtype\microtype-xetex.
def
File: microtype-xetex.def 2026/03/01 v3.2d Definitions specific to xetex (RS)
LaTeX Info: Redefining \lsstyle on input line 443.
LaTeX Info: Redefining \lslig on input line 451.
\MT@outer@space=\skip98
)
Package microtype Info: Loading configuration file microtype.cfg.

(C:\Users\蕾赛\AppData\Local\Programs\MiKTeX\tex/latex/microtype\microtype.cfg
File: microtype.cfg 2026/03/01 v3.2d microtype main configuration file (RS)
)
LaTeX Info: Redefining \microtypesetup on input line 3065.
)
\c@none=\count368

(C:\Users\蕾赛\AppData\Local\Programs\MiKTeX\tex/latex/placeins\placeins.sty
Package: placeins 2005/04/18  v 2.2
)
(C:\Obsidion\妙妙屋\11-模板\scripts\_handout_ca9a3dd7f9d5.aux)
\openout1 = `_handout_ca9a3dd7f9d5.aux'.

LaTeX Font Info:    Checking defaults for OML/cmm/m/it on input line 191.
LaTeX Font Info:    ... okay on input line 191.
LaTeX Font Info:    Checking defaults for OMS/cmsy/m/n on input line 191.
LaTeX Font Info:    ... okay on input line 191.
LaTeX Font Info:    Checking defaults for OT1/cmr/m/n on input line 191.
LaTeX Font Info:    ... okay on input line 191.
LaTeX Font Info:    Checking defaults for T1/cmr/m/n on input line 191.
LaTeX Font Info:    ... okay on input line 191.
LaTeX Font Info:    Checking defaults for TS1/cmr/m/n on input line 191.
LaTeX Font Info:    ... okay on input line 191.
LaTeX Font Info:    Checking defaults for TU/lmr/m/n on input line 191.
LaTeX Font Info:    ... okay on input line 191.
LaTeX Font Info:    Checking defaults for OMX/cmex/m/n on input line 191.
LaTeX Font Info:    ... okay on input line 191.
LaTeX Font Info:    Checking defaults for U/cmr/m/n on input line 191.
LaTeX Font Info:    ... okay on input line 191.
LaTeX Font Info:    Checking defaults for PD1/pdf/m/n on input line 191.
LaTeX Font Info:    ... okay on input line 191.
LaTeX Font Info:    Checking defaults for PU/pdf/m/n on input line 191.
LaTeX Font Info:    ... okay on input line 191.

Package fontspec Info: 
(fontspec)             Adjusting the maths setup (use [no-math] to avoid
(fontspec)             this).

\symlegacymaths=\mathgroup6
LaTeX Font Info:    Overwriting symbol font `legacymaths' in version `bold'
(Font)                  OT1/cmr/m/n --> OT1/cmr/bx/n on input line 191.
LaTeX Font Info:    Redeclaring math accent \acute on input line 191.
LaTeX Font Info:    Redeclaring math accent \grave on input line 191.
LaTeX Font Info:    Redeclaring math accent \ddot on input line 191.
LaTeX Font Info:    Redeclaring math accent \tilde on input line 191.
LaTeX Font Info:    Redeclaring math accent \bar on input line 191.
LaTeX Font Info:    Redeclaring math accent \breve on input line 191.
LaTeX Font Info:    Redeclaring math accent \check on input line 191.
LaTeX Font Info:    Redeclaring math accent \hat on input line 191.
LaTeX Font Info:    Redeclaring math accent \dot on input line 191.
LaTeX Font Info:    Redeclaring math accent \mathring on input line 191.
LaTeX Font Info:    Redeclaring math symbol \Gamma on input line 191.
LaTeX Font Info:    Redeclaring math symbol \Delta on input line 191.
LaTeX Font Info:    Redeclaring math symbol \Theta on input line 191.
LaTeX Font Info:    Redeclaring math symbol \Lambda on input line 191.
LaTeX Font Info:    Redeclaring math symbol \Xi on input line 191.
LaTeX Font Info:    Redeclaring math symbol \Pi on input line 191.
LaTeX Font Info:    Redeclaring math symbol \Sigma on input line 191.
LaTeX Font Info:    Redeclaring math symbol \Upsilon on input line 191.
LaTeX Font Info:    Redeclaring math symbol \Phi on input line 191.
LaTeX Font Info:    Redeclaring math symbol \Psi on input line 191.
LaTeX Font Info:    Redeclaring math symbol \Omega on input line 191.
LaTeX Font Info:    Redeclaring math symbol \mathdollar on input line 191.
LaTeX Font Info:    Redeclaring symbol font `operators' on input line 191.
LaTeX Font Info:    Encoding `OT1' has changed to `TU' for symbol font
(Font)              `operators' in the math version `normal' on input line 191.

LaTeX Font Info:    Overwriting symbol font `operators' in version `normal'
(Font)                  OT1/cmr/m/n --> TU/lmr/m/n on input line 191.
LaTeX Font Info:    Encoding `OT1' has changed to `TU' for symbol font
(Font)              `operators' in the math version `bold' on input line 191.
LaTeX Font Info:    Overwriting symbol font `operators' in version `bold'
(Font)                  OT1/cmr/bx/n --> TU/lmr/m/n on input line 191.
LaTeX Font Info:    Overwriting symbol font `operators' in version `normal'
(Font)                  TU/lmr/m/n --> TU/lmr/m/n on input line 191.
LaTeX Font Info:    Overwriting math alphabet `\mathit' in version `normal'
(Font)                  OT1/cmr/m/it --> TU/lmr/m/it on input line 191.
LaTeX Font Info:    Overwriting math alphabet `\mathbf' in version `normal'
(Font)                  OT1/cmr/bx/n --> TU/lmr/b/n on input line 191.
LaTeX Font Info:    Overwriting math alphabet `\mathsf' in version `normal'
(Font)                  OT1/cmss/m/n --> TU/lmss/m/n on input line 191.
LaTeX Font Info:    Overwriting math alphabet `\mathtt' in version `normal'
(Font)                  OT1/cmtt/m/n --> TU/lmtt/m/n on input line 191.
LaTeX Font Info:    Overwriting symbol font `operators' in version `bold'
(Font)                  TU/lmr/m/n --> TU/lmr/b/n on input line 191.
LaTeX Font Info:    Overwriting math alphabet `\mathit' in version `bold'
(Font)                  OT1/cmr/bx/it --> TU/lmr/b/it on input line 191.
LaTeX Font Info:    Overwriting math alphabet `\mathsf' in version `bold'
(Font)                  OT1/cmss/bx/n --> TU/lmss/b/n on input line 191.
LaTeX Font Info:    Overwriting math alphabet `\mathtt' in version `bold'
(Font)                  OT1/cmtt/m/n --> TU/lmtt/b/n on input line 191.

Package chemgreek Info: Activating mapping `fontspec' on line 191.

Package caption Info: Begin \AtBeginDocument code.
Package caption Info: float package is loaded.
Package caption Info: hyperref package is loaded.
Package caption Info: longtable package is loaded.

(C:\Users\蕾赛\AppData\Local\Programs\MiKTeX\tex/latex/caption\ltcaption.sty
Package: ltcaption 2021/01/08 v1.4c longtable captions (AR)
)
Package caption Info: wrapfig package is loaded.
Package caption Info: End \AtBeginDocument code.

*geometry* driver: auto-detecting
*geometry* detected driver: xetex
*geometry* verbose mode - [ preamble ] result:
* driver: xetex
* paper: a4paper
* layout: <same size as paper>
* layoutoffset:(h,v)=(0.0pt,0.0pt)
* modes: includehead includefoot 
* h-part:(L,W,R)=(62.59596pt, 472.31595pt, 62.59596pt)
* v-part:(T,H,B)=(62.59596pt, 719.85492pt, 62.59596pt)
* \paperwidth=597.50787pt
* \paperheight=845.04684pt
* \textwidth=472.31592pt
* \textheight=650.85492pt
* \oddsidemargin=-9.67403pt
* \evensidemargin=-9.67403pt
* \topmargin=-9.67403pt
* \headheight=14.0pt
* \headsep=25.0pt
* \topskip=11.0pt
* \footskip=30.0pt
* \marginparwidth=50.0pt
* \marginparsep=10.0pt
* \columnsep=10.0pt
* \skip\footins=10.0pt plus 4.0pt minus 2.0pt
* \hoffset=0.0pt
* \voffset=0.0pt
* \mag=1000
* \@twocolumnfalse
* \@twosidefalse
* \@mparswitchfalse
* \@reversemarginfalse
* (1in=72.27pt=25.4mm, 1cm=28.453pt)

Package hyperref Info: Link coloring ON on input line 191.
(C:\Obsidion\妙妙屋\11-模板\scripts\_handout_ca9a3dd7f9d5.out)
(C:\Obsidion\妙妙屋\11-模板\scripts\_handout_ca9a3dd7f9d5.out)
\@outlinefile=\write3
\openout3 = `_handout_ca9a3dd7f9d5.out'.

LaTeX Info: Redefining \microtypecontext on input line 191.
Package microtype Info: Applying patch `item' on input line 191.
Package microtype Info: Applying patch `toc' on input line 191.
Package microtype Info: Applying patch `eqnum' on input line 191.
Package microtype Info: Applying patch `footnote' on input line 191.
Package microtype Info: Applying patch `verbatim' on input line 191.
LaTeX Info: Redefining \microtypesetup on input line 191.
Package microtype Info: Character protrusion enabled (level 2).
Package microtype Info: Using default protrusion set `alltext'.
Package microtype Info: No adjustment of tracking.
Package microtype Info: No adjustment of spacing.
Package microtype Info: No adjustment of kerning.

(C:\Users\蕾赛\AppData\Local\Programs\MiKTeX\tex/latex/microtype\mt-LatinModernRo
man.cfg
File: mt-LatinModernRoman.cfg 2026/02/26 v1.2 microtype config. file: Latin Mod
ern Roman (RS)
)

Package fontspec Info: 
(fontspec)             Could not resolve font "SimHei/BI" (it probably doesn't
(fontspec)             exist).


Package fontspec Info: 
(fontspec)             Could not resolve font "SimHei/B" (it probably doesn't
(fontspec)             exist).


Package fontspec Info: 
(fontspec)             Could not resolve font "SimHei/I" (it probably doesn't
(fontspec)             exist).


Package fontspec Info: 
(fontspec)             Font family 'SimHei(0)' created for font 'SimHei' with
(fontspec)             options [Script={CJK}].
(fontspec)              
(fontspec)              This font family consists of the following NFSS
(fontspec)             series/shapes:
(fontspec)              
(fontspec)             - 'normal' (m/n) with NFSS spec.:
(fontspec)             <->"SimHei/OT:script=hani;language=dflt;"



LaTeX Font Warning: Font shape `TU/SimHei(0)/b/n' undefined
(Font)              using `TU/SimHei(0)/m/n' instead on input line 197.

LaTeX Font Info:    Trying to load font information for U+msa on input line 232
.
(C:\Users\蕾赛\AppData\Local\Programs\MiKTeX\tex/latex/amsfonts\umsa.fd
File: umsa.fd 2013/01/14 v3.01 AMS symbols A
)
(C:\Users\蕾赛\AppData\Local\Programs\MiKTeX\tex/latex/microtype\mt-msa.cfg
File: mt-msa.cfg 2006/02/04 v1.1 microtype config. file: AMS symbols (a) (RS)
)
LaTeX Font Info:    Trying to load font information for U+msb on input line 232
.

(C:\Users\蕾赛\AppData\Local\Programs\MiKTeX\tex/latex/amsfonts\umsb.fd
File: umsb.fd 2013/01/14 v3.01 AMS symbols B
)
(C:\Users\蕾赛\AppData\Local\Programs\MiKTeX\tex/latex/microtype\mt-msb.cfg
File: mt-msb.cfg 2005/06/01 v1.0 microtype config. file: AMS symbols (b) (RS)
)
(C:\Users\蕾赛\AppData\Local\Programs\MiKTeX\tex/latex/microtype\mt-cmr.cfg
File: mt-cmr.cfg 2013/05/19 v2.2 microtype config. file: Computer Modern Roman 
(RS)
)
Missing character: There is no χ in font [lmroman10-regular]:mapping=tex-text;!
[1

]
! Undefined control sequence.
l.293 - 最常见的错误是选(a)：看到''F吸电子\箭排斥减小
                                  \箭键角变大``就冲动选了。\textbf{关键}：排斥力减小的是C-F对C-H的排...
The control sequence at the end of the top line
of your error message was never \def'ed. If you have
misspelled it (e.g., `\hobx'), type `I' and the correct
spelling (e.g., `I\hbox'). Otherwise just continue,
and I'll forget about whatever was undefined.

! Undefined control sequence.
l.293 - 最常见的错误是选(a)：看到''F吸电子\箭排斥减小\箭键角变大
                                        ``就冲动选了。\textbf{关键}：排斥力减小的是C-F对C-H的排...
The control sequence at the end of the top line
of your error message was never \def'ed. If you have
misspelled it (e.g., `\hobx'), type `I' and the correct
spelling (e.g., `I\hbox'). Otherwise just continue,
and I'll forget about whatever was undefined.

! Undefined control sequence.
l.327 \textbf{4} & 中心不满八隅体？ & 移动端基孤对\箭形成双键
                                          /三键 \\
The control sequence at the end of the top line
of your error message was never \def'ed. If you have
misspelled it (e.g., `\hobx'), type `I' and the correct
spelling (e.g., `I\hbox'). Otherwise just continue,
and I'll forget about whatever was undefined.

[2]
! Undefined control sequence.
l.365 2. \textbf{电负性大的配体优先占轴向}(电负性大\箭电子被拉走
                                          \箭键对``变瘦''\箭能塞进拥挤的轴向位)
The control sequence at the end of the top line
of your error message was never \def'ed. If you have
misspelled it (e.g., `\hobx'), type `I' and the correct
spelling (e.g., `I\hbox'). Otherwise just continue,
and I'll forget about whatever was undefined.

! Undefined control sequence.
l.365 2. \textbf{电负性大的配体优先占轴向}(电负性大\箭电子被拉走\箭键对
                                              ``变瘦''\箭能塞进拥挤的轴向位)
The control sequence at the end of the top line
of your error message was never \def'ed. If you have
misspelled it (e.g., `\hobx'), type `I' and the correct
spelling (e.g., `I\hbox'). Otherwise just continue,
and I'll forget about whatever was undefined.

! Undefined control sequence.
l.365 ...配体优先占轴向}(电负性大\箭电子被拉走\箭键对``变瘦''\箭能塞进拥挤的轴向位
                                                  )
The control sequence at the end of the top line
of your error message was never \def'ed. If you have
misspelled it (e.g., `\hobx'), type `I' and the correct
spelling (e.g., `I\hbox'). Otherwise just continue,
and I'll forget about whatever was undefined.

Missing character: There is no ψ in font [lmroman10-regular]:mapping=tex-text;!
Missing character: There is no ψ in font [lmroman10-regular]:mapping=tex-text;!
Missing character: There is no ψ in font [lmroman10-regular]:mapping=tex-text;!
Missing character: There is no ψ in font [lmroman10-regular]:mapping=tex-text;!
Missing character: There is no ψ in font [lmroman10-regular]:mapping=tex-text;!
[3]
! Undefined control sequence.
l.429 - C-H的\西格马电子离域到C
                      -F的\西格马* \箭 稳定化
The control sequence at the end of the top line
of your error message was never \def'ed. If you have
misspelled it (e.g., `\hobx'), type `I' and the correct
spelling (e.g., `I\hbox'). Otherwise just continue,
and I'll forget about whatever was undefined.

! Undefined control sequence.
l.435 3. gauche几何允许\西格马给体与
                          \西格马*受体的轨道重叠
The control sequence at the end of the top line
of your error message was never \def'ed. If you have
misspelled it (e.g., `\hobx'), type `I' and the correct
spelling (e.g., `I\hbox'). Otherwise just continue,
and I'll forget about whatever was undefined.

! Undefined control sequence.
l.445 - 正常趋势：同周期\箭增大
                    ，同族\箭减小
The control sequence at the end of the top line
of your error message was never \def'ed. If you have
misspelled it (e.g., `\hobx'), type `I' and the correct
spelling (e.g., `I\hbox'). Otherwise just continue,
and I'll forget about whatever was undefined.

! Undefined control sequence.
l.445 - 正常趋势：同周期\箭增大，同族\箭减小
                           
The control sequence at the end of the top line
of your error message was never \def'ed. If you have
misspelled it (e.g., `\hobx'), type `I' and the correct
spelling (e.g., `I\hbox'). Otherwise just continue,
and I'll forget about whatever was undefined.

! Undefined control sequence.
l.456 - 等电子体系列：原子序数越大\箭半径越小
                           (如 O\textsuperscript{2-} \textgreater{} F\textsup...
The control sequence at the end of the top line
of your error message was never \def'ed. If you have
misspelled it (e.g., `\hobx'), type `I' and the correct
spelling (e.g., `I\hbox'). Otherwise just continue,
and I'll forget about whatever was undefined.

Missing character: There is no χ in font [lmroman10-regular]:mapping=tex-text;!
Missing character: There is no χ in font [lmroman10-regular]:mapping=tex-text;!
! Undefined control sequence.
l.462 - VSEPR可直接判断：AX\textsubscript{2}直线形\箭非极性
                                              ；AX\textsubscript{2}E(V形)\箭极性；...
The control sequence at the end of the top line
of your error message was never \def'ed. If you have
misspelled it (e.g., `\hobx'), type `I' and the correct
spelling (e.g., `I\hbox'). Otherwise just continue,
and I'll forget about whatever was undefined.

! Undefined control sequence.
l.462 ...t{2}直线形\箭非极性；AX\textsubscript{2}E(V形)\箭极性
                                                  ；AX\textsubscript{3}平面三角\箭...
The control sequence at the end of the top line
of your error message was never \def'ed. If you have
misspelled it (e.g., `\hobx'), type `I' and the correct
spelling (e.g., `I\hbox'). Otherwise just continue,
and I'll forget about whatever was undefined.

! Undefined control sequence.
l.462 ...{2}E(V形)\箭极性；AX\textsubscript{3}平面三角\箭非极性
                                                  ；AX\textsubscript{4}四面体\箭非极性
The control sequence at the end of the top line
of your error message was never \def'ed. If you have
misspelled it (e.g., `\hobx'), type `I' and the correct
spelling (e.g., `I\hbox'). Otherwise just continue,
and I'll forget about whatever was undefined.

! Undefined control sequence.
l.462 ...t{3}平面三角\箭非极性；AX\textsubscript{4}四面体\箭非极性
                                                  
The control sequence at the end of the top line
of your error message was never \def'ed. If you have
misspelled it (e.g., `\hobx'), type `I' and the correct
spelling (e.g., `I\hbox'). Otherwise just continue,
and I'll forget about whatever was undefined.

! Undefined control sequence.
l.463 - 简单规则：\textbf{含孤对电子的分子几乎都是极性分子}(孤对\箭不对称
                                              \箭偶极矩不为零)
The control sequence at the end of the top line
of your error message was never \def'ed. If you have
misspelled it (e.g., `\hobx'), type `I' and the correct
spelling (e.g., `I\hbox'). Otherwise just continue,
and I'll forget about whatever was undefined.

! Undefined control sequence.
l.463 ...\textbf{含孤对电子的分子几乎都是极性分子}(孤对\箭不对称\箭偶极矩不为零
                                                  )
The control sequence at the end of the top line
of your error message was never \def'ed. If you have
misspelled it (e.g., `\hobx'), type `I' and the correct
spelling (e.g., `I\hbox'). Otherwise just continue,
and I'll forget about whatever was undefined.

[4]

Package fontspec Info: 
(fontspec)             Could not resolve font "FangSong/BI" (it probably
(fontspec)             doesn't exist).


Package fontspec Info: 
(fontspec)             Could not resolve font "FangSong/B" (it probably
(fontspec)             doesn't exist).


Package fontspec Info: 
(fontspec)             Could not resolve font "FangSong/I" (it probably
(fontspec)             doesn't exist).

Package microtype Info: Loading generic protrusion settings for font family
(microtype)             `lmtt' (encoding: TU).
(microtype)             For optimal results, create family-specific settings.
(microtype)             See the microtype manual for details.

Package fontspec Info: 
(fontspec)             Font family 'FangSong(0)' created for font 'FangSong'
(fontspec)             with options [Script={CJK}].
(fontspec)              
(fontspec)              This font family consists of the following NFSS
(fontspec)             series/shapes:
(fontspec)              
(fontspec)             - 'normal' (m/n) with NFSS spec.:
(fontspec)             <->"FangSong/OT:script=hani;language=dflt;"


Missing character: There is no ⁻ in font [lmmono10-regular]:!
Missing character: There is no ⁻ in font [lmmono10-regular]:!
Missing character: There is no ⁻ in font [lmmono10-regular]:!
Missing character: There is no ⁻ in font [lmmono10-regular]:!
[5] [6]
Missing character: There is no ✓ in font [lmroman10-regular]:mapping=tex-text;!
Missing character: There is no ✗ in font [lmroman10-regular]:mapping=tex-text;!
Missing character: There is no ✓ in font [lmroman10-regular]:mapping=tex-text;!
Missing character: There is no ⁻ in font [lmmono10-regular]:!
[7]
File: C:/Obsidion/妙妙屋/11-模板/scripts/.chem_media/38d17c5ac6c914c010610fc41b3d335
d7ebc954c872a449eec0b38ecade016d9.jpg Graphic file (type bmp)
<C:/Obsidion/妙妙屋/11-模板/scripts/.chem_media/38d17c5ac6c914c010610fc41b3d335d7ebc
954c872a449eec0b38ecade016d9.jpg>

! Undefined control sequence.
l.802     C-H的\西格马电子作为给体
                        ，离域到C-F的\西格马*反键轨道(受体)\箭 产生稳定化能
The control sequence at the end of the top line
of your error message was never \def'ed. If you have
misspelled it (e.g., `\hobx'), type `I' and the correct
spelling (e.g., `I\hbox'). Otherwise just continue,
and I'll forget about whatever was undefined.

Missing character: There is no θ in font [lmroman10-regular]:mapping=tex-text;!
[8]
Missing character: There is no ✓ in font [lmroman10-regular]:mapping=tex-text;!
Missing character: There is no ✓ in font [lmroman10-regular]:mapping=tex-text;!
Missing character: There is no ✓ in font [lmroman10-regular]:mapping=tex-text;!
[9]
Missing character: There is no ✓ in font [lmroman10-regular]:mapping=tex-text;!
Missing character: There is no ✓ in font [lmroman10-regular]:mapping=tex-text;!
Missing character: There is no ✓ in font [lmroman10-regular]:mapping=tex-text;!
[10]
File: C:/Obsidion/妙妙屋/11-模板/scripts/.chem_media/668c204ea2da830e73a88c2233c319b
bddaa4054290772a97c7195ca0fedc60c.jpg Graphic file (type bmp)
<C:/Obsidion/妙妙屋/11-模板/scripts/.chem_media/668c204ea2da830e73a88c2233c319bbddaa
4054290772a97c7195ca0fedc60c.jpg>

! Undefined control sequence.
l.1067 ...}(强受体\西格马*轨道)和相邻的 \textbf{C-H键}(给体\西格马轨道
                                                  )
The control sequence at the end of the top line
of your error message was never \def'ed. If you have
misspelled it (e.g., `\hobx'), type `I' and the correct
spelling (e.g., `I\hbox'). Otherwise just continue,
and I'll forget about whatever was undefined.

! Undefined control sequence.
l.1084   gauche构象中，C-H键的\西格马电子作为给体
                                  ，离域到相邻C-F的\西格马*反键轨道(受体)，产生额外的稳定化能。这种稳定化能\t...
The control sequence at the end of the top line
of your error message was never \def'ed. If you have
misspelled it (e.g., `\hobx'), type `I' and the correct
spelling (e.g., `I\hbox'). Otherwise just continue,
and I'll forget about whatever was undefined.

[11]
Missing character: There is no 简 in font [lmroman8-regular]:mapping=tex-text;!
Missing character: There is no 并 in font [lmroman8-regular]:mapping=tex-text;!
Missing character: There is no 简 in font [lmroman8-regular]:mapping=tex-text;!
Missing character: There is no 并 in font [lmroman8-regular]:mapping=tex-text;!

LaTeX Font Warning: Font shape `TU/SimSun(1)/b/it' undefined
(Font)              using `TU/SimSun(1)/b/n' instead on input line 1123.

! Undefined control sequence.
l.1123 ...textbf{在} \西格马}\{2p\} \textbf{之前}(``\派先于
                                                  \西格马'')
The control sequence at the end of the top line
of your error message was never \def'ed. If you have
misspelled it (e.g., `\hobx'), type `I' and the correct
spelling (e.g., `I\hbox'). Otherwise just continue,
and I'll forget about whatever was undefined.

Missing character: There is no 简 in font [lmroman8-regular]:mapping=tex-text;!
Missing character: There is no 并 in font [lmroman8-regular]:mapping=tex-text;!
Missing character: There is no 简 in font [lmroman8-regular]:mapping=tex-text;!
Missing character: There is no 并 in font [lmroman8-regular]:mapping=tex-text;!
! Undefined control sequence.
l.1131 ...textbf{在} \派}\{2p\} \textbf{之前}(``\西格马先于
                                                  \派'')
The control sequence at the end of the top line
of your error message was never \def'ed. If you have
misspelled it (e.g., `\hobx'), type `I' and the correct
spelling (e.g., `I\hbox'). Otherwise just continue,
and I'll forget about whatever was undefined.

! Undefined control sequence.
<argument> 口诀：``硼碳氮\派在前 
                        ''
l.1133 \textbf{口诀：``硼碳氮\派在前''}
                              
The control sequence at the end of the top line
of your error message was never \def'ed. If you have
misspelled it (e.g., `\hobx'), type `I' and the correct
spelling (e.g., `I\hbox'). Otherwise just continue,
and I'll forget about whatever was undefined.

! Undefined control sequence.
l.1143 B\textsubscript{2} (Z=10) & 小 & **\派在前
                                             ** \\
The control sequence at the end of the top line
of your error message was never \def'ed. If you have
misspelled it (e.g., `\hobx'), type `I' and the correct
spelling (e.g., `I\hbox'). Otherwise just continue,
and I'll forget about whatever was undefined.

! Undefined control sequence.
l.1144 C\textsubscript{2} (Z=12) & 小 & **\派在前
                                             ** \\
The control sequence at the end of the top line
of your error message was never \def'ed. If you have
misspelled it (e.g., `\hobx'), type `I' and the correct
spelling (e.g., `I\hbox'). Otherwise just continue,
and I'll forget about whatever was undefined.

! Undefined control sequence.
l.1145 N\textsubscript{2} (Z=14) & 小 & **\派在前
                                             ** \\
The control sequence at the end of the top line
of your error message was never \def'ed. If you have
misspelled it (e.g., `\hobx'), type `I' and the correct
spelling (e.g., `I\hbox'). Otherwise just continue,
and I'll forget about whatever was undefined.

! Undefined control sequence.
l.1146 O\textsubscript{2} (Z=16) & 大 & **\西格马在前
                                               ** \\
The control sequence at the end of the top line
of your error message was never \def'ed. If you have
misspelled it (e.g., `\hobx'), type `I' and the correct
spelling (e.g., `I\hbox'). Otherwise just continue,
and I'll forget about whatever was undefined.

! Undefined control sequence.
l.1147 F\textsubscript{2} (Z=18) & 大 & **\西格马在前
                                               ** \\
The control sequence at the end of the top line
of your error message was never \def'ed. If you have
misspelled it (e.g., `\hobx'), type `I' and the correct
spelling (e.g., `I\hbox'). Otherwise just continue,
and I'll forget about whatever was undefined.

! Undefined control sequence.
l.1151 ...ript{2}之间。N\textsubscript{2}及以下(B、C)\派先填
                                                  ；O\textsubscript{2}及以上(O、F...
The control sequence at the end of the top line
of your error message was never \def'ed. If you have
misspelled it (e.g., `\hobx'), type `I' and the correct
spelling (e.g., `I\hbox'). Otherwise just continue,
and I'll forget about whatever was undefined.

! Undefined control sequence.
l.1151 ...、C)\派先填；O\textsubscript{2}及以上(O、F)\西格马先填
                                                  。
The control sequence at the end of the top line
of your error message was never \def'ed. If you have
misspelled it (e.g., `\hobx'), type `I' and the correct
spelling (e.g., `I\hbox'). Otherwise just continue,
and I'll forget about whatever was undefined.

[12]
! Undefined control sequence.
l.1241 超共轭是一种\textbf{轨道相互作用}：\西格马成键轨道
                                     (给体)与相邻的\西格马*反键轨道(受体)之间的电子离域。
The control sequence at the end of the top line
of your error message was never \def'ed. If you have
misspelled it (e.g., `\hobx'), type `I' and the correct
spelling (e.g., `I\hbox'). Otherwise just continue,
and I'll forget about whatever was undefined.

! Undefined control sequence.
l.1246 1. 给体\西格马轨道能量较高
                      (如C-H，因为H电负性小)
The control sequence at the end of the top line
of your error message was never \def'ed. If you have
misspelled it (e.g., `\hobx'), type `I' and the correct
spelling (e.g., `I\hbox'). Otherwise just continue,
and I'll forget about whatever was undefined.

! Undefined control sequence.
l.1252 ...xtsuperscript{2}中心碳的空p轨道接受相邻C-H的\西格马电子离域
                                                   \箭 超共轭稳定化。相邻C-H越多 \箭 超共轭越...
The control sequence at the end of the top line
of your error message was never \def'ed. If you have
misspelled it (e.g., `\hobx'), type `I' and the correct
spelling (e.g., `I\hbox'). Otherwise just continue,
and I'll forget about whatever was undefined.

[13]
! Undefined control sequence.
l.1280   邻位有**给体\西格马**：如C-H(H电负性小，\西格马能级较高
                                          )
The control sequence at the end of the top line
of your error message was never \def'ed. If you have
misspelled it (e.g., `\hobx'), type `I' and the correct
spelling (e.g., `I\hbox'). Otherwise just continue,
and I'll forget about whatever was undefined.

! Undefined control sequence.
l.1282   gauche几何允许\西格马给体与
                          \西格马*受体的\textbf{轨道重叠}
The control sequence at the end of the top line
of your error message was never \def'ed. If you have
misspelled it (e.g., `\hobx'), type `I' and the correct
spelling (e.g., `I\hbox'). Otherwise just continue,
and I'll forget about whatever was undefined.

Missing character: There is no λ in font [lmroman10-regular]:mapping=tex-text;!
Missing character: There is no λ in font [lmroman10-regular]:mapping=tex-text;!
Missing character: There is no λ in font [lmroman10-regular]:mapping=tex-text;!
! Undefined control sequence.
l.1352 ...rscript{3}螺碳\textbf{打断共轭} \箭 两个芳香环\派体系独立
                                                   \箭 共轭小 \箭 ΔE大 \箭 吸收在紫外区
The control sequence at the end of the top line
of your error message was never \def'ed. If you have
misspelled it (e.g., `\hobx'), type `I' and the correct
spelling (e.g., `I\hbox'). Otherwise just continue,
and I'll forget about whatever was undefined.

[14]
Missing character: There is no λ in font [lmroman10-regular]:mapping=tex-text;!
Missing character: There is no ₙ in font [lmroman10-regular]:mapping=tex-text;!
! Undefined control sequence.
l.1365 ...映 \textbar{} H\textsubscript{2}O有2个\西格马ᵥ
                                                  ，NH\textsubscript{3}有3个\西格...
The control sequence at the end of the top line
of your error message was never \def'ed. If you have
misspelled it (e.g., `\hobx'), type `I' and the correct
spelling (e.g., `I\hbox'). Otherwise just continue,
and I'll forget about whatever was undefined.

! Undefined control sequence.
l.1365 ...{2}O有2个\西格马ᵥ，NH\textsubscript{3}有3个\西格马ᵥ
                                                   \textbar{}
The control sequence at the end of the top line
of your error message was never \def'ed. If you have
misspelled it (e.g., `\hobx'), type `I' and the correct
spelling (e.g., `I\hbox'). Otherwise just continue,
and I'll forget about whatever was undefined.

Missing character: There is no ₙ in font [lmroman10-regular]:mapping=tex-text;!
Missing character: There is no α in font [lmroman10-regular]:mapping=tex-text;!
Missing character: There is no α in font [lmroman10-regular]:mapping=tex-text;!
File: C:/Obsidion/妙妙屋/11-模板/scripts/.chem_media/8bf88f8f6a9620911d2db4ab1efd31e
f4bbbee2848d67f273ab02edabee8b741.jpg Graphic file (type bmp)
<C:/Obsidion/妙妙屋/11-模板/scripts/.chem_media/8bf88f8f6a9620911d2db4ab1efd31ef4bbb
ee2848d67f273ab02edabee8b741.jpg>
Missing character: There is no α in font [lmroman10-regular]:mapping=tex-text;!
! Undefined control sequence.
l.1413     给体：需要在邻位找到合适的\西格马轨道
                              
The control sequence at the end of the top line
of your error message was never \def'ed. If you have
misspelled it (e.g., `\hobx'), type `I' and the correct
spelling (e.g., `I\hbox'). Otherwise just continue,
and I'll forget about whatever was undefined.

Missing character: There is no α in font [lmroman10-regular]:mapping=tex-text;!
[15]
File: C:/Obsidion/妙妙屋/11-模板/scripts/.chem_media/02836db77acb3bf4a7a77b79b62641e
245a5398ccd19c51a0277854593a3fa75.jpg Graphic file (type bmp)
<C:/Obsidion/妙妙屋/11-模板/scripts/.chem_media/02836db77acb3bf4a7a77b79b62641e245a5
398ccd19c51a0277854593a3fa75.jpg>
 [16]
File: C:/Obsidion/妙妙屋/11-模板/scripts/.chem_media/6c14330fb677130ea483f2620e37280
ed910645e9019215fa1588cd4b3d31295.jpg Graphic file (type bmp)
<C:/Obsidion/妙妙屋/11-模板/scripts/.chem_media/6c14330fb677130ea483f2620e37280ed910
645e9019215fa1588cd4b3d31295.jpg>

! Undefined control sequence.
l.1582 ...erscript{3}杂化 \箭 **打断共轭** \箭 两个芳香环\派体系独立
                                                   \箭 共轭小 \箭 ΔE大 \箭 紫外区吸收
The control sequence at the end of the top line
of your error message was never \def'ed. If you have
misspelled it (e.g., `\hobx'), type `I' and the correct
spelling (e.g., `I\hbox'). Otherwise just continue,
and I'll forget about whatever was undefined.

Missing character: There is no λ in font [lmroman10-regular]:mapping=tex-text;!
Missing character: There is no ✓ in font [lmroman10-regular]:mapping=tex-text;!
! Undefined control sequence.
l.1595 ...extbf{为什么}共轭增大(sp\textsuperscript{3}\箭sp
                                                  \textsuperscript{2}，共轭链连续化)
The control sequence at the end of the top line
of your error message was never \def'ed. If you have
misspelled it (e.g., `\hobx'), type `I' and the correct
spelling (e.g., `I\hbox'). Otherwise just continue,
and I'll forget about whatever was undefined.

[17]
File: C:/Obsidion/妙妙屋/11-模板/scripts/.chem_media/8bf88f8f6a9620911d2db4ab1efd31e
f4bbbee2848d67f273ab02edabee8b741.jpg Graphic file (type bmp)
<C:/Obsidion/妙妙屋/11-模板/scripts/.chem_media/8bf88f8f6a9620911d2db4ab1efd31ef4bbb
ee2848d67f273ab02edabee8b741.jpg>

Missing character: There is no χ in font [lmroman10-regular]:mapping=tex-text;!
! Undefined control sequence.
l.1690 - 最常见的错误是选(a)：看到''F吸电子\箭排斥减小
                                   \箭键角变大``就冲动选了。\textbf{关键}：排斥力减小的是C-F对C-H的...
The control sequence at the end of the top line
of your error message was never \def'ed. If you have
misspelled it (e.g., `\hobx'), type `I' and the correct
spelling (e.g., `I\hbox'). Otherwise just continue,
and I'll forget about whatever was undefined.

! Undefined control sequence.
l.1690 - 最常见的错误是选(a)：看到''F吸电子\箭排斥减小\箭键角变大
                                         ``就冲动选了。\textbf{关键}：排斥力减小的是C-F对C-H的...
The control sequence at the end of the top line
of your error message was never \def'ed. If you have
misspelled it (e.g., `\hobx'), type `I' and the correct
spelling (e.g., `I\hbox'). Otherwise just continue,
and I'll forget about whatever was undefined.

[18]
File: C:/Obsidion/妙妙屋/11-模板/scripts/.chem_media/d5a235083e1b55a20f6a853b1872375
c4eca0ba055d03e519dcfc57edbc89629.jpg Graphic file (type bmp)
<C:/Obsidion/妙妙屋/11-模板/scripts/.chem_media/d5a235083e1b55a20f6a853b1872375c4eca
0ba055d03e519dcfc57edbc89629.jpg>
File: C:/Obsidion/妙妙屋/11-模板/scripts/.chem_media/b058a6331f8cf52829131f8b932ab44
7f67d99918db6aeb1aa49f8d93cbf791e.jpg Graphic file (type bmp)
<C:/Obsidion/妙妙屋/11-模板/scripts/.chem_media/b058a6331f8cf52829131f8b932ab447f67d
99918db6aeb1aa49f8d93cbf791e.jpg>
 [19]
File: C:/Obsidion/妙妙屋/11-模板/scripts/.chem_media/7b2f54c4dc49607de19441d955ce3dd
4f57ba6129d8d5902ffea8c7ab5486b70.jpg Graphic file (type bmp)
<C:/Obsidion/妙妙屋/11-模板/scripts/.chem_media/7b2f54c4dc49607de19441d955ce3dd4f57b
a6129d8d5902ffea8c7ab5486b70.jpg>
 [20]
! Undefined control sequence.
l.1793     但相邻面心之间通过平移可以相互到达(面心位\箭面心位
                                     )，顶点之间也可以相互到达
The control sequence at the end of the top line
of your error message was never \def'ed. If you have
misspelled it (e.g., `\hobx'), type `I' and the correct
spelling (e.g., `I\hbox'). Otherwise just continue,
and I'll forget about whatever was undefined.

[21]
Missing character: There is no α in font [lmroman10-regular]:mapping=tex-text;!
Missing character: There is no β in font [lmroman10-regular]:mapping=tex-text;!
Missing character: There is no γ in font [lmroman10-regular]:mapping=tex-text;!
Missing character: There is no α in font [lmroman10-regular]:mapping=tex-text;!
Missing character: There is no β in font [lmroman10-regular]:mapping=tex-text;!
Missing character: There is no γ in font [lmroman10-regular]:mapping=tex-text;!
Missing character: There is no α in font [lmroman10-regular]:mapping=tex-text;!
Missing character: There is no β in font [lmroman10-regular]:mapping=tex-text;!
Missing character: There is no γ in font [lmroman10-regular]:mapping=tex-text;!
Missing character: There is no α in font [lmroman10-regular]:mapping=tex-text;!
Missing character: There is no β in font [lmroman10-regular]:mapping=tex-text;!
Missing character: There is no γ in font [lmroman10-regular]:mapping=tex-text;!
Missing character: There is no α in font [lmroman10-regular]:mapping=tex-text;!
Missing character: There is no β in font [lmroman10-regular]:mapping=tex-text;!
Missing character: There is no γ in font [lmroman10-regular]:mapping=tex-text;!
Missing character: There is no α in font [lmroman10-regular]:mapping=tex-text;!
Missing character: There is no β in font [lmroman10-regular]:mapping=tex-text;!
Missing character: There is no γ in font [lmroman10-regular]:mapping=tex-text;!
Missing character: There is no α in font [lmroman10-regular]:mapping=tex-text;!
Missing character: There is no β in font [lmroman10-regular]:mapping=tex-text;!
Missing character: There is no γ in font [lmroman10-regular]:mapping=tex-text;!
Missing character: There is no α in font [lmroman10-regular]:mapping=tex-text;!
Missing character: There is no β in font [lmroman10-regular]:mapping=tex-text;!
Missing character: There is no γ in font [lmroman10-regular]:mapping=tex-text;!
Missing character: There is no α in font [lmroman10-regular]:mapping=tex-text;!
Missing character: There is no β in font [lmroman10-regular]:mapping=tex-text;!
Missing character: There is no γ in font [lmroman10-regular]:mapping=tex-text;!
Missing character: There is no α in font [lmroman10-regular]:mapping=tex-text;!
Missing character: There is no β in font [lmroman10-regular]:mapping=tex-text;!
Missing character: There is no γ in font [lmroman10-regular]:mapping=tex-text;!
Missing character: There is no α in font [lmroman10-regular]:mapping=tex-text;!
Missing character: There is no β in font [lmroman10-regular]:mapping=tex-text;!
Missing character: There is no γ in font [lmroman10-regular]:mapping=tex-text;!
Missing character: There is no α in font [lmroman10-regular]:mapping=tex-text;!
Missing character: There is no γ in font [lmroman10-regular]:mapping=tex-text;!
Missing character: There is no β in font [lmroman10-regular]:mapping=tex-text;!
Missing character: There is no α in font [lmroman10-regular]:mapping=tex-text;!
Missing character: There is no β in font [lmroman10-regular]:mapping=tex-text;!
Missing character: There is no γ in font [lmroman10-regular]:mapping=tex-text;!
[22]
Missing character: There is no β in font [lmroman10-regular]:mapping=tex-text;!
! Undefined control sequence.
l.2041 键型 & 全部C-C \西格马键
                        & 层内\西格马+大\派键，层间范德华力 & Si-O \西格马键+部分\派键 \\
The control sequence at the end of the top line
of your error message was never \def'ed. If you have
misspelled it (e.g., `\hobx'), type `I' and the correct
spelling (e.g., `I\hbox'). Otherwise just continue,
and I'll forget about whatever was undefined.

! Undefined control sequence.
l.2041 键型 & 全部C-C \西格马键 & 层内\西格马+大\派键
                                     ，层间范德华力 & Si-O \西格马键+部分\派键 \\
The control sequence at the end of the top line
of your error message was never \def'ed. If you have
misspelled it (e.g., `\hobx'), type `I' and the correct
spelling (e.g., `I\hbox'). Otherwise just continue,
and I'll forget about whatever was undefined.

! Undefined control sequence.
l.2041 ... \西格马键 & 层内\西格马+大\派键，层间范德华力 & Si-O \西格马键
                                                  +部分\派键 \\
The control sequence at the end of the top line
of your error message was never \def'ed. If you have
misspelled it (e.g., `\hobx'), type `I' and the correct
spelling (e.g., `I\hbox'). Otherwise just continue,
and I'll forget about whatever was undefined.

! Undefined control sequence.
l.2041 ... & 层内\西格马+大\派键，层间范德华力 & Si-O \西格马键+部分\派键
                                                   \\
The control sequence at the end of the top line
of your error message was never \def'ed. If you have
misspelled it (e.g., `\hobx'), type `I' and the correct
spelling (e.g., `I\hbox'). Otherwise just continue,
and I'll forget about whatever was undefined.

[23] [24]
File: C:/Obsidion/妙妙屋/11-模板/scripts/.chem_media/37ee95c5f40e7cad3dafca4b5be3a6c
c8213c3cd34a16453130dd0b5c6105b3b.jpg Graphic file (type bmp)
<C:/Obsidion/妙妙屋/11-模板/scripts/.chem_media/37ee95c5f40e7cad3dafca4b5be3a6cc8213
c3cd34a16453130dd0b5c6105b3b.jpg>
 [25]
Missing character: There is no ρ in font [lmroman10-regular]:mapping=tex-text;!
Missing character: There is no ρ in font [lmroman10-regular]:mapping=tex-text;!
[26]
File: C:/Obsidion/妙妙屋/11-模板/scripts/.chem_media/f65cf0d51f6dbf79b19887713841fd9
f0478c61bd5f848340878c3eb7c754a6a.jpg Graphic file (type bmp)
<C:/Obsidion/妙妙屋/11-模板/scripts/.chem_media/f65cf0d51f6dbf79b19887713841fd9f0478
c61bd5f848340878c3eb7c754a6a.jpg>
File: C:/Obsidion/妙妙屋/11-模板/scripts/.chem_media/688cf555a552ef3af8d0107c66a1ec9
ec2c0163dab1cf0f2191db611f1a0667b.jpg Graphic file (type bmp)
<C:/Obsidion/妙妙屋/11-模板/scripts/.chem_media/688cf555a552ef3af8d0107c66a1ec9ec2c0
163dab1cf0f2191db611f1a0667b.jpg>
 [27]
File: C:/Obsidion/妙妙屋/11-模板/scripts/.chem_media/e35af654cbd44a33ea1768deed862a2
0b1a3e3e3a2af9b0cb704df846351cc7a.jpg Graphic file (type bmp)
<C:/Obsidion/妙妙屋/11-模板/scripts/.chem_media/e35af654cbd44a33ea1768deed862a20b1a3
e3e3a2af9b0cb704df846351cc7a.jpg>
 [28]
Missing character: There is no ₙ in font [lmroman10-bold]:mapping=tex-text;!
Missing character: There is no ₊ in font [lmroman10-bold]:mapping=tex-text;!
Missing character: There is no ₙ in font [lmroman10-bold]:mapping=tex-text;!
Missing character: There is no ₙ in font [lmroman10-bold]:mapping=tex-text;!
Missing character: There is no ₊ in font [lmroman10-bold]:mapping=tex-text;!
Missing character: There is no ₙ in font [lmroman10-bold]:mapping=tex-text;!
Missing character: There is no ✓ in font [lmroman10-regular]:mapping=tex-text;!
Missing character: There is no ₙ in font [lmroman10-regular]:mapping=tex-text;!
Missing character: There is no ₊ in font [lmroman10-regular]:mapping=tex-text;!
Missing character: There is no ₙ in font [lmroman10-regular]:mapping=tex-text;!
Missing character: There is no ₙ in font [lmroman10-regular]:mapping=tex-text;!
Missing character: There is no ₊ in font [lmroman10-regular]:mapping=tex-text;!
Missing character: There is no ₙ in font [lmroman10-bold]:mapping=tex-text;!
Missing character: There is no ₊ in font [lmroman10-bold]:mapping=tex-text;!
Missing character: There is no ₙ in font [lmroman10-bold]:mapping=tex-text;!
Missing character: There is no ₙ in font [lmroman10-bold]:mapping=tex-text;!
Missing character: There is no ₊ in font [lmroman10-bold]:mapping=tex-text;!
Missing character: There is no ₙ in font [lmroman10-regular]:mapping=tex-text;!
[29]
! Undefined control sequence.
l.2423 ...ript{2+}的混合价态。Fe\textsuperscript{2+}\箭Fe
                                                  \textsuperscript{3+}之间的\te...
The control sequence at the end of the top line
of your error message was never \def'ed. If you have
misspelled it (e.g., `\hobx'), type `I' and the correct
spelling (e.g., `I\hbox'). Otherwise just continue,
and I'll forget about whatever was undefined.

[30]
File: C:/Obsidion/妙妙屋/11-模板/scripts/.chem_media/3ed28c1669c05059c34a4fdb4c14ead
31f0a0d61e3e05b93333ed7328afb69e4.jpg Graphic file (type bmp)
<C:/Obsidion/妙妙屋/11-模板/scripts/.chem_media/3ed28c1669c05059c34a4fdb4c14ead31f0a
0d61e3e05b93333ed7328afb69e4.jpg>
 [31]
Missing character: There is no ✓ in font [lmroman10-regular]:mapping=tex-text;!
[32]
Missing character: There is no ├ in font [lmmono10-regular]:!
Missing character: There is no ─ in font [lmmono10-regular]:!
Missing character: There is no α in font [lmmono10-regular]:!
Missing character: There is no β in font [lmmono10-regular]:!
Missing character: There is no γ in font [lmmono10-regular]:!
Missing character: There is no ├ in font [lmmono10-regular]:!
Missing character: There is no ─ in font [lmmono10-regular]:!
Missing character: There is no ≠ in font [lmmono10-regular]:!
Missing character: There is no α in font [lmmono10-regular]:!
Missing character: There is no β in font [lmmono10-regular]:!
Missing character: There is no γ in font [lmmono10-regular]:!
Missing character: There is no ├ in font [lmmono10-regular]:!
Missing character: There is no ─ in font [lmmono10-regular]:!
Missing character: There is no ≠ in font [lmmono10-regular]:!
Missing character: There is no α in font [lmmono10-regular]:!
Missing character: There is no β in font [lmmono10-regular]:!
Missing character: There is no γ in font [lmmono10-regular]:!
Missing character: There is no └ in font [lmmono10-regular]:!
Missing character: There is no ─ in font [lmmono10-regular]:!
Missing character: There is no θ in font [lmroman10-bold]:mapping=tex-text;!
Missing character: There is no α in font [lmroman10-regular]:mapping=tex-text;!
[33]
Missing character: There is no α in font [lmroman10-regular]:mapping=tex-text;!
[34] [35]
Missing character: There is no ₓ in font [lmroman10-bold]:mapping=tex-text;!
Missing character: There is no ₓ in font [lmroman10-bold]:mapping=tex-text;!
Missing character: There is no ₓ in font [lmroman10-regular]:mapping=tex-text;!
Missing character: There is no ₓ in font [lmroman10-regular]:mapping=tex-text;!
File: C:/Obsidion/妙妙屋/11-模板/scripts/.chem_media/683f0e69038d73ac34cdb1747c33d39
11fabaddb85448b4285432b66928a3eea.jpg Graphic file (type bmp)
<C:/Obsidion/妙妙屋/11-模板/scripts/.chem_media/683f0e69038d73ac34cdb1747c33d3911fab
addb85448b4285432b66928a3eea.jpg>
File: C:/Obsidion/妙妙屋/11-模板/scripts/.chem_media/368a3052c1bf1dc0ce0c5997a77b46e
97e77a27e707d963627e7cb3d9f68dcf4.jpg Graphic file (type bmp)
<C:/Obsidion/妙妙屋/11-模板/scripts/.chem_media/368a3052c1bf1dc0ce0c5997a77b46e97e77
a27e707d963627e7cb3d9f68dcf4.jpg>
File: C:/Obsidion/妙妙屋/11-模板/scripts/.chem_media/2492c24d5dd5faaafd15c18ab1eb85d
439f26c916a17a492280dc29236be9897.jpg Graphic file (type bmp)
<C:/Obsidion/妙妙屋/11-模板/scripts/.chem_media/2492c24d5dd5faaafd15c18ab1eb85d439f2
6c916a17a492280dc29236be9897.jpg>
[36]
Missing character: There is no ₓ in font [lmroman10-regular]:mapping=tex-text;!
Missing character: There is no ₓ in font [lmroman10-regular]:mapping=tex-text;!
Missing character: There is no ₓ in font [lmroman10-regular]:mapping=tex-text;!
File: C:/Obsidion/妙妙屋/11-模板/scripts/.chem_media/42521a0601a23312a0f4df66a57f6dc
484d343ac647b33ae0d3e6ebf996ad9a4.jpg Graphic file (type bmp)
<C:/Obsidion/妙妙屋/11-模板/scripts/.chem_media/42521a0601a23312a0f4df66a57f6dc484d3
43ac647b33ae0d3e6ebf996ad9a4.jpg>
Missing character: There is no ₓ in font [lmroman10-bold]:mapping=tex-text;!
[37]
Missing character: There is no ₓ in font [lmroman10-regular]:mapping=tex-text;!
[38]
Missing character: There is no ✓ in font [lmroman10-regular]:mapping=tex-text;!
Missing character: There is no ₓ in font [lmroman10-regular]:mapping=tex-text;!
[39]
File: C:/Obsidion/妙妙屋/11-模板/scripts/.chem_media/e9bd1c934f39a5b7ee69070a8edb9c1
034c733f82c10f1a7c5b7b6fa25c36c1e.jpg Graphic file (type bmp)
<C:/Obsidion/妙妙屋/11-模板/scripts/.chem_media/e9bd1c934f39a5b7ee69070a8edb9c1034c7
33f82c10f1a7c5b7b6fa25c36c1e.jpg>

Underfull \hbox (badness 1331) in paragraph at lines 3059--3062
[]\TU/lmr/bx/n/10.95 WSe[] \TU/SimSun(1)/b/n/10.95 中 各 原 子 的 完 整 分 数 坐 标 \TU/lm
r/m/n/10.95 (\TU/SimSun(1)/m/n/10.95 基 于 简 单 六 方\TU/lmr/m/n/10.95 )\TU/SimSun(1
)/m/n/10.95 ：| \TU/lmr/m/n/10.95 - W: $\OT1/cmr/m/n/10.95 ([]\OML/cmm/m/it/10.9
5 ; []; \OT1/cmr/m/n/10.95 0\OML/cmm/m/it/10.95 :\OT1/cmr/m/n/10.95 25)$ \TU/Si
mSun(1)/m/n/10.95 和 $\OT1/cmr/m/n/10.95 ([]\OML/cmm/m/it/10.95 ; []; \OT1/cmr/m
/n/10.95 0\OML/cmm/m/it/10.95 :\OT1/cmr/m/n/10.95 75)$ \TU/lmr/m/n/10.95 - Se:
 []

[40]
Missing character: There is no ✓ in font [lmroman10-regular]:mapping=tex-text;!
Missing character: There is no 上 in font [lmroman8-regular]:mapping=tex-text;!
Missing character: There is no 层 in font [lmroman8-regular]:mapping=tex-text;!
Missing character: There is no 底 in font [lmroman8-regular]:mapping=tex-text;!
Missing character: There is no 下 in font [lmroman8-regular]:mapping=tex-text;!
Missing character: There is no 层 in font [lmroman8-regular]:mapping=tex-text;!
Missing character: There is no 顶 in font [lmroman8-regular]:mapping=tex-text;!
[41]
File: C:/Obsidion/妙妙屋/11-模板/scripts/.chem_media/ff1f79b4e5389a0add73d55471086b4
38ea1a4371714e7d9749a6be417d6e4de.jpg Graphic file (type bmp)
<C:/Obsidion/妙妙屋/11-模板/scripts/.chem_media/ff1f79b4e5389a0add73d55471086b438ea1
a4371714e7d9749a6be417d6e4de.jpg>
File: C:/Obsidion/妙妙屋/11-模板/scripts/.chem_media/1a349a909262fa397981345c9dc5c56
4616934600b506651bc4be3dc5362642e.jpg Graphic file (type bmp)
<C:/Obsidion/妙妙屋/11-模板/scripts/.chem_media/1a349a909262fa397981345c9dc5c5646169
34600b506651bc4be3dc5362642e.jpg>
 [42]
Missing character: There is no ✓ in font [lmroman10-regular]:mapping=tex-text;!
[43]
Missing character: There is no ✓ in font [lmroman10-regular]:mapping=tex-text;!
Missing character: There is no ✓ in font [lmroman10-regular]:mapping=tex-text;!
! Undefined control sequence.
l.3252 ...+ 1个Y = Ca\textsubscript{8}Y；Na脱除；Mg\箭Fe
                                                  )
The control sequence at the end of the top line
of your error message was never \def'ed. If you have
misspelled it (e.g., `\hobx'), type `I' and the correct
spelling (e.g., `I\hbox'). Otherwise just continue,
and I'll forget about whatever was undefined.

[44] [45]
Missing character: There is no μ in font [lmroman10-regular]:mapping=tex-text;!
Missing character: There is no ⁻ in font [lmmono10-regular]:!
Missing character: There is no ⁺ in font [lmmono10-regular]:!
Missing character: There is no ⁶ in font [lmmono10-regular]:!
Missing character: There is no ₂ in font [lmmono10-regular]:!
Missing character: There is no ⁶ in font [lmmono10-regular]:!
Missing character: There is no ⁰ in font [lmmono10-regular]:!
Missing character: There is no ⁻ in font [lmmono10-regular]:!
Missing character: There is no ⁺ in font [lmmono10-regular]:!
Missing character: There is no ⁵ in font [lmmono10-regular]:!
Missing character: There is no ₂ in font [lmmono10-regular]:!
Missing character: There is no ⁵ in font [lmmono10-regular]:!
Missing character: There is no ⁰ in font [lmmono10-regular]:!
Missing character: There is no ₂ in font [lmmono10-regular]:!
Missing character: There is no ₂ in font [lmmono10-regular]:!
Missing character: There is no μ in font [lmmono10-regular]:!
Missing character: There is no ⁻ in font [lmmono10-regular]:!
Missing character: There is no ⁺ in font [lmmono10-regular]:!
Missing character: There is no μ in font [lmmono10-regular]:!
[46]
Missing character: There is no μ in font [lmroman10-regular]:mapping=tex-text;!
Missing character: There is no μ in font [lmroman10-regular]:mapping=tex-text;!
Missing character: There is no μ in font [lmroman8-regular]:mapping=tex-text;!
Missing character: There is no μ in font [lmroman6-regular]:mapping=tex-text;!
Missing character: There is no μ in font [lmroman10-regular]:mapping=tex-text;!
Missing character: There is no μ in font [lmroman10-regular]:mapping=tex-text;!
Missing character: There is no μ in font [lmroman8-regular]:mapping=tex-text;!
Missing character: There is no μ in font [lmroman6-regular]:mapping=tex-text;!
[47]
! Undefined control sequence.
l.3464 ...\textsuperscript{+})，是\textbf{强场配体}(\派受体
                                                  )，能导致d电子全部成对。
The control sequence at the end of the top line
of your error message was never \def'ed. If you have
misspelled it (e.g., `\hobx'), type `I' and the correct
spelling (e.g., `I\hbox'). Otherwise just continue,
and I'll forget about whatever was undefined.

Missing character: There is no ⁿ in font [lmroman10-regular]:mapping=tex-text;!
Missing character: There is no μ in font [lmroman10-regular]:mapping=tex-text;!
[48]
! Undefined control sequence.
<argument> 工具3：光谱化学序列---\西格马 /\派理解框架 
                                     
l.3564 ...3：光谱化学序列---\西格马/\派理解框架}{工具3：光谱化学序列---/}}
                                                  \label{ux5de5ux51773ux5149...
The control sequence at the end of the top line
of your error message was never \def'ed. If you have
misspelled it (e.g., `\hobx'), type `I' and the correct
spelling (e.g., `I\hbox'). Otherwise just continue,
and I'll forget about whatever was undefined.

! Undefined control sequence.
<argument> 工具3：光谱化学序列---\西格马 /\派理解框架 
                                     
l.3564 ...3：光谱化学序列---\西格马/\派理解框架}{工具3：光谱化学序列---/}}
                                                  \label{ux5de5ux51773ux5149...
The control sequence at the end of the top line
of your error message was never \def'ed. If you have
misspelled it (e.g., `\hobx'), type `I' and the correct
spelling (e.g., `I\hbox'). Otherwise just continue,
and I'll forget about whatever was undefined.

! Undefined control sequence.
l.3572 **\西格马/\派理解框架
                    **(三类配体)：
The control sequence at the end of the top line
of your error message was never \def'ed. If you have
misspelled it (e.g., `\hobx'), type `I' and the correct
spelling (e.g., `I\hbox'). Otherwise just continue,
and I'll forget about whatever was undefined.

! Undefined control sequence.
l.3594 **\派给体
             ** & 配体\派轨道向金属d轨道**给电子** \箭 抬高\(t_{2g}\) \箭 减小\(\Delta_o\) & \t...
The control sequence at the end of the top line
of your error message was never \def'ed. If you have
misspelled it (e.g., `\hobx'), type `I' and the correct
spelling (e.g., `I\hbox'). Otherwise just continue,
and I'll forget about whatever was undefined.

! Undefined control sequence.
l.3594 **\派给体** & 配体\派轨道向金属d轨道
                              **给电子** \箭 抬高\(t_{2g}\) \箭 减小\(\Delta_o\) & \t...
The control sequence at the end of the top line
of your error message was never \def'ed. If you have
misspelled it (e.g., `\hobx'), type `I' and the correct
spelling (e.g., `I\hbox'). Otherwise just continue,
and I'll forget about whatever was undefined.

! Undefined control sequence.
l.3595 **纯\西格马给体
                ** & 仅\西格马配位，无\派作用 & \textbf{中等} & H\textsubscript{2}O, NH\t...
The control sequence at the end of the top line
of your error message was never \def'ed. If you have
misspelled it (e.g., `\hobx'), type `I' and the correct
spelling (e.g., `I\hbox'). Otherwise just continue,
and I'll forget about whatever was undefined.

! Undefined control sequence.
l.3595 **纯\西格马给体** & 仅\西格马配位
                            ，无\派作用 & \textbf{中等} & H\textsubscript{2}O, NH\t...
The control sequence at the end of the top line
of your error message was never \def'ed. If you have
misspelled it (e.g., `\hobx'), type `I' and the correct
spelling (e.g., `I\hbox'). Otherwise just continue,
and I'll forget about whatever was undefined.

! Undefined control sequence.
l.3595 **纯\西格马给体** & 仅\西格马配位，无\派作用
                                   & \textbf{中等} & H\textsubscript{2}O, NH\t...
The control sequence at the end of the top line
of your error message was never \def'ed. If you have
misspelled it (e.g., `\hobx'), type `I' and the correct
spelling (e.g., `I\hbox'). Otherwise just continue,
and I'll forget about whatever was undefined.

! Undefined control sequence.
l.3596 **\派受体
             ** & 配体\派*轨道从金属d轨道\textbf{拉电子} \箭 降低\(t_{2g}\) \箭 增大\(\Delta_o\...
The control sequence at the end of the top line
of your error message was never \def'ed. If you have
misspelled it (e.g., `\hobx'), type `I' and the correct
spelling (e.g., `I\hbox'). Otherwise just continue,
and I'll forget about whatever was undefined.

! Undefined control sequence.
l.3601 - 卤素离子全是\派给体
                    \箭 弱场 \箭 高自旋
The control sequence at the end of the top line
of your error message was never \def'ed. If you have
misspelled it (e.g., `\hobx'), type `I' and the correct
spelling (e.g., `I\hbox'). Otherwise just continue,
and I'll forget about whatever was undefined.

! Undefined control sequence.
l.3602 - NH\textsubscript{3}是纯\西格马给体
                                     \箭 中等场
The control sequence at the end of the top line
of your error message was never \def'ed. If you have
misspelled it (e.g., `\hobx'), type `I' and the correct
spelling (e.g., `I\hbox'). Otherwise just continue,
and I'll forget about whatever was undefined.

! Undefined control sequence.
l.3603 - CN\textsuperscript{-}、CO、NO是\派受体
                                          \箭 强场 \箭 低自旋
The control sequence at the end of the top line
of your error message was never \def'ed. If you have
misspelled it (e.g., `\hobx'), type `I' and the correct
spelling (e.g., `I\hbox'). Otherwise just continue,
and I'll forget about whatever was undefined.

[49] [50]
Missing character: There is no δ in font [lmroman10-bold]:mapping=tex-text;!
! Undefined control sequence.
l.3720 **\西格马键
              ** & \(d_{z^2}\) − \(d_{z^2}\) 头对头重叠 & 1 \\
The control sequence at the end of the top line
of your error message was never \def'ed. If you have
misspelled it (e.g., `\hobx'), type `I' and the correct
spelling (e.g., `I\hbox'). Otherwise just continue,
and I'll forget about whatever was undefined.

! Undefined control sequence.
l.3721 **2个\派键
              ** & \(d_{xz}\) − \(d_{xz}\), \(d_{yz}\) − \(d_{yz}\) 侧面重叠 & 2 \\
The control sequence at the end of the top line
of your error message was never \def'ed. If you have
misspelled it (e.g., `\hobx'), type `I' and the correct
spelling (e.g., `I\hbox'). Otherwise just continue,
and I'll forget about whatever was undefined.

! Undefined control sequence.
l.3730 - \(d_{x^2-y^2}\)不参与Cr-Cr成键，用于与配体\西格马配位
                                              
The control sequence at the end of the top line
of your error message was never \def'ed. If you have
misspelled it (e.g., `\hobx'), type `I' and the correct
spelling (e.g., `I\hbox'). Otherwise just continue,
and I'll forget about whatever was undefined.

Missing character: There is no δ in font [lmroman10-regular]:mapping=tex-text;!
[51]
! Undefined control sequence.
l.3791 ...cript{-}(配位消耗Ag\textsuperscript{+}\箭沉淀溶解
                                                  )
The control sequence at the end of the top line
of your error message was never \def'ed. If you have
misspelled it (e.g., `\hobx'), type `I' and the correct
spelling (e.g., `I\hbox'). Otherwise just continue,
and I'll forget about whatever was undefined.

! Undefined control sequence.
l.3792 ...t{2+}更难被氧化(CN\textsuperscript{-}强场\箭低自旋d
                                                  \textsuperscript{6}\箭CFSE大...
The control sequence at the end of the top line
of your error message was never \def'ed. If you have
misspelled it (e.g., `\hobx'), type `I' and the correct
spelling (e.g., `I\hbox'). Otherwise just continue,
and I'll forget about whatever was undefined.

! Undefined control sequence.
l.3792 ...ipt{-}强场\箭低自旋d\textsuperscript{6}\箭CFSE大
                                                  \箭稳定)
The control sequence at the end of the top line
of your error message was never \def'ed. If you have
misspelled it (e.g., `\hobx'), type `I' and the correct
spelling (e.g., `I\hbox'). Otherwise just continue,
and I'll forget about whatever was undefined.

! Undefined control sequence.
l.3792 ...-}强场\箭低自旋d\textsuperscript{6}\箭CFSE大\箭稳定
                                                  )
The control sequence at the end of the top line
of your error message was never \def'ed. If you have
misspelled it (e.g., `\hobx'), type `I' and the correct
spelling (e.g., `I\hbox'). Otherwise just continue,
and I'll forget about whatever was undefined.

Missing character: There is no ₘ in font [lmroman10-bold]:mapping=tex-text;!
Missing character: There is no μ in font [lmroman10-regular]:mapping=tex-text;!
Missing character: There is no μ in font [lmroman10-bold]:mapping=tex-text;!
[52]
Missing character: There is no μ in font [lmroman10-regular]:mapping=tex-text;!
Missing character: There is no μ in font [lmroman10-regular]:mapping=tex-text;!
Missing character: There is no ○ in font [lmroman10-regular]:mapping=tex-text;!
! Undefined control sequence.
l.3889 \textbf{6-1-5} 该水合物中Cr-Cr \派键来自于Cr的d轨道
                                             。假定Cr-Cr为z轴方向，写出形成\派键的d轨道名称。
The control sequence at the end of the top line
of your error message was never \def'ed. If you have
misspelled it (e.g., `\hobx'), type `I' and the correct
spelling (e.g., `I\hbox'). Otherwise just continue,
and I'll forget about whatever was undefined.

! Undefined control sequence.
l.3889 ... \派键来自于Cr的d轨道。假定Cr-Cr为z轴方向，写出形成\派键的d轨道名称
                                                  。
The control sequence at the end of the top line
of your error message was never \def'ed. If you have
misspelled it (e.g., `\hobx'), type `I' and the correct
spelling (e.g., `I\hbox'). Otherwise just continue,
and I'll forget about whatever was undefined.

[53]
Missing character: There is no ₂ in font [lmmono10-regular]:!
Missing character: There is no ₂ in font [lmmono10-regular]:!
Missing character: There is no ┌ in font [lmmono10-regular]:!
Missing character: There is no ─ in font [lmmono10-regular]:!
Missing character: There is no ─ in font [lmmono10-regular]:!
Missing character: There is no ─ in font [lmmono10-regular]:!
Missing character: There is no ─ in font [lmmono10-regular]:!
Missing character: There is no ═ in font [lmmono10-regular]:!
Missing character: There is no ═ in font [lmmono10-regular]:!
Missing character: There is no ═ in font [lmmono10-regular]:!
Missing character: There is no ═ in font [lmmono10-regular]:!
Missing character: There is no ═ in font [lmmono10-regular]:!
Missing character: There is no ═ in font [lmmono10-regular]:!
Missing character: There is no ─ in font [lmmono10-regular]:!
Missing character: There is no ─ in font [lmmono10-regular]:!
Missing character: There is no ─ in font [lmmono10-regular]:!
Missing character: There is no ─ in font [lmmono10-regular]:!
Missing character: There is no ┐ in font [lmmono10-regular]:!
Missing character: There is no δ in font [lmroman10-regular]:mapping=tex-text;!
Missing character: There is no μ in font [lmroman10-regular]:mapping=tex-text;!
! Undefined control sequence.
l.3925 **6-1-5 形成\派键的d轨道
                        **
The control sequence at the end of the top line
of your error message was never \def'ed. If you have
misspelled it (e.g., `\hobx'), type `I' and the correct
spelling (e.g., `I\hbox'). Otherwise just continue,
and I'll forget about whatever was undefined.

! Undefined control sequence.
l.3932   **\西格马键
                **：\(d_{z^2} - d_{z^2}\)(头对头重叠)
The control sequence at the end of the top line
of your error message was never \def'ed. If you have
misspelled it (e.g., `\hobx'), type `I' and the correct
spelling (e.g., `I\hbox'). Otherwise just continue,
and I'll forget about whatever was undefined.

! Undefined control sequence.
l.3934   **\派键
              **：\(d_{xz} - d_{xz}\) 和 \(d_{yz} - d_{yz}\)(侧面重叠)
The control sequence at the end of the top line
of your error message was never \def'ed. If you have
misspelled it (e.g., `\hobx'), type `I' and the correct
spelling (e.g., `I\hbox'). Otherwise just continue,
and I'll forget about whatever was undefined.

! Undefined control sequence.
l.3939 **形成\派键的d轨道名称
                    **：\(d_{xz}\) 和 \(d_{yz}\)
The control sequence at the end of the top line
of your error message was never \def'ed. If you have
misspelled it (e.g., `\hobx'), type `I' and the correct
spelling (e.g., `I\hbox'). Otherwise just continue,
and I'll forget about whatever was undefined.

Missing character: There is no ₂ in font [lmmono10-regular]:!
Missing character: There is no ₂ in font [lmmono10-regular]:!
Missing character: There is no ₂ in font [lmmono10-regular]:!
Missing character: There is no ─ in font [lmmono10-regular]:!
Missing character: There is no ─ in font [lmmono10-regular]:!
Missing character: There is no ─ in font [lmmono10-regular]:!
Missing character: There is no ─ in font [lmmono10-regular]:!
Missing character: There is no ─ in font [lmmono10-regular]:!
Missing character: There is no ─ in font [lmmono10-regular]:!
Missing character: There is no ─ in font [lmmono10-regular]:!
Missing character: There is no ─ in font [lmmono10-regular]:!
Missing character: There is no ─ in font [lmmono10-regular]:!
Missing character: There is no ─ in font [lmmono10-regular]:!
Missing character: There is no ─ in font [lmmono10-regular]:!
Missing character: There is no ─ in font [lmmono10-regular]:!
Missing character: There is no ─ in font [lmmono10-regular]:!
Missing character: There is no ─ in font [lmmono10-regular]:!
Missing character: There is no ─ in font [lmmono10-regular]:!
Missing character: There is no ─ in font [lmmono10-regular]:!
Missing character: There is no ─ in font [lmmono10-regular]:!
Missing character: There is no ─ in font [lmmono10-regular]:!
Missing character: There is no ─ in font [lmmono10-regular]:!
Missing character: There is no ─ in font [lmmono10-regular]:!
Missing character: There is no ─ in font [lmmono10-regular]:!
Missing character: There is no ─ in font [lmmono10-regular]:!
Missing character: There is no ─ in font [lmmono10-regular]:!
Missing character: There is no ─ in font [lmmono10-regular]:!
Missing character: There is no ─ in font [lmmono10-regular]:!
Missing character: There is no ─ in font [lmmono10-regular]:!
Missing character: There is no ─ in font [lmmono10-regular]:!
Missing character: There is no ─ in font [lmmono10-regular]:!
[54]
Missing character: There is no ₂ in font [lmmono10-regular]:!
Missing character: There is no ₂ in font [lmmono10-regular]:!
Missing character: There is no ₂ in font [lmmono10-regular]:!
Missing character: There is no ₁ in font [lmmono10-regular]:!
Missing character: There is no ═ in font [lmmono10-regular]:!
Missing character: There is no ═ in font [lmmono10-regular]:!
Missing character: There is no ═ in font [lmmono10-regular]:!
Missing character: There is no ₂ in font [lmmono10-regular]:!
Missing character: There is no ═ in font [lmmono10-regular]:!
Missing character: There is no ═ in font [lmmono10-regular]:!
Missing character: There is no ═ in font [lmmono10-regular]:!
Missing character: There is no ₃ in font [lmmono10-regular]:!
Missing character: There is no ⁻ in font [lmmono10-regular]:!
! Undefined control sequence.
l.3984 ...pt{2}O的孤对电子与Cr的\(d_{z^2}\)轨道有微弱的\西格马排斥作用
                                                  (或配位作用)，这会略微削弱Cr-Cr之间的δ键(\...
The control sequence at the end of the top line
of your error message was never \def'ed. If you have
misspelled it (e.g., `\hobx'), type `I' and the correct
spelling (e.g., `I\hbox'). Otherwise just continue,
and I'll forget about whatever was undefined.

Missing character: There is no δ in font [lmroman10-regular]:mapping=tex-text;!
! Undefined control sequence.
l.3984 ...Cr之间的δ键(\(d_{xy}-d_{xy}\)重叠受到间接影响)和\西格马键
                                                  。去掉轴向H\textsubscript{2}O后：
The control sequence at the end of the top line
of your error message was never \def'ed. If you have
misspelled it (e.g., `\hobx'), type `I' and the correct
spelling (e.g., `I\hbox'). Otherwise just continue,
and I'll forget about whatever was undefined.

! Undefined control sequence.
l.3989 ...(d_{z^2}\)轨道上的电子密度更集中于Cr-Cr方向 \箭 \西格马键增强
                                                  
The control sequence at the end of the top line
of your error message was never \def'ed. If you have
misspelled it (e.g., `\hobx'), type `I' and the correct
spelling (e.g., `I\hbox'). Otherwise just continue,
and I'll forget about whatever was undefined.

Missing character: There is no δ in font [lmroman10-regular]:mapping=tex-text;!
! Undefined control sequence.
l.3999 ...bf{不参与}Cr-Cr成键---它在xy平面内，指向配体方向，用于\西格马配位
                                                  。
The control sequence at the end of the top line
of your error message was never \def'ed. If you have
misspelled it (e.g., `\hobx'), type `I' and the correct
spelling (e.g., `I\hbox'). Otherwise just continue,
and I'll forget about whatever was undefined.

File: C:/Obsidion/妙妙屋/11-模板/scripts/.chem_media/22cd89e511d423db3f4e29394823d67
719ce783090427e303403f4582cc5fb2f.jpg Graphic file (type bmp)
<C:/Obsidion/妙妙屋/11-模板/scripts/.chem_media/22cd89e511d423db3f4e29394823d67719ce
783090427e303403f4582cc5fb2f.jpg>
[55]
Missing character: There is no μ in font [lmroman10-regular]:mapping=tex-text;!
Missing character: There is no μ in font [lmroman10-regular]:mapping=tex-text;!
Missing character: There is no μ in font [lmroman10-regular]:mapping=tex-text;!
Missing character: There is no μ in font [lmroman10-regular]:mapping=tex-text;!
Missing character: There is no μ in font [lmroman10-regular]:mapping=tex-text;!
Missing character: There is no μ in font [lmroman10-regular]:mapping=tex-text;!
Missing character: There is no μ in font [lmroman10-regular]:mapping=tex-text;!
Missing character: There is no μ in font [lmroman10-regular]:mapping=tex-text;!
Missing character: There is no μ in font [lmroman10-regular]:mapping=tex-text;!
[56]
Missing character: There is no ⁻ in font [lmmono10-regular]:!
Missing character: There is no ⁻ in font [lmmono10-regular]:!
Missing character: There is no ─ in font [lmmono10-regular]:!
Missing character: There is no ─ in font [lmmono10-regular]:!
Missing character: There is no ⁺ in font [lmmono10-regular]:!
Missing character: There is no ─ in font [lmmono10-regular]:!
Missing character: There is no ─ in font [lmmono10-regular]:!
Missing character: There is no ⁻ in font [lmmono10-regular]:!
Missing character: There is no ⁻ in font [lmmono10-regular]:!
Missing character: There is no ⁺ in font [lmmono10-regular]:!
Missing character: There is no ⁶ in font [lmmono10-regular]:!
Missing character: There is no ₂ in font [lmmono10-regular]:!
Missing character: There is no ⁶ in font [lmmono10-regular]:!
Missing character: There is no ⁰ in font [lmmono10-regular]:!
Missing character: There is no ⁻ in font [lmmono10-regular]:!
Missing character: There is no ⁻ in font [lmmono10-regular]:!
Missing character: There is no ≈ in font [lmmono10-regular]:!
Missing character: There is no ≈ in font [lmmono10-regular]:!
Missing character: There is no μ in font [lmroman10-regular]:mapping=tex-text;!
Missing character: There is no μ in font [lmroman10-regular]:mapping=tex-text;!
Missing character: There is no μ in font [lmroman10-regular]:mapping=tex-text;!
Missing character: There is no μ in font [lmroman10-regular]:mapping=tex-text;!
Missing character: There is no ⁻ in font [lmmono10-regular]:!
Missing character: There is no ⁻ in font [lmmono10-regular]:!
Missing character: There is no ─ in font [lmmono10-regular]:!
Missing character: There is no ─ in font [lmmono10-regular]:!
Missing character: There is no ⁺ in font [lmmono10-regular]:!
Missing character: There is no ─ in font [lmmono10-regular]:!
Missing character: There is no ─ in font [lmmono10-regular]:!
Missing character: There is no ⁻ in font [lmmono10-regular]:!
Missing character: There is no ⁻ in font [lmmono10-regular]:!
Missing character: There is no ⁺ in font [lmmono10-regular]:!
Missing character: There is no ⁷ in font [lmmono10-regular]:!
Missing character: There is no ₂ in font [lmmono10-regular]:!
Missing character: There is no ⁵ in font [lmmono10-regular]:!
Missing character: There is no ⁻ in font [lmmono10-regular]:!
Missing character: There is no μ in font [lmroman10-regular]:mapping=tex-text;!
Missing character: There is no μ in font [lmroman10-regular]:mapping=tex-text;!
Missing character: There is no μ in font [lmroman10-regular]:mapping=tex-text;!
Missing character: There is no μ in font [lmroman10-regular]:mapping=tex-text;!
[57]
! Undefined control sequence.
l.4161 ...高频考点：\(e_g\)是\西格马*轨道，每占据1个电子就削弱一根\西格马配位键
                                                  。
The control sequence at the end of the top line
of your error message was never \def'ed. If you have
misspelled it (e.g., `\hobx'), type `I' and the correct
spelling (e.g., `I\hbox'). Otherwise just continue,
and I'll forget about whatever was undefined.

Missing character: There is no ₓ in font [lmroman10-bold]:mapping=tex-text;!
Missing character: There is no ₓ in font [lmroman10-regular]:mapping=tex-text;!
Missing character: There is no ₓ in font [lmroman10-regular]:mapping=tex-text;!
File: C:/Obsidion/妙妙屋/11-模板/scripts/.chem_media/ca8355c3a79f7c7cb5afd459fd960fa
193bd10637ec6bfaf2bbd6bd6a98a41b9.jpg Graphic file (type bmp)
<C:/Obsidion/妙妙屋/11-模板/scripts/.chem_media/ca8355c3a79f7c7cb5afd459fd960fa193bd
10637ec6bfaf2bbd6bd6a98a41b9.jpg>
[58]
Missing character: There is no μ in font [lmroman10-regular]:mapping=tex-text;!
Missing character: There is no ✓ in font [lmroman10-regular]:mapping=tex-text;!
[59]
! Undefined control sequence.
l.4290 \textbf{关键要点}：N1链中的N1-N1键长接近，说明存在\派离域
                                            (类似聚乙炔中的共轭体系)，Lewis结构中画交替双键-单键最为合理。
The control sequence at the end of the top line
of your error message was never \def'ed. If you have
misspelled it (e.g., `\hobx'), type `I' and the correct
spelling (e.g., `I\hbox'). Otherwise just continue,
and I'll forget about whatever was undefined.

Missing character: There is no ≡ in font [lmroman10-regular]:mapping=tex-text;!
Missing character: There is no ✓ in font [lmroman10-regular]:mapping=tex-text;!
[60]
Missing character: There is no ≡ in font [lmroman10-regular]:mapping=tex-text;!
Missing character: There is no ┌ in font [lmmono10-regular]:!
Missing character: There is no ─ in font [lmmono10-regular]:!
Missing character: There is no ─ in font [lmmono10-regular]:!
Missing character: There is no ─ in font [lmmono10-regular]:!
Missing character: There is no ─ in font [lmmono10-regular]:!
Missing character: There is no ─ in font [lmmono10-regular]:!
Missing character: There is no ─ in font [lmmono10-regular]:!
Missing character: There is no ─ in font [lmmono10-regular]:!
Missing character: There is no ─ in font [lmmono10-regular]:!
Missing character: There is no ─ in font [lmmono10-regular]:!
Missing character: There is no ─ in font [lmmono10-regular]:!
Missing character: There is no ─ in font [lmmono10-regular]:!
Missing character: There is no ─ in font [lmmono10-regular]:!
Missing character: There is no ─ in font [lmmono10-regular]:!
Missing character: There is no ─ in font [lmmono10-regular]:!
Missing character: There is no ─ in font [lmmono10-regular]:!
Missing character: There is no ─ in font [lmmono10-regular]:!
Missing character: There is no ─ in font [lmmono10-regular]:!
Missing character: There is no ─ in font [lmmono10-regular]:!
Missing character: There is no ─ in font [lmmono10-regular]:!
Missing character: There is no ─ in font [lmmono10-regular]:!
Missing character: There is no ─ in font [lmmono10-regular]:!
Missing character: There is no ─ in font [lmmono10-regular]:!
Missing character: There is no ─ in font [lmmono10-regular]:!
Missing character: There is no ─ in font [lmmono10-regular]:!
Missing character: There is no ─ in font [lmmono10-regular]:!
Missing character: There is no ─ in font [lmmono10-regular]:!
Missing character: There is no ┐ in font [lmmono10-regular]:!
Missing character: There is no │ in font [lmmono10-regular]:!
Missing character: There is no │ in font [lmmono10-regular]:!
Missing character: There is no └ in font [lmmono10-regular]:!
Missing character: There is no ─ in font [lmmono10-regular]:!
Missing character: There is no ─ in font [lmmono10-regular]:!
Missing character: There is no ─ in font [lmmono10-regular]:!
Missing character: There is no ─ in font [lmmono10-regular]:!
Missing character: There is no ─ in font [lmmono10-regular]:!
Missing character: There is no ─ in font [lmmono10-regular]:!
Missing character: There is no ─ in font [lmmono10-regular]:!
Missing character: There is no ─ in font [lmmono10-regular]:!
Missing character: There is no ─ in font [lmmono10-regular]:!
Missing character: There is no ─ in font [lmmono10-regular]:!
Missing character: There is no ─ in font [lmmono10-regular]:!
Missing character: There is no ─ in font [lmmono10-regular]:!
Missing character: There is no ─ in font [lmmono10-regular]:!
Missing character: There is no ┬ in font [lmmono10-regular]:!
Missing character: There is no ─ in font [lmmono10-regular]:!
Missing character: There is no ─ in font [lmmono10-regular]:!
Missing character: There is no ─ in font [lmmono10-regular]:!
Missing character: There is no ─ in font [lmmono10-regular]:!
Missing character: There is no ─ in font [lmmono10-regular]:!
Missing character: There is no ─ in font [lmmono10-regular]:!
Missing character: There is no ─ in font [lmmono10-regular]:!
Missing character: There is no ─ in font [lmmono10-regular]:!
Missing character: There is no ─ in font [lmmono10-regular]:!
Missing character: There is no ─ in font [lmmono10-regular]:!
Missing character: There is no ─ in font [lmmono10-regular]:!
Missing character: There is no ─ in font [lmmono10-regular]:!
Missing character: There is no ┘ in font [lmmono10-regular]:!
Missing character: There is no │ in font [lmmono10-regular]:!
Missing character: There is no ┌ in font [lmmono10-regular]:!
Missing character: There is no ─ in font [lmmono10-regular]:!
Missing character: There is no ─ in font [lmmono10-regular]:!
Missing character: There is no ─ in font [lmmono10-regular]:!
Missing character: There is no ─ in font [lmmono10-regular]:!
Missing character: There is no ─ in font [lmmono10-regular]:!
Missing character: There is no ─ in font [lmmono10-regular]:!
Missing character: There is no ─ in font [lmmono10-regular]:!
Missing character: There is no ─ in font [lmmono10-regular]:!
Missing character: There is no ─ in font [lmmono10-regular]:!
Missing character: There is no ─ in font [lmmono10-regular]:!
Missing character: There is no ─ in font [lmmono10-regular]:!
Missing character: There is no ─ in font [lmmono10-regular]:!
Missing character: There is no ─ in font [lmmono10-regular]:!
Missing character: There is no ─ in font [lmmono10-regular]:!
Missing character: There is no ─ in font [lmmono10-regular]:!
Missing character: There is no ─ in font [lmmono10-regular]:!
Missing character: There is no ─ in font [lmmono10-regular]:!
Missing character: There is no ─ in font [lmmono10-regular]:!
Missing character: There is no ─ in font [lmmono10-regular]:!
Missing character: There is no ┼ in font [lmmono10-regular]:!
Missing character: There is no ─ in font [lmmono10-regular]:!
Missing character: There is no ─ in font [lmmono10-regular]:!
Missing character: There is no ─ in font [lmmono10-regular]:!
Missing character: There is no ─ in font [lmmono10-regular]:!
Missing character: There is no ─ in font [lmmono10-regular]:!
Missing character: There is no ─ in font [lmmono10-regular]:!
Missing character: There is no ─ in font [lmmono10-regular]:!
Missing character: There is no ─ in font [lmmono10-regular]:!
Missing character: There is no ─ in font [lmmono10-regular]:!
Missing character: There is no ─ in font [lmmono10-regular]:!
Missing character: There is no ─ in font [lmmono10-regular]:!
Missing character: There is no ─ in font [lmmono10-regular]:!
Missing character: There is no ─ in font [lmmono10-regular]:!
Missing character: There is no ─ in font [lmmono10-regular]:!
Missing character: There is no ─ in font [lmmono10-regular]:!
Missing character: There is no ─ in font [lmmono10-regular]:!
Missing character: There is no ─ in font [lmmono10-regular]:!
Missing character: There is no ─ in font [lmmono10-regular]:!
Missing character: There is no ─ in font [lmmono10-regular]:!
Missing character: There is no ┐ in font [lmmono10-regular]:!
Missing character: There is no ▼ in font [lmmono10-regular]:!
Missing character: There is no ▼ in font [lmmono10-regular]:!
Missing character: There is no ▼ in font [lmmono10-regular]:!
Missing character: There is no │ in font [lmmono10-regular]:!
Missing character: There is no │ in font [lmmono10-regular]:!
Missing character: There is no │ in font [lmmono10-regular]:!
Missing character: There is no ┌ in font [lmmono10-regular]:!
Missing character: There is no ─ in font [lmmono10-regular]:!
Missing character: There is no ─ in font [lmmono10-regular]:!
Missing character: There is no ─ in font [lmmono10-regular]:!
Missing character: There is no ─ in font [lmmono10-regular]:!
Missing character: There is no ─ in font [lmmono10-regular]:!
Missing character: There is no ─ in font [lmmono10-regular]:!
Missing character: There is no ─ in font [lmmono10-regular]:!
Missing character: There is no ─ in font [lmmono10-regular]:!
Missing character: There is no ┴ in font [lmmono10-regular]:!
Missing character: There is no ─ in font [lmmono10-regular]:!
Missing character: There is no ─ in font [lmmono10-regular]:!
Missing character: There is no ─ in font [lmmono10-regular]:!
Missing character: There is no ─ in font [lmmono10-regular]:!
Missing character: There is no ─ in font [lmmono10-regular]:!
Missing character: There is no ─ in font [lmmono10-regular]:!
Missing character: There is no ─ in font [lmmono10-regular]:!
Missing character: There is no ─ in font [lmmono10-regular]:!
Missing character: There is no ┐ in font [lmmono10-regular]:!
Missing character: There is no ┌ in font [lmmono10-regular]:!
Missing character: There is no ─ in font [lmmono10-regular]:!
Missing character: There is no ─ in font [lmmono10-regular]:!
Missing character: There is no ─ in font [lmmono10-regular]:!
Missing character: There is no ─ in font [lmmono10-regular]:!
Missing character: There is no ┴ in font [lmmono10-regular]:!
Missing character: There is no ─ in font [lmmono10-regular]:!
Missing character: There is no ─ in font [lmmono10-regular]:!
Missing character: There is no ─ in font [lmmono10-regular]:!
Missing character: There is no ─ in font [lmmono10-regular]:!
Missing character: There is no ┐ in font [lmmono10-regular]:!
Missing character: There is no ┌ in font [lmmono10-regular]:!
Missing character: There is no ─ in font [lmmono10-regular]:!
Missing character: There is no ─ in font [lmmono10-regular]:!
Missing character: There is no ─ in font [lmmono10-regular]:!
Missing character: There is no ─ in font [lmmono10-regular]:!
Missing character: There is no ┴ in font [lmmono10-regular]:!
Missing character: There is no ─ in font [lmmono10-regular]:!
Missing character: There is no ─ in font [lmmono10-regular]:!
Missing character: There is no ─ in font [lmmono10-regular]:!
Missing character: There is no ─ in font [lmmono10-regular]:!
Missing character: There is no ┐ in font [lmmono10-regular]:!
Missing character: There is no ▼ in font [lmmono10-regular]:!
Missing character: There is no ▼ in font [lmmono10-regular]:!
Missing character: There is no ▼ in font [lmmono10-regular]:!
Missing character: There is no ▼ in font [lmmono10-regular]:!
Missing character: There is no ▼ in font [lmmono10-regular]:!
Missing character: There is no ▼ in font [lmmono10-regular]:!
Missing character: There is no │ in font [lmmono10-regular]:!
Missing character: There is no │ in font [lmmono10-regular]:!
Missing character: There is no ▼ in font [lmmono10-regular]:!
Missing character: There is no ▼ in font [lmmono10-regular]:!
Missing character: There is no │ in font [lmmono10-regular]:!
Missing character: There is no │ in font [lmmono10-regular]:!
Missing character: There is no │ in font [lmmono10-regular]:!
Missing character: There is no │ in font [lmmono10-regular]:!
Missing character: There is no ρ in font [lmmono10-regular]:!
Missing character: There is no ₐ in font [lmmono10-regular]:!
Missing character: There is no │ in font [lmmono10-regular]:!
Missing character: There is no │ in font [lmmono10-regular]:!
Missing character: There is no │ in font [lmmono10-regular]:!
Missing character: There is no │ in font [lmmono10-regular]:!
Missing character: There is no │ in font [lmmono10-regular]:!
Missing character: There is no │ in font [lmmono10-regular]:!
Missing character: There is no │ in font [lmmono10-regular]:!
Missing character: There is no │ in font [lmmono10-regular]:!
Missing character: There is no │ in font [lmmono10-regular]:!
Missing character: There is no │ in font [lmmono10-regular]:!
Missing character: There is no │ in font [lmmono10-regular]:!
Missing character: There is no │ in font [lmmono10-regular]:!
Missing character: There is no │ in font [lmmono10-regular]:!
Missing character: There is no └ in font [lmmono10-regular]:!
Missing character: There is no ─ in font [lmmono10-regular]:!
Missing character: There is no ─ in font [lmmono10-regular]:!
Missing character: There is no ─ in font [lmmono10-regular]:!
Missing character: There is no ─ in font [lmmono10-regular]:!
Missing character: There is no ─ in font [lmmono10-regular]:!
Missing character: There is no ─ in font [lmmono10-regular]:!
Missing character: There is no ─ in font [lmmono10-regular]:!
Missing character: There is no ─ in font [lmmono10-regular]:!
Missing character: There is no ┬ in font [lmmono10-regular]:!
Missing character: There is no ─ in font [lmmono10-regular]:!
Missing character: There is no ─ in font [lmmono10-regular]:!
Missing character: There is no ─ in font [lmmono10-regular]:!
Missing character: There is no ─ in font [lmmono10-regular]:!
Missing character: There is no ─ in font [lmmono10-regular]:!
Missing character: There is no ─ in font [lmmono10-regular]:!
Missing character: There is no ─ in font [lmmono10-regular]:!
Missing character: There is no ─ in font [lmmono10-regular]:!
Missing character: There is no ┘ in font [lmmono10-regular]:!
Missing character: There is no └ in font [lmmono10-regular]:!
Missing character: There is no ─ in font [lmmono10-regular]:!
Missing character: There is no ─ in font [lmmono10-regular]:!
Missing character: There is no ─ in font [lmmono10-regular]:!
Missing character: There is no ─ in font [lmmono10-regular]:!
Missing character: There is no ┬ in font [lmmono10-regular]:!
Missing character: There is no ─ in font [lmmono10-regular]:!
Missing character: There is no ─ in font [lmmono10-regular]:!
Missing character: There is no ─ in font [lmmono10-regular]:!
Missing character: There is no ─ in font [lmmono10-regular]:!
Missing character: There is no ┘ in font [lmmono10-regular]:!
Missing character: There is no └ in font [lmmono10-regular]:!
Missing character: There is no ─ in font [lmmono10-regular]:!
Missing character: There is no ─ in font [lmmono10-regular]:!
Missing character: There is no ─ in font [lmmono10-regular]:!
Missing character: There is no ─ in font [lmmono10-regular]:!
Missing character: There is no ┬ in font [lmmono10-regular]:!
Missing character: There is no ─ in font [lmmono10-regular]:!
Missing character: There is no ─ in font [lmmono10-regular]:!
Missing character: There is no ─ in font [lmmono10-regular]:!
Missing character: There is no ─ in font [lmmono10-regular]:!
Missing character: There is no ┘ in font [lmmono10-regular]:!
Missing character: There is no ▼ in font [lmmono10-regular]:!
Missing character: There is no ▼ in font [lmmono10-regular]:!
Missing character: There is no ▼ in font [lmmono10-regular]:!
! Undefined control sequence.
l.4440 ...ript{2}H\textsubscript{4} & 价电子数相近 & \派键
                                                  、孤对分析 \\
The control sequence at the end of the top line
of your error message was never \def'ed. If you have
misspelled it (e.g., `\hobx'), type `I' and the correct
spelling (e.g., `I\hbox'). Otherwise just continue,
and I'll forget about whatever was undefined.

[61]
Missing character: There is no ρ in font [lmroman10-regular]:mapping=tex-text;!
Missing character: There is no ₐ in font [lmroman10-regular]:mapping=tex-text;!
! Undefined control sequence.
l.4461 \textbf{常见陷阱}：化学式\不等于晶胞组成
                                (需考虑Z值)
The control sequence at the end of the top line
of your error message was never \def'ed. If you have
misspelled it (e.g., `\hobx'), type `I' and the correct
spelling (e.g., `I\hbox'). Otherwise just continue,
and I'll forget about whatever was undefined.

! Undefined control sequence.
l.4481 **套路4：分数坐标\箭化学式
                      **
The control sequence at the end of the top line
of your error message was never \def'ed. If you have
misspelled it (e.g., `\hobx'), type `I' and the correct
spelling (e.g., `I\hbox'). Otherwise just continue,
and I'll forget about whatever was undefined.

File: C:/Obsidion/妙妙屋/11-模板/scripts/.chem_media/ff1f79b4e5389a0add73d55471086b4
38ea1a4371714e7d9749a6be417d6e4de.jpg Graphic file (type bmp)
<C:/Obsidion/妙妙屋/11-模板/scripts/.chem_media/ff1f79b4e5389a0add73d55471086b438ea1
a4371714e7d9749a6be417d6e4de.jpg>
File: C:/Obsidion/妙妙屋/11-模板/scripts/.chem_media/1a349a909262fa397981345c9dc5c56
4616934600b506651bc4be3dc5362642e.jpg Graphic file (type bmp)
<C:/Obsidion/妙妙屋/11-模板/scripts/.chem_media/1a349a909262fa397981345c9dc5c5646169
34600b506651bc4be3dc5362642e.jpg>
[62]
Missing character: There is no ρ in font [lmroman10-regular]:mapping=tex-text;!
[63] [64]
Missing character: There is no ✓ in font [lmroman10-regular]:mapping=tex-text;!
Missing character: There is no ✓ in font [lmroman10-regular]:mapping=tex-text;!
[65]
Missing character: There is no ₓ in font [lmroman10-regular]:mapping=tex-text;!
Missing character: There is no ᵧ in font [lmroman10-regular]:mapping=tex-text;!
Missing character: There is no ᵤ in font [lmroman10-regular]:mapping=tex-text;!
Missing character: There is no ₓ in font [lmroman10-regular]:mapping=tex-text;!
Missing character: There is no ᵧ in font [lmroman10-regular]:mapping=tex-text;!
Missing character: There is no ᵤ in font [lmroman10-regular]:mapping=tex-text;!
Missing character: There is no ₓ in font [lmroman10-regular]:mapping=tex-text;!
Missing character: There is no ᵧ in font [lmroman10-regular]:mapping=tex-text;!
Missing character: There is no ᵤ in font [lmroman10-regular]:mapping=tex-text;!
Missing character: There is no ₓ in font [lmroman10-regular]:mapping=tex-text;!
Missing character: There is no ᵧ in font [lmroman10-regular]:mapping=tex-text;!
Missing character: There is no ᵤ in font [lmroman10-regular]:mapping=tex-text;!
Missing character: There is no ： in font [lmroman10-regular]:mapping=tex-text;!
Missing character: There is no ₙ in font [lmroman10-regular]:mapping=tex-text;!
Missing character: There is no ₊ in font [lmroman10-regular]:mapping=tex-text;!
Missing character: There is no ₙ in font [lmroman10-regular]:mapping=tex-text;!
Missing character: There is no ： in font [lmroman10-regular]:mapping=tex-text;!
[66]
Missing character: There is no ： in font [lmroman10-regular]:mapping=tex-text;!
Missing character: There is no ₘ in font [lmroman10-bold]:mapping=tex-text;!
Missing character: There is no ₐ in font [lmroman10-bold]:mapping=tex-text;!
Missing character: There is no ₘ in font [lmroman10-bold]:mapping=tex-text;!
Missing character: There is no ₋ in font [lmroman10-bold]:mapping=tex-text;!
Missing character: There is no ₐ in font [lmroman10-bold]:mapping=tex-text;!
Missing character: There is no ₘ in font [lmroman10-bold]:mapping=tex-text;!
Missing character: There is no ₘ in font [lmroman10-bold]:mapping=tex-text;!
Missing character: There is no ₋ in font [lmroman10-bold]:mapping=tex-text;!
Missing character: There is no ₐ in font [lmroman10-bold]:mapping=tex-text;!
Missing character: There is no ₐ in font [lmroman10-bold]:mapping=tex-text;!
Missing character: There is no ₘ in font [lmroman10-bold]:mapping=tex-text;!
Missing character: There is no ₘ in font [lmroman10-bold]:mapping=tex-text;!
Missing character: There is no ₋ in font [lmroman10-bold]:mapping=tex-text;!
Missing character: There is no ₐ in font [lmroman10-bold]:mapping=tex-text;!
Missing character: There is no ₓ in font [lmroman10-bold]:mapping=tex-text;!
Missing character: There is no ᵧ in font [lmroman10-bold]:mapping=tex-text;!
Missing character: There is no ᵤ in font [lmroman10-bold]:mapping=tex-text;!
Missing character: There is no ₘ in font [lmroman10-regular]:mapping=tex-text;!
Missing character: There is no ₐ in font [lmroman10-regular]:mapping=tex-text;!
Missing character: There is no ₘ in font [lmroman10-regular]:mapping=tex-text;!
Missing character: There is no ₋ in font [lmroman10-regular]:mapping=tex-text;!
Missing character: There is no ₐ in font [lmroman10-regular]:mapping=tex-text;!
[67]
! Undefined control sequence.
l.4826 注：从B出发，按B\箭C
                   \箭C\箭B\箭A\箭A排列(ABCCBA从B开始循环)。
The control sequence at the end of the top line
of your error message was never \def'ed. If you have
misspelled it (e.g., `\hobx'), type `I' and the correct
spelling (e.g., `I\hbox'). Otherwise just continue,
and I'll forget about whatever was undefined.

! Undefined control sequence.
l.4826 注：从B出发，按B\箭C\箭C
                      \箭B\箭A\箭A排列(ABCCBA从B开始循环)。
The control sequence at the end of the top line
of your error message was never \def'ed. If you have
misspelled it (e.g., `\hobx'), type `I' and the correct
spelling (e.g., `I\hbox'). Otherwise just continue,
and I'll forget about whatever was undefined.

! Undefined control sequence.
l.4826 注：从B出发，按B\箭C\箭C\箭B
                         \箭A\箭A排列(ABCCBA从B开始循环)。
The control sequence at the end of the top line
of your error message was never \def'ed. If you have
misspelled it (e.g., `\hobx'), type `I' and the correct
spelling (e.g., `I\hbox'). Otherwise just continue,
and I'll forget about whatever was undefined.

! Undefined control sequence.
l.4826 注：从B出发，按B\箭C\箭C\箭B\箭A
                            \箭A排列(ABCCBA从B开始循环)。
The control sequence at the end of the top line
of your error message was never \def'ed. If you have
misspelled it (e.g., `\hobx'), type `I' and the correct
spelling (e.g., `I\hbox'). Otherwise just continue,
and I'll forget about whatever was undefined.

! Undefined control sequence.
l.4826 注：从B出发，按B\箭C\箭C\箭B\箭A\箭A排列
                                 (ABCCBA从B开始循环)。
The control sequence at the end of the top line
of your error message was never \def'ed. If you have
misspelled it (e.g., `\hobx'), type `I' and the correct
spelling (e.g., `I\hbox'). Otherwise just continue,
and I'll forget about whatever was undefined.

[68] [69]
File: C:/Obsidion/妙妙屋/11-模板/scripts/.chem_media/6ae404c7a9964a9b4f1dad6b2bf5539
c4d02d5ddd8b2ce89dc808611b2796060.jpg Graphic file (type bmp)
<C:/Obsidion/妙妙屋/11-模板/scripts/.chem_media/6ae404c7a9964a9b4f1dad6b2bf5539c4d02
d5ddd8b2ce89dc808611b2796060.jpg>
File: C:/Obsidion/妙妙屋/11-模板/scripts/.chem_media/3bf127945ca23e3c080655e1a69a9e6
c7e82a5d591021eb7b348591c1821e636.jpg Graphic file (type bmp)
<C:/Obsidion/妙妙屋/11-模板/scripts/.chem_media/3bf127945ca23e3c080655e1a69a9e6c7e82
a5d591021eb7b348591c1821e636.jpg>
 [70] [71]
Missing character: There is no ₓ in font [lmroman10-bold]:mapping=tex-text;!
Missing character: There is no ᵧ in font [lmroman10-bold]:mapping=tex-text;!
Missing character: There is no ₓ in font [lmroman10-regular]:mapping=tex-text;!
Missing character: There is no ᵧ in font [lmroman10-regular]:mapping=tex-text;!
Missing character: There is no ₓ in font [lmroman10-regular]:mapping=tex-text;!
Missing character: There is no ᵧ in font [lmroman10-regular]:mapping=tex-text;!
Missing character: There is no ₓ in font [lmroman10-regular]:mapping=tex-text;!
Missing character: There is no ᵧ in font [lmroman10-regular]:mapping=tex-text;!
Missing character: There is no ₓ in font [lmroman10-regular]:mapping=tex-text;!
Missing character: There is no ᵧ in font [lmroman10-regular]:mapping=tex-text;!
Missing character: There is no ₓ in font [lmroman10-regular]:mapping=tex-text;!
Missing character: There is no ᵧ in font [lmroman10-regular]:mapping=tex-text;!
File: C:/Obsidion/妙妙屋/11-模板/scripts/.chem_media/753ccd32b658b5e8beb6c365f1ff24b
628404112b30d59bff1993794df3456f6.jpg Graphic file (type bmp)
<C:/Obsidion/妙妙屋/11-模板/scripts/.chem_media/753ccd32b658b5e8beb6c365f1ff24b62840
4112b30d59bff1993794df3456f6.jpg>
Missing character: There is no ₓ in font [lmroman10-bold]:mapping=tex-text;!
Missing character: There is no ᵧ in font [lmroman10-bold]:mapping=tex-text;!
Missing character: There is no ₓ in font [lmroman10-bold]:mapping=tex-text;!
Missing character: There is no ᵧ in font [lmroman10-bold]:mapping=tex-text;!
Missing character: There is no ₓ in font [lmroman10-regular]:mapping=tex-text;!
[72] [73] (C:\Obsidion\妙妙屋\11-模板\scripts\_handout_ca9a3dd7f9d5.aux)
 ***********
LaTeX2e <2026-06-01>
L3 programming layer <2022/07/14>
 ***********


LaTeX Font Warning: Some font shapes were not available, defaults substituted.

Package rerunfilecheck Info: File `_handout_ca9a3dd7f9d5.out' has not changed.
(rerunfilecheck)             Checksum: 76F522885CEB44A6DC57D4D80BFE099C;20489.
 ) 
Here is how much of TeX's memory you used:
 22838 strings out of 404578
 516473 string characters out of 5471517
 988967 words of memory out of 5000000
 51432 multiletter control sequences out of 15000+600000
 636486 words of font info for 121 fonts, out of 8000000 for 9000
 14 hyphenation exceptions out of 8191
 93i,13n,111p,1515b,1183s stack positions out of 10000i,1000n,20000p,200000b,200000s

Output written on C:\Obsidion\妙妙屋\11-模板\scripts\_handout_ca9a3dd7f9d5.pdf (73 p
ages).
