"Front","Back","Tags","Deck","Source","ReviewCycle","NoteType","Extra"
"什么是材料化学？","• 材料化学是研究材料的化学组成、结构、制备工艺与其性能、应用之间关系的交叉学科。• 核心命题：结构决定性能，性能决定应用。• 在化学竞赛中，材料化学主要涉及晶体结构（含缺陷）、固相反应、纳米材料与多孔材料（MOF、COF）等方向。","决赛要求 材料化学 rc_30d 化竞","Chem::Core","[[材料化学]]","30d","概念卡","关键结论：
• 材料的宏观性能由其微观结构（晶体结构、缺陷、界面）决定。• 带隙大小是区分导体、半导体、绝缘体的核心参数。• 晶体缺陷并非总是""坏事""——受控缺陷是半导体器件和固体电解质的基础。• MOF/COF 的孔径可通过配体长度和连接方式精确调控，这是传统沸石难以实现的优势。"
"材料化学 的关键结论有哪些？","• 材料的宏观性能由其微观结构（晶体结构、缺陷、界面）决定。• 带隙大小是区分导体、半导体、绝缘体的核心参数。• 晶体缺陷并非总是""坏事""——受控缺陷是半导体器件和固体电解质的基础。• MOF/COF 的孔径可通过配体长度和连接方式精确调控，这是传统沸石难以实现的优势。","决赛要求 材料化学 rc_30d 化竞","Chem::Core","[[材料化学]]","30d","总结卡","• 材料化学是研究材料的化学组成、结构、制备工艺与其性能、应用之间关系的交叉学科。• 核心命题：结构决定性能，性能决定应用。• 在化学竞赛中，材料化学主要涉及晶体结构（含缺陷）、固相反应、纳米材料与多孔材料（MOF、COF）等方向。"
"材料化学 有哪些常见易错点？","• 误以为 MOF 的孔道都是""永久性""的——某些 MOF 在脱除客体分子后会发生结构坍塌（如经典的 MOF-5 对湿气敏感）。• 混淆 n-型/p-型判断：III 族元素（如 B）掺杂 Si 得 p-型，V 族元素（如 P）掺杂 Si 得 n-型；判断口诀""三 p 五 n""。• 忽略缺陷化学的非化学计量比：如 Fe_{1-x}O 中 Fe²⁺ 空位需由部分 Fe³⁺ 补偿，导致实际化学式偏离整数比。• 尖晶石类型判断时忽略 LFSE：只凭电荷大小判断正常/反尖晶石，忘记 d 电子构型的决定性作用（如 Cr³⁺ d³ 一定在八面体）。• 混淆嵌入与插入：嵌入（intercalation）是客体进入层间，主体层状结构不变；插入（insertion）是客体进入三维骨架的空隙（如 Li⁺ 进入尖晶石 Mn₂O₄ 的 3D 隧道）。• Lowenstein 规则的适用范围错误：Lowenstein 规则仅适用于溶液合成的沸石；高温固相反应可得到 Al─O─Al 连接。","决赛要求 材料化学 rc_30d 化竞","Chem::Core","[[材料化学]]","30d","易错点卡","• 材料化学是研究材料的化学组成、结构、制备工艺与其性能、应用之间关系的交叉学科。• 核心命题：结构决定性能，性能决定应用。• 在化学竞赛中，材料化学主要涉及晶体结构（含缺陷）、固相反应、纳米材料与多孔材料（MOF、COF）等方向。"
"什么是Arrhenius方程？","Arrhenius方程描述了速率常数 k 与温度 T 之间的定量关系，是化学动力学的核心方程之一。","决赛要求 物理化学深化 Arrhenius方程 rc_30d 化竞 决赛 物理化学 动力学","Chem::Core","[[Arrhenius方程]]","30d","概念卡",""
"什么是Debye-Hückel极限定律？","Debye-Hückel极限定律（Debye-Hückel limiting law）是描述极稀电解质溶液中离子平均活度系数与离子强度之间定量关系的理论公式。它基于离子氛（ionic atmosphere）模型：每个离子被带相反电荷的离子云包围，离子间的静电相互作用导致溶液偏离理想行为。该定律仅适用于极稀溶液（通常 I < 0.01\ \mathrm{mol\cdot kg^{-1}}），是电解质溶液非理想性的核心理论。","物理化学 电解质溶液 Debye-Hückel极限定律 rc_30d 化竞 决赛 活度系数","Chem::Core","[[Debye-Hückel极限定律]]","30d","概念卡",""
"什么是Langmuir吸附等温式？","Langmuir吸附等温式描述了单分子层吸附中，表面覆盖率 \theta 与气体平衡压力 p 之间的关系。由 Irving Langmuir 于1916年提出，基于四个基本假设。","决赛要求 物理化学深化 Langmuir吸附等温式 rc_30d 化竞 决赛 物理化学 表面化学 吸附","Chem::Core","[[Langmuir吸附等温式]]","30d","概念卡",""
"什么是Maxwell关系初步？","Maxwell关系是由热力学势函数的全微分性质导出的四组偏导数等式。它们将难以直接测量的热力学量（如熵随体积/压力的变化）转换为容易由实验测量的量（如热膨胀系数、等温压缩系数）。","决赛要求 物理化学深化 Maxwell关系初步 rc_30d 化竞 决赛 物理化学 热力学 Maxwell关系","Chem::Core","[[Maxwell关系初步]]","30d","概念卡",""
"Maxwell关系初步 有哪些常见易错点？","• 符号错误：第三、四组Maxwell关系有负号，极易遗漏
• 混淆下标：注意恒定的变量（下标）是什么
• 自然变量混淆：必须从正确的热力学势出发推导","决赛要求 物理化学深化 Maxwell关系初步 rc_30d 化竞 决赛 物理化学 热力学 Maxwell关系","Chem::Core","[[Maxwell关系初步]]","30d","易错点卡","Maxwell关系是由热力学势函数的全微分性质导出的四组偏导数等式。它们将难以直接测量的热力学量（如熵随体积/压力的变化）转换为容易由实验测量的量（如热膨胀系数、等温压缩系数）。"
"什么是Raoult与Henry定律？","Raoult定律和Henry定律是描述溶液中组分蒸气压与浓度关系的两个基本定律。Raoult定律适用于理想溶液或稀溶液中的溶剂，Henry定律适用于稀溶液中的溶质（尤其是挥发性溶质）。两者共同构成了溶液热力学的理论基础。","决赛要求 物理化学深化 Raoult与Henry定律 rc_30d 化竞 决赛 物理化学 溶液","Chem::Core","[[Raoult与Henry定律]]","30d","概念卡","关键结论：
• Raoult定律：p_1 = x_1 p_1^*，适用于理想溶液或稀溶液的溶剂
• Henry定律：p_2 = K_H x_2，适用于稀溶液的溶质
• 理想溶液：\Delta_{mix}H = 0，\Delta_{mix}V = 0，全浓度范围遵守Raoult定律
• 正偏差：A-B作用力弱，\Delta_{mix}H > 0，可能出现最低恒沸点
• 负偏差：A-B作用力强，\Delta_{mix}H < 0，可能出现最高恒沸点"
"Raoult与Henry定律 的关键结论有哪些？","• Raoult定律：p_1 = x_1 p_1^*，适用于理想溶液或稀溶液的溶剂
• Henry定律：p_2 = K_H x_2，适用于稀溶液的溶质
• 理想溶液：\Delta_{mix}H = 0，\Delta_{mix}V = 0，全浓度范围遵守Raoult定律
• 正偏差：A-B作用力弱，\Delta_{mix}H > 0，可能出现最低恒沸点
• 负偏差：A-B作用力强，\Delta_{mix}H < 0，可能出现最高恒沸点","决赛要求 物理化学深化 Raoult与Henry定律 rc_30d 化竞 决赛 物理化学 溶液","Chem::Core","[[Raoult与Henry定律]]","30d","总结卡","Raoult定律和Henry定律是描述溶液中组分蒸气压与浓度关系的两个基本定律。Raoult定律适用于理想溶液或稀溶液中的溶剂，Henry定律适用于稀溶液中的溶质（尤其是挥发性溶质）。两者共同构成了溶液热力学的理论基础。"
"Raoult与Henry定律 有哪些常见易错点？","• Raoult定律的适用对象：适用于溶剂（大量组分），不是溶质
• Henry常数的单位：不同浓度单位对应的K_H数值不同
• 理想溶液的判断：不能仅凭""相似""就断定理想，需实验验证
• 正偏差与负偏差的混淆：正偏差p > p_{Raoult}，负偏差p < p_{Raoult}
• 恒沸混合物的组成：恒沸组成随压力变化","决赛要求 物理化学深化 Raoult与Henry定律 rc_30d 化竞 决赛 物理化学 溶液","Chem::Core","[[Raoult与Henry定律]]","30d","易错点卡","Raoult定律和Henry定律是描述溶液中组分蒸气压与浓度关系的两个基本定律。Raoult定律适用于理想溶液或稀溶液中的溶剂，Henry定律适用于稀溶液中的溶质（尤其是挥发性溶质）。两者共同构成了溶液热力学的理论基础。"
"什么是分子光谱？","分子光谱（Molecular Spectroscopy）是研究分子与电磁辐射相互作用时吸收、发射或散射光的学科。分子内部存在转动能级、振动能级和电子能级，当分子在这些能级之间跃迁时，会吸收或发射特定波长的光子，形成特征光谱。通过分析分子光谱，可以获得分子的转动惯量、键长、力常数、解离能等结构参数，是物理化学和结构化学的核心实验工具。","物理化学 量子化学与光谱 分子光谱 rc_30d 化竞 决赛 光谱学","Chem::Core","[[分子光谱]]","30d","概念卡",""
"什么是化学动力学深化？","化学动力学研究化学反应的速率及其影响因素，探讨反应机理。决赛阶段在初赛基础上深化到复杂反应体系（对峙反应、平行反应、连续反应），掌握稳态近似法推导速率方程，理解活化能与反应热的微观联系，以及微观可逆性原理。","决赛要求 物理化学深化 化学动力学深化 rc_30d 化竞 决赛 物理化学 动力学","Chem::Core","[[化学动力学深化]]","30d","概念卡","关键结论：
• 对峙反应：平衡常数等于正逆速率常数之比，K = k_1/k_{-1}• 平行反应：产物比例由速率常数比决定，与初始浓度无关• 连续反应：中间产物浓度存在极大值，可通过控制反应时间优化产率• 稳态近似：活泼中间体的浓度近似不随时间变化• 活化能关系：\Delta H = E_{a,正} - E_{a,逆}（基元反应）"
"化学动力学深化 的关键结论有哪些？","• 对峙反应：平衡常数等于正逆速率常数之比，K = k_1/k_{-1}• 平行反应：产物比例由速率常数比决定，与初始浓度无关• 连续反应：中间产物浓度存在极大值，可通过控制反应时间优化产率• 稳态近似：活泼中间体的浓度近似不随时间变化• 活化能关系：\Delta H = E_{a,正} - E_{a,逆}（基元反应）","决赛要求 物理化学深化 化学动力学深化 rc_30d 化竞 决赛 物理化学 动力学","Chem::Core","[[化学动力学深化]]","30d","总结卡","化学动力学研究化学反应的速率及其影响因素，探讨反应机理。决赛阶段在初赛基础上深化到复杂反应体系（对峙反应、平行反应、连续反应），掌握稳态近似法推导速率方程，理解活化能与反应热的微观联系，以及微观可逆性原理。"
"化学动力学深化 有哪些常见易错点？","• 稳态近似的适用时机：反应初期（诱导期）不适用，需等中间体浓度建立稳态。• 连续反应中间体极大值：仅当 k_1 \neq k_2 时公式适用，k_1 = k_2 时需用极限处理。• 活化能与反应热关系：仅对基元反应严格成立，复杂反应的""表观活化能""无直接物理意义。• 平行反应表观活化能：是各路径活化能的加权平均，不是简单算术平均。• 对峙反应平衡常数与速率常数：K = k_1/k_{-1} 仅对基元反应组成的对峙反应成立。","决赛要求 物理化学深化 化学动力学深化 rc_30d 化竞 决赛 物理化学 动力学","Chem::Core","[[化学动力学深化]]","30d","易错点卡","化学动力学研究化学反应的速率及其影响因素，探讨反应机理。决赛阶段在初赛基础上深化到复杂反应体系（对峙反应、平行反应、连续反应），掌握稳态近似法推导速率方程，理解活化能与反应热的微观联系，以及微观可逆性原理。"
"什么是半衰期？","半衰期 t_{1/2} 是指反应物浓度降至初始浓度一半所需的时间。它是衡量反应速率的重要参数，与反应级数密切相关。","决赛要求 物理化学深化 半衰期 rc_30d 化竞 决赛 物理化学 动力学","Chem::Core","[[半衰期]]","30d","概念卡",""
"什么是反应机理与近似？","反应机理（Reaction Mechanism）是对化学反应历程的详细描述，即反应物分子经过哪些基元步骤转化为产物。基元反应是指一步完成的反应，其速率方程可由化学计量系数直接写出。大多数化学反应是由多个基元反应组成的非基元反应（复杂反应）。","决赛要求 物理化学深化 反应机理与近似 rc_30d 化竞 决赛 物理化学 反应机理","Chem::Core","[[反应机理与近似]]","30d","概念卡","关键结论：
• 基元反应：一步完成，速率方程由计量系数直接决定• 稳态近似：活泼中间体 \mathrm{d}[I]/\mathrm{d}t \approx 0，适用于高活性中间体• 平衡近似：速控步前有快速平衡，中间体浓度由平衡常数决定• 速控步：最慢步骤决定总速率，其前后步骤分别视为快速平衡和快速反应• 链反应：引发 \rightarrow 增长 \rightarrow 终止三步循环• 催化剂：改变反应历程，降低活化能，不改变平衡位置"
"反应机理与近似 的关键结论有哪些？","• 基元反应：一步完成，速率方程由计量系数直接决定• 稳态近似：活泼中间体 \mathrm{d}[I]/\mathrm{d}t \approx 0，适用于高活性中间体• 平衡近似：速控步前有快速平衡，中间体浓度由平衡常数决定• 速控步：最慢步骤决定总速率，其前后步骤分别视为快速平衡和快速反应• 链反应：引发 \rightarrow 增长 \rightarrow 终止三步循环• 催化剂：改变反应历程，降低活化能，不改变平衡位置","决赛要求 物理化学深化 反应机理与近似 rc_30d 化竞 决赛 物理化学 反应机理","Chem::Core","[[反应机理与近似]]","30d","总结卡","反应机理（Reaction Mechanism）是对化学反应历程的详细描述，即反应物分子经过哪些基元步骤转化为产物。基元反应是指一步完成的反应，其速率方程可由化学计量系数直接写出。大多数化学反应是由多个基元反应组成的非基元反应（复杂反应）。"
"反应机理与近似 有哪些常见易错点？","• 混淆基元反应与非基元反应：非基元反应的速率方程不能由计量系数直接写出• 稳态近似的适用时机：反应初期（诱导期）不适用• 平衡近似的适用条件：必须有明确的快速平衡步骤和速控步• 中间体与过渡态的区别：中间体有一定寿命和浓度，过渡态是能量极大点• 催化剂不改变平衡：催化剂同等程度加快正逆反应，不改变平衡常数• 链反应中的稳态处理：链载体（自由基）适用稳态近似，但需注意引发和终止步骤","决赛要求 物理化学深化 反应机理与近似 rc_30d 化竞 决赛 物理化学 反应机理","Chem::Core","[[反应机理与近似]]","30d","易错点卡","反应机理（Reaction Mechanism）是对化学反应历程的详细描述，即反应物分子经过哪些基元步骤转化为产物。基元反应是指一步完成的反应，其速率方程可由化学计量系数直接写出。大多数化学反应是由多个基元反应组成的非基元反应（复杂反应）。"
"什么是基元反应？","基元反应（Elementary Reaction）：反应物分子在碰撞中一步直接转化为产物分子的反应，无需经过任何中间体。基元反应是构成复杂反应机理的基本单元。","决赛要求 物理化学深化 反应动力学 基元反应 rc_30d 化竞 决赛","Chem::Core","[[基元反应]]","30d","概念卡",""
"什么是平衡近似？","平衡近似（Pre-equilibrium Approximation）：假设反应机理中存在一个快速达到平衡的基元步骤，其后的慢步骤为速率控制步骤。利用平衡常数表达式消去中间体浓度。","决赛要求 物理化学深化 反应动力学 平衡近似 rc_30d 化竞 决赛","Chem::Core","[[平衡近似]]","30d","概念卡",""
"什么是电化学深化？","电化学是研究化学能与电能相互转化规律的学科。决赛阶段在初赛基础上深化到可逆电池热力学、电极电势的定量计算、电导与迁移数、超电势与电解等方面，要求掌握Nernst方程的灵活应用、Latimer图、元素电势图的分析，以及电化学方法在测定热力学数据中的应用。","决赛要求 物理化学深化 电化学深化 rc_30d 化竞 决赛 物理化学 电化学","Chem::Core","[[电化学深化]]","30d","概念卡","关键结论：
• 电池热力学：\Delta_r G_m = -nFE，\Delta_r S_m = nF(\partial E/\partial T)_p• Nernst方程：E = E^\ominus + \frac{0.0591 \mathrm{V}}{n}\lg \frac{[\mathrm{ox}]}{[\mathrm{red}]}• Latimer图：E^\ominus = \frac{\sum n_iE_i^\ominus}{\sum n_i}，歧化条件为右侧电势 > 左侧电势• 电导关系：\Lambda_m = \kappa/c，\Lambda_m^\infty = \lambda_+^\infty + \lambda_-^\infty• 迁移数：t_+ = \lambda_+/\Lambda_m，t_+ + t_- = 1• 超电势：E_{分解} = E_{理论} + \eta_+ + \eta_-• Butler-Volmer方程：j = j_0[e^{(1-\alpha)f\eta} - e^{-\alpha f\eta}]，f = F/RT• Tafel方程：\eta = a + b\log | j | ，Tafel斜率 b = 2.303RT/(\alpha F)• 电荷转移电阻：R_{ct} = RT/(Fj_0)（低超电势极限）• 电解竞争：j'/j = (j_0'/j_0)e^{(\eta-\eta')\alpha f}，高j_0和高气体超电势有利于金属沉积"
"电化学深化 的关键结论有哪些？","• 电池热力学：\Delta_r G_m = -nFE，\Delta_r S_m = nF(\partial E/\partial T)_p• Nernst方程：E = E^\ominus + \frac{0.0591 \mathrm{V}}{n}\lg \frac{[\mathrm{ox}]}{[\mathrm{red}]}• Latimer图：E^\ominus = \frac{\sum n_iE_i^\ominus}{\sum n_i}，歧化条件为右侧电势 > 左侧电势• 电导关系：\Lambda_m = \kappa/c，\Lambda_m^\infty = \lambda_+^\infty + \lambda_-^\infty• 迁移数：t_+ = \lambda_+/\Lambda_m，t_+ + t_- = 1• 超电势：E_{分解} = E_{理论} + \eta_+ + \eta_-• Butler-Volmer方程：j = j_0[e^{(1-\alpha)f\eta} - e^{-\alpha f\eta}]，f = F/RT• Tafel方程：\eta = a + b\log | j | ，Tafel斜率 b = 2.303RT/(\alpha F)• 电荷转移电阻：R_{ct} = RT/(Fj_0)（低超电势极限）• 电解竞争：j'/j = (j_0'/j_0)e^{(\eta-\eta')\alpha f}，高j_0和高气体超电势有利于金属沉积","决赛要求 物理化学深化 电化学深化 rc_30d 化竞 决赛 物理化学 电化学","Chem::Core","[[电化学深化]]","30d","总结卡","电化学是研究化学能与电能相互转化规律的学科。决赛阶段在初赛基础上深化到可逆电池热力学、电极电势的定量计算、电导与迁移数、超电势与电解等方面，要求掌握Nernst方程的灵活应用、Latimer图、元素电势图的分析，以及电化学方法在测定热力学数据中的应用。"
"电化学深化 有哪些常见易错点？","• 电极电势的符号：E_{池} = E_{正} - E_{负}，注意正负极判断• Latimer图计算：电势是强度量，不能直接加减，必须用 nE 加权平均• Nernst方程中的n：是半反应中的电子转移数，不是总反应• 活度与浓度：浓溶液中需用活度代替浓度• 超电势的方向：阳极超电势使电势升高，阴极超电势使电势降低• Butler-Volmer符号：Atkins中 j = j_a - j_c，j > 0 为阳极电流，j < 0 为阴极电流• Tafel区条件：需满足高超电势（ | \eta |  \geq 0.12 \mathrm{V}），低超电势区Tafel曲线非线性• 交换电流密度的数量级：不同电极上可相差数个数量级，决定电极可逆性","决赛要求 物理化学深化 电化学深化 rc_30d 化竞 决赛 物理化学 电化学","Chem::Core","[[电化学深化]]","30d","易错点卡","电化学是研究化学能与电能相互转化规律的学科。决赛阶段在初赛基础上深化到可逆电池热力学、电极电势的定量计算、电导与迁移数、超电势与电解等方面，要求掌握Nernst方程的灵活应用、Latimer图、元素电势图的分析，以及电化学方法在测定热力学数据中的应用。"
"什么是碰撞理论与过渡态理论？","碰撞理论（Collision Theory）和过渡态理论（Transition State Theory, TST）是解释基元反应速率的两大经典理论。碰撞理论从分子碰撞的微观角度出发，将反应视为刚性球体的碰撞过程；过渡态理论则从量子力学和统计力学角度，将反应描述为反应物经过高能过渡态（活化络合物）转化为产物的过程。","决赛要求 物理化学深化 碰撞理论与过渡态理论 rc_30d 化竞 决赛 物理化学 动力学","Chem::Core","[[碰撞理论与过渡态理论]]","30d","概念卡","关键结论：
• 碰撞理论三要素：反应速率 = 碰撞频率 × 能量因子 × 方位因子• Arrhenius参数解释：$A ="
"碰撞理论与过渡态理论 的关键结论有哪些？","• 碰撞理论三要素：反应速率 = 碰撞频率 × 能量因子 × 方位因子• Arrhenius参数解释：$A =","决赛要求 物理化学深化 碰撞理论与过渡态理论 rc_30d 化竞 决赛 物理化学 动力学","Chem::Core","[[碰撞理论与过渡态理论]]","30d","总结卡","碰撞理论（Collision Theory）和过渡态理论（Transition State Theory, TST）是解释基元反应速率的两大经典理论。碰撞理论从分子碰撞的微观角度出发，将反应视为刚性球体的碰撞过程；过渡态理论则从量子力学和统计力学角度，将反应描述为反应物经过高能过渡态（活化络合物）转化为产物的过程。"
"碰撞理论与过渡态理论 有哪些常见易错点？","• 碰撞理论的适用范围：仅适用于气体双分子反应，不适用于溶液反应和单分子反应• 方位因子 P 的理解：P \leq 1，复杂分子的 P 可能很小（10^{-5} 量级）• 活化能与临界能的区别：E_a 是宏观实验量，E_c 是微观理论量，二者近似相等但不完全相同• Eyring方程中 \Delta H^\ddagger 与 E_a 的关系：E_a = \Delta H^\ddagger + RT（凝聚相）• 过渡态与中间体的区别：过渡态是势能极大点，不稳定；中间体是势能极小点，有一定寿命","决赛要求 物理化学深化 碰撞理论与过渡态理论 rc_30d 化竞 决赛 物理化学 动力学","Chem::Core","[[碰撞理论与过渡态理论]]","30d","易错点卡","碰撞理论（Collision Theory）和过渡态理论（Transition State Theory, TST）是解释基元反应速率的两大经典理论。碰撞理论从分子碰撞的微观角度出发，将反应视为刚性球体的碰撞过程；过渡态理论则从量子力学和统计力学角度，将反应描述为反应物经过高能过渡态（活化络合物）转化为产物的过程。"
"稀溶液依数性 的关键结论有哪些？","• 依数性的本质：只取决于溶质粒子的数目（浓度），与溶质种类无关
• 蒸气压下降是根源：沸点升高、凝固点降低、渗透压都源于溶剂蒸气压下降
• 电解质溶液需校正：强电解质完全解离，实际粒子数为 i \times n（i 为 van't Hoff 因子）
• 适用条件：稀溶液（通常 m < 0.1 mol/kg）；溶质非挥发性（蒸气压/沸点）；溶质不进入固相（凝固点）
• 渗透压最灵敏：对于相同浓度的稀溶液，渗透压的数值变化最大，适合测定大分子摩尔质量","决赛要求 物理化学深化 稀溶液依数性 rc_30d 化竞 决赛 物理化学","Chem::Core","[[稀溶液依数性]]","30d","总结卡",""
"什么是稳态近似？","稳态近似（Steady-State Approximation, SSA）：假设反应中间体的浓度在反应进行期间保持很低且几乎不变，即其生成速率等于消耗速率：","决赛要求 物理化学深化 反应动力学 稳态近似 rc_30d 化竞 决赛","Chem::Core","[[稳态近似]]","30d","概念卡",""
"什么是链反应？","链反应（Chain Reaction）：通过活性中间体（通常是自由基或原子）的反复再生，使反应像链条一样持续进行的反应。每消耗一个活性中间体可产生一个新的活性中间体，形成链式传递。","决赛要求 物理化学深化 反应动力学 链反应 rc_30d 化竞 决赛","Chem::Core","[[链反应]]","30d","概念卡",""
"什么是Bohr模型计算？","Bohr模型是1913年丹麦物理学家Niels Bohr在Rutherford核原子模型基础上，结合Planck量子论和Einstein光子学说提出的氢原子结构理论。该模型通过三个基本假设，成功地从理论上解释了氢原子光谱的实验规律，并给出了类氢离子（单电子体系）能级、轨道半径等物理量的精确计算公式。尽管Bohr模型对多电子原子无能为力，但其核心结论——能量量子化和能级公式——在量子力学中得到了严格证明。","无机和结构化学 决赛要求 结构与配位深化 Bohr模型计算 rc_30d 化竞 决赛 结构化学 原子结构","Chem::Core","[[Bohr模型计算]]","30d","概念卡","关键结论：
• 能量量子化：电子只能处于分立的能级，能量不连续• 基态能量：氢原子基态能量 E_1 = -13.6 eV，即氢原子电离能为13.6 eV• 能级简并：类氢离子中，给定 n 的所有轨道能量相同（与 l 无关）• 光谱不连续性：线状光谱源于能级间的不连续跃迁• Bohr模型的量子力学验证：Schrödinger方程求解类氢离子得到完全相同的能量公式"
"Bohr模型计算 的关键结论有哪些？","• 能量量子化：电子只能处于分立的能级，能量不连续• 基态能量：氢原子基态能量 E_1 = -13.6 eV，即氢原子电离能为13.6 eV• 能级简并：类氢离子中，给定 n 的所有轨道能量相同（与 l 无关）• 光谱不连续性：线状光谱源于能级间的不连续跃迁• Bohr模型的量子力学验证：Schrödinger方程求解类氢离子得到完全相同的能量公式","无机和结构化学 决赛要求 结构与配位深化 Bohr模型计算 rc_30d 化竞 决赛 结构化学 原子结构","Chem::Core","[[Bohr模型计算]]","30d","总结卡","Bohr模型是1913年丹麦物理学家Niels Bohr在Rutherford核原子模型基础上，结合Planck量子论和Einstein光子学说提出的氢原子结构理论。该模型通过三个基本假设，成功地从理论上解释了氢原子光谱的实验规律，并给出了类氢离子（单电子体系）能级、轨道半径等物理量的精确计算公式。尽管Bohr模型对多电子原子无能为力，但其核心结论——能量量子化和能级公式——在量子力学中得到了严格证明。"
"Bohr模型计算 有哪些常见易错点？","• 能级符号混淆：E_n 为负值，n 越大能量越高（越接近零）• 跃迁方向与能量符号：发射光子时 \Delta E = E_{高} - E_{低} > 0，吸收光子时 \Delta E > 0 表示需要能量• 单位换算错误：注意eV、J、kJ/mol之间的换算，1 \text{ eV} = 1.602 \times 10^{-19} \text{ J} = 96.49 \text{ kJ/mol}• **类氢离子的","无机和结构化学 决赛要求 结构与配位深化 Bohr模型计算 rc_30d 化竞 决赛 结构化学 原子结构","Chem::Core","[[Bohr模型计算]]","30d","易错点卡","Bohr模型是1913年丹麦物理学家Niels Bohr在Rutherford核原子模型基础上，结合Planck量子论和Einstein光子学说提出的氢原子结构理论。该模型通过三个基本假设，成功地从理论上解释了氢原子光谱的实验规律，并给出了类氢离子（单电子体系）能级、轨道半径等物理量的精确计算公式。尽管Bohr模型对多电子原子无能为力，但其核心结论——能量量子化和能级公式——在量子力学中得到了严格证明。"
"什么是d轨道分裂？","在配合物中，中心金属离子的5个简并d轨道由于配体场的静电排斥作用，能量发生分裂，形成不同能级的d轨道组。这是晶体场理论和配位场理论的核心内容。","无机和结构化学 决赛要求 结构与配位深化 d轨道分裂 rc_30d 化竞 决赛 结构化学 配合物 晶体场理论","Chem::Core","[[d轨道分裂]]","30d","概念卡",""
"什么是Jahn-Teller效应？","Jahn-Teller效应（简称JT效应）是指简并电子基态的非线性分子（或配合物）会通过几何畸变降低对称性、消除简并、稳定体系的现象。该效应由Hermann Jahn和Edward Teller于1937年从理论上证明，因此得名。","无机和结构化学 决赛要求 结构与配位深化 Jahn-Teller效应 rc_30d 化竞 决赛 配合物 晶体场","Chem::Core","[[Jahn-Teller效应]]","30d","概念卡","关键结论：
• JT定理的适用范围：只适用于非线性分子；线性分子即使有简并基态也不发生JT畸变• e_g不对称 → 强JT效应：因为e_g轨道直接指向配体• t₂g不对称 → 弱JT效应：因为t₂g轨道不直接指向配体• 全满/半满/全空 → 无JT效应：如d³(t₂g³)、d⁵高自旋(t₂g³e_g²)、d⁶低自旋(t₂g⁶)、d⁸(t₂g⁶e_g²)、d¹⁰• 畸变方向：通常沿z轴伸长（因为dᵤ²能量降低比dₓ²₋ᵧ²更显著）• JT稳定化能：强JT效应约几个到十几个kJ/mol，弱JT效应约1-2 kJ/mol• d⁹四配位平面四方形的本质：不是dsp²杂化，而是拉长八面体的极限（z轴两个配体被拉至极远距离，失去配位作用）"
"Jahn-Teller效应 的关键结论有哪些？","• JT定理的适用范围：只适用于非线性分子；线性分子即使有简并基态也不发生JT畸变• e_g不对称 → 强JT效应：因为e_g轨道直接指向配体• t₂g不对称 → 弱JT效应：因为t₂g轨道不直接指向配体• 全满/半满/全空 → 无JT效应：如d³(t₂g³)、d⁵高自旋(t₂g³e_g²)、d⁶低自旋(t₂g⁶)、d⁸(t₂g⁶e_g²)、d¹⁰• 畸变方向：通常沿z轴伸长（因为dᵤ²能量降低比dₓ²₋ᵧ²更显著）• JT稳定化能：强JT效应约几个到十几个kJ/mol，弱JT效应约1-2 kJ/mol• d⁹四配位平面四方形的本质：不是dsp²杂化，而是拉长八面体的极限（z轴两个配体被拉至极远距离，失去配位作用）","无机和结构化学 决赛要求 结构与配位深化 Jahn-Teller效应 rc_30d 化竞 决赛 配合物 晶体场","Chem::Core","[[Jahn-Teller效应]]","30d","总结卡","Jahn-Teller效应（简称JT效应）是指简并电子基态的非线性分子（或配合物）会通过几何畸变降低对称性、消除简并、稳定体系的现象。该效应由Hermann Jahn和Edward Teller于1937年从理论上证明，因此得名。"
"Jahn-Teller效应 有哪些常见易错点？","• JT效应与简并的关系：只有轨道简并的基态才有JT效应，自旋简并不引起JT效应• 把d⁹平面四方形简单归因于dsp²杂化：d⁹的平面四方形是拉长八面体的极限，不是dsp²杂化。看到Cu²⁺ + 平面 → 先想姜泰勒• d⁸构型无JT效应：d⁸的e_g²是两个电子占据不同轨道且自旋平行？不，e_g²在八面体中可以是t₂g⁶e_g²，e_g全满？不，e_g只有两个轨道，e_g²意味着两个电子分别占据两个e_g轨道（根据Hund规则），但e_g² = 每个轨道1个电子，这是简并的！• 纠正：d⁸在八面体中是t₂g⁶e_g²，e_g²是两个电子分别占据dₓ²₋ᵧ²和dᵤ²，每个轨道1个电子，基态是简并的？• 实际上，d⁸的e_g²构型中，两个电子分占两个e_g轨道，但由于电子间相互作用，基态是非简并的（或JT效应被淬灭），实验上d⁸配合物（如Ni²⁺）通常无明显JT畸变• 更准确的解释：d⁸的e_g²中，两个电子分别占据两个轨道，形成¹A₁g态（非简并），因此无JT效应• 强场与弱场的区别：d⁴在强场和弱场下的JT效应不同（弱场：强JT；强场：弱JT）• JT效应与配合物稳定性：JT畸变使配合物能量降低，但畸变本身也意味着配合物相对于理想构型是不稳定的• t₂g简并的弱JT效应：弱JT效应通常难以在实验上观测到，配合物仍近似正八面体• d⁰和d¹⁰无JT效应：全空和全满的d轨道都是非简并的","无机和结构化学 决赛要求 结构与配位深化 Jahn-Teller效应 rc_30d 化竞 决赛 配合物 晶体场","Chem::Core","[[Jahn-Teller效应]]","30d","易错点卡","Jahn-Teller效应（简称JT效应）是指简并电子基态的非线性分子（或配合物）会通过几何畸变降低对称性、消除简并、稳定体系的现象。该效应由Hermann Jahn和Edward Teller于1937年从理论上证明，因此得名。"
"什么是VSEPR理论深化？","VSEPR理论（Valence Shell Electron Pair Repulsion，价层电子对互斥理论）是一种定性预测分子几何构型的模型。决赛阶段的深化不再停留于""数电子对→判断形状""，而是要求理解：
• VSEPR的物理基础（静电排斥 vs 量子力学解释）
• 孤对电子与成键电子对排斥力的差异根源
• VSEPR的适用范围与局限性
• 与杂化轨道理论、分子轨道理论的比较","无机和结构化学 决赛要求 结构与配位深化 VSEPR理论深化 rc_30d 化竞 决赛 结构化学 VSEPR 分子形状","Chem::Core","[[VSEPR理论深化]]","30d","概念卡","关键结论：
• VSEPR是定性工具，不替代定量计算
• 孤对效应是VSEPR最重要的预测因子：孤对越多，键角压缩越严重
• 多重键电子对比单键占据更大空间：导致相邻键角压缩（如C=C双键的H-C-H角 < 109.5°）
• d轨道参与时VSEPR失效：过渡金属配合物需用晶体场理论"
"VSEPR理论深化 的关键结论有哪些？","• VSEPR是定性工具，不替代定量计算
• 孤对效应是VSEPR最重要的预测因子：孤对越多，键角压缩越严重
• 多重键电子对比单键占据更大空间：导致相邻键角压缩（如C=C双键的H-C-H角 < 109.5°）
• d轨道参与时VSEPR失效：过渡金属配合物需用晶体场理论","无机和结构化学 决赛要求 结构与配位深化 VSEPR理论深化 rc_30d 化竞 决赛 结构化学 VSEPR 分子形状","Chem::Core","[[VSEPR理论深化]]","30d","总结卡","VSEPR理论（Valence Shell Electron Pair Repulsion，价层电子对互斥理论）是一种定性预测分子几何构型的模型。决赛阶段的深化不再停留于""数电子对→判断形状""，而是要求理解：
• VSEPR的物理基础（静电排斥 vs 量子力学解释）
• 孤对电子与成键电子对排斥力的差异根源
• VSEPR的适用范围与局限性
• 与杂化轨道理论、分子轨道理论的比较"
"什么是休克尔方法？","休克尔分子轨道法（Hückel Molecular Orbital Theory, HMO）是一种简化的分子轨道理论，专门用于处理平面共轭体系中的 π 电子结构。由德国物理学家 Erich Hückel 于1930年提出，它通过忽略非相邻原子间的相互作用和轨道重叠，将复杂的分子轨道计算简化为求解久期行列式的问题，从而快速得到 π 电子的能级、键级、电荷密度等关键信息。","无机和结构化学 决赛要求 结构与配位深化 休克尔方法 rc_30d 化竞 决赛 结构化学 分子轨道","Chem::Core","[[休克尔方法]]","30d","概念卡","关键结论：
• 休克尔方法的适用范围：平面共轭体系（多烯、芳烃、杂环、离子等），只处理 π 电子
• \beta 的符号：\beta < 0，成键MO能量低于 \alpha，反键MO能量高于 \alpha
• 能级图是核心工具：竞赛中通常不要求完整求解久期方程，但要求能画出能级图并填入电子
• 离域能的本质：共轭体系比定域双键更稳定，来源于电子在更大范围内的离域
• 键级与键长的反比关系：总键级越大，键长越短（如苯中C-C键级=1.5，键长139 pm，介于单键154 pm和双键134 pm之间）"
"休克尔方法 的关键结论有哪些？","• 休克尔方法的适用范围：平面共轭体系（多烯、芳烃、杂环、离子等），只处理 π 电子
• \beta 的符号：\beta < 0，成键MO能量低于 \alpha，反键MO能量高于 \alpha
• 能级图是核心工具：竞赛中通常不要求完整求解久期方程，但要求能画出能级图并填入电子
• 离域能的本质：共轭体系比定域双键更稳定，来源于电子在更大范围内的离域
• 键级与键长的反比关系：总键级越大，键长越短（如苯中C-C键级=1.5，键长139 pm，介于单键154 pm和双键134 pm之间）","无机和结构化学 决赛要求 结构与配位深化 休克尔方法 rc_30d 化竞 决赛 结构化学 分子轨道","Chem::Core","[[休克尔方法]]","30d","总结卡","休克尔分子轨道法（Hückel Molecular Orbital Theory, HMO）是一种简化的分子轨道理论，专门用于处理平面共轭体系中的 π 电子结构。由德国物理学家 Erich Hückel 于1930年提出，它通过忽略非相邻原子间的相互作用和轨道重叠，将复杂的分子轨道计算简化为求解久期行列式的问题，从而快速得到 π 电子的能级、键级、电荷密度等关键信息。"
"什么是分子对称性初步？","分子对称性是指分子在经过某些几何操作（对称操作）后，其空间构型与操作前完全重合的性质。这些几何操作所依据的几何元素（点、线、面）称为对称元素。分子的对称性可以用数学上的群论来描述，其中点群是描述有限分子对称性的重要工具。理解分子对称性是判断分子极性、旋光性、光谱选律以及晶体场分裂模式的基础。","无机和结构化学 决赛要求 结构与配位深化 分子对称性初步 rc_30d 化竞 决赛 结构化学 对称性 群论","Chem::Core","[[分子对称性初步]]","30d","概念卡","关键结论：
• 对称操作的组合：连续进行两个对称操作，结果等价于某个对称操作• 对称元素的共存性：若分子具有Cₙ轴和σᵥ镜面，则必有n个σᵥ镜面• S₂与i的等价性：任何具有S₂轴的分子必具有对称中心i• 对称性的高低：对称元素越多、阶数越高，分子对称性越高• 点群的封闭性：分子的所有对称操作构成一个数学上的群"
"分子对称性初步 的关键结论有哪些？","• 对称操作的组合：连续进行两个对称操作，结果等价于某个对称操作• 对称元素的共存性：若分子具有Cₙ轴和σᵥ镜面，则必有n个σᵥ镜面• S₂与i的等价性：任何具有S₂轴的分子必具有对称中心i• 对称性的高低：对称元素越多、阶数越高，分子对称性越高• 点群的封闭性：分子的所有对称操作构成一个数学上的群","无机和结构化学 决赛要求 结构与配位深化 分子对称性初步 rc_30d 化竞 决赛 结构化学 对称性 群论","Chem::Core","[[分子对称性初步]]","30d","总结卡","分子对称性是指分子在经过某些几何操作（对称操作）后，其空间构型与操作前完全重合的性质。这些几何操作所依据的几何元素（点、线、面）称为对称元素。分子的对称性可以用数学上的群论来描述，其中点群是描述有限分子对称性的重要工具。理解分子对称性是判断分子极性、旋光性、光谱选律以及晶体场分裂模式的基础。"
"分子对称性初步 有哪些常见易错点？","• Sₙ与Cₙ+σₕ的区别：Sₙ是先旋转后反映的复合操作，不是独立的Cₙ和σₕ• σᵥ与σᵈ的区分：σᵥ包含主轴和原子，σᵈ包含主轴但等分副轴夹角• Dₙ点群的C₂轴：Dₙ有n个垂直于主轴的C₂轴，不是1个• 旋光性判据：不是""有手性碳就有旋光性""，而是""无Sₙ就有旋光性""• 点群判断的顺序：先判断是否为直线形，再判断高次轴，避免遗漏• 对称中心与偶极矩：有对称中心一定无偶极矩，但无对称中心不一定有偶极矩• Tᵈ与Oₕ的混淆：Tᵈ（四面体）没有对称中心，Oₕ（八面体）有对称中心","无机和结构化学 决赛要求 结构与配位深化 分子对称性初步 rc_30d 化竞 决赛 结构化学 对称性 群论","Chem::Core","[[分子对称性初步]]","30d","易错点卡","分子对称性是指分子在经过某些几何操作（对称操作）后，其空间构型与操作前完全重合的性质。这些几何操作所依据的几何元素（点、线、面）称为对称元素。分子的对称性可以用数学上的群论来描述，其中点群是描述有限分子对称性的重要工具。理解分子对称性是判断分子极性、旋光性、光谱选律以及晶体场分裂模式的基础。"
"什么是分子结构深化？","分子结构深化是在初赛已掌握的VSEPR理论、杂化轨道理论基础上，深入理解价键理论（VB）与分子轨道理论（MO）的本质区别与适用范围，掌握键级、键能、键长等键参数的计算与比较，熟练绘制和解读双原子分子的分子轨道能级图（特别是O₂、N₂、F₂等），理解离域π键的形成条件和表示方法。该知识点要求能够从量子力学层面理解化学键的本质。","无机和结构化学 决赛要求 结构与配位深化 分子结构深化 rc_30d 化竞 决赛 结构化学 分子结构","Chem::Core","[[分子结构深化]]","30d","概念卡","关键结论：
• VB理论定域，MO理论离域：两种理论各有优势，互为补充• O₂的顺磁性：MO理论自然解释（(\pi_{2p}^)^1(\pi_{2p}^)^1，2个未成对电子），VB理论无法解释• 键级决定键的强度：键级越大，键越强、越短• s-p混杂影响能级顺序：N₂型与O₂型分子轨道能级顺序不同• 离域π键使键长平均化：如苯中6个C-C键长相等，介于单双键之间"
"分子结构深化 的关键结论有哪些？","• VB理论定域，MO理论离域：两种理论各有优势，互为补充• O₂的顺磁性：MO理论自然解释（(\pi_{2p}^)^1(\pi_{2p}^)^1，2个未成对电子），VB理论无法解释• 键级决定键的强度：键级越大，键越强、越短• s-p混杂影响能级顺序：N₂型与O₂型分子轨道能级顺序不同• 离域π键使键长平均化：如苯中6个C-C键长相等，介于单双键之间","无机和结构化学 决赛要求 结构与配位深化 分子结构深化 rc_30d 化竞 决赛 结构化学 分子结构","Chem::Core","[[分子结构深化]]","30d","总结卡","分子结构深化是在初赛已掌握的VSEPR理论、杂化轨道理论基础上，深入理解价键理论（VB）与分子轨道理论（MO）的本质区别与适用范围，掌握键级、键能、键长等键参数的计算与比较，熟练绘制和解读双原子分子的分子轨道能级图（特别是O₂、N₂、F₂等），理解离域π键的形成条件和表示方法。该知识点要求能够从量子力学层面理解化学键的本质。"
"分子结构深化 有哪些常见易错点？","• N₂型与O₂型能级顺序混淆：N₂、C₂、B₂因s-p混杂使σ₂p > π₂p；O₂、F₂无显著混杂• 键级计算遗漏内层电子：KK层电子（σ₁s和σ₁s）成键与反键抵消，可不计入• 反键电子数计算错误：注意区分成键轨道和反键轨道（带号）• 离域π键条件判断：必须满足共平面、平行p轨道、电子数<2×轨道数• 三电子键的键级：一个三电子键贡献1/2键级（2个成键电子-1个反键电子）/2 = 0.5• 异核双原子分子的MO：能级图不对称，原子轨道系数不等• 键级与键能的非线性关系：键级增加一倍，键能不一定增加一倍","无机和结构化学 决赛要求 结构与配位深化 分子结构深化 rc_30d 化竞 决赛 结构化学 分子结构","Chem::Core","[[分子结构深化]]","30d","易错点卡","分子结构深化是在初赛已掌握的VSEPR理论、杂化轨道理论基础上，深入理解价键理论（VB）与分子轨道理论（MO）的本质区别与适用范围，掌握键级、键能、键长等键参数的计算与比较，熟练绘制和解读双原子分子的分子轨道能级图（特别是O₂、N₂、F₂等），理解离域π键的形成条件和表示方法。该知识点要求能够从量子力学层面理解化学键的本质。"
"什么是分子结构补充？","本笔记补充分子结构中未被VSEPR、MO、杂化轨道等专题单独覆盖的内容，包括键参数（键长、键能、键角）、分子极性、极化率、以及分子间作用力与分子结构的关联。","无机和结构化学 决赛要求 结构与配位深化 分子结构补充 rc_30d 化竞 决赛 结构化学 分子结构 键参数","Chem::Core","[[分子结构补充]]","30d","概念卡",""
"什么是分子轨道理论深化？","分子轨道理论（Molecular Orbital Theory, MO）是描述分子电子结构的量子力学模型。与定域的价键理论（VB）不同，MO理论强调电子的离域性——分子中的电子不再属于某个原子，而是属于整个分子。决赛阶段要求掌握LCAO-MO方法、同核/异核双原子分子的电子排布、键级计算，以及MO与VB理论的比较。","无机和结构化学 决赛要求 结构与配位深化 分子轨道理论深化 rc_30d 化竞 决赛 结构化学 分子轨道 MO理论","Chem::Core","[[分子轨道理论深化]]","30d","概念卡","关键结论：
• 键级是MO理论的核心判据：键级>0才能形成稳定分子
• O₂的顺磁性是MO理论最著名的成功：VB理论预测O₂抗磁性，与实验矛盾
• s-p混杂是理解能级顺序B的关键：轻原子（N₂）pi_{2p} < sigma_{2p}，重原子（O₂）相反
• 异核分子中MO偏向电负性大的原子：但HOMO/LUMO的分布决定反应活性位点"
"分子轨道理论深化 的关键结论有哪些？","• 键级是MO理论的核心判据：键级>0才能形成稳定分子
• O₂的顺磁性是MO理论最著名的成功：VB理论预测O₂抗磁性，与实验矛盾
• s-p混杂是理解能级顺序B的关键：轻原子（N₂）pi_{2p} < sigma_{2p}，重原子（O₂）相反
• 异核分子中MO偏向电负性大的原子：但HOMO/LUMO的分布决定反应活性位点","无机和结构化学 决赛要求 结构与配位深化 分子轨道理论深化 rc_30d 化竞 决赛 结构化学 分子轨道 MO理论","Chem::Core","[[分子轨道理论深化]]","30d","总结卡","分子轨道理论（Molecular Orbital Theory, MO）是描述分子电子结构的量子力学模型。与定域的价键理论（VB）不同，MO理论强调电子的离域性——分子中的电子不再属于某个原子，而是属于整个分子。决赛阶段要求掌握LCAO-MO方法、同核/异核双原子分子的电子排布、键级计算，以及MO与VB理论的比较。"
"什么是原子光谱与光谱项？","原子光谱项（Term Symbol）是用一套简洁的符号 ^{2S+1}L_J 来描述多电子原子在某一电子组态下可能的能级状态。它综合了电子的总自旋量子数 S、总轨道角动量量子数 L 和总角动量量子数 J，是连接量子力学计算与原子光谱实验观测的核心桥梁。","无机和结构化学 决赛要求 结构与配位深化 原子光谱与光谱项 rc_30d 化竞 决赛 结构化学 原子光谱 光谱项","Chem::Core","[[原子光谱与光谱项]]","30d","概念卡","关键结论：
• 光谱项是电子组态的""标签""：同一电子组态可对应多个光谱项，代表不同的能量状态
• 基态光谱项由Hund规则确定：对竞赛而言，通常只需写出基态光谱项
• 选律的本质是对称性要求：电偶极跃迁要求初态和终态的宇称相反（g \leftrightarrow u，\leftrightarrow 表示允许，\not\leftrightarrow 表示禁阻）
• **LS耦合适用于轻原子（$"
"原子光谱与光谱项 的关键结论有哪些？","• 光谱项是电子组态的""标签""：同一电子组态可对应多个光谱项，代表不同的能量状态
• 基态光谱项由Hund规则确定：对竞赛而言，通常只需写出基态光谱项
• 选律的本质是对称性要求：电偶极跃迁要求初态和终态的宇称相反（g \leftrightarrow u，\leftrightarrow 表示允许，\not\leftrightarrow 表示禁阻）
• **LS耦合适用于轻原子（$","无机和结构化学 决赛要求 结构与配位深化 原子光谱与光谱项 rc_30d 化竞 决赛 结构化学 原子光谱 光谱项","Chem::Core","[[原子光谱与光谱项]]","30d","总结卡","原子光谱项（Term Symbol）是用一套简洁的符号 ^{2S+1}L_J 来描述多电子原子在某一电子组态下可能的能级状态。它综合了电子的总自旋量子数 S、总轨道角动量量子数 L 和总角动量量子数 J，是连接量子力学计算与原子光谱实验观测的核心桥梁。"
"什么是原子结构深化？","原子结构深化是指在化学竞赛初赛已掌握的电子排布、周期律等基础知识之上，深入理解量子力学框架下的原子模型，包括波函数的物理意义、四个量子数的完整描述、电子云的空间分布以及径向分布函数等核心概念。该知识点要求从""知其然""上升到""知其所以然""，能够用量子力学语言解释原子性质的周期性变化。","无机和结构化学 决赛要求 结构与配位深化 原子结构深化 rc_30d 化竞 决赛 结构化学 原子结构","Chem::Core","[[原子结构深化]]","30d","概念卡","关键结论：
• 波函数与概率密度的关系：\psi 描述电子运动状态，\psi^2 描述概率密度，二者不可混淆• 节点规律：总节点数 = n - 1 = 径向节点 + 角度节点 = (n - l - 1) + l• 径向分布函数峰值：D(r) 极大值位置反映电子最 probable 出现的球壳半径• 量子数完备性：四个量子数 (n, l, m, m_s) 共同确定一个电子的运动状态• 简并度：类氢原子中，给定 n 的能级简并度为 n^2（不考虑自旋）或 2n^2（考虑自旋）"
"原子结构深化 的关键结论有哪些？","• 波函数与概率密度的关系：\psi 描述电子运动状态，\psi^2 描述概率密度，二者不可混淆• 节点规律：总节点数 = n - 1 = 径向节点 + 角度节点 = (n - l - 1) + l• 径向分布函数峰值：D(r) 极大值位置反映电子最 probable 出现的球壳半径• 量子数完备性：四个量子数 (n, l, m, m_s) 共同确定一个电子的运动状态• 简并度：类氢原子中，给定 n 的能级简并度为 n^2（不考虑自旋）或 2n^2（考虑自旋）","无机和结构化学 决赛要求 结构与配位深化 原子结构深化 rc_30d 化竞 决赛 结构化学 原子结构","Chem::Core","[[原子结构深化]]","30d","总结卡","原子结构深化是指在化学竞赛初赛已掌握的电子排布、周期律等基础知识之上，深入理解量子力学框架下的原子模型，包括波函数的物理意义、四个量子数的完整描述、电子云的空间分布以及径向分布函数等核心概念。该知识点要求从""知其然""上升到""知其所以然""，能够用量子力学语言解释原子性质的周期性变化。"
"原子结构深化 有哪些常见易错点？","• 混淆 \psi 与 \psi^2：波函数本身无直接物理意义，概率密度才是  | \psi | ^2• 节点计数错误：总节点 = n-1，径向节点 = n-l-1，角度节点 = l• D(r) 峰数与径向节点数混淆：D(r) 峰数 = n-l，径向节点数 = n-l-1• 量子数取值范围：l 最大为 n-1，不是 n；m 最大为 \pm l，不是 \pm n• 氢原子与多电子原子能级差异：氢原子 n 相同则简并；多电子原子 n 相同、l 不同则分裂• 角度分布图的正负号：波函数角度分布有正负号，电子云角度分布没有• 自旋量子数取值：只能是 \pm 1/2，不是任意值","无机和结构化学 决赛要求 结构与配位深化 原子结构深化 rc_30d 化竞 决赛 结构化学 原子结构","Chem::Core","[[原子结构深化]]","30d","易错点卡","原子结构深化是指在化学竞赛初赛已掌握的电子排布、周期律等基础知识之上，深入理解量子力学框架下的原子模型，包括波函数的物理意义、四个量子数的完整描述、电子云的空间分布以及径向分布函数等核心概念。该知识点要求从""知其然""上升到""知其所以然""，能够用量子力学语言解释原子性质的周期性变化。"
"什么是原子结构补充？","原子结构补充是决赛阶段对基础原子结构知识的深化和扩展，涵盖量子力学的基本概念（波函数、算符、不确定原理）、多电子原子的能级规律（钻穿效应、屏蔽效应）、以及元素周期性的电子结构本质。它不再停留在""电子排布怎么写""，而是要求理解""为什么这样排""。","无机和结构化学 决赛要求 结构与配位深化 原子结构补充 rc_30d 化竞 决赛 结构化学 原子结构 量子力学","Chem::Core","[[原子结构补充]]","30d","概念卡","关键结论：
• 原子结构的决赛深化要点不是记公式，而是理解量子数→轨道形状→钻穿/屏蔽→能级→排布→周期性的因果链
• 波函数的节点：径向节点 = n-l-1，角向节点 = l，总节点 = n-1
• Pauli不相容原理的本质：全同费米子波函数反对称
• Hund规则的三条：最大S最低能 → 最大L次低能 → 半满前J最小/半满后J最大"
"原子结构补充 的关键结论有哪些？","• 原子结构的决赛深化要点不是记公式，而是理解量子数→轨道形状→钻穿/屏蔽→能级→排布→周期性的因果链
• 波函数的节点：径向节点 = n-l-1，角向节点 = l，总节点 = n-1
• Pauli不相容原理的本质：全同费米子波函数反对称
• Hund规则的三条：最大S最低能 → 最大L次低能 → 半满前J最小/半满后J最大","无机和结构化学 决赛要求 结构与配位深化 原子结构补充 rc_30d 化竞 决赛 结构化学 原子结构 量子力学","Chem::Core","[[原子结构补充]]","30d","总结卡","原子结构补充是决赛阶段对基础原子结构知识的深化和扩展，涵盖量子力学的基本概念（波函数、算符、不确定原理）、多电子原子的能级规律（钻穿效应、屏蔽效应）、以及元素周期性的电子结构本质。它不再停留在""电子排布怎么写""，而是要求理解""为什么这样排""。"
"什么是原子轨道与波函数？","原子轨道（Atomic Orbital）是类氢原子薛定谔方程的定态解，由波函数 psi_{nlm}(r,	heta,phi) 描述。它不是一个""轨道""（经典轨道），而是一个概率分布的数学描述。决赛阶段要求理解波函数的节点结构、径向/角向分布的物理意义，以及不同轨道的形状特征。","无机和结构化学 决赛要求 结构与配位深化 原子轨道与波函数 rc_30d 化竞 决赛 结构化学 量子力学 波函数","Chem::Core","[[原子轨道与波函数]]","30d","概念卡","关键结论：
• 波函数本身不可测量， | psi | ^2 才是可测量的概率密度
• 节点数 = n-1 是判断轨道类型的快捷方法
• 径向节点多的轨道钻穿能力强（如4s有3个径向节点，可穿透到核附近）
• 角向节点决定轨道取向，是成键方向性的根源
• 类氢原子能级只与n有关，多电子原子中l也影响能级（钻穿+屏蔽）"
"原子轨道与波函数 的关键结论有哪些？","• 波函数本身不可测量， | psi | ^2 才是可测量的概率密度
• 节点数 = n-1 是判断轨道类型的快捷方法
• 径向节点多的轨道钻穿能力强（如4s有3个径向节点，可穿透到核附近）
• 角向节点决定轨道取向，是成键方向性的根源
• 类氢原子能级只与n有关，多电子原子中l也影响能级（钻穿+屏蔽）","无机和结构化学 决赛要求 结构与配位深化 原子轨道与波函数 rc_30d 化竞 决赛 结构化学 量子力学 波函数","Chem::Core","[[原子轨道与波函数]]","30d","总结卡","原子轨道（Atomic Orbital）是类氢原子薛定谔方程的定态解，由波函数 psi_{nlm}(r,	heta,phi) 描述。它不是一个""轨道""（经典轨道），而是一个概率分布的数学描述。决赛阶段要求理解波函数的节点结构、径向/角向分布的物理意义，以及不同轨道的形状特征。"
"什么是反位效应？","反位效应（Trans Effect）是指在平面四方（或八面体）配合物中，某些配体能够使其反位（trans 位置）上的配体变得不稳定、更易被取代的现象。","无机和结构化学 决赛要求 结构与配位深化 反位效应 rc_30d 化竞 决赛 配合物 配位化学","Chem::Core","[[反位效应]]","30d","概念卡","关键结论：
• 反位效应是动力学现象：决定哪个配体被取代得快
• 反位影响是热力学现象：决定哪个M–L键本来就弱
• 两者通常一致：强反位影响配体通常也有强反位效应，但本质不同
• 合成设计的核心工具：通过选择配体加入顺序，可定向合成特定异构体"
"反位效应 的关键结论有哪些？","• 反位效应是动力学现象：决定哪个配体被取代得快
• 反位影响是热力学现象：决定哪个M–L键本来就弱
• 两者通常一致：强反位影响配体通常也有强反位效应，但本质不同
• 合成设计的核心工具：通过选择配体加入顺序，可定向合成特定异构体","无机和结构化学 决赛要求 结构与配位深化 反位效应 rc_30d 化竞 决赛 配合物 配位化学","Chem::Core","[[反位效应]]","30d","总结卡","反位效应（Trans Effect）是指在平面四方（或八面体）配合物中，某些配体能够使其反位（trans 位置）上的配体变得不稳定、更易被取代的现象。"
"反位效应 有哪些常见易错点？","• 混淆反位效应与反位影响：前者是动力学，后者是热力学/结构
• 认为反位效应强的配体本身容易被取代：不对，反位效应强的配体是""使别人被取代""，不是自己被取代
• 忽略进入配体的亲核性：反位效应决定位置选择性，但反应能否发生还取决于进入配体的亲核性
• 在八面体配合物中机械套用：八面体中的反位效应较弱，且机理更复杂
• 合成设计时忘记去除""导向基团""：如用NO₂⁻导向后，需要后续步骤去除","无机和结构化学 决赛要求 结构与配位深化 反位效应 rc_30d 化竞 决赛 配合物 配位化学","Chem::Core","[[反位效应]]","30d","易错点卡","反位效应（Trans Effect）是指在平面四方（或八面体）配合物中，某些配体能够使其反位（trans 位置）上的配体变得不稳定、更易被取代的现象。"
"什么是反馈π键？","反馈π键（Back-bonding）是指：中心金属原子将其 filled d 轨道（或杂化轨道）上的电子反馈给配体的空 π* 反键轨道（或空的 p/d 轨道），形成的π型配位键。","无机和结构化学 决赛要求 结构与配位深化 反馈π键 rc_30d 化竞 决赛 配合物 金属有机","Chem::Core","[[反馈π键]]","30d","概念卡","关键结论：
• 反馈π键是强场配体之所以强的根本原因
• CO是最经典的π-酸配体：C–O键因反馈π键而减弱（红外频率从2143降至~1900 cm⁻¹），但M–C键显著增强
• 低氧化态金属更易形成反馈π键：因为d电子更富集
• 反馈π键与σ配位键协同：配体→金属的σ给予使金属富电子，促进金属→配体的π反馈；π反馈又使金属缺电子，促进σ给予"
"反馈π键 的关键结论有哪些？","• 反馈π键是强场配体之所以强的根本原因
• CO是最经典的π-酸配体：C–O键因反馈π键而减弱（红外频率从2143降至~1900 cm⁻¹），但M–C键显著增强
• 低氧化态金属更易形成反馈π键：因为d电子更富集
• 反馈π键与σ配位键协同：配体→金属的σ给予使金属富电子，促进金属→配体的π反馈；π反馈又使金属缺电子，促进σ给予","无机和结构化学 决赛要求 结构与配位深化 反馈π键 rc_30d 化竞 决赛 配合物 金属有机","Chem::Core","[[反馈π键]]","30d","总结卡","反馈π键（Back-bonding）是指：中心金属原子将其 filled d 轨道（或杂化轨道）上的电子反馈给配体的空 π* 反键轨道（或空的 p/d 轨道），形成的π型配位键。"
"反馈π键 有哪些常见易错点？","• 认为所有含多重键的配体都是π-酸：如C₂H₄是π-酸，但O₂通常不是（电负性高，π能量高）
• 混淆反馈π键与正常π键：反馈π键电子方向是金属→配体，且进入配体的反键轨道
• 忽略氧化态的影响：Mn(CO)₆⁻比Mn(CO)₆⁺的反馈π键更强（前者金属更富电子）
• 认为PR₃只有σ给体作用：PR₃也有弱的π-接受能力（通过P的d轨道或σ轨道）
• 用反馈π键解释所有强场现象：NH₃是强场但无显著反馈π键，主要靠σ给体作用","无机和结构化学 决赛要求 结构与配位深化 反馈π键 rc_30d 化竞 决赛 配合物 金属有机","Chem::Core","[[反馈π键]]","30d","易错点卡","反馈π键（Back-bonding）是指：中心金属原子将其 filled d 轨道（或杂化轨道）上的电子反馈给配体的空 π* 反键轨道（或空的 p/d 轨道），形成的π型配位键。"
"什么是多电子原子能级？","多电子原子能级是指在含有两个或两个以上电子的原子中，由于电子之间的相互作用，原子轨道的能量不仅取决于主量子数 n，还与角量子数 l 有关，并且出现能级分裂和能级交错等现象。理解多电子原子能级是解释元素周期律、电子排布规律以及原子性质周期性变化的核心理论基础。","无机和结构化学 决赛要求 结构与配位深化 多电子原子能级 rc_30d 化竞 决赛 结构化学 原子结构","Chem::Core","[[多电子原子能级]]","30d","概念卡","关键结论：
• 能级分裂：同一 n、不同 l 的轨道能量不同，E_{ns} < E_{np} < E_{nd} < E_{nf}• 能级交错：E_{4s} < E_{3d}（填充顺序），但电离时先失去4s电子• 填充顺序 vs 实际能级：电子填充按Pauling近似能级图，但原子或离子中实际能级需具体分析• Slater规则的局限：经验规则，对重元素和激发态计算精度有限• 钻穿与屏蔽的辩证关系：钻穿是回避屏蔽的手段，二者共同决定有效核电荷"
"多电子原子能级 的关键结论有哪些？","• 能级分裂：同一 n、不同 l 的轨道能量不同，E_{ns} < E_{np} < E_{nd} < E_{nf}• 能级交错：E_{4s} < E_{3d}（填充顺序），但电离时先失去4s电子• 填充顺序 vs 实际能级：电子填充按Pauling近似能级图，但原子或离子中实际能级需具体分析• Slater规则的局限：经验规则，对重元素和激发态计算精度有限• 钻穿与屏蔽的辩证关系：钻穿是回避屏蔽的手段，二者共同决定有效核电荷","无机和结构化学 决赛要求 结构与配位深化 多电子原子能级 rc_30d 化竞 决赛 结构化学 原子结构","Chem::Core","[[多电子原子能级]]","30d","总结卡","多电子原子能级是指在含有两个或两个以上电子的原子中，由于电子之间的相互作用，原子轨道的能量不仅取决于主量子数 n，还与角量子数 l 有关，并且出现能级分裂和能级交错等现象。理解多电子原子能级是解释元素周期律、电子排布规律以及原子性质周期性变化的核心理论基础。"
"多电子原子能级 有哪些常见易错点？","• Slater规则分组错误：(3d) 和 (4s,4p) 是不同组，不是按主量子数简单分组• 1s组的特殊规则：1s组内屏蔽常数为0.30，不是0.35• nd/nf电子的屏蔽规则：相邻内组对nd、nf电子的屏蔽常数为1.00，不是0.85• 能级交错的绝对化：E_{4s} < E_{3d} 只在填充时成立，Sc以后及离子中可能反转• 混淆填充顺序和能级高低：填充顺序基于整体能量最低，不代表每个轨道的绝对能量• 忽略电子间排斥：判断电子构型时需考虑整个原子的能量，而非单个轨道能量• Slater规则不适用于离子：对离子的计算需要调整分组方式","无机和结构化学 决赛要求 结构与配位深化 多电子原子能级 rc_30d 化竞 决赛 结构化学 原子结构","Chem::Core","[[多电子原子能级]]","30d","易错点卡","多电子原子能级是指在含有两个或两个以上电子的原子中，由于电子之间的相互作用，原子轨道的能量不仅取决于主量子数 n，还与角量子数 l 有关，并且出现能级分裂和能级交错等现象。理解多电子原子能级是解释元素周期律、电子排布规律以及原子性质周期性变化的核心理论基础。"
"什么是屏蔽效应？","屏蔽效应（Shielding Effect）是指多电子原子中，内层电子对外层电子的排斥作用，部分抵消了原子核正电荷对最外层电子的吸引，使外层电子感受到的有效核电荷 $","无机和结构化学 决赛要求 结构与配位深化 屏蔽效应 rc_30d 化竞 决赛 结构化学 原子结构","Chem::Core","[[屏蔽效应]]","30d","概念卡","关键结论：
• 屏蔽常数sigma越大，$"
"屏蔽效应 的关键结论有哪些？","• 屏蔽常数sigma越大，$","无机和结构化学 决赛要求 结构与配位深化 屏蔽效应 rc_30d 化竞 决赛 结构化学 原子结构","Chem::Core","[[屏蔽效应]]","30d","总结卡","屏蔽效应（Shielding Effect）是指多电子原子中，内层电子对外层电子的排斥作用，部分抵消了原子核正电荷对最外层电子的吸引，使外层电子感受到的有效核电荷 $"
"什么是异构与结构表征？","配合物的异构现象是指化学组成相同但原子空间排列不同的化合物。结构表征则是利用各种实验手段确定配合物的几何构型、电子结构和异构类型。","无机和结构化学 决赛要求 结构与配位深化 异构与结构表征 rc_30d 化竞 决赛 结构化学 配合物 异构","Chem::Core","[[异构与结构表征]]","30d","概念卡",""
"什么是晶体场分裂与磁性？","在配合物中，中心金属离子的d轨道由于配体静电场的作用发生能级分裂（晶体场分裂）。d电子在分裂后的轨道中的排布方式决定了配合物的磁性和光谱性质。","无机和结构化学 决赛要求 结构与配位深化 晶体场分裂与磁性 rc_30d 化竞 决赛 结构化学 配合物 晶体场理论","Chem::Core","[[晶体场分裂与磁性]]","30d","概念卡",""
"什么是杂化轨道理论深化？","杂化轨道理论（Hybrid Orbital Theory）是价键理论（VB）的延伸，通过将中心原子的原子轨道线性组合，形成一组等价的新轨道（杂化轨道），以更好地解释分子的几何构型和成键方向性。决赛阶段要求理解杂化的物理基础（为什么需要杂化）、各类杂化的能量代价与收益，以及与MO理论的互补关系。","无机和结构化学 决赛要求 结构与配位深化 杂化轨道理论深化 rc_30d 化竞 决赛 结构化学 杂化轨道 sp","Chem::Core","[[杂化轨道理论深化]]","30d","概念卡","关键结论：
• 杂化不是原子在基态就有的性质，而是为了成键而""准备""的一种数学重组
• d轨道参与杂化有争议：现代计算表明，PCl₅和SF₆中的d轨道参与程度很低，MO理论能更好地描述这些分子
• Bent规则是有机化学中立体电子效应的基础
• 共振结构中的杂化：杂化类型由分子的""平均""几何决定（如苯中C为sp^2）"
"杂化轨道理论深化 的关键结论有哪些？","• 杂化不是原子在基态就有的性质，而是为了成键而""准备""的一种数学重组
• d轨道参与杂化有争议：现代计算表明，PCl₅和SF₆中的d轨道参与程度很低，MO理论能更好地描述这些分子
• Bent规则是有机化学中立体电子效应的基础
• 共振结构中的杂化：杂化类型由分子的""平均""几何决定（如苯中C为sp^2）","无机和结构化学 决赛要求 结构与配位深化 杂化轨道理论深化 rc_30d 化竞 决赛 结构化学 杂化轨道 sp","Chem::Core","[[杂化轨道理论深化]]","30d","总结卡","杂化轨道理论（Hybrid Orbital Theory）是价键理论（VB）的延伸，通过将中心原子的原子轨道线性组合，形成一组等价的新轨道（杂化轨道），以更好地解释分子的几何构型和成键方向性。决赛阶段要求理解杂化的物理基础（为什么需要杂化）、各类杂化的能量代价与收益，以及与MO理论的互补关系。"
"什么是电子排布与周期性？","电子排布与周期性研究多电子原子中电子在轨道上的填充规律（Aufbau原理、Pauli原理、Hund规则），以及由此产生的元素性质周期性变化。决赛阶段要求不仅掌握""怎么排""，更要理解""为什么这么排""——即钻穿效应、屏蔽效应、交换能等因素如何共同决定能级顺序和电子构型。","无机和结构化学 决赛要求 结构与配位深化 电子排布与周期性 rc_30d 化竞 决赛 结构化学 电子排布 周期性","Chem::Core","[[电子排布与周期性]]","30d","概念卡","关键结论：
• 电子排布不是死记，而是理解钻穿→能级→填充→稳定化的逻辑链
• 半满和全满有额外稳定化：交换能 + 对称性
• 离子排布≠原子排布：失去电子时总是先失最外层（n最大），即使先填时4s先于3d
• 镧系收缩：4f电子屏蔽极差，导致后续过渡元素半径异常小"
"电子排布与周期性 的关键结论有哪些？","• 电子排布不是死记，而是理解钻穿→能级→填充→稳定化的逻辑链
• 半满和全满有额外稳定化：交换能 + 对称性
• 离子排布≠原子排布：失去电子时总是先失最外层（n最大），即使先填时4s先于3d
• 镧系收缩：4f电子屏蔽极差，导致后续过渡元素半径异常小","无机和结构化学 决赛要求 结构与配位深化 电子排布与周期性 rc_30d 化竞 决赛 结构化学 电子排布 周期性","Chem::Core","[[电子排布与周期性]]","30d","总结卡","电子排布与周期性研究多电子原子中电子在轨道上的填充规律（Aufbau原理、Pauli原理、Hund规则），以及由此产生的元素性质周期性变化。决赛阶段要求不仅掌握""怎么排""，更要理解""为什么这么排""——即钻穿效应、屏蔽效应、交换能等因素如何共同决定能级顺序和电子构型。"
"什么是离域与分子稳定性？","电子离域（delocalization）是指电子不再定域于两个原子之间，而是扩展到多个原子的范围内运动。离域使体系能量降低、稳定性增加，是理解共轭体系、芳香性和许多有机反应机理的核心概念。","无机和结构化学 决赛要求 结构与配位深化 离域与分子稳定性 rc_30d 化竞 决赛 结构化学 分子轨道 离域","Chem::Core","[[离域与分子稳定性]]","30d","概念卡",""
"什么是箱中粒子模型？","箱中粒子模型（Particle in a Box Model）是量子力学中最简单、最重要的模型之一。该模型描述一个粒子被限制在一维、二维或三维的无限深势阱中运动的行为。尽管模型简单，但它揭示了量子体系的许多基本特征：能量量子化、零点能、波函数节点等，是理解更复杂量子化学问题的基础。","无机和结构化学 决赛要求 结构与配位深化 箱中粒子模型 rc_30d 化竞 决赛 结构化学 量子化学","Chem::Core","[[箱中粒子模型]]","30d","概念卡","关键结论：
• 能量量子化：E_n \propto n^2，能级不连续
• 零点能：E_1 = \frac{h^2}{8mL^2} > 0，与不确定性原理一致
• 节点定理：\psi_n 有n-1个节点
• 尺寸效应：E_n \propto 1/L^2，势箱越小，能级越高
• 能级间隔：\Delta E \propto 1/L^2，势箱越小，间隔越大
• 简并性：高维势箱中不同量子数组合可能对应相同能量"
"箱中粒子模型 的关键结论有哪些？","• 能量量子化：E_n \propto n^2，能级不连续
• 零点能：E_1 = \frac{h^2}{8mL^2} > 0，与不确定性原理一致
• 节点定理：\psi_n 有n-1个节点
• 尺寸效应：E_n \propto 1/L^2，势箱越小，能级越高
• 能级间隔：\Delta E \propto 1/L^2，势箱越小，间隔越大
• 简并性：高维势箱中不同量子数组合可能对应相同能量","无机和结构化学 决赛要求 结构与配位深化 箱中粒子模型 rc_30d 化竞 决赛 结构化学 量子化学","Chem::Core","[[箱中粒子模型]]","30d","总结卡","箱中粒子模型（Particle in a Box Model）是量子力学中最简单、最重要的模型之一。该模型描述一个粒子被限制在一维、二维或三维的无限深势阱中运动的行为。尽管模型简单，但它揭示了量子体系的许多基本特征：能量量子化、零点能、波函数节点等，是理解更复杂量子化学问题的基础。"
"箱中粒子模型 有哪些常见易错点？","• 势箱长度的确定：共轭体系中L的取值不严格等于键长之和，通常需要加上两端各延伸一个键长的修正
• 电子数的计算：注意每个碳原子贡献1个π电子，但端基可能不同（如多烯烃与多炔烃）
• 能级填充：注意Pauli原理，每个能级最多2个电子（自旋相反）
• 跃迁选择：HOMO→LUMO跃迁对应最大波长（最小能量），但实际光谱可能有多个吸收峰
• 单位换算：注意nm、pm、m、cm⁻¹、eV、J之间的换算
• 零点能的理解：E_1 > 0 是不确定性原理的要求，不是热运动能量
• 简并性：二维和三维势箱中注意简并能级的处理","无机和结构化学 决赛要求 结构与配位深化 箱中粒子模型 rc_30d 化竞 决赛 结构化学 量子化学","Chem::Core","[[箱中粒子模型]]","30d","易错点卡","箱中粒子模型（Particle in a Box Model）是量子力学中最简单、最重要的模型之一。该模型描述一个粒子被限制在一维、二维或三维的无限深势阱中运动的行为。尽管模型简单，但它揭示了量子体系的许多基本特征：能量量子化、零点能、波函数节点等，是理解更复杂量子化学问题的基础。"
"什么是配位平衡？","配位平衡是指溶液中金属离子与配体形成配合物的可逆过程达到平衡时的状态。通常用稳定常数（形成常数）K_f 或不稳定常数 K_d 来定量描述。","无机和结构化学 决赛要求 结构与配位深化 配位平衡 rc_30d 化竞 决赛 结构化学 配合物 平衡","Chem::Core","[[配位平衡]]","30d","概念卡",""
"什么是配体类型与电子给受性质？","配体是向中心金属离子提供电子对的分子或离子。根据电子给受性质的不同，配体可分为 \sigma 给体、\pi 给体和 \pi 受体（\pi-酸），这直接影响配合物的稳定性、颜色和磁性。","无机和结构化学 决赛要求 结构与配位深化 配体类型与电子给受性质 rc_30d 化竞 决赛 结构化学 配合物 配体","Chem::Core","[[配体类型与电子给受性质]]","30d","概念卡",""
"什么是配合物稳定性？","配合物稳定性是指配合物在溶液中或固态下抵抗解离或分解的能力。稳定性可以用热力学稳定常数（K_{稳}）来定量描述。配合物的稳定性受多种因素影响，包括中心离子的性质（电荷、半径、电子构型）、配体的性质（碱性、配位原子电负性、螯合能力）、溶剂效应以及外界条件（温度、pH等）。理解配合物稳定性是配位化学的核心，也是分析化学中分离、鉴定和滴定的理论基础。","无机和结构化学 决赛要求 结构与配位深化 配合物稳定性 rc_30d 化竞 决赛 配合物","Chem::Core","[[配合物稳定性]]","30d","概念卡","关键结论：
• 累积稳定常数：\beta_n = K_1 \cdot K_2 \cdot \dots \cdot K_n，反映配合物总体稳定性
• 螯合效应的本质：熵增驱动，多齿配体取代多个单齿配体时粒子数增加
• 五元螯合环最稳定：键角与sp³杂化匹配，张力最小
• Irving-Williams序列：$Mn^{2+} < Fe^{2+} < Co^{2+} < Ni^{2+} < Cu^{2+} >"
"配合物稳定性 的关键结论有哪些？","• 累积稳定常数：\beta_n = K_1 \cdot K_2 \cdot \dots \cdot K_n，反映配合物总体稳定性
• 螯合效应的本质：熵增驱动，多齿配体取代多个单齿配体时粒子数增加
• 五元螯合环最稳定：键角与sp³杂化匹配，张力最小
• Irving-Williams序列：$Mn^{2+} < Fe^{2+} < Co^{2+} < Ni^{2+} < Cu^{2+} >","无机和结构化学 决赛要求 结构与配位深化 配合物稳定性 rc_30d 化竞 决赛 配合物","Chem::Core","[[配合物稳定性]]","30d","总结卡","配合物稳定性是指配合物在溶液中或固态下抵抗解离或分解的能力。稳定性可以用热力学稳定常数（K_{稳}）来定量描述。配合物的稳定性受多种因素影响，包括中心离子的性质（电荷、半径、电子构型）、配体的性质（碱性、配位原子电负性、螯合能力）、溶剂效应以及外界条件（温度、pH等）。理解配合物稳定性是配位化学的核心，也是分析化学中分离、鉴定和滴定的理论基础。"
"配合物稳定性 有哪些常见易错点？","• 稳定常数比较的前提：不同类型配合物（配位数不同）不能直接比较K_{稳}
• 逐级稳定常数递减：K_1 > K_2 > K_3 > \dots，因为配位数增加后空间位阻增大
• 螯合效应的驱动力：主要是熵增，不是焓变
• 热力学稳定性与动力学惰性混淆：[Co(NH_3)_6]^{3+} 热力学不稳定但动力学惰性
• pH对配位平衡的影响：酸性条件下，弱酸根配体（如F⁻、OH⁻）的配位能力降低
• 大环效应与螯合效应的区别：大环效应额外包含预组织效应
• 18电子规则的适用：主要针对金属有机配合物，不适用于所有经典配合物","无机和结构化学 决赛要求 结构与配位深化 配合物稳定性 rc_30d 化竞 决赛 配合物","Chem::Core","[[配合物稳定性]]","30d","易错点卡","配合物稳定性是指配合物在溶液中或固态下抵抗解离或分解的能力。稳定性可以用热力学稳定常数（K_{稳}）来定量描述。配合物的稳定性受多种因素影响，包括中心离子的性质（电荷、半径、电子构型）、配体的性质（碱性、配位原子电负性、螯合能力）、溶剂效应以及外界条件（温度、pH等）。理解配合物稳定性是配位化学的核心，也是分析化学中分离、鉴定和滴定的理论基础。"
"什么是钻穿效应？","钻穿效应（Penetration Effect）是指多电子原子中，外层电子（特别是ns电子）能够穿透内层电子云，更接近原子核，从而感受到更强的有效核电荷、能量降低的现象。它与屏蔽效应共同决定了多电子原子中轨道的能级顺序。","无机和结构化学 决赛要求 结构与配位深化 钻穿效应 rc_30d 化竞 决赛 结构化学 原子结构","Chem::Core","[[钻穿效应]]","30d","概念卡","关键结论：
• 钻穿能力顺序：ns > np > nd > nf（同层）
• 能量顺序：E_{ns} < E_{np} < E_{nd} < E_{nf}（同层）
• 能级交错根源：钻穿效应使外层s电子能量低于内层d电子
• 电子填充顺序：由钻穿+屏蔽共同决定，不是简单按n大小
• 离子化后的变化：失去电子后（如Fe → Fe²⁺），电子间排斥减少，能级顺序可能改变（E_{3d} < E_{4s}）"
"钻穿效应 的关键结论有哪些？","• 钻穿能力顺序：ns > np > nd > nf（同层）
• 能量顺序：E_{ns} < E_{np} < E_{nd} < E_{nf}（同层）
• 能级交错根源：钻穿效应使外层s电子能量低于内层d电子
• 电子填充顺序：由钻穿+屏蔽共同决定，不是简单按n大小
• 离子化后的变化：失去电子后（如Fe → Fe²⁺），电子间排斥减少，能级顺序可能改变（E_{3d} < E_{4s}）","无机和结构化学 决赛要求 结构与配位深化 钻穿效应 rc_30d 化竞 决赛 结构化学 原子结构","Chem::Core","[[钻穿效应]]","30d","总结卡","钻穿效应（Penetration Effect）是指多电子原子中，外层电子（特别是ns电子）能够穿透内层电子云，更接近原子核，从而感受到更强的有效核电荷、能量降低的现象。它与屏蔽效应共同决定了多电子原子中轨道的能级顺序。"
"什么是β-氢消除？","\beta-氢消除（\beta-hydride elimination）是金属烷基配合物中，\beta位的氢原子迁移到金属上，同时M–C键断裂形成金属氢化物和烯烃的过程。它是金属有机化学中最常见的分解途径之一，也是许多催化循环（如聚合、异构化）中的关键步骤。","决赛要求 金属有机与超分子 β-氢消除 rc_30d 化竞 决赛 金属有机 催化","Chem::Core","[[β-氢消除]]","30d","概念卡",""
"主客体化学 的关键结论有哪些？","主体设计核心原则

互补性（Complementarity）

主体空腔的形状、大小、电荷分布必须与客体匹配。尺寸匹配是选择性最重要的因素之一，但不是唯一因素。

预组织性（Preorganization）

主体在结合前已具备合适的空腔结构，无需大幅构象重排。预组织程度：
• 荚状醚（非环）：需大幅构象重排 → 络合最弱
• 单环冠醚：部分预组织 → 中等络合（大环效应）
• 穴醚（大二环）：高度预组织 → 最强络合（大二环效应）

螯合效应、大环效应、大二环效应

 |  效应  |  本质  |  稳定性提升量级  | 
 | :--- | :--- | :---: | 
 |  螯合效应  |  多齿配体 vs 单齿配体，加和+熵优势  |  10^2–10^4  | 
 |  大环效应  |  环状配体已""预付""构象重排能量  |  再增 10^2–10^4  | 
 |  大二环效应  |  三维笼状，高度预组织+全包裹  |  再增 10^2–10^4  |","决赛要求 金属有机与超分子 主客体化学 rc_30d 化竞 决赛 超分子","Chem::Core","[[主客体化学]]","30d","总结卡",""
"什么是催化循环入门？","催化循环（Catalytic Cycle）是催化剂在反应中经历一系列基元反应步骤、最终再生并释放产物的闭合反应路径。在过渡金属有机催化中，催化循环是理解反应机理的核心框架——它将复杂的金属催化反应拆解为氧化加成、迁移插入、β-H 消除、还原消除等可重复的基元步骤的组合。掌握催化循环的读写能力，是化学竞赛决赛水平与初赛水平的分水岭。","决赛要求 金属有机与超分子 催化循环入门 rc_30d 化竞 决赛 金属有机 催化","Chem::Core","[[催化循环入门]]","30d","概念卡","关键结论：
• 催化循环的本质是金属氧化态的""升降电梯""——从低氧化态出发，经氧化加成升高，经还原消除降低，完成一轮循环。
• 氧化加成和还原消除是氧化态变化的唯一两步——迁移插入和 β-H 消除不改变氧化态，但改变配体连接方式。
• 配体是催化循环的""调速器""——电子效应调控 OA/RE 速率，位阻效应影响配位/解离平衡。
• Suzuki 偶联的转金属需要碱活化——这是 Suzuki 与 Heck 机理的根本区别之一。
• Wacker 氧化的独特之处在于 CuCl 共催化——Cu(I)/Cu(II) 循环负责将 Pd(0) 再氧化为 Pd(II)，实现 O₂ 作为终端氧化剂。

---"
"催化循环入门 的关键结论有哪些？","• 催化循环的本质是金属氧化态的""升降电梯""——从低氧化态出发，经氧化加成升高，经还原消除降低，完成一轮循环。
• 氧化加成和还原消除是氧化态变化的唯一两步——迁移插入和 β-H 消除不改变氧化态，但改变配体连接方式。
• 配体是催化循环的""调速器""——电子效应调控 OA/RE 速率，位阻效应影响配位/解离平衡。
• Suzuki 偶联的转金属需要碱活化——这是 Suzuki 与 Heck 机理的根本区别之一。
• Wacker 氧化的独特之处在于 CuCl 共催化——Cu(I)/Cu(II) 循环负责将 Pd(0) 再氧化为 Pd(II)，实现 O₂ 作为终端氧化剂。

---","决赛要求 金属有机与超分子 催化循环入门 rc_30d 化竞 决赛 金属有机 催化","Chem::Core","[[催化循环入门]]","30d","总结卡","催化循环（Catalytic Cycle）是催化剂在反应中经历一系列基元反应步骤、最终再生并释放产物的闭合反应路径。在过渡金属有机催化中，催化循环是理解反应机理的核心框架——它将复杂的金属催化反应拆解为氧化加成、迁移插入、β-H 消除、还原消除等可重复的基元步骤的组合。掌握催化循环的读写能力，是化学竞赛决赛水平与初赛水平的分水岭。"
"催化循环入门 有哪些常见易错点？","|  易错点  |  错误认知  |  正确理解  | 
 | :--- | :--- | :--- | 
 |  Heck 与 Suzuki 机理混淆  |  ""Heck 也有转金属""  |  Heck 是 OA → MI → β-HE，无转金属；Suzuki 是 OA → 转金属 → RE，无 β-HE  | 
 |  β-H 消除的方向  |  ""β-H 消除总是生成最稳定的烯烃""  |  β-H 消除要求 syn 共平面几何，热力学稳定烯烃不一定符合几何要求  | 
 |  还原消除的立体化学  |  ""还原消除保持构型""  |  还原消除要求两个基团 cis，若底物为 trans 需先异构化  | 
 |  Wacker 的产物  |  ""Wacker 氧化得到醇""  |  Wacker 氧化得到 酮/醛（烯醇互变异构），不是醇  | 
 |  催化剂前体 = 活性催化剂  |  ""加入 Pd(OAc)₂ 就是 Pd(II) 催化""  |  Pd(OAc)₂ 通常被原位还原为 Pd(0) 才是活性催化剂  | 
 |  配体越多越有利  |  ""多加 PPh₃ 提高产率""  |  过量膦配体会抑制配体解离，反而降低催化活性  | 
 |  氧化加成的底物范围  |  ""所有卤代烃都能做 Heck/Suzuki""  |  烷基卤因 β-H 消除竞争而难以使用；芳基/烯基卤是标准底物  | 
 |  转金属的碱需求  |  ""所有偶联都需要碱""  |  Suzuki 需要碱活化硼酸；Negishi/Stille 通常不需要碱  | 

---","决赛要求 金属有机与超分子 催化循环入门 rc_30d 化竞 决赛 金属有机 催化","Chem::Core","[[催化循环入门]]","30d","易错点卡","催化循环（Catalytic Cycle）是催化剂在反应中经历一系列基元反应步骤、最终再生并释放产物的闭合反应路径。在过渡金属有机催化中，催化循环是理解反应机理的核心框架——它将复杂的金属催化反应拆解为氧化加成、迁移插入、β-H 消除、还原消除等可重复的基元步骤的组合。掌握催化循环的读写能力，是化学竞赛决赛水平与初赛水平的分水岭。"
"什么是冠醚？","冠醚（Crown Ether）：含有多个醚氧原子的大环化合物，因其形状似皇冠而得名。通式为 (\text{CH}_2\text{CH}_2\text{O})_n，最常见的是 18-冠-6、15-冠-5、12-冠-4 等。","决赛要求 金属有机与超分子 主客体化学 冠醚 rc_30d 化竞 决赛 超分子","Chem::Core","[[冠醚]]","30d","概念卡",""
"什么是分子自组装？","分子单元在没有外部干预的情况下，通过非共价相互作用自发形成有序结构的过程。","决赛要求 金属有机与超分子 分子自组装 rc_30d 化竞 决赛 超分子","Chem::Core","[[分子自组装]]","30d","概念卡","关键结论：
典型体系
• DNA 双螺旋（碱基互补配对 + π 堆积）
• 脂质双分子层（疏水驱动）
• 金属-有机框架（MOF）的自组装
• Resorcarenes 单层自组装（水溶液-电极界面检测核糖）"
"分子自组装 的关键结论有哪些？","典型体系
• DNA 双螺旋（碱基互补配对 + π 堆积）
• 脂质双分子层（疏水驱动）
• 金属-有机框架（MOF）的自组装
• Resorcarenes 单层自组装（水溶液-电极界面检测核糖）","决赛要求 金属有机与超分子 分子自组装 rc_30d 化竞 决赛 超分子","Chem::Core","[[分子自组装]]","30d","总结卡","分子单元在没有外部干预的情况下，通过非共价相互作用自发形成有序结构的过程。"
"什么是分子识别？","分子识别（Molecular Recognition）：主体分子（受体）通过非共价相互作用，对特定客体分子（底物）进行选择性结合的过程。类似于酶与底物、抗体与抗原的特异性结合。","决赛要求 金属有机与超分子 超分子化学 分子识别 rc_30d 化竞 决赛 超分子","Chem::Core","[[分子识别]]","30d","概念卡",""
"什么是包结作用？","包结作用（Inclusion）：客体分子全部或部分进入主体分子的空腔内部，形成包结复合物（Inclusion Complex）的非共价相互作用过程。不同于表面结合，包结要求客体进入主体的三维空腔。","决赛要求 金属有机与超分子 主客体化学 包结作用 rc_30d 化竞 决赛 超分子","Chem::Core","[[包结作用]]","30d","概念卡",""
"什么是杯芳烃？","杯芳烃（Calixarene）：由对位取代苯酚与甲醛缩合形成的大环化合物，因其形状似希腊圣杯（calix）而得名。是最具代表性的合成大环主体分子之一。","决赛要求 金属有机与超分子 主客体化学 杯芳烃 rc_30d 化竞 决赛 超分子","Chem::Core","[[杯芳烃]]","30d","概念卡",""
"什么是环糊精？","环糊精（Cyclodextrin, CD）：由 6–8 个 D-葡萄糖单元通过 α-1,4-糖苷键连接而成的环状寡糖。根据葡萄糖单元数目分为 α-、β-、γ-环糊精。","决赛要求 金属有机与超分子 主客体化学 环糊精 rc_30d 化竞 决赛 超分子","Chem::Core","[[环糊精]]","30d","概念卡",""
"超分子作用力 的关键结论有哪些？","作用力与主体类型的对应关系

 |  主体  |  主要作用力  |  次要作用力  | 
 | :--- | :--- | :--- | 
 |  冠醚/穴醚  |  离子-偶极  |  范德华、溶剂重排  | 
 |  环糊精  |  疏水效应、释放高能水  |  范德华、氢键、偶极-偶极  | 
 |  杯芳烃（下沿） |  离子-偶极（对Na⁺） |  阳离子-π（对K⁺/Ag⁺/Cs⁺） | 
 |  杯芳烃（空腔） |  疏水效应、范德华  |  C–H···π  | 
 |  脲包合物  |  氢键（主体自组装） |  范德华（主-客体） |","决赛要求 金属有机与超分子 超分子作用力 rc_30d 化竞 决赛 超分子","Chem::Core","[[超分子作用力]]","30d","总结卡",""
"什么是超分子聚合物？","单体通过非共价键（氢键、金属配位、主客体识别等）连接形成的高分子量聚集体系。","决赛要求 金属有机与超分子 超分子聚合物 rc_30d 化竞 决赛 超分子","Chem::Core","[[超分子聚合物]]","30d","概念卡",""
"什么是迁移插入？","迁移插入（migratory insertion）是金属有机化学中配体插入M–L键或M–R键的反应，通常涉及不饱和配体（如CO、烯烃、炔烃）插入到金属-烷基/氢/杂原子键中。它是催化循环中构建C–C键和C–杂原子键的关键步骤。","决赛要求 金属有机与超分子 迁移插入 rc_30d 化竞 决赛 金属有机 催化","Chem::Core","[[迁移插入]]","30d","概念卡",""
"什么是过渡金属催化基础？","过渡金属催化（Transition Metal Catalysis）：利用 d 区金属（主要是 Pd, Ni, Cu, Rh, Ru 等）的可变氧化态和配位能力，通过催化循环实现 C–C、C–H、C–杂原子键的构建与转化的反应体系。","有机化学 决赛要求 金属有机与超分子 过渡金属催化基础 rc_30d 化竞 过渡金属催化 钯催化 氧化加成","Chem::Core","[[过渡金属催化基础]]","30d","概念卡","关键结论：
• 五大基元反应是理解所有过渡金属催化反应的""字母表""——任何复杂循环都可拆解为这五种• Pd(0) 启动，Pd(II) 工作——Pd 催化的核心氧化态循环• 还原消除要求 cis 构型——trans 构型无法发生 RE• β-H 消除要求 syn 共平面——这是 Heck 产物立体化学的根源• 配体不是旁观者——直接调控反应速率、选择性、稳定性

---"
"过渡金属催化基础 的关键结论有哪些？","• 五大基元反应是理解所有过渡金属催化反应的""字母表""——任何复杂循环都可拆解为这五种• Pd(0) 启动，Pd(II) 工作——Pd 催化的核心氧化态循环• 还原消除要求 cis 构型——trans 构型无法发生 RE• β-H 消除要求 syn 共平面——这是 Heck 产物立体化学的根源• 配体不是旁观者——直接调控反应速率、选择性、稳定性

---","有机化学 决赛要求 金属有机与超分子 过渡金属催化基础 rc_30d 化竞 过渡金属催化 钯催化 氧化加成","Chem::Core","[[过渡金属催化基础]]","30d","总结卡","过渡金属催化（Transition Metal Catalysis）：利用 d 区金属（主要是 Pd, Ni, Cu, Rh, Ru 等）的可变氧化态和配位能力，通过催化循环实现 C–C、C–H、C–杂原子键的构建与转化的反应体系。"
"过渡金属催化基础 有哪些常见易错点？","• ❌ 认为催化循环中金属氧化态不变 → 实际是循环变化的（如 Pd(0) ↔ Pd(II)）• ❌ 混淆迁移插入和还原消除 → MI 不生成新键离开金属；RE 生成产物并再生催化剂• ❌ 忽略 β-H 消除的 syn 要求 → 只有 syn 共平面才能发生，这决定了 Heck 产物的立体化学• ❌ 认为所有配体都加速反应 → 配位太强的溶剂（如 Py）可能抑制反应• ❌ 转金属和氧化加成混淆 → 转金属氧化态不变；氧化加成 +2• ❌ 忽略 cis 要求对还原消除的限制 → trans 双膦配体可能抑制 RE

---","有机化学 决赛要求 金属有机与超分子 过渡金属催化基础 rc_30d 化竞 过渡金属催化 钯催化 氧化加成","Chem::Core","[[过渡金属催化基础]]","30d","易错点卡","过渡金属催化（Transition Metal Catalysis）：利用 d 区金属（主要是 Pd, Ni, Cu, Rh, Ru 等）的可变氧化态和配位能力，通过催化循环实现 C–C、C–H、C–杂原子键的构建与转化的反应体系。"
"什么是金属-碳键？","金属-碳键（M–C键）是金属有机化合物的核心化学键，其性质（极性、强度、反应性）直接决定了金属有机化合物的稳定性和反应活性。","决赛要求 金属有机与超分子 金属-碳键 rc_30d 化竞 决赛 金属有机 配位化学","Chem::Core","[[金属-碳键]]","30d","概念卡",""
"什么是金属有机化学深化？","金属有机化学（Organometallic Chemistry）是研究含有金属-碳键（M-C）的化合物及其反应的化学分支。过渡金属有机化学则聚焦于 d 区元素与有机配体形成的配合物，其核心特征在于金属中心可经历可逆的氧化态变化，并通过配体的配位与解离实现催化循环。18 电子规则是判断金属有机配合物稳定性的首要工具，而配体的 X/L 分类法则是理解电子计数与反应性的基础框架。","决赛要求 金属有机与超分子 金属有机化学深化 rc_30d 化竞 决赛 金属有机","Chem::Core","[[金属有机化学深化]]","30d","概念卡","关键结论：
• 18 电子规则是稳定性的必要条件，但不是充分条件——有些 16 电子配合物因几何约束而稳定（如 d⁸ 平面四边形配合物）。• 氧化态变化是催化循环的核心驱动力——Pd(0)/Pd(II) 循环是交叉偶联的基础。• 无 β-H 的烷基配合物更稳定——这是设计稳定金属有机化合物的基本原则（如 CH₃、新戊基、Ph）。• 有机硼酸是竞赛中 C-C 键形成的首选试剂——稳定性、低毒性、条件温和使其在 Suzuki 偶联中独占鳌头。• 配体决定反应性，金属决定可能性——膦配体的位阻和电子效应直接调控氧化加成/还原消除的速率。

---"
"金属有机化学深化 的关键结论有哪些？","• 18 电子规则是稳定性的必要条件，但不是充分条件——有些 16 电子配合物因几何约束而稳定（如 d⁸ 平面四边形配合物）。• 氧化态变化是催化循环的核心驱动力——Pd(0)/Pd(II) 循环是交叉偶联的基础。• 无 β-H 的烷基配合物更稳定——这是设计稳定金属有机化合物的基本原则（如 CH₃、新戊基、Ph）。• 有机硼酸是竞赛中 C-C 键形成的首选试剂——稳定性、低毒性、条件温和使其在 Suzuki 偶联中独占鳌头。• 配体决定反应性，金属决定可能性——膦配体的位阻和电子效应直接调控氧化加成/还原消除的速率。

---","决赛要求 金属有机与超分子 金属有机化学深化 rc_30d 化竞 决赛 金属有机","Chem::Core","[[金属有机化学深化]]","30d","总结卡","金属有机化学（Organometallic Chemistry）是研究含有金属-碳键（M-C）的化合物及其反应的化学分支。过渡金属有机化学则聚焦于 d 区元素与有机配体形成的配合物，其核心特征在于金属中心可经历可逆的氧化态变化，并通过配体的配位与解离实现催化循环。18 电子规则是判断金属有机配合物稳定性的首要工具，而配体的 X/L 分类法则是理解电子计数与反应性的基础框架。"
"金属有机化学深化 有哪些常见易错点？","|  易错点  |  错误认知  |  正确理解  | 
 | :--- | :--- | :--- | 
 |  18 电子规则的绝对化  |  ""所有稳定配合物都满足 18e""  |  16e 配合物（如 d⁸ 平面四边形）可稳定存在；早期过渡金属可超 18e  | 
 |  氧化态计算混乱  |  ""CO 是 -2，PR₃ 是 -3""  |  CO、PR₃ 等中性配体不改变氧化态；只有 X 型配体（Cl⁻, R⁻, H⁻）使氧化态 +1  | 
 |  Fischer vs Schrock 混淆  |  ""Fischer 卡宾亲核，Schrock 亲电""  |  恰恰相反：Fischer 卡宾碳亲电（低氧化态金属），Schrock 卡宾碳亲核（高氧化态金属） | 
 |  有机铜的 1,2-加成  |  ""有机铜与格氏试剂一样加成羰基""  |  Gilman 试剂主要做 1,4-共轭加成，不直接加成饱和酮  | 
 |  二茂铁电子数  |  ""二茂铁 18e""  |  二茂铁是 20e，但因芳香性稳定，是例外  | 
 |  Pd(0) 与 Pd(II) 的混淆  |  ""Pd 催化循环中氧化态不变""  |  Pd(0) ↔ Pd(II) 是交叉偶联的核心；Cu(I)/Cu(II) 在 Wacker 中同理  | 
 |  配体解离忽视  |  ""Pd(PPh₃)₄ 直接参与氧化加成""  |  溶液中先解离为 Pd(PPh₃)₃（16e），再与底物配位  | 

---","决赛要求 金属有机与超分子 金属有机化学深化 rc_30d 化竞 决赛 金属有机","Chem::Core","[[金属有机化学深化]]","30d","易错点卡","金属有机化学（Organometallic Chemistry）是研究含有金属-碳键（M-C）的化合物及其反应的化学分支。过渡金属有机化学则聚焦于 d 区元素与有机配体形成的配合物，其核心特征在于金属中心可经历可逆的氧化态变化，并通过配体的配位与解离实现催化循环。18 电子规则是判断金属有机配合物稳定性的首要工具，而配体的 X/L 分类法则是理解电子计数与反应性的基础框架。"
"什么是Lambert-Beer定律？","朗伯-比尔定律（Lambert-Beer Law）是光吸收的基本定律，是吸光光度法进行定量分析的理论基础。它表明：当一束平行单色光通过含有吸光物质的均匀非散射溶液时，溶液的吸光度与吸光物质的浓度及吸收层厚度成正比。","分析化学 分光光度法 Lambert-Beer定律 rc_30d 化竞 光谱","Chem::Core","[[Lambert-Beer定律]]","30d","概念卡","关键结论：
|  符号  |  名称  |  单位  |  说明  | 
 | ------ | ------ | ------ | ------ | 
 |  A  |  吸光度  |  无量纲  |  A = \lg(I_0/I_{\mathrm{t}})  | 
 |  T  |  透射比  |  无量纲  |  T = I_{\mathrm{t}}/I_0  | 
 |  \kappa（或 \varepsilon）  |  摩尔吸收系数  |  \mathrm{L\cdot mol^{-1}\cdot cm^{-1}}  |  反映方法灵敏度  | 
 |  b  |  液层厚度（光程）  |  cm  |  通常使用 1 cm 吸收池  | 
 |  c  |  浓度  |  \mathrm{mol\cdot L^{-1}}  |  —  | 

吸光度测量的最佳范围：
• 当 T = 15\% \sim 65\%（即 A = 0.2 \sim 0.8）时，浓度测量的相对误差较小
• 当 A = 0.434（T = 36.8\%）时，测量的相对误差最小

测量相对误差公式：
E_{\mathrm{r}} = \frac{\mathrm{d}c}{c}\times 100\% = \frac{\mathrm{d}T}{T\ln T}\times 100\%"
"Lambert-Beer定律 的关键结论有哪些？","|  符号  |  名称  |  单位  |  说明  | 
 | ------ | ------ | ------ | ------ | 
 |  A  |  吸光度  |  无量纲  |  A = \lg(I_0/I_{\mathrm{t}})  | 
 |  T  |  透射比  |  无量纲  |  T = I_{\mathrm{t}}/I_0  | 
 |  \kappa（或 \varepsilon）  |  摩尔吸收系数  |  \mathrm{L\cdot mol^{-1}\cdot cm^{-1}}  |  反映方法灵敏度  | 
 |  b  |  液层厚度（光程）  |  cm  |  通常使用 1 cm 吸收池  | 
 |  c  |  浓度  |  \mathrm{mol\cdot L^{-1}}  |  —  | 

吸光度测量的最佳范围：
• 当 T = 15\% \sim 65\%（即 A = 0.2 \sim 0.8）时，浓度测量的相对误差较小
• 当 A = 0.434（T = 36.8\%）时，测量的相对误差最小

测量相对误差公式：
E_{\mathrm{r}} = \frac{\mathrm{d}c}{c}\times 100\% = \frac{\mathrm{d}T}{T\ln T}\times 100\%","分析化学 分光光度法 Lambert-Beer定律 rc_30d 化竞 光谱","Chem::Core","[[Lambert-Beer定律]]","30d","总结卡","朗伯-比尔定律（Lambert-Beer Law）是光吸收的基本定律，是吸光光度法进行定量分析的理论基础。它表明：当一束平行单色光通过含有吸光物质的均匀非散射溶液时，溶液的吸光度与吸光物质的浓度及吸收层厚度成正比。"
"Lambert-Beer定律 有哪些常见易错点？","• 混淆透射比 T 和百分透射比 T\%（差 100 倍）
• 将 A = \lg(1/T) 误写为 A = \ln(1/T)（真实关系为 A = -\lg T = -0.434\ln T）
• 认为 \kappa 是通用常数——实际上随波长和条件变化
• 忽略化学偏离——如测定 CrO4^{2-} 时未控制 pH，部分转化为 Cr2O7^{2-} 导致吸收改变","分析化学 分光光度法 Lambert-Beer定律 rc_30d 化竞 光谱","Chem::Core","[[Lambert-Beer定律]]","30d","易错点卡","朗伯-比尔定律（Lambert-Beer Law）是光吸收的基本定律，是吸光光度法进行定量分析的理论基础。它表明：当一束平行单色光通过含有吸光物质的均匀非散射溶液时，溶液的吸光度与吸光物质的浓度及吸收层厚度成正比。"
"什么是NMR谱学？","核磁共振（NMR）是化学竞赛决赛中的核心表征手段，广泛用于确定分子结构、研究动态过程和测定物理化学参数。NMR 基于具有核自旋的原子核在外磁场中的能级分裂和射频辐射诱导的共振跃迁。","分析化学 波谱分析 NMR谱学 rc_30d 化竞 NMR 结构表征 动态NMR","Chem::Core","[[NMR谱学]]","30d","概念卡","关键结论：
化学位移（δ）

定义：

\delta = \frac{\nu_{\text{sample}} - \nu_{\text{TMS}}}{\nu_{\text{spectrometer}}} \times 10^6 \quad (\text{ppm})

影响化学位移的因素：

 |  因素  |  效应  |  趋势  | 
 | :--- | :--- | :--- | 
 |  电负性  |  诱导效应  |  邻位电负性基团↑ → δ↑  | 
 |  磁各向异性  |  环电流效应  |  苯环下屏蔽，平面外去屏蔽  | 
 |  氢键  |  电子云密度降低  |  氢键使 δ↑（如 –OH 可变化） | 
 |  溶剂效应  |  溶剂极化  |  极性溶剂通常 δ 增大  | 

常见化学位移范围（¹H NMR）：• TMS：0 ppm• 烷基 CH₃：0.9–1.5 ppm• 烯烃 =CH–：4.5–6.5 ppm• 芳香 ArH：6.5–8.5 ppm• 醛基 CHO：9–10 ppm• 羧酸 COOH：10–13 ppm• 可交换质子（–OH / –NH₂）：1–5 ppm（可变）

自旋-自旋偶合

n+1 规则：• 与 n 个等价相邻质子偶合 → 裂分为 n+1 重峰• 强度比符合 Pascal 三角

偶合常数 J：• ²J（同碳偶合）：10–15 Hz• ³J（邻位偶合，vicinal）：6–8 Hz（反式 > 顺式），取决于二面角（Karplus 关系）• ⁴J（远程偶合，W-型）：0–3 Hz，特殊几何才可观

磁不等价质子：• 同一个 CH₂ 上的两个 H 可能不等价（如手性中心邻位的 CH₂、环己烷的 a/e 键）• 表现为 AB 体系（而不是简单的双峰）

积分与结构推求• 积分面积与质子数成正比（积分比 = 质子数比，不是绝对数量）• 结构推求逻辑链：分子式 → 不饱和度 → 特征峰（δ）→ 裂分模式 → 拼接结构"
"NMR谱学 的关键结论有哪些？","化学位移（δ）

定义：

\delta = \frac{\nu_{\text{sample}} - \nu_{\text{TMS}}}{\nu_{\text{spectrometer}}} \times 10^6 \quad (\text{ppm})

影响化学位移的因素：

 |  因素  |  效应  |  趋势  | 
 | :--- | :--- | :--- | 
 |  电负性  |  诱导效应  |  邻位电负性基团↑ → δ↑  | 
 |  磁各向异性  |  环电流效应  |  苯环下屏蔽，平面外去屏蔽  | 
 |  氢键  |  电子云密度降低  |  氢键使 δ↑（如 –OH 可变化） | 
 |  溶剂效应  |  溶剂极化  |  极性溶剂通常 δ 增大  | 

常见化学位移范围（¹H NMR）：• TMS：0 ppm• 烷基 CH₃：0.9–1.5 ppm• 烯烃 =CH–：4.5–6.5 ppm• 芳香 ArH：6.5–8.5 ppm• 醛基 CHO：9–10 ppm• 羧酸 COOH：10–13 ppm• 可交换质子（–OH / –NH₂）：1–5 ppm（可变）

自旋-自旋偶合

n+1 规则：• 与 n 个等价相邻质子偶合 → 裂分为 n+1 重峰• 强度比符合 Pascal 三角

偶合常数 J：• ²J（同碳偶合）：10–15 Hz• ³J（邻位偶合，vicinal）：6–8 Hz（反式 > 顺式），取决于二面角（Karplus 关系）• ⁴J（远程偶合，W-型）：0–3 Hz，特殊几何才可观

磁不等价质子：• 同一个 CH₂ 上的两个 H 可能不等价（如手性中心邻位的 CH₂、环己烷的 a/e 键）• 表现为 AB 体系（而不是简单的双峰）

积分与结构推求• 积分面积与质子数成正比（积分比 = 质子数比，不是绝对数量）• 结构推求逻辑链：分子式 → 不饱和度 → 特征峰（δ）→ 裂分模式 → 拼接结构","分析化学 波谱分析 NMR谱学 rc_30d 化竞 NMR 结构表征 动态NMR","Chem::Core","[[NMR谱学]]","30d","总结卡","核磁共振（NMR）是化学竞赛决赛中的核心表征手段，广泛用于确定分子结构、研究动态过程和测定物理化学参数。NMR 基于具有核自旋的原子核在外磁场中的能级分裂和射频辐射诱导的共振跃迁。"
"NMR谱学 有哪些常见易错点？","• 化学位移与屏蔽的关系：屏蔽↑ → 电子云密度↑ → δ↓（向高场移动）• 等价质子的判断：化学等价 + 磁等价，两者缺一不可• 动力学 NMR 的协同过程：如 Be(C₅H₅)₂ 需同时考虑 1,5-σ 迁移和环翻转• 积分面积与质子数：积分比 = 质子数比，不是绝对数量• n+1 规则的前提：相邻质子必须等价，磁不等价时出现 AB 体系• 可交换质子的位置：–OH、–NH 的化学位移随浓度、温度、溶剂变化","分析化学 波谱分析 NMR谱学 rc_30d 化竞 NMR 结构表征 动态NMR","Chem::Core","[[NMR谱学]]","30d","易错点卡","核磁共振（NMR）是化学竞赛决赛中的核心表征手段，广泛用于确定分子结构、研究动态过程和测定物理化学参数。NMR 基于具有核自旋的原子核在外磁场中的能级分裂和射频辐射诱导的共振跃迁。"
"什么是偏差？","偏差（deviation）是单次测量值 x_i 与平均值 \bar{x} 的差值，用于衡量精密度。与误差不同，偏差不涉及真值。","分析化学 误差与数据处理 偏差 rc_30d 化竞","Chem::Core","[[偏差]]","30d","概念卡","关键结论：
常用偏差表示

 |  名称  |  公式  |  说明  | 
 | ------ | ------ | ------ | 
 |  绝对偏差  |  d_i = x_i - \bar{x}  |  有正负，\sum d_i = 0  | 
 |  平均偏差  |  \bar{d} = \frac{\sum  | d_i | }{n}  |  适用于 n 较小（3~4次）  | 
 |  相对平均偏差  |  \bar{d}_{\mathrm{r}} = \frac{\bar{d}}{\bar{x}} \times 100\%  |  无量纲，便于比较  | 
 |  标准偏差  |  s = \sqrt{\frac{\sum(x_i - \bar{x})^2}{n-1}}  |  最常用，n-1 为自由度  | 
 |  RSD（变异系数）  |  s_{\mathrm{r}} = \frac{s}{\bar{x}} \times 100\%  |  竞赛中""合格""常指 \text{RSD} \leq 0.2\%  | 
 |  极差（全距）  |  R = x_{\max} - x_{\min}  |  简单直观，但未利用全部数据  | 

中位数

将数据排序后，n 为奇数取正中值，n 为偶数取中间两数的平均值。受离群值影响较小，但未充分利用数据。"
"偏差 的关键结论有哪些？","常用偏差表示

 |  名称  |  公式  |  说明  | 
 | ------ | ------ | ------ | 
 |  绝对偏差  |  d_i = x_i - \bar{x}  |  有正负，\sum d_i = 0  | 
 |  平均偏差  |  \bar{d} = \frac{\sum  | d_i | }{n}  |  适用于 n 较小（3~4次）  | 
 |  相对平均偏差  |  \bar{d}_{\mathrm{r}} = \frac{\bar{d}}{\bar{x}} \times 100\%  |  无量纲，便于比较  | 
 |  标准偏差  |  s = \sqrt{\frac{\sum(x_i - \bar{x})^2}{n-1}}  |  最常用，n-1 为自由度  | 
 |  RSD（变异系数）  |  s_{\mathrm{r}} = \frac{s}{\bar{x}} \times 100\%  |  竞赛中""合格""常指 \text{RSD} \leq 0.2\%  | 
 |  极差（全距）  |  R = x_{\max} - x_{\min}  |  简单直观，但未利用全部数据  | 

中位数

将数据排序后，n 为奇数取正中值，n 为偶数取中间两数的平均值。受离群值影响较小，但未充分利用数据。","分析化学 误差与数据处理 偏差 rc_30d 化竞","Chem::Core","[[偏差]]","30d","总结卡","偏差（deviation）是单次测量值 x_i 与平均值 \bar{x} 的差值，用于衡量精密度。与误差不同，偏差不涉及真值。"
"偏差 有哪些常见易错点？","• 标准偏差公式分母是 n-1 不是 n——自由度问题
• RSD 和相对平均偏差是不同概念，不能混淆
• 计算 s 时 \sum d_i^2 中的 d_i 是有正负的，但平方后都为正
• 极差虽然计算简单，但不能代替标准偏差用于严格统计推断
• 有效数字：s 一般保留 1\sim 2 位有效数字，RSD 亦然","分析化学 误差与数据处理 偏差 rc_30d 化竞","Chem::Core","[[偏差]]","30d","易错点卡","偏差（deviation）是单次测量值 x_i 与平均值 \bar{x} 的差值，用于衡量精密度。与误差不同，偏差不涉及真值。"
"什么是元素分析？","元素分析（elemental analysis）是指通过化学或物理方法测定化合物中各元素的质量分数或原子比的实验技术。","分析化学 仪器分析 元素分析 rc_30d 化竞","Chem::Core","[[元素分析]]","30d","概念卡","关键结论：
4.1 各元素分析方法比较

 |  元素  |  经典方法  |  现代方法  |  测定产物  | 
 | :--- | :--- | :--- | :--- | 
 |  C  |  Liebig 燃烧法  |  CHN 分析仪  |  \mathrm{CO_2}  | 
 |  H  |  Liebig 燃烧法  |  CHN 分析仪  |  \mathrm{H_2O}  | 
 |  N  |  Dumas / Kjeldahl  |  CHN 分析仪  |  \mathrm{N_2}  | 
 |  O  |  差减法  |  专用氧分析仪  |  \mathrm{CO} 或差减  | 
 |  S  |  Carius 法  |  元素分析仪  |  \mathrm{SO_2}  | 
 |  卤素  |  Carius 法  |  氧瓶燃烧-滴定  |  卤化银沉淀  | 
 |  P  |  钼蓝比色法  |  ICP-OES/MS  |  磷钼蓝  | 
 |  金属  |  灰化-重量法  |  AAS / ICP-MS  |  氧化物或离子  | 

4.2 常见误差来源• 样品不纯：杂质会系统性地改变元素比例• 燃烧不完全：产生 CO 而非 \mathrm{CO_2}，导致 C 值偏低• 吸湿：样品或吸收剂吸水导致 H 值偏高• 吸附气体：样品吸附空气中的 \mathrm{CO_2} 或水蒸气• 空白校正：未做空白实验导致系统误差

4.3 元素分析与结构推断的综合应用

在有机化学推断题中，元素分析通常与其他谱学数据联合使用：

 |  数据类型  |  提供信息  | 
 | :--- | :--- | 
 |  元素分析  |  实验式、各元素比例  | 
 |  质谱 (MS)  |  分子量、碎片信息  | 
 |  红外光谱 (IR)  |  官能团  | 
 |  核磁共振 (NMR)  |  碳氢骨架、氢原子环境  | 
 |  热重分析 (TGA)  |  热稳定性、组成变化  |"
"元素分析 的关键结论有哪些？","4.1 各元素分析方法比较

 |  元素  |  经典方法  |  现代方法  |  测定产物  | 
 | :--- | :--- | :--- | :--- | 
 |  C  |  Liebig 燃烧法  |  CHN 分析仪  |  \mathrm{CO_2}  | 
 |  H  |  Liebig 燃烧法  |  CHN 分析仪  |  \mathrm{H_2O}  | 
 |  N  |  Dumas / Kjeldahl  |  CHN 分析仪  |  \mathrm{N_2}  | 
 |  O  |  差减法  |  专用氧分析仪  |  \mathrm{CO} 或差减  | 
 |  S  |  Carius 法  |  元素分析仪  |  \mathrm{SO_2}  | 
 |  卤素  |  Carius 法  |  氧瓶燃烧-滴定  |  卤化银沉淀  | 
 |  P  |  钼蓝比色法  |  ICP-OES/MS  |  磷钼蓝  | 
 |  金属  |  灰化-重量法  |  AAS / ICP-MS  |  氧化物或离子  | 

4.2 常见误差来源• 样品不纯：杂质会系统性地改变元素比例• 燃烧不完全：产生 CO 而非 \mathrm{CO_2}，导致 C 值偏低• 吸湿：样品或吸收剂吸水导致 H 值偏高• 吸附气体：样品吸附空气中的 \mathrm{CO_2} 或水蒸气• 空白校正：未做空白实验导致系统误差

4.3 元素分析与结构推断的综合应用

在有机化学推断题中，元素分析通常与其他谱学数据联合使用：

 |  数据类型  |  提供信息  | 
 | :--- | :--- | 
 |  元素分析  |  实验式、各元素比例  | 
 |  质谱 (MS)  |  分子量、碎片信息  | 
 |  红外光谱 (IR)  |  官能团  | 
 |  核磁共振 (NMR)  |  碳氢骨架、氢原子环境  | 
 |  热重分析 (TGA)  |  热稳定性、组成变化  |","分析化学 仪器分析 元素分析 rc_30d 化竞","Chem::Core","[[元素分析]]","30d","总结卡","元素分析（elemental analysis）是指通过化学或物理方法测定化合物中各元素的质量分数或原子比的实验技术。"
"元素分析 有哪些常见易错点？","• 燃烧法中氧的来源混淆：产物中的氧来自样品和氧气两者，不能直接用产物氧的量计算样品中的氧• 忽略氮的氧化产物：若用燃烧法测氮，氮会生成氮氧化物，需用还原剂还原为 \mathrm{N_2}• 水的吸收不完全：若吸收剂失效或水量过大，会导致氢含量测定偏低• 分子量测定误差大：若分子量测定不准，会导致分子式推断错误","分析化学 仪器分析 元素分析 rc_30d 化竞","Chem::Core","[[元素分析]]","30d","易错点卡","元素分析（elemental analysis）是指通过化学或物理方法测定化合物中各元素的质量分数或原子比的实验技术。"
"什么是准确度？","准确度（accuracy）表示测量值 x 与真值 x_{\mathrm{T}} 的接近程度，由系统误差决定，用误差衡量。","分析化学 误差与数据处理 准确度 rc_30d 化竞","Chem::Core","[[准确度]]","30d","概念卡","关键结论：
准确度与精密度的关系

用打靶类比（四人同时测定铁矿石中 \mathrm{Fe_2O_3} 含量，真值 50.36\%）：

 |  人员  |  精密度  |  准确度  |  评价  | 
 | ------ | :---: | :---: | ------ | 
 |  甲  |  高  |  高  |  结果可靠  | 
 |  乙  |  高  |  低  |  有系统误差  | 
 |  丙  |  低  |  低  |  完全不可靠  | 
 |  丁  |  低  |  平均值巧合接近真值  |  不可靠，纯属巧合  | 

核心关系：
• 精密度高 \neq 准确度高（可能存在系统误差使所有数据都偏离同一方向）
• 准确度高 \Rightarrow 精密度必然高（精密是准确的前提）
• 精密度低时，讨论准确度无意义
• 在确认消除系统误差后，可用精密度表达准确度

系统误差的校正方法

 |  方法  |  说明  | 
 | ------ | ------ | 
 |  对照试验  |  用标准物质或标准方法对照，检查系统误差  | 
 |  空白试验  |  不加试样做全程操作，扣除试剂/器皿引入的误差  | 
 |  校准仪器  |  对天平、砝码、容量器皿等定期校准  | 
 |  方法校正  |  如用回收率校正分析结果  |"
"准确度 的关键结论有哪些？","准确度与精密度的关系

用打靶类比（四人同时测定铁矿石中 \mathrm{Fe_2O_3} 含量，真值 50.36\%）：

 |  人员  |  精密度  |  准确度  |  评价  | 
 | ------ | :---: | :---: | ------ | 
 |  甲  |  高  |  高  |  结果可靠  | 
 |  乙  |  高  |  低  |  有系统误差  | 
 |  丙  |  低  |  低  |  完全不可靠  | 
 |  丁  |  低  |  平均值巧合接近真值  |  不可靠，纯属巧合  | 

核心关系：
• 精密度高 \neq 准确度高（可能存在系统误差使所有数据都偏离同一方向）
• 准确度高 \Rightarrow 精密度必然高（精密是准确的前提）
• 精密度低时，讨论准确度无意义
• 在确认消除系统误差后，可用精密度表达准确度

系统误差的校正方法

 |  方法  |  说明  | 
 | ------ | ------ | 
 |  对照试验  |  用标准物质或标准方法对照，检查系统误差  | 
 |  空白试验  |  不加试样做全程操作，扣除试剂/器皿引入的误差  | 
 |  校准仪器  |  对天平、砝码、容量器皿等定期校准  | 
 |  方法校正  |  如用回收率校正分析结果  |","分析化学 误差与数据处理 准确度 rc_30d 化竞","Chem::Core","[[准确度]]","30d","总结卡","准确度（accuracy）表示测量值 x 与真值 x_{\mathrm{T}} 的接近程度，由系统误差决定，用误差衡量。"
"准确度 有哪些常见易错点？","• 把""数据重现性好""等同于""准确度高""——可能所有数据都偏高或偏低
• 认为多次测量取平均值可以提高准确度——只能提高精密度（减小随机误差），不能消除系统误差
• 回收率接近 100% 不等于没有系统误差——可能存在互相抵消的误差
• 混淆准确度（accuracy）和精密度（precision）的英文术语","分析化学 误差与数据处理 准确度 rc_30d 化竞","Chem::Core","[[准确度]]","30d","易错点卡","准确度（accuracy）表示测量值 x 与真值 x_{\mathrm{T}} 的接近程度，由系统误差决定，用误差衡量。"
"什么是分光光度法？","吸光光度法（分光光度法）是基于物质对光的选择性吸收而建立的分析方法。利用有色溶液对可见光的吸收进行测定称为比色法（比色分析）；随着分光光度计的发展，光的测量从混合光进展为单波长光，从可见光区扩展到紫外和红外区，比色法发展为吸光光度法。","分析化学 分光光度法 rc_30d 化竞 光谱","Chem::Core","[[分光光度法]]","30d","概念卡","关键结论：
最佳吸光度测量条件

最佳吸光度 A = 0.434（T = 36.8\%）时相对误差最小——这是 2016 年决赛考点。

误差传递推导：

E_\mathrm{r} = \frac{\mathrm{d}T}{T \cdot \ln T}

最小值在 T = e^{-1} \approx 0.368（即 A = 0.434）处取得。

分光光度计五大部件：

 |  部件  |  功能  |  常见类型  | 
 | ------ | ------ | --------- | 
 |  光源  |  提供复合光  |  可见区：钨丝灯（360~800 nm）；紫外区：氘灯  | 
 |  单色器  |  将复合光分解为单色光  |  棱镜（玻璃/石英）或光栅  | 
 |  吸收池  |  盛放试液  |  可见区用玻璃，紫外区用石英，厚度 0.5~5 cm  | 
 |  检测器  |  光电转换  |  光电管（红敏/紫敏）或光电倍增管  | 
 |  数据处理  |  显示/记录 A 或 T  |  检流计、数字显示、计算机采集  | 

参比溶液的作用：消除吸收池壁及溶剂对入射光反射和吸收的误差，并扣除干扰。

定量方法：• 标准曲线法：配制系列标准溶液 → 测 A → 作 A-c 图 → 样品 A 查 c• 示差吸光光度法：以比待测溶液浓度稍低的标准溶液作参比，测定 \Delta A = \kappa b\Delta c，适用于高浓度或低浓度样品• 标准加入法：在样品中加入已知量的标准物质，适用于基体复杂的样品"
"分光光度法 的关键结论有哪些？","最佳吸光度测量条件

最佳吸光度 A = 0.434（T = 36.8\%）时相对误差最小——这是 2016 年决赛考点。

误差传递推导：

E_\mathrm{r} = \frac{\mathrm{d}T}{T \cdot \ln T}

最小值在 T = e^{-1} \approx 0.368（即 A = 0.434）处取得。

分光光度计五大部件：

 |  部件  |  功能  |  常见类型  | 
 | ------ | ------ | --------- | 
 |  光源  |  提供复合光  |  可见区：钨丝灯（360~800 nm）；紫外区：氘灯  | 
 |  单色器  |  将复合光分解为单色光  |  棱镜（玻璃/石英）或光栅  | 
 |  吸收池  |  盛放试液  |  可见区用玻璃，紫外区用石英，厚度 0.5~5 cm  | 
 |  检测器  |  光电转换  |  光电管（红敏/紫敏）或光电倍增管  | 
 |  数据处理  |  显示/记录 A 或 T  |  检流计、数字显示、计算机采集  | 

参比溶液的作用：消除吸收池壁及溶剂对入射光反射和吸收的误差，并扣除干扰。

定量方法：• 标准曲线法：配制系列标准溶液 → 测 A → 作 A-c 图 → 样品 A 查 c• 示差吸光光度法：以比待测溶液浓度稍低的标准溶液作参比，测定 \Delta A = \kappa b\Delta c，适用于高浓度或低浓度样品• 标准加入法：在样品中加入已知量的标准物质，适用于基体复杂的样品","分析化学 分光光度法 rc_30d 化竞 光谱","Chem::Core","[[分光光度法]]","30d","总结卡","吸光光度法（分光光度法）是基于物质对光的选择性吸收而建立的分析方法。利用有色溶液对可见光的吸收进行测定称为比色法（比色分析）；随着分光光度计的发展，光的测量从混合光进展为单波长光，从可见光区扩展到紫外和红外区，比色法发展为吸光光度法。"
"分光光度法 有哪些常见易错点？","• 混淆吸收光谱与标准曲线：吸收光谱是 A-\lambda 曲线，标准曲线是 A-c 曲线• 参比溶液选错导致标准曲线不通过原点• 未控制显色剂用量导致多级配位化合物比例不一致• 忽视酸度对显色反应配比的影响（如磺基水杨酸-Fe^{3+} 在不同 pH 下显不同颜色）","分析化学 分光光度法 rc_30d 化竞 光谱","Chem::Core","[[分光光度法]]","30d","易错点卡","吸光光度法（分光光度法）是基于物质对光的选择性吸收而建立的分析方法。利用有色溶液对可见光的吸收进行测定称为比色法（比色分析）；随着分光光度计的发展，光的测量从混合光进展为单波长光，从可见光区扩展到紫外和红外区，比色法发展为吸光光度法。"
"什么是分布分数？","分布分数（distribution fraction, \delta）表示酸碱平衡体系中某特定存在形态的浓度占总浓度的分数。它描述了不同 pH 条件下各形态的相对含量分布。","分析化学 酸碱平衡 分布分数 rc_30d 化竞 计算","Chem::Core","[[分布分数]]","30d","概念卡","关键结论：
分布分数的核心性质• 归一性：所有形态的分布分数之和为 1，即 \sum \delta_i = 1• pH = pKa 转折点：一元酸在 \mathrm{pH} = \mathrm{p}K_\mathrm{a} 时 \delta = 0.5；多元酸在各 \mathrm{p}K_\mathrm{a} 处相邻两形态的 \delta 相等• 形态优势区：\mathrm{pH} < \mathrm{p}K_\mathrm{a} - 1 时酸式形态占主导；\mathrm{pH} > \mathrm{p}K_\mathrm{a} + 1 时碱式形态占主导"
"分布分数 的关键结论有哪些？","分布分数的核心性质• 归一性：所有形态的分布分数之和为 1，即 \sum \delta_i = 1• pH = pKa 转折点：一元酸在 \mathrm{pH} = \mathrm{p}K_\mathrm{a} 时 \delta = 0.5；多元酸在各 \mathrm{p}K_\mathrm{a} 处相邻两形态的 \delta 相等• 形态优势区：\mathrm{pH} < \mathrm{p}K_\mathrm{a} - 1 时酸式形态占主导；\mathrm{pH} > \mathrm{p}K_\mathrm{a} + 1 时碱式形态占主导","分析化学 酸碱平衡 分布分数 rc_30d 化竞 计算","Chem::Core","[[分布分数]]","30d","总结卡","分布分数（distribution fraction, \delta）表示酸碱平衡体系中某特定存在形态的浓度占总浓度的分数。它描述了不同 pH 条件下各形态的相对含量分布。"
"什么是副反应系数？","副反应系数（side reaction coefficient, \alpha）表示在配位滴定中，由于酸效应、配位效应、共存离子效应等副反应的存在，使参与主反应的有效浓度降低的倍数。所有副反应系数 \alpha \geq 1，取对数后 \lg\alpha \geq 0。","分析化学 配位滴定 副反应系数 rc_30d 化竞 EDTA 计算","Chem::Core","[[副反应系数]]","30d","概念卡","关键结论：
• 副反应系数的本质：\alpha = c_{\text{总}}/c_{\text{游离}}，表示由于副反应存在，使参与主反应的有效浓度降低的倍数。所有副反应系数 \alpha \geqslant 1，\alpha = 1 表示无副反应。• 酸效应系数是 EDTA 滴定的核心限制：\lg\alpha_{\mathrm{Y(H)}} 随 pH 降低急剧增大。\mathrm{pH} \geqslant 12 时 \lg\alpha_{\mathrm{Y(H)}} \approx 0；pH 1.0 时 \lg\alpha_{\mathrm{Y(H)}} = 18.3——这意味着在强酸性条件下，EDTA 的有效浓度仅为总浓度的 10^{-18.3}。• 共存离子效应的计算：\alpha_{\mathrm{Y(N)}} = 1 + K_{\mathrm{NY}}[\mathrm{N}]。当 K_{\mathrm{NY}}[\mathrm{N}] \gg 1 时，\alpha_{\mathrm{Y(N)}} \approx K_{\mathrm{NY}}[\mathrm{N}]。若多种共存离子存在，\alpha_{\mathrm{Y(N)}} = 1 + \sum K_{\mathrm{N}_i\mathrm{Y}}[\mathrm{N}_i]。• 金属离子配位效应：\alpha_{\mathrm{M(L)}} = 1 + \beta_1[\mathrm{L}] + \beta_2[\mathrm{L}]^2 + \cdots。在氨性溶液中滴定 \mathrm{Cu}^{2+}、$\mathrm{"
"副反应系数 的关键结论有哪些？","• 副反应系数的本质：\alpha = c_{\text{总}}/c_{\text{游离}}，表示由于副反应存在，使参与主反应的有效浓度降低的倍数。所有副反应系数 \alpha \geqslant 1，\alpha = 1 表示无副反应。• 酸效应系数是 EDTA 滴定的核心限制：\lg\alpha_{\mathrm{Y(H)}} 随 pH 降低急剧增大。\mathrm{pH} \geqslant 12 时 \lg\alpha_{\mathrm{Y(H)}} \approx 0；pH 1.0 时 \lg\alpha_{\mathrm{Y(H)}} = 18.3——这意味着在强酸性条件下，EDTA 的有效浓度仅为总浓度的 10^{-18.3}。• 共存离子效应的计算：\alpha_{\mathrm{Y(N)}} = 1 + K_{\mathrm{NY}}[\mathrm{N}]。当 K_{\mathrm{NY}}[\mathrm{N}] \gg 1 时，\alpha_{\mathrm{Y(N)}} \approx K_{\mathrm{NY}}[\mathrm{N}]。若多种共存离子存在，\alpha_{\mathrm{Y(N)}} = 1 + \sum K_{\mathrm{N}_i\mathrm{Y}}[\mathrm{N}_i]。• 金属离子配位效应：\alpha_{\mathrm{M(L)}} = 1 + \beta_1[\mathrm{L}] + \beta_2[\mathrm{L}]^2 + \cdots。在氨性溶液中滴定 \mathrm{Cu}^{2+}、$\mathrm{","分析化学 配位滴定 副反应系数 rc_30d 化竞 EDTA 计算","Chem::Core","[[副反应系数]]","30d","总结卡","副反应系数（side reaction coefficient, \alpha）表示在配位滴定中，由于酸效应、配位效应、共存离子效应等副反应的存在，使参与主反应的有效浓度降低的倍数。所有副反应系数 \alpha \geq 1，取对数后 \lg\alpha \geq 0。"
"什么是动态NMR？","动态NMR（Dynamic NMR, DNMR） 是指利用核磁共振技术研究分子内或分子间化学交换过程的方法。通过改变温度（变温NMR），可以观察交换过程从慢交换到快交换的转变，从而测定交换速率常数、活化能等动力学参数。","分析化学 仪器分析 动态NMR rc_30d 化竞 NMR","Chem::Core","[[动态NMR]]","30d","概念卡","关键结论：
• 动态NMR是研究快速化学交换的有力工具，时间尺度覆盖 10^{-1} \sim 10^{9} s⁻¹• 温度是控制交换regime的关键变量——降温冻结交换，升温加速交换• 共合温度处 k \approx 2.22 \Delta\nu——可用于估算速率常数• 快交换时峰位为加权平均：\delta_{obs} = p_A \delta_A + p_B \delta_B• 动态NMR与化学动力学互补——可测定常规动力学方法难以测量的快速过程"
"动态NMR 的关键结论有哪些？","• 动态NMR是研究快速化学交换的有力工具，时间尺度覆盖 10^{-1} \sim 10^{9} s⁻¹• 温度是控制交换regime的关键变量——降温冻结交换，升温加速交换• 共合温度处 k \approx 2.22 \Delta\nu——可用于估算速率常数• 快交换时峰位为加权平均：\delta_{obs} = p_A \delta_A + p_B \delta_B• 动态NMR与化学动力学互补——可测定常规动力学方法难以测量的快速过程","分析化学 仪器分析 动态NMR rc_30d 化竞 NMR","Chem::Core","[[动态NMR]]","30d","总结卡","动态NMR（Dynamic NMR, DNMR） 是指利用核磁共振技术研究分子内或分子间化学交换过程的方法。通过改变温度（变温NMR），可以观察交换过程从慢交换到快交换的转变，从而测定交换速率常数、活化能等动力学参数。"
"动态NMR 有哪些常见易错点？","|  错误  |  原因  |  纠正  |  课堂提问  | 
 | :--- | :--- | :--- | :--- | 
 |  混淆化学位移差与交换速率单位  |  化学位移用 ppm，速率用 s⁻¹  |  必须统一为 Hz 才能比较：\Delta\nu(Hz) = \Delta\delta(ppm) × 谱仪频率(MHz)  |  400 MHz 谱仪上 0.1 ppm 对应多少 Hz？  | 
 |  认为共合时 k = \Delta\nu  |  忽略 \pi/\sqrt{2} 因子  |  正确关系：k_c = \pi\Delta\nu/\sqrt{2} \approx 2.22\Delta\nu  |  共合时交换速率是化学位移差的多少倍？  | 
 |  忽略温度对化学位移本身的影响  |  假设 \Delta\nu 不随温度变化  |  实际上化学位移也随温度略有变化，但通常近似为常数  |  为什么高温时快交换的单峰位置会略有移动？  | 
 |  将动态NMR与NOE混淆  |  两者都涉及弛豫  |  NOE 是空间邻近效应，动态NMR是化学交换效应  |  NOE 增强峰强度，动态NMR改变什么？  |","分析化学 仪器分析 动态NMR rc_30d 化竞 NMR","Chem::Core","[[动态NMR]]","30d","易错点卡","动态NMR（Dynamic NMR, DNMR） 是指利用核磁共振技术研究分子内或分子间化学交换过程的方法。通过改变温度（变温NMR），可以观察交换过程从慢交换到快交换的转变，从而测定交换速率常数、活化能等动力学参数。"
"什么是吸光度？","吸光度 A（Absorbance）:衡量物质对单色光吸收程度的量,定义为入射光强 I_0 与透射光强 I 之比的常用对数:","分析化学 分光光度法 吸光度 rc_30d 化竞 Lambert-Beer","Chem::Core","[[吸光度]]","30d","概念卡","关键结论：
适宜测定的吸光度范围
• 最佳范围:A = 0.2 \sim 0.8
• A < 0.2:测量误差相对大(吸收弱,信号差)
• A > 1.0:仪器线性度变差(透光率太低,光电管 SNR 下降)
• 实际可调整:稀释样品 / 改变光程 / 换试剂

误差与浓度的关系
• 在 Lambert-Beer 定律下,浓度的相对误差:
\frac{\Delta c}{c} = \frac{0.434 \Delta T}{T \lg T}
• 误差最小化条件:T = 36.8\%(A = 0.434)
• 这正是为什么实验中调到 A \approx 0.4 最佳

偏离 Lambert-Beer 定律的原因
• 浓度过高(c > 0.01 mol/L):分子间相互作用、缔合或聚合
• 非单色光:仪器分辨率不足导致 \varepsilon 不准
• 化学因素:水解、解离、错合(如有色配合物的平衡漂移)
• 散射:浑浊液或胶体增加散射,A 增大
• 荧光发射:测量光从样品发出,虚假减小 A"
"吸光度 的关键结论有哪些？","适宜测定的吸光度范围
• 最佳范围:A = 0.2 \sim 0.8
• A < 0.2:测量误差相对大(吸收弱,信号差)
• A > 1.0:仪器线性度变差(透光率太低,光电管 SNR 下降)
• 实际可调整:稀释样品 / 改变光程 / 换试剂

误差与浓度的关系
• 在 Lambert-Beer 定律下,浓度的相对误差:
\frac{\Delta c}{c} = \frac{0.434 \Delta T}{T \lg T}
• 误差最小化条件:T = 36.8\%(A = 0.434)
• 这正是为什么实验中调到 A \approx 0.4 最佳

偏离 Lambert-Beer 定律的原因
• 浓度过高(c > 0.01 mol/L):分子间相互作用、缔合或聚合
• 非单色光:仪器分辨率不足导致 \varepsilon 不准
• 化学因素:水解、解离、错合(如有色配合物的平衡漂移)
• 散射:浑浊液或胶体增加散射,A 增大
• 荧光发射:测量光从样品发出,虚假减小 A","分析化学 分光光度法 吸光度 rc_30d 化竞 Lambert-Beer","Chem::Core","[[吸光度]]","30d","总结卡","吸光度 A（Absorbance）:衡量物质对单色光吸收程度的量,定义为入射光强 I_0 与透射光强 I 之比的常用对数:"
"吸光度 有哪些常见易错点？","• ❌ 错:A 有量纲——无量纲
• ❌ 错:T 用百分数代入公式——必须用小数(0.25 不是 25)
• ❌ 错:任意浓度都适用 Lambert-Beer——浓度过高(c > 0.01 mol/L)偏离
• ❌ 错:A = 0 表示无溶质——A = 0 表示与空白等同(完全透过)
• ❌ 错:摩尔吸光系数 \varepsilon 是常数——是物质对特定波长的特性,随波长变
• ❌ 错:浓度越大测量越准——A > 1 时仪器线性度差,反而精度低
• ❌ 错:同一物质 \varepsilon 与样品体积有关——\varepsilon 只与物质本身和波长有关","分析化学 分光光度法 吸光度 rc_30d 化竞 Lambert-Beer","Chem::Core","[[吸光度]]","30d","易错点卡","吸光度 A（Absorbance）:衡量物质对单色光吸收程度的量,定义为入射光强 I_0 与透射光强 I 之比的常用对数:"
"什么是基准物质？","基准物质（primary standard substance）属于标准物质（reference material, RM）的一种，也称滴定分析标准物质。它是能用于直接配制标准溶液或标定溶液准确浓度的物质。","分析化学 容量分析 基准物质 rc_30d 化竞","Chem::Core","[[基准物质]]","30d","概念卡","关键结论：
注意事项

需注意，有些标识为高纯、超纯和光谱纯的试剂，只是表明某些特定杂质项的含量很低，并不表明其主要成分质量分数在 99.9\% 以上。有时因含有不定组成的水分和气体杂质，或试剂本身组成不固定，使主要成分质量分数达不到要求，故不可随意认定基准物质。

常见基准物质

 |  基准物质  |  化学式  |  主要用途  | 
 | ------ | ------ | ------ | 
 |  邻苯二甲酸氢钾  |  \mathrm{KHC_8H_4O_4}  |  标定碱（NaOH等）  | 
 |  硼砂  |  \mathrm{Na_2B_4O_7\cdot 10H_2O}  |  标定酸（HCl等）  | 
 |  碳酸钠  |  \mathrm{Na_2CO_3}  |  标定酸  | 
 |  草酸  |  \mathrm{H_2C_2O_4\cdot 2H_2O}  |  标定碱或 \mathrm{KMnO_4}  | 
 |  重铬酸钾  |  \mathrm{K_2Cr_2O_7}  |  标定 \mathrm{Na_2S_2O_3}  | 
 |  草酸钠  |  \mathrm{Na_2C_2O_4}  |  标定 \mathrm{KMnO_4}  | 
 |  氯化钠  |  \mathrm{NaCl}  |  标定 \mathrm{AgNO_3}  | 
 |  锌  |  $\mathrm{"
"基准物质 的关键结论有哪些？","注意事项

需注意，有些标识为高纯、超纯和光谱纯的试剂，只是表明某些特定杂质项的含量很低，并不表明其主要成分质量分数在 99.9\% 以上。有时因含有不定组成的水分和气体杂质，或试剂本身组成不固定，使主要成分质量分数达不到要求，故不可随意认定基准物质。

常见基准物质

 |  基准物质  |  化学式  |  主要用途  | 
 | ------ | ------ | ------ | 
 |  邻苯二甲酸氢钾  |  \mathrm{KHC_8H_4O_4}  |  标定碱（NaOH等）  | 
 |  硼砂  |  \mathrm{Na_2B_4O_7\cdot 10H_2O}  |  标定酸（HCl等）  | 
 |  碳酸钠  |  \mathrm{Na_2CO_3}  |  标定酸  | 
 |  草酸  |  \mathrm{H_2C_2O_4\cdot 2H_2O}  |  标定碱或 \mathrm{KMnO_4}  | 
 |  重铬酸钾  |  \mathrm{K_2Cr_2O_7}  |  标定 \mathrm{Na_2S_2O_3}  | 
 |  草酸钠  |  \mathrm{Na_2C_2O_4}  |  标定 \mathrm{KMnO_4}  | 
 |  氯化钠  |  \mathrm{NaCl}  |  标定 \mathrm{AgNO_3}  | 
 |  锌  |  $\mathrm{","分析化学 容量分析 基准物质 rc_30d 化竞","Chem::Core","[[基准物质]]","30d","总结卡","基准物质（primary standard substance）属于标准物质（reference material, RM）的一种，也称滴定分析标准物质。它是能用于直接配制标准溶液或标定溶液准确浓度的物质。"
"基准物质 有哪些常见易错点？","• 误用非基准物质的优级纯试剂直接配制标准溶液——绝大多数优级纯试剂也不能直接配制
• 忽略含结晶水基准物质的保存条件（如硼砂长期放置易风化失去结晶水）
• 称量前未对基准物质进行必要的干燥处理","分析化学 容量分析 基准物质 rc_30d 化竞","Chem::Core","[[基准物质]]","30d","易错点卡","基准物质（primary standard substance）属于标准物质（reference material, RM）的一种，也称滴定分析标准物质。它是能用于直接配制标准溶液或标定溶液准确浓度的物质。"
"什么是数据处理？","数据处理是指运用统计学方法对分析测定所得数据进行整理、检验和表达的科学过程。主要包括：有效数字修约与运算、随机误差的分布规律、置信区间估计、显著性检验和可疑值取舍。","分析化学 误差与数据处理 数据处理 rc_30d 化竞","Chem::Core","[[数据处理]]","30d","概念卡","关键结论：
4.1 显著性检验

（1）t 检验——检验系统误差

单组均值与标准值比较：

t = \frac{ | \bar{x} - \mu | }{s}\sqrt{n}

若 t > t_{\alpha, f}，存在显著性差异（系统误差）。

两组均值比较：（需先通过 F 检验确认 s_1 \approx s_2）

合并标准偏差：

s = \sqrt{\frac{s_1^2(n_1-1) + s_2^2(n_2-1)}{(n_1-1)+(n_2-1)}}

t = \frac{ | \bar{x}_1 - \bar{x}_2 | }{s}\sqrt{\frac{n_1 n_2}{n_1 + n_2}}, \quad f = n_1 + n_2 - 2

（2）F 检验——检验精密度差异

F = \frac{s_{\text{大}}^2}{s_{\text{小}}^2}

F > F_{\text{表}} 时，精密度有显著性差异。双侧检验（只判断有无差异）用置信度 90\%；单侧检验（判断一组是否优于另一组）用置信度 95\%。

两均值比较的标准流程： 先 F 检验比精密度 \to 若无差异，再 t 检验比均值。

4.2 可疑值取舍

 |  方法  |  原理  |  优点  |  缺点  | 
 | ------ | ------ | ------ | ------ | 
 |  4\bar{d} 法  |  偏差 > 4\bar{d} 则舍去  |  简单，无需查表  |  误差大  | 
 |  Q 检验  |  Q = \frac{x_n - x_{n-1}}{x_n - x_1}（或 x_1 端）  |  简便，有统计依据  |  未利用全部数据  | 
 |  格鲁布斯(Grubbs)法  |  T = \frac{x_n - \bar{x}}{s}（或 x_1 端）  |  准确性最好（引入 \bar{x}, s）  |  计算稍繁  | 

三种方法结论不一致时，以 Grubbs 法为准。

常用 Q 值表（n=3\sim 6，置信度 90%）：Q_{0.90} = 0.94, 0.76, 0.64, 0.56

常用 Grubbs T 值表（n=3\sim 6，\alpha = 0.05）：T_{0.05} = 1.15, 1.46, 1.67, 1.82"
"数据处理 的关键结论有哪些？","4.1 显著性检验

（1）t 检验——检验系统误差

单组均值与标准值比较：

t = \frac{ | \bar{x} - \mu | }{s}\sqrt{n}

若 t > t_{\alpha, f}，存在显著性差异（系统误差）。

两组均值比较：（需先通过 F 检验确认 s_1 \approx s_2）

合并标准偏差：

s = \sqrt{\frac{s_1^2(n_1-1) + s_2^2(n_2-1)}{(n_1-1)+(n_2-1)}}

t = \frac{ | \bar{x}_1 - \bar{x}_2 | }{s}\sqrt{\frac{n_1 n_2}{n_1 + n_2}}, \quad f = n_1 + n_2 - 2

（2）F 检验——检验精密度差异

F = \frac{s_{\text{大}}^2}{s_{\text{小}}^2}

F > F_{\text{表}} 时，精密度有显著性差异。双侧检验（只判断有无差异）用置信度 90\%；单侧检验（判断一组是否优于另一组）用置信度 95\%。

两均值比较的标准流程： 先 F 检验比精密度 \to 若无差异，再 t 检验比均值。

4.2 可疑值取舍

 |  方法  |  原理  |  优点  |  缺点  | 
 | ------ | ------ | ------ | ------ | 
 |  4\bar{d} 法  |  偏差 > 4\bar{d} 则舍去  |  简单，无需查表  |  误差大  | 
 |  Q 检验  |  Q = \frac{x_n - x_{n-1}}{x_n - x_1}（或 x_1 端）  |  简便，有统计依据  |  未利用全部数据  | 
 |  格鲁布斯(Grubbs)法  |  T = \frac{x_n - \bar{x}}{s}（或 x_1 端）  |  准确性最好（引入 \bar{x}, s）  |  计算稍繁  | 

三种方法结论不一致时，以 Grubbs 法为准。

常用 Q 值表（n=3\sim 6，置信度 90%）：Q_{0.90} = 0.94, 0.76, 0.64, 0.56

常用 Grubbs T 值表（n=3\sim 6，\alpha = 0.05）：T_{0.05} = 1.15, 1.46, 1.67, 1.82","分析化学 误差与数据处理 数据处理 rc_30d 化竞","Chem::Core","[[数据处理]]","30d","总结卡","数据处理是指运用统计学方法对分析测定所得数据进行整理、检验和表达的科学过程。主要包括：有效数字修约与运算、随机误差的分布规律、置信区间估计、显著性检验和可疑值取舍。"
"数据处理 有哪些常见易错点？","• ""四舍六入五成双""中，5 后面有非零数字时无论奇偶一律进位
• 有效数字修约只能一次到位，不能分步修约
• pH = 10.28 的有效数字是两位（只看小数部分 0.28）
• 置信区间 \mu = \bar{x} \pm t \cdot s/\sqrt{n}，分母是 \sqrt{n} 不是 n
• 两组均值 t 检验前必须先做 F 检验
• Grubbs 法需要先算出包含可疑值的 \bar{x} 和 s
• 4\bar{d} 法结论不可靠时，以 Grubbs 法为准","分析化学 误差与数据处理 数据处理 rc_30d 化竞","Chem::Core","[[数据处理]]","30d","易错点卡","数据处理是指运用统计学方法对分析测定所得数据进行整理、检验和表达的科学过程。主要包括：有效数字修约与运算、随机误差的分布规律、置信区间估计、显著性检验和可疑值取舍。"
"什么是条件电势？","条件电势（conditional potential, \varphi^{\ominus'}）是在特定条件下，氧化态和还原态的分析浓度均为 1\,\mathrm{mol\cdot L^{-1}} 时的实际电势。它综合考虑了离子强度和各种副反应（酸效应、配位效应、沉淀效应）对标准电势的修正。","分析化学 氧化还原滴定 条件电势 rc_30d 化竞 氧化还原 电化学","Chem::Core","[[条件电势]]","30d","概念卡","关键结论：
• 条件电势的本质：\varphi^{\ominus'} 是在特定实验条件下（特定离子强度、酸度、配位剂/沉淀剂存在时），氧化态和还原态分析浓度均为 1\,\mathrm{mol\cdot L^{-1}} 时的实际电势。它把活度系数和各种副反应的影响""打包""进一个可实测的量。• 与标准电势的关系：\varphi^{\ominus'} = \varphi^{\ominus} + \frac{0.059\,\mathrm{V}}{z}\lg\frac{\gamma_{\mathrm{Ox}} \cdot \alpha_{\mathrm{Red}}}{\gamma_{\mathrm{Red}} \cdot \alpha_{\mathrm{Ox}}}。当无副反应且离子强度极低时，\varphi^{\ominus'} \to \varphi^{\ominus}。• 酸效应可使电势剧变：\mathrm{H}_3\mathrm{AsO}_4/\mathrm{H}_3\mathrm{AsO}_3 体系在 \mathrm{pH}=0 时 \varphi^{\ominus'} = +0.56\,\mathrm{V}，在 \mathrm{pH}=8 时降至 -0.12\,\mathrm{V}——同一电对在不同 pH 下氧化能力可发生逆转，这是判断氧化还原反应方向时必须考虑条件电势的原因。• 条件平衡常数计算：\lg K' = \frac{(\varphi_1^{\ominus'} - \varphi_2^{\ominus'})z}{0.059\,\mathrm{V}}，其中 z 为两电对电子转移数的最小公倍数。反应完全程度判据：z_1=z_2=1 时需 \Delta\varphi^{\ominus'} \geqslant 0.35\,\mathrm{V}（\lg K' \geqslant 6）。• 与条件稳定常数的统一类比：两者都是""理想常数""经副反应修正后的""实际有效常数""——配位滴定用 \alpha 除 K，氧化还原用 \alpha 和 \gamma 修正 \varphi^{\ominus}。掌握一个类比，另一个自然贯通。"
"条件电势 的关键结论有哪些？","• 条件电势的本质：\varphi^{\ominus'} 是在特定实验条件下（特定离子强度、酸度、配位剂/沉淀剂存在时），氧化态和还原态分析浓度均为 1\,\mathrm{mol\cdot L^{-1}} 时的实际电势。它把活度系数和各种副反应的影响""打包""进一个可实测的量。• 与标准电势的关系：\varphi^{\ominus'} = \varphi^{\ominus} + \frac{0.059\,\mathrm{V}}{z}\lg\frac{\gamma_{\mathrm{Ox}} \cdot \alpha_{\mathrm{Red}}}{\gamma_{\mathrm{Red}} \cdot \alpha_{\mathrm{Ox}}}。当无副反应且离子强度极低时，\varphi^{\ominus'} \to \varphi^{\ominus}。• 酸效应可使电势剧变：\mathrm{H}_3\mathrm{AsO}_4/\mathrm{H}_3\mathrm{AsO}_3 体系在 \mathrm{pH}=0 时 \varphi^{\ominus'} = +0.56\,\mathrm{V}，在 \mathrm{pH}=8 时降至 -0.12\,\mathrm{V}——同一电对在不同 pH 下氧化能力可发生逆转，这是判断氧化还原反应方向时必须考虑条件电势的原因。• 条件平衡常数计算：\lg K' = \frac{(\varphi_1^{\ominus'} - \varphi_2^{\ominus'})z}{0.059\,\mathrm{V}}，其中 z 为两电对电子转移数的最小公倍数。反应完全程度判据：z_1=z_2=1 时需 \Delta\varphi^{\ominus'} \geqslant 0.35\,\mathrm{V}（\lg K' \geqslant 6）。• 与条件稳定常数的统一类比：两者都是""理想常数""经副反应修正后的""实际有效常数""——配位滴定用 \alpha 除 K，氧化还原用 \alpha 和 \gamma 修正 \varphi^{\ominus}。掌握一个类比，另一个自然贯通。","分析化学 氧化还原滴定 条件电势 rc_30d 化竞 氧化还原 电化学","Chem::Core","[[条件电势]]","30d","总结卡","条件电势（conditional potential, \varphi^{\ominus'}）是在特定条件下，氧化态和还原态的分析浓度均为 1\,\mathrm{mol\cdot L^{-1}} 时的实际电势。它综合考虑了离子强度和各种副反应（酸效应、配位效应、沉淀效应）对标准电势的修正。"
"什么是条件稳定常数？","条件稳定常数（conditional stability constant, K'_{\mathrm{MY}}）是在特定实验条件下（考虑酸效应、配位效应、共存离子效应等副反应后），金属-EDTA配合物的实际稳定常数。它反映了真实滴定条件下的配合物有效稳定性。","分析化学 配位滴定 条件稳定常数 rc_30d 化竞 EDTA 计算","Chem::Core","[[条件稳定常数]]","30d","概念卡","关键结论：
• 条件稳定常数的本质：K'_{\mathrm{MY}} = K_{\mathrm{MY}}/\alpha_{\mathrm{M}}\alpha_{\mathrm{Y}} 反映实际滴定条件下的有效稳定常数。所有副反应系数 \alpha \geqslant 1，因此 K'_{\mathrm{MY}} \leqslant K_{\mathrm{MY}}，即副反应总是削弱主反应。• 对数形式的计算优势：\lg K'_{\mathrm{MY}} = \lg K_{\mathrm{MY}} - \lg\alpha_{\mathrm{M}} - \lg\alpha_{\mathrm{Y}}。竞赛中常直接查表得 \lg\alpha_{\mathrm{Y(H)}}，再用对数加减计算，避免大数运算。• 准确滴定判别式：c_{\mathrm{sp}} \cdot K'_{\mathrm{MY}} \geqslant 10^6（\Delta\mathrm{pM}' = \pm 0.2，E_{\mathrm{t}} \leqslant 0.1\%）。口诀""六次方保千一""——10^6 保证千分之一的误差。若允许 E_{\mathrm{t}} \leqslant 1\%，则 c_{\mathrm{sp}} \cdot K'_{\mathrm{MY}} \geqslant 10^4 即可（""四次方保百分""）。• 分别滴定判别式：混合离子体系中，\Delta\lg(cK') \geqslant 5 时可选择性滴定 M 而不受 N 干扰。注意是 \Delta\lg(cK') 而非 \Delta\lg K'，浓度因素不可忽略。• 与条件电势的统一类比：两者都是""理想常数""经副反应修正后的""实际有效常数""——配位滴定用 \alpha 除 K，氧化还原用 \alpha 和 \gamma 修正 \varphi^{\ominus}。掌握一个类比，另一个自然贯通。"
"条件稳定常数 的关键结论有哪些？","• 条件稳定常数的本质：K'_{\mathrm{MY}} = K_{\mathrm{MY}}/\alpha_{\mathrm{M}}\alpha_{\mathrm{Y}} 反映实际滴定条件下的有效稳定常数。所有副反应系数 \alpha \geqslant 1，因此 K'_{\mathrm{MY}} \leqslant K_{\mathrm{MY}}，即副反应总是削弱主反应。• 对数形式的计算优势：\lg K'_{\mathrm{MY}} = \lg K_{\mathrm{MY}} - \lg\alpha_{\mathrm{M}} - \lg\alpha_{\mathrm{Y}}。竞赛中常直接查表得 \lg\alpha_{\mathrm{Y(H)}}，再用对数加减计算，避免大数运算。• 准确滴定判别式：c_{\mathrm{sp}} \cdot K'_{\mathrm{MY}} \geqslant 10^6（\Delta\mathrm{pM}' = \pm 0.2，E_{\mathrm{t}} \leqslant 0.1\%）。口诀""六次方保千一""——10^6 保证千分之一的误差。若允许 E_{\mathrm{t}} \leqslant 1\%，则 c_{\mathrm{sp}} \cdot K'_{\mathrm{MY}} \geqslant 10^4 即可（""四次方保百分""）。• 分别滴定判别式：混合离子体系中，\Delta\lg(cK') \geqslant 5 时可选择性滴定 M 而不受 N 干扰。注意是 \Delta\lg(cK') 而非 \Delta\lg K'，浓度因素不可忽略。• 与条件电势的统一类比：两者都是""理想常数""经副反应修正后的""实际有效常数""——配位滴定用 \alpha 除 K，氧化还原用 \alpha 和 \gamma 修正 \varphi^{\ominus}。掌握一个类比，另一个自然贯通。","分析化学 配位滴定 条件稳定常数 rc_30d 化竞 EDTA 计算","Chem::Core","[[条件稳定常数]]","30d","总结卡","条件稳定常数（conditional stability constant, K'_{\mathrm{MY}}）是在特定实验条件下（考虑酸效应、配位效应、共存离子效应等副反应后），金属-EDTA配合物的实际稳定常数。它反映了真实滴定条件下的配合物有效稳定性。"
"什么是林邦误差公式？","林邦误差公式（Ringbom error formula）是容量分析中计算终点误差的统一公式，由芬兰分析化学家 Ringbom 提出。它将不同滴定体系（酸碱、配位、氧化还原）的终点误差统一为同一数学形式。","分析化学 容量分析 林邦误差公式 rc_30d 化竞 滴定 误差 公式","Chem::Core","[[林邦误差公式]]","30d","概念卡","关键结论：
• 林邦公式的核心结构：所有滴定体系的林邦公式均可写成 E_\mathrm{t} = \frac{10^{\Delta} - 10^{-\Delta}}{\sqrt{c_\mathrm{sp} \cdot K_\mathrm{eff}}} \times 100\% 的统一形式，其中 \Delta 为终点与计量点的参数差（\Delta\mathrm{pH}、\Delta\mathrm{pM}' 或 \Delta E），K_\mathrm{eff} 为反应的有效平衡常数。• 强酸 vs 弱酸林邦公式的区别：强酸滴定的 K_\mathrm{eff} = 1/K_\mathrm{w}（仅与水的自递有关），弱酸滴定的 K_\mathrm{eff} = K_\mathrm{a}/K_\mathrm{w}（还与酸的强度有关）。酸越弱，K_\mathrm{eff} 越小，相同 \Delta\mathrm{pH} 下误差越大。• 配位滴定林邦公式的直接应用：E_\mathrm{t} = \frac{10^{\Delta\mathrm{pM}'} - 10^{-\Delta\mathrm{pM}'}}{\sqrt{c_\mathrm{M}^\mathrm{sp} \cdot K'_\mathrm{MY}}} \times 100\%，分母中的 c_\mathrm{M}^\mathrm{sp} \cdot K'_\mathrm{MY} 就是准确滴定判别式中的核心量。• 二元酸第一计量点误差的特殊形式：E_{\mathrm{t}_1} = (10^{\Delta\mathrm{pH}} - 10^{-\Delta\mathrm{pH}}) \cdot \sqrt{K_{\mathrm{a}_2}/K_{\mathrm{a}_1}} \times 100\%，误差大小仅取决于两级解离常数之比，与浓度无关——这是判断多元酸能否分步滴定的关键。• \Delta\mathrm{pH} 的符号规则：\Delta\mathrm{pH} = \mathrm{pH}_\mathrm{ep} - \mathrm{pH}_\mathrm{sp}，决定误差正负。\Delta\mathrm{pH} > 0（碱过量）为正误差，\Delta\mathrm{pH} < 0（酸过量）为负误差。"
"林邦误差公式 的关键结论有哪些？","• 林邦公式的核心结构：所有滴定体系的林邦公式均可写成 E_\mathrm{t} = \frac{10^{\Delta} - 10^{-\Delta}}{\sqrt{c_\mathrm{sp} \cdot K_\mathrm{eff}}} \times 100\% 的统一形式，其中 \Delta 为终点与计量点的参数差（\Delta\mathrm{pH}、\Delta\mathrm{pM}' 或 \Delta E），K_\mathrm{eff} 为反应的有效平衡常数。• 强酸 vs 弱酸林邦公式的区别：强酸滴定的 K_\mathrm{eff} = 1/K_\mathrm{w}（仅与水的自递有关），弱酸滴定的 K_\mathrm{eff} = K_\mathrm{a}/K_\mathrm{w}（还与酸的强度有关）。酸越弱，K_\mathrm{eff} 越小，相同 \Delta\mathrm{pH} 下误差越大。• 配位滴定林邦公式的直接应用：E_\mathrm{t} = \frac{10^{\Delta\mathrm{pM}'} - 10^{-\Delta\mathrm{pM}'}}{\sqrt{c_\mathrm{M}^\mathrm{sp} \cdot K'_\mathrm{MY}}} \times 100\%，分母中的 c_\mathrm{M}^\mathrm{sp} \cdot K'_\mathrm{MY} 就是准确滴定判别式中的核心量。• 二元酸第一计量点误差的特殊形式：E_{\mathrm{t}_1} = (10^{\Delta\mathrm{pH}} - 10^{-\Delta\mathrm{pH}}) \cdot \sqrt{K_{\mathrm{a}_2}/K_{\mathrm{a}_1}} \times 100\%，误差大小仅取决于两级解离常数之比，与浓度无关——这是判断多元酸能否分步滴定的关键。• \Delta\mathrm{pH} 的符号规则：\Delta\mathrm{pH} = \mathrm{pH}_\mathrm{ep} - \mathrm{pH}_\mathrm{sp}，决定误差正负。\Delta\mathrm{pH} > 0（碱过量）为正误差，\Delta\mathrm{pH} < 0（酸过量）为负误差。","分析化学 容量分析 林邦误差公式 rc_30d 化竞 滴定 误差 公式","Chem::Core","[[林邦误差公式]]","30d","总结卡","林邦误差公式（Ringbom error formula）是容量分析中计算终点误差的统一公式，由芬兰分析化学家 Ringbom 提出。它将不同滴定体系（酸碱、配位、氧化还原）的终点误差统一为同一数学形式。"
"什么是标准溶液？","标准溶液（standard solution）是已知准确浓度的试剂溶液。在滴定分析中，将标准溶液通过滴定管滴加到被测物质溶液中，或将被测物质溶液滴加到标准溶液中，直到按化学计量关系定量反应完全，然后根据试剂溶液的浓度和用量计算被测物质的含量。","分析化学 容量分析 标准溶液 rc_30d 化竞","Chem::Core","[[标准溶液]]","30d","概念卡","关键结论：
浓度表示方法
• 物质的量浓度

c_{\mathrm{B}} = \frac{n_{\mathrm{B}}}{V} \tag{1-2}

常用单位为 \mathrm{mol\cdot L^{-1}}。必须指明基本单元。例如：

c_{\mathrm{H_2SO_4}} = 0.1\mathrm{~mol\cdot L^{-1}},\quad c_{\frac{1}{2}\mathrm{H_2SO_4}} = 0.2\mathrm{~mol\cdot L^{-1}}

通式：c_{\frac{b}{a}\mathrm{B}} = \frac{a}{b}c_{\mathrm{B}}
• 滴定度

滴定度（titer）是指每毫升滴定剂溶液相当于被测物质的质量（克或毫克）。常用于生产单位的例行分析。

例：T_{\mathrm{Fe/K_2Cr_2O_7}} = 0.005000\mathrm{~g\cdot mL^{-1}}，表示每毫升 \mathrm{K_2Cr_2O_7} 标准溶液恰好能与 0.005000\mathrm{~g~Fe^{2+}} 反应。

滴定度与物质的量浓度的换算（基于反应计量关系）：
c_{\mathrm{K_2Cr_2O_7}} = \frac{T \times 10^3\mathrm{~mL\cdot L^{-1}}}{M_{\mathrm{Fe}} \times 6}

滴定分析计算通式

在直接滴定法中，滴定剂T与被测物B的计量关系：

n_{\mathrm{B}} = \frac{b}{t}n_{\mathrm{T}} \quad \text{或} \quad n_{\mathrm{T}} = \frac{t}{b}n_{\mathrm{B}} \tag{1-4}

b/t 称为反应计量数比（计量比）。扩展为质量计算：

m_{\mathrm{B}} = n_{\mathrm{B}}M_{\mathrm{B}} = \frac{b}{t}n_{\mathrm{T}}M_{\mathrm{B}} = \frac{b}{t}c_{\mathrm{T}}V_{\mathrm{T}}M_{\mathrm{B}}

质量分数：

w_{\mathrm{B}} = \frac{m_{\mathrm{B}}}{m_{\mathrm{样}}} \times 100\%"
"标准溶液 的关键结论有哪些？","浓度表示方法
• 物质的量浓度

c_{\mathrm{B}} = \frac{n_{\mathrm{B}}}{V} \tag{1-2}

常用单位为 \mathrm{mol\cdot L^{-1}}。必须指明基本单元。例如：

c_{\mathrm{H_2SO_4}} = 0.1\mathrm{~mol\cdot L^{-1}},\quad c_{\frac{1}{2}\mathrm{H_2SO_4}} = 0.2\mathrm{~mol\cdot L^{-1}}

通式：c_{\frac{b}{a}\mathrm{B}} = \frac{a}{b}c_{\mathrm{B}}
• 滴定度

滴定度（titer）是指每毫升滴定剂溶液相当于被测物质的质量（克或毫克）。常用于生产单位的例行分析。

例：T_{\mathrm{Fe/K_2Cr_2O_7}} = 0.005000\mathrm{~g\cdot mL^{-1}}，表示每毫升 \mathrm{K_2Cr_2O_7} 标准溶液恰好能与 0.005000\mathrm{~g~Fe^{2+}} 反应。

滴定度与物质的量浓度的换算（基于反应计量关系）：
c_{\mathrm{K_2Cr_2O_7}} = \frac{T \times 10^3\mathrm{~mL\cdot L^{-1}}}{M_{\mathrm{Fe}} \times 6}

滴定分析计算通式

在直接滴定法中，滴定剂T与被测物B的计量关系：

n_{\mathrm{B}} = \frac{b}{t}n_{\mathrm{T}} \quad \text{或} \quad n_{\mathrm{T}} = \frac{t}{b}n_{\mathrm{B}} \tag{1-4}

b/t 称为反应计量数比（计量比）。扩展为质量计算：

m_{\mathrm{B}} = n_{\mathrm{B}}M_{\mathrm{B}} = \frac{b}{t}n_{\mathrm{T}}M_{\mathrm{B}} = \frac{b}{t}c_{\mathrm{T}}V_{\mathrm{T}}M_{\mathrm{B}}

质量分数：

w_{\mathrm{B}} = \frac{m_{\mathrm{B}}}{m_{\mathrm{样}}} \times 100\%","分析化学 容量分析 标准溶液 rc_30d 化竞","Chem::Core","[[标准溶液]]","30d","总结卡","标准溶液（standard solution）是已知准确浓度的试剂溶液。在滴定分析中，将标准溶液通过滴定管滴加到被测物质溶液中，或将被测物质溶液滴加到标准溶液中，直到按化学计量关系定量反应完全，然后根据试剂溶液的浓度和用量计算被测物质的含量。"
"标准溶液 有哪些常见易错点？","• 不是基准物质却用直接配制法——绝大多数试剂必须用标定法
• 浓度计算时忘记反应计量比 b/t
• 滴定度换算浓度时，忘记乘稀释因子或忽略量纲","分析化学 容量分析 标准溶液 rc_30d 化竞","Chem::Core","[[标准溶液]]","30d","易错点卡","标准溶液（standard solution）是已知准确浓度的试剂溶液。在滴定分析中，将标准溶液通过滴定管滴加到被测物质溶液中，或将被测物质溶液滴加到标准溶液中，直到按化学计量关系定量反应完全，然后根据试剂溶液的浓度和用量计算被测物质的含量。"
"什么是比色分析？","比色分析（比色法）是通过比较溶液颜色深浅来测定有色物质浓度的方法，是分光光度法的前身。主要包括目视比色法和光电比色法。目视比色法用眼睛观察比较溶液颜色深度；光电比色法使用滤光片和光电池，比分光光度法粗糙但无需单色器。","分析化学 分光光度法 比色分析 rc_30d 化竞","Chem::Core","[[比色分析]]","30d","概念卡","关键结论：
三种比色分析方法：
• 标准系列法（Nessler 比色管法）

在一套相同规格的平底比色管（Nessler 管）中，分别加入一系列不同量的标准溶液，在相同条件下显色并稀释至刻度，配成颜色逐渐加深的标准色阶。将一定量的待测试液在同样条件下显色稀释，然后从管口垂直向下（或从侧面）观察，比较待测溶液与标准色阶的颜色深度。若待测溶液与标准系列中某一标准管的颜色深度相同，则两者浓度相等。
• 优点：仪器简单，操作方便，适宜大批试样分析；即使显色反应不完全符合朗伯-比尔定律仍可使用
• 缺点：准确度不高（因人眼辨色能力有限，相对误差 5%~20%）；标准色阶保存时间短
• 杜氏比色计（Duboscq 比色计）

杜氏比色计通过调节液层厚度使待测溶液与标准溶液颜色深度相等，利用厚度比计算浓度：

根据朗伯-比尔定律，当两溶液颜色深度相等时：
\kappa_1 b_1 c_1 = \kappa_2 b_2 c_2

若为同一物质（\kappa_1 = \kappa_2），则有：
c_1 b_1 = c_2 b_2,\quad c_x = c_s \cdot \frac{b_s}{b_x}
• 优点：不需要配制标准色阶；通过调节厚度来匹配颜色，利用刻度读数得到定量结果
• 缺点：需人工调节厚度，操作较慢，仍受主观辨色误差影响
• 光电比色法

用滤光片从光源中获得一定波长范围的光（近似单色光），以光电池或光电管代替人眼作为检测器，通过测量光电流来比较吸光度。比目视比色法客观、准确，是现代分光光度法的雏形。"
"比色分析 的关键结论有哪些？","三种比色分析方法：
• 标准系列法（Nessler 比色管法）

在一套相同规格的平底比色管（Nessler 管）中，分别加入一系列不同量的标准溶液，在相同条件下显色并稀释至刻度，配成颜色逐渐加深的标准色阶。将一定量的待测试液在同样条件下显色稀释，然后从管口垂直向下（或从侧面）观察，比较待测溶液与标准色阶的颜色深度。若待测溶液与标准系列中某一标准管的颜色深度相同，则两者浓度相等。
• 优点：仪器简单，操作方便，适宜大批试样分析；即使显色反应不完全符合朗伯-比尔定律仍可使用
• 缺点：准确度不高（因人眼辨色能力有限，相对误差 5%~20%）；标准色阶保存时间短
• 杜氏比色计（Duboscq 比色计）

杜氏比色计通过调节液层厚度使待测溶液与标准溶液颜色深度相等，利用厚度比计算浓度：

根据朗伯-比尔定律，当两溶液颜色深度相等时：
\kappa_1 b_1 c_1 = \kappa_2 b_2 c_2

若为同一物质（\kappa_1 = \kappa_2），则有：
c_1 b_1 = c_2 b_2,\quad c_x = c_s \cdot \frac{b_s}{b_x}
• 优点：不需要配制标准色阶；通过调节厚度来匹配颜色，利用刻度读数得到定量结果
• 缺点：需人工调节厚度，操作较慢，仍受主观辨色误差影响
• 光电比色法

用滤光片从光源中获得一定波长范围的光（近似单色光），以光电池或光电管代替人眼作为检测器，通过测量光电流来比较吸光度。比目视比色法客观、准确，是现代分光光度法的雏形。","分析化学 分光光度法 比色分析 rc_30d 化竞","Chem::Core","[[比色分析]]","30d","总结卡","比色分析（比色法）是通过比较溶液颜色深浅来测定有色物质浓度的方法，是分光光度法的前身。主要包括目视比色法和光电比色法。目视比色法用眼睛观察比较溶液颜色深度；光电比色法使用滤光片和光电池，比分光光度法粗糙但无需单色器。"
"比色分析 有哪些常见易错点？","• 混淆杜氏比色计与分光光度计的测量原理（前者调厚度，后者测 A）
• 将标准系列法与标准曲线法混为一谈：前者是目视比较颜色深度（半定量），后者是通过仪器测量吸光度作 A-c 图（定量）
• 误认为所有有色物质都可用目视比色法精确测定（因人眼灵敏度有限，准确度远不如仪器法）","分析化学 分光光度法 比色分析 rc_30d 化竞","Chem::Core","[[比色分析]]","30d","易错点卡","比色分析（比色法）是通过比较溶液颜色深浅来测定有色物质浓度的方法，是分光光度法的前身。主要包括目视比色法和光电比色法。目视比色法用眼睛观察比较溶液颜色深度；光电比色法使用滤光片和光电池，比分光光度法粗糙但无需单色器。"
"什么是氘代？","氘代（Deuteration） 是指将化合物中的氢原子（¹H，质子）替换为其同位素氘（²H 或 D，重氢）的过程或结果。氘代在化学竞赛和科研中有三大核心用途：","分析化学 仪器分析 氘代 rc_30d 化竞 NMR 同位素","Chem::Core","[[氘代]]","30d","概念卡","关键结论：
• 氘代溶剂消除溶剂质子信号，是 NMR 测试的标配• 氘代溶剂残余峰可作为内标用于化学位移校准• D₂O 交换是鉴别活泼氢的经典实验手段• KIE（k_H/k_D ≈ 5-7）表明决速步涉及 C-H 断裂• D 的 I=1，在 ²H NMR 中可用，但灵敏度远低于 ¹H NMR"
"氘代 的关键结论有哪些？","• 氘代溶剂消除溶剂质子信号，是 NMR 测试的标配• 氘代溶剂残余峰可作为内标用于化学位移校准• D₂O 交换是鉴别活泼氢的经典实验手段• KIE（k_H/k_D ≈ 5-7）表明决速步涉及 C-H 断裂• D 的 I=1，在 ²H NMR 中可用，但灵敏度远低于 ¹H NMR","分析化学 仪器分析 氘代 rc_30d 化竞 NMR 同位素","Chem::Core","[[氘代]]","30d","总结卡","氘代（Deuteration） 是指将化合物中的氢原子（¹H，质子）替换为其同位素氘（²H 或 D，重氢）的过程或结果。氘代在化学竞赛和科研中有三大核心用途："
"氘代 有哪些常见易错点？","|  错误  |  原因  |  纠正  |  课堂提问  | 
 | :--- | :--- | :--- | :--- | 
 |  认为氘完全没有 NMR 信号  |  混淆 ¹H NMR 与 ²H NMR  |  D 在 ¹H NMR 频率下不共振，但在专门的 ²H NMR 中有信号（I=1）  |  为什么氘代溶剂在 ¹H NMR 中""消失""？  | 
 |  忽略残余峰强度  |  认为氘代溶剂""绝对纯""  |  商业氘代溶剂氘代率约 99.8-99.96%，仍有 0.04-0.2% 的残余质子  |  若 CDCl₃ 氘代率 99.9%，1 mL 溶剂中约有多少个 H 原子？  | 
 |  混淆 D₂O 交换与酸碱反应  |  认为 D₂O 只与酸反应  |  D₂O 交换是所有活泼氢的快速平衡，不限于酸  |  醇羟基为什么也能与 D₂O 交换？  | 
 |  KIE 数值方向搞反  |  记错 k_H/k_D 还是 k_D/k_H  |  k_H/k_D > 1（C-H 断裂更快），通常称""KIE = 5""指 k_H/k_D = 5  |  若 k_H/k_D = 7，C-H 断裂比 C-D 快多少倍？  | 
 |  把氘代溶剂峰当杂质  |  不识別残余峰特征位置  |  熟记常见氘代溶剂的残余峰化学位移  |  δ 2.50 的五重峰是什么溶剂？  |","分析化学 仪器分析 氘代 rc_30d 化竞 NMR 同位素","Chem::Core","[[氘代]]","30d","易错点卡","氘代（Deuteration） 是指将化合物中的氢原子（¹H，质子）替换为其同位素氘（²H 或 D，重氢）的过程或结果。氘代在化学竞赛和科研中有三大核心用途："
"什么是氧化还原滴定？","氧化还原滴定法是以氧化还原反应为基础的滴定分析方法。通常根据所用滴定剂的名称来命名，包括高锰酸钾法、重铬酸钾法、碘量法、硫酸铈法、溴酸钾法等。","分析化学 容量分析 氧化还原滴定 rc_30d 化竞","Chem::Core","[[氧化还原滴定]]","30d","概念卡","关键结论：
|  方法  |  滴定剂  |  半反应 / 关键条件  |  指示剂  |  主要应用  | 
 | ------ | -------- | ------------------- | -------- | --------- | 
 |  高锰酸钾法  |  KMnO4  |  MnO4^- + 8H^+ + 5e^- = Mn^{2+} + 4H2O，\varphi^{\ominus}=1.51\mathrm{V}（酸性）  |  自身指示（紫红→无色）  |  Fe^{2+}, H2O2, Ca^{2+}(间接), COD  | 
 |  重铬酸钾法  |  K2Cr2O7  |  Cr2O7^{2-} + 14H^+ + 6e^- = 2Cr^{3+} + 7H2O，\varphi^{\ominus}=1.33\mathrm{V}  |  二苯胺磺酸钠  |  全铁测定，COD  | 
 |  碘量法  |  I2 / Na2S2O3  |  I3^- + 2e^- = 3I^-，\varphi^{\ominus}=0.545\mathrm{V}  |  淀粉  |  Cu^{2+}, 漂白粉, 有机物  | 

氧化还原指示剂分类（来源：周坤无机新课 Batch 5）

 |  类型  |  原理  |  典型实例  | 
 | :--- | :--- | :--- | 
 |  自身指示剂  |  滴定剂或被测物本身颜色变化  |  KMnO4（紫红→无色）  | 
 |  显色指示剂  |  与滴定体系某组分形成有色配合物  |  淀粉-I2（蓝色）  | 
 |  氧化还原指示剂  |  氧化态/还原态颜色不同  |  二苯胺磺酸钠、邻二氮菲-亚铁  | 

关键原理要点：
• 可逆电对（如 Fe^{3+}/Fe^{2+}、I2/I^-）迅速建立平衡，电势符合 Nernst 公式；不可逆电对（如 MnO4^-/Mn^{2+}、Cr2O7^{2-}/Cr^{3+}）实际电势与理论值相差较大
• 化学计量点电势计算（对称电对 z_1 = z_2）：\varphi_{\mathrm{sp}} = \frac{z_1\varphi_1^{\ominus'} + z_2\varphi_2^{\ominus'}}{z_1 + z_2}"
"氧化还原滴定 的关键结论有哪些？","|  方法  |  滴定剂  |  半反应 / 关键条件  |  指示剂  |  主要应用  | 
 | ------ | -------- | ------------------- | -------- | --------- | 
 |  高锰酸钾法  |  KMnO4  |  MnO4^- + 8H^+ + 5e^- = Mn^{2+} + 4H2O，\varphi^{\ominus}=1.51\mathrm{V}（酸性）  |  自身指示（紫红→无色）  |  Fe^{2+}, H2O2, Ca^{2+}(间接), COD  | 
 |  重铬酸钾法  |  K2Cr2O7  |  Cr2O7^{2-} + 14H^+ + 6e^- = 2Cr^{3+} + 7H2O，\varphi^{\ominus}=1.33\mathrm{V}  |  二苯胺磺酸钠  |  全铁测定，COD  | 
 |  碘量法  |  I2 / Na2S2O3  |  I3^- + 2e^- = 3I^-，\varphi^{\ominus}=0.545\mathrm{V}  |  淀粉  |  Cu^{2+}, 漂白粉, 有机物  | 

氧化还原指示剂分类（来源：周坤无机新课 Batch 5）

 |  类型  |  原理  |  典型实例  | 
 | :--- | :--- | :--- | 
 |  自身指示剂  |  滴定剂或被测物本身颜色变化  |  KMnO4（紫红→无色）  | 
 |  显色指示剂  |  与滴定体系某组分形成有色配合物  |  淀粉-I2（蓝色）  | 
 |  氧化还原指示剂  |  氧化态/还原态颜色不同  |  二苯胺磺酸钠、邻二氮菲-亚铁  | 

关键原理要点：
• 可逆电对（如 Fe^{3+}/Fe^{2+}、I2/I^-）迅速建立平衡，电势符合 Nernst 公式；不可逆电对（如 MnO4^-/Mn^{2+}、Cr2O7^{2-}/Cr^{3+}）实际电势与理论值相差较大
• 化学计量点电势计算（对称电对 z_1 = z_2）：\varphi_{\mathrm{sp}} = \frac{z_1\varphi_1^{\ominus'} + z_2\varphi_2^{\ominus'}}{z_1 + z_2}","分析化学 容量分析 氧化还原滴定 rc_30d 化竞","Chem::Core","[[氧化还原滴定]]","30d","总结卡","氧化还原滴定法是以氧化还原反应为基础的滴定分析方法。通常根据所用滴定剂的名称来命名，包括高锰酸钾法、重铬酸钾法、碘量法、硫酸铈法、溴酸钾法等。"
"氧化还原滴定 有哪些常见易错点？","• 误以为所有氧化还原反应都能用于滴定——必须满足速率和完全程度要求
• 混淆直接碘量法和间接碘量法的酸度条件：间接碘量法必须中性和弱酸性
• KMnO4 标定时忽视温度条件（70~85℃），温度过低反应慢，过高 H2C2O4 分解
• 混淆电对的可逆性：计算滴定曲线时不可逆电对的理论电势与实际不符
• 碘量法中淀粉加入过早，I2-淀粉络合物不易解离导致终点滞后","分析化学 容量分析 氧化还原滴定 rc_30d 化竞","Chem::Core","[[氧化还原滴定]]","30d","易错点卡","氧化还原滴定法是以氧化还原反应为基础的滴定分析方法。通常根据所用滴定剂的名称来命名，包括高锰酸钾法、重铬酸钾法、碘量法、硫酸铈法、溴酸钾法等。"
"什么是沉淀滴定？","沉淀滴定法是基于滴定剂与被测物定量生成沉淀或微溶盐的反应，且反应能快速达到平衡并有适当指示剂指示终点。目前应用最多的是以 AgNO3 为滴定剂的银量法（argentometric methods），用于测定卤素离子、拟卤素阴离子（如 SCN^-、CN^-）等。","分析化学 容量分析 沉淀滴定 rc_30d 化竞","Chem::Core","[[沉淀滴定]]","30d","概念卡","关键结论：
三种银量法的核心比较：

 |  项目  |  Mohr 法  |  Volhard 法  |  Fajans 法  | 
 | ------ | --------- | ------------ | ----------- | 
 |  指示剂  |  K2CrO4  |  铁铵矾 (Fe^{3+})  |  吸附指示剂（如荧光素）  | 
 |  滴定剂  |  AgNO3  |  NH4SCN（或 KSCN）  |  AgNO3（或 NaCl）  | 
 |  酸度条件  |  pH 6.5~10.5  |  强酸性（0.1~1 mol/L HNO3）  |  取决于指示剂（pH 2~10 不等）  | 
 |  滴定方式  |  直接滴定  |  返滴定（测卤素时）  |  直接滴定  | 
 |  测定对象  |  Cl^-, Br^-, CN^-  |  Ag^+，返滴定测 Cl^-, Br^-, I^-  |  Cl^-, Br^-, I^-, SCN^-  | 
 |  终点现象  |  白色 AgCl → 砖红色 Ag2CrO4  |  白色 AgSCN → 红色 [Fe(SCN)]^{2+}  |  沉淀表面颜色突变  |"
"沉淀滴定 的关键结论有哪些？","三种银量法的核心比较：

 |  项目  |  Mohr 法  |  Volhard 法  |  Fajans 法  | 
 | ------ | --------- | ------------ | ----------- | 
 |  指示剂  |  K2CrO4  |  铁铵矾 (Fe^{3+})  |  吸附指示剂（如荧光素）  | 
 |  滴定剂  |  AgNO3  |  NH4SCN（或 KSCN）  |  AgNO3（或 NaCl）  | 
 |  酸度条件  |  pH 6.5~10.5  |  强酸性（0.1~1 mol/L HNO3）  |  取决于指示剂（pH 2~10 不等）  | 
 |  滴定方式  |  直接滴定  |  返滴定（测卤素时）  |  直接滴定  | 
 |  测定对象  |  Cl^-, Br^-, CN^-  |  Ag^+，返滴定测 Cl^-, Br^-, I^-  |  Cl^-, Br^-, I^-, SCN^-  | 
 |  终点现象  |  白色 AgCl → 砖红色 Ag2CrO4  |  白色 AgSCN → 红色 [Fe(SCN)]^{2+}  |  沉淀表面颜色突变  |","分析化学 容量分析 沉淀滴定 rc_30d 化竞","Chem::Core","[[沉淀滴定]]","30d","总结卡","沉淀滴定法是基于滴定剂与被测物定量生成沉淀或微溶盐的反应，且反应能快速达到平衡并有适当指示剂指示终点。目前应用最多的是以 AgNO3 为滴定剂的银量法（argentometric methods），用于测定卤素离子、拟卤素阴离子（如 SCN^-、CN^-）等。"
"沉淀滴定 有哪些常见易错点？","• 混淆三种银量法的酸度条件（Mohr 中性弱碱，Volhard 强酸，Fajans 取决于指示剂）
• 用 Fajans 法滴定 Cl^- 时误用曙红作指示剂（Cl^- 吸附力弱于曙红）
• Volhard 法返滴定 Cl^- 时忽略 AgCl + SCN^- 置换反应
• 计算 Mohr 法中所需 K2CrO4 的理论浓度时忘记考虑化学计量点时 [Ag^+] = √Ksp(AgCl)","分析化学 容量分析 沉淀滴定 rc_30d 化竞","Chem::Core","[[沉淀滴定]]","30d","易错点卡","沉淀滴定法是基于滴定剂与被测物定量生成沉淀或微溶盐的反应，且反应能快速达到平衡并有适当指示剂指示终点。目前应用最多的是以 AgNO3 为滴定剂的银量法（argentometric methods），用于测定卤素离子、拟卤素阴离子（如 SCN^-、CN^-）等。"
"什么是滴定曲线？","滴定曲线是以滴定剂加入量（体积 V 或滴定分数 a）为横坐标，以溶液中被测量（pH 或 pM）为纵坐标绘制的曲线。它直观展示滴定过程中被测参数随滴定进程的变化规律。","分析化学 容量分析 滴定曲线 rc_30d 化竞","Chem::Core","[[滴定曲线]]","30d","概念卡","关键结论：
强酸强碱 vs 弱酸弱碱滴定曲线对比

强碱滴定弱酸（NaOH-HAc）
• 滴定前：由于 HAc 解离度小，初始 pH（2.87）比同浓度 HCl（1.00）高约 2 个单位
• 滴定开始后：缓冲体系形成（HAc-NaAc），曲线较为平坦
• 计量点：pH = 8.72（碱性，因为产物 NaAc 水解）
• 突跃范围：pH 7.74 \sim 9.70，比强酸强碱滴定显著缩小

强酸滴定弱碱（HCl-NH₃）
• 计量点 pH < 7（酸性），突跃在酸性范围

影响 pH 突跃大小的因素
• 浓度

浓度越大，突跃范围越大。浓度增大 10 倍，突跃增加约 2 个 pH 单位。

 |  浓度  |  强酸强碱突跃  | 
 | ------ | :---: | 
 |  1\mathrm{~mol\cdot L^{-1}}  |  3.3-10.7  | 
 |  0.1\mathrm{~mol\cdot L^{-1}}  |  4.3-9.7  | 
 |  0.01\mathrm{~mol\cdot L^{-1}}  |  5.3-8.7  | 
• 弱酸的 K_{\mathrm{a}}（或弱碱的 K_{\mathrm{b}}）

K_{\mathrm{a}} 越大，突跃越大。K_{\mathrm{a}} \leqslant 10^{-9} 时已无明显突跃，无法用指示剂确定终点。

准确滴定的可行性判据

用指示剂确定终点时，人眼判断有 \pm 0.2 \sim \pm 0.3 pH 的不确定性。为使终点误差在 \pm 0.2\% 以内，要求突跃范围 > 0.6 pH，这要求：

cK_{\mathrm{a}} \geqslant 10^{-8}

此即一元弱酸能否被强碱准确滴定的判别式。同理对弱碱：cK_{\mathrm{b}} \geqslant 10^{-8}。"
"滴定曲线 的关键结论有哪些？","强酸强碱 vs 弱酸弱碱滴定曲线对比

强碱滴定弱酸（NaOH-HAc）
• 滴定前：由于 HAc 解离度小，初始 pH（2.87）比同浓度 HCl（1.00）高约 2 个单位
• 滴定开始后：缓冲体系形成（HAc-NaAc），曲线较为平坦
• 计量点：pH = 8.72（碱性，因为产物 NaAc 水解）
• 突跃范围：pH 7.74 \sim 9.70，比强酸强碱滴定显著缩小

强酸滴定弱碱（HCl-NH₃）
• 计量点 pH < 7（酸性），突跃在酸性范围

影响 pH 突跃大小的因素
• 浓度

浓度越大，突跃范围越大。浓度增大 10 倍，突跃增加约 2 个 pH 单位。

 |  浓度  |  强酸强碱突跃  | 
 | ------ | :---: | 
 |  1\mathrm{~mol\cdot L^{-1}}  |  3.3-10.7  | 
 |  0.1\mathrm{~mol\cdot L^{-1}}  |  4.3-9.7  | 
 |  0.01\mathrm{~mol\cdot L^{-1}}  |  5.3-8.7  | 
• 弱酸的 K_{\mathrm{a}}（或弱碱的 K_{\mathrm{b}}）

K_{\mathrm{a}} 越大，突跃越大。K_{\mathrm{a}} \leqslant 10^{-9} 时已无明显突跃，无法用指示剂确定终点。

准确滴定的可行性判据

用指示剂确定终点时，人眼判断有 \pm 0.2 \sim \pm 0.3 pH 的不确定性。为使终点误差在 \pm 0.2\% 以内，要求突跃范围 > 0.6 pH，这要求：

cK_{\mathrm{a}} \geqslant 10^{-8}

此即一元弱酸能否被强碱准确滴定的判别式。同理对弱碱：cK_{\mathrm{b}} \geqslant 10^{-8}。","分析化学 容量分析 滴定曲线 rc_30d 化竞","Chem::Core","[[滴定曲线]]","30d","总结卡","滴定曲线是以滴定剂加入量（体积 V 或滴定分数 a）为横坐标，以溶液中被测量（pH 或 pM）为纵坐标绘制的曲线。它直观展示滴定过程中被测参数随滴定进程的变化规律。"
"滴定曲线 有哪些常见易错点？","• 忘记计量点时体积稀释效应（各阶段浓度需按总体积重新计算）
• 弱酸弱碱滴定计量点 pH 不是 7——取决于产物盐的水解
• 混淆滴定分数 a 与浓度关系","分析化学 容量分析 滴定曲线 rc_30d 化竞","Chem::Core","[[滴定曲线]]","30d","易错点卡","滴定曲线是以滴定剂加入量（体积 V 或滴定分数 a）为横坐标，以溶液中被测量（pH 或 pM）为纵坐标绘制的曲线。它直观展示滴定过程中被测参数随滴定进程的变化规律。"
"什么是热重分析？","热重分析（Thermogravimetric Analysis, TGA） 是在程序控制温度下，测量物质质量随温度或时间变化关系的热分析技术。TGA 曲线（热重曲线）以质量损失率（%）或剩余质量（mg）为纵坐标，温度（°C）或时间为横坐标。","分析化学 仪器分析 热重分析 rc_30d 化竞 热分析","Chem::Core","[[热重分析]]","30d","概念卡","关键结论：
• TGA 是定量工具——失重百分比可直接换算为物质组成• 多步失重对应多步分解——每个台阶高度反映该步失去的物质含量• 失重温度反映热稳定性——分解温度越高，热稳定性越好• 结合其他分析（XRD、IR）可确定分解产物• 空气中 vs 惰性气氛中 TGA 结果可能不同——氧化/还原反应的影响"
"热重分析 的关键结论有哪些？","• TGA 是定量工具——失重百分比可直接换算为物质组成• 多步失重对应多步分解——每个台阶高度反映该步失去的物质含量• 失重温度反映热稳定性——分解温度越高，热稳定性越好• 结合其他分析（XRD、IR）可确定分解产物• 空气中 vs 惰性气氛中 TGA 结果可能不同——氧化/还原反应的影响","分析化学 仪器分析 热重分析 rc_30d 化竞 热分析","Chem::Core","[[热重分析]]","30d","总结卡","热重分析（Thermogravimetric Analysis, TGA） 是在程序控制温度下，测量物质质量随温度或时间变化关系的热分析技术。TGA 曲线（热重曲线）以质量损失率（%）或剩余质量（mg）为纵坐标，温度（°C）或时间为横坐标。"
"热重分析 有哪些常见易错点？","|  错误  |  原因  |  纠正  |  课堂提问  | 
 | :--- | :--- | :--- | :--- | 
 |  用无水物质量计算失重  |  混淆基准  |  失重百分比以初始样品总质量为基准  |  10 g CuSO₄·5H₂O 脱水后剩多少克？  | 
 |  忽略分步脱水  |  假设所有水一次失去  |  结晶水通常分步失去，结合力不同  |  为什么 CuSO₄·5H₂O 的 TGA 有多个台阶？  | 
 |  把增重当失重  |  氧化反应导致质量增加  |  注意气氛：空气中金属可能氧化增重  |  Fe 粉在空气中加热，TGA 曲线会怎样？  | 
 |  忽略分解产物的摩尔质量  |  计算错误  |  确认分解方程式，计算正确的理论失重  |  CaCO₃ 分解的理论失重是多少？  | 
 |  混淆 TGA 和 DSC  |  两者测量不同物理量  |  TGA 测质量，DSC 测热量  |  TGA 台阶对应 DSC 的什么特征？  |","分析化学 仪器分析 热重分析 rc_30d 化竞 热分析","Chem::Core","[[热重分析]]","30d","易错点卡","热重分析（Thermogravimetric Analysis, TGA） 是在程序控制温度下，测量物质质量随温度或时间变化关系的热分析技术。TGA 曲线（热重曲线）以质量损失率（%）或剩余质量（mg）为纵坐标，温度（°C）或时间为横坐标。"
"什么是电荷平衡？","电荷平衡（Charge Balance） 是指在任何电中性的化学体系（化合物、溶液、晶胞等）中，正电荷总量与负电荷总量相等的基本约束条件。它是化学计量中除质量守恒之外的另一核心守恒定律，广泛应用于：","分析化学 化学计量 电荷平衡 rc_30d 化竞 电荷守恒 计算","Chem::Core","[[电荷平衡]]","30d","概念卡","关键结论：
• 电中性是化合物的基本属性——任何稳定存在的化合物整体电荷必为零• 电荷守恒是方程式配平的必要检验——配平后必须验证左右电荷相等• 电荷平衡可用于反推未知价态——已知部分离子电荷，可求未知离子氧化态• 晶胞分析中电荷平衡是化学式验证的关键——与密度计算互为校验• 溶液中电荷平衡方程与物料平衡联立可求解复杂平衡体系"
"电荷平衡 的关键结论有哪些？","• 电中性是化合物的基本属性——任何稳定存在的化合物整体电荷必为零• 电荷守恒是方程式配平的必要检验——配平后必须验证左右电荷相等• 电荷平衡可用于反推未知价态——已知部分离子电荷，可求未知离子氧化态• 晶胞分析中电荷平衡是化学式验证的关键——与密度计算互为校验• 溶液中电荷平衡方程与物料平衡联立可求解复杂平衡体系","分析化学 化学计量 电荷平衡 rc_30d 化竞 电荷守恒 计算","Chem::Core","[[电荷平衡]]","30d","总结卡","电荷平衡（Charge Balance） 是指在任何电中性的化学体系（化合物、溶液、晶胞等）中，正电荷总量与负电荷总量相等的基本约束条件。它是化学计量中除质量守恒之外的另一核心守恒定律，广泛应用于："
"电荷平衡 有哪些常见易错点？","|  错误  |  原因  |  纠正  |  课堂提问  | 
 | :--- | :--- | :--- | :--- | 
 |  忽略配体电荷  |  认为 NH₃、H₂O 等中性配体不影响  |  中性配体电荷为 0，但阴离子配体（Cl⁻、CN⁻）必须计入  |  [Co(NH₃)₅Cl]²⁺ 中，配体总电荷是多少？  | 
 |  晶胞占有率计算错误  |  混淆顶点、棱、面、体的占有率  |  顶点 1/8，棱 1/4，面 1/2，体心 1  |  NaCl 晶胞中实际有几个 Na⁺ 和几个 Cl⁻？  | 
 |  氧化态与电荷混淆  |  把离子电荷当作氧化态  |  氧化态是形式电荷，单质中氧化态为 0 但可能形成离子  |  Fe 单质的氧化态是多少？Fe²⁺ 呢？  | 
 |  方程式配平后忘验电荷  |  只检查原子守恒  |  养成习惯：原子守恒 → 电荷守恒  |  MnO₄⁻ + Fe²⁺ → Mn²⁺ + Fe³⁺ 配平后电荷各为多少？  | 
 |  非化学计量化合物中忽略缺陷电荷  |  假设所有离子价态相同  |  缺陷处需不同价态离子补偿电荷  |  Fe₁₋ₓO 中为何会有 Fe³⁺？  |","分析化学 化学计量 电荷平衡 rc_30d 化竞 电荷守恒 计算","Chem::Core","[[电荷平衡]]","30d","易错点卡","电荷平衡（Charge Balance） 是指在任何电中性的化学体系（化合物、溶液、晶胞等）中，正电荷总量与负电荷总量相等的基本约束条件。它是化学计量中除质量守恒之外的另一核心守恒定律，广泛应用于："
"什么是碘量法？","碘量法（Iodometry）是利用 I₂ 的氧化性或 I⁻ 的还原性进行定量分析的氧化还原滴定方法。根据反应方向分为直接碘量法（碘滴定法）和间接碘量法（滴定碘法）。碘量法在竞赛中常用于测定还原性物质、氧化性物质和某些有机物。","分析化学 氧化还原滴定 碘量法 rc_30d 化竞 基础要求 碘","Chem::Core","[[碘量法]]","30d","概念卡",""
"碘量法 有哪些常见易错点？","• 间接碘量法中淀粉加入过早——应在临近终点时加入
• 忽略 I₂ 的挥发性——需使用碘量瓶
• 强酸性条件下 S₂O₃²⁻ 分解——pH 应控制在弱酸性或中性
• 强碱性条件下 I₂ 歧化——同样需控制 pH","分析化学 氧化还原滴定 碘量法 rc_30d 化竞 基础要求 碘","Chem::Core","[[碘量法]]","30d","易错点卡","碘量法（Iodometry）是利用 I₂ 的氧化性或 I⁻ 的还原性进行定量分析的氧化还原滴定方法。根据反应方向分为直接碘量法（碘滴定法）和间接碘量法（滴定碘法）。碘量法在竞赛中常用于测定还原性物质、氧化性物质和某些有机物。"
"什么是磁性测量？","磁性测量（Magnetic Susceptibility Measurement） 是通过测定物质的磁化率（magnetic susceptibility）来研究其电子结构和成键性质的分析方法。在化学竞赛中，磁性测量主要用于：","分析化学 仪器分析 磁性测量 rc_30d 化竞 磁性","Chem::Core","[[磁性测量]]","30d","概念卡","关键结论：
• 磁矩与未成对电子数一一对应——是推断电子组态的直接实验证据• 抗磁性 = 所有电子成对——可用于确认低自旋 d⁶ 等电子组态• 高自旋/低自旋判断：d⁴~d⁷ 体系中，实测磁矩与理论值对比• 配合物推断：磁矩 + 元素分析 + 配位数 → 确定氧化态和电子组态• O₂ 的顺磁性是分子轨道理论的经典证据（\pi^*_{2p} 上有两个未成对电子）"
"磁性测量 的关键结论有哪些？","• 磁矩与未成对电子数一一对应——是推断电子组态的直接实验证据• 抗磁性 = 所有电子成对——可用于确认低自旋 d⁶ 等电子组态• 高自旋/低自旋判断：d⁴~d⁷ 体系中，实测磁矩与理论值对比• 配合物推断：磁矩 + 元素分析 + 配位数 → 确定氧化态和电子组态• O₂ 的顺磁性是分子轨道理论的经典证据（\pi^*_{2p} 上有两个未成对电子）","分析化学 仪器分析 磁性测量 rc_30d 化竞 磁性","Chem::Core","[[磁性测量]]","30d","总结卡","磁性测量（Magnetic Susceptibility Measurement） 是通过测定物质的磁化率（magnetic susceptibility）来研究其电子结构和成键性质的分析方法。在化学竞赛中，磁性测量主要用于："
"磁性测量 有哪些常见易错点？","|  错误  |  原因  |  纠正  |  课堂提问  | 
 | :--- | :--- | :--- | :--- | 
 |  把磁矩公式记成 \mu = \sqrt{n}  |  混淆不同公式  |  正确公式：\mu = \sqrt{n(n+2)}  |  n=2 时，\sqrt{2} 和 \sqrt{8} 分别是多少？  | 
 |  d⁶ 高自旋算成 6 个未成对电子  |  误以为 d⁶ = 6 个电子都未成对  |  d⁶ 高自旋：t_{2g}^4 e_g^2，4 个未成对  |  画一下 d⁶ 高自旋的轨道填充图  | 
 |  忽略 Co(III) 总是低自旋  |  不知道 Co(III) 的强场特性  |  Co(III) 配合物几乎总是低自旋  |  为什么 [Co(NH₃)₆]³⁺ 是抗磁性的？  | 
 |  把 Fe(III) 低自旋误认为高自旋  |  不了解配体场强影响  |  CN⁻ 等强场配体使 Fe(III) 低自旋  |  [Fe(CN)₆]³⁻ 有几个未成对电子？  | 
 |  忽略抗磁性背景  |  所有物质都有抗磁性贡献  |  顺磁性物质的抗磁性背景通常可忽略  |  为什么顺磁性物质的磁化率为正？  |","分析化学 仪器分析 磁性测量 rc_30d 化竞 磁性","Chem::Core","[[磁性测量]]","30d","易错点卡","磁性测量（Magnetic Susceptibility Measurement） 是通过测定物质的磁化率（magnetic susceptibility）来研究其电子结构和成键性质的分析方法。在化学竞赛中，磁性测量主要用于："
"什么是精密度？","精密度（precision）表示多次平行测定结果之间的相互接近程度，由随机误差决定。","分析化学 误差与数据处理 精密度 rc_30d 化竞","Chem::Core","[[精密度]]","30d","概念卡","关键结论：
精密度指标四分法

 |  指标  |  符号  |  公式  |  适用场合  | 
 | ------ | ------ | ------ | --------- | 
 |  平均偏差  |  \bar{d}  |  \sum\ | d_i\ | /n  |  n 较小（3~4次）  | 
 |  相对平均偏差  |  \bar{d}_\mathrm{r}  |  \bar{d}/\bar{x} \times 100\%  |  比较不同浓度水平  | 
 |  标准偏差  |  s  |  \sqrt{\sum(x_i-\bar{x})^2/(n-1)}  |  最常用，统计意义最好  | 
 |  相对标准偏差（RSD/CV）  |  s_\mathrm{r}  |  s/\bar{x} \times 100\%  |  竞赛中""合格""常指 RSD \leqslant 0.2\%  | 
 |  极差（全距）  |  R  |  x_\mathrm{max} - x_\mathrm{min}  |  快速估算，但未利用全部数据  | 

准确度与精密度的关系（四组数据案例）

用打靶类比（甲/乙/丙/丁四组数据，真值 50.36\%）：

 |  人员  |  精密度  |  准确度  |  评价  | 
 | ------ | :---: | :---: | ------ | 
 |  甲  |  高  |  高  |  结果可靠  | 
 |  乙  |  高  |  低  |  有系统误差  | 
 |  丙  |  低  |  低  |  完全不可靠  | 
 |  丁  |  低  |  平均值巧合接近真值  |  不可靠，纯属巧合  | 

核心关系：
• 精密度高 \neq 准确度高（可能存在系统误差）
• 准确度高 \Rightarrow 精密度必然高（精密是准确的前提）
• 精密度低时，讨论准确度无意义

精密度的三种表现形式

 |  层次  |  名称  |  英文  |  条件  | 
 | ------ | ------ | ------ | ------ | 
 |  重复性  |  Repeatability  |  同一人、同一仪器、同一实验室、同一方法  | 
 |  中间精密度  |  Intermediate precision  |  同一实验室内条件变化（不同天、不同人）  | 
 |  再现性  |  Reproducibility  |  不同实验室之间、不同方法  | 

竞赛中主要关注重复性。

精密度与测量次数的关系

平均值 \bar{x} 的精密度与单次测定精密度的关系：

s_{\bar{x}} = \frac{s}{\sqrt{n}}
• n 从 1 增加到 5：s_{\bar{x}} 迅速减小
• n > 5\sim 10：改善趋于平缓
• 实际分析中 3\sim 4 次平行即可，高要求时 5\sim 9 次

竞赛中的精密度标准
• RSD \leq 0.2\%（千分之二）通常视为""合格""的精密度
• 常量分析（含量 >1\%）一般要求 RSD \leq 0.2\%\sim 0.5\%"
"精密度 的关键结论有哪些？","精密度指标四分法

 |  指标  |  符号  |  公式  |  适用场合  | 
 | ------ | ------ | ------ | --------- | 
 |  平均偏差  |  \bar{d}  |  \sum\ | d_i\ | /n  |  n 较小（3~4次）  | 
 |  相对平均偏差  |  \bar{d}_\mathrm{r}  |  \bar{d}/\bar{x} \times 100\%  |  比较不同浓度水平  | 
 |  标准偏差  |  s  |  \sqrt{\sum(x_i-\bar{x})^2/(n-1)}  |  最常用，统计意义最好  | 
 |  相对标准偏差（RSD/CV）  |  s_\mathrm{r}  |  s/\bar{x} \times 100\%  |  竞赛中""合格""常指 RSD \leqslant 0.2\%  | 
 |  极差（全距）  |  R  |  x_\mathrm{max} - x_\mathrm{min}  |  快速估算，但未利用全部数据  | 

准确度与精密度的关系（四组数据案例）

用打靶类比（甲/乙/丙/丁四组数据，真值 50.36\%）：

 |  人员  |  精密度  |  准确度  |  评价  | 
 | ------ | :---: | :---: | ------ | 
 |  甲  |  高  |  高  |  结果可靠  | 
 |  乙  |  高  |  低  |  有系统误差  | 
 |  丙  |  低  |  低  |  完全不可靠  | 
 |  丁  |  低  |  平均值巧合接近真值  |  不可靠，纯属巧合  | 

核心关系：
• 精密度高 \neq 准确度高（可能存在系统误差）
• 准确度高 \Rightarrow 精密度必然高（精密是准确的前提）
• 精密度低时，讨论准确度无意义

精密度的三种表现形式

 |  层次  |  名称  |  英文  |  条件  | 
 | ------ | ------ | ------ | ------ | 
 |  重复性  |  Repeatability  |  同一人、同一仪器、同一实验室、同一方法  | 
 |  中间精密度  |  Intermediate precision  |  同一实验室内条件变化（不同天、不同人）  | 
 |  再现性  |  Reproducibility  |  不同实验室之间、不同方法  | 

竞赛中主要关注重复性。

精密度与测量次数的关系

平均值 \bar{x} 的精密度与单次测定精密度的关系：

s_{\bar{x}} = \frac{s}{\sqrt{n}}
• n 从 1 增加到 5：s_{\bar{x}} 迅速减小
• n > 5\sim 10：改善趋于平缓
• 实际分析中 3\sim 4 次平行即可，高要求时 5\sim 9 次

竞赛中的精密度标准
• RSD \leq 0.2\%（千分之二）通常视为""合格""的精密度
• 常量分析（含量 >1\%）一般要求 RSD \leq 0.2\%\sim 0.5\%","分析化学 误差与数据处理 精密度 rc_30d 化竞","Chem::Core","[[精密度]]","30d","总结卡","精密度（precision）表示多次平行测定结果之间的相互接近程度，由随机误差决定。"
"精密度 有哪些常见易错点？","• 混淆精密度和准确度——这是最常犯的错误
• 忘记 s_{\bar{x}} = s/\sqrt{n} 中的分母是 \sqrt{n} 而不是 n
• RSD 用百分数表示，计算时不要忘记乘 100%
• 认为同一实验室就是重复性条件——如果不同天、不同人，属于中间精密度
• 精密度只反映分散度，不说明""对不对""（准确度才说明""对不对""）","分析化学 误差与数据处理 精密度 rc_30d 化竞","Chem::Core","[[精密度]]","30d","易错点卡","精密度（precision）表示多次平行测定结果之间的相互接近程度，由随机误差决定。"
"什么是终点误差？","终点误差（end-point error, E_\mathrm{t}）是指由于滴定终点（EP）与化学计量点（SP）不重合而引起的系统误差。它是容量分析中误差定量评价的核心指标。","分析化学 容量分析 终点误差 rc_30d 化竞 滴定 误差","Chem::Core","[[终点误差]]","30d","概念卡","关键结论：
可滴定判据的推导

由林邦误差公式，设指示剂变色点与计量点一致但 \Delta\mathrm{pH} = \pm 0.3，要求 E_\mathrm{t} \leqslant 0.2\%，可推导出一元弱酸可滴定判据：

cK_\mathrm{a} \geqslant 10^{-8}

这是竞赛中判断弱酸能否被强碱准确滴定的核心阈值。

多元酸分步滴定条件

对于多元酸 \mathrm{H}_n\mathrm{A}，分步滴定需同时满足：• 第一级可滴：cK_{\mathrm{a}_1} \geqslant 10^{-8}• 可分步：K_{\mathrm{a}_1}/K_{\mathrm{a}_2} \geqslant 10^5（更严格判据）"
"终点误差 的关键结论有哪些？","可滴定判据的推导

由林邦误差公式，设指示剂变色点与计量点一致但 \Delta\mathrm{pH} = \pm 0.3，要求 E_\mathrm{t} \leqslant 0.2\%，可推导出一元弱酸可滴定判据：

cK_\mathrm{a} \geqslant 10^{-8}

这是竞赛中判断弱酸能否被强碱准确滴定的核心阈值。

多元酸分步滴定条件

对于多元酸 \mathrm{H}_n\mathrm{A}，分步滴定需同时满足：• 第一级可滴：cK_{\mathrm{a}_1} \geqslant 10^{-8}• 可分步：K_{\mathrm{a}_1}/K_{\mathrm{a}_2} \geqslant 10^5（更严格判据）","分析化学 容量分析 终点误差 rc_30d 化竞 滴定 误差","Chem::Core","[[终点误差]]","30d","总结卡","终点误差（end-point error, E_\mathrm{t}）是指由于滴定终点（EP）与化学计量点（SP）不重合而引起的系统误差。它是容量分析中误差定量评价的核心指标。"
"什么是误差？","误差（error）是测量值 x 与真值 x_{\mathrm{T}} 之间的差值，反映准确度的高低。误差越小，准确度越高。","分析化学 误差与数据处理 误差 rc_30d 化竞","Chem::Core","[[误差]]","30d","概念卡","关键结论：
• 系统误差决定准确度，随机误差决定精密度
• 系统误差理论上可测可校，随机误差不可免但可统计
• 消除系统误差后，可用精密度表达准确度
• 公差是生产部门对误差的允许限量：高含量（>80%）允许相对误差约 \pm 0.4\%，微量（<1%）可达 \pm 5\%\sim 100\%"
"误差 的关键结论有哪些？","• 系统误差决定准确度，随机误差决定精密度
• 系统误差理论上可测可校，随机误差不可免但可统计
• 消除系统误差后，可用精密度表达准确度
• 公差是生产部门对误差的允许限量：高含量（>80%）允许相对误差约 \pm 0.4\%，微量（<1%）可达 \pm 5\%\sim 100\%","分析化学 误差与数据处理 误差 rc_30d 化竞","Chem::Core","[[误差]]","30d","总结卡","误差（error）是测量值 x 与真值 x_{\mathrm{T}} 之间的差值，反映准确度的高低。误差越小，准确度越高。"
"误差 有哪些常见易错点？","• 将过失误差当作随机误差处理，纳入统计计算
• 混淆""误差""（与真值比较）与""偏差""（与平均值比较）
• 系统误差的传递中，加减法传递的是绝对误差，乘除法传递的是相对误差
• 随机误差的传递中加减法用的是方差相加（不论加减），不是标准偏差直接相加
• 极值误差按绝对值累加，用于最坏情况估计而非精确计算","分析化学 误差与数据处理 误差 rc_30d 化竞","Chem::Core","[[误差]]","30d","易错点卡","误差（error）是测量值 x 与真值 x_{\mathrm{T}} 之间的差值，反映准确度的高低。误差越小，准确度越高。"
"什么是质量分数推断？","质量分数推断 是指通过实验测定或题目给定的元素质量分数数据，结合化学计量关系，反推未知化合物的实验式（最简式）乃至分子式的解题方法。这是化学竞赛中基础且高频的计算题型，通常与燃烧分析、元素定量分析数据结合出现。","分析化学 化学计量 质量分数推断 rc_30d 化竞 计算 推断","Chem::Core","[[质量分数推断]]","30d","概念卡","关键结论：
• 质量分数 → 物质的量比 → 实验式 是固定流程，必须熟练• 有机物中 O 含量 = 差减法，不可忽略或臆测• 实验式只是最简比，分子式需结合分子量（质谱、凝固点降低等）• 不饱和度是连接分子式与结构的桥梁• 含 N 有机物燃烧时，N 可能生成 N₂（需专门测定）或转化为氮氧化物• 含卤素、S、P 等元素时，需特殊分析方法"
"质量分数推断 的关键结论有哪些？","• 质量分数 → 物质的量比 → 实验式 是固定流程，必须熟练• 有机物中 O 含量 = 差减法，不可忽略或臆测• 实验式只是最简比，分子式需结合分子量（质谱、凝固点降低等）• 不饱和度是连接分子式与结构的桥梁• 含 N 有机物燃烧时，N 可能生成 N₂（需专门测定）或转化为氮氧化物• 含卤素、S、P 等元素时，需特殊分析方法","分析化学 化学计量 质量分数推断 rc_30d 化竞 计算 推断","Chem::Core","[[质量分数推断]]","30d","总结卡","质量分数推断 是指通过实验测定或题目给定的元素质量分数数据，结合化学计量关系，反推未知化合物的实验式（最简式）乃至分子式的解题方法。这是化学竞赛中基础且高频的计算题型，通常与燃烧分析、元素定量分析数据结合出现。"
"质量分数推断 有哪些常见易错点？","|  错误  |  原因  |  纠正  |  课堂提问  | 
 | :--- | :--- | :--- | :--- | 
 |  将质量分数直接当下标  |  混淆质量比与原子数比  |  必须先除以摩尔质量得到物质的量比  |  100 g 样品中 C 占 40 g，是几摩尔 C？  | 
 |  忘记氧的差减法  |  习惯于直接给所有元素数据  |  有机物燃烧分析中，O 必须是差减得到的  |  如果样品只有 C、H、O，知道 C 和 H 后，怎么求 O？  | 
 |  不饱和度计算错误  |  忘记氧不影响，或把 N 算错  |  记住公式：IHD = (2C + 2 + N - H - X) / 2  |  分子式 C₆H₅NO₂ 的不饱和度是多少？（IHD = 5） | 
 |  忽略有效数字  |  中间过程过度舍入  |  保留至少 4 位有效数字到最简比步骤  |  为什么 1.49 要当作 1.5（×2→3）而不是 1？  | 
 |  结晶水干扰  |  看到""含水""不处理  |  明确区分无水物和结晶水合物  |  CuSO₄·5H₂O 中 H₂O 占多少质量分数？  | 
 |  气体体积未标准化  |  用非 STP 条件下的体积直接算  |  用理想气体方程换算或注意题目条件  |  25°C、1 atm 下 1 mol 气体体积是多少？  |","分析化学 化学计量 质量分数推断 rc_30d 化竞 计算 推断","Chem::Core","[[质量分数推断]]","30d","易错点卡","质量分数推断 是指通过实验测定或题目给定的元素质量分数数据，结合化学计量关系，反推未知化合物的实验式（最简式）乃至分子式的解题方法。这是化学竞赛中基础且高频的计算题型，通常与燃烧分析、元素定量分析数据结合出现。"
"什么是酸碱滴定？","酸碱滴定法（acid-base titration）是以质子转移反应为基础的滴定分析基本原理方法。滴定剂一般为强酸（如 HCl）或强碱（如 NaOH），用于测定各种具有碱性或酸性的物质。","分析化学 容量分析 酸碱滴定 rc_30d 化竞","Chem::Core","[[酸碱滴定]]","30d","概念卡",""
"酸碱滴定 有哪些常见易错点？","计量点计算策略
• 判断滴定类型（强/弱酸、强/弱碱、多元酸）
• 写出计量点产物
• 根据产物性质计算计量点 pH
• 计算突跃范围（a = 0.999 和 a = 1.001 时 pH）
• 选择变色范围在突跃内的指示剂","分析化学 容量分析 酸碱滴定 rc_30d 化竞","Chem::Core","[[酸碱滴定]]","30d","易错点卡","酸碱滴定法（acid-base titration）是以质子转移反应为基础的滴定分析基本原理方法。滴定剂一般为强酸（如 HCl）或强碱（如 NaOH），用于测定各种具有碱性或酸性的物质。"
"什么是重量分析？","重量分析法是通过称量物质质量来测定被测组分含量的分析方法。主要分为三类：
• 沉淀法（沉淀重量法）：将被测组分以微溶化合物形式沉淀出来，过滤、洗涤、烘干或灼烧后称量——是最主要的重量分析方法
• 气化法：利用物质的挥发性，加热使待测组分逸出，根据试样减重计算含量
• 电解法：电解使金属离子在电极上还原析出，称量电极增重","分析化学 容量分析 重量分析 rc_30d 化竞","Chem::Core","[[重量分析]]","30d","概念卡","关键结论：
• 影响沉淀溶解度的五个因素

 |  因素  |  效应  |  规律  | 
 | ------ | ------ | ------ | 
 |  同离子效应  |  降低溶解度  |  沉淀剂过量 50%~100% 为宜，过量太多可能引起盐效应/配位效应  | 
 |  盐效应  |  增大溶解度  |  离子强度增大，活度系数减小，K_{\mathrm{sp}} 增大  | 
 |  酸效应  |  增大溶解度（弱酸盐）  |  如 CaC2O4 在 pH 2 时的溶解度约为 pH 4 时的 10 倍  | 
 |  配位效应  |  增大溶解度  |  沉淀剂本身是配体时，过量太多反而使溶解度增大  | 
 |  温度  |  一般升高溶解度  |  沉淀溶解多为吸热反应  | 
• 沉淀的两种类型

 |  类型  |  晶形沉淀  |  无定形沉淀  | 
 | ------ | --------- | ----------- | 
 |  粒径  |  0.1~1 μm  |  < 0.02 μm  | 
 |  示例  |  BaSO4, MgNH4PO4  |  Fe2O3·nH2O, Al2O3·nH2O  | 
 |  结构  |  排列规则、紧密  |  疏松絮状、含水多  | 
 |  比表面  |  小  |  大（吸附严重）  | 
 |  沉淀条件  |  稀、热、慢、搅、陈化  |  浓、热、加电解质、不陈化、趁热过滤  | 
• 槐氏（Von Weimarn）经验公式
\text{分散度} = K \times \frac{c_Q - s}{s}

式中 c_Q 为沉淀瞬间的浓度，s 为溶解度，(c_Q - s)/s 为相对过饱和度。相对过饱和度越小，晶核越少，颗粒越大（有利于得到粗晶形沉淀）。"
"重量分析 的关键结论有哪些？","• 影响沉淀溶解度的五个因素

 |  因素  |  效应  |  规律  | 
 | ------ | ------ | ------ | 
 |  同离子效应  |  降低溶解度  |  沉淀剂过量 50%~100% 为宜，过量太多可能引起盐效应/配位效应  | 
 |  盐效应  |  增大溶解度  |  离子强度增大，活度系数减小，K_{\mathrm{sp}} 增大  | 
 |  酸效应  |  增大溶解度（弱酸盐）  |  如 CaC2O4 在 pH 2 时的溶解度约为 pH 4 时的 10 倍  | 
 |  配位效应  |  增大溶解度  |  沉淀剂本身是配体时，过量太多反而使溶解度增大  | 
 |  温度  |  一般升高溶解度  |  沉淀溶解多为吸热反应  | 
• 沉淀的两种类型

 |  类型  |  晶形沉淀  |  无定形沉淀  | 
 | ------ | --------- | ----------- | 
 |  粒径  |  0.1~1 μm  |  < 0.02 μm  | 
 |  示例  |  BaSO4, MgNH4PO4  |  Fe2O3·nH2O, Al2O3·nH2O  | 
 |  结构  |  排列规则、紧密  |  疏松絮状、含水多  | 
 |  比表面  |  小  |  大（吸附严重）  | 
 |  沉淀条件  |  稀、热、慢、搅、陈化  |  浓、热、加电解质、不陈化、趁热过滤  | 
• 槐氏（Von Weimarn）经验公式
\text{分散度} = K \times \frac{c_Q - s}{s}

式中 c_Q 为沉淀瞬间的浓度，s 为溶解度，(c_Q - s)/s 为相对过饱和度。相对过饱和度越小，晶核越少，颗粒越大（有利于得到粗晶形沉淀）。","分析化学 容量分析 重量分析 rc_30d 化竞","Chem::Core","[[重量分析]]","30d","总结卡","重量分析法是通过称量物质质量来测定被测组分含量的分析方法。主要分为三类：
• 沉淀法（沉淀重量法）：将被测组分以微溶化合物形式沉淀出来，过滤、洗涤、烘干或灼烧后称量——是最主要的重量分析方法
• 气化法：利用物质的挥发性，加热使待测组分逸出，根据试样减重计算含量
• 电解法：电解使金属离子在电极上还原析出，称量电极增重"
"重量分析 有哪些常见易错点？","• 将沉淀形式等同于称量形式（两者可不同，需通过换算因数联系）
• 误认为沉淀剂过量越多越好（过量太多引起盐效应和配位效应，溶解度反而增大）
• 对无定形沉淀也进行陈化（会导致已吸附的杂质更难洗去）
• 忽视盐效应对高价离子沉淀的影响（构晶离子电荷越高，盐效应越显著）","分析化学 容量分析 重量分析 rc_30d 化竞","Chem::Core","[[重量分析]]","30d","易错点卡","重量分析法是通过称量物质质量来测定被测组分含量的分析方法。主要分为三类：
• 沉淀法（沉淀重量法）：将被测组分以微溶化合物形式沉淀出来，过滤、洗涤、烘干或灼烧后称量——是最主要的重量分析方法
• 气化法：利用物质的挥发性，加热使待测组分逸出，根据试样减重计算含量
• 电解法：电解使金属离子在电极上还原析出，称量电极增重"
"什么是Arrhenius方程？","Arrhenius方程描述速率常数 k 与温度 T 的定量关系：","化学原理 化学动力学 Arrhenius方程 rc_30d 化竞","Chem::Core","[[Arrhenius方程]]","30d","概念卡","关键结论：
• 温度影响速率常数，而不是直接改变化学计量关系。
• Arrhenius方程连接了宏观速率与微观能垒。
• R 的单位必须和 E_a 匹配：
• 若 R = 8.314\ \mathrm{J\cdot mol^{-1}\cdot K^{-1}}，则 E_a 算出为 \mathrm{J\cdot mol^{-1}}
• 若答案要写成 \mathrm{kJ\cdot mol^{-1}}，需再除以 1000"
"Arrhenius方程 的关键结论有哪些？","• 温度影响速率常数，而不是直接改变化学计量关系。
• Arrhenius方程连接了宏观速率与微观能垒。
• R 的单位必须和 E_a 匹配：
• 若 R = 8.314\ \mathrm{J\cdot mol^{-1}\cdot K^{-1}}，则 E_a 算出为 \mathrm{J\cdot mol^{-1}}
• 若答案要写成 \mathrm{kJ\cdot mol^{-1}}，需再除以 1000","化学原理 化学动力学 Arrhenius方程 rc_30d 化竞","Chem::Core","[[Arrhenius方程]]","30d","总结卡","Arrhenius方程描述速率常数 k 与温度 T 的定量关系："
"什么是Brønsted酸碱理论？","Brønsted-Lowry 酸碱理论（质子理论，1923 年）：","化学原理 酸碱平衡 Brønsted酸碱理论 rc_30d 化竞 酸碱 酸碱理论","Chem::Core","[[Brønsted酸碱理论]]","30d","概念卡","关键结论：
常见酸的 pKa（竞赛必记）
 |  酸  |  pKa₁  |  pKa₂  |  pKa₃  | 
 | --- | :---: | :---: | :---: | 
 |  HClO₄  |  ~−10  |  —  |  —  | 
 |  HCl  |  ~−7  |  —  |  —  | 
 |  H₂SO₄  |  ~−3  |  1.99  |  —  | 
 |  HNO₃  |  −1.4  |  —  |  —  | 
 |  H₃O⁺  |  −1.7  |  —  |  —  | 
 |  H₃PO₄  |  2.12  |  7.20  |  12.36  | 
 |  HF  |  3.18  |  —  |  —  | 
 |  CH₃COOH  |  4.76  |  —  |  —  | 
 |  H₂CO₃  |  6.35  |  10.33  |  —  | 
 |  H₂S  |  7.02  |  13.9  |  —  | 
 |  NH₄⁺  |  9.25  |  —  |  —  | 
 |  H₂O  |  15.7  |  —  |  —  | 

酸碱强弱的定性判断
• 同周期：电负性大的元素，氢化物/含氧酸酸性强
• 同族：原子半径大，键能小，酸性强（如 HI > HBr > HCl > HF 在水中的表现）
• 含氧酸：中心原子氧化态越高、电负性越大，酸性越强（HClO₄ > HClO₃ > HClO₂ > HClO）"
"Brønsted酸碱理论 的关键结论有哪些？","常见酸的 pKa（竞赛必记）
 |  酸  |  pKa₁  |  pKa₂  |  pKa₃  | 
 | --- | :---: | :---: | :---: | 
 |  HClO₄  |  ~−10  |  —  |  —  | 
 |  HCl  |  ~−7  |  —  |  —  | 
 |  H₂SO₄  |  ~−3  |  1.99  |  —  | 
 |  HNO₃  |  −1.4  |  —  |  —  | 
 |  H₃O⁺  |  −1.7  |  —  |  —  | 
 |  H₃PO₄  |  2.12  |  7.20  |  12.36  | 
 |  HF  |  3.18  |  —  |  —  | 
 |  CH₃COOH  |  4.76  |  —  |  —  | 
 |  H₂CO₃  |  6.35  |  10.33  |  —  | 
 |  H₂S  |  7.02  |  13.9  |  —  | 
 |  NH₄⁺  |  9.25  |  —  |  —  | 
 |  H₂O  |  15.7  |  —  |  —  | 

酸碱强弱的定性判断
• 同周期：电负性大的元素，氢化物/含氧酸酸性强
• 同族：原子半径大，键能小，酸性强（如 HI > HBr > HCl > HF 在水中的表现）
• 含氧酸：中心原子氧化态越高、电负性越大，酸性越强（HClO₄ > HClO₃ > HClO₂ > HClO）","化学原理 酸碱平衡 Brønsted酸碱理论 rc_30d 化竞 酸碱 酸碱理论","Chem::Core","[[Brønsted酸碱理论]]","30d","总结卡","Brønsted-Lowry 酸碱理论（质子理论，1923 年）："
"Brønsted酸碱理论 有哪些常见易错点？","• ❌ 错： 多元酸直接用 Ka₁ 算 pH 但不验证近似条件
• ❌ 错： 忘记 Ka·Kb = Kw 仅在 25°C 成立（温度变化 Kw 也变）
• ❌ 错： 混淆 pKa 大小与酸性强弱关系（pKa 越小酸性越强）
• ❌ 错： 认为 HCl 的 pKa 约为 −7 所以水溶液中 HAc 比 HCl 弱不到哪去——实际上强酸在水中被""拉平""到 H₃O⁺ 水平","化学原理 酸碱平衡 Brønsted酸碱理论 rc_30d 化竞 酸碱 酸碱理论","Chem::Core","[[Brønsted酸碱理论]]","30d","易错点卡","Brønsted-Lowry 酸碱理论（质子理论，1923 年）："
"什么是Dalton分压定律？","Dalton 分压定律（1807 年 Dalton 提出）：混合气体的总压力等于各组分气体分压之和。某组分气体的分压等于总压力乘以该气体的摩尔分数（或体积分数）。","化学原理 气体与溶液 Dalton分压定律 rc_30d 化竞 气体","Chem::Core","[[Dalton分压定律]]","30d","概念卡","关键结论：
分压与摩尔分数的关系
\frac{p_i}{p_{\text{总}}} = \frac{n_i}{n_{\text{总}}} = \frac{V_i}{V_{\text{总}}} = x_i

在相同温度压力下，气体物质的量与体积成正比，因此体积分数等于摩尔分数。

排水集气法的分压校正
用排水集气法收集的气体中含有水蒸气，需校正：
p_{\text{干燥气体}} = p_{\text{总}} - p(\mathrm{H_2O})
V_{\text{干燥气体}} = V_{\text{总}} \times \frac{p_{\text{干燥气体}}}{p_{\text{总}}}

其中 p(\mathrm{H_2O}) 为实验温度下水的饱和蒸气压。

例：在 100.0\ \mathrm{kPa}、20^\circ\mathrm{C} 时用排水集气法收集 28.4\ \mathrm{cm^3} 氢气，已知 p(\mathrm{H_2O}) = 2.34\ \mathrm{kPa}，则干燥后氢气体积为：
V(\mathrm{H_2}) = 28.4 \times \frac{100.0 - 2.34}{100.0} = 27.7\ \mathrm{cm^3}

混合气体计算实例
在 25^\circ\mathrm{C}、101.0\ \mathrm{kPa} 时，丁烷气中含 \mathrm{H_2S} 质量分数 1.00\%（M_{\mathrm{H_2S}} = 34.1，M_{\mathrm{C_4H_{10}}} = 58.1）：
n(\mathrm{H_2S}) = \frac{1000 \times 0.01}{34.1} = 0.293\ \mathrm{mol}
n(\mathrm{C_4H_{10}}) = \frac{990}{58.1} = 17.0\ \mathrm{mol}
p(\mathrm{H_2S}) = 101.0 \times \frac{0.293}{17.293} = 1.71\ \mathrm{kPa}"
"Dalton分压定律 的关键结论有哪些？","分压与摩尔分数的关系
\frac{p_i}{p_{\text{总}}} = \frac{n_i}{n_{\text{总}}} = \frac{V_i}{V_{\text{总}}} = x_i

在相同温度压力下，气体物质的量与体积成正比，因此体积分数等于摩尔分数。

排水集气法的分压校正
用排水集气法收集的气体中含有水蒸气，需校正：
p_{\text{干燥气体}} = p_{\text{总}} - p(\mathrm{H_2O})
V_{\text{干燥气体}} = V_{\text{总}} \times \frac{p_{\text{干燥气体}}}{p_{\text{总}}}

其中 p(\mathrm{H_2O}) 为实验温度下水的饱和蒸气压。

例：在 100.0\ \mathrm{kPa}、20^\circ\mathrm{C} 时用排水集气法收集 28.4\ \mathrm{cm^3} 氢气，已知 p(\mathrm{H_2O}) = 2.34\ \mathrm{kPa}，则干燥后氢气体积为：
V(\mathrm{H_2}) = 28.4 \times \frac{100.0 - 2.34}{100.0} = 27.7\ \mathrm{cm^3}

混合气体计算实例
在 25^\circ\mathrm{C}、101.0\ \mathrm{kPa} 时，丁烷气中含 \mathrm{H_2S} 质量分数 1.00\%（M_{\mathrm{H_2S}} = 34.1，M_{\mathrm{C_4H_{10}}} = 58.1）：
n(\mathrm{H_2S}) = \frac{1000 \times 0.01}{34.1} = 0.293\ \mathrm{mol}
n(\mathrm{C_4H_{10}}) = \frac{990}{58.1} = 17.0\ \mathrm{mol}
p(\mathrm{H_2S}) = 101.0 \times \frac{0.293}{17.293} = 1.71\ \mathrm{kPa}","化学原理 气体与溶液 Dalton分压定律 rc_30d 化竞 气体","Chem::Core","[[Dalton分压定律]]","30d","总结卡","Dalton 分压定律（1807 年 Dalton 提出）：混合气体的总压力等于各组分气体分压之和。某组分气体的分压等于总压力乘以该气体的摩尔分数（或体积分数）。"
"Dalton分压定律 有哪些常见易错点？","• 忘记排水集气的水蒸气校正：实验收集的气体是""湿气体""，含饱和水蒸气，计算时必须减去水蒸气分压• 混淆恒容和恒压条件：两种条件下的分压、分体积公式不同• 混合气体总压直接相加：不同初始压力的气体混合时，不能直接将初始压力相加，需先计算混合后的分压• p_A = \frac{n_A RT}{V_A} 的错误使用：正确的分压计算是 p_A = \frac{n_A RT}{V_{\text{总}}}（恒容）或 p_A = p_{\text{总}} \times x_A（任意条件）","化学原理 气体与溶液 Dalton分压定律 rc_30d 化竞 气体","Chem::Core","[[Dalton分压定律]]","30d","易错点卡","Dalton 分压定律（1807 年 Dalton 提出）：混合气体的总压力等于各组分气体分压之和。某组分气体的分压等于总压力乘以该气体的摩尔分数（或体积分数）。"
"什么是Frost图？","• Frost图（Frost diagram，又称氧化态图）是以元素的氧化数 N 为横坐标、以 \nu E^{\ominus} 为纵坐标所作的图。• 其中 \nu 是从氧化态 N 还原至单质（N=0）所转移的电子数，E^{\ominus} 为该还原半反应的标准电位。• 由于 \nu E^{\ominus} = -\Delta_r G^{\ominus}/F，Frost 图也可看作元素各氧化态的标准生成 Gibbs 自由能（除以 F）随氧化数的变化图。","化学原理 氧化还原与电化学 电化学深化 Frost图 rc_30d 化竞 氧化还原 电化学 氧化态图","Chem::Core","[[Frost图]]","30d","概念卡","关键结论：
• Frost 图与 Latimer 图信息完全等价，只是表现形式不同：Latimer 是""一维线性""，Frost 是""二维图形""。• Frost 图的优势在于直观比较多个氧化态的相对稳定性和快速识别歧化/反歧化。• 斜率 = E^{\ominus} 是 Frost 图最核心的数学关系，必须熟练。"
"Frost图 的关键结论有哪些？","• Frost 图与 Latimer 图信息完全等价，只是表现形式不同：Latimer 是""一维线性""，Frost 是""二维图形""。• Frost 图的优势在于直观比较多个氧化态的相对稳定性和快速识别歧化/反歧化。• 斜率 = E^{\ominus} 是 Frost 图最核心的数学关系，必须熟练。","化学原理 氧化还原与电化学 电化学深化 Frost图 rc_30d 化竞 氧化还原 电化学 氧化态图","Chem::Core","[[Frost图]]","30d","总结卡","• Frost图（Frost diagram，又称氧化态图）是以元素的氧化数 N 为横坐标、以 \nu E^{\ominus} 为纵坐标所作的图。• 其中 \nu 是从氧化态 N 还原至单质（N=0）所转移的电子数，E^{\ominus} 为该还原半反应的标准电位。• 由于 \nu E^{\ominus} = -\Delta_r G^{\ominus}/F，Frost 图也可看作元素各氧化态的标准生成 Gibbs 自由能（除以 F）随氧化数的变化图。"
"Frost图 有哪些常见易错点？","• 纵坐标含义混淆：\nu E^{\ominus} 不是电位本身，而是""电位 × 电子数""；位置低 = 稳定，不是位置高 = 稳定。• 斜率符号搞反：斜率为正意味着 E^{\ominus} > 0（还原自发），氧化型是氧化剂。• 电子数 \nu 的符号：当 N < 0 时，\nu 为负值（因为从 N 到 0 是氧化过程，还原半反应的电子数为负）。• 不同 pH 的图混用：必须看清图例标注的是 pH = 0 还是 pH = 14。","化学原理 氧化还原与电化学 电化学深化 Frost图 rc_30d 化竞 氧化还原 电化学 氧化态图","Chem::Core","[[Frost图]]","30d","易错点卡","• Frost图（Frost diagram，又称氧化态图）是以元素的氧化数 N 为横坐标、以 \nu E^{\ominus} 为纵坐标所作的图。• 其中 \nu 是从氧化态 N 还原至单质（N=0）所转移的电子数，E^{\ominus} 为该还原半反应的标准电位。• 由于 \nu E^{\ominus} = -\Delta_r G^{\ominus}/F，Frost 图也可看作元素各氧化态的标准生成 Gibbs 自由能（除以 F）随氧化数的变化图。"
"什么是Gibbs自由能？","Gibbs 自由能（G）：G = H - TS。在恒温恒压且不做非体积功的条件下，ΔG < 0 的反应自发进行。","化学原理 热力学 Gibbs自由能 rc_30d 化竞","Chem::Core","[[Gibbs自由能]]","30d","概念卡","关键结论：
标准摩尔生成 Gibbs 自由能
在标态和温度 T 条件下，由指定单质生成 1\ \mathrm{mol} 某种物质时的 Gibbs 自由能变，符号 \Delta_{\mathrm{f}}G_{\mathrm{m}}^{\ominus}(T)，单位 \mathrm{kJ \cdot mol^{-1}}。指定单质的 \Delta_{\mathrm{f}}G_{\mathrm{m}}^{\ominus} = 0。

\Delta_{\mathrm{f}} G^\circ = \Delta_{\mathrm{f}} H^\circ - T\Delta_{\mathrm{f}} S^\circ

规律：绝大多数物质的 \Delta_{\mathrm{f}}G_{\mathrm{m}}^{\ominus} 为负值（稳定化合物），只有少数为正（如 \mathrm{NO_2}、\mathrm{HI} 等不稳定化合物），这与 \Delta_{\mathrm{f}}H_{\mathrm{m}}^{\ominus} 的情况相似。

由标准生成 Gibbs 自由能计算反应 \Delta_{\mathrm{r}}G^\circ

\Delta_{\mathrm{r}} G_{\mathrm{m}}^{\ominus} = \sum \nu_i \Delta_{\mathrm{f}} G_{\mathrm{m}}^{\ominus} (\text{生成物}) - \sum \nu_i \Delta_{\mathrm{f}} G_{\mathrm{m}}^{\ominus} (\text{反应物}) \tag{5.14}

课本实例：298 K 标态下甲烷燃烧

\mathrm{CH_4(g) + 2O_2(g) \longrightarrow CO_2(g) + 2H_2O(l)}

\begin{aligned} \Delta G^\circ &= \Delta G_{\mathrm{f}}^\circ(\mathrm{CO_2,g}) + 2 \times \Delta G_{\mathrm{f}}^\circ(\mathrm{H_2O,l}) - \big[\Delta G_{\mathrm{f}}^\circ(\mathrm{CH_4,g}) + 2 \times \Delta G_{\mathrm{f}}^\circ(\mathrm{O_2,g})\big] \\ &= [-394.4 + 2 \times (-237.1) - (-50.5) + 0]\ \mathrm{kJ \cdot mol^{-1}} \\ &= -818.1\ \mathrm{kJ \cdot mol^{-1}} \end{aligned}

\Delta G^\circ < 0，说明在标态、298 K 条件下甲烷燃烧可以自发进行。

Gibbs-Helmholtz 方程及其图解法
\Delta G = \Delta H - T\Delta S

以 \Delta_{\mathrm{r}}G_{\mathrm{m}}^{\ominus} 对 T 作图（如课本图 5.7：\mathrm{CaCO_3 \to CaO + CO_2}），得一直线：• 截距 = \Delta_{\mathrm{r}}H_{\mathrm{m}}^{\ominus}（该反应为 +179\ \mathrm{kJ \cdot mol^{-1}}）• 斜率 = -\Delta_{\mathrm{r}}S_{\mathrm{m}}^{\ominus}（该反应为 -0.16\ \mathrm{kJ \cdot mol^{-1} \cdot K^{-1}}）

耦合反应• 将一个 \Delta G > 0 的反应与 \Delta G \ll 0 的反应耦合 \to 总体可行• 生化实例：ATP 水解（\Delta G^{\circ\prime} \approx -30.5\ \mathrm{kJ \cdot mol^{-1}}）驱动吸能反应"
"Gibbs自由能 的关键结论有哪些？","标准摩尔生成 Gibbs 自由能
在标态和温度 T 条件下，由指定单质生成 1\ \mathrm{mol} 某种物质时的 Gibbs 自由能变，符号 \Delta_{\mathrm{f}}G_{\mathrm{m}}^{\ominus}(T)，单位 \mathrm{kJ \cdot mol^{-1}}。指定单质的 \Delta_{\mathrm{f}}G_{\mathrm{m}}^{\ominus} = 0。

\Delta_{\mathrm{f}} G^\circ = \Delta_{\mathrm{f}} H^\circ - T\Delta_{\mathrm{f}} S^\circ

规律：绝大多数物质的 \Delta_{\mathrm{f}}G_{\mathrm{m}}^{\ominus} 为负值（稳定化合物），只有少数为正（如 \mathrm{NO_2}、\mathrm{HI} 等不稳定化合物），这与 \Delta_{\mathrm{f}}H_{\mathrm{m}}^{\ominus} 的情况相似。

由标准生成 Gibbs 自由能计算反应 \Delta_{\mathrm{r}}G^\circ

\Delta_{\mathrm{r}} G_{\mathrm{m}}^{\ominus} = \sum \nu_i \Delta_{\mathrm{f}} G_{\mathrm{m}}^{\ominus} (\text{生成物}) - \sum \nu_i \Delta_{\mathrm{f}} G_{\mathrm{m}}^{\ominus} (\text{反应物}) \tag{5.14}

课本实例：298 K 标态下甲烷燃烧

\mathrm{CH_4(g) + 2O_2(g) \longrightarrow CO_2(g) + 2H_2O(l)}

\begin{aligned} \Delta G^\circ &= \Delta G_{\mathrm{f}}^\circ(\mathrm{CO_2,g}) + 2 \times \Delta G_{\mathrm{f}}^\circ(\mathrm{H_2O,l}) - \big[\Delta G_{\mathrm{f}}^\circ(\mathrm{CH_4,g}) + 2 \times \Delta G_{\mathrm{f}}^\circ(\mathrm{O_2,g})\big] \\ &= [-394.4 + 2 \times (-237.1) - (-50.5) + 0]\ \mathrm{kJ \cdot mol^{-1}} \\ &= -818.1\ \mathrm{kJ \cdot mol^{-1}} \end{aligned}

\Delta G^\circ < 0，说明在标态、298 K 条件下甲烷燃烧可以自发进行。

Gibbs-Helmholtz 方程及其图解法
\Delta G = \Delta H - T\Delta S

以 \Delta_{\mathrm{r}}G_{\mathrm{m}}^{\ominus} 对 T 作图（如课本图 5.7：\mathrm{CaCO_3 \to CaO + CO_2}），得一直线：• 截距 = \Delta_{\mathrm{r}}H_{\mathrm{m}}^{\ominus}（该反应为 +179\ \mathrm{kJ \cdot mol^{-1}}）• 斜率 = -\Delta_{\mathrm{r}}S_{\mathrm{m}}^{\ominus}（该反应为 -0.16\ \mathrm{kJ \cdot mol^{-1} \cdot K^{-1}}）

耦合反应• 将一个 \Delta G > 0 的反应与 \Delta G \ll 0 的反应耦合 \to 总体可行• 生化实例：ATP 水解（\Delta G^{\circ\prime} \approx -30.5\ \mathrm{kJ \cdot mol^{-1}}）驱动吸能反应","化学原理 热力学 Gibbs自由能 rc_30d 化竞","Chem::Core","[[Gibbs自由能]]","30d","总结卡","Gibbs 自由能（G）：G = H - TS。在恒温恒压且不做非体积功的条件下，ΔG < 0 的反应自发进行。"
"什么是Latimer图？","• Latimer图（Latimer diagram，又称还原电位图）是将某一元素在不同氧化态之间的标准还原电位，按氧化数从高到低依次排列而成的线性图示。• 图中氧化态写在水平连线的端点，标准电位 E^{\ominus}（单位 V）标注在连线上方。","化学原理 氧化还原与电化学 电化学深化 Latimer图 rc_30d 化竞 氧化还原 电化学","Chem::Core","[[Latimer图]]","30d","概念卡","关键结论：
• Latimer 图是一维的，只能展示单一元素在不同氧化态间的电位关系。• 酸碱条件对 Latimer 图影响很大（尤其涉及氧合阴离子时），必须注明 pH 条件（E_A^{\ominus} 指酸性，E_B^{\ominus} 指碱性）。• 不相邻电对的电位必须通过 Gibbs 自由能加权计算，不可直接取算术平均。"
"Latimer图 的关键结论有哪些？","• Latimer 图是一维的，只能展示单一元素在不同氧化态间的电位关系。• 酸碱条件对 Latimer 图影响很大（尤其涉及氧合阴离子时），必须注明 pH 条件（E_A^{\ominus} 指酸性，E_B^{\ominus} 指碱性）。• 不相邻电对的电位必须通过 Gibbs 自由能加权计算，不可直接取算术平均。","化学原理 氧化还原与电化学 电化学深化 Latimer图 rc_30d 化竞 氧化还原 电化学","Chem::Core","[[Latimer图]]","30d","总结卡","• Latimer图（Latimer diagram，又称还原电位图）是将某一元素在不同氧化态之间的标准还原电位，按氧化数从高到低依次排列而成的线性图示。• 图中氧化态写在水平连线的端点，标准电位 E^{\ominus}（单位 V）标注在连线上方。"
"Latimer图 有哪些常见易错点？","• 歧化判据记反：""右 > 左"" 是中间物种歧化，不是""左 > 右""。• 写半反应时漏写 H^+ 或 H_2O：Latimer 图中省略了这些物种，需根据氧化数变化和溶液酸碱性补全。• 电子数核对错误：尤其当半反应系数需要乘以 2 时（如 HClO \to Cl_2）。","化学原理 氧化还原与电化学 电化学深化 Latimer图 rc_30d 化竞 氧化还原 电化学","Chem::Core","[[Latimer图]]","30d","易错点卡","• Latimer图（Latimer diagram，又称还原电位图）是将某一元素在不同氧化态之间的标准还原电位，按氧化数从高到低依次排列而成的线性图示。• 图中氧化态写在水平连线的端点，标准电位 E^{\ominus}（单位 V）标注在连线上方。"
"什么是Le Châtelier原理？","Le Châtelier原理（勒夏特列原理）：若改变影响化学平衡的一个因素（如浓度、压力或温度），平衡将向着能够减弱这种改变的方向移动。","化学原理 化学平衡 Le_Châtelier原理 rc_30d 化竞 平衡移动","Chem::Core","[[Le Châtelier原理]]","30d","概念卡","关键结论：
4.1 浓度对化学平衡的影响• 增大反应物浓度（或减小生成物浓度）：Q < K，平衡向正反应方向移动• 增大生成物浓度（或减小反应物浓度）：Q > K，平衡向逆反应方向移动

例：向 \mathrm{H_2 + I_2 \rightleftharpoons 2HI} 平衡体系中加入一定量 \mathrm{H_2}，使 Q < K，正向反应自发进行，更多的 \mathrm{H_2} 和 \mathrm{I_2} 转化为 \mathrm{HI}。

4.2 压力对化学平衡的影响• 压力的变化对固相或液相反应的平衡位置几乎没有影响• 对反应前后计量系数不变的气相反应（如 \mathrm{H_2 + I_2 \rightleftharpoons 2HI}），压力对平衡也没有影响• 对反应前后计量系数有变化的气相反应：• 增大压力：平衡向气体计量系数减小（或气体体积缩小）的方向移动• 减小压力：平衡向气体计量系数增大（或气体体积扩大）的方向移动

例：\mathrm{N_2O_4(g) \rightleftharpoons 2NO_2(g)}，增大压力时平衡向 \mathrm{NO_2} 聚合成 \mathrm{N_2O_4} 的方向移动（气体计量系数从2变为1）。

4.3 温度对化学平衡的影响

温度改变会引起平衡常数 K 的变化。由 van't Hoff 方程式：

\lg \frac{K_{p_2}}{K_{p_1}} = \frac{\Delta H^\ominus}{2.30R}\left(\frac{T_2 - T_1}{T_1 T_2}\right)• 升高温度：平衡向吸热方向移动（\Delta H^\ominus > 0 时 K 增大；\Delta H^\ominus < 0 时 K 减小）• 降低温度：平衡向放热方向移动

例：合成氨反应 \mathrm{N_2 + 3H_2 \rightleftharpoons 2NH_3}，\Delta H^\ominus = -91.8\,\mathrm{kJ\cdot mol^{-1}} 为放热反应。温度由 298\,\mathrm{K} 升高到 673\,\mathrm{K} 时，K_p 由 5.8 \times 10^5 降低为 6.1 \times 10^{-4}，平衡向左（吸热方向）移动。

4.4 催化剂对化学平衡的影响• 催化剂不能改变平衡位置，只能同等程度地加快正、逆反应速率• 催化剂的作用是缩短达到平衡所需的时间，不改变平衡常数 K 和平衡转化率"
"Le Châtelier原理 的关键结论有哪些？","4.1 浓度对化学平衡的影响• 增大反应物浓度（或减小生成物浓度）：Q < K，平衡向正反应方向移动• 增大生成物浓度（或减小反应物浓度）：Q > K，平衡向逆反应方向移动

例：向 \mathrm{H_2 + I_2 \rightleftharpoons 2HI} 平衡体系中加入一定量 \mathrm{H_2}，使 Q < K，正向反应自发进行，更多的 \mathrm{H_2} 和 \mathrm{I_2} 转化为 \mathrm{HI}。

4.2 压力对化学平衡的影响• 压力的变化对固相或液相反应的平衡位置几乎没有影响• 对反应前后计量系数不变的气相反应（如 \mathrm{H_2 + I_2 \rightleftharpoons 2HI}），压力对平衡也没有影响• 对反应前后计量系数有变化的气相反应：• 增大压力：平衡向气体计量系数减小（或气体体积缩小）的方向移动• 减小压力：平衡向气体计量系数增大（或气体体积扩大）的方向移动

例：\mathrm{N_2O_4(g) \rightleftharpoons 2NO_2(g)}，增大压力时平衡向 \mathrm{NO_2} 聚合成 \mathrm{N_2O_4} 的方向移动（气体计量系数从2变为1）。

4.3 温度对化学平衡的影响

温度改变会引起平衡常数 K 的变化。由 van't Hoff 方程式：

\lg \frac{K_{p_2}}{K_{p_1}} = \frac{\Delta H^\ominus}{2.30R}\left(\frac{T_2 - T_1}{T_1 T_2}\right)• 升高温度：平衡向吸热方向移动（\Delta H^\ominus > 0 时 K 增大；\Delta H^\ominus < 0 时 K 减小）• 降低温度：平衡向放热方向移动

例：合成氨反应 \mathrm{N_2 + 3H_2 \rightleftharpoons 2NH_3}，\Delta H^\ominus = -91.8\,\mathrm{kJ\cdot mol^{-1}} 为放热反应。温度由 298\,\mathrm{K} 升高到 673\,\mathrm{K} 时，K_p 由 5.8 \times 10^5 降低为 6.1 \times 10^{-4}，平衡向左（吸热方向）移动。

4.4 催化剂对化学平衡的影响• 催化剂不能改变平衡位置，只能同等程度地加快正、逆反应速率• 催化剂的作用是缩短达到平衡所需的时间，不改变平衡常数 K 和平衡转化率","化学原理 化学平衡 Le_Châtelier原理 rc_30d 化竞 平衡移动","Chem::Core","[[Le Châtelier原理]]","30d","总结卡","Le Châtelier原理（勒夏特列原理）：若改变影响化学平衡的一个因素（如浓度、压力或温度），平衡将向着能够减弱这种改变的方向移动。"
"Le Châtelier原理 有哪些常见易错点？","• 混淆 K 和转化率：一个反应在某温度下只有一个特征的平衡常数，但转化率可以不同• 温度与 K 的关系：放热反应升温使 K 减小，吸热反应升温使 K 增大• 压力影响的适用范围：仅对气相反应且反应前后气体计量系数有变化时才影响平衡• 催化剂的作用：催化剂不改变平衡位置，只缩短达到平衡的时间","化学原理 化学平衡 Le_Châtelier原理 rc_30d 化竞 平衡移动","Chem::Core","[[Le Châtelier原理]]","30d","易错点卡","Le Châtelier原理（勒夏特列原理）：若改变影响化学平衡的一个因素（如浓度、压力或温度），平衡将向着能够减弱这种改变的方向移动。"
"什么是Lewis结构式？","Lewis 结构式是用点或线表示原子间共价键以及孤电子对的化学结构表达式。它是理解分子结构的最基础工具，也是 VSEPR理论 和 杂化轨道理论 的前提。","无机和结构化学 化学原理 分子结构 Lewis结构式 rc_30d 化竞","Chem::Core","[[Lewis结构式]]","30d","概念卡","关键结论：
书写步骤（标准流程）
• 计算分子或离子的总价电子数 n（含离子电荷数）
• 画出骨架结构：电负性小的原子为中心原子，电负性大的原子为端基原子
• C 原子总是作为中心原子
• H 原子总是作为端基原子（硼烷除外）
• 卤素原子通常为端基
• O 原子一般为端基（有机化合物中可能作为中心原子）
• 计算骨架连接所需电子数 m，剩余电子 = n - m，优先分配给端基原子使其满足 8 电子（H 为 2 电子）
• 检查中心原子：若不满足 8 电子要求，移动端基孤对电子形成双键或三键

形式电荷判据
\text{形式电荷} = \text{价电子数} - \text{孤电子数} - \frac{\text{成键电子数}}{2}

最优 Lewis 结构的判据：
• 各原子形式电荷最小（一般在 +1 和 -1 之间）
• 形式负电荷归属于电负性较大的元素
• 形式正电荷归属于电负性较小的元素
• 同号电荷的原子不能相邻接

实例：SCN^- 离子的两种合理 Lewis 结构
• 结构(a)：S=C=N^-（形式电荷：S = 0, C = 0, N = -1）\to N 端配位
• 结构(b)：^-S—C\equivN（形式电荷：S = -1, C = 0, N = 0）\to S 端配位
• 结合电负性（N > S），结构(a)更合理；但实际根据化学环境两者均可能出现"
"Lewis结构式 的关键结论有哪些？","书写步骤（标准流程）
• 计算分子或离子的总价电子数 n（含离子电荷数）
• 画出骨架结构：电负性小的原子为中心原子，电负性大的原子为端基原子
• C 原子总是作为中心原子
• H 原子总是作为端基原子（硼烷除外）
• 卤素原子通常为端基
• O 原子一般为端基（有机化合物中可能作为中心原子）
• 计算骨架连接所需电子数 m，剩余电子 = n - m，优先分配给端基原子使其满足 8 电子（H 为 2 电子）
• 检查中心原子：若不满足 8 电子要求，移动端基孤对电子形成双键或三键

形式电荷判据
\text{形式电荷} = \text{价电子数} - \text{孤电子数} - \frac{\text{成键电子数}}{2}

最优 Lewis 结构的判据：
• 各原子形式电荷最小（一般在 +1 和 -1 之间）
• 形式负电荷归属于电负性较大的元素
• 形式正电荷归属于电负性较小的元素
• 同号电荷的原子不能相邻接

实例：SCN^- 离子的两种合理 Lewis 结构
• 结构(a)：S=C=N^-（形式电荷：S = 0, C = 0, N = -1）\to N 端配位
• 结构(b)：^-S—C\equivN（形式电荷：S = -1, C = 0, N = 0）\to S 端配位
• 结合电负性（N > S），结构(a)更合理；但实际根据化学环境两者均可能出现","无机和结构化学 化学原理 分子结构 Lewis结构式 rc_30d 化竞","Chem::Core","[[Lewis结构式]]","30d","总结卡","Lewis 结构式是用点或线表示原子间共价键以及孤电子对的化学结构表达式。它是理解分子结构的最基础工具，也是 VSEPR理论 和 杂化轨道理论 的前提。"
"Lewis结构式 有哪些常见易错点？","• ❌ 错：""形式电荷就是原子实际带的电荷"" → 形式电荷是计数工具，假设共价键电子均分。实际电荷分布由电负性决定
• ❌ 错：""八隅体规则永远成立"" → 第二周期（C/N/O/F）遵守，第三周期起可超价（PCl₅, SF₆, XeF₄），还有缺电子（BF₃）和奇电子（NO）例外
• ❌ 错：""Lewis结构画出来就是分子的3D形状"" → Lewis结构只是拓扑连接，几何构型需 VSEPR/杂化理论补充
• ❌ 错：""共振体是独立存在的不同分子"" → 真实分子是共振杂化体（所有共振体的加权平均），苯的6个C—C键完全相同(139 pm)
• ❌ 错：""形式电荷最小的结构一定最稳定"" → 还需看：①负电荷是否在电负性大的原子上 ②同号电荷是否远离","无机和结构化学 化学原理 分子结构 Lewis结构式 rc_30d 化竞","Chem::Core","[[Lewis结构式]]","30d","易错点卡","Lewis 结构式是用点或线表示原子间共价键以及孤电子对的化学结构表达式。它是理解分子结构的最基础工具，也是 VSEPR理论 和 杂化轨道理论 的前提。"
"什么是Lewis酸碱理论？","Lewis 酸碱理论（电子理论，1923 年，G.N. Lewis）：","化学原理 酸碱平衡 Lewis酸碱理论 rc_30d 化竞 酸碱 酸碱理论","Chem::Core","[[Lewis酸碱理论]]","30d","概念卡","关键结论：
常见 Lewis 酸
 |  类别  |  实例  | 
 | ------ | ------ | 
 |  缺电子化合物  |  BF₃, BCl₃, AlCl₃, BH₃  | 
 |  含空 d 轨道的中心原子  |  SiF₄, SnCl₄, PCl₅, SF₄  | 
 |  金属阳离子  |  Fe³⁺, Cu²⁺,"
"Lewis酸碱理论 的关键结论有哪些？","常见 Lewis 酸
 |  类别  |  实例  | 
 | ------ | ------ | 
 |  缺电子化合物  |  BF₃, BCl₃, AlCl₃, BH₃  | 
 |  含空 d 轨道的中心原子  |  SiF₄, SnCl₄, PCl₅, SF₄  | 
 |  金属阳离子  |  Fe³⁺, Cu²⁺,","化学原理 酸碱平衡 Lewis酸碱理论 rc_30d 化竞 酸碱 酸碱理论","Chem::Core","[[Lewis酸碱理论]]","30d","总结卡","Lewis 酸碱理论（电子理论，1923 年，G.N. Lewis）："
"Lewis酸碱理论 有哪些常见易错点？","• ❌ 错：认为 Lewis 酸一定含 H⁺。• 正：Lewis 酸可以是任何缺电子物种（如 BF₃、AlCl₃、CO₂）。• ❌ 错：Lewis 碱一定含孤对电子。• 正：π 电子也可以作为电子对给体（如烯烃、芳烃是 Lewis 碱，可与金属配位）。• ❌ 错：Lewis 酸碱反应一定有质子转移。• 正：Lewis 酸碱反应是电子对转移，不一定涉及质子（如 BF₃ + NH₃ → F₃B←NH₃，无质子转移）。• ❌ 错：Brønsted 酸也是 Lewis 酸，但反之亦然。• 正：所有 Brønsted 酸都是 Lewis 酸（能接受电子对来释放 H⁺），但并非所有 Lewis 酸都是 Brønsted 酸。","化学原理 酸碱平衡 Lewis酸碱理论 rc_30d 化竞 酸碱 酸碱理论","Chem::Core","[[Lewis酸碱理论]]","30d","易错点卡","Lewis 酸碱理论（电子理论，1923 年，G.N. Lewis）："
"什么是Nernst方程？","Nernst 方程描述了非标准态下电极电势与浓度的关系：","化学原理 电化学 Nernst方程 rc_30d 化竞","Chem::Core","[[Nernst方程]]","30d","概念卡","关键结论：
浓度对电动势的影响• 浓度商（反应物/产物比）↑ → E ↑• pH 影响含 H⁺/OH⁻ 的半反应

浓差电池• 两个相同电极在不同浓度下的电池• E_\text{cell} = \frac{0.0592}{n} \lg\frac{c_\text{浓}}{c_\text{稀}}（无标准电势项）

Nernst 方程求 K
平衡时 E = 0：
\lg K = \frac{nE^\circ}{0.0592}
K = 10^{nE^\circ / 0.0592}

竞赛常见考法• 用 Nernst 方程判断氧化剂/还原剂强弱随 pH 的变化• 用 Nernst 方程分析沉淀/络合对电极电势的影响• 计算非标准条件下的电池电动势"
"Nernst方程 的关键结论有哪些？","浓度对电动势的影响• 浓度商（反应物/产物比）↑ → E ↑• pH 影响含 H⁺/OH⁻ 的半反应

浓差电池• 两个相同电极在不同浓度下的电池• E_\text{cell} = \frac{0.0592}{n} \lg\frac{c_\text{浓}}{c_\text{稀}}（无标准电势项）

Nernst 方程求 K
平衡时 E = 0：
\lg K = \frac{nE^\circ}{0.0592}
K = 10^{nE^\circ / 0.0592}

竞赛常见考法• 用 Nernst 方程判断氧化剂/还原剂强弱随 pH 的变化• 用 Nernst 方程分析沉淀/络合对电极电势的影响• 计算非标准条件下的电池电动势","化学原理 电化学 Nernst方程 rc_30d 化竞","Chem::Core","[[Nernst方程]]","30d","总结卡","Nernst 方程描述了非标准态下电极电势与浓度的关系："
"Nernst方程 有哪些常见易错点？","• ❌ 错： 混淆 Nernst 方程中 ± 号 → 氧化型在分子 / 还原型在分母 → E = E° + (0.0592/n)lg([Ox]/[Red])• ❌ 错： 忘记气体用分压、纯固体/液体活度为 1• ❌ 错： 电池电动势直接用浓度代入 → 应先分别算两个电极的 E，再相减• ❌ 错： 浓差电池也带 E° 项 → E° 相消为零• ❌ 错： 在非 25°C 时仍用 0.0592 → 系数 = RT/F·ln10，随温度变化

来源标注（B2-9）：以下沉淀对电极电势影响的实例来源于周坤 2020 无机新课课堂笔记（第 13 讲），是 Nernst 方程灵活应用的经典演示。

沉淀对电极电势的影响实例

Ag⁺/Ag 电对受 Cl⁻ 沉淀的影响

已知：E°(\mathrm{Ag^+/Ag}) = +0.7996\ \mathrm{V}

当溶液中加入 Cl⁻ 使 Ag⁺ 沉淀为 AgCl 时：
\mathrm{AgCl + e^- \rightleftharpoons Ag + Cl^-} \quad E°(\mathrm{AgCl/Ag}) = +0.2223\ \mathrm{V}

电势变化分析：• Ag⁺ 被沉淀后，游离 [Ag⁺] 急剧下降• 根据 Nernst 方程：E = E°(\mathrm{Ag^+/Ag}) + 0.0592\lg[\mathrm{Ag^+}]• 当 [Cl⁻] = 1 mol/L 时，[Ag⁺] = Ksp(AgCl)/[Cl⁻] = 1.8×10⁻¹⁰ mol/L• E = 0.7996 + 0.0592\lg(1.8\times10^{-10}) = 0.7996 - 0.577 = +0.222\ \mathrm{V}• 与 AgCl/Ag 的标准电极电势一致

教学意义：此例直观展示了 Nernst 方程的灵活性——沉淀反应通过改变离子浓度来调控电极电势，是竞赛中""电化学 + 沉淀平衡""联用计算的典型模型。","化学原理 电化学 Nernst方程 rc_30d 化竞","Chem::Core","[[Nernst方程]]","30d","易错点卡","Nernst 方程描述了非标准态下电极电势与浓度的关系："
"什么是pH？","\mathrm{pH} = -\lg[\mathrm{H}^+] \quad \mathrm{pOH} = -\lg[\mathrm{OH}^-]","化学原理 酸碱平衡 pH rc_30d 化竞 酸碱","Chem::Core","[[pH]]","30d","概念卡","关键结论：
各类溶液的 pH 公式（快速参考）
 |  溶液  |  公式  | 
 | ------ | ------ | 
 |  强酸 c mol/L  |  pH = −lg c  | 
 |  强碱 c mol/L  |  pH = 14 + lg c  | 
 |  弱酸 HA  |  [\ce{H+}] = \sqrt{K_a c}（近似）  | 
 |  弱碱 B  |  [\ce{OH-}] = \sqrt{K_b c}（近似）  | 
 |  缓冲溶液  |  \mathrm{pH} = \mathrm{p}K_a + \lg\frac{[\mathrm{A}^-]}{[\mathrm{HA}]}  | 
 |  两性物质  |  \mathrm{pH} = \frac{1}{2}(\mathrm{p}K_{a1} + \mathrm{p}K_{a2})  |"
"pH 的关键结论有哪些？","各类溶液的 pH 公式（快速参考）
 |  溶液  |  公式  | 
 | ------ | ------ | 
 |  强酸 c mol/L  |  pH = −lg c  | 
 |  强碱 c mol/L  |  pH = 14 + lg c  | 
 |  弱酸 HA  |  [\ce{H+}] = \sqrt{K_a c}（近似）  | 
 |  弱碱 B  |  [\ce{OH-}] = \sqrt{K_b c}（近似）  | 
 |  缓冲溶液  |  \mathrm{pH} = \mathrm{p}K_a + \lg\frac{[\mathrm{A}^-]}{[\mathrm{HA}]}  | 
 |  两性物质  |  \mathrm{pH} = \frac{1}{2}(\mathrm{p}K_{a1} + \mathrm{p}K_{a2})  |","化学原理 酸碱平衡 pH rc_30d 化竞 酸碱","Chem::Core","[[pH]]","30d","总结卡","\mathrm{pH} = -\lg[\mathrm{H}^+] \quad \mathrm{pOH} = -\lg[\mathrm{OH}^-]"
"pH 有哪些常见易错点？","• 忘记 25^\circ\mathrm{C} 时 K_w = 1.0\times 10^{-14}，\mathrm{pH} + \mathrm{pOH} = 14
• 极稀强酸（碱）忽略水的电离
• 用简化公式时不先判断 c/K_a 是否满足条件
• 多元酸错误叠加各步电离来算 [\ce{H+}]","化学原理 酸碱平衡 pH rc_30d 化竞 酸碱","Chem::Core","[[pH]]","30d","易错点卡","\mathrm{pH} = -\lg[\mathrm{H}^+] \quad \mathrm{pOH} = -\lg[\mathrm{OH}^-]"
"什么是Pourbaix图？","• Pourbaix图（Pourbaix diagram，又称 E-pH 图、电位-pH 图）是表示元素各物种在热力学上稳定的电位和 pH 条件的二维图形。
• 由 Marcel Pourbaix 于 1938 年提出，最初用于讨论天然水体中的金属化学，现广泛应用于环境科学和腐蚀科学。","化学原理 氧化还原与电化学 电化学深化 Pourbaix图 rc_30d 化竞 氧化还原 电化学 E-pH图","Chem::Core","[[Pourbaix图]]","30d","概念卡","关键结论：
• Pourbaix 图是环境化学分析的核心工具，将热力学数据转化为可视化的""稳定区域地图""。
• 三种线型对应三种反应类型，必须能够根据半反应判断边界线的方向和斜率。
• 水的稳定区是所有水溶液体系的基本约束框架。"
"Pourbaix图 的关键结论有哪些？","• Pourbaix 图是环境化学分析的核心工具，将热力学数据转化为可视化的""稳定区域地图""。
• 三种线型对应三种反应类型，必须能够根据半反应判断边界线的方向和斜率。
• 水的稳定区是所有水溶液体系的基本约束框架。","化学原理 氧化还原与电化学 电化学深化 Pourbaix图 rc_30d 化竞 氧化还原 电化学 E-pH图","Chem::Core","[[Pourbaix图]]","30d","总结卡","• Pourbaix图（Pourbaix diagram，又称 E-pH 图、电位-pH 图）是表示元素各物种在热力学上稳定的电位和 pH 条件的二维图形。
• 由 Marcel Pourbaix 于 1938 年提出，最初用于讨论天然水体中的金属化学，现广泛应用于环境科学和腐蚀科学。"
"Pourbaix图 有哪些常见易错点？","• 斜线斜率符号：涉及 H^+ 的还原反应，pH 升高 → E 降低，斜率为负。
• 竖直线不是氧化还原反应：学生容易误以为所有边界线都涉及电子转移。
• 水的稳定区边界线位置：上边界是 O_2/H_2O，下边界是 H^+/H_2，不要把上下搞反。
• 非标准态校正：实际体系的 E 可能与标准线有偏移，但定性判断通常足够。","化学原理 氧化还原与电化学 电化学深化 Pourbaix图 rc_30d 化竞 氧化还原 电化学 E-pH图","Chem::Core","[[Pourbaix图]]","30d","易错点卡","• Pourbaix图（Pourbaix diagram，又称 E-pH 图、电位-pH 图）是表示元素各物种在热力学上稳定的电位和 pH 条件的二维图形。
• 由 Marcel Pourbaix 于 1938 年提出，最初用于讨论天然水体中的金属化学，现广泛应用于环境科学和腐蚀科学。"
"什么是van der Waals方程？","van der Waals方程 是荷兰物理学家 van der Waals 在研究了许多实际气体之后提出的修正气态方程，用于描述实际气体对理想气体行为的偏离。","化学原理 气体与溶液 van_der_Waals方程 rc_30d 化竞 气体 实际气体","Chem::Core","[[van der Waals方程]]","30d","概念卡","关键结论：
4.1 与理想气体方程的比较

实际气体按 van der Waals 方程计算的结果要比按理想气体方程的计算结果好得多。以 \mathrm{CO_2} 在 273\,\mathrm{K}、体积 1320\,\mathrm{cm^3} 时为例：

 |  计算方法  |  压力计算值/kPa  |  误差  | 
 | --------- | -------------- | ------ | 
 |  理想气体方程  |  1722  |  13%  | 
 |  van der Waals 方程  |  1560  |  2.6%  | 

4.2 适用条件• 适用于温度不太低、压力不太高的实际气体• 压力更高时（几 MPa 以上），误差也会增大• 对于不易液化的气体（如 \mathrm{He}、\mathrm{H_2}、\mathrm{O_2}、\mathrm{N_2}），在常温常压下性质颇近似于理想气体

4.3 气体摩尔体积的精确测定

由于实际气体不完全理想，可用 pV-p 图的外延法 求理想状态下的摩尔体积：• 测定某一定量气体在恒温条件下不同压力 p 时的 pV 乘积• 在压力较低时，pV 与 p 呈直线关系• 将直线外延到 p \approx 0 时，所得 pV 乘积可看做完全理想状态的数值• 标准状况下理想气体的摩尔体积：V_m = 22.41410\,\mathrm{dm^3\cdot mol^{-1}}"
"van der Waals方程 的关键结论有哪些？","4.1 与理想气体方程的比较

实际气体按 van der Waals 方程计算的结果要比按理想气体方程的计算结果好得多。以 \mathrm{CO_2} 在 273\,\mathrm{K}、体积 1320\,\mathrm{cm^3} 时为例：

 |  计算方法  |  压力计算值/kPa  |  误差  | 
 | --------- | -------------- | ------ | 
 |  理想气体方程  |  1722  |  13%  | 
 |  van der Waals 方程  |  1560  |  2.6%  | 

4.2 适用条件• 适用于温度不太低、压力不太高的实际气体• 压力更高时（几 MPa 以上），误差也会增大• 对于不易液化的气体（如 \mathrm{He}、\mathrm{H_2}、\mathrm{O_2}、\mathrm{N_2}），在常温常压下性质颇近似于理想气体

4.3 气体摩尔体积的精确测定

由于实际气体不完全理想，可用 pV-p 图的外延法 求理想状态下的摩尔体积：• 测定某一定量气体在恒温条件下不同压力 p 时的 pV 乘积• 在压力较低时，pV 与 p 呈直线关系• 将直线外延到 p \approx 0 时，所得 pV 乘积可看做完全理想状态的数值• 标准状况下理想气体的摩尔体积：V_m = 22.41410\,\mathrm{dm^3\cdot mol^{-1}}","化学原理 气体与溶液 van_der_Waals方程 rc_30d 化竞 气体 实际气体","Chem::Core","[[van der Waals方程]]","30d","总结卡","van der Waals方程 是荷兰物理学家 van der Waals 在研究了许多实际气体之后提出的修正气态方程，用于描述实际气体对理想气体行为的偏离。"
"van der Waals方程 有哪些常见易错点？","• 单位换算：a 和 b 的单位需与 p、V、T 的单位匹配• V 是总体积：不要误将 V - nb 中的 V 当作摩尔体积• a 和 b 的符号：方程中是 (p + \frac{an^2}{V^2}) 和 (V - nb)，注意符号• 适用范围：高压下即使 van der Waals 方程也有较大误差","化学原理 气体与溶液 van_der_Waals方程 rc_30d 化竞 气体 实际气体","Chem::Core","[[van der Waals方程]]","30d","易错点卡","van der Waals方程 是荷兰物理学家 van der Waals 在研究了许多实际气体之后提出的修正气态方程，用于描述实际气体对理想气体行为的偏离。"
"什么是VSEPR理论？","价层电子对互斥理论（Valence Shell Electron Pair Repulsion, VSEPR）认为：中心原子周围的电子对（包括成键电子对和孤电子对）在空间上相互排斥，趋向于尽可能远离，从而使分子采取能量最低的几何构型。","无机和结构化学 化学原理 分子结构 VSEPR理论 rc_30d 化竞","Chem::Core","[[VSEPR理论]]","30d","概念卡","关键结论：
|  电子对数  |  孤电子对数  |  电子对排布  |  分子构型  |  键角  |  实例  | 
 | :---: | :---: | ------ | ------ | ------ | ------ | 
 |  2  |  0  |  直线形  |  直线形  |  180°  |  BeCl₂, CO₂  | 
 |  3  |  0  |  平面三角形  |  平面三角形  |  120°  |  BF₃, SO₃  | 
 |  3  |  1  |  平面三角形  |  V形（弯曲形）  |  <120°  |  SO₂, O₃  | 
 |  4  |  0  |  四面体  |  四面体  |  109.5°  |  CH₄, NH₄⁺  | 
 |  4  |  1  |  四面体  |  三角锥形  |  <109.5°  |  NH₃, PH₃  | 
 |  4  |  2  |  四面体  |  V形（弯曲形）  |  <109.5°  |  H₂O, H₂S  | 
 |  5  |  0  |  三角双锥  |  三角双锥  |  90°, 120°  |  PCl₅  | 
 |  5  |  1  |  三角双锥  |  变形四面体（跷跷板形）  |  —  |  SF₄  | 
 |  5  |  2  |  三角双锥  |  T形  |  —  |  ClF₃  | 
 |  5  |  3  |  三角双锥  |  直线形  |  180°  |  XeF₂  | 
 |  6  |  0  |  八面体  |  八面体  |  90°  |  SF₆  | 
 |  6  |  1  |  八面体  |  四方锥  |  —  |  BrF₅  | 
 |  6  |  2  |  八面体  |  平面正方形  |  90°  |  XeF₄  |"
"VSEPR理论 的关键结论有哪些？","|  电子对数  |  孤电子对数  |  电子对排布  |  分子构型  |  键角  |  实例  | 
 | :---: | :---: | ------ | ------ | ------ | ------ | 
 |  2  |  0  |  直线形  |  直线形  |  180°  |  BeCl₂, CO₂  | 
 |  3  |  0  |  平面三角形  |  平面三角形  |  120°  |  BF₃, SO₃  | 
 |  3  |  1  |  平面三角形  |  V形（弯曲形）  |  <120°  |  SO₂, O₃  | 
 |  4  |  0  |  四面体  |  四面体  |  109.5°  |  CH₄, NH₄⁺  | 
 |  4  |  1  |  四面体  |  三角锥形  |  <109.5°  |  NH₃, PH₃  | 
 |  4  |  2  |  四面体  |  V形（弯曲形）  |  <109.5°  |  H₂O, H₂S  | 
 |  5  |  0  |  三角双锥  |  三角双锥  |  90°, 120°  |  PCl₅  | 
 |  5  |  1  |  三角双锥  |  变形四面体（跷跷板形）  |  —  |  SF₄  | 
 |  5  |  2  |  三角双锥  |  T形  |  —  |  ClF₃  | 
 |  5  |  3  |  三角双锥  |  直线形  |  180°  |  XeF₂  | 
 |  6  |  0  |  八面体  |  八面体  |  90°  |  SF₆  | 
 |  6  |  1  |  八面体  |  四方锥  |  —  |  BrF₅  | 
 |  6  |  2  |  八面体  |  平面正方形  |  90°  |  XeF₄  |","无机和结构化学 化学原理 分子结构 VSEPR理论 rc_30d 化竞","Chem::Core","[[VSEPR理论]]","30d","总结卡","价层电子对互斥理论（Valence Shell Electron Pair Repulsion, VSEPR）认为：中心原子周围的电子对（包括成键电子对和孤电子对）在空间上相互排斥，趋向于尽可能远离，从而使分子采取能量最低的几何构型。"
"VSEPR理论 有哪些常见易错点？","• ❌ 错： 把双键当做两个电子对 → 应视为一个电子对区域
• ❌ 错： 忘记离子的电荷修正（阳离子减，阴离子加）
• ❌ 错： 混淆""电子对排布""和""分子构型""——电子对排布包含孤对，分子构型只看原子位置
• ❌ 错： 认为键角完全由 LP 数量决定，忽略电负性影响","无机和结构化学 化学原理 分子结构 VSEPR理论 rc_30d 化竞","Chem::Core","[[VSEPR理论]]","30d","易错点卡","价层电子对互斥理论（Valence Shell Electron Pair Repulsion, VSEPR）认为：中心原子周围的电子对（包括成键电子对和孤电子对）在空间上相互排斥，趋向于尽可能远离，从而使分子采取能量最低的几何构型。"
"什么是π键？","π 键（pi bond）：两个原子的 p 轨道以""肩并肩""方式侧面重叠形成的共价键。电子云分布在键轴的上方和下方，在键轴上存在一个节面（电子密度为零）。","无机和结构化学 化学原理 分子结构 π键 rc_30d 化竞","Chem::Core","[[π键]]","30d","概念卡","关键结论：
π 键的三大特征
• 不能自由旋转（旋转会破坏 p 轨道侧面重叠 → 顺反异构的基础）
• 键能小于 σ 键（侧面重叠不如头碰头有效）
• 容易被极化（π 电子云松散 → 易受亲电试剂攻击）

离域 π 键的形成条件
• 参与原子共平面
• 每个原子有垂直于该平面的 p 轨道
• p 轨道之间有有效重叠
• 形成的 π 键给体系带来额外稳定化能（共轭能）

常见离域 π 键
 |  类型  |  符号  |  实 例  | 
 | ------ | ------ | ------ | 
 |  π₃³  |  3 中心 3 电子  |  NO₂（奇数电子）  | 
 |  π₃⁴  |  3 中心 4 电子  |  O₃, SO₂  | 
 |  π₄⁶  |  4 中心 6 电子  |  CO₃²⁻, NO₃⁻  | 
 |  π₆⁶  |  6 中心 6 电子  |  苯  |"
"π键 的关键结论有哪些？","π 键的三大特征
• 不能自由旋转（旋转会破坏 p 轨道侧面重叠 → 顺反异构的基础）
• 键能小于 σ 键（侧面重叠不如头碰头有效）
• 容易被极化（π 电子云松散 → 易受亲电试剂攻击）

离域 π 键的形成条件
• 参与原子共平面
• 每个原子有垂直于该平面的 p 轨道
• p 轨道之间有有效重叠
• 形成的 π 键给体系带来额外稳定化能（共轭能）

常见离域 π 键
 |  类型  |  符号  |  实 例  | 
 | ------ | ------ | ------ | 
 |  π₃³  |  3 中心 3 电子  |  NO₂（奇数电子）  | 
 |  π₃⁴  |  3 中心 4 电子  |  O₃, SO₂  | 
 |  π₄⁶  |  4 中心 6 电子  |  CO₃²⁻, NO₃⁻  | 
 |  π₆⁶  |  6 中心 6 电子  |  苯  |","无机和结构化学 化学原理 分子结构 π键 rc_30d 化竞","Chem::Core","[[π键]]","30d","总结卡","π 键（pi bond）：两个原子的 p 轨道以""肩并肩""方式侧面重叠形成的共价键。电子云分布在键轴的上方和下方，在键轴上存在一个节面（电子密度为零）。"
"π键 有哪些常见易错点？","• ❌ 错：""双键=σ+π，所以π键就是双键的第二个键"" → π键也存在于离域体系（苯、CO₃²⁻），不只双键
• ❌ 错：""π键较弱所以不重要"" → π键决定反应活性位点（亲电攻击π电子）、分子颜色（π→π跃迁）
• ❌ 错：""π键不能独立存在，所以σ键一定先于π键断裂"" → 化学反应中往往π键先反应（π电子更暴露）
• ❌ 错：""离域π键的电子数一定等于参与原子数"" → \Pi_m^n 中 n 不一定等于 m。如 \Pi_4^6（CO₃²⁻）中 4 个原子 6 个电子
• ❌ 错：""只有 p-p 轨道能形成π键"" → d-p π键（SO₄²⁻中 S 3d-O 2p）、d-π 反馈键同样重要","无机和结构化学 化学原理 分子结构 π键 rc_30d 化竞","Chem::Core","[[π键]]","30d","易错点卡","π 键（pi bond）：两个原子的 p 轨道以""肩并肩""方式侧面重叠形成的共价键。电子云分布在键轴的上方和下方，在键轴上存在一个节面（电子密度为零）。"
"什么是σ键？","σ 键（sigma bond）：两个原子的轨道沿键轴方向以""头碰头""方式重叠形成的共价键。电子云沿键轴呈圆柱对称分布。","无机和结构化学 化学原理 分子结构 σ键 rc_30d 化竞","Chem::Core","[[σ键]]","30d","概念卡","关键结论：
|  特性  |  σ 键  |  π 键（对比）  | 
 | ------ | :---: | :---: | 
 |  重叠方式  |  头碰头  |  肩并肩  | 
 |  电子云分布  |  沿键轴对称  |  在键轴上下方  | 
 |  旋转  |  ✅ 可自由旋转  |  ❌ 旋转会断裂  | 
 |  强度  |  较强  |  较弱  | 
 |  存在  |  每个共价键必有 1 个  |  双键含 1σ+1π，三键含 1σ+2π  | 
 |  对键长的贡献  |  主要决定者  |  —  |"
"σ键 的关键结论有哪些？","|  特性  |  σ 键  |  π 键（对比）  | 
 | ------ | :---: | :---: | 
 |  重叠方式  |  头碰头  |  肩并肩  | 
 |  电子云分布  |  沿键轴对称  |  在键轴上下方  | 
 |  旋转  |  ✅ 可自由旋转  |  ❌ 旋转会断裂  | 
 |  强度  |  较强  |  较弱  | 
 |  存在  |  每个共价键必有 1 个  |  双键含 1σ+1π，三键含 1σ+2π  | 
 |  对键长的贡献  |  主要决定者  |  —  |","无机和结构化学 化学原理 分子结构 σ键 rc_30d 化竞","Chem::Core","[[σ键]]","30d","总结卡","σ 键（sigma bond）：两个原子的轨道沿键轴方向以""头碰头""方式重叠形成的共价键。电子云沿键轴呈圆柱对称分布。"
"σ键 有哪些常见易错点？","• ❌ 错：""σ键就是单键"" → 多重键中也含1个σ键。C=C 含 1σ+1π，C≡C 含 1σ+2π
• ❌ 错：""σ键可以无限自由旋转"" → 乙烷 C—C 旋转有 ~12 kJ/mol 构象能垒（交叉式 vs 重叠式），虽小但真实
• ❌ 错：""σ键一定是所有化学键中最强的"" → 对同种原子间成立，但跨元素比较时 F—F σ键(159 kJ/mol)弱于许多π键体系
• ❌ 错：""σ键只有p-p头碰头一种"" → s-s(H₂), s-p(HCl), spⁿ-s(CH₄), spⁿ-spⁿ均可形成σ键","无机和结构化学 化学原理 分子结构 σ键 rc_30d 化竞","Chem::Core","[[σ键]]","30d","易错点卡","σ 键（sigma bond）：两个原子的轨道沿键轴方向以""头碰头""方式重叠形成的共价键。电子云沿键轴呈圆柱对称分布。"
"什么是七大晶系？","七大晶系是晶体学中根据晶胞的对称性和晶胞参数（a, b, c, α, β, γ）对晶体结构进行分类的七种基本类型。每个晶系包含若干点阵类型，共计 14 种 Bravais 点阵。","化学原理 晶体结构 七大晶系 rc_90d 化竞 晶系 固体化学","Chem::Review","[[七大晶系]]","90d","概念卡","关键结论：
七大晶系总览表

 |  晶系  |  晶轴关系  |  轴角关系  |  特征对称  |  Bravais数  |  经典实例  | 
 | :--- | :--- | :--- | :--- | :---: | :--- | 
 |  立方  |  a = b = c  |  α = β = γ = 90°  |  4 个 C₃  |  3 (P,I,F)  |  NaCl, CsCl, 金刚石, CaF₂,"
"七大晶系 的关键结论有哪些？","七大晶系总览表

 |  晶系  |  晶轴关系  |  轴角关系  |  特征对称  |  Bravais数  |  经典实例  | 
 | :--- | :--- | :--- | :--- | :---: | :--- | 
 |  立方  |  a = b = c  |  α = β = γ = 90°  |  4 个 C₃  |  3 (P,I,F)  |  NaCl, CsCl, 金刚石, CaF₂,","化学原理 晶体结构 七大晶系 rc_90d 化竞 晶系 固体化学","Chem::Review","[[七大晶系]]","90d","总结卡","七大晶系是晶体学中根据晶胞的对称性和晶胞参数（a, b, c, α, β, γ）对晶体结构进行分类的七种基本类型。每个晶系包含若干点阵类型，共计 14 种 Bravais 点阵。"
"七大晶系 有哪些常见易错点？","• ❌ 错：a=b=c → 一定是立方 → 三方晶系也是 a=b=c，但 α≠90°！
• ❌ 错：只看晶胞参数判断晶系 → 对称性才是分类依据（如正交 a≈b 时仍为正交，非四方）
• ❌ 错：三方 = 六方 → 三方有独立晶系地位，菱面体 R 点阵 ≠ 六方 P 点阵
• ❌ 错：立方 C 点阵存在 → 立方底心 C = 四方 P，不独立计入 14 种 Bravais
• ❌ 错：所有晶体都有 4 种心类型 → 只有正交晶系 4 种全有，其他晶系均少于 4 种","化学原理 晶体结构 七大晶系 rc_90d 化竞 晶系 固体化学","Chem::Review","[[七大晶系]]","90d","易错点卡","七大晶系是晶体学中根据晶胞的对称性和晶胞参数（a, b, c, α, β, γ）对晶体结构进行分类的七种基本类型。每个晶系包含若干点阵类型，共计 14 种 Bravais 点阵。"
"什么是临界点？","临界点 是 P-T 相图中气-液平衡线的终点，标志着气液两相可以共存的最高温度和最高压力。在临界点之上，物质处于 超临界状态，无法区分气态和液态。","化学原理 相平衡 临界点 rc_90d 化竞 相图","Chem::Review","[[临界点]]","90d","概念卡",""
"什么是偶极矩？","偶极矩 μ：衡量分子极性大小的物理量。","无机和结构化学 化学原理 分子结构 偶极矩 rc_30d 化竞 结构化学","Chem::Core","[[偶极矩]]","30d","概念卡","关键结论：
常见分子偶极矩
 |  分子  |  μ (D)  |  说明  | 
 | ------ | :---: | ------ | 
 |  H₂O  |  1.85  |  大偶极矩  | 
 |  NH₃  |  1.47  |   | 
 |  HF  |  1.82  |   | 
 |  HCl  |  1.08  |   | 
 |  CO  |  0.12  |  意外小（C⁻←O⁺ 抵消了电负性差的作用） | 
 |  CCl₄  |  0  |  对称抵消  | 
 |  cis-CHCl=CHCl  |  1.90  |  极性  | 
 |  trans-CHCl=CHCl  |  0  |  抵消  | 

CO 偶极矩反常
• 按电负性预测：C⁺—O⁻（O 电负性大）
• 实际：C⁻←O⁺（因 O→C 的 π 反馈使电子向 C 偏移）
• 净偶极矩非常小（~0.12 D），方向是 C←O"
"偶极矩 的关键结论有哪些？","常见分子偶极矩
 |  分子  |  μ (D)  |  说明  | 
 | ------ | :---: | ------ | 
 |  H₂O  |  1.85  |  大偶极矩  | 
 |  NH₃  |  1.47  |   | 
 |  HF  |  1.82  |   | 
 |  HCl  |  1.08  |   | 
 |  CO  |  0.12  |  意外小（C⁻←O⁺ 抵消了电负性差的作用） | 
 |  CCl₄  |  0  |  对称抵消  | 
 |  cis-CHCl=CHCl  |  1.90  |  极性  | 
 |  trans-CHCl=CHCl  |  0  |  抵消  | 

CO 偶极矩反常
• 按电负性预测：C⁺—O⁻（O 电负性大）
• 实际：C⁻←O⁺（因 O→C 的 π 反馈使电子向 C 偏移）
• 净偶极矩非常小（~0.12 D），方向是 C←O","无机和结构化学 化学原理 分子结构 偶极矩 rc_30d 化竞 结构化学","Chem::Core","[[偶极矩]]","30d","总结卡","偶极矩 μ：衡量分子极性大小的物理量。"
"偶极矩 有哪些常见易错点？","• 偶极矩单位换算：1 D = 3.336 \times 10^{-30} C\cdotm
• \mu = 0 可确认非极性，但 \mu 很小（如 CO 0.12 D）仍为极性
• 键矩矢量和为零并不意味着每个键都是非极性的
• 偶极矩方向是从正到负（化学约定），与物理学约定相反","无机和结构化学 化学原理 分子结构 偶极矩 rc_30d 化竞 结构化学","Chem::Core","[[偶极矩]]","30d","易错点卡","偶极矩 μ：衡量分子极性大小的物理量。"
"什么是元素周期律？","元素周期律：元素性质随原子序数递增呈周期性变化的规律。本质是电子构型的周期性重复。","无机和结构化学 化学原理 原子结构 元素周期律 rc_30d 化竞 周期表","Chem::Core","[[元素周期律]]","30d","概念卡","关键结论：
主族元素周期趋势

 |  性质  |  同周期（左→右）  |  同族（上→下）  |  原因  | 
 | ------ | :---: | :---: | ------ | 
 |  原子半径  |  ↓  |  ↑  |  $"
"元素周期律 的关键结论有哪些？","主族元素周期趋势

 |  性质  |  同周期（左→右）  |  同族（上→下）  |  原因  | 
 | ------ | :---: | :---: | ------ | 
 |  原子半径  |  ↓  |  ↑  |  $","无机和结构化学 化学原理 原子结构 元素周期律 rc_30d 化竞 周期表","Chem::Core","[[元素周期律]]","30d","总结卡","元素周期律：元素性质随原子序数递增呈周期性变化的规律。本质是电子构型的周期性重复。"
"什么是共价键？","共价键：原子之间通过共享电子对形成的化学键。两个原子各提供一个电子（或一方提供孤对），共享后双方都达到稳定电子构型。","无机和结构化学 化学原理 分子结构 共价键 rc_30d 化竞 结构化学 化学键","Chem::Core","[[共价键]]","30d","概念卡","关键结论：
共价键分类
 |  分类方式  |  类型  | 
 | ------ | ------ | 
 |  按重叠方式  |  σ键（头碰头）、π键（肩并肩）、δ键（面碰面）  | 
 |  按共享电子对数  |  单键、双键、三键  | 
 |  按电子来源  |  普通共价键、配位键  | 
 |  按极性  |  非极性共价键、极性共价键  | 

键参数
• 键长、键角、键能（解离能）、键级
• 键的极性与电负性差相关"
"共价键 的关键结论有哪些？","共价键分类
 |  分类方式  |  类型  | 
 | ------ | ------ | 
 |  按重叠方式  |  σ键（头碰头）、π键（肩并肩）、δ键（面碰面）  | 
 |  按共享电子对数  |  单键、双键、三键  | 
 |  按电子来源  |  普通共价键、配位键  | 
 |  按极性  |  非极性共价键、极性共价键  | 

键参数
• 键长、键角、键能（解离能）、键级
• 键的极性与电负性差相关","无机和结构化学 化学原理 分子结构 共价键 rc_30d 化竞 结构化学 化学键","Chem::Core","[[共价键]]","30d","总结卡","共价键：原子之间通过共享电子对形成的化学键。两个原子各提供一个电子（或一方提供孤对），共享后双方都达到稳定电子构型。"
"共价键 有哪些常见易错点？","• 共价键的本质是轨道重叠使核间电子云密度增大、能量降低（不仅仅是""共用电子对""）
• 配位键一旦形成，与普通共价键没有区别
• 键能数据受化学环境影响，不是严格可转移的常数","无机和结构化学 化学原理 分子结构 共价键 rc_30d 化竞 结构化学 化学键","Chem::Core","[[共价键]]","30d","易错点卡","共价键：原子之间通过共享电子对形成的化学键。两个原子各提供一个电子（或一方提供孤对），共享后双方都达到稳定电子构型。"
"什么是共轭酸碱对？","共轭酸碱对：相差一个质子的两种物质。HA 和 A⁻ 互为共轭酸碱对。","化学原理 酸碱平衡 共轭酸碱对 rc_30d 化竞 酸碱","Chem::Core","[[共轭酸碱对]]","30d","概念卡","关键结论：
水溶液中的共轭酸碱对与 K_a 一览（教材表 8.2）

 |  共轭酸  |  共轭碱  |  K_a  | 
 | -------- | -------- | ------ | 
 |  \ce{HClO4}  |  \ce{ClO4-}  |  强酸（~100% 电离）  | 
 |  \ce{HCl}  |  \ce{Cl-}  |  强酸  | 
 |  \ce{H2SO4}  |  \ce{HSO4-}  |  强酸（第一步）  | 
 |  \ce{HNO3}  |  \ce{NO3-}  |  强酸  | 
 |  \ce{H3O+}（最强酸）  |  \ce{H2O}（最弱碱）  |  1  | 
 |  \ce{H2C2O4}  |  \ce{HC2O4-}  |  5.6\times 10^{-2}\ (K_{a_1})  | 
 |  \ce{H2SO3}  |  \ce{HSO3-}  |  1.4\times 10^{-2}\ (K_{a_1})  | 
 |  \ce{HSO4-}  |  \ce{SO4^{2-}}  |  1.0\times 10^{-2}\ (K_{a_2})  | 
 |  \ce{H3PO4}  |  \ce{H2PO4-}  |  6.9\times 10^{-3}\ (K_{a_1})  | 
 |  \ce{HF}  |  \ce{F-}  |  6.3\times 10^{-4}  | 
 |  \ce{HNO2}  |  \ce{NO2-}  |  5.6\times 10^{-4}  | 
 |  \ce{HC2O4-}  |  \ce{C2O4^{2-}}  |  1.5\times 10^{-4}  | 
 |  \ce{HAc}  |  \ce{Ac-}  |  1.75\times 10^{-5}  | 
 |  \ce{H2CO3}  |  \ce{HCO3-}  |  4.5\times 10^{-7}\ (K_{a_1})  | 
 |  \ce{H2S}  |  \ce{HS-}  |  8.9\times 10^{-8}\ (K_{a_1})  | 
 |  \ce{HSO3-}  |  \ce{SO3^{2-}}  |  6.3\times 10^{-8}\ (K_{a_2})  | 
 |  \ce{H2PO4-}  |  \ce{HPO4^{2-}}  |  6.2\times 10^{-8}\ (K_{a_2})  | 
 |  \ce{HClO}  |  \ce{ClO-}  |  4.0\times 10^{-8}  | 
 |  \ce{HCN}  |  \ce{CN-}  |  6.2\times 10^{-10}  | 
 |  \ce{NH4+}  |  \ce{NH3}  |  5.6\times 10^{-10}  | 
 |  \ce{H2SiO3}  |  \ce{HSiO3-}  |  1\times 10^{-10}\ (K_{a_1})  | 
 |  \ce{HCO3-}  |  \ce{CO3^{2-}}  |  4.7\times 10^{-11}\ (K_{a_2})  | 
 |  \ce{HSiO3-}  |  \ce{SiO3^{2-}}  |  2\times 10^{-12}\ (K_{a_2})  | 
 |  \ce{HPO4^{2-}}  |  \ce{PO4^{3-}}  |  4.8\times 10^{-13}\ (K_{a_3})  | 
 |  \ce{HS-}  |  \ce{S^{2-}}  |  1.2\times 10^{-13}\ (K_{a_2})  | 
 |  \ce{H2O}（最弱酸）  |  \ce{OH-}（最强碱）  |  1.0\times 10^{-14}  | 
 |  （强碱）  |  \ce{O^{2-}}  |  在水中 100\% 质子化  | 
 |  （强碱）  |  \ce{H-}  |  在水中 100\% 质子化  | 

表的使用方法：• 左侧从上到下，共轭酸酸性递减• 右侧从上到下，共轭碱碱性递增• 虚线以上的酸/碱在水中 100\% 电离/质子化，不能以分子/离子形式存在"
"共轭酸碱对 的关键结论有哪些？","水溶液中的共轭酸碱对与 K_a 一览（教材表 8.2）

 |  共轭酸  |  共轭碱  |  K_a  | 
 | -------- | -------- | ------ | 
 |  \ce{HClO4}  |  \ce{ClO4-}  |  强酸（~100% 电离）  | 
 |  \ce{HCl}  |  \ce{Cl-}  |  强酸  | 
 |  \ce{H2SO4}  |  \ce{HSO4-}  |  强酸（第一步）  | 
 |  \ce{HNO3}  |  \ce{NO3-}  |  强酸  | 
 |  \ce{H3O+}（最强酸）  |  \ce{H2O}（最弱碱）  |  1  | 
 |  \ce{H2C2O4}  |  \ce{HC2O4-}  |  5.6\times 10^{-2}\ (K_{a_1})  | 
 |  \ce{H2SO3}  |  \ce{HSO3-}  |  1.4\times 10^{-2}\ (K_{a_1})  | 
 |  \ce{HSO4-}  |  \ce{SO4^{2-}}  |  1.0\times 10^{-2}\ (K_{a_2})  | 
 |  \ce{H3PO4}  |  \ce{H2PO4-}  |  6.9\times 10^{-3}\ (K_{a_1})  | 
 |  \ce{HF}  |  \ce{F-}  |  6.3\times 10^{-4}  | 
 |  \ce{HNO2}  |  \ce{NO2-}  |  5.6\times 10^{-4}  | 
 |  \ce{HC2O4-}  |  \ce{C2O4^{2-}}  |  1.5\times 10^{-4}  | 
 |  \ce{HAc}  |  \ce{Ac-}  |  1.75\times 10^{-5}  | 
 |  \ce{H2CO3}  |  \ce{HCO3-}  |  4.5\times 10^{-7}\ (K_{a_1})  | 
 |  \ce{H2S}  |  \ce{HS-}  |  8.9\times 10^{-8}\ (K_{a_1})  | 
 |  \ce{HSO3-}  |  \ce{SO3^{2-}}  |  6.3\times 10^{-8}\ (K_{a_2})  | 
 |  \ce{H2PO4-}  |  \ce{HPO4^{2-}}  |  6.2\times 10^{-8}\ (K_{a_2})  | 
 |  \ce{HClO}  |  \ce{ClO-}  |  4.0\times 10^{-8}  | 
 |  \ce{HCN}  |  \ce{CN-}  |  6.2\times 10^{-10}  | 
 |  \ce{NH4+}  |  \ce{NH3}  |  5.6\times 10^{-10}  | 
 |  \ce{H2SiO3}  |  \ce{HSiO3-}  |  1\times 10^{-10}\ (K_{a_1})  | 
 |  \ce{HCO3-}  |  \ce{CO3^{2-}}  |  4.7\times 10^{-11}\ (K_{a_2})  | 
 |  \ce{HSiO3-}  |  \ce{SiO3^{2-}}  |  2\times 10^{-12}\ (K_{a_2})  | 
 |  \ce{HPO4^{2-}}  |  \ce{PO4^{3-}}  |  4.8\times 10^{-13}\ (K_{a_3})  | 
 |  \ce{HS-}  |  \ce{S^{2-}}  |  1.2\times 10^{-13}\ (K_{a_2})  | 
 |  \ce{H2O}（最弱酸）  |  \ce{OH-}（最强碱）  |  1.0\times 10^{-14}  | 
 |  （强碱）  |  \ce{O^{2-}}  |  在水中 100\% 质子化  | 
 |  （强碱）  |  \ce{H-}  |  在水中 100\% 质子化  | 

表的使用方法：• 左侧从上到下，共轭酸酸性递减• 右侧从上到下，共轭碱碱性递增• 虚线以上的酸/碱在水中 100\% 电离/质子化，不能以分子/离子形式存在","化学原理 酸碱平衡 共轭酸碱对 rc_30d 化竞 酸碱","Chem::Core","[[共轭酸碱对]]","30d","总结卡","共轭酸碱对：相差一个质子的两种物质。HA 和 A⁻ 互为共轭酸碱对。"
"共轭酸碱对 有哪些常见易错点？","• 混淆""共轭酸""和""共轭碱""的归属：\ce{NH3} 是 \ce{NH4+} 的共轭碱，而不是相反• 忘记 K_a 和 K_b 的倒数关系仅在水溶液且同一温度下成立• 误以为强酸的共轭碱也具有显著碱性——实际上 \ce{Cl-} 是极弱的碱（K_b \approx 10^{-21}），几乎不参与酸碱反应• 手册中 \ce{H2CO3} 的 K_{a_1} 是将溶入的 \ce{CO2} 全部视为 \ce{H2CO3} 的表现值","化学原理 酸碱平衡 共轭酸碱对 rc_30d 化竞 酸碱","Chem::Core","[[共轭酸碱对]]","30d","易错点卡","共轭酸碱对：相差一个质子的两种物质。HA 和 A⁻ 互为共轭酸碱对。"
"什么是内能？","内能 U 是体系内部各种微观能量的总和，包括分子运动能、相互作用势能等。","化学原理 热力学 内能 rc_30d 化竞","Chem::Core","[[内能]]","30d","概念卡","关键结论：
• 在等容且不做非体积功时，\Delta U = Q_V。
• 对很多化学反应，\Delta U 与 焓 关系密切：

\Delta H = \Delta U + \Delta nRT
• 多数常压化学问题更常直接使用焓，但内能是更基础的起点。"
"内能 的关键结论有哪些？","• 在等容且不做非体积功时，\Delta U = Q_V。
• 对很多化学反应，\Delta U 与 焓 关系密切：

\Delta H = \Delta U + \Delta nRT
• 多数常压化学问题更常直接使用焓，但内能是更基础的起点。","化学原理 热力学 内能 rc_30d 化竞","Chem::Core","[[内能]]","30d","总结卡","内能 U 是体系内部各种微观能量的总和，包括分子运动能、相互作用势能等。"
"什么是分子极性？","分子极性：分子整体因电荷分布不均而具有净偶极矩的性质。","无机和结构化学 化学原理 分子结构 分子极性 rc_30d 化竞 结构化学","Chem::Core","[[分子极性]]","30d","概念卡","关键结论：
经典案例
 |  分子  |  键的极性  |  构型  |  分子极性  | 
 | ------ | :---: | ------ | :---: | 
 |  CO₂  |  极性键 (C=O)  |  直线形  |  非极性（矢量抵消） | 
 |  H₂O  |  极性键 (O—H)  |  V形  |  极性  | 
 |  BF₃  |  极性键 (B—F)  |  平面三角形  |  非极性（矢量抵消） | 
 |  NH₃  |  极性键 (N—H)  |  三角锥  |  极性  | 
 |  CH₄  |  极性键 (C—H)  |  正四面体  |  非极性（矢量抵消） | 
 |  CH₃Cl  |  极性键  |  四面体  |  极性（不对称取代） | 
 |  SF₆  |  极性键 (S—F)  |  正八面体  |  非极性  | 
 |  PF₅  |  极性键 (P—F)  |  三角双锥  |  非极性  | 

顺反异构的极性差异
• trans-1,2-二氯乙烯：非极性（C—Cl 偶极矩矢量抵消）
• cis-1,2-二氯乙烯：极性（C—Cl 偶极矩同侧叠加）
→ 导致沸点差异（顺式 > 反式）"
"分子极性 的关键结论有哪些？","经典案例
 |  分子  |  键的极性  |  构型  |  分子极性  | 
 | ------ | :---: | ------ | :---: | 
 |  CO₂  |  极性键 (C=O)  |  直线形  |  非极性（矢量抵消） | 
 |  H₂O  |  极性键 (O—H)  |  V形  |  极性  | 
 |  BF₃  |  极性键 (B—F)  |  平面三角形  |  非极性（矢量抵消） | 
 |  NH₃  |  极性键 (N—H)  |  三角锥  |  极性  | 
 |  CH₄  |  极性键 (C—H)  |  正四面体  |  非极性（矢量抵消） | 
 |  CH₃Cl  |  极性键  |  四面体  |  极性（不对称取代） | 
 |  SF₆  |  极性键 (S—F)  |  正八面体  |  非极性  | 
 |  PF₅  |  极性键 (P—F)  |  三角双锥  |  非极性  | 

顺反异构的极性差异
• trans-1,2-二氯乙烯：非极性（C—Cl 偶极矩矢量抵消）
• cis-1,2-二氯乙烯：极性（C—Cl 偶极矩同侧叠加）
→ 导致沸点差异（顺式 > 反式）","无机和结构化学 化学原理 分子结构 分子极性 rc_30d 化竞 结构化学","Chem::Core","[[分子极性]]","30d","总结卡","分子极性：分子整体因电荷分布不均而具有净偶极矩的性质。"
"分子极性 有哪些常见易错点？","• 有极性键的分子不一定是极性分子（如 CO_2, CCl_4）
• 无极性键的分子一定是非极性分子（同核双原子）
• 直线形不一定非极性（如 CO 有极小偶极矩；HCl 是极性分子）
• 分子对称性判断是核心：需画出 VSEPR 构型后判断键矩是否抵消","无机和结构化学 化学原理 分子结构 分子极性 rc_30d 化竞 结构化学","Chem::Core","[[分子极性]]","30d","易错点卡","分子极性：分子整体因电荷分布不均而具有净偶极矩的性质。"
"什么是分子轨道理论？","分子轨道理论（MO Theory）：原子形成分子时，原子轨道线性组合（LCAO）形成分子轨道，电子在整个分子的分子轨道中排布。分子轨道遍及整个分子，电子不属于某个特定原子。","无机和结构化学 化学原理 分子结构 分子轨道理论 rc_30d 化竞","Chem::Core","[[分子轨道理论]]","30d","概念卡","关键结论：
键级
\text{键级} = \frac{\text{成键电子数} - \text{反键电子数}}{2}

常见双原子分子的电子排布与键级
 |  分子  |  键级  |  未成对电子  |  磁性  | 
 | :---: | :---: | :---: | :---: | 
 |  H₂⁺  |  0.5  |  1  |  顺磁  | 
 |  H₂  |  1  |  0  |  反磁  | 
 |  N₂  |  3  |  0  |  反磁  | 
 |  O₂  |  2  |  2  |  顺磁  | 
 |  O₂⁺  |  2.5  |  1  |  顺磁  | 
 |  O₂⁻  |  1.5  |  1  |  顺磁  | 
 |  F₂  |  1  |  0  |  反磁  | 
 |  NO  |  2.5  |  1  |  顺磁  | 
 |  CO  |  3  |  0  |  反磁（与 N₂ 等电子）  |"
"分子轨道理论 的关键结论有哪些？","键级
\text{键级} = \frac{\text{成键电子数} - \text{反键电子数}}{2}

常见双原子分子的电子排布与键级
 |  分子  |  键级  |  未成对电子  |  磁性  | 
 | :---: | :---: | :---: | :---: | 
 |  H₂⁺  |  0.5  |  1  |  顺磁  | 
 |  H₂  |  1  |  0  |  反磁  | 
 |  N₂  |  3  |  0  |  反磁  | 
 |  O₂  |  2  |  2  |  顺磁  | 
 |  O₂⁺  |  2.5  |  1  |  顺磁  | 
 |  O₂⁻  |  1.5  |  1  |  顺磁  | 
 |  F₂  |  1  |  0  |  反磁  | 
 |  NO  |  2.5  |  1  |  顺磁  | 
 |  CO  |  3  |  0  |  反磁（与 N₂ 等电子）  |","无机和结构化学 化学原理 分子结构 分子轨道理论 rc_30d 化竞","Chem::Core","[[分子轨道理论]]","30d","总结卡","分子轨道理论（MO Theory）：原子形成分子时，原子轨道线性组合（LCAO）形成分子轨道，电子在整个分子的分子轨道中排布。分子轨道遍及整个分子，电子不属于某个特定原子。"
"分子轨道理论 有哪些常见易错点？","• ❌ 错：""键级 = 共用电子对数"" → MO中键级 = (成键电子−反键电子)/2，可为分数（O₂⁻ 键级1.5）
• ❌ 错：""N₂和O₂的MO能级顺序相同"" → B₂/C₂/N₂中σ₂p在π₂p之上（s-p混杂），O₂/F₂中σ₂p在π₂p之下
• ❌ 错：""反键轨道填了电子键就断了"" → 填1-2个反键电子只是削弱键（键级降低），不是断裂。O₂中π*填2个电子→键级仍为2
• ❌ 错：""MO图只需记住电子总数"" → 必须确定正确的能级顺序。B₂/C₂/N₂和O₂/F₂顺序不同——这是初赛高频考点
• ❌ 错：""成键轨道数 = 原子轨道数"" → 对。n个原子轨道→n个分子轨道（成键+反键+非键）","无机和结构化学 化学原理 分子结构 分子轨道理论 rc_30d 化竞","Chem::Core","[[分子轨道理论]]","30d","易错点卡","分子轨道理论（MO Theory）：原子形成分子时，原子轨道线性组合（LCAO）形成分子轨道，电子在整个分子的分子轨道中排布。分子轨道遍及整个分子，电子不属于某个特定原子。"
"什么是分子间力？","分子间力是指分子与分子之间（或分子内部不同部分之间）的弱静电相互作用，包括 van der Waals 引力和氢键两大类。","化学原理 化学键与分子结构 分子间力 rc_30d 化竞 分子结构 物理性质 相互作用","Chem::Core","[[分子间力]]","30d","概念卡","关键结论：
4.1 分子间力对物理性质的影响

 |  性质  |  影响规律  |  实例  | 
 | :--- | :--- | :--- | 
 |  熔点/沸点  |  分子间力越强，熔沸点越高  |  \mathrm{F_2} < \mathrm{Cl_2} < \mathrm{Br_2} < \mathrm{I_2}（色散力递增） | 
 |  溶解度  |  ""相似相溶""——分子间力类型相近者互溶  |  稀有气体在水中溶解度：He < Ne < Ar < Kr < Xe  | 
 |  黏度  |  分子间力越强，黏度越大  |  甘油（多羟基，氢键多）黏度远大于乙醇  | 
 |  密度  |  氢键可形成特殊结构，影响密度  |  冰密度 < 水密度（氢键形成空洞结构） | 

4.2 氢键导致的""异常""现象

 |  物质  |  同族趋势  |  异常原因  |  后果  | 
 | :--- | :--- | :--- | :--- | 
 |  \mathrm{H_2O}  |  氧族氢化物沸点应随分子量增大而升高  |  氢键使沸点异常高  |  水的沸点 (100°\mathrm{C}) 远高于 \mathrm{H_2S} (-60°\mathrm{C})  | 
 |  \mathrm{HF}  |  卤化氢沸点应随分子量增大而升高  |  氢键使沸点异常高  |  HF 沸点 (19.5°\mathrm{C}) 高于 HCl (-85°\mathrm{C})  | 
 |  \mathrm{NH_3}  |  氮族氢化物沸点应随分子量增大而升高  |  氢键使沸点异常高  |  \mathrm{NH_3} 沸点 (-33°\mathrm{C}) 高于 \mathrm{PH_3} (-88°\mathrm{C})  | 
 |  冰  |  一般固体密度 > 液体  |  氢键形成四面体空洞结构  |  冰浮于水上，保护水下生物  | 

4.3 van der Waals 半径

相邻分子中相互接触的两个原子的核间距离的一半称为 van der Waals 半径。它比共价半径大得多（如 Cl 的 van der Waals 半径约 180 pm，共价半径仅 99 pm）。"
"分子间力 的关键结论有哪些？","4.1 分子间力对物理性质的影响

 |  性质  |  影响规律  |  实例  | 
 | :--- | :--- | :--- | 
 |  熔点/沸点  |  分子间力越强，熔沸点越高  |  \mathrm{F_2} < \mathrm{Cl_2} < \mathrm{Br_2} < \mathrm{I_2}（色散力递增） | 
 |  溶解度  |  ""相似相溶""——分子间力类型相近者互溶  |  稀有气体在水中溶解度：He < Ne < Ar < Kr < Xe  | 
 |  黏度  |  分子间力越强，黏度越大  |  甘油（多羟基，氢键多）黏度远大于乙醇  | 
 |  密度  |  氢键可形成特殊结构，影响密度  |  冰密度 < 水密度（氢键形成空洞结构） | 

4.2 氢键导致的""异常""现象

 |  物质  |  同族趋势  |  异常原因  |  后果  | 
 | :--- | :--- | :--- | :--- | 
 |  \mathrm{H_2O}  |  氧族氢化物沸点应随分子量增大而升高  |  氢键使沸点异常高  |  水的沸点 (100°\mathrm{C}) 远高于 \mathrm{H_2S} (-60°\mathrm{C})  | 
 |  \mathrm{HF}  |  卤化氢沸点应随分子量增大而升高  |  氢键使沸点异常高  |  HF 沸点 (19.5°\mathrm{C}) 高于 HCl (-85°\mathrm{C})  | 
 |  \mathrm{NH_3}  |  氮族氢化物沸点应随分子量增大而升高  |  氢键使沸点异常高  |  \mathrm{NH_3} 沸点 (-33°\mathrm{C}) 高于 \mathrm{PH_3} (-88°\mathrm{C})  | 
 |  冰  |  一般固体密度 > 液体  |  氢键形成四面体空洞结构  |  冰浮于水上，保护水下生物  | 

4.3 van der Waals 半径

相邻分子中相互接触的两个原子的核间距离的一半称为 van der Waals 半径。它比共价半径大得多（如 Cl 的 van der Waals 半径约 180 pm，共价半径仅 99 pm）。","化学原理 化学键与分子结构 分子间力 rc_30d 化竞 分子结构 物理性质 相互作用","Chem::Core","[[分子间力]]","30d","总结卡","分子间力是指分子与分子之间（或分子内部不同部分之间）的弱静电相互作用，包括 van der Waals 引力和氢键两大类。"
"分子间力 有哪些常见易错点？","• 忽略色散力的普遍性：以为只有非极性分子才有色散力——实际上所有分子都有
• 氢键形成的条件判断错误：只关注有 H，忘记 H 必须直接与 F/O/N 相连
• 熔沸点比较不看分子类型：跨类型比较时（如离子化合物 vs 分子化合物），化学键强度远大于分子间力
• 混淆分子内与分子间氢键的影响：分子内氢键降低熔沸点，分子间氢键升高熔沸点","化学原理 化学键与分子结构 分子间力 rc_30d 化竞 分子结构 物理性质 相互作用","Chem::Core","[[分子间力]]","30d","易错点卡","分子间力是指分子与分子之间（或分子内部不同部分之间）的弱静电相互作用，包括 van der Waals 引力和氢键两大类。"
"分散相与连续相 的关键结论有哪些？","• 溶剂与溶质的区分：气体或固体溶于液体时，液体为溶剂，气体或固体为溶质；两种液体互溶时，量多的为溶剂
• 例：啤酒乙醇含量约 4\%，水是溶剂；白酒乙醇含量可达 60\%，乙醇是溶剂
• 胶体溶液三种类型：
• 溶胶：固态胶体粒子分散于液态介质中（如 Fe(OH)_3 溶胶、As_2S_3 溶胶），热力学不稳定但动力学稳定（靠胶粒带电排斥维持）
• 大分子溶液：橡胶、蛋白质、淀粉等溶于溶剂形成，属亲液胶体（lyophilic colloid），稳定性来自高度溶剂化，溶解与沉淀可逆
• 缔合胶体：表面活性剂分子在浓度约 0.01\sim0.02\ \mathrm{mol\cdot dm^{-3}} 时自组装形成胶束（micelle）
• 胶体特性：Tyndall 效应（光散射）、电泳（带电胶粒在电场中迁移）、渗析（半透膜分离胶粒与小分子/离子）、聚沉（加电解质破坏胶粒电荷排斥）
• 颜色变化与溶剂化：无水 CuSO_4 白色粉末溶于水变蓝色——Cu^{2+} 本身无色，与水生成 Cu(H_2O)_4^{2+} 水合离子呈蓝色","化学原理 气体与溶液 分散相与连续相 rc_30d 化竞 溶液","Chem::Core","[[分散相与连续相]]","30d","总结卡",""
"分散相与连续相 有哪些常见易错点？","-","化学原理 气体与溶液 分散相与连续相 rc_30d 化竞 溶液","Chem::Core","[[分散相与连续相]]","30d","易错点卡","• 溶剂与溶质的区分：气体或固体溶于液体时，液体为溶剂，气体或固体为溶质；两种液体互溶时，量多的为溶剂
• 例：啤酒乙醇含量约 4\%，水是溶剂；白酒乙醇含量可达 60\%，乙醇是溶剂
• 胶体溶液三种类型：
• 溶胶：固态胶体粒子分散于液态介质中（如 Fe(OH)_3 溶胶、As_2S_3 溶胶），热力学不稳定但动力学稳定（靠胶粒带电排斥维持）
• 大分子溶液：橡胶、蛋白质、淀粉等溶于溶剂形成，属亲液胶体（lyophilic colloid），稳定性来自高度溶剂化，溶解与沉淀可逆
• 缔合胶体：表面活性剂分子在浓度约 0.01\sim0.02\ \mathrm{mol\cdot dm^{-3}} 时自组装形成胶束（micelle）
• 胶体特性：Tyndall 效应（光散射）、电泳（带电胶粒在电场中迁移）、渗析（半透膜分离胶粒与小分子/离子）、聚沉（加电解质破坏胶粒电荷排斥）
• 颜色变化与溶剂化：无水 CuSO_4 白色粉末溶于水变蓝色——Cu^{2+} 本身无色，与水生成 Cu(H_2O)_4^{2+} 水合离子呈蓝色"
"什么是化学动力学？","化学动力学研究化学反应的速率和机理。与热力学回答""反应能否发生""不同，动力学回答""反应有多快""""如何发生""。决赛题目中，动力学分析是推断反应机理、设计实验和解释现象的核心工具。","化学原理 物理化学 化学动力学 rc_30d 化竞 动力学 决赛要求","Chem::Core","[[化学动力学]]","30d","概念卡","关键结论：
4.1 零级反应

v = k, \quad [\mathrm{A}]_0 - [\mathrm{A}] = kt, \quad t_{1/2} = \frac{[\mathrm{A}]_0}{2k}
• 特征：[\mathrm{A}] 对 t 作图为直线，斜率 = -k
• 实例：表面催化反应（表面饱和时）、酶催化（底物过量时）

4.2 一级反应

v = k[\mathrm{A}], \quad \ln[\mathrm{A}] = \ln[\mathrm{A}]_0 - kt, \quad t_{1/2} = \frac{\ln 2}{k} = \frac{0.693}{k}
• 特征：\ln[\mathrm{A}] 对 t 作图为直线，斜率 = -k
• 实例：放射性衰变、\mathrm{N}_2\mathrm{O}_5 分解、\mathrm{H}_2\mathrm{O}_2 分解
• 半衰期与初始浓度无关

4.3 二级反应

v = k[\mathrm{A}]^2, \quad \frac{1}{[\mathrm{A}]} = \frac{1}{[\mathrm{A}]_0} + kt, \quad t_{1/2} = \frac{1}{k[\mathrm{A}]_0}
• 特征：1/[\mathrm{A}] 对 t 作图为直线，斜率 = k
• 实例：\mathrm{HI} 分解、\mathrm{S}_2\mathrm{O}_8^{2-} + \mathrm{I}^- 反应
• 半衰期与初始浓度成反比

4.4 假一级反应

当某一反应物（如B）大大过量时，[\mathrm{B}] \approx [\mathrm{B}]_0（常数），则：

v = k[\mathrm{A}][\mathrm{B}] = k'[\mathrm{A}]

其中 k' = k[\mathrm{B}]_0，表现为一级反应动力学。

4.5 反应级数确定方法

 |  方法  |  原理  | 
 | :--- | :--- | 
 |  积分法  |  尝试不同级数的积分方程，看哪种线性关系最好  | 
 |  微分法  |  取对数：\ln v = \ln k + m\ln[\mathrm{A}] + n\ln[\mathrm{B}]  | 
 |  半衰期法  |  t_{1/2} \propto [\mathrm{A}]_0^{1-n}，测定不同初始浓度下的半衰期  | 
 |  隔离法  |  固定其他反应物浓度，改变一种反应物浓度  | 

4.6 积分速率方程与半衰期汇总

 |  级数  |  微分速率方程  |  积分速率方程  |  半衰期  |  k 的单位  | 
 | :---: | :--- | :--- | :--- | :--- | 
 |  0  |  v = k  |  [\mathrm{A}]_0 - [\mathrm{A}] = kt  |  [\mathrm{A}]_0/(2k)  |  \mathrm{mol \cdot dm^{-3} \cdot s^{-1}}  | 
 |  1  |  v = k[\mathrm{A}]  |  \ln[\mathrm{A}] = \ln[\mathrm{A}]_0 - kt  |  \ln 2/k  |  \mathrm{s^{-1}}  | 
 |  2  |  v = k[\mathrm{A}]^2  |  1/[\mathrm{A}] = 1/[\mathrm{A}]_0 + kt  |  1/(k[\mathrm{A}]_0)  |  \mathrm{dm^3 \cdot mol^{-1} \cdot s^{-1}}  | 
 |  3  |  v = k[\mathrm{A}]^3  |  1/[\mathrm{A}]^2 = 1/[\mathrm{A}]_0^2 + 2kt  |  3/(2k[\mathrm{A}]_0^2)  |  \mathrm{dm^6 \cdot mol^{-2} \cdot s^{-1}}  |"
"化学动力学 的关键结论有哪些？","4.1 零级反应

v = k, \quad [\mathrm{A}]_0 - [\mathrm{A}] = kt, \quad t_{1/2} = \frac{[\mathrm{A}]_0}{2k}
• 特征：[\mathrm{A}] 对 t 作图为直线，斜率 = -k
• 实例：表面催化反应（表面饱和时）、酶催化（底物过量时）

4.2 一级反应

v = k[\mathrm{A}], \quad \ln[\mathrm{A}] = \ln[\mathrm{A}]_0 - kt, \quad t_{1/2} = \frac{\ln 2}{k} = \frac{0.693}{k}
• 特征：\ln[\mathrm{A}] 对 t 作图为直线，斜率 = -k
• 实例：放射性衰变、\mathrm{N}_2\mathrm{O}_5 分解、\mathrm{H}_2\mathrm{O}_2 分解
• 半衰期与初始浓度无关

4.3 二级反应

v = k[\mathrm{A}]^2, \quad \frac{1}{[\mathrm{A}]} = \frac{1}{[\mathrm{A}]_0} + kt, \quad t_{1/2} = \frac{1}{k[\mathrm{A}]_0}
• 特征：1/[\mathrm{A}] 对 t 作图为直线，斜率 = k
• 实例：\mathrm{HI} 分解、\mathrm{S}_2\mathrm{O}_8^{2-} + \mathrm{I}^- 反应
• 半衰期与初始浓度成反比

4.4 假一级反应

当某一反应物（如B）大大过量时，[\mathrm{B}] \approx [\mathrm{B}]_0（常数），则：

v = k[\mathrm{A}][\mathrm{B}] = k'[\mathrm{A}]

其中 k' = k[\mathrm{B}]_0，表现为一级反应动力学。

4.5 反应级数确定方法

 |  方法  |  原理  | 
 | :--- | :--- | 
 |  积分法  |  尝试不同级数的积分方程，看哪种线性关系最好  | 
 |  微分法  |  取对数：\ln v = \ln k + m\ln[\mathrm{A}] + n\ln[\mathrm{B}]  | 
 |  半衰期法  |  t_{1/2} \propto [\mathrm{A}]_0^{1-n}，测定不同初始浓度下的半衰期  | 
 |  隔离法  |  固定其他反应物浓度，改变一种反应物浓度  | 

4.6 积分速率方程与半衰期汇总

 |  级数  |  微分速率方程  |  积分速率方程  |  半衰期  |  k 的单位  | 
 | :---: | :--- | :--- | :--- | :--- | 
 |  0  |  v = k  |  [\mathrm{A}]_0 - [\mathrm{A}] = kt  |  [\mathrm{A}]_0/(2k)  |  \mathrm{mol \cdot dm^{-3} \cdot s^{-1}}  | 
 |  1  |  v = k[\mathrm{A}]  |  \ln[\mathrm{A}] = \ln[\mathrm{A}]_0 - kt  |  \ln 2/k  |  \mathrm{s^{-1}}  | 
 |  2  |  v = k[\mathrm{A}]^2  |  1/[\mathrm{A}] = 1/[\mathrm{A}]_0 + kt  |  1/(k[\mathrm{A}]_0)  |  \mathrm{dm^3 \cdot mol^{-1} \cdot s^{-1}}  | 
 |  3  |  v = k[\mathrm{A}]^3  |  1/[\mathrm{A}]^2 = 1/[\mathrm{A}]_0^2 + 2kt  |  3/(2k[\mathrm{A}]_0^2)  |  \mathrm{dm^6 \cdot mol^{-2} \cdot s^{-1}}  |","化学原理 物理化学 化学动力学 rc_30d 化竞 动力学 决赛要求","Chem::Core","[[化学动力学]]","30d","总结卡","化学动力学研究化学反应的速率和机理。与热力学回答""反应能否发生""不同，动力学回答""反应有多快""""如何发生""。决赛题目中，动力学分析是推断反应机理、设计实验和解释现象的核心工具。"
"化学动力学 有哪些常见易错点？","• 反应级数不等于计量系数：只有基元反应才相等
• 一级反应半衰期与浓度无关，二级反应半衰期与初始浓度成反比
• 活化能单位：通常为 \mathrm{kJ \cdot mol^{-1}}，注意与 \mathrm{J \cdot mol^{-1}} 的换算
• 稳态近似的适用条件：中间体浓度极低，不适用于有累积中间体的情况
• 催化剂不改变平衡位置：只改变达到平衡的速率
• 温度对速率的影响主要来自能量因子：而非碰撞频率的增加","化学原理 物理化学 化学动力学 rc_30d 化竞 动力学 决赛要求","Chem::Core","[[化学动力学]]","30d","易错点卡","化学动力学研究化学反应的速率和机理。与热力学回答""反应能否发生""不同，动力学回答""反应有多快""""如何发生""。决赛题目中，动力学分析是推断反应机理、设计实验和解释现象的核心工具。"
"什么是化学势？","化学势 \mu_i 是体系 Gibbs 自由能对组分物质的量的偏导：","化学原理 热力学 化学势 rc_90d 化竞 决赛要求","Chem::Review","[[化学势]]","90d","概念卡","关键结论：
• 化学势是连接自由能、平衡和组成变化的核心桥梁。
• 活度、逸度、相平衡公式等更深层内容，通常都以化学势为出发点。
• 对竞赛第一轮而言，知道其“决定平衡方向的更底层量”这一定位即可。"
"化学势 的关键结论有哪些？","• 化学势是连接自由能、平衡和组成变化的核心桥梁。
• 活度、逸度、相平衡公式等更深层内容，通常都以化学势为出发点。
• 对竞赛第一轮而言，知道其“决定平衡方向的更底层量”这一定位即可。","化学原理 热力学 化学势 rc_90d 化竞 决赛要求","Chem::Review","[[化学势]]","90d","总结卡","化学势 \mu_i 是体系 Gibbs 自由能对组分物质的量的偏导："
"什么是化学平衡？","化学平衡（Chemical Equilibrium）：可逆反应中，正反应和逆反应速率相等，体系组成不再随时间变化的动态状态。

\text{a A + b B} \;\overset{k_+}{\underset{k_-}{\rightleftharpoons}}\; \text{c C + d D}• 正向速率 v_+ = 逆向速率 v_-（动态平衡，非静止）• 体系中各物种浓度（或分压）保持恒定 [A], [B], [C], [D] =  常数• 此时反应商 Q =  平衡常数 K","化学原理 化学平衡 rc_30d 化竞 Le_Chatelier 反应商","Chem::Core","[[化学平衡]]","30d","概念卡","关键结论：
平衡的特征（""五特征""）
 |  特征  |  含义  | 
 | --- | --- | 
 |  动态  |  v_+ = v_- \neq 0，分子层面仍有反应  | 
 |  可逆  |  化学反应可向两个方向进行  | 
 |  限度  |  反应不会进行到完全；体系组成达到极限值  | 
 |  条件性  |  温度、压强、浓度变化会打破平衡  | 
 |  同一性  |  从正/逆方向出发，最终达到的平衡组成相同  | 

平衡判断的""实用记忆""• 浓度/分压不再变化 → 平衡• v_+ = v_- → 平衡• Q = K → 平衡• \Delta G = 0 → 平衡

速率常数与平衡常数的联系
K = \frac{k_+}{k_-}• k_+ 是正向速率常数，k_- 是逆向速率常数• 当温度升高，若正反应吸热，则 k_+/k_- 增大 → K 增大 → 平衡正移

平衡常数与 ΔG° 关系
\Delta G° = -RT\ln K°
 |  \Delta G°  |  K°  |  含义  | 
 | :---: | :---: | --- | 
 |  < 0  |  > 1  |  标准态下正向自发  | 
 |  = 0  |  = 1  |  标准态下恰好平衡  | 
 |  > 0  |  < 1  |  标准态下逆向自发  |"
"化学平衡 的关键结论有哪些？","平衡的特征（""五特征""）
 |  特征  |  含义  | 
 | --- | --- | 
 |  动态  |  v_+ = v_- \neq 0，分子层面仍有反应  | 
 |  可逆  |  化学反应可向两个方向进行  | 
 |  限度  |  反应不会进行到完全；体系组成达到极限值  | 
 |  条件性  |  温度、压强、浓度变化会打破平衡  | 
 |  同一性  |  从正/逆方向出发，最终达到的平衡组成相同  | 

平衡判断的""实用记忆""• 浓度/分压不再变化 → 平衡• v_+ = v_- → 平衡• Q = K → 平衡• \Delta G = 0 → 平衡

速率常数与平衡常数的联系
K = \frac{k_+}{k_-}• k_+ 是正向速率常数，k_- 是逆向速率常数• 当温度升高，若正反应吸热，则 k_+/k_- 增大 → K 增大 → 平衡正移

平衡常数与 ΔG° 关系
\Delta G° = -RT\ln K°
 |  \Delta G°  |  K°  |  含义  | 
 | :---: | :---: | --- | 
 |  < 0  |  > 1  |  标准态下正向自发  | 
 |  = 0  |  = 1  |  标准态下恰好平衡  | 
 |  > 0  |  < 1  |  标准态下逆向自发  |","化学原理 化学平衡 rc_30d 化竞 Le_Chatelier 反应商","Chem::Core","[[化学平衡]]","30d","总结卡","化学平衡（Chemical Equilibrium）：可逆反应中，正反应和逆反应速率相等，体系组成不再随时间变化的动态状态。

\text{a A + b B} \;\overset{k_+}{\underset{k_-}{\rightleftharpoons}}\; \text{c C + d D}• 正向速率 v_+ = 逆向速率 v_-（动态平衡，非静止）• 体系中各物种浓度（或分压）保持恒定 [A], [B], [C], [D] =  常数• 此时反应商 Q =  平衡常数 K"
"化学平衡 有哪些常见易错点？","• ❌ 错：平衡状态浓度不变 = 反应停止——平衡是动态的，正逆反应仍在• ❌ 错：加催化剂能让 K 增大——催化剂只改变速率，不改变 K• ❌ 错：加压一定能让平衡正移——只对气体减少的反应有效• ❌ 错：平衡常数只与浓度有关——K 是 T 的函数，浓度变化不改变 K• ❌ 错：Q = K 时 ΔG = 0 但反应停止——动态平衡是""看不见的平衡""• ❌ 错：\Delta_r G° 增大则平衡必左移——标准态 ΔG° 与平衡移动方向不可混淆；勒夏特列原理判断的是 K° 的变化趋势，而非 ΔG° 的绝对值变化","化学原理 化学平衡 rc_30d 化竞 Le_Chatelier 反应商","Chem::Core","[[化学平衡]]","30d","易错点卡","化学平衡（Chemical Equilibrium）：可逆反应中，正反应和逆反应速率相等，体系组成不再随时间变化的动态状态。

\text{a A + b B} \;\overset{k_+}{\underset{k_-}{\rightleftharpoons}}\; \text{c C + d D}• 正向速率 v_+ = 逆向速率 v_-（动态平衡，非静止）• 体系中各物种浓度（或分压）保持恒定 [A], [B], [C], [D] =  常数• 此时反应商 Q =  平衡常数 K"
"什么是化学热力学？","化学热力学研究化学反应和物理变化中的能量变化、反应方向与进行限度。","化学原理 热力学 化学热力学 rc_30d 化竞","Chem::Core","[[化学热力学]]","30d","概念卡","关键结论：
• 化学热力学是后续 化学平衡、电化学、相平衡 的基础。• 反应热、平衡常数、自发方向都可以由热力学量建立联系。• 热力学结论通常与路径无关，但与初末状态和外界条件有关。"
"化学热力学 的关键结论有哪些？","• 化学热力学是后续 化学平衡、电化学、相平衡 的基础。• 反应热、平衡常数、自发方向都可以由热力学量建立联系。• 热力学结论通常与路径无关，但与初末状态和外界条件有关。","化学原理 热力学 化学热力学 rc_30d 化竞","Chem::Core","[[化学热力学]]","30d","总结卡","化学热力学研究化学反应和物理变化中的能量变化、反应方向与进行限度。"
"什么是化学电源？","化学电源（Chemical Power Source）：通过化学反应将化学能直接转化为电能的装置，通称电池（Battery / Cell）。","化学原理 电化学 化学电源 rc_30d 化竞 电池 储能","Chem::Core","[[化学电源]]","30d","概念卡","关键结论：
常见化学电源对照表
 |  名称  |  类型  |  负极  |  正极  |  电解质  |  标称电压  | 
 | --- | --- | --- | --- | --- | :---: | 
 |  干电池（"
"化学电源 的关键结论有哪些？","常见化学电源对照表
 |  名称  |  类型  |  负极  |  正极  |  电解质  |  标称电压  | 
 | --- | --- | --- | --- | --- | :---: | 
 |  干电池（","化学原理 电化学 化学电源 rc_30d 化竞 电池 储能","Chem::Core","[[化学电源]]","30d","总结卡","化学电源（Chemical Power Source）：通过化学反应将化学能直接转化为电能的装置，通称电池（Battery / Cell）。"
"化学电源 有哪些常见易错点？","• ❌ 错：化学电源都是 1.5 V——电压由电极电势差决定，从 1.2 V (NiMH) 到 3.7 V (LIB) 不等• ❌ 错：燃料电池能完全转化燃料化学能——受 Carnot 效率影响（实际约 50-60%）• ❌ 错：铅蓄电池可以""零度以下使用""——低温下 H₂SO₄ 黏度上升，性能恶化• ❌ 错：锂电池的 Li⁺ 在电极反应——Li⁺ 是""载体""，氧化还原由其他元素负责• ❌ 错：化学电源 = 原电池——含蓄电池、燃料电池、浓差电池等","化学原理 电化学 化学电源 rc_30d 化竞 电池 储能","Chem::Core","[[化学电源]]","30d","易错点卡","化学电源（Chemical Power Source）：通过化学反应将化学能直接转化为电能的装置，通称电池（Battery / Cell）。"
"什么是化学计量？","• 物质的量 n（mol）：n = m / M = N / N_A• 摩尔质量 M（g/mol）：1 mol 物质的质量，数值上等于该物质的相对分子质量或相对原子质量• 阿伏伽德罗常数 N_A：6.022 \times 10^{23}\ \mathrm{mol^{-1}}• 摩尔体积 V_m：标准状况（STP: 0^{\circ}\mathrm{C}, 101.325\ \mathrm{kPa}）下，理想气体的摩尔体积为 22.414\ \mathrm{dm^3 \cdot mol^{-1}}","化学原理 基础计算 化学计量 rc_30d 化竞","Chem::Core","[[化学计量]]","30d","概念卡","关键结论：
化学计量计算的通用步骤• 写出配平的化学方程式• 将已知量转换为物质的量（n = m/M、n = cV、n = V/V_m 等）• 根据化学计量比确定待求物的物质的量• 将 n 转换回题目所需的物理量（质量、体积、浓度、粒子数等）• 检验有效数字和单位

气体反应的体积关系• 同温同压下，气体体积比等于物质的量之比（Avogadro 定律的直接推论）• 对于反应物和产物均为气体的反应，可直接用体积比计算（如 \mathrm{N_2 + 3H_2 \to 2NH_3} 中体积比为 1:3:2）

溶液反应计算• 利用 n = cV 直接计算反应物的物质的量• 对于滴定分析：c_A V_A / \nu_A = c_B V_B / \nu_B• 稀释公式：c_1 V_1 = c_2 V_2（溶质的物质的量不变）"
"化学计量 的关键结论有哪些？","化学计量计算的通用步骤• 写出配平的化学方程式• 将已知量转换为物质的量（n = m/M、n = cV、n = V/V_m 等）• 根据化学计量比确定待求物的物质的量• 将 n 转换回题目所需的物理量（质量、体积、浓度、粒子数等）• 检验有效数字和单位

气体反应的体积关系• 同温同压下，气体体积比等于物质的量之比（Avogadro 定律的直接推论）• 对于反应物和产物均为气体的反应，可直接用体积比计算（如 \mathrm{N_2 + 3H_2 \to 2NH_3} 中体积比为 1:3:2）

溶液反应计算• 利用 n = cV 直接计算反应物的物质的量• 对于滴定分析：c_A V_A / \nu_A = c_B V_B / \nu_B• 稀释公式：c_1 V_1 = c_2 V_2（溶质的物质的量不变）","化学原理 基础计算 化学计量 rc_30d 化竞","Chem::Core","[[化学计量]]","30d","总结卡","• 物质的量 n（mol）：n = m / M = N / N_A• 摩尔质量 M（g/mol）：1 mol 物质的质量，数值上等于该物质的相对分子质量或相对原子质量• 阿伏伽德罗常数 N_A：6.022 \times 10^{23}\ \mathrm{mol^{-1}}• 摩尔体积 V_m：标准状况（STP: 0^{\circ}\mathrm{C}, 101.325\ \mathrm{kPa}）下，理想气体的摩尔体积为 22.414\ \mathrm{dm^3 \cdot mol^{-1}}"
"化学计量 有哪些常见易错点？","• 忘记配平方程式：系数不等于 1 时必须按配平系数计算物质的量比• 直接用质量比计算：化学方程式中的系数是摩尔比而非质量比，必须转换为物质的量• 限量试剂判断方法错误：需将物质的量除以化学计量系数后再比较，不能直接比较物质的量• 忽略单位换算：气体体积计算时必须注明温度和压力，使用正确的 R 值和单位• 有效数字处理不当：中间计算保留 1-2 位多余数字，最终结果按数据中最小有效数字位数取舍","化学原理 基础计算 化学计量 rc_30d 化竞","Chem::Core","[[化学计量]]","30d","易错点卡","• 物质的量 n（mol）：n = m / M = N / N_A• 摩尔质量 M（g/mol）：1 mol 物质的质量，数值上等于该物质的相对分子质量或相对原子质量• 阿伏伽德罗常数 N_A：6.022 \times 10^{23}\ \mathrm{mol^{-1}}• 摩尔体积 V_m：标准状况（STP: 0^{\circ}\mathrm{C}, 101.325\ \mathrm{kPa}）下，理想气体的摩尔体积为 22.414\ \mathrm{dm^3 \cdot mol^{-1}}"
"什么是化学计量点与滴定终点？","化学计量点（Stoichiometric Point / Equivalence Point）","化学原理 容量分析 化学计量点与滴定终点 rc_30d 化竞 滴定分析","Chem::Core","[[化学计量点与滴定终点]]","30d","概念卡",""
"什么是半衰期？","半衰期 t_{1/2} 指反应物浓度降为初始值一半所需的时间。","化学原理 化学动力学 半衰期 rc_30d 化竞","Chem::Core","[[半衰期]]","30d","概念卡","关键结论：
• 一级反应最特殊：半衰期恒定，不随起始浓度改变。
• 半衰期可反推速率常数：一级反应中 k = 0.693/t_{1/2}。
• 半衰期常用于作图和定性判级：
• 若不同初始浓度下 t_{1/2} 不变，常提示一级反应
• 若 t_{1/2} 随 [A]_0 增大而减小，常提示二级反应"
"半衰期 的关键结论有哪些？","• 一级反应最特殊：半衰期恒定，不随起始浓度改变。
• 半衰期可反推速率常数：一级反应中 k = 0.693/t_{1/2}。
• 半衰期常用于作图和定性判级：
• 若不同初始浓度下 t_{1/2} 不变，常提示一级反应
• 若 t_{1/2} 随 [A]_0 增大而减小，常提示二级反应","化学原理 化学动力学 半衰期 rc_30d 化竞","Chem::Core","[[半衰期]]","30d","总结卡","半衰期 t_{1/2} 指反应物浓度降为初始值一半所需的时间。"
"什么是原子结构？","原子结构：原子由原子核（质子 + 中子）和核外电子组成，电子按特定规律分布在不同能级的原子轨道中。理解原子结构是解释元素周期律、化学键、光谱性质的基础。","化学原理 原子结构基础 原子结构 rc_30d 化竞 电子排布 量子数 能级","Chem::Core","[[原子结构]]","30d","概念卡","关键结论：
• 量子数完全确定电子状态——n, l, mₗ 确定轨道；mₛ 区分同一轨道中的两个电子
• 能级交错是周期表结构的基础——4s < 3d 导致过渡元素出现在第四周期
• Hund 规则决定等价轨道电子分布——单独占据优先，平行自旋
• 半满/全满稳定化——Cr(3d⁵4s¹)、Cu(3d¹⁰4s¹)、Mo、Ag、Au 等均为此规则体现
• 电子排布式 ≠ 电子填充顺序——书写时按 n 排序（如 Cu: 1s² 2s²... 3d¹⁰ 4s¹），但填充时 4s 先于 3d

---"
"原子结构 的关键结论有哪些？","• 量子数完全确定电子状态——n, l, mₗ 确定轨道；mₛ 区分同一轨道中的两个电子
• 能级交错是周期表结构的基础——4s < 3d 导致过渡元素出现在第四周期
• Hund 规则决定等价轨道电子分布——单独占据优先，平行自旋
• 半满/全满稳定化——Cr(3d⁵4s¹)、Cu(3d¹⁰4s¹)、Mo、Ag、Au 等均为此规则体现
• 电子排布式 ≠ 电子填充顺序——书写时按 n 排序（如 Cu: 1s² 2s²... 3d¹⁰ 4s¹），但填充时 4s 先于 3d

---","化学原理 原子结构基础 原子结构 rc_30d 化竞 电子排布 量子数 能级","Chem::Core","[[原子结构]]","30d","总结卡","原子结构：原子由原子核（质子 + 中子）和核外电子组成，电子按特定规律分布在不同能级的原子轨道中。理解原子结构是解释元素周期律、化学键、光谱性质的基础。"
"原子结构 有哪些常见易错点？","• ❌ 离子排布按填充顺序失电子 → 阳离子先失 n 最大的轨道电子（如 Fe 先失 4s，不是 3d）
• ❌ 书写顺序与填充顺序混淆 → 书写时按 n 排序；填充时按能量排序
• ❌ 忽略 Hund 规则 → 等价轨道上电子应先单独占据，不要配对
• ❌ 认为全满/半满总是稳定 → 对主族元素影响小，对 d 区显著
• ❌ 量子数取值范围错误 → l < n； | mₗ |  ≤ l
• ❌ 把激发态当基态 → 基态电子必须先填低能级轨道
• ❌ 混淆屏蔽效应和钻穿效应 → 屏蔽效应是其他电子对核电荷的""遮挡""（结果：$","化学原理 原子结构基础 原子结构 rc_30d 化竞 电子排布 量子数 能级","Chem::Core","[[原子结构]]","30d","易错点卡","原子结构：原子由原子核（质子 + 中子）和核外电子组成，电子按特定规律分布在不同能级的原子轨道中。理解原子结构是解释元素周期律、化学键、光谱性质的基础。"
"什么是原子轨道？","原子轨道：描述原子中单个电子空间分布的波函数 \psi(r,\theta,\phi)。 | \psi | ^2 表示电子在空间中出现的概率密度。","无机和结构化学 化学原理 原子结构 原子轨道 rc_30d 化竞 量子化学","Chem::Core","[[原子轨道]]","30d","概念卡","关键结论：
氢原子/类氢离子轨道能级特点
• 能量仅由 n 决定：$E_n = -13.6 \times"
"原子轨道 的关键结论有哪些？","氢原子/类氢离子轨道能级特点
• 能量仅由 n 决定：$E_n = -13.6 \times","无机和结构化学 化学原理 原子结构 原子轨道 rc_30d 化竞 量子化学","Chem::Core","[[原子轨道]]","30d","总结卡","原子轨道：描述原子中单个电子空间分布的波函数 \psi(r,\theta,\phi)。 | \psi | ^2 表示电子在空间中出现的概率密度。"
"什么是原电池？","原电池（Galvanic Cell）：利用自发氧化还原反应将化学能直接转化为电能的装置。","化学原理 电化学 原电池 rc_30d 化竞","Chem::Core","[[原电池]]","30d","概念卡","关键结论：
电动势的实验测定
**"
"原电池 的关键结论有哪些？","电动势的实验测定
**","化学原理 电化学 原电池 rc_30d 化竞","Chem::Core","[[原电池]]","30d","总结卡","原电池（Galvanic Cell）：利用自发氧化还原反应将化学能直接转化为电能的装置。"
"什么是反应级数？","反应级数（Reaction Order）：速率方程中浓度项的指数之和。对于速率方程 v = k(\mathrm{A})^m(\mathrm{B})^n：","化学原理 化学动力学 反应级数 rc_30d 化竞","Chem::Core","[[反应级数]]","30d","概念卡","关键结论：
一级反应（First-Order）
速率与浓度一次方成正比。关键特征：\lg(\mathrm{A}) 对 t 作图为直线。

实例：• \mathrm{H_2O_2 \longrightarrow H_2O + \frac{1}{2}O_2}• \mathrm{N_2O_5 \longrightarrow 2NO_2 + \frac{1}{2}O_2}（在 \mathrm{CCl_4} 中，318 K 时 k = 6.23 \times 10^{-4}\ \mathrm{s^{-1}}）• 蔗糖水解• 放射性核衰变（本质是一级反应）

放射性测年应用：^{14}\mathrm{C} 的半衰期为 5730 年，通过测定古文物中 ^{14}\mathrm{C}/^{12}\mathrm{C} 比值可推算年代。

^{14}\mathrm{C} 测年示例：死海古卷纸片的 ^{14}\mathrm{C} 含量为活体的 0.795 倍：
k = \frac{0.693}{5730} = 1.21 \times 10^{-4}\ \mathrm{a^{-1}}
\lg 0.795 = -\frac{1.21 \times 10^{-4}}{2.303}t, \quad t \approx 1900\ \text{年}

二级反应（Second-Order）
速率与浓度二次方成正比。关键特征：1/(\mathrm{B}) 对 t 作图为直线。

实例：• \mathrm{2HI \longrightarrow H_2 + I_2}• \mathrm{CO + NO_2 \longrightarrow CO_2 + NO}• 乙酸乙酯皂化反应

HI 分解数据：

 |  t/h  |  0  |  2  |  4  |  6  | 
 | :---: | :---: | :---: | :---: | :---: | 
 |  (HI)  |  1.00  |  0.50  |  0.33  |  0.25  | 
 |  1/ (HI)  |  1.0  |  2.0  |  3.0  |  4.0  | 

斜率 k = 0.50\ \mathrm{mol^{-1} \cdot dm^3 \cdot h^{-1}}。

零级反应（"
"反应级数 的关键结论有哪些？","一级反应（First-Order）
速率与浓度一次方成正比。关键特征：\lg(\mathrm{A}) 对 t 作图为直线。

实例：• \mathrm{H_2O_2 \longrightarrow H_2O + \frac{1}{2}O_2}• \mathrm{N_2O_5 \longrightarrow 2NO_2 + \frac{1}{2}O_2}（在 \mathrm{CCl_4} 中，318 K 时 k = 6.23 \times 10^{-4}\ \mathrm{s^{-1}}）• 蔗糖水解• 放射性核衰变（本质是一级反应）

放射性测年应用：^{14}\mathrm{C} 的半衰期为 5730 年，通过测定古文物中 ^{14}\mathrm{C}/^{12}\mathrm{C} 比值可推算年代。

^{14}\mathrm{C} 测年示例：死海古卷纸片的 ^{14}\mathrm{C} 含量为活体的 0.795 倍：
k = \frac{0.693}{5730} = 1.21 \times 10^{-4}\ \mathrm{a^{-1}}
\lg 0.795 = -\frac{1.21 \times 10^{-4}}{2.303}t, \quad t \approx 1900\ \text{年}

二级反应（Second-Order）
速率与浓度二次方成正比。关键特征：1/(\mathrm{B}) 对 t 作图为直线。

实例：• \mathrm{2HI \longrightarrow H_2 + I_2}• \mathrm{CO + NO_2 \longrightarrow CO_2 + NO}• 乙酸乙酯皂化反应

HI 分解数据：

 |  t/h  |  0  |  2  |  4  |  6  | 
 | :---: | :---: | :---: | :---: | :---: | 
 |  (HI)  |  1.00  |  0.50  |  0.33  |  0.25  | 
 |  1/ (HI)  |  1.0  |  2.0  |  3.0  |  4.0  | 

斜率 k = 0.50\ \mathrm{mol^{-1} \cdot dm^3 \cdot h^{-1}}。

零级反应（","化学原理 化学动力学 反应级数 rc_30d 化竞","Chem::Core","[[反应级数]]","30d","总结卡","反应级数（Reaction Order）：速率方程中浓度项的指数之和。对于速率方程 v = k(\mathrm{A})^m(\mathrm{B})^n："
"反应级数 有哪些常见易错点？","• 级数确定只看计量系数——错误。必须由实验数据作图或计算确定• k 量纲写错：一级反应 k 的量纲是 \mathrm{s^{-1}}，不是 \mathrm{mol \cdot dm^{-3} \cdot s^{-1}}• 混淆 \lg 和 \ln：公式 \lg(A) = \lg(A)_0 - kt/2.30 用常用对数，\ln(A) = \ln(A)_0 - kt 用自然对数• 半衰期公式用错：t_{1/2}=0.693/k 仅对一级反应成立","化学原理 化学动力学 反应级数 rc_30d 化竞","Chem::Core","[[反应级数]]","30d","易错点卡","反应级数（Reaction Order）：速率方程中浓度项的指数之和。对于速率方程 v = k(\mathrm{A})^m(\mathrm{B})^n："
"什么是反应速率？","对于反应 aA + bB \to cC + dD：
v = -\frac{1}{a}\frac{d[A]}{dt} = \frac{1}{c}\frac{d[C]}{dt}","化学原理 化学动力学 反应速率 rc_30d 化竞","Chem::Core","[[反应速率]]","30d","概念卡","关键结论：
各反应级数的特征

 |  级数  |  微分速率方程  |  积分式  |  直线关系  |  半衰期 t_{1/2}  |  k 的量纲  | 
 | :---: | ------ | ------ | ------ | ------ | :---: | 
 |  0  |  v = k  |  (\mathrm{D}) = (\mathrm{D})_0 - kt  |  (\mathrm{D}) 对 t 作图  |  t_{1/2} = (\mathrm{D})_0/2k  |  mol·dm⁻³·s⁻¹  | 
 |  1  |  v = k(\mathrm{A})  |  \lg(\mathrm{A}) = \lg(\mathrm{A})_0 - \frac{k}{2.30}t  |  \lg(\mathrm{A}) 对 t 作图  |  t_{1/2} = 0.693/k  |  s⁻¹  | 
 |  2  |  v = k(\mathrm{B})^2  |  \frac{1}{(\mathrm{B})} = \frac{1}{(\mathrm{B})_0} + kt  |  1/(\mathrm{B}) 对 t 作图  |  t_{1/2} = 1/(k(\mathrm{B})_0)  |  mol⁻¹·dm³·s⁻¹  | 
 |  3  |  v = k(\mathrm{C})^3  |  \frac{1}{(\mathrm{C})^2} = \frac{1}{(\mathrm{C})_0^2} + 2kt  |  1/(\mathrm{C})^2 对 t 作图  |  —  |  mol⁻²·dm⁶·s⁻¹  | 

一级反应关键结论：
• \lg(\mathrm{A}) 对 t 作图得直线，斜率为 -k/2.30
• 半衰期与起始浓度无关：t_{1/2} = 0.693/k
• 实例：\mathrm{N_2O_5} 在 \mathrm{CCl_4} 中分解（318 K），k = 6.23 \times 10^{-4}\ \mathrm{s^{-1}}，t_{1/2} = 1.11 \times 10^3\ \mathrm{s}

一级反应计算示例：氯乙烷分解（300 K，k = 2.50 \times 10^{-3}\ \mathrm{min^{-1}}，起始浓度 0.40\ \mathrm{mol \cdot dm^{-3}}）
• 8 h 后剩余浓度：0.12\ \mathrm{mol \cdot dm^{-3}}
• 降至 0.010\ \mathrm{mol \cdot dm^{-3}} 需时：25 h
• 半衰期：t_{1/2} = 0.693 / (2.50 \times 10^{-3}) = 277\ \mathrm{min} = 4.62\ \mathrm{h}

二级反应关键结论：
• 1/(\mathrm{B}) 对 t 作图得直线，斜率 = k
• 半衰期与起始浓度成反比
• 实例：\mathrm{HI} 分解（k = 0.50\ \mathrm{mol^{-1} \cdot dm^3 \cdot h^{-1}}）

零级反应关键结论：
• 浓度对 t 作图得直线，斜率 = -k
• 反应匀速进行
• 实例：\mathrm{N_2O} 在 Au 粉表面热分解，k = 0.0010\ \mathrm{mol \cdot dm^{-3} \cdot min^{-1}}（因为 Au 表面活性位点有限，被饱和后速率不再依赖于 \mathrm{N_2O} 气相浓度）

非整数级反应：
• \mathrm{Cl_2 + H_2 \longrightarrow 2HCl}，v = k(\mathrm{H_2})(\mathrm{Cl_2})^{1/2}（1.5 级）
• 2\mathrm{O_3 \longrightarrow 3O_2}，v = k\frac{(\mathrm{O_3})^2}{(\mathrm{O_2})}（无简单级数）

Arrhenius 公式
k = Ae^{-E_{\mathrm{a}}/RT} \quad \text{或} \quad \lg k = -\frac{E_{\mathrm{a}}}{2.30R} \times \frac{1}{T} + C

\lg k 对 1/T 作图得直线，由斜率可求活化能 E_{\mathrm{a}}。具体内容见 活化能 知识点。

^{14}\mathrm{C} 放射性测年
放射性核衰变服从一级反应规律。^{14}\mathrm{C} 的半衰期为 5730 年，k = 0.693/5730 = 1.21 \times 10^{-4}\ \mathrm{a^{-1}}。通过测定古文物中 ^{14}\mathrm{C}^/^{12}\mathrm{C} 比值与活体比值的差异，可推算文物年代，适用于数百年至 5 万年的有机文物。

示例：死海古卷纸片 ^{14}\mathrm{C}^ 含量为活体的 0.795 倍，则：
\lg 0.795 = \frac{-1.21 \times 10^{-4}}{2.303}t,\quad t \approx 1900\ \text{年}"
"反应速率 的关键结论有哪些？","各反应级数的特征

 |  级数  |  微分速率方程  |  积分式  |  直线关系  |  半衰期 t_{1/2}  |  k 的量纲  | 
 | :---: | ------ | ------ | ------ | ------ | :---: | 
 |  0  |  v = k  |  (\mathrm{D}) = (\mathrm{D})_0 - kt  |  (\mathrm{D}) 对 t 作图  |  t_{1/2} = (\mathrm{D})_0/2k  |  mol·dm⁻³·s⁻¹  | 
 |  1  |  v = k(\mathrm{A})  |  \lg(\mathrm{A}) = \lg(\mathrm{A})_0 - \frac{k}{2.30}t  |  \lg(\mathrm{A}) 对 t 作图  |  t_{1/2} = 0.693/k  |  s⁻¹  | 
 |  2  |  v = k(\mathrm{B})^2  |  \frac{1}{(\mathrm{B})} = \frac{1}{(\mathrm{B})_0} + kt  |  1/(\mathrm{B}) 对 t 作图  |  t_{1/2} = 1/(k(\mathrm{B})_0)  |  mol⁻¹·dm³·s⁻¹  | 
 |  3  |  v = k(\mathrm{C})^3  |  \frac{1}{(\mathrm{C})^2} = \frac{1}{(\mathrm{C})_0^2} + 2kt  |  1/(\mathrm{C})^2 对 t 作图  |  —  |  mol⁻²·dm⁶·s⁻¹  | 

一级反应关键结论：
• \lg(\mathrm{A}) 对 t 作图得直线，斜率为 -k/2.30
• 半衰期与起始浓度无关：t_{1/2} = 0.693/k
• 实例：\mathrm{N_2O_5} 在 \mathrm{CCl_4} 中分解（318 K），k = 6.23 \times 10^{-4}\ \mathrm{s^{-1}}，t_{1/2} = 1.11 \times 10^3\ \mathrm{s}

一级反应计算示例：氯乙烷分解（300 K，k = 2.50 \times 10^{-3}\ \mathrm{min^{-1}}，起始浓度 0.40\ \mathrm{mol \cdot dm^{-3}}）
• 8 h 后剩余浓度：0.12\ \mathrm{mol \cdot dm^{-3}}
• 降至 0.010\ \mathrm{mol \cdot dm^{-3}} 需时：25 h
• 半衰期：t_{1/2} = 0.693 / (2.50 \times 10^{-3}) = 277\ \mathrm{min} = 4.62\ \mathrm{h}

二级反应关键结论：
• 1/(\mathrm{B}) 对 t 作图得直线，斜率 = k
• 半衰期与起始浓度成反比
• 实例：\mathrm{HI} 分解（k = 0.50\ \mathrm{mol^{-1} \cdot dm^3 \cdot h^{-1}}）

零级反应关键结论：
• 浓度对 t 作图得直线，斜率 = -k
• 反应匀速进行
• 实例：\mathrm{N_2O} 在 Au 粉表面热分解，k = 0.0010\ \mathrm{mol \cdot dm^{-3} \cdot min^{-1}}（因为 Au 表面活性位点有限，被饱和后速率不再依赖于 \mathrm{N_2O} 气相浓度）

非整数级反应：
• \mathrm{Cl_2 + H_2 \longrightarrow 2HCl}，v = k(\mathrm{H_2})(\mathrm{Cl_2})^{1/2}（1.5 级）
• 2\mathrm{O_3 \longrightarrow 3O_2}，v = k\frac{(\mathrm{O_3})^2}{(\mathrm{O_2})}（无简单级数）

Arrhenius 公式
k = Ae^{-E_{\mathrm{a}}/RT} \quad \text{或} \quad \lg k = -\frac{E_{\mathrm{a}}}{2.30R} \times \frac{1}{T} + C

\lg k 对 1/T 作图得直线，由斜率可求活化能 E_{\mathrm{a}}。具体内容见 活化能 知识点。

^{14}\mathrm{C} 放射性测年
放射性核衰变服从一级反应规律。^{14}\mathrm{C} 的半衰期为 5730 年，k = 0.693/5730 = 1.21 \times 10^{-4}\ \mathrm{a^{-1}}。通过测定古文物中 ^{14}\mathrm{C}^/^{12}\mathrm{C} 比值与活体比值的差异，可推算文物年代，适用于数百年至 5 万年的有机文物。

示例：死海古卷纸片 ^{14}\mathrm{C}^ 含量为活体的 0.795 倍，则：
\lg 0.795 = \frac{-1.21 \times 10^{-4}}{2.303}t,\quad t \approx 1900\ \text{年}","化学原理 化学动力学 反应速率 rc_30d 化竞","Chem::Core","[[反应速率]]","30d","总结卡","对于反应 aA + bB \to cC + dD：
v = -\frac{1}{a}\frac{d[A]}{dt} = \frac{1}{c}\frac{d[C]}{dt}"
"反应速率 有哪些常见易错点？","• [待补充]","化学原理 化学动力学 反应速率 rc_30d 化竞","Chem::Core","[[反应速率]]","30d","易错点卡","对于反应 aA + bB \to cC + dD：
v = -\frac{1}{a}\frac{d[A]}{dt} = \frac{1}{c}\frac{d[C]}{dt}"
"什么是同位素效应？","同位素效应是指由于同位素质量不同而导致的物理性质或化学反应速率/平衡的差异。在有机反应机理研究中，同位素效应是判断决速步是否涉及某化学键断裂的关键证据。","化学原理 物理化学 同位素效应 rc_30d 化竞 同位素 反应机理","Chem::Core","[[同位素效应]]","30d","概念卡","关键结论：
4.1 一级KIE的近似表达式

$$\frac{k_\mathrm{H}}{k_\mathrm{D}} = \exp\left(\frac{\Delta \mathrm{"
"同位素效应 的关键结论有哪些？","4.1 一级KIE的近似表达式

$$\frac{k_\mathrm{H}}{k_\mathrm{D}} = \exp\left(\frac{\Delta \mathrm{","化学原理 物理化学 同位素效应 rc_30d 化竞 同位素 反应机理","Chem::Core","[[同位素效应]]","30d","总结卡","同位素效应是指由于同位素质量不同而导致的物理性质或化学反应速率/平衡的差异。在有机反应机理研究中，同位素效应是判断决速步是否涉及某化学键断裂的关键证据。"
"同位素效应 有哪些常见易错点？","• 一级KIE的大小：室温下典型值 2 \sim 7，不是固定值
• 零点能差异的方向：轻同位素","化学原理 物理化学 同位素效应 rc_30d 化竞 同位素 反应机理","Chem::Core","[[同位素效应]]","30d","易错点卡","同位素效应是指由于同位素质量不同而导致的物理性质或化学反应速率/平衡的差异。在有机反应机理研究中，同位素效应是判断决速步是否涉及某化学键断裂的关键证据。"
"什么是密度公式？","密度（\rho）是单位体积物质的质量。在化学竞赛中，密度计算广泛应用于气体摩尔质量测定、溶液浓度换算、晶体结构分析等领域。","化学原理 化学计量 密度公式 rc_30d 化竞 基础要求 密度 气体定律","Chem::Core","[[密度公式]]","30d","概念卡","关键结论：
• [待补充]"
"密度公式 的关键结论有哪些？","• [待补充]","化学原理 化学计量 密度公式 rc_30d 化竞 基础要求 密度 气体定律","Chem::Core","[[密度公式]]","30d","总结卡","密度（\rho）是单位体积物质的质量。在化学竞赛中，密度计算广泛应用于气体摩尔质量测定、溶液浓度换算、晶体结构分析等领域。"
"密度公式 有哪些常见易错点？","• [待补充]","化学原理 化学计量 密度公式 rc_30d 化竞 基础要求 密度 气体定律","Chem::Core","[[密度公式]]","30d","易错点卡","密度（\rho）是单位体积物质的质量。在化学竞赛中，密度计算广泛应用于气体摩尔质量测定、溶液浓度换算、晶体结构分析等领域。"
"什么是对称性与配位构型？","对称性与配位构型研究过渡金属离子在不同配位几何（八面体、四面体、平面四方形等）中 d 轨道的能量分裂方式，以及由此决定的配合物几何构型偏好、对称性和稳定性。它是晶体场理论（CFT）在空间结构维度上的应用。","化学原理 结构与配位深化 配合物结构 对称性与配位构型 rc_30d 化竞 晶体场理论 配位化学 对称性 几何构型","Chem::Core","[[对称性与配位构型]]","30d","概念卡","关键结论：
• Δ_T ≈ (4/9)Δ_O 是核心定量关系，解释为什么四面体几乎总为高自旋。• 平面四方形是 d⁸ + 强场 + 大金属的专利：3d 金属需强场配体（CN⁻）才能稳定，4d/5d 金属天然倾向平面四方形。• d⁰、d⁵(HS)、d¹⁰ 是""结构惰性""组态：LFSE = 0，几何构型由位阻和配体偏好决定，不遵循晶体场预测。• Jahn-Teller 畸变是八面体对称性的""破坏者""：d⁹ 和高自旋 d⁴ 的配合物几乎永远不会是理想八面体。"
"对称性与配位构型 的关键结论有哪些？","• Δ_T ≈ (4/9)Δ_O 是核心定量关系，解释为什么四面体几乎总为高自旋。• 平面四方形是 d⁸ + 强场 + 大金属的专利：3d 金属需强场配体（CN⁻）才能稳定，4d/5d 金属天然倾向平面四方形。• d⁰、d⁵(HS)、d¹⁰ 是""结构惰性""组态：LFSE = 0，几何构型由位阻和配体偏好决定，不遵循晶体场预测。• Jahn-Teller 畸变是八面体对称性的""破坏者""：d⁹ 和高自旋 d⁴ 的配合物几乎永远不会是理想八面体。","化学原理 结构与配位深化 配合物结构 对称性与配位构型 rc_30d 化竞 晶体场理论 配位化学 对称性 几何构型","Chem::Core","[[对称性与配位构型]]","30d","总结卡","对称性与配位构型研究过渡金属离子在不同配位几何（八面体、四面体、平面四方形等）中 d 轨道的能量分裂方式，以及由此决定的配合物几何构型偏好、对称性和稳定性。它是晶体场理论（CFT）在空间结构维度上的应用。"
"对称性与配位构型 有哪些常见易错点？","• 四面体分裂方向记反：四面体中是 e < t₂（与八面体 t₂g < eg 相反），因为 e 轨道（dz²、dx²-y²）在四面体中指向配体之间。• Δ_T = 4/9 Δ₀ 只适用于相同金属-配体组合：不同配体的场强不同，比例关系仅作为近似。• 平面四方形不是八面体的简单拉伸：虽然可从八面体沿 z 轴去除 2 个配体想象，但实际分裂模式和能级顺序有本质区别。• Jahn-Teller 只适用于轨道简并基态：全充满或半充满对称的轨道（如 t₂g³、t₂g⁶、eg²、eg⁴）不发生畸变。","化学原理 结构与配位深化 配合物结构 对称性与配位构型 rc_30d 化竞 晶体场理论 配位化学 对称性 几何构型","Chem::Core","[[对称性与配位构型]]","30d","易错点卡","对称性与配位构型研究过渡金属离子在不同配位几何（八面体、四面体、平面四方形等）中 d 轨道的能量分裂方式，以及由此决定的配合物几何构型偏好、对称性和稳定性。它是晶体场理论（CFT）在空间结构维度上的应用。"
"什么是平衡常数？","对于反应 aA + bB \rightleftharpoons cC + dD：
K = \frac{[C]^c[D]^d}{[A]^a[B]^b} \quad (\text{平衡时})","化学原理 化学平衡 平衡常数 rc_30d 化竞","Chem::Core","[[平衡常数]]","30d","概念卡","关键结论：
各类平衡常数
 |  平衡类型  |  符号  |  说明  | 
 | ------ | :---: | ------ | 
 |  酸碱解离  |  K_a, K_b  |  酸/碱强度  | 
 |  水的离子积  |  K_w  |  1.0\times10^{-14} (25°C)  | 
 |  溶度积  |  K_{sp}  |  难溶盐的溶解平衡  | 
 |  稳定常数  |  K_f（或 \beta） |  配合物形成  | 
 |  配位累积常数  |  \beta_n  |  逐级配位  | 

Le Châtelier 原理
平衡体系受到外界扰动时，平衡向减弱扰动的方向移动。

 |  扰动  |  平衡移动  |  对 K 的影响  | 
 | ------ | ------ | :---: | 
 |  增加反应物浓度  |  →  |  不变  | 
 |  增加产物浓度  |  ←  |  不变  | 
 |  升温（吸热 ΔH>0）  |  →  |  ↑  | 
 |  升温（放热 ΔH<0）  |  ←  |  ↓  | 
 |  增压（气体分子数↓方向）  |  → 气体少的一方  |  不变  | 
 |  催化剂  |  不移动（等速加速正逆）  |  不变  | 

书写平衡常数表达式的注意事项
• 必须与化学方程式对应。同一反应化学方程式写法不同，K 的数值不同，但含义相同。例如：
• \mathrm{N_2O_4 \rightleftharpoons 2NO_2}，K = 0.36 (373 K)
• \frac{1}{2}\mathrm{N_2O_4 \rightleftharpoons NO_2}，K' = \sqrt{0.36} = 0.60
• 2\mathrm{NO_2 \rightleftharpoons N_2O_4}，K'' = 1/0.36 = 2.8
• K_c 与 K_p 的换算：对于气相反应 K_p = K_c(RT)^{\Delta n}，其中 \Delta n = 生成物气体系数和 - 反应物气体系数和。例如 2\mathrm{SO_2 + O_2 \rightleftharpoons 2SO_3} 在 1000 K、K_p = 3.46 时，K_c = K_p(RT)^{-\Delta n} = 3.46 \times (0.0831 \times 1000)^1 = 288。
• 多相平衡中固相不写入。纯固体和纯液体的活度为 1：
• \mathrm{CaCO_3(s) \rightleftharpoons CaO(s) + CO_2(g)}，K_p = p(\mathrm{CO_2})
• \mathrm{Fe_2O_3(s) + 3CO(g) \rightleftharpoons 2Fe(s) + 3CO_2(g)}，K_p = \frac{p^3(\mathrm{CO_2})}{p^3(\mathrm{CO})}
• 稀溶液中溶剂不写入。如 HAc 电离：K = \frac{[\mathrm{H_3O^+}][\mathrm{Ac^-}]}{[\mathrm{HAc}]}，[\mathrm{H_2O}] 视为常数并入 K。
• 平衡常数是温度的函数。HAc 电离：K = 1.8 \times 10^{-5} (298 K)，1.7 \times 10^{-5} (273 K)；\mathrm{N_2O_4} 分解：K = 0.36 (373 K)，3.2 (423 K)。水溶液反应（如 HAc 电离、AgCl 沉淀）在室温范围内 K 随温度变化很小，可不注明温度。

多重平衡规则
若反应 ③ = ① + ②，则 \Delta G_3^{\ominus} = \Delta G_1^{\ominus} + \Delta G_2^{\ominus}，从而：
K_1 \times K_2 = K_3

示例：\mathrm{SO_2 + \frac{1}{2}O_2 \rightleftharpoons SO_3} (K_1 = 3 \times 10^{12})，\mathrm{NO_2 \rightleftharpoons NO + \frac{1}{2}O_2} (K_2 = 6.3 \times 10^{-7})，则 \mathrm{SO_2 + NO_2 \rightleftharpoons SO_3 + NO} 的 K_3 = K_1 \times K_2 = 1.9 \times 10^6。

又如 \mathrm{CoO(s) + H_2(g) \rightleftharpoons Co(s) + H_2O(g)} (K_2 = 67, 823 K)，\mathrm{CO_2 + H_2 \rightleftharpoons CO + H_2O} (K_1 = 0.14)，则 \mathrm{CoO + CO \rightleftharpoons Co + CO_2} 的 K_3 = K_2/K_1 = 4.8 \times 10^2。

平衡常数与转化率的关系
平衡常数 K 与转化率 \alpha 是两个不同概念：
• K 在给定温度下为常数，与起始浓度无关
• \alpha 随起始浓度变化而变化
• 示例：乙醇 + 醋酸酯化反应 (373 K)，无论起始浓度如何，K 恒为 4.0，但各反应物的转化率可以不同（67%、83%、42% 等）"
"平衡常数 的关键结论有哪些？","各类平衡常数
 |  平衡类型  |  符号  |  说明  | 
 | ------ | :---: | ------ | 
 |  酸碱解离  |  K_a, K_b  |  酸/碱强度  | 
 |  水的离子积  |  K_w  |  1.0\times10^{-14} (25°C)  | 
 |  溶度积  |  K_{sp}  |  难溶盐的溶解平衡  | 
 |  稳定常数  |  K_f（或 \beta） |  配合物形成  | 
 |  配位累积常数  |  \beta_n  |  逐级配位  | 

Le Châtelier 原理
平衡体系受到外界扰动时，平衡向减弱扰动的方向移动。

 |  扰动  |  平衡移动  |  对 K 的影响  | 
 | ------ | ------ | :---: | 
 |  增加反应物浓度  |  →  |  不变  | 
 |  增加产物浓度  |  ←  |  不变  | 
 |  升温（吸热 ΔH>0）  |  →  |  ↑  | 
 |  升温（放热 ΔH<0）  |  ←  |  ↓  | 
 |  增压（气体分子数↓方向）  |  → 气体少的一方  |  不变  | 
 |  催化剂  |  不移动（等速加速正逆）  |  不变  | 

书写平衡常数表达式的注意事项
• 必须与化学方程式对应。同一反应化学方程式写法不同，K 的数值不同，但含义相同。例如：
• \mathrm{N_2O_4 \rightleftharpoons 2NO_2}，K = 0.36 (373 K)
• \frac{1}{2}\mathrm{N_2O_4 \rightleftharpoons NO_2}，K' = \sqrt{0.36} = 0.60
• 2\mathrm{NO_2 \rightleftharpoons N_2O_4}，K'' = 1/0.36 = 2.8
• K_c 与 K_p 的换算：对于气相反应 K_p = K_c(RT)^{\Delta n}，其中 \Delta n = 生成物气体系数和 - 反应物气体系数和。例如 2\mathrm{SO_2 + O_2 \rightleftharpoons 2SO_3} 在 1000 K、K_p = 3.46 时，K_c = K_p(RT)^{-\Delta n} = 3.46 \times (0.0831 \times 1000)^1 = 288。
• 多相平衡中固相不写入。纯固体和纯液体的活度为 1：
• \mathrm{CaCO_3(s) \rightleftharpoons CaO(s) + CO_2(g)}，K_p = p(\mathrm{CO_2})
• \mathrm{Fe_2O_3(s) + 3CO(g) \rightleftharpoons 2Fe(s) + 3CO_2(g)}，K_p = \frac{p^3(\mathrm{CO_2})}{p^3(\mathrm{CO})}
• 稀溶液中溶剂不写入。如 HAc 电离：K = \frac{[\mathrm{H_3O^+}][\mathrm{Ac^-}]}{[\mathrm{HAc}]}，[\mathrm{H_2O}] 视为常数并入 K。
• 平衡常数是温度的函数。HAc 电离：K = 1.8 \times 10^{-5} (298 K)，1.7 \times 10^{-5} (273 K)；\mathrm{N_2O_4} 分解：K = 0.36 (373 K)，3.2 (423 K)。水溶液反应（如 HAc 电离、AgCl 沉淀）在室温范围内 K 随温度变化很小，可不注明温度。

多重平衡规则
若反应 ③ = ① + ②，则 \Delta G_3^{\ominus} = \Delta G_1^{\ominus} + \Delta G_2^{\ominus}，从而：
K_1 \times K_2 = K_3

示例：\mathrm{SO_2 + \frac{1}{2}O_2 \rightleftharpoons SO_3} (K_1 = 3 \times 10^{12})，\mathrm{NO_2 \rightleftharpoons NO + \frac{1}{2}O_2} (K_2 = 6.3 \times 10^{-7})，则 \mathrm{SO_2 + NO_2 \rightleftharpoons SO_3 + NO} 的 K_3 = K_1 \times K_2 = 1.9 \times 10^6。

又如 \mathrm{CoO(s) + H_2(g) \rightleftharpoons Co(s) + H_2O(g)} (K_2 = 67, 823 K)，\mathrm{CO_2 + H_2 \rightleftharpoons CO + H_2O} (K_1 = 0.14)，则 \mathrm{CoO + CO \rightleftharpoons Co + CO_2} 的 K_3 = K_2/K_1 = 4.8 \times 10^2。

平衡常数与转化率的关系
平衡常数 K 与转化率 \alpha 是两个不同概念：
• K 在给定温度下为常数，与起始浓度无关
• \alpha 随起始浓度变化而变化
• 示例：乙醇 + 醋酸酯化反应 (373 K)，无论起始浓度如何，K 恒为 4.0，但各反应物的转化率可以不同（67%、83%、42% 等）","化学原理 化学平衡 平衡常数 rc_30d 化竞","Chem::Core","[[平衡常数]]","30d","总结卡","对于反应 aA + bB \rightleftharpoons cC + dD：
K = \frac{[C]^c[D]^d}{[A]^a[B]^b} \quad (\text{平衡时})"
"平衡常数 有哪些常见易错点？","• ❌ 错： 平衡常数表达式中包含固体或纯液体 → 纯固/液体活度为 1，不出现
• ❌ 错： 混淆 K 和 Q → K 是平衡状态的属性，Q 是任意时刻的状态函数
• ❌ 错： 温度变化后仍用原来的 K → 必须用 van't Hoff 方程重新计算
• ❌ 错： 认为 K 大反应就快 → K 是热力学量，与速率无关
• ❌ 错： 酸碱平衡计算中混淆 Ka 和 pKa → pKa = −lg Ka；酸越强 pKa 越小
• ❌ 错： K_c 和 K_p 混用不转换 → 注意用 K_p = K_c(RT)^{\Delta n} 换算","化学原理 化学平衡 平衡常数 rc_30d 化竞","Chem::Core","[[平衡常数]]","30d","易错点卡","对于反应 aA + bB \rightleftharpoons cC + dD：
K = \frac{[C]^c[D]^d}{[A]^a[B]^b} \quad (\text{平衡时})"
"什么是扩散动力学？","扩散动力学是研究物质因浓度梯度驱动而发生宏观迁移的动力学分支。扩散是溶液中分子/离子由于热运动导致的从高浓度区域向低浓度区域的净迁移过程。在化学动力学中，扩散过程与化学反应过程的竞争决定了反应是受扩散控制还是动力学控制。","化学原理 化学动力学 扩散动力学 rc_30d 化竞 扩散 溶液反应","Chem::Core","[[扩散动力学]]","30d","概念卡",""
"扩散动力学 有哪些常见易错点？","• 扩散系数单位混淆：
• SI单位：\mathrm{m^2\cdot s^{-1}}
• 常用单位：\mathrm{cm^2\cdot s^{-1}}（1\ \mathrm{cm^2\cdot s^{-1}} = 10^{-4}\ \mathrm{m^2\cdot s^{-1}}）
• 注意区分 D 与速率常数 k 的单位
• Stokes-Einstein关系的适用条件：
• 仅适用于球形粒子在连续介质中的扩散
• 非球形分子（如蛋白质、DNA）需引入形状因子修正
• 纳米粒子在稀溶液中适用，高浓度时粒子间相互作用不可忽略
• 扩散控制 vs 快速反应：
• 扩散控制反应一定是快速反应，但快速反应不一定是扩散控制
• 判断标准：k_{obs} 是否接近 k_d（约 10^9\ \mathrm{M^{-1}\cdot s^{-1}} 量级）","化学原理 化学动力学 扩散动力学 rc_30d 化竞 扩散 溶液反应","Chem::Core","[[扩散动力学]]","30d","易错点卡","扩散动力学是研究物质因浓度梯度驱动而发生宏观迁移的动力学分支。扩散是溶液中分子/离子由于热运动导致的从高浓度区域向低浓度区域的净迁移过程。在化学动力学中，扩散过程与化学反应过程的竞争决定了反应是受扩散控制还是动力学控制。"
"什么是摩尔电导率？","摩尔电导率（Λₘ） 是衡量电解质溶液导电能力的量，定义为 溶液的电导率（κ）除以电解质浓度（c）：","化学原理 电化学 摩尔电导率 rc_90d 化竞 电导率 电解质","Chem::Review","[[摩尔电导率]]","90d","概念卡",""
"什么是方程式书写？","化学方程式是用化学式表示化学反应的式子，它不仅反映了反应物和生成物的种类，还体现了它们之间的定量关系（原子守恒、电荷守恒、质量守恒）。竞赛中方程式书写要求准确、规范，是解答计算题和推断题的基础。","化学原理 化学计量 方程式书写 rc_30d 化竞 基础要求 方程式 配平","Chem::Core","[[方程式书写]]","30d","概念卡","关键结论：
• [待补充]"
"方程式书写 的关键结论有哪些？","• [待补充]","化学原理 化学计量 方程式书写 rc_30d 化竞 基础要求 方程式 配平","Chem::Core","[[方程式书写]]","30d","总结卡","化学方程式是用化学式表示化学反应的式子，它不仅反映了反应物和生成物的种类，还体现了它们之间的定量关系（原子守恒、电荷守恒、质量守恒）。竞赛中方程式书写要求准确、规范，是解答计算题和推断题的基础。"
"方程式书写 有哪些常见易错点？","• [待补充]","化学原理 化学计量 方程式书写 rc_30d 化竞 基础要求 方程式 配平","Chem::Core","[[方程式书写]]","30d","易错点卡","化学方程式是用化学式表示化学反应的式子，它不仅反映了反应物和生成物的种类，还体现了它们之间的定量关系（原子守恒、电荷守恒、质量守恒）。竞赛中方程式书写要求准确、规范，是解答计算题和推断题的基础。"
"什么是晶体场理论？","晶体场理论（CFT）：将配体视为点电荷/点偶极，中心金属的 d 轨道在配体静电场作用下发生能级分裂。这是一种纯静电模型。","化学原理 配位化学 晶体场理论 rc_30d 化竞 决赛 晶体场","Chem::Core","[[晶体场理论]]","30d","概念卡","关键结论：
光谱化学序列（配体场强）
\mathrm{I}^- < \mathrm{Br}^- < \mathrm{Cl}^- < \mathrm{F}^- < \mathrm{OH}^- < \mathrm{C_2O_4^{2-}} < \mathrm{H_2O} < \mathrm{SCN}^- < \mathrm{NH_3} < \mathrm{en} < \mathrm{SO_3^{2-}} < o\text{-phen} < \mathrm{NO_2^-} < \mathrm{CN}^-, \mathrm{CO}

（资料来源：《普通化学原理 第4版》14.5.1 节）
• 弱场配体（\mathrm{I^-} 到 \mathrm{F^-}）：\Delta_o 小 → 高自旋
• 中等强场（\mathrm{H_2O}、\mathrm{NH_3} 等）：\Delta_o 中等
• 强场配体（\mathrm{NO_2^-}、\mathrm{CN}^-、CO）：\Delta_o 大 → 低自旋
• 大体以水和 \mathrm{NH_3} 为分界。对不同的中心离子，顺序略有差异。

分裂能的变化规律：
• 同一过渡系列：中心离子电荷越高、半径越大 → \Delta 越大
• 周期趋势：第二过渡系列比第一过渡系列 \Delta 大 40\%\!\sim\!50\%，第三过渡系列又比第二过渡系列大 20\%\!\sim\!25\%

高自旋 vs 低自旋
• \Delta_o > P（配对能）→ 低自旋（LS）
• \Delta_o < P → 高自旋（HS）
• 3d 金属：配体决定；4d/5d 金属：几乎总是低自旋（\Delta_o 更大）

CFSE（晶体场稳定化能）
• t_{2g} 每电子稳定 -0.4\Delta_o
• e_g 每电子不稳定 +0.6\Delta_o
• 实例：[Fe(H₂O)₆]²⁺ (HS d⁶) CFSE = −0.4Δo，[Fe(CN)₆]⁴⁻ (LS d⁶) CFSE = −2.4Δo"
"晶体场理论 的关键结论有哪些？","光谱化学序列（配体场强）
\mathrm{I}^- < \mathrm{Br}^- < \mathrm{Cl}^- < \mathrm{F}^- < \mathrm{OH}^- < \mathrm{C_2O_4^{2-}} < \mathrm{H_2O} < \mathrm{SCN}^- < \mathrm{NH_3} < \mathrm{en} < \mathrm{SO_3^{2-}} < o\text{-phen} < \mathrm{NO_2^-} < \mathrm{CN}^-, \mathrm{CO}

（资料来源：《普通化学原理 第4版》14.5.1 节）
• 弱场配体（\mathrm{I^-} 到 \mathrm{F^-}）：\Delta_o 小 → 高自旋
• 中等强场（\mathrm{H_2O}、\mathrm{NH_3} 等）：\Delta_o 中等
• 强场配体（\mathrm{NO_2^-}、\mathrm{CN}^-、CO）：\Delta_o 大 → 低自旋
• 大体以水和 \mathrm{NH_3} 为分界。对不同的中心离子，顺序略有差异。

分裂能的变化规律：
• 同一过渡系列：中心离子电荷越高、半径越大 → \Delta 越大
• 周期趋势：第二过渡系列比第一过渡系列 \Delta 大 40\%\!\sim\!50\%，第三过渡系列又比第二过渡系列大 20\%\!\sim\!25\%

高自旋 vs 低自旋
• \Delta_o > P（配对能）→ 低自旋（LS）
• \Delta_o < P → 高自旋（HS）
• 3d 金属：配体决定；4d/5d 金属：几乎总是低自旋（\Delta_o 更大）

CFSE（晶体场稳定化能）
• t_{2g} 每电子稳定 -0.4\Delta_o
• e_g 每电子不稳定 +0.6\Delta_o
• 实例：[Fe(H₂O)₆]²⁺ (HS d⁶) CFSE = −0.4Δo，[Fe(CN)₆]⁴⁻ (LS d⁶) CFSE = −2.4Δo","化学原理 配位化学 晶体场理论 rc_30d 化竞 决赛 晶体场","Chem::Core","[[晶体场理论]]","30d","总结卡","晶体场理论（CFT）：将配体视为点电荷/点偶极，中心金属的 d 轨道在配体静电场作用下发生能级分裂。这是一种纯静电模型。"
"晶体场理论 有哪些常见易错点？","• ❌ 错： 混淆 CFSE 公式的正负号 → t_{2g}: −0.4Δo, e_g: +0.6Δo（记住：t_{2g} 降低能量，e_g 升高能量）
• ❌ 错： LS 的 CFSE 忘记加配对能项 → LS 比 HS 多出的配对电子对需要额外能量
• ❌ 错： 将四面体场的 d 轨道符号写成 e_g/t_{2g} → Td 中无对称中心，记作 e 和 t₂
• ❌ 错： 认为所有 d⁴-d⁷ 都有 HS/LS 之分 → 4d 和 5d 金属几乎总是 LS（Δo 足够大）
• ❌ 错： Δo = 10 Dq 中的 Dq 不是 Δo 的 1/10 → Dq 是配体场分裂参数，Oh 中 Δo = 10 Dq","化学原理 配位化学 晶体场理论 rc_30d 化竞 决赛 晶体场","Chem::Core","[[晶体场理论]]","30d","易错点卡","晶体场理论（CFT）：将配体视为点电荷/点偶极，中心金属的 d 轨道在配体静电场作用下发生能级分裂。这是一种纯静电模型。"
"什么是有效数字？","有效数字（Significant Figures）：测量值中所有确定的数字加上一位估计的不确定数字。有效数字的位数直接反映测量仪器的精度。","化学原理 基础计算 有效数字 rc_30d 化竞","Chem::Core","[[有效数字]]","30d","概念卡","关键结论：
加减运算规则
以小数点后位数最少的数据为基准，结果的小数位数与之对齐。

\text{规则：结果的小数位数} = \min\{\text{各数据的小数位数}\}

例：25.37 + 1.2 + 0.056 = 26.626 \to 26.6（以一位小数的 1.2 为准）

乘除运算规则
以有效数字位数最少的数据为基准，结果的有效数字位数与之相同。

\text{规则：结果的有效位数} = \min\{\text{各数据的有效位数}\}

例：25.37 \times 1.2 \times 0.056 = 1.702 \to 1.7（以 2 位有效数字的 1.2 为准）

混合运算
按运算顺序分步处理，中间结果可多保留 1 位以减少累计舍入误差，最终结果按规则取位。

对数运算
• \lg(2.0 \times 10^{-3}) = -2.70，其中首数""-2""不是有效数字，尾数""0.70""的位数与真数的有效位数相同"
"有效数字 的关键结论有哪些？","加减运算规则
以小数点后位数最少的数据为基准，结果的小数位数与之对齐。

\text{规则：结果的小数位数} = \min\{\text{各数据的小数位数}\}

例：25.37 + 1.2 + 0.056 = 26.626 \to 26.6（以一位小数的 1.2 为准）

乘除运算规则
以有效数字位数最少的数据为基准，结果的有效数字位数与之相同。

\text{规则：结果的有效位数} = \min\{\text{各数据的有效位数}\}

例：25.37 \times 1.2 \times 0.056 = 1.702 \to 1.7（以 2 位有效数字的 1.2 为准）

混合运算
按运算顺序分步处理，中间结果可多保留 1 位以减少累计舍入误差，最终结果按规则取位。

对数运算
• \lg(2.0 \times 10^{-3}) = -2.70，其中首数""-2""不是有效数字，尾数""0.70""的位数与真数的有效位数相同","化学原理 基础计算 有效数字 rc_30d 化竞","Chem::Core","[[有效数字]]","30d","总结卡","有效数字（Significant Figures）：测量值中所有确定的数字加上一位估计的不确定数字。有效数字的位数直接反映测量仪器的精度。"
"有效数字 有哪些常见易错点？","• 混淆加减与乘除的取位规则：这是最常见的错误
• 误将整数末尾零认定为有效数字：2500 必须用科学记数法明确位数
• 忽略""精确数字""的特殊性：如换算因子 \mathrm{1\ L = 1000\ cm^3} 的 1000 有无限多位有效数字
• 中间计算过早取位导致累计误差：应在最后一步才取位
• pH 等对数值的有效数字处理错误：误将 pH = 4.62 当作 3 位有效数字
• 直接将计算器显示的所有数字抄为答案：计算器不区分有效数字","化学原理 基础计算 有效数字 rc_30d 化竞","Chem::Core","[[有效数字]]","30d","易错点卡","有效数字（Significant Figures）：测量值中所有确定的数字加上一位估计的不确定数字。有效数字的位数直接反映测量仪器的精度。"
"什么是杂化轨道理论？","杂化轨道理论：原子在形成分子时，同一原子中能量相近的不同类型原子轨道可以""混合""重组，形成一组能量和形状完全相同的新轨道——杂化轨道，再与其他原子的轨道重叠成键。","无机和结构化学 化学原理 分子结构 杂化轨道理论 rc_30d 化竞","Chem::Core","[[杂化轨道理论]]","30d","概念卡","关键结论：
sp³ 杂化
 |  属性  |  说明  | 
 | ------ | ------ | 
 |  参与轨道  |  1 个 s + 3 个 p  | 
 |  杂化轨道数  |  4  | 
 |  s 成分  |  25%（1/4）  | 
 |  空间构型  |  正四面体  | 
 |  键角  |  109.5°  | 
 |  实例  |  CH₄, NH₃, H₂O, NH₄⁺  | 
 |  在有机中  |  烷烃碳、醇的氧、胺的氮  | 

sp² 杂化
 |  属性  |  说明  | 
 | ------ | ------ | 
 |  参与轨道  |  1 个 s + 2 个 p  | 
 |  杂化轨道数  |  3  | 
 |  s 成分  |  33.3%（1/3）  | 
 |  空间构型  |  平面三角形  | 
 |  键角  |  ~120°  | 
 |  实例  |  BF₃, SO₃, C₂H₄  | 
 |  在有机中  |  烯烃碳、芳环碳、羰基碳  | 
 |  剩余 p 轨道  |  形成 π 键  | 

sp 杂化
 |  属性  |  说明  | 
 | ------ | ------ | 
 |  参与轨道  |  1 个 s + 1 个 p  | 
 |  杂化轨道数  |  2  | 
 |  s 成分  |  50%（1/2）  | 
 |  空间构型  |  直线形  | 
 |  键角  |  180°  | 
 |  实例  |  BeCl₂, CO₂, C₂H₂  | 
 |  在有机中  |  炔烃碳、累积双键的中心碳  | 
 |  剩余 p 轨道  |  2 个，可形成 2 个 π 键或 1 组累积双键  | 

含 d 轨道的杂化（竞赛重点）
 |  杂化类型  |  轨道组成  |  构型  |  实例  | 
 | ------ | ------ | ------ | ------ | 
 |  sp³d  |  s + 3p + 1d  |  三角双锥  |  PCl₅  | 
 |  sp³d²  |  s + 3p + 2d  |  八面体  |  SF₆, [Fe(CN)₆]⁴⁻  | 
 |  dsp²  |  d + s + 2p  |  平面正方形  |  [PtCl₄]²⁻, [Ni(CN)₄]²⁻  |"
"杂化轨道理论 的关键结论有哪些？","sp³ 杂化
 |  属性  |  说明  | 
 | ------ | ------ | 
 |  参与轨道  |  1 个 s + 3 个 p  | 
 |  杂化轨道数  |  4  | 
 |  s 成分  |  25%（1/4）  | 
 |  空间构型  |  正四面体  | 
 |  键角  |  109.5°  | 
 |  实例  |  CH₄, NH₃, H₂O, NH₄⁺  | 
 |  在有机中  |  烷烃碳、醇的氧、胺的氮  | 

sp² 杂化
 |  属性  |  说明  | 
 | ------ | ------ | 
 |  参与轨道  |  1 个 s + 2 个 p  | 
 |  杂化轨道数  |  3  | 
 |  s 成分  |  33.3%（1/3）  | 
 |  空间构型  |  平面三角形  | 
 |  键角  |  ~120°  | 
 |  实例  |  BF₃, SO₃, C₂H₄  | 
 |  在有机中  |  烯烃碳、芳环碳、羰基碳  | 
 |  剩余 p 轨道  |  形成 π 键  | 

sp 杂化
 |  属性  |  说明  | 
 | ------ | ------ | 
 |  参与轨道  |  1 个 s + 1 个 p  | 
 |  杂化轨道数  |  2  | 
 |  s 成分  |  50%（1/2）  | 
 |  空间构型  |  直线形  | 
 |  键角  |  180°  | 
 |  实例  |  BeCl₂, CO₂, C₂H₂  | 
 |  在有机中  |  炔烃碳、累积双键的中心碳  | 
 |  剩余 p 轨道  |  2 个，可形成 2 个 π 键或 1 组累积双键  | 

含 d 轨道的杂化（竞赛重点）
 |  杂化类型  |  轨道组成  |  构型  |  实例  | 
 | ------ | ------ | ------ | ------ | 
 |  sp³d  |  s + 3p + 1d  |  三角双锥  |  PCl₅  | 
 |  sp³d²  |  s + 3p + 2d  |  八面体  |  SF₆, [Fe(CN)₆]⁴⁻  | 
 |  dsp²  |  d + s + 2p  |  平面正方形  |  [PtCl₄]²⁻, [Ni(CN)₄]²⁻  |","无机和结构化学 化学原理 分子结构 杂化轨道理论 rc_30d 化竞","Chem::Core","[[杂化轨道理论]]","30d","总结卡","杂化轨道理论：原子在形成分子时，同一原子中能量相近的不同类型原子轨道可以""混合""重组，形成一组能量和形状完全相同的新轨道——杂化轨道，再与其他原子的轨道重叠成键。"
"杂化轨道理论 有哪些常见易错点？","• ❌ 错： 认为杂化类型只能通过分子式直接判断 → 必须先用 VSEPR 确定电子对数
• ❌ 错： 把 sp³d 和 dsp³ 混为一谈 → 涉及的外层/内层 d 轨道不同
• ❌ 错： 忘记配位键中配位原子也参与杂化（如 CO 中 C 是 sp，O 也是 sp）
• ❌ 错： 认为杂化轨道的 s/p 比严格等于名义值 → 实际会因 Bent 规则偏移","无机和结构化学 化学原理 分子结构 杂化轨道理论 rc_30d 化竞","Chem::Core","[[杂化轨道理论]]","30d","易错点卡","杂化轨道理论：原子在形成分子时，同一原子中能量相近的不同类型原子轨道可以""混合""重组，形成一组能量和形状完全相同的新轨道——杂化轨道，再与其他原子的轨道重叠成键。"
"什么是标准态？","标准态是热力学中选定的参照状态，用来定义 \Delta H^\circ、\Delta G^\circ、K^\circ 等量。","化学原理 热力学 标准态 rc_30d 化竞","Chem::Core","[[标准态]]","30d","概念卡","关键结论：
• 标准态不等于 STP。
• 标准态主要服务于带“°”的热力学量与平衡常数。
• 标准态本身不固定温度，温度需另行注明。"
"标准态 的关键结论有哪些？","• 标准态不等于 STP。
• 标准态主要服务于带“°”的热力学量与平衡常数。
• 标准态本身不固定温度，温度需另行注明。","化学原理 热力学 标准态 rc_30d 化竞","Chem::Core","[[标准态]]","30d","总结卡","标准态是热力学中选定的参照状态，用来定义 \Delta H^\circ、\Delta G^\circ、K^\circ 等量。"
"什么是标准生成焓？","标准生成焓 ΔfH°：在标准态下，由稳定单质生成 1 mol 化合物时的焓变。","化学原理 热力学 标准生成焓 rc_30d 化竞","Chem::Core","[[标准生成焓]]","30d","概念卡","关键结论：
• 稳定态单质的 \Delta_f H^\circ \equiv 0（定义）。
• 一种元素若有多种同素异形体，只有最稳定形态的 \Delta_f H^\circ = 0：
• \mathrm{C(石墨)}: \Delta_f H^\circ = 0；\mathrm{C(金刚石)}: \Delta_f H^\circ = +1.9\ \mathrm{kJ \cdot mol^{-1}}
• \mathrm{P(白磷)}: \Delta_f H^\circ = 0；\mathrm{P(红磷)}: \Delta_f H^\circ = -17.6\ \mathrm{kJ \cdot mol^{-1}}
• \mathrm{O_2(g)}: \Delta_f H^\circ = 0；\mathrm{O_3(g)}: \Delta_f H^\circ = +143\ \mathrm{kJ \cdot mol^{-1}}
• 反应焓变通式（式 5.9）：
   \Delta_{\mathrm{r}}H_{\mathrm{m}}^{\ominus} = \sum \nu_i \Delta_{\mathrm{f}}H_{\mathrm{m}}^{\ominus}(\text{生成物}) - \sum \nu_i \Delta_{\mathrm{f}}H_{\mathrm{m}}^{\ominus}(\text{反应物})
   式中 \nu_i 为化学计量系数。
• \Delta H 与物质的量成正比。书写热化学方程式时须注明物态（g/l/s/aq），因为状态变化伴随焓变：
• \mathrm{H_2(g) + \frac{1}{2}O_2(g) \longrightarrow H_2O(l)} \quad \Delta H^\circ = -286\ \mathrm{kJ \cdot mol^{-1}}
• \mathrm{H_2(g) + \frac{1}{2}O_2(g) \longrightarrow H_2O(g)} \quad \Delta H^\circ = -242\ \mathrm{kJ \cdot mol^{-1}}
• 差值 44\ \mathrm{kJ \cdot mol^{-1}} 恰为水的摩尔气化热。"
"标准生成焓 的关键结论有哪些？","• 稳定态单质的 \Delta_f H^\circ \equiv 0（定义）。
• 一种元素若有多种同素异形体，只有最稳定形态的 \Delta_f H^\circ = 0：
• \mathrm{C(石墨)}: \Delta_f H^\circ = 0；\mathrm{C(金刚石)}: \Delta_f H^\circ = +1.9\ \mathrm{kJ \cdot mol^{-1}}
• \mathrm{P(白磷)}: \Delta_f H^\circ = 0；\mathrm{P(红磷)}: \Delta_f H^\circ = -17.6\ \mathrm{kJ \cdot mol^{-1}}
• \mathrm{O_2(g)}: \Delta_f H^\circ = 0；\mathrm{O_3(g)}: \Delta_f H^\circ = +143\ \mathrm{kJ \cdot mol^{-1}}
• 反应焓变通式（式 5.9）：
   \Delta_{\mathrm{r}}H_{\mathrm{m}}^{\ominus} = \sum \nu_i \Delta_{\mathrm{f}}H_{\mathrm{m}}^{\ominus}(\text{生成物}) - \sum \nu_i \Delta_{\mathrm{f}}H_{\mathrm{m}}^{\ominus}(\text{反应物})
   式中 \nu_i 为化学计量系数。
• \Delta H 与物质的量成正比。书写热化学方程式时须注明物态（g/l/s/aq），因为状态变化伴随焓变：
• \mathrm{H_2(g) + \frac{1}{2}O_2(g) \longrightarrow H_2O(l)} \quad \Delta H^\circ = -286\ \mathrm{kJ \cdot mol^{-1}}
• \mathrm{H_2(g) + \frac{1}{2}O_2(g) \longrightarrow H_2O(g)} \quad \Delta H^\circ = -242\ \mathrm{kJ \cdot mol^{-1}}
• 差值 44\ \mathrm{kJ \cdot mol^{-1}} 恰为水的摩尔气化热。","化学原理 热力学 标准生成焓 rc_30d 化竞","Chem::Core","[[标准生成焓]]","30d","总结卡","标准生成焓 ΔfH°：在标准态下，由稳定单质生成 1 mol 化合物时的焓变。"
"什么是标准电极电势？","标准电极电势 E°：在标准态（25°C，各物种活度为 1，气体分压 1 bar）下，以标准氢电极（SHE）为参比（E° = 0 V），测得的各电极的还原电势。","化学原理 电化学 标准电极电势 rc_30d 化竞","Chem::Core","[[标准电极电势]]","30d","概念卡","关键结论：
教材表10.1——水溶液中标准电极电势 E^{\ominus} (298 K)

 |  氧化态/还原态  |  电极反应  |  E^{\ominus} / V  | 
 | ------ | ------ | :---: | 
 |  Li⁺/Li  |  Li⁺ + e⁻ ⇌ Li  |  −3.04  | 
 |  K⁺/K  |  K⁺ + e⁻ ⇌ K  |  −2.93  | 
 |  Na⁺/Na  |  Na⁺ + e⁻ ⇌ Na  |  −2.71  | 
 |  Mg²⁺/Mg  |  Mg²⁺ + 2e⁻ ⇌ Mg  |  −2.37  | 
 |  Al³⁺/Al  |  Al³⁺ + 3e⁻ ⇌ Al  |  −1.66  | 
 |"
"标准电极电势 的关键结论有哪些？","教材表10.1——水溶液中标准电极电势 E^{\ominus} (298 K)

 |  氧化态/还原态  |  电极反应  |  E^{\ominus} / V  | 
 | ------ | ------ | :---: | 
 |  Li⁺/Li  |  Li⁺ + e⁻ ⇌ Li  |  −3.04  | 
 |  K⁺/K  |  K⁺ + e⁻ ⇌ K  |  −2.93  | 
 |  Na⁺/Na  |  Na⁺ + e⁻ ⇌ Na  |  −2.71  | 
 |  Mg²⁺/Mg  |  Mg²⁺ + 2e⁻ ⇌ Mg  |  −2.37  | 
 |  Al³⁺/Al  |  Al³⁺ + 3e⁻ ⇌ Al  |  −1.66  | 
 |","化学原理 电化学 标准电极电势 rc_30d 化竞","Chem::Core","[[标准电极电势]]","30d","总结卡","标准电极电势 E°：在标准态（25°C，各物种活度为 1，气体分压 1 bar）下，以标准氢电极（SHE）为参比（E° = 0 V），测得的各电极的还原电势。"
"什么是标态？","标态（标准状况，Standard Temperature and Pressure, STP）：在气体计算中规定的参考状态。","化学原理 气体 标态 rc_30d 化竞 标况 摩尔体积","Chem::Core","[[标态]]","30d","概念卡","关键结论：
标态下常见气体摩尔体积修正（实验值）
 |  气体  |  实验 V_m（L/mol）  |  与 22.4 偏差  | 
 | :---: | :---: | :---: | 
 |  H₂  |  22.426  |  +0.03%  | 
 |  He  |  22.434  |  +0.07%  | 
 |  N₂  |  22.404  |  -0.04%  | 
 |  O₂  |  22.392  |  -0.10%  | 
 |  CO₂  |  22.262  |  -0.61%  | 
 |  NH₃  |  22.094  |  -1.4%  | 
 |  CO  |  22.402  |  -0.05%  | 

大多数小分子在标态下偏差 < 1%；CO₂、NH₃ 等极性大或易液化分子偏差稍大。

标态计算公式
摩尔体积：
V_m = \frac{V}{n} = 22.4 \text{ L/mol（旧 STP）}

物质的量与体积：
n = \frac{V_{STP}}{22.4} = \frac{m}{M}

气体密度：
\rho = \frac{M}{V_m} = \frac{M}{22.4} \text{ g/L（STP，旧）}

不同标态规定的对照
 |  规定  |  年份  |  T  |  p  |  摩尔体积  | 
 | --- | :---: | :---: | :---: | :---: | 
 |  旧 IUPAC / 中国中学  |  1982 前  |  0 °C  |  101.325 kPa  |  22.4 L/mol  | 
 |  新 IUPAC（化学）  |  1982 后  |  0 °C  |  100 kPa  |  22.7 L/mol  | 
 |  NIST（美国）  |  —  |  20 °C  |  101.325 kPa  |  24.1 L/mol  | 
 |  工业（俄/欧）  |  —  |  25 °C  |  101.325 kPa  |  24.5 L/mol  |"
"标态 的关键结论有哪些？","标态下常见气体摩尔体积修正（实验值）
 |  气体  |  实验 V_m（L/mol）  |  与 22.4 偏差  | 
 | :---: | :---: | :---: | 
 |  H₂  |  22.426  |  +0.03%  | 
 |  He  |  22.434  |  +0.07%  | 
 |  N₂  |  22.404  |  -0.04%  | 
 |  O₂  |  22.392  |  -0.10%  | 
 |  CO₂  |  22.262  |  -0.61%  | 
 |  NH₃  |  22.094  |  -1.4%  | 
 |  CO  |  22.402  |  -0.05%  | 

大多数小分子在标态下偏差 < 1%；CO₂、NH₃ 等极性大或易液化分子偏差稍大。

标态计算公式
摩尔体积：
V_m = \frac{V}{n} = 22.4 \text{ L/mol（旧 STP）}

物质的量与体积：
n = \frac{V_{STP}}{22.4} = \frac{m}{M}

气体密度：
\rho = \frac{M}{V_m} = \frac{M}{22.4} \text{ g/L（STP，旧）}

不同标态规定的对照
 |  规定  |  年份  |  T  |  p  |  摩尔体积  | 
 | --- | :---: | :---: | :---: | :---: | 
 |  旧 IUPAC / 中国中学  |  1982 前  |  0 °C  |  101.325 kPa  |  22.4 L/mol  | 
 |  新 IUPAC（化学）  |  1982 后  |  0 °C  |  100 kPa  |  22.7 L/mol  | 
 |  NIST（美国）  |  —  |  20 °C  |  101.325 kPa  |  24.1 L/mol  | 
 |  工业（俄/欧）  |  —  |  25 °C  |  101.325 kPa  |  24.5 L/mol  |","化学原理 气体 标态 rc_30d 化竞 标况 摩尔体积","Chem::Core","[[标态]]","30d","总结卡","标态（标准状况，Standard Temperature and Pressure, STP）：在气体计算中规定的参考状态。"
"标态 有哪些常见易错点？","• ❌ 错：所有气体在任意条件下都是 22.4 L/mol——只有标态下才适用
• ❌ 错：液体水 22.4 g/mol 占 22.4 L——液态不适用
• ❌ 错：标态压强一定是 1 atm——新 IUPAC 是 1 bar (100 kPa)
• ❌ 错：标态 = 标准态——两个不同概念
• ❌ 错：常温常压 V_m = 22.4——常温 25°C 时 V_m ≈ 24.5 L/mol","化学原理 气体 标态 rc_30d 化竞 标况 摩尔体积","Chem::Core","[[标态]]","30d","易错点卡","标态（标准状况，Standard Temperature and Pressure, STP）：在气体计算中规定的参考状态。"
"什么是核反应？","核反应涉及原子核的变化，与化学反应（只涉及核外电子）有本质区别。初赛考查的核反应主要包括放射性衰变、核裂变、核聚变以及人工核转变。掌握核反应方程式的书写规则和守恒定律是解题关键。","化学原理 原子结构 核反应 rc_30d 化竞 基础要求 核化学 放射性","Chem::Core","[[核反应]]","30d","概念卡","关键结论：
4.1 四大守恒定律
• 质量数守恒：反应前后上标（质量数）之和相同
• 电荷数守恒：反应前后下标（电荷数/原子序数）之和相同
• 能量守恒：质量亏损转化为能量 \Delta E = \Delta m c^2
• 动量守恒

4.2 书写规范
• 元素符号左上角写质量数（A），左下角写电荷数/原子序数（"
"核反应 的关键结论有哪些？","4.1 四大守恒定律
• 质量数守恒：反应前后上标（质量数）之和相同
• 电荷数守恒：反应前后下标（电荷数/原子序数）之和相同
• 能量守恒：质量亏损转化为能量 \Delta E = \Delta m c^2
• 动量守恒

4.2 书写规范
• 元素符号左上角写质量数（A），左下角写电荷数/原子序数（","化学原理 原子结构 核反应 rc_30d 化竞 基础要求 核化学 放射性","Chem::Core","[[核反应]]","30d","总结卡","核反应涉及原子核的变化，与化学反应（只涉及核外电子）有本质区别。初赛考查的核反应主要包括放射性衰变、核裂变、核聚变以及人工核转变。掌握核反应方程式的书写规则和守恒定律是解题关键。"
"核反应 有哪些常见易错点？","• \beta 衰变中质量数不变：不要因为放出电子就认为质量数减1
• 半衰期是统计概念：对单个核无意义，对大量核才成立
• 核反应方程式不用配平化学计量数：只需守恒质量数和电荷数
• \gamma 射线不改变元素种类：只是释放能量，原子核回到基态
• 正电子发射与电子俘获都使电荷数减1：但前者放出正电子，后者捕获电子
• 核反应中质量不守恒：有质量亏损，转化为能量","化学原理 原子结构 核反应 rc_30d 化竞 基础要求 核化学 放射性","Chem::Core","[[核反应]]","30d","易错点卡","核反应涉及原子核的变化，与化学反应（只涉及核外电子）有本质区别。初赛考查的核反应主要包括放射性衰变、核裂变、核聚变以及人工核转变。掌握核反应方程式的书写规则和守恒定律是解题关键。"
"什么是氢键？","氢键：与电负性大的原子（N、O、F）键合的 H 原子与另一个电负性大、含孤对的原子之间的静电吸引作用。","无机和结构化学 化学原理 分子间作用力 氢键 rc_30d 化竞 分子间力","Chem::Core","[[氢键]]","30d","概念卡","关键结论：
氢键强度排序
F—H⋯F > O—H⋯O > N—H⋯N > O—H⋯Cl

分子间 vs 分子内氢键
 |   |  分子间氢键  |  分子内氢键  | 
 | ------ | ------ | ------ | 
 |  沸点影响  |  升高（需额外能量破坏）  |  降低（减少分子间作用）  | 
 |  实例  |  H₂O, HF, NH₃  |  邻硝基苯酚, 水杨酸  | 

水的异常性质（均由氢键解释）• 沸点异常高（100°C，而同族 H₂S 为 −60°C）• 冰的密度 < 液态水（冰浮于水上）• 4°C 时水的密度最大• 高比热容和高汽化热

对沸点的影响• H₂O (100°C) ≫ H₂S (−60°C)：分子间氢键• HF (20°C) > HCl (−85°C)• NH₃ (−33°C) > PH₃ (−88°C)"
"氢键 的关键结论有哪些？","氢键强度排序
F—H⋯F > O—H⋯O > N—H⋯N > O—H⋯Cl

分子间 vs 分子内氢键
 |   |  分子间氢键  |  分子内氢键  | 
 | ------ | ------ | ------ | 
 |  沸点影响  |  升高（需额外能量破坏）  |  降低（减少分子间作用）  | 
 |  实例  |  H₂O, HF, NH₃  |  邻硝基苯酚, 水杨酸  | 

水的异常性质（均由氢键解释）• 沸点异常高（100°C，而同族 H₂S 为 −60°C）• 冰的密度 < 液态水（冰浮于水上）• 4°C 时水的密度最大• 高比热容和高汽化热

对沸点的影响• H₂O (100°C) ≫ H₂S (−60°C)：分子间氢键• HF (20°C) > HCl (−85°C)• NH₃ (−33°C) > PH₃ (−88°C)","无机和结构化学 化学原理 分子间作用力 氢键 rc_30d 化竞 分子间力","Chem::Core","[[氢键]]","30d","总结卡","氢键：与电负性大的原子（N、O、F）键合的 H 原子与另一个电负性大、含孤对的原子之间的静电吸引作用。"
"氢键 有哪些常见易错点？","• 氢键不是化学键，是分子间作用力（但比 van der Waals 力强）• C—H 一般不形成氢键（C 电负性太小）• 分子内氢键降低沸点（易与分子间氢键升高沸点混淆）• 所有含 O—H 或 N—H 的分子不一定都能形成有效氢键（还需合适的受体）• 氢键的作用方向和饱和性类似于偶极相互作用，不同于共价键的方向性和饱和性","无机和结构化学 化学原理 分子间作用力 氢键 rc_30d 化竞 分子间力","Chem::Core","[[氢键]]","30d","易错点卡","氢键：与电负性大的原子（N、O、F）键合的 H 原子与另一个电负性大、含孤对的原子之间的静电吸引作用。"
"什么是氧化态？","氧化态（氧化数）：假设所有共价键完全断裂、电子完全归属于电负性更大的原子时，某原子所带的表观电荷。","化学原理 电化学 氧化态 rc_30d 化竞 氧化还原","Chem::Core","[[氧化态]]","30d","概念卡","关键结论：
氧化态判定要点速记
 |  元素  |  通常氧化态  |  重要例外  | 
 | ------ | ------ | ------ | 
 |  F  |  总是 −1  |  无  | 
 |  O  |  −2  |  OF₂(+2), 过氧化物(−1), 超氧化物(−1/2)  | 
 |  H  |  +1  |  金属氢化物(−1)  | 
 |  碱金属  |  +1  |  —  | 
 |  碱土金属  |  +2  |  —  | 
 |  Al  |  +3  |  —  | 

氧化还原反应中的氧化数变化
• 氧化：氧化数升高的过程（失电子偏向）
• 还原：氧化数降低的过程（得电子偏向）
• 氧化和还原必定同时发生，有失必有得
• 氧化态-还原态的共轭关系：\text{还原态} \rightleftharpoons \text{氧化态} + ne^-（类比酸碱：\text{酸} \rightleftharpoons \text{碱} + nH^+）

用氧化数法判断氧化剂/还原剂
• 反应中氧化数降低的物质是氧化剂（自身被还原）
• 反应中氧化数升高的物质是还原剂（自身被氧化）
• 例：\mathrm{Fe + Cu^{2+} \to Fe^{2+} + Cu}
• Fe: 0 → +2（氧化，Fe 是还原剂）
• Cu: +2 → 0（还原，Cu²⁺ 是氧化剂）"
"氧化态 的关键结论有哪些？","氧化态判定要点速记
 |  元素  |  通常氧化态  |  重要例外  | 
 | ------ | ------ | ------ | 
 |  F  |  总是 −1  |  无  | 
 |  O  |  −2  |  OF₂(+2), 过氧化物(−1), 超氧化物(−1/2)  | 
 |  H  |  +1  |  金属氢化物(−1)  | 
 |  碱金属  |  +1  |  —  | 
 |  碱土金属  |  +2  |  —  | 
 |  Al  |  +3  |  —  | 

氧化还原反应中的氧化数变化
• 氧化：氧化数升高的过程（失电子偏向）
• 还原：氧化数降低的过程（得电子偏向）
• 氧化和还原必定同时发生，有失必有得
• 氧化态-还原态的共轭关系：\text{还原态} \rightleftharpoons \text{氧化态} + ne^-（类比酸碱：\text{酸} \rightleftharpoons \text{碱} + nH^+）

用氧化数法判断氧化剂/还原剂
• 反应中氧化数降低的物质是氧化剂（自身被还原）
• 反应中氧化数升高的物质是还原剂（自身被氧化）
• 例：\mathrm{Fe + Cu^{2+} \to Fe^{2+} + Cu}
• Fe: 0 → +2（氧化，Fe 是还原剂）
• Cu: +2 → 0（还原，Cu²⁺ 是氧化剂）","化学原理 电化学 氧化态 rc_30d 化竞 氧化还原","Chem::Core","[[氧化态]]","30d","总结卡","氧化态（氧化数）：假设所有共价键完全断裂、电子完全归属于电负性更大的原子时，某原子所带的表观电荷。"
"什么是氧化还原反应方程式配平？","氧化还原反应配平的两大方法：• 氧化数法：利用氧化数变化相等• 离子-电子法（半反应法）：分别配平氧化半反应和还原半反应","化学原理 电化学 氧化还原反应方程式配平 rc_30d 化竞 氧化还原","Chem::Core","[[氧化还原反应方程式配平]]","30d","概念卡","关键结论：
歧化反应（Disproportionation）
同一元素一部分原子氧化数升高，另一部分原子氧化数降低——自身既是氧化剂又是还原剂。

教材示例：\mathrm{KClO_3} 热分解
4\mathrm{KClO_3} \xrightarrow{\triangle} 3\mathrm{KClO_4} + \mathrm{KCl}• Cl 的氧化数变化：• 3\mathrm{KClO_3} \to 3\mathrm{KClO_4}：Cl 由 +5 → +7（升高 2），共失 3×2 = 6e• 1\mathrm{KClO_3} \to \mathrm{KCl}：Cl 由 +5 → −1（降低 6），共得 1×6 = 6e• 得失电子均为 6e，配平一致

其他常见歧化反应：• \mathrm{Cl_2 + 2OH^- \longrightarrow Cl^- + ClO^- + H_2O}• \mathrm{2H_2O_2 \longrightarrow 2H_2O + O_2}（O 由 −1 → −2 和 −1 → 0）

热力学判据：元素电势图（Latimer 图）中，若 E^{\ominus}(\text{右}) > E^{\ominus}(\text{左})，中间价态可歧化。

归中反应（Comproportionation）
高价态与低价态同种元素反应生成中间价态。

例：\mathrm{5I^- + IO_3^- + 6H^+ \longrightarrow 3I_2 + 3H_2O}• I：−1 → 0 和 +5 → 0

介质对产物的影响（重要）
\mathrm{KMnO_4} 在三种不同介质中的还原产物：
 |  介质条件  |  还原产物  |  Mn 氧化数  |  颜色  | 
 | ------ | ------ | ------ | ------ | 
 |  强酸性  |  Mn²⁺  |  +2  |  无色  | 
 |  中性/弱酸/弱碱  |  MnO₂  |  +4  |  棕色沉淀  | 
 |  强碱性  |  MnO₄²⁻  |  +6  |  绿色  | 

具体反应（以 Na₂SO₃ 为例）：• 强酸性：2\mathrm{MnO_4^- + 5SO_3^{2-} + 6H^+ \longrightarrow 2Mn^{2+} + 5SO_4^{2-} + 3H_2O}• 中性/弱酸/弱碱：2\mathrm{MnO_4^- + 3SO_3^{2-} + H_2O \longrightarrow 2MnO_2 + 3SO_4^{2-} + 2OH^-}• 强碱性：2\mathrm{MnO_4^- + SO_3^{2-} + 2OH^- \longrightarrow 2MnO_4^{2-} + SO_4^{2-} + H_2O}

氧化还原反应配平的常见陷阱• 含多原子变价：如 Cr₂O₇²⁻ 含 2Cr，As₂S₃ 含 2As + 3S——必须全部计算• 介质不对：必须根据实验条件确定是否有 H⁺ 或 OH⁻ 参与• 产物不对：如 KMnO₄ 在不同介质中产物不同• 氧化数非整数：如 Na₂S₄O₆ 中 S 平均 +2.5，但氧化数改变量的总计算仍然适用"
"氧化还原反应方程式配平 的关键结论有哪些？","歧化反应（Disproportionation）
同一元素一部分原子氧化数升高，另一部分原子氧化数降低——自身既是氧化剂又是还原剂。

教材示例：\mathrm{KClO_3} 热分解
4\mathrm{KClO_3} \xrightarrow{\triangle} 3\mathrm{KClO_4} + \mathrm{KCl}• Cl 的氧化数变化：• 3\mathrm{KClO_3} \to 3\mathrm{KClO_4}：Cl 由 +5 → +7（升高 2），共失 3×2 = 6e• 1\mathrm{KClO_3} \to \mathrm{KCl}：Cl 由 +5 → −1（降低 6），共得 1×6 = 6e• 得失电子均为 6e，配平一致

其他常见歧化反应：• \mathrm{Cl_2 + 2OH^- \longrightarrow Cl^- + ClO^- + H_2O}• \mathrm{2H_2O_2 \longrightarrow 2H_2O + O_2}（O 由 −1 → −2 和 −1 → 0）

热力学判据：元素电势图（Latimer 图）中，若 E^{\ominus}(\text{右}) > E^{\ominus}(\text{左})，中间价态可歧化。

归中反应（Comproportionation）
高价态与低价态同种元素反应生成中间价态。

例：\mathrm{5I^- + IO_3^- + 6H^+ \longrightarrow 3I_2 + 3H_2O}• I：−1 → 0 和 +5 → 0

介质对产物的影响（重要）
\mathrm{KMnO_4} 在三种不同介质中的还原产物：
 |  介质条件  |  还原产物  |  Mn 氧化数  |  颜色  | 
 | ------ | ------ | ------ | ------ | 
 |  强酸性  |  Mn²⁺  |  +2  |  无色  | 
 |  中性/弱酸/弱碱  |  MnO₂  |  +4  |  棕色沉淀  | 
 |  强碱性  |  MnO₄²⁻  |  +6  |  绿色  | 

具体反应（以 Na₂SO₃ 为例）：• 强酸性：2\mathrm{MnO_4^- + 5SO_3^{2-} + 6H^+ \longrightarrow 2Mn^{2+} + 5SO_4^{2-} + 3H_2O}• 中性/弱酸/弱碱：2\mathrm{MnO_4^- + 3SO_3^{2-} + H_2O \longrightarrow 2MnO_2 + 3SO_4^{2-} + 2OH^-}• 强碱性：2\mathrm{MnO_4^- + SO_3^{2-} + 2OH^- \longrightarrow 2MnO_4^{2-} + SO_4^{2-} + H_2O}

氧化还原反应配平的常见陷阱• 含多原子变价：如 Cr₂O₇²⁻ 含 2Cr，As₂S₃ 含 2As + 3S——必须全部计算• 介质不对：必须根据实验条件确定是否有 H⁺ 或 OH⁻ 参与• 产物不对：如 KMnO₄ 在不同介质中产物不同• 氧化数非整数：如 Na₂S₄O₆ 中 S 平均 +2.5，但氧化数改变量的总计算仍然适用","化学原理 电化学 氧化还原反应方程式配平 rc_30d 化竞 氧化还原","Chem::Core","[[氧化还原反应方程式配平]]","30d","总结卡","氧化还原反应配平的两大方法：• 氧化数法：利用氧化数变化相等• 离子-电子法（半反应法）：分别配平氧化半反应和还原半反应"
"什么是活化能？","活化能 Ea：反应物分子发生有效碰撞所需最低能量与反应物平均能量之差。是 Arrhenius 方程的核心参数。","化学原理 化学动力学 活化能 rc_30d 化竞","Chem::Core","[[活化能]]","30d","概念卡","关键结论：
两温度下的活化能计算公式
由 Arrhenius 公式取两个不同温度，得：

\boxed{\lg \frac{k_2}{k_1} = \frac{E_{\mathrm{a}}}{2.30R}\left(\frac{T_2 - T_1}{T_2 T_1}\right)}

此式是 Arrhenius 公式的实用形式，可由已知两个温度的 k 求 E_{\mathrm{a}}，或由已知 E_{\mathrm{a}} 和某一温度的 k 求另一温度的 k。

具体计算示例
例：反应 \mathrm{S_2O_8^{2-} + 3I^- \longrightarrow 2SO_4^{2-} + I_3^-} 在不同温度下的速率常数：

 |  T/K  |  273  |  283  |  293  |  303  | 
 | ------- | ----- | ----- | ----- | ----- | 
 |  k/mol⁻¹·dm³·s⁻¹  |  8.2 \times 10^{-4}  |  2.0 \times 10^{-3}  |  4.1 \times 10^{-3}  |  8.3 \times 10^{-3}  | 

方法一（作图法）：作 \lg k 对 1/T 图得直线，斜率 = -2.79 \times 10^3，故 E_{\mathrm{a}} = 53.3\ \mathrm{kJ \cdot mol^{-1}}，298 K 时 k = 5.8 \times 10^{-3}\ \mathrm{mol^{-1} \cdot dm^3 \cdot s^{-1}}。

方法二（两温度计算）：取 273 K 和 293 K 数据代入公式得 E_{\mathrm{a}} = 53.4\ \mathrm{kJ \cdot mol^{-1}}，298 K 时 k = 5.9 \times 10^{-3}\ \mathrm{mol^{-1} \cdot dm^3 \cdot s^{-1}}。

两种方法结果相符，作图法由多组数据得直线斜率，通常更准确。

催化与活化能
催化剂加速反应的本质是降低活化能。催化剂参与反应改变了反应历程（提供新的低能垒路径），但反应前后自身不被消耗。

 |  反应  |  无催化剂 E_{\mathrm{a}}  |  催化剂  |  催化后 E_{\mathrm{a}}  | 
 | ------ | :---: | ------ | :---: | 
 |  \mathrm{CH_3CHO \longrightarrow CH_4 + CO}  |  190\ \mathrm{kJ \cdot mol^{-1}}  |  \mathrm{I_2}  |  136\ \mathrm{kJ \cdot mol^{-1}}  | 
 |  \mathrm{H_2O_2 \longrightarrow H_2O + \frac{1}{2}O_2}  |  75\ \mathrm{kJ \cdot mol^{-1}}  |  \mathrm{I^-}  |  59\ \mathrm{kJ \cdot mol^{-1}}  | 
 |  \mathrm{H_2O_2 \longrightarrow H_2O + \frac{1}{2}O_2}  |  75\ \mathrm{kJ \cdot mol^{-1}}  |  过氧化氢酶  |  25\ \mathrm{kJ \cdot mol^{-1}}  | 
 |  \mathrm{N_2O \longrightarrow N_2 + \frac{1}{2}O_2}  |  250\ \mathrm{kJ \cdot mol^{-1}}  |  Au 粉  |  120\ \mathrm{kJ \cdot mol^{-1}}  | 
 |  蔗糖水解  |  107\ \mathrm{kJ \cdot mol^{-1}}  |  转化酶  |  36\ \mathrm{kJ \cdot mol^{-1}}  | 

催化剂的重要特性：
• 不改变 \Delta H、\Delta G、K（只改变达到平衡的速率）
• 不改变平衡位置，同等加速正逆反应
• 催化剂有选择性：同一反应物用不同催化剂可得不同产物（如乙醇用 Cu 催化脱氢得乙醛，用 \mathrm{Al_2O_3} 催化脱水得乙烯）

\mathrm{N_2O_5} 分解的活化能实例
2\mathrm{N_2O_5 \longrightarrow 4NO_2 + O_2} 在不同温度的 k：

 |  T/K  |  338  |  328  |  318  |  308  |  298  | 
 | ------- | ----- | ----- | ----- | ----- | ----- | 
 |  k/s⁻¹  |  4.87 \times 10^{-3}  |  1.50 \times 10^{-3}  |  4.98 \times 10^{-4}  |  1.35 \times 10^{-4}  |  3.46 \times 10^{-5}  | 

\lg k 对 1/T 作图为直线，由此可求 E_{\mathrm{a}}。温度从 298 K 升至 338 K，k 增大约 140 倍。"
"活化能 的关键结论有哪些？","两温度下的活化能计算公式
由 Arrhenius 公式取两个不同温度，得：

\boxed{\lg \frac{k_2}{k_1} = \frac{E_{\mathrm{a}}}{2.30R}\left(\frac{T_2 - T_1}{T_2 T_1}\right)}

此式是 Arrhenius 公式的实用形式，可由已知两个温度的 k 求 E_{\mathrm{a}}，或由已知 E_{\mathrm{a}} 和某一温度的 k 求另一温度的 k。

具体计算示例
例：反应 \mathrm{S_2O_8^{2-} + 3I^- \longrightarrow 2SO_4^{2-} + I_3^-} 在不同温度下的速率常数：

 |  T/K  |  273  |  283  |  293  |  303  | 
 | ------- | ----- | ----- | ----- | ----- | 
 |  k/mol⁻¹·dm³·s⁻¹  |  8.2 \times 10^{-4}  |  2.0 \times 10^{-3}  |  4.1 \times 10^{-3}  |  8.3 \times 10^{-3}  | 

方法一（作图法）：作 \lg k 对 1/T 图得直线，斜率 = -2.79 \times 10^3，故 E_{\mathrm{a}} = 53.3\ \mathrm{kJ \cdot mol^{-1}}，298 K 时 k = 5.8 \times 10^{-3}\ \mathrm{mol^{-1} \cdot dm^3 \cdot s^{-1}}。

方法二（两温度计算）：取 273 K 和 293 K 数据代入公式得 E_{\mathrm{a}} = 53.4\ \mathrm{kJ \cdot mol^{-1}}，298 K 时 k = 5.9 \times 10^{-3}\ \mathrm{mol^{-1} \cdot dm^3 \cdot s^{-1}}。

两种方法结果相符，作图法由多组数据得直线斜率，通常更准确。

催化与活化能
催化剂加速反应的本质是降低活化能。催化剂参与反应改变了反应历程（提供新的低能垒路径），但反应前后自身不被消耗。

 |  反应  |  无催化剂 E_{\mathrm{a}}  |  催化剂  |  催化后 E_{\mathrm{a}}  | 
 | ------ | :---: | ------ | :---: | 
 |  \mathrm{CH_3CHO \longrightarrow CH_4 + CO}  |  190\ \mathrm{kJ \cdot mol^{-1}}  |  \mathrm{I_2}  |  136\ \mathrm{kJ \cdot mol^{-1}}  | 
 |  \mathrm{H_2O_2 \longrightarrow H_2O + \frac{1}{2}O_2}  |  75\ \mathrm{kJ \cdot mol^{-1}}  |  \mathrm{I^-}  |  59\ \mathrm{kJ \cdot mol^{-1}}  | 
 |  \mathrm{H_2O_2 \longrightarrow H_2O + \frac{1}{2}O_2}  |  75\ \mathrm{kJ \cdot mol^{-1}}  |  过氧化氢酶  |  25\ \mathrm{kJ \cdot mol^{-1}}  | 
 |  \mathrm{N_2O \longrightarrow N_2 + \frac{1}{2}O_2}  |  250\ \mathrm{kJ \cdot mol^{-1}}  |  Au 粉  |  120\ \mathrm{kJ \cdot mol^{-1}}  | 
 |  蔗糖水解  |  107\ \mathrm{kJ \cdot mol^{-1}}  |  转化酶  |  36\ \mathrm{kJ \cdot mol^{-1}}  | 

催化剂的重要特性：
• 不改变 \Delta H、\Delta G、K（只改变达到平衡的速率）
• 不改变平衡位置，同等加速正逆反应
• 催化剂有选择性：同一反应物用不同催化剂可得不同产物（如乙醇用 Cu 催化脱氢得乙醛，用 \mathrm{Al_2O_3} 催化脱水得乙烯）

\mathrm{N_2O_5} 分解的活化能实例
2\mathrm{N_2O_5 \longrightarrow 4NO_2 + O_2} 在不同温度的 k：

 |  T/K  |  338  |  328  |  318  |  308  |  298  | 
 | ------- | ----- | ----- | ----- | ----- | ----- | 
 |  k/s⁻¹  |  4.87 \times 10^{-3}  |  1.50 \times 10^{-3}  |  4.98 \times 10^{-4}  |  1.35 \times 10^{-4}  |  3.46 \times 10^{-5}  | 

\lg k 对 1/T 作图为直线，由此可求 E_{\mathrm{a}}。温度从 298 K 升至 338 K，k 增大约 140 倍。","化学原理 化学动力学 活化能 rc_30d 化竞","Chem::Core","[[活化能]]","30d","总结卡","活化能 Ea：反应物分子发生有效碰撞所需最低能量与反应物平均能量之差。是 Arrhenius 方程的核心参数。"
"活化能 有哪些常见易错点？","• [待补充]","化学原理 化学动力学 活化能 rc_30d 化竞","Chem::Core","[[活化能]]","30d","易错点卡","活化能 Ea：反应物分子发生有效碰撞所需最低能量与反应物平均能量之差。是 Arrhenius 方程的核心参数。"
"什么是溶剂化作用？","溶剂化（Solvation）：溶质粒子（分子或离子）被溶剂分子包围并与之通过分子间作用力结合的过程。当溶剂为水时，特称为水合（Hydration）。","化学原理 分子间作用力 溶剂化作用 rc_30d 化竞 分子间力 溶液","Chem::Core","[[溶剂化作用]]","30d","概念卡","关键结论：
水合能与离子性质的关系• 电荷效应：高价离子水合能远大于低价离子。如 \mathrm{Mg^{2+}} 的水合能（-1921\ \mathrm{kJ/mol}）远大于 \mathrm{Na^+}（-405\ \mathrm{kJ/mol}）• 半径效应：同族离子水合能随半径增大而减小。如 \mathrm{Li^+} > \mathrm{Na^+} > \mathrm{K^+} > \mathrm{Rb^+} > \mathrm{Cs^+}

水合壳层结构
离子周围的水分子分层排列：• 第一水合层（primary hydration shell）：水分子与离子直接接触，受离子电场强烈束缚，取向严格，数目较固定（配位数，如 \mathrm{Na^+} 约 4-6）• 第二水合层（secondary hydration shell）：水分子受第一层水分子氢键网络的间接影响，取向较为松散

水合数 = 第一水合层中的水分子数。\mathrm{Li^+} 水合数较大（约 4-6），\mathrm{K^+} 较小（约 2-4）。

溶解度与晶格能、水合能的竞争
溶解性取决于晶格能（U）与水合能（\Delta H_\text{水合}）的平衡：

\Delta H_\text{溶解} = U -  | \Delta H_\text{水合} | • \mathrm{NaCl}：U = 787\ \mathrm{kJ/mol}，水合能约为 -784\ \mathrm{kJ/mol}，\Delta H_\text{溶解} \approx +3\ \mathrm{kJ/mol}（接近平衡，溶解度较大）• \mathrm{BaSO_4}：U 很大（高电荷 + 合适的离子大小配合），水合能不足以补偿 → 难溶• \mathrm{AgF} 易溶但 \mathrm{AgCl} 难溶：\mathrm{Ag^+} 与 \mathrm{Cl^-} 间有明显的共价作用，实际 U 增大"
"溶剂化作用 的关键结论有哪些？","水合能与离子性质的关系• 电荷效应：高价离子水合能远大于低价离子。如 \mathrm{Mg^{2+}} 的水合能（-1921\ \mathrm{kJ/mol}）远大于 \mathrm{Na^+}（-405\ \mathrm{kJ/mol}）• 半径效应：同族离子水合能随半径增大而减小。如 \mathrm{Li^+} > \mathrm{Na^+} > \mathrm{K^+} > \mathrm{Rb^+} > \mathrm{Cs^+}

水合壳层结构
离子周围的水分子分层排列：• 第一水合层（primary hydration shell）：水分子与离子直接接触，受离子电场强烈束缚，取向严格，数目较固定（配位数，如 \mathrm{Na^+} 约 4-6）• 第二水合层（secondary hydration shell）：水分子受第一层水分子氢键网络的间接影响，取向较为松散

水合数 = 第一水合层中的水分子数。\mathrm{Li^+} 水合数较大（约 4-6），\mathrm{K^+} 较小（约 2-4）。

溶解度与晶格能、水合能的竞争
溶解性取决于晶格能（U）与水合能（\Delta H_\text{水合}）的平衡：

\Delta H_\text{溶解} = U -  | \Delta H_\text{水合} | • \mathrm{NaCl}：U = 787\ \mathrm{kJ/mol}，水合能约为 -784\ \mathrm{kJ/mol}，\Delta H_\text{溶解} \approx +3\ \mathrm{kJ/mol}（接近平衡，溶解度较大）• \mathrm{BaSO_4}：U 很大（高电荷 + 合适的离子大小配合），水合能不足以补偿 → 难溶• \mathrm{AgF} 易溶但 \mathrm{AgCl} 难溶：\mathrm{Ag^+} 与 \mathrm{Cl^-} 间有明显的共价作用，实际 U 增大","化学原理 分子间作用力 溶剂化作用 rc_30d 化竞 分子间力 溶液","Chem::Core","[[溶剂化作用]]","30d","总结卡","溶剂化（Solvation）：溶质粒子（分子或离子）被溶剂分子包围并与之通过分子间作用力结合的过程。当溶剂为水时，特称为水合（Hydration）。"
"溶剂化作用 有哪些常见易错点？","• 混淆""溶解放热""与""溶解度大""：二者不完全对应。\mathrm{NH_4NO_3} 溶解吸热但溶解度很大（熵驱动）• 误认为所有离子化合物溶解都是离子水合过程：有共价性的离子化合物（如 \mathrm{AgCl}）中，晶格能计算偏离纯离子模型• 忽略溶剂的介电常数差异：同一种盐在水（\varepsilon = 78.5）和在乙醇（\varepsilon = 24.5）中溶解度差异的根本原因是溶剂介电常数不同，离子溶剂化能不同• 混淆水合数和水解：水合是物理过程，水解是化学反应（离子与水发生质子转移）","化学原理 分子间作用力 溶剂化作用 rc_30d 化竞 分子间力 溶液","Chem::Core","[[溶剂化作用]]","30d","易错点卡","溶剂化（Solvation）：溶质粒子（分子或离子）被溶剂分子包围并与之通过分子间作用力结合的过程。当溶剂为水时，特称为水合（Hydration）。"
"什么是溶液浓度？","常用浓度表示法：• 物质的量浓度 c = n/V (mol/L)• 质量分数 w = m_\text{质}/m_\text{液}• 质量摩尔浓度 b = n_\text{质}/m_\text{剂} (mol/kg)• 摩尔分数 x_i = n_i/\sum n","化学原理 气体与溶液 溶液浓度 rc_30d 化竞 溶液","Chem::Core","[[溶液浓度]]","30d","概念卡","关键结论：
• 浓度换算通用公式（以 10\% NaCl 溶液为例，\rho = 1.07\ \mathrm{g\cdot cm^{-3}}，M = 58.4\ \mathrm{g\cdot mol^{-1}}）：• c = \frac{\text{溶质物质的量}}{\text{溶液体积}} = \frac{10.0/58.4}{100.0/1.07} \times 1000 = 1.83\ \mathrm{mol\cdot dm^{-3}}• 换算需知溶液密度和溶质摩尔质量• 稀释公式：稀释前后溶质质量（或物质的量）不变• 例：用密度 1.84\ \mathrm{g\cdot cm^{-3}}、98\% 的浓硫酸配制 1.0\ \mathrm{dm^3}\ 2.0\ \mathrm{mol\cdot dm^{-3}} 的硫酸，需取浓硫酸 110\ \mathrm{cm^3}• 1.0 \times 2.0 \times 98 = x \times 1.84 \times 0.98 \Rightarrow x = 1.1 \times 10^2\ \mathrm{cm^3}• 配制精确溶液需用分析天平称量和容量瓶定容：如 0.7212\ \mathrm{g\ NaCl} 用容量瓶配成 100.0\ \mathrm{cm^3}，c = 0.1234\ \mathrm{mol\cdot dm^{-3}}（4 位有效数字）• 所有浓度表示方法之间可以相互换算，根据实际需要选用"
"溶液浓度 的关键结论有哪些？","• 浓度换算通用公式（以 10\% NaCl 溶液为例，\rho = 1.07\ \mathrm{g\cdot cm^{-3}}，M = 58.4\ \mathrm{g\cdot mol^{-1}}）：• c = \frac{\text{溶质物质的量}}{\text{溶液体积}} = \frac{10.0/58.4}{100.0/1.07} \times 1000 = 1.83\ \mathrm{mol\cdot dm^{-3}}• 换算需知溶液密度和溶质摩尔质量• 稀释公式：稀释前后溶质质量（或物质的量）不变• 例：用密度 1.84\ \mathrm{g\cdot cm^{-3}}、98\% 的浓硫酸配制 1.0\ \mathrm{dm^3}\ 2.0\ \mathrm{mol\cdot dm^{-3}} 的硫酸，需取浓硫酸 110\ \mathrm{cm^3}• 1.0 \times 2.0 \times 98 = x \times 1.84 \times 0.98 \Rightarrow x = 1.1 \times 10^2\ \mathrm{cm^3}• 配制精确溶液需用分析天平称量和容量瓶定容：如 0.7212\ \mathrm{g\ NaCl} 用容量瓶配成 100.0\ \mathrm{cm^3}，c = 0.1234\ \mathrm{mol\cdot dm^{-3}}（4 位有效数字）• 所有浓度表示方法之间可以相互换算，根据实际需要选用","化学原理 气体与溶液 溶液浓度 rc_30d 化竞 溶液","Chem::Core","[[溶液浓度]]","30d","总结卡","常用浓度表示法：• 物质的量浓度 c = n/V (mol/L)• 质量分数 w = m_\text{质}/m_\text{液}• 质量摩尔浓度 b = n_\text{质}/m_\text{剂} (mol/kg)• 摩尔分数 x_i = n_i/\sum n"
"溶液浓度 有哪些常见易错点？","-","化学原理 气体与溶液 溶液浓度 rc_30d 化竞 溶液","Chem::Core","[[溶液浓度]]","30d","易错点卡","常用浓度表示法：• 物质的量浓度 c = n/V (mol/L)• 质量分数 w = m_\text{质}/m_\text{液}• 质量摩尔浓度 b = n_\text{质}/m_\text{剂} (mol/kg)• 摩尔分数 x_i = n_i/\sum n"
"什么是溶解度？","溶解度：在一定温度下，某物质在 100g 溶剂中达到饱和时所溶解的质量（g）。","化学原理 气体与溶液 溶解度 rc_30d 化竞 溶液","Chem::Core","[[溶解度]]","30d","概念卡","关键结论：
温度对固体溶解度的影响
• 大多数固体溶解度随温度升高而增大，但增幅差异大：
• 变化显著的：K_2Cr_2O_7（0^\circC: 4.7, 100^\circC: —），AgNO_3（0^\circC: 122, 100^\circC: 733\ \mathrm{g/100\ g\ H_2O}）
• 变化不大的：NaCl（0^\circC: 35.7, 100^\circC: 39.2\ \mathrm{g/100\ g\ H_2O}）
• 少数物质溶解度随温度升高而减小：如 Ce_2(SO_4)_3\cdot 9H_2O（0^\circC: 21.4, 60^\circC: 3.87），Ca(OH)_2（0^\circC: 0.189, 100^\circC: 0.076）
• 少数物质溶解度随温度先增大再减小：如 Na_2SO_4（0^\circC: 4.9, 40^\circC: 48.8, 100^\circC: 42.5），MnSO_4

温度和压力对气体溶解度的影响
• 温度：气体溶解度随温度升高而减小（如 H_2 在 0^\circC、101\ \mathrm{kPa} 溶解度为 2.14，80^\circC 降为 0.88\ \mathrm{cm^3/100\ g\ H_2O}）
• 压力：气体溶解度随压力增大而增大（如 NH_3 在 20^\circC、93.2\ \mathrm{kPa} 溶解度为 65.3\times 10^3，266\ \mathrm{kPa} 增大为 126\times 10^3\ \mathrm{cm^3/100\ g\ H_2O}）
• 固体溶质的溶解度受压力影响极小（常压下只注明温度即可）

结构相似物质的溶解度规律
• 结构相似的一类固体：熔点越低，分子间作用力越近似于液体，在结构类似的液体中溶解度越大
• 例：蒽（mp 215^\circC）、菲（mp 100^\circC）、萘（mp 80^\circC）、联苯（mp 71^\circC）在苯中溶解度依次增大（x_\text{溶质} = 0.008, 0.21, 0.26, 0.39）
• 结构相似的一类气体：沸点越高，分子间作用力越近似于液体，溶解度越大
• 例：H_2（bp 20\ \mathrm{K}）、N_2（bp 77\ \mathrm{K}）、O_2（bp 90\ \mathrm{K}）、Cl_2（bp 239\ \mathrm{K}）在水中溶解度依次增大（2.1, 2.4, 4.9, 461\ \mathrm{cm^3/100\ g\ H_2O}）

过饱和现象
• 过饱和溶液：溶质含量超过平衡状态所能溶解的最高量的非平衡状态，暂时、不稳定
• 例：NaAc 在 20^\circC 溶解度为 46\ \mathrm{g/100\ g\ H_2O}，50^\circC 为 83。将 50^\circC 饱和溶液小心冷却到 20^\circC，可能无结晶析出——加晶种或摩擦器壁即大量析出
• 规律：结构越复杂，过饱和现象越严重（NaAc > NaCl，糖 > 盐）"
"溶解度 的关键结论有哪些？","温度对固体溶解度的影响
• 大多数固体溶解度随温度升高而增大，但增幅差异大：
• 变化显著的：K_2Cr_2O_7（0^\circC: 4.7, 100^\circC: —），AgNO_3（0^\circC: 122, 100^\circC: 733\ \mathrm{g/100\ g\ H_2O}）
• 变化不大的：NaCl（0^\circC: 35.7, 100^\circC: 39.2\ \mathrm{g/100\ g\ H_2O}）
• 少数物质溶解度随温度升高而减小：如 Ce_2(SO_4)_3\cdot 9H_2O（0^\circC: 21.4, 60^\circC: 3.87），Ca(OH)_2（0^\circC: 0.189, 100^\circC: 0.076）
• 少数物质溶解度随温度先增大再减小：如 Na_2SO_4（0^\circC: 4.9, 40^\circC: 48.8, 100^\circC: 42.5），MnSO_4

温度和压力对气体溶解度的影响
• 温度：气体溶解度随温度升高而减小（如 H_2 在 0^\circC、101\ \mathrm{kPa} 溶解度为 2.14，80^\circC 降为 0.88\ \mathrm{cm^3/100\ g\ H_2O}）
• 压力：气体溶解度随压力增大而增大（如 NH_3 在 20^\circC、93.2\ \mathrm{kPa} 溶解度为 65.3\times 10^3，266\ \mathrm{kPa} 增大为 126\times 10^3\ \mathrm{cm^3/100\ g\ H_2O}）
• 固体溶质的溶解度受压力影响极小（常压下只注明温度即可）

结构相似物质的溶解度规律
• 结构相似的一类固体：熔点越低，分子间作用力越近似于液体，在结构类似的液体中溶解度越大
• 例：蒽（mp 215^\circC）、菲（mp 100^\circC）、萘（mp 80^\circC）、联苯（mp 71^\circC）在苯中溶解度依次增大（x_\text{溶质} = 0.008, 0.21, 0.26, 0.39）
• 结构相似的一类气体：沸点越高，分子间作用力越近似于液体，溶解度越大
• 例：H_2（bp 20\ \mathrm{K}）、N_2（bp 77\ \mathrm{K}）、O_2（bp 90\ \mathrm{K}）、Cl_2（bp 239\ \mathrm{K}）在水中溶解度依次增大（2.1, 2.4, 4.9, 461\ \mathrm{cm^3/100\ g\ H_2O}）

过饱和现象
• 过饱和溶液：溶质含量超过平衡状态所能溶解的最高量的非平衡状态，暂时、不稳定
• 例：NaAc 在 20^\circC 溶解度为 46\ \mathrm{g/100\ g\ H_2O}，50^\circC 为 83。将 50^\circC 饱和溶液小心冷却到 20^\circC，可能无结晶析出——加晶种或摩擦器壁即大量析出
• 规律：结构越复杂，过饱和现象越严重（NaAc > NaCl，糖 > 盐）","化学原理 气体与溶液 溶解度 rc_30d 化竞 溶液","Chem::Core","[[溶解度]]","30d","总结卡","溶解度：在一定温度下，某物质在 100g 溶剂中达到饱和时所溶解的质量（g）。"
"溶解度 有哪些常见易错点？","-","化学原理 气体与溶液 溶解度 rc_30d 化竞 溶液","Chem::Core","[[溶解度]]","30d","易错点卡","溶解度：在一定温度下，某物质在 100g 溶剂中达到饱和时所溶解的质量（g）。"
"什么是滴定分析基本原理？","滴定分析（Titrimetric Analysis）：将已知准确浓度的标准溶液（滴定剂）通过滴定管逐滴加入到被测物质的溶液中，直到所加试剂与被测物质按化学计量关系完全反应为止，根据滴定剂的消耗量计算被测物质含量的分析方法。","化学原理 容量分析 滴定分析基本原理 rc_30d 化竞 滴定分析","Chem::Core","[[滴定分析基本原理]]","30d","概念卡",""
"什么是热力学？","热力学研究能量转换和物质状态变化的方向与限度，不涉及时间因素。化学热力学是判断反应自发性、计算平衡常数、分析相变和电化学过程的基础工具。","化学原理 物理化学 热力学 rc_30d 化竞 决赛要求","Chem::Core","[[热力学]]","30d","概念卡","关键结论：
4.1 热力学函数汇总

 |  函数  |  定义  |  物理意义  |  自发判据  | 
 | :---: | :--- | :--- | :--- | 
 |  U  |  内能  |  系统总能量  |  —  | 
 |  H  |  U + PV  |  恒压热效应  |  —  | 
 |  S  |  dS = \delta Q_{\text{rev}}/T  |  混乱度  |  \Delta S_{\text{总}} > 0  | 
 |  G  |  H - TS  |  可做非体积功的能量  |  \Delta G_{T,P} < 0  | 
 |  A  |  U - TS  |  Helmholtz 自由能  |  \Delta A_{T,V} < 0  | 

4.2 热力学基本方程

dU = TdS - PdV
dH = TdS + VdP
dG = -SdT + VdP
dA = -SdT - PdV

4.3 Maxwell 关系

从基本方程导出的偏微分关系：

\left(\frac{\partial S}{\partial V}\right)_T = \left(\frac{\partial P}{\partial T}\right)_V
\left(\frac{\partial S}{\partial P}\right)_T = -\left(\frac{\partial V}{\partial T}\right)_P
\left(\frac{\partial T}{\partial V}\right)_S = -\left(\frac{\partial P}{\partial S}\right)_V
\left(\frac{\partial T}{\partial P}\right)_S = \left(\frac{\partial V}{\partial S}\right)_P

4.4 Gibbs-Helmholtz 方程

\left(\frac{\partial (G/T)}{\partial T}\right)_P = -\frac{H}{T^2}

对于化学反应：\left[\frac{\partial (\Delta G/T)}{\partial T}\right]_P = -\frac{\Delta H}{T^2}

4.5 化学势

\mu_i = \left(\frac{\partial G}{\partial n_i}\right)_{T,P,n_{j \neq i}}
• 相平衡条件：\mu_i^\alpha = \mu_i^\beta
• 化学平衡条件：\sum_i \nu_i \mu_i = 0"
"热力学 的关键结论有哪些？","4.1 热力学函数汇总

 |  函数  |  定义  |  物理意义  |  自发判据  | 
 | :---: | :--- | :--- | :--- | 
 |  U  |  内能  |  系统总能量  |  —  | 
 |  H  |  U + PV  |  恒压热效应  |  —  | 
 |  S  |  dS = \delta Q_{\text{rev}}/T  |  混乱度  |  \Delta S_{\text{总}} > 0  | 
 |  G  |  H - TS  |  可做非体积功的能量  |  \Delta G_{T,P} < 0  | 
 |  A  |  U - TS  |  Helmholtz 自由能  |  \Delta A_{T,V} < 0  | 

4.2 热力学基本方程

dU = TdS - PdV
dH = TdS + VdP
dG = -SdT + VdP
dA = -SdT - PdV

4.3 Maxwell 关系

从基本方程导出的偏微分关系：

\left(\frac{\partial S}{\partial V}\right)_T = \left(\frac{\partial P}{\partial T}\right)_V
\left(\frac{\partial S}{\partial P}\right)_T = -\left(\frac{\partial V}{\partial T}\right)_P
\left(\frac{\partial T}{\partial V}\right)_S = -\left(\frac{\partial P}{\partial S}\right)_V
\left(\frac{\partial T}{\partial P}\right)_S = \left(\frac{\partial V}{\partial S}\right)_P

4.4 Gibbs-Helmholtz 方程

\left(\frac{\partial (G/T)}{\partial T}\right)_P = -\frac{H}{T^2}

对于化学反应：\left[\frac{\partial (\Delta G/T)}{\partial T}\right]_P = -\frac{\Delta H}{T^2}

4.5 化学势

\mu_i = \left(\frac{\partial G}{\partial n_i}\right)_{T,P,n_{j \neq i}}
• 相平衡条件：\mu_i^\alpha = \mu_i^\beta
• 化学平衡条件：\sum_i \nu_i \mu_i = 0","化学原理 物理化学 热力学 rc_30d 化竞 决赛要求","Chem::Core","[[热力学]]","30d","总结卡","热力学研究能量转换和物质状态变化的方向与限度，不涉及时间因素。化学热力学是判断反应自发性、计算平衡常数、分析相变和电化学过程的基础工具。"
"热力学 有哪些常见易错点？","• \Delta G < 0 只说明热力学趋势：不代表反应一定发生（动力学障碍）
• 标准态的约定：气体为 1 bar，溶液为 1 mol/L，纯固体/液体为纯物质
• \Delta G^\ominus 与 K 的关系：\Delta G^\ominus = -RT\ln K，不同反应不能简单比较 -\ln K
• 温度对 \Delta G 的影响：\Delta G(T) \approx \Delta H - T\Delta S，若 \Delta H、\Delta S 随温度变化不大可视为常数","化学原理 物理化学 热力学 rc_30d 化竞 决赛要求","Chem::Core","[[热力学]]","30d","易错点卡","热力学研究能量转换和物质状态变化的方向与限度，不涉及时间因素。化学热力学是判断反应自发性、计算平衡常数、分析相变和电化学过程的基础工具。"
"什么是热力学循环？","热力学循环是指系统经过一系列状态变化后回到初始状态的过程。由于循环过程的状态函数变化为零（\Delta U = 0, \Delta H = 0），热力学循环是计算难以直接测量的热力学量（如晶格能、键能）的核心工具。","化学原理 物理化学 热力学循环 rc_30d 化竞 热力学 循环过程","Chem::Core","[[热力学循环]]","30d","概念卡","关键结论：
4.1 Carnot 循环
• 效率：\eta = 1 - \frac{T_c}{T_h}
• 意义：确定了热机效率的理论上限
• 逆 Carnot 循环：制冷机和热泵的理想模型

4.2 制冷循环
• 蒸发制冷：利用液体蒸发吸热
• 制冷系数：\varepsilon = \frac{Q_c}{W} = \frac{T_c}{T_h - T_c}

4.3 实际循环
• Otto 循环：汽油机
• Diesel 循环：柴油机
• Rankine 循环：蒸汽动力装置

4.4 电化学中的热力学循环

\Delta G = -nFE
\Delta S = nF\left(\frac{\partial E}{\partial T}\right)_P
\Delta H = -nFE + nFT\left(\frac{\partial E}{\partial T}\right)_P

通过测定不同温度下的电动势，可同时获得 \Delta G、\Delta S、\Delta H。"
"热力学循环 的关键结论有哪些？","4.1 Carnot 循环
• 效率：\eta = 1 - \frac{T_c}{T_h}
• 意义：确定了热机效率的理论上限
• 逆 Carnot 循环：制冷机和热泵的理想模型

4.2 制冷循环
• 蒸发制冷：利用液体蒸发吸热
• 制冷系数：\varepsilon = \frac{Q_c}{W} = \frac{T_c}{T_h - T_c}

4.3 实际循环
• Otto 循环：汽油机
• Diesel 循环：柴油机
• Rankine 循环：蒸汽动力装置

4.4 电化学中的热力学循环

\Delta G = -nFE
\Delta S = nF\left(\frac{\partial E}{\partial T}\right)_P
\Delta H = -nFE + nFT\left(\frac{\partial E}{\partial T}\right)_P

通过测定不同温度下的电动势，可同时获得 \Delta G、\Delta S、\Delta H。","化学原理 物理化学 热力学循环 rc_30d 化竞 热力学 循环过程","Chem::Core","[[热力学循环]]","30d","总结卡","热力学循环是指系统经过一系列状态变化后回到初始状态的过程。由于循环过程的状态函数变化为零（\Delta U = 0, \Delta H = 0），热力学循环是计算难以直接测量的热力学量（如晶格能、键能）的核心工具。"
"热力学循环 有哪些常见易错点？","• 晶格能的符号约定：U（晶格能）通常取正值（拆散晶体所需能量），但 Born-Haber 循环中晶格形成焓为负值
• Carnot 效率是上限：实际热机效率一定低于 Carnot 效率
• 制冷系数可以 > 1：制冷机移走的热量可以大于输入的功
• 状态函数在循环中变化为零：但过程量（Q, W）不为零","化学原理 物理化学 热力学循环 rc_30d 化竞 热力学 循环过程","Chem::Core","[[热力学循环]]","30d","易错点卡","热力学循环是指系统经过一系列状态变化后回到初始状态的过程。由于循环过程的状态函数变化为零（\Delta U = 0, \Delta H = 0），热力学循环是计算难以直接测量的热力学量（如晶格能、键能）的核心工具。"
"什么是热力学第一定律？","热力学第一定律是能量守恒定律在热现象中的表达：","化学原理 热力学 热力学第一定律 rc_30d 化竞","Chem::Core","[[热力学第一定律]]","30d","概念卡","关键结论：
• 第一定律本质是能量守恒，而不是自发性判据。
• 等容且不做非体积功时，\Delta U = Q_V。
• 等压且只做体积功时，可进一步引出 焓 与 Q_p = \Delta H。"
"热力学第一定律 的关键结论有哪些？","• 第一定律本质是能量守恒，而不是自发性判据。
• 等容且不做非体积功时，\Delta U = Q_V。
• 等压且只做体积功时，可进一步引出 焓 与 Q_p = \Delta H。","化学原理 热力学 热力学第一定律 rc_30d 化竞","Chem::Core","[[热力学第一定律]]","30d","总结卡","热力学第一定律是能量守恒定律在热现象中的表达："
"什么是热力学第二定律？","热力学第二定律给出自发过程的方向判据。对孤立体系而言：","化学原理 热力学 热力学第二定律 rc_30d 化竞","Chem::Core","[[热力学第二定律]]","30d","概念卡","关键结论：
• 孤立体系中，自发过程满足 \Delta S_{\text{总}} > 0，平衡时 \Delta S_{\text{总}} = 0。
• 在恒温恒压且不做非体积功条件下，可进一步转化为 Gibbs自由能 判据：\Delta G < 0。
• 第二定律解释了“吸热反应也可能自发”“放热反应也可能不自发”。"
"热力学第二定律 的关键结论有哪些？","• 孤立体系中，自发过程满足 \Delta S_{\text{总}} > 0，平衡时 \Delta S_{\text{总}} = 0。
• 在恒温恒压且不做非体积功条件下，可进一步转化为 Gibbs自由能 判据：\Delta G < 0。
• 第二定律解释了“吸热反应也可能自发”“放热反应也可能不自发”。","化学原理 热力学 热力学第二定律 rc_30d 化竞","Chem::Core","[[热力学第二定律]]","30d","总结卡","热力学第二定律给出自发过程的方向判据。对孤立体系而言："
"什么是热力学计算？","热力学计算是指利用热力学基本定律和状态函数（内能 U、焓 H、熵 S、Gibbs 自由能 G）之间的关系，计算化学反应的能量变化、方向性和平衡常数。它是竞赛物理化学和无机化学计算的核心工具。","化学原理 热力学 热力学计算 rc_30d 化竞 基础要求 Gibbs自由能","Chem::Core","[[热力学计算]]","30d","概念卡","关键结论：
• [待补充]"
"热力学计算 的关键结论有哪些？","• [待补充]","化学原理 热力学 热力学计算 rc_30d 化竞 基础要求 Gibbs自由能","Chem::Core","[[热力学计算]]","30d","总结卡","热力学计算是指利用热力学基本定律和状态函数（内能 U、焓 H、熵 S、Gibbs 自由能 G）之间的关系，计算化学反应的能量变化、方向性和平衡常数。它是竞赛物理化学和无机化学计算的核心工具。"
"热力学计算 有哪些常见易错点？","HgS 相变（红 → 黑）热力学分析（B1-13）

来源标注（B1-13）：本题为周坤课堂笔记 `12.热力学_笔记`（实际内容为习题详解）第 12 讲课重点题。教学近似式可用，但真实相变温度数据需核实。

题目背景：朱砂（红色 HgS，六方晶系）与黑辰砂（黑色 HgS，立方晶系）之间存在晶型转变。

已知（课堂笔记给出的近似数据）：
• 红色 HgS → 黑色 HgS：\Delta_r G^\circ \approx 4180 - 5.44T\ \mathrm{J \cdot mol^{-1}}

求解：
• 转换温度（\Delta_r G^\circ = 0）：
   T_{\text{转}} = \frac{4180}{5.44} \approx 768\ \mathrm{K}\ (495^\circ\mathrm{C})
• 温度低于 768 K 时：\Delta_r G^\circ \gt 0，红色 HgS 更稳定
• 温度高于 768 K 时：\Delta_r G^\circ \lt 0，黑色 HgS 更稳定

数据核实与教学注意（W1 已解决）：
• 教学近似式 \Delta G^\circ = 4180 - 5.44T\ \mathrm{J} 在课堂中可用
• 真实相变温度约 618 K（345 °C），教材题常用 768 K
• 差异来源：课堂数据为简化教学用近似值，精确值需查阅热力学手册
• 教学建议：第一轮可直接使用课堂近似式；若学生追问，说明""这是教学简化数据，真实转换温度更低""

本题的教学价值：
• 练习 \Delta G^\circ = \Delta H^\circ - T\Delta S^\circ 的线性形式
• 理解""转换温度""的物理意义（两种晶型稳定性相等的温度点）
• 建立""数据近似性""意识——竞赛和课堂常用简化数据，与科研精确值有区别","化学原理 热力学 热力学计算 rc_30d 化竞 基础要求 Gibbs自由能","Chem::Core","[[热力学计算]]","30d","易错点卡","热力学计算是指利用热力学基本定律和状态函数（内能 U、焓 H、熵 S、Gibbs 自由能 G）之间的关系，计算化学反应的能量变化、方向性和平衡常数。它是竞赛物理化学和无机化学计算的核心工具。"
"什么是焓？","焓（Enthalpy, H）：热力学状态函数，H = U + pV。在恒压过程中，焓变 ΔH = 系统吸收的热量 Qp。","化学原理 热力学 焓 rc_30d 化竞","Chem::Core","[[焓]]","30d","概念卡","关键结论：
符号约定
• \Delta H < 0：放热反应（Exothermic），生成物总焓值小于反应物总焓值
• \Delta H > 0：吸热反应（Endothermic），生成物总焓值大于反应物总焓值
• 体系吸热 Q > 0，体系放热 Q < 0；环境对体系做功 W > 0，体系对环境做功 W < 0

核心公式

（1）反应焓变由标准生成焓计算（最常用，式 5.9）
\Delta_r H^\ominus = \sum \nu_i \Delta_f H^\ominus(\text{产物}) - \sum \nu_i \Delta_f H^\ominus(\text{反应物})

实例：\mathrm{C_8H_{18}(l) + 12.5\ O_2(g) \to 8CO_2(g) + 9H_2O(l)}，\Delta H^\ominus = -5476\ \mathrm{kJ \cdot mol^{-1}}（由 \Delta_f H^\ominus 数据：\mathrm{CO_2}: -394，\mathrm{H_2O(l)}: -286，\mathrm{C_8H_{18}}: -250）。

（2）\Delta H 与 \Delta U 的关系（式 5.7）
\Delta H = \Delta U + p\Delta V

对理想气体反应：\Delta H = \Delta U + \Delta n RT（式 5.8：Q_p = Q_V + \Delta n RT）。一般化学反应的 \Delta H 和 \Delta U 差值很小（仅几 kJ/mol），溶液反应或固相反应中两者基本相等。

实例：\mathrm{N_2H_4(g) + O_2(g) \to N_2(g) + 2H_2O(l)}，\Delta U = -662，\Delta H = -665\ \mathrm{kJ \cdot mol^{-1}}（\Delta n = -1， | \Delta nRT |  = 2.5\ \mathrm{kJ \cdot mol^{-1}}）。

（3）由键焓估算 \Delta H（式 5.10）
\Delta H = \sum BE(\text{反应物断裂}) - \sum BE(\text{生成物生成})

键焓为正值（断键吸热），生成键时取负值。键焓是多种化合物中同种键焓的平均值，限于气态物质，精度有限。

实例：\mathrm{H_2(g) + \frac{1}{2}O_2(g) \to H_2O(g)}，由 BE 估算 \Delta H^\ominus = -243\ \mathrm{kJ \cdot mol^{-1}}，与实测生成焓 -242 吻合。

（4）温度对 \Delta H 的影响（Kirchhoff 定律）
\Delta H(T_2) = \Delta H(T_1) + \int_{T_1}^{T_2} \Delta C_p \, dT

在一定温度范围内 \Delta H 变化不大，多数情况下可近似视为常数。"
"焓 的关键结论有哪些？","符号约定
• \Delta H < 0：放热反应（Exothermic），生成物总焓值小于反应物总焓值
• \Delta H > 0：吸热反应（Endothermic），生成物总焓值大于反应物总焓值
• 体系吸热 Q > 0，体系放热 Q < 0；环境对体系做功 W > 0，体系对环境做功 W < 0

核心公式

（1）反应焓变由标准生成焓计算（最常用，式 5.9）
\Delta_r H^\ominus = \sum \nu_i \Delta_f H^\ominus(\text{产物}) - \sum \nu_i \Delta_f H^\ominus(\text{反应物})

实例：\mathrm{C_8H_{18}(l) + 12.5\ O_2(g) \to 8CO_2(g) + 9H_2O(l)}，\Delta H^\ominus = -5476\ \mathrm{kJ \cdot mol^{-1}}（由 \Delta_f H^\ominus 数据：\mathrm{CO_2}: -394，\mathrm{H_2O(l)}: -286，\mathrm{C_8H_{18}}: -250）。

（2）\Delta H 与 \Delta U 的关系（式 5.7）
\Delta H = \Delta U + p\Delta V

对理想气体反应：\Delta H = \Delta U + \Delta n RT（式 5.8：Q_p = Q_V + \Delta n RT）。一般化学反应的 \Delta H 和 \Delta U 差值很小（仅几 kJ/mol），溶液反应或固相反应中两者基本相等。

实例：\mathrm{N_2H_4(g) + O_2(g) \to N_2(g) + 2H_2O(l)}，\Delta U = -662，\Delta H = -665\ \mathrm{kJ \cdot mol^{-1}}（\Delta n = -1， | \Delta nRT |  = 2.5\ \mathrm{kJ \cdot mol^{-1}}）。

（3）由键焓估算 \Delta H（式 5.10）
\Delta H = \sum BE(\text{反应物断裂}) - \sum BE(\text{生成物生成})

键焓为正值（断键吸热），生成键时取负值。键焓是多种化合物中同种键焓的平均值，限于气态物质，精度有限。

实例：\mathrm{H_2(g) + \frac{1}{2}O_2(g) \to H_2O(g)}，由 BE 估算 \Delta H^\ominus = -243\ \mathrm{kJ \cdot mol^{-1}}，与实测生成焓 -242 吻合。

（4）温度对 \Delta H 的影响（Kirchhoff 定律）
\Delta H(T_2) = \Delta H(T_1) + \int_{T_1}^{T_2} \Delta C_p \, dT

在一定温度范围内 \Delta H 变化不大，多数情况下可近似视为常数。","化学原理 热力学 焓 rc_30d 化竞","Chem::Core","[[焓]]","30d","总结卡","焓（Enthalpy, H）：热力学状态函数，H = U + pV。在恒压过程中，焓变 ΔH = 系统吸收的热量 Qp。"
"什么是熵？","熵（Entropy, S）：体系微观状态数的度量，表征体系的混乱度/无序度。热力学第二定律：孤立体系的熵永不减少（\Delta S_\text{孤立} \geq 0）。","化学原理 热力学 熵 rc_30d 化竞","Chem::Core","[[熵]]","30d","概念卡","关键结论：
熵的定性判断
S 增大（ΔS > 0）的情况：• s → l → g（相变到更无序的状态）• 气体分子数增多• 温度升高• 分子越大/越复杂 → S 越大• 刚性分子 > 柔性分子

标准摩尔熵的规律（298 K，p^\ominus）
由实验数据总结的标准摩尔熵规律（选自教材§5.7 表5.2）：

（1）同一物质：气态 > 液态 > 固态• \mathrm{H_2O}：S^\ominus(\mathrm{g}) = 188.8，S^\ominus(\mathrm{l}) = 70.0 J/(mol·K)• \mathrm{Br_2}：S^\ominus(\mathrm{g}) = 245.5，S^\ominus(\mathrm{l}) = 152.2 J/(mol·K)

（2）同类物质：摩尔质量 M 越大，S^\ominus 越大（原子数、电子数越多，微观状态数越多）• 卤素单质(g)：\mathrm{F_2}（202.8）< \mathrm{Cl_2}（223.1）< \mathrm{Br_2}（245.5）< \mathrm{I_2}（260.7）• 烷烃(g)：\mathrm{CH_4}（186.4）< \mathrm{C_2H_6}（229.2）< \mathrm{C_3H_8}（270.3）< \mathrm{C_4H_{10}}（310.0）

（3）气态多原子分子 > 单原子（原子数多，微观状态数多）• \mathrm{O}（161）< \mathrm{O_2}（205.2）< \mathrm{O_3}（238.9）• \mathrm{N}（153）< \mathrm{NO}（210.8）< \mathrm{NO_2}（240.1）

（4）结构越复杂（对称性越低），S^\ominus 越大• 乙醇(g) 283 > 二甲醚(g) 267 J/(mol·K)（同分异构体，乙醇对称性更低）

（5）温度升高，S^\ominus 增大（动能增加，可及能级增多）• \mathrm{CS_2(l)}：161 K 时 103，298 K 时 150 J/(mol·K)

（6）压力增大，气态物质 S^\ominus 减小（固态、液态影响很小）• \mathrm{O_2(g)}：101 kPa 时 205，606 kPa 时 190 J/(mol·K)

反应熵变计算
\Delta_r S^\circ = \sum \nu S^\circ(\text{产物}) - \sum \nu S^\circ(\text{反应物})

计算示例（298 K）：• \mathrm{3H_2(g) + N_2(g) \rightarrow 2NH_3(g)}：
  \Delta S^\ominus = 2 \times 192.8 - (3 \times 130.7 + 191.6) = -198.1 \text{ J/(mol·K)}
  （\Delta n_\mathrm{g} = -2，气体分子数减少 → 熵减）• \mathrm{NH_4Cl(s) \rightarrow NH_4^+(aq) + Cl^-(aq)}：
  \Delta S^\ominus = (113.4 + 56.5) - 94.6 = +75.3 \text{ J/(mol·K)}
  （固体溶解并解离 → 混乱度增大 → 熵增）

教材表5.3 典型反应 \Delta S^\ominus 数据：
 |  反应  |  \Delta S^\ominus (J/(mol·K))  |  \Delta n_\mathrm{g}  | 
 | ------ | -------------------------------- | ------------------------ | 
 |  \mathrm{2Fe_2O_3(s)+3C(s)\rightarrow 4Fe(s)+3CO_2(g)}  |  +558.7  |  +3  | 
 |  \mathrm{Fe_2O_3(s)+3CO(g)\rightarrow 2Fe(s)+3CO_2(g)}  |  +15.5  |  0  | 
 |  \mathrm{N_2O_4(g)\rightarrow 2NO_2(g)}  |  +176.0  |  +1  | 
 |  \mathrm{CaO(s)+SO_3(g)\rightarrow CaSO_4(s)}  |  −188.4  |  −1  | 
 |  \mathrm{N_2(g)+3H_2(g)\rightarrow 2NH_3(g)}  |  −198.1  |  −2  | 

规律：\Delta n_\mathrm{g} > 0 → \Delta S^\ominus > 0（熵增）；\Delta n_\mathrm{g} < 0 → \Delta S^\ominus < 0（熵减）；\Delta n_\mathrm{g} = 0 → \Delta S^\ominus 通常很小。无气体参与的反应，总计量系数增加时一般 \Delta S^\ominus > 0。

相变熵
\Delta S_\text{相变} = \frac{\Delta H_\text{相变}}{T_\text{相变}}• Trouton 规则：多数液体的 \Delta S_\text{蒸发} \approx 85 J/(mol·K)"
"熵 的关键结论有哪些？","熵的定性判断
S 增大（ΔS > 0）的情况：• s → l → g（相变到更无序的状态）• 气体分子数增多• 温度升高• 分子越大/越复杂 → S 越大• 刚性分子 > 柔性分子

标准摩尔熵的规律（298 K，p^\ominus）
由实验数据总结的标准摩尔熵规律（选自教材§5.7 表5.2）：

（1）同一物质：气态 > 液态 > 固态• \mathrm{H_2O}：S^\ominus(\mathrm{g}) = 188.8，S^\ominus(\mathrm{l}) = 70.0 J/(mol·K)• \mathrm{Br_2}：S^\ominus(\mathrm{g}) = 245.5，S^\ominus(\mathrm{l}) = 152.2 J/(mol·K)

（2）同类物质：摩尔质量 M 越大，S^\ominus 越大（原子数、电子数越多，微观状态数越多）• 卤素单质(g)：\mathrm{F_2}（202.8）< \mathrm{Cl_2}（223.1）< \mathrm{Br_2}（245.5）< \mathrm{I_2}（260.7）• 烷烃(g)：\mathrm{CH_4}（186.4）< \mathrm{C_2H_6}（229.2）< \mathrm{C_3H_8}（270.3）< \mathrm{C_4H_{10}}（310.0）

（3）气态多原子分子 > 单原子（原子数多，微观状态数多）• \mathrm{O}（161）< \mathrm{O_2}（205.2）< \mathrm{O_3}（238.9）• \mathrm{N}（153）< \mathrm{NO}（210.8）< \mathrm{NO_2}（240.1）

（4）结构越复杂（对称性越低），S^\ominus 越大• 乙醇(g) 283 > 二甲醚(g) 267 J/(mol·K)（同分异构体，乙醇对称性更低）

（5）温度升高，S^\ominus 增大（动能增加，可及能级增多）• \mathrm{CS_2(l)}：161 K 时 103，298 K 时 150 J/(mol·K)

（6）压力增大，气态物质 S^\ominus 减小（固态、液态影响很小）• \mathrm{O_2(g)}：101 kPa 时 205，606 kPa 时 190 J/(mol·K)

反应熵变计算
\Delta_r S^\circ = \sum \nu S^\circ(\text{产物}) - \sum \nu S^\circ(\text{反应物})

计算示例（298 K）：• \mathrm{3H_2(g) + N_2(g) \rightarrow 2NH_3(g)}：
  \Delta S^\ominus = 2 \times 192.8 - (3 \times 130.7 + 191.6) = -198.1 \text{ J/(mol·K)}
  （\Delta n_\mathrm{g} = -2，气体分子数减少 → 熵减）• \mathrm{NH_4Cl(s) \rightarrow NH_4^+(aq) + Cl^-(aq)}：
  \Delta S^\ominus = (113.4 + 56.5) - 94.6 = +75.3 \text{ J/(mol·K)}
  （固体溶解并解离 → 混乱度增大 → 熵增）

教材表5.3 典型反应 \Delta S^\ominus 数据：
 |  反应  |  \Delta S^\ominus (J/(mol·K))  |  \Delta n_\mathrm{g}  | 
 | ------ | -------------------------------- | ------------------------ | 
 |  \mathrm{2Fe_2O_3(s)+3C(s)\rightarrow 4Fe(s)+3CO_2(g)}  |  +558.7  |  +3  | 
 |  \mathrm{Fe_2O_3(s)+3CO(g)\rightarrow 2Fe(s)+3CO_2(g)}  |  +15.5  |  0  | 
 |  \mathrm{N_2O_4(g)\rightarrow 2NO_2(g)}  |  +176.0  |  +1  | 
 |  \mathrm{CaO(s)+SO_3(g)\rightarrow CaSO_4(s)}  |  −188.4  |  −1  | 
 |  \mathrm{N_2(g)+3H_2(g)\rightarrow 2NH_3(g)}  |  −198.1  |  −2  | 

规律：\Delta n_\mathrm{g} > 0 → \Delta S^\ominus > 0（熵增）；\Delta n_\mathrm{g} < 0 → \Delta S^\ominus < 0（熵减）；\Delta n_\mathrm{g} = 0 → \Delta S^\ominus 通常很小。无气体参与的反应，总计量系数增加时一般 \Delta S^\ominus > 0。

相变熵
\Delta S_\text{相变} = \frac{\Delta H_\text{相变}}{T_\text{相变}}• Trouton 规则：多数液体的 \Delta S_\text{蒸发} \approx 85 J/(mol·K)","化学原理 热力学 熵 rc_30d 化竞","Chem::Core","[[熵]]","30d","总结卡","熵（Entropy, S）：体系微观状态数的度量，表征体系的混乱度/无序度。热力学第二定律：孤立体系的熵永不减少（\Delta S_\text{孤立} \geq 0）。"
"什么是物料守恒？","物料守恒（Mass Balance / Material Balance）是指在一个封闭化学体系中，某一元素或某一组分的总物质的量在反应前后保持不变。它是化学计算中最基本的守恒关系之一，常与电荷守恒、质子守恒联合使用，解决复杂平衡体系中的浓度计算问题。","化学原理 化学计量 物料守恒 rc_30d 化竞 基础要求 计量 守恒","Chem::Core","[[物料守恒]]","30d","概念卡","关键结论：
• [待补充]"
"物料守恒 的关键结论有哪些？","• [待补充]","化学原理 化学计量 物料守恒 rc_30d 化竞 基础要求 计量 守恒","Chem::Core","[[物料守恒]]","30d","总结卡","物料守恒（Mass Balance / Material Balance）是指在一个封闭化学体系中，某一元素或某一组分的总物质的量在反应前后保持不变。它是化学计算中最基本的守恒关系之一，常与电荷守恒、质子守恒联合使用，解决复杂平衡体系中的浓度计算问题。"
"物料守恒 有哪些常见易错点？","• [待补充]","化学原理 化学计量 物料守恒 rc_30d 化竞 基础要求 计量 守恒","Chem::Core","[[物料守恒]]","30d","易错点卡","物料守恒（Mass Balance / Material Balance）是指在一个封闭化学体系中，某一元素或某一组分的总物质的量在反应前后保持不变。它是化学计算中最基本的守恒关系之一，常与电荷守恒、质子守恒联合使用，解决复杂平衡体系中的浓度计算问题。"
"什么是理想气体？","理想气体状态方程：pV = nRT","化学原理 气体与溶液 理想气体 rc_30d 化竞 气体","Chem::Core","[[理想气体]]","30d","概念卡","关键结论：
基本定律
• Boyle 定律：pV = \text{恒量}（T, n 恒定）
• Charles-Gay-Lussac 定律：V/T = \text{恒量}（p, n 恒定），热力学零度为 -273.15^\circ\mathrm{C}
• Avogadro 定律：同温同压下，同体积气体的物质的量相同（p_A = p_B, T_A = T_B, V_A = V_B \Rightarrow n_A = n_B）
• Graham 扩散定律：等温等压下 v_A/v_B = \sqrt{\rho_B/\rho_A} = \sqrt{M_B/M_A}，均方根速率 v_{\mathrm{rms}} = \sqrt{3RT/M}

理想气体 vs 真实气体对比（周坤无机新课讲义 · 资产 B4-17 · 可信度：高）

来源：教学逻辑提炼-周坤无机新课-晶体配合物与气体-第一轮

 |  特征  |  理想气体  |  真实气体  | 
 | :--- | :--- | :--- | 
 |  分子体积  |  忽略不计（视为质点） |  不可忽略  | 
 |  分子间力  |  无相互作用  |  存在 van der Waals 引力  | 
 |  状态方程  |  pV = nRT  |  (p + an²/V²)(V - nb) = nRT  | 
 |  适用条件  |  低压、高温  |  需修正  | 
 |  **压缩系数"
"理想气体 的关键结论有哪些？","基本定律
• Boyle 定律：pV = \text{恒量}（T, n 恒定）
• Charles-Gay-Lussac 定律：V/T = \text{恒量}（p, n 恒定），热力学零度为 -273.15^\circ\mathrm{C}
• Avogadro 定律：同温同压下，同体积气体的物质的量相同（p_A = p_B, T_A = T_B, V_A = V_B \Rightarrow n_A = n_B）
• Graham 扩散定律：等温等压下 v_A/v_B = \sqrt{\rho_B/\rho_A} = \sqrt{M_B/M_A}，均方根速率 v_{\mathrm{rms}} = \sqrt{3RT/M}

理想气体 vs 真实气体对比（周坤无机新课讲义 · 资产 B4-17 · 可信度：高）

来源：教学逻辑提炼-周坤无机新课-晶体配合物与气体-第一轮

 |  特征  |  理想气体  |  真实气体  | 
 | :--- | :--- | :--- | 
 |  分子体积  |  忽略不计（视为质点） |  不可忽略  | 
 |  分子间力  |  无相互作用  |  存在 van der Waals 引力  | 
 |  状态方程  |  pV = nRT  |  (p + an²/V²)(V - nb) = nRT  | 
 |  适用条件  |  低压、高温  |  需修正  | 
 |  **压缩系数","化学原理 气体与溶液 理想气体 rc_30d 化竞 气体","Chem::Core","[[理想气体]]","30d","总结卡","理想气体状态方程：pV = nRT"
"理想气体 有哪些常见易错点？","• [待补充]","化学原理 气体与溶液 理想气体 rc_30d 化竞 气体","Chem::Core","[[理想气体]]","30d","易错点卡","理想气体状态方程：pV = nRT"
"什么是理想气体状态方程？","理想气体状态方程（Clapeyron 方程）：","化学原理 气体与溶液 理想气体状态方程 rc_30d 化竞 气体","Chem::Core","[[理想气体状态方程]]","30d","概念卡","关键结论：
密度形式
由 pV = nRT = \frac{m}{M}RT，得：
M = \rho \frac{RT}{p}

应用：测定气体的密度 \rho，即可求得其摩尔质量 M，进而确定分子式。这是化学史上确定分子量和原子量的重要方法。

例：在 80^\circ\mathrm{C}、15.6\ \mathrm{kPa} 时，某气态氟化氙密度为 0.899\ \mathrm{g \cdot dm^{-3}}，则：
M = \frac{0.899 \times 8.31 \times 353}{15.6} = 169\ \mathrm{g \cdot mol^{-1}}
已知 Xe 为 131，F 为 19，131 + 19x = 169，得 x = 2，分子式为 \mathrm{XeF_2}。

标准状况下的摩尔体积
在标准状况（STP：273.15\ \mathrm{K}，101.33\ \mathrm{kPa}）下，1\ \mathrm{mol} 理想气体的摩尔体积为：
V_m = 22.414\ \mathrm{dm^3 \cdot mol^{-1}}
（1986 年 CODATA 推荐值：22.41410\ \mathrm{dm^3 \cdot mol^{-1}}）

摩尔质量测定的外延法
实际气体不完全理想，pV 随 p 变化。测定不同低压下的 \rho，计算 pV，以 pV 对 p 作图得直线，外延至 p \to 0 即得理想状态值。这种外延法可精确求得摩尔质量（误差远小于直接单点测定）。"
"理想气体状态方程 的关键结论有哪些？","密度形式
由 pV = nRT = \frac{m}{M}RT，得：
M = \rho \frac{RT}{p}

应用：测定气体的密度 \rho，即可求得其摩尔质量 M，进而确定分子式。这是化学史上确定分子量和原子量的重要方法。

例：在 80^\circ\mathrm{C}、15.6\ \mathrm{kPa} 时，某气态氟化氙密度为 0.899\ \mathrm{g \cdot dm^{-3}}，则：
M = \frac{0.899 \times 8.31 \times 353}{15.6} = 169\ \mathrm{g \cdot mol^{-1}}
已知 Xe 为 131，F 为 19，131 + 19x = 169，得 x = 2，分子式为 \mathrm{XeF_2}。

标准状况下的摩尔体积
在标准状况（STP：273.15\ \mathrm{K}，101.33\ \mathrm{kPa}）下，1\ \mathrm{mol} 理想气体的摩尔体积为：
V_m = 22.414\ \mathrm{dm^3 \cdot mol^{-1}}
（1986 年 CODATA 推荐值：22.41410\ \mathrm{dm^3 \cdot mol^{-1}}）

摩尔质量测定的外延法
实际气体不完全理想，pV 随 p 变化。测定不同低压下的 \rho，计算 pV，以 pV 对 p 作图得直线，外延至 p \to 0 即得理想状态值。这种外延法可精确求得摩尔质量（误差远小于直接单点测定）。","化学原理 气体与溶液 理想气体状态方程 rc_30d 化竞 气体","Chem::Core","[[理想气体状态方程]]","30d","总结卡","理想气体状态方程（Clapeyron 方程）："
"理想气体状态方程 有哪些常见易错点？","• 单位不匹配：用了 \mathrm{kPa} 却选 R = 0.0821\ \mathrm{atm\cdot dm^3 \cdot mol^{-1} \cdot K^{-1}}，结果差约 100 倍• 忘记 T 换算：直接用 20^\circ\mathrm{C} 代入公式，将得到荒谬结果• 密度公式的 R 选用：\rho 单位为 \mathrm{g \cdot dm^{-3}} 时 R 选 8.31\ \mathrm{kPa \cdot dm^3 \cdot mol^{-1} \cdot K^{-1}}，得 M 单位为 \mathrm{g \cdot mol^{-1}}• 混合气体直接套用：混合气体需先用 Dalton分压定律 处理分压","化学原理 气体与溶液 理想气体状态方程 rc_30d 化竞 气体","Chem::Core","[[理想气体状态方程]]","30d","易错点卡","理想气体状态方程（Clapeyron 方程）："
"什么是电化学？","电化学（Electrochemistry）：研究化学能与电能相互转化规律的科学。涉及：
• 原电池（Galvanic Cell）：利用自发氧化还原反应产生电流
• 电解池（Electrolytic Cell）：利用外加电流驱动非自发氧化还原反应
• 电极电势（Electrode Potential）：衡量物质氧化还原能力的物理量","化学原理 电化学 rc_30d 化竞 氧化还原 Nernst方程","Chem::Core","[[电化学]]","30d","概念卡","关键结论：
• 电极电势越高，氧化态的氧化能力越强；电极电势越低，还原态的还原能力越强
• 电池电动势 E池 = E正 - E负，用于判断反应自发性和计算平衡常数
• ΔG° = -nFE池°，连接电化学与热力学
• Nernst方程描述浓度对电极电势的影响，是电化学计算的核心工具
• 有H⁺参与的电极反应，酸度对电极电势影响很大
• 沉淀和络合反应通过改变离子浓度间接影响电极电势
• 超电势使实际电解电压高于理论值，影响电解产物
• Latimer图中电极电势的计算必须用ΔG°加和，不能直接加减E°

---"
"电化学 的关键结论有哪些？","• 电极电势越高，氧化态的氧化能力越强；电极电势越低，还原态的还原能力越强
• 电池电动势 E池 = E正 - E负，用于判断反应自发性和计算平衡常数
• ΔG° = -nFE池°，连接电化学与热力学
• Nernst方程描述浓度对电极电势的影响，是电化学计算的核心工具
• 有H⁺参与的电极反应，酸度对电极电势影响很大
• 沉淀和络合反应通过改变离子浓度间接影响电极电势
• 超电势使实际电解电压高于理论值，影响电解产物
• Latimer图中电极电势的计算必须用ΔG°加和，不能直接加减E°

---","化学原理 电化学 rc_30d 化竞 氧化还原 Nernst方程","Chem::Core","[[电化学]]","30d","总结卡","电化学（Electrochemistry）：研究化学能与电能相互转化规律的科学。涉及：
• 原电池（Galvanic Cell）：利用自发氧化还原反应产生电流
• 电解池（Electrolytic Cell）：利用外加电流驱动非自发氧化还原反应
• 电极电势（Electrode Potential）：衡量物质氧化还原能力的物理量"
"电化学 有哪些常见易错点？","• 电极电势的加和性错误
• 错误：E₃° = E₁° - E₂°
• 正确：n₃E₃° = n₁E₁° - n₂E₂°（通过ΔG°加和）
• 原电池与电解池电极名称混淆
• 错误：原电池的正极叫阳极
• 正确：原电池只有正/负极；电解池才有阴/阳极（但正极=阴极，负极=阳极）
• Nernst方程符号错误
• 错误：E = E° - (0.0591/n)lg([氧化态]/[还原态])
• 正确：E = E° + (0.0591/n)lg([氧化态]/[还原态])
• 忽略超电势对电解产物的影响
• 错误：完全按标准电极电势判断电解产物
• 正确：实际电解需考虑超电势，如H₂在","化学原理 电化学 rc_30d 化竞 氧化还原 Nernst方程","Chem::Core","[[电化学]]","30d","易错点卡","电化学（Electrochemistry）：研究化学能与电能相互转化规律的科学。涉及：
• 原电池（Galvanic Cell）：利用自发氧化还原反应产生电流
• 电解池（Electrolytic Cell）：利用外加电流驱动非自发氧化还原反应
• 电极电势（Electrode Potential）：衡量物质氧化还原能力的物理量"
"什么是电极？","电极（Electrode）：导体（金属/石墨等）与电解质溶液（或熔融态/固态电解质）的接触界面，发生电荷转移（氧化或还原反应）的体系。又称半电池（half-cell）。","化学原理 电化学 电极 rc_30d 化竞 半电池","Chem::Core","[[电极]]","30d","概念卡","关键结论：
4 种基本电极类型
• 第一类电极（金属-金属离子电极）
• 金属浸在自身离子溶液中
• 示例：\text{Cu}  |  \text{Cu}^{2+}，$\text{"
"电极 的关键结论有哪些？","4 种基本电极类型
• 第一类电极（金属-金属离子电极）
• 金属浸在自身离子溶液中
• 示例：\text{Cu}  |  \text{Cu}^{2+}，$\text{","化学原理 电化学 电极 rc_30d 化竞 半电池","Chem::Core","[[电极]]","30d","总结卡","电极（Electrode）：导体（金属/石墨等）与电解质溶液（或熔融态/固态电解质）的接触界面，发生电荷转移（氧化或还原反应）的体系。又称半电池（half-cell）。"
"电极 有哪些常见易错点？","• ❌ 错：阳极一定是负极——电解池阳极接 +，原电池阳极（= 负极）接 −
• ❌ 错：氢电极的 \varphi° = 0 是测出的——是规定的（基准）
• ❌ 错：所有电极都得用 Pt——只有惰性电极用 Pt（C 也可）
• ❌ 错：电极反应可以写成氧化方向——表中标准化为还原方向
• ❌ 错：参比电极是 SHE——实验室常用 SCE 或 Ag/AgCl","化学原理 电化学 电极 rc_30d 化竞 半电池","Chem::Core","[[电极]]","30d","易错点卡","电极（Electrode）：导体（金属/石墨等）与电解质溶液（或熔融态/固态电解质）的接触界面，发生电荷转移（氧化或还原反应）的体系。又称半电池（half-cell）。"
"什么是电荷守恒？","电荷守恒（Charge Balance / Electroneutrality）是指在任何电解质溶液或晶体中，正电荷总量等于负电荷总量，体系整体呈电中性。它是化学计算中最基本的守恒关系之一，常与物料守恒、质子守恒联合使用。","化学原理 化学计量 电荷守恒 rc_30d 化竞 基础要求 守恒 电解质溶液","Chem::Core","[[电荷守恒]]","30d","概念卡","关键结论：
• [待补充]"
"电荷守恒 的关键结论有哪些？","• [待补充]","化学原理 化学计量 电荷守恒 rc_30d 化竞 基础要求 守恒 电解质溶液","Chem::Core","[[电荷守恒]]","30d","总结卡","电荷守恒（Charge Balance / Electroneutrality）是指在任何电解质溶液或晶体中，正电荷总量等于负电荷总量，体系整体呈电中性。它是化学计算中最基本的守恒关系之一，常与物料守恒、质子守恒联合使用。"
"电荷守恒 有哪些常见易错点？","• [待补充]","化学原理 化学计量 电荷守恒 rc_30d 化竞 基础要求 守恒 电解质溶液","Chem::Core","[[电荷守恒]]","30d","易错点卡","电荷守恒（Charge Balance / Electroneutrality）是指在任何电解质溶液或晶体中，正电荷总量等于负电荷总量，体系整体呈电中性。它是化学计算中最基本的守恒关系之一，常与物料守恒、质子守恒联合使用。"
"什么是疏水相互作用？","疏水相互作用（Hydrophobic Interaction）：非极性分子（或非极性基团）在水溶液中倾向于聚集在一起、远离水环境的效应。","化学原理 分子间作用力 疏水相互作用 rc_30d 化竞 分子间力","Chem::Core","[[疏水相互作用]]","30d","概念卡","关键结论：
蛋白质折叠中的疏水作用• 蛋白质折叠的主要驱动力之一是疏水相互作用• 水溶性蛋白的折叠将非极性侧链（Val、Leu、Ile、Phe 等）包裹在蛋白质内部，形成疏水核心• 极性/带电侧链暴露在蛋白质表面，与水形成氢键或离子-偶极作用• 疏水相互作用使蛋白质从不规则卷曲态折叠为紧密的天然构象

胶束（Micelle）形成• 表面活性剂分子（如 SDS、CTAB）具有两亲结构：亲水头基 + 疏水尾链• 水中浓度超过临界胶束浓度（CMC）时，疏水尾链聚集于胶束内部，亲水头基朝外• 胶束的核心驱动力正是疏水相互作用——尾链脱离水环境

生物膜结构• 细胞膜由磷脂双分子层构成• 磷脂的两个疏水脂肪酰链朝向膜内部，亲水的磷酸头基朝向膜内外表面• 这种自组装结构完全由疏水相互作用驱动形成• 膜蛋白的跨膜区段富含疏水氨基酸残基，嵌入脂双层内部

有机合成中的""水中反应""• 近年发展出""on water""反应：有些有机反应在水中的速率远大于在有机溶剂中• 可部分归因于疏水效应——非极性反应物被迫聚集，增大了有效碰撞频率"
"疏水相互作用 的关键结论有哪些？","蛋白质折叠中的疏水作用• 蛋白质折叠的主要驱动力之一是疏水相互作用• 水溶性蛋白的折叠将非极性侧链（Val、Leu、Ile、Phe 等）包裹在蛋白质内部，形成疏水核心• 极性/带电侧链暴露在蛋白质表面，与水形成氢键或离子-偶极作用• 疏水相互作用使蛋白质从不规则卷曲态折叠为紧密的天然构象

胶束（Micelle）形成• 表面活性剂分子（如 SDS、CTAB）具有两亲结构：亲水头基 + 疏水尾链• 水中浓度超过临界胶束浓度（CMC）时，疏水尾链聚集于胶束内部，亲水头基朝外• 胶束的核心驱动力正是疏水相互作用——尾链脱离水环境

生物膜结构• 细胞膜由磷脂双分子层构成• 磷脂的两个疏水脂肪酰链朝向膜内部，亲水的磷酸头基朝向膜内外表面• 这种自组装结构完全由疏水相互作用驱动形成• 膜蛋白的跨膜区段富含疏水氨基酸残基，嵌入脂双层内部

有机合成中的""水中反应""• 近年发展出""on water""反应：有些有机反应在水中的速率远大于在有机溶剂中• 可部分归因于疏水效应——非极性反应物被迫聚集，增大了有效碰撞频率","化学原理 分子间作用力 疏水相互作用 rc_30d 化竞 分子间力","Chem::Core","[[疏水相互作用]]","30d","总结卡","疏水相互作用（Hydrophobic Interaction）：非极性分子（或非极性基团）在水溶液中倾向于聚集在一起、远离水环境的效应。"
"疏水相互作用 有哪些常见易错点？","• 把疏水作用当作一种真正的""力""或""键""——它是热力学效应，是体系熵增的宏观表现• 将疏水作用等同于范德华力——本质完全不同：一个熵驱动（溶剂效应），一个焓驱动（分子间力）• 认为疏水作用只在生物大分子中存在——小到甲烷在水中溶解度低，大到胶束自组装，都涉及疏水效应• 混淆 \Delta G < 0 的条件——疏水分子聚集时 T\Delta S 很大（熵增有利），但 \Delta H 通常很小甚至为正","化学原理 分子间作用力 疏水相互作用 rc_30d 化竞 分子间力","Chem::Core","[[疏水相互作用]]","30d","易错点卡","疏水相互作用（Hydrophobic Interaction）：非极性分子（或非极性基团）在水溶液中倾向于聚集在一起、远离水环境的效应。"
"什么是离域π键？","离域 π 键（大 π 键）：由 ≥3 个原子提供的 p 轨道侧面重叠形成的 π 键，电子在整个多原子体系内离域。用 \Pi_m^n 表示：n 个电子在 m 个原子上离域。","无机和结构化学 化学原理 分子结构 离域π键 rc_30d 化竞 结构化学","Chem::Core","[[离域π键]]","30d","概念卡","关键结论：
常见离域 π 键
 |  符号  |  电子数  |  中心数  |  实例  | 
 | ------ | :---: | :---: | ------ | 
 |  \Pi_3^3  |  3  |  3  |  NO₂（奇数电子）  | 
 |  \Pi_3^4  |  4  |  3  |  O₃, SO₂, NO₂⁻  | 
 |  \Pi_4^4  |  4  |  4  |  环丁二烯（反芳香）  | 
 |  \Pi_4^6  |  6  |  4  |  CO₃²⁻, NO₃⁻, BF₃  | 
 |  \Pi_5^6  |  6  |  5  |  环戊二烯负离子（芳香）  | 
 |  \Pi_6^6  |  6  |  6  |  苯  | 
 |  \Pi_6^7  |  7  |  6  |  环庚三烯自由基  | 
 |  \Pi_3^2  |  2  |  3  |  环丙烯正离子（芳香，n=0）  | 

电子计数法
• 每个双键 = 2 个 π 电子
• 碳正离子（空 p）= 0
• 碳负离子（孤对在 p）= 2
• 杂原子孤对在 p = 2，在 sp² = 0"
"离域π键 的关键结论有哪些？","常见离域 π 键
 |  符号  |  电子数  |  中心数  |  实例  | 
 | ------ | :---: | :---: | ------ | 
 |  \Pi_3^3  |  3  |  3  |  NO₂（奇数电子）  | 
 |  \Pi_3^4  |  4  |  3  |  O₃, SO₂, NO₂⁻  | 
 |  \Pi_4^4  |  4  |  4  |  环丁二烯（反芳香）  | 
 |  \Pi_4^6  |  6  |  4  |  CO₃²⁻, NO₃⁻, BF₃  | 
 |  \Pi_5^6  |  6  |  5  |  环戊二烯负离子（芳香）  | 
 |  \Pi_6^6  |  6  |  6  |  苯  | 
 |  \Pi_6^7  |  7  |  6  |  环庚三烯自由基  | 
 |  \Pi_3^2  |  2  |  3  |  环丙烯正离子（芳香，n=0）  | 

电子计数法
• 每个双键 = 2 个 π 电子
• 碳正离子（空 p）= 0
• 碳负离子（孤对在 p）= 2
• 杂原子孤对在 p = 2，在 sp² = 0","无机和结构化学 化学原理 分子结构 离域π键 rc_30d 化竞 结构化学","Chem::Core","[[离域π键]]","30d","总结卡","离域 π 键（大 π 键）：由 ≥3 个原子提供的 p 轨道侧面重叠形成的 π 键，电子在整个多原子体系内离域。用 \Pi_m^n 表示：n 个电子在 m 个原子上离域。"
"离域π键 有哪些常见易错点？","• \Pi_m^n 中 n 是电子数不是电子对数
• 杂原子孤对电子是否参与 \pi 键取决于它是否在 p 轨道上（垂直于平面）
• 离域 \pi 键不是""单双键交替""，而是所有键均等（如苯）
• NO_2 的 \Pi_3^3 含奇数电子 \to 分子为顺磁性","无机和结构化学 化学原理 分子结构 离域π键 rc_30d 化竞 结构化学","Chem::Core","[[离域π键]]","30d","易错点卡","离域 π 键（大 π 键）：由 ≥3 个原子提供的 p 轨道侧面重叠形成的 π 键，电子在整个多原子体系内离域。用 \Pi_m^n 表示：n 个电子在 m 个原子上离域。"
"什么是离子方程式？","离子方程式是用实际参加反应的离子符号表示离子反应的式子。它比化学方程式更能反映反应的本质，因为它省略了未参与反应的 spectator ions（旁观离子），直接展示了反应的核心过程。","化学原理 化学计量 离子方程式 rc_30d 化竞 基础要求 离子反应 方程式","Chem::Core","[[离子方程式]]","30d","概念卡","关键结论：
• [待补充]"
"离子方程式 的关键结论有哪些？","• [待补充]","化学原理 化学计量 离子方程式 rc_30d 化竞 基础要求 离子反应 方程式","Chem::Core","[[离子方程式]]","30d","总结卡","离子方程式是用实际参加反应的离子符号表示离子反应的式子。它比化学方程式更能反映反应的本质，因为它省略了未参与反应的 spectator ions（旁观离子），直接展示了反应的核心过程。"
"离子方程式 有哪些常见易错点？","• [待补充]","化学原理 化学计量 离子方程式 rc_30d 化竞 基础要求 离子反应 方程式","Chem::Core","[[离子方程式]]","30d","易错点卡","离子方程式是用实际参加反应的离子符号表示离子反应的式子。它比化学方程式更能反映反应的本质，因为它省略了未参与反应的 spectator ions（旁观离子），直接展示了反应的核心过程。"
"什么是离子键？","离子键：由正负离子之间的静电引力形成的化学键。通常形成于电负性差很大的原子之间（金属 + 非金属）。","无机和结构化学 化学原理 分子结构 离子键 rc_30d 化竞 结构化学 化学键","Chem::Core","[[离子键]]","30d","概念卡","关键结论：
影响离子键强度的因素• 离子电荷越大 → 键越强• 离子半径越小 → 键越强• 晶格类型

Fajans 规则（离子极化）
阳离子极化能力↑（小半径、高电荷、非惰气型电子构型）→ 共价性↑：• 实例：AgCl（难溶，共价性强于 NaCl）vs NaCl（易溶）"
"离子键 的关键结论有哪些？","影响离子键强度的因素• 离子电荷越大 → 键越强• 离子半径越小 → 键越强• 晶格类型

Fajans 规则（离子极化）
阳离子极化能力↑（小半径、高电荷、非惰气型电子构型）→ 共价性↑：• 实例：AgCl（难溶，共价性强于 NaCl）vs NaCl（易溶）","无机和结构化学 化学原理 分子结构 离子键 rc_30d 化竞 结构化学 化学键","Chem::Core","[[离子键]]","30d","总结卡","离子键：由正负离子之间的静电引力形成的化学键。通常形成于电负性差很大的原子之间（金属 + 非金属）。"
"离子键 有哪些常见易错点？","• 离子键无方向性和饱和性，但晶体有确定配位数（由半径比决定，非价电子数决定）• NaCl 不是分子式，是化学式• 晶格能是绝对值（正值），-\Delta H = U","无机和结构化学 化学原理 分子结构 离子键 rc_30d 化竞 结构化学 化学键","Chem::Core","[[离子键]]","30d","易错点卡","离子键：由正负离子之间的静电引力形成的化学键。通常形成于电负性差很大的原子之间（金属 + 非金属）。"
"什么是稀土元素？","稀土元素（Rare Earth Elements, REE）：周期表中 17 个化学性质相似的金属元素的总称：
• 镧系（Lanthanides）：La(57) ~ Lu(71)，共 15 个元素（4f 填充）
• 钪族：Sc(21)、Y(39) —— 因为半径和化学性质与镧系相似，传统归入稀土","无机和结构化学 化学原理 元素周期律与f区化学 稀土元素 rc_30d 化竞 周期表 稀土 f区 镧系收缩","Chem::Core","[[稀土元素]]","30d","概念卡","关键结论：
• 4f 轨道的类芯性是镧系化学一致性的根源：几乎不参与成键，Ln³⁺ 化学由静电主导。
• 镧系收缩是周期表中最规律的半径变化：相邻元素仅差 ~1 pm，导致"
"稀土元素 的关键结论有哪些？","• 4f 轨道的类芯性是镧系化学一致性的根源：几乎不参与成键，Ln³⁺ 化学由静电主导。
• 镧系收缩是周期表中最规律的半径变化：相邻元素仅差 ~1 pm，导致","无机和结构化学 化学原理 元素周期律与f区化学 稀土元素 rc_30d 化竞 周期表 稀土 f区 镧系收缩","Chem::Core","[[稀土元素]]","30d","总结卡","稀土元素（Rare Earth Elements, REE）：周期表中 17 个化学性质相似的金属元素的总称：
• 镧系（Lanthanides）：La(57) ~ Lu(71)，共 15 个元素（4f 填充）
• 钪族：Sc(21)、Y(39) —— 因为半径和化学性质与镧系相似，传统归入稀土"
"稀土元素 有哪些常见易错点？","• ❌ 错：稀土稀有 —— Ce、La 比 Au、Ag 丰富得多，""稀""的是富集和分离
• ❌ 错：稀土都是 +3 价 —— Ce⁴⁺、Eu²⁺、Yb²⁺、Tb⁴⁺ 也稳定
• ❌ 错：稀土只是镧系 —— 稀土 = 镧系 15 + Sc + Y = 17 种
• ❌ 错：稀土容易分离 —— 半径相近（相邻仅差 ~1 pm），化学分离极困难
• ❌ 错：f-f 和 d-d 跃迁相似 —— 形状、强度、配体敏感性均截然不同
• ❌ 错：镧系用唯自旋磁矩公式 —— 必须用含轨道贡献的 Landé 公式
• ❌ 错：镧系也有 LFSE —— 4f 深埋，配位场效应可忽略，几何由位阻决定
• ❌ 错：锕系和镧系化学性质完全相同 —— 前锕系（Th~Pu）更像 d 区，多变价、共价性强
• ❌ 错：UO₂²⁺ 中 U 为 +2 —— U 为 +6，两个氧各为 −2，整体 2+ 电荷；键级约为 3（含 π 键）","无机和结构化学 化学原理 元素周期律与f区化学 稀土元素 rc_30d 化竞 周期表 稀土 f区 镧系收缩","Chem::Core","[[稀土元素]]","30d","易错点卡","稀土元素（Rare Earth Elements, REE）：周期表中 17 个化学性质相似的金属元素的总称：
• 镧系（Lanthanides）：La(57) ~ Lu(71)，共 15 个元素（4f 填充）
• 钪族：Sc(21)、Y(39) —— 因为半径和化学性质与镧系相似，传统归入稀土"
"什么是稳定常数？","稳定常数 Kf（形成常数）：配合物形成反应的平衡常数。","化学原理 化学平衡 稳定常数 rc_30d 化竞 配位化学","Chem::Core","[[稳定常数]]","30d","概念卡","关键结论：
• 常见金属氨配离子的逐级稳定常数（表 14.12）：

 |  配离子  |  K_1  |  K_2  |  K_3  |  K_4  |  K_5  |  K_6  | 
 | :--- | :---: | :---: | :---: | :---: | :---: | :---: | 
 |  \mathrm{Ag(NH_3)_2^+}  |  1.7\!\times\!10^3  |  6.5\!\times\!10^3  |  —  |  —  |  —  |  —  | 
 |  $\mathrm{"
"稳定常数 的关键结论有哪些？","• 常见金属氨配离子的逐级稳定常数（表 14.12）：

 |  配离子  |  K_1  |  K_2  |  K_3  |  K_4  |  K_5  |  K_6  | 
 | :--- | :---: | :---: | :---: | :---: | :---: | :---: | 
 |  \mathrm{Ag(NH_3)_2^+}  |  1.7\!\times\!10^3  |  6.5\!\times\!10^3  |  —  |  —  |  —  |  —  | 
 |  $\mathrm{","化学原理 化学平衡 稳定常数 rc_30d 化竞 配位化学","Chem::Core","[[稳定常数]]","30d","总结卡","稳定常数 Kf（形成常数）：配合物形成反应的平衡常数。"
"什么是等温方程？","化学反应等温方程（van't Hoff Isotherm, Reaction Isotherm）：在恒温下，化学反应的实际吉布斯自由能变与标准吉布斯自由能变、反应商的关系：","化学原理 热力学 等温方程 rc_30d 化竞 反应商","Chem::Core","[[等温方程]]","30d","概念卡","关键结论：
等温方程的""4 大变形""
 |  形式  |  公式  |  用途  | 
 | --- | --- | --- | 
 |  通用  |  \Delta G = \Delta G° + RT\ln Q  |  求任意态 \Delta G  | 
 |  平衡  |  \Delta G° = -RT\ln K°  |  由 \Delta G° 求 K°  | 
 |  差值  |  \Delta G = RT\ln(Q/K°)  |  比较 Q 与 K°  | 
 |  偏导  |  \partial(\Delta G°)/\partial T  |  用于 van't Hoff 方程  | 

标准态的关键作用
• 标准态：Q = 1
• 此时 \Delta G = \Delta G° + RT\ln 1 = \Delta G°
• 即 \Delta G° 就是""反应物和产物各处于标准态时的 \Delta G""

""标准态自发""≠""实际自发""
• \Delta G° < 0：标准态下正向自发
• 但实际若 Q 极大（产物极多），可能 \Delta G > 0 → 逆向自发
• 实例：合成氨标准态下 \Delta G° = -33 kJ/mol（正向），但在 1000 K 下 NH₃ 不稳定，分解

等温方程的几个特征
• \Delta G 是反应进度的函数（不是状态函数，随反应进度变化）
• \Delta G° 是温度的函数（与浓度/压强无关）
• Q 是组成的函数（不依赖反应进度的具体路径）"
"等温方程 的关键结论有哪些？","等温方程的""4 大变形""
 |  形式  |  公式  |  用途  | 
 | --- | --- | --- | 
 |  通用  |  \Delta G = \Delta G° + RT\ln Q  |  求任意态 \Delta G  | 
 |  平衡  |  \Delta G° = -RT\ln K°  |  由 \Delta G° 求 K°  | 
 |  差值  |  \Delta G = RT\ln(Q/K°)  |  比较 Q 与 K°  | 
 |  偏导  |  \partial(\Delta G°)/\partial T  |  用于 van't Hoff 方程  | 

标准态的关键作用
• 标准态：Q = 1
• 此时 \Delta G = \Delta G° + RT\ln 1 = \Delta G°
• 即 \Delta G° 就是""反应物和产物各处于标准态时的 \Delta G""

""标准态自发""≠""实际自发""
• \Delta G° < 0：标准态下正向自发
• 但实际若 Q 极大（产物极多），可能 \Delta G > 0 → 逆向自发
• 实例：合成氨标准态下 \Delta G° = -33 kJ/mol（正向），但在 1000 K 下 NH₃ 不稳定，分解

等温方程的几个特征
• \Delta G 是反应进度的函数（不是状态函数，随反应进度变化）
• \Delta G° 是温度的函数（与浓度/压强无关）
• Q 是组成的函数（不依赖反应进度的具体路径）","化学原理 热力学 等温方程 rc_30d 化竞 反应商","Chem::Core","[[等温方程]]","30d","总结卡","化学反应等温方程（van't Hoff Isotherm, Reaction Isotherm）：在恒温下，化学反应的实际吉布斯自由能变与标准吉布斯自由能变、反应商的关系："
"等温方程 有哪些常见易错点？","• ❌ 错：用 \Delta H° 代替 \Delta G° 判断方向——必须用 \Delta G
• ❌ 错：标准态时 \Delta G \neq \Delta G°——标准态正是 \Delta G = \Delta G° 的情况
• ❌ 错：Q 用浓度/分压不除 c°/p°——Q 是无量纲的活度比
• ❌ 错：\ln Q 用 \log_{10} Q——必须用自然对数
• ❌ 错：298 K 的 \Delta G° 适用其他 T——必须用相应 T 的 \Delta G°(T)","化学原理 热力学 等温方程 rc_30d 化竞 反应商","Chem::Core","[[等温方程]]","30d","易错点卡","化学反应等温方程（van't Hoff Isotherm, Reaction Isotherm）：在恒温下，化学反应的实际吉布斯自由能变与标准吉布斯自由能变、反应商的关系："
"什么是等电子体？","等电子体：具有相同总电子数（或相同价电子数）和相同原子数的物种。等电子体往往具有相似的分子结构和化学键特征。","无机和结构化学 化学原理 分子结构 等电子体 rc_30d 化竞 结构化学","Chem::Core","[[等电子体]]","30d","概念卡","关键结论：
经典等电子体系列
 |  电子总数  |  物种  |  结构特征  | 
 | :---: | ------ | ------ | 
 |  10 e⁻  |  Ne, HF, H₂O, NH₃, CH₄  |  等电子但结构不同（键数不同）  | 
 |  14 e⁻  |  N₂, CO, CN⁻, NO⁺, C₂²⁻  |  三键，等电子+等结构  | 
 |  16 e⁻  |  O₂²⁺?, CO₂, N₂O, N₃⁻, OCN⁻  |  直线形（CO₂ 类）  | 
 |  22 e⁻  |  CO₂, N₂O, N₃⁻, OCN⁻  |  直线形，16 e⁻（价）  | 
 |  32 e⁻  |  SO₄²⁻, PO₄³⁻, ClO₄⁻, SiO₄⁴⁻  |  正四面体  | 

CO 与 N₂ 等电子
• 均为 14 e⁻，三键
• 键级 = 3，反磁性
• 等电子原理解释了 CO 作为配体时的性质"
"等电子体 的关键结论有哪些？","经典等电子体系列
 |  电子总数  |  物种  |  结构特征  | 
 | :---: | ------ | ------ | 
 |  10 e⁻  |  Ne, HF, H₂O, NH₃, CH₄  |  等电子但结构不同（键数不同）  | 
 |  14 e⁻  |  N₂, CO, CN⁻, NO⁺, C₂²⁻  |  三键，等电子+等结构  | 
 |  16 e⁻  |  O₂²⁺?, CO₂, N₂O, N₃⁻, OCN⁻  |  直线形（CO₂ 类）  | 
 |  22 e⁻  |  CO₂, N₂O, N₃⁻, OCN⁻  |  直线形，16 e⁻（价）  | 
 |  32 e⁻  |  SO₄²⁻, PO₄³⁻, ClO₄⁻, SiO₄⁴⁻  |  正四面体  | 

CO 与 N₂ 等电子
• 均为 14 e⁻，三键
• 键级 = 3，反磁性
• 等电子原理解释了 CO 作为配体时的性质","无机和结构化学 化学原理 分子结构 等电子体 rc_30d 化竞 结构化学","Chem::Core","[[等电子体]]","30d","总结卡","等电子体：具有相同总电子数（或相同价电子数）和相同原子数的物种。等电子体往往具有相似的分子结构和化学键特征。"
"等电子体 有哪些常见易错点？","• 等电子不一定等结构（Ne 和 H_2O 都是 10 电子但结构完全不同）
• 原子数不同时，等电子原理的预测力有限
• ""等电子""通常指总电子数（含内层），但化学中更常用""价电子数等电子""","无机和结构化学 化学原理 分子结构 等电子体 rc_30d 化竞 结构化学","Chem::Core","[[等电子体]]","30d","易错点卡","等电子体：具有相同总电子数（或相同价电子数）和相同原子数的物种。等电子体往往具有相似的分子结构和化学键特征。"
"什么是缓冲溶液？","缓冲溶液：能抵抗少量外加酸、碱或适当稀释而保持 pH 基本不变的溶液。通常由弱酸及其共轭碱（或弱碱及其共轭酸）组成。","化学原理 酸碱平衡 缓冲溶液 rc_30d 化竞","Chem::Core","[[缓冲溶液]]","30d","概念卡","关键结论：
缓冲容量的影响因素• 总浓度越大 → 缓冲容量越大• [\mathrm{A}^-]/[\mathrm{HA}] 越接近 1 → 缓冲容量越大• 有效缓冲范围：\mathrm{pH} = \mathrm{p}K_a \pm 1• 最大缓冲容量位置：\beta_\mathrm{max} 在 \mathrm{pH} = \mathrm{p}K_a 处（此时 [\mathrm{A}^-] = [\mathrm{HA}]，缓冲能力最强）

缓冲溶液配制步骤• 选择 \mathrm{p}K_a 接近目标 pH 的弱酸• 按 H-H 方程计算共轭酸碱比• 确定总浓度• 计算各组分的量并配制

常见缓冲体系
 |  缓冲体系  |  pKa  |  缓冲范围  | 
 | ------ | :---: | ------ | 
 |  HAc—NaAc  |  4.76  |  3.8–5.8  | 
 |  NH₃—NH₄Cl  |  9.25 (pKa of NH₄⁺)  |  8.3–10.3  | 
 |  NaH₂PO₄—Na₂HPO₄  |  7.20 (pKa₂)  |  6.2–8.2  | 
 |  NaHCO₃—Na₂CO₃  |  10.33 (pKa₂)  |  9.3–11.3  |"
"缓冲溶液 的关键结论有哪些？","缓冲容量的影响因素• 总浓度越大 → 缓冲容量越大• [\mathrm{A}^-]/[\mathrm{HA}] 越接近 1 → 缓冲容量越大• 有效缓冲范围：\mathrm{pH} = \mathrm{p}K_a \pm 1• 最大缓冲容量位置：\beta_\mathrm{max} 在 \mathrm{pH} = \mathrm{p}K_a 处（此时 [\mathrm{A}^-] = [\mathrm{HA}]，缓冲能力最强）

缓冲溶液配制步骤• 选择 \mathrm{p}K_a 接近目标 pH 的弱酸• 按 H-H 方程计算共轭酸碱比• 确定总浓度• 计算各组分的量并配制

常见缓冲体系
 |  缓冲体系  |  pKa  |  缓冲范围  | 
 | ------ | :---: | ------ | 
 |  HAc—NaAc  |  4.76  |  3.8–5.8  | 
 |  NH₃—NH₄Cl  |  9.25 (pKa of NH₄⁺)  |  8.3–10.3  | 
 |  NaH₂PO₄—Na₂HPO₄  |  7.20 (pKa₂)  |  6.2–8.2  | 
 |  NaHCO₃—Na₂CO₃  |  10.33 (pKa₂)  |  9.3–11.3  |","化学原理 酸碱平衡 缓冲溶液 rc_30d 化竞","Chem::Core","[[缓冲溶液]]","30d","总结卡","缓冲溶液：能抵抗少量外加酸、碱或适当稀释而保持 pH 基本不变的溶液。通常由弱酸及其共轭碱（或弱碱及其共轭酸）组成。"
"什么是范德华力？","范德华力：分子间的弱相互作用力（不包括化学键和氢键），包含三类：• 取向力（Keesom）：极性分子间永久偶极的静电吸引• 诱导力（Debye）：极性分子诱导邻近分子产生偶极• 色散力（London）：瞬时偶极之间的吸引（所有分子都有）","无机和结构化学 化学原理 分子间作用力 范德华力 rc_30d 化竞 分子间力","Chem::Core","[[范德华力]]","30d","概念卡","关键结论：
对沸点的影响• 同系物：分子量↑ → 沸点↑（色散力主导）• 同分异构体：支链↑ → 表面积↓ → 分子间接触↓ → 沸点↓• 正戊烷 bp 36°C > 新戊烷 bp 9.5°C• 极性分子沸点通常高于同分子量的非极性分子

实例
 |  趋势  |  实例  | 
 | ------ | ------ | 
 |  卤素 F₂→I₂  |  bp −188 → −34°C（色散力增大）  | 
 |  稀有气体 He→Xe  |  bp −269 → −108°C  | 
 |  直链烷烃 vs 支链  |  n-C₅H₁₂ 36°C > neo-C₅H₁₂ 9.5°C  |"
"范德华力 的关键结论有哪些？","对沸点的影响• 同系物：分子量↑ → 沸点↑（色散力主导）• 同分异构体：支链↑ → 表面积↓ → 分子间接触↓ → 沸点↓• 正戊烷 bp 36°C > 新戊烷 bp 9.5°C• 极性分子沸点通常高于同分子量的非极性分子

实例
 |  趋势  |  实例  | 
 | ------ | ------ | 
 |  卤素 F₂→I₂  |  bp −188 → −34°C（色散力增大）  | 
 |  稀有气体 He→Xe  |  bp −269 → −108°C  | 
 |  直链烷烃 vs 支链  |  n-C₅H₁₂ 36°C > neo-C₅H₁₂ 9.5°C  |","无机和结构化学 化学原理 分子间作用力 范德华力 rc_30d 化竞 分子间力","Chem::Core","[[范德华力]]","30d","总结卡","范德华力：分子间的弱相互作用力（不包括化学键和氢键），包含三类：• 取向力（Keesom）：极性分子间永久偶极的静电吸引• 诱导力（Debye）：极性分子诱导邻近分子产生偶极• 色散力（London）：瞬时偶极之间的吸引（所有分子都有）"
"范德华力 有哪些常见易错点？","• 色散力存在于所有分子之间（包括极性分子），且通常占主导• 取向力只在极性分子之间存在• van der Waals 力无方向性和饱和性（区别于氢键）• 分支烷烃沸点低于直链，因为分支减小了分子间接触面积（非分子量减小）","无机和结构化学 化学原理 分子间作用力 范德华力 rc_30d 化竞 分子间力","Chem::Core","[[范德华力]]","30d","易错点卡","范德华力：分子间的弱相互作用力（不包括化学键和氢键），包含三类：• 取向力（Keesom）：极性分子间永久偶极的静电吸引• 诱导力（Debye）：极性分子诱导邻近分子产生偶极• 色散力（London）：瞬时偶极之间的吸引（所有分子都有）"
"什么是螯合效应？","螯合效应：螯合物比组成和配位原子相同的单齿配合物热力学更稳定。","化学原理 配位化学 螯合效应 rc_30d 化竞","Chem::Core","[[螯合效应]]","30d","概念卡","关键结论：
• 螯合效应的本质是熵效应，而非焓效应。
• 定量证据：
• \mathrm{Ni(H_2O)_6^{2+} + 6NH_3 \rightleftharpoons Ni(NH_3)_6^{2+} + 6H_2O}，K = 10^{8.74}
• \mathrm{Ni(H_2O)_6^{2+} + 3en \rightleftharpoons Ni(en)_3^{2+} + 6H_2O}，K = 10^{18.33}
• 螯合物稳定常数比非螯合物大约 10^{10} 倍。
• EDTA 的螯合效应尤为显著：每个 EDTA 可形成 5 个五元环，结合熵效应使配合物极为稳定，这也是 EDTA 被广泛用作配位滴定剂的热力学基础。
• 自由分子数增加是熵增的关键：反应 \mathrm{Ni(NH_3)_6^{2+} + 3en \rightleftharpoons Ni(en)_3^{2+} + 6NH_3} 中，3 个分子变为 6 个分子，混乱度增大。"
"螯合效应 的关键结论有哪些？","• 螯合效应的本质是熵效应，而非焓效应。
• 定量证据：
• \mathrm{Ni(H_2O)_6^{2+} + 6NH_3 \rightleftharpoons Ni(NH_3)_6^{2+} + 6H_2O}，K = 10^{8.74}
• \mathrm{Ni(H_2O)_6^{2+} + 3en \rightleftharpoons Ni(en)_3^{2+} + 6H_2O}，K = 10^{18.33}
• 螯合物稳定常数比非螯合物大约 10^{10} 倍。
• EDTA 的螯合效应尤为显著：每个 EDTA 可形成 5 个五元环，结合熵效应使配合物极为稳定，这也是 EDTA 被广泛用作配位滴定剂的热力学基础。
• 自由分子数增加是熵增的关键：反应 \mathrm{Ni(NH_3)_6^{2+} + 3en \rightleftharpoons Ni(en)_3^{2+} + 6NH_3} 中，3 个分子变为 6 个分子，混乱度增大。","化学原理 配位化学 螯合效应 rc_30d 化竞","Chem::Core","[[螯合效应]]","30d","总结卡","螯合效应：螯合物比组成和配位原子相同的单齿配合物热力学更稳定。"
"什么是螯合物？","螯合物（Chelate）：由多齿配体（含 ≥2 个配位原子）与同一中心原子形成的环状配合物。螯合环通常为 5 元或 6 元环（最稳定）。","化学原理 配位化学 螯合物 rc_30d 化竞","Chem::Core","[[螯合物]]","30d","概念卡","关键结论：
• 螯合物稳定性来源：以 \mathrm{Ni^{2+}} 为例：
• \mathrm{Ni(H_2O)_6^{2+} + 6NH_3 \rightleftharpoons Ni(NH_3)_6^{2+} + 6H_2O}，K = 10^{8.74}
• \mathrm{Ni(H_2O)_6^{2+} + 3en \rightleftharpoons Ni(en)_3^{2+} + 6H_2O}，K = 10^{18.33}
• 螯合物稳定常数比非螯合物大约 10^{10} 倍
• 五元环和六元环最稳定：两种环的夹角分别是 108^\circ 和 120^\circ，较有利于成键。
• 螯合环越多越稳定：EDTA 可形成 5 个五元环，稳定性极高。
• 应用：
• 分析化学：EDTA 作配位滴定剂
• 工业：EDTA 软化硬水（与 \mathrm{Ca^{2+}}、\mathrm{Mg^{2+}} 结合，使浓度降至 10^{-7}\!\sim\!10^{-6}\,\mathrm{mol\cdot dm^{-3}}）
• 鉴定：o-phen 与 \mathrm{Fe^{2+}} 生成橙红色螯合物（亚铁试剂）"
"螯合物 的关键结论有哪些？","• 螯合物稳定性来源：以 \mathrm{Ni^{2+}} 为例：
• \mathrm{Ni(H_2O)_6^{2+} + 6NH_3 \rightleftharpoons Ni(NH_3)_6^{2+} + 6H_2O}，K = 10^{8.74}
• \mathrm{Ni(H_2O)_6^{2+} + 3en \rightleftharpoons Ni(en)_3^{2+} + 6H_2O}，K = 10^{18.33}
• 螯合物稳定常数比非螯合物大约 10^{10} 倍
• 五元环和六元环最稳定：两种环的夹角分别是 108^\circ 和 120^\circ，较有利于成键。
• 螯合环越多越稳定：EDTA 可形成 5 个五元环，稳定性极高。
• 应用：
• 分析化学：EDTA 作配位滴定剂
• 工业：EDTA 软化硬水（与 \mathrm{Ca^{2+}}、\mathrm{Mg^{2+}} 结合，使浓度降至 10^{-7}\!\sim\!10^{-6}\,\mathrm{mol\cdot dm^{-3}}）
• 鉴定：o-phen 与 \mathrm{Fe^{2+}} 生成橙红色螯合物（亚铁试剂）","化学原理 配位化学 螯合物 rc_30d 化竞","Chem::Core","[[螯合物]]","30d","总结卡","螯合物（Chelate）：由多齿配体（含 ≥2 个配位原子）与同一中心原子形成的环状配合物。螯合环通常为 5 元或 6 元环（最稳定）。"
"什么是解离常数？","解离常数（Dissociation Constant）：弱电解质在溶液中解离时达到的平衡常数。• 弱酸的解离常数 K_a（酸度常数 acidity constant）• 弱碱的解离常数 K_b（碱度常数 basicity constant）","化学原理 化学平衡 解离常数 rc_30d 化竞 酸碱 Ka Kb","Chem::Core","[[解离常数]]","30d","概念卡","关键结论：
常见弱酸 K_a 与 pK_a（25°C）
 |  弱酸  |  化学式  |  K_a  |  pK_a  | 
 | :---: | --- | :---: | :---: | 
 |  氟氢酸  |  HF  |  6.8 \times 10^{-4}  |  3.17  | 
 |  硝酸  |  HNO₃  |  ~20  |  -1.3（强酸）  | 
 |  醋酸  |  CH₃COOH  |  1.8 \times 10^{-5}  |  4.74  | 
 |  甲酸  |  HCOOH  |  1.8 \times 10^{-4}  |  3.74  | 
 |  碳酸  |  H₂CO₃  |  K_{a1}=4.3 \times 10^{-7}  |  6.37  | 
 |  磷酸  |  H₃PO₄  |  K_{a1}=7.5\times 10^{-3}  |  2.12  | 
 |  草酸  |  (COOH)₂  |  K_{a1}=5.4 \times 10^{-2}  |  1.27  | 
 |  苯酚  |  C₆H₅OH  |  1.0 \times 10^{-10}  |  10.00  | 
 |  H₂S  |  H₂S  |  K_{a1}=8.9\times 10^{-8}  |  7.05  | 
 |  氢氰酸  |  HCN  |  6.2 \times 10^{-10}  |  9.21  | 

常见弱碱 K_b 与 pK_b（25°C）
 |  弱碱  |  化学式  |  K_b  |  pK_b  | 
 | :---: | --- | :---: | :---: | 
 |  氨水  |  NH₃·H₂O  |  1.8 \times 10^{-5}  |  4.74  | 
 |  甲胺  |  CH₃NH₂  |  4.4 \times 10^{-4}  |  3.36  | 
 |  乙胺  |  C₂H₅NH₂  |  5.6 \times 10^{-4}  |  3.25  | 
 |  吡啶  |  C₅H₅N  |  1.7 \times 10^{-9}  |  8.77  | 
 |  苯胺  |  C₆H₅NH₂  |  7.4 \times 10^{-10}  |  9.13  | 

多元酸的逐级 pK_a 表
 |  酸  |  pK_{a1}  |  pK_{a2}  |  pK_{a3}  | 
 | --- | :---: | :---: | :---: | 
 |  H₃PO₄  |  2.12  |  7.21  |  12.32  | 
 |  H₂CO₃  |  6.37  |  10.33  |  —  | 
 |  H₂SO₃  |  1.81  |  7.21  |  —  | 
 |  H₂S  |  7.05  |  12.92  |  —  | 
 |  (COOH)₂  |  1.27  |  4.27  |  —  | 
 |  柠檬酸  |  3.13  |  4.76  |  6.40  | 

酸碱强度比较的""经验规律""• 同周期含氧酸（如 H₃PO₄ vs H₂SO₄ vs HClO₄）：中心原子电负性↑ → 酸性↑• 同族含氧酸：中心原子半径↑ → 酸性↓（HClO₃ > HBrO₃ > HIO₃）• 多元酸：连续脱质子 → 酸性递减 K_{a1} \gg K_{a2}• 氢卤酸：HI > HBr > HCl > HF（键能 vs 极性的平衡）• 羧酸 R-COOH：吸电子基 → 酸性↑（CCl₃COOH 比 CH₃COOH 强 10^4 倍）"
"解离常数 的关键结论有哪些？","常见弱酸 K_a 与 pK_a（25°C）
 |  弱酸  |  化学式  |  K_a  |  pK_a  | 
 | :---: | --- | :---: | :---: | 
 |  氟氢酸  |  HF  |  6.8 \times 10^{-4}  |  3.17  | 
 |  硝酸  |  HNO₃  |  ~20  |  -1.3（强酸）  | 
 |  醋酸  |  CH₃COOH  |  1.8 \times 10^{-5}  |  4.74  | 
 |  甲酸  |  HCOOH  |  1.8 \times 10^{-4}  |  3.74  | 
 |  碳酸  |  H₂CO₃  |  K_{a1}=4.3 \times 10^{-7}  |  6.37  | 
 |  磷酸  |  H₃PO₄  |  K_{a1}=7.5\times 10^{-3}  |  2.12  | 
 |  草酸  |  (COOH)₂  |  K_{a1}=5.4 \times 10^{-2}  |  1.27  | 
 |  苯酚  |  C₆H₅OH  |  1.0 \times 10^{-10}  |  10.00  | 
 |  H₂S  |  H₂S  |  K_{a1}=8.9\times 10^{-8}  |  7.05  | 
 |  氢氰酸  |  HCN  |  6.2 \times 10^{-10}  |  9.21  | 

常见弱碱 K_b 与 pK_b（25°C）
 |  弱碱  |  化学式  |  K_b  |  pK_b  | 
 | :---: | --- | :---: | :---: | 
 |  氨水  |  NH₃·H₂O  |  1.8 \times 10^{-5}  |  4.74  | 
 |  甲胺  |  CH₃NH₂  |  4.4 \times 10^{-4}  |  3.36  | 
 |  乙胺  |  C₂H₅NH₂  |  5.6 \times 10^{-4}  |  3.25  | 
 |  吡啶  |  C₅H₅N  |  1.7 \times 10^{-9}  |  8.77  | 
 |  苯胺  |  C₆H₅NH₂  |  7.4 \times 10^{-10}  |  9.13  | 

多元酸的逐级 pK_a 表
 |  酸  |  pK_{a1}  |  pK_{a2}  |  pK_{a3}  | 
 | --- | :---: | :---: | :---: | 
 |  H₃PO₄  |  2.12  |  7.21  |  12.32  | 
 |  H₂CO₃  |  6.37  |  10.33  |  —  | 
 |  H₂SO₃  |  1.81  |  7.21  |  —  | 
 |  H₂S  |  7.05  |  12.92  |  —  | 
 |  (COOH)₂  |  1.27  |  4.27  |  —  | 
 |  柠檬酸  |  3.13  |  4.76  |  6.40  | 

酸碱强度比较的""经验规律""• 同周期含氧酸（如 H₃PO₄ vs H₂SO₄ vs HClO₄）：中心原子电负性↑ → 酸性↑• 同族含氧酸：中心原子半径↑ → 酸性↓（HClO₃ > HBrO₃ > HIO₃）• 多元酸：连续脱质子 → 酸性递减 K_{a1} \gg K_{a2}• 氢卤酸：HI > HBr > HCl > HF（键能 vs 极性的平衡）• 羧酸 R-COOH：吸电子基 → 酸性↑（CCl₃COOH 比 CH₃COOH 强 10^4 倍）","化学原理 化学平衡 解离常数 rc_30d 化竞 酸碱 Ka Kb","Chem::Core","[[解离常数]]","30d","总结卡","解离常数（Dissociation Constant）：弱电解质在溶液中解离时达到的平衡常数。• 弱酸的解离常数 K_a（酸度常数 acidity constant）• 弱碱的解离常数 K_b（碱度常数 basicity constant）"
"解离常数 有哪些常见易错点？","• ❌ 错：K_a 越大酸越弱——反了！K_a 大 = 酸强• ❌ 错：K_a + K_b = K_w——是 K_a \times K_b = K_w• ❌ 错：pH = -\log c_0——稀释 c_0 时不直接成立，因为 α 改变• ❌ 错：多元酸的 K_{a1} 和 K_{a2} 都得用——通常只第一步显著，但需检查• ❌ 错：用浓度代替活度——浓溶液需修正","化学原理 化学平衡 解离常数 rc_30d 化竞 酸碱 Ka Kb","Chem::Core","[[解离常数]]","30d","易错点卡","解离常数（Dissociation Constant）：弱电解质在溶液中解离时达到的平衡常数。• 弱酸的解离常数 K_a（酸度常数 acidity constant）• 弱碱的解离常数 K_b（碱度常数 basicity constant）"
"什么是软硬酸碱理论？","HSAB 理论（Pearson, 1963）：将 Lewis 酸和碱分为""硬""和""软""两类。硬亲硬，软亲软。","化学原理 酸碱平衡 软硬酸碱理论 rc_30d 化竞 酸碱","Chem::Core","[[软硬酸碱理论]]","30d","概念卡","关键结论：
常见分类
 |   |  硬  |  边界  |  软  | 
 | ------ | ------ | ------ | ------ | 
 |  酸  |  H⁺, Li⁺, Na⁺, Mg²⁺, Al³⁺, Ti⁴⁺, Cr³⁺, Fe³⁺, BF₃  |  Fe²⁺, Co²⁺, Ni²⁺, Cu²⁺,"
"软硬酸碱理论 的关键结论有哪些？","常见分类
 |   |  硬  |  边界  |  软  | 
 | ------ | ------ | ------ | ------ | 
 |  酸  |  H⁺, Li⁺, Na⁺, Mg²⁺, Al³⁺, Ti⁴⁺, Cr³⁺, Fe³⁺, BF₃  |  Fe²⁺, Co²⁺, Ni²⁺, Cu²⁺,","化学原理 酸碱平衡 软硬酸碱理论 rc_30d 化竞 酸碱","Chem::Core","[[软硬酸碱理论]]","30d","总结卡","HSAB 理论（Pearson, 1963）：将 Lewis 酸和碱分为""硬""和""软""两类。硬亲硬，软亲软。"
"软硬酸碱理论 有哪些常见易错点？","• ❌ 错：混淆硬软与强弱——硬不是强，软不是弱。• 正：H⁺ 是最硬的酸之一，但也是极强的酸；Hg²⁺ 是软酸，其配合物稳定性常数很高。• ❌ 错：忘记同一元素不同氧化态的硬软差异（高价硬、低价软）。• 正：Fe³⁺（硬）vs Fe²⁺（边界）；Cu²⁺（边界）vs Cu⁺（软）。• ❌ 错：套用 HSAB 到不属于 Lewis 酸碱范畴的反应。• 正：HSAB 适用于 Lewis 酸碱配位反应，不适用于所有化学反应（如氧化还原反应中电子转移不能用 HSAB 解释）。","化学原理 酸碱平衡 软硬酸碱理论 rc_30d 化竞 酸碱","Chem::Core","[[软硬酸碱理论]]","30d","易错点卡","HSAB 理论（Pearson, 1963）：将 Lewis 酸和碱分为""硬""和""软""两类。硬亲硬，软亲软。"
"什么是过渡元素颜色与配位行为？","过渡元素颜色与配位行为是研究 d 区金属离子在配位环境中因 d 轨道分裂而产生的颜色、磁性、热力学稳定性等性质的化学分支。其核心框架是晶体场理论（CFT），将配体视为点电荷，通过 d 轨道在非球形场中的能量分裂来解释实验现象。","化学原理 元素周期律和元素周期表 过渡元素深化 过渡元素颜色与配位行为 rc_30d 化竞 过渡元素 晶体场理论 配位化学 颜色","Chem::Core","[[过渡元素颜色与配位行为]]","30d","概念卡","关键结论：
• 颜色 ≠ 稳定性：颜色由 d-d 跃迁能量决定，稳定性由 LFSE 决定，二者有关联但不等同。• 高自旋/低自旋是竞争结果：不是配体的绝对属性，而是 Δ₀ 与 P 竞争的结果。• 3d vs 4d/5d 差异巨大：同族金属自上而下 Δ₀ 增大，高自旋几乎只在 3d 金属中出现。• 磁矩是判断自旋态的实验利器：唯自旋公式对大多数 3d 络合物适用，低自旋 d⁵ 和高自旋 d⁶、d⁷ 可能有轨道贡献偏离。"
"过渡元素颜色与配位行为 的关键结论有哪些？","• 颜色 ≠ 稳定性：颜色由 d-d 跃迁能量决定，稳定性由 LFSE 决定，二者有关联但不等同。• 高自旋/低自旋是竞争结果：不是配体的绝对属性，而是 Δ₀ 与 P 竞争的结果。• 3d vs 4d/5d 差异巨大：同族金属自上而下 Δ₀ 增大，高自旋几乎只在 3d 金属中出现。• 磁矩是判断自旋态的实验利器：唯自旋公式对大多数 3d 络合物适用，低自旋 d⁵ 和高自旋 d⁶、d⁷ 可能有轨道贡献偏离。","化学原理 元素周期律和元素周期表 过渡元素深化 过渡元素颜色与配位行为 rc_30d 化竞 过渡元素 晶体场理论 配位化学 颜色","Chem::Core","[[过渡元素颜色与配位行为]]","30d","总结卡","过渡元素颜色与配位行为是研究 d 区金属离子在配位环境中因 d 轨道分裂而产生的颜色、磁性、热力学稳定性等性质的化学分支。其核心框架是晶体场理论（CFT），将配体视为点电荷，通过 d 轨道在非球形场中的能量分裂来解释实验现象。"
"过渡元素颜色与配位行为 有哪些常见易错点？","• d-d 跃迁与电荷转移混淆：d⁰ 和 d¹⁰ 的无色/有色应由电荷转移解释，不要强行套用 d-d 跃迁。• 高自旋/低自旋判断对象：只有 d⁴–d⁷ 八面体络合物才存在高/低自旋之分。d¹–d³ 和 d⁸–d¹⁰ 只有一种组态。• 唯自旋公式的局限：低自旋 d⁵ 和高自旋 d⁶、d⁷ 的实验磁矩可能明显偏离唯自旋值，因轨道贡献不可忽略。• 成对能的方向：低自旋更稳定（LFSE 更负），但要付出成对能代价；净稳定化能 = LFSE - 额外成对能。","化学原理 元素周期律和元素周期表 过渡元素深化 过渡元素颜色与配位行为 rc_30d 化竞 过渡元素 晶体场理论 配位化学 颜色","Chem::Core","[[过渡元素颜色与配位行为]]","30d","易错点卡","过渡元素颜色与配位行为是研究 d 区金属离子在配位环境中因 d 轨道分裂而产生的颜色、磁性、热力学稳定性等性质的化学分支。其核心框架是晶体场理论（CFT），将配体视为点电荷，通过 d 轨道在非球形场中的能量分裂来解释实验现象。"
"什么是配位键？","配位键（Coordinate Covalent Bond）：成键的两个电子全部来自同一原子的共价键。配体（Lewis 碱）提供孤电子对，中心原子（Lewis 酸）提供空轨道。","化学原理 配位化学 配位键 rc_30d 化竞","Chem::Core","[[配位键]]","30d","概念卡","关键结论：
• 配位原子电负性与内外轨的关系：卤素、\mathrm{H_2O} 等配位原子电负性较高，不易给出孤对电子，占据中心离子外轨 → 外轨型（高自旋）；\mathrm{CN^-}、\mathrm{NO_2^-} 等配位原子电负性较低，容易给出孤对电子 → 内轨型（低自旋）；\mathrm{NH_3} 则介于两者之间。
• 磁性判据：配离子的未成对电子数可通过磁矩 \mu 实验测定。对于第一过渡系列金属：
   \mu = \sqrt{n(n+2)}\,\mu_{\mathrm{B}}
   其中 \mu_{\mathrm{B}} 为 Bohr 磁子。\mathrm{FeF_6^{3-}} 实验磁矩 5.88 \mu_{\mathrm{B}}（对应 5 个未成对电子），\mathrm{Fe(CN)_6^{3-}} 实验磁矩 2.3 \mu_{\mathrm{B}}（对应 1 个未成对电子）。
• 配位键本质的演变认识：早期价键理论将配键分为""电价配键""（静电吸引，对应高自旋/外轨型）和""共价配键""（轨道重叠，对应低自旋/内轨型）。实际上两者并无绝对界限，直接分为高自旋与低自旋更为简明。
• 配位键与普通共价键的区别仅在于电子来源不同（成键后无法区分）。"
"配位键 的关键结论有哪些？","• 配位原子电负性与内外轨的关系：卤素、\mathrm{H_2O} 等配位原子电负性较高，不易给出孤对电子，占据中心离子外轨 → 外轨型（高自旋）；\mathrm{CN^-}、\mathrm{NO_2^-} 等配位原子电负性较低，容易给出孤对电子 → 内轨型（低自旋）；\mathrm{NH_3} 则介于两者之间。
• 磁性判据：配离子的未成对电子数可通过磁矩 \mu 实验测定。对于第一过渡系列金属：
   \mu = \sqrt{n(n+2)}\,\mu_{\mathrm{B}}
   其中 \mu_{\mathrm{B}} 为 Bohr 磁子。\mathrm{FeF_6^{3-}} 实验磁矩 5.88 \mu_{\mathrm{B}}（对应 5 个未成对电子），\mathrm{Fe(CN)_6^{3-}} 实验磁矩 2.3 \mu_{\mathrm{B}}（对应 1 个未成对电子）。
• 配位键本质的演变认识：早期价键理论将配键分为""电价配键""（静电吸引，对应高自旋/外轨型）和""共价配键""（轨道重叠，对应低自旋/内轨型）。实际上两者并无绝对界限，直接分为高自旋与低自旋更为简明。
• 配位键与普通共价键的区别仅在于电子来源不同（成键后无法区分）。","化学原理 配位化学 配位键 rc_30d 化竞","Chem::Core","[[配位键]]","30d","总结卡","配位键（Coordinate Covalent Bond）：成键的两个电子全部来自同一原子的共价键。配体（Lewis 碱）提供孤电子对，中心原子（Lewis 酸）提供空轨道。"
"配位键 有哪些常见易错点？","• 错：认为所有配位键都是同种杂化方式 → 取决于配体场强弱和中心离子
• 错：混淆 sp^3d^2 和 d^2sp^3 对应的自旋态
• 错：认为外轨型一定不稳定 → NH₃ 配体的外轨型也有相当稳定性","化学原理 配位化学 配位键 rc_30d 化竞","Chem::Core","[[配位键]]","30d","易错点卡","配位键（Coordinate Covalent Bond）：成键的两个电子全部来自同一原子的共价键。配体（Lewis 碱）提供孤电子对，中心原子（Lewis 酸）提供空轨道。"
"什么是配合反应？","配合反应（配位反应）：中心原子/离子与配体结合形成配合物的反应。通常是 Lewis 酸碱加合反应。","化学原理 配位化学 配合反应 rc_30d 化竞","Chem::Core","[[配合反应]]","30d","概念卡","关键结论：
• 配位平衡与酸碱平衡
许多配位体是弱酸根（如 \mathrm{F}^-、\mathrm{CN}^-、\mathrm{SCN}^-、\mathrm{CO_3^{2-}}、\mathrm{C_2O_4^{2-}} 等），能与外加酸生成弱酸而使配合物解离。当 [\mathrm{H_3O^+}] > 0.5\,\mathrm{mol\!\cdot\!dm^{-3}} 时，\mathrm{FeF_3} 配合物将解离：
\mathrm{Fe^{3+} + 3F^- \rightleftharpoons FeF_3}
3\mathrm{F^-} + 3\mathrm{H_3O^+} \rightarrow 3\mathrm{HF} + 3\mathrm{H_2O}

规律：配合物越不稳定，配位体的酸越弱 → 越容易被加入的酸所解离。

pH 控制的实例：
• \mathrm{Fe^{3+}} 与水杨酸根 \mathrm{sal^-} 在不同 pH 下生成不同有色螯合物（pH 2~3 紫红色，pH 4~8 红褐色，pH≥9 黄色）→ 比色分析中用缓冲溶液控 pH
• $\mathrm{"
"配合反应 的关键结论有哪些？","• 配位平衡与酸碱平衡
许多配位体是弱酸根（如 \mathrm{F}^-、\mathrm{CN}^-、\mathrm{SCN}^-、\mathrm{CO_3^{2-}}、\mathrm{C_2O_4^{2-}} 等），能与外加酸生成弱酸而使配合物解离。当 [\mathrm{H_3O^+}] > 0.5\,\mathrm{mol\!\cdot\!dm^{-3}} 时，\mathrm{FeF_3} 配合物将解离：
\mathrm{Fe^{3+} + 3F^- \rightleftharpoons FeF_3}
3\mathrm{F^-} + 3\mathrm{H_3O^+} \rightarrow 3\mathrm{HF} + 3\mathrm{H_2O}

规律：配合物越不稳定，配位体的酸越弱 → 越容易被加入的酸所解离。

pH 控制的实例：
• \mathrm{Fe^{3+}} 与水杨酸根 \mathrm{sal^-} 在不同 pH 下生成不同有色螯合物（pH 2~3 紫红色，pH 4~8 红褐色，pH≥9 黄色）→ 比色分析中用缓冲溶液控 pH
• $\mathrm{","化学原理 配位化学 配合反应 rc_30d 化竞","Chem::Core","[[配合反应]]","30d","总结卡","配合反应（配位反应）：中心原子/离子与配体结合形成配合物的反应。通常是 Lewis 酸碱加合反应。"
"什么是配合物？","配合物（Coordination Compound）：由中心原子/离子（通常为过渡金属）和围绕它的配体（含孤电子对的分子或离子）通过配位键形成的化合物。","化学原理 配位化学 配合物 rc_30d 化竞","Chem::Core","[[配合物]]","30d","概念卡","关键结论：
Werner 配位理论（1893）
• 主价（离子键）+ 副价（配位键）
• CoCl₃·6NH₃ → 溶液中 3Cl⁻ 游离 + [Co(NH₃)₆]³⁺，解释了导电性

常见配位数与构型
 |  CN  |  构型  |  杂化  |  实例  | 
 | :---: | ------ | ------ | ------ | 
 |  2  |  直线形  |  sp  |  [Ag(NH₃)₂]⁺  | 
 |  4  |  正四面体  |  sp³  |  ["
"配合物 的关键结论有哪些？","Werner 配位理论（1893）
• 主价（离子键）+ 副价（配位键）
• CoCl₃·6NH₃ → 溶液中 3Cl⁻ 游离 + [Co(NH₃)₆]³⁺，解释了导电性

常见配位数与构型
 |  CN  |  构型  |  杂化  |  实例  | 
 | :---: | ------ | ------ | ------ | 
 |  2  |  直线形  |  sp  |  [Ag(NH₃)₂]⁺  | 
 |  4  |  正四面体  |  sp³  |  [","化学原理 配位化学 配合物 rc_30d 化竞","Chem::Core","[[配合物]]","30d","总结卡","配合物（Coordination Compound）：由中心原子/离子（通常为过渡金属）和围绕它的配体（含孤电子对的分子或离子）通过配位键形成的化合物。"
"配合物 有哪些常见易错点？","• ❌ 错：认为配位数就是配体数。
• 正：单齿配体时二者相等；多齿配体时配位数 > 配体数。
• ❌ 错：命名时配体顺序混乱。
• 正：先无机后有机，先阴离子后中性分子，同类配体按配位原子字母顺序。
• ❌ 错：将复盐误认为配合物。
• 正：配合物在水溶液中部分解离出配离子，复盐完全解离为简单离子。
• ❌ 错：认为中心原子一定是金属离子。
• 正：中心原子可以是金属离子、中性原子（如 Ni(CO)₄ 中的 Ni）或高价非金属（如 SiF₆²⁻ 中的 Si）。","化学原理 配位化学 配合物 rc_30d 化竞","Chem::Core","[[配合物]]","30d","易错点卡","配合物（Coordination Compound）：由中心原子/离子（通常为过渡金属）和围绕它的配体（含孤电子对的分子或离子）通过配位键形成的化合物。"
"什么是配合物几何构型？","配合物的空间构型取决于配位数和中心原子的电子构型。","化学原理 配位化学 配合物几何构型 rc_30d 化竞","Chem::Core","[[配合物几何构型]]","30d","概念卡","关键结论：
• Werner 的贡献：早在 19 世纪末，Werner 就推测了二配位为直线形，四配位为平面正方形或四面体形，六配位为八面体形。X 射线衍射技术的发展证实了这些推测。
• 四配位的选择性：采用 sp^3（四面体）还是 dsp^2（平面正方形），取决于中心离子的电子构型和配体的场强。d^8 电子构型的中心离子（如 \mathrm{Ni^{2+}}、\mathrm{Pt^{2+}}）在强场配体下倾向于形成平面正方形。
• 配位数为 5 的配合物：在 1960 年前比较少见，随着合成化学的发展已很常见。
• 水合离子的配位数：在水溶液中，金属离子往往与水分子结合，第一层水合分子外还可能有第二层、第三层水分子。"
"配合物几何构型 的关键结论有哪些？","• Werner 的贡献：早在 19 世纪末，Werner 就推测了二配位为直线形，四配位为平面正方形或四面体形，六配位为八面体形。X 射线衍射技术的发展证实了这些推测。
• 四配位的选择性：采用 sp^3（四面体）还是 dsp^2（平面正方形），取决于中心离子的电子构型和配体的场强。d^8 电子构型的中心离子（如 \mathrm{Ni^{2+}}、\mathrm{Pt^{2+}}）在强场配体下倾向于形成平面正方形。
• 配位数为 5 的配合物：在 1960 年前比较少见，随着合成化学的发展已很常见。
• 水合离子的配位数：在水溶液中，金属离子往往与水分子结合，第一层水合分子外还可能有第二层、第三层水分子。","化学原理 配位化学 配合物几何构型 rc_30d 化竞","Chem::Core","[[配合物几何构型]]","30d","总结卡","配合物的空间构型取决于配位数和中心原子的电子构型。"
"配合物杂化轨道理论 的关键结论有哪些？","• 内轨型比外轨型更稳定：(n-1)\mathrm{d} 轨道能量比 nd 轨道低，内轨型配位键键长更短。• 配体对杂化类型的影响（表 14.8~14.9）：• 卤素离子、\mathrm{H_2O} 等 → 外轨型（sp^3d^2），配位原子电负性高，不易给出孤对电子• \mathrm{CN^-}、\mathrm{NO_2^-} 等 → 内轨型（d^2sp^3），配位原子电负性低，易给出孤对电子• \mathrm{NH_3} → 介于两者之间，随中心离子不同而有 HS 或 LS• 磁性检验法：磁矩 \mu = \sqrt{n(n+2)}\,\mu_{\mathrm{B}}。实验测定磁矩可判断未成对电子数 n，进而推知内层 d 电子排布和杂化类型：• \mathrm{FeF_6^{3-}}：\mu_{\text{实}} = 5.88 B.M. → n=5 → 外轨型 sp^3d^2• \mathrm{Fe(CN)_6^{3-}}：\mu_{\text{实}} = 2.3 B.M. → n \approx 1 → 内轨型 d^2sp^3• 历史演变：价键理论曾分为""电价配键""（对应外轨型/HS）和""共价配键""（对应内轨型/LS），但无绝对界限，直接分高自旋/低自旋更简明。","化学原理 配位化学 配合物杂化轨道理论 rc_30d 化竞 配合物 杂化","Chem::Core","[[配合物杂化轨道理论]]","30d","总结卡",""
"什么是酶动力学？","酶动力学研究酶催化反应的速率规律，是连接化学动力学与生物化学的桥梁。CChO 决赛中的酶动力学题目通常要求推导速率方程、分析抑制机制、或从实验数据计算动力学参数。","化学原理 物理化学深化 酶动力学 rc_30d 化竞 酶催化 动力学 生物化学 决赛要求","Chem::Core","[[酶动力学]]","30d","概念卡","关键结论：
4.1 Lineweaver-Burk 双倒数作图

\frac{1}{v} = \frac{K_M}{V_{\max}} \cdot \frac{1}{[S]} + \frac{1}{V_{\max}}
• 纵轴截距：1/V_{\max}
• 横轴截距：-1/K_M
• 斜率：K_M/V_{\max}

4.2 酶抑制

竞争性抑制
• 抑制剂 I 与底物竞争酶的活性位点
• E + I \rightleftharpoons EI
• 表观 K_M^{\text{app}} = K_M(1 + [I]/K_i)，V_{\max} 不变
• 双倒数图：直线交于纵轴

非竞争性抑制
• I 结合于酶的非活性位点，ES 也能结合 I
• V_{\max}^{\text{app}} = V_{\max}/(1 + [I]/K_i)，K_M 不变
• 双倒数图：直线交于横轴

反竞争性抑制
• I 只与 ES 结合
• V_{\max}、K_M 同比例减小
• 双倒数图：平行线

4.3 催化效率

k_{\text{cat}} = \frac{V_{\max}}{[E]_0} = k_2
\frac{k_{\text{cat}}}{K_M}：催化效率的量度，上限约 10^8 \sim 10^9\ \mathrm{M^{-1}s^{-1}}（扩散控制）"
"酶动力学 的关键结论有哪些？","4.1 Lineweaver-Burk 双倒数作图

\frac{1}{v} = \frac{K_M}{V_{\max}} \cdot \frac{1}{[S]} + \frac{1}{V_{\max}}
• 纵轴截距：1/V_{\max}
• 横轴截距：-1/K_M
• 斜率：K_M/V_{\max}

4.2 酶抑制

竞争性抑制
• 抑制剂 I 与底物竞争酶的活性位点
• E + I \rightleftharpoons EI
• 表观 K_M^{\text{app}} = K_M(1 + [I]/K_i)，V_{\max} 不变
• 双倒数图：直线交于纵轴

非竞争性抑制
• I 结合于酶的非活性位点，ES 也能结合 I
• V_{\max}^{\text{app}} = V_{\max}/(1 + [I]/K_i)，K_M 不变
• 双倒数图：直线交于横轴

反竞争性抑制
• I 只与 ES 结合
• V_{\max}、K_M 同比例减小
• 双倒数图：平行线

4.3 催化效率

k_{\text{cat}} = \frac{V_{\max}}{[E]_0} = k_2
\frac{k_{\text{cat}}}{K_M}：催化效率的量度，上限约 10^8 \sim 10^9\ \mathrm{M^{-1}s^{-1}}（扩散控制）","化学原理 物理化学深化 酶动力学 rc_30d 化竞 酶催化 动力学 生物化学 决赛要求","Chem::Core","[[酶动力学]]","30d","总结卡","酶动力学研究酶催化反应的速率规律，是连接化学动力学与生物化学的桥梁。CChO 决赛中的酶动力学题目通常要求推导速率方程、分析抑制机制、或从实验数据计算动力学参数。"
"酶动力学 有哪些常见易错点？","• K_M 不是 ES 的解离常数：只有当 k_2 \ll k_{-1} 时才近似等于 K_d
• V_{\max} 是渐近值：实际实验中很难达到真正的 V_{\max}
• 双倒数图的误差放大：1/v 对 1/[S] 作图会放大低底物浓度时的误差
• 抑制类型的判断依据：看 V_{\max}、K_M 哪个变化，而不是死记图形","化学原理 物理化学深化 酶动力学 rc_30d 化竞 酶催化 动力学 生物化学 决赛要求","Chem::Core","[[酶动力学]]","30d","易错点卡","酶动力学研究酶催化反应的速率规律，是连接化学动力学与生物化学的桥梁。CChO 决赛中的酶动力学题目通常要求推导速率方程、分析抑制机制、或从实验数据计算动力学参数。"
"什么是酸碱反应？","酸碱反应是指酸与碱之间发生的质子（H⁺）转移反应，其本质是 Brønsted-Lowry 酸（质子给体）向 Brønsted-Lowry 碱（质子受体）转移质子的过程。广义上还包括 Lewis 酸碱的电子对授受反应。","化学原理 酸碱理论 酸碱反应 rc_30d 化竞 基础要求 酸碱 质子转移","Chem::Core","[[酸碱反应]]","30d","概念卡","关键结论：
• [待补充]"
"酸碱反应 的关键结论有哪些？","• [待补充]","化学原理 酸碱理论 酸碱反应 rc_30d 化竞 基础要求 酸碱 质子转移","Chem::Core","[[酸碱反应]]","30d","总结卡","酸碱反应是指酸与碱之间发生的质子（H⁺）转移反应，其本质是 Brønsted-Lowry 酸（质子给体）向 Brønsted-Lowry 碱（质子受体）转移质子的过程。广义上还包括 Lewis 酸碱的电子对授受反应。"
"酸碱反应 有哪些常见易错点？","• [待补充]","化学原理 酸碱理论 酸碱反应 rc_30d 化竞 基础要求 酸碱 质子转移","Chem::Core","[[酸碱反应]]","30d","易错点卡","酸碱反应是指酸与碱之间发生的质子（H⁺）转移反应，其本质是 Brønsted-Lowry 酸（质子给体）向 Brønsted-Lowry 碱（质子受体）转移质子的过程。广义上还包括 Lewis 酸碱的电子对授受反应。"
"什么是酸碱平衡？","酸碱平衡：指水溶液（或非水溶剂）中，酸和碱通过质子转移反应达到的动态化学平衡。核心任务是在给定条件下，计算溶液中各组分的平衡浓度。","化学原理 酸碱平衡 rc_30d 化竞 酸碱 平衡计算","Chem::Core","[[酸碱平衡]]","30d","概念卡","关键结论：
一元弱酸/弱碱近似条件
 |  体系  |  条件  |  公式  | 
 | ------ | ------ | ------ | 
 |  一元弱酸 HA  |  c/K_a \geq 500  |  [\mathrm{H}^+] = \sqrt{K_a c}  | 
 |  一元弱碱 B  |  c/K_b \geq 500  |  [\mathrm{OH}^-] = \sqrt{K_b c}  | 
 |  极稀/极弱  |  不满足近似  |  需解二次方程  | 

缓冲溶液的 pH
\mathrm{pH} = \mathrm{p}K_a + \lg\frac{[\mathrm{A}^-]}{[\mathrm{HA}]} \quad \text{(Henderson-Hasselbalch 方程)}

两性物质
[\mathrm{H}^+] = \sqrt{K_{a1} \cdot K_{a2}}

多元酸的 pH• 当 K_{a1} \gg K_{a2}（通常差 10^4 以上），第一级解离主导• [\mathrm{H}^+] \approx \sqrt{K_{a1} c}"
"酸碱平衡 的关键结论有哪些？","一元弱酸/弱碱近似条件
 |  体系  |  条件  |  公式  | 
 | ------ | ------ | ------ | 
 |  一元弱酸 HA  |  c/K_a \geq 500  |  [\mathrm{H}^+] = \sqrt{K_a c}  | 
 |  一元弱碱 B  |  c/K_b \geq 500  |  [\mathrm{OH}^-] = \sqrt{K_b c}  | 
 |  极稀/极弱  |  不满足近似  |  需解二次方程  | 

缓冲溶液的 pH
\mathrm{pH} = \mathrm{p}K_a + \lg\frac{[\mathrm{A}^-]}{[\mathrm{HA}]} \quad \text{(Henderson-Hasselbalch 方程)}

两性物质
[\mathrm{H}^+] = \sqrt{K_{a1} \cdot K_{a2}}

多元酸的 pH• 当 K_{a1} \gg K_{a2}（通常差 10^4 以上），第一级解离主导• [\mathrm{H}^+] \approx \sqrt{K_{a1} c}","化学原理 酸碱平衡 rc_30d 化竞 酸碱 平衡计算","Chem::Core","[[酸碱平衡]]","30d","总结卡","酸碱平衡：指水溶液（或非水溶剂）中，酸和碱通过质子转移反应达到的动态化学平衡。核心任务是在给定条件下，计算溶液中各组分的平衡浓度。"
"酸碱平衡 有哪些常见易错点？","• ❌ 错：多元酸直接用 Ka₁ 算 pH 但不验证近似条件（c/K_a \geq 500）。• 正：当 c/K_a < 400 时，必须解二次方程，否则可能得到 [H⁺] > c 的荒谬结果。• ❌ 错：两性物质 pH 计算时混淆 Ka₁ 和 Ka₂ 的来源。• 正：两性物质 HA⁻ 的 [H⁺] = √(Ka₁·Ka₂)，其中 Ka₁ 是 HA⁻ 作为酸的解离常数，Ka₂ 是 H₂A 的第二步解离常数（即 HA⁻ 的共轭酸的解离常数）。• ❌ 错：缓冲溶液计算时直接套用 Henderson-Hasselbalch 方程，但不确认是否满足""少量酸/碱加入""条件。• 正：缓冲溶液的有效性要求 [HA] 和 [A⁻] 的量都远大于加入的酸/碱量。","化学原理 酸碱平衡 rc_30d 化竞 酸碱 平衡计算","Chem::Core","[[酸碱平衡]]","30d","易错点卡","酸碱平衡：指水溶液（或非水溶剂）中，酸和碱通过质子转移反应达到的动态化学平衡。核心任务是在给定条件下，计算溶液中各组分的平衡浓度。"
"什么是酸碱理论？","酸碱理论：描述物质酸碱性本质及其反应规律的理论框架。从 Arrhenius 到 Lewis，酸碱概念经历了四次重大扩展，适用范围从水溶液中的 H⁺/OH⁻ 延伸到质子转移、电子对接受，乃至所有配位化学。","化学原理 酸碱化学基础 酸碱理论 rc_30d 化竞 质子酸碱 Lewis酸碱 软硬酸碱","Chem::Core","[[酸碱理论]]","30d","概念卡","关键结论：
• 四种理论是递进扩展，不是互相否定——Arrhenius ⊂ Brønsted ⊂ Lewis• Brønsted 理论是有机化学最常用的酸碱语言——pKa、质子转移、共轭酸碱对• Lewis 理论是无机/配位化学的核心语言——所有配位反应都是 Lewis 酸碱反应• HSAB 是定性预测工具——硬亲硬、软亲软，配合物稳定性、溶解度、反应选择性• 溶剂决定酸碱的""绝对强度""感知——拉平效应使水中所有 pKa < −1.7 的酸都表现为""强酸""

---"
"酸碱理论 的关键结论有哪些？","• 四种理论是递进扩展，不是互相否定——Arrhenius ⊂ Brønsted ⊂ Lewis• Brønsted 理论是有机化学最常用的酸碱语言——pKa、质子转移、共轭酸碱对• Lewis 理论是无机/配位化学的核心语言——所有配位反应都是 Lewis 酸碱反应• HSAB 是定性预测工具——硬亲硬、软亲软，配合物稳定性、溶解度、反应选择性• 溶剂决定酸碱的""绝对强度""感知——拉平效应使水中所有 pKa < −1.7 的酸都表现为""强酸""

---","化学原理 酸碱化学基础 酸碱理论 rc_30d 化竞 质子酸碱 Lewis酸碱 软硬酸碱","Chem::Core","[[酸碱理论]]","30d","总结卡","酸碱理论：描述物质酸碱性本质及其反应规律的理论框架。从 Arrhenius 到 Lewis，酸碱概念经历了四次重大扩展，适用范围从水溶液中的 H⁺/OH⁻ 延伸到质子转移、电子对接受，乃至所有配位化学。"
"酸碱理论 有哪些常见易错点？","• ❌ 认为 Brønsted 酸和 Lewis 酸是互斥的 → Brønsted 酸 ⊂ Lewis 酸，是包含关系• ❌ 把质子酸碱用于无质子反应 → BF₃ + NH₃ 是 Lewis 酸碱反应，不是 Brønsted• ❌ pKa 越小碱性越强 → pKa 越小，酸性越强，其共轭碱越弱• ❌ 忽略溶剂的拉平效应 → 在水中 HClO₄ 和 HCl 都是""强酸""，但在冰醋酸中 HClO₄ 更强• ❌ HSAB 规则绝对化 → HSAB 是经验定性规则，有例外（边界酸碱行为复杂）• ❌ 混淆酸碱强度与浓度 → 浓的弱酸（如浓醋酸）可以比稀的强酸（如稀 HCl）pH 更低

---","化学原理 酸碱化学基础 酸碱理论 rc_30d 化竞 质子酸碱 Lewis酸碱 软硬酸碱","Chem::Core","[[酸碱理论]]","30d","易错点卡","酸碱理论：描述物质酸碱性本质及其反应规律的理论框架。从 Arrhenius 到 Lewis，酸碱概念经历了四次重大扩展，适用范围从水溶液中的 H⁺/OH⁻ 延伸到质子转移、电子对接受，乃至所有配位化学。"
"什么是量子数？","量子数：描述原子中电子运动状态的四个整数或半整数参数。每个电子的运动状态由一组唯一的量子数 (n, l, m_l, m_s) 确定。","化学原理 原子结构 量子数 rc_30d 化竞","Chem::Core","[[量子数]]","30d","概念卡",""
"什么是金属键？","金属键：金属原子间通过自由电子气（离域电子）与金属阳离子之间的静电作用形成的化学键。","无机和结构化学 化学原理 分子结构 金属键 rc_30d 化竞 结构化学 化学键","Chem::Core","[[金属键]]","30d","概念卡","关键结论：
金属键强度趋势
• 价电子数↑ → 金属键↑
• 原子半径↓ → 金属键↑
• 实例：熔点 W > Fe > Cu > Al > Na > K

能带理论应用
• 导体：价带和导带重叠（金属）
• 半导体：带隙 ~1 eV（Si 1.12 eV）
• 绝缘体：带隙 > 3 eV（金刚石 ~5.5 eV）"
"金属键 的关键结论有哪些？","金属键强度趋势
• 价电子数↑ → 金属键↑
• 原子半径↓ → 金属键↑
• 实例：熔点 W > Fe > Cu > Al > Na > K

能带理论应用
• 导体：价带和导带重叠（金属）
• 半导体：带隙 ~1 eV（Si 1.12 eV）
• 绝缘体：带隙 > 3 eV（金刚石 ~5.5 eV）","无机和结构化学 化学原理 分子结构 金属键 rc_30d 化竞 结构化学 化学键","Chem::Core","[[金属键]]","30d","总结卡","金属键：金属原子间通过自由电子气（离域电子）与金属阳离子之间的静电作用形成的化学键。"
"金属键 有哪些常见易错点？","• 金属键无方向性和饱和性，但金属晶体有确定的堆积方式
• 温度升高，金属导电性下降（与半导体相反）
• 原子化热衡量金属键强弱：数值越大，金属越硬、熔点越高","无机和结构化学 化学原理 分子结构 金属键 rc_30d 化竞 结构化学 化学键","Chem::Core","[[金属键]]","30d","易错点卡","金属键：金属原子间通过自由电子气（离域电子）与金属阳离子之间的静电作用形成的化学键。"
"什么是键的极性？","键的极性：因成键原子电负性不同而导致共价键中电子云偏向一侧的性质。","无机和结构化学 化学原理 分子结构 键的极性 rc_30d 化竞 结构化学 键参数","Chem::Core","[[键的极性]]","30d","概念卡","关键结论：
卤化氢系列的键极性与键矩
 |  分子  |  \Delta\chi（\chi_{\text{卤}} - \chi_{\text{H}}）  |  键矩 \mu (D)  |  离子性百分数  | 
 | ------ | :---: | :---: | :---: | 
 |  HF  |  1.8  |  1.91  |  41%  | 
 |  HCl  |  1.0  |  1.08  |  18%  | 
 |  HBr  |  0.8  |  0.80  |  12%  | 
 |  HI  |  0.5  |  0.42  |  5%  | 

趋势：电负性差越大 \to 键矩越大 \to 离子性百分数越高。

离子性百分数的估算
\text{离子性百分数} = \frac{\mu_{\text{实}}}{\mu_{\text{计}}} \times 100\%
其中 \mu_{\text{计}} = eR（假设完全的离子键，偶极电荷 = 1 个电子电荷，偶极长 = 键长）"
"键的极性 的关键结论有哪些？","卤化氢系列的键极性与键矩
 |  分子  |  \Delta\chi（\chi_{\text{卤}} - \chi_{\text{H}}）  |  键矩 \mu (D)  |  离子性百分数  | 
 | ------ | :---: | :---: | :---: | 
 |  HF  |  1.8  |  1.91  |  41%  | 
 |  HCl  |  1.0  |  1.08  |  18%  | 
 |  HBr  |  0.8  |  0.80  |  12%  | 
 |  HI  |  0.5  |  0.42  |  5%  | 

趋势：电负性差越大 \to 键矩越大 \to 离子性百分数越高。

离子性百分数的估算
\text{离子性百分数} = \frac{\mu_{\text{实}}}{\mu_{\text{计}}} \times 100\%
其中 \mu_{\text{计}} = eR（假设完全的离子键，偶极电荷 = 1 个电子电荷，偶极长 = 键长）","无机和结构化学 化学原理 分子结构 键的极性 rc_30d 化竞 结构化学 键参数","Chem::Core","[[键的极性]]","30d","总结卡","键的极性：因成键原子电负性不同而导致共价键中电子云偏向一侧的性质。"
"键的极性 有哪些常见易错点？","• 键的极性 \neq 分子极性（键的极性是必要条件，但不充分）• CO 的偶极矩方向与电负性预测相反• 离子性百分数只是一个粗略概念，不同定义可能给出不同数值","无机和结构化学 化学原理 分子结构 键的极性 rc_30d 化竞 结构化学 键参数","Chem::Core","[[键的极性]]","30d","易错点卡","键的极性：因成键原子电负性不同而导致共价键中电子云偏向一侧的性质。"
"什么是键级？","键级（Bond Order）：衡量化学键强度的量。","无机和结构化学 化学原理 分子结构 键级 rc_30d 化竞 结构化学 键参数","Chem::Core","[[键级]]","30d","概念卡","关键结论：
经典 MO 键级
 |  分子  |  键级  |  说明  | 
 | :---: | :---: | ------ | 
 |  H₂⁺  |  0.5  |  单电子键  | 
 |  H₂  |  1  |  正常单键  | 
 |  O₂  |  2  |  双键 + 2 个未成对电子（顺磁）  | 
 |  N₂  |  3  |  最强的双原子键  | 
 |  NO  |  2.5  |  分数键级  | 
 |  O₂⁺  |  2.5  |  比 O₂ 键更强、键更短  | 

键级与键长/键能的关系• C—C (键级 1): 154 pm, 347 kJ/mol• C=C (键级 2): 134 pm, 611 kJ/mol• C≡C (键级 3): 120 pm, 837 kJ/mol"
"键级 的关键结论有哪些？","经典 MO 键级
 |  分子  |  键级  |  说明  | 
 | :---: | :---: | ------ | 
 |  H₂⁺  |  0.5  |  单电子键  | 
 |  H₂  |  1  |  正常单键  | 
 |  O₂  |  2  |  双键 + 2 个未成对电子（顺磁）  | 
 |  N₂  |  3  |  最强的双原子键  | 
 |  NO  |  2.5  |  分数键级  | 
 |  O₂⁺  |  2.5  |  比 O₂ 键更强、键更短  | 

键级与键长/键能的关系• C—C (键级 1): 154 pm, 347 kJ/mol• C=C (键级 2): 134 pm, 611 kJ/mol• C≡C (键级 3): 120 pm, 837 kJ/mol","无机和结构化学 化学原理 分子结构 键级 rc_30d 化竞 结构化学 键参数","Chem::Core","[[键级]]","30d","总结卡","键级（Bond Order）：衡量化学键强度的量。"
"键级 有哪些常见易错点？","• MO 键级公式中的""反键电子数""包括所有反键轨道上的电子，不只是 \pi^*• N_2 与 O_2 的 MO 能级顺序不同，写错顺序会导致键级和磁性判断错误• He_2 键级 = 0 \to 不能存在（不是弱键）• 分数键级是 MO 理论特有的概念，Lewis/VB 理论中没有","无机和结构化学 化学原理 分子结构 键级 rc_30d 化竞 结构化学 键参数","Chem::Core","[[键级]]","30d","易错点卡","键级（Bond Order）：衡量化学键强度的量。"
"什么是键能？","键解离能（D）：断裂 1 mol 气态分子中某一特定化学键所需的能量。
平均键能（E）：同类化学键解离能的平均值（用于估算反应热）。","无机和结构化学 化学原理 分子结构 键能 rc_30d 化竞 结构化学 键参数","Chem::Core","[[键能]]","30d","概念卡","关键结论：
常见键能趋势
 |  因素  |  趋势  | 
 | ------ | ------ | 
 |  键级  |  C≡C (837) > C=C (611) > C—C (347) kJ/mol  | 
 |  原子半径  |  C—H (413) > Si—H (318)  | 
 |  电负性差  |  H—F (567) > H—Cl (431) > H—Br (366)  | 

键能估算反应热的限制• 只适用于气态反应• 是近似方法（因键能受化学环境影响）• 不适合有共轭/芳香体系的分子（需共振能修正）"
"键能 的关键结论有哪些？","常见键能趋势
 |  因素  |  趋势  | 
 | ------ | ------ | 
 |  键级  |  C≡C (837) > C=C (611) > C—C (347) kJ/mol  | 
 |  原子半径  |  C—H (413) > Si—H (318)  | 
 |  电负性差  |  H—F (567) > H—Cl (431) > H—Br (366)  | 

键能估算反应热的限制• 只适用于气态反应• 是近似方法（因键能受化学环境影响）• 不适合有共轭/芳香体系的分子（需共振能修正）","无机和结构化学 化学原理 分子结构 键能 rc_30d 化竞 结构化学 键参数","Chem::Core","[[键能]]","30d","总结卡","键解离能（D）：断裂 1 mol 气态分子中某一特定化学键所需的能量。
平均键能（E）：同类化学键解离能的平均值（用于估算反应热）。"
"键能 有哪些常见易错点？","• 键能（解离能）是正值——断键吸热• 平均键能与解离能不一定相等（如 NH_3 中三个 N—H 键的解离能各不相同）• 键能是热力学参数，不直接反映动力学稳定性• O_2 键能 495 kJ/mol（MO 精确值 492），但按 VB 画为双键；实际相当于双键（MO 键级 = 2）","无机和结构化学 化学原理 分子结构 键能 rc_30d 化竞 结构化学 键参数","Chem::Core","[[键能]]","30d","易错点卡","键解离能（D）：断裂 1 mol 气态分子中某一特定化学键所需的能量。
平均键能（E）：同类化学键解离能的平均值（用于估算反应热）。"
"什么是键角？","键角：分子中两个相邻化学键之间的夹角。由 VSEPR理论 预测理想值，受孤电子对、电负性、位阻等因素调整。","无机和结构化学 化学原理 分子结构 键角 rc_30d 化竞 结构化学 键参数","Chem::Core","[[键角]]","30d","概念卡","关键结论：
常见键角比较• CH₄ (109.5°) > NH₃ (107°) > H₂O (104.5°) — LP 数递增，键角递减• NH₃ (107°) > NF₃ (102°) — F 电负性大，中心 N 的成键轨道 p 成分增多• H₂O (104.5°) > H₂S (92°) — 中心原子电负性 O > S

竞赛常见比较题模式• 同族氢化物：NH₃ > PH₃ > AsH₃（中心原子电负性↓ → 键角↓）• 卤代效应：PX₃ 中 X 电负性↑ → 键角↓• 环张力：环丙烷 ~60°, 环丁烷 ~90°（偏离理想 sp³ 角）"
"键角 的关键结论有哪些？","常见键角比较• CH₄ (109.5°) > NH₃ (107°) > H₂O (104.5°) — LP 数递增，键角递减• NH₃ (107°) > NF₃ (102°) — F 电负性大，中心 N 的成键轨道 p 成分增多• H₂O (104.5°) > H₂S (92°) — 中心原子电负性 O > S

竞赛常见比较题模式• 同族氢化物：NH₃ > PH₃ > AsH₃（中心原子电负性↓ → 键角↓）• 卤代效应：PX₃ 中 X 电负性↑ → 键角↓• 环张力：环丙烷 ~60°, 环丁烷 ~90°（偏离理想 sp³ 角）","无机和结构化学 化学原理 分子结构 键角 rc_30d 化竞 结构化学 键参数","Chem::Core","[[键角]]","30d","总结卡","键角：分子中两个相邻化学键之间的夹角。由 VSEPR理论 预测理想值，受孤电子对、电负性、位阻等因素调整。"
"键角 有哪些常见易错点？","• 键角是描述分子构型的参数，但分子构型不包括孤对电子• 电子对几何构型 \neq 分子几何构型（有孤对电子时）• SF_4 分子的变形四面体中，水平 \angleFSF = 101.5^\circ（非 120^\circ），轴向 \angleFSF = 187^\circ（非 180^\circ）• 三角双锥（AX_5）中有两种不等价位：赤道向（equatorial, 120^\circ）和轴向（axial, 90^\circ）","无机和结构化学 化学原理 分子结构 键角 rc_30d 化竞 结构化学 键参数","Chem::Core","[[键角]]","30d","易错点卡","键角：分子中两个相邻化学键之间的夹角。由 VSEPR理论 预测理想值，受孤电子对、电负性、位阻等因素调整。"
"什么是键长？","键长：分子中两个成键原子核之间的平衡距离（势能最低点）。","无机和结构化学 化学原理 分子结构 键长 rc_30d 化竞 结构化学 键参数","Chem::Core","[[键长]]","30d","概念卡","关键结论：
教科书中的典型键长数据
 |  分子  |  键  |  键级  |  键长 (pm)  | 
 | ------ | ------ | :---: | :---: | 
 |  H_2  |  H—H  |  1  |  74  | 
 |  N_2  |  N\equivN  |  3  |  110  | 
 |  O_2  |  O=O  |  2  |  121  | 
 |  F_2  |  F—F  |  1  |  142  | 
 |  C_2H_6  |  C—C  |  1  |  154  | 
 |  C_2H_4  |  C=C  |  2  |  134  | 
 |  C_2H_2  |  C\equivC  |  3  |  120  | 

杂化轨道 s 成分与 C—H 键长的关系
 |  分子  |  杂化  |  C—H 键长 (pm)  |  C—H 键能 (kJ/mol)  | 
 | ------ | ------ | :---: | :---: | 
 |  CH 基  |  \approx p  |  112  |  \approx 337  | 
 |  C_2H_6  |  sp^3  |  109  |  410  | 
 |  C_2H_4  |  sp^2  |  108  |  \approx 427  | 
 |  C_2H_2  |  sp  |  106  |  \approx 523  | 

离子键的键长（核间距离 r_0）
 |  化合物  |  结构类型  |  r_0 (pm)  |  晶格能 U (kJ/mol)  | 
 | ------ | ------ | :---: | :---: | 
 |  NaF  |  NaCl型  |  231  |  923  | 
 |  NaCl  |  NaCl型  |  282  |  787  | 
 |  NaBr  |  NaCl型  |  298  |  747  | 
 |  NaI  |  NaCl型  |  323  |  704  | 
 |  MgO  |  NaCl型  |  210  |  3791  | 

共振/离域体系中的键长平均化
 |  分子  |  键型  |  参考单键长  |  参考双键长  |  实测键长  | 
 | ------ | ------ | :---: | :---: | :---: | 
 |  NO_2  |  N—O  |  136 pm  |  115 pm  |  120 pm  | 
 |  苯 C_6H_6  |  C—C  |  154 pm  |  134 pm  |  139 pm  |"
"键长 的关键结论有哪些？","教科书中的典型键长数据
 |  分子  |  键  |  键级  |  键长 (pm)  | 
 | ------ | ------ | :---: | :---: | 
 |  H_2  |  H—H  |  1  |  74  | 
 |  N_2  |  N\equivN  |  3  |  110  | 
 |  O_2  |  O=O  |  2  |  121  | 
 |  F_2  |  F—F  |  1  |  142  | 
 |  C_2H_6  |  C—C  |  1  |  154  | 
 |  C_2H_4  |  C=C  |  2  |  134  | 
 |  C_2H_2  |  C\equivC  |  3  |  120  | 

杂化轨道 s 成分与 C—H 键长的关系
 |  分子  |  杂化  |  C—H 键长 (pm)  |  C—H 键能 (kJ/mol)  | 
 | ------ | ------ | :---: | :---: | 
 |  CH 基  |  \approx p  |  112  |  \approx 337  | 
 |  C_2H_6  |  sp^3  |  109  |  410  | 
 |  C_2H_4  |  sp^2  |  108  |  \approx 427  | 
 |  C_2H_2  |  sp  |  106  |  \approx 523  | 

离子键的键长（核间距离 r_0）
 |  化合物  |  结构类型  |  r_0 (pm)  |  晶格能 U (kJ/mol)  | 
 | ------ | ------ | :---: | :---: | 
 |  NaF  |  NaCl型  |  231  |  923  | 
 |  NaCl  |  NaCl型  |  282  |  787  | 
 |  NaBr  |  NaCl型  |  298  |  747  | 
 |  NaI  |  NaCl型  |  323  |  704  | 
 |  MgO  |  NaCl型  |  210  |  3791  | 

共振/离域体系中的键长平均化
 |  分子  |  键型  |  参考单键长  |  参考双键长  |  实测键长  | 
 | ------ | ------ | :---: | :---: | :---: | 
 |  NO_2  |  N—O  |  136 pm  |  115 pm  |  120 pm  | 
 |  苯 C_6H_6  |  C—C  |  154 pm  |  134 pm  |  139 pm  |","无机和结构化学 化学原理 分子结构 键长 rc_30d 化竞 结构化学 键参数","Chem::Core","[[键长]]","30d","总结卡","键长：分子中两个成键原子核之间的平衡距离（势能最低点）。"
"键长 有哪些常见易错点？","• 键长与偶极长是两个不同概念• van der Waals 半径 >> 共价半径• NO_2 中 N—O 键长 120 pm 是单键（136 pm）和双键（115 pm）的中间值，因为存在离域 \pi 键• 离子化合物中 r_0 是正负离子核间距离，不等于任何离子半径","无机和结构化学 化学原理 分子结构 键长 rc_30d 化竞 结构化学 键参数","Chem::Core","[[键长]]","30d","易错点卡","键长：分子中两个成键原子核之间的平衡距离（势能最低点）。"
"什么是零点能？","零点能是量子力学谐振子模型的重要推论：即使在绝对零度（0\ \mathrm{K}），分子仍保持最低振动能 E_0 = \frac{1}{2}h\nu。零点能差异是同位素效应、隧道效应和某些反应选择性的物理根源。","化学原理 物理化学 零点能 rc_30d 化竞 量子化学 同位素效应","Chem::Core","[[零点能]]","30d","概念卡","关键结论：
4.1 一级动力学同位素效应（KIE）

$$\frac{k_\mathrm{H}}{k_\mathrm{D}} \approx \exp\left(\frac{\Delta \mathrm{"
"零点能 的关键结论有哪些？","4.1 一级动力学同位素效应（KIE）

$$\frac{k_\mathrm{H}}{k_\mathrm{D}} \approx \exp\left(\frac{\Delta \mathrm{","化学原理 物理化学 零点能 rc_30d 化竞 量子化学 同位素效应","Chem::Core","[[零点能]]","30d","总结卡","零点能是量子力学谐振子模型的重要推论：即使在绝对零度（0\ \mathrm{K}），分子仍保持最低振动能 E_0 = \frac{1}{2}h\nu。零点能差异是同位素效应、隧道效应和某些反应选择性的物理根源。"
"零点能 有哪些常见易错点？","• 零点能不是零：即使在绝对零度，分子仍有 E_0 = \frac{1}{2}h\nu 的能量
• 力常数 k 与同位素无关：同位素取代不改变键的强度
• 约化质量的计算：注意 \mu = \frac{m_1 m_2}{m_1 + m_2}，不是简单的平均
• **","化学原理 物理化学 零点能 rc_30d 化竞 量子化学 同位素效应","Chem::Core","[[零点能]]","30d","易错点卡","零点能是量子力学谐振子模型的重要推论：即使在绝对零度（0\ \mathrm{K}），分子仍保持最低振动能 E_0 = \frac{1}{2}h\nu。零点能差异是同位素效应、隧道效应和某些反应选择性的物理根源。"
"什么是高自旋与低自旋？","八面体配合物中，d 电子有两种填入 t_{2g} 和 e_g 轨道的方式：","化学原理 配位化学 高自旋与低自旋 rc_30d 化竞","Chem::Core","[[高自旋与低自旋]]","30d","概念卡","关键结论：
d⁴–d⁷ 电子组态才有 HS/LS 之分
 |  dⁿ  |  HS 构型  |  LS 构型  |  实例 (HS)  |  实例 (LS)  | 
 | :---: | ------ | ------ | ------ | ------ | 
 |  d⁴  |  t_{2g}^3 e_g^1  |  t_{2g}^4  |  [Cr(H₂O)₆]²⁺  |  [Cr(CN)₆]⁴⁻  | 
 |  d⁵  |  t_{2g}^3 e_g^2  |  t_{2g}^5  |  [Fe(H₂O)₆]³⁺  |  [Fe(CN)₆]³⁻  | 
 |  d⁶  |  t_{2g}^4 e_g^2  |  t_{2g}^6  |  [Fe(H₂O)₆]²⁺  |  [Fe(CN)₆]⁴⁻  | 
 |  d⁷  |  t_{2g}^5 e_g^2  |  t_{2g}^6 e_g^1  |  [Co(H₂O)₆]²⁺  |  [Co(NH₃)₆]²⁺(LS 罕见)  |"
"高自旋与低自旋 的关键结论有哪些？","d⁴–d⁷ 电子组态才有 HS/LS 之分
 |  dⁿ  |  HS 构型  |  LS 构型  |  实例 (HS)  |  实例 (LS)  | 
 | :---: | ------ | ------ | ------ | ------ | 
 |  d⁴  |  t_{2g}^3 e_g^1  |  t_{2g}^4  |  [Cr(H₂O)₆]²⁺  |  [Cr(CN)₆]⁴⁻  | 
 |  d⁵  |  t_{2g}^3 e_g^2  |  t_{2g}^5  |  [Fe(H₂O)₆]³⁺  |  [Fe(CN)₆]³⁻  | 
 |  d⁶  |  t_{2g}^4 e_g^2  |  t_{2g}^6  |  [Fe(H₂O)₆]²⁺  |  [Fe(CN)₆]⁴⁻  | 
 |  d⁷  |  t_{2g}^5 e_g^2  |  t_{2g}^6 e_g^1  |  [Co(H₂O)₆]²⁺  |  [Co(NH₃)₆]²⁺(LS 罕见)  |","化学原理 配位化学 高自旋与低自旋 rc_30d 化竞","Chem::Core","[[高自旋与低自旋]]","30d","总结卡","八面体配合物中，d 电子有两种填入 t_{2g} 和 e_g 轨道的方式："
"高自旋与低自旋 有哪些常见易错点？","• 错：认为所有 d⁴-d⁷ 配合物都有 HS/LS 之分 → 四面体总是 HS，4d/5d 几乎总是 LS
• 错：混淆配对能 P 和分裂能 Δ 的单位 → 都以 \mathrm{cm^{-1}} 为单位（光谱学常用）
• 错：将 \mathrm{Co(NH_3)_6^{2+}} 判断为 LS → \mathrm{Co^{2+}} 的 NH₃ 配合物是 HS（参照表 14.8）","化学原理 配位化学 高自旋与低自旋 rc_30d 化竞","Chem::Core","[[高自旋与低自旋]]","30d","易错点卡","八面体配合物中，d 电子有两种填入 t_{2g} 和 e_g 轨道的方式："
"什么是18电子规则？","18电子规则（18-Electron Rule），又称 有效原子序数规则（Effective Atomic Number Rule, EAN规则） 或 Sidgwick规则，是由英国化学家 Nevil Sidgwick 于1927年提出的经验规则。","无机和结构化学 配位化学 18电子规则 rc_30d 化竞 金属有机","Chem::Core","[[18电子规则]]","30d","概念卡","关键结论：
4.1 典型配合物的电子计数

 |  配合物  |  金属价电子  |  配体电子  |  总价电子  |  是否满足18电子  | 
 | -------- | ----------- | --------- | --------- | -------------- | 
 |  \mathrm{[Fe(CO)_5]}  |  Fe: 8  |  5×CO: 10  |  18  |  ✓  | 
 |  \mathrm{[Ni(CO)_4]}  |  Ni: 10  |  4×CO: 8  |  18  |  ✓  | 
 |  \mathrm{[Cr(CO)_6]}  |  Cr: 6  |  6×CO: 12  |  18  |  ✓  | 
 |  \mathrm{[Mn(CO)_5]^-}  |  Mn: 7  |  5×CO: 10  |  17+1=18  |  ✓  | 
 |  \mathrm{[Co(CO)_4]^-}  |  Co: 9  |  4×CO: 8  |  17+1=18  |  ✓  | 
 |  \mathrm{[Fe(Cp)_2]} (二茂铁)  |  Fe: 8  |  2×Cp: 10  |  18  |  ✓  | 
 |  \mathrm{[Mn_2(CO)_{10}]}  |  Mn: 7×2  |  10×CO: 20  |  34+2(M-M)=36  |  ✓ (每个Mn: 18)  | 
 |  \mathrm{[V(CO)_6]^-}  |  V: 5  |  6×CO: 12  |  17+1=18  |  ✓  | 

4.2 金属-金属键的电子计数

含金属-金属键的配合物中，每个金属-金属键对每个金属贡献1个电子。

例如 \mathrm{[Mn_2(CO)_{10}]}：• 每个 Mn 贡献 7 个价电子• 5 个 CO 贡献 10 个电子• 1 个 Mn-Mn 键贡献 1 个电子• 总计：7 + 10 + 1 = 18 电子

4.3 桥联配体的电子计数

桥联配体（如 \mu_2-CO）对配合物的总电子计数有特定规则，通常桥联 CO 对每个金属贡献 1 个电子（在计算单个金属中心时）。

4.4 两种计数法的系统对比（"
"18电子规则 的关键结论有哪些？","4.1 典型配合物的电子计数

 |  配合物  |  金属价电子  |  配体电子  |  总价电子  |  是否满足18电子  | 
 | -------- | ----------- | --------- | --------- | -------------- | 
 |  \mathrm{[Fe(CO)_5]}  |  Fe: 8  |  5×CO: 10  |  18  |  ✓  | 
 |  \mathrm{[Ni(CO)_4]}  |  Ni: 10  |  4×CO: 8  |  18  |  ✓  | 
 |  \mathrm{[Cr(CO)_6]}  |  Cr: 6  |  6×CO: 12  |  18  |  ✓  | 
 |  \mathrm{[Mn(CO)_5]^-}  |  Mn: 7  |  5×CO: 10  |  17+1=18  |  ✓  | 
 |  \mathrm{[Co(CO)_4]^-}  |  Co: 9  |  4×CO: 8  |  17+1=18  |  ✓  | 
 |  \mathrm{[Fe(Cp)_2]} (二茂铁)  |  Fe: 8  |  2×Cp: 10  |  18  |  ✓  | 
 |  \mathrm{[Mn_2(CO)_{10}]}  |  Mn: 7×2  |  10×CO: 20  |  34+2(M-M)=36  |  ✓ (每个Mn: 18)  | 
 |  \mathrm{[V(CO)_6]^-}  |  V: 5  |  6×CO: 12  |  17+1=18  |  ✓  | 

4.2 金属-金属键的电子计数

含金属-金属键的配合物中，每个金属-金属键对每个金属贡献1个电子。

例如 \mathrm{[Mn_2(CO)_{10}]}：• 每个 Mn 贡献 7 个价电子• 5 个 CO 贡献 10 个电子• 1 个 Mn-Mn 键贡献 1 个电子• 总计：7 + 10 + 1 = 18 电子

4.3 桥联配体的电子计数

桥联配体（如 \mu_2-CO）对配合物的总电子计数有特定规则，通常桥联 CO 对每个金属贡献 1 个电子（在计算单个金属中心时）。

4.4 两种计数法的系统对比（","无机和结构化学 配位化学 18电子规则 rc_30d 化竞 金属有机","Chem::Core","[[18电子规则]]","30d","总结卡","18电子规则（18-Electron Rule），又称 有效原子序数规则（Effective Atomic Number Rule, EAN规则） 或 Sidgwick规则，是由英国化学家 Nevil Sidgwick 于1927年提出的经验规则。"
"18电子规则 有哪些常见易错点？","• 氧化态判断错误：离子法中金属氧化态判断错误会导致d电子数计算错误• 配体电子数记错：如将CO记为1电子或3电子（实际为2电子）• 桥联配体计数：桥联配体对总电子数的贡献与端基配体不同• 电荷的处理：配合物整体电荷需正确分配给金属中心• NO配体的特殊性：NO通常作为3电子给予体（中性法），容易误记为2电子","无机和结构化学 配位化学 18电子规则 rc_30d 化竞 金属有机","Chem::Core","[[18电子规则]]","30d","易错点卡","18电子规则（18-Electron Rule），又称 有效原子序数规则（Effective Atomic Number Rule, EAN规则） 或 Sidgwick规则，是由英国化学家 Nevil Sidgwick 于1927年提出的经验规则。"
"什么是8电子规则？","8电子规则（Octet Rule）是指主族元素在形成化合物时，倾向于通过得失电子或共用电子对使最外层达到 8 电子的稳定构型（ns²np⁶，与稀有气体相同）。该规则是书写 Lewis 结构、理解化学键形成和判断分子稳定性的基础。","无机和结构化学 化学键 8电子规则 rc_30d 化竞 基础要求 无机化学 Lewis结构","Chem::Core","[[8电子规则]]","30d","概念卡","关键结论：
• [待补充]"
"8电子规则 的关键结论有哪些？","• [待补充]","无机和结构化学 化学键 8电子规则 rc_30d 化竞 基础要求 无机化学 Lewis结构","Chem::Core","[[8电子规则]]","30d","总结卡","8电子规则（Octet Rule）是指主族元素在形成化合物时，倾向于通过得失电子或共用电子对使最外层达到 8 电子的稳定构型（ns²np⁶，与稀有气体相同）。该规则是书写 Lewis 结构、理解化学键形成和判断分子稳定性的基础。"
"8电子规则 有哪些常见易错点？","• [待补充]","无机和结构化学 化学键 8电子规则 rc_30d 化竞 基础要求 无机化学 Lewis结构","Chem::Core","[[8电子规则]]","30d","易错点卡","8电子规则（Octet Rule）是指主族元素在形成化合物时，倾向于通过得失电子或共用电子对使最外层达到 8 电子的稳定构型（ns²np⁶，与稀有气体相同）。该规则是书写 Lewis 结构、理解化学键形成和判断分子稳定性的基础。"
"CaF2型结构 的关键结论有哪些？","• AB₂ 型化合物的典型结构之一
• Ca²⁺ 配位数 8（被 8 个 F⁻ 包围成立方体），F⁻ 配位数 4（被 4 个 Ca²⁺ 包围成四面体）
• 晶胞含：4 个 Ca²⁺ + 8 个 F⁻ = 4 个 CaF₂/晶胞
• 实例：CaF₂, SrF₂, BaF₂, ThO₂, UO₂,","无机和结构化学 晶体结构 CaF2型结构 rc_30d 化竞 典型结构","Chem::Core","[[CaF2型结构]]","30d","总结卡",""
"CsCl型结构 的关键结论有哪些？","• 适用于 r_{+}/r_{-} > 0.732 的 AB 型离子化合物
• 配位数最高（8:8）的常见 AB 型结构——正负离子半径相近时形成
• 典型实例：CsCl, CsBr, CsI, TlCl, NH₄Cl（高温相）, NH₄Br, NH₄I
• \mathrm{NH_4^+} 半径（~143 pm）与 \mathrm{Rb^+} 相近，故铵盐多属此型","无机和结构化学 晶体结构 CsCl型结构 rc_30d 化竞 典型结构","Chem::Core","[[CsCl型结构]]","30d","总结卡",""
"什么是Feltham-Enemark记号？","Feltham-Enemark记号 是由Feltham和Enemark提出的一套电子计数系统，专门用于处理金属-亚硝酰（M-NO）配合物中复杂的电子分配问题。该记号用 {MNO}ⁿ 的形式表示，其中 n 表示金属d电子与NO的π*电子的总数。","无机和结构化学 配合物 Feltham-Enemark记号 rc_30d 化竞 NO配位 电子计数","Chem::Core","[[Feltham-Enemark记号]]","30d","概念卡","关键结论：
• {MNO}ⁿ记号避免了NO形式电荷的归属困难，将金属d电子和NO π*电子合并计数。• n值与配位模式相关：• n ≤ 6：倾向于直线型NO• n = 7–8：过渡区域• n ≥ 8：倾向于弯曲型NO• n值范围通常为6–10，对应不同的电子组态和成键特征。• {MNO}ⁿ记号与18电子规则兼容：通过适当的电子分配，可以同时进行{MNO}ⁿ计数和18电子计数。"
"Feltham-Enemark记号 的关键结论有哪些？","• {MNO}ⁿ记号避免了NO形式电荷的归属困难，将金属d电子和NO π*电子合并计数。• n值与配位模式相关：• n ≤ 6：倾向于直线型NO• n = 7–8：过渡区域• n ≥ 8：倾向于弯曲型NO• n值范围通常为6–10，对应不同的电子组态和成键特征。• {MNO}ⁿ记号与18电子规则兼容：通过适当的电子分配，可以同时进行{MNO}ⁿ计数和18电子计数。","无机和结构化学 配合物 Feltham-Enemark记号 rc_30d 化竞 NO配位 电子计数","Chem::Core","[[Feltham-Enemark记号]]","30d","总结卡","Feltham-Enemark记号 是由Feltham和Enemark提出的一套电子计数系统，专门用于处理金属-亚硝酰（M-NO）配合物中复杂的电子分配问题。该记号用 {MNO}ⁿ 的形式表示，其中 n 表示金属d电子与NO的π*电子的总数。"
"Feltham-Enemark记号 有哪些常见易错点？","• n值的计算错误：容易混淆金属d电子数和NO π电子数的计算方法。记住n = 金属d电子数 + NO π电子数。• 与18电子规则的混淆：{MNO}ⁿ记号给出的是M-NO单元的电子计数，不等于整个配合物的价电子总数。• 多NO配合物的处理：{MNO}ⁿ记号最初为单NO配合物设计，多NO体系需要谨慎扩展。• n值与配位模式的绝对化：n值提供的是趋势，不是绝对判断标准。实验数据（IR、XRD）才是最终依据。• 氧化态的灵活处理：{MNO}ⁿ记号允许氧化态的灵活解释，但竞赛中通常需要给出明确的氧化态。","无机和结构化学 配合物 Feltham-Enemark记号 rc_30d 化竞 NO配位 电子计数","Chem::Core","[[Feltham-Enemark记号]]","30d","易错点卡","Feltham-Enemark记号 是由Feltham和Enemark提出的一套电子计数系统，专门用于处理金属-亚硝酰（M-NO）配合物中复杂的电子分配问题。该记号用 {MNO}ⁿ 的形式表示，其中 n 表示金属d电子与NO的π*电子的总数。"
"NaCl型结构 的关键结论有哪些？","• 在 AB 型化合物中最为普遍的结构类型
• 适用于 r_{+}/r_{-} 在 0.414 \sim 0.732 范围的离子化合物
• 配位数 6:6（正负离子均被 6 个异号离子包围）
• 典型实例涵盖：碱金属卤化物（KCl、NaBr 等）、碱土金属氧化物和硫化物（CaO、MgO、CaS、BaS）、MnO","无机和结构化学 晶体结构 NaCl型结构 rc_30d 化竞 典型结构","Chem::Core","[[NaCl型结构]]","30d","总结卡",""
"什么是NiAs型结构？","NiAs 型结构（砷化镍型结构）:以砷化镍 NiAs 为原型的典型 AB 型离子-金属混合性晶体结构。","无机和结构化学 晶体结构 NiAs型结构 rc_30d 化竞 离子晶体 金属性","Chem::Core","[[NiAs型结构]]","30d","概念卡","关键结论：
结构参数(NiAs 原型)
• 晶系:六方
• a = 3.61 Å, c = 5.04 Å, c/a = 1.40
• 空间群:P6_3/mmc (No.194)
-"
"NiAs型结构 的关键结论有哪些？","结构参数(NiAs 原型)
• 晶系:六方
• a = 3.61 Å, c = 5.04 Å, c/a = 1.40
• 空间群:P6_3/mmc (No.194)
-","无机和结构化学 晶体结构 NiAs型结构 rc_30d 化竞 离子晶体 金属性","Chem::Core","[[NiAs型结构]]","30d","总结卡","NiAs 型结构（砷化镍型结构）:以砷化镍 NiAs 为原型的典型 AB 型离子-金属混合性晶体结构。"
"NiAs型结构 有哪些常见易错点？","• ❌ 错:NiAs 型阴离子周围是八面体——是三方棱柱!
• ❌ 错:NiAs 型和 NaCl 型完全等价——堆积方式不同(hcp vs fcc),衍生出 M-M 接触差异
• ❌ 错:所有 1:1 离子化合物都取 NaCl 型——过渡金属硫化物/砷化物常取 NiAs 型
• ❌ 错:NiAs 型只允许整比化合物——常见非整比缺陷(如 \text{Fe}_{1-x}\text{S})
• ❌ 错:NiAs 型无金属性——沿 c 轴 Ni-Ni 短接触可产生金属性导电","无机和结构化学 晶体结构 NiAs型结构 rc_30d 化竞 离子晶体 金属性","Chem::Core","[[NiAs型结构]]","30d","易错点卡","NiAs 型结构（砷化镍型结构）:以砷化镍 NiAs 为原型的典型 AB 型离子-金属混合性晶体结构。"
"什么是NO配位？","NO配位 是指一氧化氮（NO）分子作为配体与金属中心配位形成配合物的过程。配位状态的NO称为亚硝酰配体（nitrosyl ligand）。","无机和结构化学 配合物 NO配位 rc_30d 化竞 配体 NO","Chem::Core","[[NO配位]]","30d","概念卡","关键结论：
• NO是3电子供体（在特定计数体系下）：在中性配体法中，NO作为中性自由基贡献3个电子（N提供孤对电子2e + 未成对电子1e）。但在离子法中，根据配位模式不同，可视为\mathrm{NO}^+（2e）或\mathrm{NO}^-（2e）。• 配位模式决定电子计数：直线型NO相当于\mathrm{NO}^+（2e供体，强\pi接受体）；弯曲型NO相当于\mathrm{NO}^-（2e供体，弱\pi接受体）。• NO的可转换性：直线型与弯曲型之间的转换使NO配体具有独特的反应活性，可使18电子络合物发生缔合活化取代。"
"NO配位 的关键结论有哪些？","• NO是3电子供体（在特定计数体系下）：在中性配体法中，NO作为中性自由基贡献3个电子（N提供孤对电子2e + 未成对电子1e）。但在离子法中，根据配位模式不同，可视为\mathrm{NO}^+（2e）或\mathrm{NO}^-（2e）。• 配位模式决定电子计数：直线型NO相当于\mathrm{NO}^+（2e供体，强\pi接受体）；弯曲型NO相当于\mathrm{NO}^-（2e供体，弱\pi接受体）。• NO的可转换性：直线型与弯曲型之间的转换使NO配体具有独特的反应活性，可使18电子络合物发生缔合活化取代。","无机和结构化学 配合物 NO配位 rc_30d 化竞 配体 NO","Chem::Core","[[NO配位]]","30d","总结卡","NO配位 是指一氧化氮（NO）分子作为配体与金属中心配位形成配合物的过程。配位状态的NO称为亚硝酰配体（nitrosyl ligand）。"
"NO配位 有哪些常见易错点？","• NO电子数混淆：NO在中性配体法中作为中性自由基可视为3e供体，但在离子法中根据配位模式是2e供体（\mathrm{NO}^+或\mathrm{NO}^-）。竞赛中通常使用离子法。• 氧化态计算错误：使用离子法时，必须根据NO的配位模式调整金属氧化态。直线型NO = \mathrm{NO}^+使金属氧化态+1；弯曲型NO = \mathrm{NO}^-使金属氧化态-1。• 忽略配位模式转换：NO的独特之处在于其配位模式可转换，这是理解其反应化学的关键。• IR频率与配位模式的对应：虽然直线型NO的\nu_{\mathrm{NO}}通常高于弯曲型，但金属中心的环境（如其他配体的性质）也会影响频率，不能仅凭IR绝对判断。","无机和结构化学 配合物 NO配位 rc_30d 化竞 配体 NO","Chem::Core","[[NO配位]]","30d","易错点卡","NO配位 是指一氧化氮（NO）分子作为配体与金属中心配位形成配合物的过程。配位状态的NO称为亚硝酰配体（nitrosyl ligand）。"
"什么是Pauling规则？","Pauling规则是Linus Pauling提出的一套经验规则，用于预测和解释离子晶体的结构稳定性。它从离子半径、电荷、配位数等角度出发，为理解复杂的离子晶体结构提供了定性框架。","无机和结构化学 晶体结构 Pauling规则 rc_30d 化竞 离子晶体","Chem::Core","[[Pauling规则]]","30d","概念卡","关键结论：
• 电价规则是Pauling规则的核心，用于验证或预测离子晶体结构的合理性
• 共顶点 > 共棱 > 共面 的稳定性顺序源于正离子之间的静电排斥
• 高电价正离子（如Si⁴⁺）倾向于低配位数（4，四面体），且彼此隔离（如硅酸盐中SiO₄四面体只共顶点）
• 电价规则可用于预测复杂氧化物中氧离子的配位环境是否饱和"
"Pauling规则 的关键结论有哪些？","• 电价规则是Pauling规则的核心，用于验证或预测离子晶体结构的合理性
• 共顶点 > 共棱 > 共面 的稳定性顺序源于正离子之间的静电排斥
• 高电价正离子（如Si⁴⁺）倾向于低配位数（4，四面体），且彼此隔离（如硅酸盐中SiO₄四面体只共顶点）
• 电价规则可用于预测复杂氧化物中氧离子的配位环境是否饱和","无机和结构化学 晶体结构 Pauling规则 rc_30d 化竞 离子晶体","Chem::Core","[[Pauling规则]]","30d","总结卡","Pauling规则是Linus Pauling提出的一套经验规则，用于预测和解释离子晶体的结构稳定性。它从离子半径、电荷、配位数等角度出发，为理解复杂的离子晶体结构提供了定性框架。"
"Pauling规则 有哪些常见易错点？","• 混淆静电键强度公式：$s =","无机和结构化学 晶体结构 Pauling规则 rc_30d 化竞 离子晶体","Chem::Core","[[Pauling规则]]","30d","易错点卡","Pauling规则是Linus Pauling提出的一套经验规则，用于预测和解释离子晶体的结构稳定性。它从离子半径、电荷、配位数等角度出发，为理解复杂的离子晶体结构提供了定性框架。"
"什么是SN2-Si机理？","SN2-Si 机理：在 Si、P、S、Cl、Br、I、Xe 等第 3 周期及以下的中心原子上的亲核取代反应。与碳上的协同 SN2 不同，它通常是两步过程：
• 第一步（A，缔合）：亲核体加成到中心原子，形成高价中间体
• 第二步（D，离解）：离去基团从中间体上离去","无机和结构化学 反应机理 SN2-Si机理 rc_30d 化竞 主族化学","Chem::Core","[[SN2-Si机理]]","30d","概念卡","关键结论：
4.1 中间体几何
• 5 配位：三角双锥（TBP），轴向 F—Si—F 键较长（典型 3c-4e）
• 6 配位：八面体（如 [SiF₆]²⁻、[PF₆]⁻、[SF₆]）
• 较高配位（7、8）出现于 I、Xe 化合物

4.2 Berry 假旋转（Berry pseudorotation）
• TBP 中轴向和赤道位置可通过弯曲振动互换
• 这使得 SN2-Si 的立体化学常不可预测——保留 vs 反转取决于哪两个位置参与离去

4.3 SN1-Si 几乎不存在
• Si⁺、P⁺等正离子非常不稳定（不像 t-Bu⁺）
• 因此重元素几乎只走 SN2-Si，不走 SN1
• 例外：极特殊体系（含强稳定基团如 β-硅基效应）"
"SN2-Si机理 的关键结论有哪些？","4.1 中间体几何
• 5 配位：三角双锥（TBP），轴向 F—Si—F 键较长（典型 3c-4e）
• 6 配位：八面体（如 [SiF₆]²⁻、[PF₆]⁻、[SF₆]）
• 较高配位（7、8）出现于 I、Xe 化合物

4.2 Berry 假旋转（Berry pseudorotation）
• TBP 中轴向和赤道位置可通过弯曲振动互换
• 这使得 SN2-Si 的立体化学常不可预测——保留 vs 反转取决于哪两个位置参与离去

4.3 SN1-Si 几乎不存在
• Si⁺、P⁺等正离子非常不稳定（不像 t-Bu⁺）
• 因此重元素几乎只走 SN2-Si，不走 SN1
• 例外：极特殊体系（含强稳定基团如 β-硅基效应）","无机和结构化学 反应机理 SN2-Si机理 rc_30d 化竞 主族化学","Chem::Core","[[SN2-Si机理]]","30d","总结卡","SN2-Si 机理：在 Si、P、S、Cl、Br、I、Xe 等第 3 周期及以下的中心原子上的亲核取代反应。与碳上的协同 SN2 不同，它通常是两步过程：
• 第一步（A，缔合）：亲核体加成到中心原子，形成高价中间体
• 第二步（D，离解）：离去基团从中间体上离去"
"SN2-Si机理 有哪些常见易错点？","• 把 SN2-Si 误以为是协同的——丢掉中间体
• 忽视 Berry 假旋转的可能——错误判断立体化学
• 把""加成-离解""和""协同 σ-bond metathesis""混淆——前者中间体稳定可分离，后者只是过渡态
• 用碳化学的""位阻""思维——Si/P/S 中心可容纳更多基团，位阻效应较弱","无机和结构化学 反应机理 SN2-Si机理 rc_30d 化竞 主族化学","Chem::Core","[[SN2-Si机理]]","30d","易错点卡","SN2-Si 机理：在 Si、P、S、Cl、Br、I、Xe 等第 3 周期及以下的中心原子上的亲核取代反应。与碳上的协同 SN2 不同，它通常是两步过程：
• 第一步（A，缔合）：亲核体加成到中心原子，形成高价中间体
• 第二步（D，离解）：离去基团从中间体上离去"
"什么是λ符号体系？","λ（lambda）符号体系：IUPAC 推荐的高价化合物命名方法。在元素符号前加上 λⁿ-（其中 n 为该原子的价），用于明确高价或非常规价态的元素位置。","无机和结构化学 命名规则 λ符号体系 rc_30d 化竞 命名 主族化学","Chem::Core","[[λ符号体系]]","30d","概念卡","关键结论：
4.1 与""价""的关系（牢牢绑定）
• λⁿ-X 中的 n 就是 X 的价
• 不要与氧化态混淆——氧化态可能不同
• 例：λ⁵-P 在磷酸 \ce{H3PO4} 中
• P 的价 = 5（4 个 σ + 1 个 P=O 双键的额外贡献，按 IUPAC 计为 5）
• P 的氧化态 = +5

4.2 命名实例
 |  化合物  |  λ 命名  |  解释  | 
 | --- | --- | --- | 
 |  \ce{PF5}  |  λ⁵-磷烷-五氟化物 / 五氟化磷  |  P 价 5  | 
 |  \ce{SF4}  |  λ⁴-硫烷-四氟化物 / 四氟化硫  |  S 价 4  | 
 |  \ce{SF6}  |  λ⁶-硫烷-六氟化物 / 六氟化硫  |  S 价 6  | 
 |  \ce{IF7}  |  λ⁷-碘烷-七氟化物 / 七氟化碘  |  I 价 7  | 
 |  \ce{BiPh5}  |  五苯基-λ⁵-铋烷  |  Bi 价 5  | 
 |  氮宾 (\ce{R-N:})  |  λ²-氮烷衍生物  |  N 价 2  | 

4.3 何时不需要 λ
• 默认价的化合物：\ce{NH3}（N 价 3，默认），\ce{H2O}（O 价 2，默认），\ce{CH4}（C 价 4，默认）
• 这些直接命名即可"
"λ符号体系 的关键结论有哪些？","4.1 与""价""的关系（牢牢绑定）
• λⁿ-X 中的 n 就是 X 的价
• 不要与氧化态混淆——氧化态可能不同
• 例：λ⁵-P 在磷酸 \ce{H3PO4} 中
• P 的价 = 5（4 个 σ + 1 个 P=O 双键的额外贡献，按 IUPAC 计为 5）
• P 的氧化态 = +5

4.2 命名实例
 |  化合物  |  λ 命名  |  解释  | 
 | --- | --- | --- | 
 |  \ce{PF5}  |  λ⁵-磷烷-五氟化物 / 五氟化磷  |  P 价 5  | 
 |  \ce{SF4}  |  λ⁴-硫烷-四氟化物 / 四氟化硫  |  S 价 4  | 
 |  \ce{SF6}  |  λ⁶-硫烷-六氟化物 / 六氟化硫  |  S 价 6  | 
 |  \ce{IF7}  |  λ⁷-碘烷-七氟化物 / 七氟化碘  |  I 价 7  | 
 |  \ce{BiPh5}  |  五苯基-λ⁵-铋烷  |  Bi 价 5  | 
 |  氮宾 (\ce{R-N:})  |  λ²-氮烷衍生物  |  N 价 2  | 

4.3 何时不需要 λ
• 默认价的化合物：\ce{NH3}（N 价 3，默认），\ce{H2O}（O 价 2，默认），\ce{CH4}（C 价 4，默认）
• 这些直接命名即可","无机和结构化学 命名规则 λ符号体系 rc_30d 化竞 命名 主族化学","Chem::Core","[[λ符号体系]]","30d","总结卡","λ（lambda）符号体系：IUPAC 推荐的高价化合物命名方法。在元素符号前加上 λⁿ-（其中 n 为该原子的价），用于明确高价或非常规价态的元素位置。"
"λ符号体系 有哪些常见易错点？","• 把 λⁿ 中的 n 写成氧化态——错（应为价）
• 在默认价的化合物上滥用 λ
• 忘记在中文命名中用 λ⁵-、λ⁴- 等","无机和结构化学 命名规则 λ符号体系 rc_30d 化竞 命名 主族化学","Chem::Core","[[λ符号体系]]","30d","易错点卡","λ（lambda）符号体系：IUPAC 推荐的高价化合物命名方法。在元素符号前加上 λⁿ-（其中 n 为该原子的价），用于明确高价或非常规价态的元素位置。"
"什么是主族元素化学？","主族元素是指元素周期表中 s 区（第1~2族）和 p 区（第13~18族）的元素，其价电子仅填充在 s 和 p 轨道中。主族元素化学是竞赛元素化学的重要组成部分，涵盖碱金属、碱土金属、硼族、碳族、氮族、氧族、卤素和稀有气体的性质、反应和重要化合物。","无机和结构化学 元素化学 主族元素化学 rc_30d 化竞 基础要求 无机化学 主族元素","Chem::Core","[[主族元素化学]]","30d","概念卡","关键结论：
• [待补充]"
"主族元素化学 的关键结论有哪些？","• [待补充]","无机和结构化学 元素化学 主族元素化学 rc_30d 化竞 基础要求 无机化学 主族元素","Chem::Core","[[主族元素化学]]","30d","总结卡","主族元素是指元素周期表中 s 区（第1~2族）和 p 区（第13~18族）的元素，其价电子仅填充在 s 和 p 轨道中。主族元素化学是竞赛元素化学的重要组成部分，涵盖碱金属、碱土金属、硼族、碳族、氮族、氧族、卤素和稀有气体的性质、反应和重要化合物。"
"主族元素化学 有哪些常见易错点？","• [待补充]","无机和结构化学 元素化学 主族元素化学 rc_30d 化竞 基础要求 无机化学 主族元素","Chem::Core","[[主族元素化学]]","30d","易错点卡","主族元素是指元素周期表中 s 区（第1~2族）和 p 区（第13~18族）的元素，其价电子仅填充在 s 和 p 轨道中。主族元素化学是竞赛元素化学的重要组成部分，涵盖碱金属、碱土金属、硼族、碳族、氮族、氧族、卤素和稀有气体的性质、反应和重要化合物。"
"什么是主族元素性质总览？","主族元素（Main Group Elements）：元素周期表中 s 区和 p 区的元素，即第 1、2 族（碱金属和碱土金属）和第 13–17 族（硼族、碳族、氮族、氧族、卤素），以及第 18 族（稀有气体）。其价电子排布为 ns^1–ns^2np^6。","无机和结构化学 元素化学 主族元素性质总览 rc_30d 化竞 主族元素","Chem::Core","[[主族元素性质总览]]","30d","概念卡",""
"什么是主族元素无机箭头推动法？","主族元素无机箭头推动法（Inorganic Arrow Pushing）：将有机化学中已成熟的电子流动表示法（curved-arrow notation）系统地推广到主族元素无机反应机理上。每条箭头从电子源（孤对/键对）指向电子缺失位置（亲电中心或离去基），从而把""描述性的无机反应""转化为""机理性的电子流动过程""。","无机和结构化学 反应机理 主族元素无机箭头推动法 rc_30d","Chem::Core","[[主族元素无机箭头推动法]]","30d","概念卡","关键结论：
4.1 与""经典 SN2""的关键区别• 第二周期 C 的 SN2：协同取代（背攻 + 离去同步）• 第三周期及以下（Si, P, S, Cl, Br, I, Xe）的""SN2""：通常两步——先加成生成高价中间体，再离解。详见 SN2-Si机理。

4.2 反应分类的统一框架
本书把所有主族反应归并到几大模式：• 酸碱（Lewis）反应——最基础的""加成/离解""• 极性反应——亲核体进攻亲电体• 氧化还原反应——氧化加成 / 还原消除• 自由基反应——单电子箭头• 协同反应——周环、σ-bond metathesis

4.3 教学建议中的 Lewis 结构选择• 优先用带形式电荷的离子结构而非""多重键结构""• 例：\ce{SOCl2} 写作 \ce{Cl-S(+)(Cl)-O(-)} 比 \ce{Cl-S(=O)-Cl} 更利于电子流动分析• 优势：清晰显示孤对位置和形式电荷，使箭头起点更直观"
"主族元素无机箭头推动法 的关键结论有哪些？","4.1 与""经典 SN2""的关键区别• 第二周期 C 的 SN2：协同取代（背攻 + 离去同步）• 第三周期及以下（Si, P, S, Cl, Br, I, Xe）的""SN2""：通常两步——先加成生成高价中间体，再离解。详见 SN2-Si机理。

4.2 反应分类的统一框架
本书把所有主族反应归并到几大模式：• 酸碱（Lewis）反应——最基础的""加成/离解""• 极性反应——亲核体进攻亲电体• 氧化还原反应——氧化加成 / 还原消除• 自由基反应——单电子箭头• 协同反应——周环、σ-bond metathesis

4.3 教学建议中的 Lewis 结构选择• 优先用带形式电荷的离子结构而非""多重键结构""• 例：\ce{SOCl2} 写作 \ce{Cl-S(+)(Cl)-O(-)} 比 \ce{Cl-S(=O)-Cl} 更利于电子流动分析• 优势：清晰显示孤对位置和形式电荷，使箭头起点更直观","无机和结构化学 反应机理 主族元素无机箭头推动法 rc_30d","Chem::Core","[[主族元素无机箭头推动法]]","30d","总结卡","主族元素无机箭头推动法（Inorganic Arrow Pushing）：将有机化学中已成熟的电子流动表示法（curved-arrow notation）系统地推广到主族元素无机反应机理上。每条箭头从电子源（孤对/键对）指向电子缺失位置（亲电中心或离去基），从而把""描述性的无机反应""转化为""机理性的电子流动过程""。"
"主族元素无机箭头推动法 有哪些常见易错点？","• 把箭头从原子画起（错）——必须从电子画起• 忽视形式电荷——画错起点• 把 SN2-Si 当作经典 SN2——会丢掉中间体• 只盯着多重键，忽视孤对的作用","无机和结构化学 反应机理 主族元素无机箭头推动法 rc_30d","Chem::Core","[[主族元素无机箭头推动法]]","30d","易错点卡","主族元素无机箭头推动法（Inorganic Arrow Pushing）：将有机化学中已成熟的电子流动表示法（curved-arrow notation）系统地推广到主族元素无机反应机理上。每条箭头从电子源（孤对/键对）指向电子缺失位置（亲电中心或离去基），从而把""描述性的无机反应""转化为""机理性的电子流动过程""。"
"二氧化硅结构 的关键结论有哪些？","• SiO₂ 是共价晶体（原子晶体）——不同于简单的 SiO₂ 分子
• SiO₄ 四面体是结构基本单元，O 全部为桥连氧（\mu_2-O）
• 方石英的 Si:O 计量比 = 2:1（Si 被 8 个晶胞共享但体心独立），符合 SiO₂ 化学式
• 石英玻璃为非晶态，短程有序（SiO₄ 四面体仍保留），长程无序","无机和结构化学 晶体结构 二氧化硅结构 rc_30d 化竞 典型结构","Chem::Core","[[二氧化硅结构]]","30d","总结卡",""
"什么是二维材料？","二维材料（Two-dimensional materials）是指厚度在单个或少数几个原子层尺度（通常 < 10 nm）的材料，电子运动被限制在两个维度内，表现出与三维块体材料截然不同的物理化学性质。","无机和结构化学 结构化学 二维材料 rc_30d 化竞 材料化学 前沿化学","Chem::Core","[[二维材料]]","30d","概念卡","关键结论：
• 层状化合物的弱层间作用力是二维材料制备的结构基础• 嵌入（intercalation）反应可在保持层内结构不变的前提下调控层间性质• 二维化导致带隙、光学性质、电子迁移率等发生显著变化• 二维材料在催化、储能、光电器件等领域有广泛应用前景"
"二维材料 的关键结论有哪些？","• 层状化合物的弱层间作用力是二维材料制备的结构基础• 嵌入（intercalation）反应可在保持层内结构不变的前提下调控层间性质• 二维化导致带隙、光学性质、电子迁移率等发生显著变化• 二维材料在催化、储能、光电器件等领域有广泛应用前景","无机和结构化学 结构化学 二维材料 rc_30d 化竞 材料化学 前沿化学","Chem::Core","[[二维材料]]","30d","总结卡","二维材料（Two-dimensional materials）是指厚度在单个或少数几个原子层尺度（通常 < 10 nm）的材料，电子运动被限制在两个维度内，表现出与三维块体材料截然不同的物理化学性质。"
"二维材料 有哪些常见易错点？","• 石墨烯不是零带隙半导体就是金属：严格来说是半金属（semi-metal），导带和价带在狄拉克点接触• 所有层状化合物都能剥离成二维材料：需要层间作用力足够弱，且层内结构在剥离过程中不被破坏• 二维材料都是半导体：错误，如石墨烯是半金属，TaS₂ 是金属• 混淆嵌入和插层：嵌入（intercalation）是插层的一种，特指层状化合物中层间的插入","无机和结构化学 结构化学 二维材料 rc_30d 化竞 材料化学 前沿化学","Chem::Core","[[二维材料]]","30d","易错点卡","二维材料（Two-dimensional materials）是指厚度在单个或少数几个原子层尺度（通常 < 10 nm）的材料，电子运动被限制在两个维度内，表现出与三维块体材料截然不同的物理化学性质。"
"什么是价态-氧化态-形式电荷？","三个核心概念
 |  概念  |  英文  |  定义  |  计算方法  | 
 | --- | --- | --- | --- | 
 |  价（数）  |  Valence  |  一个原子参与的化学键数 + 形式电荷的绝对值  |  \text{V} = (\text{键数}) +  | \text{FC} | （特殊算法） | 
 |  氧化态  |  Oxidation State  |  假设所有共价键全部异裂、电子归于电负性更大的原子时该原子的电荷  |  按电负性归属电子对  | 
 |  形式电荷  |  Formal Charge  |  假设所有共价键均裂时该原子的电荷  |  \text{FC} = (\text{价电子数}) - (\text{孤对电子数}) - \frac{1}{2}(\text{成键电子数})  |","无机和结构化学 化学键理论 价态-氧化态-形式电荷 rc_30d 化竞 化学键 主族化学","Chem::Core","[[价态-氧化态-形式电荷]]","30d","概念卡","关键结论：
4.1 同一原子，三个数值通常不同
 |  物种  |  中心  |  价  |  氧化态  |  形式电荷  | 
 | --- | --- | --- | --- | --- | 
 |  \ce{NH3}  |  N  |  3  |  −3  |  0  | 
 |  \ce{NH4+}  |  N  |  5  |  −3  |  +1  | 
 |  \ce{NO3-}  |  N  |  5  |  +5  |  +1  | 
 |  \ce{HNO3}  |  N  |  5  |  +5  |  +1  | 
 |  \ce{N2}  |  N  |  3  |  0  |  0  | 
 |  \ce{H2O}  |  O  |  2  |  −2  |  0  | 
 |  \ce{H3O+}  |  O  |  3  |  −2  |  +1  | 
 |  \ce{OH-}  |  O  |  1  |  −2  |  −1  | 
 |  \ce{O3}  |  中央 O  |  3  |  0  |  +1  | 
 |  \ce{XeF2}  |  Xe  |  2  |  +2  |  0  | 
 |  \ce{SF6}  |  S  |  6  |  +6  |  0  | 
 |  \ce{H2SO4}  |  S  |  6 (Lewis) 或 4 (离子式)  |  +6  |  0 (Lewis) 或 +2 (离子式)  | 

4.2 在箭头推动中如何使用
• 形式电荷：判断箭头起点（孤对在哪原子）和终点（缺电子原子在哪）
• 氧化态：用于判断反应是否为氧化还原反应
• 价：用于命名（如 λ 体系）和高价化合物的辨识

4.3 多重键 vs 离子式选择对形式电荷的影响
对于 \ce{H2SO4}、\ce{SOCl2}、\ce{SO2Cl2} 等：
 |  Lewis 结构  |  中央 S 的形式电荷  |  适用  | 
 | --- | --- | --- | 
 |  多重键 (\ce{S=O})  |  0（满足八隅体扩展）  |  命名、连接性  | 
 |  离子式 (\ce{S^+-O^-})  |  +2  |  机理分析（推荐）  | 

本书推荐离子式，因为它清楚显示孤对位置，使箭头推动更直观。"
"价态-氧化态-形式电荷 的关键结论有哪些？","4.1 同一原子，三个数值通常不同
 |  物种  |  中心  |  价  |  氧化态  |  形式电荷  | 
 | --- | --- | --- | --- | --- | 
 |  \ce{NH3}  |  N  |  3  |  −3  |  0  | 
 |  \ce{NH4+}  |  N  |  5  |  −3  |  +1  | 
 |  \ce{NO3-}  |  N  |  5  |  +5  |  +1  | 
 |  \ce{HNO3}  |  N  |  5  |  +5  |  +1  | 
 |  \ce{N2}  |  N  |  3  |  0  |  0  | 
 |  \ce{H2O}  |  O  |  2  |  −2  |  0  | 
 |  \ce{H3O+}  |  O  |  3  |  −2  |  +1  | 
 |  \ce{OH-}  |  O  |  1  |  −2  |  −1  | 
 |  \ce{O3}  |  中央 O  |  3  |  0  |  +1  | 
 |  \ce{XeF2}  |  Xe  |  2  |  +2  |  0  | 
 |  \ce{SF6}  |  S  |  6  |  +6  |  0  | 
 |  \ce{H2SO4}  |  S  |  6 (Lewis) 或 4 (离子式)  |  +6  |  0 (Lewis) 或 +2 (离子式)  | 

4.2 在箭头推动中如何使用
• 形式电荷：判断箭头起点（孤对在哪原子）和终点（缺电子原子在哪）
• 氧化态：用于判断反应是否为氧化还原反应
• 价：用于命名（如 λ 体系）和高价化合物的辨识

4.3 多重键 vs 离子式选择对形式电荷的影响
对于 \ce{H2SO4}、\ce{SOCl2}、\ce{SO2Cl2} 等：
 |  Lewis 结构  |  中央 S 的形式电荷  |  适用  | 
 | --- | --- | --- | 
 |  多重键 (\ce{S=O})  |  0（满足八隅体扩展）  |  命名、连接性  | 
 |  离子式 (\ce{S^+-O^-})  |  +2  |  机理分析（推荐）  | 

本书推荐离子式，因为它清楚显示孤对位置，使箭头推动更直观。","无机和结构化学 化学键理论 价态-氧化态-形式电荷 rc_30d 化竞 化学键 主族化学","Chem::Core","[[价态-氧化态-形式电荷]]","30d","总结卡","三个核心概念
 |  概念  |  英文  |  定义  |  计算方法  | 
 | --- | --- | --- | --- | 
 |  价（数）  |  Valence  |  一个原子参与的化学键数 + 形式电荷的绝对值  |  \text{V} = (\text{键数}) +  | \text{FC} | （特殊算法） | 
 |  氧化态  |  Oxidation State  |  假设所有共价键全部异裂、电子归于电负性更大的原子时该原子的电荷  |  按电负性归属电子对  | 
 |  形式电荷  |  Formal Charge  |  假设所有共价键均裂时该原子的电荷  |  \text{FC} = (\text{价电子数}) - (\text{孤对电子数}) - \frac{1}{2}(\text{成键电子数})  |"
"价态-氧化态-形式电荷 有哪些常见易错点？","• 把 NH₄⁺ 中 N 的氧化态写成 +1（应为 −3）
• 把高价化合物（如 PF₅）中 P 的氧化态写成 +5 是对的，但说""价 5""也是对的——别把它们混淆为同一概念
• 计算形式电荷时漏了孤对
• 在共振结构中只取一个去算形式电荷（应取代表性结构或讨论平均）","无机和结构化学 化学键理论 价态-氧化态-形式电荷 rc_30d 化竞 化学键 主族化学","Chem::Core","[[价态-氧化态-形式电荷]]","30d","易错点卡","三个核心概念
 |  概念  |  英文  |  定义  |  计算方法  | 
 | --- | --- | --- | --- | 
 |  价（数）  |  Valence  |  一个原子参与的化学键数 + 形式电荷的绝对值  |  \text{V} = (\text{键数}) +  | \text{FC} | （特殊算法） | 
 |  氧化态  |  Oxidation State  |  假设所有共价键全部异裂、电子归于电负性更大的原子时该原子的电荷  |  按电负性归属电子对  | 
 |  形式电荷  |  Formal Charge  |  假设所有共价键均裂时该原子的电荷  |  \text{FC} = (\text{价电子数}) - (\text{孤对电子数}) - \frac{1}{2}(\text{成键电子数})  |"
"体心立方堆积 的关键结论有哪些？","• 配位数：8• 晶胞含球数：2• 空间利用率：68%• r = \sqrt{3}a/4（或 a = 4r/\sqrt{3}）• 简单立方和体心立方都有较大空隙，都不够紧密

金属实例（表 13.3）
碱金属 Li, Na, K, Rb, Cs + 过渡金属 V, Nb, Ta, Cr, Mo, W, \alpha-Fe, Mn（及 Ba）","无机和结构化学 晶体结构 体心立方堆积 rc_30d 化竞 堆积","Chem::Core","[[体心立方堆积]]","30d","总结卡",""
"什么是过渡金属通性？","过渡金属是指元素周期表中 d 区（第3~12族）的元素，其价电子部分或全部填充在 d 轨道中。过渡金属及其化合物在结构、磁性、颜色和催化性能上表现出丰富的特性，是竞赛中元素化学和配位化学的核心考查对象。","无机和结构化学 元素化学 过渡金属通性 rc_30d 化竞 基础要求 无机化学 过渡金属","Chem::Core","[[过渡金属通性]]","30d","概念卡","关键结论：
• [待补充]"
"过渡金属通性 的关键结论有哪些？","• [待补充]","无机和结构化学 元素化学 过渡金属通性 rc_30d 化竞 基础要求 无机化学 过渡金属","Chem::Core","[[过渡金属通性]]","30d","总结卡","过渡金属是指元素周期表中 d 区（第3~12族）的元素，其价电子部分或全部填充在 d 轨道中。过渡金属及其化合物在结构、磁性、颜色和催化性能上表现出丰富的特性，是竞赛中元素化学和配位化学的核心考查对象。"
"过渡金属通性 有哪些常见易错点？","• [待补充]","无机和结构化学 元素化学 过渡金属通性 rc_30d 化竞 基础要求 无机化学 过渡金属","Chem::Core","[[过渡金属通性]]","30d","易错点卡","过渡金属是指元素周期表中 d 区（第3~12族）的元素，其价电子部分或全部填充在 d 轨道中。过渡金属及其化合物在结构、磁性、颜色和催化性能上表现出丰富的特性，是竞赛中元素化学和配位化学的核心考查对象。"
"什么是元素化学？","元素化学是研究各元素及其化合物的性质、制备和反应的学科。决赛题目中，元素化学常与其他模块交叉，要求从原子结构、热力学、电化学等多角度解释元素性质的规律性变化和异常现象。","无机和结构化学 元素化学 rc_30d 化竞 决赛要求","Chem::Core","[[元素化学]]","30d","概念卡","关键结论：
• [待补充]"
"元素化学 的关键结论有哪些？","• [待补充]","无机和结构化学 元素化学 rc_30d 化竞 决赛要求","Chem::Core","[[元素化学]]","30d","总结卡","元素化学是研究各元素及其化合物的性质、制备和反应的学科。决赛题目中，元素化学常与其他模块交叉，要求从原子结构、热力学、电化学等多角度解释元素性质的规律性变化和异常现象。"
"元素化学 有哪些常见易错点？","• 不要死记孤立事实：要在周期表框架下理解性质的递变规律
• 注意条件对反应的影响：如浓/稀、酸/碱性、温度对产物的影响
• 异常性质往往有特殊结构根源：如 NO 的顺磁性、O2 的三线态基态
• 电极电势是重要工具：但热力学趋势不等于实际反应速率","无机和结构化学 元素化学 rc_30d 化竞 决赛要求","Chem::Core","[[元素化学]]","30d","易错点卡","元素化学是研究各元素及其化合物的性质、制备和反应的学科。决赛题目中，元素化学常与其他模块交叉，要求从原子结构、热力学、电化学等多角度解释元素性质的规律性变化和异常现象。"
"什么是元素周期表分区？","元素周期表分区：根据元素最后一个电子填入的轨道类型，将周期表划分为 s、p、d、ds、f 五个区。","无机和结构化学 元素周期律 元素周期表分区 rc_30d 化竞 周期表 分区","Chem::Core","[[元素周期表分区]]","30d","概念卡","关键结论：
5 个区的总览
 |  区  |  元素数  |  占周期表比例  |  典型元素  | 
 | :---: | :---: | :---: | --- | 
 |  s 区  |  14  |  12%  |  Na、K、Ca、Mg  | 
 |  p 区  |  30  |  25%  |  C、N、O、F、Cl  | 
 |  d 区  |  24  |  20%  |  Fe、Cu、"
"元素周期表分区 的关键结论有哪些？","5 个区的总览
 |  区  |  元素数  |  占周期表比例  |  典型元素  | 
 | :---: | :---: | :---: | --- | 
 |  s 区  |  14  |  12%  |  Na、K、Ca、Mg  | 
 |  p 区  |  30  |  25%  |  C、N、O、F、Cl  | 
 |  d 区  |  24  |  20%  |  Fe、Cu、","无机和结构化学 元素周期律 元素周期表分区 rc_30d 化竞 周期表 分区","Chem::Core","[[元素周期表分区]]","30d","总结卡","元素周期表分区：根据元素最后一个电子填入的轨道类型，将周期表划分为 s、p、d、ds、f 五个区。"
"元素周期表分区 有哪些常见易错点？","• ❌ 错：H 属于 p 区——H 在 s 区（电子在 1s 轨道）• ❌ 错：ds 区是""d 区的一部分""——传统/现代分类略有差异，但 ds 区独立列出更准确• ❌ 错：f 区元素在主表中——镧系、锕系常单列在表底• ❌ 错：副族号 = 价电子数总和——仅适用于 d 区，f 区不分主副族• ❌ 错：把 He 放 s 区——电子构型属 s 区，但化学性质属 0 族","无机和结构化学 元素周期律 元素周期表分区 rc_30d 化竞 周期表 分区","Chem::Core","[[元素周期表分区]]","30d","易错点卡","元素周期表分区：根据元素最后一个电子填入的轨道类型，将周期表划分为 s、p、d、ds、f 五个区。"
"什么是光谱化学序列？","光谱化学序列（Spectrochemical Series）是按配体引起中心金属离子 d 轨道分裂能（Δ）从小到大排列的序列。它反映了不同配体产生的晶体场强度顺序，是配位化学中判断高自旋/低自旋、配合物颜色、磁性的核心依据。","无机和结构化学 配位化学 光谱化学序列 rc_30d 化竞","Chem::Core","[[光谱化学序列]]","30d","概念卡","关键结论：
• 光谱化学序列的本质是配体场强度排序：场强越大，Δ 越大，越有利于形成低自旋配合物
• π-受体 > σ-给体 > π-给体 是理解序列的底层逻辑，可替代死记硬背
• 同一配体对不同金属的 Δ 不同：同族自上而下 Δ 增大；同周期同一配体，M³⁺ > M²⁺
• 分裂能大小决定配合物颜色：Δ 落在可见光区，配合物吸收特定波长而显互补色
• Δ 与配对能 P 的相对大小决定高自旋（HS）或低自旋（LS）：Δ > P → LS；Δ < P → HS

晶体场分裂能与光谱化学序列数据（周坤无机新课笔记 · 资产 B4-11 · 可信度：中）

来源：教学逻辑提炼-周坤无机新课-晶体配合物与气体-第一轮 · 笔记有序列，具体数值需核实

常见配体的分裂能相对大小（以 [Co(NH₃)₆]³⁺ 为参考）：

 |  配体  |  场强类型  |  Δ₀ 相对大小  |  典型配合物  | 
 | :--- | :--- | :---: | :--- | 
 |  I⁻  |  弱场  |  ~0.7  |  [CoI₆]³⁻  | 
 |  Br⁻  |  弱场  |  ~0.75  |  [CoBr₆]³⁻  | 
 |  Cl⁻  |  弱场  |  ~0.8  |  [CoCl₆]³⁻  | 
 |  F⁻  |  弱场  |  ~0.85  |  [CoF₆]³⁻  | 
 |  H₂O  |  弱场  |  ~0.9  |  [Co(H₂O)₆]³⁺  | 
 |  NH₃  |  中强场  |  1.0 (参考)  |  [Co(NH₃)₆]³⁺  | 
 |  en  |  中强场  |  ~1.1  |  [Co(en)₃]³⁺  | 
 |  CN⁻  |  强场  |  ~1.3  |  [Co(CN)₆]³⁻  | 
 |  CO  |  强场  |  ~1.5  |  [Co(CO)₄]⁻  | 

分裂能的定量数据实例（单位：cm⁻¹）：

 |  配合物  |  配体  |  Δ₀ (cm⁻¹)  |  P (cm⁻¹)  |  HS/LS  | 
 | :--- | :--- | :---: | :---: | :---: | 
 |  [FeF₆]³⁻  |  F⁻  |  13,700  |  30,000  |  HS  | 
 |  [Fe(H₂O)₆]²⁺  |  H₂O  |  10,400  |  17,600  |  HS  | 
 |  [Fe(H₂O)₆]³⁺  |  H₂O  |  14,300  |  30,000  |  HS  | 
 |  [Fe(CN)₆]⁴⁻  |  CN⁻  |  33,500  |  17,600  |  LS  | 
 |  [Fe(CN)₆]³⁻  |  CN⁻  |  34,250  |  30,000  |  LS  | 
 |  [Ti(H₂O)₆]³⁺  |  H₂O  |  20,400  |  —  |  —  | 

注：Ti³⁺ 为 d¹ 组态，无配对能问题。其吸收波长 λ ≈ 500 nm（紫色），对应 Δ₀ = 20,400 cm⁻¹。

光谱化学序列的推导框架（"
"光谱化学序列 的关键结论有哪些？","• 光谱化学序列的本质是配体场强度排序：场强越大，Δ 越大，越有利于形成低自旋配合物
• π-受体 > σ-给体 > π-给体 是理解序列的底层逻辑，可替代死记硬背
• 同一配体对不同金属的 Δ 不同：同族自上而下 Δ 增大；同周期同一配体，M³⁺ > M²⁺
• 分裂能大小决定配合物颜色：Δ 落在可见光区，配合物吸收特定波长而显互补色
• Δ 与配对能 P 的相对大小决定高自旋（HS）或低自旋（LS）：Δ > P → LS；Δ < P → HS

晶体场分裂能与光谱化学序列数据（周坤无机新课笔记 · 资产 B4-11 · 可信度：中）

来源：教学逻辑提炼-周坤无机新课-晶体配合物与气体-第一轮 · 笔记有序列，具体数值需核实

常见配体的分裂能相对大小（以 [Co(NH₃)₆]³⁺ 为参考）：

 |  配体  |  场强类型  |  Δ₀ 相对大小  |  典型配合物  | 
 | :--- | :--- | :---: | :--- | 
 |  I⁻  |  弱场  |  ~0.7  |  [CoI₆]³⁻  | 
 |  Br⁻  |  弱场  |  ~0.75  |  [CoBr₆]³⁻  | 
 |  Cl⁻  |  弱场  |  ~0.8  |  [CoCl₆]³⁻  | 
 |  F⁻  |  弱场  |  ~0.85  |  [CoF₆]³⁻  | 
 |  H₂O  |  弱场  |  ~0.9  |  [Co(H₂O)₆]³⁺  | 
 |  NH₃  |  中强场  |  1.0 (参考)  |  [Co(NH₃)₆]³⁺  | 
 |  en  |  中强场  |  ~1.1  |  [Co(en)₃]³⁺  | 
 |  CN⁻  |  强场  |  ~1.3  |  [Co(CN)₆]³⁻  | 
 |  CO  |  强场  |  ~1.5  |  [Co(CO)₄]⁻  | 

分裂能的定量数据实例（单位：cm⁻¹）：

 |  配合物  |  配体  |  Δ₀ (cm⁻¹)  |  P (cm⁻¹)  |  HS/LS  | 
 | :--- | :--- | :---: | :---: | :---: | 
 |  [FeF₆]³⁻  |  F⁻  |  13,700  |  30,000  |  HS  | 
 |  [Fe(H₂O)₆]²⁺  |  H₂O  |  10,400  |  17,600  |  HS  | 
 |  [Fe(H₂O)₆]³⁺  |  H₂O  |  14,300  |  30,000  |  HS  | 
 |  [Fe(CN)₆]⁴⁻  |  CN⁻  |  33,500  |  17,600  |  LS  | 
 |  [Fe(CN)₆]³⁻  |  CN⁻  |  34,250  |  30,000  |  LS  | 
 |  [Ti(H₂O)₆]³⁺  |  H₂O  |  20,400  |  —  |  —  | 

注：Ti³⁺ 为 d¹ 组态，无配对能问题。其吸收波长 λ ≈ 500 nm（紫色），对应 Δ₀ = 20,400 cm⁻¹。

光谱化学序列的推导框架（","无机和结构化学 配位化学 光谱化学序列 rc_30d 化竞","Chem::Core","[[光谱化学序列]]","30d","总结卡","光谱化学序列（Spectrochemical Series）是按配体引起中心金属离子 d 轨道分裂能（Δ）从小到大排列的序列。它反映了不同配体产生的晶体场强度顺序，是配位化学中判断高自旋/低自旋、配合物颜色、磁性的核心依据。"
"光谱化学序列 有哪些常见易错点？","• 死记序列而不理解原因：光谱化学序列应通过 π-受体/σ-给体/π-给体的机制推导，而非机械记忆
• 混淆分裂能与波长关系：Δ 越大，吸收波长越短（蓝移），显色偏向补色的长波端
• 忽略金属离子对 Δ 的影响：同一配体对 Co³⁺ 和 Co²⁺ 的 Δ 不同，不能简单套用
• 将光谱化学序列与软硬酸碱理论混用：两者有相关性但不完全等价（如 I⁻ 是弱场但软碱）","无机和结构化学 配位化学 光谱化学序列 rc_30d 化竞","Chem::Core","[[光谱化学序列]]","30d","易错点卡","光谱化学序列（Spectrochemical Series）是按配体引起中心金属离子 d 轨道分裂能（Δ）从小到大排列的序列。它反映了不同配体产生的晶体场强度顺序，是配位化学中判断高自旋/低自旋、配合物颜色、磁性的核心依据。"
"什么是八面体配位？","八面体配位（Octahedral Coordination）是指中心金属离子被 6 个配体围绕，配体位于以金属离子为中心的正八面体的 6 个顶点（沿 \pm x、\pm y、\pm z 方向）。八面体配合物的点群为 O_h。","无机和结构化学 配合物 八面体配位 rc_30d 化竞 晶体场理论 配位几何","Chem::Core","[[八面体配位]]","30d","概念卡","关键结论：
4.1 配合物颜色的来源

过渡金属配合物的颜色源于 d-d 跃迁：t_{2g} 电子吸收可见光光子跃迁到 e_g 轨道。• 分裂能 \Delta_o 越大，吸收光波长越短（能量越高）• 观察到的是被吸收光的互补色

 |  吸收光颜色  |  波长/nm  |  观察到颜色  | 
 | :--- | :---: | :--- | 
 |  紫  |  400–435  |  绿黄  | 
 |  蓝  |  435–480  |  黄  | 
 |  绿蓝  |  480–490  |  橙  | 
 |  蓝绿  |  490–500  |  红  | 
 |  绿  |  500–560  |  红紫  | 
 |  黄  |  580–595  |  蓝  | 
 |  红  |  605–750  |  蓝绿  | 

实例：• [\mathrm{Ti(H_2O)_6}]^{3+}（d¹）：吸收 ~500 nm 蓝绿光 → 呈红紫色• [\mathrm{Ni(H_2O)_6}]^{2+}（d⁸）：吸收红光 → 呈绿色• [\mathrm{Ni(en)_3}]^{2+}：en 场强 > H₂O，分裂能增大，吸收光波长变短 → 呈深蓝色

4.2 磁性的判断

仅自旋磁矩：\mu_{so} = \sqrt{n(n+2)}\ \mu_B，其中 n 为未成对电子数。

通过判断高/低自旋，即可确定未成对电子数和磁性：• 高自旋 d⁵（如 [\mathrm{FeF_6}]^{3-}）：5 个未成对电子，\mu = 5.92\ \mu_B• 低自旋 d⁶（如 [\mathrm{Fe(CN)_6}]^{4-}）：0 个未成对电子，抗磁性

4.3 Irving-Williams 序列

3d 系 M²⁺ 八面体配合物的稳定性顺序：

$$
\mathrm{Ba^{2+} < Sr^{2+} < Ca^{2+} < Mg^{2+} < Mn^{2+} < Fe^{2+} < Co^{2+} < Ni^{2+} < Cu^{2+} >"
"八面体配位 的关键结论有哪些？","4.1 配合物颜色的来源

过渡金属配合物的颜色源于 d-d 跃迁：t_{2g} 电子吸收可见光光子跃迁到 e_g 轨道。• 分裂能 \Delta_o 越大，吸收光波长越短（能量越高）• 观察到的是被吸收光的互补色

 |  吸收光颜色  |  波长/nm  |  观察到颜色  | 
 | :--- | :---: | :--- | 
 |  紫  |  400–435  |  绿黄  | 
 |  蓝  |  435–480  |  黄  | 
 |  绿蓝  |  480–490  |  橙  | 
 |  蓝绿  |  490–500  |  红  | 
 |  绿  |  500–560  |  红紫  | 
 |  黄  |  580–595  |  蓝  | 
 |  红  |  605–750  |  蓝绿  | 

实例：• [\mathrm{Ti(H_2O)_6}]^{3+}（d¹）：吸收 ~500 nm 蓝绿光 → 呈红紫色• [\mathrm{Ni(H_2O)_6}]^{2+}（d⁸）：吸收红光 → 呈绿色• [\mathrm{Ni(en)_3}]^{2+}：en 场强 > H₂O，分裂能增大，吸收光波长变短 → 呈深蓝色

4.2 磁性的判断

仅自旋磁矩：\mu_{so} = \sqrt{n(n+2)}\ \mu_B，其中 n 为未成对电子数。

通过判断高/低自旋，即可确定未成对电子数和磁性：• 高自旋 d⁵（如 [\mathrm{FeF_6}]^{3-}）：5 个未成对电子，\mu = 5.92\ \mu_B• 低自旋 d⁶（如 [\mathrm{Fe(CN)_6}]^{4-}）：0 个未成对电子，抗磁性

4.3 Irving-Williams 序列

3d 系 M²⁺ 八面体配合物的稳定性顺序：

$$
\mathrm{Ba^{2+} < Sr^{2+} < Ca^{2+} < Mg^{2+} < Mn^{2+} < Fe^{2+} < Co^{2+} < Ni^{2+} < Cu^{2+} >","无机和结构化学 配合物 八面体配位 rc_30d 化竞 晶体场理论 配位几何","Chem::Core","[[八面体配位]]","30d","总结卡","八面体配位（Octahedral Coordination）是指中心金属离子被 6 个配体围绕，配体位于以金属离子为中心的正八面体的 6 个顶点（沿 \pm x、\pm y、\pm z 方向）。八面体配合物的点群为 O_h。"
"八面体配位 有哪些常见易错点？","• 四面体场分裂方向记反：四面体场中 e 能量低于 t_2，与八面体相反• d-d 跃迁与荷移跃迁混淆：d-d 跃迁较弱（颜色较浅），荷移跃迁较强（颜色很深）• CFSE 符号错误：t_{2g} 电子贡献负的 CFSE（稳定化），e_g 电子贡献正的 CFSE（去稳定化）• 忽略成对能：低自旋配合物计算 CFSE 与总稳定化能时，成对能的影响不可忽略","无机和结构化学 配合物 八面体配位 rc_30d 化竞 晶体场理论 配位几何","Chem::Core","[[八面体配位]]","30d","易错点卡","八面体配位（Octahedral Coordination）是指中心金属离子被 6 个配体围绕，配体位于以金属离子为中心的正八面体的 6 个顶点（沿 \pm x、\pm y、\pm z 方向）。八面体配合物的点群为 O_h。"
"六方密堆积 的关键结论有哪些？","• 配位数：12（与 ccp 相同）
• 空间利用率：74%（与 ccp 相同）
• 层序：ABAB...
• 晶格：六方简单格子（hexagonal P）
• 从密置层 AB 堆积中可划分出六方晶胞

金属实例（表 13.3）
Be, Mg, Sc, Ti,","无机和结构化学 晶体结构 六方密堆积 rc_30d 化竞 堆积","Chem::Core","[[六方密堆积]]","30d","总结卡",""
"什么是共价半径？","共价半径：同种原子组成的共价分子中，两个原子核间距的一半。","无机和结构化学 原子结构 共价半径 rc_30d 化竞 共价键 周期性","Chem::Core","[[共价半径]]","30d","概念卡","关键结论：
主族元素单键共价半径（pm）
 |  元素  |  r  |  元素  |  r  |  元素  |  r  | 
 | :---: | :---: | :---: | :---: | :---: | :---: | 
 |  H  |  37  |  C  |  77  |  F  |  64  | 
 |  Li  |  134  |  Si  |  117  |  Cl  |  99  | 
 |  Be  |  90  |  N  |  75  |  Br  |  114  | 
 |  B  |  82  |  P  |  110  |  I  |  133  | 
 |  O  |  73  |  S  |  104  |  —  |  —  | 

周期性变化
• 同周期左→右：共价半径减小（$"
"共价半径 的关键结论有哪些？","主族元素单键共价半径（pm）
 |  元素  |  r  |  元素  |  r  |  元素  |  r  | 
 | :---: | :---: | :---: | :---: | :---: | :---: | 
 |  H  |  37  |  C  |  77  |  F  |  64  | 
 |  Li  |  134  |  Si  |  117  |  Cl  |  99  | 
 |  Be  |  90  |  N  |  75  |  Br  |  114  | 
 |  B  |  82  |  P  |  110  |  I  |  133  | 
 |  O  |  73  |  S  |  104  |  —  |  —  | 

周期性变化
• 同周期左→右：共价半径减小（$","无机和结构化学 原子结构 共价半径 rc_30d 化竞 共价键 周期性","Chem::Core","[[共价半径]]","30d","总结卡","共价半径：同种原子组成的共价分子中，两个原子核间距的一半。"
"共价半径 有哪些常见易错点？","• ❌ 错：共价半径有""唯一值""——必须区分单/双/三键共价半径
• ❌ 错：直接用共价半径加和预测极性键长——需 S-S 修正
• ❌ 错：用共价半径估算离子晶体键长——应用离子半径
• ❌ 错：忘记键级影响——C=C(134) ≠ 2× r(C, 单)
• ❌ 错：误以为 r(共价) = r(vdW)——后者大约 2 倍前者","无机和结构化学 原子结构 共价半径 rc_30d 化竞 共价键 周期性","Chem::Core","[[共价半径]]","30d","易错点卡","共价半径：同种原子组成的共价分子中，两个原子核间距的一半。"
"什么是分子晶体？","由分子通过范德华力（部分含氢键）结合而成的晶体。结构单元为分子，分子内部为共价键，分子间为弱作用力。","无机和结构化学 晶体结构 分子晶体 rc_30d 化竞","Chem::Core","[[分子晶体]]","30d","概念卡","关键结论：
分子晶体的典型性质（表 13.5）
 |  性质  |  特征  | 
 | ------ | ------ | 
 |  熔点、沸点  |  低（分子间力弱）  | 
 |  硬度  |  小  | 
 |  延展性  |  差  | 
 |  导电性  |  绝缘体（许多极性分子水溶液能导电）  | 

特殊性质
• 球烯分子晶体（\mathrm{C_{60}}）因球体间作用力弱，可作为极好润滑剂
• \mathrm{C_{60}} 衍生物有可能在超导、半导体、催化剂等领域应用"
"分子晶体 的关键结论有哪些？","分子晶体的典型性质（表 13.5）
 |  性质  |  特征  | 
 | ------ | ------ | 
 |  熔点、沸点  |  低（分子间力弱）  | 
 |  硬度  |  小  | 
 |  延展性  |  差  | 
 |  导电性  |  绝缘体（许多极性分子水溶液能导电）  | 

特殊性质
• 球烯分子晶体（\mathrm{C_{60}}）因球体间作用力弱，可作为极好润滑剂
• \mathrm{C_{60}} 衍生物有可能在超导、半导体、催化剂等领域应用","无机和结构化学 晶体结构 分子晶体 rc_30d 化竞","Chem::Core","[[分子晶体]]","30d","总结卡","由分子通过范德华力（部分含氢键）结合而成的晶体。结构单元为分子，分子内部为共价键，分子间为弱作用力。"
"分子晶体 有哪些常见易错点？","• [待补充]","无机和结构化学 晶体结构 分子晶体 rc_30d 化竞","Chem::Core","[[分子晶体]]","30d","易错点卡","由分子通过范德华力（部分含氢键）结合而成的晶体。结构单元为分子，分子内部为共价键，分子间为弱作用力。"
"什么是分子的对称性判断？","分子的对称性判断：通过识别分子中存在的对称元素（旋转轴、镜面、对称中心、反轴等），确定分子所属点群的过程。","无机和结构化学 对称性 分子的对称性判断 rc_30d 化竞 分子对称性","Chem::Core","[[分子的对称性判断]]","30d","概念卡",""
"什么是分数坐标？","分数坐标（fractional coordinates）是指晶体中原子位置相对于晶胞边长的无量纲坐标。设晶胞的三条边为基矢 a、b、c，则晶胞中任意一点的位置可表示为：","无机和结构化学 结构化学 分数坐标 rc_30d 化竞 晶体学 坐标系","Chem::Core","[[分数坐标]]","30d","概念卡","关键结论：
• 分数坐标是晶体学的""通用语言""：同一结构的不同晶胞选取，分数坐标可能不同，但原子间相对位置等价• 对称操作对分数坐标的影响：旋转、反映、反演等对称操作可通过矩阵作用于分数坐标• 等效位置：由对称操作联系的一组分数坐标称为等效位置（等效点系）• 晶胞中原子数计算：通过分数坐标和占位率（occupancy）计算"
"分数坐标 的关键结论有哪些？","• 分数坐标是晶体学的""通用语言""：同一结构的不同晶胞选取，分数坐标可能不同，但原子间相对位置等价• 对称操作对分数坐标的影响：旋转、反映、反演等对称操作可通过矩阵作用于分数坐标• 等效位置：由对称操作联系的一组分数坐标称为等效位置（等效点系）• 晶胞中原子数计算：通过分数坐标和占位率（occupancy）计算","无机和结构化学 结构化学 分数坐标 rc_30d 化竞 晶体学 坐标系","Chem::Core","[[分数坐标]]","30d","总结卡","分数坐标（fractional coordinates）是指晶体中原子位置相对于晶胞边长的无量纲坐标。设晶胞的三条边为基矢 a、b、c，则晶胞中任意一点的位置可表示为："
"分数坐标 有哪些常见易错点？","• 计算距离时忘记考虑周期性边界条件（如Δx = 0.9时，实际最近距离是0.1）• 六方晶系中距离计算需用六方晶系的度量公式，不是简单立方公式• 分数坐标(1, 0, 0)等价于(0, 0, 0)（周期性），但习惯上写(0, 0, 0)","无机和结构化学 结构化学 分数坐标 rc_30d 化竞 晶体学 坐标系","Chem::Core","[[分数坐标]]","30d","易错点卡","分数坐标（fractional coordinates）是指晶体中原子位置相对于晶胞边长的无量纲坐标。设晶胞的三条边为基矢 a、b、c，则晶胞中任意一点的位置可表示为："
"什么是化学键？","化学键：原子之间通过电子相互作用形成的强烈吸引作用，使原子结合成分子或晶体。典型键能范围：100–400 kJ/mol（远大于分子间作用力 ~1–50 kJ/mol）。","无机和结构化学 分子结构基础 化学键 rc_30d 化竞 共价键 离子键 金属键","Chem::Core","[[化学键]]","30d","概念卡","关键结论：
• σ 键是骨架，π 键是功能层——单键可自由旋转，双键/三键因 π 键限制旋转• 键能与键级正相关——但 C=C 键能 (~614 kJ/mol) 小于 2×C–C (~348×2)，说明 π 键较弱• 电负性差决定键极性——Δχ 越大，键极性越强，离子性成分越高• Fajan 规则解释""例外""——如 AlCl₃ 共价性显著、SnCl₄ 可溶于有机溶剂• 金属键的离域性——赋予金属导电、导热、延展性

---"
"化学键 的关键结论有哪些？","• σ 键是骨架，π 键是功能层——单键可自由旋转，双键/三键因 π 键限制旋转• 键能与键级正相关——但 C=C 键能 (~614 kJ/mol) 小于 2×C–C (~348×2)，说明 π 键较弱• 电负性差决定键极性——Δχ 越大，键极性越强，离子性成分越高• Fajan 规则解释""例外""——如 AlCl₃ 共价性显著、SnCl₄ 可溶于有机溶剂• 金属键的离域性——赋予金属导电、导热、延展性

---","无机和结构化学 分子结构基础 化学键 rc_30d 化竞 共价键 离子键 金属键","Chem::Core","[[化学键]]","30d","总结卡","化学键：原子之间通过电子相互作用形成的强烈吸引作用，使原子结合成分子或晶体。典型键能范围：100–400 kJ/mol（远大于分子间作用力 ~1–50 kJ/mol）。"
"化学键 有哪些常见易错点？","• ❌ 认为离子键和共价键是二元对立 → 实际是连续谱，大多数键兼有两者成分• ❌ 把配位键当特殊键 → 配位键本质仍是共价键，只是电子来源单方• ❌ 键能简单相加 → 双键键能 ≠ 2×单键（π 键较弱）• ❌ 忽略 Fajan 规则 → 高电荷小阳离子 + 大阴离子 → 显著共价性• ❌ 认为所有原子都服从八隅律 → BF₃、PCl₅、NO 等是经典例外• ❌ 混淆键的极性和分子的极性 → CCl₄ 有极性键但分子非极性（对称抵消）

---","无机和结构化学 分子结构基础 化学键 rc_30d 化竞 共价键 离子键 金属键","Chem::Core","[[化学键]]","30d","易错点卡","化学键：原子之间通过电子相互作用形成的强烈吸引作用，使原子结合成分子或晶体。典型键能范围：100–400 kJ/mol（远大于分子间作用力 ~1–50 kJ/mol）。"
"什么是单质制备方法？","|  方法  |  适用  |  实例  | 
 | ------ | ------ | ------ | 
 |  电解法  |  活泼金属（K~Al）  |  Na, Mg, Al 的工业制备  | 
 |  热还原法  |  中等活泼金属  |  Fe₂O₃ + 3CO → 2Fe + 3CO₂  | 
 |  热分解法  |  不活泼金属  |  2HgO → 2Hg + O₂  | 
 |  物理法  |  天然单质  |  Au（淘金）、Pt  |","无机和结构化学 综合 单质制备方法 rc_30d 化竞 元素化学","Chem::Core","[[单质制备方法]]","30d","概念卡","关键结论：
• Ellingham 图是选择冶炼还原剂和温度条件的理论依据
• 活泼金属（K \sim Al）用电解法，中等活泼（$"
"单质制备方法 的关键结论有哪些？","• Ellingham 图是选择冶炼还原剂和温度条件的理论依据
• 活泼金属（K \sim Al）用电解法，中等活泼（$","无机和结构化学 综合 单质制备方法 rc_30d 化竞 元素化学","Chem::Core","[[单质制备方法]]","30d","总结卡","|  方法  |  适用  |  实例  | 
 | ------ | ------ | ------ | 
 |  电解法  |  活泼金属（K~Al）  |  Na, Mg, Al 的工业制备  | 
 |  热还原法  |  中等活泼金属  |  Fe₂O₃ + 3CO → 2Fe + 3CO₂  | 
 |  热分解法  |  不活泼金属  |  2HgO → 2Hg + O₂  | 
 |  物理法  |  天然单质  |  Au（淘金）、Pt  |"
"单质制备方法 有哪些常见易错点？","• [待补充]","无机和结构化学 综合 单质制备方法 rc_30d 化竞 元素化学","Chem::Core","[[单质制备方法]]","30d","易错点卡","|  方法  |  适用  |  实例  | 
 | ------ | ------ | ------ | 
 |  电解法  |  活泼金属（K~Al）  |  Na, Mg, Al 的工业制备  | 
 |  热还原法  |  中等活泼金属  |  Fe₂O₃ + 3CO → 2Fe + 3CO₂  | 
 |  热分解法  |  不活泼金属  |  2HgO → 2Hg + O₂  | 
 |  物理法  |  天然单质  |  Au（淘金）、Pt  |"
"什么是卤化氢前体？","卤化氢前体（hydrogen halide precursors）是指在反应中能够原位（in situ）生成卤化氢（HX，X = F, Cl, Br, I）或等效卤化试剂的化合物。这类试剂在有机合成（醇的卤代、羧酸转化为酰卤）和无机反应中广泛使用。","无机和结构化学 元素化学 卤化氢前体 rc_30d 化竞 卤素 有机合成","Chem::Core","[[卤化氢前体]]","30d","概念卡","关键结论：
• SOCl₂是最常用的氯代试剂：副产物为气体（SO₂ + HCl），易于分离• PBr₃是醇→溴代烷的首选：选择性高，条件温和• 立体化学控制：碱存在下通常得翻转产物；无碱时SOCl₂可能得保持产物• 官能团耐受性：Appel试剂对酸敏感底物友好（中性条件）"
"卤化氢前体 的关键结论有哪些？","• SOCl₂是最常用的氯代试剂：副产物为气体（SO₂ + HCl），易于分离• PBr₃是醇→溴代烷的首选：选择性高，条件温和• 立体化学控制：碱存在下通常得翻转产物；无碱时SOCl₂可能得保持产物• 官能团耐受性：Appel试剂对酸敏感底物友好（中性条件）","无机和结构化学 元素化学 卤化氢前体 rc_30d 化竞 卤素 有机合成","Chem::Core","[[卤化氢前体]]","30d","总结卡","卤化氢前体（hydrogen halide precursors）是指在反应中能够原位（in situ）生成卤化氢（HX，X = F, Cl, Br, I）或等效卤化试剂的化合物。这类试剂在有机合成（醇的卤代、羧酸转化为酰卤）和无机反应中广泛使用。"
"卤化氢前体 有哪些常见易错点？","• SOCl₂的立体化学结果取决于是否有碱存在• PBr₃与醇反应时，Br来自PBr₃而非外加HBr• 制备HI时不能用浓H₂SO₄（会氧化I⁻为I₂）","无机和结构化学 元素化学 卤化氢前体 rc_30d 化竞 卤素 有机合成","Chem::Core","[[卤化氢前体]]","30d","易错点卡","卤化氢前体（hydrogen halide precursors）是指在反应中能够原位（in situ）生成卤化氢（HX，X = F, Cl, Br, I）或等效卤化试剂的化合物。这类试剂在有机合成（醇的卤代、羧酸转化为酰卤）和无机反应中广泛使用。"
"卤素 的关键结论有哪些？","• \mathrm{F}_2 制备最困难，只能用特殊电解法；\mathrm{Cl}_2/\mathrm{Br}_2/\mathrm{I}_2 制备难度递减
• 含氧酸酸性随非羟基氧增多而增大：\mathrm{HClO}_4 > \mathrm{HClO}_3 > \mathrm{HClO}_2 > \mathrm{HClO}
• \mathrm{HF} 的弱酸性（K_a = 6.3\times 10^{-4}）是卤化氢中的例外
• \mathrm{Cl}_2 在碱性条件歧化（制 \mathrm{NaClO}，84 消毒液），在酸性条件不歧化
• 溴的世界产量 90\% 用于摄影业（\mathrm{AgBr}）
• 碘是人体必需元素（甲状腺素含碘），缺碘会患甲状腺肿大症","无机和结构化学 元素化学 卤素 rc_30d 化竞 主族","Chem::Core","[[卤素]]","30d","总结卡",""
"什么是原子半径？","原子半径：以表征原子大小的一个特征长度，因测定方式不同，可分为三类——","无机和结构化学 原子结构 原子半径 rc_30d 化竞 周期性","Chem::Core","[[原子半径]]","30d","概念卡","关键结论：
主族元素原子半径周期性数据（pm，共价半径）
 |  元素  |  Li  |  Be  |  B  |  C  |  N  |  O  |  F  |  Ne  | 
 | :---: | :---: | :---: | :---: | :---: | :---: | :---: | :---: | :---: | 
 |  r  |  152  |  112  |  88  |  77  |  70  |  66  |  64  |  (160)  | 

 |  元素  |  Na  |  Mg  |  Al  |  Si  |  P  |  S  |  Cl  |  Ar  | 
 | :---: | :---: | :---: | :---: | :---: | :---: | :---: | :---: | :---: | 
 |  r  |  186  |  160  |  143  |  117  |  110  |  104  |  99  |  (190)  | 

同周期减小：每多一个质子半径减小 ~10 pm（短周期）；稀有气体的半径为 van der Waals 半径，故反而偏大。

三种半径数值差异（以 Cl 为例）
 |  半径类型  |  数值 (pm)  |  测定方法  | 
 | --- | :---: | --- | 
 |  共价半径  |  99  |  Cl₂ 分子中 d(Cl–Cl)/2  | 
 |  van der Waals 半径  |  ~180  |  固态 Cl₂ 中相邻分子最近 Cl 间距/2  | 

差距将近 2 倍——这是因为 van der Waals 半径包括未成键时电子云的""外边界""。

同族变化与镧系收缩
 |  族  |  第二过渡系  |  第三过渡系  |  半径差异  | 
 | :---: | --- | --- | --- | 
 |  IVB  |"
"原子半径 的关键结论有哪些？","主族元素原子半径周期性数据（pm，共价半径）
 |  元素  |  Li  |  Be  |  B  |  C  |  N  |  O  |  F  |  Ne  | 
 | :---: | :---: | :---: | :---: | :---: | :---: | :---: | :---: | :---: | 
 |  r  |  152  |  112  |  88  |  77  |  70  |  66  |  64  |  (160)  | 

 |  元素  |  Na  |  Mg  |  Al  |  Si  |  P  |  S  |  Cl  |  Ar  | 
 | :---: | :---: | :---: | :---: | :---: | :---: | :---: | :---: | :---: | 
 |  r  |  186  |  160  |  143  |  117  |  110  |  104  |  99  |  (190)  | 

同周期减小：每多一个质子半径减小 ~10 pm（短周期）；稀有气体的半径为 van der Waals 半径，故反而偏大。

三种半径数值差异（以 Cl 为例）
 |  半径类型  |  数值 (pm)  |  测定方法  | 
 | --- | :---: | --- | 
 |  共价半径  |  99  |  Cl₂ 分子中 d(Cl–Cl)/2  | 
 |  van der Waals 半径  |  ~180  |  固态 Cl₂ 中相邻分子最近 Cl 间距/2  | 

差距将近 2 倍——这是因为 van der Waals 半径包括未成键时电子云的""外边界""。

同族变化与镧系收缩
 |  族  |  第二过渡系  |  第三过渡系  |  半径差异  | 
 | :---: | --- | --- | --- | 
 |  IVB  |","无机和结构化学 原子结构 原子半径 rc_30d 化竞 周期性","Chem::Core","[[原子半径]]","30d","总结卡","原子半径：以表征原子大小的一个特征长度，因测定方式不同，可分为三类——"
"原子半径 有哪些常见易错点？","• ❌ 错：稀有气体半径""小""——实际上 vdW 半径很大（He 仅 122 pm 是 vdW 半径）• ❌ 错：同一元素只有""一个""半径——必须区分共价半径、金属半径、vdW 半径、离子半径• ❌ 错：第三过渡系半径明显大于第二过渡系——实际上几乎相等（镧系收缩）• ❌ 错：原子半径与电子层数严格正比——同周期左→右半径仍然减小，因 $","无机和结构化学 原子结构 原子半径 rc_30d 化竞 周期性","Chem::Core","[[原子半径]]","30d","易错点卡","原子半径：以表征原子大小的一个特征长度，因测定方式不同，可分为三类——"
"什么是原子坐标参数？","用晶胞棱长 a, b, c 为单位的分数坐标 (x, y, z) 表示原子在晶胞中的位置。","无机和结构化学 晶体结构 原子坐标参数 rc_30d 化竞","Chem::Core","[[原子坐标参数]]","30d","概念卡","关键结论：
• 同一等价点系中的坐标由对称操作相互关联• 晶胞中化学式单位数 = 各原子独立位置数乘以占有率之和• 干冰的特殊性：\mathrm{CO_2} 虽占据 fcc 结点，但 8 个顶点上的 \mathrm{CO_2} 分子取向相同，其余分子取向不同 → 属于简单立方晶胞而非面心立方（图 13.14）"
"原子坐标参数 的关键结论有哪些？","• 同一等价点系中的坐标由对称操作相互关联• 晶胞中化学式单位数 = 各原子独立位置数乘以占有率之和• 干冰的特殊性：\mathrm{CO_2} 虽占据 fcc 结点，但 8 个顶点上的 \mathrm{CO_2} 分子取向相同，其余分子取向不同 → 属于简单立方晶胞而非面心立方（图 13.14）","无机和结构化学 晶体结构 原子坐标参数 rc_30d 化竞","Chem::Core","[[原子坐标参数]]","30d","总结卡","用晶胞棱长 a, b, c 为单位的分数坐标 (x, y, z) 表示原子在晶胞中的位置。"
"什么是原子晶体？","原子间以共价键相连形成三维网络的晶体。整个晶体可视为一个巨大分子。","""无机和结构化学"" ""晶体结构"" 原子晶体 rc_30d 化竞 晶体结构","Chem::Core","[[原子晶体]]","30d","概念卡","关键结论：
• 共价晶体：低配位数（4）、低空间利用率（金刚石 34%）、高熔点、高硬度• 金刚石是自然界硬度最大的晶体之一（精密机械磨料，年消耗几百万克拉，1 克拉 = 200 mg）• 共价晶体不含离子和自由电子，一般不导电• Ge 和 Si 的晶体均为立方金刚石结构，但禁带较窄，属于半导体——20 世纪半导体革命的基础材料"
"原子晶体 的关键结论有哪些？","• 共价晶体：低配位数（4）、低空间利用率（金刚石 34%）、高熔点、高硬度• 金刚石是自然界硬度最大的晶体之一（精密机械磨料，年消耗几百万克拉，1 克拉 = 200 mg）• 共价晶体不含离子和自由电子，一般不导电• Ge 和 Si 的晶体均为立方金刚石结构，但禁带较窄，属于半导体——20 世纪半导体革命的基础材料","""无机和结构化学"" ""晶体结构"" 原子晶体 rc_30d 化竞 晶体结构","Chem::Core","[[原子晶体]]","30d","总结卡","原子间以共价键相连形成三维网络的晶体。整个晶体可视为一个巨大分子。"
"什么是反式效应？","反式效应（Trans Effect）是平面四方配合物（以 d⁸ 金属如 Pt(II)、Pd(II) 为主）中，某些配体使其反位（trans 位置）上的配体变得不稳定、更易被取代的现象。它是有机金属化学和配位化学中控制取代反应立体化学的核心概念。","无机和结构化学 配位化学 反式效应 rc_30d 化竞","Chem::Core","[[反式效应]]","30d","概念卡","关键结论：
• 反式效应与反式影响（trans influence）不同：反式效应是动力学概念（影响取代反应速率），反式影响是热力学概念（影响键长/键强）
• σ 效应和 π 效应共同决定反式效应强度：强 σ-给体（H⁻、CH₃⁻）通过削弱反位 M–L σ 键起作用；强 π-受体（CO、CN⁻）通过稳定五配位过渡态起作用
• 反式效应序列可用于预测产物构型：如 [PtCl₄]²⁻ 与 2NH₃ 反应，由于 Cl⁻ 反式效应弱于 NH₃，最终得到顺式-[PtCl₂(NH₃)₂]
• 合成顺铂（cisplatin）的基础反应就是反式效应的经典应用
• 反式效应强度与配体的 σ-给电子能力 和 π-受电子能力 正相关"
"反式效应 的关键结论有哪些？","• 反式效应与反式影响（trans influence）不同：反式效应是动力学概念（影响取代反应速率），反式影响是热力学概念（影响键长/键强）
• σ 效应和 π 效应共同决定反式效应强度：强 σ-给体（H⁻、CH₃⁻）通过削弱反位 M–L σ 键起作用；强 π-受体（CO、CN⁻）通过稳定五配位过渡态起作用
• 反式效应序列可用于预测产物构型：如 [PtCl₄]²⁻ 与 2NH₃ 反应，由于 Cl⁻ 反式效应弱于 NH₃，最终得到顺式-[PtCl₂(NH₃)₂]
• 合成顺铂（cisplatin）的基础反应就是反式效应的经典应用
• 反式效应强度与配体的 σ-给电子能力 和 π-受电子能力 正相关","无机和结构化学 配位化学 反式效应 rc_30d 化竞","Chem::Core","[[反式效应]]","30d","总结卡","反式效应（Trans Effect）是平面四方配合物（以 d⁸ 金属如 Pt(II)、Pd(II) 为主）中，某些配体使其反位（trans 位置）上的配体变得不稳定、更易被取代的现象。它是有机金属化学和配位化学中控制取代反应立体化学的核心概念。"
"反式效应 有哪些常见易错点？","• 混淆反式效应与反式影响：反式效应是动力学（取代快慢），反式影响是热力学（键长变化）
• 反式效应序列记反：H⁻、CH₃⁻ 的 σ 效应极强，位于序列末端；CO、CN⁻ 的 π 效应强，也位于末端
• 忽略五配位过渡态：π-受体配体的作用机制是通过稳定三角双锥过渡态，而非直接削弱反位键","无机和结构化学 配位化学 反式效应 rc_30d 化竞","Chem::Core","[[反式效应]]","30d","易错点卡","反式效应（Trans Effect）是平面四方配合物（以 d⁸ 金属如 Pt(II)、Pd(II) 为主）中，某些配体使其反位（trans 位置）上的配体变得不稳定、更易被取代的现象。它是有机金属化学和配位化学中控制取代反应立体化学的核心概念。"
"什么是反轴？","反轴（Improper Rotation Axis） 也称旋转反演轴(Rotoinversion Axis),记作 I_n 或 \bar{n}。","无机和结构化学 对称性与晶体 反轴 rc_30d 化竞 对称性 点群 晶体学","Chem::Core","[[反轴]]","30d","概念卡","关键结论：
反轴的""五种独立元素""
 |  元素  |  等价/不等价  |  实例分子  | 
 | :---: | :--- | :---: | 
 |  \bar{1} = i  |  等价于对称中心  |  trans-1,2-二氯乙烯, CO₂  | 
 |  \bar{2} = \sigma  |  等价于镜面  |  H₂O, NH₃(垂直镜面) | 
 |  \bar{3}  |  独立(=C_3 + i)  |  倍半倍-不常见,见某些晶体  | 
 |  \bar{4} = S_4  |  独立  |  CH₄(沿 S₄ 轴), allene  | 
 |  \bar{6}  |  独立(=C_{3h})  |  见某些晶体  | 

CH₄ 中的 S_4 / \bar{4} 反轴
• CH₄ 是 T_d 点群:含 4C_3, 3C_2, 6\sigma_d, 3S_4
• S_4 轴穿过 CH₄ 中心,沿两对边中点连线
• 操作:旋转 90° + 反映 = 4 个 H 互换位置
• 重要意义:含 S_4 但无 σ 镜面通过 H → 手性辨析关键

反轴与手性的关系
• 反轴(包括 S_n, i, \sigma)的存在 = 该分子有手性消除元素 = 非手性
• 严格地说,\bar{n} 是含 i 或 σ 的对称操作之一
• 因此:手性分子不含任何反轴(i, \sigma, S_n 全无)"
"反轴 的关键结论有哪些？","反轴的""五种独立元素""
 |  元素  |  等价/不等价  |  实例分子  | 
 | :---: | :--- | :---: | 
 |  \bar{1} = i  |  等价于对称中心  |  trans-1,2-二氯乙烯, CO₂  | 
 |  \bar{2} = \sigma  |  等价于镜面  |  H₂O, NH₃(垂直镜面) | 
 |  \bar{3}  |  独立(=C_3 + i)  |  倍半倍-不常见,见某些晶体  | 
 |  \bar{4} = S_4  |  独立  |  CH₄(沿 S₄ 轴), allene  | 
 |  \bar{6}  |  独立(=C_{3h})  |  见某些晶体  | 

CH₄ 中的 S_4 / \bar{4} 反轴
• CH₄ 是 T_d 点群:含 4C_3, 3C_2, 6\sigma_d, 3S_4
• S_4 轴穿过 CH₄ 中心,沿两对边中点连线
• 操作:旋转 90° + 反映 = 4 个 H 互换位置
• 重要意义:含 S_4 但无 σ 镜面通过 H → 手性辨析关键

反轴与手性的关系
• 反轴(包括 S_n, i, \sigma)的存在 = 该分子有手性消除元素 = 非手性
• 严格地说,\bar{n} 是含 i 或 σ 的对称操作之一
• 因此:手性分子不含任何反轴(i, \sigma, S_n 全无)","无机和结构化学 对称性与晶体 反轴 rc_30d 化竞 对称性 点群 晶体学","Chem::Core","[[反轴]]","30d","总结卡","反轴（Improper Rotation Axis） 也称旋转反演轴(Rotoinversion Axis),记作 I_n 或 \bar{n}。"
"反轴 有哪些常见易错点？","• ❌ 错:S_n = 旋转 + 反演——是 旋转 + 反映(镜面),反演是 I_n
• ❌ 错:\bar{4} \neq S_4——它们 等价(数学证明)
• ❌ 错:有 C_2 就有对称中心——C_2 是旋转,不含反演
• ❌ 错:CH₄ 有对称中心 i——CH₄ 无对称中心(T_d),但有 S_4
• ❌ 错:晶体中可有 5 重对称轴——准晶可,但常规晶体不可","无机和结构化学 对称性与晶体 反轴 rc_30d 化竞 对称性 点群 晶体学","Chem::Core","[[反轴]]","30d","易错点卡","反轴（Improper Rotation Axis） 也称旋转反演轴(Rotoinversion Axis),记作 I_n 或 \bar{n}。"
"填隙 的关键结论有哪些？","半径比规则与配位数（§13.4.2，表 13.4）
 |  r_{+}/r_{-} 范围  |  配位数  |  空隙类型  |  典型结构  | 
 | :---: | :---: | ------ | ------ | 
 |  0.225 ~ 0.414  |  4  |  四面体  |  立方","无机和结构化学 晶体结构 填隙 rc_30d 化竞","Chem::Core","[[填隙]]","30d","总结卡",""
"什么是多核簇？","多核金属簇（polynuclear metal clusters）是指含有两个或两个以上金属原子，且金属原子之间直接成键（金属-金属键）或桥联配体连接的化合物。这类化合物中金属原子形成多面体骨架结构，是有机金属化学和配位化学的重要分支。","无机和结构化学 配合物 多核簇 rc_30d 化竞 金属簇 簇合物","Chem::Core","[[多核簇]]","30d","概念卡","关键结论：
• M-M键的存在证据：• 晶体结构测定显示M-M距离短于金属原子半径之和• 18电子规则要求M-M键以满足电子计数• 某些簇的磁性质需要M-M键解释• 桥联配体的作用：• μ-CO（桥羰基）：连接两个金属，提供2个电子给每个金属• μ-H（桥氢）：常见于氢化簇• μ-Cl、μ-OR等：无机簇中常见• 簇的稳定性趋势：• 同族元素自上而下，M-M键增强（重元素d轨道扩展，重叠更好）• 第二、三过渡系金属更易形成稳定簇"
"多核簇 的关键结论有哪些？","• M-M键的存在证据：• 晶体结构测定显示M-M距离短于金属原子半径之和• 18电子规则要求M-M键以满足电子计数• 某些簇的磁性质需要M-M键解释• 桥联配体的作用：• μ-CO（桥羰基）：连接两个金属，提供2个电子给每个金属• μ-H（桥氢）：常见于氢化簇• μ-Cl、μ-OR等：无机簇中常见• 簇的稳定性趋势：• 同族元素自上而下，M-M键增强（重元素d轨道扩展，重叠更好）• 第二、三过渡系金属更易形成稳定簇","无机和结构化学 配合物 多核簇 rc_30d 化竞 金属簇 簇合物","Chem::Core","[[多核簇]]","30d","总结卡","多核金属簇（polynuclear metal clusters）是指含有两个或两个以上金属原子，且金属原子之间直接成键（金属-金属键）或桥联配体连接的化合物。这类化合物中金属原子形成多面体骨架结构，是有机金属化学和配位化学的重要分支。"
"多核簇 有哪些常见易错点？","• 电子计数时，M-M键的电子对同时属于两个金属• 桥联CO在IR中频率低于端基CO，不要混淆• 氧化态的确定：需根据配体电荷和整体电荷计算","无机和结构化学 配合物 多核簇 rc_30d 化竞 金属簇 簇合物","Chem::Core","[[多核簇]]","30d","易错点卡","多核金属簇（polynuclear metal clusters）是指含有两个或两个以上金属原子，且金属原子之间直接成键（金属-金属键）或桥联配体连接的化合物。这类化合物中金属原子形成多面体骨架结构，是有机金属化学和配位化学的重要分支。"
"天然冰结构 的关键结论有哪些？","• 冰 Ih 是自然界最常见的冰相（已知 18+ 种冰相）• 密度 < 液态水 → 冰浮于水上（源于开口六方结构中较大的空隙）• 氢键网络使水的熔点/沸点远高于同族氢化物（\mathrm{H_2S}、\mathrm{H_2Se} 等分子晶体仅靠范德华力）","无机和结构化学 晶体结构 天然冰结构 rc_30d 化竞 典型结构","Chem::Core","[[天然冰结构]]","30d","总结卡",""
"什么是密堆积？","等径球密堆积是理解金属晶体和离子晶体结构的基础模型。两种最密堆积方式——立方密堆积（ccp）和六方密堆积（hcp）——具有相同的空间利用率（74.05%），但堆积方式和空隙分布不同，导致衍生结构多样性。","无机和结构化学 晶体结构 密堆积 rc_30d 化竞","Chem::Core","[[密堆积]]","30d","概念卡","关键结论：
• [待补充]"
"密堆积 的关键结论有哪些？","• [待补充]","无机和结构化学 晶体结构 密堆积 rc_30d 化竞","Chem::Core","[[密堆积]]","30d","总结卡","等径球密堆积是理解金属晶体和离子晶体结构的基础模型。两种最密堆积方式——立方密堆积（ccp）和六方密堆积（hcp）——具有相同的空间利用率（74.05%），但堆积方式和空隙分布不同，导致衍生结构多样性。"
"密堆积 有哪些常见易错点？","• hcp 与 ccp 的空隙数量相同：都是 2N 四面体 + N 八面体，但空间分布不同
• fcc 晶胞中的空隙不要遗漏：八面体空隙除了体心，还有 12 条棱心（各分占 1/4）
• 体心立方不是密堆积：尽管有时被误认为是""9 配位""，但空间利用率明显低于 74%","无机和结构化学 晶体结构 密堆积 rc_30d 化竞","Chem::Core","[[密堆积]]","30d","易错点卡","等径球密堆积是理解金属晶体和离子晶体结构的基础模型。两种最密堆积方式——立方密堆积（ccp）和六方密堆积（hcp）——具有相同的空间利用率（74.05%），但堆积方式和空隙分布不同，导致衍生结构多样性。"
"什么是对称中心？","对称中心 i：反演操作，每个原子 (x,y,z) 对应 (−x,−y,−z) 处有相同原子。","无机和结构化学 对称性与晶体 对称中心 rc_30d 化竞 对称性","Chem::Core","[[对称中心]]","30d","概念卡","关键结论：
• [待补充]"
"对称中心 的关键结论有哪些？","• [待补充]","无机和结构化学 对称性与晶体 对称中心 rc_30d 化竞 对称性","Chem::Core","[[对称中心]]","30d","总结卡","对称中心 i：反演操作，每个原子 (x,y,z) 对应 (−x,−y,−z) 处有相同原子。"
"对称中心 有哪些常见易错点？","• [待补充]","无机和结构化学 对称性与晶体 对称中心 rc_30d 化竞 对称性","Chem::Core","[[对称中心]]","30d","易错点卡","对称中心 i：反演操作，每个原子 (x,y,z) 对应 (−x,−y,−z) 处有相同原子。"
"对称元素 的关键结论有哪些？","• 分子中的对称元素：任意 n 重轴均可能出现（不限于 1、2、3、4、6）
• 晶体中的对称元素：受平移对称性限制，只有 1、2、3、4、6 重旋转轴
• 7 种晶系的划分依据是特征对称元素，而不仅仅是晶胞参数的几何关系","无机和结构化学 对称性与晶体 对称元素 rc_30d 化竞 对称性 晶体","Chem::Core","[[对称元素]]","30d","总结卡",""
"什么是对称元素与对称操作？","对称操作：使物体与其自身重合的空间变换。
对称元素：进行对称操作时所依据的几何要素（点、线、面）。","无机和结构化学 对称性 对称元素与对称操作 rc_30d 化竞 对称元素 对称操作","Chem::Core","[[对称元素与对称操作]]","30d","概念卡",""
"什么是对称性与手性关系？","手性（Chirality）：物体不能与其镜像完全重合的性质。在化学中，手性分子是指不具有任何非真转动轴（S_n）的分子。","无机和结构化学 对称性 对称性与手性关系 rc_30d 化竞 手性","Chem::Core","[[对称性与手性关系]]","30d","概念卡",""
"什么是对角线规则？","对角线规则（Diagonal Rule）：周期表第二、第三周期左上至右下对角方向上的元素对，化学性质存在异常相似性。","无机和结构化学 元素周期律 对角线规则 rc_30d 化竞 周期表 对角线 元素相似性","Chem::Core","[[对角线规则]]","30d","概念卡","关键结论：
三对典型对角元素的相似性总结
 |  对角对  |  相似氧化物  |  相似氢氧化物  |  相似卤化物  | 
 | :---: | --- | --- | --- | 
 |  Li-Mg  |  Li₂O / MgO 正常氧化物  |  LiOH / Mg(OH)₂ 微溶  |  LiCl / MgCl₂ 易潮解  | 
 |  Be-Al  |  BeO / Al₂O₃ 两性  |  Be(OH)₂ / Al(OH)₃ 两性  |  BeCl₂ / AlCl₃ 共价、易升华  | 
 |  B-Si  |  B₂O₃ / SiO₂ 酸性  |  H₃BO₃ / H₄SiO₄ 弱酸  |  BF₃ / SiF₄ 易水解  | 

与主族性质的对比
 |  项目  |  同族（IIA, Mg）  |  同周期左邻（Li）  |  对角线（Mg vs Li）  | 
 | --- | --- | --- | --- | 
 |  离子半径  |  Be²⁺(45) < Mg²⁺(72)  |  Li⁺(76)  |  相近  | 
 |  电荷  |  +2 (Be, Mg)  |  +1 (Li)  |  不同  | 
 |  z/r  |  Be 大；Mg 中  |  Li 小  |  Li ≈ Mg  | 
 |  化学性质  |  Be 偏共价；Mg 离子  |  Li 略偏共价  |  Li ≈ Mg  | 

""对角""现象延伸到更下方？
• 严格的对角线规则只覆盖前 3 周期（Li/Be/B—Mg/Al/Si）
• 第 4 周期及以下因 d 区插入，对角相似性弱化
• Tl-Pb 之间存在弱的""惰性电子对""相似，但不严格"
"对角线规则 的关键结论有哪些？","三对典型对角元素的相似性总结
 |  对角对  |  相似氧化物  |  相似氢氧化物  |  相似卤化物  | 
 | :---: | --- | --- | --- | 
 |  Li-Mg  |  Li₂O / MgO 正常氧化物  |  LiOH / Mg(OH)₂ 微溶  |  LiCl / MgCl₂ 易潮解  | 
 |  Be-Al  |  BeO / Al₂O₃ 两性  |  Be(OH)₂ / Al(OH)₃ 两性  |  BeCl₂ / AlCl₃ 共价、易升华  | 
 |  B-Si  |  B₂O₃ / SiO₂ 酸性  |  H₃BO₃ / H₄SiO₄ 弱酸  |  BF₃ / SiF₄ 易水解  | 

与主族性质的对比
 |  项目  |  同族（IIA, Mg）  |  同周期左邻（Li）  |  对角线（Mg vs Li）  | 
 | --- | --- | --- | --- | 
 |  离子半径  |  Be²⁺(45) < Mg²⁺(72)  |  Li⁺(76)  |  相近  | 
 |  电荷  |  +2 (Be, Mg)  |  +1 (Li)  |  不同  | 
 |  z/r  |  Be 大；Mg 中  |  Li 小  |  Li ≈ Mg  | 
 |  化学性质  |  Be 偏共价；Mg 离子  |  Li 略偏共价  |  Li ≈ Mg  | 

""对角""现象延伸到更下方？
• 严格的对角线规则只覆盖前 3 周期（Li/Be/B—Mg/Al/Si）
• 第 4 周期及以下因 d 区插入，对角相似性弱化
• Tl-Pb 之间存在弱的""惰性电子对""相似，但不严格","无机和结构化学 元素周期律 对角线规则 rc_30d 化竞 周期表 对角线 元素相似性","Chem::Core","[[对角线规则]]","30d","总结卡","对角线规则（Diagonal Rule）：周期表第二、第三周期左上至右下对角方向上的元素对，化学性质存在异常相似性。"
"对角线规则 有哪些常见易错点？","• ❌ 错：对角线规则适用于所有元素——只在前 3 周期主族最显著
• ❌ 错：Mg(OH)₂ 是两性——Mg(OH)₂ 仅碱性，是 Be(OH)₂ 才两性
• ❌ 错：Li⁺ 半径与 Mg²⁺ 完全相等——只是相近（76 vs 72 pm）
• ❌ 错：对角线相似比同族相似强——同族是主导，对角是异常的""额外""相似
• ❌ 错：B-Si 没有相似性——B₂O₃/SiO₂、BF₃/SiF₄ 都是经典相似对","无机和结构化学 元素周期律 对角线规则 rc_30d 化竞 周期表 对角线 元素相似性","Chem::Core","[[对角线规则]]","30d","易错点卡","对角线规则（Diagonal Rule）：周期表第二、第三周期左上至右下对角方向上的元素对，化学性质存在异常相似性。"
"什么是小分子活化？","小分子活化是指过渡金属配合物通过配位作用削弱小分子（如 \mathrm{H_2}、\mathrm{N_2}、\mathrm{O_2} 等）内部化学键，使其更容易发生化学反应的过程。其核心机制是金属中心的空 d 轨道接受小分子的成键电子对（\sigma \to d 配位），同时金属的填充 d 电子反馈到小分子的反键轨道（d \to \sigma^* 反馈），从而逐步降低小分子内部键级。","无机和结构化学 配位化学 小分子活化 rc_30d 化竞 催化","Chem::Core","[[小分子活化]]","30d","概念卡","关键结论：
• \mathrm{H_2} 活化是连续谱而非二元过程：\mathrm{H_2} 与金属的相互作用从弱配位到完全断裂是一个渐变过程，键长从 74 pm 连续变化至 160 pm 以上，不存在""要么配位要么断裂""的明确界限。
• 反馈 \pi 键是活化的核心机制：d \to \sigma^* 反馈电子占据小分子的反键轨道，直接削弱其内部化学键；反馈越强，键长越长，活化程度越高。
• \mathrm{N_2} 端接 \eta^1 弱活化、侧接 \eta^2 强活化：端接模式下仅 2\pi 反馈，\mathrm{N \equiv N} 键长增至约 115 pm；侧接模式下 \pi 给体与 \delta 反馈协同作用，键长可增至约 125 pm，更接近双键特征。
• 键长是判断活化程度的直观指标：\mathrm{H–H} 键长序列（74 \to 82 \to 100 \to 130 \to 160 pm）为定性判断活化阶段提供了可靠标尺。
• 小分子活化原理具有统一框架：\mathrm{H_2}、\mathrm{N_2}、\mathrm{O_2} 等分子的配位活化均遵循 ""\sigma 给体 + \pi 反馈"" 的协同机制，区别仅在于轨道对称性和反馈效率。

H₂ 活化的结构连续谱

来源：[[教学逻辑提炼-"
"小分子活化 的关键结论有哪些？","• \mathrm{H_2} 活化是连续谱而非二元过程：\mathrm{H_2} 与金属的相互作用从弱配位到完全断裂是一个渐变过程，键长从 74 pm 连续变化至 160 pm 以上，不存在""要么配位要么断裂""的明确界限。
• 反馈 \pi 键是活化的核心机制：d \to \sigma^* 反馈电子占据小分子的反键轨道，直接削弱其内部化学键；反馈越强，键长越长，活化程度越高。
• \mathrm{N_2} 端接 \eta^1 弱活化、侧接 \eta^2 强活化：端接模式下仅 2\pi 反馈，\mathrm{N \equiv N} 键长增至约 115 pm；侧接模式下 \pi 给体与 \delta 反馈协同作用，键长可增至约 125 pm，更接近双键特征。
• 键长是判断活化程度的直观指标：\mathrm{H–H} 键长序列（74 \to 82 \to 100 \to 130 \to 160 pm）为定性判断活化阶段提供了可靠标尺。
• 小分子活化原理具有统一框架：\mathrm{H_2}、\mathrm{N_2}、\mathrm{O_2} 等分子的配位活化均遵循 ""\sigma 给体 + \pi 反馈"" 的协同机制，区别仅在于轨道对称性和反馈效率。

H₂ 活化的结构连续谱

来源：[[教学逻辑提炼-","无机和结构化学 配位化学 小分子活化 rc_30d 化竞 催化","Chem::Core","[[小分子活化]]","30d","总结卡","小分子活化是指过渡金属配合物通过配位作用削弱小分子（如 \mathrm{H_2}、\mathrm{N_2}、\mathrm{O_2} 等）内部化学键，使其更容易发生化学反应的过程。其核心机制是金属中心的空 d 轨道接受小分子的成键电子对（\sigma \to d 配位），同时金属的填充 d 电子反馈到小分子的反键轨道（d \to \sigma^* 反馈），从而逐步降低小分子内部键级。"
"小分子活化 有哪些常见易错点？","• 误以为 \mathrm{H_2} 配位就是 \mathrm{H_2} 断裂：实际上 \mathrm{H_2} 活化是一个连续谱，从弱配位（键长约 82 pm）到抓氢键（约 130–160 pm）再到完全断裂的氧化加成，中间存在多个过渡态，不能将配位等同于断裂。
• 混淆端接和侧接 \mathrm{N_2} 的活化程度：端接 \eta^1 模式下 \mathrm{N_2} 仅被弱活化（键长约 115 pm），而侧接 \eta^2 模式下 \pi 给体和 \delta 反馈协同作用，活化程度显著更强（键长约 125 pm）。
• 忽略抓氢键与氧化加成的中间态区别：抓氢键（3c–2e 部分键，键长 130–160 pm）是 \mathrm{H_2} 活化连续谱中的中间阶段，不等同于 \mathrm{H–H} 键完全断裂的氧化加成产物 \mathrm{M(H)_2}。","无机和结构化学 配位化学 小分子活化 rc_30d 化竞 催化","Chem::Core","[[小分子活化]]","30d","易错点卡","小分子活化是指过渡金属配合物通过配位作用削弱小分子（如 \mathrm{H_2}、\mathrm{N_2}、\mathrm{O_2} 等）内部化学键，使其更容易发生化学反应的过程。其核心机制是金属中心的空 d 轨道接受小分子的成键电子对（\sigma \to d 配位），同时金属的填充 d 电子反馈到小分子的反键轨道（d \to \sigma^* 反馈），从而逐步降低小分子内部键级。"
"什么是尖晶石？","尖晶石（Spinel）是一类通式为 \mathrm{AB_2O_4} 的复合氧化物，其中 O²⁻ 作面心立方密堆积（ccp），A²⁺ 和 B³⁺ 分别填充四面体空隙（Td）和八面体空隙（Oh）。尖晶石结构是离子晶体中最重要、最典型的复杂结构类型之一。","无机和结构化学 晶体结构 尖晶石 rc_30d 化竞 离子晶体","Chem::Core","[[尖晶石]]","30d","概念卡","关键结论：
• 常式尖晶石：A²⁺ 占四面体空隙，B³⁺ 占八面体空隙，记为 (\mathrm{A})[\mathrm{B}_2]\mathrm{O}_4
• 反式尖晶石：半数 B³⁺ 占四面体空隙，A²⁺ 与另一半 B³⁺ 共占八面体空隙，记为 (\mathrm{B})[\mathrm{AB}]\mathrm{O}_4
• 判断规则：CFSE 大的离子优先占八面体空隙 → 若 A²⁺ 的 CFSE 明显大于 B³⁺，则形成反式尖晶石
• 晶胞含 8 个化学式单位，可分成 8 个 I 型/II 型小立方体交替排列"
"尖晶石 的关键结论有哪些？","• 常式尖晶石：A²⁺ 占四面体空隙，B³⁺ 占八面体空隙，记为 (\mathrm{A})[\mathrm{B}_2]\mathrm{O}_4
• 反式尖晶石：半数 B³⁺ 占四面体空隙，A²⁺ 与另一半 B³⁺ 共占八面体空隙，记为 (\mathrm{B})[\mathrm{AB}]\mathrm{O}_4
• 判断规则：CFSE 大的离子优先占八面体空隙 → 若 A²⁺ 的 CFSE 明显大于 B³⁺，则形成反式尖晶石
• 晶胞含 8 个化学式单位，可分成 8 个 I 型/II 型小立方体交替排列","无机和结构化学 晶体结构 尖晶石 rc_30d 化竞 离子晶体","Chem::Core","[[尖晶石]]","30d","总结卡","尖晶石（Spinel）是一类通式为 \mathrm{AB_2O_4} 的复合氧化物，其中 O²⁻ 作面心立方密堆积（ccp），A²⁺ 和 B³⁺ 分别填充四面体空隙（Td）和八面体空隙（Oh）。尖晶石结构是离子晶体中最重要、最典型的复杂结构类型之一。"
"尖晶石 有哪些常见易错点？","• 混淆常式与反式的占位表达式：常式是 (\mathrm{A})[\mathrm{B}_2]\mathrm{O}_4，反式是 (\mathrm{B})[\mathrm{AB}]\mathrm{O}_4，括号内是四面体位，中括号内是八面体位
• 晶胞计数时漏算空隙占有率：尖晶石晶胞含 8 个 \mathrm{AB_2O_4}，I/II 型小立方体中离子的位置要按占有率计算
• CFSE 判断规则用反：CFSE 大的离子优先去八面体（Oh），不是四面体（Td）","无机和结构化学 晶体结构 尖晶石 rc_30d 化竞 离子晶体","Chem::Core","[[尖晶石]]","30d","易错点卡","尖晶石（Spinel）是一类通式为 \mathrm{AB_2O_4} 的复合氧化物，其中 O²⁻ 作面心立方密堆积（ccp），A²⁺ 和 B³⁺ 分别填充四面体空隙（Td）和八面体空隙（Oh）。尖晶石结构是离子晶体中最重要、最典型的复杂结构类型之一。"
"什么是层状结构？","层状结构是指原子/离子在二维平面内强键合，而层间以弱相互作用（范德华力、氢键等）堆积的晶体结构。层状材料在催化、储能、电子器件等领域具有重要应用，也是 CChO 决赛的常考结构类型。","无机和结构化学 晶体结构 层状结构 rc_30d 化竞 二维材料","Chem::Core","[[层状结构]]","30d","概念卡","关键结论：
• [待补充]"
"层状结构 的关键结论有哪些？","• [待补充]","无机和结构化学 晶体结构 层状结构 rc_30d 化竞 二维材料","Chem::Core","[[层状结构]]","30d","总结卡","层状结构是指原子/离子在二维平面内强键合，而层间以弱相互作用（范德华力、氢键等）堆积的晶体结构。层状材料在催化、储能、电子器件等领域具有重要应用，也是 CChO 决赛的常考结构类型。"
"层状结构 有哪些常见易错点？","• 区分层状结构与链状结构：层状是二维延展，链状是一维延展（如 Se 链）
• 石墨 vs 金刚石：同素异形体，层状 vs 三维网络，性质截然不同
• 层间距计算：要考虑层间原子/分子的贡献，不能只看单层厚度
• 交错生长中的晶格失配：晶格常数差异导致应变和缺陷","无机和结构化学 晶体结构 层状结构 rc_30d 化竞 二维材料","Chem::Core","[[层状结构]]","30d","易错点卡","层状结构是指原子/离子在二维平面内强键合，而层间以弱相互作用（范德华力、氢键等）堆积的晶体结构。层状材料在催化、储能、电子器件等领域具有重要应用，也是 CChO 决赛的常考结构类型。"
"干冰结构 的关键结论有哪些？","• 干冰 = \mathrm{CO_2} 分子晶体（范德华力结合）
• 分子内部：强共价键（C=O 双键）
• 分子之间：弱范德华力
• 低熔点、易升华（常温常压下直接由固态变为气态——故称""干冰""）","无机和结构化学 晶体结构 干冰结构 rc_30d 化竞 典型结构","Chem::Core","[[干冰结构]]","30d","总结卡",""
"什么是归中反应？","归中反应（comproportionation，又称归中反应、均化反应）是指同一种元素的不同氧化态物种反应，生成该元素中间氧化态产物的反应。归中反应是歧化反应（disproportionation）的逆过程。","无机和结构化学 元素化学 归中反应 rc_30d 化竞 氧化还原 歧化","Chem::Core","[[归中反应]]","30d","概念卡","关键结论：
• 归中反应的本质：氧化剂（高氧化态）和还原剂（低氧化态）是同一种元素• 产物氧化态：归中产物氧化态一定在反应物氧化态之间• pH影响：许多元素的电势图随pH变化，酸碱条件下归中/歧化行为可能不同• 卤素系统：ClO₃⁻/Cl⁻、BrO₃⁻/Br⁻、IO₃⁻/I⁻在酸性中均可发生归中反应生成单质"
"归中反应 的关键结论有哪些？","• 归中反应的本质：氧化剂（高氧化态）和还原剂（低氧化态）是同一种元素• 产物氧化态：归中产物氧化态一定在反应物氧化态之间• pH影响：许多元素的电势图随pH变化，酸碱条件下归中/歧化行为可能不同• 卤素系统：ClO₃⁻/Cl⁻、BrO₃⁻/Br⁻、IO₃⁻/I⁻在酸性中均可发生归中反应生成单质","无机和结构化学 元素化学 归中反应 rc_30d 化竞 氧化还原 歧化","Chem::Core","[[归中反应]]","30d","总结卡","归中反应（comproportionation，又称归中反应、均化反应）是指同一种元素的不同氧化态物种反应，生成该元素中间氧化态产物的反应。归中反应是歧化反应（disproportionation）的逆过程。"
"归中反应 有哪些常见易错点？","• 配平归中反应时，注意电子得失守恒• 不要混淆归中反应物和产物的氧化态关系• 元素电势图中""右侧""和""左侧""的判断要准确","无机和结构化学 元素化学 归中反应 rc_30d 化竞 氧化还原 歧化","Chem::Core","[[归中反应]]","30d","易错点卡","归中反应（comproportionation，又称归中反应、均化反应）是指同一种元素的不同氧化态物种反应，生成该元素中间氧化态产物的反应。归中反应是歧化反应（disproportionation）的逆过程。"
"什么是惰性对效应？","惰性对效应（Inert Pair Effect）：第 6 周期（及部分第 5 周期）的 p 区主族元素，其外层 ns² 电子对（特别是 6s²）变得化学惰性，难以参与成键，导致低氧化态比族数预期的高氧化态更稳定。","无机和结构化学 元素化学 惰性对效应 rc_30d 化竞 主族化学 重元素","Chem::Core","[[惰性对效应]]","30d","概念卡","关键结论：
4.1 经典氧化态趋势对比
 |  族  |  第 4 周期  |  第 5 周期  |  第 6 周期  | 
 | --- | --- | --- | --- | 
 |  13 (B 族)  |  Ga：+3 主导  |  In：+1 和 +3 共存  |  Tl：+1 主导（+3 强氧化性）  | 
 |  14 (C 族)  |  Ge：+4 主导  |  Sn：+2 和 +4  |  Pb：+2 主导（+4 强氧化性）  | 
 |  15 (N 族)  |  As：+3 和 +5  |  Sb：+3 和 +5  |  Bi：+3 主导（+5 强氧化性）  | 

4.2 化合物稳定性的反映
• \ce{TlCl}（白色稳定）vs \ce{TlCl3}（强氧化剂，易热解为 \ce{TlCl}）
• \ce{Pb(NO3)2}（稳定盐）vs \ce{PbO2}（强氧化剂，棕黑色，常用于电池正极）
• \ce{BiCl3}（稳定）vs \ce{NaBiO3}（强氧化剂，紫红色）

4.3 标准电极电势的反映
• \ce{Pb^{4+}/Pb^{2+}}：E^\circ = +1.46\text{ V}（强氧化）
• \ce{Sn^{4+}/Sn^{2+}}：E^\circ = +0.15\text{ V}（弱氧化）
• 越往下走（Sn → Pb），高氧化态越倾向被还原

4.4 \ce{Pb^{4+}} 的""复活""——通过 EDTA 等强配体
• 单纯的 \ce{Pb^{4+}} 不稳定
• 但 \ce{[PbCl6]^{2-}}、\ce{(NH4)2[PbCl6]} 等络合物在强酸性氯介质中稳定
• 启示：惰性对效应是热力学倾向，可被强配位场克服"
"惰性对效应 的关键结论有哪些？","4.1 经典氧化态趋势对比
 |  族  |  第 4 周期  |  第 5 周期  |  第 6 周期  | 
 | --- | --- | --- | --- | 
 |  13 (B 族)  |  Ga：+3 主导  |  In：+1 和 +3 共存  |  Tl：+1 主导（+3 强氧化性）  | 
 |  14 (C 族)  |  Ge：+4 主导  |  Sn：+2 和 +4  |  Pb：+2 主导（+4 强氧化性）  | 
 |  15 (N 族)  |  As：+3 和 +5  |  Sb：+3 和 +5  |  Bi：+3 主导（+5 强氧化性）  | 

4.2 化合物稳定性的反映
• \ce{TlCl}（白色稳定）vs \ce{TlCl3}（强氧化剂，易热解为 \ce{TlCl}）
• \ce{Pb(NO3)2}（稳定盐）vs \ce{PbO2}（强氧化剂，棕黑色，常用于电池正极）
• \ce{BiCl3}（稳定）vs \ce{NaBiO3}（强氧化剂，紫红色）

4.3 标准电极电势的反映
• \ce{Pb^{4+}/Pb^{2+}}：E^\circ = +1.46\text{ V}（强氧化）
• \ce{Sn^{4+}/Sn^{2+}}：E^\circ = +0.15\text{ V}（弱氧化）
• 越往下走（Sn → Pb），高氧化态越倾向被还原

4.4 \ce{Pb^{4+}} 的""复活""——通过 EDTA 等强配体
• 单纯的 \ce{Pb^{4+}} 不稳定
• 但 \ce{[PbCl6]^{2-}}、\ce{(NH4)2[PbCl6]} 等络合物在强酸性氯介质中稳定
• 启示：惰性对效应是热力学倾向，可被强配位场克服","无机和结构化学 元素化学 惰性对效应 rc_30d 化竞 主族化学 重元素","Chem::Core","[[惰性对效应]]","30d","总结卡","惰性对效应（Inert Pair Effect）：第 6 周期（及部分第 5 周期）的 p 区主族元素，其外层 ns² 电子对（特别是 6s²）变得化学惰性，难以参与成键，导致低氧化态比族数预期的高氧化态更稳定。"
"惰性对效应 有哪些常见易错点？","• 把所有重元素都说成""高氧化态不稳定""——不严谨，应限定 p 区
• 混淆""惰性对""和""过渡金属低自旋""
• 忘记惰性对效应仅适用于热力学倾向，可被强配位克服
• 把惰性对的""惰性""误解为""完全不参与""——其实仍能在强氧化条件下被激发","无机和结构化学 元素化学 惰性对效应 rc_30d 化竞 主族化学 重元素","Chem::Core","[[惰性对效应]]","30d","易错点卡","惰性对效应（Inert Pair Effect）：第 6 周期（及部分第 5 周期）的 p 区主族元素，其外层 ns² 电子对（特别是 6s²）变得化学惰性，难以参与成键，导致低氧化态比族数预期的高氧化态更稳定。"
"什么是抗磁性？","抗磁性（Diamagnetism）是指物质中所有电子均成对，在外加磁场作用下产生与外磁场方向相反的微弱磁矩，从而被磁场排斥的性质。抗磁性是所有物质的普遍属性，但在没有未成对电子的物质中表现得最为明显。","无机和结构化学 磁学性质 抗磁性 rc_30d 化竞 基础要求 无机化学 磁性 电子结构","Chem::Core","[[抗磁性]]","30d","概念卡","关键结论：
• [待补充]"
"抗磁性 的关键结论有哪些？","• [待补充]","无机和结构化学 磁学性质 抗磁性 rc_30d 化竞 基础要求 无机化学 磁性 电子结构","Chem::Core","[[抗磁性]]","30d","总结卡","抗磁性（Diamagnetism）是指物质中所有电子均成对，在外加磁场作用下产生与外磁场方向相反的微弱磁矩，从而被磁场排斥的性质。抗磁性是所有物质的普遍属性，但在没有未成对电子的物质中表现得最为明显。"
"抗磁性 有哪些常见易错点？","• [待补充]","无机和结构化学 磁学性质 抗磁性 rc_30d 化竞 基础要求 无机化学 磁性 电子结构","Chem::Core","[[抗磁性]]","30d","易错点卡","抗磁性（Diamagnetism）是指物质中所有电子均成对，在外加磁场作用下产生与外磁场方向相反的微弱磁矩，从而被磁场排斥的性质。抗磁性是所有物质的普遍属性，但在没有未成对电子的物质中表现得最为明显。"
"什么是方酸？","1.1 方酸分子","无机和结构化学 元素化学 方酸 rc_30d 化竞 芳香性 离域π键 碳的同素异形体","Chem::Core","[[方酸]]","30d","概念卡","关键结论：
• [待补充]"
"方酸 的关键结论有哪些？","• [待补充]","无机和结构化学 元素化学 方酸 rc_30d 化竞 芳香性 离域π键 碳的同素异形体","Chem::Core","[[方酸]]","30d","总结卡","1.1 方酸分子"
"方酸 有哪些常见易错点？","• [待补充]","无机和结构化学 元素化学 方酸 rc_30d 化竞 芳香性 离域π键 碳的同素异形体","Chem::Core","[[方酸]]","30d","易错点卡","1.1 方酸分子"
"什么是旋转轴？","n 重旋转轴 Cₙ：绕轴旋转 360°/n 后分子复原。主轴 = n 最大的轴（通常选为 z 轴）。","无机和结构化学 对称性与晶体 旋转轴 rc_30d 化竞 对称性","Chem::Core","[[旋转轴]]","30d","概念卡","关键结论：
• 分子中：Cₙ 轴可以取任意 n 值（如二茂铁交错构型有 C₅）• 晶体中：Cₙ 严格限制为 n = 1, 2, 3, 4, 6• 特征旋转轴是划分晶系的核心判据——需综合旋转轴约束判断晶系归属"
"旋转轴 的关键结论有哪些？","• 分子中：Cₙ 轴可以取任意 n 值（如二茂铁交错构型有 C₅）• 晶体中：Cₙ 严格限制为 n = 1, 2, 3, 4, 6• 特征旋转轴是划分晶系的核心判据——需综合旋转轴约束判断晶系归属","无机和结构化学 对称性与晶体 旋转轴 rc_30d 化竞 对称性","Chem::Core","[[旋转轴]]","30d","总结卡","n 重旋转轴 Cₙ：绕轴旋转 360°/n 后分子复原。主轴 = n 最大的轴（通常选为 z 轴）。"
"无机碱 的关键结论有哪些？","• 碱金属氢氧化物均为强碱，从上到下碱性增强• 碱土金属氢氧化物：\mathrm{Be(OH)_2} 两性，\mathrm{Mg(OH)_2} 中强碱（不溶），其余为强碱• NaOH 是最重要的工业碱，易潮解，吸收 \mathrm{CO_2}，熔融时腐蚀玻璃• KOH 比 NaOH 更强，更易潮解，常用于需要强碱性或易溶性的场合• \mathrm{NH_3}\cdot \mathrm{H_2O} 是典型的弱碱，但工业用量大（制化肥、硝酸等）","无机和结构化学 综合 无机碱 rc_30d 化竞 元素化学 酸碱","Chem::Core","[[无机碱]]","30d","总结卡",""
"无机酸 的关键结论有哪些？","• Pauling 规则：非羟基氧数 N 决定含氧酸强弱（N 越多酸性越强）• 同族元素含氧酸：中心原子电负性越大/半径越小，酸性越强• 同周期最高氧化态含氧酸：从左到右酸性递增• 缩合酸的酸性 > 原正酸• 含氧酸盐热稳定性：硅酸盐 > 硫酸盐 > 碳酸盐 > 硝酸盐• 多酸分为同多酸（同种酸根缩合）和杂多酸（不同酸根缩合）","无机和结构化学 综合 无机酸 rc_30d 化竞 元素化学 酸碱","Chem::Core","[[无机酸]]","30d","总结卡",""
"什么是普鲁士蓝与滕氏蓝？","• 普鲁士蓝（Prussian blue, PB）：\mathrm{KFe^{III}[Fe^{II}(CN)_6]}（或 \mathrm{KFe_2(CN)_6}），混合价态配合物• 滕氏蓝（Turnbull's blue）：与普鲁士蓝实际为同一物质（\mathrm{Fe^{II}} + \mathrm{[Fe^{III}(CN)_6]^{3-}} → \mathrm{Fe^{III}[Fe^{II}(CN)_6]}，发生电子转移）• 普鲁士白（Prussian white）：\mathrm{K_2Fe_2^{II}(CN)_6}（完全还原态）","无机和结构化学 配合物 普鲁士蓝与滕氏蓝 rc_30d","Chem::Core","[[普鲁士蓝与滕氏蓝]]","30d","概念卡","关键结论：
• 普鲁士蓝 = 滕氏蓝（同一物质），\mathrm{KFe^{III}Fe^{II}(CN)_6}• 蓝色来源于 \mathrm{Fe^{II} \to Fe^{III}} 的 CT 跃迁（非 d-d 跃迁）• 作为钾离子电池正极：理论比容量 ~175 mAh/g• 扩散控制 vs 接触电阻控制：两种不同的动力学模式"
"普鲁士蓝与滕氏蓝 的关键结论有哪些？","• 普鲁士蓝 = 滕氏蓝（同一物质），\mathrm{KFe^{III}Fe^{II}(CN)_6}• 蓝色来源于 \mathrm{Fe^{II} \to Fe^{III}} 的 CT 跃迁（非 d-d 跃迁）• 作为钾离子电池正极：理论比容量 ~175 mAh/g• 扩散控制 vs 接触电阻控制：两种不同的动力学模式","无机和结构化学 配合物 普鲁士蓝与滕氏蓝 rc_30d","Chem::Core","[[普鲁士蓝与滕氏蓝]]","30d","总结卡","• 普鲁士蓝（Prussian blue, PB）：\mathrm{KFe^{III}[Fe^{II}(CN)_6]}（或 \mathrm{KFe_2(CN)_6}），混合价态配合物• 滕氏蓝（Turnbull's blue）：与普鲁士蓝实际为同一物质（\mathrm{Fe^{II}} + \mathrm{[Fe^{III}(CN)_6]^{3-}} → \mathrm{Fe^{III}[Fe^{II}(CN)_6]}，发生电子转移）• 普鲁士白（Prussian white）：\mathrm{K_2Fe_2^{II}(CN)_6}（完全还原态）"
"普鲁士蓝与滕氏蓝 有哪些常见易错点？","• 将颜色归因于 d-d 跃迁（实际是 CT 跃迁）• 比容量只算 1 个 \mathrm{K^+}（应算可逆的 2 个）• 颗粒质量计算忘记化学式中有 2 当量 Fe（式量应除以 2）","无机和结构化学 配合物 普鲁士蓝与滕氏蓝 rc_30d","Chem::Core","[[普鲁士蓝与滕氏蓝]]","30d","易错点卡","• 普鲁士蓝（Prussian blue, PB）：\mathrm{KFe^{III}[Fe^{II}(CN)_6]}（或 \mathrm{KFe_2(CN)_6}），混合价态配合物• 滕氏蓝（Turnbull's blue）：与普鲁士蓝实际为同一物质（\mathrm{Fe^{II}} + \mathrm{[Fe^{III}(CN)_6]^{3-}} → \mathrm{Fe^{III}[Fe^{II}(CN)_6]}，发生电子转移）• 普鲁士白（Prussian white）：\mathrm{K_2Fe_2^{II}(CN)_6}（完全还原态）"
"什么是晶体与非晶体？","1.1 晶体（Crystal）","无机和结构化学 晶体结构 晶体与非晶体 rc_30d 化竞 非晶体 晶体","Chem::Core","[[晶体与非晶体]]","30d","概念卡",""
"什么是晶体基本概念？","晶体（crystal）是指内部结构单元（原子、分子、离子或原子团）在空间作有规则周期性排列的固态物质。与之相对，非晶体（无定形体）中微粒的排列是杂乱无章的，没有长程有序性。","无机和结构化学 晶体结构 晶体基本概念 rc_30d 化竞","Chem::Core","[[晶体基本概念]]","30d","概念卡","关键结论：
• 晶体的宏观对称性反映其微观结构的周期性• 晶面夹角守恒定律是晶体学的第一个定律• X射线衍射（Bragg方程：2d\sin\theta = n\lambda）是测定晶体结构的核心方法• 金属原子倾向于高配位数的密堆积结构（半数以上金属为A1或A3）• 离子极化使键型从离子键向共价键过渡，导致晶体构型变化（如AgF→AgI由NaCl型变为"
"晶体基本概念 的关键结论有哪些？","• 晶体的宏观对称性反映其微观结构的周期性• 晶面夹角守恒定律是晶体学的第一个定律• X射线衍射（Bragg方程：2d\sin\theta = n\lambda）是测定晶体结构的核心方法• 金属原子倾向于高配位数的密堆积结构（半数以上金属为A1或A3）• 离子极化使键型从离子键向共价键过渡，导致晶体构型变化（如AgF→AgI由NaCl型变为","无机和结构化学 晶体结构 晶体基本概念 rc_30d 化竞","Chem::Core","[[晶体基本概念]]","30d","总结卡","晶体（crystal）是指内部结构单元（原子、分子、离子或原子团）在空间作有规则周期性排列的固态物质。与之相对，非晶体（无定形体）中微粒的排列是杂乱无章的，没有长程有序性。"
"晶体基本概念 有哪些常见易错点？","• 计算晶胞原子数时，体心原子算1个，不要误算为\frac{1}{8}或\frac{1}{2}• 面心立方中面对角线才是4r，不是体对角线• 体心立方中体对角线才是4r，r = \frac{\sqrt{3}}{4}a• 离子晶体的""配位数""通常指正负离子的配位数比，如NaCl的配位数是6:6","无机和结构化学 晶体结构 晶体基本概念 rc_30d 化竞","Chem::Core","[[晶体基本概念]]","30d","易错点卡","晶体（crystal）是指内部结构单元（原子、分子、离子或原子团）在空间作有规则周期性排列的固态物质。与之相对，非晶体（无定形体）中微粒的排列是杂乱无章的，没有长程有序性。"
"什么是晶体密度公式？","晶体密度公式描述了晶体密度 \rho 与晶胞参数、晶胞中原子（或化学式单位）数量、摩尔质量之间的关系。","无机和结构化学 结构化学 晶体密度公式 rc_30d 化竞 晶体 计算","Chem::Core","[[晶体密度公式]]","30d","概念卡","关键结论：
4.1 单位换算要点

晶胞参数常用 \mathrm{pm}（皮米）给出，计算时需统一单位：

1~\mathrm{pm} = 10^{-10}~\mathrm{cm} = 10^{-12}~\mathrm{m}• 若用 \mathrm{g \cdot cm^{-3}} 作密度单位，a 应换算为 \mathrm{cm}（a/10^{10}）• 若用 \mathrm{kg \cdot m^{-3}} 作密度单位，a 应换算为 \mathrm{m}（a/10^{12}）

常用简化：a 以 \mathrm{pm} 为单位时

$$\rho\ (\mathrm{g \cdot cm^{-3}}) = \frac{"
"晶体密度公式 的关键结论有哪些？","4.1 单位换算要点

晶胞参数常用 \mathrm{pm}（皮米）给出，计算时需统一单位：

1~\mathrm{pm} = 10^{-10}~\mathrm{cm} = 10^{-12}~\mathrm{m}• 若用 \mathrm{g \cdot cm^{-3}} 作密度单位，a 应换算为 \mathrm{cm}（a/10^{10}）• 若用 \mathrm{kg \cdot m^{-3}} 作密度单位，a 应换算为 \mathrm{m}（a/10^{12}）

常用简化：a 以 \mathrm{pm} 为单位时

$$\rho\ (\mathrm{g \cdot cm^{-3}}) = \frac{","无机和结构化学 结构化学 晶体密度公式 rc_30d 化竞 晶体 计算","Chem::Core","[[晶体密度公式]]","30d","总结卡","晶体密度公式描述了晶体密度 \rho 与晶胞参数、晶胞中原子（或化学式单位）数量、摩尔质量之间的关系。"
"晶体密度公式 有哪些常见易错点？","• **$","无机和结构化学 结构化学 晶体密度公式 rc_30d 化竞 晶体 计算","Chem::Core","[[晶体密度公式]]","30d","易错点卡","晶体密度公式描述了晶体密度 \rho 与晶胞参数、晶胞中原子（或化学式单位）数量、摩尔质量之间的关系。"
"什么是晶体对称性？","对称操作（symmetry operation）是指使物体（分子或晶体）与自身重合的空间变换。进行对称操作时所依据的几何元素（点、线、面）称为对称元素（symmetry element）。","无机和结构化学 结构化学 晶体对称性 rc_30d 化竞 晶体学 对称性","Chem::Core","[[晶体对称性]]","30d","概念卡","关键结论：
4.1 对称性与极性

只有属于 C_n、C_{nv} 和 C_s 点群的分子才可能具有永久电偶极矩。• C_n 和 C_{nv}：偶极矩必沿主轴方向• C_s：偶极矩必在镜面内• 有对称中心 i、多个 C_n 轴（n>1）或 S_n 轴的分子：无偶极矩

4.2 对称性与手性

只有不具有非真旋转轴 S_n 的分子才可能是手性的（光学活性）。

等价表述：• 有 S_n（包括 i 和 \sigma，因为它们分别等价于 S_2 和 S_1）→ 非手性• 无 S_n → 可能手性

常见手性点群：C_n、D_n、T、O、I

4.3 七大晶系与对称性要求

 |  晶系  |  特征对称元素  |  最低对称性  | 
 | :--- | :--- | :--- | 
 |  三斜  |  无  |  C_1 或 C_i  | 
 |  单斜  |  一个 C_2 轴或 \sigma 面  |  C_2 或 C_s  | 
 |  正交  |  三个互相垂直的 C_2 轴  |  D_2  | 
 |  四方  |  一个 C_4 轴  |  C_4  | 
 |  三方/菱形  |  一个 C_3 轴  |  C_3  | 
 |  六方  |  一个 C_6 轴  |  C_6  | 
 |  立方  |  四个按体对角线的 C_3 轴  |  T  |"
"晶体对称性 的关键结论有哪些？","4.1 对称性与极性

只有属于 C_n、C_{nv} 和 C_s 点群的分子才可能具有永久电偶极矩。• C_n 和 C_{nv}：偶极矩必沿主轴方向• C_s：偶极矩必在镜面内• 有对称中心 i、多个 C_n 轴（n>1）或 S_n 轴的分子：无偶极矩

4.2 对称性与手性

只有不具有非真旋转轴 S_n 的分子才可能是手性的（光学活性）。

等价表述：• 有 S_n（包括 i 和 \sigma，因为它们分别等价于 S_2 和 S_1）→ 非手性• 无 S_n → 可能手性

常见手性点群：C_n、D_n、T、O、I

4.3 七大晶系与对称性要求

 |  晶系  |  特征对称元素  |  最低对称性  | 
 | :--- | :--- | :--- | 
 |  三斜  |  无  |  C_1 或 C_i  | 
 |  单斜  |  一个 C_2 轴或 \sigma 面  |  C_2 或 C_s  | 
 |  正交  |  三个互相垂直的 C_2 轴  |  D_2  | 
 |  四方  |  一个 C_4 轴  |  C_4  | 
 |  三方/菱形  |  一个 C_3 轴  |  C_3  | 
 |  六方  |  一个 C_6 轴  |  C_6  | 
 |  立方  |  四个按体对角线的 C_3 轴  |  T  |","无机和结构化学 结构化学 晶体对称性 rc_30d 化竞 晶体学 对称性","Chem::Core","[[晶体对称性]]","30d","总结卡","对称操作（symmetry operation）是指使物体（分子或晶体）与自身重合的空间变换。进行对称操作时所依据的几何元素（点、线、面）称为对称元素（symmetry element）。"
"晶体对称性 有哪些常见易错点？","• 漏找对称元素：例如 D_{3h} 中的 3 个 C_2' 轴容易遗漏• 误判手性：只检查 i 和 \sigma 而忽略 S_n（如 S_4 也导致非手性）• \sigma_d 与 \sigma_v 混淆：在 D_{nd} 和 D_{nh} 中要注意镜面类型• 线性分子点群：同核双原子 D_{\infty h} vs 异核双原子 C_{\infty v}","无机和结构化学 结构化学 晶体对称性 rc_30d 化竞 晶体学 对称性","Chem::Core","[[晶体对称性]]","30d","易错点卡","对称操作（symmetry operation）是指使物体（分子或晶体）与自身重合的空间变换。进行对称操作时所依据的几何元素（点、线、面）称为对称元素（symmetry element）。"
"什么是晶体结构？","晶体结构是化学竞赛决赛的高频考点，涉及晶胞参数计算、堆积方式、填隙模型、对称性判断等核心内容。决赛题目常将晶体结构与实际化合物（如磷的羰基配合物、锇的氟化物、铯的氧化物等）结合，要求从结构角度解释性质。","无机和结构化学 晶体结构 rc_30d 化竞","Chem::Core","[[晶体结构]]","30d","概念卡","关键结论：
• [待补充]"
"晶体结构 的关键结论有哪些？","• [待补充]","无机和结构化学 晶体结构 rc_30d 化竞","Chem::Core","[[晶体结构]]","30d","总结卡","晶体结构是化学竞赛决赛的高频考点，涉及晶胞参数计算、堆积方式、填隙模型、对称性判断等核心内容。决赛题目常将晶体结构与实际化合物（如磷的羰基配合物、锇的氟化物、铯的氧化物等）结合，要求从结构角度解释性质。"
"晶体结构 有哪些常见易错点？","• 混淆晶胞与格子：晶胞是结构单元，格子是几何抽象
• 配位数计数错误：注意共用顶点、棱、面的分摊
• 空隙位置遗漏：fcc 晶胞中八面体空隙位于体心和棱心
• 高压相变方向：通常配位数增大、密度增大，但需具体分析","无机和结构化学 晶体结构 rc_30d 化竞","Chem::Core","[[晶体结构]]","30d","易错点卡","晶体结构是化学竞赛决赛的高频考点，涉及晶胞参数计算、堆积方式、填隙模型、对称性判断等核心内容。决赛题目常将晶体结构与实际化合物（如磷的羰基配合物、锇的氟化物、铯的氧化物等）结合，要求从结构角度解释性质。"
"什么是晶格常数？","晶胞的六个参数：a, b, c（棱长）和 α, β, γ（棱间夹角）。","无机和结构化学 晶体结构 晶格常数 rc_30d 化竞","Chem::Core","[[晶格常数]]","30d","概念卡","关键结论：
• 晶格常数不仅决定晶胞大小，还与原子/离子半径直接关联
• 对于立方晶系，a 和 r 的关系：
• 简单立方：a=2r
• 体心立方：r=\sqrt{3}a/4\qquad a=4r/\sqrt{3}
• 面心立方：a=2\sqrt{2}r\qquad r=\sqrt{2}a/4
• 三方晶系有两种取法：简单三方（a=b\neq c,\gamma=120^\circ）和菱面体（a=b=c,\alpha=\beta=\gamma\neq90^\circ），两者等价
• 六方密堆积的理想轴比：c/a = \sqrt{8/3} \approx 1.633（实际金属常偏离此值）"
"晶格常数 的关键结论有哪些？","• 晶格常数不仅决定晶胞大小，还与原子/离子半径直接关联
• 对于立方晶系，a 和 r 的关系：
• 简单立方：a=2r
• 体心立方：r=\sqrt{3}a/4\qquad a=4r/\sqrt{3}
• 面心立方：a=2\sqrt{2}r\qquad r=\sqrt{2}a/4
• 三方晶系有两种取法：简单三方（a=b\neq c,\gamma=120^\circ）和菱面体（a=b=c,\alpha=\beta=\gamma\neq90^\circ），两者等价
• 六方密堆积的理想轴比：c/a = \sqrt{8/3} \approx 1.633（实际金属常偏离此值）","无机和结构化学 晶体结构 晶格常数 rc_30d 化竞","Chem::Core","[[晶格常数]]","30d","总结卡","晶胞的六个参数：a, b, c（棱长）和 α, β, γ（棱间夹角）。"
"什么是晶格能？","晶格能 U：气态离子生成 1 mol 离子晶体所释放的能量。","无机和结构化学 晶体结构 晶格能 rc_30d 化竞","Chem::Core","[[晶格能]]","30d","概念卡","关键结论：
• 晶格能 U 越大，离子键越强，对应的宏观表现为：熔点越高、硬度越大
• NaCl 熔点 801^{\circ}\mathrm{C}，MgO 熔点 2802^{\circ}\mathrm{C}——正负离子电荷越高，晶格能越大
• 离子晶体中离子键没有方向性和饱和性，正负离子趋向于紧密排列以使体系能量最低"
"晶格能 的关键结论有哪些？","• 晶格能 U 越大，离子键越强，对应的宏观表现为：熔点越高、硬度越大
• NaCl 熔点 801^{\circ}\mathrm{C}，MgO 熔点 2802^{\circ}\mathrm{C}——正负离子电荷越高，晶格能越大
• 离子晶体中离子键没有方向性和饱和性，正负离子趋向于紧密排列以使体系能量最低","无机和结构化学 晶体结构 晶格能 rc_30d 化竞","Chem::Core","[[晶格能]]","30d","总结卡","晶格能 U：气态离子生成 1 mol 离子晶体所释放的能量。"
"什么是晶胞？","晶胞：能反映晶体对称性的最小重复单元。","无机和结构化学 晶体结构 晶胞 rc_30d 化竞","Chem::Core","[[晶胞]]","30d","概念卡","关键结论：
• 晶体结构 = 点阵（几何框架）+ 结构基元（原子/分子/离子在结点上的内容）
• 立方晶系中，a=b=c 且 \alpha=\beta=\gamma=90^\circ 是必要但不充分条件——必须有沿体对角线方向的 4 个三重轴
• 简单立方：a=2r，含 1 个球，空间利用率 52%
• 体心立方：r=\sqrt{3}a/4，含 2 个球，空间利用率 68%
• 面心立方：a=2\sqrt{2}r，含 4 个球，空间利用率 74%"
"晶胞 的关键结论有哪些？","• 晶体结构 = 点阵（几何框架）+ 结构基元（原子/分子/离子在结点上的内容）
• 立方晶系中，a=b=c 且 \alpha=\beta=\gamma=90^\circ 是必要但不充分条件——必须有沿体对角线方向的 4 个三重轴
• 简单立方：a=2r，含 1 个球，空间利用率 52%
• 体心立方：r=\sqrt{3}a/4，含 2 个球，空间利用率 68%
• 面心立方：a=2\sqrt{2}r，含 4 个球，空间利用率 74%","无机和结构化学 晶体结构 晶胞 rc_30d 化竞","Chem::Core","[[晶胞]]","30d","总结卡","晶胞：能反映晶体对称性的最小重复单元。"
"什么是晶胞投影图分析？","• 晶胞投影图：将三维晶胞结构沿某一晶轴方向投影到二维平面上，类似于工程制图中的""三视图""
• 是近年化竞初赛/决赛的固定题型，考查空间想象力和晶体学基本功
• 出题方式：给出沿 a、b、c 方向的一个或多个投影图 → 推导化学组成、晶系、原子坐标","无机和结构化学 晶体结构 晶胞投影图分析 rc_30d 化竞 方法论","Chem::Core","[[晶胞投影图分析]]","30d","概念卡","关键结论：
4.1 分析步骤（""四步法""）
• 找对称性 → 初步判断晶系（看是否有直角、等长）
• 定位原子 → 利用遮挡关系和多个投影图确定每个原子的位置
• 计数原子 → 按位置类型乘以占有率，求和
• 验证合理性 → 检查原子间距、化合价、配位数

4.2 常见陷阱
• 投影图中""重合""的原子容易漏数 → 用多个方向交叉验证
• 分子晶体 vs 原子晶体计数不同（分子晶体中每个分子独立）
• \mathrm{FeO_2} 型结构：O 可能以 \mathrm{O_2^{2-}} 形式存在"
"晶胞投影图分析 的关键结论有哪些？","4.1 分析步骤（""四步法""）
• 找对称性 → 初步判断晶系（看是否有直角、等长）
• 定位原子 → 利用遮挡关系和多个投影图确定每个原子的位置
• 计数原子 → 按位置类型乘以占有率，求和
• 验证合理性 → 检查原子间距、化合价、配位数

4.2 常见陷阱
• 投影图中""重合""的原子容易漏数 → 用多个方向交叉验证
• 分子晶体 vs 原子晶体计数不同（分子晶体中每个分子独立）
• \mathrm{FeO_2} 型结构：O 可能以 \mathrm{O_2^{2-}} 形式存在","无机和结构化学 晶体结构 晶胞投影图分析 rc_30d 化竞 方法论","Chem::Core","[[晶胞投影图分析]]","30d","总结卡","• 晶胞投影图：将三维晶胞结构沿某一晶轴方向投影到二维平面上，类似于工程制图中的""三视图""
• 是近年化竞初赛/决赛的固定题型，考查空间想象力和晶体学基本功
• 出题方式：给出沿 a、b、c 方向的一个或多个投影图 → 推导化学组成、晶系、原子坐标"
"晶胞投影图分析 有哪些常见易错点？","• 混淆顶点和棱心（遮挡关系判断错误）
• 投影重叠导致漏数或多数原子
• 晶系判断未使用特征对称元素而仅凭晶胞参数猜测
• 对 hR（菱心六方）点阵的计数规则不熟悉","无机和结构化学 晶体结构 晶胞投影图分析 rc_30d 化竞 方法论","Chem::Core","[[晶胞投影图分析]]","30d","易错点卡","• 晶胞投影图：将三维晶胞结构沿某一晶轴方向投影到二维平面上，类似于工程制图中的""三视图""
• 是近年化竞初赛/决赛的固定题型，考查空间想象力和晶体学基本功
• 出题方式：给出沿 a、b、c 方向的一个或多个投影图 → 推导化学组成、晶系、原子坐标"
"什么是桥连配体？","桥连配体（Bridging Ligand）是指能同时与两个或两个以上金属中心配位的配体，在金属中心之间起到""桥梁""作用。桥连配体是形成多核配合物、簇合物和金属有机框架（MOF）的关键结构单元。","无机和结构化学 配位化学 桥连配体 rc_30d 化竞 决赛 无机化学 配合物 配体","Chem::Core","[[桥连配体]]","30d","概念卡","关键结论：
• [待补充]"
"桥连配体 的关键结论有哪些？","• [待补充]","无机和结构化学 配位化学 桥连配体 rc_30d 化竞 决赛 无机化学 配合物 配体","Chem::Core","[[桥连配体]]","30d","总结卡","桥连配体（Bridging Ligand）是指能同时与两个或两个以上金属中心配位的配体，在金属中心之间起到""桥梁""作用。桥连配体是形成多核配合物、簇合物和金属有机框架（MOF）的关键结构单元。"
"桥连配体 有哪些常见易错点？","• [待补充]","无机和结构化学 配位化学 桥连配体 rc_30d 化竞 决赛 无机化学 配合物 配体","Chem::Core","[[桥连配体]]","30d","易错点卡","桥连配体（Bridging Ligand）是指能同时与两个或两个以上金属中心配位的配体，在金属中心之间起到""桥梁""作用。桥连配体是形成多核配合物、簇合物和金属有机框架（MOF）的关键结构单元。"
"什么是氢？","• 位置：1s¹，周期表特殊位置（常放在 IA 和 VIIA 之上）
• 同位素：¹H(氕), ²H(D, 氘), ³H(T, 氚)
• 唯一氧化态：+1, 0, −1
• 单质 H₂：无色无味，最轻气体，易燃爆","无机和结构化学 元素化学 氢 rc_30d 化竞 主族","Chem::Core","[[氢]]","30d","概念卡","关键结论：
• \mathrm{H}^{+} 半径仅 10^{-3}\mathrm{pm}，极化能力极强，实际上在水溶液中以 \mathrm{H}_3\mathrm{O}^{+} 等形式存在
• \mathrm{H}^{-} 半径 154~\mathrm{pm}，是极强的碱和还原剂
• \mathrm{LiAlH}_4、\mathrm{NaBH}_4 是化学中很有用的还原剂，由盐型氢化物与缺电子化合物反应制得
• \mathrm{LaNi}_5\mathrm{H}_6 体系：吸氢时放热，放氢时吸热，可实现可逆储氢
• \mathrm{CaH}_2 可除去有机试剂中的微量水分"
"氢 的关键结论有哪些？","• \mathrm{H}^{+} 半径仅 10^{-3}\mathrm{pm}，极化能力极强，实际上在水溶液中以 \mathrm{H}_3\mathrm{O}^{+} 等形式存在
• \mathrm{H}^{-} 半径 154~\mathrm{pm}，是极强的碱和还原剂
• \mathrm{LiAlH}_4、\mathrm{NaBH}_4 是化学中很有用的还原剂，由盐型氢化物与缺电子化合物反应制得
• \mathrm{LaNi}_5\mathrm{H}_6 体系：吸氢时放热，放氢时吸热，可实现可逆储氢
• \mathrm{CaH}_2 可除去有机试剂中的微量水分","无机和结构化学 元素化学 氢 rc_30d 化竞 主族","Chem::Core","[[氢]]","30d","总结卡","• 位置：1s¹，周期表特殊位置（常放在 IA 和 VIIA 之上）
• 同位素：¹H(氕), ²H(D, 氘), ³H(T, 氚)
• 唯一氧化态：+1, 0, −1
• 单质 H₂：无色无味，最轻气体，易燃爆"
"氢 有哪些常见易错点？","• [待补充]","无机和结构化学 元素化学 氢 rc_30d 化竞 主族","Chem::Core","[[氢]]","30d","易错点卡","• 位置：1s¹，周期表特殊位置（常放在 IA 和 VIIA 之上）
• 同位素：¹H(氕), ²H(D, 氘), ³H(T, 氚)
• 唯一氧化态：+1, 0, −1
• 单质 H₂：无色无味，最轻气体，易燃爆"
"氢化物 的关键结论有哪些？","• 氢化物分为离子型（盐型）、共价型（分子型）和金属型（间充型）三大类• 共价氢化物热稳定性同族从上到下递减，还原性递增，酸性递增• 第二周期氢化物（\mathrm{H_2O}、\mathrm{NH_3}、HF）因氢键和特殊电子结构，性质与同族其余元素差异显著• HF 为弱酸而 HCl、HBr、HI 为强酸——第二周期特殊性• 离子型氢化物中 \mathrm{H}^- 是强还原剂，遇水放出 \mathrm{H_2}• 过渡金属可以形成间隙氢化物，Ni、\mathrm{LaNi_5} 等是储氢材料","无机和结构化学 综合 氢化物 rc_30d 化竞 元素化学","Chem::Core","[[氢化物]]","30d","总结卡",""
"氢氧化物 的关键结论有哪些？","• 氢氧化物酸碱性由中心离子离子势 $\varphi =","无机和结构化学 综合 氢氧化物 rc_30d 化竞 元素化学","Chem::Core","[[氢氧化物]]","30d","总结卡",""
"什么是氧化加成与还原消除？","氧化加成（Oxidative Addition, OA）
一个分子（A-B）加合到金属或主族中心，两键变三键（一个 A-B 断裂，两个 M-A 和 M-B 形成）。中心原子的氧化态升高 +2，配位数增加 +2。","无机和结构化学 反应机理 氧化加成与还原消除 rc_30d","Chem::Core","[[氧化加成与还原消除]]","30d","概念卡","关键结论：
4.1 OA + RE = 催化循环
经典 Pd 催化的 Suzuki 偶联：• OA：\ce{Pd^0L4 + ArX \to Pd^{II}(Ar)(X)L2}• 配体交换：与 ArB(OH)₂ 反应• 转金属化：\ce{Pd^{II}(Ar)(Ar')L2}• RE：得 \ce{Ar-Ar' + Pd^0L2}• 循环

4.2 OA-RE 中""双向""的意义• OA 和 RE 是同一过程的双向• 哪一方向有利取决于：• 金属氧化态的稳定性• A-B 键能 vs M-A + M-B 键能总和• 配位场效应

4.3 主族化学中的 OA 类比• \ce{XeF2 + 2 X- \to Xe + X2 + 2F-} 可看作 Xe(II) 的""被还原"" + 2F⁻ 的释放• \ce{PCl5 \to PCl3 + Cl2} 是磷的""还原消除""，Cl₂ 离开"
"氧化加成与还原消除 的关键结论有哪些？","4.1 OA + RE = 催化循环
经典 Pd 催化的 Suzuki 偶联：• OA：\ce{Pd^0L4 + ArX \to Pd^{II}(Ar)(X)L2}• 配体交换：与 ArB(OH)₂ 反应• 转金属化：\ce{Pd^{II}(Ar)(Ar')L2}• RE：得 \ce{Ar-Ar' + Pd^0L2}• 循环

4.2 OA-RE 中""双向""的意义• OA 和 RE 是同一过程的双向• 哪一方向有利取决于：• 金属氧化态的稳定性• A-B 键能 vs M-A + M-B 键能总和• 配位场效应

4.3 主族化学中的 OA 类比• \ce{XeF2 + 2 X- \to Xe + X2 + 2F-} 可看作 Xe(II) 的""被还原"" + 2F⁻ 的释放• \ce{PCl5 \to PCl3 + Cl2} 是磷的""还原消除""，Cl₂ 离开","无机和结构化学 反应机理 氧化加成与还原消除 rc_30d","Chem::Core","[[氧化加成与还原消除]]","30d","总结卡","氧化加成（Oxidative Addition, OA）
一个分子（A-B）加合到金属或主族中心，两键变三键（一个 A-B 断裂，两个 M-A 和 M-B 形成）。中心原子的氧化态升高 +2，配位数增加 +2。"
"氧化加成与还原消除 有哪些常见易错点？","• 把 OA 当作配位（OA 改变氧化态）• 忽视 RE 中的 cis 要求——trans 配体不能 RE• 把 OA-RE 等同于 σ-bond metathesis（机理不同）• 用错电子数判断（OA 配位数 +2，电子数 +2）","无机和结构化学 反应机理 氧化加成与还原消除 rc_30d","Chem::Core","[[氧化加成与还原消除]]","30d","易错点卡","氧化加成（Oxidative Addition, OA）
一个分子（A-B）加合到金属或主族中心，两键变三键（一个 A-B 断裂，两个 M-A 和 M-B 形成）。中心原子的氧化态升高 +2，配位数增加 +2。"
"什么是氧化物？","定义与分类
 |  类型  |  与水反应  |  实例  | 
 | ------ | ------ | ------ | 
 |  酸性氧化物  |  生成酸（或溶于碱）  |  SO₃, CO₂, SiO₂, P₄O₁₀  | 
 |  碱性氧化物  |  生成碱（或溶于酸）  |  Na₂O, CaO, MgO  | 
 |  两性氧化物  |  既溶于酸又溶于碱  |  Al₂O₃,","无机和结构化学 综合 氧化物 rc_30d 化竞 元素化学","Chem::Core","[[氧化物]]","30d","概念卡","关键结论：
• 氧化物按酸碱性分为酸性、碱性、两性和中性四大类• 同周期从左到右碱性递减、酸性递增；同族从上到下酸性递减、碱性递增• 高价氧化物偏酸性，低价偏碱性• \mathrm{SiO_2} 为酸性氧化物（不溶于酸，溶于碱），\mathrm{CaO} 为碱性氧化物• CO、NO 为中性氧化物（不溶于酸也不溶于碱，无对应含氧酸盐）• d 区金属的氧化物水合物除 IIIB 族显碱性外，其他以两性为主，最高氧化态可呈酸性"
"氧化物 的关键结论有哪些？","• 氧化物按酸碱性分为酸性、碱性、两性和中性四大类• 同周期从左到右碱性递减、酸性递增；同族从上到下酸性递减、碱性递增• 高价氧化物偏酸性，低价偏碱性• \mathrm{SiO_2} 为酸性氧化物（不溶于酸，溶于碱），\mathrm{CaO} 为碱性氧化物• CO、NO 为中性氧化物（不溶于酸也不溶于碱，无对应含氧酸盐）• d 区金属的氧化物水合物除 IIIB 族显碱性外，其他以两性为主，最高氧化态可呈酸性","无机和结构化学 综合 氧化物 rc_30d 化竞 元素化学","Chem::Core","[[氧化物]]","30d","总结卡","定义与分类
 |  类型  |  与水反应  |  实例  | 
 | ------ | ------ | ------ | 
 |  酸性氧化物  |  生成酸（或溶于碱）  |  SO₃, CO₂, SiO₂, P₄O₁₀  | 
 |  碱性氧化物  |  生成碱（或溶于酸）  |  Na₂O, CaO, MgO  | 
 |  两性氧化物  |  既溶于酸又溶于碱  |  Al₂O₃,"
"氧化物 有哪些常见易错点？","• [待补充]","无机和结构化学 综合 氧化物 rc_30d 化竞 元素化学","Chem::Core","[[氧化物]]","30d","易错点卡","定义与分类
 |  类型  |  与水反应  |  实例  | 
 | ------ | ------ | ------ | 
 |  酸性氧化物  |  生成酸（或溶于碱）  |  SO₃, CO₂, SiO₂, P₄O₁₀  | 
 |  碱性氧化物  |  生成碱（或溶于酸）  |  Na₂O, CaO, MgO  | 
 |  两性氧化物  |  既溶于酸又溶于碱  |  Al₂O₃,"
"什么是氧族元素？","VIA 族：ns²np⁴。O 是第二周期（特殊），S/Se/Te 是第三周期及以下。","无机和结构化学 元素化学 氧族元素 rc_30d 化竞 主族","Chem::Core","[[氧族元素]]","30d","概念卡","关键结论：
• 氧是丰度最大的元素，质量几乎占地壳的一半（约 46\%）；空气中 \mathrm{O}_2 约占 21\%
• O 的电负性 (3.5) 仅次于 F (4.0)，大多数化合物中 O 为 -2 氧化态
• \mathrm{O}_3 的分子结构为折线形（非正三角形），含离域 \pi_3^4 键
• 过氧化物和超氧化物既是强氧化剂又是供氧剂
• 含氧酸盐的热稳定性：硅酸盐 > 硫酸盐 > 碳酸盐 > 硝酸盐"
"氧族元素 的关键结论有哪些？","• 氧是丰度最大的元素，质量几乎占地壳的一半（约 46\%）；空气中 \mathrm{O}_2 约占 21\%
• O 的电负性 (3.5) 仅次于 F (4.0)，大多数化合物中 O 为 -2 氧化态
• \mathrm{O}_3 的分子结构为折线形（非正三角形），含离域 \pi_3^4 键
• 过氧化物和超氧化物既是强氧化剂又是供氧剂
• 含氧酸盐的热稳定性：硅酸盐 > 硫酸盐 > 碳酸盐 > 硝酸盐","无机和结构化学 元素化学 氧族元素 rc_30d 化竞 主族","Chem::Core","[[氧族元素]]","30d","总结卡","VIA 族：ns²np⁴。O 是第二周期（特殊），S/Se/Te 是第三周期及以下。"
"氧族元素 有哪些常见易错点？","• [待补充]","无机和结构化学 元素化学 氧族元素 rc_30d 化竞 主族","Chem::Core","[[氧族元素]]","30d","易错点卡","VIA 族：ns²np⁴。O 是第二周期（特殊），S/Se/Te 是第三周期及以下。"
"氮族元素 的关键结论有哪些？","• \mathrm{N}\equiv\mathrm{N} 叁键是已知最强的化学键之一（945\mathrm{kJ}\cdot\mathrm{mol}^{-1}），导致 \mathrm{N}_2 化学惰性
• 合成氨是涉及化学、化工、电子、机械、冶金等多种行业的综合工业
• \mathrm{NH}_3 产量的约 90\% 用于制化肥；另一个重要用途是制硝酸
• 王水溶解 Au/Pt 的原理：氧化性（\mathrm{HNO}_3）+ 络合性（\mathrm{HCl} 提供 \mathrm{Cl}^- 配体）
• \mathrm{Cu} 和稀 \mathrm{HNO}_3 产生 \mathrm{NO}，和浓 \mathrm{HNO}_3 产生 \mathrm{NO}_2（但实际浓稀无严格界线）
• VA 族自上而下：N(非金属) \to P(非金属) \to As(半金属) \to Sb(金属) \to Bi(金属)","无机和结构化学 元素化学 氮族元素 rc_30d 化竞 主族","Chem::Core","[[氮族元素]]","30d","总结卡",""
"汞 的关键结论有哪些？","• Hg 是唯一室温液态金属，蒸气压大，需密闭或水封保存
• \mathrm{Hg}_2^{2+}（亚汞离子）含 Hg—Hg 共价键，不是简单的 \mathrm{Hg}^{+}
• Hg 的毒性大，需小心防护（汞中毒危害人体健康）
• IIB 族金属从上到下活泼性递减，Hg 仅与 \mathrm{HNO}_3 反应
• \mathrm{HgS} 是极难溶的硫化物（K_{sp} 极小）","无机和结构化学 元素化学 汞 rc_30d 化竞 过渡金属","Chem::Core","[[汞]]","30d","总结卡",""
"什么是混合价态？","混合价态化合物（mixed-valence compounds）是指同一种元素在同一化合物中以两种或两种以上不同氧化态存在的化合物。这类化合物在无机化学中相当常见，尤其出现在过渡金属和p区重元素的氧化物中。","无机和结构化学 元素化学 混合价态 rc_30d 化竞","Chem::Core","[[混合价态]]","30d","概念卡","关键结论：
• Pb₃O₄的真实结构：不是简单的PbO·PbO₂混合物，而是铅酸盐型结构，含Pb(II)和Pb(IV)的配位环境不同• Fe₃O₄的导电性：Fe(II)和Fe(III)之间的快速电子交换使Fe₃O₄具有良好导电性（反尖晶石结构）• 惰性电子对效应与混合价态：Pb、Bi等重p区元素的ns²电子不易参与成键，导致低氧化态稳定，高氧化态具强氧化性• 混合价态与颜色：不同氧化态之间的电荷转移跃迁常使混合价态化合物呈现深颜色"
"混合价态 的关键结论有哪些？","• Pb₃O₄的真实结构：不是简单的PbO·PbO₂混合物，而是铅酸盐型结构，含Pb(II)和Pb(IV)的配位环境不同• Fe₃O₄的导电性：Fe(II)和Fe(III)之间的快速电子交换使Fe₃O₄具有良好导电性（反尖晶石结构）• 惰性电子对效应与混合价态：Pb、Bi等重p区元素的ns²电子不易参与成键，导致低氧化态稳定，高氧化态具强氧化性• 混合价态与颜色：不同氧化态之间的电荷转移跃迁常使混合价态化合物呈现深颜色","无机和结构化学 元素化学 混合价态 rc_30d 化竞","Chem::Core","[[混合价态]]","30d","总结卡","混合价态化合物（mixed-valence compounds）是指同一种元素在同一化合物中以两种或两种以上不同氧化态存在的化合物。这类化合物在无机化学中相当常见，尤其出现在过渡金属和p区重元素的氧化物中。"
"混合价态 有哪些常见易错点？","• 计算混合价态化合物中各氧化态比例时，注意电荷平衡• Pb₃O₄与酸反应时，Pb(IV)常以PbO₂形式析出，不要误写成Pb⁴⁺溶液• 不要把所有含多种氧化态的物质都叫混合价态化合物（如KMnO₄中只有Mn(VII)）","无机和结构化学 元素化学 混合价态 rc_30d 化竞","Chem::Core","[[混合价态]]","30d","易错点卡","混合价态化合物（mixed-valence compounds）是指同一种元素在同一化合物中以两种或两种以上不同氧化态存在的化合物。这类化合物在无机化学中相当常见，尤其出现在过渡金属和p区重元素的氧化物中。"
"什么是溶剂极性？","溶剂极性（Solvent Polarity）：衡量溶剂分子对极性溶质或带电物种的""亲和力""。常用几个量化指标：","无机和结构化学 分子间作用力 溶剂极性 rc_30d 化竞 溶剂 极性 介电常数","Chem::Core","[[溶剂极性]]","30d","概念卡","关键结论：
常见溶剂极性指标
 |  溶剂  |  \mu / D  |  \varepsilon  |  E_T(30) / kcal·mol⁻¹  |  类型  | 
 | --- | :---: | :---: | :---: | --- | 
 |  水  |  1.85  |  80  |  63.1  |  极性质子性  | 
 |  甲醇  |  1.70  |  33  |  55.5  |  极性质子性  | 
 |  乙醇  |  1.69  |  25  |  51.9  |  极性质子性  | 
 |  异丙醇  |  1.66  |  18  |  48.4  |  极性质子性  | 
 |  乙酸  |  1.74  |  6.2  |  51.2  |  极性质子性  | 
 |  DMF  |  3.86  |  38  |  43.8  |  极性非质子性  | 
 |  DMSO  |  3.96  |  47  |  45.1  |  极性非质子性  | 
 |  乙腈  |  3.92  |  36  |  45.6  |  极性非质子性  | 
 |  丙酮  |  2.88  |  21  |  42.2  |  极性非质子性  | 
 |  四氢呋喃 (THF)  |  1.75  |  7.6  |  37.4  |  弱极性非质子性  | 
 |  二氯甲烷  |  1.60  |  8.9  |  40.7  |  弱极性  | 
 |  氯仿  |  1.04  |  4.8  |  39.1  |  弱极性  | 
 |  乙醚  |  1.15  |  4.3  |  34.5  |  非极性  | 
 |  甲苯  |  0.36  |  2.4  |  33.9  |  非极性  | 
 |  苯  |  0  |  2.3  |  34.3  |  非极性  | 
 |  正己烷  |  0  |  1.9  |  31.0  |  非极性  | 

介电常数与离子化能力
 |  \varepsilon 范围  |  溶剂能力  |  实例  | 
 | --- | --- | --- | 
 |  > 40  |  强电离溶剂  |  水、HCOOH  | 
 |  25-40  |  中度电离  |  乙醇、丙酮  | 
 |  10-25  |  部分电离  |  苯酚、乙酸  | 
 |  < 10  |  几乎不电离  |  烃、醚  | 

在 \varepsilon < 10 的溶剂中，离子化合物难溶。

极性按""质子性""细分
 |  极性  |  质子性  |  非质子性  | 
 | --- | --- | --- | 
 |  高 (μ > 3 D)  |  水、甲醇、乙酸  |  DMF、DMSO、乙腈  | 
 |  中 (μ ≈ 2 D)  |  异丙醇  |  丙酮、THF  | 
 |  低 (μ < 2 D)  |  苯酚  |  乙醚、二氯甲烷  | 
 |  极低  |  —  |  苯、己烷  | 

影响溶剂极性的因素• 永久偶极矩 \mu：分子电荷分布不对称程度• 极化率 \alpha：分子电子云的可变形程度• 氢键能力：能给 / 接 H 键的官能团（OH, NH）• 结构刚性：旋转自由度高的偶极平均"
"溶剂极性 的关键结论有哪些？","常见溶剂极性指标
 |  溶剂  |  \mu / D  |  \varepsilon  |  E_T(30) / kcal·mol⁻¹  |  类型  | 
 | --- | :---: | :---: | :---: | --- | 
 |  水  |  1.85  |  80  |  63.1  |  极性质子性  | 
 |  甲醇  |  1.70  |  33  |  55.5  |  极性质子性  | 
 |  乙醇  |  1.69  |  25  |  51.9  |  极性质子性  | 
 |  异丙醇  |  1.66  |  18  |  48.4  |  极性质子性  | 
 |  乙酸  |  1.74  |  6.2  |  51.2  |  极性质子性  | 
 |  DMF  |  3.86  |  38  |  43.8  |  极性非质子性  | 
 |  DMSO  |  3.96  |  47  |  45.1  |  极性非质子性  | 
 |  乙腈  |  3.92  |  36  |  45.6  |  极性非质子性  | 
 |  丙酮  |  2.88  |  21  |  42.2  |  极性非质子性  | 
 |  四氢呋喃 (THF)  |  1.75  |  7.6  |  37.4  |  弱极性非质子性  | 
 |  二氯甲烷  |  1.60  |  8.9  |  40.7  |  弱极性  | 
 |  氯仿  |  1.04  |  4.8  |  39.1  |  弱极性  | 
 |  乙醚  |  1.15  |  4.3  |  34.5  |  非极性  | 
 |  甲苯  |  0.36  |  2.4  |  33.9  |  非极性  | 
 |  苯  |  0  |  2.3  |  34.3  |  非极性  | 
 |  正己烷  |  0  |  1.9  |  31.0  |  非极性  | 

介电常数与离子化能力
 |  \varepsilon 范围  |  溶剂能力  |  实例  | 
 | --- | --- | --- | 
 |  > 40  |  强电离溶剂  |  水、HCOOH  | 
 |  25-40  |  中度电离  |  乙醇、丙酮  | 
 |  10-25  |  部分电离  |  苯酚、乙酸  | 
 |  < 10  |  几乎不电离  |  烃、醚  | 

在 \varepsilon < 10 的溶剂中，离子化合物难溶。

极性按""质子性""细分
 |  极性  |  质子性  |  非质子性  | 
 | --- | --- | --- | 
 |  高 (μ > 3 D)  |  水、甲醇、乙酸  |  DMF、DMSO、乙腈  | 
 |  中 (μ ≈ 2 D)  |  异丙醇  |  丙酮、THF  | 
 |  低 (μ < 2 D)  |  苯酚  |  乙醚、二氯甲烷  | 
 |  极低  |  —  |  苯、己烷  | 

影响溶剂极性的因素• 永久偶极矩 \mu：分子电荷分布不对称程度• 极化率 \alpha：分子电子云的可变形程度• 氢键能力：能给 / 接 H 键的官能团（OH, NH）• 结构刚性：旋转自由度高的偶极平均","无机和结构化学 分子间作用力 溶剂极性 rc_30d 化竞 溶剂 极性 介电常数","Chem::Core","[[溶剂极性]]","30d","总结卡","溶剂极性（Solvent Polarity）：衡量溶剂分子对极性溶质或带电物种的""亲和力""。常用几个量化指标："
"溶剂极性 有哪些常见易错点？","• ❌ 错：极性大就一定好溶——还看溶质极性匹配（""相似相溶""）• ❌ 错：\mu 大 → \varepsilon 一定大——不完全；\varepsilon 还含极化率• ❌ 错：DMSO 是非极性——DMSO 极性很强（\varepsilon = 47, \mu = 3.96 D）• ❌ 错：苯有极性——苯偶极矩为 0，但有 π 极化贡献，弱极性• ❌ 错：温度不影响溶剂极性——\varepsilon 随 T 下降（如水 25°C: 80; 100°C: 55）","无机和结构化学 分子间作用力 溶剂极性 rc_30d 化竞 溶剂 极性 介电常数","Chem::Core","[[溶剂极性]]","30d","易错点卡","溶剂极性（Solvent Polarity）：衡量溶剂分子对极性溶质或带电物种的""亲和力""。常用几个量化指标："
"什么是溶剂类型？","溶剂类型（Solvent Types）：按溶剂分子的结构、极性和氢键能力对溶剂进行的分类，是选择合适反应介质的依据。","无机和结构化学 分子间作用力 溶剂类型 rc_30d 化竞 溶剂 分类 质子性 非极性","Chem::Core","[[溶剂类型]]","30d","概念卡","关键结论：
极性质子性溶剂的特点• 对阴离子有强溶剂化：H 键包裹 → 阴离子稳定但活性下降• 对阳离子有溶剂化：偶极静电• 用于：SN1、E1、酸碱反应、电化学• 实例：水、甲醇、乙醇、乙酸、HF

极性非质子性溶剂的特点• 对阴离子弱溶剂化：无 H 键能力 → 阴离子""裸露""，活性高• 对阳离子有溶剂化（高介电）• 用于：SN2、E2、有机金属反应、亲核加成• 实例：DMF, DMSO, MeCN, 丙酮, HMPA

非极性溶剂的特点• 几乎不溶剂化离子 → 离子化合物不溶• 适合：非极性溶质，Diels-Alder 反应• 实例：苯、甲苯、己烷、CCl₄、乙醚

""经验法则""汇总
 |  溶质类型  |  推荐溶剂类型  | 
 | --- | --- | 
 |  离子化合物  |  极性质子性（水, 醇） | 
 |  阴离子反应试剂（CN⁻, NaH 等）  |  极性非质子性（DMF, DMSO） | 
 |  自由基反应  |  非极性（苯, CCl₄） | 
 |  Grignard 试剂  |  醚类（Et₂O, THF） | 
 |  有机合成（一般）  |  多用极性非质子性（DMF, MeCN） | 
 |  萃取分离  |  用相反极性（""相反相分离""） |"
"溶剂类型 的关键结论有哪些？","极性质子性溶剂的特点• 对阴离子有强溶剂化：H 键包裹 → 阴离子稳定但活性下降• 对阳离子有溶剂化：偶极静电• 用于：SN1、E1、酸碱反应、电化学• 实例：水、甲醇、乙醇、乙酸、HF

极性非质子性溶剂的特点• 对阴离子弱溶剂化：无 H 键能力 → 阴离子""裸露""，活性高• 对阳离子有溶剂化（高介电）• 用于：SN2、E2、有机金属反应、亲核加成• 实例：DMF, DMSO, MeCN, 丙酮, HMPA

非极性溶剂的特点• 几乎不溶剂化离子 → 离子化合物不溶• 适合：非极性溶质，Diels-Alder 反应• 实例：苯、甲苯、己烷、CCl₄、乙醚

""经验法则""汇总
 |  溶质类型  |  推荐溶剂类型  | 
 | --- | --- | 
 |  离子化合物  |  极性质子性（水, 醇） | 
 |  阴离子反应试剂（CN⁻, NaH 等）  |  极性非质子性（DMF, DMSO） | 
 |  自由基反应  |  非极性（苯, CCl₄） | 
 |  Grignard 试剂  |  醚类（Et₂O, THF） | 
 |  有机合成（一般）  |  多用极性非质子性（DMF, MeCN） | 
 |  萃取分离  |  用相反极性（""相反相分离""） |","无机和结构化学 分子间作用力 溶剂类型 rc_30d 化竞 溶剂 分类 质子性 非极性","Chem::Core","[[溶剂类型]]","30d","总结卡","溶剂类型（Solvent Types）：按溶剂分子的结构、极性和氢键能力对溶剂进行的分类，是选择合适反应介质的依据。"
"溶剂类型 有哪些常见易错点？","• ❌ 错：所有极性溶剂都是质子性——DMSO/DMF/MeCN 都是极性非质子性• ❌ 错：非极性溶剂都没用——非极性是 Diels-Alder/萃取的重要选择• ❌ 错：乙醚是极性溶剂——乙醚 \varepsilon = 4.3，非极性或极弱极性• ❌ 错：CHCl₃ 是非极性——\mu = 1.04 D, \varepsilon = 4.8，弱极性非质子性• ❌ 错：质子性 = 酸性——质子性指能给 H 键，未必酸性强（如水）","无机和结构化学 分子间作用力 溶剂类型 rc_30d 化竞 溶剂 分类 质子性 非极性","Chem::Core","[[溶剂类型]]","30d","易错点卡","溶剂类型（Solvent Types）：按溶剂分子的结构、极性和氢键能力对溶剂进行的分类，是选择合适反应介质的依据。"
"什么是点群初步？","点群（Point Group）：分子中所有对称操作的集合，这些操作至少保持一个点不动。点群是描述分子对称性的数学工具。","无机和结构化学 对称性 点群初步 rc_30d 化竞 点群","Chem::Core","[[点群初步]]","30d","概念卡",""
"什么是点阵类型？","|  晶系  |  Bravais 格子  |  英文  | 
 | ------ | :---: | ------ | 
 |  立方  |  P, I, F  |  cubic P/I/F  | 
 |  四方  |  P, I  |  tetragonal P/I  | 
 |  正交  |  P, I, F, C  |  orthorhombic P/I/F/C  | 
 |  六方  |  P  |  hexagonal P  | 
 |  三方  |  R  |  rhombohedral  | 
 |  单斜  |  P, C  |  monoclinic P/C  | 
 |  三斜  |  P  |  triclinic P  |","无机和结构化学 晶体结构 点阵类型 rc_30d 化竞","Chem::Core","[[点阵类型]]","30d","概念卡","关键结论：
• 并不是 7 种晶系各有 4 种（P/I/F/C）——每种晶系因对称性约束不同，允许的点阵型式数量不同
• 立方晶系无 C（底心）型式——底心立方会破坏 4 个三重轴的对称性
• 三方晶系情况略复杂：R 心三方可取菱面体格子（a=b=c, \alpha=\beta=\gamma\neq90^\circ），也可取 R 心六方
• 体心四方（I）和简单四方（P）可互相转换（取不同的 a）"
"点阵类型 的关键结论有哪些？","• 并不是 7 种晶系各有 4 种（P/I/F/C）——每种晶系因对称性约束不同，允许的点阵型式数量不同
• 立方晶系无 C（底心）型式——底心立方会破坏 4 个三重轴的对称性
• 三方晶系情况略复杂：R 心三方可取菱面体格子（a=b=c, \alpha=\beta=\gamma\neq90^\circ），也可取 R 心六方
• 体心四方（I）和简单四方（P）可互相转换（取不同的 a）","无机和结构化学 晶体结构 点阵类型 rc_30d 化竞","Chem::Core","[[点阵类型]]","30d","总结卡","|  晶系  |  Bravais 格子  |  英文  | 
 | ------ | :---: | ------ | 
 |  立方  |  P, I, F  |  cubic P/I/F  | 
 |  四方  |  P, I  |  tetragonal P/I  | 
 |  正交  |  P, I, F, C  |  orthorhombic P/I/F/C  | 
 |  六方  |  P  |  hexagonal P  | 
 |  三方  |  R  |  rhombohedral  | 
 |  单斜  |  P, C  |  monoclinic P/C  | 
 |  三斜  |  P  |  triclinic P  |"
"点阵类型 有哪些常见易错点？","• [待补充]","无机和结构化学 晶体结构 点阵类型 rc_30d 化竞","Chem::Core","[[点阵类型]]","30d","易错点卡","|  晶系  |  Bravais 格子  |  英文  | 
 | ------ | :---: | ------ | 
 |  立方  |  P, I, F  |  cubic P/I/F  | 
 |  四方  |  P, I  |  tetragonal P/I  | 
 |  正交  |  P, I, F, C  |  orthorhombic P/I/F/C  | 
 |  六方  |  P  |  hexagonal P  | 
 |  三方  |  R  |  rhombohedral  | 
 |  单斜  |  P, C  |  monoclinic P/C  | 
 |  三斜  |  P  |  triclinic P  |"
"什么是焰色反应？","焰色反应（flame test）是指某些金属或其化合物在无色火焰中灼烧时，使火焰呈现特殊颜色的现象。焰色反应是原子发射光谱的宏观表现，属于物理变化（电子跃迁），而非化学变化。","无机和结构化学 元素化学 焰色反应 rc_30d 化竞 定性分析 原子光谱","Chem::Core","[[焰色反应]]","30d","概念卡","关键结论：
• 焰色反应是原子性质：只有游离态原子才能产生特征焰色，分子态不产特征焰色• 碱金属和碱土金属焰色最明显：ns¹和ns²电子结构简单，能级差对应可见光区• 钠的干扰：钠的黄色焰色灵敏度极高，是最常见的干扰源• 铜的焰色受卤素影响：CuCl₂呈蓝绿色，CuBr₂呈蓝色，与CuX₂的挥发性有关"
"焰色反应 的关键结论有哪些？","• 焰色反应是原子性质：只有游离态原子才能产生特征焰色，分子态不产特征焰色• 碱金属和碱土金属焰色最明显：ns¹和ns²电子结构简单，能级差对应可见光区• 钠的干扰：钠的黄色焰色灵敏度极高，是最常见的干扰源• 铜的焰色受卤素影响：CuCl₂呈蓝绿色，CuBr₂呈蓝色，与CuX₂的挥发性有关","无机和结构化学 元素化学 焰色反应 rc_30d 化竞 定性分析 原子光谱","Chem::Core","[[焰色反应]]","30d","总结卡","焰色反应（flame test）是指某些金属或其化合物在无色火焰中灼烧时，使火焰呈现特殊颜色的现象。焰色反应是原子发射光谱的宏观表现，属于物理变化（电子跃迁），而非化学变化。"
"焰色反应 有哪些常见易错点？","• 焰色反应是物理变化，不是化学变化• 观察钾的焰色必须用钴玻璃，否则易被钠的黄色掩盖• 铂丝需用HCl清洗，不是H₂SO₄或HNO₃• 焰色反应的颜色与离子在溶液中的颜色无关","无机和结构化学 元素化学 焰色反应 rc_30d 化竞 定性分析 原子光谱","Chem::Core","[[焰色反应]]","30d","易错点卡","焰色反应（flame test）是指某些金属或其化合物在无色火焰中灼烧时，使火焰呈现特殊颜色的现象。焰色反应是原子发射光谱的宏观表现，属于物理变化（电子跃迁），而非化学变化。"
"什么是环戊二烯配合物？","环戊二烯配合物（Cyclopentadienyl Complex） 是指含有环戊二烯基（C_5H_5^-，简称Cp）或其衍生物作为配体的金属有机化合物。当金属原子夹在两个平面碳环之间时，这类化合物被称为金属茂（metallocene） 或夹心化合物（sandwich compound）。","无机和结构化学 配位化学 金属有机化学 环戊二烯配合物 rc_30d 化竞 环戊二烯","Chem::Core","[[环戊二烯配合物]]","30d","概念卡","关键结论：
• \eta^5-Cp是6电子给予体（离子法），配位的Cp保持芳香性• 二茂铁是18电子物种中最稳定的，偏离18电子规则导致稳定性下降• *Cp通过电子效应和空间效应稳定金属中心• 前线轨道a_1'的非键特性**使二茂铁容易被氧化/还原而不破坏M—C键"
"环戊二烯配合物 的关键结论有哪些？","• \eta^5-Cp是6电子给予体（离子法），配位的Cp保持芳香性• 二茂铁是18电子物种中最稳定的，偏离18电子规则导致稳定性下降• *Cp通过电子效应和空间效应稳定金属中心• 前线轨道a_1'的非键特性**使二茂铁容易被氧化/还原而不破坏M—C键","无机和结构化学 配位化学 金属有机化学 环戊二烯配合物 rc_30d 化竞 环戊二烯","Chem::Core","[[环戊二烯配合物]]","30d","总结卡","环戊二烯配合物（Cyclopentadienyl Complex） 是指含有环戊二烯基（C_5H_5^-，简称Cp）或其衍生物作为配体的金属有机化合物。当金属原子夹在两个平面碳环之间时，这类化合物被称为金属茂（metallocene） 或夹心化合物（sandwich compound）。"
"环戊二烯配合物 有哪些常见易错点？","• Cp电子计数混淆：\eta^5-Cp在中性配体法中贡献5e，在离子法中贡献6e（作为Cp^-）。学生常混淆两种计数方法。• 二茂铁的氧化态：二茂铁中Fe为+2氧化态（离子法）或0氧化态（中性法），两种方法等价但不可混用。• 瞬变性与真实结构：室温NMR显示均化信号不代表配体真的是高齿合度，可能是快速迁移的结果。需要低温NMR或X射线衍射确认。• 弯曲夹心化合物的电子计数：不能简单套用平行夹心化合物的规则，需要考虑额外配体的贡献。","无机和结构化学 配位化学 金属有机化学 环戊二烯配合物 rc_30d 化竞 环戊二烯","Chem::Core","[[环戊二烯配合物]]","30d","易错点卡","环戊二烯配合物（Cyclopentadienyl Complex） 是指含有环戊二烯基（C_5H_5^-，简称Cp）或其衍生物作为配体的金属有机化合物。当金属原子夹在两个平面碳环之间时，这类化合物被称为金属茂（metallocene） 或夹心化合物（sandwich compound）。"
"什么是电解冶金？","电解冶金（electrometallurgy）是指利用电解原理从矿石或化合物中提取金属，或提纯粗金属的工业过程。电解冶金是现代冶金工业的核心技术之一，特别适用于活泼金属（如Al、Na、Mg）的提取和贵金属（如Cu、Ag、Au）的精炼。","无机和结构化学 元素化学 电解冶金 rc_30d 化竞 电化学 工业化学","Chem::Core","[[电解冶金]]","30d","概念卡","关键结论：
• 电解提取适用于：• 极活泼金属（Al、Na、Mg、Ca）——无法用热还原• 高纯度金属需求——电解精炼可得99.99%以上纯度• 能耗问题：电解冶金是高能耗过程，铝电解占全球发电量约3-4%• 助熔剂作用：降低熔点、提高导电性、降低粘度• 阳极材料选择：• 惰性阳极（石墨、Pt）：不参与反应• 活性阳极（粗金属）：参与反应（电解精炼）• 消耗性阳极（碳）：参与反应（铝电解）"
"电解冶金 的关键结论有哪些？","• 电解提取适用于：• 极活泼金属（Al、Na、Mg、Ca）——无法用热还原• 高纯度金属需求——电解精炼可得99.99%以上纯度• 能耗问题：电解冶金是高能耗过程，铝电解占全球发电量约3-4%• 助熔剂作用：降低熔点、提高导电性、降低粘度• 阳极材料选择：• 惰性阳极（石墨、Pt）：不参与反应• 活性阳极（粗金属）：参与反应（电解精炼）• 消耗性阳极（碳）：参与反应（铝电解）","无机和结构化学 元素化学 电解冶金 rc_30d 化竞 电化学 工业化学","Chem::Core","[[电解冶金]]","30d","总结卡","电解冶金（electrometallurgy）是指利用电解原理从矿石或化合物中提取金属，或提纯粗金属的工业过程。电解冶金是现代冶金工业的核心技术之一，特别适用于活泼金属（如Al、Na、Mg）的提取和贵金属（如Cu、Ag、Au）的精炼。"
"电解冶金 有哪些常见易错点？","• 霍尔法中阳极反应是O²⁻氧化并消耗碳，不是简单的Cl⁻氧化• 电解精炼的阳极是活性电极（粗金属溶解），不是惰性电极• 计算电量时注意金属的化合价（Al是3价，不是1价）• 助熔剂（如冰晶石）不参与电极反应，只降低熔点","无机和结构化学 元素化学 电解冶金 rc_30d 化竞 电化学 工业化学","Chem::Core","[[电解冶金]]","30d","易错点卡","电解冶金（electrometallurgy）是指利用电解原理从矿石或化合物中提取金属，或提纯粗金属的工业过程。电解冶金是现代冶金工业的核心技术之一，特别适用于活泼金属（如Al、Na、Mg）的提取和贵金属（如Cu、Ag、Au）的精炼。"
"什么是相对论效应？","相对论效应（relativistic effects）是指由于重原子中原子核的强库仑场使内层电子以接近光速运动，电子的相对论质量增加，从而引起原子轨道能量、形状和空间分布发生变化的现象。这些变化进而影响外层电子的结构和元素的化学性质。","无机和结构化学 结构化学 相对论效应 rc_30d 化竞 原子结构 重元素","Chem::Core","[[相对论效应]]","30d","概念卡","关键结论：
4.1 相对论效应与周期律异常

第六周期元素（Cs–Rn）的许多性质不能用简单的周期律外推解释，必须考虑相对论效应：

 |  性质  |  非相对论预期  |  实际结果  |  原因  | 
 | :--- | :--- | :--- | :--- | 
 |  Hg 的熔点  |  应高于 Cd  |  远低于 Cd  |  6s 收缩 + d¹⁰ + 镧系收缩  | 
 |  Au 的电负性  |  应低于 Ag  |  高于 Ag  |  6s 收缩  | 
 |  Tl 的常见氧化态  |  应为 +3  |  主要为 +1  |  6s² 稳定化  | 
 |  Pb 的稳定性  |  Pb(IV) 应更稳定  |  Pb(II) 更稳定  |  6s² 稳定化  | 
 |  5d vs 4d 高氧化态  |  4d 更稳定  |  5d 更稳定  |  5d 去稳定化  | 

4.2 镧系收缩中的相对论贡献

镧系收缩传统上归因于 4f 电子屏蔽不完全导致 $"
"相对论效应 的关键结论有哪些？","4.1 相对论效应与周期律异常

第六周期元素（Cs–Rn）的许多性质不能用简单的周期律外推解释，必须考虑相对论效应：

 |  性质  |  非相对论预期  |  实际结果  |  原因  | 
 | :--- | :--- | :--- | :--- | 
 |  Hg 的熔点  |  应高于 Cd  |  远低于 Cd  |  6s 收缩 + d¹⁰ + 镧系收缩  | 
 |  Au 的电负性  |  应低于 Ag  |  高于 Ag  |  6s 收缩  | 
 |  Tl 的常见氧化态  |  应为 +3  |  主要为 +1  |  6s² 稳定化  | 
 |  Pb 的稳定性  |  Pb(IV) 应更稳定  |  Pb(II) 更稳定  |  6s² 稳定化  | 
 |  5d vs 4d 高氧化态  |  4d 更稳定  |  5d 更稳定  |  5d 去稳定化  | 

4.2 镧系收缩中的相对论贡献

镧系收缩传统上归因于 4f 电子屏蔽不完全导致 $","无机和结构化学 结构化学 相对论效应 rc_30d 化竞 原子结构 重元素","Chem::Core","[[相对论效应]]","30d","总结卡","相对论效应（relativistic effects）是指由于重原子中原子核的强库仑场使内层电子以接近光速运动，电子的相对论质量增加，从而引起原子轨道能量、形状和空间分布发生变化的现象。这些变化进而影响外层电子的结构和元素的化学性质。"
"相对论效应 有哪些常见易错点？","• 混淆 d-d 跃迁和带间跃迁：金的颜色来自 5d→6s 带间跃迁，不是配位场中的 d-d 跃迁• 忽略间接效应：只记得 s/p 收缩，忘记 d/f 会因此膨胀• 将镧系收缩完全归因于屏蔽：忽略相对论效应的贡献• 认为惰性电子对效应是纯经典效应：现代理论认为相对论效应是主要物理根源","无机和结构化学 结构化学 相对论效应 rc_30d 化竞 原子结构 重元素","Chem::Core","[[相对论效应]]","30d","易错点卡","相对论效应（relativistic effects）是指由于重原子中原子核的强库仑场使内层电子以接近光速运动，电子的相对论质量增加，从而引起原子轨道能量、形状和空间分布发生变化的现象。这些变化进而影响外层电子的结构和元素的化学性质。"
"石墨结构 的关键结论有哪些？","混合键型晶体（§13.5.1，图 13.16）
石墨是典型的混合键型晶体，含有三种类型的相互作用：• 层内 C—C：sp² 杂化 \sigma 键，键长 142\,\mathrm{pm}（比金刚石的 154 pm 还短，因 \pi 键强化）• 层内 \pi 键：各 C 的 p 轨道垂直于平面，相互重叠组成离域大 \pi 键，\pi 电子可在整层自由活动 → 类金属导电性• 层间：范德华力，C 原子间距 340\,\mathrm{pm}（远大于层内 142 pm）→ 层间易滑动，具有润滑性

性质• 导电性（沿层面）：\pi 电子自由移动，是优良电极材料• 润滑性：层间范德华力弱，工业上用做固体润滑剂• C—C 键比金刚石更强（键长更短）","无机和结构化学 晶体结构 石墨结构 rc_30d 化竞 典型结构","Chem::Core","[[石墨结构]]","30d","总结卡",""
"什么是砷？","• 砷（As）是第 4 周期 VA 族元素（氮族），原子序数 33• 常见氧化数：-3（砷化氢）、+3（亚砷酸/砒霜）、+5（砷酸/砷酸盐）• 自然界中主要以硫化物矿物形式存在","无机和结构化学 元素化学 砷 rc_30d","Chem::Core","[[砷]]","30d","概念卡","关键结论：
• 雄黄（\mathrm{As_4S_4}）中 As 为 +2 价，可与 \mathrm{O_2} 氧化为 +5• \mathrm{As_2O_3}（砒霜）是两性氧化物，以弱酸性为主，剧毒但微量药用• 砷铜合金：含 As 约 5% 时呈金黄色（""伪金""来源之一）• VA 族酸碱性递变：N、P 氧化物为酸性，As 和 Sb 的氧化物为两性，Bi 的氧化物为碱性• \mathrm{As_2O_3} 在室温以二聚体 \mathrm{As_4O_6} 存在，高温解离为 \mathrm{As_2O_3}"
"砷 的关键结论有哪些？","• 雄黄（\mathrm{As_4S_4}）中 As 为 +2 价，可与 \mathrm{O_2} 氧化为 +5• \mathrm{As_2O_3}（砒霜）是两性氧化物，以弱酸性为主，剧毒但微量药用• 砷铜合金：含 As 约 5% 时呈金黄色（""伪金""来源之一）• VA 族酸碱性递变：N、P 氧化物为酸性，As 和 Sb 的氧化物为两性，Bi 的氧化物为碱性• \mathrm{As_2O_3} 在室温以二聚体 \mathrm{As_4O_6} 存在，高温解离为 \mathrm{As_2O_3}","无机和结构化学 元素化学 砷 rc_30d","Chem::Core","[[砷]]","30d","总结卡","• 砷（As）是第 4 周期 VA 族元素（氮族），原子序数 33• 常见氧化数：-3（砷化氢）、+3（亚砷酸/砒霜）、+5（砷酸/砷酸盐）• 自然界中主要以硫化物矿物形式存在"
"砷 有哪些常见易错点？","• \mathrm{As_4S_4} 写成 \mathrm{AsS}（分子式错误）• 混淆雄黄（\mathrm{As_4S_4}）和雌黄（\mathrm{As_2S_3}）• 砷的氧化数判断：\mathrm{As_4S_4} 中 As 为 +2（不是 +3 或 +4）","无机和结构化学 元素化学 砷 rc_30d","Chem::Core","[[砷]]","30d","易错点卡","• 砷（As）是第 4 周期 VA 族元素（氮族），原子序数 33• 常见氧化数：-3（砷化氢）、+3（亚砷酸/砒霜）、+5（砷酸/砷酸盐）• 自然界中主要以硫化物矿物形式存在"
"什么是硅？","• 地壳中含量第二的元素（26.3%，仅次于 O）• 自然界以 SiO₂ 和硅酸盐形式存在• 结构与碳的本质不同：Si 不会形成 sp²/sp π 键（d 轨道可用但 pπ-pπ 弱）→ 没有""硅苯""类似物","无机和结构化学 元素化学 硅 rc_30d 化竞 主族","Chem::Core","[[硅]]","30d","概念卡","关键结论：
• 硅酸盐共性：水中溶解度小、耐高温、耐腐蚀、非导体• Si—O 键 (368\mathrm{kJ}\cdot\mathrm{mol}^{-1}) 是最强的硅键，决定了硅化学以硅氧骨干为特征• 硅不能像碳那样形成 \mathrm{sp}^2/\mathrm{sp} 多重键（p\pi-p\pi 键弱），因此没有""硅苯""类似物• \mathrm{SiO}_2 是酸性氧化物，可溶于碱和 HF• 硅是重要的半导体材料，""硅谷""得名于此"
"硅 的关键结论有哪些？","• 硅酸盐共性：水中溶解度小、耐高温、耐腐蚀、非导体• Si—O 键 (368\mathrm{kJ}\cdot\mathrm{mol}^{-1}) 是最强的硅键，决定了硅化学以硅氧骨干为特征• 硅不能像碳那样形成 \mathrm{sp}^2/\mathrm{sp} 多重键（p\pi-p\pi 键弱），因此没有""硅苯""类似物• \mathrm{SiO}_2 是酸性氧化物，可溶于碱和 HF• 硅是重要的半导体材料，""硅谷""得名于此","无机和结构化学 元素化学 硅 rc_30d 化竞 主族","Chem::Core","[[硅]]","30d","总结卡","• 地壳中含量第二的元素（26.3%，仅次于 O）• 自然界以 SiO₂ 和硅酸盐形式存在• 结构与碳的本质不同：Si 不会形成 sp²/sp π 键（d 轨道可用但 pπ-pπ 弱）→ 没有""硅苯""类似物"
"硅 有哪些常见易错点？","• [待补充]","无机和结构化学 元素化学 硅 rc_30d 化竞 主族","Chem::Core","[[硅]]","30d","易错点卡","• 地壳中含量第二的元素（26.3%，仅次于 O）• 自然界以 SiO₂ 和硅酸盐形式存在• 结构与碳的本质不同：Si 不会形成 sp²/sp π 键（d 轨道可用但 pπ-pπ 弱）→ 没有""硅苯""类似物"
"什么是硅基保护基？","硅基保护基（R₃Si–）：一类用于保护羟基（-OH）的有机硅试剂，将易反应的醇通过 Si–O 键转化为相对惰性的硅醚 R'-O-SiR₃，使后续合成步骤可以无视 -OH 的存在。完成关键步骤后，通过水解或氟离子脱保护恢复 -OH。","无机和结构化学 主族元素化学 硅基保护基 rc_30d 化竞 主族化学 保护基 硅化学 SN2-Si机理","Chem::Core","[[硅基保护基]]","30d","概念卡","关键结论：
4.1 硅基保护基的两大特点
• 保护：通过 Si 的亲氧性把 -OH 转换为惰性的 -OSiR₃
• 脱保护：水解（酸催化）或氟解（F⁻ 介导）——其中氟解高度选择性（不影响其他官能团）

4.2 与其他保护基的对比
 |  保护基  |  引入  |  脱去  |  优势  | 
 | --- | --- | --- | --- | 
 |  R₃Si-（硅醚）  |  R₃SiCl + 碱  |  H⁺/F⁻  |  选择性脱去  | 
 |  THP（四氢吡喃醚）  |  DHP + 酸  |  酸  |  价廉，但有手性中心  | 
 |  乙酰基（Ac）  |  Ac₂O + 碱  |  OH⁻  |  极廉，但碱敏感  | 
 |  苄基（Bn）  |  BnBr + 碱  |  H₂/Pd  |  中性条件脱保护  | 

4.3 选择性保护
• 大位阻硅基（TIPS、TBDPS）：偏好保护一级 OH，对二级、三级 OH 反应迟缓
• 小位阻硅基（TMS）：保护任何 OH，但稳定性差
• 实际策略：将一级 OH 用 TBDPS 保护，二级 OH 用 TBS 保护——正交保护

4.4 为什么 Si 行而 C 不行？
• C–O 醚键不可水解、不可氟解（在常温下是惰性的，需要强酸/碱）
• *Si 拥有 d 轨道贡献的σ\ 反键，使其能形成五配位过渡态/中间体
• Si 的电正性**让 Si 容易与 F⁻、OH⁻ 等亲核体配位
• 这使 Si 醚的""可逆性""远高于 C 醚，是其作为保护基的基础"
"硅基保护基 的关键结论有哪些？","4.1 硅基保护基的两大特点
• 保护：通过 Si 的亲氧性把 -OH 转换为惰性的 -OSiR₃
• 脱保护：水解（酸催化）或氟解（F⁻ 介导）——其中氟解高度选择性（不影响其他官能团）

4.2 与其他保护基的对比
 |  保护基  |  引入  |  脱去  |  优势  | 
 | --- | --- | --- | --- | 
 |  R₃Si-（硅醚）  |  R₃SiCl + 碱  |  H⁺/F⁻  |  选择性脱去  | 
 |  THP（四氢吡喃醚）  |  DHP + 酸  |  酸  |  价廉，但有手性中心  | 
 |  乙酰基（Ac）  |  Ac₂O + 碱  |  OH⁻  |  极廉，但碱敏感  | 
 |  苄基（Bn）  |  BnBr + 碱  |  H₂/Pd  |  中性条件脱保护  | 

4.3 选择性保护
• 大位阻硅基（TIPS、TBDPS）：偏好保护一级 OH，对二级、三级 OH 反应迟缓
• 小位阻硅基（TMS）：保护任何 OH，但稳定性差
• 实际策略：将一级 OH 用 TBDPS 保护，二级 OH 用 TBS 保护——正交保护

4.4 为什么 Si 行而 C 不行？
• C–O 醚键不可水解、不可氟解（在常温下是惰性的，需要强酸/碱）
• *Si 拥有 d 轨道贡献的σ\ 反键，使其能形成五配位过渡态/中间体
• Si 的电正性**让 Si 容易与 F⁻、OH⁻ 等亲核体配位
• 这使 Si 醚的""可逆性""远高于 C 醚，是其作为保护基的基础","无机和结构化学 主族元素化学 硅基保护基 rc_30d 化竞 主族化学 保护基 硅化学 SN2-Si机理","Chem::Core","[[硅基保护基]]","30d","总结卡","硅基保护基（R₃Si–）：一类用于保护羟基（-OH）的有机硅试剂，将易反应的醇通过 Si–O 键转化为相对惰性的硅醚 R'-O-SiR₃，使后续合成步骤可以无视 -OH 的存在。完成关键步骤后，通过水解或氟离子脱保护恢复 -OH。"
"硅基保护基 有哪些常见易错点？","• 把 TBAF 误以为可单独使用——必须配合质子源
• 用强碱（NaOH）脱保护 TBS——会引发 Brook 重排
• 在含烯醇的底物中加 TMS-Cl 时不知道会形成硅基烯醇醚而非保护
• 把硅醚的""惰性""等同于完全不反应——它对 F⁻ 是高度反应的
• 忽视 Si 的五配位过渡态——画机理时漏了五配位中间体","无机和结构化学 主族元素化学 硅基保护基 rc_30d 化竞 主族化学 保护基 硅化学 SN2-Si机理","Chem::Core","[[硅基保护基]]","30d","易错点卡","硅基保护基（R₃Si–）：一类用于保护羟基（-OH）的有机硅试剂，将易反应的醇通过 Si–O 键转化为相对惰性的硅醚 R'-O-SiR₃，使后续合成步骤可以无视 -OH 的存在。完成关键步骤后，通过水解或氟离子脱保护恢复 -OH。"
"什么是硒？","硒（Selenium, Se） 是第34号元素，位于元素周期表第4周期VIA族（氧族元素，也称硫族元素或硫属元素），属于典型的稀散元素和半金属。","无机和结构化学 元素化学 硒 rc_30d 化竞 氧族元素","Chem::Core","[[硒]]","30d","概念卡","关键结论：
• 硒是稀散半金属：地壳丰度低，高度分散，主要从铜冶炼副产物中回收。• 多种同素异形体：灰色硒（螺旋链，光电导）、红色硒（Se_8 环）、黑色硒（无定形）。• 氧化态为-2、+4、+6：与硫相似，但高氧化态的氧化性更强。• 硒酸是强氧化剂：H_2SeO_4 的氧化性强于 H_2SO_4。• 生物必需微量元素：参与谷胱甘肽过氧化物酶的活性中心，但过量有毒。"
"硒 的关键结论有哪些？","• 硒是稀散半金属：地壳丰度低，高度分散，主要从铜冶炼副产物中回收。• 多种同素异形体：灰色硒（螺旋链，光电导）、红色硒（Se_8 环）、黑色硒（无定形）。• 氧化态为-2、+4、+6：与硫相似，但高氧化态的氧化性更强。• 硒酸是强氧化剂：H_2SeO_4 的氧化性强于 H_2SO_4。• 生物必需微量元素：参与谷胱甘肽过氧化物酶的活性中心，但过量有毒。","无机和结构化学 元素化学 硒 rc_30d 化竞 氧族元素","Chem::Core","[[硒]]","30d","总结卡","硒（Selenium, Se） 是第34号元素，位于元素周期表第4周期VIA族（氧族元素，也称硫族元素或硫属元素），属于典型的稀散元素和半金属。"
"硒 有哪些常见易错点？","• 误认为硒是非金属：硒实际上是半金属（类金属），性质介于非金属和金属之间。• 混淆硒酸的氧化性：H_2SeO_4 的氧化性强于 H_2SO_4，可以氧化盐酸。• 忽视硒的稀散性：硒没有独立矿床，主要从铜冶炼副产物中回收。• 氢化物稳定性判断错误：H_2Se 比 H_2S 更不稳定，更易分解。","无机和结构化学 元素化学 硒 rc_30d 化竞 氧族元素","Chem::Core","[[硒]]","30d","易错点卡","硒（Selenium, Se） 是第34号元素，位于元素周期表第4周期VIA族（氧族元素，也称硫族元素或硫属元素），属于典型的稀散元素和半金属。"
"什么是硼化学？","硼（B）是第13族（硼族）的第一个元素，是典型的缺电子原子。硼的化合物以多中心键、簇状结构和独特的Lewis酸性为核心特征，在有机合成（如硼氢化反应、Suzuki偶联）和材料科学（如硼氮化物、硼簇）中占据重要地位。","无机和结构化学 无机和结构化学/决赛要求 元素化学 硼化学 rc_30d 化竞 缺电子化合物 硼烷","Chem::Core","[[硼化学]]","30d","概念卡","关键结论：
• [待补充]"
"硼化学 的关键结论有哪些？","• [待补充]","无机和结构化学 无机和结构化学/决赛要求 元素化学 硼化学 rc_30d 化竞 缺电子化合物 硼烷","Chem::Core","[[硼化学]]","30d","总结卡","硼（B）是第13族（硼族）的第一个元素，是典型的缺电子原子。硼的化合物以多中心键、簇状结构和独特的Lewis酸性为核心特征，在有机合成（如硼氢化反应、Suzuki偶联）和材料科学（如硼氮化物、硼簇）中占据重要地位。"
"硼化学 有哪些常见易错点？","• BF₃的Lewis酸性反常：由于F→B的π反馈键，BF₃实际Lewis酸性弱于BCl₃和BBr₃
• 硼氢化反应的区域选择性：H加在取代较多的碳上（反马氏），B加在取代较少的碳上
• Wade规则的应用范围：不仅适用于硼烷，也适用于碳硼烷、金属硼烷
• Wade规则中的n：对于BₙHₙ₊₄，n = B原子数 = 顶点数；碳硼烷中n为总顶点数（B + C）
• 缺电子不等于不稳定：硼的缺电子特性正是其丰富化学的根源","无机和结构化学 无机和结构化学/决赛要求 元素化学 硼化学 rc_30d 化竞 缺电子化合物 硼烷","Chem::Core","[[硼化学]]","30d","易错点卡","硼（B）是第13族（硼族）的第一个元素，是典型的缺电子原子。硼的化合物以多中心键、簇状结构和独特的Lewis酸性为核心特征，在有机合成（如硼氢化反应、Suzuki偶联）和材料科学（如硼氮化物、硼簇）中占据重要地位。"
"什么是硼族元素？","IIIA 族：ns²np¹。B 是非金属（缺电子特征），Al 是两性金属，Tl 有惰性电子对效应。","无机和结构化学 元素化学 硼族元素 rc_30d 化竞 主族","Chem::Core","[[硼族元素]]","30d","概念卡","关键结论：
• B 是 p 区唯一的非金属（与同族的 Al 金属性质差异大），遵循对角规则与 Si 相似
• \mathrm{H}_3\mathrm{BO}_3 是一元弱酸（非三元），K = 5.4\times 10^{-10}
• \mathrm{B}_2\mathrm{H}_6 中存在 3c-2e B—H—B 桥键（缺电子特征）
• \mathrm{B}_3\mathrm{N}_3\mathrm{H}_6（无机苯）与 \mathrm{C}_6\mathrm{H}_6 等电子、等结构
• 同周期含氧酸酸性：\mathrm{HClO}_4 > \mathrm{H}_2\mathrm{SO}_4 > \mathrm{H}_3\mathrm{PO}_4 > \mathrm{H}_4\mathrm{SiO}_4"
"硼族元素 的关键结论有哪些？","• B 是 p 区唯一的非金属（与同族的 Al 金属性质差异大），遵循对角规则与 Si 相似
• \mathrm{H}_3\mathrm{BO}_3 是一元弱酸（非三元），K = 5.4\times 10^{-10}
• \mathrm{B}_2\mathrm{H}_6 中存在 3c-2e B—H—B 桥键（缺电子特征）
• \mathrm{B}_3\mathrm{N}_3\mathrm{H}_6（无机苯）与 \mathrm{C}_6\mathrm{H}_6 等电子、等结构
• 同周期含氧酸酸性：\mathrm{HClO}_4 > \mathrm{H}_2\mathrm{SO}_4 > \mathrm{H}_3\mathrm{PO}_4 > \mathrm{H}_4\mathrm{SiO}_4","无机和结构化学 元素化学 硼族元素 rc_30d 化竞 主族","Chem::Core","[[硼族元素]]","30d","总结卡","IIIA 族：ns²np¹。B 是非金属（缺电子特征），Al 是两性金属，Tl 有惰性电子对效应。"
"硼族元素 有哪些常见易错点？","• [待补充]","无机和结构化学 元素化学 硼族元素 rc_30d 化竞 主族","Chem::Core","[[硼族元素]]","30d","易错点卡","IIIA 族：ns²np¹。B 是非金属（缺电子特征），Al 是两性金属，Tl 有惰性电子对效应。"
"什么是硼酸盐？","硼酸盐是由硼氧多面体（\mathrm{BO_3} 平面三角形或 \mathrm{BO_4} 四面体）通过共顶点连接形成的无机含氧酸盐。其结构遵循严格的""无机语法""规则，是主族元素含氧酸盐中规律性最强的体系之一。","无机和结构化学 主族元素化学 硼酸盐 rc_30d 化竞 主族元素","Chem::Core","[[硼酸盐]]","30d","概念卡","关键结论：
总结性结论
• 硼酸盐只共顶点，不共边、不共面：这是硼酸盐结构最核心的限制，源于 B 原子带正电，B–B 近距离排斥强烈。
• 电荷验证规则：\mathrm{BO_3} 三角形整体带 1 负电荷，\mathrm{BO_4} 四面体整体带 5 负电荷，可用于快速验证复杂硼酸盐的化学式是否合理。
• 与硅酸盐的结构差异：硅酸盐可形成 Si–O–Si 环状结构（如四元环、六元环），但硼酸盐不形成 B–O–B 环张力结构，骨架更开放。
• 混合骨架的存在：\mathrm{BO_3} 与 \mathrm{BO_4} 可以互相共顶点连接，形成混合骨架，如硼砂 \mathrm{B_4O_5(OH)_4^{2-}} 中同时存在两种单元。
• 结构单元仅两种：硼酸盐的结构单元只有 \mathrm{BO_3} 和 \mathrm{BO_4} 两种，掌握其连接规则即可系统分析绝大多数硼酸盐结构。

硼酸盐结构语法（4 条连接规则）

来源：[[教学逻辑提炼-"
"硼酸盐 的关键结论有哪些？","总结性结论
• 硼酸盐只共顶点，不共边、不共面：这是硼酸盐结构最核心的限制，源于 B 原子带正电，B–B 近距离排斥强烈。
• 电荷验证规则：\mathrm{BO_3} 三角形整体带 1 负电荷，\mathrm{BO_4} 四面体整体带 5 负电荷，可用于快速验证复杂硼酸盐的化学式是否合理。
• 与硅酸盐的结构差异：硅酸盐可形成 Si–O–Si 环状结构（如四元环、六元环），但硼酸盐不形成 B–O–B 环张力结构，骨架更开放。
• 混合骨架的存在：\mathrm{BO_3} 与 \mathrm{BO_4} 可以互相共顶点连接，形成混合骨架，如硼砂 \mathrm{B_4O_5(OH)_4^{2-}} 中同时存在两种单元。
• 结构单元仅两种：硼酸盐的结构单元只有 \mathrm{BO_3} 和 \mathrm{BO_4} 两种，掌握其连接规则即可系统分析绝大多数硼酸盐结构。

硼酸盐结构语法（4 条连接规则）

来源：[[教学逻辑提炼-","无机和结构化学 主族元素化学 硼酸盐 rc_30d 化竞 主族元素","Chem::Core","[[硼酸盐]]","30d","总结卡","硼酸盐是由硼氧多面体（\mathrm{BO_3} 平面三角形或 \mathrm{BO_4} 四面体）通过共顶点连接形成的无机含氧酸盐。其结构遵循严格的""无机语法""规则，是主族元素含氧酸盐中规律性最强的体系之一。"
"硼酸盐 有哪些常见易错点？","• 误以为 \mathrm{BO_3} 和 \mathrm{BO_4} 可以共边或共面连接：实际只共顶点，这是硼酸盐最核心的结构限制，共边会导致 B–B 距离过近产生强烈排斥。
• 电荷计算时忘记顶点氧被两个单元共享：计算单元净电荷时，每个共顶点氧需乘 1/2（被两个 B 原子共享），忘记此步会导致电荷验证错误。
• 混淆硼酸盐与硅酸盐的结构规则：硅酸盐可以形成环状结构（如六元硅氧环），但硼酸盐不形成 B–O–B 环张力结构，两者骨架开放性不同。","无机和结构化学 主族元素化学 硼酸盐 rc_30d 化竞 主族元素","Chem::Core","[[硼酸盐]]","30d","易错点卡","硼酸盐是由硼氧多面体（\mathrm{BO_3} 平面三角形或 \mathrm{BO_4} 四面体）通过共顶点连接形成的无机含氧酸盐。其结构遵循严格的""无机语法""规则，是主族元素含氧酸盐中规律性最强的体系之一。"
"什么是碱土金属？","IIA 族：ns²。活泼性不如碱金属，但仍是强还原剂。","无机和结构化学 元素化学 碱土金属 rc_30d 化竞 主族","Chem::Core","[[碱土金属]]","30d","概念卡","关键结论：
氧化物与氢氧化物

氢氧化物碱性判据——离子势 φ
\phi = \frac{z}{r} \quad \sqrt{\phi} < 0.22 \text{ 碱性}; \; 0.22-0.32 \text{ 两性}; \; >0.32 \text{ 酸性}

 |  M(OH)₂  |  Be(OH)₂  |  Mg(OH)₂  |  Ca(OH)₂  |  Sr(OH)₂  |  Ba(OH)₂  | 
 | :---: | :---: | :---: | :---: | :---: | :---: | 
 |  √φ  |  0.27  |  0.17  |  0.14  |  0.13  |  0.12  | 
 |  酸碱性  |  两性  |  碱性  |  强碱  |  强碱  |  强碱  | 
 |  溶解度  |  8×10⁻⁶  |  5×10⁻⁴  |  1.8×10⁻²  |  6.7×10⁻²  |  2×10⁻¹  | 

Be(OH)₂ 的两性
\mathrm{Be(OH)_2} + 2\mathrm{H^+} \rightarrow \mathrm{Be^{2+}} + 2\mathrm{H_2O}
\mathrm{Be(OH)_2} + 2\mathrm{OH^-} \rightarrow [\mathrm{Be(OH)_4}]^{2-}

盐类要点

溶解度趋势（⬇ 同族）
 |  盐类型  |  趋势  | 
 | ------ | ------ | 
 |  硫酸盐 MSO₄  |  BeSO₄ 易溶 >> MgSO₄ > CaSO₄ 微溶 > SrSO₄ > BaSO₄ 难溶  | 
 |  氢氧化物 M(OH)₂  |  Be(OH)₂ 难溶 < Mg(OH)₂ < Ca(OH)₂ < Sr(OH)₂ < Ba(OH)₂ 可溶  | 
 |  碳酸盐 MCO₃  |  均难溶，热稳定性 ↑（BeCO₃ 最不稳定）  | 

含氧酸盐热稳定性
• 同族 ↓ 极化能力减弱 → 热稳定性 ↑：
• MgCO₃ 分解 540°C < CaCO₃ 900°C < SrCO₃ < BaCO₃ 1360°C
• 碱土金属碳酸盐分解 → MO + CO₂
• 碱土金属硝酸盐分解 → MO + NO₂ + O₂（与 Li 类似）

钙的含氧酸盐热分解热力学数据（均分解为 CaO + 酸酐）：

 |  反应  |  \Delta_{\mathrm{r}}H_{\mathrm{m}}^{\ominus} / \mathrm{kJ\cdot mol^{-1}}  |  \Delta_{\mathrm{r}}S_{\mathrm{m}}^{\ominus} / \mathrm{kJ\cdot mol^{-1}\cdot K^{-1}}  |  转变温度 T  | 
 | :--- | :---: | :---: | :---: | 
 |  \mathrm{CaCO_3 \rightarrow CaO + CO_2}  |  +177  |  +0.161  |  \sim 826^{\circ}\mathrm{C}  | 
 |  \mathrm{CaSO_4 \rightarrow CaO + SO_3}  |  +403  |  +0.190  |  \sim 1848^{\circ}\mathrm{C}  | 
 |  \mathrm{CaSiO_3 \rightarrow CaO + SiO_2}  |  +89  |  -0.0004  |  任意温度不自发  | 
• 石灰窑温度约 900^{\circ}\mathrm{C}，使 \mathrm{CaCO_3} 分解；\mathrm{CaSO_4} 分解需 >1800^{\circ}\mathrm{C} 且产生有害 \mathrm{SO_3}，不可取
• \mathrm{CaSiO_3} 的 \Delta_{\mathrm{r}}S_{\mathrm{m}}^{\ominus}<0，任意温度不自发 → 高炉炼铁利用逆反应（\mathrm{CaO + SiO_2 \rightarrow CaSiO_3}）造渣

MgCl₂ 脱水特殊性
\mathrm{MgCl_2 \cdot 6H_2O} \xrightarrow{\triangle} \mathrm{Mg(OH)Cl} + \mathrm{HCl} + 5\mathrm{H_2O}
→ 不能直接加热脱水得无水 MgCl₂
• 解决方法：在 \mathrm{HCl} 气氛下加热，或与 \mathrm{NH_4Cl} 混合加热（\mathrm{NH_4Cl} 分解产生 \mathrm{HCl} 抑制水解）：
\mathrm{MgCl_2 \cdot 6H_2O \xrightarrow[\mathrm{NH_4Cl}]{\triangle} MgCl_2 + 6H_2O}

CaCl₂
• 无水 CaCl₂ 是重要干燥剂（CaCl₂·6H₂O 加热脱水即得）
• CaCl₂·6H₂O + 冰 → −50°C 冷冻剂

BaSO₄
• 重晶石，难溶（K_{sp} 极小）
• 对 X 射线强吸收 → 医用""钡餐""
• 工业转化：BaSO₄ + 4C → BaS + 4CO↑（高温）"
"碱土金属 的关键结论有哪些？","氧化物与氢氧化物

氢氧化物碱性判据——离子势 φ
\phi = \frac{z}{r} \quad \sqrt{\phi} < 0.22 \text{ 碱性}; \; 0.22-0.32 \text{ 两性}; \; >0.32 \text{ 酸性}

 |  M(OH)₂  |  Be(OH)₂  |  Mg(OH)₂  |  Ca(OH)₂  |  Sr(OH)₂  |  Ba(OH)₂  | 
 | :---: | :---: | :---: | :---: | :---: | :---: | 
 |  √φ  |  0.27  |  0.17  |  0.14  |  0.13  |  0.12  | 
 |  酸碱性  |  两性  |  碱性  |  强碱  |  强碱  |  强碱  | 
 |  溶解度  |  8×10⁻⁶  |  5×10⁻⁴  |  1.8×10⁻²  |  6.7×10⁻²  |  2×10⁻¹  | 

Be(OH)₂ 的两性
\mathrm{Be(OH)_2} + 2\mathrm{H^+} \rightarrow \mathrm{Be^{2+}} + 2\mathrm{H_2O}
\mathrm{Be(OH)_2} + 2\mathrm{OH^-} \rightarrow [\mathrm{Be(OH)_4}]^{2-}

盐类要点

溶解度趋势（⬇ 同族）
 |  盐类型  |  趋势  | 
 | ------ | ------ | 
 |  硫酸盐 MSO₄  |  BeSO₄ 易溶 >> MgSO₄ > CaSO₄ 微溶 > SrSO₄ > BaSO₄ 难溶  | 
 |  氢氧化物 M(OH)₂  |  Be(OH)₂ 难溶 < Mg(OH)₂ < Ca(OH)₂ < Sr(OH)₂ < Ba(OH)₂ 可溶  | 
 |  碳酸盐 MCO₃  |  均难溶，热稳定性 ↑（BeCO₃ 最不稳定）  | 

含氧酸盐热稳定性
• 同族 ↓ 极化能力减弱 → 热稳定性 ↑：
• MgCO₃ 分解 540°C < CaCO₃ 900°C < SrCO₃ < BaCO₃ 1360°C
• 碱土金属碳酸盐分解 → MO + CO₂
• 碱土金属硝酸盐分解 → MO + NO₂ + O₂（与 Li 类似）

钙的含氧酸盐热分解热力学数据（均分解为 CaO + 酸酐）：

 |  反应  |  \Delta_{\mathrm{r}}H_{\mathrm{m}}^{\ominus} / \mathrm{kJ\cdot mol^{-1}}  |  \Delta_{\mathrm{r}}S_{\mathrm{m}}^{\ominus} / \mathrm{kJ\cdot mol^{-1}\cdot K^{-1}}  |  转变温度 T  | 
 | :--- | :---: | :---: | :---: | 
 |  \mathrm{CaCO_3 \rightarrow CaO + CO_2}  |  +177  |  +0.161  |  \sim 826^{\circ}\mathrm{C}  | 
 |  \mathrm{CaSO_4 \rightarrow CaO + SO_3}  |  +403  |  +0.190  |  \sim 1848^{\circ}\mathrm{C}  | 
 |  \mathrm{CaSiO_3 \rightarrow CaO + SiO_2}  |  +89  |  -0.0004  |  任意温度不自发  | 
• 石灰窑温度约 900^{\circ}\mathrm{C}，使 \mathrm{CaCO_3} 分解；\mathrm{CaSO_4} 分解需 >1800^{\circ}\mathrm{C} 且产生有害 \mathrm{SO_3}，不可取
• \mathrm{CaSiO_3} 的 \Delta_{\mathrm{r}}S_{\mathrm{m}}^{\ominus}<0，任意温度不自发 → 高炉炼铁利用逆反应（\mathrm{CaO + SiO_2 \rightarrow CaSiO_3}）造渣

MgCl₂ 脱水特殊性
\mathrm{MgCl_2 \cdot 6H_2O} \xrightarrow{\triangle} \mathrm{Mg(OH)Cl} + \mathrm{HCl} + 5\mathrm{H_2O}
→ 不能直接加热脱水得无水 MgCl₂
• 解决方法：在 \mathrm{HCl} 气氛下加热，或与 \mathrm{NH_4Cl} 混合加热（\mathrm{NH_4Cl} 分解产生 \mathrm{HCl} 抑制水解）：
\mathrm{MgCl_2 \cdot 6H_2O \xrightarrow[\mathrm{NH_4Cl}]{\triangle} MgCl_2 + 6H_2O}

CaCl₂
• 无水 CaCl₂ 是重要干燥剂（CaCl₂·6H₂O 加热脱水即得）
• CaCl₂·6H₂O + 冰 → −50°C 冷冻剂

BaSO₄
• 重晶石，难溶（K_{sp} 极小）
• 对 X 射线强吸收 → 医用""钡餐""
• 工业转化：BaSO₄ + 4C → BaS + 4CO↑（高温）","无机和结构化学 元素化学 碱土金属 rc_30d 化竞 主族","Chem::Core","[[碱土金属]]","30d","总结卡","IIA 族：ns²。活泼性不如碱金属，但仍是强还原剂。"
"碱土金属 有哪些常见易错点？","• ❌ 错： 认为 MgCO₃ 热稳定性比 CaCO₃ 高 → 恰好相反
• ❌ 错： 认为 BaCl₂ 无毒（像 NaCl）→ Ba²⁺ 有毒！
• ❌ 错： 混淆 Be(OH)₂ 和 Mg(OH)₂ → Be(OH)₂ 两性溶于 NaOH，Mg(OH)₂ 不溶
• ❌ 错： 碱土金属硫酸盐溶解度趋势与氢氧化物趋势搞反 → MSO₄ ↓，M(OH)₂ ↑","无机和结构化学 元素化学 碱土金属 rc_30d 化竞 主族","Chem::Core","[[碱土金属]]","30d","易错点卡","IIA 族：ns²。活泼性不如碱金属，但仍是强还原剂。"
"什么是碱金属？","IA 族（除 H）：ns¹。最活泼的金属族。","无机和结构化学 元素化学 碱金属 rc_30d 化竞 主族","Chem::Core","[[碱金属]]","30d","概念卡",""
"碱金属 有哪些常见易错点？","• ❌ 错： 将所有碱金属燃烧产物写成 M₂O → Li 是 Li₂O，Na 是 Na₂O₂，K/Rb/Cs 是 MO₂
• ❌ 错： 混淆 Na₂O₂ 与 H₂O 和与 CO₂ 的反应产物
• ❌ 错： Li 的硝酸盐热分解写成亚硝酸盐 → LiNO₃ → Li₂O + NO₂ + O₂（极化能力与 Mg 类似）
• ❌ 错： 认为 Na 可在水中作还原剂 → Na 先与水剧烈反应","无机和结构化学 元素化学 碱金属 rc_30d 化竞 主族","Chem::Core","[[碱金属]]","30d","易错点卡","IA 族（除 H）：ns¹。最活泼的金属族。"
"碳族元素 的关键结论有哪些？","• 碳是唯一能形成长链和环状化合物的元素（有机物 90\% 以上含碳）• Si—Si 键 (197\mathrm{kJ}\cdot\mathrm{mol}^{-1}) 远弱于 C—C (344\mathrm{kJ}\cdot\mathrm{mol}^{-1})，因此硅不会像碳那样形成长链• 6\mathrm{s}^2 惰性电子对效应使 Pb(IV) 和 Bi(V) 成为强氧化剂• \mathrm{C}_{60} 的杂化介于 \mathrm{sp}^2 和 \mathrm{sp}^3 之间（约 \mathrm{sp}^{2.28}）• p 区金属低价氧化物和高价氧化物酸碱性不同：高价更偏酸性","无机和结构化学 元素化学 碳族元素 rc_30d 化竞 主族","Chem::Core","[[碳族元素]]","30d","总结卡",""
"什么是碳的同素异形体？","碳的同素异形体是指由碳元素组成的、结构不同但化学组成相同的单质。碳的价电子构型为 2s^2 2p^2，具有独特的成键能力，可形成 sp^3、sp^2、sp 等多种杂化方式，从而产生多种多样的同素异形体。","无机和结构化学 元素化学 碳的同素异形体 rc_30d 化竞 碳族元素","Chem::Core","[[碳的同素异形体]]","30d","概念卡","关键结论：
• 碳的特殊性：已知7000多万种化合物中90%以上是含碳的有机化合物，碳是化学多样性最高的元素。• 杂化决定结构：sp^3 \rightarrow 三维网络（金刚石）；sp^2 \rightarrow 平面层状（石墨）；中间态 \rightarrow 曲面（富勒烯）。• 结构决定性质：金刚石硬且不导电（定域电子）；石墨软且导电（离域 \pi 电子）。• 富勒烯的加成化学：球面弯曲使部分双键具有烯烃性质，可发生加成反应。"
"碳的同素异形体 的关键结论有哪些？","• 碳的特殊性：已知7000多万种化合物中90%以上是含碳的有机化合物，碳是化学多样性最高的元素。• 杂化决定结构：sp^3 \rightarrow 三维网络（金刚石）；sp^2 \rightarrow 平面层状（石墨）；中间态 \rightarrow 曲面（富勒烯）。• 结构决定性质：金刚石硬且不导电（定域电子）；石墨软且导电（离域 \pi 电子）。• 富勒烯的加成化学：球面弯曲使部分双键具有烯烃性质，可发生加成反应。","无机和结构化学 元素化学 碳的同素异形体 rc_30d 化竞 碳族元素","Chem::Core","[[碳的同素异形体]]","30d","总结卡","碳的同素异形体是指由碳元素组成的、结构不同但化学组成相同的单质。碳的价电子构型为 2s^2 2p^2，具有独特的成键能力，可形成 sp^3、sp^2、sp 等多种杂化方式，从而产生多种多样的同素异形体。"
"碳的同素异形体 有哪些常见易错点？","• 混淆石墨与石墨烯：石墨是多层堆叠，石墨烯是单层；石墨有固定层间距，石墨烯是单原子层。• 误认富勒烯为平面结构：C_{60} 是闭合笼状球面结构，不是平面分子。• 忽视金刚石型结构的扩展：Si、Ge等也具有金刚石型结构，但性质不同。","无机和结构化学 元素化学 碳的同素异形体 rc_30d 化竞 碳族元素","Chem::Core","[[碳的同素异形体]]","30d","易错点卡","碳的同素异形体是指由碳元素组成的、结构不同但化学组成相同的单质。碳的价电子构型为 2s^2 2p^2，具有独特的成键能力，可形成 sp^3、sp^2、sp 等多种杂化方式，从而产生多种多样的同素异形体。"
"什么是磁矩？","磁矩是判断配合物电子构型和自旋态的关键实验量。通过测量磁矩（常用古埃磁天平），可以推断中心金属的未成对电子数，进而确定配体场强弱和配合物的几何构型。","无机和结构化学 配位化学 磁矩 rc_30d 化竞 晶体场理论","Chem::Core","[[磁矩]]","30d","概念卡","关键结论：
• [待补充]"
"磁矩 的关键结论有哪些？","• [待补充]","无机和结构化学 配位化学 磁矩 rc_30d 化竞 晶体场理论","Chem::Core","[[磁矩]]","30d","总结卡","磁矩是判断配合物电子构型和自旋态的关键实验量。通过测量磁矩（常用古埃磁天平），可以推断中心金属的未成对电子数，进而确定配体场强弱和配合物的几何构型。"
"磁矩 有哪些常见易错点？","• 纯自旋公式的适用范围：第一过渡系配合物通常适用；第二、三过渡系和镧系需考虑轨道贡献
• d^4-d^7 的配置是关键：这些电子数的高/低自旋差异最大
• 磁矩为0不一定是低自旋：d^0、d^{10}、低自旋 d^6 都表现为反磁性
• 温度对磁矩的影响：测量磁矩时必须标注温度，高温有利于高自旋","无机和结构化学 配位化学 磁矩 rc_30d 化竞 晶体场理论","Chem::Core","[[磁矩]]","30d","易错点卡","磁矩是判断配合物电子构型和自旋态的关键实验量。通过测量磁矩（常用古埃磁天平），可以推断中心金属的未成对电子数，进而确定配体场强弱和配合物的几何构型。"
"磷 的关键结论有哪些？","• 磷是生物界不可缺少的元素（核酸、磷脂、骨骼）
• \mathrm{H}_3\mathrm{PO}_4 是中等强度的三元酸，无氧化性无还原性
• \mathrm{Ca}_3(\mathrm{PO}_4)_2 难溶于水，必须转化为 \mathrm{Ca}(\mathrm{H}_2\mathrm{PO}_4)_2 才有肥效
• 含氧酸命名中""过磷酸钙""的""过""不是过氧键（—O—O—）的""过""
• P=O 键含 d-p \pi 键成分，比 N=O 键更稳定","无机和结构化学 元素化学 磷 rc_30d 化竞 主族","Chem::Core","[[磷]]","30d","总结卡",""
"什么是磷化学？","磷是第15族（氮族）元素，具有多样的同素异形体、丰富的氧化态（-3 ~ +5）和独特的配位化学。决赛题目常考察磷的含氧酸结构、磷的簇合物（如P₄、磷笼）、磷的羰基配合物以及磷在生物分子中的作用。","无机和结构化学 无机和结构化学/决赛要求 元素化学 磷化学 rc_30d 化竞 磷含氧酸 缩聚磷酸盐","Chem::Core","[[磷化学]]","30d","概念卡","关键结论：
• [待补充]"
"磷化学 的关键结论有哪些？","• [待补充]","无机和结构化学 无机和结构化学/决赛要求 元素化学 磷化学 rc_30d 化竞 磷含氧酸 缩聚磷酸盐","Chem::Core","[[磷化学]]","30d","总结卡","磷是第15族（氮族）元素，具有多样的同素异形体、丰富的氧化态（-3 ~ +5）和独特的配位化学。决赛题目常考察磷的含氧酸结构、磷的簇合物（如P₄、磷笼）、磷的羰基配合物以及磷在生物分子中的作用。"
"磷化学 有哪些常见易错点？","• 白磷的键角：P₄四面体键角为60°，远小于正常sp³键角，故张力大、反应性高
• 含氧酸的酸性：磷酸是中强酸，但其酯化产物在生物中极为重要（ATP、DNA骨架）
• 磷配体的电子性质：PR₃是强给电子配体，与CO（强π受体）配位行为不同
• 缩聚磷酸盐的滴定：端基OH弱酸性、桥OH强酸性，可通过滴定区分并计算平均链长
• 磷含氧阴离子的P─H键：次磷酸根含2个P─H键，亚磷酸根含1个P─H键，这是区分它们的关键结构特征","无机和结构化学 无机和结构化学/决赛要求 元素化学 磷化学 rc_30d 化竞 磷含氧酸 缩聚磷酸盐","Chem::Core","[[磷化学]]","30d","易错点卡","磷是第15族（氮族）元素，具有多样的同素异形体、丰富的氧化态（-3 ~ +5）和独特的配位化学。决赛题目常考察磷的含氧酸结构、磷的簇合物（如P₄、磷笼）、磷的羰基配合物以及磷在生物分子中的作用。"
"什么是离子半径？","离子半径：以离子晶体中相邻异号离子的核间距按某一惯例分配给阳/阴离子的半径。","无机和结构化学 原子结构 离子半径 rc_30d 化竞 离子 周期性","Chem::Core","[[离子半径]]","30d","概念卡","关键结论：
Shannon 离子半径数据（CN = 6，pm）
 |  阳离子  |  r  |  阳离子  |  r  | 
 | :---: | :---: | :---: | :---: | 
 |  Li⁺  |  76  |  Mg²⁺  |  72  | 
 |  Na⁺  |  102  |  Ca²⁺  |  100  | 
 |  K⁺  |  138  |  Sr²⁺  |  118  | 
 |  Rb⁺  |  152  |  Ba²⁺  |  135  | 
 |  Cs⁺  |  167  |  Al³⁺  |  54  | 
 |  Be²⁺  |  27  |  Fe²⁺ (HS)  |  78  | 
 |  Cu²⁺  |  73  |  Fe²⁺ (LS)  |  61  | 
 |  Ag⁺  |  115  |  Fe³⁺ (HS)  |  65  | 

 |  阴离子  |  r  |  阴离子  |  r  | 
 | :---: | :---: | :---: | :---: | 
 |  F⁻  |  133  |  O²⁻  |  140  | 
 |  Cl⁻  |  181  |  S²⁻  |  184  | 
 |  Br⁻  |  196  |  N³⁻  |  146  | 
 |  I⁻  |  220  |  OH⁻  |  137  | 

等电子离子序列（10 电子构型）
 |  离子  |  N³⁻  |  O²⁻  |  F⁻  |  Na⁺  |  Mg²⁺  |  Al³⁺  | 
 | :---: | :---: | :---: | :---: | :---: | :---: | :---: | 
 |"
"离子半径 的关键结论有哪些？","Shannon 离子半径数据（CN = 6，pm）
 |  阳离子  |  r  |  阳离子  |  r  | 
 | :---: | :---: | :---: | :---: | 
 |  Li⁺  |  76  |  Mg²⁺  |  72  | 
 |  Na⁺  |  102  |  Ca²⁺  |  100  | 
 |  K⁺  |  138  |  Sr²⁺  |  118  | 
 |  Rb⁺  |  152  |  Ba²⁺  |  135  | 
 |  Cs⁺  |  167  |  Al³⁺  |  54  | 
 |  Be²⁺  |  27  |  Fe²⁺ (HS)  |  78  | 
 |  Cu²⁺  |  73  |  Fe²⁺ (LS)  |  61  | 
 |  Ag⁺  |  115  |  Fe³⁺ (HS)  |  65  | 

 |  阴离子  |  r  |  阴离子  |  r  | 
 | :---: | :---: | :---: | :---: | 
 |  F⁻  |  133  |  O²⁻  |  140  | 
 |  Cl⁻  |  181  |  S²⁻  |  184  | 
 |  Br⁻  |  196  |  N³⁻  |  146  | 
 |  I⁻  |  220  |  OH⁻  |  137  | 

等电子离子序列（10 电子构型）
 |  离子  |  N³⁻  |  O²⁻  |  F⁻  |  Na⁺  |  Mg²⁺  |  Al³⁺  | 
 | :---: | :---: | :---: | :---: | :---: | :---: | :---: | 
 |","无机和结构化学 原子结构 离子半径 rc_30d 化竞 离子 周期性","Chem::Core","[[离子半径]]","30d","总结卡","离子半径：以离子晶体中相邻异号离子的核间距按某一惯例分配给阳/阴离子的半径。"
"离子半径 有哪些常见易错点？","• ❌ 错：阳离子半径 ≥ 母原子半径——失去电子后半径减小
• ❌ 错：等电子序列中半径与电子数有关——电子数相同时，由 **","无机和结构化学 原子结构 离子半径 rc_30d 化竞 离子 周期性","Chem::Core","[[离子半径]]","30d","易错点卡","离子半径：以离子晶体中相邻异号离子的核间距按某一惯例分配给阳/阴离子的半径。"
"什么是离子晶体？","由正负离子通过离子键结合而成的晶体。结构单元为离子，靠静电引力堆积。","无机和结构化学 晶体结构 离子晶体 rc_30d 化竞","Chem::Core","[[离子晶体]]","30d","概念卡","关键结论：
• AB 型离子晶体的结构类型主要取决于 r_{+}/r_{-}（表 13.4）
• \mathrm{NH_4^+}（半径约 143 pm）与 \mathrm{Rb^+} 相近，故 \mathrm{NH_4Cl}、\mathrm{NH_4Br}、\mathrm{NH_4I} 均属 CsCl 型
• 离子极化使 r_0 缩短，键型向共价键过渡，配位数下降，溶解度降低
• 离子晶体熔点较高、硬度较大、不导电（熔融态和水溶液导电）——见表 13.5"
"离子晶体 的关键结论有哪些？","• AB 型离子晶体的结构类型主要取决于 r_{+}/r_{-}（表 13.4）
• \mathrm{NH_4^+}（半径约 143 pm）与 \mathrm{Rb^+} 相近，故 \mathrm{NH_4Cl}、\mathrm{NH_4Br}、\mathrm{NH_4I} 均属 CsCl 型
• 离子极化使 r_0 缩短，键型向共价键过渡，配位数下降，溶解度降低
• 离子晶体熔点较高、硬度较大、不导电（熔融态和水溶液导电）——见表 13.5","无机和结构化学 晶体结构 离子晶体 rc_30d 化竞","Chem::Core","[[离子晶体]]","30d","总结卡","由正负离子通过离子键结合而成的晶体。结构单元为离子，靠静电引力堆积。"
"什么是离子极化？","离子极化（Ionic Polarization）是指离子在周围异性电荷离子的电场作用下，电子云发生变形而偏离原来球形分布的现象。离子极化后，电子云较多地分布在正、负离子之间，增加了键的共价性成分。随着极化程度增大，离子键逐渐向共价键过渡；在强烈极化下，离子键实际上已转化为共价键。","无机和结构化学 结构化学 离子极化 rc_30d 化竞 离子键 化学键","Chem::Core","[[离子极化]]","30d","概念卡","关键结论：
4.1 对键型和晶体类型的影响

离子极化使共价键成分增加，导致晶体类型发生转变：

 |  化合物系列  |  从左到右的变化  | 
 | :--- | :--- | 
 |  \mathrm{Na_2O \to MgO \to Al_2O_3 \to SiO_2}  |  离子晶体 → 原子晶体  | 
 |  \mathrm{AgF \to AgCl \to AgBr \to AgI}  |  NaCl型（6配位）→"
"离子极化 的关键结论有哪些？","4.1 对键型和晶体类型的影响

离子极化使共价键成分增加，导致晶体类型发生转变：

 |  化合物系列  |  从左到右的变化  | 
 | :--- | :--- | 
 |  \mathrm{Na_2O \to MgO \to Al_2O_3 \to SiO_2}  |  离子晶体 → 原子晶体  | 
 |  \mathrm{AgF \to AgCl \to AgBr \to AgI}  |  NaCl型（6配位）→","无机和结构化学 结构化学 离子极化 rc_30d 化竞 离子键 化学键","Chem::Core","[[离子极化]]","30d","总结卡","离子极化（Ionic Polarization）是指离子在周围异性电荷离子的电场作用下，电子云发生变形而偏离原来球形分布的现象。离子极化后，电子云较多地分布在正、负离子之间，增加了键的共价性成分。随着极化程度增大，离子键逐渐向共价键过渡；在强烈极化下，离子键实际上已转化为共价键。"
"离子极化 有哪些常见易错点？","• 混淆极化力和变形性：记住""正离子主极化，负离子主变形；d¹⁰ 离子两者兼备""• 忽视电子构型的影响：\mathrm{Na^+} 与 \mathrm{Cu^+} 半径相近，但 \mathrm{Cu^+}（d¹⁰）的极化力远大于 \mathrm{Na^+}（8e）• 极化与晶格能的矛盾：强极化会使实测晶格能偏离理论值（Born-Landé 公式），不能用纯离子模型计算","无机和结构化学 结构化学 离子极化 rc_30d 化竞 离子键 化学键","Chem::Core","[[离子极化]]","30d","易错点卡","离子极化（Ionic Polarization）是指离子在周围异性电荷离子的电场作用下，电子云发生变形而偏离原来球形分布的现象。离子极化后，电子云较多地分布在正、负离子之间，增加了键的共价性成分。随着极化程度增大，离子键逐渐向共价键过渡；在强烈极化下，离子键实际上已转化为共价键。"
"稀有气体 的关键结论有哪些？","• 稀有气体的第一电离能较高，分别位于同周期元素之首• Xe 的化合物最丰富（第一电离能 1170\mathrm{kJ}\cdot\mathrm{mol}^{-1}，是稀有气体中最低的）• 第一个稀有气体化合物 \mathrm{XePtF}_6 于 1962 年制得，""惰性气体""由此改名为""稀有气体""• Xe 的化合物已合成几百种，已测定结构• 大气中 99\% 为 \mathrm{N}_2 和 \mathrm{O}_2，Ar 接近 1\%，\mathrm{CO}_2 约占 0.03\%","无机和结构化学 元素化学 稀有气体 rc_30d 化竞","Chem::Core","[[稀有气体]]","30d","总结卡",""
"什么是稀有气体化合物？","• 稀有气体化合物是指由稀有气体元素（主要是 Xe，少数 Kr、Rn）与其他元素形成的化合物• 1962 年 N. Bartlett 首次合成 \mathrm{XePtF_6}，打破了""惰性气体不反应""的认知• Xe 的化合物最丰富，因其电离能最低（12.13 eV）","无机和结构化学 元素化学 稀有气体化合物 rc_30d","Chem::Core","[[稀有气体化合物]]","30d","概念卡","关键结论：
• Xe 化合物的氧化数：+2（\mathrm{XeF_2}）→ +4（\mathrm{XeF_4}/\mathrm{XeO_2}）→ +6（\mathrm{XeF_6}/\mathrm{XeO_3}）→ +8（\mathrm{XeO_4}）• \mathrm{XeO_3} 是 \mathrm{Xe(VI)} 最稳定的氧化物，但仍有爆炸性• 所有 \mathrm{XeO_x} 化合物均属正交晶系（a \neq b \neq c，\alpha=\beta=\gamma=90^\circ）• \mathrm{Xe_3O_2}（\mathrm{Xe_2^0Xe^{IV}O_2}）中存在两种化学环境的 Xe"
"稀有气体化合物 的关键结论有哪些？","• Xe 化合物的氧化数：+2（\mathrm{XeF_2}）→ +4（\mathrm{XeF_4}/\mathrm{XeO_2}）→ +6（\mathrm{XeF_6}/\mathrm{XeO_3}）→ +8（\mathrm{XeO_4}）• \mathrm{XeO_3} 是 \mathrm{Xe(VI)} 最稳定的氧化物，但仍有爆炸性• 所有 \mathrm{XeO_x} 化合物均属正交晶系（a \neq b \neq c，\alpha=\beta=\gamma=90^\circ）• \mathrm{Xe_3O_2}（\mathrm{Xe_2^0Xe^{IV}O_2}）中存在两种化学环境的 Xe","无机和结构化学 元素化学 稀有气体化合物 rc_30d","Chem::Core","[[稀有气体化合物]]","30d","总结卡","• 稀有气体化合物是指由稀有气体元素（主要是 Xe，少数 Kr、Rn）与其他元素形成的化合物• 1962 年 N. Bartlett 首次合成 \mathrm{XePtF_6}，打破了""惰性气体不反应""的认知• Xe 的化合物最丰富，因其电离能最低（12.13 eV）"
"稀有气体化合物 有哪些常见易错点？","• \mathrm{XeF_2} 不是弯曲形（VSEPR：5 对电子，3 对孤对 → 直线形）• 将 \mathrm{XeO_3} 的氧化数写为 +3（应为 +6：3×(-2) = -6）• 晶系判断混淆正交与四方","无机和结构化学 元素化学 稀有气体化合物 rc_30d","Chem::Core","[[稀有气体化合物]]","30d","易错点卡","• 稀有气体化合物是指由稀有气体元素（主要是 Xe，少数 Kr、Rn）与其他元素形成的化合物• 1962 年 N. Bartlett 首次合成 \mathrm{XePtF_6}，打破了""惰性气体不反应""的认知• Xe 的化合物最丰富，因其电离能最低（12.13 eV）"
"立方ZnS型结构 的关键结论有哪些？","• 适用于 r_{+}/r_{-} 在 0.225 \sim 0.414 范围的 AB 型化合物（正离子较小）
• 配位数 4:4（四面体配位，空间利用率远低于 NaCl 型）
• 典型实例：","无机和结构化学 晶体结构 立方ZnS型结构 rc_30d 化竞 典型结构","Chem::Core","[[立方ZnS型结构]]","30d","总结卡",""
"立方密堆积 的关键结论有哪些？","• 配位数：12（同层 6 个 + 上层 3 个 + 下层 3 个）
• 空间利用率：74%——最密堆积之一
• 层序：ABCABC...
• 从密置层 ABC 堆积中可划分出面心立方晶胞（图 13.9c）","无机和结构化学 晶体结构 立方密堆积 rc_30d 化竞 堆积","Chem::Core","[[立方密堆积]]","30d","总结卡",""
"什么是立方晶系？","立方晶系（Cubic Crystal System，又称等轴晶系）是七大晶系之一，其特征对称元素为 4 个按立方体体对角线排列的 C_3 轴（三重旋转轴）。立方晶胞满足：","无机和结构化学 结构化学 立方晶系 rc_30d 化竞 晶体学 晶系","Chem::Core","[[立方晶系]]","30d","概念卡","关键结论：
4.1 空间利用率对比

 |  堆积方式  |  符号  |  配位数 CN  |  空间利用率  |  典型实例  | 
 | :--- | :--- | :---: | :---: | :--- | 
 |  简单立方  |  SC  |  6  |  52%  |  \alpha-Po  | 
 |  体心立方  |  BCC (A2)  |  8  |  68%  |  Fe、Na、W  | 
 |  面心立方  |  FCC (A1/CCP)  |  12  |  74%  |  Cu、Al、Au  | 
 |  六方密堆积  |  HCP (A3)  |  12  |  74%  |  Mg、"
"立方晶系 的关键结论有哪些？","4.1 空间利用率对比

 |  堆积方式  |  符号  |  配位数 CN  |  空间利用率  |  典型实例  | 
 | :--- | :--- | :---: | :---: | :--- | 
 |  简单立方  |  SC  |  6  |  52%  |  \alpha-Po  | 
 |  体心立方  |  BCC (A2)  |  8  |  68%  |  Fe、Na、W  | 
 |  面心立方  |  FCC (A1/CCP)  |  12  |  74%  |  Cu、Al、Au  | 
 |  六方密堆积  |  HCP (A3)  |  12  |  74%  |  Mg、","无机和结构化学 结构化学 立方晶系 rc_30d 化竞 晶体学 晶系","Chem::Core","[[立方晶系]]","30d","总结卡","立方晶系（Cubic Crystal System，又称等轴晶系）是七大晶系之一，其特征对称元素为 4 个按立方体体对角线排列的 C_3 轴（三重旋转轴）。立方晶胞满足："
"立方晶系 有哪些常见易错点？","• 混淆 BCC 和 FCC 的接触方向：BCC 是体对角线接触，FCC 是面对角线接触• 切割法漏算或重复：注意顶点、面心、棱上、体内的不同权重• 将 NaCl 型误认为简单立方：NaCl 型是两套 FCC 穿插，属于面心立方格子• 空间利用率公式记混：建议记住关键数字：SC 52%、BCC 68%、FCC/HCP 74%","无机和结构化学 结构化学 立方晶系 rc_30d 化竞 晶体学 晶系","Chem::Core","[[立方晶系]]","30d","易错点卡","立方晶系（Cubic Crystal System，又称等轴晶系）是七大晶系之一，其特征对称元素为 4 个按立方体体对角线排列的 C_3 轴（三重旋转轴）。立方晶胞满足："
"什么是等径球堆积？","等径球堆积是描述金属单质和部分离子晶体中原子/离子空间排布的基础模型。核心问题：等径球如何堆积能达到最高空间利用率？","无机和结构化学 晶体结构 等径球堆积 rc_30d 化竞","Chem::Core","[[等径球堆积]]","30d","概念卡","关键结论：
三种基本堆积方式
 |  堆积方式  |  层序  |  晶格类型  |  配位数  |  空间利用率  |  实例  | 
 | ------ | :---: | ------ | :---: | :---: | ------ | 
 |  立方密堆积（ccp） |  ABC  |  面心立方  |  12  |  74.05%  |  Cu, Ag, Au, Al  | 
 |  六方密堆积（hcp） |  AB  |  六方  |  12  |  74.05%  |  Mg,"
"等径球堆积 的关键结论有哪些？","三种基本堆积方式
 |  堆积方式  |  层序  |  晶格类型  |  配位数  |  空间利用率  |  实例  | 
 | ------ | :---: | ------ | :---: | :---: | ------ | 
 |  立方密堆积（ccp） |  ABC  |  面心立方  |  12  |  74.05%  |  Cu, Ag, Au, Al  | 
 |  六方密堆积（hcp） |  AB  |  六方  |  12  |  74.05%  |  Mg,","无机和结构化学 晶体结构 等径球堆积 rc_30d 化竞","Chem::Core","[[等径球堆积]]","30d","总结卡","等径球堆积是描述金属单质和部分离子晶体中原子/离子空间排布的基础模型。核心问题：等径球如何堆积能达到最高空间利用率？"
"等径球堆积 有哪些常见易错点？","• [待补充]","无机和结构化学 晶体结构 等径球堆积 rc_30d 化竞","Chem::Core","[[等径球堆积]]","30d","易错点卡","等径球堆积是描述金属单质和部分离子晶体中原子/离子空间排布的基础模型。核心问题：等径球如何堆积能达到最高空间利用率？"
"什么是等效点系？","等效点系（equivalent positions / Wyckoff positions）是指晶体中由空间群的对称操作相互联系的一组几何位置。晶体的空间群包含所有可能的对称操作（平移、旋转、反映、反演、螺旋轴、滑移面等），这些操作作用于晶胞中的某一点，产生一组等价的位置，这组位置构成一个等效点系。","无机和结构化学 结构化学 等效点系 rc_30d 化竞 晶体学 X射线衍射","Chem::Core","[[等效点系]]","30d","概念卡","关键结论：
• 等效点系是晶体结构的""基因""：给定空间群和原子占位，晶体结构完全确定• 一般位置的多重性最大：特殊位置因受对称元素约束，多重性较小• 同一Wyckoff位置只能被一种原子占据（或按一定比例混合占位）• ICSD/CSD数据库中晶体结构以Wyckoff位置记录"
"等效点系 的关键结论有哪些？","• 等效点系是晶体结构的""基因""：给定空间群和原子占位，晶体结构完全确定• 一般位置的多重性最大：特殊位置因受对称元素约束，多重性较小• 同一Wyckoff位置只能被一种原子占据（或按一定比例混合占位）• ICSD/CSD数据库中晶体结构以Wyckoff位置记录","无机和结构化学 结构化学 等效点系 rc_30d 化竞 晶体学 X射线衍射","Chem::Core","[[等效点系]]","30d","总结卡","等效点系（equivalent positions / Wyckoff positions）是指晶体中由空间群的对称操作相互联系的一组几何位置。晶体的空间群包含所有可能的对称操作（平移、旋转、反映、反演、螺旋轴、滑移面等），这些操作作用于晶胞中的某一点，产生一组等价的位置，这组位置构成一个等效点系。"
"等效点系 有哪些常见易错点？","• 混淆不同空间群中相同Wyckoff字母的含义• 忽视特殊位置中坐标的约束条件（如某坐标必须为0或1/2）• 计算多重性时未考虑点群阶数• 将等效点系与分数坐标混为一谈","无机和结构化学 结构化学 等效点系 rc_30d 化竞 晶体学 X射线衍射","Chem::Core","[[等效点系]]","30d","易错点卡","等效点系（equivalent positions / Wyckoff positions）是指晶体中由空间群的对称操作相互联系的一组几何位置。晶体的空间群包含所有可能的对称操作（平移、旋转、反映、反演、螺旋轴、滑移面等），这些操作作用于晶胞中的某一点，产生一组等价的位置，这组位置构成一个等效点系。"
"什么是等瓣相似？","等瓣相似（Isolobal Analogy）是由 Roald Hoffmann 提出的概念：具有相似前线轨道（数量、对称性、能量、电子占据）的分子碎片，在成键行为上相似。它是连接主族化学与过渡金属有机化学的桥梁，使得主族簇合物的结构规律可以类比到过渡金属簇合物中。","无机和结构化学 金属有机化学 等瓣相似 rc_30d 化竞 金属有机 配位化学 决赛","Chem::Core","[[等瓣相似]]","30d","概念卡","关键结论：
• 等瓣相似不是严格的数学等式，而是成键行为的类比：它描述的是""行为相似""而非""完全等价""，预测结果需结合实验验证。
• 经典对应关系：主族碎片 \mathrm{CH_4}、\mathrm{CH_3} \cdot、: \mathrm{CH_2} 分别对应过渡金属碎片 \mathrm{Cr(CO)_5}、\mathrm{Mn(CO)_5}、\mathrm{Fe(CO)_4}，体现了主族与过渡金属化学的深层联系。
• 等瓣相似可用于预测未知簇合物的结构和稳定性：通过已知主族簇（如硼烷）的结构类比，可推测未知金属羰基簇的可能构型。
• 硼烷与金属羰基簇遵循相似的成键规律：\mathrm{B_nH_m} 与金属羰基簇均可用 Wade 规则描述其骨架电子数与结构的关系。
• 适用范围：等瓣相似主要用于簇合物结构预测和反应性类比，不适用于单核配合物的精细电子结构分析。"
"等瓣相似 的关键结论有哪些？","• 等瓣相似不是严格的数学等式，而是成键行为的类比：它描述的是""行为相似""而非""完全等价""，预测结果需结合实验验证。
• 经典对应关系：主族碎片 \mathrm{CH_4}、\mathrm{CH_3} \cdot、: \mathrm{CH_2} 分别对应过渡金属碎片 \mathrm{Cr(CO)_5}、\mathrm{Mn(CO)_5}、\mathrm{Fe(CO)_4}，体现了主族与过渡金属化学的深层联系。
• 等瓣相似可用于预测未知簇合物的结构和稳定性：通过已知主族簇（如硼烷）的结构类比，可推测未知金属羰基簇的可能构型。
• 硼烷与金属羰基簇遵循相似的成键规律：\mathrm{B_nH_m} 与金属羰基簇均可用 Wade 规则描述其骨架电子数与结构的关系。
• 适用范围：等瓣相似主要用于簇合物结构预测和反应性类比，不适用于单核配合物的精细电子结构分析。","无机和结构化学 金属有机化学 等瓣相似 rc_30d 化竞 金属有机 配位化学 决赛","Chem::Core","[[等瓣相似]]","30d","总结卡","等瓣相似（Isolobal Analogy）是由 Roald Hoffmann 提出的概念：具有相似前线轨道（数量、对称性、能量、电子占据）的分子碎片，在成键行为上相似。它是连接主族化学与过渡金属有机化学的桥梁，使得主族簇合物的结构规律可以类比到过渡金属簇合物中。"
"等瓣相似 有哪些常见易错点？","• 误以为等瓣相似是严格的数学等价：等瓣相似是经验类比，描述的是前线轨道和成键行为的相似性，而非严格的数学等式或完全等价关系。
• 混淆等瓣相似与等电子体概念：等电子体强调总电子数相同（如 \mathrm{CO} 与 \mathrm{N_2}），而等瓣相似强调前线轨道的数量、对称性、能量和电子占据相似，两者是完全不同的概念。
• 忽略等瓣相似的适用范围：等瓣相似主要用于簇合物结构预测和反应性类比，不能用于单核配合物的精细电子结构分析或定量计算。","无机和结构化学 金属有机化学 等瓣相似 rc_30d 化竞 金属有机 配位化学 决赛","Chem::Core","[[等瓣相似]]","30d","易错点卡","等瓣相似（Isolobal Analogy）是由 Roald Hoffmann 提出的概念：具有相似前线轨道（数量、对称性、能量、电子占据）的分子碎片，在成键行为上相似。它是连接主族化学与过渡金属有机化学的桥梁，使得主族簇合物的结构规律可以类比到过渡金属簇合物中。"
"简单立方堆积 的关键结论有哪些？","• 配位数：6（上下、左右、前后各 1 个近邻）
• 晶胞含球数：1（8 \times 1/8 = 1）
• 空间利用率：52%——所有堆积方式中最低的
• a = 2r
• 实例极少：已知仅 \alpha-Po 采用此结构","无机和结构化学 晶体结构 简单立方堆积 rc_30d 化竞 堆积","Chem::Core","[[简单立方堆积]]","30d","总结卡",""
"什么是缔合-离解过程？","缔合（A, Associative）与离解（D, Dissociative）是两类基元反应，描述配合物或主族中心原子上的配体交换：","无机和结构化学 反应机理 缔合-离解过程 rc_30d 化竞 配位化学","Chem::Core","[[缔合-离解过程]]","30d","概念卡","关键结论：
4.1 主族元素中的对应关系
 |  中心原子  |  倾向  |  实例  | 
 | --- | --- | --- | 
 |  Si、Ge  |  A（高价中间体稳定）  |  \ce{SiF4 + 2F- \to [SiF6]^{2-}}  | 
 |  P、As、Sb  |  A  |  \ce{PCl5 + Cl- \to [PCl6]-}  | 
 |  S  |  A  |  \ce{SF4 + F- \to [SF5]-}  | 
 |  卤素  |  A  |  \ce{ICl + Cl- \to [ICl2]-}  | 
 |  Xe  |  A  |  \ce{XeF2 + F- \to [XeF3]-}  | 

4.2 过渡金属配合物中的应用
• d⁶ 强场配合物（如 \ce{[Co(NH3)6]^{3+}}）：通常 D 或 I_d
• d⁰、d¹⁰ 配合物：A 或 Iₐ 多见
• 典型例：\ce{[PtCl4]^{2-}} + \ce{NH3} \to \ce{[Pt(NH3)Cl3]-} + \ce{Cl-}（Iₐ 机理）

4.3 A 与 D 的 Hammond 后置
• A 过程：过渡态结构接近中间体（高配位）
• D 过程：过渡态结构接近离去后的中间体（低配位）"
"缔合-离解过程 的关键结论有哪些？","4.1 主族元素中的对应关系
 |  中心原子  |  倾向  |  实例  | 
 | --- | --- | --- | 
 |  Si、Ge  |  A（高价中间体稳定）  |  \ce{SiF4 + 2F- \to [SiF6]^{2-}}  | 
 |  P、As、Sb  |  A  |  \ce{PCl5 + Cl- \to [PCl6]-}  | 
 |  S  |  A  |  \ce{SF4 + F- \to [SF5]-}  | 
 |  卤素  |  A  |  \ce{ICl + Cl- \to [ICl2]-}  | 
 |  Xe  |  A  |  \ce{XeF2 + F- \to [XeF3]-}  | 

4.2 过渡金属配合物中的应用
• d⁶ 强场配合物（如 \ce{[Co(NH3)6]^{3+}}）：通常 D 或 I_d
• d⁰、d¹⁰ 配合物：A 或 Iₐ 多见
• 典型例：\ce{[PtCl4]^{2-}} + \ce{NH3} \to \ce{[Pt(NH3)Cl3]-} + \ce{Cl-}（Iₐ 机理）

4.3 A 与 D 的 Hammond 后置
• A 过程：过渡态结构接近中间体（高配位）
• D 过程：过渡态结构接近离去后的中间体（低配位）","无机和结构化学 反应机理 缔合-离解过程 rc_30d 化竞 配位化学","Chem::Core","[[缔合-离解过程]]","30d","总结卡","缔合（A, Associative）与离解（D, Dissociative）是两类基元反应，描述配合物或主族中心原子上的配体交换："
"缔合-离解过程 有哪些常见易错点？","• 把 A、D 的""中间体""和过渡态混淆
• 用速率方程一步定机理——还需结合活化参数
• 假定所有配合物取代都是 A 过程——忽视 d 电子配置的影响","无机和结构化学 反应机理 缔合-离解过程 rc_30d 化竞 配位化学","Chem::Core","[[缔合-离解过程]]","30d","易错点卡","缔合（A, Associative）与离解（D, Dissociative）是两类基元反应，描述配合物或主族中心原子上的配体交换："
"什么是角重叠模型？","角重叠模型（Angular Overlap Model, AOM）是由 Carl Ballhausen 发展的配体场理论，用微扰理论定量描述配体与金属 d 轨道的相互作用。它将晶体场理论中抽象的 Δ 分解为可计算的 e_σ 和 e_π 参数，从而更精确地解释和预测配合物的电子结构、几何构型和光谱性质。","无机和结构化学 配位化学 角重叠模型 rc_30d 化竞 分子轨道理论 决赛","Chem::Core","[[角重叠模型]]","30d","概念卡","关键结论：
• AOM 的核心是将 Δ 分解为 σ 和 π 分量：Δ = 2e_σ − 3e_π（π-受体）或 Δ = 2e_σ + 3e_π（π-给体），取决于 π 作用的符号
• e_σ 始终为正：任何 σ 相互作用都会使 eg（dz²、dx²-y²）能量升高
• e_π 的符号决定场强类型：π-受体 e_π < 0（t₂g 降低，Δ 增大）；π-给体 e_π > 0（t₂g 升高，Δ 减小）
• AOM 可定量计算任意几何构型下的 d 轨道能级：不仅是八面体，还包括四面体、平面四方等
• AOM 与晶体场理论的等价性：在八面体场中，AOM 退化为 CFT，但 AOM 更具普适性和可计算性"
"角重叠模型 的关键结论有哪些？","• AOM 的核心是将 Δ 分解为 σ 和 π 分量：Δ = 2e_σ − 3e_π（π-受体）或 Δ = 2e_σ + 3e_π（π-给体），取决于 π 作用的符号
• e_σ 始终为正：任何 σ 相互作用都会使 eg（dz²、dx²-y²）能量升高
• e_π 的符号决定场强类型：π-受体 e_π < 0（t₂g 降低，Δ 增大）；π-给体 e_π > 0（t₂g 升高，Δ 减小）
• AOM 可定量计算任意几何构型下的 d 轨道能级：不仅是八面体，还包括四面体、平面四方等
• AOM 与晶体场理论的等价性：在八面体场中，AOM 退化为 CFT，但 AOM 更具普适性和可计算性","无机和结构化学 配位化学 角重叠模型 rc_30d 化竞 分子轨道理论 决赛","Chem::Core","[[角重叠模型]]","30d","总结卡","角重叠模型（Angular Overlap Model, AOM）是由 Carl Ballhausen 发展的配体场理论，用微扰理论定量描述配体与金属 d 轨道的相互作用。它将晶体场理论中抽象的 Δ 分解为可计算的 e_σ 和 e_π 参数，从而更精确地解释和预测配合物的电子结构、几何构型和光谱性质。"
"角重叠模型 有哪些常见易错点？","• 混淆 e_π 的符号：π-受体使 t₂g 降低，e_π 为负；π-给体使 t₂g 升高，e_π 为正
• 忽略 AOM 是微扰近似：e_σ 和 e_π 是经验参数，严格计算需借助量子化学方法
• 将 AOM 与晶体场理论对立：两者是同一物理图像的不同数学表述，AOM 是 CFT 的精细化
• 忘记 e_σ 对所有配合物均为正：即使是弱场配体，σ 作用仍使 eg 升高","无机和结构化学 配位化学 角重叠模型 rc_30d 化竞 分子轨道理论 决赛","Chem::Core","[[角重叠模型]]","30d","易错点卡","角重叠模型（Angular Overlap Model, AOM）是由 Carl Ballhausen 发展的配体场理论，用微扰理论定量描述配体与金属 d 轨道的相互作用。它将晶体场理论中抽象的 Δ 分解为可计算的 e_σ 和 e_π 参数，从而更精确地解释和预测配合物的电子结构、几何构型和光谱性质。"
"什么是超氧化物与臭氧化物？","超氧化物（Superoxides）和臭氧化物（Ozonides）是碱金属（以及部分碱土金属）与氧形成的特殊含氧化合物，其中氧呈现非寻常的负分数氧化态。","无机和结构化学 元素化学 超氧化物与臭氧化物 rc_30d 化竞 氧族元素 离子化合物","Chem::Core","[[超氧化物与臭氧化物]]","30d","概念卡",""
"超氧化物与臭氧化物 有哪些常见易错点？","• 氧的氧化态计算错误：• 超氧化物 KO₂ 中，K 为 +1，设 O 平均氧化态为 x：+1 + 2x = 0 \Rightarrow x = -1/2• 不是 −1（那是过氧化物），也不是 −2（那是普通氧化物）• 正确：超氧化物中氧的氧化态为 −1/2• 混淆 O₂⁻ 与 O₂²⁻ 的磁性：• O₂⁻（超氧离子）：13 个价电子，1 个未成对电子 → 顺磁性• O₂²⁻（过氧离子）：14 个价电子，无未成对电子 → 反磁性• 竞赛中常通过磁性实验区分二者• 超氧化物与酸反应的产物：• 超氧化物与酸反应不仅生成盐，还放出 O₂ 和 H₂O₂• 例：2\mathrm{KO_2} + 2\mathrm{HCl} \rightarrow 2\mathrm{KCl} + \mathrm{H_2O_2} + \mathrm{O_2}\uparrow• 不要漏写 H₂O₂ 或 O₂","无机和结构化学 元素化学 超氧化物与臭氧化物 rc_30d 化竞 氧族元素 离子化合物","Chem::Core","[[超氧化物与臭氧化物]]","30d","易错点卡","超氧化物（Superoxides）和臭氧化物（Ozonides）是碱金属（以及部分碱土金属）与氧形成的特殊含氧化合物，其中氧呈现非寻常的负分数氧化态。"
"什么是过渡元素？","过渡元素（Transition Elements）：周期表中 d 区和 ds 区元素的总称，特征是 (n-1)\mathrm{d} 轨道未全空或未全满（IUPAC 严格定义）。","无机和结构化学 元素周期律 过渡元素 rc_30d 化竞 周期表 过渡金属","Chem::Core","[[过渡元素]]","30d","概念卡","关键结论：
过渡元素的共性
 |  共性  |  原因  |  实例  | 
 | --- | --- | --- | 
 |  多变价  |  d 与 s 能级接近  |  Mn(+2~+7)、V(+2~+5)  | 
 |  形成配合物  |  d 轨道空间多向、可接受配体电子对  |  [Fe(CN)₆]³⁻、[Cu(NH₃)₄]²⁺  | 
 |  化合物有色  |  d-d 跃迁吸收可见光  |  Cu²⁺ 蓝、Cr³⁺ 紫、Mn²⁺ 微红  | 
 |  顺磁性  |  含未配对 d 电子  |  Fe³⁺ (3d⁵, 5 unpaired)  | 
 |  催化活性  |  多变价 + d 轨道可配位  |  Fe（合成氨）、Pt（加氢）  | 
 |  金属性强  |  金属键 + 自由 d 电子  |  Fe、Cu、W  | 

同周期过渡系列原子半径变化
• 第一过渡系：半径变化平缓（每多 1 个原子减少 ~5 pm）
• 由于 (n-1)d 电子在次外层，屏蔽较强 → 同周期 $"
"过渡元素 的关键结论有哪些？","过渡元素的共性
 |  共性  |  原因  |  实例  | 
 | --- | --- | --- | 
 |  多变价  |  d 与 s 能级接近  |  Mn(+2~+7)、V(+2~+5)  | 
 |  形成配合物  |  d 轨道空间多向、可接受配体电子对  |  [Fe(CN)₆]³⁻、[Cu(NH₃)₄]²⁺  | 
 |  化合物有色  |  d-d 跃迁吸收可见光  |  Cu²⁺ 蓝、Cr³⁺ 紫、Mn²⁺ 微红  | 
 |  顺磁性  |  含未配对 d 电子  |  Fe³⁺ (3d⁵, 5 unpaired)  | 
 |  催化活性  |  多变价 + d 轨道可配位  |  Fe（合成氨）、Pt（加氢）  | 
 |  金属性强  |  金属键 + 自由 d 电子  |  Fe、Cu、W  | 

同周期过渡系列原子半径变化
• 第一过渡系：半径变化平缓（每多 1 个原子减少 ~5 pm）
• 由于 (n-1)d 电子在次外层，屏蔽较强 → 同周期 $","无机和结构化学 元素周期律 过渡元素 rc_30d 化竞 周期表 过渡金属","Chem::Core","[[过渡元素]]","30d","总结卡","过渡元素（Transition Elements）：周期表中 d 区和 ds 区元素的总称，特征是 (n-1)\mathrm{d} 轨道未全空或未全满（IUPAC 严格定义）。"
"过渡元素 有哪些常见易错点？","• ❌ 错：Sc 是 3d¹4s² → 价电子在 d 但很容易失成 Sc³⁺（无 d 电子，无色）
• ❌ 错：电离时先失 d 电子——实际先失 ns 电子（最外层）
• ❌ 错：","无机和结构化学 元素周期律 过渡元素 rc_30d 化竞 周期表 过渡金属","Chem::Core","[[过渡元素]]","30d","易错点卡","过渡元素（Transition Elements）：周期表中 d 区和 ds 区元素的总称，特征是 (n-1)\mathrm{d} 轨道未全空或未全满（IUPAC 严格定义）。"
"什么是配位化学？","配位化合物（配合物）是由中心离子（或原子）与配位体通过配位键结合形成的复杂离子或分子。配合物可划分为内界（中心离子 + 配体，方括号内）和外界（方括号外）两个部分。配位数是指中心离子所接受的配位原子数目。","无机和结构化学 决赛要求 配位化学 rc_30d 化竞 决赛 晶体场理论 磁性","Chem::Core","[[配位化学]]","30d","概念卡",""
"什么是配位反应方程式？","配位反应是中心离子（或原子）与配体通过配位键结合形成配合物，或配合物发生转化、分解的反应。配位反应方程式用化学式表示配位反应中反应物和产物的组成及计量关系。","无机和结构化学 配合物 配位反应方程式 rc_30d 化竞 方程式 化学计量","Chem::Core","[[配位反应方程式]]","30d","概念卡","关键结论：
4.1 配位平衡与沉淀溶解平衡

配合物的生成可使难溶盐溶解，沉淀剂的加入也可使配合物解离。典型实例：

\mathrm{AgCl} \xrightarrow{\mathrm{NH_3}} [\mathrm{Ag(NH_3)_2}]^+ \xrightarrow{\mathrm{Br^-}} \mathrm{AgBr} \xrightarrow{\mathrm{S_2O_3^{2-}}} [\mathrm{Ag(S_2O_3)_2}]^{3-} \xrightarrow{\mathrm{I^-}} \mathrm{AgI} \xrightarrow{\mathrm{CN^-}} [\mathrm{Ag(CN)_2}]^- \xrightarrow{\mathrm{S^{2-}}} \mathrm{Ag_2S}

规律：• 配合物 K_{\text{稳}} 越大，越能使 K_{\text{sp}} 小的难溶物溶解• 沉淀 K_{\text{sp}} 越小，越容易从配合物中沉淀出金属离子

 |  反应  |  平衡常数表达式  |  数值  | 
 | :--- | :--- | :---: | 
 |  \mathrm{AgCl} + 2\mathrm{NH_3} \rightleftharpoons [\mathrm{Ag(NH_3)_2}]^+ + \mathrm{Cl}^-  |  K = K_{\text{稳}} \cdot K_{\text{sp}}  |  2.0 \times 10^{-3}  | 
 |  \mathrm{AgBr} + 2\mathrm{S_2O_3^{2-}} \rightleftharpoons [\mathrm{Ag(S_2O_3)_2}]^{3-} + \mathrm{Br}^-  |  K = K_{\text{稳}} \cdot K_{\text{sp}}  |  16  | 
 |  \mathrm{AgI} + 2\mathrm{CN}^- \rightleftharpoons [\mathrm{Ag(CN)_2}]^- + \mathrm{I}^-  |  K = K_{\text{稳}} \cdot K_{\text{sp}}  |  1.1 \times 10^{5}  | 

4.2 配位平衡与酸碱平衡

许多配体是弱酸根（\mathrm{F^-}、\mathrm{CN^-}、\mathrm{SCN^-}、\mathrm{C_2O_4^{2-}} 等），加酸可使配位平衡向解离方向移动：

[\mathrm{FeF_6}]^{3-} \xrightarrow{\mathrm{H^+}} \mathrm{Fe^{3+}} + 6\mathrm{HF}

应用：通过控制 pH 提高配位反应的选择性。例如，控制 pH 4–5 时，EDTA 只与 $\mathrm{"
"配位反应方程式 的关键结论有哪些？","4.1 配位平衡与沉淀溶解平衡

配合物的生成可使难溶盐溶解，沉淀剂的加入也可使配合物解离。典型实例：

\mathrm{AgCl} \xrightarrow{\mathrm{NH_3}} [\mathrm{Ag(NH_3)_2}]^+ \xrightarrow{\mathrm{Br^-}} \mathrm{AgBr} \xrightarrow{\mathrm{S_2O_3^{2-}}} [\mathrm{Ag(S_2O_3)_2}]^{3-} \xrightarrow{\mathrm{I^-}} \mathrm{AgI} \xrightarrow{\mathrm{CN^-}} [\mathrm{Ag(CN)_2}]^- \xrightarrow{\mathrm{S^{2-}}} \mathrm{Ag_2S}

规律：• 配合物 K_{\text{稳}} 越大，越能使 K_{\text{sp}} 小的难溶物溶解• 沉淀 K_{\text{sp}} 越小，越容易从配合物中沉淀出金属离子

 |  反应  |  平衡常数表达式  |  数值  | 
 | :--- | :--- | :---: | 
 |  \mathrm{AgCl} + 2\mathrm{NH_3} \rightleftharpoons [\mathrm{Ag(NH_3)_2}]^+ + \mathrm{Cl}^-  |  K = K_{\text{稳}} \cdot K_{\text{sp}}  |  2.0 \times 10^{-3}  | 
 |  \mathrm{AgBr} + 2\mathrm{S_2O_3^{2-}} \rightleftharpoons [\mathrm{Ag(S_2O_3)_2}]^{3-} + \mathrm{Br}^-  |  K = K_{\text{稳}} \cdot K_{\text{sp}}  |  16  | 
 |  \mathrm{AgI} + 2\mathrm{CN}^- \rightleftharpoons [\mathrm{Ag(CN)_2}]^- + \mathrm{I}^-  |  K = K_{\text{稳}} \cdot K_{\text{sp}}  |  1.1 \times 10^{5}  | 

4.2 配位平衡与酸碱平衡

许多配体是弱酸根（\mathrm{F^-}、\mathrm{CN^-}、\mathrm{SCN^-}、\mathrm{C_2O_4^{2-}} 等），加酸可使配位平衡向解离方向移动：

[\mathrm{FeF_6}]^{3-} \xrightarrow{\mathrm{H^+}} \mathrm{Fe^{3+}} + 6\mathrm{HF}

应用：通过控制 pH 提高配位反应的选择性。例如，控制 pH 4–5 时，EDTA 只与 $\mathrm{","无机和结构化学 配合物 配位反应方程式 rc_30d 化竞 方程式 化学计量","Chem::Core","[[配位反应方程式]]","30d","总结卡","配位反应是中心离子（或原子）与配体通过配位键结合形成配合物，或配合物发生转化、分解的反应。配位反应方程式用化学式表示配位反应中反应物和产物的组成及计量关系。"
"配位反应方程式 有哪些常见易错点？","• 忽略配体消耗：写平衡计算时，忘记从初始浓度中减去与金属离子配位所消耗的配体量• 混淆逐级与总常数：用总 K_{\text{稳}} 时，配体指数必须是最高配位数；用逐级常数时，要分步计算• 沉淀溶解判断失误：只比较 K_{\text{稳}} 大小，忘记同时考虑 K_{\text{sp}} 和试剂浓度• pH 影响遗漏：含弱酸根配体（F⁻、CN⁻、C₂O₄²⁻）时，酸性条件下配位平衡会移动","无机和结构化学 配合物 配位反应方程式 rc_30d 化竞 方程式 化学计量","Chem::Core","[[配位反应方程式]]","30d","易错点卡","配位反应是中心离子（或原子）与配体通过配位键结合形成配合物，或配合物发生转化、分解的反应。配位反应方程式用化学式表示配位反应中反应物和产物的组成及计量关系。"
"什么是配位场理论？","配位场理论（Ligand Field Theory, LFT）是描述过渡金属配合物电子结构的核心理论。它综合了晶体场理论（Crystal Field Theory, CFT）的静电作用图像与分子轨道理论（MO）的共价作用图像，通过分析配位体场对中心金属离子d轨道的微扰作用，解释配合物的几何构型、磁性、颜色、稳定性及光谱性质。","无机和结构化学 配位化学 配位场理论 rc_30d 化竞","Chem::Core","[[晶体场理论]]","30d","概念卡",""
"什么是配位数？","配位数（Coordination Number, CN）：在晶体结构中，一个原子（或离子）周围直接相邻的异号原子（或离子）的数目。在配合物化学中，也指中心金属离子周围直接配位的配位原子数。","无机和结构化学 晶体结构 配位数 rc_30d 化竞 配合物","Chem::Core","[[配位数]]","30d","概念卡",""
"什么是配体交换反应？","σ-键复分解（σ-Bond Metathesis）：两个 σ 键在四中心协同过渡态中同时断裂、重新组合，得到两个新的 σ 键。无氧化态变化，无中间体。","无机和结构化学 反应机理 配体交换反应 rc_30d","Chem::Core","[[配体交换反应]]","30d","概念卡","关键结论：
4.1 早过渡金属（d⁰）特别擅长 σ-bond metathesis• d⁰ 金属（如 Sc³⁺、Ti⁴⁺、"
"配体交换反应 的关键结论有哪些？","4.1 早过渡金属（d⁰）特别擅长 σ-bond metathesis• d⁰ 金属（如 Sc³⁺、Ti⁴⁺、","无机和结构化学 反应机理 配体交换反应 rc_30d","Chem::Core","[[配体交换反应]]","30d","总结卡","σ-键复分解（σ-Bond Metathesis）：两个 σ 键在四中心协同过渡态中同时断裂、重新组合，得到两个新的 σ 键。无氧化态变化，无中间体。"
"配体交换反应 有哪些常见易错点？","• 把 σ-bond metathesis 和 SN2 混淆• 忘记早过渡金属（d⁰）才是典型的复分解中心• 把烯烃复分解（[2+2]）也叫 σ-bond metathesis（应叫 olefin/π-bond metathesis）","无机和结构化学 反应机理 配体交换反应 rc_30d","Chem::Core","[[配体交换反应]]","30d","易错点卡","σ-键复分解（σ-Bond Metathesis）：两个 σ 键在四中心协同过渡态中同时断裂、重新组合，得到两个新的 σ 键。无氧化态变化，无中间体。"
"金 的关键结论有哪些？","• Au 的常见氧化态为 +3（\mathrm{HAuCl}_4、\mathrm{AuCl}_3、\mathrm{Au}_2\mathrm{O}_3）
• Au 只能溶于王水（氧化性 + 络合性协同作用）
• \mathrm{Au(OH)}_3 为两性（以酸性为主）
• 铂系元素中 Ru 和 Os 可以有 +8 氧化态（\mathrm{OsO}_4 是稳定氧化物）
• Pt-Pt-Rh 热电偶常用于高温测量（约 1300^{\circ}\mathrm{C}）
• 三元催化剂（Pt-Rh-Pd）用于汽车尾气净化","无机和结构化学 元素化学 金 rc_30d 化竞 过渡金属","Chem::Core","[[金]]","30d","总结卡",""
"金刚石型结构 的关键结论有哪些？","晶胞参数
• 金刚石属面心立方晶胞，含 8 个 C 原子（4 个 fcc + 4 个 Td 交替填充）
• 空间利用率仅 34%（共价键方向性导致，远低于金属最密堆积的 74%）
• C—C 键长 154 pm，配位数 4（sp³ 正四面体）

性质（§13.4.4）
• 自然界中硬度最大的晶体之一
• 精密机械中每年消耗几百万克拉（1 克拉 = 200 mg）
• 用做金属表面磨料、石油勘探钻头

共价晶体特征
金刚石是共价晶体（原子晶体）的典型代表——低配位数（4）、低空间利用率（34%）、高熔点、高硬度、不导电、整个晶体是一个巨大分子。","无机和结构化学 晶体结构 金刚石型结构 rc_30d 化竞 典型结构","Chem::Core","[[金刚石型结构]]","30d","总结卡",""
"什么是金化学？","金（Gold, Au）是原子序数为79的贵金属元素，位于周期表第六周期IB族（铜族）。金是化学性质最稳定的金属之一，在自然界可以单质形式存在。金的价电子构型为5d¹⁰6s¹，常见氧化态为+1和+3。","无机和结构化学 元素化学 金化学 rc_30d 化竞 贵金属 ds区元素","Chem::Core","[[金化学]]","30d","概念卡","关键结论：
• 金是最惰性的金属之一：自然界有单质存在，不溶于普通酸• 王水溶解金是氧化+配合双重作用：HNO₃氧化Au，Cl⁻形成[AuCl₄]⁻• 金最稳定的氧化态是+3：Au³⁺/Au电势约+1.50 V• 氰化法是工业提金的主要方法：利用[Au(CN)₂]⁻的稳定性• 相对论效应显著影响金的性质：颜色、惰性、亲金作用"
"金化学 的关键结论有哪些？","• 金是最惰性的金属之一：自然界有单质存在，不溶于普通酸• 王水溶解金是氧化+配合双重作用：HNO₃氧化Au，Cl⁻形成[AuCl₄]⁻• 金最稳定的氧化态是+3：Au³⁺/Au电势约+1.50 V• 氰化法是工业提金的主要方法：利用[Au(CN)₂]⁻的稳定性• 相对论效应显著影响金的性质：颜色、惰性、亲金作用","无机和结构化学 元素化学 金化学 rc_30d 化竞 贵金属 ds区元素","Chem::Core","[[金化学]]","30d","总结卡","金（Gold, Au）是原子序数为79的贵金属元素，位于周期表第六周期IB族（铜族）。金是化学性质最稳定的金属之一，在自然界可以单质形式存在。金的价电子构型为5d¹⁰6s¹，常见氧化态为+1和+3。"
"金化学 有哪些常见易错点？","• 金溶于王水是HNO₃和HCl的协同作用，不是单一酸的性质• 金的最稳定氧化态是+3，不是+1（与银不同）• [AuCl₄]⁻中Au为+3价，配位数4，平面四方形构型• 不要把""亲金作用""(aurophilicity)与金属键混淆","无机和结构化学 元素化学 金化学 rc_30d 化竞 贵金属 ds区元素","Chem::Core","[[金化学]]","30d","易错点卡","金（Gold, Au）是原子序数为79的贵金属元素，位于周期表第六周期IB族（铜族）。金是化学性质最稳定的金属之一，在自然界可以单质形式存在。金的价电子构型为5d¹⁰6s¹，常见氧化态为+1和+3。"
"什么是金属-金属键？","金属-金属键（Metal-Metal Bond） 是指两个或多个金属原子之间直接形成的共价键。含有金属-金属键的化合物称为金属簇（metal clusters） 或原子簇。","无机和结构化学 结构化学 金属-金属键 rc_30d 化竞 配合物 簇合物","Chem::Core","[[金属-金属键]]","30d","概念卡","关键结论：
• M—M键强度趋势：d区同族金属所形成的M—M键自上而下依次增强（与p区元素相反，p区同族中较重元素之间的化学键较弱）。这导致4d和5d金属元素通过M—M键形成的化合物为数众多。• \delta键的特点：\delta键是弱键，M\equivM三重键的键长往往类似四重键键长。\delta键能将络合物锁定在重叠构象。• 前d区金属簇合物很少：f区元素的金属有机簇合物尚属未知。第6~10族d区元素存在大量金属簇羰基化合物。"
"金属-金属键 的关键结论有哪些？","• M—M键强度趋势：d区同族金属所形成的M—M键自上而下依次增强（与p区元素相反，p区同族中较重元素之间的化学键较弱）。这导致4d和5d金属元素通过M—M键形成的化合物为数众多。• \delta键的特点：\delta键是弱键，M\equivM三重键的键长往往类似四重键键长。\delta键能将络合物锁定在重叠构象。• 前d区金属簇合物很少：f区元素的金属有机簇合物尚属未知。第6~10族d区元素存在大量金属簇羰基化合物。","无机和结构化学 结构化学 金属-金属键 rc_30d 化竞 配合物 簇合物","Chem::Core","[[金属-金属键]]","30d","总结卡","金属-金属键（Metal-Metal Bond） 是指两个或多个金属原子之间直接形成的共价键。含有金属-金属键的化合物称为金属簇（metal clusters） 或原子簇。"
"金属-金属键 有哪些常见易错点？","• CVE计算误区：总CVE数不等于各金属18电子之和，需要减去M—M键重复计算的电子（每个M—M键减2）。• \delta键的弱键性：虽然\delta键是弱键，但它对构象有决定性影响，不能忽略。• 键级与键长的非单调关系：由于\delta键较弱，三重键键长往往与四重键相近。• M—M键与桥配体的混淆：桥配体可以维系金属骨架，但不等同于M—M键。判断时需结合键长数据。","无机和结构化学 结构化学 金属-金属键 rc_30d 化竞 配合物 簇合物","Chem::Core","[[金属-金属键]]","30d","易错点卡","金属-金属键（Metal-Metal Bond） 是指两个或多个金属原子之间直接形成的共价键。含有金属-金属键的化合物称为金属簇（metal clusters） 或原子簇。"
"什么是金属晶体？","金属原子通过金属键结合，在空间中周期性排列的晶体。可用等径球堆积模型描述。","无机和结构化学 晶体结构 金属晶体 rc_30d 化竞","Chem::Core","[[金属晶体]]","30d","概念卡","关键结论：
金属 Cu 原子半径计算（例 13.1，图 13.10）
Cu 为面心立方，a = 0.356\,\mathrm{nm}：
• (4r)^2 = a^2 + a^2 = 2a^2
• r = \dfrac{\sqrt{2}}{4}a = \dfrac{\sqrt{2}}{4} \times 0.356 = 0.126\,\mathrm{nm}

Na 原子半径
Na 为体心立方，r = (\sqrt{3}/4)a

Po 原子半径
Po 为简单立方，r = a/2

金属性质概要（表 13.5）
• 多数密堆积（配位数 ≥ 6）
• 熔点一般较高（部分低，如 Hg 为液体）
• 硬度一般较大（部分软）
• 延展性好、导电导热性好"
"金属晶体 的关键结论有哪些？","金属 Cu 原子半径计算（例 13.1，图 13.10）
Cu 为面心立方，a = 0.356\,\mathrm{nm}：
• (4r)^2 = a^2 + a^2 = 2a^2
• r = \dfrac{\sqrt{2}}{4}a = \dfrac{\sqrt{2}}{4} \times 0.356 = 0.126\,\mathrm{nm}

Na 原子半径
Na 为体心立方，r = (\sqrt{3}/4)a

Po 原子半径
Po 为简单立方，r = a/2

金属性质概要（表 13.5）
• 多数密堆积（配位数 ≥ 6）
• 熔点一般较高（部分低，如 Hg 为液体）
• 硬度一般较大（部分软）
• 延展性好、导电导热性好","无机和结构化学 晶体结构 金属晶体 rc_30d 化竞","Chem::Core","[[金属晶体]]","30d","总结卡","金属原子通过金属键结合，在空间中周期性排列的晶体。可用等径球堆积模型描述。"
"金属晶体 有哪些常见易错点？","• [待补充]","无机和结构化学 晶体结构 金属晶体 rc_30d 化竞","Chem::Core","[[金属晶体]]","30d","易错点卡","金属原子通过金属键结合，在空间中周期性排列的晶体。可用等径球堆积模型描述。"
"什么是金红石型结构？","• 四方晶系（tetragonal P）
• Ti⁴⁺ 配位数 6（八面体），O²⁻ 配位数 3（平面三角形）
• TiO₆ 八面体共边成链","无机和结构化学 晶体结构 金红石型结构 rc_30d 化竞 典型结构","Chem::Core","[[金红石型结构]]","30d","概念卡","关键结论：
• 四方晶系，对称性低于立方晶系
• AB₂ 型，与萤石型（CaF₂）互为重要的 AB₂ 结构的两种代表
• 实例：\mathrm{TiO_2}（金红石）、\mathrm{SnO_2}、\mathrm{MnO_2}、\mathrm{RuO_2}、\mathrm{GeO_2}"
"金红石型结构 的关键结论有哪些？","• 四方晶系，对称性低于立方晶系
• AB₂ 型，与萤石型（CaF₂）互为重要的 AB₂ 结构的两种代表
• 实例：\mathrm{TiO_2}（金红石）、\mathrm{SnO_2}、\mathrm{MnO_2}、\mathrm{RuO_2}、\mathrm{GeO_2}","无机和结构化学 晶体结构 金红石型结构 rc_30d 化竞 典型结构","Chem::Core","[[金红石型结构]]","30d","总结卡","• 四方晶系（tetragonal P）
• Ti⁴⁺ 配位数 6（八面体），O²⁻ 配位数 3（平面三角形）
• TiO₆ 八面体共边成链"
"金红石型结构 有哪些常见易错点？","• [待补充]","无机和结构化学 晶体结构 金红石型结构 rc_30d 化竞 典型结构","Chem::Core","[[金红石型结构]]","30d","易错点卡","• 四方晶系（tetragonal P）
• Ti⁴⁺ 配位数 6（八面体），O²⁻ 配位数 3（平面三角形）
• TiO₆ 八面体共边成链"
"什么是钒？","• [Ar]3d³4s²• 氧化态丰富多彩（+5 ~ −1），以 +5 最重要• V₂O₅：橙黄色，两性（溶于酸和碱），重要催化剂","无机和结构化学 元素化学 钒 rc_30d 化竞 过渡金属","Chem::Core","[[钒]]","30d","概念卡","关键结论：
• V 的常见氧化态为 +5 和 +4，水溶液中颜色多变• \mathrm{V}_2\mathrm{O}_5 是橙黄色两性氧化物，溶于酸和碱，是重要催化剂（如接触法制硫酸）• VB 族金属（V、Nb、Ta）熔点很高：V 1910°C，Nb 2478°C，Ta 3017°C• V 和同族的 Nb、Ta 都容易形成多酸"
"钒 的关键结论有哪些？","• V 的常见氧化态为 +5 和 +4，水溶液中颜色多变• \mathrm{V}_2\mathrm{O}_5 是橙黄色两性氧化物，溶于酸和碱，是重要催化剂（如接触法制硫酸）• VB 族金属（V、Nb、Ta）熔点很高：V 1910°C，Nb 2478°C，Ta 3017°C• V 和同族的 Nb、Ta 都容易形成多酸","无机和结构化学 元素化学 钒 rc_30d 化竞 过渡金属","Chem::Core","[[钒]]","30d","总结卡","• [Ar]3d³4s²• 氧化态丰富多彩（+5 ~ −1），以 +5 最重要• V₂O₅：橙黄色，两性（溶于酸和碱），重要催化剂"
"钒 有哪些常见易错点？","• [待补充]","无机和结构化学 元素化学 钒 rc_30d 化竞 过渡金属","Chem::Core","[[钒]]","30d","易错点卡","• [Ar]3d³4s²• 氧化态丰富多彩（+5 ~ −1），以 +5 最重要• V₂O₅：橙黄色，两性（溶于酸和碱），重要催化剂"
"什么是钙钛矿？","钙钛矿（Perovskite）是一类化学通式为 \mathrm{ABX_3} 的化合物，其名称来源于天然矿物钙钛矿 \mathrm{CaTiO_3}。这类结构具有极高的结构可调性，是固体化学和材料科学中最重要的结构类型之一。","无机和结构化学 晶体结构 钙钛矿 rc_30d 化竞 无机材料","Chem::Core","[[钙钛矿]]","30d","概念卡","关键结论：
Goldschmidt 容差因子

钙钛矿结构能否稳定存在，可以用 Goldschmidt 容差因子 t 来判断：

t = \frac{r_\mathrm{A} + r_\mathrm{X}}{\sqrt{2}(r_\mathrm{B} + r_\mathrm{X})}

 |  t 范围  |  结构类型  |  实例  | 
 | :---: | :--- | :--- | 
 |  0.80 \leq t \leq 1.00  |  立方/四方/正交钙钛矿  |  \mathrm{SrTiO_3}、\mathrm{BaTiO_3}  | 
 |  t > 1.00  |  六方钙钛矿（A 离子过大）  |  \mathrm{BaNiO_3}  | 
 |  t < 0.80  |  非钙钛矿结构（如橄榄石型）  |  \mathrm{MgSiO_3}  |"
"钙钛矿 的关键结论有哪些？","Goldschmidt 容差因子

钙钛矿结构能否稳定存在，可以用 Goldschmidt 容差因子 t 来判断：

t = \frac{r_\mathrm{A} + r_\mathrm{X}}{\sqrt{2}(r_\mathrm{B} + r_\mathrm{X})}

 |  t 范围  |  结构类型  |  实例  | 
 | :---: | :--- | :--- | 
 |  0.80 \leq t \leq 1.00  |  立方/四方/正交钙钛矿  |  \mathrm{SrTiO_3}、\mathrm{BaTiO_3}  | 
 |  t > 1.00  |  六方钙钛矿（A 离子过大）  |  \mathrm{BaNiO_3}  | 
 |  t < 0.80  |  非钙钛矿结构（如橄榄石型）  |  \mathrm{MgSiO_3}  |","无机和结构化学 晶体结构 钙钛矿 rc_30d 化竞 无机材料","Chem::Core","[[钙钛矿]]","30d","总结卡","钙钛矿（Perovskite）是一类化学通式为 \mathrm{ABX_3} 的化合物，其名称来源于天然矿物钙钛矿 \mathrm{CaTiO_3}。这类结构具有极高的结构可调性，是固体化学和材料科学中最重要的结构类型之一。"
"钙钛矿 有哪些常见易错点？","• [待补充]","无机和结构化学 晶体结构 钙钛矿 rc_30d 化竞 无机材料","Chem::Core","[[钙钛矿]]","30d","易错点卡","钙钛矿（Perovskite）是一类化学通式为 \mathrm{ABX_3} 的化合物，其名称来源于天然矿物钙钛矿 \mathrm{CaTiO_3}。这类结构具有极高的结构可调性，是固体化学和材料科学中最重要的结构类型之一。"
"钛 的关键结论有哪些？","• Ti 的主要氧化态为 +4（最稳定）和 +3• \mathrm{TiO}_2 是最重要的白色颜料（钛白），熔点高、化学稳定性好• Ti 在地壳中丰度不低但冶炼困难（比铁昂贵），性能优于铁（耐腐蚀、抗张强度好）• \mathrm{TiCl}_4 是共价化合物，强烈水解，在空气中发烟• d 区金属在高温可与 N、B、Si、C 等形成间隙化合物（如 TiN），是耐腐蚀、耐磨的高硬度特种材料","无机和结构化学 元素化学 钛 rc_30d 化竞 过渡金属","Chem::Core","[[钛]]","30d","总结卡",""
"什么是钛铬锰铁钴镍铜锌基础元素化学？","**钛（Ti）、铬（Cr）、锰（Mn）、铁（Fe）、钴（Co）、镍（Ni）、铜（Cu）、锌（","无机和结构化学 基础要求-无机和结构化学 元素化学 钛铬锰铁钴镍铜锌基础元素化学 rc_30d 化竞 无机化学 过渡金属 d区元素","Chem::Core","[[钛铬锰铁钴镍铜锌基础元素化学]]","30d","概念卡",""
"钛铬锰铁钴镍铜锌基础元素化学 有哪些常见易错点？","• KMnO₄ 在酸性条件下被还原为 Mn²⁺（无色），不是 MnO₂（棕色）• Cu⁺ 在水溶液中歧化，不能稳定存在——但 CuI、Cu₂O 固态稳定• CoCl₂ 的颜色变化：无水 CoCl₂ 蓝色，水合 [Co(H₂O)₆]²⁺ 粉红——用于硅胶干燥剂指示
-","无机和结构化学 基础要求-无机和结构化学 元素化学 钛铬锰铁钴镍铜锌基础元素化学 rc_30d 化竞 无机化学 过渡金属 d区元素","Chem::Core","[[钛铬锰铁钴镍铜锌基础元素化学]]","30d","易错点卡","**钛（Ti）、铬（Cr）、锰（Mn）、铁（Fe）、钴（Co）、镍（Ni）、铜（Cu）、锌（"
"钨 的关键结论有哪些？","• W 是熔点最高的金属（3422^{\circ}\mathrm{C}），用于灯丝材料、高温合金• W 与 Mo 同属 VIB 族，容易形成同多酸和杂多酸• 磷钨酸 \mathrm{H_3[PW_{12}O_{40}]} 为 Keggin 型杂多酸，结构经典• 钨青铜 \mathrm{M}_x\mathrm{WO_3} 为非化学计量化合物，具有金属光泽• WC、\mathrm{W_2C} 为间隙化合物，耐腐蚀、耐高温、高硬度","无机和结构化学 元素化学 钨 rc_30d 化竞 过渡金属","Chem::Core","[[钨]]","30d","总结卡",""
"什么是钪化学？","钪（Scandium, Sc）是原子序数为21的过渡金属元素，位于周期表第四周期ⅢB族。钪与钇（Y）及15种镧系元素共17种元素被称为稀土元素。钪的价电子构型为3d¹4s²，常见氧化态为+3。","无机和结构化学 元素化学 钪化学 rc_30d 化竞 稀土元素 d区元素","Chem::Core","[[钪化学]]","30d","概念卡","关键结论：
• 钪是稀土元素的一员：与钇、镧系元素共17种稀土元素• 钪只显+3价：失去3d¹4s²后形成稳定稀有气体构型• Sc(OH)₃显弱碱性：在d区元素中是少数明显显碱性的氢氧化物• 钪的还原性强：E°(Sc³⁺/Sc) = -2.03 V，比Al更负• 钪采取六方密堆积(A3)：与Be、Mg、Ti、"
"钪化学 的关键结论有哪些？","• 钪是稀土元素的一员：与钇、镧系元素共17种稀土元素• 钪只显+3价：失去3d¹4s²后形成稳定稀有气体构型• Sc(OH)₃显弱碱性：在d区元素中是少数明显显碱性的氢氧化物• 钪的还原性强：E°(Sc³⁺/Sc) = -2.03 V，比Al更负• 钪采取六方密堆积(A3)：与Be、Mg、Ti、","无机和结构化学 元素化学 钪化学 rc_30d 化竞 稀土元素 d区元素","Chem::Core","[[钪化学]]","30d","总结卡","钪（Scandium, Sc）是原子序数为21的过渡金属元素，位于周期表第四周期ⅢB族。钪与钇（Y）及15种镧系元素共17种元素被称为稀土元素。钪的价电子构型为3d¹4s²，常见氧化态为+3。"
"钪化学 有哪些常见易错点？","• 钪属于d区元素，但也是稀土元素——不要只记其一• Sc³⁺的还原性很强（E° = -2.03 V），比Al³⁺更强• 钪没有可变氧化态——与其他过渡金属不同• 稀土元素包括Sc、Y和15种镧系元素，共17种","无机和结构化学 元素化学 钪化学 rc_30d 化竞 稀土元素 d区元素","Chem::Core","[[钪化学]]","30d","易错点卡","钪（Scandium, Sc）是原子序数为21的过渡金属元素，位于周期表第四周期ⅢB族。钪与钇（Y）及15种镧系元素共17种元素被称为稀土元素。钪的价电子构型为3d¹4s²，常见氧化态为+3。"
"什么是钴？","• [Ar]3d⁷4s²• 重要氧化态：+2（最稳定）、+3（强氧化剂，但配合物中可稳定）","无机和结构化学 元素化学 钴 rc_30d 化竞 过渡金属","Chem::Core","[[钴]]","30d","概念卡","关键结论：
• \mathrm{Co}^{3+} 简单水合离子极不稳定（强氧化剂，E^{\ominus}=1.92\mathrm{V}），但形成配合物后可稳定• \mathrm{CoCl}_2 的颜色变化源于配位环境变化（\mathrm{Co(H}_2\mathrm{O)}_6^{2+} 粉红 \leftrightarrow \mathrm{CoCl}_4^{2-} 蓝）• \mathrm{Co(NH}_3)_6^{3+} 是反磁性的（低自旋 \mathrm{t}_{2\mathrm{g}}^6\mathrm{e_g}^0）• \mathrm{Co(CN)}_6^{4-} 是强还原剂（\mathrm{e_g}^1 电子易丢失）• d 区 VIII 族元素配合物的详细研究对配位化学理论的发展有重要作用"
"钴 的关键结论有哪些？","• \mathrm{Co}^{3+} 简单水合离子极不稳定（强氧化剂，E^{\ominus}=1.92\mathrm{V}），但形成配合物后可稳定• \mathrm{CoCl}_2 的颜色变化源于配位环境变化（\mathrm{Co(H}_2\mathrm{O)}_6^{2+} 粉红 \leftrightarrow \mathrm{CoCl}_4^{2-} 蓝）• \mathrm{Co(NH}_3)_6^{3+} 是反磁性的（低自旋 \mathrm{t}_{2\mathrm{g}}^6\mathrm{e_g}^0）• \mathrm{Co(CN)}_6^{4-} 是强还原剂（\mathrm{e_g}^1 电子易丢失）• d 区 VIII 族元素配合物的详细研究对配位化学理论的发展有重要作用","无机和结构化学 元素化学 钴 rc_30d 化竞 过渡金属","Chem::Core","[[钴]]","30d","总结卡","• [Ar]3d⁷4s²• 重要氧化态：+2（最稳定）、+3（强氧化剂，但配合物中可稳定）"
"钴 有哪些常见易错点？","• [待补充]","无机和结构化学 元素化学 钴 rc_30d 化竞 过渡金属","Chem::Core","[[钴]]","30d","易错点卡","• [Ar]3d⁷4s²• 重要氧化态：+2（最稳定）、+3（强氧化剂，但配合物中可稳定）"
"钼 的关键结论有哪些？","• Mo 位于 VIB 族第五周期，价电子构型 4\mathrm{d}^{5}5\mathrm{s}^{1}，常见氧化态 +6
• Mo 和 W、V 容易形成多酸（同多酸和杂多酸），多酸在催化领域有应用前景
• \mathrm{MoS_2} 为层状结构，可作固体润滑剂（类石墨）
• 钼与铼处于斜角线位置，铼化学性质与 Mn 相似
• 钼的熔点高达 2623^{\circ}\mathrm{C}，密度 10.22\mathrm{g}\cdot\mathrm{cm}^{-3}","无机和结构化学 元素化学 钼 rc_30d 化竞 过渡金属","Chem::Core","[[钼]]","30d","总结卡",""
"铁 的关键结论有哪些？","• Fe 是地壳中丰度第四的元素（质量克拉克 10^0 量级），最重要工业金属• 普鲁士蓝 = 滕氏蓝（同一种物质），是 \mathrm{Fe(II)} 和 \mathrm{Fe(III)} 的混合价态（同素异价）化合物• 高炉炼铁主要还原剂是 CO（非焦炭直接还原）• \mathrm{FeSO}_4\cdot(\mathrm{NH}_4)_2\mathrm{SO}_4\cdot 6\mathrm{H}_2\mathrm{O}（硫酸亚铁铵/莫尔盐）是实验室常用的稳定亚铁盐• 含不同结晶水的 \mathrm{FeCl}_3 脱水需用 \mathrm{SOCl}_2 而非直接加热（防止水解）","无机和结构化学 元素化学 铁 rc_30d 化竞 过渡金属","Chem::Core","[[铁]]","30d","总结卡",""
"什么是铁配合物？","铁配合物是以铁为中心金属原子（或离子）、与配体通过配位键结合形成的化合物。常见氧化态为 +2 和 +3，偶尔出现 +4、+6（如高铁酸盐 [\mathrm{FeO_4}]^{2-}）。","无机和结构化学 配合物 铁配合物 rc_30d 化竞 过渡金属 晶体场理论","Chem::Core","[[铁配合物]]","30d","概念卡","关键结论：
4.1 Fe(II) 与 Fe(III) 配合物的比较

 |  性质  |  Fe(II) 配合物  |  Fe(III) 配合物  | 
 | :--- | :--- | :--- | 
 |  d 电子数  |  d⁶  |  d⁵  | 
 |  氧化还原性  |  易被氧化（还原性）  |  可被还原，也可氧化其他物质  | 
 |  水解倾向  |  较弱  |  较强（溶液显酸性）  | 
 |  典型颜色  |  淡绿、黄、深红（phen）  |  淡紫、黄、血红（SCN⁻）  | 
 |  高低自旋  |  弱场高自旋，强场低自旋  |  弱场高自旋，强场低自旋  | 
 |  稳定化能（弱场）  |  -0.4\Delta_o  |  0  | 
 |  稳定化能（强场）  |  -2.4\Delta_o + 2P  |  -2.0\Delta_o + 2P  | 

4.2 铁配合物的颜色

 |  配合物  |  d 电子  |  自旋状态  |  颜色  |  来源  | 
 | :--- | :---: | :---: | :---: | :--- | 
 |  [\mathrm{Fe(H_2O)_6}]^{2+}  |  d⁶  |  高自旋  |  淡绿色  |  d-d 跃迁  | 
 |  [\mathrm{Fe(H_2O)_6}]^{3+}  |  d⁵  |  高自旋  |  淡紫色  |  d-d 跃迁  | 
 |  [\mathrm{Fe(CN)_6}]^{4-}  |  d⁶  |  低自旋  |  黄色  |  d-d 跃迁  | 
 |  [\mathrm{Fe(CN)_6}]^{3-}  |  d⁵  |  低自旋  |  红色  |  d-d 跃迁  | 
 |  [\mathrm{Fe(SCN)}]^{2+}  |  —  |  —  |  血红色  |  荷移跃迁  | 
 |  [\mathrm{Fe(phen)_3}]^{2+}  |  d⁶  |  低自旋  |  深红色  |  d-d 跃迁  | 

4.3 铁配合物的生物功能

铁是生物体内利用最多的 d 区元素：• 血红蛋白/肌红蛋白：Fe(II) 卟啉配合物，可逆结合 O₂• 细胞色素：Fe(III)/Fe(II) 氧化还原电子传递• 铁硫蛋白：Fe–S 簇（如 [2Fe–2S]、[4Fe–4S]），参与电子转移"
"铁配合物 的关键结论有哪些？","4.1 Fe(II) 与 Fe(III) 配合物的比较

 |  性质  |  Fe(II) 配合物  |  Fe(III) 配合物  | 
 | :--- | :--- | :--- | 
 |  d 电子数  |  d⁶  |  d⁵  | 
 |  氧化还原性  |  易被氧化（还原性）  |  可被还原，也可氧化其他物质  | 
 |  水解倾向  |  较弱  |  较强（溶液显酸性）  | 
 |  典型颜色  |  淡绿、黄、深红（phen）  |  淡紫、黄、血红（SCN⁻）  | 
 |  高低自旋  |  弱场高自旋，强场低自旋  |  弱场高自旋，强场低自旋  | 
 |  稳定化能（弱场）  |  -0.4\Delta_o  |  0  | 
 |  稳定化能（强场）  |  -2.4\Delta_o + 2P  |  -2.0\Delta_o + 2P  | 

4.2 铁配合物的颜色

 |  配合物  |  d 电子  |  自旋状态  |  颜色  |  来源  | 
 | :--- | :---: | :---: | :---: | :--- | 
 |  [\mathrm{Fe(H_2O)_6}]^{2+}  |  d⁶  |  高自旋  |  淡绿色  |  d-d 跃迁  | 
 |  [\mathrm{Fe(H_2O)_6}]^{3+}  |  d⁵  |  高自旋  |  淡紫色  |  d-d 跃迁  | 
 |  [\mathrm{Fe(CN)_6}]^{4-}  |  d⁶  |  低自旋  |  黄色  |  d-d 跃迁  | 
 |  [\mathrm{Fe(CN)_6}]^{3-}  |  d⁵  |  低自旋  |  红色  |  d-d 跃迁  | 
 |  [\mathrm{Fe(SCN)}]^{2+}  |  —  |  —  |  血红色  |  荷移跃迁  | 
 |  [\mathrm{Fe(phen)_3}]^{2+}  |  d⁶  |  低自旋  |  深红色  |  d-d 跃迁  | 

4.3 铁配合物的生物功能

铁是生物体内利用最多的 d 区元素：• 血红蛋白/肌红蛋白：Fe(II) 卟啉配合物，可逆结合 O₂• 细胞色素：Fe(III)/Fe(II) 氧化还原电子传递• 铁硫蛋白：Fe–S 簇（如 [2Fe–2S]、[4Fe–4S]），参与电子转移","无机和结构化学 配合物 铁配合物 rc_30d 化竞 过渡金属 晶体场理论","Chem::Core","[[铁配合物]]","30d","总结卡","铁配合物是以铁为中心金属原子（或离子）、与配体通过配位键结合形成的化合物。常见氧化态为 +2 和 +3，偶尔出现 +4、+6（如高铁酸盐 [\mathrm{FeO_4}]^{2-}）。"
"铁配合物 有哪些常见易错点？","• 混淆 Fe(II) 和 Fe(III) 配合物的颜色：如将 [\mathrm{Fe(CN)_6}]^{4-}（黄）与 [\mathrm{Fe(CN)_6}]^{3-}（红）记混• Fe(III) 高自旋 d⁵ 的 CFSE = 0 误解：CFSE 为零不代表配合物不稳定，成键能仍很大• 忽略 Fe(II) 的还原性：Fe²⁺ 溶液在空气中易被氧化为 Fe³⁺，实验中需新鲜配制或加酸抑制• SCN⁻ 鉴定的氧化态要求：SCN⁻ 只能鉴定 Fe³⁺，不能鉴定 Fe²⁺","无机和结构化学 配合物 铁配合物 rc_30d 化竞 过渡金属 晶体场理论","Chem::Core","[[铁配合物]]","30d","易错点卡","铁配合物是以铁为中心金属原子（或离子）、与配体通过配位键结合形成的化合物。常见氧化态为 +2 和 +3，偶尔出现 +4、+6（如高铁酸盐 [\mathrm{FeO_4}]^{2-}）。"
"什么是铂系元素？","铂系元素（Platinum Group Metals, PGMs）：周期表中第 5、6 周期 VIII 族的 6 个过渡金属：
• 钌（Ru, 44）、铑（Rh, 45）、钯（Pd, 46）
• 锇（Os, 76）、铱（Ir, 77）、铂（Pt, 78）","无机和结构化学 元素周期律 铂系元素 rc_30d 化竞 周期表 铂系 贵金属","Chem::Core","[[铂系元素]]","30d","概念卡","关键结论：
铂系元素共性
 |  共性  |  表现  | 
 | --- | --- | 
 |  贵金属  |  化学惰性，不与稀酸/碱反应，需王水或氧化性熔融才溶解  | 
 |  高熔点高密度  |  例如 Os 密度 22.59 g/cm³（最大），Pt 熔点 1772°C  | 
 |  催化活性优异  |  加氢/脱氢/异构化/氧化等工业催化的主力  | 
 |  配合物丰富  |  可形成大量 4 配位（Pd、Pt）和 6 配位（Os、Ir）配合物  | 
 |  多种氧化态  |  Os(+8)、Ru(+8) 最高；Pt、Pd 主要 +2、+4  | 

各元素的特征性质
 |  元素  |  颜色/状态  |  常见氧化态  |  典型应用  | 
 | :---: | --- | --- | --- | 
 |  Ru  |  银灰色硬脆金属  |  +2, +3, +4, +6, +8  |  RuO₄ 强氧化剂、催化剂  | 
 |  Rh  |  银白色，最贵贵金属之一  |  +1, +2, +3  |  汽车尾气催化（三元催化器）  | 
 |  Pd  |  银白色，吸氢能力强  |  +2, +4  |  氢化反应催化、储氢  | 
 |  Os  |  蓝灰色，密度最大  |  +2 ~ +8  |  OsO₄ 用于双羟基化  | 
 |  Ir  |  银白色，最耐腐蚀  |  +1, +3, +4  |  化学惰性强、火花塞  | 
 |  Pt  |  银白色，标准氢电极用材  |  +2, +4  |  催化、电极、首饰  | 

高氧化态稳定（与第一过渡系对比）
• OsO₄ (+8)、RuO₄ (+8)：可分离的化合物
• FeO₄²⁻ (+6) 已罕见，无 Fe(+8)
• 第二/三过渡系更易稳定高氧化态——因 4d、5d 轨道空间大、屏蔽强

配合物特征
• Pt(II)、Pd(II)：d⁸，特喜 4 配位平面正方形（如 [PtCl₄]²⁻、[Pd(NH₃)₄]²⁺）
• Pt(IV)、Os(IV)、Ir(IV)：d⁶，特喜 6 配位八面体
• 催化机理多涉及""氧化加成-还原消除""循环"
"铂系元素 的关键结论有哪些？","铂系元素共性
 |  共性  |  表现  | 
 | --- | --- | 
 |  贵金属  |  化学惰性，不与稀酸/碱反应，需王水或氧化性熔融才溶解  | 
 |  高熔点高密度  |  例如 Os 密度 22.59 g/cm³（最大），Pt 熔点 1772°C  | 
 |  催化活性优异  |  加氢/脱氢/异构化/氧化等工业催化的主力  | 
 |  配合物丰富  |  可形成大量 4 配位（Pd、Pt）和 6 配位（Os、Ir）配合物  | 
 |  多种氧化态  |  Os(+8)、Ru(+8) 最高；Pt、Pd 主要 +2、+4  | 

各元素的特征性质
 |  元素  |  颜色/状态  |  常见氧化态  |  典型应用  | 
 | :---: | --- | --- | --- | 
 |  Ru  |  银灰色硬脆金属  |  +2, +3, +4, +6, +8  |  RuO₄ 强氧化剂、催化剂  | 
 |  Rh  |  银白色，最贵贵金属之一  |  +1, +2, +3  |  汽车尾气催化（三元催化器）  | 
 |  Pd  |  银白色，吸氢能力强  |  +2, +4  |  氢化反应催化、储氢  | 
 |  Os  |  蓝灰色，密度最大  |  +2 ~ +8  |  OsO₄ 用于双羟基化  | 
 |  Ir  |  银白色，最耐腐蚀  |  +1, +3, +4  |  化学惰性强、火花塞  | 
 |  Pt  |  银白色，标准氢电极用材  |  +2, +4  |  催化、电极、首饰  | 

高氧化态稳定（与第一过渡系对比）
• OsO₄ (+8)、RuO₄ (+8)：可分离的化合物
• FeO₄²⁻ (+6) 已罕见，无 Fe(+8)
• 第二/三过渡系更易稳定高氧化态——因 4d、5d 轨道空间大、屏蔽强

配合物特征
• Pt(II)、Pd(II)：d⁸，特喜 4 配位平面正方形（如 [PtCl₄]²⁻、[Pd(NH₃)₄]²⁺）
• Pt(IV)、Os(IV)、Ir(IV)：d⁶，特喜 6 配位八面体
• 催化机理多涉及""氧化加成-还原消除""循环","无机和结构化学 元素周期律 铂系元素 rc_30d 化竞 周期表 铂系 贵金属","Chem::Core","[[铂系元素]]","30d","总结卡","铂系元素（Platinum Group Metals, PGMs）：周期表中第 5、6 周期 VIII 族的 6 个过渡金属：
• 钌（Ru, 44）、铑（Rh, 45）、钯（Pd, 46）
• 锇（Os, 76）、铱（Ir, 77）、铂（Pt, 78）"
"铂系元素 有哪些常见易错点？","• ❌ 错：铂系元素都是 IB 族——它们是 VIII 族（Ru/Rh/Pd 在第 5 周期，Os/Ir/Pt 在第 6 周期）
• ❌ 错：Cu/Ag/Au 是铂系——Cu 族是 IB 族（ds 区），不属铂系
• ❌ 错：Pd 是 4d⁸ 5s²——实际是 4d¹⁰ 5s⁰（特殊""双跳""构型）
• ❌ 错：铂系都很活泼——它们正是""贵金属""，化学惰性强
• ❌ 错：高氧化态稀有——Os(+8)、Ru(+8) 可分离","无机和结构化学 元素周期律 铂系元素 rc_30d 化竞 周期表 铂系 贵金属","Chem::Core","[[铂系元素]]","30d","易错点卡","铂系元素（Platinum Group Metals, PGMs）：周期表中第 5、6 周期 VIII 族的 6 个过渡金属：
• 钌（Ru, 44）、铑（Rh, 45）、钯（Pd, 46）
• 锇（Os, 76）、铱（Ir, 77）、铂（Pt, 78）"
"什么是铍化学？","铍（Be）是第2族最轻的元素，具有独特的化学性质：
• 高毒性：铍化合物剧毒，导致其实验化学研究受限
• 强共价性：Be²⁺离子极小（r ≈ 45 pm），电荷密度极高，导致其化合物共价性极强
• 缺电子特性：Be化合物常形成多中心键或接受配体以满足八隅律
• 对角线关系：与铝存在对角线相似性（如氧化物/氢氧化物的两性）","无机和结构化学 无机和结构化学/决赛要求 元素化学 铍化学 rc_30d 化竞 缺电子化合物 对角线关系","Chem::Core","[[铍化学]]","30d","概念卡","关键结论：
• [待补充]"
"铍化学 的关键结论有哪些？","• [待补充]","无机和结构化学 无机和结构化学/决赛要求 元素化学 铍化学 rc_30d 化竞 缺电子化合物 对角线关系","Chem::Core","[[铍化学]]","30d","总结卡","铍（Be）是第2族最轻的元素，具有独特的化学性质：
• 高毒性：铍化合物剧毒，导致其实验化学研究受限
• 强共价性：Be²⁺离子极小（r ≈ 45 pm），电荷密度极高，导致其化合物共价性极强
• 缺电子特性：Be化合物常形成多中心键或接受配体以满足八隅律
• 对角线关系：与铝存在对角线相似性（如氧化物/氢氧化物的两性）"
"铍化学 有哪些常见易错点？","• 不要套用二茂铁模型：Be(C₅H₅)₂不是D₅ₕ夹心结构，Be是缺电子原子
• 氧化态与键长的关系：低氧化态→半径大→键长长
• 动力学NMR的解释：必须同时提及σ迁移和环翻转两个过程
• Be、Al的对角线关系：两性氢氧化物、共价氯化物，但Be更偏向共价
• Be²⁺的极小半径：r ≈ 45 pm，电荷密度极高，这是理解铍化学共价性的关键","无机和结构化学 无机和结构化学/决赛要求 元素化学 铍化学 rc_30d 化竞 缺电子化合物 对角线关系","Chem::Core","[[铍化学]]","30d","易错点卡","铍（Be）是第2族最轻的元素，具有独特的化学性质：
• 高毒性：铍化合物剧毒，导致其实验化学研究受限
• 强共价性：Be²⁺离子极小（r ≈ 45 pm），电荷密度极高，导致其化合物共价性极强
• 缺电子特性：Be化合物常形成多中心键或接受配体以满足八隅律
• 对角线关系：与铝存在对角线相似性（如氧化物/氢氧化物的两性）"
"铜 的关键结论有哪些？","• Cu⁺ 在水溶液中歧化（K\sim 10^6），所以水溶液中 Cu²⁺ 比 Cu⁺ 更常见• Cu 不溶于稀 HCl/稀 \mathrm{H}_2\mathrm{SO}_4（E^{\ominus}(\mathrm{Cu}^{2+}/\mathrm{Cu})=+0.337\mathrm{V} > 0）• 铜族（IB）有货币金属之称：铜钱、银元、金元宝自古就是贸易货币• 铜的常见稳定氧化态为 +2，Ag 为 +1，Au 为 +3• 电解精炼铜时贵金属富集在阳极泥中","无机和结构化学 元素化学 铜 rc_30d 化竞 过渡金属","Chem::Core","[[铜]]","30d","总结卡",""
"铝 的关键结论有哪些？","• 铝是地壳中丰度最大的金属元素，以铝硅酸盐和氧化铝形式存在
• 铝的冶炼采用熔盐电解法（Hall-Heroult 法），绝非热还原法（对比炼铁的焦炭热还原法）
• \alpha-\mathrm{Al}_2\mathrm{O}_3（刚玉）硬度仅次于金刚石；\gamma-\mathrm{Al}_2\mathrm{O}_3 是多孔材料
• Ellingham 图中 \mathrm{Al}-\mathrm{Al}_2\mathrm{O}_3 线位于最下部，因此 Al 可用于铝热法还原其他金属氧化物
• 历史上曾用 K-Hg 齐、金属 K、金属 Na 等还原 \mathrm{AlCl}_3 获得铝，成本极高","无机和结构化学 元素化学 铝 rc_30d 化竞 主族","Chem::Core","[[铝]]","30d","总结卡",""
"什么是铬？","• [Ar]3d⁵4s¹（半满稳定！异常排布）• 重要氧化态：+3（最稳定）、+6（强氧化性）• Cr 表现多种鲜艳颜色（""chromium""原意即颜色）","无机和结构化学 元素化学 铬 rc_30d 化竞 过渡金属","Chem::Core","[[铬]]","30d","概念卡","关键结论：
• Cr 的电子排布为 [\mathrm{Ar}]3\mathrm{d}^5 4\mathrm{s}^1（半满稳定，异常排布）• \mathrm{Cr}_2\mathrm{O}_7^{2-}（橙色）和 \mathrm{CrO}_4^{2-}（黄色）的相互转化取决于 pH• 酸性介质中 \mathrm{Cr}_2\mathrm{O}_7^{2-} 是强氧化剂（E^{\ominus} = 1.36\mathrm{V}）• Cr(III) 在碱性条件下可被氧化为 Cr(VI)；反之在酸性条件下 Cr(VI) 被还原为 Cr(III)• 过氧化铬乙醚复合物呈深蓝色，用于鉴定 Cr(VI)• Cr 是最硬的金属；铬铁矿冶炼用碱法（\mathrm{Na}_2\mathrm{CO}_3 共熔）"
"铬 的关键结论有哪些？","• Cr 的电子排布为 [\mathrm{Ar}]3\mathrm{d}^5 4\mathrm{s}^1（半满稳定，异常排布）• \mathrm{Cr}_2\mathrm{O}_7^{2-}（橙色）和 \mathrm{CrO}_4^{2-}（黄色）的相互转化取决于 pH• 酸性介质中 \mathrm{Cr}_2\mathrm{O}_7^{2-} 是强氧化剂（E^{\ominus} = 1.36\mathrm{V}）• Cr(III) 在碱性条件下可被氧化为 Cr(VI)；反之在酸性条件下 Cr(VI) 被还原为 Cr(III)• 过氧化铬乙醚复合物呈深蓝色，用于鉴定 Cr(VI)• Cr 是最硬的金属；铬铁矿冶炼用碱法（\mathrm{Na}_2\mathrm{CO}_3 共熔）","无机和结构化学 元素化学 铬 rc_30d 化竞 过渡金属","Chem::Core","[[铬]]","30d","总结卡","• [Ar]3d⁵4s¹（半满稳定！异常排布）• 重要氧化态：+3（最稳定）、+6（强氧化性）• Cr 表现多种鲜艳颜色（""chromium""原意即颜色）"
"铬 有哪些常见易错点？","• [待补充]","无机和结构化学 元素化学 铬 rc_30d 化竞 过渡金属","Chem::Core","[[铬]]","30d","易错点卡","• [Ar]3d⁵4s¹（半满稳定！异常排布）• 重要氧化态：+3（最稳定）、+6（强氧化性）• Cr 表现多种鲜艳颜色（""chromium""原意即颜色）"
"银 的关键结论有哪些？","• Ag 的常见氧化态是 +1（Ag⁺），而 Cu 是 +2，Au 是 +3• Ag 在自然界有单质存在（比 Au 活泼但比 Cu 惰性）• Ag 盐中仅 \mathrm{AgNO}_3、\mathrm{AgF} 等少数可溶，大多数银盐难溶• \mathrm{Ag}^+ 形成直线形配合物（sp 杂化），如 \mathrm{[Ag(NH}_3)_2]^+、\mathrm{[Ag(CN)}_2]^-• 卤化银的感光性是摄影化学的基础","无机和结构化学 元素化学 银 rc_30d 化竞 过渡金属","Chem::Core","[[银]]","30d","总结卡",""
"什么是锇化学？","锇（Osmium, Os）是原子序数为76的铂族金属元素，位于周期表第六周期Ⅷ族。锇是密度最大的天然元素（22.59 g/cm³），与钌（Ru）是周期表中仅有的能形成稳定+8氧化态化合物的元素。锇的价电子构型为5d⁶6s²，常见氧化态为+4和+8。","无机和结构化学 元素化学 锇化学 rc_30d 化竞 铂族元素 重金属","Chem::Core","[[锇化学]]","30d","概念卡","关键结论：
• 锇是密度最大的天然元素：22.59 g/cm³• OsO₄是稳定+8氧化态化合物：锇和钌是仅有的能达+8价的元素• OsO₄剧毒且易挥发：操作时需特别小心• 锇属于铂族元素：化学惰性，耐腐蚀，易形成配合物• 锇采取六方密堆积(A3)：与Ru、Re等金属相同"
"锇化学 的关键结论有哪些？","• 锇是密度最大的天然元素：22.59 g/cm³• OsO₄是稳定+8氧化态化合物：锇和钌是仅有的能达+8价的元素• OsO₄剧毒且易挥发：操作时需特别小心• 锇属于铂族元素：化学惰性，耐腐蚀，易形成配合物• 锇采取六方密堆积(A3)：与Ru、Re等金属相同","无机和结构化学 元素化学 锇化学 rc_30d 化竞 铂族元素 重金属","Chem::Core","[[锇化学]]","30d","总结卡","锇（Osmium, Os）是原子序数为76的铂族金属元素，位于周期表第六周期Ⅷ族。锇是密度最大的天然元素（22.59 g/cm³），与钌（Ru）是周期表中仅有的能形成稳定+8氧化态化合物的元素。锇的价电子构型为5d⁶6s²，常见氧化态为+4和+8。"
"锇化学 有哪些常见易错点？","• 锇和钌是仅有的能形成稳定+8氧化态的元素• OsO₄剧毒且易挥发，操作需格外小心• 不要把铂族元素与铁族元素(Fe, Co, Ni)的化学性质等同• 锇的密度是所有天然元素中最大的","无机和结构化学 元素化学 锇化学 rc_30d 化竞 铂族元素 重金属","Chem::Core","[[锇化学]]","30d","易错点卡","锇（Osmium, Os）是原子序数为76的铂族金属元素，位于周期表第六周期Ⅷ族。锇是密度最大的天然元素（22.59 g/cm³），与钌（Ru）是周期表中仅有的能形成稳定+8氧化态化合物的元素。锇的价电子构型为5d⁶6s²，常见氧化态为+4和+8。"
"锌 的关键结论有哪些？","-","无机和结构化学 元素化学 锌 rc_30d 化竞 过渡金属","Chem::Core","[[锌]]","30d","总结卡",""
"什么是锡？","• 锡（Sn）是第 5 周期 IVA 族元素（碳族），原子序数 50• 常见氧化数：+2（亚锡）、+4（锡）• 银白色金属，延展性好，古代用于制青铜（Cu-Sn 合金）","无机和结构化学 元素化学 锡 rc_30d","Chem::Core","[[锡]]","30d","概念卡","关键结论：
• \mathrm{SnS_2}（金粉）是锡的最高价硫化物，呈金黄色• \mathrm{SnS_2} 高温分解为 \mathrm{SnS} + S（T > 1055 K）• 硒砂（\mathrm{NH_4Cl}）在金粉制备中起吸热控温作用• \mathrm{Sn^{2+}} 是重要的还原剂（还原 \mathrm{Fe^{3+}}、\mathrm{Hg^{2+}} 等）• 锡是低熔点合金的重要成分：伍德合金（\mathrm{Bi\ 50\%,\ Pb\ 25\%,\ Sn\ 13\%,\ Cd\ 12\%}）熔点仅 71^{\circ}\mathrm{C}，用作电路保险丝• 焊锡为 Pb-Sn 合金，比例视用途而定• \mathrm{Sn(OH)_2} 和 \mathrm{Sn(OH)_4} 均为两性，碱性 \mathrm{Sn(OH)_2} > \mathrm{Sn(OH)_4}（IVA 族由上而下碱性增强）"
"锡 的关键结论有哪些？","• \mathrm{SnS_2}（金粉）是锡的最高价硫化物，呈金黄色• \mathrm{SnS_2} 高温分解为 \mathrm{SnS} + S（T > 1055 K）• 硒砂（\mathrm{NH_4Cl}）在金粉制备中起吸热控温作用• \mathrm{Sn^{2+}} 是重要的还原剂（还原 \mathrm{Fe^{3+}}、\mathrm{Hg^{2+}} 等）• 锡是低熔点合金的重要成分：伍德合金（\mathrm{Bi\ 50\%,\ Pb\ 25\%,\ Sn\ 13\%,\ Cd\ 12\%}）熔点仅 71^{\circ}\mathrm{C}，用作电路保险丝• 焊锡为 Pb-Sn 合金，比例视用途而定• \mathrm{Sn(OH)_2} 和 \mathrm{Sn(OH)_4} 均为两性，碱性 \mathrm{Sn(OH)_2} > \mathrm{Sn(OH)_4}（IVA 族由上而下碱性增强）","无机和结构化学 元素化学 锡 rc_30d","Chem::Core","[[锡]]","30d","总结卡","• 锡（Sn）是第 5 周期 IVA 族元素（碳族），原子序数 50• 常见氧化数：+2（亚锡）、+4（锡）• 银白色金属，延展性好，古代用于制青铜（Cu-Sn 合金）"
"锡 有哪些常见易错点？","• 将 SnS₂ 的分解产物写为 \mathrm{Sn + 2S} 而非 \mathrm{SnS + S}• 忽略 \mathrm{NH_4Cl} 的控温作用（仅答""搅拌混合""不够）• SnS₂ 分解温度计算中混淆 \Delta_f H 和 \Delta_r H","无机和结构化学 元素化学 锡 rc_30d","Chem::Core","[[锡]]","30d","易错点卡","• 锡（Sn）是第 5 周期 IVA 族元素（碳族），原子序数 50• 常见氧化数：+2（亚锡）、+4（锡）• 银白色金属，延展性好，古代用于制青铜（Cu-Sn 合金）"
"锰 的关键结论有哪些？","• Mn 有氧化数从 +2 到 +7 的各种化合物（连续变化，与 p 区元素的间隔式不同）
• \mathrm{KMnO}_4 是最常用的氧化剂之一，酸性条件下氧化性最强（E^{\ominus}=1.51\mathrm{V}）
• \mathrm{MnO}_2 在室温不溶于 KOH 溶液，但在高温熔融 KOH 中可以被空气中 \mathrm{O}_2 氧化
• Mn(IV) \to Mn(VII) 不能一步完成：先焙烧氧化到 Mn(VI)，再电解氧化到 Mn(VII)
• \mathrm{Mn}_2\mathrm{O}_7（紫红色）是爆炸性液体","无机和结构化学 元素化学 锰 rc_30d 化竞 过渡金属","Chem::Core","[[锰]]","30d","总结卡",""
"镍 的关键结论有哪些？","• Ni(III) 在水溶液中不存在（找不到 E^{\ominus} 数据），常用镍化合物都是 Ni(II)• \mathrm{Ni(CO)}_4（Mond 法）用于镍的提纯• Ni 及其合金吸氢能力很强，是优质储氢材料• ds 区元素（","无机和结构化学 元素化学 镍 rc_30d 化竞 过渡金属","Chem::Core","[[镍]]","30d","总结卡",""
"什么是镓？","镓（Gallium, Ga） 是第31号元素，位于元素周期表第4周期ⅢA族（硼族元素），属于p区金属。它是一种银白色软金属，是自然界中典型的稀散元素。","无机和结构化学 元素化学 镓 rc_30d 化竞 硼族元素 p区元素","Chem::Core","[[镓]]","30d","概念卡","关键结论：
• 镓是最典型的稀散元素：在自然界高度分散，无独立矿石，主要从铝工业副产物中提取。• 熔点极低、沸点极高：液态温度范围最大，这一独特性质有重要应用价值。• +1和+3两种氧化态：+1氧化态的稳定性反映了p区重元素的惰性电子对效应。• 两性特征：Ga_2O_3 和 Ga(OH)_3 具有两性，但酸性比铝的对应化合物更强。• 半导体应用核心元素：GaAs、GaN 是现代光电子和微电子产业的关键材料。"
"镓 的关键结论有哪些？","• 镓是最典型的稀散元素：在自然界高度分散，无独立矿石，主要从铝工业副产物中提取。• 熔点极低、沸点极高：液态温度范围最大，这一独特性质有重要应用价值。• +1和+3两种氧化态：+1氧化态的稳定性反映了p区重元素的惰性电子对效应。• 两性特征：Ga_2O_3 和 Ga(OH)_3 具有两性，但酸性比铝的对应化合物更强。• 半导体应用核心元素：GaAs、GaN 是现代光电子和微电子产业的关键材料。","无机和结构化学 元素化学 镓 rc_30d 化竞 硼族元素 p区元素","Chem::Core","[[镓]]","30d","总结卡","镓（Gallium, Ga） 是第31号元素，位于元素周期表第4周期ⅢA族（硼族元素），属于p区金属。它是一种银白色软金属，是自然界中典型的稀散元素。"
"镓 有哪些常见易错点？","• 误认为镓只有+3氧化态：实际上+1氧化态在某些化合物中也是稳定的。• 混淆镓与铝的氢氧化物酸性：Ga(OH)_3 的酸性比 Al(OH)_3 更强，更易溶于碱。• 忽视稀散元素的分布特点：镓在自然界高度分散，没有独立矿床。","无机和结构化学 元素化学 镓 rc_30d 化竞 硼族元素 p区元素","Chem::Core","[[镓]]","30d","易错点卡","镓（Gallium, Ga） 是第31号元素，位于元素周期表第4周期ⅢA族（硼族元素），属于p区金属。它是一种银白色软金属，是自然界中典型的稀散元素。"
"什么是镜面？","镜面 σ：反映操作，分子在镜面两侧对称。","无机和结构化学 对称性与晶体 镜面 rc_30d 化竞 对称性","Chem::Core","[[镜面]]","30d","概念卡","关键结论：
• 分子中：σᵥ、σₕ、σₔ 的分类基于与主轴的关系
• 晶体中：镜面作为对称元素，与旋转轴共同决定晶系
• 单斜晶系可以仅凭 1 个对称面来界定（a\neq b\neq c,\ \alpha=\gamma=90^\circ）"
"镜面 的关键结论有哪些？","• 分子中：σᵥ、σₕ、σₔ 的分类基于与主轴的关系
• 晶体中：镜面作为对称元素，与旋转轴共同决定晶系
• 单斜晶系可以仅凭 1 个对称面来界定（a\neq b\neq c,\ \alpha=\gamma=90^\circ）","无机和结构化学 对称性与晶体 镜面 rc_30d 化竞 对称性","Chem::Core","[[镜面]]","30d","总结卡","镜面 σ：反映操作，分子在镜面两侧对称。"
"什么是镧系收缩？","镧系收缩：镧系元素（La ~ Lu，","无机和结构化学 化学原理 元素周期律与f区化学 镧系收缩 rc_30d 化竞 周期律 稀土 f区","Chem::Core","[[镧系收缩]]","30d","概念卡","关键结论：
• 4f 电子屏蔽不完全是镧系收缩的唯一根本原因• Ln³⁺ 半径严格单调下降，相邻仅差 ~1 pm• Eu 和 Yb 金属半径例外——源于 f⁷/f¹⁴ 的额外稳定性• 镧系收缩抵消了第 6 周期主量子数增加带来的半径膨胀• 半径-络合稳定性关系是离子交换分离稀土的理论基础

---"
"镧系收缩 的关键结论有哪些？","• 4f 电子屏蔽不完全是镧系收缩的唯一根本原因• Ln³⁺ 半径严格单调下降，相邻仅差 ~1 pm• Eu 和 Yb 金属半径例外——源于 f⁷/f¹⁴ 的额外稳定性• 镧系收缩抵消了第 6 周期主量子数增加带来的半径膨胀• 半径-络合稳定性关系是离子交换分离稀土的理论基础

---","无机和结构化学 化学原理 元素周期律与f区化学 镧系收缩 rc_30d 化竞 周期律 稀土 f区","Chem::Core","[[镧系收缩]]","30d","总结卡","镧系收缩：镧系元素（La ~ Lu，"
"镧系收缩 有哪些常见易错点？","• ❌ 认为镧系收缩使所有第 6 周期元素都比第 5 周期小 → 只影响 d 区（","无机和结构化学 化学原理 元素周期律与f区化学 镧系收缩 rc_30d 化竞 周期律 稀土 f区","Chem::Core","[[镧系收缩]]","30d","易错点卡","镧系收缩：镧系元素（La ~ Lu，"
"难溶物 的关键结论有哪些？","• 硝酸盐全部可溶，碱金属盐几乎全部可溶
• \mathrm{BaSO_4}、\mathrm{PbSO_4}、AgCl、\mathrm{Hg_2Cl_2} 为竞赛必记难溶盐
• 硫化物溶解度差异大：MnS 溶于稀 HCl，CuS 不溶于稀 HCl，\mathrm{As_2S_3} 溶于 \mathrm{Na_2S}
• AgF 可溶，AgCl、AgBr、AgI 难溶且依次更难溶
• 利用配位反应可使难溶盐溶解（如 \mathrm{AgCl} + \mathrm{NH_3}、\mathrm{AgBr} + \mathrm{S_2O_3^{2-}}）
• IIA 族碳酸盐、草酸盐难溶，硫酸盐溶解性随阳离子半径增大而减小","无机和结构化学 综合 难溶物 rc_30d 化竞 元素化学","Chem::Core","[[难溶物]]","30d","总结卡",""
"什么是静电力？","静电力（Electrostatic Force / Coulomb Force）：带电粒子或具有偶极矩的体系间，由电荷-电荷、电荷-偶极、偶极-偶极相互作用产生的吸引或排斥力。","无机和结构化学 分子间作用力 静电力 rc_30d 化竞 库仑作用","Chem::Core","[[静电力]]","30d","概念卡","关键结论：
静电力的衰减规律
U \propto r^{-n}
 |  系统  |  n  | 
 | --- | :---: | 
 |  离子-离子  |  1（最缓）  | 
 |  离子-偶极  |  2  | 
 |  偶极-偶极（瞬时取向）  |  3  | 
 |  偶极-偶极（Boltzmann 平均）  |  6  | 
 |  范德华总  |  6（含 Keesom/Debye/London）  | 

结论：离子键比偶极-偶极作用衰减慢得多 → 离子晶体熔点高很多。

实例：极性分子的沸点
 |  分子  |  偶极矩 \mu (D)  |  沸点 / K  | 
 | --- | :---: | :---: | 
 |  HCl  |  1.08  |  188  | 
 |  HBr  |  0.82  |  207  | 
 |  HI  |  0.45  |  238  | 
 |  HF  |  1.91  |  293  | 

HF 偶极矩最大，但沸点 ≠ 单调与 \mu 关联。HF 高沸点主要是氢键而非单纯偶极。
Keesom 解释 HCl > HBr 偶极顺序部分；但 HI 沸点最高是因为色散力（分子大）。

静电力与化学键的关系
• 离子键 = 强静电吸引：库仑势能转化为晶格能
• 离子-偶极 = 水合作用：决定盐的溶解性
• 偶极-偶极 = 分子间力：决定沸点、表面张力

静电力在生命/材料中的体现
• DNA 双螺旋：磷酸基团间静电排斥决定结构稳定性
• 蛋白质静电作用：表面带电氨基酸的酸碱配对
• 离子液体：完全由离子组成的""流动盐""
• 盐析效应：高浓度盐→ 蛋白质沉淀
• 超分子化学：基于离子/偶极相互作用的自组装"
"静电力 的关键结论有哪些？","静电力的衰减规律
U \propto r^{-n}
 |  系统  |  n  | 
 | --- | :---: | 
 |  离子-离子  |  1（最缓）  | 
 |  离子-偶极  |  2  | 
 |  偶极-偶极（瞬时取向）  |  3  | 
 |  偶极-偶极（Boltzmann 平均）  |  6  | 
 |  范德华总  |  6（含 Keesom/Debye/London）  | 

结论：离子键比偶极-偶极作用衰减慢得多 → 离子晶体熔点高很多。

实例：极性分子的沸点
 |  分子  |  偶极矩 \mu (D)  |  沸点 / K  | 
 | --- | :---: | :---: | 
 |  HCl  |  1.08  |  188  | 
 |  HBr  |  0.82  |  207  | 
 |  HI  |  0.45  |  238  | 
 |  HF  |  1.91  |  293  | 

HF 偶极矩最大，但沸点 ≠ 单调与 \mu 关联。HF 高沸点主要是氢键而非单纯偶极。
Keesom 解释 HCl > HBr 偶极顺序部分；但 HI 沸点最高是因为色散力（分子大）。

静电力与化学键的关系
• 离子键 = 强静电吸引：库仑势能转化为晶格能
• 离子-偶极 = 水合作用：决定盐的溶解性
• 偶极-偶极 = 分子间力：决定沸点、表面张力

静电力在生命/材料中的体现
• DNA 双螺旋：磷酸基团间静电排斥决定结构稳定性
• 蛋白质静电作用：表面带电氨基酸的酸碱配对
• 离子液体：完全由离子组成的""流动盐""
• 盐析效应：高浓度盐→ 蛋白质沉淀
• 超分子化学：基于离子/偶极相互作用的自组装","无机和结构化学 分子间作用力 静电力 rc_30d 化竞 库仑作用","Chem::Core","[[静电力]]","30d","总结卡","静电力（Electrostatic Force / Coulomb Force）：带电粒子或具有偶极矩的体系间，由电荷-电荷、电荷-偶极、偶极-偶极相互作用产生的吸引或排斥力。"
"静电力 有哪些常见易错点？","• ❌ 错：静电力 = 范德华力——范德华力是静电力的一部分，不是全部
• ❌ 错：偶极矩大的分子总是高沸点——还需看分子量、H 键、极化率
• ❌ 错：Keesom 力随 r^{-3} 衰减——瞬时是 r^{-3}，热平均后是 r^{-6}
• ❌ 错：离子键与静电力无关——离子键就是强静电力
• ❌ 错：极性溶剂中静电力等同真空——介电常数 \varepsilon 显著削弱（水 \varepsilon \approx 80）","无机和结构化学 分子间作用力 静电力 rc_30d 化竞 库仑作用","Chem::Core","[[静电力]]","30d","易错点卡","静电力（Electrostatic Force / Coulomb Force）：带电粒子或具有偶极矩的体系间，由电荷-电荷、电荷-偶极、偶极-偶极相互作用产生的吸引或排斥力。"
"什么是非化学计量化合物？","非化学计量化合物（Nonstoichiometric compounds）是指其组成不能用简单整数比表示的固体化合物。与严格遵守定组成定律的化学计量化合物不同，非化学计量化合物的组成可在一定范围内连续变化，其化学式通常表示为带有下标变量 x 的形式（如 Fe₁₋ₓO、YBa₂Cu₃O₇₋δ）。","无机和结构化学 固体化学 非化学计量化合物 rc_30d 化竞 缺陷化学","Chem::Core","[[非化学计量化合物]]","30d","概念卡","关键结论：
• 所有实际晶体都存在一定浓度的本征缺陷，缺陷浓度随温度升高而增大• Schottky 缺陷常见于配位数高、离子半径相近的化合物（如 NaCl）• Frenkel 缺陷常见于阳离子半径小、配位数低的化合物（如 AgCl、AgBr）• 异价掺杂是调控固体离子电导率的核心手段（如 YS"
"非化学计量化合物 的关键结论有哪些？","• 所有实际晶体都存在一定浓度的本征缺陷，缺陷浓度随温度升高而增大• Schottky 缺陷常见于配位数高、离子半径相近的化合物（如 NaCl）• Frenkel 缺陷常见于阳离子半径小、配位数低的化合物（如 AgCl、AgBr）• 异价掺杂是调控固体离子电导率的核心手段（如 YS","无机和结构化学 固体化学 非化学计量化合物 rc_30d 化竞 缺陷化学","Chem::Core","[[非化学计量化合物]]","30d","总结卡","非化学计量化合物（Nonstoichiometric compounds）是指其组成不能用简单整数比表示的固体化合物。与严格遵守定组成定律的化学计量化合物不同，非化学计量化合物的组成可在一定范围内连续变化，其化学式通常表示为带有下标变量 x 的形式（如 Fe₁₋ₓO、YBa₂Cu₃O₇₋δ）。"
"非化学计量化合物 有哪些常见易错点？","• Schottky 缺陷和 Frenkel 缺陷的区分：前者是空位对，后者是间隙+空位对• 缺陷电荷表示：使用 Kröger-Vink 记号时注意上标（•表示正电荷，'表示负电荷）• 异价掺杂的电荷补偿：可能通过空位、间隙离子或变价离子实现• 非化学计量的方向：Fe₁₋ₓO 表示铁不足（氧过量），FeO₁₊ₓ 表示氧过量• 缺陷浓度与温度的关系：本征缺陷浓度随温度指数增加，但非本征缺陷浓度主要由掺杂量决定","无机和结构化学 固体化学 非化学计量化合物 rc_30d 化竞 缺陷化学","Chem::Core","[[非化学计量化合物]]","30d","易错点卡","非化学计量化合物（Nonstoichiometric compounds）是指其组成不能用简单整数比表示的固体化合物。与严格遵守定组成定律的化学计量化合物不同，非化学计量化合物的组成可在一定范围内连续变化，其化学式通常表示为带有下标变量 x 的形式（如 Fe₁₋ₓO、YBa₂Cu₃O₇₋δ）。"
"什么是高价化合物的成键？","高价化合物（Hypervalent Compound）：中心原子周围""形式上""超过 8 电子的化合物。如 \ce{PF5}（10 e⁻）、\ce{SF6}（12 e⁻）、\ce{IF7}（14 e⁻）、\ce{XeF2}（10 e⁻）。","无机和结构化学 化学键理论 高价化合物的成键 rc_30d 化竞 化学键 主族化学","Chem::Core","[[高价化合物的成键]]","30d","概念卡","关键结论：
4.1 为什么主要是第 3 周期及以下
• 空间因素：第 3 周期原子半径大，可容纳 5 ~ 7 个外围原子
• 极性因素：与高电负性配体（F, O, Cl）形成离子性更强的键，端原子带负电正好稳定 3c-4e 模式
• 能量因素：3d 参与可忽略，但 4d/4f 在重元素中也几乎不参与

4.2 为什么 F、O、Cl 是最常见的配体
• 高电负性 → 电子集中在两端原子上 → 稳定 3c-4e 中的非键 MO
• 例：\ce{PCl5}（高价稳定）vs \ce{PMe5}（不存在）

4.3 N、C 为什么不能形成高价化合物
• 半径太小：5 个 F 围不住一个 N
• 价层只有 4 个 sp³ 价轨道——足够形成 4 个普通键，无空间容纳更多
• \ce{NF5}、\ce{NCl5}、\ce{CF6} 均不存在"
"高价化合物的成键 的关键结论有哪些？","4.1 为什么主要是第 3 周期及以下
• 空间因素：第 3 周期原子半径大，可容纳 5 ~ 7 个外围原子
• 极性因素：与高电负性配体（F, O, Cl）形成离子性更强的键，端原子带负电正好稳定 3c-4e 模式
• 能量因素：3d 参与可忽略，但 4d/4f 在重元素中也几乎不参与

4.2 为什么 F、O、Cl 是最常见的配体
• 高电负性 → 电子集中在两端原子上 → 稳定 3c-4e 中的非键 MO
• 例：\ce{PCl5}（高价稳定）vs \ce{PMe5}（不存在）

4.3 N、C 为什么不能形成高价化合物
• 半径太小：5 个 F 围不住一个 N
• 价层只有 4 个 sp³ 价轨道——足够形成 4 个普通键，无空间容纳更多
• \ce{NF5}、\ce{NCl5}、\ce{CF6} 均不存在","无机和结构化学 化学键理论 高价化合物的成键 rc_30d 化竞 化学键 主族化学","Chem::Core","[[高价化合物的成键]]","30d","总结卡","高价化合物（Hypervalent Compound）：中心原子周围""形式上""超过 8 电子的化合物。如 \ce{PF5}（10 e⁻）、\ce{SF6}（12 e⁻）、\ce{IF7}（14 e⁻）、\ce{XeF2}（10 e⁻）。"
"高价化合物的成键 有哪些常见易错点？","• 把""sp³d 杂化""误以为真有 3d 轨道参与
• 忽视 3c-4e 中端原子带负电的特点
• 用 3c-4e 解释电子贫乏化合物（错——应用 3c-2e）
• 把 \ce{PF5} 中所有 5 个 P—F 键视为等价（轴向 ≠ 赤道）","无机和结构化学 化学键理论 高价化合物的成键 rc_30d 化竞 化学键 主族化学","Chem::Core","[[高价化合物的成键]]","30d","易错点卡","高价化合物（Hypervalent Compound）：中心原子周围""形式上""超过 8 电子的化合物。如 \ce{PF5}（10 e⁻）、\ce{SF6}（12 e⁻）、\ce{IF7}（14 e⁻）、\ce{XeF2}（10 e⁻）。"
"什么是高价碘试剂？","高价碘试剂：含有 碘原子在 +3、+5 或 +7 形式氧化态 的有机/无机化合物，统称 hypervalent iodine compounds。它们的结构特征是 碘上配体数 > 1（与单价 I⁻ 相对），常以 λⁿ-iodane 命名（n = 3, 5, 7）。","无机和结构化学 元素化学 高价碘试剂 rc_30d 化竞 决赛 主族无机 卤素","Chem::Core","[[高价碘试剂]]","30d","概念卡","关键结论：
• 高价碘 = 主族版的过渡金属催化剂：能进行氧化加成、还原消除、配体交换、α-官能化，但不需要重金属。• 碘的""价态阶梯""：• I(−1)：I⁻（碘离子）• I(+1)：I⁺（在 I₂ 中、碘鎓盐中）• I(+3)：λ³-碘烷（PIDA、Koser、Togni 试剂、二芳基碘鎓盐）• I(+5)：λ⁵-碘烷（IBX、DMP）• I(+7)：λ⁷-碘烷（HIO₄、IO₄⁻）• 反应中碘自身电子流承担""氧化-还原""的载体作用：碘 +3 → +1 时释放 2 电子等价于氧化底物。• 不含重金属、绿色、温和：是现代合成的重要试剂体系。"
"高价碘试剂 的关键结论有哪些？","• 高价碘 = 主族版的过渡金属催化剂：能进行氧化加成、还原消除、配体交换、α-官能化，但不需要重金属。• 碘的""价态阶梯""：• I(−1)：I⁻（碘离子）• I(+1)：I⁺（在 I₂ 中、碘鎓盐中）• I(+3)：λ³-碘烷（PIDA、Koser、Togni 试剂、二芳基碘鎓盐）• I(+5)：λ⁵-碘烷（IBX、DMP）• I(+7)：λ⁷-碘烷（HIO₄、IO₄⁻）• 反应中碘自身电子流承担""氧化-还原""的载体作用：碘 +3 → +1 时释放 2 电子等价于氧化底物。• 不含重金属、绿色、温和：是现代合成的重要试剂体系。","无机和结构化学 元素化学 高价碘试剂 rc_30d 化竞 决赛 主族无机 卤素","Chem::Core","[[高价碘试剂]]","30d","总结卡","高价碘试剂：含有 碘原子在 +3、+5 或 +7 形式氧化态 的有机/无机化合物，统称 hypervalent iodine compounds。它们的结构特征是 碘上配体数 > 1（与单价 I⁻ 相对），常以 λⁿ-iodane 命名（n = 3, 5, 7）。"
"高价碘试剂 有哪些常见易错点？","• ❌ 误以为 λ³-iodane 的""3""指 3 个 OAc：指碘 +3 价、3 配位。• ❌ 把 IBX 与 HIO₄ 混为一谈：IBX 是 有机 I(V)（含芳基 + COOH）；HIO₄ 是无机 I(VII)。• ❌ 误以为高价碘像金属一样""催化""：实际是 化学计量 试剂，自身被消耗（除非有""碘催化""循环用 m-CPBA 再氧化）。• ❌ 把""碘鎓盐 Ar₂I⁺""当成 λ³-iodane 的别称：碘鎓盐是 特殊的 λ³，配体两侧均为 Ar。• ❌ 忘记 λ⁷ 也算高价碘：HIO₄ 是 决赛级 I(VII)，与 IBX 是同家族。","无机和结构化学 元素化学 高价碘试剂 rc_30d 化竞 决赛 主族无机 卤素","Chem::Core","[[高价碘试剂]]","30d","易错点卡","高价碘试剂：含有 碘原子在 +3、+5 或 +7 形式氧化态 的有机/无机化合物，统称 hypervalent iodine compounds。它们的结构特征是 碘上配体数 > 1（与单价 I⁻ 相对），常以 λⁿ-iodane 命名（n = 3, 5, 7）。"
"什么是高价金属氟化物水解？","高价金属氟化物（high-valent metal fluorides）是指金属处于高氧化态（通常≥+4）的氟化物。这类化合物由于中心金属的高电荷和强极化能力，对水极为敏感，容易发生水解反应，生成相应的氧化物或氧氟化物。","无机和结构化学 元素化学 高价金属氟化物水解 rc_30d 化竞 氟化物 水解反应","Chem::Core","[[高价金属氟化物水解]]","30d","概念卡","关键结论：
• 高价金属氟化物普遍易水解：WF₆、UF₆、MoF₆等遇水剧烈反应• SF₆是例外：配位饱和+动力学惰性，不水解• PtF₆的特殊性：不仅易水解，还是已知最强氧化剂之一，可氧化O₂为O₂⁺• UF₆的工业应用：利用其易升华的特性进行²³⁵U/²³⁸U同位素分离（气体扩散法）"
"高价金属氟化物水解 的关键结论有哪些？","• 高价金属氟化物普遍易水解：WF₆、UF₆、MoF₆等遇水剧烈反应• SF₆是例外：配位饱和+动力学惰性，不水解• PtF₆的特殊性：不仅易水解，还是已知最强氧化剂之一，可氧化O₂为O₂⁺• UF₆的工业应用：利用其易升华的特性进行²³⁵U/²³⁸U同位素分离（气体扩散法）","无机和结构化学 元素化学 高价金属氟化物水解 rc_30d 化竞 氟化物 水解反应","Chem::Core","[[高价金属氟化物水解]]","30d","总结卡","高价金属氟化物（high-valent metal fluorides）是指金属处于高氧化态（通常≥+4）的氟化物。这类化合物由于中心金属的高电荷和强极化能力，对水极为敏感，容易发生水解反应，生成相应的氧化物或氧氟化物。"
"高价金属氟化物水解 有哪些常见易错点？","• 不要把SF₆当作""典型""高价氟化物——它是不水解的例外• 书写水解方程式时注意配平（F与H₂O的比例）• PtF₆与Xe反应生成Xe⁺[PtF₆]⁻，这是稀有气体化合物的首次合成","无机和结构化学 元素化学 高价金属氟化物水解 rc_30d 化竞 氟化物 水解反应","Chem::Core","[[高价金属氟化物水解]]","30d","易错点卡","高价金属氟化物（high-valent metal fluorides）是指金属处于高氧化态（通常≥+4）的氟化物。这类化合物由于中心金属的高电荷和强极化能力，对水极为敏感，容易发生水解反应，生成相应的氧化物或氧氟化物。"
"什么是高压化学？","高压化学研究物质在高压条件下的结构、性质和反应行为。压力作为独立于温度的热力学变量，可以诱导相变、改变配位数、稳定异常氧化态，并合成常压下无法获得的材料。","无机和结构化学 晶体结构 高压化学 rc_30d 化竞 相变","Chem::Core","[[高压化学]]","30d","概念卡","关键结论：
• [待补充]"
"高压化学 的关键结论有哪些？","• [待补充]","无机和结构化学 晶体结构 高压化学 rc_30d 化竞 相变","Chem::Core","[[高压化学]]","30d","总结卡","高压化学研究物质在高压条件下的结构、性质和反应行为。压力作为独立于温度的热力学变量，可以诱导相变、改变配位数、稳定异常氧化态，并合成常压下无法获得的材料。"
"高压化学 有哪些常见易错点？","• 高压 ≠ 高温：高压和高温是独立变量，高压低温也可诱导相变
• 高压相不一定在常压下稳定：很多高压相在卸压后会恢复原相或亚稳相
• 配位数增大是趋势但不是必然：需考虑离子半径比和电子结构
• P\Delta V 的符号：高压稳定高密度相，\Delta V < 0 时 P\Delta V < 0，有利于相变","无机和结构化学 晶体结构 高压化学 rc_30d 化竞 相变","Chem::Core","[[高压化学]]","30d","易错点卡","高压化学研究物质在高压条件下的结构、性质和反应行为。压力作为独立于温度的热力学变量，可以诱导相变、改变配位数、稳定异常氧化态，并合成常压下无法获得的材料。"
"什么是1,2-迁移与重排？","1,2-迁移（1,2-Shift / 1,2-Migration）：一个基团（H、烷基、芳基等）连同键对电子从一个原子（Cα）迁移到相邻原子（Cβ）的过程。","有机化学 反应机理 1,2-迁移与重排 rc_30d 化竞 有机反应机理 重排反应","Chem::Core","[[1,2-迁移与重排]]","30d","概念卡","关键结论：
4.1 经典重排反应
 |  重排  |  关键步骤  |  实例  | 
 | --- | --- | --- | 
 |  Wagner-Meerwein  |  1,2-烷基迁移在碳正离子上  |  莰烯重排  | 
 |  Pinacol 重排  |  二醇脱水后 1,2-烷基迁移  |  频哪醇 → 频哪酮  | 
 |  Pinacolone 重排  |  同上的逆  |  —  | 
 |  Beckmann 重排  |  肟 → 酰胺，1,2-Aryl 迁移  |  环己酮肟 → 己内酰胺（尼龙原料）  | 
 |  Schmidt 重排  |  酮 + HN₃，1,2-R 迁移  |  酮 → 酰胺  | 
 |  Hofmann 重排  |  酰胺 → 胺，1,2-R 迁移  |  酰胺 → 异氰酸酯 → 胺  | 
 |  Curtius 重排  |  酰基叠氮 → 异氰酸酯  |  —  | 
 |  Wolff 重排  |  重氮酮 → 烯酮，碳烯中间体  |  Arndt-Eistert 反应  | 

4.2 主族化学中的 1,2-迁移
• 硼烷重排：\ce{R3B \to R-B-R-R} 在加热下重排
• 硅烷重排：\ce{Si-Si} 间的 1,2-迁移
• 磷化合物：磷叶立德的 Wittig 反应中部分有 1,2-迁移

4.3 不发生 1,2-迁移的情形
• 已是最稳定结构（无热力学驱动力）
• 桥头碳正离子（结构限制）
• 立体障碍"
"1,2-迁移与重排 的关键结论有哪些？","4.1 经典重排反应
 |  重排  |  关键步骤  |  实例  | 
 | --- | --- | --- | 
 |  Wagner-Meerwein  |  1,2-烷基迁移在碳正离子上  |  莰烯重排  | 
 |  Pinacol 重排  |  二醇脱水后 1,2-烷基迁移  |  频哪醇 → 频哪酮  | 
 |  Pinacolone 重排  |  同上的逆  |  —  | 
 |  Beckmann 重排  |  肟 → 酰胺，1,2-Aryl 迁移  |  环己酮肟 → 己内酰胺（尼龙原料）  | 
 |  Schmidt 重排  |  酮 + HN₃，1,2-R 迁移  |  酮 → 酰胺  | 
 |  Hofmann 重排  |  酰胺 → 胺，1,2-R 迁移  |  酰胺 → 异氰酸酯 → 胺  | 
 |  Curtius 重排  |  酰基叠氮 → 异氰酸酯  |  —  | 
 |  Wolff 重排  |  重氮酮 → 烯酮，碳烯中间体  |  Arndt-Eistert 反应  | 

4.2 主族化学中的 1,2-迁移
• 硼烷重排：\ce{R3B \to R-B-R-R} 在加热下重排
• 硅烷重排：\ce{Si-Si} 间的 1,2-迁移
• 磷化合物：磷叶立德的 Wittig 反应中部分有 1,2-迁移

4.3 不发生 1,2-迁移的情形
• 已是最稳定结构（无热力学驱动力）
• 桥头碳正离子（结构限制）
• 立体障碍","有机化学 反应机理 1,2-迁移与重排 rc_30d 化竞 有机反应机理 重排反应","Chem::Core","[[1,2-迁移与重排]]","30d","总结卡","1,2-迁移（1,2-Shift / 1,2-Migration）：一个基团（H、烷基、芳基等）连同键对电子从一个原子（Cα）迁移到相邻原子（Cβ）的过程。"
"1,2-迁移与重排 有哪些常见易错点？","• 忘记迁移基带电子对——错误画箭头
• 忽视 H 迁移的高速性——错误地认为只有烷基迁移
• 在 sp² 上画""1,2-碳正离子重排""——sp² 不能形成稳定碳正离子
• 把 Beckmann 重排中的迁移基误认为 cis 而非 trans","有机化学 反应机理 1,2-迁移与重排 rc_30d 化竞 有机反应机理 重排反应","Chem::Core","[[1,2-迁移与重排]]","30d","易错点卡","1,2-迁移（1,2-Shift / 1,2-Migration）：一个基团（H、烷基、芳基等）连同键对电子从一个原子（Cα）迁移到相邻原子（Cβ）的过程。"
"什么是[2+2]环加成？","[2+2] 环加成：两个含双键的分子（各提供 2 个 π 电子）发生环加成，生成 环丁烷 或 环丁烯酮 衍生物的反应。","有机化学 周环反应 [2+2]环加成 rc_30d 化竞 环丁烷 光化学","Chem::Core","[[[2+2]环加成]]","30d","概念卡","关键结论：
• [2+2] = 四电子环加成 → 环丁烷• 热同面-同面禁阻（轨道对称性）• 光同面-同面允许（激发态 HOMO）• 烯酮是热允许例外（2s+2a 途径）• 分子内 [2+2] 是合成笼状结构的利器

---"
"[2+2]环加成 的关键结论有哪些？","• [2+2] = 四电子环加成 → 环丁烷• 热同面-同面禁阻（轨道对称性）• 光同面-同面允许（激发态 HOMO）• 烯酮是热允许例外（2s+2a 途径）• 分子内 [2+2] 是合成笼状结构的利器

---","有机化学 周环反应 [2+2]环加成 rc_30d 化竞 环丁烷 光化学","Chem::Core","[[[2+2]环加成]]","30d","总结卡","[2+2] 环加成：两个含双键的分子（各提供 2 个 π 电子）发生环加成，生成 环丁烷 或 环丁烯酮 衍生物的反应。"
"[2+2]环加成 有哪些常见易错点？","• ❌ [2+2] 热允许 → 普通烯烃的 [2+2] 热禁阻• ❌ [2+2] 和 [4+2] 都是热允许 → [2+2] 热禁阻，[4+2] 热允许• ❌ 烯酮 [2+2] 也禁阻 → 烯酮是热允许例外• ❌ 光 [2+2] 随便照就行 → 需合适波长避免副反应• ❌ 所有 [2+2] 都成环丁烷 → 烯酮 + 亚胺 → β-内酰胺

---","有机化学 周环反应 [2+2]环加成 rc_30d 化竞 环丁烷 光化学","Chem::Core","[[[2+2]环加成]]","30d","易错点卡","[2+2] 环加成：两个含双键的分子（各提供 2 个 π 电子）发生环加成，生成 环丁烷 或 环丁烯酮 衍生物的反应。"
"什么是5加2环加成？","• 5+2环加成（[5+2] cycloaddition）是指由一个 5原子组分（通常是 乙烯基环丙烷，vinylcyclopropane, VCP）和一个 2原子组分（通常是 烯烃或炔烃，即 π 键体系）在过渡金属催化下发生环加成，生成 七元环 的反应。• 该反应由 Paul A. Wender 等人在 1990 年代系统发展，是构建 环庚烯 / 环庚二烯 骨架的高效方法。• 在化竞和有机合成中，5+2 环加成常与 Diels-Alder（[4+2]，生成六元环）并列为重要的环加成策略。","有机化学 有机合成 周环反应_/_环加成 5加2环加成 rc_30d 化竞 周环反应 环加成 金属有机","Chem::Core","[[5加2环加成]]","30d","概念卡","关键结论：
• 5+2 环加成是 构建七元环的最高效方法之一，可一步从简单底物得到环庚烯/环庚二烯骨架。• VCP 的环丙烷张力是反应的核心驱动力——没有环丙烷，类似的 [5+2] 环加成难以发生。• 反应通常由 Rh(I) 催化，但近年来 Ru(II)、Ir(I)、Ni(0) 等催化剂也有报道。• 区域选择性：VCP 的取代模式（取代基在乙烯基还是环丙烷上）和 2 原子组分的取代模式共同决定产物的区域异构体。通常，位阻较小的 C–C 键优先断裂。• 立体化学：Rh 催化的 5+2 环加成通常保持底物的相对立体化学，但绝对立体化学需用手性配体控制。"
"5加2环加成 的关键结论有哪些？","• 5+2 环加成是 构建七元环的最高效方法之一，可一步从简单底物得到环庚烯/环庚二烯骨架。• VCP 的环丙烷张力是反应的核心驱动力——没有环丙烷，类似的 [5+2] 环加成难以发生。• 反应通常由 Rh(I) 催化，但近年来 Ru(II)、Ir(I)、Ni(0) 等催化剂也有报道。• 区域选择性：VCP 的取代模式（取代基在乙烯基还是环丙烷上）和 2 原子组分的取代模式共同决定产物的区域异构体。通常，位阻较小的 C–C 键优先断裂。• 立体化学：Rh 催化的 5+2 环加成通常保持底物的相对立体化学，但绝对立体化学需用手性配体控制。","有机化学 有机合成 周环反应_/_环加成 5加2环加成 rc_30d 化竞 周环反应 环加成 金属有机","Chem::Core","[[5加2环加成]]","30d","总结卡","• 5+2环加成（[5+2] cycloaddition）是指由一个 5原子组分（通常是 乙烯基环丙烷，vinylcyclopropane, VCP）和一个 2原子组分（通常是 烯烃或炔烃，即 π 键体系）在过渡金属催化下发生环加成，生成 七元环 的反应。• 该反应由 Paul A. Wender 等人在 1990 年代系统发展，是构建 环庚烯 / 环庚二烯 骨架的高效方法。• 在化竞和有机合成中，5+2 环加成常与 Diels-Alder（[4+2]，生成六元环）并列为重要的环加成策略。"
"5加2环加成 有哪些常见易错点？","• 混淆 5+2 与 [3+2]：5+2 的 5 原子组分是 VCP（乙烯基+环丙烷），不是 1,3-偶极子。[3+2] 生成五元环，5+2 生成七元环。• 忽略环丙烷张力的必要性：若底物中不含环丙烷（如普通二烯 + 烯烃），不能发生 5+2 环加成。必须有 VCP 或类似张力环 作为 5 原子组分。• 催化剂与条件的误判：5+2 环加成不能像 Diels-Alder 那样单纯加热完成（除非 >300°C 且选择性极差）。必须有 过渡金属催化剂（通常是 Rh(I)）。• 区域选择性判断错误：VCP 上不同位置的取代基会影响氧化环化的方向。通常 位阻小的 C–C 键优先断裂。• 氧杂/氮杂 5+2 的混淆：羰基或亚胺作为 2 原子组分时，产物含杂原子（O 或 N），不是纯碳环。","有机化学 有机合成 周环反应_/_环加成 5加2环加成 rc_30d 化竞 周环反应 环加成 金属有机","Chem::Core","[[5加2环加成]]","30d","易错点卡","• 5+2环加成（[5+2] cycloaddition）是指由一个 5原子组分（通常是 乙烯基环丙烷，vinylcyclopropane, VCP）和一个 2原子组分（通常是 烯烃或炔烃，即 π 键体系）在过渡金属催化下发生环加成，生成 七元环 的反应。• 该反应由 Paul A. Wender 等人在 1990 年代系统发展，是构建 环庚烯 / 环庚二烯 骨架的高效方法。• 在化竞和有机合成中，5+2 环加成常与 Diels-Alder（[4+2]，生成六元环）并列为重要的环加成策略。"
"什么是9-BBN？","9-BBN（9-硼双环[3.3.1]壬烷，9-borabicyclo[3.3.1]nonane）是一种双环硼氢化试剂，由 1,5-环辛二烯与乙硼烷反应制得。与 BH₃ 相比，9-BBN 具有更高的位阻选择性和反马氏区域选择性，是烯烃硼氢化-氧化/还原反应中常用的选择性试剂。","有机化学 有机合成 9-BBN rc_30d 化竞 硼试剂 选择性反应","Chem::Core","[[9-BBN]]","30d","概念卡","关键结论：
• 9-BBN 是选择性硼氢化的首选试剂，尤其适用于位阻差异明显的多烯底物。• ABOC 第3章将 9-BBN 作为硼氢化反应的核心内容之一。• 9-BBN 衍生物在 Suzuki 偶联和羟醛反应中有重要应用。• 36届决赛考察了硼氢化可逆性：9-BBN 的 B–H 键可逆加成，高温下可发生脱氢。"
"9-BBN 的关键结论有哪些？","• 9-BBN 是选择性硼氢化的首选试剂，尤其适用于位阻差异明显的多烯底物。• ABOC 第3章将 9-BBN 作为硼氢化反应的核心内容之一。• 9-BBN 衍生物在 Suzuki 偶联和羟醛反应中有重要应用。• 36届决赛考察了硼氢化可逆性：9-BBN 的 B–H 键可逆加成，高温下可发生脱氢。","有机化学 有机合成 9-BBN rc_30d 化竞 硼试剂 选择性反应","Chem::Core","[[9-BBN]]","30d","总结卡","9-BBN（9-硼双环[3.3.1]壬烷，9-borabicyclo[3.3.1]nonane）是一种双环硼氢化试剂，由 1,5-环辛二烯与乙硼烷反应制得。与 BH₃ 相比，9-BBN 具有更高的位阻选择性和反马氏区域选择性，是烯烃硼氢化-氧化/还原反应中常用的选择性试剂。"
"9-BBN 有哪些常见易错点？","• 误认为 9-BBN 与 BH₃ 的选择性相同；实际上 9-BBN 的位阻选择性显著优于 BH₃。• 忽视硼氢化的可逆性：高温下 B–H 键可逆，可能导致产物分布变化。","有机化学 有机合成 9-BBN rc_30d 化竞 硼试剂 选择性反应","Chem::Core","[[9-BBN]]","30d","易错点卡","9-BBN（9-硼双环[3.3.1]壬烷，9-borabicyclo[3.3.1]nonane）是一种双环硼氢化试剂，由 1,5-环辛二烯与乙硼烷反应制得。与 BH₃ 相比，9-BBN 具有更高的位阻选择性和反马氏区域选择性，是烯烃硼氢化-氧化/还原反应中常用的选择性试剂。"
"什么是Achmatowicz重排？","• Achmatowicz重排（Achmatowicz rearrangement）是指 2-呋喃甲醇（呋喃醇，furyl alcohol） 在氧化条件下转化为 6-羟基-2H-吡喃-3(6H)-酮（即二氢吡喃酮，dihydropyranone） 的反应。
• 这是将 五元杂环（呋喃） 转化为 六元含氧杂环（二氢吡喃酮） 的经典方法，在糖类类似物和天然产物合成中具有重要地位。
• 反应由波兰化学家 Jerzy Achmatowicz Jr. 于1971年报道。","有机化学 有机合成 重排反应_/_杂环转化 Achmatowicz重排 rc_30d 化竞 人名反应 杂环化学","Chem::Core","[[Achmatowicz重排]]","30d","概念卡","关键结论：
• Achmatowicz重排是 呋喃 → 吡喃 转化的最可靠方法之一，产物二氢吡喃酮是合成 脱氧糖、氨基糖、大环内酯 的重要中间体。
• 反应的 化学选择性 高：氧化优先发生在呋喃环上，分子中的其他烯烃、醇、酯等官能团通常不受影响。
• 立体化学：若起始的 2-呋喃甲醇具有手性，产物中相应的碳原子构型通常保持（反应不涉及 C–O 键的断裂）。
• 产物中的 6-位羟基 和 3-位羰基 提供了两个可进一步修饰的位点，是后续糖基化或官能团转化的理想手柄。"
"Achmatowicz重排 的关键结论有哪些？","• Achmatowicz重排是 呋喃 → 吡喃 转化的最可靠方法之一，产物二氢吡喃酮是合成 脱氧糖、氨基糖、大环内酯 的重要中间体。
• 反应的 化学选择性 高：氧化优先发生在呋喃环上，分子中的其他烯烃、醇、酯等官能团通常不受影响。
• 立体化学：若起始的 2-呋喃甲醇具有手性，产物中相应的碳原子构型通常保持（反应不涉及 C–O 键的断裂）。
• 产物中的 6-位羟基 和 3-位羰基 提供了两个可进一步修饰的位点，是后续糖基化或官能团转化的理想手柄。","有机化学 有机合成 重排反应_/_杂环转化 Achmatowicz重排 rc_30d 化竞 人名反应 杂环化学","Chem::Core","[[Achmatowicz重排]]","30d","总结卡","• Achmatowicz重排（Achmatowicz rearrangement）是指 2-呋喃甲醇（呋喃醇，furyl alcohol） 在氧化条件下转化为 6-羟基-2H-吡喃-3(6H)-酮（即二氢吡喃酮，dihydropyranone） 的反应。
• 这是将 五元杂环（呋喃） 转化为 六元含氧杂环（二氢吡喃酮） 的经典方法，在糖类类似物和天然产物合成中具有重要地位。
• 反应由波兰化学家 Jerzy Achmatowicz Jr. 于1971年报道。"
"Achmatowicz重排 有哪些常见易错点？","• 底物结构误判：必须是 2-位羟甲基呋喃，不是 3-位，也不是单纯的呋喃或呋喃甲酸酯。
• 氧化剂与条件混淆：把 Achmatowicz 与呋喃的 Diels-Alder 反应或催化氢化混淆；Achmatowicz 是氧化过程，不是还原或环加成。
• 产物结构画错：容易把二氢吡喃酮画成饱和的吡喃糖或画错羰基位置。记住产物是 α,β-不饱和-δ-内酯（烯酮在 3-位，羟基在 6-位）。
• 忽略立体化学：若底物有手性，产物对应位置构型保持；在合成路线设计题中需特别注意。","有机化学 有机合成 重排反应_/_杂环转化 Achmatowicz重排 rc_30d 化竞 人名反应 杂环化学","Chem::Core","[[Achmatowicz重排]]","30d","易错点卡","• Achmatowicz重排（Achmatowicz rearrangement）是指 2-呋喃甲醇（呋喃醇，furyl alcohol） 在氧化条件下转化为 6-羟基-2H-吡喃-3(6H)-酮（即二氢吡喃酮，dihydropyranone） 的反应。
• 这是将 五元杂环（呋喃） 转化为 六元含氧杂环（二氢吡喃酮） 的经典方法，在糖类类似物和天然产物合成中具有重要地位。
• 反应由波兰化学家 Jerzy Achmatowicz Jr. 于1971年报道。"
"什么是Aldol缩合？","Aldol 缩合：含 α-H 的羰基化合物在酸或碱催化下形成烯醇/烯醇盐，进攻另一分子羰基生成 β-羟基羰基化合物（aldol）的反应；若进一步脱水则得 α,β-不饱和羰基化合物。","有机化学 羰基α位反应 Aldol缩合 rc_30d 化竞 羟醛缩合 烯醇盐","Chem::Core","[[Aldol缩合]]","30d","概念卡","关键结论：
• Aldol = 烯醇盐 + 羰基 → β-羟基羰基• **E-烯醇盐 → anti，"
"Aldol缩合 的关键结论有哪些？","• Aldol = 烯醇盐 + 羰基 → β-羟基羰基• **E-烯醇盐 → anti，","有机化学 羰基α位反应 Aldol缩合 rc_30d 化竞 羟醛缩合 烯醇盐","Chem::Core","[[Aldol缩合]]","30d","总结卡","Aldol 缩合：含 α-H 的羰基化合物在酸或碱催化下形成烯醇/烯醇盐，进攻另一分子羰基生成 β-羟基羰基化合物（aldol）的反应；若进一步脱水则得 α,β-不饱和羰基化合物。"
"Aldol缩合 有哪些常见易错点？","• ❌ Aldol 产物只有 β-羟基羰基 → 加热可脱水得 α,β-不饱和羰基• ❌ 交叉 Aldol 产物单一 → 无选择性策略时产物是混合物• ❌ **","有机化学 羰基α位反应 Aldol缩合 rc_30d 化竞 羟醛缩合 烯醇盐","Chem::Core","[[Aldol缩合]]","30d","易错点卡","Aldol 缩合：含 α-H 的羰基化合物在酸或碱催化下形成烯醇/烯醇盐，进攻另一分子羰基生成 β-羟基羰基化合物（aldol）的反应；若进一步脱水则得 α,β-不饱和羰基化合物。"
"什么是ANRORC？","ANRORC 机理：亲核试剂进攻杂环（通常是吡啶或嘧啶）时，反应经历加成（Addition）→ 开环（Ring Opening）→ 闭环（Ring Closure）三步的机理，而不是经典的 SNAr 直接取代。","有机化学 杂环化合物 ANRORC rc_30d 化竞 吡啶 亲核取代","Chem::Core","[[ANRORC]]","30d","概念卡","关键结论：
• ANRORC = 加成 → 开环 → 闭环
• 是吡啶 SNAr 的替代机理
• 可解释""异常""产物
• 开链中间体是核心

---"
"ANRORC 的关键结论有哪些？","• ANRORC = 加成 → 开环 → 闭环
• 是吡啶 SNAr 的替代机理
• 可解释""异常""产物
• 开链中间体是核心

---","有机化学 杂环化合物 ANRORC rc_30d 化竞 吡啶 亲核取代","Chem::Core","[[ANRORC]]","30d","总结卡","ANRORC 机理：亲核试剂进攻杂环（通常是吡啶或嘧啶）时，反应经历加成（Addition）→ 开环（Ring Opening）→ 闭环（Ring Closure）三步的机理，而不是经典的 SNAr 直接取代。"
"ANRORC 有哪些常见易错点？","• [待补充]","有机化学 杂环化合物 ANRORC rc_30d 化竞 吡啶 亲核取代","Chem::Core","[[ANRORC]]","30d","易错点卡","ANRORC 机理：亲核试剂进攻杂环（通常是吡啶或嘧啶）时，反应经历加成（Addition）→ 开环（Ring Opening）→ 闭环（Ring Closure）三步的机理，而不是经典的 SNAr 直接取代。"
"什么是Arbuzov反应？","Arbuzov 反应（Michaelis-Arbuzov 反应）：三烷基亚磷酸酯（trialkyl phosphite, P(OR)₃）与烷基卤（R'X）经过两步连续 SN2 反应，生成烷基膦酸酯（alkylphosphonate, R'-P(=O)(OR)₂）与新的烷基卤（R-X）的反应。","有机化学 具体反应 Arbuzov反应 rc_30d 化竞 名称反应 膦化合物 SN2反应 烷基膦酸酯合成","Chem::Core","[[Arbuzov反应]]","30d","概念卡","关键结论：
4.1 适用底物• 烷基卤：一级 > 二级 ≫ 三级（SN2 选择性）• 碘 > 溴 > 氯（卤的离去能力）• 磷酸酯：P(OMe)₃、P(OEt)₃、P(OⁱPr)₃ 等都适用

4.2 重要应用：HWE 试剂的合成
通过 Arbuzov 反应可合成 Horner-Wadsworth-Emmons反应 用的稳定型磷酸酯叶立德前体：
\ce{Br-CH2-CO2Et + P(OEt)3 -> (EtO)2P(=O)-CH2-CO2Et + EtBr}

得到的 (EtO)₂P(=O)-CH₂-CO₂Et 经 NaH 去质子后即为 HWE 试剂。

4.3 与 Wittig 试剂合成的对比
 |  项  |  Wittig 试剂合成  |  Arbuzov + HWE  | 
 | --- | --- | --- | 
 |  试剂  |  Ph₃P + R-X  |  P(OR')₃ + R-X  | 
 |  产物形式  |  鏻盐 [Ph₃P-R]⁺X⁻  |  烷基膦酸酯 (R'O)₂P(=O)-R  | 
 |  氧化态  |  P(IV)⁺（盐）  |  P(V)  | 
 |  后续步骤  |  强碱去质子  |  强碱去质子  | 
 |  副产物分离  |  Ph₃P=O 难分  |  (R'O)₂P(=O)O⁻ 水溶性好  |"
"Arbuzov反应 的关键结论有哪些？","4.1 适用底物• 烷基卤：一级 > 二级 ≫ 三级（SN2 选择性）• 碘 > 溴 > 氯（卤的离去能力）• 磷酸酯：P(OMe)₃、P(OEt)₃、P(OⁱPr)₃ 等都适用

4.2 重要应用：HWE 试剂的合成
通过 Arbuzov 反应可合成 Horner-Wadsworth-Emmons反应 用的稳定型磷酸酯叶立德前体：
\ce{Br-CH2-CO2Et + P(OEt)3 -> (EtO)2P(=O)-CH2-CO2Et + EtBr}

得到的 (EtO)₂P(=O)-CH₂-CO₂Et 经 NaH 去质子后即为 HWE 试剂。

4.3 与 Wittig 试剂合成的对比
 |  项  |  Wittig 试剂合成  |  Arbuzov + HWE  | 
 | --- | --- | --- | 
 |  试剂  |  Ph₃P + R-X  |  P(OR')₃ + R-X  | 
 |  产物形式  |  鏻盐 [Ph₃P-R]⁺X⁻  |  烷基膦酸酯 (R'O)₂P(=O)-R  | 
 |  氧化态  |  P(IV)⁺（盐）  |  P(V)  | 
 |  后续步骤  |  强碱去质子  |  强碱去质子  | 
 |  副产物分离  |  Ph₃P=O 难分  |  (R'O)₂P(=O)O⁻ 水溶性好  |","有机化学 具体反应 Arbuzov反应 rc_30d 化竞 名称反应 膦化合物 SN2反应 烷基膦酸酯合成","Chem::Core","[[Arbuzov反应]]","30d","总结卡","Arbuzov 反应（Michaelis-Arbuzov 反应）：三烷基亚磷酸酯（trialkyl phosphite, P(OR)₃）与烷基卤（R'X）经过两步连续 SN2 反应，生成烷基膦酸酯（alkylphosphonate, R'-P(=O)(OR)₂）与新的烷基卤（R-X）的反应。"
"Arbuzov反应 有哪些常见易错点？","• 把""Arbuzov 反应""误解为只是单步 SN2——必须强调两步• 忘记第二步中 X⁻ 进攻的是 OR 的 R 端而不是其他位置• 写错产物：把 R-P(=O)(OR)₂ 写成 R-P(OR)₃ 或 R₂-P(OR)₂• 忽视 P=O 键形成是驱动力——只看 SN2 易让人觉得反应可逆• 用三级卤代烃尝试反应——SN2 不通，会消除而非进攻","有机化学 具体反应 Arbuzov反应 rc_30d 化竞 名称反应 膦化合物 SN2反应 烷基膦酸酯合成","Chem::Core","[[Arbuzov反应]]","30d","易错点卡","Arbuzov 反应（Michaelis-Arbuzov 反应）：三烷基亚磷酸酯（trialkyl phosphite, P(OR)₃）与烷基卤（R'X）经过两步连续 SN2 反应，生成烷基膦酸酯（alkylphosphonate, R'-P(=O)(OR)₂）与新的烷基卤（R-X）的反应。"
"什么是Baeyer-Villiger重排？","Baeyer-Villiger 重排（B-V 重排）：酮在过酸（如 mCPBA）作用下，插入一个氧原子转化为 酯 的反应。","有机化学 重排反应 Baeyer-Villiger重排 rc_30d 化竞 BV重排 酮转酯","Chem::Core","[[Baeyer-Villiger重排]]","30d","概念卡","关键结论：
• B-V = 酮 + 过酸 → 酯• 迁移优先级：H > 叔 > 仲 > 苄基 > 苯基 > 伯 > 甲基• 环酮 → 内酯（环扩大）
• 醛 → 甲酸酯（H 迁移）
• 过氧键是驱动力来源——过酸提供插入的氧
• 第三轮看题三连问：是不是酮+过酸、谁迁移、是否成环扩大内酯

---"
"Baeyer-Villiger重排 的关键结论有哪些？","• B-V = 酮 + 过酸 → 酯• 迁移优先级：H > 叔 > 仲 > 苄基 > 苯基 > 伯 > 甲基• 环酮 → 内酯（环扩大）
• 醛 → 甲酸酯（H 迁移）
• 过氧键是驱动力来源——过酸提供插入的氧
• 第三轮看题三连问：是不是酮+过酸、谁迁移、是否成环扩大内酯

---","有机化学 重排反应 Baeyer-Villiger重排 rc_30d 化竞 BV重排 酮转酯","Chem::Core","[[Baeyer-Villiger重排]]","30d","总结卡","Baeyer-Villiger 重排（B-V 重排）：酮在过酸（如 mCPBA）作用下，插入一个氧原子转化为 酯 的反应。"
"Baeyer-Villiger重排 有哪些常见易错点？","• ❌ 甲基比苯基优先迁移 → 苯基 > 甲基（给电子能力）• ❌ 环酮环缩小 → 环酮 B-V → 环扩大（插入 O）• ❌ 醛的 B-V 得普通酯 → 醛得甲酸酯（H 迁移）• ❌ B-V 和 Beckmann 规则一样 → B-V 是取代基优先，Beckmann 是反式迁移• ❌ 过酸只做过氧化 → 过酸也能环氧化、氧化硫/胺

---","有机化学 重排反应 Baeyer-Villiger重排 rc_30d 化竞 BV重排 酮转酯","Chem::Core","[[Baeyer-Villiger重排]]","30d","易错点卡","Baeyer-Villiger 重排（B-V 重排）：酮在过酸（如 mCPBA）作用下，插入一个氧原子转化为 酯 的反应。"
"什么是Baldwin规则？","Baldwin 规则：预测分子内环化反应可行性的经验规则，基于三个参数：环大小（n）、断裂键位置（Exo/Endo）、亲电碳杂化（Tet/Trig/Dig）。","有机化学 合成设计 Baldwin规则 rc_30d 化竞 环化反应","Chem::Core","[[Baldwin规则]]","30d","概念卡","关键结论：
• Baldwin 规则 = n-X-Y 组合判断环化可行性• 5/6-Exo-Tet/Trig 是最有利的• 5-Endo-Tet 是不利的——避免设计五元环 Endo-Tet 环化• 6-Endo-Trig 是有利的（尤其烯醇参与）• Baldwin 是经验规则，不是绝对定律——有例外，但适用于大多数情况

---"
"Baldwin规则 的关键结论有哪些？","• Baldwin 规则 = n-X-Y 组合判断环化可行性• 5/6-Exo-Tet/Trig 是最有利的• 5-Endo-Tet 是不利的——避免设计五元环 Endo-Tet 环化• 6-Endo-Trig 是有利的（尤其烯醇参与）• Baldwin 是经验规则，不是绝对定律——有例外，但适用于大多数情况

---","有机化学 合成设计 Baldwin规则 rc_30d 化竞 环化反应","Chem::Core","[[Baldwin规则]]","30d","总结卡","Baldwin 规则：预测分子内环化反应可行性的经验规则，基于三个参数：环大小（n）、断裂键位置（Exo/Endo）、亲电碳杂化（Tet/Trig/Dig）。"
"Baldwin规则 有哪些常见易错点？","• ❌ Baldwin 规则是绝对定律 → Baldwin 是经验规则，有例外• ❌ 6-Endo-Trig 总是不利的 → 6-Endo-Trig 有利（尤其烯醇参与）• ❌ Baldwin 适用于所有环化 → 主要适用于阴离子/中性环化• ❌ 数 n 时包含亲核原子 → n = 环中原子数不含亲核原子• ❌ 只考虑环张力 → Baldwin 关注进攻几何，不只是环张力

---","有机化学 合成设计 Baldwin规则 rc_30d 化竞 环化反应","Chem::Core","[[Baldwin规则]]","30d","易错点卡","Baldwin 规则：预测分子内环化反应可行性的经验规则，基于三个参数：环大小（n）、断裂键位置（Exo/Endo）、亲电碳杂化（Tet/Trig/Dig）。"
"什么是Bartoli吲哚合成？","Bartoli 吲哚合成：邻硝基甲苯与乙烯基格氏试剂反应，通过格氏加成、分子内环化、消除等步骤，生成 7-取代吲哚的反应。","有机化学 杂环化合物 Bartoli吲哚合成 rc_30d 化竞 7-取代吲哚 格氏试剂","Chem::Core","[[Bartoli吲哚合成]]","30d","概念卡","关键结论：
• Bartoli = 邻硝基甲苯 + 乙烯基格氏 → 7-取代吲哚
• 填补了 7-位取代吲哚合成的空白
• 其他方法难以得到 7-位取代产物
• 格氏试剂是关键试剂

---"
"Bartoli吲哚合成 的关键结论有哪些？","• Bartoli = 邻硝基甲苯 + 乙烯基格氏 → 7-取代吲哚
• 填补了 7-位取代吲哚合成的空白
• 其他方法难以得到 7-位取代产物
• 格氏试剂是关键试剂

---","有机化学 杂环化合物 Bartoli吲哚合成 rc_30d 化竞 7-取代吲哚 格氏试剂","Chem::Core","[[Bartoli吲哚合成]]","30d","总结卡","Bartoli 吲哚合成：邻硝基甲苯与乙烯基格氏试剂反应，通过格氏加成、分子内环化、消除等步骤，生成 7-取代吲哚的反应。"
"Bartoli吲哚合成 有哪些常见易错点？","• ❌ Bartoli 产物在 2-位 → 产物在 7-位
• ❌ 任何硝基化合物都能反应 → 必须是 邻硝基甲苯

---","有机化学 杂环化合物 Bartoli吲哚合成 rc_30d 化竞 7-取代吲哚 格氏试剂","Chem::Core","[[Bartoli吲哚合成]]","30d","易错点卡","Bartoli 吲哚合成：邻硝基甲苯与乙烯基格氏试剂反应，通过格氏加成、分子内环化、消除等步骤，生成 7-取代吲哚的反应。"
"什么是Barton反应？","Barton反应（Barton Reaction） 是指亚硝酸酯在光照条件下发生均裂，生成烷氧自由基，随后发生分子内1,5-氢迁移（或更远距离），最终导致远程官能团化的反应。广义上，Barton反应家族还包括：","有机化学 具体反应 Barton反应 rc_30d 化竞 自由基反应 亚硝酸酯","Chem::Core","[[Barton反应]]","30d","概念卡",""
"什么是Beckmann重排？","Beckmann 重排：肟（oxime）在强酸条件下发生1,2-基团迁移，转化为 N-取代酰胺 的反应。","有机化学 重排反应 Beckmann重排 rc_30d 化竞 贝克曼重排 肟","Chem::Core","[[Beckmann重排]]","30d","概念卡","关键结论：
• Beckmann = 肟 + 强酸 → N-取代酰胺• 反式迁移是铁律——顺式基团不迁移• **E/"
"Beckmann重排 的关键结论有哪些？","• Beckmann = 肟 + 强酸 → N-取代酰胺• 反式迁移是铁律——顺式基团不迁移• **E/","有机化学 重排反应 Beckmann重排 rc_30d 化竞 贝克曼重排 肟","Chem::Core","[[Beckmann重排]]","30d","总结卡","Beckmann 重排：肟（oxime）在强酸条件下发生1,2-基团迁移，转化为 N-取代酰胺 的反应。"
"Beckmann重排 有哪些常见易错点？","• ❌ 顺式基团迁移 → Beckmann 是反式迁移• ❌ **肟的 E/","有机化学 重排反应 Beckmann重排 rc_30d 化竞 贝克曼重排 肟","Chem::Core","[[Beckmann重排]]","30d","易错点卡","Beckmann 重排：肟（oxime）在强酸条件下发生1,2-基团迁移，转化为 N-取代酰胺 的反应。"
"什么是Bent规则？","Bent规则：原子在形成杂化轨道时，会将更多的 s 成分分配给与电负性较大的取代基成键的轨道，将更多的 p 成分分配给与电负性较小的取代基成键的轨道。","有机化学 杂化轨道 Bent规则 rc_30d 化竞 s成分","Chem::Core","[[Bent规则]]","30d","概念卡","关键结论：
• Bent 规则 = s 成分分配给电负性大的取代基• s 成分越高 → 键角越大、键长越短、酸性越强• 环丙烷酸性 ≈ 乙烯酸性——环张力迫使 C-H 键 s 成分升高（接近 sp²）• 端炔酸性 > 烯烃 > 烷烃——sp(50%s) > sp²(33%s) > sp³(25%s)• Bent 规则与 VSEPR 互补——VSEPR 说""电子对排斥决定几何""，Bent 规则说""不同取代基影响杂化成分""

---"
"Bent规则 的关键结论有哪些？","• Bent 规则 = s 成分分配给电负性大的取代基• s 成分越高 → 键角越大、键长越短、酸性越强• 环丙烷酸性 ≈ 乙烯酸性——环张力迫使 C-H 键 s 成分升高（接近 sp²）• 端炔酸性 > 烯烃 > 烷烃——sp(50%s) > sp²(33%s) > sp³(25%s)• Bent 规则与 VSEPR 互补——VSEPR 说""电子对排斥决定几何""，Bent 规则说""不同取代基影响杂化成分""

---","有机化学 杂化轨道 Bent规则 rc_30d 化竞 s成分","Chem::Core","[[Bent规则]]","30d","总结卡","Bent规则：原子在形成杂化轨道时，会将更多的 s 成分分配给与电负性较大的取代基成键的轨道，将更多的 p 成分分配给与电负性较小的取代基成键的轨道。"
"Bent规则 有哪些常见易错点？","• ❌ 把 Bent 规则当成定量工具 → 它是定性/半定量趋势规则• ❌ 忽略环张力的影响 → 环丙烷酸性是 Bent 规则 + 环张力的共同结果• ❌ 认为所有 C-H 酸性只由诱导效应决定 → 杂化效应（Bent 规则）同样重要• ❌ 混淆 s 成分与电负性的因果关系 → s 成分高 → 轨道能量低 → 原子表现更电负

---","有机化学 杂化轨道 Bent规则 rc_30d 化竞 s成分","Chem::Core","[[Bent规则]]","30d","易错点卡","Bent规则：原子在形成杂化轨道时，会将更多的 s 成分分配给与电负性较大的取代基成键的轨道，将更多的 p 成分分配给与电负性较小的取代基成键的轨道。"
"什么是Birch还原？","Birch 还原：芳香族化合物在 碱金属（Li/Na/K）/ 液氨（NH₃(l)）/ 醇（如 t-BuOH） 条件下被还原为 1,4-环己二烯 衍生物的反应。","有机化学 氧化还原 Birch还原 rc_30d 化竞 伯奇还原 液氨还原","Chem::Core","[[Birch还原]]","30d","概念卡","关键结论：
• Birch 还原 = Na/NH₃(l)/醇 → 芳环 → 1,4-环己二烯• EDG → 产物中取代基在双键碳上• EWG → 产物中取代基在饱和碳上• 机理是单电子还原（SET），不是催化氢化• 液氨提供低温环境（-33°C）——防止过度还原• 醇是质子源——必须用，否则生成多聚物

---"
"Birch还原 的关键结论有哪些？","• Birch 还原 = Na/NH₃(l)/醇 → 芳环 → 1,4-环己二烯• EDG → 产物中取代基在双键碳上• EWG → 产物中取代基在饱和碳上• 机理是单电子还原（SET），不是催化氢化• 液氨提供低温环境（-33°C）——防止过度还原• 醇是质子源——必须用，否则生成多聚物

---","有机化学 氧化还原 Birch还原 rc_30d 化竞 伯奇还原 液氨还原","Chem::Core","[[Birch还原]]","30d","总结卡","Birch 还原：芳香族化合物在 碱金属（Li/Na/K）/ 液氨（NH₃(l)）/ 醇（如 t-BuOH） 条件下被还原为 1,4-环己二烯 衍生物的反应。"
"Birch还原 有哪些常见易错点？","• ❌ EDG 在饱和碳上 → EDG 在双键碳上• ❌ EWG 在双键碳上 → EWG 在饱和碳上• ❌ Birch 还原得环己烷 → Birch 得1,4-环己二烯• ❌ Birch 机理是催化氢化 → Birch 是单电子还原（SET）• ❌ 不需要质子源 → 必须加醇作质子源• ❌  Birch 和 Na/NH₃ 还原炔烃一样 → 底物不同，产物完全不同

---","有机化学 氧化还原 Birch还原 rc_30d 化竞 伯奇还原 液氨还原","Chem::Core","[[Birch还原]]","30d","易错点卡","Birch 还原：芳香族化合物在 碱金属（Li/Na/K）/ 液氨（NH₃(l)）/ 醇（如 t-BuOH） 条件下被还原为 1,4-环己二烯 衍生物的反应。"
"什么是Bischler-Napieralski反应？","Bischler-Napieralski 反应：β-苯乙酰胺在脱水剂（如 POCl₃、P₂O₅、PCl₅）存在下发生分子内环化脱水，生成 3,4-二氢异喹啉衍生物的反应。","有机化学 杂环化合物 Bischler-Napieralski反应 rc_30d 化竞 二氢异喹啉 异喹啉","Chem::Core","[[Bischler-Napieralski反应]]","30d","概念卡","关键结论：
• B-N = β-苯乙酰胺 + 脱水剂 → 3,4-二氢异喹啉
• POCl₃ 是最常用的脱水剂
• 机理涉及酰胺活化 → 芳环 SEAr 关环
• 产物是 3,4-二氢异喹啉（不饱和）
• 后续脱氢可得异喹啉

---"
"Bischler-Napieralski反应 的关键结论有哪些？","• B-N = β-苯乙酰胺 + 脱水剂 → 3,4-二氢异喹啉
• POCl₃ 是最常用的脱水剂
• 机理涉及酰胺活化 → 芳环 SEAr 关环
• 产物是 3,4-二氢异喹啉（不饱和）
• 后续脱氢可得异喹啉

---","有机化学 杂环化合物 Bischler-Napieralski反应 rc_30d 化竞 二氢异喹啉 异喹啉","Chem::Core","[[Bischler-Napieralski反应]]","30d","总结卡","Bischler-Napieralski 反应：β-苯乙酰胺在脱水剂（如 POCl₃、P₂O₅、PCl₅）存在下发生分子内环化脱水，生成 3,4-二氢异喹啉衍生物的反应。"
"Bischler-Napieralski反应 有哪些常见易错点？","• ❌ 产物是异喹啉 → 产物是 3,4-二氢异喹啉
• ❌ 不需要脱水剂 → 必须加 POCl₃ 等脱水剂
• ❌ 任何酰胺都能反应 → 必须是 β-苯乙酰胺

---","有机化学 杂环化合物 Bischler-Napieralski反应 rc_30d 化竞 二氢异喹啉 异喹啉","Chem::Core","[[Bischler-Napieralski反应]]","30d","易错点卡","Bischler-Napieralski 反应：β-苯乙酰胺在脱水剂（如 POCl₃、P₂O₅、PCl₅）存在下发生分子内环化脱水，生成 3,4-二氢异喹啉衍生物的反应。"
"什么是BrF₃？","BrF₃（三氟化溴，Bromine Trifluoride） 是一种 强氟化试剂 和 强氧化剂，属于 卤素互化物。在有机化学中主要用于 芳环氟化 和 含氟有机物的制备。","有机化学 卤素化学 BrF₃ rc_30d 化竞 三氟化溴 氟化","Chem::Core","[[BrF₃]]","30d","概念卡","关键结论：
• BrF₃ 是强亲电氟化试剂和强氧化剂
• T 形分子结构（AX₃E₂，VSEPR）— 竞赛结构题考点
• 主要用于芳环氟化 — 富电子芳环优先
• 操作极危险 — 需在专业防护下进行，通常用惰性溶剂稀释"
"BrF₃ 的关键结论有哪些？","• BrF₃ 是强亲电氟化试剂和强氧化剂
• T 形分子结构（AX₃E₂，VSEPR）— 竞赛结构题考点
• 主要用于芳环氟化 — 富电子芳环优先
• 操作极危险 — 需在专业防护下进行，通常用惰性溶剂稀释","有机化学 卤素化学 BrF₃ rc_30d 化竞 三氟化溴 氟化","Chem::Core","[[BrF₃]]","30d","总结卡","BrF₃（三氟化溴，Bromine Trifluoride） 是一种 强氟化试剂 和 强氧化剂，属于 卤素互化物。在有机化学中主要用于 芳环氟化 和 含氟有机物的制备。"
"BrF₃ 有哪些常见易错点？","|  错误  |  纠正  | 
 | :--- | :--- | 
 |  误认为 BrF₃ 是 Br⁻ + F³⁻  |  BrF₃ 是共价化合物，Br 氧化态为 +3  | 
 |  与 BrF₅ 混淆  |  BrF₅ 是四方锥（AX₅E），Br 氧化态 +5  | 
 |  忽略安全警告  |  BrF₃ 极强腐蚀性，实验室几乎不使用；竞赛中主要考结构和理论  |","有机化学 卤素化学 BrF₃ rc_30d 化竞 三氟化溴 氟化","Chem::Core","[[BrF₃]]","30d","易错点卡","BrF₃（三氟化溴，Bromine Trifluoride） 是一种 强氟化试剂 和 强氧化剂，属于 卤素互化物。在有机化学中主要用于 芳环氟化 和 含氟有机物的制备。"
"什么是Brook重排？","• Brook重排（Brook rearrangement）是指在碱性条件下，硅基（silyl group, 如 Me₃Si, TBS, TIPS）从碳原子迁移到氧原子（或反向）的分子内重排反应。• 最经典的形式是 [1,2]-Brook 重排：α-硅基烷氧基负离子（R_3Si–CH(R')–O^-）发生硅基从碳到氧的 [1,2]-迁移，生成 碳负离子（^–CH(R')–OSiR_3）。• 该反应由加拿大化学家 Adrian G. Brook 于 1958 年首次系统报道。• 逆反应（硅基从氧迁移到碳）称为 逆 Brook 重排（retro-Brook rearrangement）。","有机化学 有机合成 重排反应_/_有机硅化学 Brook重排 rc_30d 化竞 人名反应 重排反应 有机硅","Chem::Core","[[Brook重排]]","30d","概念卡","关键结论：
• Brook 重排的核心价值在于 ""硅基辅助的极性翻转""：通过硅基的迁移，将原本稳定的 C–Si 键转化为高反应活性的 C⁻ 碳负离子，实现 碳的亲核化。• 可逆性是 Brook 重排的独特优势——正向 Brook（碱催化）和逆向 Brook（酸/热）的切换，使得硅基成为 可逆的官能团定位器。• 硅基的大小（Me₃Si < TBS < TIPS < TBDPS）显著影响迁移速率和选择性：大位阻硅基迁移较慢，但稳定性更高。• Brook 重排常与 亲电捕获 串联：重排生成的碳负离子可被醛、酮、卤代烷、CO₂ 等亲电试剂捕获，实现 C–C 键形成。"
"Brook重排 的关键结论有哪些？","• Brook 重排的核心价值在于 ""硅基辅助的极性翻转""：通过硅基的迁移，将原本稳定的 C–Si 键转化为高反应活性的 C⁻ 碳负离子，实现 碳的亲核化。• 可逆性是 Brook 重排的独特优势——正向 Brook（碱催化）和逆向 Brook（酸/热）的切换，使得硅基成为 可逆的官能团定位器。• 硅基的大小（Me₃Si < TBS < TIPS < TBDPS）显著影响迁移速率和选择性：大位阻硅基迁移较慢，但稳定性更高。• Brook 重排常与 亲电捕获 串联：重排生成的碳负离子可被醛、酮、卤代烷、CO₂ 等亲电试剂捕获，实现 C–C 键形成。","有机化学 有机合成 重排反应_/_有机硅化学 Brook重排 rc_30d 化竞 人名反应 重排反应 有机硅","Chem::Core","[[Brook重排]]","30d","总结卡","• Brook重排（Brook rearrangement）是指在碱性条件下，硅基（silyl group, 如 Me₃Si, TBS, TIPS）从碳原子迁移到氧原子（或反向）的分子内重排反应。• 最经典的形式是 [1,2]-Brook 重排：α-硅基烷氧基负离子（R_3Si–CH(R')–O^-）发生硅基从碳到氧的 [1,2]-迁移，生成 碳负离子（^–CH(R')–OSiR_3）。• 该反应由加拿大化学家 Adrian G. Brook 于 1958 年首次系统报道。• 逆反应（硅基从氧迁移到碳）称为 逆 Brook 重排（retro-Brook rearrangement）。"
"Brook重排 有哪些常见易错点？","• [1,n] numbering 错误：Brook 重排的 [1,n] 命名以 氧原子为 1，硅基所在碳为 n。不是以硅基为起点。• 忽略可逆性：正向 Brook（碱）和逆向 Brook（酸）是一对可逆反应。在多步合成中，若某步用碱、下步用酸，可能发生 意外的逆向 Brook，导致硅基回到原来位置。• 与 Peterson 烯化反应混淆：Peterson 反应也是 α-硅基碳负离子与羰基反应，但产物是 烯烃（通过 β-羟基硅烷的消除）；Brook 重排是 硅基迁移，产物是 碳负离子/硅醚。• 溶剂选择错误：Brook 重排需要 非质子极性溶剂（THF、Et₂O）。质子性溶剂（如 MeOH、H₂O）会与硅基或碳负离子反应，导致反应失败。","有机化学 有机合成 重排反应_/_有机硅化学 Brook重排 rc_30d 化竞 人名反应 重排反应 有机硅","Chem::Core","[[Brook重排]]","30d","易错点卡","• Brook重排（Brook rearrangement）是指在碱性条件下，硅基（silyl group, 如 Me₃Si, TBS, TIPS）从碳原子迁移到氧原子（或反向）的分子内重排反应。• 最经典的形式是 [1,2]-Brook 重排：α-硅基烷氧基负离子（R_3Si–CH(R')–O^-）发生硅基从碳到氧的 [1,2]-迁移，生成 碳负离子（^–CH(R')–OSiR_3）。• 该反应由加拿大化学家 Adrian G. Brook 于 1958 年首次系统报道。• 逆反应（硅基从氧迁移到碳）称为 逆 Brook 重排（retro-Brook rearrangement）。"
"什么是Brønsted酸碱观点？","Brønsted-Lowry 酸碱理论（1923年）是有机化学中最常用的酸碱框架：","有机化学 有机酸碱理论 Brønsted酸碱观点 rc_30d 化竞 基础要求 酸碱理论 pKa","Chem::Core","[[Brønsted酸碱观点]]","30d","概念卡","关键结论：
• pKa 是有机化学的""通用货币""：判断酸性、离去基、反应方向都绕不开它。• 共轭碱稳定性是核心：任何增强共轭碱稳定性的因素（诱导、共轭、杂化、芳香性）都会增强酸性。• Brønsted 是 Lewis 的子集：所有 Brønsted 酸碱都是 Lewis 酸碱，但反之不成立。• 质子转移是最快的有机反应之一：扩散控制的速率常数 ~10¹⁰ M⁻¹s⁻¹，意味着质子平衡在毫秒级就建立。"
"Brønsted酸碱观点 的关键结论有哪些？","• pKa 是有机化学的""通用货币""：判断酸性、离去基、反应方向都绕不开它。• 共轭碱稳定性是核心：任何增强共轭碱稳定性的因素（诱导、共轭、杂化、芳香性）都会增强酸性。• Brønsted 是 Lewis 的子集：所有 Brønsted 酸碱都是 Lewis 酸碱，但反之不成立。• 质子转移是最快的有机反应之一：扩散控制的速率常数 ~10¹⁰ M⁻¹s⁻¹，意味着质子平衡在毫秒级就建立。","有机化学 有机酸碱理论 Brønsted酸碱观点 rc_30d 化竞 基础要求 酸碱理论 pKa","Chem::Core","[[Brønsted酸碱观点]]","30d","总结卡","Brønsted-Lowry 酸碱理论（1923年）是有机化学中最常用的酸碱框架："
"Brønsted酸碱观点 有哪些常见易错点？","• ❌ ""pKa 越大酸性越强""——恰恰相反，pKa 越小酸性越强• ❌ ""醇的酸性比水弱""——实际相近（甲醇 pKa 15.5，水 pKa 15.7）• ❌ ""Brønsted 酸一定是强酸""——Brønsted 定义包含极弱酸（如烷烃，pKa ~50）","有机化学 有机酸碱理论 Brønsted酸碱观点 rc_30d 化竞 基础要求 酸碱理论 pKa","Chem::Core","[[Brønsted酸碱观点]]","30d","易错点卡","Brønsted-Lowry 酸碱理论（1923年）是有机化学中最常用的酸碱框架："
"什么是C-H活化？","C–H 活化（C–H Activation / C–H Functionalization）：在过渡金属催化剂（通常是 Pd、Ru、Rh、Ir）存在下，直接断裂有机分子中的 C–H 键并转化为 C–X、C–C 或 C–杂原子键的反应。","有机化学 过渡金属催化 C-H活化 rc_30d 化竞 碳氢键活化 导向基","Chem::Core","[[C-H活化]]","30d","概念卡","关键结论：
• C–H 活化 = 直接断裂 C–H 键 → 新官能团• 导向基是控制选择性的关键• CMD 是最普遍的机理• Pd(II)/Pd(IV) 循环是核心• 是合成化学的前沿方向• 绿色化学：减少预官能团化步骤

---"
"C-H活化 的关键结论有哪些？","• C–H 活化 = 直接断裂 C–H 键 → 新官能团• 导向基是控制选择性的关键• CMD 是最普遍的机理• Pd(II)/Pd(IV) 循环是核心• 是合成化学的前沿方向• 绿色化学：减少预官能团化步骤

---","有机化学 过渡金属催化 C-H活化 rc_30d 化竞 碳氢键活化 导向基","Chem::Core","[[C-H活化]]","30d","总结卡","C–H 活化（C–H Activation / C–H Functionalization）：在过渡金属催化剂（通常是 Pd、Ru、Rh、Ir）存在下，直接断裂有机分子中的 C–H 键并转化为 C–X、C–C 或 C–杂原子键的反应。"
"C-H活化 有哪些常见易错点？","• ❌ C–H 活化不需要导向基 → 目前阶段通常需要导向基• ❌ C–H 活化是自由基机理 → 主要是金属催化协同机理（CMD）• ❌ C–H 活化已经很成熟 → 仍在快速发展中，工业应用有限• ❌ 所有金属都能 C–H 活化 → 主要是 Pd、Ru、Rh、Ir

---","有机化学 过渡金属催化 C-H活化 rc_30d 化竞 碳氢键活化 导向基","Chem::Core","[[C-H活化]]","30d","易错点卡","C–H 活化（C–H Activation / C–H Functionalization）：在过渡金属催化剂（通常是 Pd、Ru、Rh、Ir）存在下，直接断裂有机分子中的 C–H 键并转化为 C–X、C–C 或 C–杂原子键的反应。"
"什么是Cannizzaro反应？","Cannizzaro 反应：无 α-氢的醛在浓碱作用下发生分子间氧化还原（歧化）：一分子醛被氧化为羧酸盐，另一分子被还原为醇。","有机化学 氧化还原 Cannizzaro反应 rc_30d 化竞 歧化反应 负氢迁移","Chem::Core","[[Cannizzaro反应]]","30d","概念卡","关键结论：
• Cannizzaro = 无 α-H 醛的歧化
• 负氢迁移是核心机理——学会 Cannizzaro = 学会 MPV = 学会 Tishchenko
• 甲醛在交叉 Cannizzaro 中总是被氧化
• 有 α-H 的醛不走 Cannizzaro——羟醛反应优先
• 浓碱是必要条件——稀碱下反应极慢
• 过渡态是六元环——两个醛分子 + OH⁻ 协同作用
• 第三轮判定顺序：先看 α-H，再看是否有甲醛参与交叉体系

---"
"Cannizzaro反应 的关键结论有哪些？","• Cannizzaro = 无 α-H 醛的歧化
• 负氢迁移是核心机理——学会 Cannizzaro = 学会 MPV = 学会 Tishchenko
• 甲醛在交叉 Cannizzaro 中总是被氧化
• 有 α-H 的醛不走 Cannizzaro——羟醛反应优先
• 浓碱是必要条件——稀碱下反应极慢
• 过渡态是六元环——两个醛分子 + OH⁻ 协同作用
• 第三轮判定顺序：先看 α-H，再看是否有甲醛参与交叉体系

---","有机化学 氧化还原 Cannizzaro反应 rc_30d 化竞 歧化反应 负氢迁移","Chem::Core","[[Cannizzaro反应]]","30d","总结卡","Cannizzaro 反应：无 α-氢的醛在浓碱作用下发生分子间氧化还原（歧化）：一分子醛被氧化为羧酸盐，另一分子被还原为醇。"
"Cannizzaro反应 有哪些常见易错点？","• ❌ 有 α-H 的醛也能 Cannizzaro → 有 α-H 优先羟醛反应
• ❌ Cannizzaro 需要氧化剂/还原剂 → 是歧化（自身氧化还原），无需外加试剂
• ❌ 交叉 Cannizzaro 中甲醛被还原 → 甲醛被氧化（生成甲酸根）
• ❌ 稀碱也能做 → 需要浓碱
• ❌ 负氢迁移是自由基过程 → 是协同的两电子转移，不是自由基

---","有机化学 氧化还原 Cannizzaro反应 rc_30d 化竞 歧化反应 负氢迁移","Chem::Core","[[Cannizzaro反应]]","30d","易错点卡","Cannizzaro 反应：无 α-氢的醛在浓碱作用下发生分子间氧化还原（歧化）：一分子醛被氧化为羧酸盐，另一分子被还原为醇。"
"什么是Chichibabin反应？","Chichibabin 反应：吡啶与氨基钠（NaNH₂）在液氨中反应，生成 2-氨基吡啶的反应。","有机化学 杂环化合物 Chichibabin反应 rc_30d 化竞 吡啶氨基化 氨基钠","Chem::Core","[[Chichibabin反应]]","30d","概念卡","关键结论：
• Chichibabin = 吡啶 + NaNH₂ → 2-氨基吡啶
• 是 SNAr 机理
• 离去基是 H⁻
• 强亲核试剂 + 缺电子芳环
• 是制备氨基吡啶的直接方法

---"
"Chichibabin反应 的关键结论有哪些？","• Chichibabin = 吡啶 + NaNH₂ → 2-氨基吡啶
• 是 SNAr 机理
• 离去基是 H⁻
• 强亲核试剂 + 缺电子芳环
• 是制备氨基吡啶的直接方法

---","有机化学 杂环化合物 Chichibabin反应 rc_30d 化竞 吡啶氨基化 氨基钠","Chem::Core","[[Chichibabin反应]]","30d","总结卡","Chichibabin 反应：吡啶与氨基钠（NaNH₂）在液氨中反应，生成 2-氨基吡啶的反应。"
"Chichibabin反应 有哪些常见易错点？","• ❌ 产物在 3-位 → 产物在 2-位
• ❌ 离去基是 NH₂⁻ → 离去基是 H⁻
• ❌ 不需要无水 → 必须严格无水

---","有机化学 杂环化合物 Chichibabin反应 rc_30d 化竞 吡啶氨基化 氨基钠","Chem::Core","[[Chichibabin反应]]","30d","易错点卡","Chichibabin 反应：吡啶与氨基钠（NaNH₂）在液氨中反应，生成 2-氨基吡啶的反应。"
"什么是Claisen重排？","Claisen 重排：烯丙基芳基醚在加热条件下发生[3,3]-σ 迁移，重排为 邻烯丙基苯酚 的反应。","有机化学 周环反应 Claisen重排 rc_30d 化竞 [3,3]-σ迁移","Chem::Core","[[Claisen重排]]","30d","概念卡","关键结论：
• Claisen 重排 = [3,3]-σ 迁移 = 周环反应• 邻位产物为主——邻位被占时经两次迁移得对位产物• 协同机理，无中间体——典型的周环反应特征• 热驱动，无催化剂——高温即可• 椅式六元环过渡态——立体化学由过渡态构象决定• 脂肪族 Claisen 是合成 γ,δ-不饱和羰基的重要方法

---"
"Claisen重排 的关键结论有哪些？","• Claisen 重排 = [3,3]-σ 迁移 = 周环反应• 邻位产物为主——邻位被占时经两次迁移得对位产物• 协同机理，无中间体——典型的周环反应特征• 热驱动，无催化剂——高温即可• 椅式六元环过渡态——立体化学由过渡态构象决定• 脂肪族 Claisen 是合成 γ,δ-不饱和羰基的重要方法

---","有机化学 周环反应 Claisen重排 rc_30d 化竞 [3,3]-σ迁移","Chem::Core","[[Claisen重排]]","30d","总结卡","Claisen 重排：烯丙基芳基醚在加热条件下发生[3,3]-σ 迁移，重排为 邻烯丙基苯酚 的反应。"
"Claisen重排 有哪些常见易错点？","• ❌ 产物是烯丙氧基苯 → 产物是邻烯丙基苯酚（C-C 键形成）• ❌ 邻位被占时不反应 → 邻位被占时两次迁移得对位产物• ❌ Claisen 是离子型反应 → Claisen 是周环反应，无中间体• ❌ 需要路易斯酸催化 → 经典 Claisen 不需要催化剂• ❌ 与 SN2' 机理相同 → 机理完全不同（协同 vs 分步）

---","有机化学 周环反应 Claisen重排 rc_30d 化竞 [3,3]-σ迁移","Chem::Core","[[Claisen重排]]","30d","易错点卡","Claisen 重排：烯丙基芳基醚在加热条件下发生[3,3]-σ 迁移，重排为 邻烯丙基苯酚 的反应。"
"什么是Cope消除？","Cope 消除：叔胺氧化物（amine N-oxide）在加热条件下发生顺式消除（syn elimination），生成烯烃和羟胺（N,N-二取代羟胺）的反应。","有机化学 消除反应 Cope消除 rc_30d 化竞 syn消除 热消除","Chem::Core","[[Cope消除]]","30d","概念卡","关键结论：
• Cope 消除 = 叔胺氧化物 + 热 → syn 消除• 五元环过渡态决定 syn 立体化学• 无碱、无碳正离子、不重排• 与 E2 的 anti 消除形成完美对照• 产物是烯烃 + 羟胺（羟胺可进一步处理）

---"
"Cope消除 的关键结论有哪些？","• Cope 消除 = 叔胺氧化物 + 热 → syn 消除• 五元环过渡态决定 syn 立体化学• 无碱、无碳正离子、不重排• 与 E2 的 anti 消除形成完美对照• 产物是烯烃 + 羟胺（羟胺可进一步处理）

---","有机化学 消除反应 Cope消除 rc_30d 化竞 syn消除 热消除","Chem::Core","[[Cope消除]]","30d","总结卡","Cope 消除：叔胺氧化物（amine N-oxide）在加热条件下发生顺式消除（syn elimination），生成烯烃和羟胺（N,N-二取代羟胺）的反应。"
"Cope消除 有哪些常见易错点？","• ❌ Cope 消除是 anti → Cope 是 syn 消除• ❌ 任何胺都能 Cope 消除 → 必须是叔胺氧化物且有 β-H• ❌ Cope 需要强碱 → Cope 是热驱动，不需要碱• ❌ Cope 和 Hofmann 一样 → 立体化学相反（syn vs anti）• ❌ 产物是胺 → 产物是烯烃 + 羟胺

---","有机化学 消除反应 Cope消除 rc_30d 化竞 syn消除 热消除","Chem::Core","[[Cope消除]]","30d","易错点卡","Cope 消除：叔胺氧化物（amine N-oxide）在加热条件下发生顺式消除（syn elimination），生成烯烃和羟胺（N,N-二取代羟胺）的反应。"
"什么是Cope重排？","Cope 重排：1,5-二烯在加热条件下发生的 [3,3]-σ 迁移，通过六元环过渡态重排为异构的 1,5-二烯的协同周环反应。","有机化学 周环反应 Cope重排 rc_30d 化竞 柯普重排 [3,3]-σ迁移","Chem::Core","[[Cope重排]]","30d","概念卡","关键结论：
• Cope 重排 = 全碳 [3,3]-σ 迁移• 六元环过渡态，椅式优先• 热允许（6e = 4n+2）• 立体专一，手性可转移• 对称底物产物相同，不对称底物产新异构体• Oxy-Cope 生成羰基，热力学更有利• 阴离子 Oxy-Cope 速率极快

---"
"Cope重排 的关键结论有哪些？","• Cope 重排 = 全碳 [3,3]-σ 迁移• 六元环过渡态，椅式优先• 热允许（6e = 4n+2）• 立体专一，手性可转移• 对称底物产物相同，不对称底物产新异构体• Oxy-Cope 生成羰基，热力学更有利• 阴离子 Oxy-Cope 速率极快

---","有机化学 周环反应 Cope重排 rc_30d 化竞 柯普重排 [3,3]-σ迁移","Chem::Core","[[Cope重排]]","30d","总结卡","Cope 重排：1,5-二烯在加热条件下发生的 [3,3]-σ 迁移，通过六元环过渡态重排为异构的 1,5-二烯的协同周环反应。"
"Cope重排 有哪些常见易错点？","• ❌ 对称底物不反应 → 对称底物确实反应，只是产物和底物一样• ❌ Cope 产物总是不同 → 对称时产物相同• ❌ 船式过渡态常见 → 椅式是主要过渡态• ❌ Oxy-Cope 和普通 Cope 机理不同 → 机理完全相同，只是底物含 OH• ❌ Cope 是自由基反应 → Cope 是协同周环反应，无中间体

---","有机化学 周环反应 Cope重排 rc_30d 化竞 柯普重排 [3,3]-σ迁移","Chem::Core","[[Cope重排]]","30d","易错点卡","Cope 重排：1,5-二烯在加热条件下发生的 [3,3]-σ 迁移，通过六元环过渡态重排为异构的 1,5-二烯的协同周环反应。"
"什么是Corey-Chaykovsky反应？","Corey–Chaykovsky 反应（也称 Johnson-Corey-Chaykovsky / JCC 反应）：硫叶立德（sulfur ylide）作为亲核体进攻醛/酮/亚胺/α,β-不饱和羰基化合物的羰基（或亚胺/双键）碳，形成三元环——通常是 环氧化物（环氧乙烷类）、氮丙啶 或 环丙烷 的反应。","有机化学 具体反应 Corey-Chaykovsky反应 rc_30d 化竞 名称反应 硫叶立德 环氧化物","Chem::Core","[[Corey-Chaykovsky反应]]","30d","概念卡","关键结论：
• JCC 反应是 ""羰基/亚胺/烯酮 → 三元环"" 的最经典方法。• 选择性源于：• 底物：饱和 → 环氧/氮丙啶；α,β-不饱和 → 环氧或环丙烷视叶立德而定；• 叶立德：硫鎓 → 1,2/动力学/环氧；亚砜鎓 → 1,4/热力学/环丙烷。• 与 Wittig反应 机理同源、产物分流：S 给三元环，P 给烯烃，根本原因在 P=O / S=O 键能差。• 副产物 \ce{Me2S} 或 \ce{DMSO} 易回收，绿色程度高。"
"Corey-Chaykovsky反应 的关键结论有哪些？","• JCC 反应是 ""羰基/亚胺/烯酮 → 三元环"" 的最经典方法。• 选择性源于：• 底物：饱和 → 环氧/氮丙啶；α,β-不饱和 → 环氧或环丙烷视叶立德而定；• 叶立德：硫鎓 → 1,2/动力学/环氧；亚砜鎓 → 1,4/热力学/环丙烷。• 与 Wittig反应 机理同源、产物分流：S 给三元环，P 给烯烃，根本原因在 P=O / S=O 键能差。• 副产物 \ce{Me2S} 或 \ce{DMSO} 易回收，绿色程度高。","有机化学 具体反应 Corey-Chaykovsky反应 rc_30d 化竞 名称反应 硫叶立德 环氧化物","Chem::Core","[[Corey-Chaykovsky反应]]","30d","总结卡","Corey–Chaykovsky 反应（也称 Johnson-Corey-Chaykovsky / JCC 反应）：硫叶立德（sulfur ylide）作为亲核体进攻醛/酮/亚胺/α,β-不饱和羰基化合物的羰基（或亚胺/双键）碳，形成三元环——通常是 环氧化物（环氧乙烷类）、氮丙啶 或 环丙烷 的反应。"
"Corey-Chaykovsky反应 有哪些常见易错点？","• ❌ 误以为硫叶立德也会""like Wittig""给烯烃：不，给三元环。• ❌ 误以为 enone 都给环丙烷：取决于叶立德——硫鎓给环氧（1,2），亚砜鎓才给环丙烷（1,4）。• ❌ 把 1,3-二噻烷负离子（Corey-Seebach）当成 JCC 叶立德：前者是 sp³ 碳负 + σ-超共轭稳定，后者是叶立德。• ❌ 把氧化数搞错：硫鎓甲叉中 S 是 +4 价（共价 4 个键），亚砜鎓甲叉中 S 是 +6 价。• ❌ 忽略软硬选择性：1,2 vs 1,4 的分流是 JCC 在合成设计中的核心。","有机化学 具体反应 Corey-Chaykovsky反应 rc_30d 化竞 名称反应 硫叶立德 环氧化物","Chem::Core","[[Corey-Chaykovsky反应]]","30d","易错点卡","Corey–Chaykovsky 反应（也称 Johnson-Corey-Chaykovsky / JCC 反应）：硫叶立德（sulfur ylide）作为亲核体进攻醛/酮/亚胺/α,β-不饱和羰基化合物的羰基（或亚胺/双键）碳，形成三元环——通常是 环氧化物（环氧乙烷类）、氮丙啶 或 环丙烷 的反应。"
"什么是Corey-Kim氧化？","Corey-Kim 氧化：使用 N-氯代琥珀酰亚胺（NCS） 和 二甲硫醚（DMS） 体系，在碱存在下将伯醇/仲醇氧化为醛/酮的反应。","有机化学 氧化还原 Corey-Kim氧化 rc_30d 化竞 醇氧化 NCS","Chem::Core","[[Corey-Kim氧化]]","30d","概念卡","关键结论：
• Corey-Kim = NCS/DMS/Et₃N → 醇 → 醛/酮• Swern 的""温和替代版""——不需低温• 通过硫鎓中间体机理——与 Swern 共享核心逻辑• 对伯醇停在醛——不过氧化• 仲醇 → 酮——通用

---"
"Corey-Kim氧化 的关键结论有哪些？","• Corey-Kim = NCS/DMS/Et₃N → 醇 → 醛/酮• Swern 的""温和替代版""——不需低温• 通过硫鎓中间体机理——与 Swern 共享核心逻辑• 对伯醇停在醛——不过氧化• 仲醇 → 酮——通用

---","有机化学 氧化还原 Corey-Kim氧化 rc_30d 化竞 醇氧化 NCS","Chem::Core","[[Corey-Kim氧化]]","30d","总结卡","Corey-Kim 氧化：使用 N-氯代琥珀酰亚胺（NCS） 和 二甲硫醚（DMS） 体系，在碱存在下将伯醇/仲醇氧化为醛/酮的反应。"
"Corey-Kim氧化 有哪些常见易错点？","• ❌ Corey-Kim 是还原反应 → 是氧化反应• ❌ 1°醇会被氧化到酸 → Corey-Kim 停在醛• ❌ 需要低温 → Corey-Kim 不需低温（与 Swern 不同）• ❌ 3°醇也能氧化 → 3°醇 不能氧化（无 α-H）

---","有机化学 氧化还原 Corey-Kim氧化 rc_30d 化竞 醇氧化 NCS","Chem::Core","[[Corey-Kim氧化]]","30d","易错点卡","Corey-Kim 氧化：使用 N-氯代琥珀酰亚胺（NCS） 和 二甲硫醚（DMS） 体系，在碱存在下将伯醇/仲醇氧化为醛/酮的反应。"
"什么是Corey-Seebach反应？","Corey-Seebach反应是指利用 1,3-二噻烷（1,3-dithiane） 作为 羰基等价物，实现 羰基极性反转（umpolung） 的一类反应。由 E. J. Corey 和 D. Seebach 于 1965 年发展。","有机化学 羰基化学 Corey-Seebach反应 rc_30d 化竞 Corey-Seebach 二噻烷 羰基保护","Chem::Core","[[Corey-Seebach反应]]","30d","概念卡","关键结论：
• 1,3-二噻烷是醛/酮的 ""保护 + 极性反转"" 双功能等价物• 二噻烷 2-位 H 有酸性（pKa ~ 30-32，可用 n-BuLi 去质子）• 去保护需用 Hg²⁺ 或 Ag⁺（硫对重金属高亲和性，水解释放羰基）• 可与多种亲电体反应：RX（烷基化）、醛/酮（加成）、环氧（开环）"
"Corey-Seebach反应 的关键结论有哪些？","• 1,3-二噻烷是醛/酮的 ""保护 + 极性反转"" 双功能等价物• 二噻烷 2-位 H 有酸性（pKa ~ 30-32，可用 n-BuLi 去质子）• 去保护需用 Hg²⁺ 或 Ag⁺（硫对重金属高亲和性，水解释放羰基）• 可与多种亲电体反应：RX（烷基化）、醛/酮（加成）、环氧（开环）","有机化学 羰基化学 Corey-Seebach反应 rc_30d 化竞 Corey-Seebach 二噻烷 羰基保护","Chem::Core","[[Corey-Seebach反应]]","30d","总结卡","Corey-Seebach反应是指利用 1,3-二噻烷（1,3-dithiane） 作为 羰基等价物，实现 羰基极性反转（umpolung） 的一类反应。由 E. J. Corey 和 D. Seebach 于 1965 年发展。"
"Corey-Seebach反应 有哪些常见易错点？","|  错误  |  纠正  | 
 | :--- | :--- | 
 |  与烯醇负离子烷基化混淆  |  Corey-Seebach 是在 原羰基碳 上引入基团；烯醇负离子是在 α-碳 上引入  | 
 |  忽略去保护的必要性  |  二噻烷是保护基，反应后必须水解才能恢复羰基  | 
 |  去保护条件错误  |  不能用普通酸水解（硫代缩醛对酸稳定），需用 Hg²⁺/Ag⁺  |","有机化学 羰基化学 Corey-Seebach反应 rc_30d 化竞 Corey-Seebach 二噻烷 羰基保护","Chem::Core","[[Corey-Seebach反应]]","30d","易错点卡","Corey-Seebach反应是指利用 1,3-二噻烷（1,3-dithiane） 作为 羰基等价物，实现 羰基极性反转（umpolung） 的一类反应。由 E. J. Corey 和 D. Seebach 于 1965 年发展。"
"什么是Curtius重排？","Curtius 重排：酰基叠氮（acyl azide）在加热（或光照）下脱去 N₂，发生 1,2-烷基（或芳基）迁移生成异氰酸酯（isocyanate）的重排反应。德国化学家 Theodor Curtius 于 1890 年发现。","有机化学 重排反应 Curtius重排 rc_30d 化竞 有机重排 名称反应 氮宾 1,2-迁移","Chem::Core","[[Curtius重排]]","30d","概念卡","关键结论：
4.1 反应链：从酰氯/酸到一级胺
完整的""链碳缩短一碳""合成路径：
\ce{R-COOH ->[1) SOCl2\,2) NaN3] R-CON3 ->[\Delta] R-N=C=O ->[H2O] R-NH2 + CO2}

合成意义：将一个 R-COOH（n 碳） → R-NH₂（n−1 碳），即链碳缩短一碳的氨化反应。

4.2 与其他相关重排的比较
 |  重排  |  起始物  |  关键步骤  |  产物  |  缩短  | 
 | --- | --- | --- | --- | --- | 
 |  Curtius  |  酰基叠氮 R-C(=O)-N₃  |  R 迁移 + N₂ 离去  |  异氰酸酯 → 胺  |  减一个 C  | 
 |  Hofmann  |  一级酰胺 R-CONH₂ + Br₂/OH⁻  |  R 迁移 + Br⁻ 离去  |  异氰酸酯 → 胺  |  减一个 C  | 
 |  Schmidt  |  酮 + HN₃/H⁺  |  R 迁移 + N₂ 离去  |  酰胺  |  不变  | 
 |  Beckmann  |  肟 R₂C=N-OH  |  R 迁移 + H₂O 离去  |  酰胺  |  不变  | 
 |  Wolff  |  重氮酮 R-CO-CHN₂  |  R 迁移 + N₂ 离去  |  烯酮 → 酸（1,2-迁移与重排）  |  不变  | 

4.3 立体化学：构型保留
与所有 1,2-迁移一样，Curtius 重排中迁移的 R 基团带电子对从 C 迁到 N，保持构型。如手性碳作为 R 迁移时，新形成的 R-N 键保持 R/S 构型。

4.4 驱动力分析• 失去 N₂：极稳定的氮气分子离去（ΔH ≈ −230 kJ/mol）• 形成异氰酸酯：C=N 双键 + N=O（异氰酸酯）键能均较高• 协同/经氮宾：路径不同，但热力学结局一样"
"Curtius重排 的关键结论有哪些？","4.1 反应链：从酰氯/酸到一级胺
完整的""链碳缩短一碳""合成路径：
\ce{R-COOH ->[1) SOCl2\,2) NaN3] R-CON3 ->[\Delta] R-N=C=O ->[H2O] R-NH2 + CO2}

合成意义：将一个 R-COOH（n 碳） → R-NH₂（n−1 碳），即链碳缩短一碳的氨化反应。

4.2 与其他相关重排的比较
 |  重排  |  起始物  |  关键步骤  |  产物  |  缩短  | 
 | --- | --- | --- | --- | --- | 
 |  Curtius  |  酰基叠氮 R-C(=O)-N₃  |  R 迁移 + N₂ 离去  |  异氰酸酯 → 胺  |  减一个 C  | 
 |  Hofmann  |  一级酰胺 R-CONH₂ + Br₂/OH⁻  |  R 迁移 + Br⁻ 离去  |  异氰酸酯 → 胺  |  减一个 C  | 
 |  Schmidt  |  酮 + HN₃/H⁺  |  R 迁移 + N₂ 离去  |  酰胺  |  不变  | 
 |  Beckmann  |  肟 R₂C=N-OH  |  R 迁移 + H₂O 离去  |  酰胺  |  不变  | 
 |  Wolff  |  重氮酮 R-CO-CHN₂  |  R 迁移 + N₂ 离去  |  烯酮 → 酸（1,2-迁移与重排）  |  不变  | 

4.3 立体化学：构型保留
与所有 1,2-迁移一样，Curtius 重排中迁移的 R 基团带电子对从 C 迁到 N，保持构型。如手性碳作为 R 迁移时，新形成的 R-N 键保持 R/S 构型。

4.4 驱动力分析• 失去 N₂：极稳定的氮气分子离去（ΔH ≈ −230 kJ/mol）• 形成异氰酸酯：C=N 双键 + N=O（异氰酸酯）键能均较高• 协同/经氮宾：路径不同，但热力学结局一样","有机化学 重排反应 Curtius重排 rc_30d 化竞 有机重排 名称反应 氮宾 1,2-迁移","Chem::Core","[[Curtius重排]]","30d","总结卡","Curtius 重排：酰基叠氮（acyl azide）在加热（或光照）下脱去 N₂，发生 1,2-烷基（或芳基）迁移生成异氰酸酯（isocyanate）的重排反应。德国化学家 Theodor Curtius 于 1890 年发现。"
"Curtius重排 有哪些常见易错点？","• 把异氰酸酯（R-N=C=O）写成异腈（R-N≡C）——前者是 N、C、O 三重态串联，后者是 N≡C 单基• 忘记 N₂ 离去的""驱动力""——不写脱 N₂• 把""链碳缩短一碳""误以为是产物变成羧酸——实际上 CO₂ 离开了• 忘记 R 迁移带电子对（保留构型）• Curtius 与 Wolff 混淆——前者迁移到 N，后者迁移到 C","有机化学 重排反应 Curtius重排 rc_30d 化竞 有机重排 名称反应 氮宾 1,2-迁移","Chem::Core","[[Curtius重排]]","30d","易错点卡","Curtius 重排：酰基叠氮（acyl azide）在加热（或光照）下脱去 N₂，发生 1,2-烷基（或芳基）迁移生成异氰酸酯（isocyanate）的重排反应。德国化学家 Theodor Curtius 于 1890 年发现。"
"什么是D-L构型？","D/L 构型是由 Emil Fischer 和 Rosanoff 于 19 世纪末提出的相对构型标记法，以甘油醛为参照标准。该体系主要用于糖类和氨基酸，通过比较分子中最下方手性碳的构型与 D-/L-甘油醛的关系来确定。","有机化学 立体化学 D-L构型 rc_30d 化竞","Chem::Core","[[D-L构型]]","30d","概念卡","关键结论：
• D/L 是相对构型，R/S 是绝对构型：二者描述的是不同层面的立体化学信息• 天然蛋白质中的氨基酸几乎全是 L-型：生物系统具有手性选择性• 天然糖类中 D-型占主导：如 D-葡萄糖、D-果糖、D-核糖• D/L 标记不反映旋光方向：D-葡萄糖是右旋（+），但 D-果糖是左旋（−）；旋光方向需实验测定（D/L 后的 +/− 标记）• 甘氨酸无 D/L 之分：没有手性中心"
"D-L构型 的关键结论有哪些？","• D/L 是相对构型，R/S 是绝对构型：二者描述的是不同层面的立体化学信息• 天然蛋白质中的氨基酸几乎全是 L-型：生物系统具有手性选择性• 天然糖类中 D-型占主导：如 D-葡萄糖、D-果糖、D-核糖• D/L 标记不反映旋光方向：D-葡萄糖是右旋（+），但 D-果糖是左旋（−）；旋光方向需实验测定（D/L 后的 +/− 标记）• 甘氨酸无 D/L 之分：没有手性中心","有机化学 立体化学 D-L构型 rc_30d 化竞","Chem::Core","[[D-L构型]]","30d","总结卡","D/L 构型是由 Emil Fischer 和 Rosanoff 于 19 世纪末提出的相对构型标记法，以甘油醛为参照标准。该体系主要用于糖类和氨基酸，通过比较分子中最下方手性碳的构型与 D-/L-甘油醛的关系来确定。"
"D-L构型 有哪些常见易错点？","|  错误  |  原因  |  纠正  |  课堂提问  | 
 | :--- | :--- | :--- | :--- | 
 |  ""D = R，L = S""  |  混淆两套体系  |  D/L 是相对构型，R/S 是绝对构型，无固定对应  |  L-半胱氨酸是 R 还是 S？  | 
 |  ""D-型都是右旋""  |  将 D/L 与旋光方向混淆  |  D/L 是构型标记；旋光方向用 (+)/(−)，需实验测定  |  D-果糖是左旋还是右旋？  | 
 |  ""所有天然氨基酸都是 D-型""  |  与糖类混淆  |  天然糖类多为 D-型，但天然氨基酸几乎全为 L-型  |  天然蛋白质中的氨基酸是什么构型？  | 
 |  ""D/L 可以描述所有手性碳""  |  忽略 D/L 的局限  |  D/L 只描述编号最大的手性碳，其余需用 R/S  |  葡萄糖有几个手性碳？D/L 能全部描述吗？  | 
 |  ""小写 d/l 和大写 D/L 一样""  |  不了解历史演变  |  d/l 表示旋光方向（已废弃），D/L 表示相对构型  |  D-(+)-葡萄糖的旧称是什么？  |","有机化学 立体化学 D-L构型 rc_30d 化竞","Chem::Core","[[D-L构型]]","30d","易错点卡","D/L 构型是由 Emil Fischer 和 Rosanoff 于 19 世纪末提出的相对构型标记法，以甘油醛为参照标准。该体系主要用于糖类和氨基酸，通过比较分子中最下方手性碳的构型与 D-/L-甘油醛的关系来确定。"
"什么是De Mayo反应？","De Mayo 反应：烯酮（enone）与烯烃在光照条件下发生的 [2+2] 光环加成反应，生成环丁烷衍生物，随后可经逆 Aldol 断裂生成 1,5-二羰基化合物的反应。","有机化学 人名反应 De_Mayo反应 rc_30d 化竞 光化学 环加成","Chem::Core","[[De Mayo反应]]","30d","概念卡","关键结论：
• De Mayo 反应 = [2+2] 光环加成 + 逆 Aldol 断裂• 光照是必需条件——热条件下 [2+2] 环加成禁阻• 产物是 1,5-二羰基化合物——可用于构建复杂环系• 逆合成切断：1,5-二羰基 ← 环丁烷 ← 烯酮 + 烯烃• 竞赛中常作为全合成的关键步骤——构建 5-6-8 稠环骨架"
"De Mayo反应 的关键结论有哪些？","• De Mayo 反应 = [2+2] 光环加成 + 逆 Aldol 断裂• 光照是必需条件——热条件下 [2+2] 环加成禁阻• 产物是 1,5-二羰基化合物——可用于构建复杂环系• 逆合成切断：1,5-二羰基 ← 环丁烷 ← 烯酮 + 烯烃• 竞赛中常作为全合成的关键步骤——构建 5-6-8 稠环骨架","有机化学 人名反应 De_Mayo反应 rc_30d 化竞 光化学 环加成","Chem::Core","[[De Mayo反应]]","30d","总结卡","De Mayo 反应：烯酮（enone）与烯烃在光照条件下发生的 [2+2] 光环加成反应，生成环丁烷衍生物，随后可经逆 Aldol 断裂生成 1,5-二羰基化合物的反应。"
"De Mayo反应 有哪些常见易错点？","• ❌ 混淆 De Mayo 与 Diels-Alder → De Mayo 是光化学 [2+2]，D-A 是热 [4+2]• ❌ 忘记逆 Aldol 步骤 → De Mayo 的最终产物是 1,5-二羰基，不是环丁烷• ❌ 热条件下尝试 De Mayo → [2+2] 热禁阻，必须光照• ❌ 忽略立体化学 → 光化学反应立体选择性较差","有机化学 人名反应 De_Mayo反应 rc_30d 化竞 光化学 环加成","Chem::Core","[[De Mayo反应]]","30d","易错点卡","De Mayo 反应：烯酮（enone）与烯烃在光照条件下发生的 [2+2] 光环加成反应，生成环丁烷衍生物，随后可经逆 Aldol 断裂生成 1,5-二羰基化合物的反应。"
"什么是Dess-Martin氧化？","Dess–Martin 氧化：使用 Dess–Martin Periodinane (DMP) 或 2-碘酰基苯甲酸 (IBX) 这两类 λ⁵-碘烷（hypervalent I(V) iodane） 在温和条件下将伯醇/仲醇分别氧化为醛/酮的反应。","有机化学 具体反应 Dess-Martin氧化 rc_30d 化竞 氧化反应 醇氧化 高价碘试剂","Chem::Core","[[Dess-Martin氧化]]","30d","概念卡","关键结论：
• 氧化中心：I(V) → I(III)，是主族高价化合物分子内氧化还原的典型例子。• 不会过氧化醛为酸：因为反应一旦生成 C=O，就没有 α-OH 可继续氧化（与 Swern氧化 同根同源）。• DMP vs IBX：DMP 在 CH₂Cl₂ 中可溶，操作友好；IBX 仅 DMSO 可溶，且加热条件下使用。• 反应温和：室温即可，对烯醇化倾向底物（如 β-酮醇、α,β-不饱和醇）比 Swern 更温和。• 副反应极少：相比 PCC、Cr(VI) 类强氧化剂，无重金属污染、无过氧化、无脱水副反应。"
"Dess-Martin氧化 的关键结论有哪些？","• 氧化中心：I(V) → I(III)，是主族高价化合物分子内氧化还原的典型例子。• 不会过氧化醛为酸：因为反应一旦生成 C=O，就没有 α-OH 可继续氧化（与 Swern氧化 同根同源）。• DMP vs IBX：DMP 在 CH₂Cl₂ 中可溶，操作友好；IBX 仅 DMSO 可溶，且加热条件下使用。• 反应温和：室温即可，对烯醇化倾向底物（如 β-酮醇、α,β-不饱和醇）比 Swern 更温和。• 副反应极少：相比 PCC、Cr(VI) 类强氧化剂，无重金属污染、无过氧化、无脱水副反应。","有机化学 具体反应 Dess-Martin氧化 rc_30d 化竞 氧化反应 醇氧化 高价碘试剂","Chem::Core","[[Dess-Martin氧化]]","30d","总结卡","Dess–Martin 氧化：使用 Dess–Martin Periodinane (DMP) 或 2-碘酰基苯甲酸 (IBX) 这两类 λ⁵-碘烷（hypervalent I(V) iodane） 在温和条件下将伯醇/仲醇分别氧化为醛/酮的反应。"
"Dess-Martin氧化 有哪些常见易错点？","• ❌ 误以为 DMP/IBX 会过氧化醛为酸：不会，I(V) → I(III) 之后无更多电子流可流。• ❌ 误以为 IBX 与 DMP 机理不同：机理相同，区别仅在底物溶解性和反应温度。• ❌ 把 DMP 与 过碘酸氧化 混淆：DMP 用于醇 → 醛/酮，HIO₄ 用于二醇裂解。• ❌ 误以为 I(V) 是稀有：本族 I 高价化合物在 IBX、IO₃⁻、HIO₄ 中都常见，与""惰性对效应""无矛盾（碘价稳定 +1, +3, +5, +7）。• ❌ 操作 IBX 不知爆炸性：纯 IBX 受热易爆，实验室用 SIBX 或就地用 KHSO₅ 制备。","有机化学 具体反应 Dess-Martin氧化 rc_30d 化竞 氧化反应 醇氧化 高价碘试剂","Chem::Core","[[Dess-Martin氧化]]","30d","易错点卡","Dess–Martin 氧化：使用 Dess–Martin Periodinane (DMP) 或 2-碘酰基苯甲酸 (IBX) 这两类 λ⁵-碘烷（hypervalent I(V) iodane） 在温和条件下将伯醇/仲醇分别氧化为醛/酮的反应。"
"什么是Diels-Alder反应？","Diels-Alder 反应（D-A 反应）：共轭二烯（diene）与亲双烯体（dienophile）之间发生的 [4+2] 环加成，生成 环己烯 衍生物的协同反应。","有机化学 周环反应 Diels-Alder反应 rc_30d 化竞 DA反应 4+2环加成","Chem::Core","[[Diels-Alder反应]]","30d","概念卡","关键结论：
• D-A = [4+2] 环加成 = 共轭二烯 + 亲双烯体 → 环己烯• 协同机理，一步完成，无中间体• endo 规则——EWG 倾向于 endo 位（动力学控制）• 区域选择性——""邻对位规则""，由 FMO 系数决定• 立体专一——syn 加成，cis/trans 构型保留• EDG 在二烯，EWG 在亲双烯体——反应最快• 高温可逆——反向 D-A 释放双烯

---"
"Diels-Alder反应 的关键结论有哪些？","• D-A = [4+2] 环加成 = 共轭二烯 + 亲双烯体 → 环己烯• 协同机理，一步完成，无中间体• endo 规则——EWG 倾向于 endo 位（动力学控制）• 区域选择性——""邻对位规则""，由 FMO 系数决定• 立体专一——syn 加成，cis/trans 构型保留• EDG 在二烯，EWG 在亲双烯体——反应最快• 高温可逆——反向 D-A 释放双烯

---","有机化学 周环反应 Diels-Alder反应 rc_30d 化竞 DA反应 4+2环加成","Chem::Core","[[Diels-Alder反应]]","30d","总结卡","Diels-Alder 反应（D-A 反应）：共轭二烯（diene）与亲双烯体（dienophile）之间发生的 [4+2] 环加成，生成 环己烯 衍生物的协同反应。"
"Diels-Alder反应 有哪些常见易错点？","• ❌ endo 产物更稳定 → endo 是动力学产物，exo 更稳定（热力学）• ❌ 反式二烯也能 D-A → 二烯必须能采取 s-cis 构象• ❌ D-A 是离子型反应 → D-A 是协同周环反应• ❌ 高温有利于 endo → 高温有利于 exo（热力学产物）• ❌ 区域选择性靠背的 → 区域选择性由 FMO 系数决定• ❌ 杂 D-A 机理不同 → 杂 D-A 与经典 D-A 机理相同（协同、endo 规则适用），只是原子类型不同• ❌ 呋喃 D-A 产物稳定 → 呋喃 D-A 产物可逆，加热可发生反向 D-A

---","有机化学 周环反应 Diels-Alder反应 rc_30d 化竞 DA反应 4+2环加成","Chem::Core","[[Diels-Alder反应]]","30d","易错点卡","Diels-Alder 反应（D-A 反应）：共轭二烯（diene）与亲双烯体（dienophile）之间发生的 [4+2] 环加成，生成 环己烯 衍生物的协同反应。"
"什么是Dimroth重排？","Dimroth 重排：含有 环外氨基的氮杂芳环（如氨基嘧啶、氨基噻唑）在碱性条件下发生开环-闭环重排，导致环内氮与环外氨基交换位置的反应。","有机化学 杂环化合物 Dimroth重排 rc_30d 化竞 杂环重排 嘧啶","Chem::Core","[[Dimroth重排]]","30d","概念卡","关键结论：
• Dimroth = 环外氨基 ↔ 环内氮交换
• 通过开环-闭环实现
• 碱催化
• 常见于嘧啶、噻唑等杂环

---"
"Dimroth重排 的关键结论有哪些？","• Dimroth = 环外氨基 ↔ 环内氮交换
• 通过开环-闭环实现
• 碱催化
• 常见于嘧啶、噻唑等杂环

---","有机化学 杂环化合物 Dimroth重排 rc_30d 化竞 杂环重排 嘧啶","Chem::Core","[[Dimroth重排]]","30d","总结卡","Dimroth 重排：含有 环外氨基的氮杂芳环（如氨基嘧啶、氨基噻唑）在碱性条件下发生开环-闭环重排，导致环内氮与环外氨基交换位置的反应。"
"什么是E1cb反应？","E1cb 反应（Elimination, unimolecular, conjugate base） 即共轭碱单分子消除反应，是经由碳负离子中间体（共轭碱）分两步完成的消除反应：","有机化学 具体反应 E1cb反应 rc_30d 化竞 消除反应","Chem::Core","[[E1cb反应]]","30d","概念卡","关键结论：
• α-位必须有强吸电子基（EWG）：羰基（最典型）、硝基、氰基、砜基、亚砜等• β-位必须有离去基（LG）：OH、OR、卤素、NR₃⁺ 等• LG 不需要特别好：与 E2 不同，E1cb 的 LG 离去是 RDS，但碳负离子的存在使 C-LG 键更易断裂（负电荷排斥推电子）• 与 E1 的本质区别：E1 需要好 LG 和稳定碳正离子；E1cb 需要稳定碳负离子和可离去的 LG• 与 E2 的本质区别：E2 要求 anti-共平面且强碱直接协同；E1cb 不要求 strict anti（碳负离子可旋转），但通常仍取最有利构象• 最常见场景：• β-羟基羰基化合物的脱水（Aldol 缩合的逆反应）• β-卤代羰基化合物的消除• 季铵碱的 Hofmann 消除（某些情况下走 E1cb）"
"E1cb反应 的关键结论有哪些？","• α-位必须有强吸电子基（EWG）：羰基（最典型）、硝基、氰基、砜基、亚砜等• β-位必须有离去基（LG）：OH、OR、卤素、NR₃⁺ 等• LG 不需要特别好：与 E2 不同，E1cb 的 LG 离去是 RDS，但碳负离子的存在使 C-LG 键更易断裂（负电荷排斥推电子）• 与 E1 的本质区别：E1 需要好 LG 和稳定碳正离子；E1cb 需要稳定碳负离子和可离去的 LG• 与 E2 的本质区别：E2 要求 anti-共平面且强碱直接协同；E1cb 不要求 strict anti（碳负离子可旋转），但通常仍取最有利构象• 最常见场景：• β-羟基羰基化合物的脱水（Aldol 缩合的逆反应）• β-卤代羰基化合物的消除• 季铵碱的 Hofmann 消除（某些情况下走 E1cb）","有机化学 具体反应 E1cb反应 rc_30d 化竞 消除反应","Chem::Core","[[E1cb反应]]","30d","总结卡","E1cb 反应（Elimination, unimolecular, conjugate base） 即共轭碱单分子消除反应，是经由碳负离子中间体（共轭碱）分两步完成的消除反应："
"E1cb反应 有哪些常见易错点？","|  错误  |  原因  |  纠正  |  课堂提问  | 
 | :--- | :--- | :--- | :--- | 
 |  把 Aldol 脱水写成 E2  |  忽略羰基对 α-H 的活化  |  Aldol 脱水实际走 E1cb（烯醇负离子中间体） |  Aldol 脱水时，碱先攻击哪个原子？  | 
 |  认为 E1cb 需要极好的 LG  |  与 E1 混淆  |  E1cb 的 LG 可以是 OH⁻（poor LG），因为碳负离子的推电子效应辅助 LG 离去  |  为什么 Aldol 脱水能在温和条件下进行，尽管 OH⁻ 是 poor LG？  | 
 |  忽略 α-H 的酸性  |  只看 β-LG  |  E1cb 的前提是 α-H 可被碱夺去；无 EWG 时 α-H 不酸，无法 E1cb  |  为什么普通烷烃不发生 E1cb？  | 
 |  E1cb 机理画成一步协同  |  与 E2 混淆  |  E1cb 是分步，有明确的碳负离子中间体（需画共振式） |  E1cb 和 E2 的根本区别是什么？  | 
 |  认为 E1cb 不重排所以不重要  |  低估其应用  |  E1cb 是 Aldol/Claisen/Knoevenagel 脱水的核心机理，在全合成中无处不在  |  哪些经典缩合反应的脱水步骤走 E1cb？  |","有机化学 具体反应 E1cb反应 rc_30d 化竞 消除反应","Chem::Core","[[E1cb反应]]","30d","易错点卡","E1cb 反应（Elimination, unimolecular, conjugate base） 即共轭碱单分子消除反应，是经由碳负离子中间体（共轭碱）分两步完成的消除反应："
"什么是E1cb机理？","E1cb 机理（Elimination, unimolecular, conjugate base）是一种两步消除反应：","有机化学 反应机理 E1cb机理 rc_30d 化竞 消除反应 E1cb 碳负离子","Chem::Core","[[E1cb机理]]","30d","概念卡","关键结论：
• E1cb 是碳负离子中间体的消除路径——与 E1 的碳正离子路径形成""电性反转""的对称关系• 三大必要条件缺一不可——强碱 + 稳定碳负离子 + 差离去基团• 区域选择性为 Hofmann——碳负离子形成后，位阻小的 β-H 更易被夺取（或从酸性角度，少取代 β-H 的酸性相对更强）• E1cb 与 E2 的边界是模糊的——存在一个从 E1cb 到 E2 再到 E1 的连续谱• 构型保持 + 反式共平面——去质子后碳负离子构型不变，孤对电子位置决定后续消除的立体化学• ""上电子下羟基""——羟基在 E2 条件下无法消除，但在 E1cb 条件下可以（通过形成烯醇负离子中间体）

---"
"E1cb机理 的关键结论有哪些？","• E1cb 是碳负离子中间体的消除路径——与 E1 的碳正离子路径形成""电性反转""的对称关系• 三大必要条件缺一不可——强碱 + 稳定碳负离子 + 差离去基团• 区域选择性为 Hofmann——碳负离子形成后，位阻小的 β-H 更易被夺取（或从酸性角度，少取代 β-H 的酸性相对更强）• E1cb 与 E2 的边界是模糊的——存在一个从 E1cb 到 E2 再到 E1 的连续谱• 构型保持 + 反式共平面——去质子后碳负离子构型不变，孤对电子位置决定后续消除的立体化学• ""上电子下羟基""——羟基在 E2 条件下无法消除，但在 E1cb 条件下可以（通过形成烯醇负离子中间体）

---","有机化学 反应机理 E1cb机理 rc_30d 化竞 消除反应 E1cb 碳负离子","Chem::Core","[[E1cb机理]]","30d","总结卡","E1cb 机理（Elimination, unimolecular, conjugate base）是一种两步消除反应："
"E1cb机理 有哪些常见易错点？","|  错误  |  原因  |  纠正  |  课堂提问  | 
 | :--- | :--- | :--- | :--- | 
 |  认为 E1cb 很常见  |  忽略三大必要条件  |  E1cb 需要同时满足强碱 + 稳定碳负离子 + 差 LG  |  为什么普通卤代烷不发生 E1cb？  | 
 |  混淆 E1cb 与 E1  |  都被称作 ""E1...""  |  E1cb 经历碳负离子，E1 经历碳正离子——电性完全相反  |  E1cb 和 E1 的中间体电荷有何不同？  | 
 |  忽略碳负离子构型保持  |  以为去质子后构型翻转  |  E1cb 第一步去质子后构型不变，孤对电子在原位  |  为什么 E1cb 消除仍需反式共平面？  | 
 |  认为 E1cb 产物总是","有机化学 反应机理 E1cb机理 rc_30d 化竞 消除反应 E1cb 碳负离子","Chem::Core","[[E1cb机理]]","30d","易错点卡","E1cb 机理（Elimination, unimolecular, conjugate base）是一种两步消除反应："
"什么是E1反应？","E1 反应（Elimination, unimolecular） 即单分子消除反应，是经由碳正离子中间体分两步完成的消除反应：","有机化学 具体反应 E1反应 rc_30d 化竞 消除反应","Chem::Core","[[E1反应]]","30d","概念卡","关键结论：
• 底物要求：3° > 2° >> 1°（1° 底物几乎不发生 E1，因 1° 碳正离子极不稳定）• 碱的要求：理论上任何碱均可（第二步非决速步），但 弱碱/低浓度碱 更利于 E1（避免 E2 竞争）• 溶剂要求：极性质子溶剂（H₂O、ROH）最利 E1——稳定碳正离子和 LG⁻• 温度效应：高温促进 E1（消除的 ΔS > 0，TΔS 项有利）• **"
"E1反应 的关键结论有哪些？","• 底物要求：3° > 2° >> 1°（1° 底物几乎不发生 E1，因 1° 碳正离子极不稳定）• 碱的要求：理论上任何碱均可（第二步非决速步），但 弱碱/低浓度碱 更利于 E1（避免 E2 竞争）• 溶剂要求：极性质子溶剂（H₂O、ROH）最利 E1——稳定碳正离子和 LG⁻• 温度效应：高温促进 E1（消除的 ΔS > 0，TΔS 项有利）• **","有机化学 具体反应 E1反应 rc_30d 化竞 消除反应","Chem::Core","[[E1反应]]","30d","总结卡","E1 反应（Elimination, unimolecular） 即单分子消除反应，是经由碳正离子中间体分两步完成的消除反应："
"E1反应 有哪些常见易错点？","|  错误  |  原因  |  纠正  |  课堂提问  | 
 | :--- | :--- | :--- | :--- | 
 |  认为 E1 不需要碱  |  第二步确实需要碱夺 H  |  任何可作为碱的物种（溶剂、LG⁻、HSO₄⁻）均可；只是第二步非 RDS，故碱浓度不影响速率  |  E1 的第二步中，谁是碱？为什么速率方程里没有 [Base]？  | 
 |  1° 底物写 E1 机理  |  忽略碳正离子稳定性门槛  |  1° 碳正极不稳定，1° 底物几乎不发生 E1  |  1° 卤代烷在 EtOH/Δ 下主要发生什么反应？  | 
 |  忽略 E1 中的重排  |  只画一步消除  |  E1 有碳正离子中间体 → 必检查重排可能  |  什么时候 E1 产物与预期","有机化学 具体反应 E1反应 rc_30d 化竞 消除反应","Chem::Core","[[E1反应]]","30d","易错点卡","E1 反应（Elimination, unimolecular） 即单分子消除反应，是经由碳正离子中间体分两步完成的消除反应："
"什么是E2反应？","E2 反应（Elimination, bimolecular） 即双分子消除反应，是碱夺取 β-H 与离去基（LG）离去协同进行的一步反应：","有机化学 具体反应 E2反应 rc_30d 化竞 消除反应","Chem::Core","[[E2反应]]","30d","概念卡","关键结论：
• E2 是协同反应，无中间体 → 不重排（与 E1 的本质区别）
• 立体化学严格：anti-共平面是硬性要求；syn-消除仅在特殊刚性体系（如环状锁定的季铵碱）中发生
• 碱的位阻决定取向：
• 小位阻碱（OH⁻、EtO⁻）→ **"
"E2反应 的关键结论有哪些？","• E2 是协同反应，无中间体 → 不重排（与 E1 的本质区别）
• 立体化学严格：anti-共平面是硬性要求；syn-消除仅在特殊刚性体系（如环状锁定的季铵碱）中发生
• 碱的位阻决定取向：
• 小位阻碱（OH⁻、EtO⁻）→ **","有机化学 具体反应 E2反应 rc_30d 化竞 消除反应","Chem::Core","[[E2反应]]","30d","总结卡","E2 反应（Elimination, bimolecular） 即双分子消除反应，是碱夺取 β-H 与离去基（LG）离去协同进行的一步反应："
"E2反应 有哪些常见易错点？","|  错误  |  原因  |  纠正  |  课堂提问  | 
 | :--- | :--- | :--- | :--- | 
 |  忽略 E2 的 anti-共平面要求  |  只考虑 β-H 的存在，不考虑空间排列  |  环己烷体系必须用椅式构象判断 a/e；开链体系用 Newman 投影  |  为什么顺-1-溴-4-叔丁基环己烷很难发生 E2？  | 
 |  所有 E2 都写","有机化学 具体反应 E2反应 rc_30d 化竞 消除反应","Chem::Core","[[E2反应]]","30d","易错点卡","E2 反应（Elimination, bimolecular） 即双分子消除反应，是碱夺取 β-H 与离去基（LG）离去协同进行的一步反应："
"什么是Ene反应？","Ene 反应：含有 烯丙基氢的烯烃（ene）与多重键化合物（enophile）之间发生的协同周环反应，生成新的 σ 键并伴随双键迁移。","有机化学 周环反应 Ene反应 rc_30d 化竞 烯反应","Chem::Core","[[Ene反应]]","30d","概念卡","关键结论：
• Ene 反应 = ""单 σ 键版本的 D-A""• 六元环过渡态，六电子过程• 只形成一根新 σ 键 + 双键迁移• 需要烯丙基氢 + 多重键化合物• 与 D-A 机理类似，但产物不同• 热允许（同面-同面）

---"
"Ene反应 的关键结论有哪些？","• Ene 反应 = ""单 σ 键版本的 D-A""• 六元环过渡态，六电子过程• 只形成一根新 σ 键 + 双键迁移• 需要烯丙基氢 + 多重键化合物• 与 D-A 机理类似，但产物不同• 热允许（同面-同面）

---","有机化学 周环反应 Ene反应 rc_30d 化竞 烯反应","Chem::Core","[[Ene反应]]","30d","总结卡","Ene 反应：含有 烯丙基氢的烯烃（ene）与多重键化合物（enophile）之间发生的协同周环反应，生成新的 σ 键并伴随双键迁移。"
"Ene反应 有哪些常见易错点？","• ❌ Ene 反应形成环 → Ene 产物不是环状（区别于 D-A）• ❌ Ene 和 D-A 机理不同 → 机理相同（都是六电子周环），只是组分不同• ❌ 所有烯烃都能做 ene → 必须含烯丙基氢• ❌ Ene 形成两根 σ 键 → Ene 只形成一根 σ 键• ❌ Ene 不需要协同 → Ene 是协同周环反应

---","有机化学 周环反应 Ene反应 rc_30d 化竞 烯反应","Chem::Core","[[Ene反应]]","30d","易错点卡","Ene 反应：含有 烯丙基氢的烯烃（ene）与多重键化合物（enophile）之间发生的协同周环反应，生成新的 σ 键并伴随双键迁移。"
"什么是Eschenmoser碎片化？","Eschenmoser 碎片化：α,β-不饱和酮的环氧与对甲苯磺酰肼（TsNHNH₂）反应，发生协同碎片化，生成炔烃和酮（在不同位置上）的反应。","有机化学 反应分类 Eschenmoser碎片化 rc_30d 化竞 碎片化 大环合成","Chem::Core","[[Eschenmoser碎片化]]","30d","概念卡","关键结论：
• Eschenmoser = 环氧酮 + TsNHNH₂ → 炔 + 酮• 1,2,3,4 碎片化模式：OH 推 + 离去基拉 + C–C 键断• 产物含炔键——碎片化反应中非常罕见的特征• 立体化学严格：所有断裂键需平行且反叠• 离去基是亚磺酸根（ArSO₂⁻）而非磺酸根• 核心应用：大环酮合成、酮炔构建

---"
"Eschenmoser碎片化 的关键结论有哪些？","• Eschenmoser = 环氧酮 + TsNHNH₂ → 炔 + 酮• 1,2,3,4 碎片化模式：OH 推 + 离去基拉 + C–C 键断• 产物含炔键——碎片化反应中非常罕见的特征• 立体化学严格：所有断裂键需平行且反叠• 离去基是亚磺酸根（ArSO₂⁻）而非磺酸根• 核心应用：大环酮合成、酮炔构建

---","有机化学 反应分类 Eschenmoser碎片化 rc_30d 化竞 碎片化 大环合成","Chem::Core","[[Eschenmoser碎片化]]","30d","总结卡","Eschenmoser 碎片化：α,β-不饱和酮的环氧与对甲苯磺酰肼（TsNHNH₂）反应，发生协同碎片化，生成炔烃和酮（在不同位置上）的反应。"
"Eschenmoser碎片化 有哪些常见易错点？","• ❌ ""产物是烯不是炔"" → Eschenmoser 的独特之处在于产物含炔键• ❌ ""离去基是磺酸根"" → 离去基是亚磺酸根（ArSO₂⁻）• ❌ ""所有环氧酮都能碎片化"" → 需要α,β-不饱和且反叠几何匹配• ❌ ""Eschenmoser 是重排"" → 它是碎片化，不是重排（C–C 键断裂）• ❌ ""碎片化没有立体要求"" → 反叠几何是严格必需的

---","有机化学 反应分类 Eschenmoser碎片化 rc_30d 化竞 碎片化 大环合成","Chem::Core","[[Eschenmoser碎片化]]","30d","易错点卡","Eschenmoser 碎片化：α,β-不饱和酮的环氧与对甲苯磺酰肼（TsNHNH₂）反应，发生协同碎片化，生成炔烃和酮（在不同位置上）的反应。"
"什么是Favorskii重排？","Favorskii 重排：α-卤代酮在碱作用下发生重排，生成羧酸（水作溶剂）或羧酸酯（醇作溶剂）的反应。","有机化学 重排反应 Favorskii重排 rc_30d 化竞 法沃尔斯基重排 α-卤代酮","Chem::Core","[[Favorskii重排]]","30d","概念卡","关键结论：
• Favorskii = α-卤代酮 + 碱 → 羧酸/酯• 环丙酮是关键中间体——高度张力，极易开环• 环状底物发生环缩小——环酮 → 少一个碳的环羧酸• 开环方向由负电荷稳定性决定• 碱催化必需——夺取 α-H 形成烯醇负离子

---"
"Favorskii重排 的关键结论有哪些？","• Favorskii = α-卤代酮 + 碱 → 羧酸/酯• 环丙酮是关键中间体——高度张力，极易开环• 环状底物发生环缩小——环酮 → 少一个碳的环羧酸• 开环方向由负电荷稳定性决定• 碱催化必需——夺取 α-H 形成烯醇负离子

---","有机化学 重排反应 Favorskii重排 rc_30d 化竞 法沃尔斯基重排 α-卤代酮","Chem::Core","[[Favorskii重排]]","30d","总结卡","Favorskii 重排：α-卤代酮在碱作用下发生重排，生成羧酸（水作溶剂）或羧酸酯（醇作溶剂）的反应。"
"Favorskii重排 有哪些常见易错点？","• ❌ Favorskii 产物是羟基酮 → Favorskii 产物是羧酸/酯（重排，不是取代）• ❌ 环酮 Favorskii 环扩大 → 环酮 Favorskii → 环缩小（少一个碳）• ❌ 没有 α-H 也能 Favorskii → 必须有 α-H 才能形成烯醇负离子• ❌ 开链底物产物单一 → 开链底物开环方向可能不唯一• ❌ Favorskii 和 Beckmann 一样 → 底物和机理完全不同

---","有机化学 重排反应 Favorskii重排 rc_30d 化竞 法沃尔斯基重排 α-卤代酮","Chem::Core","[[Favorskii重排]]","30d","易错点卡","Favorskii 重排：α-卤代酮在碱作用下发生重排，生成羧酸（水作溶剂）或羧酸酯（醇作溶剂）的反应。"
"什么是Fischer吲哚合成？","Fischer 吲哚合成：芳基肼与酮或醛在酸催化下反应，首先形成苯腙，随后经[3,3]-σ 迁移、环化和芳构化，生成吲哚衍生物的反应。","有机化学 杂环化合物 Fischer吲哚合成 rc_30d 化竞 吲哚合成 苯肼","Chem::Core","[[Fischer吲哚合成]]","30d","概念卡","关键结论：
• Fischer = 芳基肼 + 羰基化合物 → 吲哚• [3,3]-σ 迁移是关键步骤• 苯腙 ↔ 烯胺互变异构是前体• 不对称酮有区域选择性• 环酮 → 并环吲哚• 最经典、最常用的吲哚合成法

---"
"Fischer吲哚合成 的关键结论有哪些？","• Fischer = 芳基肼 + 羰基化合物 → 吲哚• [3,3]-σ 迁移是关键步骤• 苯腙 ↔ 烯胺互变异构是前体• 不对称酮有区域选择性• 环酮 → 并环吲哚• 最经典、最常用的吲哚合成法

---","有机化学 杂环化合物 Fischer吲哚合成 rc_30d 化竞 吲哚合成 苯肼","Chem::Core","[[Fischer吲哚合成]]","30d","总结卡","Fischer 吲哚合成：芳基肼与酮或醛在酸催化下反应，首先形成苯腙，随后经[3,3]-σ 迁移、环化和芳构化，生成吲哚衍生物的反应。"
"Fischer吲哚合成 有哪些常见易错点？","• ❌ Fischer 只适用于酮 → 醛也适用（产物 3-H 吲哚）• ❌ [3,3]-迁移产物只有一种 → 不对称酮可能生成混合物• ❌ 苯腙就是产物 → 苯腙只是中间体，还需 [3,3]-迁移和芳构化• ❌ 所有酸都行 → 需要足够强的酸促进 [3,3]-迁移• ❌ Fischer 是纯粹的离子型/缩合反应 → 关键的 [3,3]-σ 迁移步骤是协同周环反应，不是离子机理• ❌ Fischer 的 [3,3] 与 Cope 是两类反应 → Fischer 的核心步骤就是 [3,3]-σ 迁移，与 Cope、Claisen 同属周环反应家族

---","有机化学 杂环化合物 Fischer吲哚合成 rc_30d 化竞 吲哚合成 苯肼","Chem::Core","[[Fischer吲哚合成]]","30d","易错点卡","Fischer 吲哚合成：芳基肼与酮或醛在酸催化下反应，首先形成苯腙，随后经[3,3]-σ 迁移、环化和芳构化，生成吲哚衍生物的反应。"
"什么是Fischer投影式？","Fischer 投影式是由德国化学家 Emil Fischer 于 1891 年提出的一种用于表示手性分子（尤其是糖类和氨基酸）立体结构的平面投影方法。它用二维平面表达三维立体信息，是糖化学和氨基酸立体化学的标准表示法。","有机化学 结构表达 Fischer投影式 rc_30d 化竞","Chem::Core","[[Fischer投影式]]","30d","概念卡","关键结论：
• Fischer 投影式的本质是""约定""而非""真实""：横前竖后是人为约定，同一分子可有多种合法投影式
• 180° 旋转合法，90° 旋转非法：这是 Fischer 投影式最容易出错的地方
• 判断对映体的方法：若一个投影式无法通过合法操作（180° 旋转）与另一个重合，且二者呈镜像关系，则为对映体
• 判断同一化合物的方法：若能通过偶数次基团交换或 180° 旋转重合，则为同一化合物
• Fischer 投影式特别适用于含多个相邻手性中心的链状分子：如糖类、氨基酸、羟基酸"
"Fischer投影式 的关键结论有哪些？","• Fischer 投影式的本质是""约定""而非""真实""：横前竖后是人为约定，同一分子可有多种合法投影式
• 180° 旋转合法，90° 旋转非法：这是 Fischer 投影式最容易出错的地方
• 判断对映体的方法：若一个投影式无法通过合法操作（180° 旋转）与另一个重合，且二者呈镜像关系，则为对映体
• 判断同一化合物的方法：若能通过偶数次基团交换或 180° 旋转重合，则为同一化合物
• Fischer 投影式特别适用于含多个相邻手性中心的链状分子：如糖类、氨基酸、羟基酸","有机化学 结构表达 Fischer投影式 rc_30d 化竞","Chem::Core","[[Fischer投影式]]","30d","总结卡","Fischer 投影式是由德国化学家 Emil Fischer 于 1891 年提出的一种用于表示手性分子（尤其是糖类和氨基酸）立体结构的平面投影方法。它用二维平面表达三维立体信息，是糖化学和氨基酸立体化学的标准表示法。"
"Fischer投影式 有哪些常见易错点？","|  错误  |  原因  |  纠正  |  课堂提问  | 
 | :--- | :--- | :--- | :--- | 
 |  ""Fischer 投影式旋转任意角度都保持构型""  |  混淆普通结构与投影式  |  Fischer 只允许 180° 旋转；90° 会翻转  |  Fischer 投影式旋转 90° 后构型变吗？  | 
 |  ""横线上的基团朝后""  |  记忆颠倒  |  横线 = 朝前，竖线 = 朝后  |  Fischer 中水平线代表朝哪个方向？  | 
 |  ""Fischer 中最低优先基在横线上直接判断 R/S""  |  忽略横变规则  |  横线上要取反：顺时针 → S，逆时针 → R  |  Fischer 中 H 在横线，1→2→3 顺时针是什么构型？  | 
 |  ""左右翻转后仍是同一化合物""  |  混淆旋转与翻转  |  左右翻转（镜像）得到对映体，需通过 180° 旋转验证  |  两个投影式左右对称，是同一化合物吗？  | 
 |  ""把 Fischer 用于环状化合物""  |  适用范围不清  |  Fischer 主要用于链状分子；环状用椅式/楔形式  |  环己烷能用 Fischer 投影式表示吗？  |","有机化学 结构表达 Fischer投影式 rc_30d 化竞","Chem::Core","[[Fischer投影式]]","30d","易错点卡","Fischer 投影式是由德国化学家 Emil Fischer 于 1891 年提出的一种用于表示手性分子（尤其是糖类和氨基酸）立体结构的平面投影方法。它用二维平面表达三维立体信息，是糖化学和氨基酸立体化学的标准表示法。"
"什么是Friedel-Crafts反应？","Friedel-Crafts（傅-克）反应是一类在 Lewis 酸（常用 AlCl₃、FeCl₃、BF₃ 等）催化下，向芳香环上引入烷基或酰基的重要反应。它是芳香亲电取代反应中应用最广的两类反应，分别称为 Friedel-Crafts 烷基化 和 Friedel-Crafts 酰基化。","有机化学 芳香亲电取代 Friedel-Crafts反应 rc_30d 化竞 基础要求 烷基化","Chem::Core","[[Friedel-Crafts反应]]","30d","概念卡","关键结论：
• [待补充]"
"Friedel-Crafts反应 的关键结论有哪些？","• [待补充]","有机化学 芳香亲电取代 Friedel-Crafts反应 rc_30d 化竞 基础要求 烷基化","Chem::Core","[[Friedel-Crafts反应]]","30d","总结卡","Friedel-Crafts（傅-克）反应是一类在 Lewis 酸（常用 AlCl₃、FeCl₃、BF₃ 等）催化下，向芳香环上引入烷基或酰基的重要反应。它是芳香亲电取代反应中应用最广的两类反应，分别称为 Friedel-Crafts 烷基化 和 Friedel-Crafts 酰基化。"
"Friedel-Crafts反应 有哪些常见易错点？","• [待补充]","有机化学 芳香亲电取代 Friedel-Crafts反应 rc_30d 化竞 基础要求 烷基化","Chem::Core","[[Friedel-Crafts反应]]","30d","易错点卡","Friedel-Crafts（傅-克）反应是一类在 Lewis 酸（常用 AlCl₃、FeCl₃、BF₃ 等）催化下，向芳香环上引入烷基或酰基的重要反应。它是芳香亲电取代反应中应用最广的两类反应，分别称为 Friedel-Crafts 烷基化 和 Friedel-Crafts 酰基化。"
"什么是Fries重排？","Fries 重排：酚酯在 Lewis 酸（如 AlCl₃）催化下重排为 邻/对羟基芳酮 的反应。","有机化学 芳香取代 Fries重排 rc_30d 化竞 酚酯 酚酮","Chem::Core","[[Fries重排]]","30d","概念卡","关键结论：
• Fries = 酚酯 + Lewis 酸 → 邻/对羟基芳酮
• 本质是分子内 Friedel-Crafts 酰基化
• 低温 → 邻位；高温 → 对位
• OH 是强活化基，使反应容易进行

---"
"Fries重排 的关键结论有哪些？","• Fries = 酚酯 + Lewis 酸 → 邻/对羟基芳酮
• 本质是分子内 Friedel-Crafts 酰基化
• 低温 → 邻位；高温 → 对位
• OH 是强活化基，使反应容易进行

---","有机化学 芳香取代 Fries重排 rc_30d 化竞 酚酯 酚酮","Chem::Core","[[Fries重排]]","30d","总结卡","Fries 重排：酚酯在 Lewis 酸（如 AlCl₃）催化下重排为 邻/对羟基芳酮 的反应。"
"Fries重排 有哪些常见易错点？","• ❌ 游离酚直接 Fries → 需要酚酯
• ❌ 高温得邻位 → 高温得对位
• ❌ 和 FC 烷基化一样 → Fries 是酰基化

---","有机化学 芳香取代 Fries重排 rc_30d 化竞 酚酯 酚酮","Chem::Core","[[Fries重排]]","30d","易错点卡","Fries 重排：酚酯在 Lewis 酸（如 AlCl₃）催化下重排为 邻/对羟基芳酮 的反应。"
"什么是Gabriel合成？","Gabriel 合成：使用 邻苯二甲酰亚胺（phthalimide） 与 卤代烷 反应，再经 肼解（hydrazinolysis），制备 1° 胺（伯胺） 的经典方法。","有机化学 胺类化学 Gabriel合成 rc_30d 化竞 伯胺制备 邻苯二甲酰亚胺","Chem::Core","[[Gabriel合成]]","30d","概念卡","关键结论：
• Gabriel 合成 = 邻苯二甲酰亚胺 + RX → N-烷基酰亚胺 → 肼解 → 1° 胺• 核心优势是避免多取代——酰亚胺的单烷基化特性• Fukuyama-Mitsunobu 变体可从醇出发——构型翻转
• 肼解是经典的脱保护方法
• 1° 卤代烷效果最好——2° 也可以，3° 因 SN2 位阻大而困难
• 若路线里发生一次 SN2 就翻转，一次 Mitsunobu 加一次 SN2 则可能表现为“表观保留”

---"
"Gabriel合成 的关键结论有哪些？","• Gabriel 合成 = 邻苯二甲酰亚胺 + RX → N-烷基酰亚胺 → 肼解 → 1° 胺• 核心优势是避免多取代——酰亚胺的单烷基化特性• Fukuyama-Mitsunobu 变体可从醇出发——构型翻转
• 肼解是经典的脱保护方法
• 1° 卤代烷效果最好——2° 也可以，3° 因 SN2 位阻大而困难
• 若路线里发生一次 SN2 就翻转，一次 Mitsunobu 加一次 SN2 则可能表现为“表观保留”

---","有机化学 胺类化学 Gabriel合成 rc_30d 化竞 伯胺制备 邻苯二甲酰亚胺","Chem::Core","[[Gabriel合成]]","30d","总结卡","Gabriel 合成：使用 邻苯二甲酰亚胺（phthalimide） 与 卤代烷 反应，再经 肼解（hydrazinolysis），制备 1° 胺（伯胺） 的经典方法。"
"Gabriel合成 有哪些常见易错点？","• ❌ Gabriel 能制备 2° 胺 → Gabriel 只能制备 1° 胺• ❌ 3° 卤代烷也能用 → 3° 卤代烷 SN2 困难，不适用• ❌ 酸水解比肼解好 → 肼解更温和，是首选• ❌ Gabriel 和直接氨解一样 → Gabriel 避免多取代，产物纯• ❌ Fukuyama-Mitsunobu 构型保持 → Mitsunobu 是 inversion（翻转）

---","有机化学 胺类化学 Gabriel合成 rc_30d 化竞 伯胺制备 邻苯二甲酰亚胺","Chem::Core","[[Gabriel合成]]","30d","易错点卡","Gabriel 合成：使用 邻苯二甲酰亚胺（phthalimide） 与 卤代烷 反应，再经 肼解（hydrazinolysis），制备 1° 胺（伯胺） 的经典方法。"
"什么是Grignard试剂？","Grignard 试剂（格氏试剂） 通式为 RMgX（R = 烷基、烯基、芳基；X = Cl、Br、I），是由卤代烃与金属镁在无水乙醚（Et₂O）或四氢呋喃（THF）中反应制备的有机金属化合物。","有机化学 具体反应 Grignard试剂 rc_30d 化竞 金属有机","Chem::Core","[[Grignard试剂]]","30d","概念卡","关键结论：
• Grignard 试剂 = 碳负离子等价物：R⁻ 进攻亲电中心，与 C=O、CO₂、环氧等反应• 碱性足以夺取酸性 H：任何含 O-H、N-H、S-H、C≡C-H 的化合物都会使格氏试剂分解• 与酯/酰氯反应需 2 当量：第一当量加成得四面体中间体， collapse 后生成酮；酮立即与第二当量反应得 3° 醇• 与 α,β-不饱和羰基主要发生 1,2-加成（硬亲核体特性），除非 Cu(I) 催化转 1,4-• 空间位阻影响：大位阻酮（如二异丙基酮）与格氏试剂反应变慢，可能与副反应竞争"
"Grignard试剂 的关键结论有哪些？","• Grignard 试剂 = 碳负离子等价物：R⁻ 进攻亲电中心，与 C=O、CO₂、环氧等反应• 碱性足以夺取酸性 H：任何含 O-H、N-H、S-H、C≡C-H 的化合物都会使格氏试剂分解• 与酯/酰氯反应需 2 当量：第一当量加成得四面体中间体， collapse 后生成酮；酮立即与第二当量反应得 3° 醇• 与 α,β-不饱和羰基主要发生 1,2-加成（硬亲核体特性），除非 Cu(I) 催化转 1,4-• 空间位阻影响：大位阻酮（如二异丙基酮）与格氏试剂反应变慢，可能与副反应竞争","有机化学 具体反应 Grignard试剂 rc_30d 化竞 金属有机","Chem::Core","[[Grignard试剂]]","30d","总结卡","Grignard 试剂（格氏试剂） 通式为 RMgX（R = 烷基、烯基、芳基；X = Cl、Br、I），是由卤代烃与金属镁在无水乙醚（Et₂O）或四氢呋喃（THF）中反应制备的有机金属化合物。"
"Grignard试剂 有哪些常见易错点？","|  错误  |  原因  |  纠正  |  课堂提问  | 
 | :--- | :--- | :--- | :--- | 
 |  忽略酯需要 2 当量格氏试剂  |  以为和醛酮一样 1 当量  |  酯 + 1 eq → 酮；酮 + 1 eq → 3° 醇；总需 2 eq  |  为什么酯与格氏试剂反应不会停在酮？  | 
 |  底物含 -OH 时直接用格氏  |  未保护活泼氢  |  任何含活泼氢的底物必须先保护（如 -OH → -OTBS） |  如何用格氏试剂与含羟基的醛反应？  | 
 |  与 α,β-不饱和酮反应只考虑 1,2-加成  |  忽略 1,4-加成可能  |  格氏试剂主要 1,2-加成；若要 1,4-加成，换 铜锂试剂  |  如何选择性实现共轭加成而不碰羰基？  | 
 |  认为格氏试剂与腈反应得胺  |  混淆还原与加成  |  RMgX + R'CN → 亚胺盐 → 水解得 酮（不是胺） |  格氏试剂与腈反应后水解，产物是酮还是胺？  | 
 |  环氧开环方向错误  |  忘记 Sₙ2 位阻控制  |  格氏试剂进攻环氧 位阻较小 的碳  |  2,2-二甲基环氧乙烷与格氏试剂反应，进攻哪个碳？  |","有机化学 具体反应 Grignard试剂 rc_30d 化竞 金属有机","Chem::Core","[[Grignard试剂]]","30d","易错点卡","Grignard 试剂（格氏试剂） 通式为 RMgX（R = 烷基、烯基、芳基；X = Cl、Br、I），是由卤代烃与金属镁在无水乙醚（Et₂O）或四氢呋喃（THF）中反应制备的有机金属化合物。"
"什么是Grob碎裂化反应？","Grob 碎裂化反应（Grob fragmentation）：在脂肪链上 1-位有孤对电子、3-位有离去基团（LG） 的化合物，通过 两组反式共平面（antiperiplanar）几何排布，协同断裂三根 σ 键，生成 一个阳离子片段 + 一个烯烃 + 一个离去基团 的反应。","有机化学 消除反应 Grob碎裂化反应 rc_30d 化竞 立体电子效应 协同反应","Chem::Core","[[Grob碎裂化反应]]","30d","概念卡",""
"什么是Grossman规则？","Grossman 规则（Grossman's Rule，碳骨架对应法） 是一种用于书写复杂有机反应机理的解题策略：","有机化学 机理基础 Grossman规则 rc_30d 化竞 反应机理 解题策略 ABOC核心思维","Chem::Core","[[Grossman规则]]","30d","概念卡","关键结论：
• Grossman 规则适用范围：绝大多数离子型反应、自由基反应、迁移反应、缩合反应，特别是涉及碳骨架重排的复杂机理。• Grossman 规则不适用范围：复杂的周环反应（如多步级联 [3,3]-σ 迁移、Cope/Claisen 串联、电环化串联），尤其当骨架变化非常剧烈时——因为这类反应原子映射本身就是""非平凡""的关键问题，规则反而成为障碍（ABOC 行 4673 思考题）。• 手性标记法的""伴生""作用：当反应涉及亲核取代/消除/重排时，标好 R/S 几乎可以自动告诉你：是 \mathrm{S_N1} / \mathrm{S_N2} / 邻基参与、是否有手性传递、是否经离子对中间体。• 熟练程度决定速度：熟练后无需写出数字，心算""对应"" 即可，但遇到复杂题（碳数 ≥ 8、有重排）务必动笔标号。• Grossman 规则 ≠ 唯一答案：原子映射可能不唯一，应选择键变化最少（Hammond 假设、最小反应路径原理）的方案。

---"
"Grossman规则 的关键结论有哪些？","• Grossman 规则适用范围：绝大多数离子型反应、自由基反应、迁移反应、缩合反应，特别是涉及碳骨架重排的复杂机理。• Grossman 规则不适用范围：复杂的周环反应（如多步级联 [3,3]-σ 迁移、Cope/Claisen 串联、电环化串联），尤其当骨架变化非常剧烈时——因为这类反应原子映射本身就是""非平凡""的关键问题，规则反而成为障碍（ABOC 行 4673 思考题）。• 手性标记法的""伴生""作用：当反应涉及亲核取代/消除/重排时，标好 R/S 几乎可以自动告诉你：是 \mathrm{S_N1} / \mathrm{S_N2} / 邻基参与、是否有手性传递、是否经离子对中间体。• 熟练程度决定速度：熟练后无需写出数字，心算""对应"" 即可，但遇到复杂题（碳数 ≥ 8、有重排）务必动笔标号。• Grossman 规则 ≠ 唯一答案：原子映射可能不唯一，应选择键变化最少（Hammond 假设、最小反应路径原理）的方案。

---","有机化学 机理基础 Grossman规则 rc_30d 化竞 反应机理 解题策略 ABOC核心思维","Chem::Core","[[Grossman规则]]","30d","总结卡","Grossman 规则（Grossman's Rule，碳骨架对应法） 是一种用于书写复杂有机反应机理的解题策略："
"Grossman规则 有哪些常见易错点？","11.1 编号不一致（最常见错误）

问题：反应物用 1, 2, 3 ...，但产物上写得乱七八糟，或漏标几个碳。

正确做法：先把反应物所有骨架碳全部标完，再去标产物。两侧编号必须一一对应。

11.2 漏掉迁移基团

问题：只关注碳骨架，没注意 H、OH、烷基、孤对电子等""小原子""也在迁移。

正确做法：Grossman 规则不只编号""碳""，所有可能""动起来""的原子（包括 H、孤对电子、小取代基）都要追踪。

11.3 把""对应不上""当成""反应不可行""

问题：发现编号映射不通就认为反应错了，实际是漏看了一步重排。

正确做法：当编号映射出现矛盾，反而是重排的信号——往往就是要找的""动作""在这里。

11.4 周环反应硬用 Grossman 规则

问题：在 [3,3]-σ 迁移（Cope、Claisen）中强行编号，反而把 σ 键迁移说成 σ 键断裂。

正确做法：周环反应优先用 Woodward-Hoffmann规则、FMO理论 分析，而非 Grossman 规则。

11.5 手性标记法忘记更新

问题：标了反应物 (R)，产物上没重新标，或者直接抄写 (R)。

正确做法：每经历一个手性中心相关的反应步骤（取代、加成、消除）后，必须重新评估 R/S。即使原子完全不动，只要邻位环境变化，构型符号也可能翻转（顺序规则导致）。

---","有机化学 机理基础 Grossman规则 rc_30d 化竞 反应机理 解题策略 ABOC核心思维","Chem::Core","[[Grossman规则]]","30d","易错点卡","Grossman 规则（Grossman's Rule，碳骨架对应法） 是一种用于书写复杂有机反应机理的解题策略："
"什么是Hantzsch吡咯合成？","Hantzsch 吡咯合成：α-卤代酮与β-酮酯在氨（或伯胺）存在下反应，通过多组分缩合，生成高度取代吡咯的反应。","有机化学 杂环化合物 Hantzsch吡咯合成 rc_30d 化竞 吡咯合成 卤代酮","Chem::Core","[[Hantzsch吡咯合成]]","30d","概念卡","关键结论：
• Hantzsch = α-卤代酮 + β-酮酯 + 氨 → 吡咯• 三组分缩合• 产物高度取代• 3-位有酯基

---"
"Hantzsch吡咯合成 的关键结论有哪些？","• Hantzsch = α-卤代酮 + β-酮酯 + 氨 → 吡咯• 三组分缩合• 产物高度取代• 3-位有酯基

---","有机化学 杂环化合物 Hantzsch吡咯合成 rc_30d 化竞 吡咯合成 卤代酮","Chem::Core","[[Hantzsch吡咯合成]]","30d","总结卡","Hantzsch 吡咯合成：α-卤代酮与β-酮酯在氨（或伯胺）存在下反应，通过多组分缩合，生成高度取代吡咯的反应。"
"什么是Heck反应？","Heck 反应（Mizoroki-Heck Reaction）：在 Pd(0) 催化剂和碱存在下，芳基/烯基卤代物（或三氟甲磺酸酯）与烯烃发生交叉偶联，生成芳基取代烯烃的反应。","有机化学 过渡金属催化 Heck反应 rc_30d 化竞 赫克反应 钯催化","Chem::Core","[[Heck反应]]","30d","概念卡","关键结论：
• Heck = 芳基卤 + 烯烃 → 芳基烯烃• Pd(0)/Pd(II) 循环：氧化加成 → 迁移插入 → β-H 消除• 无还原消除——产物双键来自 β-H 消除• 末端烯烃 → 芳基连 β-位（电子控制）• E 型产物为主（热力学控制）• syn-迁移插入 + syn-β-H 消除决定立体化学

---"
"Heck反应 的关键结论有哪些？","• Heck = 芳基卤 + 烯烃 → 芳基烯烃• Pd(0)/Pd(II) 循环：氧化加成 → 迁移插入 → β-H 消除• 无还原消除——产物双键来自 β-H 消除• 末端烯烃 → 芳基连 β-位（电子控制）• E 型产物为主（热力学控制）• syn-迁移插入 + syn-β-H 消除决定立体化学

---","有机化学 过渡金属催化 Heck反应 rc_30d 化竞 赫克反应 钯催化","Chem::Core","[[Heck反应]]","30d","总结卡","Heck 反应（Mizoroki-Heck Reaction）：在 Pd(0) 催化剂和碱存在下，芳基/烯基卤代物（或三氟甲磺酸酯）与烯烃发生交叉偶联，生成芳基取代烯烃的反应。"
"Heck反应 有哪些常见易错点？","• ❌ Heck 有还原消除 → Heck 没有还原消除，产物双键来自 β-H 消除• ❌ Heck 和 Suzuki 机理一样 → 机理不同，Heck 是迁移插入+β-H 消除• ❌ 芳基连在烯烃任意位置 → 有区域选择性（电子/位阻控制）• ❌ 烷基卤也能 Heck → 烷基卤 不适合（β-H 消除不可控）• ❌ Heck 产物是饱和的 → Heck 产物保留双键

---","有机化学 过渡金属催化 Heck反应 rc_30d 化竞 赫克反应 钯催化","Chem::Core","[[Heck反应]]","30d","易错点卡","Heck 反应（Mizoroki-Heck Reaction）：在 Pd(0) 催化剂和碱存在下，芳基/烯基卤代物（或三氟甲磺酸酯）与烯烃发生交叉偶联，生成芳基取代烯烃的反应。"
"什么是Horner-Wadsworth-Emmons反应？","Horner-Wadsworth-Emmons 反应（HWE 反应）：醛（或酮）与膦酸酯碳负离子反应，生成α,β-不饱和羰基化合物（或烯烃）和水溶性膦酸盐的羰基烯化反应。","有机化学 具体反应 Horner-Wadsworth-Emmons反应 rc_30d 化竞 名称反应 膦化合物 烯烃合成","Chem::Core","[[Horner-Wadsworth-Emmons反应]]","30d","概念卡","关键结论：
4.1 立体化学——高 E-选择性

 |  试剂类型  |  主产物  |  选择性来源  | 
 | :--- | :--- | :--- | 
 |  标准 HWE（稳定化试剂） |  E-烯烃（反式） |  热力学控制，oxaphosphetane 分解前达到平衡  | 
 |  Still-Gennari 改良  |  **"
"Horner-Wadsworth-Emmons反应 的关键结论有哪些？","4.1 立体化学——高 E-选择性

 |  试剂类型  |  主产物  |  选择性来源  | 
 | :--- | :--- | :--- | 
 |  标准 HWE（稳定化试剂） |  E-烯烃（反式） |  热力学控制，oxaphosphetane 分解前达到平衡  | 
 |  Still-Gennari 改良  |  **","有机化学 具体反应 Horner-Wadsworth-Emmons反应 rc_30d 化竞 名称反应 膦化合物 烯烃合成","Chem::Core","[[Horner-Wadsworth-Emmons反应]]","30d","总结卡","Horner-Wadsworth-Emmons 反应（HWE 反应）：醛（或酮）与膦酸酯碳负离子反应，生成α,β-不饱和羰基化合物（或烯烃）和水溶性膦酸盐的羰基烯化反应。"
"Horner-Wadsworth-Emmons反应 有哪些常见易错点？","|  错误  |  原因  |  纠正  |  课堂提问  | 
 | :--- | :--- | :--- | :--- | 
 |  把 HWE 当作 Wittig 的变体  |  概念混淆  |  HWE 试剂是膦酸酯碳负离子，不是鏻叶立德  |  HWE 与 Wittig 的试剂结构有何不同？  | 
 |  认为 HWE 和 Wittig 选择性相同  |  未理解机理差异  |  HWE 稳定化试剂几乎总是 E-选择性；Wittig 则依赖叶立德稳定性  |  为何 HWE 的 E-选择性比 Wittig 更可靠？  | 
 |  忽略副产物差异  |  不了解实验操作  |  HWE 副产物水溶性，Wittig 副产物难除  |  工业上为何偏好 HWE？  | 
 |  对酮使用 HWE  |  未掌握底物范围  |  HWE 主要适用于醛，酮反应差  |  酮的烯化应选什么方法？  | 
 |  混淆 Still-Gennari 条件  |  记忆混乱  |  Still-Gennari = 三氟乙基 + 强碱 + 低温 → **","有机化学 具体反应 Horner-Wadsworth-Emmons反应 rc_30d 化竞 名称反应 膦化合物 烯烃合成","Chem::Core","[[Horner-Wadsworth-Emmons反应]]","30d","易错点卡","Horner-Wadsworth-Emmons 反应（HWE 反应）：醛（或酮）与膦酸酯碳负离子反应，生成α,β-不饱和羰基化合物（或烯烃）和水溶性膦酸盐的羰基烯化反应。"
"什么是Kekulé式？","Kekulé 式是用短线表示化学键的结构表达式，其中单线（—）表示单键、双线（=）表示双键、三线（≡）表示三键。Kekulé 式是 Lewis 结构的简化形式，省略了 C—H 键上的氢原子和非键孤对电子（或仅保留杂原子上的孤对电子），是有机化学中最常用的结构表示法之一。","有机化学 结构表达 Kekulé式 rc_30d 化竞","Chem::Core","[[Kekulé式]]","30d","概念卡","关键结论：
• Kekulé 式是有机化学的标准""工作语言""：比 Lewis 式简洁，比键线式信息完整• 碳和氢的省略是理解 Kekulé 式的关键：每个碳必须满足四价，缺失的价由氢补齐• 杂原子和官能团必须明确写出：不能省略 O, N, S 等杂原子及其上的氢• 苯的 Kekulé 式不代表真实结构：真实苯中键长均等，不能用单双键交替描述• Kekulé 式不适合表达离域体系：共轭体系、芳香体系需要用共振式或分子轨道描述"
"Kekulé式 的关键结论有哪些？","• Kekulé 式是有机化学的标准""工作语言""：比 Lewis 式简洁，比键线式信息完整• 碳和氢的省略是理解 Kekulé 式的关键：每个碳必须满足四价，缺失的价由氢补齐• 杂原子和官能团必须明确写出：不能省略 O, N, S 等杂原子及其上的氢• 苯的 Kekulé 式不代表真实结构：真实苯中键长均等，不能用单双键交替描述• Kekulé 式不适合表达离域体系：共轭体系、芳香体系需要用共振式或分子轨道描述","有机化学 结构表达 Kekulé式 rc_30d 化竞","Chem::Core","[[Kekulé式]]","30d","总结卡","Kekulé 式是用短线表示化学键的结构表达式，其中单线（—）表示单键、双线（=）表示双键、三线（≡）表示三键。Kekulé 式是 Lewis 结构的简化形式，省略了 C—H 键上的氢原子和非键孤对电子（或仅保留杂原子上的孤对电子），是有机化学中最常用的结构表示法之一。"
"Kekulé式 有哪些常见易错点？","|  错误  |  原因  |  纠正  |  课堂提问  | 
 | :--- | :--- | :--- | :--- | 
 |  ""Kekulé 式中省略的氢可以不管""  |  忽略四价规则  |  每个碳必须满足四价，省略的氢在心里补齐  |  写出 CH₃CH=CH₂ 中每个碳的成键数  | 
 |  ""苯的单双键是真实的""  |  误解 Kekulé 式的含义  |  苯的 Kekulé 式是共振式，真实键长均等  |  苯中 C-C 键长是多少？与 Kekulé 式一致吗？  | 
 |  ""杂原子上的氢也可以省略""  |  混淆省略规则  |  只有碳上的氢可以省略；N-H、O-H 必须写出  |  —NH₂ 的氢可以省略吗？  | 
 |  ""Kekulé 式就是 Lewis 式""  |  混淆两种表示法  |  Kekulé 式省略了孤对电子和大部分氢，是 Lewis 式的简化  |  Lewis 式和 Kekulé 式的根本区别是什么？  | 
 |  ""键线式比 Kekulé 式更详细""  |  颠倒信息密度  |  键线式最简洁；Kekulé 式保留了原子符号  |  三种结构式（Lewis/Kekulé/键线）哪个最简洁？  |","有机化学 结构表达 Kekulé式 rc_30d 化竞","Chem::Core","[[Kekulé式]]","30d","易错点卡","Kekulé 式是用短线表示化学键的结构表达式，其中单线（—）表示单键、双线（=）表示双键、三线（≡）表示三键。Kekulé 式是 Lewis 结构的简化形式，省略了 C—H 键上的氢原子和非键孤对电子（或仅保留杂原子上的孤对电子），是有机化学中最常用的结构表示法之一。"
"什么是Knoevenagel缩合？","Knoevenagel 缩合：含 两个吸电子基（EWG）的活泼亚甲基化合物与醛/酮在弱碱催化下缩合，生成 α,β-不饱和二羰基/腈 的反应。","有机化学 羰基α位反应 Knoevenagel缩合 rc_30d 化竞 活泼亚甲基 缩合反应","Chem::Core","[[Knoevenagel缩合]]","30d","概念卡","关键结论：
• Knoevenagel = 活泼亚甲基 + 醛/酮 + 弱碱 → α,β-不饱和产物
• 双 EWG 使碳负离子极稳定——弱碱即可催化
• 产物自发脱水——双 EWG 极大稳定双键
• 是 Michael 受体的重要来源

---"
"Knoevenagel缩合 的关键结论有哪些？","• Knoevenagel = 活泼亚甲基 + 醛/酮 + 弱碱 → α,β-不饱和产物
• 双 EWG 使碳负离子极稳定——弱碱即可催化
• 产物自发脱水——双 EWG 极大稳定双键
• 是 Michael 受体的重要来源

---","有机化学 羰基α位反应 Knoevenagel缩合 rc_30d 化竞 活泼亚甲基 缩合反应","Chem::Core","[[Knoevenagel缩合]]","30d","总结卡","Knoevenagel 缩合：含 两个吸电子基（EWG）的活泼亚甲基化合物与醛/酮在弱碱催化下缩合，生成 α,β-不饱和二羰基/腈 的反应。"
"Knoevenagel缩合 有哪些常见易错点？","• ❌ 单 EWG 也能 Knoevenagel → 需要两个 EWG
• ❌ 需要强碱 → 弱碱即可
• ❌ 产物不脱水 → 产物自发脱水

---","有机化学 羰基α位反应 Knoevenagel缩合 rc_30d 化竞 活泼亚甲基 缩合反应","Chem::Core","[[Knoevenagel缩合]]","30d","易错点卡","Knoevenagel 缩合：含 两个吸电子基（EWG）的活泼亚甲基化合物与醛/酮在弱碱催化下缩合，生成 α,β-不饱和二羰基/腈 的反应。"
"什么是Kulinkovich反应？","Kulinkovich 反应：在 Ti(IV) 催化剂（通常是 Ti(OiPr)₄）存在下，酯与过量格氏试剂反应，生成 环丙醇衍生物的反应。","有机化学 过渡金属催化 Kulinkovich反应 rc_30d 化竞 钛催化 环丙醇","Chem::Core","[[Kulinkovich反应]]","30d","概念卡","关键结论：
• Kulinkovich = 酯 + 过量格氏试剂 + Ti(IV) → 环丙醇• 钛杂环丙烷是核心中间体• 两分子格氏试剂参与反应• 是构建环丙醇的独特方法• 水解后处理得到产物

---"
"Kulinkovich反应 的关键结论有哪些？","• Kulinkovich = 酯 + 过量格氏试剂 + Ti(IV) → 环丙醇• 钛杂环丙烷是核心中间体• 两分子格氏试剂参与反应• 是构建环丙醇的独特方法• 水解后处理得到产物

---","有机化学 过渡金属催化 Kulinkovich反应 rc_30d 化竞 钛催化 环丙醇","Chem::Core","[[Kulinkovich反应]]","30d","总结卡","Kulinkovich 反应：在 Ti(IV) 催化剂（通常是 Ti(OiPr)₄）存在下，酯与过量格氏试剂反应，生成 环丙醇衍生物的反应。"
"Kulinkovich反应 有哪些常见易错点？","• ❌ Kulinkovich 只需要 1 当量格氏 → 需要 2 当量以上• ❌ 产物是环丙烷 → 产物是 环丙醇• ❌ Kulinkovich 是自由基机理 → 是 金属杂环机理

---","有机化学 过渡金属催化 Kulinkovich反应 rc_30d 化竞 钛催化 环丙醇","Chem::Core","[[Kulinkovich反应]]","30d","易错点卡","Kulinkovich 反应：在 Ti(IV) 催化剂（通常是 Ti(OiPr)₄）存在下，酯与过量格氏试剂反应，生成 环丙醇衍生物的反应。"
"什么是Larock吲哚合成？","Larock 吲哚合成：在 Pd(0) 催化剂存在下，邻碘（或溴）苯胺与炔烃发生分子内环化，生成 2-取代或 3-取代吲哚的反应。","有机化学 杂环化合物 Larock吲哚合成 rc_30d 化竞 钯催化 吲哚合成","Chem::Core","[[Larock吲哚合成]]","30d","概念卡","关键结论：
• Larock = 邻碘苯胺 + 炔烃 + Pd(0) → 吲哚• Pd 催化循环：氧化加成 → 炔烃插入 → 环化 → 还原消除• 末端炔 → 2-取代吲哚• 区域选择性由炔烃取代基控制• 是现代吲哚合成的重要方法

---"
"Larock吲哚合成 的关键结论有哪些？","• Larock = 邻碘苯胺 + 炔烃 + Pd(0) → 吲哚• Pd 催化循环：氧化加成 → 炔烃插入 → 环化 → 还原消除• 末端炔 → 2-取代吲哚• 区域选择性由炔烃取代基控制• 是现代吲哚合成的重要方法

---","有机化学 杂环化合物 Larock吲哚合成 rc_30d 化竞 钯催化 吲哚合成","Chem::Core","[[Larock吲哚合成]]","30d","总结卡","Larock 吲哚合成：在 Pd(0) 催化剂存在下，邻碘（或溴）苯胺与炔烃发生分子内环化，生成 2-取代或 3-取代吲哚的反应。"
"Larock吲哚合成 有哪些常见易错点？","• ❌ Larock 需要强酸 → Larock 是 Pd 催化，不需要强酸• ❌ 末端炔得 3-取代吲哚 → 末端炔得 2-取代吲哚• ❌ 任何苯胺都能反应 → 必须是 邻卤苯胺

---","有机化学 杂环化合物 Larock吲哚合成 rc_30d 化竞 钯催化 吲哚合成","Chem::Core","[[Larock吲哚合成]]","30d","易错点卡","Larock 吲哚合成：在 Pd(0) 催化剂存在下，邻碘（或溴）苯胺与炔烃发生分子内环化，生成 2-取代或 3-取代吲哚的反应。"
"什么是Lawesson试剂？","Lawesson 试剂（LR）：化学全称 2,4-bis(4-methoxyphenyl)-1,3,2,4-dithiadiphosphetane-2,4-disulfide，是一种 含磷与硫的有机分子，核心结构为 P–S–P–S 四元环，环上的两个 P 各连一个 4-甲氧基苯基与一个端 S。它是有机化学中将 C=O 转化为 C=S 的最常用 硫化剂（thiation agent）。","有机化学 具体反应 Lawesson试剂 rc_30d 化竞 决赛 硫化反应 名称试剂","Chem::Core","[[Lawesson试剂]]","30d","概念卡","关键结论：
• LR 的化学本质：等价交换""C=O ↔ C=S""，而非氧化还原；C 与 P 都不变价。• 反应驱动力：磷的""亲氧性""——P=O 比 P=S 强约 200 kJ/mol。• 反应机理：4 步——开环 → 加成 → 闭四元环 → 协同 [2+2] 逆环加成。• 与 Wittig反应 比较：• Wittig：P=CH₂ + C=O → P=O + C=CH₂（P 抓 O，C 抓 CH₂）• LR：P=S + C=O → P=O + C=S（P 抓 O，C 抓 S）• 完全机理同源，""P 抓 O""是普适驱动力。• 副产物 ArP(=S)(=O) 含极臭，需通风橱操作；玻璃可用 NaOCl 漂白剂净化。"
"Lawesson试剂 的关键结论有哪些？","• LR 的化学本质：等价交换""C=O ↔ C=S""，而非氧化还原；C 与 P 都不变价。• 反应驱动力：磷的""亲氧性""——P=O 比 P=S 强约 200 kJ/mol。• 反应机理：4 步——开环 → 加成 → 闭四元环 → 协同 [2+2] 逆环加成。• 与 Wittig反应 比较：• Wittig：P=CH₂ + C=O → P=O + C=CH₂（P 抓 O，C 抓 CH₂）• LR：P=S + C=O → P=O + C=S（P 抓 O，C 抓 S）• 完全机理同源，""P 抓 O""是普适驱动力。• 副产物 ArP(=S)(=O) 含极臭，需通风橱操作；玻璃可用 NaOCl 漂白剂净化。","有机化学 具体反应 Lawesson试剂 rc_30d 化竞 决赛 硫化反应 名称试剂","Chem::Core","[[Lawesson试剂]]","30d","总结卡","Lawesson 试剂（LR）：化学全称 2,4-bis(4-methoxyphenyl)-1,3,2,4-dithiadiphosphetane-2,4-disulfide，是一种 含磷与硫的有机分子，核心结构为 P–S–P–S 四元环，环上的两个 P 各连一个 4-甲氧基苯基与一个端 S。它是有机化学中将 C=O 转化为 C=S 的最常用 硫化剂（thiation agent）。"
"Lawesson试剂 有哪些常见易错点？","• ❌ 误以为 LR 是氧化剂或还原剂：它不是，C 与 P 都不变价，只是 O 与 S 互换。• ❌ 误以为 LR 用于醇 → 硫醇：醇 → 硫醇虽可，但产率低，不是主流应用。• ❌ 把副产物写成 ArP=S：实际副产物是 ArP(=S)(=O)（同时含 P=S 和 P=O 的一硫代氧化膦）。• ❌ 不知 LR 需要加热开环：室温下 LR 是稳定的二聚体，必须加热到 100 °C 以上才能开环为活性单体。• ❌ 忽略恶臭：LR 与副产物极臭，必须通风橱操作。","有机化学 具体反应 Lawesson试剂 rc_30d 化竞 决赛 硫化反应 名称试剂","Chem::Core","[[Lawesson试剂]]","30d","易错点卡","Lawesson 试剂（LR）：化学全称 2,4-bis(4-methoxyphenyl)-1,3,2,4-dithiadiphosphetane-2,4-disulfide，是一种 含磷与硫的有机分子，核心结构为 P–S–P–S 四元环，环上的两个 P 各连一个 4-甲氧基苯基与一个端 S。它是有机化学中将 C=O 转化为 C=S 的最常用 硫化剂（thiation agent）。"
"什么是Lewis式？","Lewis 结构式（Lewis Structure / 电子点式）：用元素符号表示原子核和内层电子，用点（·）或叉（×）表示价电子，用短线（—）表示共用电子对（单键 = 2 电子，双键 = 4 电子，三键 = 6 电子）的分子结构表示方法。","有机化学 结构表达 Lewis式 rc_30d 化竞 Lewis酸碱 形式电荷","Chem::Core","[[Lewis式]]","30d","概念卡","关键结论：
• 经典 Lewis 式标孤对，有机 Lewis 式标电荷——这是两个语境，不能混用• 形式电荷 ≠ 氧化态：形式电荷只看成键电子均分，氧化态看电负性分配• 八隅律是经验规则，不是物理定律——B/Al 是 6 电子稳定，第三周期可超价• 配位键视角统一了共振式：硫酸的 S=O 双键本质是 S→O 配位键，所以多个共振式等价• Lewis 酸碱 = 亲电/亲核试剂：所有离子型有机反应均可看作 Lewis 酸碱反应

⭐ ABOC 行 765-767：""亲电试剂与亲核试剂：缺电子/电子穴的物种是亲电试剂，即 Lewis 酸；富电子/电子源的是亲核试剂，即 Lewis 碱。所有的离子型有机反应(其实协同反应也可以)均可以看作 Lewis 酸碱反应。""

---"
"Lewis式 的关键结论有哪些？","• 经典 Lewis 式标孤对，有机 Lewis 式标电荷——这是两个语境，不能混用• 形式电荷 ≠ 氧化态：形式电荷只看成键电子均分，氧化态看电负性分配• 八隅律是经验规则，不是物理定律——B/Al 是 6 电子稳定，第三周期可超价• 配位键视角统一了共振式：硫酸的 S=O 双键本质是 S→O 配位键，所以多个共振式等价• Lewis 酸碱 = 亲电/亲核试剂：所有离子型有机反应均可看作 Lewis 酸碱反应

⭐ ABOC 行 765-767：""亲电试剂与亲核试剂：缺电子/电子穴的物种是亲电试剂，即 Lewis 酸；富电子/电子源的是亲核试剂，即 Lewis 碱。所有的离子型有机反应(其实协同反应也可以)均可以看作 Lewis 酸碱反应。""

---","有机化学 结构表达 Lewis式 rc_30d 化竞 Lewis酸碱 形式电荷","Chem::Core","[[Lewis式]]","30d","总结卡","Lewis 结构式（Lewis Structure / 电子点式）：用元素符号表示原子核和内层电子，用点（·）或叉（×）表示价电子，用短线（—）表示共用电子对（单键 = 2 电子，双键 = 4 电子，三键 = 6 电子）的分子结构表示方法。"
"Lewis式 有哪些常见易错点？","• ❌ 把经典 Lewis 式的""标孤对""习惯带入有机机理 → 纸面混乱• ❌ B/Al 的形式电荷误判 → B 在 BH₃/BF₃ 中形式电荷 = 0（不是 +1），因为它是 6 电子稳定• ❌ N⁺ 与 N⁻ 混淆 → N 成 4 根键 = N⁺；N 成 2 根键 = N⁻（如酰胺 N 在特定共振式中）• ❌ 认为所有原子必须满足八隅律 → 碳正离子（6e⁻）、卡宾（6e⁻）、B/Al（6e⁻）是稳定例外• ❌ 第三周期元素形式电荷漏算 d 电子 → 如 SO₄²⁻ 中 S 的形式电荷 = +2（不是 0），需用公式计算• ❌ 键线式中忘记杂原子的孤对 → 机理书写时，O/N 的孤对往往是电子推动起点• ❌ 共振式中形式电荷不守恒 → 所有共振式的总电荷必须相同• ❌ 把分子式当 Lewis 式 → H₂O 是分子式，H—O—H 才是 Lewis 式

---","有机化学 结构表达 Lewis式 rc_30d 化竞 Lewis酸碱 形式电荷","Chem::Core","[[Lewis式]]","30d","易错点卡","Lewis 结构式（Lewis Structure / 电子点式）：用元素符号表示原子核和内层电子，用点（·）或叉（×）表示价电子，用短线（—）表示共用电子对（单键 = 2 电子，双键 = 4 电子，三键 = 6 电子）的分子结构表示方法。"
"什么是Lindlar催化剂？","Lindlar 催化剂：将钯（Pd）沉积在碳酸钙（CaCO₃）载体上，并用醋酸铅（Pb(OAc)₂）或喹啉毒化的催化剂。用于**选择性将炔烃还原为顺式烯烃（","有机化学 氧化还原 Lindlar催化剂 rc_30d 化竞 选择性还原 毒化钯","Chem::Core","[[Lindlar催化剂]]","30d","概念卡","关键结论：
• **Lindlar = 毒化 Pd = 炔烃 →"
"Lindlar催化剂 的关键结论有哪些？","• **Lindlar = 毒化 Pd = 炔烃 →","有机化学 氧化还原 Lindlar催化剂 rc_30d 化竞 选择性还原 毒化钯","Chem::Core","[[Lindlar催化剂]]","30d","总结卡","Lindlar 催化剂：将钯（Pd）沉积在碳酸钙（CaCO₃）载体上，并用醋酸铅（Pb(OAc)₂）或喹啉毒化的催化剂。用于**选择性将炔烃还原为顺式烯烃（"
"Lindlar催化剂 有哪些常见易错点？","• ❌ Lindlar 得 E-烯烃 → Lindlar 得 **","有机化学 氧化还原 Lindlar催化剂 rc_30d 化竞 选择性还原 毒化钯","Chem::Core","[[Lindlar催化剂]]","30d","易错点卡","Lindlar 催化剂：将钯（Pd）沉积在碳酸钙（CaCO₃）载体上，并用醋酸铅（Pb(OAc)₂）或喹啉毒化的催化剂。用于**选择性将炔烃还原为顺式烯烃（"
"什么是Mannich反应？","Mannich 反应：含 α-H 的羰基化合物（或富电子芳环）与甲醛（或其他醛）和胺（或其盐）反应，生成 β-氨基羰基化合物 的多组分反应。","有机化学 羰基α位反应 Mannich反应 rc_30d 化竞 曼尼希反应 亚胺正离子","Chem::Core","[[Mannich反应]]","30d","概念卡","关键结论：
• Mannich = 羰基 + 甲醛 + 胺 → β-氨基羰基• 核心中间体是亚胺正离子——比羰基更强的亲电体• Mannich 是 Aldol 的氨基变体——机理框架相同
• Eschenmoser 盐是预制备的亚胺正离子——反应更可控
• Mannich 碱可进一步消除 → Michael 受体——与 Robinson 环化串联
• 与甲醛直接羟醛相比，Mannich 往往更容易定向构建单一 C-C 键

---"
"Mannich反应 的关键结论有哪些？","• Mannich = 羰基 + 甲醛 + 胺 → β-氨基羰基• 核心中间体是亚胺正离子——比羰基更强的亲电体• Mannich 是 Aldol 的氨基变体——机理框架相同
• Eschenmoser 盐是预制备的亚胺正离子——反应更可控
• Mannich 碱可进一步消除 → Michael 受体——与 Robinson 环化串联
• 与甲醛直接羟醛相比，Mannich 往往更容易定向构建单一 C-C 键

---","有机化学 羰基α位反应 Mannich反应 rc_30d 化竞 曼尼希反应 亚胺正离子","Chem::Core","[[Mannich反应]]","30d","总结卡","Mannich 反应：含 α-H 的羰基化合物（或富电子芳环）与甲醛（或其他醛）和胺（或其盐）反应，生成 β-氨基羰基化合物 的多组分反应。"
"Mannich反应 有哪些常见易错点？","• ❌ Mannich 产物是 α-氨基羰基 → Mannich 产物是 β-氨基羰基• ❌ Mannich 只有胺能作为氮源 → 也可以用 酰胺、亚胺 等• ❌ Mannich 和 Aldol 机理完全不同 → Mannich 是 Aldol 的氨基变体，机理框架相同• ❌ 伯胺比仲胺更适合 Mannich → 仲胺更好，伯胺易多取代• ❌ Mannich 碱不能进一步反应 → Mannich 碱可消除、还原、季铵盐化

---","有机化学 羰基α位反应 Mannich反应 rc_30d 化竞 曼尼希反应 亚胺正离子","Chem::Core","[[Mannich反应]]","30d","易错点卡","Mannich 反应：含 α-H 的羰基化合物（或富电子芳环）与甲醛（或其他醛）和胺（或其盐）反应，生成 β-氨基羰基化合物 的多组分反应。"
"什么是Meisenheimer复合物？","Meisenheimer复合物：在芳香亲核取代反应（SNAr）的加成-消除机理中，亲核试剂进攻芳香环后形成的环己二烯负离子型中间体（σ-复合物）。","有机化学 芳香取代 Meisenheimer复合物 rc_30d 化竞 芳香亲核取代 σ-复合物","Chem::Core","[[Meisenheimer复合物]]","30d","概念卡",""
"什么是Michael加成？","Michael 加成：碳负离子（或亲核体）对 α,β-不饱和羰基化合物（Michael 受体）的 1,4-共轭加成反应。","有机化学 加成反应 Michael加成 rc_30d 化竞 共轭加成 1,4-加成","Chem::Core","[[Michael加成]]","30d","概念卡","关键结论：
• Michael 加成 = 软亲核试剂 + α,β-不饱和羰基 → 1,4-加成• 亲核试剂进攻 β-碳，不是羰基碳• 产物保留羰基——这是后续转化的关键手柄• 碱催化即可——不需要强碱（与 Wittig 等反应不同）• 立体化学：新生成的 C–C 键可产生手性中心，不对称催化版本可高对映选择性

---"
"Michael加成 的关键结论有哪些？","• Michael 加成 = 软亲核试剂 + α,β-不饱和羰基 → 1,4-加成• 亲核试剂进攻 β-碳，不是羰基碳• 产物保留羰基——这是后续转化的关键手柄• 碱催化即可——不需要强碱（与 Wittig 等反应不同）• 立体化学：新生成的 C–C 键可产生手性中心，不对称催化版本可高对映选择性

---","有机化学 加成反应 Michael加成 rc_30d 化竞 共轭加成 1,4-加成","Chem::Core","[[Michael加成]]","30d","总结卡","Michael 加成：碳负离子（或亲核体）对 α,β-不饱和羰基化合物（Michael 受体）的 1,4-共轭加成反应。"
"Michael加成 有哪些常见易错点？","• ❌ 进攻羰基碳 → Michael 是进攻 β-碳• ❌ 认为所有亲核试剂都做 Michael → 硬亲核（RLi, RMgX）做 1,2-加成• ❌ 忽略羰基保留 → Michael 产物保留羰基，这是后续反应的手柄• ❌ 碱过强导致副反应 → 烯醇盐自身缩合、聚合等• ❌ 混淆 Michael 和羟醛缩合 → Michael 是 1,4-加成；羟醛是 1,2-加成（两羰基之间）• ❌ Robinson 增环只写 Michael 步 → 别忘了后面的分子内羟醛 + 脱水

---","有机化学 加成反应 Michael加成 rc_30d 化竞 共轭加成 1,4-加成","Chem::Core","[[Michael加成]]","30d","易错点卡","Michael 加成：碳负离子（或亲核体）对 α,β-不饱和羰基化合物（Michael 受体）的 1,4-共轭加成反应。"
"什么是Mitsunobu反应？","Mitsunobu 反应：醇（ROH）在 三苯基膦（PPh₃） 和 偶氮二甲酸二酯（DIAD 或 DEAD） 存在下，与亲核试剂反应，发生 构型翻转（inversion），生成取代产物的反应。","有机化学 取代反应 Mitsunobu反应 rc_30d 化竞 构型翻转 膦化学","Chem::Core","[[Mitsunobu反应]]","30d","概念卡","关键结论：
• Mitsunobu = 醇的 SN2 型翻转——将不良离去基 OH 转化为优良离去基• P=O 键形成是驱动力——Ph₃P=O 的高键能让反应不可逆• 亲核试剂必须 pKa < 15——这是判断能否 Mitsunobu 的关键• 1° 和 2° 醇可行，3° 通常不行——3° 醇的空间位阻阻止背面进攻• 中性条件 → 官能团耐受性好——是复杂分子后期修饰的利器

---"
"Mitsunobu反应 的关键结论有哪些？","• Mitsunobu = 醇的 SN2 型翻转——将不良离去基 OH 转化为优良离去基• P=O 键形成是驱动力——Ph₃P=O 的高键能让反应不可逆• 亲核试剂必须 pKa < 15——这是判断能否 Mitsunobu 的关键• 1° 和 2° 醇可行，3° 通常不行——3° 醇的空间位阻阻止背面进攻• 中性条件 → 官能团耐受性好——是复杂分子后期修饰的利器

---","有机化学 取代反应 Mitsunobu反应 rc_30d 化竞 构型翻转 膦化学","Chem::Core","[[Mitsunobu反应]]","30d","总结卡","Mitsunobu 反应：醇（ROH）在 三苯基膦（PPh₃） 和 偶氮二甲酸二酯（DIAD 或 DEAD） 存在下，与亲核试剂反应，发生 构型翻转（inversion），生成取代产物的反应。"
"Mitsunobu反应 有哪些常见易错点？","• ❌ 3° 醇也能 Mitsunobu → 3° 醇 通常不行（位阻太大）• ❌ 胺可以作为亲核试剂 → 胺 pKa 太高（~35），不行• ❌ 构型保持 → Mitsunobu 是 翻转（inversion）• ❌ 忽略 P=O 驱动力 → Ph₃P=O 的高键能是反应不可逆的关键• ❌ 认为 Mitsunobu 只是取代 → 它是醇的活化 + SN2 翻转的组合

---","有机化学 取代反应 Mitsunobu反应 rc_30d 化竞 构型翻转 膦化学","Chem::Core","[[Mitsunobu反应]]","30d","易错点卡","Mitsunobu 反应：醇（ROH）在 三苯基膦（PPh₃） 和 偶氮二甲酸二酯（DIAD 或 DEAD） 存在下，与亲核试剂反应，发生 构型翻转（inversion），生成取代产物的反应。"
"什么是NBS？","NBS（N-Bromosuccinimide，N-溴代丁二酰亚胺） 是一种温和的 溴化试剂，主要用于 烯丙位和苄位的自由基溴化，也可用于 烯烃的溴加成 和 芳环亲电溴化 的溴源。","有机化学 自由基反应 NBS rc_30d 化竞 自由基 烯丙位溴化","Chem::Core","[[NBS]]","30d","概念卡","关键结论：
• NBS + 引发剂/光照 → 烯丙位/苄位溴化（选择性自由基取代）
• NBS + 极性溶剂（DMSO/H₂O）→ 溴加成或亲电溴化
• NBS 维持低 Br₂ 浓度 → 避免加成，促进取代
• 烯丙位自由基特别稳定（p-π 共轭）→ 反应优先发生在此处"
"NBS 的关键结论有哪些？","• NBS + 引发剂/光照 → 烯丙位/苄位溴化（选择性自由基取代）
• NBS + 极性溶剂（DMSO/H₂O）→ 溴加成或亲电溴化
• NBS 维持低 Br₂ 浓度 → 避免加成，促进取代
• 烯丙位自由基特别稳定（p-π 共轭）→ 反应优先发生在此处","有机化学 自由基反应 NBS rc_30d 化竞 自由基 烯丙位溴化","Chem::Core","[[NBS]]","30d","总结卡","NBS（N-Bromosuccinimide，N-溴代丁二酰亚胺） 是一种温和的 溴化试剂，主要用于 烯丙位和苄位的自由基溴化，也可用于 烯烃的溴加成 和 芳环亲电溴化 的溴源。"
"NBS 有哪些常见易错点？","|  错误  |  纠正  | 
 | :--- | :--- | 
 |  NBS 直接与双键加成  |  NBS 本身不加成；是原位生成的低浓度 Br₂ 参与自由基取代  | 
 |  忽略引发剂的必要性  |  无引发剂/光照时反应极慢或不发生  | 
 |  过度溴化  |  多烯丙位底物可能多取代，需控制当量  |","有机化学 自由基反应 NBS rc_30d 化竞 自由基 烯丙位溴化","Chem::Core","[[NBS]]","30d","易错点卡","NBS（N-Bromosuccinimide，N-溴代丁二酰亚胺） 是一种温和的 溴化试剂，主要用于 烯丙位和苄位的自由基溴化，也可用于 烯烃的溴加成 和 芳环亲电溴化 的溴源。"
"什么是Neber重排？","Neber 重排：酮肟的对甲苯磺酸酯（tosylate）在碱作用下重排为 α-氨基酮 的反应。","有机化学 重排反应 Neber重排 rc_30d 化竞 肟磺酸酯 氨基酮","Chem::Core","[[Neber重排]]","30d","概念卡","关键结论：
• Neber = 肟磺酸酯 + 碱 → α-氨基酮
• 氮杂环丙烯是关键中间体
• Beckmann 的姐妹重排——底物类似，条件/产物不同

---"
"Neber重排 的关键结论有哪些？","• Neber = 肟磺酸酯 + 碱 → α-氨基酮
• 氮杂环丙烯是关键中间体
• Beckmann 的姐妹重排——底物类似，条件/产物不同

---","有机化学 重排反应 Neber重排 rc_30d 化竞 肟磺酸酯 氨基酮","Chem::Core","[[Neber重排]]","30d","总结卡","Neber 重排：酮肟的对甲苯磺酸酯（tosylate）在碱作用下重排为 α-氨基酮 的反应。"
"Neber重排 有哪些常见易错点？","• ❌ Neber 产物是酰胺 → Neber 产物是 α-氨基酮
• ❌ Neber 用酸催化 → Neber 用碱催化
• ❌ 和 Beckmann 一样 → 产物和条件都不同

---","有机化学 重排反应 Neber重排 rc_30d 化竞 肟磺酸酯 氨基酮","Chem::Core","[[Neber重排]]","30d","易错点卡","Neber 重排：酮肟的对甲苯磺酸酯（tosylate）在碱作用下重排为 α-氨基酮 的反应。"
"什么是Newman投影式？","Newman投影式（纽曼投影式）是一种表示分子构象的二维投影方法，用于描述沿某根 C-C 单键（或其他 σ 键）轴观察时，前后两个原子上取代基的空间排布关系。由 Melvin Spencer Newman 于 1952 年提出，是有机立体化学中最基础的结构表达工具之一。","有机化学 有机物结构的表达 Newman投影式 rc_30d 化竞 基础要求 立体化学 构象","Chem::Core","[[Newman投影式]]","30d","概念卡","关键结论：
• 交叉式 > 重叠式：扭转张力使交叉式构象能量普遍低于重叠式• 对位交叉式 > 邻位交叉式：大基团相距越远越稳定（位阻最小化）• 超共轭稳定化：交叉式中 C-H σ 键与相邻 C-H σ* 反键轨道的重叠是额外稳定因素• 与楔形式/锯架式的互画：Newman 投影是从键轴方向观察的""头-on""视角，楔形式是斜向视角，锯架式是侧向视角——三者描述的是同一分子的不同观察角度"
"Newman投影式 的关键结论有哪些？","• 交叉式 > 重叠式：扭转张力使交叉式构象能量普遍低于重叠式• 对位交叉式 > 邻位交叉式：大基团相距越远越稳定（位阻最小化）• 超共轭稳定化：交叉式中 C-H σ 键与相邻 C-H σ* 反键轨道的重叠是额外稳定因素• 与楔形式/锯架式的互画：Newman 投影是从键轴方向观察的""头-on""视角，楔形式是斜向视角，锯架式是侧向视角——三者描述的是同一分子的不同观察角度","有机化学 有机物结构的表达 Newman投影式 rc_30d 化竞 基础要求 立体化学 构象","Chem::Core","[[Newman投影式]]","30d","总结卡","Newman投影式（纽曼投影式）是一种表示分子构象的二维投影方法，用于描述沿某根 C-C 单键（或其他 σ 键）轴观察时，前后两个原子上取代基的空间排布关系。由 Melvin Spencer Newman 于 1952 年提出，是有机立体化学中最基础的结构表达工具之一。"
"什么是NHK反应？","NHK 反应（Nozaki-Hiyama-Kishi Reaction）：在 CrCl₂ 和 NiCl₂（或 Ni(acac)₂）共同催化下，烯基/芳基卤代物与醛发生交叉偶联，生成烯丙型/苄型醇的反应。","有机化学 过渡金属催化 NHK反应 rc_30d 化竞 Nozaki-Hiyama-Kishi 铬催化","Chem::Core","[[NHK反应]]","30d","概念卡","关键结论：
• NHK = 卤代物 + 醛 → 醇
• CrCl₂/NiCl₂ 双金属协同
• Ni 活化卤代物，Cr 执行亲核进攻
• 对醛有独特化学选择性
• 不还原酮、酯、酰胺
• 是全合成中构建烯丙醇/苄醇的利器

---"
"NHK反应 的关键结论有哪些？","• NHK = 卤代物 + 醛 → 醇
• CrCl₂/NiCl₂ 双金属协同
• Ni 活化卤代物，Cr 执行亲核进攻
• 对醛有独特化学选择性
• 不还原酮、酯、酰胺
• 是全合成中构建烯丙醇/苄醇的利器

---","有机化学 过渡金属催化 NHK反应 rc_30d 化竞 Nozaki-Hiyama-Kishi 铬催化","Chem::Core","[[NHK反应]]","30d","总结卡","NHK 反应（Nozaki-Hiyama-Kishi Reaction）：在 CrCl₂ 和 NiCl₂（或 Ni(acac)₂）共同催化下，烯基/芳基卤代物与醛发生交叉偶联，生成烯丙型/苄型醇的反应。"
"NHK反应 有哪些常见易错点？","• ❌ NHK 是单金属催化 → NHK 是 Cr/Ni 双金属协同
• ❌ NHK 对酮也反应 → NHK 只对醛反应
• ❌ NHK 不需要无水 → Cr(II) 对水敏感

---","有机化学 过渡金属催化 NHK反应 rc_30d 化竞 Nozaki-Hiyama-Kishi 铬催化","Chem::Core","[[NHK反应]]","30d","易错点卡","NHK 反应（Nozaki-Hiyama-Kishi Reaction）：在 CrCl₂ 和 NiCl₂（或 Ni(acac)₂）共同催化下，烯基/芳基卤代物与醛发生交叉偶联，生成烯丙型/苄型醇的反应。"
"什么是Peterson烯化反应？","Peterson 烯化反应：醛（或酮）与 β-硅基碳负离子反应，经中间体质子化/消除，生成烯烃和硅醇副产物的羰基烯化反应。","有机化学 具体反应 Peterson烯化反应 rc_30d 化竞 名称反应 硅化学 烯烃合成","Chem::Core","[[Peterson烯化反应]]","30d","概念卡","关键结论：
• Peterson = Wittig 的硅基版本——用 Si 替代 P，机理类似但条件更温和• **酸/碱条件调控 E/"
"Peterson烯化反应 的关键结论有哪些？","• Peterson = Wittig 的硅基版本——用 Si 替代 P，机理类似但条件更温和• **酸/碱条件调控 E/","有机化学 具体反应 Peterson烯化反应 rc_30d 化竞 名称反应 硅化学 烯烃合成","Chem::Core","[[Peterson烯化反应]]","30d","总结卡","Peterson 烯化反应：醛（或酮）与 β-硅基碳负离子反应，经中间体质子化/消除，生成烯烃和硅醇副产物的羰基烯化反应。"
"Peterson烯化反应 有哪些常见易错点？","• ❌ 把 Peterson 当 Wittig 变体死记 → 虽然功能类似，但试剂是 碳负离子（不是叶立德），机理也不同• ❌ 酸/碱条件选择性记反 → **碱 = E；酸 =","有机化学 具体反应 Peterson烯化反应 rc_30d 化竞 名称反应 硅化学 烯烃合成","Chem::Core","[[Peterson烯化反应]]","30d","易错点卡","Peterson 烯化反应：醛（或酮）与 β-硅基碳负离子反应，经中间体质子化/消除，生成烯烃和硅醇副产物的羰基烯化反应。"
"什么是Pinacol重排？","Pinacol 重排：邻二醇（vicinal diol, 1,2-二醇）在酸催化下发生脱水并重排，生成羰基化合物（通常为酮）的反应。","有机化学 反应分类 Pinacol重排 rc_30d 化竞 重排反应 频哪醇","Chem::Core","[[Pinacol重排]]","30d","概念卡","关键结论：
• Pinacol 重排 = 酸催化 + 1,2-二醇 → 酮（或醛）• ""推-拉""机制：水离去""拉""来迁移，氧孤对""推""走正电荷• 不对称二醇：能生成更稳定碳正离子的 OH 优先离去• 迁移基团保持立体化学：1,2-迁移是协同过程，迁移基团构型保持• 芳基迁移 > 烷基迁移：苯环 π 体系可稳定迁移过渡态• 螺环构建：Pinacol 重排是合成螺环化合物的经典策略

---"
"Pinacol重排 的关键结论有哪些？","• Pinacol 重排 = 酸催化 + 1,2-二醇 → 酮（或醛）• ""推-拉""机制：水离去""拉""来迁移，氧孤对""推""走正电荷• 不对称二醇：能生成更稳定碳正离子的 OH 优先离去• 迁移基团保持立体化学：1,2-迁移是协同过程，迁移基团构型保持• 芳基迁移 > 烷基迁移：苯环 π 体系可稳定迁移过渡态• 螺环构建：Pinacol 重排是合成螺环化合物的经典策略

---","有机化学 反应分类 Pinacol重排 rc_30d 化竞 重排反应 频哪醇","Chem::Core","[[Pinacol重排]]","30d","总结卡","Pinacol 重排：邻二醇（vicinal diol, 1,2-二醇）在酸催化下发生脱水并重排，生成羰基化合物（通常为酮）的反应。"
"Pinacol重排 有哪些常见易错点？","• ❌ ""两个 OH 离去概率相同"" → 不对称二醇中，能生成更稳定碳正离子的 OH 优先离去• ❌ ""迁移基团会翻转"" → 1,2-迁移中迁移基团保持构型• ❌ ""Pinacol 是碱催化"" → Pinacol 是酸催化；碱催化下 1,2-二酮发生的是二苯乙醇酸重排• ❌ ""1,3-二醇也能 Pinacol"" → 必须是1,2-二醇• ❌ ""迁移基团能力都一样"" → 芳基 > H > 叔烷基 > 仲 > 伯 > Me

---","有机化学 反应分类 Pinacol重排 rc_30d 化竞 重排反应 频哪醇","Chem::Core","[[Pinacol重排]]","30d","易错点卡","Pinacol 重排：邻二醇（vicinal diol, 1,2-二醇）在酸催化下发生脱水并重排，生成羰基化合物（通常为酮）的反应。"
"什么是Prevost反应？","Prevost 反应：烯烃在 I₂ / AgOAc、严格无水条件下发生的反式双羟化反应，产物为反式邻二醇（anti-diol）。","有机化学 氧化反应 Prevost反应 rc_30d 化竞 双羟化 反式加成","Chem::Core","[[Prevost反应]]","30d","概念卡","关键结论：
• Prevost 反应 = 反式双羟化（anti）• Woodward 反应 = 顺式双羟化（syn）• 两者都经历碘鎓离子中间体• 无水条件使中间体可逆 → 反式• 有水条件使中间体不可逆 → 顺式"
"Prevost反应 的关键结论有哪些？","• Prevost 反应 = 反式双羟化（anti）• Woodward 反应 = 顺式双羟化（syn）• 两者都经历碘鎓离子中间体• 无水条件使中间体可逆 → 反式• 有水条件使中间体不可逆 → 顺式","有机化学 氧化反应 Prevost反应 rc_30d 化竞 双羟化 反式加成","Chem::Core","[[Prevost反应]]","30d","总结卡","Prevost 反应：烯烃在 I₂ / AgOAc、严格无水条件下发生的反式双羟化反应，产物为反式邻二醇（anti-diol）。"
"Prevost反应 有哪些常见易错点？","• ❌ 混淆 Prevost 和 Woodward 的条件 → Prevost 无水 = anti；Woodward 有水 = syn• ❌ 认为 Prevost 是顺式 → Prevost 是 anti• ❌ 忽略无水要求 → 微量水即可将反应转变为 Woodward 条件• ❌ 与环氧开环混淆 → 环氧开环也得 trans，但路线不同","有机化学 氧化反应 Prevost反应 rc_30d 化竞 双羟化 反式加成","Chem::Core","[[Prevost反应]]","30d","易错点卡","Prevost 反应：烯烃在 I₂ / AgOAc、严格无水条件下发生的反式双羟化反应，产物为反式邻二醇（anti-diol）。"
"什么是Pummerer重排？","Pummerer重排是指 亚砜（sulfoxide）在酸酐或酰卤作用下，α-碳发生官能团化（酰氧基化或卤化）的反应。反应中亚砜的氧被取代，同时 α-碳引入新的亲电基团。","有机化学 含硫化合物 Pummerer重排 rc_30d 化竞 亚砜","Chem::Core","[[Pummerer重排]]","30d","概念卡","关键结论：
• 亚砜 + 酸酐/酰卤 → α-酰氧基硫醚（核心转化）
• 反应经历硫叶立德中间体 —— 不是简单的 SN2
• α-H 是必须的 —— 无 α-H 的亚砜不发生 Pummerer 重排
• 可扩展：除酸酐外，TFAA、MsCl、SOCl₂ 等也可促进"
"Pummerer重排 的关键结论有哪些？","• 亚砜 + 酸酐/酰卤 → α-酰氧基硫醚（核心转化）
• 反应经历硫叶立德中间体 —— 不是简单的 SN2
• α-H 是必须的 —— 无 α-H 的亚砜不发生 Pummerer 重排
• 可扩展：除酸酐外，TFAA、MsCl、SOCl₂ 等也可促进","有机化学 含硫化合物 Pummerer重排 rc_30d 化竞 亚砜","Chem::Core","[[Pummerer重排]]","30d","总结卡","Pummerer重排是指 亚砜（sulfoxide）在酸酐或酰卤作用下，α-碳发生官能团化（酰氧基化或卤化）的反应。反应中亚砜的氧被取代，同时 α-碳引入新的亲电基团。"
"Pummerer重排 有哪些常见易错点？","|  错误  |  纠正  | 
 | :--- | :--- | 
 |  忽略 α-H 的必要性  |  无 α-H 的亚砜不发生 Pummerer 重排  | 
 |  与 Swern 氧化混淆  |  Swern 氧化醇 → 醛；Pummerer 重排亚砜 → α-酰氧基硫醚  |","有机化学 含硫化合物 Pummerer重排 rc_30d 化竞 亚砜","Chem::Core","[[Pummerer重排]]","30d","易错点卡","Pummerer重排是指 亚砜（sulfoxide）在酸酐或酰卤作用下，α-碳发生官能团化（酰氧基化或卤化）的反应。反应中亚砜的氧被取代，同时 α-碳引入新的亲电基团。"
"什么是R/S构型？","R/S 构型是由 Cahn、Ingold 和 Prelog 于 1951-1966 年间建立的一套绝对构型标记体系，基于手性中心上四个取代基的 CIP 优先顺序（Cahn-Ingold-Prelog Priority Rules）和其在三维空间中的排列方式来确定。","有机化学 立体化学 R/S构型 rc_30d 化竞","Chem::Core","[[R/S构型]]","30d","概念卡","关键结论：
• R/S 是绝对构型，与旋光方向 (+)/(−) 无关：R 可以是左旋或右旋• 对映体的构型相反：若一个对映体是 R，另一个必为 S• 非对映体的构型部分相同、部分相反：如 (2R,3R) 与 (2R,3S)• meso 化合物：分子内存在对称面，整体无手性，但手性中心仍可标记 R/S（如 meso-酒石酸 = (2R,3S) 或 (2S,3R)）• CIP 规则中的""虚拟原子""是理解不饱和键优先级的关键"
"R/S构型 的关键结论有哪些？","• R/S 是绝对构型，与旋光方向 (+)/(−) 无关：R 可以是左旋或右旋• 对映体的构型相反：若一个对映体是 R，另一个必为 S• 非对映体的构型部分相同、部分相反：如 (2R,3R) 与 (2R,3S)• meso 化合物：分子内存在对称面，整体无手性，但手性中心仍可标记 R/S（如 meso-酒石酸 = (2R,3S) 或 (2S,3R)）• CIP 规则中的""虚拟原子""是理解不饱和键优先级的关键","有机化学 立体化学 R/S构型 rc_30d 化竞","Chem::Core","[[R/S构型]]","30d","总结卡","R/S 构型是由 Cahn、Ingold 和 Prelog 于 1951-1966 年间建立的一套绝对构型标记体系，基于手性中心上四个取代基的 CIP 优先顺序（Cahn-Ingold-Prelog Priority Rules）和其在三维空间中的排列方式来确定。"
"R/S构型 有哪些常见易错点？","|  错误  |  原因  |  纠正  |  课堂提问  | 
 | :--- | :--- | :--- | :--- | 
 |  ""将双键直接按单键比较""  |  忽略虚拟原子规则  |  C=C 视为连两个虚拟碳；C≡C 视为连三个虚拟碳  |  —CH=CH₂ 和 —C≡CH 谁优先？  | 
 |  ""最低优先基朝前时直接判断""  |  忘记反向  |  4 号朝前时，1→2→3 顺时针 → 实际是 S  |  楔形式中 H 朝前，如何判断 R/S？  | 
 |  ""Fischer 投影式旋转 90° 后构型不变""  |  忽略投影式操作规则  |  旋转 90° 会翻转构型；只有 180° 不变  |  Fischer 投影式旋转 90° 后 R 变什么？  | 
 |  ""R 就是右旋，S 就是左旋""  |  混淆构型与旋光  |  R/S 是空间构型；(+)/(−) 是旋光方向，二者无关  |  R-乳酸是左旋还是右旋？  | 
 |  ""交换两个非最低优先基团不影响构型""  |  误解交换规则  |  任意两个基团交换都会翻转构型  |  交换 1 号和 2 号基团，R 变什么？  | 
 |  ""苯环上的取代基优先级只看直接相连碳""  |  忽略虚拟原子处理  |  苯环碳视为连一个 C 和两个虚拟 C  |  苯基和异丙基谁优先？  |","有机化学 立体化学 R/S构型 rc_30d 化竞","Chem::Core","[[R/S构型]]","30d","易错点卡","R/S 构型是由 Cahn、Ingold 和 Prelog 于 1951-1966 年间建立的一套绝对构型标记体系，基于手性中心上四个取代基的 CIP 优先顺序（Cahn-Ingold-Prelog Priority Rules）和其在三维空间中的排列方式来确定。"
"什么是Reformatsky反应？","Reformatsky 反应：α-卤代酯与锌粉反应生成有机锌试剂，进而与醛/酮反应生成 β-羟基酯 的反应。","有机化学 羰基α位反应 Reformatsky反应 rc_30d 化竞 有机锌试剂 β-羟基酯","Chem::Core","[[Reformatsky反应]]","30d","概念卡","关键结论：
• **Reformatsky = α-卤代酯 +"
"Reformatsky反应 的关键结论有哪些？","• **Reformatsky = α-卤代酯 +","有机化学 羰基α位反应 Reformatsky反应 rc_30d 化竞 有机锌试剂 β-羟基酯","Chem::Core","[[Reformatsky反应]]","30d","总结卡","Reformatsky 反应：α-卤代酯与锌粉反应生成有机锌试剂，进而与醛/酮反应生成 β-羟基酯 的反应。"
"Reformatsky反应 有哪些常见易错点？","• ❌ Reformatsky 试剂进攻酯基 → 有机锌不进攻酯，只进攻醛/酮• ❌ Reformatsky 和 Grignard 一样 → 两者选择性不同（","有机化学 羰基α位反应 Reformatsky反应 rc_30d 化竞 有机锌试剂 β-羟基酯","Chem::Core","[[Reformatsky反应]]","30d","易错点卡","Reformatsky 反应：α-卤代酯与锌粉反应生成有机锌试剂，进而与醛/酮反应生成 β-羟基酯 的反应。"
"什么是Robinson托品酮合成？","Robinson 托品酮合成（1917 年）是有机化学史上最著名的全合成之一。它以最简单的起始原料——琥珀醛（C4 二醛）、甲胺和丙酮二羧酸——在水溶液（pH 7）中一锅法构建托品酮（tropinone）骨架，巧妙模拟了自然界生物合成的 Mannich + 羟醛串联策略。","有机化学 特殊体系 Robinson托品酮合成 rc_90d 化竞 全合成 生物碱 Mannich反应","Chem::Review","[[Robinson托品酮合成]]","90d","概念卡",""
"什么是Sakurai烯丙基化？","Sakurai 烯丙基化（Hosomi-Sakurai allylation, 1976）：在 Lewis 酸催化下，烯丙基硅烷（allylsilane, \mathrm{R_3Si\!-\!CH_2\!-\!CH\!=\!CH_2}）作为亲核体与亲电体（醛 / 酮 / 烷基卤 / α,β-不饱和羰基化合物等）反应，生成新的 C–C 键并伴随 1,3-烯丙基迁移（双键位置发生改变）和 \mathrm{R_3Si^+} 的离去：","有机化学 反应方法学 Sakurai烯丙基化 rc_30d 化竞 人名反应 烯丙基化 β-硅基效应","Chem::Core","[[Sakurai烯丙基化]]","30d","概念卡","关键结论：
4.1 烯丙基硅烷与各类亲电体的反应矩阵

 |  亲电体  |  催化条件  |  主产物  |  备注  | 
 | :--- | :--- | :--- | :--- | 
 |  醛 RCHO  |  TiCl₄ / BF₃·OEt₂  |  高烯丙醇（homoallyl alcohol）  |  经典 Sakurai 醇  | 
 |  酮 R₂CO  |  TiCl₄（过量需要） |  三级烯丙醇  |  比醛慢  | 
 |  酰氯 RCOX  |  Lewis acid  |  高烯丙基酮  |  ""Sakurai 酰化""  | 
 |  烷基卤 R'X  |  TiCl₄（叔/烯丙/苄基 X） |  烯丙基烷烃  |  不能用伯卤  | 
 |  α,β-不饱和酮  |  TiCl₄ / TMSOTf  |  1,4-加合产物（共轭加成） |  Mukaiyama 型  | 
 |  缩醛/氧鎓盐  |  TiCl₄ / BF₃  |  高烯丙基醚  |  链增长  | 
 |  亚胺 RCH=NR'  |  Lewis acid  |  高烯丙基胺  |  aza-Sakurai  | 

4.2 烯丙基硅烷的""反义性""（umpolung）特点
• 普通烯丙位（如 R-CH₂-CH=CH₂）作为亲核体时，从 α 端进攻
• 烯丙基硅烷由于 β-硅基效应，从 γ 端进攻 → 形式上类似 烯丙基金属（如 allyl-MgBr、allyl-SnBu₃）

Sakurai 烯丙基化常与 烯丙基锡试剂 一起被归为""烯丙基-3 位反应""族。

4.3 与其他烯丙基化方法的对比

 |  方法  |  中间体  |  选择性  |  优劣  | 
 | :--- | :--- | :--- | :--- | 
 |  Sakurai 烯丙基化  |  β-Si 稳定的 sp³ 碳正离子  |  γ-进攻 → 1,3-迁移  |  温和、宽容、易控立体  | 
 |  Allyl-Mg / Allyl-Li  |  sp³ 阴离子  |  α-进攻（直接）  |  快但官能团容忍度差  | 
 |  Allyl-Sn  |  类似 Si 的 β 效应  |  γ-进攻  |  选择性更好但毒性高  | 
 |  Allyl-B / Allyl-Bpin（Roush） |  闭环过渡态  |  高度立体选择  |  不对称合成首选  | 

4.4 立体选择性："""
"Sakurai烯丙基化 的关键结论有哪些？","4.1 烯丙基硅烷与各类亲电体的反应矩阵

 |  亲电体  |  催化条件  |  主产物  |  备注  | 
 | :--- | :--- | :--- | :--- | 
 |  醛 RCHO  |  TiCl₄ / BF₃·OEt₂  |  高烯丙醇（homoallyl alcohol）  |  经典 Sakurai 醇  | 
 |  酮 R₂CO  |  TiCl₄（过量需要） |  三级烯丙醇  |  比醛慢  | 
 |  酰氯 RCOX  |  Lewis acid  |  高烯丙基酮  |  ""Sakurai 酰化""  | 
 |  烷基卤 R'X  |  TiCl₄（叔/烯丙/苄基 X） |  烯丙基烷烃  |  不能用伯卤  | 
 |  α,β-不饱和酮  |  TiCl₄ / TMSOTf  |  1,4-加合产物（共轭加成） |  Mukaiyama 型  | 
 |  缩醛/氧鎓盐  |  TiCl₄ / BF₃  |  高烯丙基醚  |  链增长  | 
 |  亚胺 RCH=NR'  |  Lewis acid  |  高烯丙基胺  |  aza-Sakurai  | 

4.2 烯丙基硅烷的""反义性""（umpolung）特点
• 普通烯丙位（如 R-CH₂-CH=CH₂）作为亲核体时，从 α 端进攻
• 烯丙基硅烷由于 β-硅基效应，从 γ 端进攻 → 形式上类似 烯丙基金属（如 allyl-MgBr、allyl-SnBu₃）

Sakurai 烯丙基化常与 烯丙基锡试剂 一起被归为""烯丙基-3 位反应""族。

4.3 与其他烯丙基化方法的对比

 |  方法  |  中间体  |  选择性  |  优劣  | 
 | :--- | :--- | :--- | :--- | 
 |  Sakurai 烯丙基化  |  β-Si 稳定的 sp³ 碳正离子  |  γ-进攻 → 1,3-迁移  |  温和、宽容、易控立体  | 
 |  Allyl-Mg / Allyl-Li  |  sp³ 阴离子  |  α-进攻（直接）  |  快但官能团容忍度差  | 
 |  Allyl-Sn  |  类似 Si 的 β 效应  |  γ-进攻  |  选择性更好但毒性高  | 
 |  Allyl-B / Allyl-Bpin（Roush） |  闭环过渡态  |  高度立体选择  |  不对称合成首选  | 

4.4 立体选择性：""","有机化学 反应方法学 Sakurai烯丙基化 rc_30d 化竞 人名反应 烯丙基化 β-硅基效应","Chem::Core","[[Sakurai烯丙基化]]","30d","总结卡","Sakurai 烯丙基化（Hosomi-Sakurai allylation, 1976）：在 Lewis 酸催化下，烯丙基硅烷（allylsilane, \mathrm{R_3Si\!-\!CH_2\!-\!CH\!=\!CH_2}）作为亲核体与亲电体（醛 / 酮 / 烷基卤 / α,β-不饱和羰基化合物等）反应，生成新的 C–C 键并伴随 1,3-烯丙基迁移（双键位置发生改变）和 \mathrm{R_3Si^+} 的离去："
"Sakurai烯丙基化 有哪些常见易错点？","|  错误  |  原因  |  纠正  | 
 | :--- | :--- | :--- | 
 |  写产物时漏掉 1,3-迁移  |  把它当成普通烯丙基亲核加成  |  β-Si 必须离去 → 双键不可能在原位  | 
 |  把进攻位点弄错（α 而不是 γ） |  直觉""靠近金属的 C 是亲核中心"" |  Si 不是金属——γ 端才是真正的亲核中心  | 
 |  忘记加 Lewis 酸  |  觉得亲电体已经很活泼  |  中性烯丙基硅烷活性低，几乎所有 Sakurai 都需 LA  | 
 |  试图在碱性条件做 Sakurai  |  套用其他烯丙基化的""碱促""思路  |  β-Si 碳正离子在碱中不能存在 → 反应只能在酸或 LA 下  | 
 |  与 Wittig / Aldol 混淆  |  都是 C=C 形成反应  |  Sakurai 经过碳正离子；Wittig 经过 betaine；Aldol 经过烯醇  | 
 |  用伯烷基卤做 Sakurai  |  不知道 R'X 的限制  |  伯卤几乎不反应；只能用叔/烯丙基/苄基卤（生成稳定碳正离子） | 

---","有机化学 反应方法学 Sakurai烯丙基化 rc_30d 化竞 人名反应 烯丙基化 β-硅基效应","Chem::Core","[[Sakurai烯丙基化]]","30d","易错点卡","Sakurai 烯丙基化（Hosomi-Sakurai allylation, 1976）：在 Lewis 酸催化下，烯丙基硅烷（allylsilane, \mathrm{R_3Si\!-\!CH_2\!-\!CH\!=\!CH_2}）作为亲核体与亲电体（醛 / 酮 / 烷基卤 / α,β-不饱和羰基化合物等）反应，生成新的 C–C 键并伴随 1,3-烯丙基迁移（双键位置发生改变）和 \mathrm{R_3Si^+} 的离去："
"什么是Semipinacol重排？","Semipinacol 重排：离去基不是水，而是其他预先活化的基团（如 OTs、卤素、N₂）的频哪醇型 1,2-迁移重排。","有机化学 反应分类 Semipinacol重排 rc_30d 化竞 重排反应 半频哪醇","Chem::Core","[[Semipinacol重排]]","30d","概念卡","关键结论：
• Semipinacol = 离去基预活化 + 1,2-迁移 → 羰基• 区域选择性优于 Pinacol——通过预先选择离去基位置控制• Corey 长叶烯合成是经典应用：仲醇 tosylate → 扩环酮• Tiffeneau-Demjanov = 氨基醇 + 重氮化 → 扩环• 迁移基团保持立体化学——与所有 1,2-迁移一致• 扩环策略：环状 β-取代醇 → Semipinacol → 环扩大一的酮

---"
"Semipinacol重排 的关键结论有哪些？","• Semipinacol = 离去基预活化 + 1,2-迁移 → 羰基• 区域选择性优于 Pinacol——通过预先选择离去基位置控制• Corey 长叶烯合成是经典应用：仲醇 tosylate → 扩环酮• Tiffeneau-Demjanov = 氨基醇 + 重氮化 → 扩环• 迁移基团保持立体化学——与所有 1,2-迁移一致• 扩环策略：环状 β-取代醇 → Semipinacol → 环扩大一的酮

---","有机化学 反应分类 Semipinacol重排 rc_30d 化竞 重排反应 半频哪醇","Chem::Core","[[Semipinacol重排]]","30d","总结卡","Semipinacol 重排：离去基不是水，而是其他预先活化的基团（如 OTs、卤素、N₂）的频哪醇型 1,2-迁移重排。"
"Semipinacol重排 有哪些常见易错点？","• ❌ ""Semipinacol 是碱催化"" → 离去基已预先活化，不需要强酸• ❌ ""Semipinacol 和 Pinacol 选择性一样"" → Semipinacol 选择性更高• ❌ ""所有卤代醇都 Semipinacol"" → 需要 β-羟基且卤素为良好离去基• ❌ ""Tiffeneau-Demjanov 是独立反应"" → 它是 Semipinacol 的氨基变体• ❌ ""重氮甲烷扩环万能"" → 环戊酮 → 环己酮会混乱，不是万能的

---","有机化学 反应分类 Semipinacol重排 rc_30d 化竞 重排反应 半频哪醇","Chem::Core","[[Semipinacol重排]]","30d","易错点卡","Semipinacol 重排：离去基不是水，而是其他预先活化的基团（如 OTs、卤素、N₂）的频哪醇型 1,2-迁移重排。"
"什么是Skraup合成？","Skraup 合成：芳基伯胺与甘油在浓硫酸和氧化剂存在下反应，通过脱水、Michael 加成、关环等一系列步骤，生成喹啉衍生物的反应。","有机化学 杂环化合物 Skraup合成 rc_30d 化竞 喹啉合成 杂环合成","Chem::Core","[[Skraup合成]]","30d","概念卡","关键结论：
• Skraup = 芳胺 + 甘油 + 硫酸 + 氧化剂 → 喹啉
• 甘油先脱水为丙烯醛
• Michael 加成是核心 C–C 键形成步骤
• 缩合关环 + 氧化芳构化
• 是喹啉最经典的合成方法

---"
"Skraup合成 的关键结论有哪些？","• Skraup = 芳胺 + 甘油 + 硫酸 + 氧化剂 → 喹啉
• 甘油先脱水为丙烯醛
• Michael 加成是核心 C–C 键形成步骤
• 缩合关环 + 氧化芳构化
• 是喹啉最经典的合成方法

---","有机化学 杂环化合物 Skraup合成 rc_30d 化竞 喹啉合成 杂环合成","Chem::Core","[[Skraup合成]]","30d","总结卡","Skraup 合成：芳基伯胺与甘油在浓硫酸和氧化剂存在下反应，通过脱水、Michael 加成、关环等一系列步骤，生成喹啉衍生物的反应。"
"Skraup合成 有哪些常见易错点？","• ❌ Skraup 不需要氧化剂 → 必须加氧化剂芳构化
• ❌ 甘油直接参与关环 → 甘油先脱水为丙烯醛
• ❌ 产物是二氢喹啉 → 最终产物是芳香喹啉

---","有机化学 杂环化合物 Skraup合成 rc_30d 化竞 喹啉合成 杂环合成","Chem::Core","[[Skraup合成]]","30d","易错点卡","Skraup 合成：芳基伯胺与甘油在浓硫酸和氧化剂存在下反应，通过脱水、Michael 加成、关环等一系列步骤，生成喹啉衍生物的反应。"
"什么是SNAr？","SNAr（Nucleophilic Aromatic Substitution）：亲核试剂进攻芳香环上的碳原子，取代离去基团的反应。","有机化学 芳香亲电取代 SNAr rc_30d 化竞 芳香亲核取代 加成-消除","Chem::Core","[[SNAr]]","30d","概念卡","关键结论：
• SNAr 需要缺电子芳环——吸电子基活化反应• 离去基活性：F > Cl > Br > I（与 SN2 相反！）• 原因：C-F 键的极性大，且 F 的 -I 效应强，有利于 Meisenheimer 复合物稳定化• 吸电子基在邻/对位最有利——可共振稳定负电荷• Meisenheimer 复合物是 SNAr 的关键中间体• 苯炔机理是无活化基时的替代路径"
"SNAr 的关键结论有哪些？","• SNAr 需要缺电子芳环——吸电子基活化反应• 离去基活性：F > Cl > Br > I（与 SN2 相反！）• 原因：C-F 键的极性大，且 F 的 -I 效应强，有利于 Meisenheimer 复合物稳定化• 吸电子基在邻/对位最有利——可共振稳定负电荷• Meisenheimer 复合物是 SNAr 的关键中间体• 苯炔机理是无活化基时的替代路径","有机化学 芳香亲电取代 SNAr rc_30d 化竞 芳香亲核取代 加成-消除","Chem::Core","[[SNAr]]","30d","总结卡","SNAr（Nucleophilic Aromatic Substitution）：亲核试剂进攻芳香环上的碳原子，取代离去基团的反应。"
"SNAr 有哪些常见易错点？","• ❌ SNAr 离去基活性顺序与 SN2 相同 → SNAr 中 F > Cl > Br > I• ❌ 忽略吸电子基的位置效应 → 邻/对位才能共振稳定，间位只有诱导效应• ❌ 混淆 SNAr 和苯炔机理 → 有吸电子基时走加成-消除，无吸电子基时走消除-加成• ❌ 认为所有芳环都能发生 SNAr → 需要缺电子芳环活化","有机化学 芳香亲电取代 SNAr rc_30d 化竞 芳香亲核取代 加成-消除","Chem::Core","[[SNAr]]","30d","易错点卡","SNAr（Nucleophilic Aromatic Substitution）：亲核试剂进攻芳香环上的碳原子，取代离去基团的反应。"
"什么是SOCl₂氯化？","SOCl₂ 氯化：醇与亚硫酰氯（thionyl chloride, SOCl₂）反应，将醇的羟基（-OH）转化为氯原子（-Cl），生成烷基氯化物的反应。","有机化学 具体反应 SOCl₂氯化 rc_30d 化竞 亲核取代 SN2 SNi","Chem::Core","[[SOCl₂氯化]]","30d","概念卡","关键结论：
• 立体化学控制：• 无碱 → SNi → 构型保持• 有碱（吡啶）→ SN2 → 构型翻转• 这是竞赛中最常考的立体化学控制考点• 吡啶的三重作用：• 不是简单的""碱""！必须回答：亲核试剂 + 离去基团 + 碱• 吡啶捕获 HCl，避免环境污染（行 2811）• 副产物优势：• \ce{SO2} 和 \ce{HCl} 均为气体，自动逸出• 产物纯度高，后处理简单• 底物范围：• 1° 醇和2° 醇：反应良好• 3° 醇：可能发生消除反应（E1），需低温控制

---"
"SOCl₂氯化 的关键结论有哪些？","• 立体化学控制：• 无碱 → SNi → 构型保持• 有碱（吡啶）→ SN2 → 构型翻转• 这是竞赛中最常考的立体化学控制考点• 吡啶的三重作用：• 不是简单的""碱""！必须回答：亲核试剂 + 离去基团 + 碱• 吡啶捕获 HCl，避免环境污染（行 2811）• 副产物优势：• \ce{SO2} 和 \ce{HCl} 均为气体，自动逸出• 产物纯度高，后处理简单• 底物范围：• 1° 醇和2° 醇：反应良好• 3° 醇：可能发生消除反应（E1），需低温控制

---","有机化学 具体反应 SOCl₂氯化 rc_30d 化竞 亲核取代 SN2 SNi","Chem::Core","[[SOCl₂氯化]]","30d","总结卡","SOCl₂ 氯化：醇与亚硫酰氯（thionyl chloride, SOCl₂）反应，将醇的羟基（-OH）转化为氯原子（-Cl），生成烷基氯化物的反应。"
"SOCl₂氯化 有哪些常见易错点？","|  错误  |  原因  |  纠正  |  课堂提问  | 
 | :--- | :--- | :--- | :--- | 
 |  认为 SOCl₂ 总是 SN2 翻转  |  忽略无碱条件  |  无碱 = SNi（保持），有碱 = SN2（翻转）  |  SOCl₂ 单独与加吡啶，产物构型有何不同？  | 
 |  吡啶只回答""碱""  |  未理解三重作用  |  必须回答：亲核试剂 + 离去基团 + 碱  |  吡啶在反应中发挥哪三重作用？  | 
 |  混淆 SNi 和 SN1  |  都涉及离子对  |  SNi 是分子内紧密离子对，无游离碳正离子；SN1 是游离碳正离子  |  SNi 与 SN1 的本质区别是什么？  | 
 |  忽略 SOCl₂ 的毒性  |  不了解试剂性质  |  SOCl₂ 易亲核，毒性强，需通风橱操作  |  SOCl₂ 与 DMSO 的毒性差异原因？  | 
 |  认为 3° 醇也可用 SOCl₂ 顺利氯代  |  未考虑消除竞争  |  3° 醇位阻大，碳正离子稳定，易消除  |  3° 醇用 SOCl₂ 的主要产物是什么？  | 
 |  把 S=O 当作普通双键  |  未理解极性本质  |  S=O 是 S⁺-O⁻ 极性键，硫高度缺电子  |  SOCl₂ 中硫为何容易被亲核？  | 

---","有机化学 具体反应 SOCl₂氯化 rc_30d 化竞 亲核取代 SN2 SNi","Chem::Core","[[SOCl₂氯化]]","30d","易错点卡","SOCl₂ 氯化：醇与亚硫酰氯（thionyl chloride, SOCl₂）反应，将醇的羟基（-OH）转化为氯原子（-Cl），生成烷基氯化物的反应。"
"什么是sp²杂化？","sp² 杂化是由 1 个 s 轨道和 2 个 p 轨道组合形成的杂化方式，产生 3 个等价的 sp² 杂化轨道，剩余 1 个未杂化的 p 轨道。","有机化学 结构基础 sp²杂化 rc_30d 化竞 杂化 结构理论","Chem::Core","[[sp²杂化]]","30d","概念卡","关键结论：
• sp² 碳呈平面三角形：所有 σ 键在同一平面，键角 120°• π 键是顺反异构的根源：π 键不能自由旋转，使双键两侧基团固定相对位置• p 轨道平行是共轭的前提：共轭要求相邻 sp² 碳的 p 轨道充分平行重叠• sp² C–H 酸性强于 sp³：s 成分 33% > 25%，电负性更大，pKa ~44• 烯丙位（allylic）C–H 特别活泼：因烯丙基自由基/正离子可通过 p-π 共轭稳定"
"sp²杂化 的关键结论有哪些？","• sp² 碳呈平面三角形：所有 σ 键在同一平面，键角 120°• π 键是顺反异构的根源：π 键不能自由旋转，使双键两侧基团固定相对位置• p 轨道平行是共轭的前提：共轭要求相邻 sp² 碳的 p 轨道充分平行重叠• sp² C–H 酸性强于 sp³：s 成分 33% > 25%，电负性更大，pKa ~44• 烯丙位（allylic）C–H 特别活泼：因烯丙基自由基/正离子可通过 p-π 共轭稳定","有机化学 结构基础 sp²杂化 rc_30d 化竞 杂化 结构理论","Chem::Core","[[sp²杂化]]","30d","总结卡","sp² 杂化是由 1 个 s 轨道和 2 个 p 轨道组合形成的杂化方式，产生 3 个等价的 sp² 杂化轨道，剩余 1 个未杂化的 p 轨道。"
"sp²杂化 有哪些常见易错点？","|  错误  |  原因  |  纠正  |  课堂提问  | 
 | :--- | :--- | :--- | :--- | 
 |  ""双键碳是 sp³""  |  混淆单键和双键  |  双键 → sp²（需要 p 轨道形成 π 键） |  乙烯中碳的杂化类型？  | 
 |  ""π 键可以旋转""  |  不了解 π 键的空间特征  |  π 键由 p 轨道侧向重叠形成，旋转会破坏重叠  |  为什么烯烃有顺反异构？  | 
 |  ""苯有单键和双键交替""  |  误解 Kekulé 式  |  苯中所有 C–C 键完全等同，是离域大 π 键  |  苯中 C–C 键长是多少？  |","有机化学 结构基础 sp²杂化 rc_30d 化竞 杂化 结构理论","Chem::Core","[[sp²杂化]]","30d","易错点卡","sp² 杂化是由 1 个 s 轨道和 2 个 p 轨道组合形成的杂化方式，产生 3 个等价的 sp² 杂化轨道，剩余 1 个未杂化的 p 轨道。"
"什么是sp³杂化？","sp³ 杂化是由 1 个 s 轨道和 3 个 p 轨道组合形成的杂化方式，产生 4 个等价的 sp³ 杂化轨道。","有机化学 结构基础 sp³杂化 rc_30d 化竞 杂化 结构理论","Chem::Core","[[sp³杂化]]","30d","概念卡","关键结论：
• sp³ 碳是饱和碳：只形成单键（C–C, C–H, C–X, C–O, C–N 等）• 正四面体构型是有机分子的基本骨架单元：烷烃、醇、胺、卤代烃等的核心碳骨架• C–C 单键可自由旋转：产生构象异构（如乙烷的交叉式/重叠式）• sp³ C–H 键极性最低：s 成分最少（25%），电负性最低，pKa ~50（最难去质子化）• 杂原子（N, O）也常用 sp³ 杂化：用于解释氨的三角锥形和水的 V 形"
"sp³杂化 的关键结论有哪些？","• sp³ 碳是饱和碳：只形成单键（C–C, C–H, C–X, C–O, C–N 等）• 正四面体构型是有机分子的基本骨架单元：烷烃、醇、胺、卤代烃等的核心碳骨架• C–C 单键可自由旋转：产生构象异构（如乙烷的交叉式/重叠式）• sp³ C–H 键极性最低：s 成分最少（25%），电负性最低，pKa ~50（最难去质子化）• 杂原子（N, O）也常用 sp³ 杂化：用于解释氨的三角锥形和水的 V 形","有机化学 结构基础 sp³杂化 rc_30d 化竞 杂化 结构理论","Chem::Core","[[sp³杂化]]","30d","总结卡","sp³ 杂化是由 1 个 s 轨道和 3 个 p 轨道组合形成的杂化方式，产生 4 个等价的 sp³ 杂化轨道。"
"sp³杂化 有哪些常见易错点？","|  错误  |  原因  |  纠正  |  课堂提问  | 
 | :--- | :--- | :--- | :--- | 
 |  ""所有 4 配位碳都是 sp³""  |  忽略双键/三键情况  |  4 配位但含双键 → sp²；含三键 → sp  |  羰基碳是 sp³ 吗？  | 
 |  ""sp³ 键角一定是 109.5°""  |  忽略环张力和孤对效应  |  环丙烷 ~60°（严重偏离）；NH₃ ~107°（孤对压缩） |  环丙烷的键角是多少？为什么？  | 
 |  ""s 成分越高键越长""  |  颠倒规律  |  s 成分越高，轨道越靠近核 → 键越短  |  sp³/sp²/sp 的 C–H 键长排序？  |","有机化学 结构基础 sp³杂化 rc_30d 化竞 杂化 结构理论","Chem::Core","[[sp³杂化]]","30d","易错点卡","sp³ 杂化是由 1 个 s 轨道和 3 个 p 轨道组合形成的杂化方式，产生 4 个等价的 sp³ 杂化轨道。"
"什么是sp杂化？","sp 杂化是由 1 个 s 轨道和 1 个 p 轨道线性组合形成的杂化方式，产生 2 个等价的 sp 杂化轨道，剩余 2 个未杂化的 p 轨道。","有机化学 结构基础 sp杂化 rc_30d 化竞 杂化 结构理论","Chem::Core","[[sp杂化]]","30d","概念卡","关键结论：
• sp 杂化碳呈直线形：所有与之直接相连的原子共线• C≡C 三键 = 1σ + 2π：π 键电子云呈圆柱形分布在 σ 键周围• sp 碳的电负性最大：s 成分 50% 使轨道更靠近核，吸电子能力最强• 两个 π 键互相垂直：限制了相邻基团的旋转自由度• 累积双键的中心碳为 sp 杂化：如丙二烯 H₂C=C=CH₂（中心碳 sp，两端 sp²）"
"sp杂化 的关键结论有哪些？","• sp 杂化碳呈直线形：所有与之直接相连的原子共线• C≡C 三键 = 1σ + 2π：π 键电子云呈圆柱形分布在 σ 键周围• sp 碳的电负性最大：s 成分 50% 使轨道更靠近核，吸电子能力最强• 两个 π 键互相垂直：限制了相邻基团的旋转自由度• 累积双键的中心碳为 sp 杂化：如丙二烯 H₂C=C=CH₂（中心碳 sp，两端 sp²）","有机化学 结构基础 sp杂化 rc_30d 化竞 杂化 结构理论","Chem::Core","[[sp杂化]]","30d","总结卡","sp 杂化是由 1 个 s 轨道和 1 个 p 轨道线性组合形成的杂化方式，产生 2 个等价的 sp 杂化轨道，剩余 2 个未杂化的 p 轨道。"
"sp杂化 有哪些常见易错点？","|  错误  |  原因  |  纠正  |  课堂提问  | 
 | :--- | :--- | :--- | :--- | 
 |  ""CO₂ 中 O 是 sp²""  |  误判氧的杂化  |  CO₂ 中 O 用 2 个 σ 键 + 2 对孤对电子，可按不等性 sp 理解  |  CO₂ 中碳和氧的杂化类型？  | 
 |  ""三键碳是 sp²""  |  混淆双键和三键  |  双键 → sp²（1 个 π）；三键 → sp（2 个 π） |  为什么三键碳不是 sp²？  | 
 |  ""sp 碳的酸性弱""  |  忽略 s 成分影响  |  s 成分越高，电负性越大，C–H 酸性越强  |  sp³/sp²/sp 的 C–H 酸性排序？  |","有机化学 结构基础 sp杂化 rc_30d 化竞 杂化 结构理论","Chem::Core","[[sp杂化]]","30d","易错点卡","sp 杂化是由 1 个 s 轨道和 1 个 p 轨道线性组合形成的杂化方式，产生 2 个等价的 sp 杂化轨道，剩余 2 个未杂化的 p 轨道。"
"什么是Stille偶联？","Stille 偶联：在 Pd(0) 催化剂存在下，有机锡试剂与有机卤代物（或三氟甲磺酸酯）发生交叉偶联，生成新的 C–C 键的反应。","有机化学 过渡金属催化 Stille偶联 rc_30d 化竞 有机锡偶联 钯催化","Chem::Core","[[Stille偶联]]","30d","概念卡","关键结论：
• Stille = 有机锡 + 卤代物 → 交叉偶联
• 最温和、官能团耐受性最好
• 不需要碱，不需要严格无水
• 有机锡剧毒——安全问题是主要限制
• 反应速率不如 Negishi

---"
"Stille偶联 的关键结论有哪些？","• Stille = 有机锡 + 卤代物 → 交叉偶联
• 最温和、官能团耐受性最好
• 不需要碱，不需要严格无水
• 有机锡剧毒——安全问题是主要限制
• 反应速率不如 Negishi

---","有机化学 过渡金属催化 Stille偶联 rc_30d 化竞 有机锡偶联 钯催化","Chem::Core","[[Stille偶联]]","30d","总结卡","Stille 偶联：在 Pd(0) 催化剂存在下，有机锡试剂与有机卤代物（或三氟甲磺酸酯）发生交叉偶联，生成新的 C–C 键的反应。"
"Stille偶联 有哪些常见易错点？","• ❌ Stille 需要碱 → Stille 不需要碱
• ❌ Stille 无毒 → 有机锡剧毒
• ❌ Stille 反应最快 → Stille 反应速率不如 Negishi

---","有机化学 过渡金属催化 Stille偶联 rc_30d 化竞 有机锡偶联 钯催化","Chem::Core","[[Stille偶联]]","30d","易错点卡","Stille 偶联：在 Pd(0) 催化剂存在下，有机锡试剂与有机卤代物（或三氟甲磺酸酯）发生交叉偶联，生成新的 C–C 键的反应。"
"什么是UV-Vis光谱？","UV-Vis 光谱（紫外-可见光谱）：利用分子对紫外光（200–400 nm）和可见光（400–800 nm）的吸收，测定有机分子中电子跃迁特征的波谱技术。主要用于判断共轭体系的大小和发色团的类型。","有机化学 有机波谱分析 UV-Vis光谱 rc_30d 化竞 波谱分析 UV-Vis 紫外光谱","Chem::Core","[[UV-Vis光谱]]","30d","概念卡","关键结论：
• UV-Vis 看共轭，不看官能团——不能确定具体是什么官能团，只能判断共轭体系大小
• 共轭越长，λmax 越大——是 UV-Vis 最核心的定性规律
• Woodward-Fieser 规则是验证工具——用于验证结构，不是从头预测
• *n→π 弱吸收，π→π 强吸收——羰基化合物的 n→π 峰通常很弱（ε < 100）
• 溶剂极性影响：π→π 红移，n→π 蓝移

---"
"UV-Vis光谱 的关键结论有哪些？","• UV-Vis 看共轭，不看官能团——不能确定具体是什么官能团，只能判断共轭体系大小
• 共轭越长，λmax 越大——是 UV-Vis 最核心的定性规律
• Woodward-Fieser 规则是验证工具——用于验证结构，不是从头预测
• *n→π 弱吸收，π→π 强吸收——羰基化合物的 n→π 峰通常很弱（ε < 100）
• 溶剂极性影响：π→π 红移，n→π 蓝移

---","有机化学 有机波谱分析 UV-Vis光谱 rc_30d 化竞 波谱分析 UV-Vis 紫外光谱","Chem::Core","[[UV-Vis光谱]]","30d","总结卡","UV-Vis 光谱（紫外-可见光谱）：利用分子对紫外光（200–400 nm）和可见光（400–800 nm）的吸收，测定有机分子中电子跃迁特征的波谱技术。主要用于判断共轭体系的大小和发色团的类型。"
"UV-Vis光谱 有哪些常见易错点？","• ❌ UV-Vis 用来确定官能团 → UV-Vis 只反映共轭体系大小，不能确定具体官能团（IR 和 NMR 才能）
• ❌ Woodward-Fieser 规则适用于所有化合物 → 只适用于共轭二烯/三烯
• ❌ *把 n→π 的弱吸收忽略* → n→π 虽然弱（ε < 100），但位置特征（270–300 nm）
• ❌ 溶剂效应记反 → π→π 红移，n→π 蓝移
• ❌ 孤立双键在常规 UV 区有强吸收 → 孤立 C=C 的 π→π* 在 ~170 nm，远紫外区，常规仪器测不到

---","有机化学 有机波谱分析 UV-Vis光谱 rc_30d 化竞 波谱分析 UV-Vis 紫外光谱","Chem::Core","[[UV-Vis光谱]]","30d","易错点卡","UV-Vis 光谱（紫外-可见光谱）：利用分子对紫外光（200–400 nm）和可见光（400–800 nm）的吸收，测定有机分子中电子跃迁特征的波谱技术。主要用于判断共轭体系的大小和发色团的类型。"
"什么是Wagner-Meerwein重排？","Wagner-Meerwein 重排：包含 H 或烷基迁移的碳正离子重排反应，通过 1,2-迁移生成更稳定的碳正离子。","有机化学 重排反应 Wagner-Meerwein重排 rc_30d 化竞 碳正离子重排 1,2-迁移","Chem::Core","[[Wagner-Meerwein重排]]","30d","概念卡","关键结论：
• W-M 重排的驱动力是碳正离子稳定性——伯 → 仲 → 叔• 迁移基团：H > 烷基（通常）——负氢迁移比烷基迁移更快• 1,2-迁移中迁移基团保持立体化学• W-M 重排是可逆平衡——可被产物拉动• 新戊基重排是经典案例——甲基迁移，伯 → 叔"
"Wagner-Meerwein重排 的关键结论有哪些？","• W-M 重排的驱动力是碳正离子稳定性——伯 → 仲 → 叔• 迁移基团：H > 烷基（通常）——负氢迁移比烷基迁移更快• 1,2-迁移中迁移基团保持立体化学• W-M 重排是可逆平衡——可被产物拉动• 新戊基重排是经典案例——甲基迁移，伯 → 叔","有机化学 重排反应 Wagner-Meerwein重排 rc_30d 化竞 碳正离子重排 1,2-迁移","Chem::Core","[[Wagner-Meerwein重排]]","30d","总结卡","Wagner-Meerwein 重排：包含 H 或烷基迁移的碳正离子重排反应，通过 1,2-迁移生成更稳定的碳正离子。"
"Wagner-Meerwein重排 有哪些常见易错点？","• ❌ 忽略 W-M 重排的可逆性 → 是平衡，可被产物拉动• ❌ 认为所有碳正离子都重排 → 需要产物更稳定才发生• ❌ 混淆 1,2-和 1,3-迁移 → W-M 是 1,2-迁移• ❌ 忽略立体化学保持 → 迁移基团构型保持","有机化学 重排反应 Wagner-Meerwein重排 rc_30d 化竞 碳正离子重排 1,2-迁移","Chem::Core","[[Wagner-Meerwein重排]]","30d","易错点卡","Wagner-Meerwein 重排：包含 H 或烷基迁移的碳正离子重排反应，通过 1,2-迁移生成更稳定的碳正离子。"
"什么是Walden翻转？","Walden翻转（Walden Inversion）：在 SN2 反应中，亲核试剂从离去基团的背面进攻中心碳原子，导致手性中心的构型发生完全翻转的现象。","有机化学 亲核取代 Walden翻转 rc_30d 化竞 SN2 立体化学","Chem::Core","[[Walden翻转]]","30d","概念卡",""
"什么是Wharton碎片化反应？","碎片化（Fragmentation）：通过 C-C 键断裂将分子切为碎片的反应。","有机化学 有机合成方法论 Wharton碎片化反应 rc_30d 化竞 决赛 碎片化反应 中环合成 立体电子效应","Chem::Core","[[Wharton碎片化反应]]","30d","概念卡",""
"什么是Woodward反应？","Woodward 反应：烯烃在 I₂ / AgOAc / H₂O 条件下发生的顺式双羟化反应，产物为顺式邻二醇（syn-diol）。","有机化学 氧化反应 Woodward反应 rc_30d 化竞 双羟化 顺式加成","Chem::Core","[[Woodward反应]]","30d","概念卡","关键结论：
• Woodward 反应 = 顺式双羟化（syn）• Prevost 反应 = 反式双羟化（anti）• 两者都经历碘鎓离子中间体• 水的有无决定立体化学——微量条件变化即可翻转结果• 这是 ABOC ""平衡思维""的经典案例"
"Woodward反应 的关键结论有哪些？","• Woodward 反应 = 顺式双羟化（syn）• Prevost 反应 = 反式双羟化（anti）• 两者都经历碘鎓离子中间体• 水的有无决定立体化学——微量条件变化即可翻转结果• 这是 ABOC ""平衡思维""的经典案例","有机化学 氧化反应 Woodward反应 rc_30d 化竞 双羟化 顺式加成","Chem::Core","[[Woodward反应]]","30d","总结卡","Woodward 反应：烯烃在 I₂ / AgOAc / H₂O 条件下发生的顺式双羟化反应，产物为顺式邻二醇（syn-diol）。"
"Woodward反应 有哪些常见易错点？","• ❌ 混淆 Woodward 和 Prevost 的条件 → Woodward 有水 = syn；Prevost 无水 = anti• ❌ 认为 Woodward 是反式 → Woodward 是 syn• ❌ 忽略水的关键作用 → 水的存在使中间体不可逆，从而改变立体化学• ❌ 与环氧开环混淆 → 环氧开环得 trans-二醇，Woodward 得 syn-二醇","有机化学 氧化反应 Woodward反应 rc_30d 化竞 双羟化 顺式加成","Chem::Core","[[Woodward反应]]","30d","易错点卡","Woodward 反应：烯烃在 I₂ / AgOAc / H₂O 条件下发生的顺式双羟化反应，产物为顺式邻二醇（syn-diol）。"
"什么是Wurtz偶联？","Wurtz 偶联反应：卤代烷（RX）与金属钠（Na）反应，通过单电子转移（SET）机理生成对称烷烃（R-R）的反应。","有机化学 金属有机化学 Wurtz偶联 rc_30d 化竞 偶联反应 单电子转移","Chem::Core","[[Wurtz偶联]]","30d","概念卡","关键结论：
• Wurtz 偶联 = 单电子转移 + 自由基偶联
• 只适用于对称烷烃的合成——交叉偶联产物复杂
• 伯卤代烷最优——仲、叔卤代烷易发生消除副反应
• 无水无氧是必须的——Na 对水氧极其敏感
• Wurtz-Fittig 是交叉偶联的改良版——芳基 + 烷基，交叉产物比例较高

---"
"Wurtz偶联 的关键结论有哪些？","• Wurtz 偶联 = 单电子转移 + 自由基偶联
• 只适用于对称烷烃的合成——交叉偶联产物复杂
• 伯卤代烷最优——仲、叔卤代烷易发生消除副反应
• 无水无氧是必须的——Na 对水氧极其敏感
• Wurtz-Fittig 是交叉偶联的改良版——芳基 + 烷基，交叉产物比例较高

---","有机化学 金属有机化学 Wurtz偶联 rc_30d 化竞 偶联反应 单电子转移","Chem::Core","[[Wurtz偶联]]","30d","总结卡","Wurtz 偶联反应：卤代烷（RX）与金属钠（Na）反应，通过单电子转移（SET）机理生成对称烷烃（R-R）的反应。"
"Wurtz偶联 有哪些常见易错点？","• ❌ 用叔卤代烷做 Wurtz → 主要发生消除，偶联产率极低
• ❌ 交叉 Wurtz 期望单一产物 → 必然三种产物混合物
• ❌ 忽略无水条件 → Na 遇水爆炸性反应
• ❌ 混淆 Wurtz 和格氏试剂 → Na 偶联，Mg 插入

---","有机化学 金属有机化学 Wurtz偶联 rc_30d 化竞 偶联反应 单电子转移","Chem::Core","[[Wurtz偶联]]","30d","易错点卡","Wurtz 偶联反应：卤代烷（RX）与金属钠（Na）反应，通过单电子转移（SET）机理生成对称烷烃（R-R）的反应。"
"什么是Zaitsev规则？","**","有机化学 消除反应 Zaitsev规则 rc_30d 化竞 区域选择性","Chem::Core","[[Zaitsev规则]]","30d","概念卡",""
"什么是Zincke反应？","**","有机化学 杂环化合物 Zincke反应 rc_30d 化竞 吡啶盐 胺交换","Chem::Core","[[Zincke反应]]","30d","概念卡","关键结论：
• **"
"Zincke反应 的关键结论有哪些？","• **","有机化学 杂环化合物 Zincke反应 rc_30d 化竞 吡啶盐 胺交换","Chem::Core","[[Zincke反应]]","30d","总结卡","**"
"Zincke反应 有哪些常见易错点？","• [待补充]","有机化学 杂环化合物 Zincke反应 rc_30d 化竞 吡啶盐 胺交换","Chem::Core","[[Zincke反应]]","30d","易错点卡","**"
"什么是¹H NMR？","¹H NMR（核磁共振氢谱）：利用氢原子核（¹H）在磁场中的自旋能级跃迁，测定有机分子中氢原子的化学环境、相对数量和相邻氢原子间的相互作用，从而推断分子结构的波谱技术。","有机化学 有机波谱分析 ¹H_NMR rc_30d 化竞 波谱分析 NMR","Chem::Core","[[¹H NMR]]","30d","概念卡","关键结论：
• 结构推求三步法：分子式 → 不饱和度 → ¹H NMR（δ + 积分 + 裂分）→ 拼接结构
• 醛基质子 δ 9–10 是 ¹H NMR 中最特征的单峰之一
• 芳香质子 δ 6.5–8.5 与烯烃质子 δ 4.5–6.5 不重叠，可区分
• n+1 规则的前提是相邻质子磁等价——手性中心邻位 CH₂ 不满足此条件
• 偶合常数 J 是立体化学的指纹：trans-烯烃 J > cis-烯烃 J

---"
"¹H NMR 的关键结论有哪些？","• 结构推求三步法：分子式 → 不饱和度 → ¹H NMR（δ + 积分 + 裂分）→ 拼接结构
• 醛基质子 δ 9–10 是 ¹H NMR 中最特征的单峰之一
• 芳香质子 δ 6.5–8.5 与烯烃质子 δ 4.5–6.5 不重叠，可区分
• n+1 规则的前提是相邻质子磁等价——手性中心邻位 CH₂ 不满足此条件
• 偶合常数 J 是立体化学的指纹：trans-烯烃 J > cis-烯烃 J

---","有机化学 有机波谱分析 ¹H_NMR rc_30d 化竞 波谱分析 NMR","Chem::Core","[[¹H NMR]]","30d","总结卡","¹H NMR（核磁共振氢谱）：利用氢原子核（¹H）在磁场中的自旋能级跃迁，测定有机分子中氢原子的化学环境、相对数量和相邻氢原子间的相互作用，从而推断分子结构的波谱技术。"
"¹H NMR 有哪些常见易错点？","• ❌ 忽略积分面积 → 积分比直接对应氢数比，是结构拼接的关键约束
• ❌ 对活泼氢的宽峰视而不见 → –OH、–NH₂ 常显示为宽峰或""消失""，不要忽略
• ❌ 磁不等价 CH₂ 强行用 n+1 规则 → 手性中心邻位 CH₂ 是 AB 体系
• ❌ 把溶剂峰当样品峰 → CDCl₃ 在 δ 7.26 有残余峰
• ❌ 混淆 δ 和 ppm → δ 本身就是 ppm，单位不写或写 Hz 都是错的

---","有机化学 有机波谱分析 ¹H_NMR rc_30d 化竞 波谱分析 NMR","Chem::Core","[[¹H NMR]]","30d","易错点卡","¹H NMR（核磁共振氢谱）：利用氢原子核（¹H）在磁场中的自旋能级跃迁，测定有机分子中氢原子的化学环境、相对数量和相邻氢原子间的相互作用，从而推断分子结构的波谱技术。"
"什么是α效应？","α 效应（α-effect）：当一个亲核体的亲核中心原子的 α 位（直接相邻原子）也带有孤对电子或非键电子对时，该亲核体的亲核性显著增强（实验观察通常 10-10⁵ 倍），称为 α 效应。","有机化学 立体电子效应 α效应 rc_30d 化竞 亲核反应 给体-受体相互作用","Chem::Core","[[α效应]]","30d","概念卡","关键结论：
4.1 α 效应的两大表现• 构象偏好：含有相邻孤对电子的分子选择邻交叉而非反式共平面构象（例 H₂O₂、NH₂OH、肼 H₂N-NH₂）• 亲核性增强：α 位有孤对电子的亲核体比同电荷数 / 同碱度的""普通""亲核体亲核性强 10-10⁵ 倍

4.2 经典的 α 效应亲核体

 |  亲核体  |  α 位原子（带孤对电子） |  相对亲核性（vs 同碱性参照） | 
 | :--- | :---: | :---: | 
 |  HOO⁻（过氧负离子） |  O  |  ~10⁵ × 比 OH⁻ 强  | 
 |  HOOH（H₂O₂） |  O  |  ~10³ × 比 H₂O 强  | 
 |  H₂NOH（羟胺） |  O  |  ~10² × 比 NH₃ 强  | 
 |  H₂NNH₂（肼） |  N  |  ~10⁴ × 比 NH₃ 强  | 
 |  Cl-O⁻ / Br-O⁻ / I-O⁻  |  O  |  显著强于纯氧负  | 
 |  ⁻ON=O（亚硝基负离子） |  O  |  强  | 

4.3 不显示 α 效应（或较弱）的对照

 |  亲核体  |  为什么不强  | 
 | :--- | :--- | 
 |  H₂O / OH⁻  |  α 位是 H（无孤对电子） | 
 |  NH₃ / NH₂⁻  |  α 位是 H  | 
 |  RO⁻（普通烷氧负） |  α 位是 C（无孤对电子） | 
 |  RS⁻  |  α 位是 C  | 

4.4 顺-反 N₂F₂ 的""看似矛盾""

这是 ABOC §1.2.2 自学练习 1.2.2-2A 的精彩案例。

 |  物种  |  几何  |  热力学稳定性  |  反应活性  | 
 | :--- | :--- | :---: | :---: | 
 |  反式 N₂F₂  |  F-N=N-F 反式  |  较低（lp 反式共平面，α 效应不利） |  较低  | 
 |  顺式 N₂F₂  |  F-N=N-F 顺式  |  较高（lp 邻交叉，规避 α 效应） |  较高  | • 顺式更稳定且反应性更强（违反""稳定 = 不活泼""的简单直觉）• 解释：顺式通过几何调整避开了 α 效应的不稳定项，但孤对电子能量仍然偏高（无法完全归零）→ 高活性保留

4.5 α 效应的应用：合成与催化• HOO⁻ / mCPBA / Oxone：α-O 上的孤对电子使其成为氧化的优秀亲核氧源（Baeyer-Villiger 氧化、烯烃环氧化）• 羟胺 NH₂OH 与肼 H₂NNH₂：是合成中一类特殊的""超亲核胺""，常用于 肟、腙 形成• 次氯酸 HOCl / OCl⁻：α 效应使其在 Lewis 酸催化下成为强亲电氯化剂或氧化剂

4.6 与 ABOC ""给体-受体相互作用""框架的统一

当我们说 α 效应""反向稳定化失效""时，本质是 ABOC §1.4 的：孤对电子-孤对电子相邻位置的反式共平面是给体-受体表中最不利的组合。

与其他给体-受体组合的对比：

 |  组合  |  利弊  |  备注  | 
 | :--- | :--- | :--- | 
 |  n → p（空 p） |  ★ 形成新键（最稳）  |  配位键、p-π 共轭  | 
 |  n → σ\  |  ● 显著稳定  |  端基效应、异头效应  | 
 |  n → π\  |  ● 显著稳定  |  +M 共轭（NH₂、OH 推电子） | 
 |  n → n（α 效应）  |  ✗ 不利（反键升高更多） |  推高孤对电子能量  | 
 |  σ → π\*  |  ● 弱-中  |  超共轭  | 

---"
"α效应 的关键结论有哪些？","4.1 α 效应的两大表现• 构象偏好：含有相邻孤对电子的分子选择邻交叉而非反式共平面构象（例 H₂O₂、NH₂OH、肼 H₂N-NH₂）• 亲核性增强：α 位有孤对电子的亲核体比同电荷数 / 同碱度的""普通""亲核体亲核性强 10-10⁵ 倍

4.2 经典的 α 效应亲核体

 |  亲核体  |  α 位原子（带孤对电子） |  相对亲核性（vs 同碱性参照） | 
 | :--- | :---: | :---: | 
 |  HOO⁻（过氧负离子） |  O  |  ~10⁵ × 比 OH⁻ 强  | 
 |  HOOH（H₂O₂） |  O  |  ~10³ × 比 H₂O 强  | 
 |  H₂NOH（羟胺） |  O  |  ~10² × 比 NH₃ 强  | 
 |  H₂NNH₂（肼） |  N  |  ~10⁴ × 比 NH₃ 强  | 
 |  Cl-O⁻ / Br-O⁻ / I-O⁻  |  O  |  显著强于纯氧负  | 
 |  ⁻ON=O（亚硝基负离子） |  O  |  强  | 

4.3 不显示 α 效应（或较弱）的对照

 |  亲核体  |  为什么不强  | 
 | :--- | :--- | 
 |  H₂O / OH⁻  |  α 位是 H（无孤对电子） | 
 |  NH₃ / NH₂⁻  |  α 位是 H  | 
 |  RO⁻（普通烷氧负） |  α 位是 C（无孤对电子） | 
 |  RS⁻  |  α 位是 C  | 

4.4 顺-反 N₂F₂ 的""看似矛盾""

这是 ABOC §1.2.2 自学练习 1.2.2-2A 的精彩案例。

 |  物种  |  几何  |  热力学稳定性  |  反应活性  | 
 | :--- | :--- | :---: | :---: | 
 |  反式 N₂F₂  |  F-N=N-F 反式  |  较低（lp 反式共平面，α 效应不利） |  较低  | 
 |  顺式 N₂F₂  |  F-N=N-F 顺式  |  较高（lp 邻交叉，规避 α 效应） |  较高  | • 顺式更稳定且反应性更强（违反""稳定 = 不活泼""的简单直觉）• 解释：顺式通过几何调整避开了 α 效应的不稳定项，但孤对电子能量仍然偏高（无法完全归零）→ 高活性保留

4.5 α 效应的应用：合成与催化• HOO⁻ / mCPBA / Oxone：α-O 上的孤对电子使其成为氧化的优秀亲核氧源（Baeyer-Villiger 氧化、烯烃环氧化）• 羟胺 NH₂OH 与肼 H₂NNH₂：是合成中一类特殊的""超亲核胺""，常用于 肟、腙 形成• 次氯酸 HOCl / OCl⁻：α 效应使其在 Lewis 酸催化下成为强亲电氯化剂或氧化剂

4.6 与 ABOC ""给体-受体相互作用""框架的统一

当我们说 α 效应""反向稳定化失效""时，本质是 ABOC §1.4 的：孤对电子-孤对电子相邻位置的反式共平面是给体-受体表中最不利的组合。

与其他给体-受体组合的对比：

 |  组合  |  利弊  |  备注  | 
 | :--- | :--- | :--- | 
 |  n → p（空 p） |  ★ 形成新键（最稳）  |  配位键、p-π 共轭  | 
 |  n → σ\  |  ● 显著稳定  |  端基效应、异头效应  | 
 |  n → π\  |  ● 显著稳定  |  +M 共轭（NH₂、OH 推电子） | 
 |  n → n（α 效应）  |  ✗ 不利（反键升高更多） |  推高孤对电子能量  | 
 |  σ → π\*  |  ● 弱-中  |  超共轭  | 

---","有机化学 立体电子效应 α效应 rc_30d 化竞 亲核反应 给体-受体相互作用","Chem::Core","[[α效应]]","30d","总结卡","α 效应（α-effect）：当一个亲核体的亲核中心原子的 α 位（直接相邻原子）也带有孤对电子或非键电子对时，该亲核体的亲核性显著增强（实验观察通常 10-10⁵ 倍），称为 α 效应。"
"α效应 有哪些常见易错点？","|  错误  |  原因  |  纠正  | 
 | :--- | :--- | :--- | 
 |  把 α 效应理解为""+I 效应""或""诱导效应""  |  中文""邻位""语义混淆  |  α 效应不是诱导——它是邻位 lp-lp 反键轨道上升的结果  | 
 |  忽略邻位原子必须有孤对电子  |  看到""α""就联想""碳""  |  α 位必须有 lp（孤对电子），不是任何 α 取代基  | 
 |  把 α 效应当作""碱性增强"" |  简化思维  |  α 效应特指亲核性增强，碱性不一定增强（HOO⁻ 比 OH⁻ 弱碱） | 
 |  认为 α 效应只在水溶液中出现  |  把它误为溶剂效应  |  α 效应是分子层面的内禀性质，气相 / 有机溶剂中也存在  | 
 |  忽略反式共平面要求  |  觉得""邻位""就一定影响  |  必须满足反式共平面或类似几何，才有显著效应  | 
 |  混淆""α 效应""与""β-硅基效应""  |  都用希腊字母前缀  |  β-Si 是有利（σ→p 超共轭）；α 效应是不利（lp-lp） | 

---","有机化学 立体电子效应 α效应 rc_30d 化竞 亲核反应 给体-受体相互作用","Chem::Core","[[α效应]]","30d","易错点卡","α 效应（α-effect）：当一个亲核体的亲核中心原子的 α 位（直接相邻原子）也带有孤对电子或非键电子对时，该亲核体的亲核性显著增强（实验观察通常 10-10⁵ 倍），称为 α 效应。"
"什么是β-硅基效应？","β-硅基效应（β-silicon effect）：当 Si 原子位于碳正离子的 β 位（隔正电荷一个 sp³ 碳）时，C–Si 的 σ 键与正电荷碳的空 p 轨道发生反式共平面的超共轭离域，强烈稳定该碳正离子。","有机化学 立体电子效应 β-硅基效应 rc_30d 化竞 超共轭 碳正离子稳定性","Chem::Core","[[β-硅基效应]]","30d","概念卡","关键结论：
4.1 β-硅基效应的两大表现• 稳定 β 位碳正离子：使一级、二级（甚至难以观测的伯）碳正离子也可作为可观测的中间体出现• 促进烯烃生成：β-硅基离去（伴随消除）几乎不可逆——驱动力来自 Si–O 或 Si–F 键形成

4.2 β-硅 vs α-硅：完全相反的效应

 |  位置  |  行为  |  原因  | 
 | :---: | :--- | :--- | 
 |  β-Si  |  稳定碳正离子  |  σ(C-Si) → p(C⁺) 超共轭  | 
 |  α-Si（Si 直接连在正电荷碳） |  去稳定  |  Si 电正性，承担正电荷不利；但驱动 Brook重排  | 

Grossman 规则（Grossman规则）补充：判断 β-Si 时，先标好碳正离子位，再隔一根键找 Si。

4.3 在合成中的两类典型应用

A. Sakurai-Hosomi 类反应（详见 Sakurai烯丙基化）

烯丙基硅烷 R₃Si-CH₂-CH=CH₂ 与亲电体反应生成""烯丙基迁移""产物：

\mathrm{R_3Si\!-\!CH_2\!-\!CH\!=\!CH_2 + R'CHO} \;\xrightarrow{\mathrm{Lewis\;acid}}\; \mathrm{R'\!-\!CH(OH)\!-\!CH_2\!-\!CH\!=\!CH_2 + R_3SiX}

机理：亲电进攻 → β-Si 稳定的碳正离子 → β-Si 离去（1,3-烯丙基迁移：双键位置发生改变）

B. β-硅烷溶剂解（""难得的伯碳正离子""模型）

β-Me₃Si-CH₂-CH₂-OBs 在水/醇中溶剂解：→ 生成乙烯 + Me₃SiOH，是研究伯碳正离子机理的经典探针。

4.4 与 ABOC ""给体-受体相互作用""框架的统一

ABOC 教材将 β-硅基效应归为 给体-受体相互作用 §4.5 的最强典型案例：• 给体 = σ(C-Si)（最强 σ 给体之一）• 受体 = p(C⁺)（最强受体）• 几何 = β 位 → 自动满足反式共平面• 综合效应 ≈ 甲醛正离子级别（亚胺正离子稳定化）

---"
"β-硅基效应 的关键结论有哪些？","4.1 β-硅基效应的两大表现• 稳定 β 位碳正离子：使一级、二级（甚至难以观测的伯）碳正离子也可作为可观测的中间体出现• 促进烯烃生成：β-硅基离去（伴随消除）几乎不可逆——驱动力来自 Si–O 或 Si–F 键形成

4.2 β-硅 vs α-硅：完全相反的效应

 |  位置  |  行为  |  原因  | 
 | :---: | :--- | :--- | 
 |  β-Si  |  稳定碳正离子  |  σ(C-Si) → p(C⁺) 超共轭  | 
 |  α-Si（Si 直接连在正电荷碳） |  去稳定  |  Si 电正性，承担正电荷不利；但驱动 Brook重排  | 

Grossman 规则（Grossman规则）补充：判断 β-Si 时，先标好碳正离子位，再隔一根键找 Si。

4.3 在合成中的两类典型应用

A. Sakurai-Hosomi 类反应（详见 Sakurai烯丙基化）

烯丙基硅烷 R₃Si-CH₂-CH=CH₂ 与亲电体反应生成""烯丙基迁移""产物：

\mathrm{R_3Si\!-\!CH_2\!-\!CH\!=\!CH_2 + R'CHO} \;\xrightarrow{\mathrm{Lewis\;acid}}\; \mathrm{R'\!-\!CH(OH)\!-\!CH_2\!-\!CH\!=\!CH_2 + R_3SiX}

机理：亲电进攻 → β-Si 稳定的碳正离子 → β-Si 离去（1,3-烯丙基迁移：双键位置发生改变）

B. β-硅烷溶剂解（""难得的伯碳正离子""模型）

β-Me₃Si-CH₂-CH₂-OBs 在水/醇中溶剂解：→ 生成乙烯 + Me₃SiOH，是研究伯碳正离子机理的经典探针。

4.4 与 ABOC ""给体-受体相互作用""框架的统一

ABOC 教材将 β-硅基效应归为 给体-受体相互作用 §4.5 的最强典型案例：• 给体 = σ(C-Si)（最强 σ 给体之一）• 受体 = p(C⁺)（最强受体）• 几何 = β 位 → 自动满足反式共平面• 综合效应 ≈ 甲醛正离子级别（亚胺正离子稳定化）

---","有机化学 立体电子效应 β-硅基效应 rc_30d 化竞 超共轭 碳正离子稳定性","Chem::Core","[[β-硅基效应]]","30d","总结卡","β-硅基效应（β-silicon effect）：当 Si 原子位于碳正离子的 β 位（隔正电荷一个 sp³ 碳）时，C–Si 的 σ 键与正电荷碳的空 p 轨道发生反式共平面的超共轭离域，强烈稳定该碳正离子。"
"β-硅基效应 有哪些常见易错点？","|  错误  |  原因  |  纠正  | 
 | :--- | :--- | :--- | 
 |  把 β-Si 误以为是 α-Si  |  计数 β 位的方法不熟  |  ""Si 离正电荷一个键长"" = β 位；直接连 = α  | 
 |  用普通 SN1/E1 判断速率  |  忘记 β-Si 巨大加速作用  |  看到 β-Si 优先估算反式共平面是否满足  | 
 |  忘记反式共平面要求  |  觉得""超共轭都能加速""  |  必须二面角接近 180°——构象不对加速可能消失  | 
 |  把 β-硅基效应等同于普通超共轭  |  不知道倍数差距  |  β-Si 比 β-H 强 100 倍以上；驱动力主要来自 Si-X 键形成  | 
 |  写产物时漏掉 1,3-迁移  |  烯丙基硅烷反应反映的""双键位移""  |  Hosomi-Sakurai 产物中双键位置 ≠ 起始位置，要带 1,3-烯丙基迁移  | 
 |  错把 β-Si 用于环外 sp² 体系  |  只在 sp³ 邻 sp³（或 sp² 旁 sp³）有效  |  苯基直接与 Si 不形成 β-Si 体系  | 

---","有机化学 立体电子效应 β-硅基效应 rc_30d 化竞 超共轭 碳正离子稳定性","Chem::Core","[[β-硅基效应]]","30d","易错点卡","β-硅基效应（β-silicon effect）：当 Si 原子位于碳正离子的 β 位（隔正电荷一个 sp³ 碳）时，C–Si 的 σ 键与正电荷碳的空 p 轨道发生反式共平面的超共轭离域，强烈稳定该碳正离子。"
"什么是σ络合物？","σ络合物（sigma complex），又称 Wheland 中间体，是芳香亲电取代反应（SEAr）中生成的带正电荷的中间体。其本质是：芳环的芳香π体系被破坏，其中一个环碳由 sp² 变为 sp³，与亲电试剂形成 σ 键，正电荷离域在环上。","有机化学 基础要求-有机化学 反应机理 σ络合物 rc_30d 化竞 芳香亲电取代 中间体","Chem::Core","[[σ络合物]]","30d","概念卡","关键结论：
4.1 定位规则的本质 = σ 络合物稳定性

 |  取代基类型  |  对 σ 络合物的影响  |  定位  | 
 | :--- | :--- | :---: | 
 |  给电子基（EDG）  |  稳定邻/对位 σ 络合物（正电荷落在含 EDG 的碳上）  |  邻/对位  | 
 |  吸电子基（EWG）  |  稳定间位 σ 络合物（正电荷避开含 EWG 的碳）  |  间位  | 
 |  卤素  |  诱导吸电子 + 共轭给电子：稳定邻/对位但钝化环  |  邻/对位  | 

4.2 活性与 σ 络合物的关系• 活化基：使 σ 络合物能量显著降低 → 反应加速• 钝化基：使 σ 络合物能量升高 → 反应变慢• 决速步是 σ 络合物的形成，因此任何影响 σ 络合物稳定性的因素都直接影响反应速率"
"σ络合物 的关键结论有哪些？","4.1 定位规则的本质 = σ 络合物稳定性

 |  取代基类型  |  对 σ 络合物的影响  |  定位  | 
 | :--- | :--- | :---: | 
 |  给电子基（EDG）  |  稳定邻/对位 σ 络合物（正电荷落在含 EDG 的碳上）  |  邻/对位  | 
 |  吸电子基（EWG）  |  稳定间位 σ 络合物（正电荷避开含 EWG 的碳）  |  间位  | 
 |  卤素  |  诱导吸电子 + 共轭给电子：稳定邻/对位但钝化环  |  邻/对位  | 

4.2 活性与 σ 络合物的关系• 活化基：使 σ 络合物能量显著降低 → 反应加速• 钝化基：使 σ 络合物能量升高 → 反应变慢• 决速步是 σ 络合物的形成，因此任何影响 σ 络合物稳定性的因素都直接影响反应速率","有机化学 基础要求-有机化学 反应机理 σ络合物 rc_30d 化竞 芳香亲电取代 中间体","Chem::Core","[[σ络合物]]","30d","总结卡","σ络合物（sigma complex），又称 Wheland 中间体，是芳香亲电取代反应（SEAr）中生成的带正电荷的中间体。其本质是：芳环的芳香π体系被破坏，其中一个环碳由 sp² 变为 sp³，与亲电试剂形成 σ 键，正电荷离域在环上。"
"σ络合物 有哪些常见易错点？","• 画 σ 络合物时忘记标正电荷• 把 σ 络合物画成环己二烯（漏掉 E 和 H）• 误以为吸电子基也稳定邻/对位（实际上是稳定间位）• 混淆 σ 络合物与 π 络合物：π 络合物没有破坏芳香性，不是中间体只是前复合物","有机化学 基础要求-有机化学 反应机理 σ络合物 rc_30d 化竞 芳香亲电取代 中间体","Chem::Core","[[σ络合物]]","30d","易错点卡","σ络合物（sigma complex），又称 Wheland 中间体，是芳香亲电取代反应（SEAr）中生成的带正电荷的中间体。其本质是：芳环的芳香π体系被破坏，其中一个环碳由 sp² 变为 sp³，与亲电试剂形成 σ 键，正电荷离域在环上。"
"什么是σ迁移反应？","σ 迁移反应（Sigmatropic Rearrangement）：一个 σ 键 迁移到共轭 π 体系的新位置，同时 π 体系发生重组的协同周环反应。","有机化学 周环反应 σ迁移反应 rc_30d 化竞 西格玛迁移 [1,n]-迁移","Chem::Core","[[σ迁移反应]]","30d","概念卡","关键结论：
• σ 迁移 = σ 键在 π 体系中迁移• [1,5]-H 迁移热允许——六元环过渡态，六电子• [3,3]-σ 迁移热允许——Cope 和 Claisen 的核心• [1,3]-C 迁移通常禁阻（除非构型翻转）• m+n = 4n+2 → 同面-同面热允许；m+n = 4n → 同面-异面热允许• 立体化学由过渡态构象决定——椅式优先

---"
"σ迁移反应 的关键结论有哪些？","• σ 迁移 = σ 键在 π 体系中迁移• [1,5]-H 迁移热允许——六元环过渡态，六电子• [3,3]-σ 迁移热允许——Cope 和 Claisen 的核心• [1,3]-C 迁移通常禁阻（除非构型翻转）• m+n = 4n+2 → 同面-同面热允许；m+n = 4n → 同面-异面热允许• 立体化学由过渡态构象决定——椅式优先

---","有机化学 周环反应 σ迁移反应 rc_30d 化竞 西格玛迁移 [1,n]-迁移","Chem::Core","[[σ迁移反应]]","30d","总结卡","σ 迁移反应（Sigmatropic Rearrangement）：一个 σ 键 迁移到共轭 π 体系的新位置，同时 π 体系发生重组的协同周环反应。"
"σ迁移反应 有哪些常见易错点？","• ❌ [1,3]-H 迁移热允许 → [1,3]-H 迁移热禁阻（四元环过渡态）• ❌ 所有 [3,3]-σ 迁移产物都不同 → 对称底物的 Cope 重排产物相同• ❌ σ 迁移和自由基迁移一样 → σ 迁移是协同周环反应，无中间体• ❌ [1,5]-C 迁移需要构型翻转 → [1,5]-C 迁移保持构型（6e 允许）• ❌ 只记规则不画过渡态 → 必须理解过渡态的轨道重叠

---","有机化学 周环反应 σ迁移反应 rc_30d 化竞 西格玛迁移 [1,n]-迁移","Chem::Core","[[σ迁移反应]]","30d","易错点卡","σ 迁移反应（Sigmatropic Rearrangement）：一个 σ 键 迁移到共轭 π 体系的新位置，同时 π 体系发生重组的协同周环反应。"
"什么是三元环开环？","三元环开环：环丙烷及其衍生物在热、光、亲电试剂或自由基作用下发生 C-C 键断裂，生成链状或较大环状产物的反应。","有机化学 有机反应机理 三元环开环 rc_30d 化竞 三元环 环丙烷 开环","Chem::Core","[[三元环开环]]","30d","概念卡","关键结论：
• 环丙烷 C-C 键具有部分 π 键特征——易受亲电试剂进攻• 开环方向遵循碳正离子稳定性——生成更稳定的碳正离子• 环张力是开环的主要驱动力——释放 ~115 kJ/mol 张力能• 三元环比四元环更容易开环——张力更大，且 Bent 键更活泼• 邻基参与中三元环是常见中间体——硫醚、醚、酯等邻基参与常形成三元环中间体"
"三元环开环 的关键结论有哪些？","• 环丙烷 C-C 键具有部分 π 键特征——易受亲电试剂进攻• 开环方向遵循碳正离子稳定性——生成更稳定的碳正离子• 环张力是开环的主要驱动力——释放 ~115 kJ/mol 张力能• 三元环比四元环更容易开环——张力更大，且 Bent 键更活泼• 邻基参与中三元环是常见中间体——硫醚、醚、酯等邻基参与常形成三元环中间体","有机化学 有机反应机理 三元环开环 rc_30d 化竞 三元环 环丙烷 开环","Chem::Core","[[三元环开环]]","30d","总结卡","三元环开环：环丙烷及其衍生物在热、光、亲电试剂或自由基作用下发生 C-C 键断裂，生成链状或较大环状产物的反应。"
"三元环开环 有哪些常见易错点？","• ❌ 环丙烷与烯烃反应性相同 → 环丙烷对亲电试剂活泼，但对亲核试剂稳定• ❌ 开环方向随机 → 遵循碳正离子稳定性规则• ❌ 忽略环丙基甲基效应 → 环丙基甲基碳正离子特别稳定• ❌ 混淆三元环与四元环活性 → 三元环更活泼","有机化学 有机反应机理 三元环开环 rc_30d 化竞 三元环 环丙烷 开环","Chem::Core","[[三元环开环]]","30d","易错点卡","三元环开环：环丙烷及其衍生物在热、光、亲电试剂或自由基作用下发生 C-C 键断裂，生成链状或较大环状产物的反应。"
"什么是不对称合成？","不对称合成（Asymmetric Synthesis）：利用手性源（手性底物、手性试剂、手性催化剂或手性助剂）使前手性底物转化为富对映体产物的过程。核心目标是控制反应的对映选择性（enantioselectivity），通常用对映体过量（ee, enantiomeric excess）衡量。","有机化学 有机合成 不对称合成 rc_30d 化竞 手性 立体化学","Chem::Core","[[不对称合成]]","30d","概念卡","关键结论：
• 不对称合成的五种策略效率递增：手性池 < 拆分 < 手性助剂 < 手性试剂 < 不对称催化• 手性助剂的核心逻辑：通过临时连接光学纯辅助基团，将对映选择性问题转化为非对映选择性问题• 不对称催化的核心逻辑：手性催化剂或配体创造不对称环境，使前手性底物的两面产生能量差异• CBS还原适用于芳基-烷基酮；空间差异越大，选择性越好• Sharpless AE仅对烯丙醇有效，但极为可靠；Jacobsen环氧化适用于简单烯烃• Sharpless AD几乎适用于所有烯烃，且选择性极高，是合成手性二醇的首选方法• 配体加速催化是不对称反应设计的重要原则——好的不对称反应应满足""有配体快、无配体慢""• 2001年诺贝尔化学奖：Knowles、Noyori、Sharpless，表彰金属催化不对称反应

---"
"不对称合成 的关键结论有哪些？","• 不对称合成的五种策略效率递增：手性池 < 拆分 < 手性助剂 < 手性试剂 < 不对称催化• 手性助剂的核心逻辑：通过临时连接光学纯辅助基团，将对映选择性问题转化为非对映选择性问题• 不对称催化的核心逻辑：手性催化剂或配体创造不对称环境，使前手性底物的两面产生能量差异• CBS还原适用于芳基-烷基酮；空间差异越大，选择性越好• Sharpless AE仅对烯丙醇有效，但极为可靠；Jacobsen环氧化适用于简单烯烃• Sharpless AD几乎适用于所有烯烃，且选择性极高，是合成手性二醇的首选方法• 配体加速催化是不对称反应设计的重要原则——好的不对称反应应满足""有配体快、无配体慢""• 2001年诺贝尔化学奖：Knowles、Noyori、Sharpless，表彰金属催化不对称反应

---","有机化学 有机合成 不对称合成 rc_30d 化竞 手性 立体化学","Chem::Core","[[不对称合成]]","30d","总结卡","不对称合成（Asymmetric Synthesis）：利用手性源（手性底物、手性试剂、手性催化剂或手性助剂）使前手性底物转化为富对映体产物的过程。核心目标是控制反应的对映选择性（enantioselectivity），通常用对映体过量（ee, enantiomeric excess）衡量。"
"不对称合成 有哪些常见易错点？","• 混淆五种策略的适用场景• 错误：认为不对称催化适用于所有情况• 正确：手性池在特定骨架合成中更直接；拆分在需要两种对映体时更有优势• Sharpless AE的底物限制• 错误：认为Sharpless AE对所有烯烃都有效• 正确：仅对烯丙醇有效，这是其最大局限性• 忽略配体加速催化的重要性• 错误：只关注手性配体的立体控制，忽略其对反应速率的加速作用• 正确：好的不对称反应应满足""有配体快、无配体慢""，才能最大化ee值• CBS还原的底物选择• 错误：对所有酮类底物都尝试CBS还原• 正确：CBS对芳基-烷基酮效果最佳，二烷基酮选择性差

---","有机化学 有机合成 不对称合成 rc_30d 化竞 手性 立体化学","Chem::Core","[[不对称合成]]","30d","易错点卡","不对称合成（Asymmetric Synthesis）：利用手性源（手性底物、手性试剂、手性催化剂或手性助剂）使前手性底物转化为富对映体产物的过程。核心目标是控制反应的对映选择性（enantioselectivity），通常用对映体过量（ee, enantiomeric excess）衡量。"
"什么是不对称氢化？","不对称氢化（Asymmetric Hydrogenation）：在手性过渡金属催化剂存在下，前手性烯烃（或酮）与氢气发生对映选择性加成，生成单一对映体（或 enriched 对映体）的反应。","有机化学 过渡金属催化 不对称氢化 rc_30d 化竞 对映选择性 手性催化","Chem::Core","[[不对称氢化]]","30d","概念卡","关键结论：
• 不对称氢化 = H₂ + 前手性底物 → 手性产物• 手性配体控制对映选择性• BINAP 是轴手性配体的代表• ee 值衡量对映选择性• Noyori（Ru）用于酮，Knowles（Rh）用于烯烃• 是绿色、高效的手性合成方法

---"
"不对称氢化 的关键结论有哪些？","• 不对称氢化 = H₂ + 前手性底物 → 手性产物• 手性配体控制对映选择性• BINAP 是轴手性配体的代表• ee 值衡量对映选择性• Noyori（Ru）用于酮，Knowles（Rh）用于烯烃• 是绿色、高效的手性合成方法

---","有机化学 过渡金属催化 不对称氢化 rc_30d 化竞 对映选择性 手性催化","Chem::Core","[[不对称氢化]]","30d","总结卡","不对称氢化（Asymmetric Hydrogenation）：在手性过渡金属催化剂存在下，前手性烯烃（或酮）与氢气发生对映选择性加成，生成单一对映体（或 enriched 对映体）的反应。"
"不对称氢化 有哪些常见易错点？","• ❌ BINAP 是中心手性 → BINAP 是 轴手性• ❌ ee = 95% 意思是产物纯度 95% → ee = 95% 意思是 对映体比例 97.5:2.5• ❌ 不对称氢化不需要高压 → 通常需要 H₂ 压力• ❌ 任何烯烃都能不对称氢化 → 需要 前手性烯烃

---","有机化学 过渡金属催化 不对称氢化 rc_30d 化竞 对映选择性 手性催化","Chem::Core","[[不对称氢化]]","30d","易错点卡","不对称氢化（Asymmetric Hydrogenation）：在手性过渡金属催化剂存在下，前手性烯烃（或酮）与氢气发生对映选择性加成，生成单一对映体（或 enriched 对映体）的反应。"
"什么是中环化合物？","中环化合物（medium ring compounds）通常指含有 8-11 个原子的环状化合物。这类环的大小介于普通环（5-7 元）和大环（>12 元）之间，具有独特的构象特征和反应性，主要源于跨环张力（transannular strain）——环内不相邻原子之间的范德华排斥和键角扭曲。","有机化学 有机结构 中环化合物 rc_30d 化竞 环状化合物 构象 环张力","Chem::Core","[[中环化合物]]","30d","概念卡","关键结论：
• 中环（8-11 元）因跨环张力而具有独特的物理化学性质。• 关环复分解（RCM）是合成中环和大环的最有效方法之一。• Clayden 第38章提到：利用关环复分解构建大环或中环是卡宾化学的合成设计应用之一。• ABOC 第11章（Mutilin 全合成）涉及 5-6-8 稠合骨架，其中八元环的构建是合成难点。"
"中环化合物 的关键结论有哪些？","• 中环（8-11 元）因跨环张力而具有独特的物理化学性质。• 关环复分解（RCM）是合成中环和大环的最有效方法之一。• Clayden 第38章提到：利用关环复分解构建大环或中环是卡宾化学的合成设计应用之一。• ABOC 第11章（Mutilin 全合成）涉及 5-6-8 稠合骨架，其中八元环的构建是合成难点。","有机化学 有机结构 中环化合物 rc_30d 化竞 环状化合物 构象 环张力","Chem::Core","[[中环化合物]]","30d","总结卡","中环化合物（medium ring compounds）通常指含有 8-11 个原子的环状化合物。这类环的大小介于普通环（5-7 元）和大环（>12 元）之间，具有独特的构象特征和反应性，主要源于跨环张力（transannular strain）——环内不相邻原子之间的范德华排斥和键角扭曲。"
"中环化合物 有哪些常见易错点？","• 忽视跨环张力的存在，将中环的构象简单类比为小环或大环。• 在合成设计中未考虑中环的合成难度，直接尝试关环。","有机化学 有机结构 中环化合物 rc_30d 化竞 环状化合物 构象 环张力","Chem::Core","[[中环化合物]]","30d","易错点卡","中环化合物（medium ring compounds）通常指含有 8-11 个原子的环状化合物。这类环的大小介于普通环（5-7 元）和大环（>12 元）之间，具有独特的构象特征和反应性，主要源于跨环张力（transannular strain）——环内不相邻原子之间的范德华排斥和键角扭曲。"
"什么是中间体？","中间体（Intermediate）：在多步反应中，于势能面上处于局部极小值的物种。它具有一定的（短）寿命，可被间接证明（如捕获实验、光谱检测），有时甚至可以分离。","有机化学 机理基础 中间体 rc_30d 化竞 反应机理 活性物种","Chem::Core","[[中间体]]","30d","概念卡","关键结论：
• 中间体 ≠ 过渡态——中间体有寿命，过渡态没有
• 四大经典中间体：碳正、碳负、自由基、卡宾——所有有机反应机理都围绕它们展开
• 证明中间体存在的金标准是捕获实验——""不能捕获的中间体""不等于""不存在""，但""可捕获""是最强证据
• 同位素标记和交叉实验是机理推断的利器——决赛级机理题常考
• 中间体的稳定性决定反应路径——越稳定的中间体，越容易生成，反应越倾向该路径

---"
"中间体 的关键结论有哪些？","• 中间体 ≠ 过渡态——中间体有寿命，过渡态没有
• 四大经典中间体：碳正、碳负、自由基、卡宾——所有有机反应机理都围绕它们展开
• 证明中间体存在的金标准是捕获实验——""不能捕获的中间体""不等于""不存在""，但""可捕获""是最强证据
• 同位素标记和交叉实验是机理推断的利器——决赛级机理题常考
• 中间体的稳定性决定反应路径——越稳定的中间体，越容易生成，反应越倾向该路径

---","有机化学 机理基础 中间体 rc_30d 化竞 反应机理 活性物种","Chem::Core","[[中间体]]","30d","总结卡","中间体（Intermediate）：在多步反应中，于势能面上处于局部极小值的物种。它具有一定的（短）寿命，可被间接证明（如捕获实验、光谱检测），有时甚至可以分离。"
"中间体 有哪些常见易错点？","• ❌ 把过渡态画成中间体 → 过渡态不能用 Lewis 式完整表示，中间体可以
• ❌ 认为所有反应都有中间体 → SN2、E2、协同周环反应没有中间体
• ❌ 认为中间体越稳定就越多 → 还需考虑生成该中间体的活化能
• ❌ 混淆""紧密离子对""和""自由离子"" → 两者都是中间体，但反应性不同
• ❌ 忽略溶剂化对中间体的稳定作用 → 碳正离子在水中 vs 气相稳定性差 100+ kcal/mol
• ❌ 认为中间体不能被证明 → 捕获实验、同位素标记、交叉实验都是经典方法
• ❌ 把激发态当中间体 → 激发态是电子激发态，中间体是基态势能面上的极小值
• ❌ 认为卡宾和碳正离子等价 → 虽然都是 6 电子，但电荷和反应性完全不同

---","有机化学 机理基础 中间体 rc_30d 化竞 反应机理 活性物种","Chem::Core","[[中间体]]","30d","易错点卡","中间体（Intermediate）：在多步反应中，于势能面上处于局部极小值的物种。它具有一定的（短）寿命，可被间接证明（如捕获实验、光谱检测），有时甚至可以分离。"
"什么是串联反应？","串联反应是指在同一反应体系中，前一步生成的中间体立即作为后一步的反应物，连续进行多步转化，最终在不分离中间体的情况下得到产物。串联反应是高效构建复杂分子的核心策略，在天然产物全合成中尤为重要。","有机化学 有机合成 串联反应 rc_30d 化竞 反应机理 决赛要求","Chem::Core","[[串联反应]]","30d","概念卡","关键结论：
• [待补充]"
"串联反应 的关键结论有哪些？","• [待补充]","有机化学 有机合成 串联反应 rc_30d 化竞 反应机理 决赛要求","Chem::Core","[[串联反应]]","30d","总结卡","串联反应是指在同一反应体系中，前一步生成的中间体立即作为后一步的反应物，连续进行多步转化，最终在不分离中间体的情况下得到产物。串联反应是高效构建复杂分子的核心策略，在天然产物全合成中尤为重要。"
"串联反应 有哪些常见易错点？","• [待补充]","有机化学 有机合成 串联反应 rc_30d 化竞 反应机理 决赛要求","Chem::Core","[[串联反应]]","30d","易错点卡","串联反应是指在同一反应体系中，前一步生成的中间体立即作为后一步的反应物，连续进行多步转化，最终在不分离中间体的情况下得到产物。串联反应是高效构建复杂分子的核心策略，在天然产物全合成中尤为重要。"
"什么是乙酰乙酸乙酯合成法？","乙酰乙酸乙酯合成法 是以乙酰乙酸乙酯（CH₃COCH₂COOEt）为底物，利用其活泼 α-氢的酸性和亲核取代能力，经 烷基化/酰基化 → 水解脱羧 两步构建取代酮的经典合成方法。","有机化学 合成方法 乙酰乙酸乙酯合成法 rc_90d 化竞 乙酰乙酸酯 丙二酸酯","Chem::Review","[[乙酰乙酸乙酯合成法]]","90d","概念卡",""
"什么是二糖与多糖？","二糖（Disaccharides）是由两分子单糖通过糖苷键（glycosidic bond）连接而成的碳水化合物。根据是否保留游离的半缩醛羟基（端基 OH），二糖分为还原糖和非还原糖。","有机化学 特殊体系 二糖与多糖 rc_30d 化竞 糖化学","Chem::Core","[[二糖与多糖]]","30d","概念卡","关键结论：
• 糖苷键的构型（α/β）决定多糖的酶解性：α-糖苷键可被人类淀粉酶水解，β-糖苷键不能（纤维素→人类不能消化）• 是否有游离端基 OH 是判断还原性的唯一标准：与单糖组成无关• 蔗糖是自然界最常见的非还原糖：两个端基都参与成键，无变旋、无还原性• 淀粉和纤维素的单糖单元相同（都是葡萄糖），但连接方式不同：α(1→4) vs β(1→4) → 性质迥异• 糖原是动物体内的储能多糖，结构与支链淀粉类似，但分支更密"
"二糖与多糖 的关键结论有哪些？","• 糖苷键的构型（α/β）决定多糖的酶解性：α-糖苷键可被人类淀粉酶水解，β-糖苷键不能（纤维素→人类不能消化）• 是否有游离端基 OH 是判断还原性的唯一标准：与单糖组成无关• 蔗糖是自然界最常见的非还原糖：两个端基都参与成键，无变旋、无还原性• 淀粉和纤维素的单糖单元相同（都是葡萄糖），但连接方式不同：α(1→4) vs β(1→4) → 性质迥异• 糖原是动物体内的储能多糖，结构与支链淀粉类似，但分支更密","有机化学 特殊体系 二糖与多糖 rc_30d 化竞 糖化学","Chem::Core","[[二糖与多糖]]","30d","总结卡","二糖（Disaccharides）是由两分子单糖通过糖苷键（glycosidic bond）连接而成的碳水化合物。根据是否保留游离的半缩醛羟基（端基 OH），二糖分为还原糖和非还原糖。"
"二糖与多糖 有哪些常见易错点？","|  错误  |  原因  |  纠正  |  课堂提问  | 
 | :--- | :--- | :--- | :--- | 
 |  ""所有二糖都是还原糖""  |  忽略蔗糖的特殊性  |  蔗糖是非还原糖，因为两个端基都成键  |  蔗糖水解前后还原性如何变化？  | 
 |  ""麦芽糖和纤维二糖只是构型不同，性质相同""  |  不了解生物识别的专一性  |  α/β 差异导致酶解性完全不同  |  为什么人能消化麦芽糖但不能消化纤维二糖？  | 
 |  ""淀粉和纤维素单体不同""  |  未仔细比较结构  |  单体都是葡萄糖，差异只在糖苷键构型  |  淀粉和纤维素的单体分别是什么？  | 
 |  ""多糖都是储能物质""  |  忽略结构多糖  |  分为储能多糖（淀粉、糖原）和结构多糖（纤维素、几丁质） |  纤维素的功能是什么？  | 
 |  ""糖苷键只连接 C1 和 C4""  |  不了解其他连接方式  |  还有 (1→6) 分支键、(1→2) 键等  |  支链淀粉的分支点是什么键？  |","有机化学 特殊体系 二糖与多糖 rc_30d 化竞 糖化学","Chem::Core","[[二糖与多糖]]","30d","易错点卡","二糖（Disaccharides）是由两分子单糖通过糖苷键（glycosidic bond）连接而成的碳水化合物。根据是否保留游离的半缩醛羟基（端基 OH），二糖分为还原糖和非还原糖。"
"什么是互变异构？","互变异构是指两种或多种构造异构体之间通过质子迁移快速互变的动态平衡现象。互变异构体之间可通过低能垒的分子内质子转移相互转化。","有机化学 结构基础 互变异构 rc_30d 化竞","Chem::Core","[[互变异构]]","30d","概念卡","关键结论：
• 酮-烯醇互变异构是羰基化学的核心：几乎所有涉及 α-H 的羰基反应（Aldol、卤化、烷基化）都经过烯醇/烯醇盐中间体• 互变异构与共振的本质区别：互变异构是不同分子的平衡；共振是同一分子的电子结构表示。互变异构涉及原子位置改变，共振不涉及。• 烯醇式的含量决定反应性：某些反应只通过烯醇式进行（如烯醇的 O-烷基化）• 苯酚是""烯醇式的极端胜利""：苯酚的酮式（环己二烯酮）几乎不存在，因为烯醇式（芳香性）获得了巨大的芳香稳定化能• 互变异构的平衡位置可精确调控：通过溶剂、温度、取代基设计可大幅改变酮/烯醇比例"
"互变异构 的关键结论有哪些？","• 酮-烯醇互变异构是羰基化学的核心：几乎所有涉及 α-H 的羰基反应（Aldol、卤化、烷基化）都经过烯醇/烯醇盐中间体• 互变异构与共振的本质区别：互变异构是不同分子的平衡；共振是同一分子的电子结构表示。互变异构涉及原子位置改变，共振不涉及。• 烯醇式的含量决定反应性：某些反应只通过烯醇式进行（如烯醇的 O-烷基化）• 苯酚是""烯醇式的极端胜利""：苯酚的酮式（环己二烯酮）几乎不存在，因为烯醇式（芳香性）获得了巨大的芳香稳定化能• 互变异构的平衡位置可精确调控：通过溶剂、温度、取代基设计可大幅改变酮/烯醇比例","有机化学 结构基础 互变异构 rc_30d 化竞","Chem::Core","[[互变异构]]","30d","总结卡","互变异构是指两种或多种构造异构体之间通过质子迁移快速互变的动态平衡现象。互变异构体之间可通过低能垒的分子内质子转移相互转化。"
"互变异构 有哪些常见易错点？","|  错误  |  原因  |  纠正  |  课堂提问  | 
 | :--- | :--- | :--- | :--- | 
 |  ""互变异构和共振是一回事""  |  概念混淆  |  互变异构：不同分子的平衡；共振：同一分子的电子描述。关键区分：H 原子位置是否改变  |  酮式和烯醇式是互变异构还是共振？烯醇式的两个电子结构式呢？  | 
 |  ""所有羰基化合物都有大量烯醇式""  |  以偏概全  |  普通醛酮烯醇式极少（<0.01%），只有特殊稳定化因素才增加  |  丙酮和乙酰丙酮的烯醇式含量相差多少？为什么？  | 
 |  ""烯醇式不稳定所以不反应""  |  误解动态平衡  |  烯醇式虽少，但某些反应只通过烯醇式进行（如 Br₂ 的加成） |  为什么丙酮与 Br₂ 反应不需要催化剂？  | 
 |  ""互变异构只存在于羰基化合物""  |  知识面窄  |  亚胺-烯胺、硝基-酸式硝基等也常见  |  除了酮-烯醇，还能举出哪些互变异构？  | 
 |  ""酚不是烯醇式""  |  忽略结构本质  |  酚在结构上是芳香性的烯醇式，只是因芳香性而极度稳定  |  苯酚的酮式为什么几乎不存在？  |","有机化学 结构基础 互变异构 rc_30d 化竞","Chem::Core","[[互变异构]]","30d","易错点卡","互变异构是指两种或多种构造异构体之间通过质子迁移快速互变的动态平衡现象。互变异构体之间可通过低能垒的分子内质子转移相互转化。"
"什么是亚胺？","亚胺（Imine / Schiff Base）：醛或酮与伯胺（1° 胺，R-NH₂）反应生成的含 C=N 双键的化合物。","有机化学 亲核加成反应 亚胺 rc_30d 化竞 基础要求 亲核加成","Chem::Core","[[亚胺]]","30d","概念卡",""
"什么是亲核体与亲电体？","亲核体（Nucleophile, Nu）
具有孤对电子或负电荷、能将电子对送给亲电中心的物种。本质上是 Lewis 碱。
• 富电子（电子密度高）
• 中性或带负电
• 具有可用的孤对/π 键","有机化学 反应机理 亲核体与亲电体 rc_30d 化竞 有机反应机理","Chem::Core","[[亲核体与亲电体]]","30d","概念卡","关键结论：
4.1 与 Lewis 酸碱的对应
 |  概念  |  Lewis 体系  |  极性反应体系  | 
 | --- | --- | --- | 
 |  给电子者  |  Lewis 碱  |  亲核体  | 
 |  受电子者  |  Lewis 酸  |  亲电体  | 
 |  反应  |  加合  |  一般包括加合 + 离解  | 

4.2 与 HSAB 的关联
• 硬亲核：F⁻、OH⁻、NH₃ → 偏好硬亲电（H⁺、Mg²⁺）
• 软亲核：I⁻、S²⁻、PR₃ → 偏好软亲电（Hg²⁺、Pt²⁺）
• 在主族化学反应中至关重要——见 软硬酸碱理论

4.3 常见亲核体清单
 |  等级  |  实例  | 
 | --- | --- | 
 |  极强  |  \ce{R-^{(-)}}、\ce{R-Li}、\ce{HC≡C^-}、\ce{H^-}（NaH 中）  | 
 |  强  |  \ce{RO^-}、\ce{HO^-}、\ce{CN^-}、\ce{R2N^-}  | 
 |  中  |  \ce{ROH}、\ce{R2NH}、\ce{Cl^-}、\ce{Br^-}、\ce{I^-}  | 
 |  弱  |  \ce{H2O}、\ce{ROCH=CR2}（烯醇醚）、\ce{ArOH}  | 
 |  极弱  |  \ce{NO3^-}、\ce{ClO4^-}、\ce{ClF^-}  | 

4.4 常见亲电体清单
 |  类型  |  实例  | 
 | --- | --- | 
 |  质子酸  |  \ce{H^+}、\ce{H3O^+}、\ce{HCl}  | 
 |  Lewis 酸  |  \ce{BF3}、\ce{AlCl3}、$\ce{"
"亲核体与亲电体 的关键结论有哪些？","4.1 与 Lewis 酸碱的对应
 |  概念  |  Lewis 体系  |  极性反应体系  | 
 | --- | --- | --- | 
 |  给电子者  |  Lewis 碱  |  亲核体  | 
 |  受电子者  |  Lewis 酸  |  亲电体  | 
 |  反应  |  加合  |  一般包括加合 + 离解  | 

4.2 与 HSAB 的关联
• 硬亲核：F⁻、OH⁻、NH₃ → 偏好硬亲电（H⁺、Mg²⁺）
• 软亲核：I⁻、S²⁻、PR₃ → 偏好软亲电（Hg²⁺、Pt²⁺）
• 在主族化学反应中至关重要——见 软硬酸碱理论

4.3 常见亲核体清单
 |  等级  |  实例  | 
 | --- | --- | 
 |  极强  |  \ce{R-^{(-)}}、\ce{R-Li}、\ce{HC≡C^-}、\ce{H^-}（NaH 中）  | 
 |  强  |  \ce{RO^-}、\ce{HO^-}、\ce{CN^-}、\ce{R2N^-}  | 
 |  中  |  \ce{ROH}、\ce{R2NH}、\ce{Cl^-}、\ce{Br^-}、\ce{I^-}  | 
 |  弱  |  \ce{H2O}、\ce{ROCH=CR2}（烯醇醚）、\ce{ArOH}  | 
 |  极弱  |  \ce{NO3^-}、\ce{ClO4^-}、\ce{ClF^-}  | 

4.4 常见亲电体清单
 |  类型  |  实例  | 
 | --- | --- | 
 |  质子酸  |  \ce{H^+}、\ce{H3O^+}、\ce{HCl}  | 
 |  Lewis 酸  |  \ce{BF3}、\ce{AlCl3}、$\ce{","有机化学 反应机理 亲核体与亲电体 rc_30d 化竞 有机反应机理","Chem::Core","[[亲核体与亲电体]]","30d","总结卡","亲核体（Nucleophile, Nu）
具有孤对电子或负电荷、能将电子对送给亲电中心的物种。本质上是 Lewis 碱。
• 富电子（电子密度高）
• 中性或带负电
• 具有可用的孤对/π 键"
"亲核体与亲电体 有哪些常见易错点？","• 把""带电子对""等同于""亲核""——某些极弱亲核体（如 NO₃⁻）虽带电荷但因高度共振稳定而失去亲核性
• 忽视""软硬""匹配——硬-硬、软-软更稳定（HSAB）
• 把碱性强 = 亲核性强（不一定）","有机化学 反应机理 亲核体与亲电体 rc_30d 化竞 有机反应机理","Chem::Core","[[亲核体与亲电体]]","30d","易错点卡","亲核体（Nucleophile, Nu）
具有孤对电子或负电荷、能将电子对送给亲电中心的物种。本质上是 Lewis 碱。
• 富电子（电子密度高）
• 中性或带负电
• 具有可用的孤对/π 键"
"什么是亲核加成？","亲核加成反应（Nucleophilic Addition, AdN）是指亲核试剂（Nucleophile, Nu⁻）进攻极性不饱和键（主要是 C=O 羰基、C=N、C≡N 等）中带部分正电的原子（碳），形成新的 σ 键，同时 π 键断裂的加成反应。","有机化学 具体反应 亲核加成 rc_30d 化竞 羰基化学","Chem::Core","[[亲核加成]]","30d","概念卡","关键结论：
• 醛比酮活泼：电子效应 + 空间位阻双重原因• 酸催化增强反应性：质子化羰基氧 → 羰基碳 δ⁺ 增大 → 弱亲核试剂（如 H₂O、ROH）也可反应• 碱催化适用于强亲核试剂：RMgX、RLi、CN⁻ 等直接进攻，无需预质子化• 四面体中间体是核心：所有亲核加成的关键中间体都是四面体醇盐• 可逆性是重要特征：缩醛/缩酮的形成、亚胺的形成都是可逆平衡"
"亲核加成 的关键结论有哪些？","• 醛比酮活泼：电子效应 + 空间位阻双重原因• 酸催化增强反应性：质子化羰基氧 → 羰基碳 δ⁺ 增大 → 弱亲核试剂（如 H₂O、ROH）也可反应• 碱催化适用于强亲核试剂：RMgX、RLi、CN⁻ 等直接进攻，无需预质子化• 四面体中间体是核心：所有亲核加成的关键中间体都是四面体醇盐• 可逆性是重要特征：缩醛/缩酮的形成、亚胺的形成都是可逆平衡","有机化学 具体反应 亲核加成 rc_30d 化竞 羰基化学","Chem::Core","[[亲核加成]]","30d","总结卡","亲核加成反应（Nucleophilic Addition, AdN）是指亲核试剂（Nucleophile, Nu⁻）进攻极性不饱和键（主要是 C=O 羰基、C=N、C≡N 等）中带部分正电的原子（碳），形成新的 σ 键，同时 π 键断裂的加成反应。"
"亲核加成 有哪些常见易错点？","|  错误  |  原因  |  纠正  |  课堂提问  | 
 | :--- | :--- | :--- | :--- | 
 |  ""缩醛和半缩醛一样稳定""  |  不了解二者区别  |  半缩醛不稳定（OH 和 OR 在同一碳上），缩醛稳定  |  半缩醛能分离提纯吗？  | 
 |  ""亲核加成不可逆""  |  以偏概全  |  很多亲核加成可逆（缩醛、亚胺、水合），只有强亲核试剂（RMgX）不可逆  |  缩醛保护基如何脱除？  | 
 |  ""1°胺和 2°胺加成产物相同""  |  不了解脱水差异  |  1°胺 → 亚胺（C=N）；2°胺 → 烯胺（C=C） |  仲胺与醛反应生成什么？  | 
 |  ""酰胺能发生典型亲核加成""  |  不了解酰胺的低反应性  |  酰胺的羰基因 N 的 +C 效应极不活泼，一般不发生亲核加成  |  为什么酰胺比酯不活泼？  | 
 |  ""Tollens 试剂可以氧化酮""  |  混淆醛和酮的氧化性  |  Tollens 只氧化醛（有 α-H 的醛），不氧化酮  |  哪些化合物能发生银镜反应？  |","有机化学 具体反应 亲核加成 rc_30d 化竞 羰基化学","Chem::Core","[[亲核加成]]","30d","易错点卡","亲核加成反应（Nucleophilic Addition, AdN）是指亲核试剂（Nucleophile, Nu⁻）进攻极性不饱和键（主要是 C=O 羰基、C=N、C≡N 等）中带部分正电的原子（碳），形成新的 σ 键，同时 π 键断裂的加成反应。"
"什么是亲核取代？","亲核取代反应（Nucleophilic Substitution, SN）是指亲核试剂（Nu:⁻）进攻带有离去基团（L）的底物，取代离去基团形成新键的反应。它是竞赛有机化学中最基础、最核心的反应类型之一，按机理分为 SN1（单分子亲核取代）和 SN2（双分子亲核取代）两大类。","有机化学 反应分类 亲核取代 rc_30d 化竞 基础要求 SN1","Chem::Core","[[亲核取代]]","30d","概念卡","关键结论：
• SN2 和 SN1 不是绝对二元——离子对效应使 SN1 表观保留 SN2 的反向偏好（翻转 > 保持）• 碳正离子稳定性是 SN1 的核心判据——不是离去基好坏（ABOC 反复强调）• 极性非质子溶剂是 SN2 的加速器——阳离子溶剂化 + 阴离子""裸露""• 邻基参与和反极化是 SN2 的""例外面孔""——产物构型可能保持而非翻转• SN/E 竞争看四个维度：底物级别、试剂亲核/碱性、溶剂极性、温度• 桥头碳 / 芳基 / 乙烯基底物不可走标准 SN1/SN2——需走其他机理（SNAr、金属催化等）"
"亲核取代 的关键结论有哪些？","• SN2 和 SN1 不是绝对二元——离子对效应使 SN1 表观保留 SN2 的反向偏好（翻转 > 保持）• 碳正离子稳定性是 SN1 的核心判据——不是离去基好坏（ABOC 反复强调）• 极性非质子溶剂是 SN2 的加速器——阳离子溶剂化 + 阴离子""裸露""• 邻基参与和反极化是 SN2 的""例外面孔""——产物构型可能保持而非翻转• SN/E 竞争看四个维度：底物级别、试剂亲核/碱性、溶剂极性、温度• 桥头碳 / 芳基 / 乙烯基底物不可走标准 SN1/SN2——需走其他机理（SNAr、金属催化等）","有机化学 反应分类 亲核取代 rc_30d 化竞 基础要求 SN1","Chem::Core","[[亲核取代]]","30d","总结卡","亲核取代反应（Nucleophilic Substitution, SN）是指亲核试剂（Nu:⁻）进攻带有离去基团（L）的底物，取代离去基团形成新键的反应。它是竞赛有机化学中最基础、最核心的反应类型之一，按机理分为 SN1（单分子亲核取代）和 SN2（双分子亲核取代）两大类。"
"亲核取代 有哪些常见易错点？","• [待补充]","有机化学 反应分类 亲核取代 rc_30d 化竞 基础要求 SN1","Chem::Core","[[亲核取代]]","30d","易错点卡","亲核取代反应（Nucleophilic Substitution, SN）是指亲核试剂（Nu:⁻）进攻带有离去基团（L）的底物，取代离去基团形成新键的反应。它是竞赛有机化学中最基础、最核心的反应类型之一，按机理分为 SN1（单分子亲核取代）和 SN2（双分子亲核取代）两大类。"
"什么是亲核性与碱性比较？","• 碱性（Basicity）：试剂提供电子对给质子（H⁺）的能力。是热力学概念，与酸的平衡常数相关（pKa）。• 亲核性（Nucleophilicity）：试剂提供电子对给缺电子碳（或其他电正性中心）的能力。是动力学概念，与反应速率相关。","有机化学 亲核取代 亲核性与碱性比较 rc_30d 化竞 亲核性 碱性 SN2","Chem::Core","[[亲核性与碱性比较]]","30d","概念卡",""
"什么是亲电加成？","亲电加成（Electrophilic Addition, AdE） 是指富电子不饱和键（烯烃、炔烃、共轭二烯）受缺电子亲电试剂（E⁺）进攻，发生 π 键断裂并形成两个新的 σ 键的反应。","有机化学 具体反应 亲电加成 rc_30d 化竞 烯烃","Chem::Core","[[亲电加成]]","30d","概念卡","关键结论：
• 马氏规则的本质是碳正离子稳定性：H⁺ 加在含 H 较多的碳上，生成更稳定的碳正离子• 反马氏的唯一常见途径是自由基加成（HBr/ROOR）或硼氢化，不是亲电加成• Br₂/CCl₄ 的 anti-加成是鎓离子机理的指纹特征：顺式烯烃 → 外消旋 dl 对；反式烯烃 → meso• HX 对共轭二烯可发生 1,2- 和 1,4-加成：低温动力学控制 → 1,2-；高温热力学控制 → 1,4-• 炔烃的亲电加成比烯烃慢：sp 碳的电负性高于 sp²，π 电子束缚更紧"
"亲电加成 的关键结论有哪些？","• 马氏规则的本质是碳正离子稳定性：H⁺ 加在含 H 较多的碳上，生成更稳定的碳正离子• 反马氏的唯一常见途径是自由基加成（HBr/ROOR）或硼氢化，不是亲电加成• Br₂/CCl₄ 的 anti-加成是鎓离子机理的指纹特征：顺式烯烃 → 外消旋 dl 对；反式烯烃 → meso• HX 对共轭二烯可发生 1,2- 和 1,4-加成：低温动力学控制 → 1,2-；高温热力学控制 → 1,4-• 炔烃的亲电加成比烯烃慢：sp 碳的电负性高于 sp²，π 电子束缚更紧","有机化学 具体反应 亲电加成 rc_30d 化竞 烯烃","Chem::Core","[[亲电加成]]","30d","总结卡","亲电加成（Electrophilic Addition, AdE） 是指富电子不饱和键（烯烃、炔烃、共轭二烯）受缺电子亲电试剂（E⁺）进攻，发生 π 键断裂并形成两个新的 σ 键的反应。"
"亲电加成 有哪些常见易错点？","|  错误  |  原因  |  纠正  |  课堂提问  | 
 | :--- | :--- | :--- | :--- | 
 |  忽略 HBr 对烯烃加成可能重排  |  只画一步碳正离子捕获  |  检查碳正离子是否为最稳定：若邻位有 1,2-迁移可能，必重排  |  什么条件下碳正离子中间体一定重排？  | 
 |  Br₂ 加成画成 syn  |  未理解鎓离子机理  |  Br₂ 加成 必为 anti（鎓离子背面进攻） |  顺-2-丁烯 + Br₂ 得外消旋还是内消旋？  | 
 |  把硼氢化当成亲电加成  |  机理混淆  |  硼氢化是 协同机理，B-H 同时加到双键两侧，四元环过渡态  |  硼氢化为什么既反马氏又 syn？  | 
 |  炔烃一分子 HX 加成产物画错  |  不知乙烯基碳正的特殊性  |  乙烯基碳正极不稳定，一分子 HX 加成后通常可停留；H 加在末端，X 加在中间  |  为什么炔烃与 HX 加成比烯烃慢？  | 
 |  共轭二烯加成只写一种产物  |  忽略温度对选择性的影响  |  低温 → 1,2-（动力学）；高温 → 1,4-（热力学） |  1,4-加成产物为什么更稳定？  |","有机化学 具体反应 亲电加成 rc_30d 化竞 烯烃","Chem::Core","[[亲电加成]]","30d","易错点卡","亲电加成（Electrophilic Addition, AdE） 是指富电子不饱和键（烯烃、炔烃、共轭二烯）受缺电子亲电试剂（E⁺）进攻，发生 π 键断裂并形成两个新的 σ 键的反应。"
"什么是休克尔规则？","休克尔规则（Hückel's Rule, 1931）：平面单环共轭分子若含有 4n+2 个 π 电子（n=0,1,2,\ldots），则该分子具有芳香性（aromaticity），表现为特殊的稳定性。","有机化学 结构基础 休克尔规则 rc_30d 化竞 芳香性","Chem::Core","[[休克尔规则]]","30d","概念卡","关键结论：
4.1 经典体系判断

 |  化合物  |  π 电子数  |  n 值  |  判断  |  说明  | 
 | :--- | :---: | :---: | :---: | :--- | 
 |  环丙烯正离子  |  2  |  0  |  ✅ 芳香  |  最小的芳香体系  | 
 |  苯  |  6  |  1  |  ✅ 芳香  |  原型芳香化合物  | 
 |  环戊二烯负离子  |  6  |  1  |  ✅ 芳香  |  6 个 π 电子，平面  | 
 |  环庚三烯正离子（䓬离子） |  6  |  1  |  ✅ 芳香  |  6 个 π 电子  | 
 |  环辛四烯二负离子  |  10  |  2  |  ✅ 芳香  |  平面，10 个 π 电子  | 
 |  [18]轮烯  |  18  |  4  |  ✅ 芳香  |  大环，足够空间容纳  | 
 |  环丁二烯  |  4  |  1  |  ❌ 反芳香  |  极不稳定  | 
 |  环戊二烯正离子  |  4  |  1  |  ❌ 反芳香  |  极不稳定  | 
 |  环辛四烯  |  8  |  2  |  ❌ 非芳香  |  折叠成盆形，避免反芳香性  | 
 |  [10]轮烯  |  10  |  2  |  ❌ 非芳香  |  环内氢排斥，无法共平面  | 

4.2 反芳香性（Antiaromaticity）• 定义：平面环状共轭体系含 4n 个 π 电子时，因存在半充满简并轨道而极不稳定• 表现：比对应的非共轭体系能量更高（去稳定化）• 例子：环丁二烯、环戊二烯正离子、平面环辛四烯• 规避策略：体系通过折叠（如环辛四烯成盆形）、避免平面来""逃避""反芳香性

4.3 非芳香性（Non-aromaticity）• 定义：不满足芳香性也不满足反芳香性的体系• 原因：非平面、非环状、或不连续共轭• 例子：[10]轮烯（非平面）、开链多烯"
"休克尔规则 的关键结论有哪些？","4.1 经典体系判断

 |  化合物  |  π 电子数  |  n 值  |  判断  |  说明  | 
 | :--- | :---: | :---: | :---: | :--- | 
 |  环丙烯正离子  |  2  |  0  |  ✅ 芳香  |  最小的芳香体系  | 
 |  苯  |  6  |  1  |  ✅ 芳香  |  原型芳香化合物  | 
 |  环戊二烯负离子  |  6  |  1  |  ✅ 芳香  |  6 个 π 电子，平面  | 
 |  环庚三烯正离子（䓬离子） |  6  |  1  |  ✅ 芳香  |  6 个 π 电子  | 
 |  环辛四烯二负离子  |  10  |  2  |  ✅ 芳香  |  平面，10 个 π 电子  | 
 |  [18]轮烯  |  18  |  4  |  ✅ 芳香  |  大环，足够空间容纳  | 
 |  环丁二烯  |  4  |  1  |  ❌ 反芳香  |  极不稳定  | 
 |  环戊二烯正离子  |  4  |  1  |  ❌ 反芳香  |  极不稳定  | 
 |  环辛四烯  |  8  |  2  |  ❌ 非芳香  |  折叠成盆形，避免反芳香性  | 
 |  [10]轮烯  |  10  |  2  |  ❌ 非芳香  |  环内氢排斥，无法共平面  | 

4.2 反芳香性（Antiaromaticity）• 定义：平面环状共轭体系含 4n 个 π 电子时，因存在半充满简并轨道而极不稳定• 表现：比对应的非共轭体系能量更高（去稳定化）• 例子：环丁二烯、环戊二烯正离子、平面环辛四烯• 规避策略：体系通过折叠（如环辛四烯成盆形）、避免平面来""逃避""反芳香性

4.3 非芳香性（Non-aromaticity）• 定义：不满足芳香性也不满足反芳香性的体系• 原因：非平面、非环状、或不连续共轭• 例子：[10]轮烯（非平面）、开链多烯","有机化学 结构基础 休克尔规则 rc_30d 化竞 芳香性","Chem::Core","[[休克尔规则]]","30d","总结卡","休克尔规则（Hückel's Rule, 1931）：平面单环共轭分子若含有 4n+2 个 π 电子（n=0,1,2,\ldots），则该分子具有芳香性（aromaticity），表现为特殊的稳定性。"
"休克尔规则 有哪些常见易错点？","|  错误  |  原因  |  纠正  |  课堂提问  | 
 | :--- | :--- | :--- | :--- | 
 |  ""有苯环就是芳香性""  |  只看结构  |  必须满足四个要件：环状、平面、连续共轭、4n+2 πe  |  环辛四烯有共轭双键，为什么不是芳香性？  | 
 |  ""4n 电子一定不稳定""  |  忽略非平面情况  |  4n 电子体系可通过折叠规避反芳香性（如环辛四烯盆形） |  环辛四烯为什么是""非芳香""而非""反芳香""？  | 
 |  ""杂原子总是提供 2e""  |  未区分 p 轨道/sp² 轨道孤对  |  看孤对电子的轨道取向：p 轨道 → 2e；sp² 轨道 → 1e  |  吡咯和吡啶的 N 各贡献几个 π 电子？为什么？  | 
 |  ""轮烯越大越芳香""  |  忽略平面性要求  |  大轮烯需足够空间保持平面；[10]轮烯因环内 H 排斥而折叠  |  [10]轮烯有 10 个 π 电子，为什么不芳香？  | 
 |  ""反芳香性就是不稳定""  |  概念混淆  |  反芳香性是比非共轭参考态更不稳定；非芳香性是接近参考态  |  反芳香性和非芳香性有何本质区别？  |","有机化学 结构基础 休克尔规则 rc_30d 化竞 芳香性","Chem::Core","[[休克尔规则]]","30d","易错点卡","休克尔规则（Hückel's Rule, 1931）：平面单环共轭分子若含有 4n+2 个 π 电子（n=0,1,2,\ldots），则该分子具有芳香性（aromaticity），表现为特殊的稳定性。"
"什么是优先离域原则？","优先离域原则：当一个分子中有多个潜在的给体-受体相互作用时，电负性小的原子上的孤对电子能量更高，需要优先被离域。","有机化学 反应机理 优先离域原则 rc_30d 化竞 立体电子效应 给体-受体相互作用 离域","Chem::Core","[[优先离域原则]]","30d","概念卡","关键结论：
• 电负性小的原子上的孤对电子优先离域——N > O > F
• LiAlH₄ 还原内酯开环、内酰胺不开环——优先离域原则的经典证据
• 胺的碱性 > 醇 > 酸——N 的孤对电子能量最高，最易接受质子
• 优先离域原则可预测反应选择性——哪个孤对电子先参与反应
• 是给体-受体相互作用框架的自然推论——不是独立的新规则"
"优先离域原则 的关键结论有哪些？","• 电负性小的原子上的孤对电子优先离域——N > O > F
• LiAlH₄ 还原内酯开环、内酰胺不开环——优先离域原则的经典证据
• 胺的碱性 > 醇 > 酸——N 的孤对电子能量最高，最易接受质子
• 优先离域原则可预测反应选择性——哪个孤对电子先参与反应
• 是给体-受体相互作用框架的自然推论——不是独立的新规则","有机化学 反应机理 优先离域原则 rc_30d 化竞 立体电子效应 给体-受体相互作用 离域","Chem::Core","[[优先离域原则]]","30d","总结卡","优先离域原则：当一个分子中有多个潜在的给体-受体相互作用时，电负性小的原子上的孤对电子能量更高，需要优先被离域。"
"优先离域原则 有哪些常见易错点？","• ❌ 把优先离域当成独立规则 → 它是给体-受体相互作用的推论
• ❌ 忽略几何要求 → 优先离域也需要反式共平面
• ❌ 混淆孤对电子和 σ 键给体 → 两者遵循不同的排序规则
• ❌ 认为电负性大就优先离域 → 恰恰相反，电负性小的优先","有机化学 反应机理 优先离域原则 rc_30d 化竞 立体电子效应 给体-受体相互作用 离域","Chem::Core","[[优先离域原则]]","30d","易错点卡","优先离域原则：当一个分子中有多个潜在的给体-受体相互作用时，电负性小的原子上的孤对电子能量更高，需要优先被离域。"
"什么是位阻效应？","位阻效应（Steric Effect / Steric Hindrance）：由于原子或基团在空间上占据一定体积，导致分子内或分子间产生空间排斥，从而影响分子的构象、反应活性和选择性的现象。","有机化学 有机物结构的稳定性 位阻效应 rc_30d 化竞 基础要求 位阻 立体效应","Chem::Core","[[位阻效应]]","30d","概念卡",""
"什么是保护基化学？","保护基是指在多步有机合成中，为了选择性地在某一步反应中保护特定官能团而临时引入的化学基团。该官能团在后续反应中不参与反应，待需要时再脱除（deprotection），恢复原始官能团。","有机化学 具体反应 保护基化学 rc_30d 化竞 有机合成","Chem::Core","[[保护基策略]]","30d","概念卡","关键结论：
• 保护基是有机合成中的""战术工具""：好的合成路线需要合理设计保护-去保护的时机• 保护基的引入和脱除都应计入总产率：每多一步保护/去保护，总产率乘以该步产率• ""正交""是保护基设计的最高境界：不同保护基在不同条件下脱除，实现复杂分子的精准操作• 硅醚是现代合成中最常用的羟基保护基：TBS（叔丁基二甲基硅基）因稳定性适中、易脱除而广受欢迎• 氨基甲酸酯（Boc/Cbz/Fmoc）是多肽合成的核心：三者分别用酸/氢解/碱脱除，形成经典正交组合"
"保护基化学 的关键结论有哪些？","• 保护基是有机合成中的""战术工具""：好的合成路线需要合理设计保护-去保护的时机• 保护基的引入和脱除都应计入总产率：每多一步保护/去保护，总产率乘以该步产率• ""正交""是保护基设计的最高境界：不同保护基在不同条件下脱除，实现复杂分子的精准操作• 硅醚是现代合成中最常用的羟基保护基：TBS（叔丁基二甲基硅基）因稳定性适中、易脱除而广受欢迎• 氨基甲酸酯（Boc/Cbz/Fmoc）是多肽合成的核心：三者分别用酸/氢解/碱脱除，形成经典正交组合","有机化学 具体反应 保护基化学 rc_30d 化竞 有机合成","Chem::Core","[[保护基策略]]","30d","总结卡","保护基是指在多步有机合成中，为了选择性地在某一步反应中保护特定官能团而临时引入的化学基团。该官能团在后续反应中不参与反应，待需要时再脱除（deprotection），恢复原始官能团。"
"保护基化学 有哪些常见易错点？","|  错误  |  原因  |  纠正  |  课堂提问  | 
 | :--- | :--- | :--- | :--- | 
 |  ""保护基不影响反应性""  |  忽略电子效应  |  保护基本身有电子效应（如 Boc 是吸电子的） |  Boc 保护后的胺比游离胺亲核性如何？  | 
 |  ""所有硅醚都稳定""  |  忽略 TMS 的不稳定性  |  TMS 醚极不稳定，常在色谱或微量酸中分解  |  为什么 TMS 不用于长期保护？  | 
 |  ""Cbz 和 Bn 脱除条件相同""  |  混淆保护基  |  Cbz（氨基甲酸酯）和 Bn（醚）都可用 H₂/Pd 脱除，但机理不同  |  Cbz 和 Bn 都能氢解脱除，它们正交吗？  | 
 |  ""缩醛对酸稳定""  |  记忆错误  |  缩醛对酸极不稳定，是专门用酸脱除的  |  缩醛保护基用什么条件脱除？  | 
 |  ""保护基越多越好""  |  忽视产率损失  |  每步保护/去保护都降低总产率；好的合成应最小化保护基使用  |  为什么全合成中追求""最少保护基步骤""？  |","有机化学 具体反应 保护基化学 rc_30d 化竞 有机合成","Chem::Core","[[保护基策略]]","30d","易错点卡","保护基是指在多步有机合成中，为了选择性地在某一步反应中保护特定官能团而临时引入的化学基团。该官能团在后续反应中不参与反应，待需要时再脱除（deprotection），恢复原始官能团。"
"什么是保护基策略？","保护基策略（Protecting Group Strategy）：在多步有机合成中，暂时将某个活泼官能团转化为惰性形式，以防止其在后续反应中被破坏或干扰，待需要时再将其恢复的反应设计策略。","有机化学 有机合成 保护基策略 rc_30d 化竞 保护基 全合成","Chem::Core","[[保护基策略]]","30d","概念卡","关键结论：
• TBS 硅醚是最常用的羟基保护基——引入/脱除都温和，对大多数反应条件稳定• 苄基醚通过氢解脱除——与硅醚（氟脱除）正交• Boc/Cbz/Fmoc 是氨基保护的三大支柱——分别对应酸/氢解/碱脱除• 缩醛是羰基保护的经典选择——酸敏感，与碱稳定条件正交• 保护基选择的核心是""正交性""——确保各步脱除不互相干扰"
"保护基策略 的关键结论有哪些？","• TBS 硅醚是最常用的羟基保护基——引入/脱除都温和，对大多数反应条件稳定• 苄基醚通过氢解脱除——与硅醚（氟脱除）正交• Boc/Cbz/Fmoc 是氨基保护的三大支柱——分别对应酸/氢解/碱脱除• 缩醛是羰基保护的经典选择——酸敏感，与碱稳定条件正交• 保护基选择的核心是""正交性""——确保各步脱除不互相干扰","有机化学 有机合成 保护基策略 rc_30d 化竞 保护基 全合成","Chem::Core","[[保护基策略]]","30d","总结卡","保护基策略（Protecting Group Strategy）：在多步有机合成中，暂时将某个活泼官能团转化为惰性形式，以防止其在后续反应中被破坏或干扰，待需要时再将其恢复的反应设计策略。"
"保护基策略 有哪些常见易错点？","• ❌ 保护基选择不考虑后续反应条件 → 必须预判所有后续步骤的条件• ❌ 混淆脱除条件 → TBS 用 TBAF，Bn 用 H₂/Pd，Boc 用 TFA• ❌ 忽略正交性 → 两个保护基不能用同一种条件脱除• ❌ 过度保护 → 能用选择性反应解决时，不必引入保护基","有机化学 有机合成 保护基策略 rc_30d 化竞 保护基 全合成","Chem::Core","[[保护基策略]]","30d","易错点卡","保护基策略（Protecting Group Strategy）：在多步有机合成中，暂时将某个活泼官能团转化为惰性形式，以防止其在后续反应中被破坏或干扰，待需要时再将其恢复的反应设计策略。"
"什么是光氧化还原催化？","光氧化还原催化：利用可见光激发的光催化剂（如 Ru(bpy)₃²⁺、Ir(ppy)₃ 等）通过单电子转移（SET）引发或促进有机反应的催化方法。反应中光催化剂吸收光子进入激发态，随后与底物发生电子转移，生成自由基或自由基离子中间体。","有机化学 光化学 光氧化还原催化 rc_30d 化竞 光氧化还原 光催化 单电子转移","Chem::Core","[[光氧化还原催化]]","30d","概念卡","关键结论：
• 光氧化还原 = 可见光 + 光催化剂 + SET
• 还原淬灭产生 PC•⁻（强还原剂），氧化淬灭产生 PC•⁺（强氧化剂）
• Ru(bpy)₃²⁺ 和 Ir(ppy)₃ 是最常用的两种光催化剂
• 双催化是光氧化还原的前沿方向：光催化 + 金属/有机催化协同
• 识别标志：反应条件中出现 hv + Ru/Ir/曙红Y → 立刻想到 SET 机理

---"
"光氧化还原催化 的关键结论有哪些？","• 光氧化还原 = 可见光 + 光催化剂 + SET
• 还原淬灭产生 PC•⁻（强还原剂），氧化淬灭产生 PC•⁺（强氧化剂）
• Ru(bpy)₃²⁺ 和 Ir(ppy)₃ 是最常用的两种光催化剂
• 双催化是光氧化还原的前沿方向：光催化 + 金属/有机催化协同
• 识别标志：反应条件中出现 hv + Ru/Ir/曙红Y → 立刻想到 SET 机理

---","有机化学 光化学 光氧化还原催化 rc_30d 化竞 光氧化还原 光催化 单电子转移","Chem::Core","[[光氧化还原催化]]","30d","总结卡","光氧化还原催化：利用可见光激发的光催化剂（如 Ru(bpy)₃²⁺、Ir(ppy)₃ 等）通过单电子转移（SET）引发或促进有机反应的催化方法。反应中光催化剂吸收光子进入激发态，随后与底物发生电子转移，生成自由基或自由基离子中间体。"
"光氧化还原催化 有哪些常见易错点？","• ❌ 光氧化还原和光化学是一回事 → 光氧化还原是催化剂吸光+SET，有机光化学是底物直接激发
• ❌ 还原淬灭是底物被还原 → 还原淬灭是激发态被还原（接受电子），然后还原剂（PC•⁻）再去还原底物
• ❌ 所有光催化剂都一样 → Ru(bpy)₃²⁺ 和 Ir(ppy)₃ 的电位不同，适用底物不同
• ❌ 光氧化还原不需要除氧 → 氧气是三线态淬灭剂，必须除氧
• ❌ 光氧化还原是极性机理 → 是 SET（单电子转移） 机理，不是极性机理

---","有机化学 光化学 光氧化还原催化 rc_30d 化竞 光氧化还原 光催化 单电子转移","Chem::Core","[[光氧化还原催化]]","30d","易错点卡","光氧化还原催化：利用可见光激发的光催化剂（如 Ru(bpy)₃²⁺、Ir(ppy)₃ 等）通过单电子转移（SET）引发或促进有机反应的催化方法。反应中光催化剂吸收光子进入激发态，随后与底物发生电子转移，生成自由基或自由基离子中间体。"
"什么是全合成？","全合成是指从简单、易得的原料出发，通过多步有机反应构建复杂目标分子（通常是天然产物）的完整合成路线。CChO 决赛中的全合成题目不仅考察反应知识，更考察逆合成分析能力、路线设计逻辑和对复杂立体化学的控制。","有机化学 有机合成 全合成 rc_30d 化竞 天然产物 决赛要求","Chem::Core","[[全合成]]","30d","概念卡","关键结论：
• [待补充]"
"全合成 的关键结论有哪些？","• [待补充]","有机化学 有机合成 全合成 rc_30d 化竞 天然产物 决赛要求","Chem::Core","[[全合成]]","30d","总结卡","全合成是指从简单、易得的原料出发，通过多步有机反应构建复杂目标分子（通常是天然产物）的完整合成路线。CChO 决赛中的全合成题目不仅考察反应知识，更考察逆合成分析能力、路线设计逻辑和对复杂立体化学的控制。"
"全合成 有哪些常见易错点？","• [待补充]","有机化学 有机合成 全合成 rc_30d 化竞 天然产物 决赛要求","Chem::Core","[[全合成]]","30d","易错点卡","全合成是指从简单、易得的原料出发，通过多步有机反应构建复杂目标分子（通常是天然产物）的完整合成路线。CChO 决赛中的全合成题目不仅考察反应知识，更考察逆合成分析能力、路线设计逻辑和对复杂立体化学的控制。"
"什么是共振论？","共振论（Resonance Theory）：当一个分子的真实电子结构无法用单一 Lewis 结构式充分描述时，将真实结构表示为多个共振结构（canonical structures，又称极限式）的加权平均——即共振杂化体（resonance hybrid）。","有机化学 结构基础 共振论 rc_30d 化竞 电子离域","Chem::Core","[[共振论]]","30d","概念卡","关键结论：
4.1 常见共振体系（10+ 例）

 |  序号  |  体系  |  关键共振结构  |  重要现象  | 
 | :---: | :--- | :--- | :--- | 
 |  (1)  |  苯  |  两个等价 Kekulé 结构  |  C-C 键长 1.39 Å（介于单双键间） | 
 |  (2)  |  羧酸根 RCOO⁻  |  两个等价（O 各负电荷一半） |  强酸性（pKa ~5 vs ROH 16） | 
 |  (3)  |  酰胺 RCONH₂  |  N 孤对 → C=O π\  |  C-N 部分双键 → 旋转壁垒 ~20 kcal/mol  | 
 |  (4)  |  烯醇负离子  |  负电荷在 O 与 α-C  |  α-C 亲核性、O-H 弱  | 
 |  (5)  |  硝基 -NO₂  |  N⁺-O⁻ ↔ O⁻-N⁺  |  强吸电子、邻对位定位  | 
 |  (6)  |  烯丙基正离子  |  正电荷在两端碳  |  稳定性 > 简单 1° 碳正离子  | 
 |  (7)  |  烯丙基负离子  |  负电荷在两端碳  |  稳定性 > 简单 1° 碳负离子  | 
 |  (8)  |  苯酚  |  O 孤对 → 苯环  |  邻对位富电子，酸性 ~10  | 
 |  (9)  |  苯胺  |  N 孤对 → 苯环  |  碱性比脂肪胺弱（孤对被分散） | 
 |  (10)  |  α,β-不饱和羰基  |  π → π\ 共轭  |  β-C 是亲电中心（Michael 受体） | 
 |  (11)  |  重氮盐 ArN₂⁺  |  N=N⁺ ↔ N⁺=N  |  苯环富电子时稳定  | 
 |  (12)  |  烯丙基自由基  |  单电子在两端碳  |  稳定 → SH2 反应优先  | 

4.2 用共振论解释稳定性的标准模式

模式 1：稳定性比较
""X 比 Y 稳定，因为 X 多一个共振结构 / X 的共振结构能量更低 / X 是等价共振而 Y 不是""

模式 2：酸碱性比较
""酸性 X > Y，因为 X 的共轭碱有更多共振结构 / 共振结构能量更低""

模式 3：反应位点预测
""亲电进攻在 X 位，因为该位置有较多负电荷分布（共振结构计数）""

模式 4：定位规律解释
""苯酚是邻对位定位基，因为 OH 通过共振结构把电子推到苯环邻对位""

4.3 共振论的""五大无能""

虽然共振论是有机化学不可或缺的工具，但有以下情况它本质上无能，必须借助 给体-受体相互作用 或 MO 理论：
• 几何依赖：1,2-二氟乙烷 gauche vs anti（共振结构看不出区别）→ 必须立体电子效应
• β-硅基效应的量级：σ(C-Si) → p(C+) 的数量化（共振只能定性）→ 必须 NBO 分析
• α 效应：H₂O₂ 的反常亲核性（共振结构无差别）→ 必须用反键能级分析
• 轨道节面阻断：90° 时为什么完全无相互作用（共振结构画不出节面）→ 必须 MO
• 优先离域原则的来源：为什么 N 孤对优先于 O 孤对离域（共振结构画法不能解释）→ 必须能级分析

---"
"共振论 的关键结论有哪些？","4.1 常见共振体系（10+ 例）

 |  序号  |  体系  |  关键共振结构  |  重要现象  | 
 | :---: | :--- | :--- | :--- | 
 |  (1)  |  苯  |  两个等价 Kekulé 结构  |  C-C 键长 1.39 Å（介于单双键间） | 
 |  (2)  |  羧酸根 RCOO⁻  |  两个等价（O 各负电荷一半） |  强酸性（pKa ~5 vs ROH 16） | 
 |  (3)  |  酰胺 RCONH₂  |  N 孤对 → C=O π\  |  C-N 部分双键 → 旋转壁垒 ~20 kcal/mol  | 
 |  (4)  |  烯醇负离子  |  负电荷在 O 与 α-C  |  α-C 亲核性、O-H 弱  | 
 |  (5)  |  硝基 -NO₂  |  N⁺-O⁻ ↔ O⁻-N⁺  |  强吸电子、邻对位定位  | 
 |  (6)  |  烯丙基正离子  |  正电荷在两端碳  |  稳定性 > 简单 1° 碳正离子  | 
 |  (7)  |  烯丙基负离子  |  负电荷在两端碳  |  稳定性 > 简单 1° 碳负离子  | 
 |  (8)  |  苯酚  |  O 孤对 → 苯环  |  邻对位富电子，酸性 ~10  | 
 |  (9)  |  苯胺  |  N 孤对 → 苯环  |  碱性比脂肪胺弱（孤对被分散） | 
 |  (10)  |  α,β-不饱和羰基  |  π → π\ 共轭  |  β-C 是亲电中心（Michael 受体） | 
 |  (11)  |  重氮盐 ArN₂⁺  |  N=N⁺ ↔ N⁺=N  |  苯环富电子时稳定  | 
 |  (12)  |  烯丙基自由基  |  单电子在两端碳  |  稳定 → SH2 反应优先  | 

4.2 用共振论解释稳定性的标准模式

模式 1：稳定性比较
""X 比 Y 稳定，因为 X 多一个共振结构 / X 的共振结构能量更低 / X 是等价共振而 Y 不是""

模式 2：酸碱性比较
""酸性 X > Y，因为 X 的共轭碱有更多共振结构 / 共振结构能量更低""

模式 3：反应位点预测
""亲电进攻在 X 位，因为该位置有较多负电荷分布（共振结构计数）""

模式 4：定位规律解释
""苯酚是邻对位定位基，因为 OH 通过共振结构把电子推到苯环邻对位""

4.3 共振论的""五大无能""

虽然共振论是有机化学不可或缺的工具，但有以下情况它本质上无能，必须借助 给体-受体相互作用 或 MO 理论：
• 几何依赖：1,2-二氟乙烷 gauche vs anti（共振结构看不出区别）→ 必须立体电子效应
• β-硅基效应的量级：σ(C-Si) → p(C+) 的数量化（共振只能定性）→ 必须 NBO 分析
• α 效应：H₂O₂ 的反常亲核性（共振结构无差别）→ 必须用反键能级分析
• 轨道节面阻断：90° 时为什么完全无相互作用（共振结构画不出节面）→ 必须 MO
• 优先离域原则的来源：为什么 N 孤对优先于 O 孤对离域（共振结构画法不能解释）→ 必须能级分析

---","有机化学 结构基础 共振论 rc_30d 化竞 电子离域","Chem::Core","[[共振论]]","30d","总结卡","共振论（Resonance Theory）：当一个分子的真实电子结构无法用单一 Lewis 结构式充分描述时，将真实结构表示为多个共振结构（canonical structures，又称极限式）的加权平均——即共振杂化体（resonance hybrid）。"
"共振论 有哪些常见易错点？","11.1 把共振当成""快速变换""

错误：理解为""分子在两种结构间快速振动""。

正确：共振结构是纸面工具，真实分子是杂化体——从来都不是任何一个共振结构本身。

同位素标记可以验证：苯的 ^{13}\mathrm{C} 化学位移完全均一，没有""两套环境""，说明所有 C 在杂化体中等价。

11.2 移动原子核

错误：

正确：共振论中只移动电子，从来不移动原子核。上述例子是酮-烯醇互变异构，不是共振。

11.3 漏掉重要共振结构

错误：只画一个共振结构就答题。

正确：必须画所有重要的（贡献大的）共振结构，否则可能错过关键稳定化来源。

11.4 把共振稳定化与共振结构数等同

错误：共振结构数越多 → 越稳定。

正确：要看共振结构的能量分布——10 个高能结构不如 2 个等价低能结构稳定化强。

11.5 忘记电荷分离的不利

错误：把酰胺写成 ""C=N + 双 O⁻"" 的结构，不考虑电荷分离能量代价。

正确：电荷分离的共振结构权重小（~15% 而非 50%），主体仍是中性结构。

11.6 用共振论硬解释立体电子效应

错误：用共振论解释 1,2-二氟乙烷 gauche 偏好。

正确：共振论无几何信息——立体电子效应必须用 给体-受体相互作用 描述。

11.7 共振稳定化能与""芳香性能量""混淆

错误：苯的共振能 = 苯的芳香性能量。

正确：
• 共振能 ≈ 36 kcal/mol（与""假""环己三烯比）
• 芳香性能量 ≈ 30-35 kcal/mol（基于 Hückel 4n+2 规则的计算）
• 数值相近但概念不同：共振能是经验差值，芳香性是 MO 计算结果。

---","有机化学 结构基础 共振论 rc_30d 化竞 电子离域","Chem::Core","[[共振论]]","30d","易错点卡","共振论（Resonance Theory）：当一个分子的真实电子结构无法用单一 Lewis 结构式充分描述时，将真实结构表示为多个共振结构（canonical structures，又称极限式）的加权平均——即共振杂化体（resonance hybrid）。"
"什么是共轭体系电子计数？","共轭体系（conjugated system）是指分子中含有交替的单键和双键（或三键），使得相邻的 p 轨道能够平行重叠、电子发生离域的结构单元。","有机化学 有机结构 共轭体系电子计数 rc_30d 化竞 芳香性 电子计数","Chem::Core","[[共轭体系电子计数]]","30d","概念卡","关键结论：
4.1 电子计数速查表

 |  化合物  |  π 电子数  |  芳香性  |  备注  | 
 | :--- | :---: | :---: | :--- | 
 |  苯  |  6  |  芳香  |  经典芳香化合物  | 
 |  环丙烯正离子  |  2  |  芳香  |  最小的芳香体系  | 
 |  环丁二烯  |  4  |  反芳香  |  极不稳定  | 
 |  环戊二烯负离子  |  6  |  芳香  |  茂金属配体  | 
 |  环辛四烯  |  8  |  非芳香  |  采取船式构象避免反芳香  | 
 |  环辛四烯二负离子  |  10  |  芳香  |  平面结构  | 
 |  萘  |  10  |  芳香  |  稠环，每环共享电子  | 
 |  吡啶  |  6  |  芳香  |  N 的孤对电子不参与  | 
 |  吡咯  |  6  |  芳香  |  N 的孤对电子参与  | 
 |  咪唑  |  6  |  芳香  |  两个 N 中一个贡献孤对电子  | 

4.2 稠环体系的计数

稠环（如萘、蒽、菲）中，共用键的 π 电子被两个环共享：• 萘（naphthalene）：10 个 π 电子，整体芳香• 蒽（anthracene）：14 个 π 电子，整体芳香• 薁（azulene）：10 个 π 电子，整体芳香（尽管五元环和七元环单独看似乎不符合）

稠环体系的芳香性应从整体 π 电子数和整体平面性判断，不能简单拆分为单环分析。

4.3 含杂原子体系的判断要点• 看杂原子的杂化方式：sp² 杂化才可能参与共轭• 看孤对电子的位置：• 在 p 轨道中 → 参与共轭（如吡咯的 N）• 在 sp² 杂化轨道中 → 不参与共轭（如吡啶的 N）• 电负性因素：O、N 等杂原子的引入会改变 π 电子密度分布，但不改变总数"
"共轭体系电子计数 的关键结论有哪些？","4.1 电子计数速查表

 |  化合物  |  π 电子数  |  芳香性  |  备注  | 
 | :--- | :---: | :---: | :--- | 
 |  苯  |  6  |  芳香  |  经典芳香化合物  | 
 |  环丙烯正离子  |  2  |  芳香  |  最小的芳香体系  | 
 |  环丁二烯  |  4  |  反芳香  |  极不稳定  | 
 |  环戊二烯负离子  |  6  |  芳香  |  茂金属配体  | 
 |  环辛四烯  |  8  |  非芳香  |  采取船式构象避免反芳香  | 
 |  环辛四烯二负离子  |  10  |  芳香  |  平面结构  | 
 |  萘  |  10  |  芳香  |  稠环，每环共享电子  | 
 |  吡啶  |  6  |  芳香  |  N 的孤对电子不参与  | 
 |  吡咯  |  6  |  芳香  |  N 的孤对电子参与  | 
 |  咪唑  |  6  |  芳香  |  两个 N 中一个贡献孤对电子  | 

4.2 稠环体系的计数

稠环（如萘、蒽、菲）中，共用键的 π 电子被两个环共享：• 萘（naphthalene）：10 个 π 电子，整体芳香• 蒽（anthracene）：14 个 π 电子，整体芳香• 薁（azulene）：10 个 π 电子，整体芳香（尽管五元环和七元环单独看似乎不符合）

稠环体系的芳香性应从整体 π 电子数和整体平面性判断，不能简单拆分为单环分析。

4.3 含杂原子体系的判断要点• 看杂原子的杂化方式：sp² 杂化才可能参与共轭• 看孤对电子的位置：• 在 p 轨道中 → 参与共轭（如吡咯的 N）• 在 sp² 杂化轨道中 → 不参与共轭（如吡啶的 N）• 电负性因素：O、N 等杂原子的引入会改变 π 电子密度分布，但不改变总数","有机化学 有机结构 共轭体系电子计数 rc_30d 化竞 芳香性 电子计数","Chem::Core","[[共轭体系电子计数]]","30d","总结卡","共轭体系（conjugated system）是指分子中含有交替的单键和双键（或三键），使得相邻的 p 轨道能够平行重叠、电子发生离域的结构单元。"
"共轭体系电子计数 有哪些常见易错点？","• 误将 sp³ 杂化原子计入共轭体系：sp³ 碳的 p 轨道不参与，打断共轭链• 三键计数错误：三键在环状共轭体系中只贡献 2 个 π 电子（另一对 π 电子垂直于环平面）• 稠环拆分计数：萘是 10 电子体系，不能当作两个独立的 6 电子苯环• 忽略平面性要求：只数电子数忘记检查分子是否能保持平面","有机化学 有机结构 共轭体系电子计数 rc_30d 化竞 芳香性 电子计数","Chem::Core","[[共轭体系电子计数]]","30d","易错点卡","共轭体系（conjugated system）是指分子中含有交替的单键和双键（或三键），使得相邻的 p 轨道能够平行重叠、电子发生离域的结构单元。"
"什么是共轭效应？","共轭效应（Conjugative Effect / Mesomeric Effect, 简称 +M / -M 或 +C / -C） 是指在共轭体系中，π 电子或孤对电子通过 π 轨道重叠发生离域而产生的电子效应。其本质是 给体-受体相互作用 的一种特殊形式（π 给体 → π\* 受体）。","有机化学 电子效应 共轭效应 rc_30d 化竞 共轭 共振论","Chem::Core","[[共轭效应]]","30d","概念卡","关键结论：
4.1 综合电子效应（共轭 + 诱导）

ABOC 行 1098-1100：

▲ 综合诱导效应和共轭效应后得到的给电子与吸电子能力如下：

4.1.1 给电子能力

\text{NR}_2 > \text{OR} > \text{F}

解读：
• 共轭：N（半径 0.75）> O（0.66）> F（0.64）：与 C 半径越接近，共轭越强
• 诱导：F > O > N：与 C 电负性差越大，诱导吸电子越强
• 综合：N 共轭赢得很多 + 诱导吸电子较弱 → 净给电子最强

4.1.2 吸电子能力

\text{F} < \text{I} \sim \text{Cl} \sim \text{Br} < \text{NO}_2 < \text{NR}_3^+

解读：
• F：诱导吸电子很强（电负性 4.0），但共轭也较强（弱给电子），综合相对最弱
• I/Cl/Br：诱导和共轭都中等
• NO₂：双重 -M（O=N⁻=O 的两个共振式）
• NR₃⁺（季铵盐）：永久正电荷，仅诱导吸电子（无共轭），综合最强

4.2 形式电荷的""强吸电子/强给电子""作用

ABOC 行 1102：

具有形式负电荷的原子具有高度给电子性；具有形式正电荷的原子具有高度吸电子性。

典型例子：

 |  基团  |  形式电荷  |  综合作用  | 
 | :--- | :--- | :--- | 
 |  -O⁻（alkoxide） |  -1  |  极强给电子（共轭+诱导双重正贡献） | 
 |  -NR₃⁺（季铵盐） |  +1  |  极强吸电子（仅诱导，但电荷大） | 
 |  -O⁻ 或 -S⁻  |  -1  |  极强给电子，可形成稳定芳香环（如苯酚负离子） | 
 |  -NO₂  |  N 形式带 +1（共振式中） |  强吸电子（部分诱导 + -M 共振） | 

4.3 自学练习 1.2.2-6（NO₂ 在烯烃上的共振式）

题目：画出当硝基（-NO₂）连在乙烯上面时物质的共振式，解释哪些位置富电子，哪些位置缺电子。

分析：
• 乙烯硝基化合物：CH₂=CH-NO₂
• NO₂ 的两个共振式：N=O（一个）+ N⁻-O⁻（另一个）

解答：
• 基本式：CH₂=CH-N⁺(=O)(-O⁻)
• 共振式 1：⁻CH₂-CH=N⁺(=O)(-O⁻) （C₁ 位负电荷）
• 共振式 2：⁻CH₂-CH=N⁺(-O)(=O) （另一种 N 共振）
• 结论：β-C（远离 N 的 C）δ-；α-C（靠近 N 的 C）δ+；N 永远 +；O 永远 -

反思：与烯基醚（O 给电子）相比，NO₂ 让 β-C 缺电子，因此该位置容易被亲核试剂攻击。

4.4 卤素的""反常""行为

卤素（F、Cl、Br、I）特殊：
• 诱导：强吸电子（-I）
• 共轭：弱给电子（+C，因为孤对电子可与芳环 π 共轭）
• 综合：吸电子（-I 主导）

但是！在芳香亲电取代中：
• 卤素是邻、对位定位（+M 共轭主导反应位置选择）
• 卤素是钝化（-I 诱导主导反应活性）
• 同时邻、对位定位 + 钝化——经典反例！

4.5 共轭吸电子取代基与非共轭基团的对比

 |  基团  |  诱导作用  |  共轭作用  |  综合  | 
 | :--- | :--- | :--- | :--- | 
 |  -F, -Cl, -Br, -I  |  强 -I  |  弱 +M  |  综合吸电子（-I 主导） | 
 |  -OH, -OR  |  中 -I  |  强 +M  |  综合给电子（+M 主导） | 
 |  -NH₂, -NR₂  |  弱 -I  |  强 +M  |  综合给电子（+M 主导） | 
 |  -CH=CH-R  |  0  |  0  |  主要是超共轭，中性  | 
 |  -CN  |  中 -I  |  强 -M  |  综合吸电子  | 
 |  -NO₂  |  中 -I  |  强 -M  |  综合吸电子（最强之一） | 

---"
"共轭效应 的关键结论有哪些？","4.1 综合电子效应（共轭 + 诱导）

ABOC 行 1098-1100：

▲ 综合诱导效应和共轭效应后得到的给电子与吸电子能力如下：

4.1.1 给电子能力

\text{NR}_2 > \text{OR} > \text{F}

解读：
• 共轭：N（半径 0.75）> O（0.66）> F（0.64）：与 C 半径越接近，共轭越强
• 诱导：F > O > N：与 C 电负性差越大，诱导吸电子越强
• 综合：N 共轭赢得很多 + 诱导吸电子较弱 → 净给电子最强

4.1.2 吸电子能力

\text{F} < \text{I} \sim \text{Cl} \sim \text{Br} < \text{NO}_2 < \text{NR}_3^+

解读：
• F：诱导吸电子很强（电负性 4.0），但共轭也较强（弱给电子），综合相对最弱
• I/Cl/Br：诱导和共轭都中等
• NO₂：双重 -M（O=N⁻=O 的两个共振式）
• NR₃⁺（季铵盐）：永久正电荷，仅诱导吸电子（无共轭），综合最强

4.2 形式电荷的""强吸电子/强给电子""作用

ABOC 行 1102：

具有形式负电荷的原子具有高度给电子性；具有形式正电荷的原子具有高度吸电子性。

典型例子：

 |  基团  |  形式电荷  |  综合作用  | 
 | :--- | :--- | :--- | 
 |  -O⁻（alkoxide） |  -1  |  极强给电子（共轭+诱导双重正贡献） | 
 |  -NR₃⁺（季铵盐） |  +1  |  极强吸电子（仅诱导，但电荷大） | 
 |  -O⁻ 或 -S⁻  |  -1  |  极强给电子，可形成稳定芳香环（如苯酚负离子） | 
 |  -NO₂  |  N 形式带 +1（共振式中） |  强吸电子（部分诱导 + -M 共振） | 

4.3 自学练习 1.2.2-6（NO₂ 在烯烃上的共振式）

题目：画出当硝基（-NO₂）连在乙烯上面时物质的共振式，解释哪些位置富电子，哪些位置缺电子。

分析：
• 乙烯硝基化合物：CH₂=CH-NO₂
• NO₂ 的两个共振式：N=O（一个）+ N⁻-O⁻（另一个）

解答：
• 基本式：CH₂=CH-N⁺(=O)(-O⁻)
• 共振式 1：⁻CH₂-CH=N⁺(=O)(-O⁻) （C₁ 位负电荷）
• 共振式 2：⁻CH₂-CH=N⁺(-O)(=O) （另一种 N 共振）
• 结论：β-C（远离 N 的 C）δ-；α-C（靠近 N 的 C）δ+；N 永远 +；O 永远 -

反思：与烯基醚（O 给电子）相比，NO₂ 让 β-C 缺电子，因此该位置容易被亲核试剂攻击。

4.4 卤素的""反常""行为

卤素（F、Cl、Br、I）特殊：
• 诱导：强吸电子（-I）
• 共轭：弱给电子（+C，因为孤对电子可与芳环 π 共轭）
• 综合：吸电子（-I 主导）

但是！在芳香亲电取代中：
• 卤素是邻、对位定位（+M 共轭主导反应位置选择）
• 卤素是钝化（-I 诱导主导反应活性）
• 同时邻、对位定位 + 钝化——经典反例！

4.5 共轭吸电子取代基与非共轭基团的对比

 |  基团  |  诱导作用  |  共轭作用  |  综合  | 
 | :--- | :--- | :--- | :--- | 
 |  -F, -Cl, -Br, -I  |  强 -I  |  弱 +M  |  综合吸电子（-I 主导） | 
 |  -OH, -OR  |  中 -I  |  强 +M  |  综合给电子（+M 主导） | 
 |  -NH₂, -NR₂  |  弱 -I  |  强 +M  |  综合给电子（+M 主导） | 
 |  -CH=CH-R  |  0  |  0  |  主要是超共轭，中性  | 
 |  -CN  |  中 -I  |  强 -M  |  综合吸电子  | 
 |  -NO₂  |  中 -I  |  强 -M  |  综合吸电子（最强之一） | 

---","有机化学 电子效应 共轭效应 rc_30d 化竞 共轭 共振论","Chem::Core","[[共轭效应]]","30d","总结卡","共轭效应（Conjugative Effect / Mesomeric Effect, 简称 +M / -M 或 +C / -C） 是指在共轭体系中，π 电子或孤对电子通过 π 轨道重叠发生离域而产生的电子效应。其本质是 给体-受体相互作用 的一种特殊形式（π 给体 → π\* 受体）。"
"共轭效应 有哪些常见易错点？","11.1 忘记共平面要求

错误：认为只要有 π 体系就有共轭。

正确：必须共平面！如果分子限制了共平面（如邻位位阻、扭曲），共轭被破坏。

11.2 把""-+-+ 模式""搞反

错误：硝基苯邻、对位富电子。

正确：硝基（-M）让邻、对位贫电子；间位相对富电子。但间位的""富电子""是相对的，不如苯酚的邻、对位富电子那么强。

11.3 卤素的 +M / -I 矛盾

错误：F 共轭给电子比 NH₂ 强。

正确：F 的 +M 较弱（半径差大、能级差大）。但 F 在芳香亲电取代中仍是邻、对位定位（因为 +M 决定位置），同时钝化（因为 -I 决定活性）。

11.4 烯基醚 vs 烯基硝基化合物的方向搞反

错误：烯基醚和烯基硝基化合物都让 β-C 富电子。

正确：烯基醚（O 给电子）让 β-C 富电子；烯基硝基化合物（NO₂ 吸电子）让 β-C 缺电子。

11.5 忽视形式电荷的重要性

错误：氨基（-NH₂）和铵基（-NH₃⁺）共轭差不多。

正确：-NH₂（中性）有 +M（强给电子）；-NH₃⁺（带正电）仅有 -I（无共轭，因 N 上无孤对电子）→ 强吸电子。

11.6 共轭与超共轭混为一谈

错误：σ-π\ 也叫共轭。

正确：共轭专指 π 给体；σ-π\ 是超共轭（超共轭效应）。

11.7 把共振式数量当成稳定性""绝对值""

错误：苯酚负离子有 4 个共振式，烯丙基负离子有 2 个，所以苯酚负离子比烯丙基负离子稳定一倍。

正确：共振式数量是定性比较指标，不是定量。各极限式的""贡献度""也不同（电荷分布在电负性大原子上的极限式贡献更大）。

---","有机化学 电子效应 共轭效应 rc_30d 化竞 共轭 共振论","Chem::Core","[[共轭效应]]","30d","易错点卡","共轭效应（Conjugative Effect / Mesomeric Effect, 简称 +M / -M 或 +C / -C） 是指在共轭体系中，π 电子或孤对电子通过 π 轨道重叠发生离域而产生的电子效应。其本质是 给体-受体相互作用 的一种特殊形式（π 给体 → π\* 受体）。"
"什么是内消旋体与外消旋体？","内消旋体（Meso Compound）：分子中含有两个或以上手性中心，但由于分子内存在对称面（σ）或对称中心（i），使分子整体无手性、无旋光性的化合物。","有机化学 立体化学 内消旋体与外消旋体 rc_30d 化竞","Chem::Core","[[内消旋体与外消旋体]]","30d","概念卡","关键结论：
• 内消旋体是单一化合物，外消旋体是混合物：这是二者最本质的区别• 内消旋体减少立体异构体总数：2 个相同手性中心时，理论 4 个 → 实际 3 个（1 对 + 1 meso）• 外消旋体无旋光，但可拆分：内消旋体无旋光，但不可拆分（因为没有对映体）• 酒石酸是经典教学案例：熔点数据 — (±) 206°C，meso 140°C，纯对映体 171°C• 外消旋化是药物储存中的重要问题：纯对映体药物可能随时间外消旋化而失效"
"内消旋体与外消旋体 的关键结论有哪些？","• 内消旋体是单一化合物，外消旋体是混合物：这是二者最本质的区别• 内消旋体减少立体异构体总数：2 个相同手性中心时，理论 4 个 → 实际 3 个（1 对 + 1 meso）• 外消旋体无旋光，但可拆分：内消旋体无旋光，但不可拆分（因为没有对映体）• 酒石酸是经典教学案例：熔点数据 — (±) 206°C，meso 140°C，纯对映体 171°C• 外消旋化是药物储存中的重要问题：纯对映体药物可能随时间外消旋化而失效","有机化学 立体化学 内消旋体与外消旋体 rc_30d 化竞","Chem::Core","[[内消旋体与外消旋体]]","30d","总结卡","内消旋体（Meso Compound）：分子中含有两个或以上手性中心，但由于分子内存在对称面（σ）或对称中心（i），使分子整体无手性、无旋光性的化合物。"
"内消旋体与外消旋体 有哪些常见易错点？","|  错误  |  原因  |  纠正  |  课堂提问  | 
 | :--- | :--- | :--- | :--- | 
 |  ""内消旋体没有手性中心""  |  概念混淆  |  内消旋体有手性中心，但分子整体无手性  |  meso-酒石酸有几个手性中心？  | 
 |  ""外消旋体是化合物""  |  概念混淆  |  外消旋体是混合物，不是纯化合物  |  外消旋体能被拆分成旋光性组分吗？  | 
 |  ""2 个手性中心 = 4 个异构体""  |  忽略 meso  |  若两个手性中心相同，则只有 3 个  |  2,3-二溴丁烷有几个立体异构体？  | 
 |  ""meso 体可拆分""  |  不了解 meso 本质  |  meso 体没有对映体，不可拆分  |  如何区分内消旋体和外消旋体？  |","有机化学 立体化学 内消旋体与外消旋体 rc_30d 化竞","Chem::Core","[[内消旋体与外消旋体]]","30d","易错点卡","内消旋体（Meso Compound）：分子中含有两个或以上手性中心，但由于分子内存在对称面（σ）或对称中心（i），使分子整体无手性、无旋光性的化合物。"
"什么是前线轨道理论？","前线轨道理论（FMO 理论）：由福井谦一（Kenichi Fukui）提出，认为分子之间发生化学反应时，起关键作用的是前线轨道——即能量最高的占据轨道（HOMO）和能量最低的未占据轨道（LUMO）。","有机化学 周环反应 前线轨道理论 rc_30d 化竞 FMO理论 HOMO","Chem::Core","[[前线轨道理论]]","30d","概念卡","关键结论：
• FMO 理论的核心 = HOMO-LUMO 相互作用
• 供体的 HOMO 流向受体的 LUMO
• 能量差越小，反应越快
• 对称性匹配是反应允许的前提
• 取代基通过改变 FMO 能量控制反应性
• 单分子周环反应由 HOMO 末端相位决定路径

---"
"前线轨道理论 的关键结论有哪些？","• FMO 理论的核心 = HOMO-LUMO 相互作用
• 供体的 HOMO 流向受体的 LUMO
• 能量差越小，反应越快
• 对称性匹配是反应允许的前提
• 取代基通过改变 FMO 能量控制反应性
• 单分子周环反应由 HOMO 末端相位决定路径

---","有机化学 周环反应 前线轨道理论 rc_30d 化竞 FMO理论 HOMO","Chem::Core","[[前线轨道理论]]","30d","总结卡","前线轨道理论（FMO 理论）：由福井谦一（Kenichi Fukui）提出，认为分子之间发生化学反应时，起关键作用的是前线轨道——即能量最高的占据轨道（HOMO）和能量最低的未占据轨道（LUMO）。"
"前线轨道理论 有哪些常见易错点？","• ❌ FMO 理论适用于所有反应 → FMO 理论只适用于协同周环反应
• ❌ HOMO 和 LUMO 是同一分子的 → 反应中是一个分子的 HOMO 与另一分子的 LUMO 作用
• ❌ HOMO 能量越高反应越快 → 关键是HOMO-LUMO 能隙，不是单一轨道能量
• ❌ 忽略对称性只考虑能量 → 能量匹配 + 对称性匹配缺一不可
• ❌ 光反应和热反应 HOMO 相同 → 光反应需用激发态的 HOMO（原 LUMO）

---","有机化学 周环反应 前线轨道理论 rc_30d 化竞 FMO理论 HOMO","Chem::Core","[[前线轨道理论]]","30d","易错点卡","前线轨道理论（FMO 理论）：由福井谦一（Kenichi Fukui）提出，认为分子之间发生化学反应时，起关键作用的是前线轨道——即能量最高的占据轨道（HOMO）和能量最低的未占据轨道（LUMO）。"
"什么是加成反应？","加成反应（Addition Reaction） 是指两个或多个分子结合形成一个产物的反应，其特征是不饱和键（π 键或环张力键）断裂，形成两个新的 σ 键，不饱和度降低。","有机化学 反应分类 加成反应 rc_30d 化竞","Chem::Core","[[加成反应]]","30d","概念卡","关键结论：
• 亲电加成的区域选择性由碳正离子稳定性决定（马氏规则的本质）• 亲核加成的立体选择性由位阻控制（Nu⁻ 从位阻较小面进攻）• 共轭体系存在 1,2-加成 vs 1,4-加成的竞争：动力学控制 → 1,2-；热力学控制 → 1,4-• 自由基加成的区域选择性由自由基稳定性决定（反马氏规则的本质）• 协同加成严格遵守立体专一性：syn 底物得 syn 产物，anti 底物得 anti 产物"
"加成反应 的关键结论有哪些？","• 亲电加成的区域选择性由碳正离子稳定性决定（马氏规则的本质）• 亲核加成的立体选择性由位阻控制（Nu⁻ 从位阻较小面进攻）• 共轭体系存在 1,2-加成 vs 1,4-加成的竞争：动力学控制 → 1,2-；热力学控制 → 1,4-• 自由基加成的区域选择性由自由基稳定性决定（反马氏规则的本质）• 协同加成严格遵守立体专一性：syn 底物得 syn 产物，anti 底物得 anti 产物","有机化学 反应分类 加成反应 rc_30d 化竞","Chem::Core","[[加成反应]]","30d","总结卡","加成反应（Addition Reaction） 是指两个或多个分子结合形成一个产物的反应，其特征是不饱和键（π 键或环张力键）断裂，形成两个新的 σ 键，不饱和度降低。"
"加成反应 有哪些常见易错点？","|  错误  |  原因  |  纠正  |  课堂提问  | 
 | :--- | :--- | :--- | :--- | 
 |  把 HX 对炔烃加成当成一步完成  |  忽略炔烃可停在一分子加成  |  HX 对炔烃可控制条件停在一分子，得乙烯基卤化物  |  为什么炔烃与 HX 加成可停在一分子，而烯烃通常不停？  | 
 |  1,4-加成产物画错结构  |  误以为 1,4-加成后双键在 α,β 位  |  1,4-加成后双键移到 Cα-Cβ 之间？不，是 Cα=O 保留，Cβ-Cγ 成单键  |  画出 1,4-加成后产物的完整结构，标出羰基位置  | 
 |  混淆 syn-加成与马氏规则  |  syn 是立体化学，马氏是区域化学  |  两者独立：syn 加成可以是马氏或反马氏（如硼氢化是 syn+反马氏） |  硼氢化-氧化同时满足什么区域选择性和立体选择性？  | 
 |  认为所有协同加成都是 syn  |  [2+2] 光环加成可有不同立体化学  |  [4+2] 环加成一般是 syn（endo 规则）；[2+2] 光环加成也保持烯烃构型  |  Diels-Alder 反应中双烯体构型是否在产物中保留？  | 
 |  把过氧化物效应推广到 HCl 和 HI  |  只记住""ROOR → 反马氏""，未理解机理  |  只有 HBr 有过氧化物效应；HCl 的 H-Cl 键太强，HI 的 I· 太不稳定  |  为什么 HCl 和 HI 不能发生反马氏自由基加成？  |","有机化学 反应分类 加成反应 rc_30d 化竞","Chem::Core","[[加成反应]]","30d","易错点卡","加成反应（Addition Reaction） 是指两个或多个分子结合形成一个产物的反应，其特征是不饱和键（π 键或环张力键）断裂，形成两个新的 σ 键，不饱和度降低。"
"什么是加聚反应？","加聚反应（Addition Polymerization）：由含有不饱和键（C=C、C≡C、C=O 等）的单体通过加成反应相互连接，形成高分子链的反应。反应过程中无小分子副产物生成。","有机化学 高分子化学 加聚反应 rc_30d 化竞 高分子 聚合反应","Chem::Core","[[加聚反应]]","30d","概念卡",""
"什么是动力学同位素效应？","动力学同位素效应（KIE）是指由于同位素取代（通常是用较重的同位素替换较轻的同位素）导致化学反应速率发生变化的现象。最常用的同位素替换是 氢（¹H）→ 氘（²H, D）。","有机化学 机理基础 动力学同位素效应 rc_30d 化竞 反应机理","Chem::Core","[[动力学同位素效应]]","30d","概念卡","关键结论：
• 一级 KIE ≈ 2–8 是 C–H 键在 RDS 中断裂的强证据：这是 KIE 最核心的应用• 二级 KIE 反映杂化变化：α-二级 KIE > 1 暗示 sp³→sp² 转变（碳正离子特征）• KIE 只在速控步中体现：若 C–H 断裂发生在速控步之后，观察不到 KIE• 多重同位素效应可复合：多个 H 被 D 取代时，效应可叠加• 温度越低，KIE 越大：因为隧穿效应在低温更显著"
"动力学同位素效应 的关键结论有哪些？","• 一级 KIE ≈ 2–8 是 C–H 键在 RDS 中断裂的强证据：这是 KIE 最核心的应用• 二级 KIE 反映杂化变化：α-二级 KIE > 1 暗示 sp³→sp² 转变（碳正离子特征）• KIE 只在速控步中体现：若 C–H 断裂发生在速控步之后，观察不到 KIE• 多重同位素效应可复合：多个 H 被 D 取代时，效应可叠加• 温度越低，KIE 越大：因为隧穿效应在低温更显著","有机化学 机理基础 动力学同位素效应 rc_30d 化竞 反应机理","Chem::Core","[[动力学同位素效应]]","30d","总结卡","动力学同位素效应（KIE）是指由于同位素取代（通常是用较重的同位素替换较轻的同位素）导致化学反应速率发生变化的现象。最常用的同位素替换是 氢（¹H）→ 氘（²H, D）。"
"动力学同位素效应 有哪些常见易错点？","|  错误  |  原因  |  纠正  |  课堂提问  | 
 | :--- | :--- | :--- | :--- | 
 |  ""KIE 大 = 反应快""  |  误解 k_H/k_D 的含义  |  KIE = k_H/k_D，大表示 H 比 D 快得多，不是绝对速率大  |  k_H/k_D = 7 意味着什么？  | 
 |  ""无 KIE = 无 C–H 参与""  |  忽略 KIE 只在 RDS 体现  |  无 KIE 只说明 C–H 不在 RDS 中断裂，不代表不参与反应  |  某反应 KIE≈1，C–H 一定不参与反应吗？  | 
 |  ""二级 KIE 没有意义""  |  不了解其机理价值  |  二级 KIE 虽小，但能提供过渡态杂化的重要信息  |  SN1 和 SN2 的 KIE 有何不同？  |","有机化学 机理基础 动力学同位素效应 rc_30d 化竞 反应机理","Chem::Core","[[动力学同位素效应]]","30d","易错点卡","动力学同位素效应（KIE）是指由于同位素取代（通常是用较重的同位素替换较轻的同位素）导致化学反应速率发生变化的现象。最常用的同位素替换是 氢（¹H）→ 氘（²H, D）。"
"什么是动力学控制？","动力学控制是指当反应由各竞争路径的活化能（ΔG‡）差异决定产物分布时，主要生成形成速率最快的产物（动力学产物），而非热力学上最稳定的产物。","有机化学 机理基础 动力学控制 rc_30d 化竞 反应机理","Chem::Core","[[动力学控制]]","30d","概念卡","关键结论：
• 动力学产物 = 形成最快的产物，不一定是能量最低的产物• 热力学产物 = 能量最低（最稳定）的产物• 同一反应在不同条件下可能得到不同主产物——这是合成化学中选择性调控的核心策略• 不可逆条件下只能得到动力学产物——即使热力学产物更稳定• 动力学控制 vs 热力学控制是相对的——取决于温度、时间、可逆性三个因素的综合"
"动力学控制 的关键结论有哪些？","• 动力学产物 = 形成最快的产物，不一定是能量最低的产物• 热力学产物 = 能量最低（最稳定）的产物• 同一反应在不同条件下可能得到不同主产物——这是合成化学中选择性调控的核心策略• 不可逆条件下只能得到动力学产物——即使热力学产物更稳定• 动力学控制 vs 热力学控制是相对的——取决于温度、时间、可逆性三个因素的综合","有机化学 机理基础 动力学控制 rc_30d 化竞 反应机理","Chem::Core","[[动力学控制]]","30d","总结卡","动力学控制是指当反应由各竞争路径的活化能（ΔG‡）差异决定产物分布时，主要生成形成速率最快的产物（动力学产物），而非热力学上最稳定的产物。"
"动力学控制 有哪些常见易错点？","|  错误  |  原因  |  纠正  |  课堂提问  | 
 | :--- | :--- | :--- | :--- | 
 |  ""动力学产物就是不稳定的产物""  |  简化理解  |  动力学产物只是形成最快，不一定是最不稳定的  |  动力学产物可能恰好也是最稳定的吗？  | 
 |  ""低温一定得到动力学产物""  |  忽略可逆性  |  低温下如果反应可逆且快速达到平衡，仍可能得到热力学产物  |  低温可逆反应的主产物由什么决定？  | 
 |  ""动力学和热力学是互斥的""  |  概念对立  |  二者是同一竞争体系在不同条件下的表现  |  一个反应可以同时受动力学和热力学控制吗？  | 
 |  ""强碱一定生成动力学烯醇盐""  |  以偏概全  |  只有大位阻、非亲核性、低温的强碱才生成动力学烯醇盐；普通强碱（如 NaOH）可能受热力学控制  |  n-BuLi 和 LDA 哪个更适合生成动力学烯醇盐？  | 
 |  ""热力学产物总是合成目标""  |  忽略合成策略  |  很多时候动力学产物才是合成需要的  |  Aldol 反应中为什么常需要动力学烯醇盐？  |","有机化学 机理基础 动力学控制 rc_30d 化竞 反应机理","Chem::Core","[[动力学控制]]","30d","易错点卡","动力学控制是指当反应由各竞争路径的活化能（ΔG‡）差异决定产物分布时，主要生成形成速率最快的产物（动力学产物），而非热力学上最稳定的产物。"
"什么是区域选择性？","区域选择性（Regioselectivity）是指当反应可以在底物的多个位置发生时，试剂优先选择其中一个特定位置进行反应的倾向。区域选择性是有机合成中控制产物结构的核心要素之一。","有机化学 反应分类 区域选择性 rc_30d 化竞 基础要求 马氏规则","Chem::Core","[[区域选择性]]","30d","概念卡","关键结论：
• [待补充]"
"区域选择性 的关键结论有哪些？","• [待补充]","有机化学 反应分类 区域选择性 rc_30d 化竞 基础要求 马氏规则","Chem::Core","[[区域选择性]]","30d","总结卡","区域选择性（Regioselectivity）是指当反应可以在底物的多个位置发生时，试剂优先选择其中一个特定位置进行反应的倾向。区域选择性是有机合成中控制产物结构的核心要素之一。"
"区域选择性 有哪些常见易错点？","• [待补充]","有机化学 反应分类 区域选择性 rc_30d 化竞 基础要求 马氏规则","Chem::Core","[[区域选择性]]","30d","易错点卡","区域选择性（Regioselectivity）是指当反应可以在底物的多个位置发生时，试剂优先选择其中一个特定位置进行反应的倾向。区域选择性是有机合成中控制产物结构的核心要素之一。"
"什么是半缩醛？","半缩醛（Hemiacetal）：醛或酮与一分子醇在酸催化下反应生成的产物，分子中同一碳原子上同时连接一个羟基（-OH）和一个烷氧基（-OR）。","有机化学 亲核加成反应 半缩醛 rc_30d 化竞 基础要求 羰基","Chem::Core","[[半缩醛]]","30d","概念卡",""
"什么是协同反应？","协同反应（Concerted Reaction）是指化学键的断裂与形成在同一瞬间、通过单一过渡态同步完成的反应。反应过程中不生成活性中间体（如碳正离子、碳负离子、自由基），只有电子的重新组织。","有机化学 基础要求-有机化学 反应机理 协同反应 rc_30d 化竞 周环反应","Chem::Core","[[协同反应]]","30d","概念卡","关键结论：
4.1 立体专一性——协同反应的""指纹""• Diels-Alder：双烯体与亲双烯体的相对立体构型原封不动进入产物• 顺式取代 → 产物中顺式保留• 反式取代 → 产物中反式保留• 电环化：热/光条件下旋转方向不同（顺旋/对旋），产物构型不同• σ 迁移：迁移基团的构型保留（同面迁移）或翻转（异面迁移）

4.2 endo 规则（Diels-Alder）• 动力学控制：endo 产物为主（次级轨道相互作用稳定过渡态）• 热力学控制：长期加热可能转化为更稳定的 exo 产物

\ce{diene + dienophile ->[\text{kinetic}] \text{endo 产物} \xrightleftharpoons[\Delta]{\text{thermal}} \text{exo 产物}}"
"协同反应 的关键结论有哪些？","4.1 立体专一性——协同反应的""指纹""• Diels-Alder：双烯体与亲双烯体的相对立体构型原封不动进入产物• 顺式取代 → 产物中顺式保留• 反式取代 → 产物中反式保留• 电环化：热/光条件下旋转方向不同（顺旋/对旋），产物构型不同• σ 迁移：迁移基团的构型保留（同面迁移）或翻转（异面迁移）

4.2 endo 规则（Diels-Alder）• 动力学控制：endo 产物为主（次级轨道相互作用稳定过渡态）• 热力学控制：长期加热可能转化为更稳定的 exo 产物

\ce{diene + dienophile ->[\text{kinetic}] \text{endo 产物} \xrightleftharpoons[\Delta]{\text{thermal}} \text{exo 产物}}","有机化学 基础要求-有机化学 反应机理 协同反应 rc_30d 化竞 周环反应","Chem::Core","[[协同反应]]","30d","总结卡","协同反应（Concerted Reaction）是指化学键的断裂与形成在同一瞬间、通过单一过渡态同步完成的反应。反应过程中不生成活性中间体（如碳正离子、碳负离子、自由基），只有电子的重新组织。"
"协同反应 有哪些常见易错点？","• 把 ""协同"" 等同于 ""一步"" 但忽略 ""无中间体""——有些反应虽快，但有中间体，不是协同• 热/光条件记混：4n 体系热对旋、光顺旋；4n+2 体系热顺旋、光对旋• 认为 ""禁阻 = 不可能""——实际上只是活化能极高，极端条件下仍可能发生• endo 产物当成热力学稳定产物——endo 是动力学产物，exo 才是热力学更稳定的","有机化学 基础要求-有机化学 反应机理 协同反应 rc_30d 化竞 周环反应","Chem::Core","[[协同反应]]","30d","易错点卡","协同反应（Concerted Reaction）是指化学键的断裂与形成在同一瞬间、通过单一过渡态同步完成的反应。反应过程中不生成活性中间体（如碳正离子、碳负离子、自由基），只有电子的重新组织。"
"什么是卡宾？","卡宾（Carbene）：含有一个二价碳原子的中性物种，通式为 R₂C:，碳上只有两个取代基（R = H, 烷基, 芳基, 卤素等），并有一个孤对电子和一个空 p 轨道（单线态），或两个未成对电子（三线态）。","有机化学 活性中间体 卡宾 rc_30d 化竞 协同反应","Chem::Core","[[卡宾]]","30d","概念卡","关键结论：
• 单线态 = 协同，三线态 = 分步——这是判别环丙烷化立体化学的核心
• 取代基决定自旋态：给电子基 → 单线态；无取代/吸电子 → 三线态基态
• NHC 是有机催化革命的起点——从""不稳定中间体""到""可分离催化剂""
• α-消除是竞赛中最常见的卡宾生成方式——CHX₃ + 强碱 → :CX₂
• 卡宾插入选择性 ≈ 自由基抽氢选择性——3° > 2° > 1°，但机理不同（协同 vs 分步）

---"
"卡宾 的关键结论有哪些？","• 单线态 = 协同，三线态 = 分步——这是判别环丙烷化立体化学的核心
• 取代基决定自旋态：给电子基 → 单线态；无取代/吸电子 → 三线态基态
• NHC 是有机催化革命的起点——从""不稳定中间体""到""可分离催化剂""
• α-消除是竞赛中最常见的卡宾生成方式——CHX₃ + 强碱 → :CX₂
• 卡宾插入选择性 ≈ 自由基抽氢选择性——3° > 2° > 1°，但机理不同（协同 vs 分步）

---","有机化学 活性中间体 卡宾 rc_30d 化竞 协同反应","Chem::Core","[[卡宾]]","30d","总结卡","卡宾（Carbene）：含有一个二价碳原子的中性物种，通式为 R₂C:，碳上只有两个取代基（R = H, 烷基, 芳基, 卤素等），并有一个孤对电子和一个空 p 轨道（单线态），或两个未成对电子（三线态）。"
"卡宾 有哪些常见易错点？","• ❌ 认为所有卡宾都是三线态 → 给电子取代基使单线态稳定
• ❌ 混淆卡宾与碳正离子 → 两者都是 6 电子，但卡宾中性、碳正离子 +1 价
• ❌ 环丙烷化立体化学记反 → 单线态保持、三线态外消旋化
• ❌ 认为 NHC 会做环丙烷化 → NHC 是稳定卡宾，主要作配体/催化剂，不做典型卡宾反应
• ❌ 忽略乃春的存在 → Curtius 重排、Hofmann 重排中都涉及乃春中间体
• ❌ α-消除 vs β-消除混淆 → α-消除是同一碳上同时掉 H 和 LG，β-消除是相邻碳上掉 H
• ❌ 类卡宾 = 卡宾 → Simmons-Smith 试剂不是游离卡宾，反应性不同
• ❌ 卡宾插入选择性记成自由基选择性 → 虽然 3°>2°>1° 结果类似，但机理不同（协同 vs 分步）

---","有机化学 活性中间体 卡宾 rc_30d 化竞 协同反应","Chem::Core","[[卡宾]]","30d","易错点卡","卡宾（Carbene）：含有一个二价碳原子的中性物种，通式为 R₂C:，碳上只有两个取代基（R = H, 烷基, 芳基, 卤素等），并有一个孤对电子和一个空 p 轨道（单线态），或两个未成对电子（三线态）。"
"什么是卡宾化学？","卡宾（Carbene, :CR₂）是包含只具有六个价电子的碳原子的中性物种，通式为 :CR₂。卡宾是电中性的二价碳中间体，具有高度反应活性。与碳阳离子（carbenium ions，如 ^+CH₃）不同，卡宾虽然是六电子缺电子物种，但不带电荷。","有机化学 有机反应 卡宾化学 rc_30d 化竞 卡宾 反应机理 金属有机","Chem::Core","[[卡宾]]","30d","概念卡","关键结论：
• [待补充]"
"卡宾化学 的关键结论有哪些？","• [待补充]","有机化学 有机反应 卡宾化学 rc_30d 化竞 卡宾 反应机理 金属有机","Chem::Core","[[卡宾]]","30d","总结卡","卡宾（Carbene, :CR₂）是包含只具有六个价电子的碳原子的中性物种，通式为 :CR₂。卡宾是电中性的二价碳中间体，具有高度反应活性。与碳阳离子（carbenium ions，如 ^+CH₃）不同，卡宾虽然是六电子缺电子物种，但不带电荷。"
"卡宾化学 有哪些常见易错点？","• 不要混淆卡宾与碳正离子：卡宾是电中性六电子物种，碳正离子是带正电六电子物种
• Simmons-Smith 试剂不是自由卡宾：而是有机锌卡宾等价物（ICH₂","有机化学 有机反应 卡宾化学 rc_30d 化竞 卡宾 反应机理 金属有机","Chem::Core","[[卡宾]]","30d","易错点卡","卡宾（Carbene, :CR₂）是包含只具有六个价电子的碳原子的中性物种，通式为 :CR₂。卡宾是电中性的二价碳中间体，具有高度反应活性。与碳阳离子（carbenium ions，如 ^+CH₃）不同，卡宾虽然是六电子缺电子物种，但不带电荷。"
"什么是卤代内酯化反应？","卤代内酯化反应（Halolactonization）：含有双键和羧基（或羟基）的分子，在卤素（I₂、Br₂）作用下，双键与卤素形成鎓离子，分子内羧酸根（或羟基）作为亲核试剂从背面进攻鎓离子，发生分子内开环，生成卤代内酯（或卤代环醚）的反应。","有机化学 亲电加成 卤代内酯化反应 rc_30d 化竞 卤代内酯化 分子内反应 鎓离子","Chem::Core","[[卤代内酯化反应]]","30d","概念卡","关键结论：
• 卤代内酯化 = 鎓离子 + 分子内亲核进攻
• 分子内 > 分子间——熵优势使分子内反应更快
• 成环速率：5 > 6 > 3 > 7 > 4 > 8
• 反式加成——亲核试剂从背面进攻鎓离子
• Thorpe-Ingold 效应加速成环——偕二甲基有利
• 卤素和氧在产物中呈反式

---"
"卤代内酯化反应 的关键结论有哪些？","• 卤代内酯化 = 鎓离子 + 分子内亲核进攻
• 分子内 > 分子间——熵优势使分子内反应更快
• 成环速率：5 > 6 > 3 > 7 > 4 > 8
• 反式加成——亲核试剂从背面进攻鎓离子
• Thorpe-Ingold 效应加速成环——偕二甲基有利
• 卤素和氧在产物中呈反式

---","有机化学 亲电加成 卤代内酯化反应 rc_30d 化竞 卤代内酯化 分子内反应 鎓离子","Chem::Core","[[卤代内酯化反应]]","30d","总结卡","卤代内酯化反应（Halolactonization）：含有双键和羧基（或羟基）的分子，在卤素（I₂、Br₂）作用下，双键与卤素形成鎓离子，分子内羧酸根（或羟基）作为亲核试剂从背面进攻鎓离子，发生分子内开环，生成卤代内酯（或卤代环醚）的反应。"
"卤代内酯化反应 有哪些常见易错点？","• ❌ 忘记分子内反应优先 → 卤代内酯化比分子间开环快得多
• ❌ 成环大小死记 → 5 > 6 > 3 > 7 > 4 > 8，但具体底物需具体分析
• ❌ 忽略 pH 控制 → 需弱碱性使 COO⁻ 有足够亲核性
• ❌ 认为 Cl₂ 也能很好进行 → Cl₂ 通常不走鎓离子机理
• ❌ 忽略 Thorpe-Ingold 效应 → 偕二甲基可显著加速成环
• ❌ 产物立体化学画错 → 卤素和氧必须是反式

---","有机化学 亲电加成 卤代内酯化反应 rc_30d 化竞 卤代内酯化 分子内反应 鎓离子","Chem::Core","[[卤代内酯化反应]]","30d","易错点卡","卤代内酯化反应（Halolactonization）：含有双键和羧基（或羟基）的分子，在卤素（I₂、Br₂）作用下，双键与卤素形成鎓离子，分子内羧酸根（或羟基）作为亲核试剂从背面进攻鎓离子，发生分子内开环，生成卤代内酯（或卤代环醚）的反应。"
"什么是原子经济性与反应选择性？","原子经济性（Atom Economy）是由 Barry Trost 于 1991 年提出的概念，用于评价化学反应中反应物原子转化为目标产物的效率。原子经济性高的反应更符合绿色化学理念。","有机化学 反应分类 原子经济性与反应选择性 rc_30d 化竞 反应评价","Chem::Core","[[原子经济性与反应选择性]]","30d","概念卡","关键结论：
• 加成反应和重排反应的原子经济性最高（100%）：所有反应物原子都进入产物• 原子经济性 ≠ 产率：一个反应可以有 100% 产率但原子经济性很低（如需要大量试剂）• 化学选择性是绿色合成的前提：减少副反应意味着减少废物和分离成本• 立体选择性是现代有机合成的核心挑战：天然产物和药物通常只需要一种立体异构体• 动力学控制和热力学控制可以导向不同产物：条件选择是合成设计的关键"
"原子经济性与反应选择性 的关键结论有哪些？","• 加成反应和重排反应的原子经济性最高（100%）：所有反应物原子都进入产物• 原子经济性 ≠ 产率：一个反应可以有 100% 产率但原子经济性很低（如需要大量试剂）• 化学选择性是绿色合成的前提：减少副反应意味着减少废物和分离成本• 立体选择性是现代有机合成的核心挑战：天然产物和药物通常只需要一种立体异构体• 动力学控制和热力学控制可以导向不同产物：条件选择是合成设计的关键","有机化学 反应分类 原子经济性与反应选择性 rc_30d 化竞 反应评价","Chem::Core","[[原子经济性与反应选择性]]","30d","总结卡","原子经济性（Atom Economy）是由 Barry Trost 于 1991 年提出的概念，用于评价化学反应中反应物原子转化为目标产物的效率。原子经济性高的反应更符合绿色化学理念。"
"原子经济性与反应选择性 有哪些常见易错点？","|  错误  |  原因  |  纠正  |  课堂提问  | 
 | :--- | :--- | :--- | :--- | 
 |  ""原子经济性 = 产率""  |  混淆两个概念  |  原子经济性是理论计量比；产率是实际转化效率  |  一个反应产率 95% 但原子经济性只有 50%，说明什么？  | 
 |  ""所有加成反应原子经济性都是 100%""  |  忽略试剂  |  若加成反应需要额外试剂（如氧化剂），试剂计入分母  |  烯烃的硼氢化-氧化反应原子经济性是 100% 吗？  | 
 |  ""区域选择性只存在于不对称烯烃""  |  理解过窄  |  芳香取代、共轭体系加成等也有区域选择性  |  1,3-丁二烯与 HBr 加成的区域选择性是什么？  | 
 |  ""立体选择性只指手性分子""  |  忽略顺反异构  |  E/","有机化学 反应分类 原子经济性与反应选择性 rc_30d 化竞 反应评价","Chem::Core","[[原子经济性与反应选择性]]","30d","易错点卡","原子经济性（Atom Economy）是由 Barry Trost 于 1991 年提出的概念，用于评价化学反应中反应物原子转化为目标产物的效率。原子经济性高的反应更符合绿色化学理念。"
"什么是双羟化反应？","双羟化反应（Dihydroxylation）：烯烃转化为邻二醇（1,2-二醇）的反应。根据试剂不同，可得到顺式或反式邻二醇。","有机化学 氧化还原 双羟化反应 rc_30d 化竞 邻二醇 OsO4","Chem::Core","[[双羟化反应]]","30d","概念卡","关键结论：
• 顺式双羟化：OsO₄/NMO 或 稀冷 KMnO₄ → syn 加成
• 反式双羟化：Prevost（无水，I₂/AgOAc）→ anti 加成
• 顺式双羟化（另一路线）：Woodward（有水，I₂/AgOAc/H₂O）→ syn 加成
• Prevost vs Woodward 差异的本质：水使中间体不可逆——微量条件变化即可翻转立体化学
• 邻二醇切断：HIO₄ 专切顺式邻二醇（五元环酯机理），是结构推断利器
• 三种邻二醇制备路线互补：
• 要 syn → OsO₄ 或 Woodward
• 要 anti → Prevost
• 要 最便宜 → 稀冷 KMnO₄（但需控温）

---"
"双羟化反应 的关键结论有哪些？","• 顺式双羟化：OsO₄/NMO 或 稀冷 KMnO₄ → syn 加成
• 反式双羟化：Prevost（无水，I₂/AgOAc）→ anti 加成
• 顺式双羟化（另一路线）：Woodward（有水，I₂/AgOAc/H₂O）→ syn 加成
• Prevost vs Woodward 差异的本质：水使中间体不可逆——微量条件变化即可翻转立体化学
• 邻二醇切断：HIO₄ 专切顺式邻二醇（五元环酯机理），是结构推断利器
• 三种邻二醇制备路线互补：
• 要 syn → OsO₄ 或 Woodward
• 要 anti → Prevost
• 要 最便宜 → 稀冷 KMnO₄（但需控温）

---","有机化学 氧化还原 双羟化反应 rc_30d 化竞 邻二醇 OsO4","Chem::Core","[[双羟化反应]]","30d","总结卡","双羟化反应（Dihydroxylation）：烯烃转化为邻二醇（1,2-二醇）的反应。根据试剂不同，可得到顺式或反式邻二醇。"
"双羟化反应 有哪些常见易错点？","• ❌ 混淆 Prevost 和 Woodward 的条件 → 无水 = Prevost = anti；有水 = Woodward = syn
• ❌ 认为 KMnO₄ 总是氧化断裂双键 → 稀冷条件下是syn 双羟化
• ❌ 忽略 OsO₄ 的毒性 → 竞赛实验设计题可能涉及安全考量
• ❌ 邻二醇切断只记产物，不记立体要求 → 顺式邻二醇切断更快（五元环酯）
• ❌ 把 Woodward 当反式 → Woodward 是 syn（有水使中间体不可逆）
• ❌ 混淆环氧开环与双羟化的立体化学 → 环氧开环得 trans-二醇；OsO₄ 得 syn-二醇
• ❌ 忘记 Sharpless 双羟化 → 高阶竞赛可能考不对称双羟化的对映选择性
• ❌ HIO₄ 切断非邻二醇 → HIO₄ 只切 1,2-二醇；1,3-二醇不反应

---","有机化学 氧化还原 双羟化反应 rc_30d 化竞 邻二醇 OsO4","Chem::Core","[[双羟化反应]]","30d","易错点卡","双羟化反应（Dihydroxylation）：烯烃转化为邻二醇（1,2-二醇）的反应。根据试剂不同，可得到顺式或反式邻二醇。"
"什么是反应机理？","反应机理描述化学反应从反应物到产物的详细路径，包括中间体、过渡态、电子流向和立体化学变化。决赛题目中，机理推断是区分选手水平的核心能力，要求综合运用电子效应、立体电子效应、热力学和动力学分析。","有机化学 有机反应 反应机理 rc_30d 化竞 决赛要求","Chem::Core","[[反应机理]]","30d","概念卡","关键结论：
• [待补充]"
"反应机理 的关键结论有哪些？","• [待补充]","有机化学 有机反应 反应机理 rc_30d 化竞 决赛要求","Chem::Core","[[反应机理]]","30d","总结卡","反应机理描述化学反应从反应物到产物的详细路径，包括中间体、过渡态、电子流向和立体化学变化。决赛题目中，机理推断是区分选手水平的核心能力，要求综合运用电子效应、立体电子效应、热力学和动力学分析。"
"反应机理 有哪些常见易错点？","• [待补充]","有机化学 有机反应 反应机理 rc_30d 化竞 决赛要求","Chem::Core","[[反应机理]]","30d","易错点卡","反应机理描述化学反应从反应物到产物的详细路径，包括中间体、过渡态、电子流向和立体化学变化。决赛题目中，机理推断是区分选手水平的核心能力，要求综合运用电子效应、立体电子效应、热力学和动力学分析。"
"什么是反式共平面？","反式共平面（antiperiplanar / trans-coplanar）：在一个 X-A-B-Y 四原子链中，X-A 键与 B-Y 键的二面角为 180°（即 X 与 Y 处于 A-B 键的相反侧、并且 X-A-B-Y 四个原子共面）的几何关系。","有机化学 立体电子效应 反式共平面 rc_30d 化竞 几何要求 给体-受体相互作用","Chem::Core","[[反式共平面]]","30d","概念卡","关键结论：
4.1 反式共平面是给体-受体相互作用的""地基""

ABOC 把所有传统的电子效应都归到 给体-受体相互作用 框架下；而它们全部要求反式共平面或类似几何：

 |  效应名  |  给体  |  受体  |  反式共平面要求  | 
 | :--- | :--- | :--- | :---: | 
 |  普通超共轭  |  σ(C-H)  |  σ\(C-X) / p / π\  |  ✓  | 
 |  β-硅基效应  |  σ(C-Si)  |  p(C⁺)  |  ✓（Lambert 实验：10¹² 倍） | 
 |  端基效应  |  n(N/O)  |  σ\*(N-"
"反式共平面 的关键结论有哪些？","4.1 反式共平面是给体-受体相互作用的""地基""

ABOC 把所有传统的电子效应都归到 给体-受体相互作用 框架下；而它们全部要求反式共平面或类似几何：

 |  效应名  |  给体  |  受体  |  反式共平面要求  | 
 | :--- | :--- | :--- | :---: | 
 |  普通超共轭  |  σ(C-H)  |  σ\(C-X) / p / π\  |  ✓  | 
 |  β-硅基效应  |  σ(C-Si)  |  p(C⁺)  |  ✓（Lambert 实验：10¹² 倍） | 
 |  端基效应  |  n(N/O)  |  σ\*(N-","有机化学 立体电子效应 反式共平面 rc_30d 化竞 几何要求 给体-受体相互作用","Chem::Core","[[反式共平面]]","30d","总结卡","反式共平面（antiperiplanar / trans-coplanar）：在一个 X-A-B-Y 四原子链中，X-A 键与 B-Y 键的二面角为 180°（即 X 与 Y 处于 A-B 键的相反侧、并且 X-A-B-Y 四个原子共面）的几何关系。"
"反式共平面 有哪些常见易错点？","|  错误  |  原因  |  纠正  | 
 | :--- | :--- | :--- | 
 |  把""反式共平面""缩写为""反共面""或""反共平面""  |  中文习惯简化  |  ABOC 明确反对——保持完整术语  | 
 |  把""反式共平面""等同于""反式（trans/E）"" |  都有""反式""二字  |  反式共平面是几何关系（180°）；反式（trans）是构型关系（取代基相对位置） | 
 |  忘记顺式共平面（0°）也是""共平面""  |  把""共平面"" = ""反式共平面""  |  顺式共平面（synperiplanar）= 0°，反式共平面（antiperiplanar）= 180°，两者不同  | 
 |  在 sp³ 中找不出反式共平面（垂直构象） |  不画 Newman 投影  |  必须画！立体构象决定一切  | 
 |  认为反式共平面总是有利  |  忽视 α 效应反例  |  当两个轨道都已被电子占据时（如 lp-lp），反式共平面不利  | 
 |  把""反式共平面""与""反平行""混淆  |  翻译相似  |  反平行（antiparallel）是磁矩或键的""方向相反""；反式共平面是几何二面角概念  | 
 |  在 sp² 体系中用错""反式共平面""  |  sp³ 习惯延伸  |  sp² 体系要求""轨道与 π 平面共面""——这是广义反式共平面  | 

---","有机化学 立体电子效应 反式共平面 rc_30d 化竞 几何要求 给体-受体相互作用","Chem::Core","[[反式共平面]]","30d","易错点卡","反式共平面（antiperiplanar / trans-coplanar）：在一个 X-A-B-Y 四原子链中，X-A 键与 B-Y 键的二面角为 180°（即 X 与 Y 处于 A-B 键的相反侧、并且 X-A-B-Y 四个原子共面）的几何关系。"
"什么是反极化与亲卤取代？","反极化（Polarizability-Reversal）：某些高极化率（软）亲核试剂（如硫醇盐 RS⁻、碘离子 I⁻）在 SN2 反应中，优先进攻底物中电负性较大的原子（通常是离去基团本身，如卤素）而非传统的亲电碳中心，导致离去基团被直接取代的现象。","有机化学 亲核取代 反极化与亲卤取代 rc_30d 化竞 反极化 亲卤取代 SN2","Chem::Core","[[反极化与亲卤取代]]","30d","概念卡","关键结论：
• 反极化的本质是软-软匹配——软亲核试剂（RS⁻, I⁻）偏好进攻软亲电中心（卤素）
• 位阻越大，亲卤路径越重要——当传统 SN2 被位阻抑制时，反极化成为竞争路径
• 反极化不是独立的反应类型——它是 SN2 在同一势能面上的另一种进攻模式
• 硫亲核试剂是反极化的典型代表——RS⁻、RSe⁻ 的软度足以进攻卤素
• 产物分析时需考虑碳负离子中间体——亲卤取代产生 R'⁻，可能被质子化或发生其他反应

---"
"反极化与亲卤取代 的关键结论有哪些？","• 反极化的本质是软-软匹配——软亲核试剂（RS⁻, I⁻）偏好进攻软亲电中心（卤素）
• 位阻越大，亲卤路径越重要——当传统 SN2 被位阻抑制时，反极化成为竞争路径
• 反极化不是独立的反应类型——它是 SN2 在同一势能面上的另一种进攻模式
• 硫亲核试剂是反极化的典型代表——RS⁻、RSe⁻ 的软度足以进攻卤素
• 产物分析时需考虑碳负离子中间体——亲卤取代产生 R'⁻，可能被质子化或发生其他反应

---","有机化学 亲核取代 反极化与亲卤取代 rc_30d 化竞 反极化 亲卤取代 SN2","Chem::Core","[[反极化与亲卤取代]]","30d","总结卡","反极化（Polarizability-Reversal）：某些高极化率（软）亲核试剂（如硫醇盐 RS⁻、碘离子 I⁻）在 SN2 反应中，优先进攻底物中电负性较大的原子（通常是离去基团本身，如卤素）而非传统的亲电碳中心，导致离去基团被直接取代的现象。"
"反极化与亲卤取代 有哪些常见易错点？","• ❌ 把反极化当成 SN1 → 反极化是两电子过程，不是碳正离子机理
• ❌ 认为所有亲核试剂都能发生反极化 → 只有软亲核试剂才会
• ❌ 忽略产物中的碳负离子 → 亲卤取代产生 R⁻，需考虑其后续命运
• ❌ 混淆反极化与 SET → SET 是单电子转移，反极化是两电子亲核进攻

---","有机化学 亲核取代 反极化与亲卤取代 rc_30d 化竞 反极化 亲卤取代 SN2","Chem::Core","[[反极化与亲卤取代]]","30d","易错点卡","反极化（Polarizability-Reversal）：某些高极化率（软）亲核试剂（如硫醇盐 RS⁻、碘离子 I⁻）在 SN2 反应中，优先进攻底物中电负性较大的原子（通常是离去基团本身，如卤素）而非传统的亲电碳中心，导致离去基团被直接取代的现象。"
"什么是反马氏加成？","反马氏加成（Anti-Markovnikov Addition）：在烯烃或炔烃的加成反应中，试剂的正电部分加到含氢较多的双键碳上，与经典马氏规则的取向相反。","有机化学 加成反应 反马氏加成 rc_30d 化竞 马氏规则","Chem::Core","[[反马氏加成]]","30d","概念卡",""
"什么是取代反应？","取代反应（Substitution Reaction） 是有机化学中最基本的反应类型之一：分子中的一个原子或基团被另一个原子或基团所替代，总体通式为：","有机化学 反应分类 取代反应 rc_30d 化竞","Chem::Core","[[取代反应]]","30d","概念卡","关键结论：
• SN 反应的核心是 LG 能力：离去基越稳定（共轭酸 pKa 越小），取代越易发生• SE 反应的核心是 π 电子云密度：芳环上推电子基加速、吸电子基减速（Hammett σ 常数量化）• SR 反应的核心是键解离能（BDE）：选择性由 BDE(C-H) 与 BDE(H-X) 的相对大小决定• 取代与消除的竞争是竞赛高频考点：强碱/高温/大位阻 → 消除；弱碱/低温/小位阻 → 取代"
"取代反应 的关键结论有哪些？","• SN 反应的核心是 LG 能力：离去基越稳定（共轭酸 pKa 越小），取代越易发生• SE 反应的核心是 π 电子云密度：芳环上推电子基加速、吸电子基减速（Hammett σ 常数量化）• SR 反应的核心是键解离能（BDE）：选择性由 BDE(C-H) 与 BDE(H-X) 的相对大小决定• 取代与消除的竞争是竞赛高频考点：强碱/高温/大位阻 → 消除；弱碱/低温/小位阻 → 取代","有机化学 反应分类 取代反应 rc_30d 化竞","Chem::Core","[[取代反应]]","30d","总结卡","取代反应（Substitution Reaction） 是有机化学中最基本的反应类型之一：分子中的一个原子或基团被另一个原子或基团所替代，总体通式为："
"取代反应 有哪些常见易错点？","|  错误  |  原因  |  纠正  |  课堂提问  | 
 | :--- | :--- | :--- | :--- | 
 |  把烯烃与 HX 反应归为取代  |  只看 ""H 被 X 替代""，忽略 π 键断裂  |  加成反应的不饱和度下降是硬性判据  |  取代和加成的不饱和度如何变化？  | 
 |  SN1/SN2 判断只盯底物位阻  |  忽略溶剂和亲核体强度的影响  |  三维判断：底物 + 试剂 + 溶剂 + 温度  |  同样 2° 底物，换溶剂为什么机理变？  | 
 |  认为 3° 底物绝对不发生 SN2  |  极端条件下（如甲基锂）仍可 SN2  |  位阻是趋势不是绝对禁令；超强 Nu⁻ 可强制 SN2  |  什么条件下 3° 底物也能发生 SN2？  | 
 |  混淆 SNAr 与苯炔机理  |  都涉及芳环和亲核体  |  SNAr 需强吸电子基 + LG；苯炔需无 LG 的邻位消除  |  硝基氯苯 vs 氯苯在强碱下机理为何不同？  | 
 |  自由基取代选择性只记 ""3°>2°>1°""  |  忽略温度对选择性的调控  |  高温降低选择性（动力学 vs 热力学控制） |  为什么高温下烷烃氯代选择性变差？  |","有机化学 反应分类 取代反应 rc_30d 化竞","Chem::Core","[[取代反应]]","30d","易错点卡","取代反应（Substitution Reaction） 是有机化学中最基本的反应类型之一：分子中的一个原子或基团被另一个原子或基团所替代，总体通式为："
"什么是取代反应的立体化学？","取代反应的立体化学：研究亲核取代反应中手性中心构型变化规律，核心是 SN1 与 SN2 机理在立体化学结果上的根本差异。","有机化学 亲核取代 取代反应的立体化学 rc_30d 化竞 取代反应 立体化学 SN1","Chem::Core","[[取代反应的立体化学]]","30d","概念卡",""
"什么是叶立德？","叶立德（Ylide）是指相邻两个原子上带有相反形式电荷、且每个原子都满足八隅体（或稳定电子构型）的中性分子。通常表示为 X⁺—C⁻，其中 X 是带有正电荷的杂原子（P, S, N 等），相邻碳带有负电荷。","有机化学 具体反应 叶立德 rc_30d 化竞 膦化合物","Chem::Core","[[叶立德]]","30d","概念卡","关键结论：
• Wittig 反应是醛/酮 → 烯烃的最可靠方法：双键位置确定，无重排
• **非稳定化叶立德 →"
"叶立德 的关键结论有哪些？","• Wittig 反应是醛/酮 → 烯烃的最可靠方法：双键位置确定，无重排
• **非稳定化叶立德 →","有机化学 具体反应 叶立德 rc_30d 化竞 膦化合物","Chem::Core","[[叶立德]]","30d","总结卡","叶立德（Ylide）是指相邻两个原子上带有相反形式电荷、且每个原子都满足八隅体（或稳定电子构型）的中性分子。通常表示为 X⁺—C⁻，其中 X 是带有正电荷的杂原子（P, S, N 等），相邻碳带有负电荷。"
"叶立德 有哪些常见易错点？","|  错误  |  原因  |  纠正  |  课堂提问  | 
 | :--- | :--- | :--- | :--- | 
 |  ""所有 Wittig 反应都得","有机化学 具体反应 叶立德 rc_30d 化竞 膦化合物","Chem::Core","[[叶立德]]","30d","易错点卡","叶立德（Ylide）是指相邻两个原子上带有相反形式电荷、且每个原子都满足八隅体（或稳定电子构型）的中性分子。通常表示为 X⁺—C⁻，其中 X 是带有正电荷的杂原子（P, S, N 等），相邻碳带有负电荷。"
"什么是吡咯？","吡咯（Pyrrole）是一种含有一个氮原子的五元芳香杂环化合物，分子式为 C₄H₅N。氮原子以 sp² 杂化形式存在，其孤对电子参与构成芳香六隅体，使吡咯具有显著的芳香性。","有机化学 杂环化合物 吡咯 rc_30d 化竞 基础要求 芳香性","Chem::Core","[[吡咯]]","30d","概念卡","关键结论：
• 芳香性最强但最不稳定：吡咯的芳香六隅体中氮贡献 2 电子，环上电子密度最高，亲电取代活性最强；但高活性也使其易发生氧化、聚合等副反应• α-位优先：亲电取代几乎专一地发生在 α-位，这是电子密度分布和中间体稳定性共同决定的• 氮不碱性：吡咯氮不能作为碱接受质子（与吡啶形成鲜明对比），这是判断五元/六元氮杂环的关键区别• 合成入口：• ""Paal-Knorr合成：1,4-二羰基 + 氨/伯胺 → 吡咯""• ""Knorr吡咯合成：α-氨基酮 + β-酮酯 → 取代吡咯""• ""Hantzsch吡咯合成：α-卤代酮 + β-酮酯 + 氨 → 高度取代吡咯"""
"吡咯 的关键结论有哪些？","• 芳香性最强但最不稳定：吡咯的芳香六隅体中氮贡献 2 电子，环上电子密度最高，亲电取代活性最强；但高活性也使其易发生氧化、聚合等副反应• α-位优先：亲电取代几乎专一地发生在 α-位，这是电子密度分布和中间体稳定性共同决定的• 氮不碱性：吡咯氮不能作为碱接受质子（与吡啶形成鲜明对比），这是判断五元/六元氮杂环的关键区别• 合成入口：• ""Paal-Knorr合成：1,4-二羰基 + 氨/伯胺 → 吡咯""• ""Knorr吡咯合成：α-氨基酮 + β-酮酯 → 取代吡咯""• ""Hantzsch吡咯合成：α-卤代酮 + β-酮酯 + 氨 → 高度取代吡咯""","有机化学 杂环化合物 吡咯 rc_30d 化竞 基础要求 芳香性","Chem::Core","[[吡咯]]","30d","总结卡","吡咯（Pyrrole）是一种含有一个氮原子的五元芳香杂环化合物，分子式为 C₄H₅N。氮原子以 sp² 杂化形式存在，其孤对电子参与构成芳香六隅体，使吡咯具有显著的芳香性。"
"什么是吡啶化学？","吡啶化学：研究 吡啶及其衍生物的电子结构、反应性以及合成转化的化学分支。吡啶是六元含氮杂环的代表，其独特的缺电子芳香性使其成为亲核芳香取代（SNAr）的经典底物。","有机化学 杂环化合物 吡啶化学 rc_30d 化竞 缺电子芳香取代 SNAr","Chem::Core","[[吡啶化学]]","30d","概念卡","关键结论：
• 吡啶 = 缺电子芳环
• SNAr 易，SEAr 难
• 2-位和 4-位是亲电位点
• Chichibabin = NaNH₂ → 2-氨基吡啶
• ANRORC = 加成-开环-闭环
• N-氧化改变反应性
• 羧酸脱羧是官能团化的重要策略

---"
"吡啶化学 的关键结论有哪些？","• 吡啶 = 缺电子芳环
• SNAr 易，SEAr 难
• 2-位和 4-位是亲电位点
• Chichibabin = NaNH₂ → 2-氨基吡啶
• ANRORC = 加成-开环-闭环
• N-氧化改变反应性
• 羧酸脱羧是官能团化的重要策略

---","有机化学 杂环化合物 吡啶化学 rc_30d 化竞 缺电子芳香取代 SNAr","Chem::Core","[[吡啶化学]]","30d","总结卡","吡啶化学：研究 吡啶及其衍生物的电子结构、反应性以及合成转化的化学分支。吡啶是六元含氮杂环的代表，其独特的缺电子芳香性使其成为亲核芳香取代（SNAr）的经典底物。"
"吡啶化学 有哪些常见易错点？","• ❌ 吡啶易 SEAr → 吡啶 难 SEAr（缺电子）
• ❌ 吡啶 SNAr 在 3-位 → SNAr 在 2-位和 4-位
• ❌ Chichibabin 产物在 3-位 → 产物在 2-位
• ❌ 吡啶 N-氧化后更难 SEAr → N-氧化后 更容易 SEAr
• ❌ 吡啶没有碱性 → 吡啶 有碱性（pKa ≈ 5.2）
• ❌ 吡啶氮的孤对参与芳香 π 体系 → 吡啶氮的孤对在 sp² 杂化轨道（环平面内），不参与芳香共轭——参与芳香的是 p 轨道中的 1 个电子
• ❌ 吡啶没有芳香性 → 吡啶 有芳香性（6π, 4n+2, n=1），只是共振能略低于苯，导致反应性与苯不同

---","有机化学 杂环化合物 吡啶化学 rc_30d 化竞 缺电子芳香取代 SNAr","Chem::Core","[[吡啶化学]]","30d","易错点卡","吡啶化学：研究 吡啶及其衍生物的电子结构、反应性以及合成转化的化学分支。吡啶是六元含氮杂环的代表，其独特的缺电子芳香性使其成为亲核芳香取代（SNAr）的经典底物。"
"什么是含硅化合物？","含硅化合物是指有机分子中含有碳-硅键（C-Si）的化合物。硅与碳同属第 14 族，但 Si 的电负性（1.90）显著低于 C（2.55），且 Si 原子半径更大，3p/3d 轨道可参与成键，导致 C-Si 键具有高极化性、可形成超配位硅等独特性质。","有机化学 具体反应 含硅化合物 rc_30d 化竞 硅化学","Chem::Core","[[含硅化合物]]","30d","概念卡","关键结论：
• β-硅基效应是超共轭效应的极端表现：C-Si σ 键向空 p 轨道的电子离域极强• 硅的亲氧性是有机硅化学的核心：几乎所有有机硅试剂的应用都基于 Si-O 键的形成• TBS 是最常用的硅醚保护基：稳定性适中，脱除条件温和（TBAF）• TMS 只作临时保护：极不稳定，反应中现做现用• 硅基可作为导向基和痕迹less 离去基：完成导向功能后可用 F⁻ 或 H⁺ 脱除，不残留杂原子"
"含硅化合物 的关键结论有哪些？","• β-硅基效应是超共轭效应的极端表现：C-Si σ 键向空 p 轨道的电子离域极强• 硅的亲氧性是有机硅化学的核心：几乎所有有机硅试剂的应用都基于 Si-O 键的形成• TBS 是最常用的硅醚保护基：稳定性适中，脱除条件温和（TBAF）• TMS 只作临时保护：极不稳定，反应中现做现用• 硅基可作为导向基和痕迹less 离去基：完成导向功能后可用 F⁻ 或 H⁺ 脱除，不残留杂原子","有机化学 具体反应 含硅化合物 rc_30d 化竞 硅化学","Chem::Core","[[含硅化合物]]","30d","总结卡","含硅化合物是指有机分子中含有碳-硅键（C-Si）的化合物。硅与碳同属第 14 族，但 Si 的电负性（1.90）显著低于 C（2.55），且 Si 原子半径更大，3p/3d 轨道可参与成键，导致 C-Si 键具有高极化性、可形成超配位硅等独特性质。"
"含硅化合物 有哪些常见易错点？","|  错误  |  原因  |  纠正  |  课堂提问  | 
 | :--- | :--- | :--- | :--- | 
 |  ""硅基是给电子基""  |  电负性判断错误  |  Si 电负性（1.90）< C（2.55）→ Si-C 键极化为 Siδ⁺—Cδ⁻ → 硅基对 β-碳正离子是稳定化，但对 α-位是给电子  |  β-硅基效应是吸电子还是给电子效应？  | 
 |  ""TMS 和 TBS 稳定性差不多""  |  忽略位阻差异  |  TMS 极不稳定（位阻小），TBS 稳定得多  |  为什么 TMS 不适合长期保护？  | 
 |  ""硅醚只能用 F⁻ 脱""  |  忽略酸脱除  |  TBS 也可用 弱酸 脱除；TBDPS 需要较强条件  |  TBS 硅醚除了 TBAF，还能用什么脱除？  | 
 |  ""Peterson 和 Wittig 产物相同""  |  混淆反应  |  Peterson → 烯烃 + 硅氧烷；Wittig → 烯烃 + 磷氧烷  |  Peterson 烯烃化和 Wittig 反应的主要区别是什么？  |","有机化学 具体反应 含硅化合物 rc_30d 化竞 硅化学","Chem::Core","[[含硅化合物]]","30d","易错点卡","含硅化合物是指有机分子中含有碳-硅键（C-Si）的化合物。硅与碳同属第 14 族，但 Si 的电负性（1.90）显著低于 C（2.55），且 Si 原子半径更大，3p/3d 轨道可参与成键，导致 C-Si 键具有高极化性、可形成超配位硅等独特性质。"
"什么是含硫化合物？","含硫化合物是指有机分子中含有碳-硫键（C-S）或硫-杂原子键的化合物。硫与氧同属第 16 族（氧族），但 S 的原子半径更大、电负性更低、3p 轨道扩散性更强，导致含硫化合物的性质与含氧化合物既有相似性又有显著差异。","有机化学 具体反应 含硫化合物 rc_30d 化竞 硫化学","Chem::Core","[[含硫化合物]]","30d","概念卡","关键结论：
• 硫醇的酸性比醇强得多：pKa ~10-11（硫醇）vs ~16-18（醇），因为 S-H 键更弱且 RS⁻ 的电荷更分散• 硫醚是优良的软亲核体和烷基化试剂：可形成锍盐，进而生成硫叶立德• DMSO 是 Swern 氧化的核心试剂：DMSO 被活化后与醇反应生成烷氧基硫鎓盐，碱促进消除得醛/酮• 硫缩醛/硫缩酮是羰基保护的重要形式：比缩醛更耐酸，需 Hg²⁺ 脱除• Corey-Chaykovsky 反应是锍叶立德的经典应用：硫叶立德 + 羰基 → 环氧化物（区别于 Wittig 的烯烃）"
"含硫化合物 的关键结论有哪些？","• 硫醇的酸性比醇强得多：pKa ~10-11（硫醇）vs ~16-18（醇），因为 S-H 键更弱且 RS⁻ 的电荷更分散• 硫醚是优良的软亲核体和烷基化试剂：可形成锍盐，进而生成硫叶立德• DMSO 是 Swern 氧化的核心试剂：DMSO 被活化后与醇反应生成烷氧基硫鎓盐，碱促进消除得醛/酮• 硫缩醛/硫缩酮是羰基保护的重要形式：比缩醛更耐酸，需 Hg²⁺ 脱除• Corey-Chaykovsky 反应是锍叶立德的经典应用：硫叶立德 + 羰基 → 环氧化物（区别于 Wittig 的烯烃）","有机化学 具体反应 含硫化合物 rc_30d 化竞 硫化学","Chem::Core","[[含硫化合物]]","30d","总结卡","含硫化合物是指有机分子中含有碳-硫键（C-S）或硫-杂原子键的化合物。硫与氧同属第 16 族（氧族），但 S 的原子半径更大、电负性更低、3p 轨道扩散性更强，导致含硫化合物的性质与含氧化合物既有相似性又有显著差异。"
"含硫化合物 有哪些常见易错点？","|  错误  |  原因  |  纠正  |  课堂提问  | 
 | :--- | :--- | :--- | :--- | 
 |  ""硫醇酸性比醇弱""  |  同族从上到下酸性增强的误解  |  硫醇 pKa ~10，醇 pKa ~16 → 硫醇酸性强得多  |  为什么硫醇比醇酸性强？  | 
 |  ""硫叶立德和磷叶立德产物相同""  |  混淆两类叶立德  |  硫叶立德 → 环氧；磷叶立德 → 烯烃  |  硫叶立德和磷叶立德与醛反应的产物有何不同？  | 
 |  ""亚砜不可手性""  |  忽略 S 的金字塔构型  |  亚砜的 S 是 sp³ 金字塔（三个取代基 + 孤对），可存在对映体  |  DMSO 有手性吗？为什么某些亚砜有光学活性？  | 
 |  ""硫醚氧化只到亚砜""  |  忽略过量氧化  |  控制条件 → 亚砜；过量/加热 → 砜  |  如何控制硫醚氧化只到亚砜而不继续到砜？  |","有机化学 具体反应 含硫化合物 rc_30d 化竞 硫化学","Chem::Core","[[含硫化合物]]","30d","易错点卡","含硫化合物是指有机分子中含有碳-硫键（C-S）或硫-杂原子键的化合物。硫与氧同属第 16 族（氧族），但 S 的原子半径更大、电负性更低、3p 轨道扩散性更强，导致含硫化合物的性质与含氧化合物既有相似性又有显著差异。"
"什么是呋喃？","呋喃（Furan）是一种含有一个氧原子的五元芳香杂环化合物，分子式为 C₄H₄O。氧原子以 sp² 杂化形式存在，其两对孤对电子中的一对参与构成芳香六隅体，使呋喃具有芳香性；但氧的强电负性也使呋喃的芳香性较苯为弱。","有机化学 杂环化合物 呋喃 rc_30d 化竞 基础要求 芳香性","Chem::Core","[[呋喃]]","30d","概念卡","关键结论：
• 芳香性与双烯性的平衡：呋喃既有芳香性（亲电取代），又有共轭双烯性（D-A 反应），这是氧原子电负性造成的独特性质• α-位优先：亲电取代专一地发生在 α-位，与吡咯、噻吩一致• D-A 可逆性：呋喃的 D-A 反应可逆，是竞赛中常考的""陷阱""——高温下产物可能分解• 合成入口：• ""Paal-Knorr合成：1,4-二羰基化合物 + 酸/热 → 呋喃（脱水关环）""• 从糠醛（呋喃-2-甲醛）衍生：糠醛是工业上最重要的呋喃衍生物"
"呋喃 的关键结论有哪些？","• 芳香性与双烯性的平衡：呋喃既有芳香性（亲电取代），又有共轭双烯性（D-A 反应），这是氧原子电负性造成的独特性质• α-位优先：亲电取代专一地发生在 α-位，与吡咯、噻吩一致• D-A 可逆性：呋喃的 D-A 反应可逆，是竞赛中常考的""陷阱""——高温下产物可能分解• 合成入口：• ""Paal-Knorr合成：1,4-二羰基化合物 + 酸/热 → 呋喃（脱水关环）""• 从糠醛（呋喃-2-甲醛）衍生：糠醛是工业上最重要的呋喃衍生物","有机化学 杂环化合物 呋喃 rc_30d 化竞 基础要求 芳香性","Chem::Core","[[呋喃]]","30d","总结卡","呋喃（Furan）是一种含有一个氧原子的五元芳香杂环化合物，分子式为 C₄H₄O。氧原子以 sp² 杂化形式存在，其两对孤对电子中的一对参与构成芳香六隅体，使呋喃具有芳香性；但氧的强电负性也使呋喃的芳香性较苯为弱。"
"什么是呋喃化学？","呋喃（furan）是最简单的含氧五元杂环化合物，具有芳香性（6个π电子：4个来自两个C=C双键，2个来自氧原子的孤对电子）。呋喃的芳香性弱于苯和噻吩，但强于吡咯（从稳定性角度），因此兼具芳香化合物的亲电取代活性和一定的双烯反应性。","有机化学 杂环化学 呋喃化学 rc_30d 化竞 芳香性 五元环","Chem::Core","[[呋喃]]","30d","概念卡","关键结论：
• 呋喃兼具芳香性和双烯反应性，是杂环化学中的""多面手""。• Diels-Alder 反应的可逆性使呋喃在保护基策略和合成设计中有独特价值。• Paal-Knorr 合成是制备取代呋喃的最经典方法。• ABOC 第11章（Tech 题）和 36届初赛均涉及呋喃衍生物的合成与转化。"
"呋喃化学 的关键结论有哪些？","• 呋喃兼具芳香性和双烯反应性，是杂环化学中的""多面手""。• Diels-Alder 反应的可逆性使呋喃在保护基策略和合成设计中有独特价值。• Paal-Knorr 合成是制备取代呋喃的最经典方法。• ABOC 第11章（Tech 题）和 36届初赛均涉及呋喃衍生物的合成与转化。","有机化学 杂环化学 呋喃化学 rc_30d 化竞 芳香性 五元环","Chem::Core","[[呋喃]]","30d","总结卡","呋喃（furan）是最简单的含氧五元杂环化合物，具有芳香性（6个π电子：4个来自两个C=C双键，2个来自氧原子的孤对电子）。呋喃的芳香性弱于苯和噻吩，但强于吡咯（从稳定性角度），因此兼具芳香化合物的亲电取代活性和一定的双烯反应性。"
"呋喃化学 有哪些常见易错点？","• 忽视呋喃 D-A 反应的可逆性，在产物预测中出错。• 在强酸条件下进行呋喃的亲电取代，导致聚合而非取代产物。","有机化学 杂环化学 呋喃化学 rc_30d 化竞 芳香性 五元环","Chem::Core","[[呋喃]]","30d","易错点卡","呋喃（furan）是最简单的含氧五元杂环化合物，具有芳香性（6个π电子：4个来自两个C=C双键，2个来自氧原子的孤对电子）。呋喃的芳香性弱于苯和噻吩，但强于吡咯（从稳定性角度），因此兼具芳香化合物的亲电取代活性和一定的双烯反应性。"
"什么是周环反应？","周环反应是指通过环状过渡态协同进行的反应，反应过程中化学键的断裂和形成同步发生，无中间体生成，反应的立体化学和区域选择性受轨道对称性严格控制。","有机化学 具体反应 周环反应 rc_30d 化竞","Chem::Core","[[周环反应]]","30d","概念卡","关键结论：
• 周环反应的立体化学是严格预测的：不是统计的，而是轨道对称性决定的
• 热反应和光反应的选择性相反：基态 HOMO 和激发态 HOMO 的对称性相反
• [4+2] Diels-Alder 是最重要、最常用的周环反应：热允许、协同、高立体选择性
• [3,3]-σ 迁移在合成中极重要：Claisen 和 Cope 重排是构建 C-C 键的强大工具
• 电环化的顺旋/对旋决定产物的立体化学：必须根据 π 电子数正确判断"
"周环反应 的关键结论有哪些？","• 周环反应的立体化学是严格预测的：不是统计的，而是轨道对称性决定的
• 热反应和光反应的选择性相反：基态 HOMO 和激发态 HOMO 的对称性相反
• [4+2] Diels-Alder 是最重要、最常用的周环反应：热允许、协同、高立体选择性
• [3,3]-σ 迁移在合成中极重要：Claisen 和 Cope 重排是构建 C-C 键的强大工具
• 电环化的顺旋/对旋决定产物的立体化学：必须根据 π 电子数正确判断","有机化学 具体反应 周环反应 rc_30d 化竞","Chem::Core","[[周环反应]]","30d","总结卡","周环反应是指通过环状过渡态协同进行的反应，反应过程中化学键的断裂和形成同步发生，无中间体生成，反应的立体化学和区域选择性受轨道对称性严格控制。"
"周环反应 有哪些常见易错点？","|  错误  |  原因  |  纠正  |  课堂提问  | 
 | :--- | :--- | :--- | :--- | 
 |  ""周环反应需要催化剂""  |  与离子型反应混淆  |  周环反应通常不需要催化剂（热或光驱动） |  Diels-Alder 需要酸催化吗？什么情况下加 Lewis 酸？  | 
 |  ""4n 体系热反应总是禁阻""  |  过度概括  |  4n 体系热反应禁阻的是同面-同面方式；同面-异面或异面-异面可能允许  |  [2+2] 环加成在什么情况下热允许？  | 
 |  ""电环化顺旋/对旋记反""  |  记忆混淆  |  4n 热顺旋，4n+2 热对旋；光反应相反  |  1,3-丁二烯热关环是顺旋还是对旋？  | 
 |  ""σ 迁移没有立体要求""  |  忽略同面/异面  |  σ 迁移也有同面（suprafacial）和异面（antarafacial）之分  |  [1,5]-H 迁移是同面还是异面？为什么？  | 
 |  ""Claisen 重排是离子型反应""  |  机理类型混淆  |  Claisen 是[3,3]-σ 迁移，属于周环反应，无中间体  |  Claisen 重排和 Wagner-Meerwein 重排的本质区别是什么？  |","有机化学 具体反应 周环反应 rc_30d 化竞","Chem::Core","[[周环反应]]","30d","易错点卡","周环反应是指通过环状过渡态协同进行的反应，反应过程中化学键的断裂和形成同步发生，无中间体生成，反应的立体化学和区域选择性受轨道对称性严格控制。"
"什么是噻吩？","噻吩（Thiophene）是一种含有一个硫原子的五元芳香杂环化合物，分子式为 C₄H₄S。硫原子以 sp² 杂化形式存在，其一对孤对电子参与构成芳香六隅体，使噻吩具有显著的芳香性。噻吩是五元杂环中最稳定的成员。","有机化学 杂环化合物 噻吩 rc_30d 化竞 基础要求 芳香性","Chem::Core","[[噻吩]]","30d","概念卡","关键结论：
• 最稳定的五元杂环：噻吩的芳香性感受强，且不易发生副反应（聚合、氧化、D-A），是五元杂环中最""苯-like""的成员• α-位优先：与吡咯、呋喃一致，亲电取代主要发生在 α-位• 3p-2p 重叠问题：硫的供电子能力弱于氮/氧，但噻吩的稳定性反而最高——这说明芳香性不仅取决于供电子能力，还与环几何稳定性有关• 合成入口：• ""Paal-Knorr合成：1,4-二羰基 + P₂S₅ 或 Lawesson 试剂 → 噻吩""• 从石油/煤焦油中提取（噻吩与苯共存）"
"噻吩 的关键结论有哪些？","• 最稳定的五元杂环：噻吩的芳香性感受强，且不易发生副反应（聚合、氧化、D-A），是五元杂环中最""苯-like""的成员• α-位优先：与吡咯、呋喃一致，亲电取代主要发生在 α-位• 3p-2p 重叠问题：硫的供电子能力弱于氮/氧，但噻吩的稳定性反而最高——这说明芳香性不仅取决于供电子能力，还与环几何稳定性有关• 合成入口：• ""Paal-Knorr合成：1,4-二羰基 + P₂S₅ 或 Lawesson 试剂 → 噻吩""• 从石油/煤焦油中提取（噻吩与苯共存）","有机化学 杂环化合物 噻吩 rc_30d 化竞 基础要求 芳香性","Chem::Core","[[噻吩]]","30d","总结卡","噻吩（Thiophene）是一种含有一个硫原子的五元芳香杂环化合物，分子式为 C₄H₄S。硫原子以 sp² 杂化形式存在，其一对孤对电子参与构成芳香六隅体，使噻吩具有显著的芳香性。噻吩是五元杂环中最稳定的成员。"
"什么是固相合成？","固相合成（Solid-Phase Synthesis）：将反应物之一固定在不溶性固体载体（树脂）上，在固相上进行化学反应，反应完成后通过过滤分离产物，未反应试剂和副产物被洗除的合成方法。","有机化学 有机合成 固相合成 rc_30d 化竞 多肽合成 组合化学","Chem::Core","[[固相合成]]","30d","概念卡","关键结论：
• Fmoc 策略是现代 SPPS 的主流——安全、正交性好• 保护基的正交性是 SPPS 的核心——Fmoc（碱脱）与侧链保护基（酸脱）正交• 过量试剂 + 反复洗涤 = 高纯度• 固相合成的革命性意义：使长肽和寡核苷酸的常规合成成为可能• Merrifield 因固相肽合成获 1984 年诺贝尔化学奖"
"固相合成 的关键结论有哪些？","• Fmoc 策略是现代 SPPS 的主流——安全、正交性好• 保护基的正交性是 SPPS 的核心——Fmoc（碱脱）与侧链保护基（酸脱）正交• 过量试剂 + 反复洗涤 = 高纯度• 固相合成的革命性意义：使长肽和寡核苷酸的常规合成成为可能• Merrifield 因固相肽合成获 1984 年诺贝尔化学奖","有机化学 有机合成 固相合成 rc_30d 化竞 多肽合成 组合化学","Chem::Core","[[固相合成]]","30d","总结卡","固相合成（Solid-Phase Synthesis）：将反应物之一固定在不溶性固体载体（树脂）上，在固相上进行化学反应，反应完成后通过过滤分离产物，未反应试剂和副产物被洗除的合成方法。"
"固相合成 有哪些常见易错点？","• ❌ 混淆 Fmoc 和 Boc 的脱保护条件 → Fmoc 用碱，Boc 用酸• ❌ 忽略正交性要求 → α-氨基和侧链保护基脱除条件必须不同• ❌ 认为固相合成不需要保护基 → 保护基策略是 SPPS 的核心• ❌ 忽略树脂的化学敏感性 → 树脂必须对反应条件稳定","有机化学 有机合成 固相合成 rc_30d 化竞 多肽合成 组合化学","Chem::Core","[[固相合成]]","30d","易错点卡","固相合成（Solid-Phase Synthesis）：将反应物之一固定在不溶性固体载体（树脂）上，在固相上进行化学反应，反应完成后通过过滤分离产物，未反应试剂和副产物被洗除的合成方法。"
"什么是场效应？","场效应（Field Effect），在有机化学中通常与诱导效应（Inductive Effect）一起讨论，是指通过 σ 键骨架传递的静电极化效应。取代基的电负性差异导致 σ 键电子云偏向电负性大的原子，这种极化沿碳链传递，影响分子的电子分布和反应活性。","有机化学 电子效应 场效应 rc_30d 化竞 基础要求 诱导效应","Chem::Core","[[场效应]]","30d","概念卡","关键结论：
• [待补充]"
"场效应 的关键结论有哪些？","• [待补充]","有机化学 电子效应 场效应 rc_30d 化竞 基础要求 诱导效应","Chem::Core","[[场效应]]","30d","总结卡","场效应（Field Effect），在有机化学中通常与诱导效应（Inductive Effect）一起讨论，是指通过 σ 键骨架传递的静电极化效应。取代基的电负性差异导致 σ 键电子云偏向电负性大的原子，这种极化沿碳链传递，影响分子的电子分布和反应活性。"
"场效应 有哪些常见易错点？","• [待补充]","有机化学 电子效应 场效应 rc_30d 化竞 基础要求 诱导效应","Chem::Core","[[场效应]]","30d","易错点卡","场效应（Field Effect），在有机化学中通常与诱导效应（Inductive Effect）一起讨论，是指通过 σ 键骨架传递的静电极化效应。取代基的电负性差异导致 σ 键电子云偏向电负性大的原子，这种极化沿碳链传递，影响分子的电子分布和反应活性。"
"什么是外消旋化？","外消旋化（racemization）是指一个具有光学活性的手性化合物逐渐失去其旋光性，最终转变为外消旋体（等摩尔的对映体混合物）的过程。外消旋体中两种对映体的旋光度大小相等、方向相反，宏观上不表现旋光性。","有机化学 立体化学 外消旋化 rc_30d 化竞 手性 对映体","Chem::Core","[[外消旋化]]","30d","概念卡","关键结论：
• SN1 反应产物通常为外消旋混合物（若完全解离为自由碳正离子）。• 烯醇化是羰基 alpha-位手性中心外消旋化的主要途径。• 外消旋化速率与中间体稳定性、反应条件（温度、溶剂、酸碱）密切相关。• 38届初赛考察了亚砜外消旋化：取代基效应影响外消旋化能垒，富电子取代基降低能垒；溶剂极性影响反应速率。"
"外消旋化 的关键结论有哪些？","• SN1 反应产物通常为外消旋混合物（若完全解离为自由碳正离子）。• 烯醇化是羰基 alpha-位手性中心外消旋化的主要途径。• 外消旋化速率与中间体稳定性、反应条件（温度、溶剂、酸碱）密切相关。• 38届初赛考察了亚砜外消旋化：取代基效应影响外消旋化能垒，富电子取代基降低能垒；溶剂极性影响反应速率。","有机化学 立体化学 外消旋化 rc_30d 化竞 手性 对映体","Chem::Core","[[外消旋化]]","30d","总结卡","外消旋化（racemization）是指一个具有光学活性的手性化合物逐渐失去其旋光性，最终转变为外消旋体（等摩尔的对映体混合物）的过程。外消旋体中两种对映体的旋光度大小相等、方向相反，宏观上不表现旋光性。"
"外消旋化 有哪些常见易错点？","• 误认为所有 SN1 反应都 100% 外消旋化；实际上离子对效应可能导致部分构型保持。• 混淆外消旋化与差向异构化：后者仅翻转一个手性中心，产物为 diastereomer 混合物，不一定是外消旋体。","有机化学 立体化学 外消旋化 rc_30d 化竞 手性 对映体","Chem::Core","[[外消旋化]]","30d","易错点卡","外消旋化（racemization）是指一个具有光学活性的手性化合物逐渐失去其旋光性，最终转变为外消旋体（等摩尔的对映体混合物）的过程。外消旋体中两种对映体的旋光度大小相等、方向相反，宏观上不表现旋光性。"
"什么是多肽合成？","多肽合成是指通过化学方法将氨基酸残基按特定顺序连接形成肽链的过程。肽键（酰胺键）是氨基酸之间的连接单元，多肽合成是有机合成与生物化学的交叉领域，也是药物化学（如胰岛素、GLP-1 类似物）和生物材料的核心技术。","有机化学 特殊体系 多肽合成 rc_30d 化竞 氨基酸","Chem::Core","[[多肽合成]]","30d","概念卡","关键结论：
• 肽键形成的先决条件是保护基策略：没有完善的保护基体系，就没有可控的多肽合成• Boc 策略用酸脱保护，Fmoc 策略用碱脱保护：二者是正交的，可组合使用• DCC + HOBt 是液相肽合成的经典组合：DCC 活化，HOBt 抑制消旋和副反应• 固相合成（Merrifield） revolutionized 多肽化学：过量试剂、简单过滤、易于自动化• 每一步偶联后都必须检验是否反应完全：Kaiser 测试（茚三酮）检测游离氨基"
"多肽合成 的关键结论有哪些？","• 肽键形成的先决条件是保护基策略：没有完善的保护基体系，就没有可控的多肽合成• Boc 策略用酸脱保护，Fmoc 策略用碱脱保护：二者是正交的，可组合使用• DCC + HOBt 是液相肽合成的经典组合：DCC 活化，HOBt 抑制消旋和副反应• 固相合成（Merrifield） revolutionized 多肽化学：过量试剂、简单过滤、易于自动化• 每一步偶联后都必须检验是否反应完全：Kaiser 测试（茚三酮）检测游离氨基","有机化学 特殊体系 多肽合成 rc_30d 化竞 氨基酸","Chem::Core","[[多肽合成]]","30d","总结卡","多肽合成是指通过化学方法将氨基酸残基按特定顺序连接形成肽链的过程。肽键（酰胺键）是氨基酸之间的连接单元，多肽合成是有机合成与生物化学的交叉领域，也是药物化学（如胰岛素、GLP-1 类似物）和生物材料的核心技术。"
"多肽合成 有哪些常见易错点？","|  错误  |  原因  |  纠正  |  课堂提问  | 
 | :--- | :--- | :--- | :--- | 
 |  ""肽键就是普通酰胺键""  |  忽略其特殊性  |  肽键具有平面性和部分双键性，C-N 不可自由旋转  |  肽键与普通酰胺键有何不同？  | 
 |  ""游离氨基酸可以直接缩合""  |  忽略副反应  |  必须保护一个端基并活化另一端  |  为什么不保护就无法合成多肽？  | 
 |  ""Boc 和 Fmoc 可以随意混用""  |  忽略正交性  |  Boc 用酸脱，Fmoc 用碱脱——设计不当会导致同时脱除  |  什么叫正交保护？为什么需要正交？  | 
 |  ""偶联试剂越多越好""  |  忽略消旋化  |  过度活化会加速 α-H 烯醇化 → 消旋  |  消旋化是如何发生的？如何抑制？  | 
 |  ""固相合成不需要纯化""  |  忽略副产物累积  |  每步必须洗涤完全，否则杂质累积  |  固相合成为什么也要控制偶联效率？  | 
 |  ""所有侧链都不需要保护""  |  忽略侧链反应性  |  Lys(ε-NH₂), Asp(β-COOH), Cys(-SH) 等必须保护  |  哪些氨基酸侧链在多肽合成中需要保护？  |","有机化学 特殊体系 多肽合成 rc_30d 化竞 氨基酸","Chem::Core","[[多肽合成]]","30d","易错点卡","多肽合成是指通过化学方法将氨基酸残基按特定顺序连接形成肽链的过程。肽键（酰胺键）是氨基酸之间的连接单元，多肽合成是有机合成与生物化学的交叉领域，也是药物化学（如胰岛素、GLP-1 类似物）和生物材料的核心技术。"
"什么是天然产物合成？","天然产物合成是指利用有机化学反应从简单起始原料出发，构建自然界中存在的复杂有机分子的过程。天然产物通常指由生物体（植物、动物、微生物）产生的具有生物活性的次级代谢产物，包括萜类、甾体、生物碱、聚酮等四大类。天然产物合成不仅验证结构，更为药物发现提供先导化合物和合成方法学。","有机化学 有机合成 天然产物 天然产物合成 rc_30d 化竞 全合成 生物合成","Chem::Core","[[天然产物合成]]","30d","概念卡",""
"天然产物合成 有哪些常见易错点？","• 混淆生源途径：不同氨基酸前体对应不同类型的生物碱，容易混淆鸟氨酸/赖氨酸/酪氨酸/色氨酸的产物类型• 忽略立体化学：天然产物合成中手性中心的控制是关键，逆合成时需提前规划• 保护基遗漏：复杂分子中官能团之间的相互干扰常被忽略• 同位素标记解读错误：^{14}\text{C} 标记位置需结合碳骨架编号仔细对应• Mannich 与 Pictet-Spengler 混淆：两者都涉及亚胺中间体，但 Pictet-Spengler 特指芳香环参与的分子内环化","有机化学 有机合成 天然产物 天然产物合成 rc_30d 化竞 全合成 生物合成","Chem::Core","[[天然产物合成]]","30d","易错点卡","天然产物合成是指利用有机化学反应从简单起始原料出发，构建自然界中存在的复杂有机分子的过程。天然产物通常指由生物体（植物、动物、微生物）产生的具有生物活性的次级代谢产物，包括萜类、甾体、生物碱、聚酮等四大类。天然产物合成不仅验证结构，更为药物发现提供先导化合物和合成方法学。"
"什么是安息香缩合？","安息香缩合：芳香醛在氰根离子（CN⁻）催化下发生亲核加成，二聚生成 α-羟基酮（安息香，benzoin）的反应。","有机化学 羰基α位反应 安息香缩合 rc_30d 化竞 氰根催化 二聚反应","Chem::Core","[[安息香缩合]]","30d","概念卡","关键结论：
• 安息香缩合 = 2 芳香醛 + CN⁻ → α-羟基酮
• CN⁻ 是催化剂——双重角色：亲核 + 吸电子 + 离去
• 只适用于芳香醛——脂肪醛 Aldol 竞争
• 产物可进一步 Benzilic 重排
• 教学上的高价值在于极性翻转，而不只是二聚本身

---"
"安息香缩合 的关键结论有哪些？","• 安息香缩合 = 2 芳香醛 + CN⁻ → α-羟基酮
• CN⁻ 是催化剂——双重角色：亲核 + 吸电子 + 离去
• 只适用于芳香醛——脂肪醛 Aldol 竞争
• 产物可进一步 Benzilic 重排
• 教学上的高价值在于极性翻转，而不只是二聚本身

---","有机化学 羰基α位反应 安息香缩合 rc_30d 化竞 氰根催化 二聚反应","Chem::Core","[[安息香缩合]]","30d","总结卡","安息香缩合：芳香醛在氰根离子（CN⁻）催化下发生亲核加成，二聚生成 α-羟基酮（安息香，benzoin）的反应。"
"安息香缩合 有哪些常见易错点？","• ❌ 脂肪醛也能很好进行安息香缩合 → 芳香醛才行
• ❌ CN⁻ 是计量试剂 → CN⁻ 是催化剂
• ❌ 安息香缩合和 Aldol 一样 → 底物和机理不同

---","有机化学 羰基α位反应 安息香缩合 rc_30d 化竞 氰根催化 二聚反应","Chem::Core","[[安息香缩合]]","30d","易错点卡","安息香缩合：芳香醛在氰根离子（CN⁻）催化下发生亲核加成，二聚生成 α-羟基酮（安息香，benzoin）的反应。"
"什么是对映异构？","对映异构（Enantiomerism）是指两个分子互为镜像但又不能重叠的立体异构现象。这两个分子互为对映体（Enantiomers），是立体异构中最基本的关系类型。","有机化学 立体化学 对映异构 rc_30d 化竞","Chem::Core","[[对映异构]]","30d","概念卡","关键结论：
• 对映体的本质区别只在手性空间中：非手性环境下无法区分• R/S 构型与 (+)/(−) 旋光方向无固定对应：R 可以是 (+) 或 (−)，需实验测定• 外消旋体是 1:1 对映体混合物：无旋光性，但物理性质（如熔点）通常与纯对映体不同• 手性环境可以区分对映体：生物系统（酶、受体）几乎都是手性环境• 药物的手性至关重要：如沙利度胺（反应停）的 (R)-和 (S)-对映体药理活性截然不同"
"对映异构 的关键结论有哪些？","• 对映体的本质区别只在手性空间中：非手性环境下无法区分• R/S 构型与 (+)/(−) 旋光方向无固定对应：R 可以是 (+) 或 (−)，需实验测定• 外消旋体是 1:1 对映体混合物：无旋光性，但物理性质（如熔点）通常与纯对映体不同• 手性环境可以区分对映体：生物系统（酶、受体）几乎都是手性环境• 药物的手性至关重要：如沙利度胺（反应停）的 (R)-和 (S)-对映体药理活性截然不同","有机化学 立体化学 对映异构 rc_30d 化竞","Chem::Core","[[对映异构]]","30d","总结卡","对映异构（Enantiomerism）是指两个分子互为镜像但又不能重叠的立体异构现象。这两个分子互为对映体（Enantiomers），是立体异构中最基本的关系类型。"
"对映异构 有哪些常见易错点？","|  错误  |  原因  |  纠正  |  课堂提问  | 
 | :--- | :--- | :--- | :--- | 
 |  ""R = (+), S = (−)""  |  混淆构型与旋光  |  R/S 是构型标记，(+)/(−) 是旋光方向，二者无固定对应  |  (R)-乳酸是左旋还是右旋？（需查表） | 
 |  ""无手性中心就无对映异构""  |  忽略手性轴/面  |  联苯、螺烯等无手性中心但有手性  |  联苯类可以有对映体吗？  | 
 |  ""外消旋体 = 混合物，熔点低""  |  以偏概全  |  外消旋体熔点可能高于或低于纯对映体  |  外消旋酒石酸的熔点 vs 纯对映体？  | 
 |  ""对映体化学性质完全相同""  |  忽略手性环境  |  在手性环境中（酶、手性催化剂），对映体反应性不同  |  为什么生物体通常只利用一种氨基酸构型？  |","有机化学 立体化学 对映异构 rc_30d 化竞","Chem::Core","[[对映异构]]","30d","易错点卡","对映异构（Enantiomerism）是指两个分子互为镜像但又不能重叠的立体异构现象。这两个分子互为对映体（Enantiomers），是立体异构中最基本的关系类型。"
"什么是影响亲核性的因素？","亲核性（nucleophilicity）：亲核体进攻亲电中心的速率指标（动力学）。常用 Swain-Scott n 值或 Mayr 参数表征。","有机化学 反应机理 影响亲核性的因素 rc_30d 化竞 有机反应机理","Chem::Core","[[影响亲核性的因素]]","30d","概念卡","关键结论：
4.1 因素 1：电荷
 |  物种对  |  亲核性比较  | 
 | --- | --- | 
 |  \ce{OH^-} vs \ce{H2O}  |  \ce{OH^-} 强 10⁴ 倍  | 
 |  \ce{NH2^-} vs \ce{NH3}  |  \ce{NH2^-} 强 10⁴ 倍  | 
 |  \ce{RS^-} vs \ce{RSH}  |  \ce{RS^-} 强  | 

4.2 因素 2：碱性（同一周期）
周期内：电负性低 → 碱性强 → 亲核性强
\ce{R^- > NH2^- > OH^- > F^-} \quad (\text{C 最强亲核})

4.3 因素 3：可极化性（同一族）
同一族：原子半径大 → 可极化性强 → 亲核性强（在质子溶剂中）
\text{质子溶剂：} \ce{I^- > Br^- > Cl^- > F^-}
\text{非质子溶剂：} \ce{F^- > Cl^- > Br^- > I^-}

关键洞察：在水/醇中，硬亲核体（F⁻）被氢键溶剂化壳屏蔽——亲核性下降；软亲核体（I⁻）极化性高、溶剂化壳弱——亲核性更高。但在 DMF、DMSO 等非质子极性溶剂中，硬亲核体的""裸""形式占优。

4.4 因素 4：位阻
位阻随基团大小递增 → 亲核性递减
\ce{MeO^- > EtO^- > iPrO^- > tBuO^-}

但碱性反而可能增强（因为电子供体效应）：
\ce{tBuO^-}\text{（强碱、弱亲核）}

这就是 LDA、KOtBu 等""非亲核性强碱""的来源。

4.5 因素 5：溶剂效应
 |  溶剂类型  |  实例  |  对亲核性的影响  | 
 | --- | --- | --- | 
 |  质子性极性  |  水、醇、羧酸  |  屏蔽硬亲核体（F⁻、OH⁻）；软亲核体（I⁻）受影响小  | 
 |  非质子极性  |  DMSO、DMF、HMPA、THF  |  不屏蔽硬亲核体；硬亲核性大幅提升  | 
 |  非极性  |  苯、CCl₄  |  大多数离子型亲核体不溶  |"
"影响亲核性的因素 的关键结论有哪些？","4.1 因素 1：电荷
 |  物种对  |  亲核性比较  | 
 | --- | --- | 
 |  \ce{OH^-} vs \ce{H2O}  |  \ce{OH^-} 强 10⁴ 倍  | 
 |  \ce{NH2^-} vs \ce{NH3}  |  \ce{NH2^-} 强 10⁴ 倍  | 
 |  \ce{RS^-} vs \ce{RSH}  |  \ce{RS^-} 强  | 

4.2 因素 2：碱性（同一周期）
周期内：电负性低 → 碱性强 → 亲核性强
\ce{R^- > NH2^- > OH^- > F^-} \quad (\text{C 最强亲核})

4.3 因素 3：可极化性（同一族）
同一族：原子半径大 → 可极化性强 → 亲核性强（在质子溶剂中）
\text{质子溶剂：} \ce{I^- > Br^- > Cl^- > F^-}
\text{非质子溶剂：} \ce{F^- > Cl^- > Br^- > I^-}

关键洞察：在水/醇中，硬亲核体（F⁻）被氢键溶剂化壳屏蔽——亲核性下降；软亲核体（I⁻）极化性高、溶剂化壳弱——亲核性更高。但在 DMF、DMSO 等非质子极性溶剂中，硬亲核体的""裸""形式占优。

4.4 因素 4：位阻
位阻随基团大小递增 → 亲核性递减
\ce{MeO^- > EtO^- > iPrO^- > tBuO^-}

但碱性反而可能增强（因为电子供体效应）：
\ce{tBuO^-}\text{（强碱、弱亲核）}

这就是 LDA、KOtBu 等""非亲核性强碱""的来源。

4.5 因素 5：溶剂效应
 |  溶剂类型  |  实例  |  对亲核性的影响  | 
 | --- | --- | --- | 
 |  质子性极性  |  水、醇、羧酸  |  屏蔽硬亲核体（F⁻、OH⁻）；软亲核体（I⁻）受影响小  | 
 |  非质子极性  |  DMSO、DMF、HMPA、THF  |  不屏蔽硬亲核体；硬亲核性大幅提升  | 
 |  非极性  |  苯、CCl₄  |  大多数离子型亲核体不溶  |","有机化学 反应机理 影响亲核性的因素 rc_30d 化竞 有机反应机理","Chem::Core","[[影响亲核性的因素]]","30d","总结卡","亲核性（nucleophilicity）：亲核体进攻亲电中心的速率指标（动力学）。常用 Swain-Scott n 值或 Mayr 参数表征。"
"影响亲核性的因素 有哪些常见易错点？","• 在水中以为 F⁻ 比 I⁻ 强（错——实际相反，由极化性主导）
• 把碱性 = 亲核性（错——位阻可使两者分离）
• 忽视溶剂效应——在 DMSO 中 F⁻ 才显示其真正的强亲核性","有机化学 反应机理 影响亲核性的因素 rc_30d 化竞 有机反应机理","Chem::Core","[[影响亲核性的因素]]","30d","易错点卡","亲核性（nucleophilicity）：亲核体进攻亲电中心的速率指标（动力学）。常用 Swain-Scott n 值或 Mayr 参数表征。"
"什么是手性中心？","手性中心（Chiral Center）是指连接四个不同基团（或原子）的原子，最常见的是 sp³ 杂化的碳原子（称为手性碳，Asymmetric Carbon）。当分子中存在手性中心时，分子可能具有手性，从而存在对映异构体。","有机化学 立体化学 手性中心 rc_30d 化竞","Chem::Core","[[手性中心]]","30d","概念卡","关键结论：
• 手性中心是立体异构的最常见来源，但不是唯一来源：手性轴、手性面也可产生手性
• n 个手性中心 → 最多 2ⁿ 个异构体：有 meso 化合物时减少
• R/S 构型与旋光方向无关：R 可以是 (+) 或 (−)
• 内消旋体有手性中心但无手性：分子内对称面使旋光相互抵消
• Fischer 投影式中十字交叉点就是手性碳"
"手性中心 的关键结论有哪些？","• 手性中心是立体异构的最常见来源，但不是唯一来源：手性轴、手性面也可产生手性
• n 个手性中心 → 最多 2ⁿ 个异构体：有 meso 化合物时减少
• R/S 构型与旋光方向无关：R 可以是 (+) 或 (−)
• 内消旋体有手性中心但无手性：分子内对称面使旋光相互抵消
• Fischer 投影式中十字交叉点就是手性碳","有机化学 立体化学 手性中心 rc_30d 化竞","Chem::Core","[[手性中心]]","30d","总结卡","手性中心（Chiral Center）是指连接四个不同基团（或原子）的原子，最常见的是 sp³ 杂化的碳原子（称为手性碳，Asymmetric Carbon）。当分子中存在手性中心时，分子可能具有手性，从而存在对映异构体。"
"手性中心 有哪些常见易错点？","|  错误  |  原因  |  纠正  |  课堂提问  | 
 | :--- | :--- | :--- | :--- | 
 |  ""有手性中心就有手性""  |  忽略内消旋体  |  有手性中心 + 无对称面/对称中心 → 有手性  |  酒石酸有手性中心吗？有手性吗？  | 
 |  ""手性中心只能是碳""  |  不了解其他手性中心  |  N⁺, S, P 等也可成为手性中心  |  亚砜分子可以有手性吗？  | 
 |  ""2 个手性中心 = 4 个异构体""  |  忽略相同手性中心的 meso 体  |  若两个手性中心相同，则只有 3 个  |  2,3-二氯丁烷有几个立体异构体？  | 
 |  "" Fischer 式中竖线不是键""  |  误解投影规则  |  竖线代表向后（远离观察者），横线向前  |  Fischer 投影式的横线和竖线分别指向哪里？  |","有机化学 立体化学 手性中心 rc_30d 化竞","Chem::Core","[[手性中心]]","30d","易错点卡","手性中心（Chiral Center）是指连接四个不同基团（或原子）的原子，最常见的是 sp³ 杂化的碳原子（称为手性碳，Asymmetric Carbon）。当分子中存在手性中心时，分子可能具有手性，从而存在对映异构体。"
"什么是手性轴？","手性轴（Axial Chirality）是指分子中不存在经典的手性中心（sp³ 杂化碳连四个不同基团），但由于围绕某一轴的取代基排列方式导致分子与其镜像无法重叠，从而产生手性。手性轴分子的一类重要实例是阻转异构体（Atropisomers）——因单键旋转受阻而产生的立体异构体。","有机化学 立体化学 手性轴 rc_30d 化竞","Chem::Core","[[手性轴]]","30d","概念卡","关键结论：
• 手性轴是""无手性中心的手性分子""的典型代表：手性来源于整个分子的三维排列，而非某个特定原子• 阻转异构体的稳定性取决于旋转能垒：能垒 > 25 kcal/mol 时可在室温下稳定存在• BINAP 是最著名的轴手性配体：2,2'-双二苯基膦-1,1'-联萘，用于不对称氢化等反应• 联烯的手性来源于互相垂直的 π 轨道：这种几何强制了特定的空间排列• 手性轴分子同样可用 CIP 规则标记：通过""虚拟轴""的方法确定 Rₐ/Sₐ"
"手性轴 的关键结论有哪些？","• 手性轴是""无手性中心的手性分子""的典型代表：手性来源于整个分子的三维排列，而非某个特定原子• 阻转异构体的稳定性取决于旋转能垒：能垒 > 25 kcal/mol 时可在室温下稳定存在• BINAP 是最著名的轴手性配体：2,2'-双二苯基膦-1,1'-联萘，用于不对称氢化等反应• 联烯的手性来源于互相垂直的 π 轨道：这种几何强制了特定的空间排列• 手性轴分子同样可用 CIP 规则标记：通过""虚拟轴""的方法确定 Rₐ/Sₐ","有机化学 立体化学 手性轴 rc_30d 化竞","Chem::Core","[[手性轴]]","30d","总结卡","手性轴（Axial Chirality）是指分子中不存在经典的手性中心（sp³ 杂化碳连四个不同基团），但由于围绕某一轴的取代基排列方式导致分子与其镜像无法重叠，从而产生手性。手性轴分子的一类重要实例是阻转异构体（Atropisomers）——因单键旋转受阻而产生的立体异构体。"
"手性轴 有哪些常见易错点？","|  错误  |  原因  |  纠正  |  课堂提问  | 
 | :--- | :--- | :--- | :--- | 
 |  ""联苯都有手性""  |  忽略位阻条件  |  必须邻位有足够大位阻才能阻转  |  2,2'-二甲基联苯有手性吗？  | 
 |  ""联烯都有手性""  |  忽略取代基条件  |  必须两端各有两个不同基团  |  丙二烯（CH₂=C=CH₂）有手性吗？  | 
 |  ""手性轴的标记用 R/S""  |  混淆标记法  |  手性轴用 Rₐ/Sₐ 或 M/P  |  手性中心和手性轴的标记有何不同？  | 
 |  ""阻转异构体永远不能互变""  |  忽略温度影响  |  高温下旋转加快，可能消旋  |  加热 BINAP 会发生什么？  | 
 |  ""手性轴不是真正的手性""  |  概念误解  |  手性轴产生的分子与其镜像完全不重叠，是真正的手性  |  轴手性分子有对映体吗？  |","有机化学 立体化学 手性轴 rc_30d 化竞","Chem::Core","[[手性轴]]","30d","易错点卡","手性轴（Axial Chirality）是指分子中不存在经典的手性中心（sp³ 杂化碳连四个不同基团），但由于围绕某一轴的取代基排列方式导致分子与其镜像无法重叠，从而产生手性。手性轴分子的一类重要实例是阻转异构体（Atropisomers）——因单键旋转受阻而产生的立体异构体。"
"什么是手性面？","手性面（Planar Chirality）是指分子的手性来源于某一平面（或准平面）结构两侧取代基的不对称分布，使得分子整体与其镜像无法重叠。手性面是除手性中心和手性轴之外的第三大类型手性来源。","有机化学 立体化学 手性面 rc_30d 化竞","Chem::Core","[[手性面]]","30d","概念卡","关键结论：
• 手性面是""无手性中心也无手性轴的手性分子""：手性来源于二维平面的两侧不对称
• 环蕃是研究手性面的经典体系：桥链的位置和长度精确控制对称性
• 二茂铁衍生物在不对称催化中有应用：平面手性二茂铁配体（如 Josiphos）用于工业化不对称合成
• 手性面的标记比手性中心和手性轴更复杂：需要明确参考平面和""前后""方向
• 天然产物中手性面相对罕见：大多数天然手性分子来源于手性中心或手性轴"
"手性面 的关键结论有哪些？","• 手性面是""无手性中心也无手性轴的手性分子""：手性来源于二维平面的两侧不对称
• 环蕃是研究手性面的经典体系：桥链的位置和长度精确控制对称性
• 二茂铁衍生物在不对称催化中有应用：平面手性二茂铁配体（如 Josiphos）用于工业化不对称合成
• 手性面的标记比手性中心和手性轴更复杂：需要明确参考平面和""前后""方向
• 天然产物中手性面相对罕见：大多数天然手性分子来源于手性中心或手性轴","有机化学 立体化学 手性面 rc_30d 化竞","Chem::Core","[[手性面]]","30d","总结卡","手性面（Planar Chirality）是指分子的手性来源于某一平面（或准平面）结构两侧取代基的不对称分布，使得分子整体与其镜像无法重叠。手性面是除手性中心和手性轴之外的第三大类型手性来源。"
"手性面 有哪些常见易错点？","|  错误  |  原因  |  纠正  |  课堂提问  | 
 | :--- | :--- | :--- | :--- | 
 |  ""环蕃都有手性面""  |  忽略对称性  |  对位等长桥链的环蕃可能有对称面  |  [2.2]对环蕃有手性面吗？  | 
 |  ""二茂铁都有手性面""  |  忽略取代基条件  |  需要不对称取代才能产生手性面  |  二茂铁本身有手性吗？  | 
 |  ""手性面 = 平面分子""  |  概念混淆  |  手性面分子的参考平面两侧不对称，整体不是平面的  |  手性面分子是平面的吗？  | 
 |  ""Rₚ/Sₚ 和 R/S 标记法相同""  |  不了解扩展规则  |  手性面用 Rₚ/Sₚ（planar），与 R/S 不同  |  手性中心、轴、面的标记有何不同？  | 
 |  ""手性面比手性中心高级""  |  主观判断  |  三类手性是平等的分类，无高低之分  |  手性中心、轴、面哪个""更基本""？  |","有机化学 立体化学 手性面 rc_30d 化竞","Chem::Core","[[手性面]]","30d","易错点卡","手性面（Planar Chirality）是指分子的手性来源于某一平面（或准平面）结构两侧取代基的不对称分布，使得分子整体与其镜像无法重叠。手性面是除手性中心和手性轴之外的第三大类型手性来源。"
"什么是扩环反应？","扩环反应（Ring Expansion）：通过重排反应将较小环系（通常是四元环或五元环）转变为较大环系的反应。","有机化学 有机合成 扩环反应 rc_30d 化竞 环状化合物 重排","Chem::Core","[[扩环反应]]","30d","概念卡","关键结论：
• 四元环 → 五元环是最容易发生的扩环——张力释放最大
• 五元环 → 六元环也很常见——六元环最稳定
• W-M 重排是扩环的核心机理——1,2-烷基迁移
• 频哪醇/半频哪醇重排是扩环的重要工具
• 重氮甲烷可用于酮的扩环——但小环酮（如环戊酮）副反应多"
"扩环反应 的关键结论有哪些？","• 四元环 → 五元环是最容易发生的扩环——张力释放最大
• 五元环 → 六元环也很常见——六元环最稳定
• W-M 重排是扩环的核心机理——1,2-烷基迁移
• 频哪醇/半频哪醇重排是扩环的重要工具
• 重氮甲烷可用于酮的扩环——但小环酮（如环戊酮）副反应多","有机化学 有机合成 扩环反应 rc_30d 化竞 环状化合物 重排","Chem::Core","[[扩环反应]]","30d","总结卡","扩环反应（Ring Expansion）：通过重排反应将较小环系（通常是四元环或五元环）转变为较大环系的反应。"
"扩环反应 有哪些常见易错点？","• ❌ 认为所有环都可以扩环 → 需要合适的引发剂和驱动力
• ❌ 混淆扩环和缩环 → 扩环是小 → 大，缩环是大 → 小
• ❌ 忽略环张力因素 → 扩环的驱动力主要来自张力释放
• ❌ 认为重氮甲烷对所有环酮都适用 → 环戊酮等小环酮副反应多","有机化学 有机合成 扩环反应 rc_30d 化竞 环状化合物 重排","Chem::Core","[[扩环反应]]","30d","易错点卡","扩环反应（Ring Expansion）：通过重排反应将较小环系（通常是四元环或五元环）转变为较大环系的反应。"
"什么是旋光异构？","手性（chirality）是指物体不能与其镜像重合的性质，如同左手与右手的关系。","有机化学 立体化学 旋光异构 rc_30d 化竞 手性 对映体","Chem::Core","[[旋光异构]]","30d","概念卡","关键结论：
4.1 对映体与非对映体的比较

 |  性质  |  对映体  |  非对映体  | 
 | :--- | :--- | :--- | 
 |  镜像关系  |  互为镜像  |  不互为镜像  | 
 |  旋光方向  |  相反，数值相等  |  无固定关系  | 
 |  熔点/沸点  |  相同  |  不同  | 
 |  在非手性溶剂中的溶解度  |  相同  |  不同  | 
 |  在手性环境中的反应速率  |  不同  |  不同  | 
 |  生物活性  |  常显著不同  |  可能不同  | 

4.2 常见手性分子的类型• 含手性中心的分子：最常见，如乳酸、葡萄糖• 轴手性分子：如联苯类（邻位取代阻碍旋转）、丙二烯型• 面手性分子：如某些茂金属、螺环化合物• 螺旋手性：如螺烯、蛋白质 α-螺旋

4.3 外消旋体与拆分

外消旋体（racemate）：等摩尔的对映体混合物，[\alpha] = 0。

拆分方法：• 化学拆分：与手性试剂反应生成非对映体，利用性质差异分离• 酶拆分：利用酶的手性选择性催化• 色谱拆分：用手性固定相进行色谱分离• 晶种诱导结晶：利用对映体结晶速率差异"
"旋光异构 的关键结论有哪些？","4.1 对映体与非对映体的比较

 |  性质  |  对映体  |  非对映体  | 
 | :--- | :--- | :--- | 
 |  镜像关系  |  互为镜像  |  不互为镜像  | 
 |  旋光方向  |  相反，数值相等  |  无固定关系  | 
 |  熔点/沸点  |  相同  |  不同  | 
 |  在非手性溶剂中的溶解度  |  相同  |  不同  | 
 |  在手性环境中的反应速率  |  不同  |  不同  | 
 |  生物活性  |  常显著不同  |  可能不同  | 

4.2 常见手性分子的类型• 含手性中心的分子：最常见，如乳酸、葡萄糖• 轴手性分子：如联苯类（邻位取代阻碍旋转）、丙二烯型• 面手性分子：如某些茂金属、螺环化合物• 螺旋手性：如螺烯、蛋白质 α-螺旋

4.3 外消旋体与拆分

外消旋体（racemate）：等摩尔的对映体混合物，[\alpha] = 0。

拆分方法：• 化学拆分：与手性试剂反应生成非对映体，利用性质差异分离• 酶拆分：利用酶的手性选择性催化• 色谱拆分：用手性固定相进行色谱分离• 晶种诱导结晶：利用对映体结晶速率差异","有机化学 立体化学 旋光异构 rc_30d 化竞 手性 对映体","Chem::Core","[[旋光异构]]","30d","总结卡","手性（chirality）是指物体不能与其镜像重合的性质，如同左手与右手的关系。"
"旋光异构 有哪些常见易错点？","• CIP 规则的递归比较：第一层相同（如 −CH_2OH 和 −CH_2CH_3 都是与 C 相连），需比较下一层（O vs C，故 −CH_2OH > −CH_2CH_3）• Fischer 式中最低优先基团在横线上：若 H 在横线上（指向观察者），直接判定的结果需取反• 忽视轴手性：联苯邻位有 bulky 取代基时，即使无手性中心也可能有手性• 内消旋体的误判：看到 ""R,S"" 就认为是外消旋，忘记检查分子内是否有对称面","有机化学 立体化学 旋光异构 rc_30d 化竞 手性 对映体","Chem::Core","[[旋光异构]]","30d","易错点卡","手性（chirality）是指物体不能与其镜像重合的性质，如同左手与右手的关系。"
"什么是无水无氧条件？","严格排除水（H₂O）和氧气（O₂）的反应/操作环境。对于强亲核/强还原性的金属有机试剂，痕量水氧即可导致试剂分解或副反应。","有机化学 基础要求-有机化学 实验技术 无水无氧条件 rc_30d 化竞 金属有机","Chem::Core","[[无水无氧条件]]","30d","概念卡","关键结论：
|  试剂/体系  |  对水敏感  |  对氧敏感  |  备注  | 
 | :---: | :---: | :---: | :--- | 
 |  Grignard (RMgX)  |  极高  |  高  |  Et₂O/THF，Mg 屑活化  | 
 |  有机锂 (RLi)  |  极高  |  极高  |  -78°C，套管转移  | 
 |  Gilman (R₂CuLi)  |  高  |  高  |  现制现用  | 
 |  Pd(0) 催化剂  |  中  |  极高  |  Heck/Suzuki/Negishi  | 
 |  Grubbs 催化剂  |  低  |  高  |  Ru 卡宾被氧毒杀  |"
"无水无氧条件 的关键结论有哪些？","|  试剂/体系  |  对水敏感  |  对氧敏感  |  备注  | 
 | :---: | :---: | :---: | :--- | 
 |  Grignard (RMgX)  |  极高  |  高  |  Et₂O/THF，Mg 屑活化  | 
 |  有机锂 (RLi)  |  极高  |  极高  |  -78°C，套管转移  | 
 |  Gilman (R₂CuLi)  |  高  |  高  |  现制现用  | 
 |  Pd(0) 催化剂  |  中  |  极高  |  Heck/Suzuki/Negishi  | 
 |  Grubbs 催化剂  |  低  |  高  |  Ru 卡宾被氧毒杀  |","有机化学 基础要求-有机化学 实验技术 无水无氧条件 rc_30d 化竞 金属有机","Chem::Core","[[无水无氧条件]]","30d","总结卡","严格排除水（H₂O）和氧气（O₂）的反应/操作环境。对于强亲核/强还原性的金属有机试剂，痕量水氧即可导致试剂分解或副反应。"
"无水无氧条件 有哪些常见易错点？","• 磁子/称量纸未烘干 → 微量水即可让反应失败• 橡胶塞 → 缓慢释放 O₂ 和水汽；敏感反应用 Teflon 塞或 Schlenk 三通• 氩气""纯度""≠保护效果：钢瓶 Ar 含少量 O₂（~5 ppm），极端敏感体系需除氧柱（BASF R3-11 催化剂）","有机化学 基础要求-有机化学 实验技术 无水无氧条件 rc_30d 化竞 金属有机","Chem::Core","[[无水无氧条件]]","30d","易错点卡","严格排除水（H₂O）和氧气（O₂）的反应/操作环境。对于强亲核/强还原性的金属有机试剂，痕量水氧即可导致试剂分解或副反应。"
"什么是有机光化学？","有机光化学：研究有机分子在光（紫外-可见光）激发下发生的化学反应的学科。核心特征是反应从激发态出发，产物选择性与热反应（基态反应）可能完全不同。","有机化学 光化学 有机光化学 rc_30d 化竞 激发态 周环反应","Chem::Core","[[有机光化学]]","30d","概念卡","关键结论：
• 光化学 ≠ 热化学 + 能量：光化学是激发态反应，电子分布不同 → 选择性不同
• [2+2] 热禁阻、光允许——看到 hv + 烯烃 → 优先考虑环丁烷
• Norrish Type II 需要 γ-H——羰基化合物光解的标志性反应
• Paternò-Büchi 是羰基特有的 [2+2]——生成氧杂环丁烷
• 荧光 vs 磷光：S₁→S₀（快）vs T₁→S₀（慢），寿命差异 10⁵ 倍

---"
"有机光化学 的关键结论有哪些？","• 光化学 ≠ 热化学 + 能量：光化学是激发态反应，电子分布不同 → 选择性不同
• [2+2] 热禁阻、光允许——看到 hv + 烯烃 → 优先考虑环丁烷
• Norrish Type II 需要 γ-H——羰基化合物光解的标志性反应
• Paternò-Büchi 是羰基特有的 [2+2]——生成氧杂环丁烷
• 荧光 vs 磷光：S₁→S₀（快）vs T₁→S₀（慢），寿命差异 10⁵ 倍

---","有机化学 光化学 有机光化学 rc_30d 化竞 激发态 周环反应","Chem::Core","[[有机光化学]]","30d","总结卡","有机光化学：研究有机分子在光（紫外-可见光）激发下发生的化学反应的学科。核心特征是反应从激发态出发，产物选择性与热反应（基态反应）可能完全不同。"
"有机光化学 有哪些常见易错点？","• ❌ 光化学就是加热的另一种形式 → 光化学是激发态反应，产物与热反应不同
• ❌ 所有 [2+2] 都是光允许 → 只有某些 [2+2] 光允许（需考虑轨道对称性）
• ❌ Norrish II 不需要 γ-H → γ-H 是必要条件
• ❌ 荧光和磷光是一个东西 → S₁→S₀（荧光）vs T₁→S₀（磷光），寿命差 10⁵ 倍
• ❌ 光化学只发生在紫外区 → 可见光也能驱动某些反应（如光氧化还原催化）

---","有机化学 光化学 有机光化学 rc_30d 化竞 激发态 周环反应","Chem::Core","[[有机光化学]]","30d","易错点卡","有机光化学：研究有机分子在光（紫外-可见光）激发下发生的化学反应的学科。核心特征是反应从激发态出发，产物选择性与热反应（基态反应）可能完全不同。"
"什么是有机分子的几何构型？","有机分子的几何构型是指分子中原子在三维空间中的相对排布方式，由中心原子的杂化类型和孤对电子数共同决定。构型直接影响分子的键角、极性、反应位点可及性和立体化学性质。","有机化学 基础要求-有机化学 结构基础 有机分子的几何构型 rc_30d 化竞 结构化学 VSEPR 杂化轨道","Chem::Core","[[有机分子的几何构型]]","30d","概念卡","关键结论：
4.1 键角压缩规律• 孤对电子排斥 > 成键电子对排斥（因为孤对更靠近中心原子）• 结果：含孤对电子的分子，键角比理想值小• CH₄：109.5°（理想）• NH₃：107.3°（孤对压缩）• H₂O：104.5°（两对孤对，压缩更显著）

4.2 多重键的""体积""• VSEPR 中，多重键（双键、三键）按 一个""超电子对"" 处理• 但多重键电子云密度大，排斥力：三键 > 双键 > 单键• 实例：甲醛 H₂C=O 中，H–C–H 键角 ~116°（小于 120°），因为 C=O 双键排斥更强，把两个 C–H 键压小

4.3 有机分子中常见的几何约束

 |  结构单元  |  中心原子杂化  |  键角  |  几何特征  | 
 | :--- | :---: | :---: | :--- | 
 |  烷烃 –CH₂–  |  sp³  |  ~109.5°  |  四面体，可自由旋转  | 
 |  烯烃 =CH–  |  sp²  |  ~120°  |  平面，不可旋转（π 键限制） | 
 |  炔烃 ≡C–  |  sp  |  180°  |  直线形  | 
 |  羰基 C=O  |  sp²  |  ~120°  |  平面，O 和两侧取代基共平面  | 
 |  芳香环  |  sp²  |  ~120°  |  全环共平面  | 
 |  醚 –O–  |  sp³  |  ~104.5°  |  两对孤对，键角压缩  | 
 |  胺 –NH–  |  sp³  |  ~107°  |  一对孤对，三角锥  |"
"有机分子的几何构型 的关键结论有哪些？","4.1 键角压缩规律• 孤对电子排斥 > 成键电子对排斥（因为孤对更靠近中心原子）• 结果：含孤对电子的分子，键角比理想值小• CH₄：109.5°（理想）• NH₃：107.3°（孤对压缩）• H₂O：104.5°（两对孤对，压缩更显著）

4.2 多重键的""体积""• VSEPR 中，多重键（双键、三键）按 一个""超电子对"" 处理• 但多重键电子云密度大，排斥力：三键 > 双键 > 单键• 实例：甲醛 H₂C=O 中，H–C–H 键角 ~116°（小于 120°），因为 C=O 双键排斥更强，把两个 C–H 键压小

4.3 有机分子中常见的几何约束

 |  结构单元  |  中心原子杂化  |  键角  |  几何特征  | 
 | :--- | :---: | :---: | :--- | 
 |  烷烃 –CH₂–  |  sp³  |  ~109.5°  |  四面体，可自由旋转  | 
 |  烯烃 =CH–  |  sp²  |  ~120°  |  平面，不可旋转（π 键限制） | 
 |  炔烃 ≡C–  |  sp  |  180°  |  直线形  | 
 |  羰基 C=O  |  sp²  |  ~120°  |  平面，O 和两侧取代基共平面  | 
 |  芳香环  |  sp²  |  ~120°  |  全环共平面  | 
 |  醚 –O–  |  sp³  |  ~104.5°  |  两对孤对，键角压缩  | 
 |  胺 –NH–  |  sp³  |  ~107°  |  一对孤对，三角锥  |","有机化学 基础要求-有机化学 结构基础 有机分子的几何构型 rc_30d 化竞 结构化学 VSEPR 杂化轨道","Chem::Core","[[有机分子的几何构型]]","30d","总结卡","有机分子的几何构型是指分子中原子在三维空间中的相对排布方式，由中心原子的杂化类型和孤对电子数共同决定。构型直接影响分子的键角、极性、反应位点可及性和立体化学性质。"
"有机分子的几何构型 有哪些常见易错点？","• 把电子对几何直接当成分子构型（如说 NH₃ 是""四面体""——严格说是三角锥）• 忽略多重键的增强排斥（如甲醛 H–C–H 键角 < 120°）• 认为 sp³ 键角永远是 109.5°——实际上受取代基电负性和孤对电子影响会变化• 把环己烷的椅式构象画成平面六边形——这是构象，不是构型","有机化学 基础要求-有机化学 结构基础 有机分子的几何构型 rc_30d 化竞 结构化学 VSEPR 杂化轨道","Chem::Core","[[有机分子的几何构型]]","30d","易错点卡","有机分子的几何构型是指分子中原子在三维空间中的相对排布方式，由中心原子的杂化类型和孤对电子数共同决定。构型直接影响分子的键角、极性、反应位点可及性和立体化学性质。"
"什么是有机分子轨道？","有机分子轨道理论（MO Theory）是将量子力学的分子轨道方法应用于有机化学体系，用于描述 π 电子的离域行为、共轭体系的电子结构、以及化学反应中的轨道相互作用。与价键理论（VB）相比，分子轨道理论更适合解释共轭、芳香性和周环反应等有机化学核心现象。","有机化学 结构基础 有机分子轨道 rc_30d 化竞 结构理论 分子轨道","Chem::Core","[[有机分子轨道]]","30d","概念卡","关键结论：
• π 电子数 = 参与共轭的 p 轨道数：每个 p 轨道贡献 1 个 π 电子（中性碳）• 节面数决定 MO 能量：节面越多，节点越多，能量越高• 成键轨道数 = 反键轨道数（对于 n 个 p 轨道的体系）• HOMO-LUMO 能隙是反应活性的重要指标：能隙小 → 易极化 → 反应活性高• 芳香性的 MO 解释：环状共轭体系若具有闭壳层的成键 MO 填充（4n+2 π 电子），则特别稳定"
"有机分子轨道 的关键结论有哪些？","• π 电子数 = 参与共轭的 p 轨道数：每个 p 轨道贡献 1 个 π 电子（中性碳）• 节面数决定 MO 能量：节面越多，节点越多，能量越高• 成键轨道数 = 反键轨道数（对于 n 个 p 轨道的体系）• HOMO-LUMO 能隙是反应活性的重要指标：能隙小 → 易极化 → 反应活性高• 芳香性的 MO 解释：环状共轭体系若具有闭壳层的成键 MO 填充（4n+2 π 电子），则特别稳定","有机化学 结构基础 有机分子轨道 rc_30d 化竞 结构理论 分子轨道","Chem::Core","[[有机分子轨道]]","30d","总结卡","有机分子轨道理论（MO Theory）是将量子力学的分子轨道方法应用于有机化学体系，用于描述 π 电子的离域行为、共轭体系的电子结构、以及化学反应中的轨道相互作用。与价键理论（VB）相比，分子轨道理论更适合解释共轭、芳香性和周环反应等有机化学核心现象。"
"有机分子轨道 有哪些常见易错点？","|  错误  |  原因  |  纠正  |  课堂提问  | 
 | :--- | :--- | :--- | :--- | 
 |  ""节面可以位于原子内部""  |  误解节面定义  |  节面必须通过原子核或处于核间  |  MO 的节面能穿过碳原子的中心吗？  | 
 |  ""反键轨道一定没有电子""  |  忽略激发态  |  基态反键轨道为空；激发态可有电子  |  乙烯的 π* 轨道在什么情况下有电子？  | 
 |  ""HOMO 能量越低越活泼""  |  混淆给电子能力  |  HOMO 能量越高，给电子能力越强，亲核性越强  |  乙烷和乙烯哪个的 HOMO 能量更高？  | 
 |  ""4n+2 只适用于六元环""  |  误解规则适用范围  |  4n+2 适用于所有单环平面共轭体系（三元到无穷） |  环戊二烯负离子有芳香性吗？  | 
 |  ""MO 理论和共振论互相矛盾""  |  不了解互补性  |  二者是同一量子力学现象的不同近似描述  |  MO 理论和共振论哪个""更正确""？  |","有机化学 结构基础 有机分子轨道 rc_30d 化竞 结构理论 分子轨道","Chem::Core","[[有机分子轨道]]","30d","易错点卡","有机分子轨道理论（MO Theory）是将量子力学的分子轨道方法应用于有机化学体系，用于描述 π 电子的离域行为、共轭体系的电子结构、以及化学反应中的轨道相互作用。与价键理论（VB）相比，分子轨道理论更适合解释共轭、芳香性和周环反应等有机化学核心现象。"
"什么是有机反应机理？","有机反应机理（Organic Reaction Mechanism）：描述反应物转化为产物过程中，化学键断裂与形成的详细步骤、中间体和过渡态的序列。","有机化学 反应机理 有机反应机理 rc_30d 化竞 箭头推动 电子推动","Chem::Core","[[有机反应机理]]","30d","概念卡","关键结论：
• 机理书写是""合理推测""，不是""绝对真理""——科学本质决定无法绝对证明• 多重证据交叉验证是确定机理的唯一途径• 电子推动箭头必须规范——从富电子流向缺电子• 四大反应类型涵盖了几乎所有有机反应• 给体-受体相互作用是理解机理的底层框架"
"有机反应机理 的关键结论有哪些？","• 机理书写是""合理推测""，不是""绝对真理""——科学本质决定无法绝对证明• 多重证据交叉验证是确定机理的唯一途径• 电子推动箭头必须规范——从富电子流向缺电子• 四大反应类型涵盖了几乎所有有机反应• 给体-受体相互作用是理解机理的底层框架","有机化学 反应机理 有机反应机理 rc_30d 化竞 箭头推动 电子推动","Chem::Core","[[有机反应机理]]","30d","总结卡","有机反应机理（Organic Reaction Mechanism）：描述反应物转化为产物过程中，化学键断裂与形成的详细步骤、中间体和过渡态的序列。"
"有机反应机理 有哪些常见易错点？","• ❌ 箭头方向画反 → 必须从电子源指向电子穴• ❌ 一次画多箭头 → Grossman 规则：一步一步来• ❌ 忽略立体化学 → 特别是 SN2 的翻转、E2 的反式共平面• ❌ 创造不合理中间体 → 如五配位碳、桥头双键等• ❌ 混淆异裂和均裂箭头 → 双钩 vs 鱼钩","有机化学 反应机理 有机反应机理 rc_30d 化竞 箭头推动 电子推动","Chem::Core","[[有机反应机理]]","30d","易错点卡","有机反应机理（Organic Reaction Mechanism）：描述反应物转化为产物过程中，化学键断裂与形成的详细步骤、中间体和过渡态的序列。"
"什么是有机合成？","有机合成是指利用有机化学反应，从简单的起始原料出发，通过一系列官能团转化和碳骨架构建，制备目标有机化合物的过程。竞赛中的有机合成题通常要求设计合理的合成路线，考查对反应类型、选择性控制、官能团保护和逆合成分析（retrosynthesis）的掌握。","有机化学 合成方法 有机合成 rc_30d 化竞 基础要求 合成 逆合成分析","Chem::Core","[[有机合成]]","30d","概念卡","关键结论：
• [待补充]"
"有机合成 的关键结论有哪些？","• [待补充]","有机化学 合成方法 有机合成 rc_30d 化竞 基础要求 合成 逆合成分析","Chem::Core","[[有机合成]]","30d","总结卡","有机合成是指利用有机化学反应，从简单的起始原料出发，通过一系列官能团转化和碳骨架构建，制备目标有机化合物的过程。竞赛中的有机合成题通常要求设计合理的合成路线，考查对反应类型、选择性控制、官能团保护和逆合成分析（retrosynthesis）的掌握。"
"有机合成 有哪些常见易错点？","• [待补充]","有机化学 合成方法 有机合成 rc_30d 化竞 基础要求 合成 逆合成分析","Chem::Core","[[有机合成]]","30d","易错点卡","有机合成是指利用有机化学反应，从简单的起始原料出发，通过一系列官能团转化和碳骨架构建，制备目标有机化合物的过程。竞赛中的有机合成题通常要求设计合理的合成路线，考查对反应类型、选择性控制、官能团保护和逆合成分析（retrosynthesis）的掌握。"
"什么是有机氧化反应？","有机氧化反应是指有机分子中碳原子的氧化态升高的反应，通常表现为：• C-H 键减少（脱氢）• C-O/C-N/C-X 键增加（加氧/加杂原子）• C-C 键断裂（强氧化）","有机化学 具体反应 有机氧化反应 rc_30d 化竞 氧化反应 PCC Swern","Chem::Core","[[有机氧化反应]]","30d","概念卡","关键结论：
• 氧化剂的选择是有机合成的核心技能：不同氧化剂的活性和选择性差异巨大• 一级醇氧化为醛是难点：多数氧化剂会过度氧化为羧酸，需选择温和试剂（PCC, Swern, DMP）• 烯烃氧化可得到多种产物：取决于氧化剂（顺式二醇、反式二醇、环氧化物、断裂产物）• 臭氧氧化是断裂双键的精确工具：可用于确定双键位置（降解分析）• Baeyer-Villiger 氧化是酮 → 酯的独特方法：插入氧原子，基团迁移能力决定产物"
"有机氧化反应 的关键结论有哪些？","• 氧化剂的选择是有机合成的核心技能：不同氧化剂的活性和选择性差异巨大• 一级醇氧化为醛是难点：多数氧化剂会过度氧化为羧酸，需选择温和试剂（PCC, Swern, DMP）• 烯烃氧化可得到多种产物：取决于氧化剂（顺式二醇、反式二醇、环氧化物、断裂产物）• 臭氧氧化是断裂双键的精确工具：可用于确定双键位置（降解分析）• Baeyer-Villiger 氧化是酮 → 酯的独特方法：插入氧原子，基团迁移能力决定产物","有机化学 具体反应 有机氧化反应 rc_30d 化竞 氧化反应 PCC Swern","Chem::Core","[[有机氧化反应]]","30d","总结卡","有机氧化反应是指有机分子中碳原子的氧化态升高的反应，通常表现为：• C-H 键减少（脱氢）• C-O/C-N/C-X 键增加（加氧/加杂原子）• C-C 键断裂（强氧化）"
"有机氧化反应 有哪些常见易错点？","|  错误  |  原因  |  纠正  |  课堂提问  | 
 | :--- | :--- | :--- | :--- | 
 |  ""PCC 永远不会过度氧化""  |  条件误解  |  PCC 通常不过度氧化，但在某些条件（如含水、长时间）下仍可能  |  什么条件下 PCC 也可能氧化到羧酸？  | 
 |  ""OsO₄ 和 KMnO₄ 产物不同""  |  忽略条件  |  稀冷 KMnO₄ 和 OsO₄ 都给出 syn-二醇；浓热 KMnO₄ 才断裂  |  稀冷 KMnO₄ 和 OsO₄ 对烯烃的产物有何异同？  | 
 |  ""臭氧氧化只给醛""  |  忽略后处理  |  还原后处理得醛/酮；氧化后处理得羧酸  |  某烯烃臭氧化后处理用 H₂O₂ 和 Me₂S 产物有何不同？  | 
 |  ""mCPBA 只氧化烯烃""  |  忽略 Baeyer-Villiger  |  mCPBA 也可氧化酮 → 酯（Baeyer-Villiger） |  mCPBA 对酮和烯烃分别有什么作用？  | 
 |  ""Swern 氧化不需要低温""  |  忽略机理  |  −78°C 是必须的，否则副反应多（Pummerer 重排） |  为什么 Swern 氧化要严格控制在 −78°C？  |","有机化学 具体反应 有机氧化反应 rc_30d 化竞 氧化反应 PCC Swern","Chem::Core","[[有机氧化反应]]","30d","易错点卡","有机氧化反应是指有机分子中碳原子的氧化态升高的反应，通常表现为：• C-H 键减少（脱氢）• C-O/C-N/C-X 键增加（加氧/加杂原子）• C-C 键断裂（强氧化）"
"什么是有机波谱分析？","有机波谱分析是利用电磁波与有机分子相互作用产生的光谱信息，来推断分子结构的分析方法。在有机化学研究和竞赛中，波谱分析是结构鉴定的核心手段，通常需要综合使用多种波谱数据进行结构推导。","有机化学 结构鉴定 有机波谱分析 rc_30d 化竞 波谱分析 红外光谱 核磁共振","Chem::Core","[[有机波谱分析]]","30d","概念卡","关键结论：
• IR 的核心价值是官能团鉴定：羰基区域（1850–1650 cm⁻¹）和指纹区（< 1500 cm⁻¹）最为关键• ¹H NMR 是结构解析的“骨架图”：化学位移确定环境，积分确定氢数，裂分确定相邻氢数• 分子离子峰是质谱分析的起点：结合同位素峰和氮规则（含奇数 N 时分子量为奇数）推断分子式• 共轭体系增长 → UV λmax 红移：Woodward-Fieser 规则可估算共轭二烯的 λmax• 波谱综合解析是竞赛考查的核心能力：单一波谱往往不足以确定结构，需要交叉验证"
"有机波谱分析 的关键结论有哪些？","• IR 的核心价值是官能团鉴定：羰基区域（1850–1650 cm⁻¹）和指纹区（< 1500 cm⁻¹）最为关键• ¹H NMR 是结构解析的“骨架图”：化学位移确定环境，积分确定氢数，裂分确定相邻氢数• 分子离子峰是质谱分析的起点：结合同位素峰和氮规则（含奇数 N 时分子量为奇数）推断分子式• 共轭体系增长 → UV λmax 红移：Woodward-Fieser 规则可估算共轭二烯的 λmax• 波谱综合解析是竞赛考查的核心能力：单一波谱往往不足以确定结构，需要交叉验证","有机化学 结构鉴定 有机波谱分析 rc_30d 化竞 波谱分析 红外光谱 核磁共振","Chem::Core","[[有机波谱分析]]","30d","总结卡","有机波谱分析是利用电磁波与有机分子相互作用产生的光谱信息，来推断分子结构的分析方法。在有机化学研究和竞赛中，波谱分析是结构鉴定的核心手段，通常需要综合使用多种波谱数据进行结构推导。"
"有机波谱分析 有哪些常见易错点？","|  错误  |  原因  |  纠正  |  课堂提问  | 
 | :--- | :--- | :--- | :--- | 
 |  ""NMR 裂分只看相邻碳上的氢""  |  忽略等价性要求  |  只有等价氢才符合 n+1 规则；不等价氢各自裂分  |  如果相邻碳上有 2 个 H 但不等价，峰如何裂分？  | 
 |  ""IR 中所有峰都要记住""  |  过度焦虑  |  重点记官能团区特征峰，指纹区用于确认  |  IR 中最重要的是哪个区域？  | 
 |  ""MS 中分子离子峰一定是最高峰""  |  忽略例外  |  分子离子峰可能很弱甚至不出现（如醇、支链烷烃） |  什么类型的化合物分子离子峰较弱？  | 
 |  ""UV-Vis 可以判断所有双键""  |  不了解选择定则  |  孤立 C=C 的 π→π* 在远紫外，常规 UV-Vis 看不到  |  乙烯在 200–400 nm 有吸收吗？  | 
 |  ""活泼氢位置固定""  |  忽略氢键影响  |  O–H, N–H 的 δ 受浓度、温度、溶剂影响极大  |  为什么乙醇的 O–H 化学位移会变化？  |","有机化学 结构鉴定 有机波谱分析 rc_30d 化竞 波谱分析 红外光谱 核磁共振","Chem::Core","[[有机波谱分析]]","30d","易错点卡","有机波谱分析是利用电磁波与有机分子相互作用产生的光谱信息，来推断分子结构的分析方法。在有机化学研究和竞赛中，波谱分析是结构鉴定的核心手段，通常需要综合使用多种波谱数据进行结构推导。"
"什么是有机还原反应？","有机还原反应是指有机分子中碳原子的氧化态降低的反应，通常表现为：• C-O/C-N/C-X 键减少（脱氧/脱杂原子）• C-H 键增加（加氢）• C=C/C≡C 键氢化（π 键断裂）","有机化学 具体反应 有机还原反应 rc_30d 化竞 还原反应 NaBH4 LiAlH4","Chem::Core","[[有机还原反应]]","30d","概念卡","关键结论：
• NaBH₄ 和 LiAlH₄ 是最核心的两个氢化物还原剂：前者温和（只还原醛/酮），后者强（还原几乎所有羰基衍生物）• LiAlH₄ 操作需严格无水：遇水剧烈反应，释放 H₂• DIBAL-H 是酯 → 醛的专用试剂：低温（−78°C）控制可停在醛• Lindlar 催化氢化是炔 → 顺式烯的经典方法：与 Na/NH₃ 的反式还原形成互补• Birch 还原是芳环选择性还原为 1,4-环己二烯的独特方法：EDG → 取代基在双键碳；EWG → 取代基在饱和碳"
"有机还原反应 的关键结论有哪些？","• NaBH₄ 和 LiAlH₄ 是最核心的两个氢化物还原剂：前者温和（只还原醛/酮），后者强（还原几乎所有羰基衍生物）• LiAlH₄ 操作需严格无水：遇水剧烈反应，释放 H₂• DIBAL-H 是酯 → 醛的专用试剂：低温（−78°C）控制可停在醛• Lindlar 催化氢化是炔 → 顺式烯的经典方法：与 Na/NH₃ 的反式还原形成互补• Birch 还原是芳环选择性还原为 1,4-环己二烯的独特方法：EDG → 取代基在双键碳；EWG → 取代基在饱和碳","有机化学 具体反应 有机还原反应 rc_30d 化竞 还原反应 NaBH4 LiAlH4","Chem::Core","[[有机还原反应]]","30d","总结卡","有机还原反应是指有机分子中碳原子的氧化态降低的反应，通常表现为：• C-O/C-N/C-X 键减少（脱氧/脱杂原子）• C-H 键增加（加氢）• C=C/C≡C 键氢化（π 键断裂）"
"有机还原反应 有哪些常见易错点？","|  错误  |  原因  |  纠正  |  课堂提问  | 
 | :--- | :--- | :--- | :--- | 
 |  ""NaBH₄ 可以还原酯""  |  与 LiAlH₄ 混淆  |  NaBH₄ 不能还原酯、酰胺、羧酸  |  NaBH₄ 和 LiAlH₄ 对酯的反应有何不同？  | 
 |  ""LiAlH₄ 可以用水溶液""  |  忽略其遇水反应  |  LiAlH₄ 严格无水，遇水剧烈放氢甚至爆炸  |  为什么 LiAlH₄ 后处理要先加 EtOAc 再加水？  | 
 |  ""DIBAL-H 任何温度都得醛""  |  忽略温度控制  |  DIBAL-H −78°C 得醛；升温继续还原为醇  |  DIBAL-H 还原酯时温度控制为什么关键？  | 
 |  ""催化氢化总是 syn 加成""  |  忽略溶解金属还原  |  H₂/Pd 是 syn；Na/NH₃ 是 反式  |  炔烃还原为顺式烯和反式烯各用什么试剂？  | 
 |  ""Birch 还原给全氢化产物""  |  与催化氢化混淆  |  Birch 还原只给 1,4-二烯，不是全氢化  |  Birch 还原和 H₂/Pd 还原芳环的产物有何不同？  |","有机化学 具体反应 有机还原反应 rc_30d 化竞 还原反应 NaBH4 LiAlH4","Chem::Core","[[有机还原反应]]","30d","易错点卡","有机还原反应是指有机分子中碳原子的氧化态降低的反应，通常表现为：• C-O/C-N/C-X 键减少（脱氧/脱杂原子）• C-H 键增加（加氢）• C=C/C≡C 键氢化（π 键断裂）"
"什么是有机酸碱性？","有机酸碱性是指有机化合物作为 Brønsted 酸（给质子能力）或 Brønsted 碱（接受质子能力）的强弱，由分子结构中的电子效应、杂化方式、溶剂化效应等因素共同决定。","有机化学 机理基础 有机酸碱性 rc_30d 化竞 酸碱理论 pKa 诱导效应","Chem::Core","[[有机酸碱性]]","30d","概念卡","关键结论：
• 共轭碱的稳定性是酸性强弱的决定因素：任何能分散共轭碱负电荷的因素都增强酸性• 杂化效应是 C-H 酸性强弱的核心：sp > sp² > sp³，因为 s 成分越高，电负性越大，C-H 键极性越强，碳负离子越稳定• 共振是增强酸性的最强因素之一：羧酸（pKa ~5）vs 醇（pKa ~16），差 11 个数量级，因为羧酸根的负电荷在两个氧之间离域• 给电子共轭（+M）是减弱碱性的最强因素：苯胺的孤对离域到苯环 → 碱性比环己胺弱 6 个数量级• 有机碱性的""异常""常由溶剂化引起：气相中碱性顺序可能与水溶液中不同（如气相中 NH₃ > 甲胺 > 二甲胺，但水溶液中二甲胺 > 甲胺 > NH₃）

3.4 气相 vs 液相酸性反转（"
"有机酸碱性 的关键结论有哪些？","• 共轭碱的稳定性是酸性强弱的决定因素：任何能分散共轭碱负电荷的因素都增强酸性• 杂化效应是 C-H 酸性强弱的核心：sp > sp² > sp³，因为 s 成分越高，电负性越大，C-H 键极性越强，碳负离子越稳定• 共振是增强酸性的最强因素之一：羧酸（pKa ~5）vs 醇（pKa ~16），差 11 个数量级，因为羧酸根的负电荷在两个氧之间离域• 给电子共轭（+M）是减弱碱性的最强因素：苯胺的孤对离域到苯环 → 碱性比环己胺弱 6 个数量级• 有机碱性的""异常""常由溶剂化引起：气相中碱性顺序可能与水溶液中不同（如气相中 NH₃ > 甲胺 > 二甲胺，但水溶液中二甲胺 > 甲胺 > NH₃）

3.4 气相 vs 液相酸性反转（","有机化学 机理基础 有机酸碱性 rc_30d 化竞 酸碱理论 pKa 诱导效应","Chem::Core","[[有机酸碱性]]","30d","总结卡","有机酸碱性是指有机化合物作为 Brønsted 酸（给质子能力）或 Brønsted 碱（接受质子能力）的强弱，由分子结构中的电子效应、杂化方式、溶剂化效应等因素共同决定。"
"有机酸碱性 有哪些常见易错点？","|  错误  |  原因  |  纠正  |  课堂提问  | 
 | :--- | :--- | :--- | :--- | 
 |  ""吸电子基总是增强酸性""  |  忽略对碱性的影响  |  吸电子基在酸中增强酸性，但在胺中会减弱碱性  |  CF₃CH₂NH₂ 和 CH₃CH₂NH₂ 谁碱性更强？  | 
 |  ""给电子基总是增强碱性""  |  忽略对酸性的影响  |  给电子基在胺中增强碱性，但在酸中会减弱酸性  |  甲胺和氨谁碱性更强？乙酸和丙酸谁酸性强？  | 
 |  ""pKa 越大酸性越强""  |  对数概念混淆  |  pKa 越小，酸性越强  |  pKa = 3 和 pKa = 5，谁的酸性强 100 倍？  | 
 |  ""苯胺比氨碱性强""  |  忽略共轭效应  |  苯胺的孤对离域到苯环 → 碱性弱于氨  |  苯胺和环己胺谁的碱性强？为什么？  | 
 |  ""sp 杂化碳的酸性弱于 sp³""  |  杂化效应记反  |  sp > sp² > sp³（s 成分越高越酸） |  乙烷、乙烯、乙炔谁的 α-H 酸性最强？  |","有机化学 机理基础 有机酸碱性 rc_30d 化竞 酸碱理论 pKa 诱导效应","Chem::Core","[[有机酸碱性]]","30d","易错点卡","有机酸碱性是指有机化合物作为 Brønsted 酸（给质子能力）或 Brønsted 碱（接受质子能力）的强弱，由分子结构中的电子效应、杂化方式、溶剂化效应等因素共同决定。"
"什么是有机锂试剂？","有机锂试剂（Organolithium Reagent） 通式为 RLi（R = 烷基、烯基、芳基、炔基），是由卤代烃与金属锂反应或通过卤素-锂交换制备的有机金属化合物。","有机化学 具体反应 有机锂试剂 rc_30d 化竞 金属有机 有机锂 强碱","Chem::Core","[[有机锂试剂]]","30d","概念卡","关键结论：
• 有机锂比格氏试剂反应性更强：可与位阻更大的酮反应；可与更惰性的底物反应
• 与酯/酰氯反应也需 2 当量：第一当量加成得酮中间体，第二当量继续加成得 3° 醇
• LDA 是最常用的非亲核性强碱：大位阻（二异丙基氨基）阻止其对羰基的亲核进攻，专用于夺取 α-H 形成烯醇负离子
• 与 α,β-不饱和羰基主要 1,2-加成（硬亲核体），但比格氏试剂更容易发生副反应
• 定向金属化（DoM）是竞赛高级技巧：利用芳环上的 DMG（如 -CONR₂、-OCH₃、-NHCOR）引导 Li 在特定位置取代，实现选择性官能团化"
"有机锂试剂 的关键结论有哪些？","• 有机锂比格氏试剂反应性更强：可与位阻更大的酮反应；可与更惰性的底物反应
• 与酯/酰氯反应也需 2 当量：第一当量加成得酮中间体，第二当量继续加成得 3° 醇
• LDA 是最常用的非亲核性强碱：大位阻（二异丙基氨基）阻止其对羰基的亲核进攻，专用于夺取 α-H 形成烯醇负离子
• 与 α,β-不饱和羰基主要 1,2-加成（硬亲核体），但比格氏试剂更容易发生副反应
• 定向金属化（DoM）是竞赛高级技巧：利用芳环上的 DMG（如 -CONR₂、-OCH₃、-NHCOR）引导 Li 在特定位置取代，实现选择性官能团化","有机化学 具体反应 有机锂试剂 rc_30d 化竞 金属有机 有机锂 强碱","Chem::Core","[[有机锂试剂]]","30d","总结卡","有机锂试剂（Organolithium Reagent） 通式为 RLi（R = 烷基、烯基、芳基、炔基），是由卤代烃与金属锂反应或通过卤素-锂交换制备的有机金属化合物。"
"有机锂试剂 有哪些常见易错点？","|  错误  |  原因  |  纠正  |  课堂提问  | 
 | :--- | :--- | :--- | :--- | 
 |  混淆 n-BuLi 的 ""丁基"" 与丁烷  |  以为 n-BuLi 是丁烷衍生物  |  n-BuLi = 正丁基锂（CH₃CH₂CH₂CH₂Li），是 丁烷去掉一个 H 后连 Li  |  n-BuLi 与 CO₂ 反应后水解，产物是什么？  | 
 |  认为 LDA 是亲核试剂  |  名字里有 ""锂""  |  LDA 位阻极大，不能作为亲核体进攻羰基；只做碱  |  为什么 LDA 与丙酮混合后不会加成，而 MeLi 会？  | 
 |  卤素-锂交换温度太高  |  未理解交换平衡  |  必须在 -78°C 进行，否则交换产物可能再交换，导致混合物  |  为什么卤素-锂交换要干冰浴？  | 
 |  认为有机锂与格氏试剂对酯反应不同  |  未理解共性  |  两者与酯反应都需 2 当量，最终都得 3° 醇  |  有机锂与酯反应会停在酮吗？  | 
 |  忽略芳环上的 DMG 效应  |  只记卤素-锂交换  |  含 -OCH₃、-CONR₂ 的芳环可被 n-BuLi 直接金属化（不经过卤素交换） |  苯甲醚与 n-BuLi 反应，锂进入哪个位置？  |","有机化学 具体反应 有机锂试剂 rc_30d 化竞 金属有机 有机锂 强碱","Chem::Core","[[有机锂试剂]]","30d","易错点卡","有机锂试剂（Organolithium Reagent） 通式为 RLi（R = 烷基、烯基、芳基、炔基），是由卤代烃与金属锂反应或通过卤素-锂交换制备的有机金属化合物。"
"什么是杂原子ene反应？","杂原子 Ene 反应（Hetero-ene Reaction）：Ene 反应中 ene 组分或 enophile 含有杂原子（O、N、S 等）的变体，反应机理和特征与经典的 Alder-ene 反应类似，但涉及杂原子参与的六元环过渡态。","有机化学 反应机理 杂原子ene反应 rc_30d 化竞 周环反应 杂原子","Chem::Core","[[杂原子ene反应]]","30d","概念卡","关键结论：
• 杂原子 Ene 反应机理与经典 Ene 相同——六元环过渡态，六电子协同• 羰基 Ene 是最重要的杂原子 Ene——需要 Lewis 酸催化• 杂原子改变烯丙氢的酸性——影响反应速率和选择性• 分子内杂原子 Ene 更有利——熵有利，且可构建环状结构• 薄荷醇工业生产是羰基 Ene 的经典应用"
"杂原子ene反应 的关键结论有哪些？","• 杂原子 Ene 反应机理与经典 Ene 相同——六元环过渡态，六电子协同• 羰基 Ene 是最重要的杂原子 Ene——需要 Lewis 酸催化• 杂原子改变烯丙氢的酸性——影响反应速率和选择性• 分子内杂原子 Ene 更有利——熵有利，且可构建环状结构• 薄荷醇工业生产是羰基 Ene 的经典应用","有机化学 反应机理 杂原子ene反应 rc_30d 化竞 周环反应 杂原子","Chem::Core","[[杂原子ene反应]]","30d","总结卡","杂原子 Ene 反应（Hetero-ene Reaction）：Ene 反应中 ene 组分或 enophile 含有杂原子（O、N、S 等）的变体，反应机理和特征与经典的 Alder-ene 反应类似，但涉及杂原子参与的六元环过渡态。"
"杂原子ene反应 有哪些常见易错点？","• ❌ 杂原子 Ene 不需要烯丙基氢 → 仍然需要• ❌ 羰基 Ene 不需要催化剂 → 通常需要 Lewis 酸催化• ❌ 杂原子 Ene 和经典 Ene 机理不同 → 机理相同，都是六电子协同• ❌ Ene 产物是环状 → Ene 产物是非环状（区别于 D-A）","有机化学 反应机理 杂原子ene反应 rc_30d 化竞 周环反应 杂原子","Chem::Core","[[杂原子ene反应]]","30d","易错点卡","杂原子 Ene 反应（Hetero-ene Reaction）：Ene 反应中 ene 组分或 enophile 含有杂原子（O、N、S 等）的变体，反应机理和特征与经典的 Alder-ene 反应类似，但涉及杂原子参与的六元环过渡态。"
"什么是杂环化合物？","杂环化合物是指环状结构中含有至少一个非碳原子（如 O、N、S 等，称为杂原子）的有机化合物。根据芳香性可分为芳香杂环和非芳香杂环，其中五元杂环（呋喃、噻吩、吡咯）和六元杂环（吡啶、嘧啶）是竞赛中最常考查的内容。","有机化学 杂环化学 杂环化合物 rc_30d 化竞 基础要求 杂环 芳香性","Chem::Core","[[杂环化合物]]","30d","概念卡","关键结论：
• [待补充]"
"杂环化合物 的关键结论有哪些？","• [待补充]","有机化学 杂环化学 杂环化合物 rc_30d 化竞 基础要求 杂环 芳香性","Chem::Core","[[杂环化合物]]","30d","总结卡","杂环化合物是指环状结构中含有至少一个非碳原子（如 O、N、S 等，称为杂原子）的有机化合物。根据芳香性可分为芳香杂环和非芳香杂环，其中五元杂环（呋喃、噻吩、吡咯）和六元杂环（吡啶、嘧啶）是竞赛中最常考查的内容。"
"杂环化合物 有哪些常见易错点？","• [待补充]","有机化学 杂环化学 杂环化合物 rc_30d 化竞 基础要求 杂环 芳香性","Chem::Core","[[杂环化合物]]","30d","易错点卡","杂环化合物是指环状结构中含有至少一个非碳原子（如 O、N、S 等，称为杂原子）的有机化合物。根据芳香性可分为芳香杂环和非芳香杂环，其中五元杂环（呋喃、噻吩、吡咯）和六元杂环（吡啶、嘧啶）是竞赛中最常考查的内容。"
"什么是杂环合成？","杂环合成是指构建含有至少一个非碳原子（N, O, S 等）的环状有机化合物的策略与方法。杂环是天然产物、药物和生物分子的核心骨架，约 60% 以上的已知有机化合物含有杂环结构。","有机化学 特殊体系 杂环合成 rc_30d 化竞 杂环","Chem::Core","[[杂环合成]]","30d","概念卡","关键结论：
• Paal-Knorr 是五元杂环的""万能钥匙""：1,4-二羰基 + 适当亲核试剂 → 呋喃（脱水）/ 吡咯（加氨）/ 噻吩（加硫试剂）• Fischer 吲哚合成是最经典、最常用的吲哚构建法：苯肼 + 醛/酮 → 苯腙 → [3,3]-σ 迁移 → 吲哚• 吡啶化学 = 缺电子芳香取代大全：SNAr、Chichibabin（NaNH₂）、ANRORC、Minisci 自由基取代• Skraup 喹啉合成的核心是丙烯醛中间体：甘油脱水 → 丙烯醛 → Michael 加成 → 关环 → 氧化芳构化• Diels-Alder 是构建六元杂环的高效策略：呋喃作为双烯体、2-吡喃酮作为""伪装二烯"""
"杂环合成 的关键结论有哪些？","• Paal-Knorr 是五元杂环的""万能钥匙""：1,4-二羰基 + 适当亲核试剂 → 呋喃（脱水）/ 吡咯（加氨）/ 噻吩（加硫试剂）• Fischer 吲哚合成是最经典、最常用的吲哚构建法：苯肼 + 醛/酮 → 苯腙 → [3,3]-σ 迁移 → 吲哚• 吡啶化学 = 缺电子芳香取代大全：SNAr、Chichibabin（NaNH₂）、ANRORC、Minisci 自由基取代• Skraup 喹啉合成的核心是丙烯醛中间体：甘油脱水 → 丙烯醛 → Michael 加成 → 关环 → 氧化芳构化• Diels-Alder 是构建六元杂环的高效策略：呋喃作为双烯体、2-吡喃酮作为""伪装二烯""","有机化学 特殊体系 杂环合成 rc_30d 化竞 杂环","Chem::Core","[[杂环合成]]","30d","总结卡","杂环合成是指构建含有至少一个非碳原子（N, O, S 等）的环状有机化合物的策略与方法。杂环是天然产物、药物和生物分子的核心骨架，约 60% 以上的已知有机化合物含有杂环结构。"
"杂环合成 有哪些常见易错点？","|  错误  |  原因  |  纠正  |  课堂提问  | 
 | :--- | :--- | :--- | :--- | 
 |  ""吡咯和吡啶都易亲电取代""  |  忽略电子结构差异  |  吡咯富电子易 SEAr；吡啶缺电子易 SNAr  |  吡啶的氮孤对是否参与芳香体系？  | 
 |  ""Paal-Knorr 只合成呋喃""  |  只见过脱水版本  |  加氨 → 吡咯；加硫试剂 → 噻吩  |  如何用同一底物得到三种五元杂环？  | 
 |  ""Fischer 吲哚只适用酮""  |  教材例子多用酮  |  醛也可以，产物是 3-H 吲哚  |  醛和酮在 Fischer 合成中的产物有何不同？  | 
 |  ""吡啶 SNAr 只在 2-位""  |  Chichibabin 在 2-位  |  强亲核试剂也可进攻 4-位；离去基好时 2,4 都可能  |  吡啶的哪些位置是亲电位点？  | 
 |  ""Skraup 反应不需要氧化剂""  |  忽略芳构化步骤  |  关环后得到的是二氢喹啉，需氧化剂芳构化  |  Skraup 反应中氧化剂的作用是什么？  | 
 |  ""杂环合成靠死记""  |  人名反应太多  |  关键是模块拼搭和逆合成分析  |  给定一个杂环产物，如何找到断键点？  | 
 |  ""混淆吡唑和咪唑""  |  都是五元双氮杂环  |  吡唑：1,2-位两个 N（用肼+1,3-二酮）；咪唑：1,3-位两个 N（用脒+α-卤代酮） |  万艾可的吡唑环和昂丹司琼的咪唑环分别如何切断？  | 
 |  ""Hantzsch 产物就是吡啶""  |  忽略氧化步骤  |  直接产物是1,4-二氢吡啶，必须氧化才能得芳香吡啶  |  Hantzsch 合成中氧化剂的作用是什么？  | 
 |  ""噻唑合成中 N 和 S 可以互换进攻""  |  软硬酸碱原理不清  |  N（硬）进攻酮羰基（硬），S（软）进攻卤代烃（软），不能互换  |  噻唑合成中为什么 N 进攻羰基而 S 进攻碳？  | 
 |  ""Fischer 重排后编号不变""  |  骨架重组导致编号变化  |  [3,3]-σ 迁移后，原苯环的邻位变为吲哚的 C2/C3 侧链，注意编号对应关系  |  Fischer 合成中苯环的哪个碳变成吲哚的 C2？  |","有机化学 特殊体系 杂环合成 rc_30d 化竞 杂环","Chem::Core","[[杂环合成]]","30d","易错点卡","杂环合成是指构建含有至少一个非碳原子（N, O, S 等）的环状有机化合物的策略与方法。杂环是天然产物、药物和生物分子的核心骨架，约 60% 以上的已知有机化合物含有杂环结构。"
"什么是杂环芳香性？","杂环芳香性是指含有一个或多个杂原子（N, O, S 等）的环状共轭化合物，当其满足休克尔规则（平面、连续共轭、4n+2 个 π 电子）时所表现出的芳香性。","有机化学 特殊体系 杂环芳香性 rc_30d 化竞 杂环 芳香性 吡啶","Chem::Core","[[杂环芳香性]]","30d","概念卡","关键结论：
• 五元杂环是富电子芳环，六元杂环（吡啶型）是缺电子芳环• 五元杂环：杂原子""多给""电子 → 电子密度 > 苯 → 亲电取代活性 > 苯• 吡啶：杂原子""少给""电子且吸电子 → 电子密度 < 苯 → 亲核取代活性 > 苯• 五元杂环的 SEAr 活性顺序：
   \text{吡咯} > \text{呋喃} > \text{噻吩} > \text{苯}• 原因：杂原子的给电子能力（N > O > S）和芳香性强度综合决定• 五元杂环的亲电取代主要发生在 α 位（2-位）• α 位中间体的正电荷可被杂原子直接稳定（共振式更多）• β 位（3-位）取代较少• 吡啶的碱性来源于不参与芳香的 sp² 孤对• 吡咯的 N 孤对参与芳香 → 碱性极弱（pKb ~ 13.6）• 吡啶的 N 孤对不参与芳香 → 碱性明显• 呋喃的芳香性最弱 → 可发生 D-A 反应（作为双烯体），这是其他芳环不具备的"
"杂环芳香性 的关键结论有哪些？","• 五元杂环是富电子芳环，六元杂环（吡啶型）是缺电子芳环• 五元杂环：杂原子""多给""电子 → 电子密度 > 苯 → 亲电取代活性 > 苯• 吡啶：杂原子""少给""电子且吸电子 → 电子密度 < 苯 → 亲核取代活性 > 苯• 五元杂环的 SEAr 活性顺序：
   \text{吡咯} > \text{呋喃} > \text{噻吩} > \text{苯}• 原因：杂原子的给电子能力（N > O > S）和芳香性强度综合决定• 五元杂环的亲电取代主要发生在 α 位（2-位）• α 位中间体的正电荷可被杂原子直接稳定（共振式更多）• β 位（3-位）取代较少• 吡啶的碱性来源于不参与芳香的 sp² 孤对• 吡咯的 N 孤对参与芳香 → 碱性极弱（pKb ~ 13.6）• 吡啶的 N 孤对不参与芳香 → 碱性明显• 呋喃的芳香性最弱 → 可发生 D-A 反应（作为双烯体），这是其他芳环不具备的","有机化学 特殊体系 杂环芳香性 rc_30d 化竞 杂环 芳香性 吡啶","Chem::Core","[[杂环芳香性]]","30d","总结卡","杂环芳香性是指含有一个或多个杂原子（N, O, S 等）的环状共轭化合物，当其满足休克尔规则（平面、连续共轭、4n+2 个 π 电子）时所表现出的芳香性。"
"杂环芳香性 有哪些常见易错点？","|  错误  |  原因  |  纠正  |  课堂提问  | 
 | :--- | :--- | :--- | :--- | 
 |  ""所有含杂原子的环都芳香""  |  忽略饱和环  |  必须满足四个要件（环状、平面、共轭、4n+2） |  哌啶含 N，为什么不是芳香性？  | 
 |  ""杂原子总是提供 2 个 πe""  |  未区分轨道类型  |  看孤对轨道：p 轨道 → 2e；sp² 轨道 → 1e  |  吡咯和吡啶的 N 各提供几个 πe？为什么不同？  | 
 |  ""吡咯和吡啶都易亲电取代""  |  混淆电子性质  |  吡咯富电子易 SEAr；吡啶缺电子难 SEAr  |  吡啶在强酸下与 Br₂ 反应吗？  | 
 |  ""呋喃不能发生 D-A""  |  忽略其弱芳香性  |  呋喃芳香性最弱 → 可以作为双烯体  |  为什么苯不能发生 D-A 而呋喃可以？  | 
 |  ""噻吩芳香性比呋喃弱""  |  未考虑轨道重叠  |  S 的 3p 与 C 的 2p 重叠效率较低，但 S 电负性小 → 综合芳香性强于呋喃  |  呋喃和噻吩谁的芳香性更强？为什么？  |","有机化学 特殊体系 杂环芳香性 rc_30d 化竞 杂环 芳香性 吡啶","Chem::Core","[[杂环芳香性]]","30d","易错点卡","杂环芳香性是指含有一个或多个杂原子（N, O, S 等）的环状共轭化合物，当其满足休克尔规则（平面、连续共轭、4n+2 个 π 电子）时所表现出的芳香性。"
"什么是极性反转？","极性反转（Umpolung，德语""极性翻转""）是有机合成中的一种策略，通过改变官能团的固有极性，使其表现出与常规相反的反应性。例如，酰基（R–C=O⁺）通常是亲电的，通过极性反转可转化为酰基负离子等价物（acyl anion equivalent），从而能够进攻亲电中心。","有机化学 有机合成 极性反转 rc_30d 化竞 合成策略 反应极性","Chem::Core","[[极性反转]]","30d","概念卡","关键结论：
• 极性反转是逆合成分析中的核心策略，使""不可能""的键连接变为可能。• 安息香缩合是竞赛中最常考察的极性反转实例（ABOC Ch.6 重点）。• 1,3-二噻烷法是合成 1,2-二羰基化合物和 α-羟基酮的重要工具。"
"极性反转 的关键结论有哪些？","• 极性反转是逆合成分析中的核心策略，使""不可能""的键连接变为可能。• 安息香缩合是竞赛中最常考察的极性反转实例（ABOC Ch.6 重点）。• 1,3-二噻烷法是合成 1,2-二羰基化合物和 α-羟基酮的重要工具。","有机化学 有机合成 极性反转 rc_30d 化竞 合成策略 反应极性","Chem::Core","[[极性反转]]","30d","总结卡","极性反转（Umpolung，德语""极性翻转""）是有机合成中的一种策略，通过改变官能团的固有极性，使其表现出与常规相反的反应性。例如，酰基（R–C=O⁺）通常是亲电的，通过极性反转可转化为酰基负离子等价物（acyl anion equivalent），从而能够进攻亲电中心。"
"极性反转 有哪些常见易错点？","• 在逆合成分析中未能识别极性反转的机会，导致合成路线冗长。• 混淆安息香缩合和羟醛缩合的机理差异。","有机化学 有机合成 极性反转 rc_30d 化竞 合成策略 反应极性","Chem::Core","[[极性反转]]","30d","易错点卡","极性反转（Umpolung，德语""极性翻转""）是有机合成中的一种策略，通过改变官能团的固有极性，使其表现出与常规相反的反应性。例如，酰基（R–C=O⁺）通常是亲电的，通过极性反转可转化为酰基负离子等价物（acyl anion equivalent），从而能够进攻亲电中心。"
"什么是构象分析？","构象分析研究分子因单键旋转而产生的不同空间排布（构象）及其能量差异。构象决定了反应活性、立体选择性、反应速率、物理性质，是理解有机反应立体化学的基础。","有机化学 立体化学 构象分析 rc_30d 化竞 构象 基础要求","Chem::Core","[[构象分析]]","30d","概念卡","关键结论：
• 构象互变不需要断键，构型转化需要断键；环翻转不改变顺反关系
• 环翻转后所有 a/e 都互换：包括看似""不动""的碳上的键
• 1,3-双直立相互作用是判断多取代环己烷最稳定构象的关键：两个直立取代基相距 250 pm，小于范德华半径之和，产生强烈排斥
• 大位阻碱（t-BuOK）→ Hofmann 产物：不仅是碱性强，更是空间位阻使碱难以接近多取代 β-H
• A 值具有加和性：多取代环己烷的构象偏好可用各取代基 A 值估算
• 反式共平面 ≠ 反式构型：前者指二面角 180° 的构象要求（E2 消除），后者指立体化学描述"
"构象分析 的关键结论有哪些？","• 构象互变不需要断键，构型转化需要断键；环翻转不改变顺反关系
• 环翻转后所有 a/e 都互换：包括看似""不动""的碳上的键
• 1,3-双直立相互作用是判断多取代环己烷最稳定构象的关键：两个直立取代基相距 250 pm，小于范德华半径之和，产生强烈排斥
• 大位阻碱（t-BuOK）→ Hofmann 产物：不仅是碱性强，更是空间位阻使碱难以接近多取代 β-H
• A 值具有加和性：多取代环己烷的构象偏好可用各取代基 A 值估算
• 反式共平面 ≠ 反式构型：前者指二面角 180° 的构象要求（E2 消除），后者指立体化学描述","有机化学 立体化学 构象分析 rc_30d 化竞 构象 基础要求","Chem::Core","[[构象分析]]","30d","总结卡","构象分析研究分子因单键旋转而产生的不同空间排布（构象）及其能量差异。构象决定了反应活性、立体选择性、反应速率、物理性质，是理解有机反应立体化学的基础。"
"构象分析 有哪些常见易错点？","• 不要混淆构象与构型：构象互变不需要断键，构型转化需要断键；环翻转不改变顺反关系
• 环翻转后所有 a/e 都互换：包括看似""不动""的碳上的键，也发生 a/e 互换
• 1,3-双直立相互作用：两个直立取代基相距 250 pm，小于范德华半径之和，产生强烈排斥。这是判断多取代环己烷最稳定构象的关键
• 反式共平面 ≠ 反式构型：前者指二面角 180° 的构象要求（E2 消除），后者指立体化学描述（如反式-1,2-二甲基）
• A 值的加和性：多取代环己烷的构象能量差可近似用各取代基 A 值加和估算
• 异头碳效应与空间位阻的区别：异头碳效应是电子效应（轨道重叠），不是空间位阻；有时直立构象反而更稳定","有机化学 立体化学 构象分析 rc_30d 化竞 构象 基础要求","Chem::Core","[[构象分析]]","30d","易错点卡","构象分析研究分子因单键旋转而产生的不同空间排布（构象）及其能量差异。构象决定了反应活性、立体选择性、反应速率、物理性质，是理解有机反应立体化学的基础。"
"什么是构象异构？","构象异构（Conformational Isomerism / Conformation）：由于 σ 键旋转 导致分子中原子或基团在空间的不同排布方式。不同构象之间不需要断裂化学键即可互相转化。","有机化学 立体化学 构象异构 rc_30d 化竞 构象分析 环己烷","Chem::Core","[[构象异构]]","30d","概念卡","关键结论：
• 交叉式稳定的核心原因是超共轭，不是位阻——ABOC 反复强调的""给体-受体相互作用""视角
• 环己烷椅式是绝对优势构象——扭船式能量高 5.5 kcal/mol，常温下占比 < 0.1%
• 大基团优先平伏键——由 A 值决定，t-Bu 的 A 值 ≈ 5 kcal/mol 使其几乎 100% 平伏
• 1,3-双直立作用 > gauche 作用——环己烷中的直立位阻比链状构象的 gauche 更严重
• 环翻转不改变相对构型——顺/反关系不变，只是 a/e 互换

---"
"构象异构 的关键结论有哪些？","• 交叉式稳定的核心原因是超共轭，不是位阻——ABOC 反复强调的""给体-受体相互作用""视角
• 环己烷椅式是绝对优势构象——扭船式能量高 5.5 kcal/mol，常温下占比 < 0.1%
• 大基团优先平伏键——由 A 值决定，t-Bu 的 A 值 ≈ 5 kcal/mol 使其几乎 100% 平伏
• 1,3-双直立作用 > gauche 作用——环己烷中的直立位阻比链状构象的 gauche 更严重
• 环翻转不改变相对构型——顺/反关系不变，只是 a/e 互换

---","有机化学 立体化学 构象异构 rc_30d 化竞 构象分析 环己烷","Chem::Core","[[构象异构]]","30d","总结卡","构象异构（Conformational Isomerism / Conformation）：由于 σ 键旋转 导致分子中原子或基团在空间的不同排布方式。不同构象之间不需要断裂化学键即可互相转化。"
"构象异构 有哪些常见易错点？","• ❌ 认为重叠式不稳定是因为位阻 → 乙烷中主要是超共轭不利，H-H 位阻极小
• ❌ 把构象异构当构型异构 → 构象不能分离，构型可以分离（对映体除外需手性环境）
• ❌ 环翻转后顺反关系改变 → 环翻转只换 a/e，不改变相对构型（顺/反）
• ❌ A 值只适用于烷基 → OH、Br 等也有 A 值，只是较小
• ❌  Newman 投影式画错前后碳 → 前面碳（圆心）的三键与后面碳（圆周）的三键要对应连接
• ❌ 忽略 g+g⁻ 戊烷作用 → 连续两个 gauche 的位阻远大于单个 gauche
• ❌ 认为船式从不出现 → 在某些多环体系中（如降冰片烷），船式是强制构象
• ❌ 构象分析只用于环己烷 → 链状分子的构象同样重要（如蛋白质折叠中的扭转角）

---","有机化学 立体化学 构象异构 rc_30d 化竞 构象分析 环己烷","Chem::Core","[[构象异构]]","30d","易错点卡","构象异构（Conformational Isomerism / Conformation）：由于 σ 键旋转 导致分子中原子或基团在空间的不同排布方式。不同构象之间不需要断裂化学键即可互相转化。"
"什么是构造异构？","构造异构（Constitutional Isomerism）是指分子式相同但原子间连接顺序不同的异构现象。构造异构是异构现象中最基础的一类，不涉及空间排列的差异（那是立体异构的范畴）。","有机化学 立体化学 构造异构 rc_30d 化竞 异构","Chem::Core","[[构造异构]]","30d","概念卡","关键结论：
• 构造异构的本质是连接性差异：只要原子连接方式不同，就是构造异构体• 不饱和度是判断构造异构的前提：不同不饱和度的分子不可能互为构造异构体• 碳架异构是基础中的基础：最长碳链选择、支链位置、等效氢判断是有机命名的核心• 官能团异构最容易被忽略：分子式相同但官能团类型不同（如醇 vs 醚、醛 vs 酮）• 对称性分析是避免重复计数的关键：利用分子对称面和对称轴识别等效位置"
"构造异构 的关键结论有哪些？","• 构造异构的本质是连接性差异：只要原子连接方式不同，就是构造异构体• 不饱和度是判断构造异构的前提：不同不饱和度的分子不可能互为构造异构体• 碳架异构是基础中的基础：最长碳链选择、支链位置、等效氢判断是有机命名的核心• 官能团异构最容易被忽略：分子式相同但官能团类型不同（如醇 vs 醚、醛 vs 酮）• 对称性分析是避免重复计数的关键：利用分子对称面和对称轴识别等效位置","有机化学 立体化学 构造异构 rc_30d 化竞 异构","Chem::Core","[[构造异构]]","30d","总结卡","构造异构（Constitutional Isomerism）是指分子式相同但原子间连接顺序不同的异构现象。构造异构是异构现象中最基础的一类，不涉及空间排列的差异（那是立体异构的范畴）。"
"构造异构 有哪些常见易错点？","|  错误  |  原因  |  纠正  |  课堂提问  | 
 | :--- | :--- | :--- | :--- | 
 |  ""分子式相同就是构造异构体""  |  忽略立体异构  |  分子式相同、连接顺序不同才是构造异构体  |  对映体是构造异构体吗？为什么？  | 
 |  ""碳架异构和位置异构分不清""  |  概念混淆  |  碳架异构：碳链骨架不同；位置异构：同一碳架上官能团位置不同  |  1-丁烯和2-丁烯是碳架异构还是位置异构？  | 
 |  ""重复计数支链异构体""  |  忽略对称性  |  用 IUPAC 命名检验——同名就是同一个化合物  |  2-甲基丁烷和 3-甲基丁烷是同一个吗？  | 
 |  ""忽略官能团异构""  |  只考虑碳架变化  |  相同分子式可以有不同官能团（醇 vs 醚） |  C₂H₆O 只有乙醇一种结构吗？  | 
 |  ""互变异构不算异构体""  |  认为互变异构是同一物质  |  酮式和烯醇式是构造异构体，只是快速互变  |  乙酰丙酮的酮式和烯醇式是什么关系？  | 
 |  ""不饱和度计算错误""  |  忽略氮或卤素的贡献  |  含氮：+N；含卤素：-X  |  C₄H₉N 的不饱和度是多少？  |","有机化学 立体化学 构造异构 rc_30d 化竞 异构","Chem::Core","[[构造异构]]","30d","易错点卡","构造异构（Constitutional Isomerism）是指分子式相同但原子间连接顺序不同的异构现象。构造异构是异构现象中最基础的一类，不涉及空间排列的差异（那是立体异构的范畴）。"
"什么是楔形式？","楔形式（Wedge-Dash Notation）是用二维平面表达三维分子结构最常用的表示法之一，通过不同类型的线条来区分化学键相对于纸面的空间取向。它是直观展示手性中心立体构型的标准工具。","有机化学 结构表达 楔形式 rc_30d 化竞 立体化学","Chem::Core","[[楔形式]]","30d","概念卡","关键结论：
• 楔形式是最通用的三维结构表示法：适用于链状、环状、含多个手性中心的各种分子• 实心楔和虚线楔的区分是立体化学的基础：初学者必须建立清晰的空间对应关系• R/S 判定时，最低优先基团朝后最方便：这是楔形式在立体化学教学中的核心优势• 楔形式可以自由旋转：与 Fischer 投影式不同，楔形式的旋转不改变构型（只要保持各键的相对空间关系）• 楔形式可以展示构象：通过旋转单键，可以画出同一分子的不同构象"
"楔形式 的关键结论有哪些？","• 楔形式是最通用的三维结构表示法：适用于链状、环状、含多个手性中心的各种分子• 实心楔和虚线楔的区分是立体化学的基础：初学者必须建立清晰的空间对应关系• R/S 判定时，最低优先基团朝后最方便：这是楔形式在立体化学教学中的核心优势• 楔形式可以自由旋转：与 Fischer 投影式不同，楔形式的旋转不改变构型（只要保持各键的相对空间关系）• 楔形式可以展示构象：通过旋转单键，可以画出同一分子的不同构象","有机化学 结构表达 楔形式 rc_30d 化竞 立体化学","Chem::Core","[[楔形式]]","30d","总结卡","楔形式（Wedge-Dash Notation）是用二维平面表达三维分子结构最常用的表示法之一，通过不同类型的线条来区分化学键相对于纸面的空间取向。它是直观展示手性中心立体构型的标准工具。"
"楔形式 有哪些常见易错点？","|  错误  |  原因  |  纠正  |  课堂提问  | 
 | :--- | :--- | :--- | :--- | 
 |  ""实心楔和虚线楔记反""  |  空间方向混淆  |  ""实心 = 眼前实在；虚线 = 远处虚幻""  |  实心楔形指向哪里？  | 
 |  ""最低优先基朝前时直接判断 R/S""  |  忽略标准规则  |  4 号朝前时，1→2→3 顺时针 → 实际是 S  |  H 朝前时如何判断 R/S？  | 
 |  ""楔形式旋转后构型改变""  |  误解旋转操作  |  楔形式整体旋转不改变构型（只要保持键的相对空间） |  楔形式在空间中旋转 90°，R 会变 S 吗？  | 
 |  ""把 Fischer 的横变规则套到楔形式上""  |  两套体系混淆  |  Fischer 有横变规则；楔形式用标准规则（4 朝后） |  Fischer 和楔形式的 R/S 判定有何不同？  | 
 |  ""画对映体时只翻转一个基团""  |  不了解镜像操作  |  对映体是所有手性中心的全部镜像  |  画对映体是翻转一个基团还是所有基团？  |","有机化学 结构表达 楔形式 rc_30d 化竞 立体化学","Chem::Core","[[楔形式]]","30d","易错点卡","楔形式（Wedge-Dash Notation）是用二维平面表达三维分子结构最常用的表示法之一，通过不同类型的线条来区分化学键相对于纸面的空间取向。它是直观展示手性中心立体构型的标准工具。"
"什么是氧化反应？","有机化学中的氧化反应是指有机物分子中碳原子的氧化数升高、失去电子（或电子密度降低）的反应。通常表现为：加氧、去氢、或两者兼有。与无机化学中的氧化反应不同，有机氧化反应的判断主要基于碳的氧化数变化。","有机化学 反应分类 氧化反应 rc_30d 化竞 基础要求 氧化剂","Chem::Core","[[氧化反应]]","30d","概念卡","关键结论：
• [待补充]"
"氧化反应 的关键结论有哪些？","• [待补充]","有机化学 反应分类 氧化反应 rc_30d 化竞 基础要求 氧化剂","Chem::Core","[[氧化反应]]","30d","总结卡","有机化学中的氧化反应是指有机物分子中碳原子的氧化数升高、失去电子（或电子密度降低）的反应。通常表现为：加氧、去氢、或两者兼有。与无机化学中的氧化反应不同，有机氧化反应的判断主要基于碳的氧化数变化。"
"氧化反应 有哪些常见易错点？","• [待补充]","有机化学 反应分类 氧化反应 rc_30d 化竞 基础要求 氧化剂","Chem::Core","[[氧化反应]]","30d","易错点卡","有机化学中的氧化反应是指有机物分子中碳原子的氧化数升高、失去电子（或电子密度降低）的反应。通常表现为：加氧、去氢、或两者兼有。与无机化学中的氧化反应不同，有机氧化反应的判断主要基于碳的氧化数变化。"
"什么是氧化还原反应？","有机氧化还原反应：有机分子中碳原子的氧化态发生变化，或电子密度在原子间重新分布的反应。","有机化学 氧化还原 氧化还原反应 rc_30d 化竞 选择性光谱 负氢迁移","Chem::Core","[[氧化还原反应]]","30d","概念卡","关键结论：
• 氧化还原是光谱，不是开关——试剂选择决定氧化深度
• 负氢迁移串联多个人名反应——学会 Cannizzaro = 学会 MPV = 学会 Tishchenko
• Swern 和 Dess-Martin 停在醛——是 1°醇 → 醛 的首选（不过氧化）
• PCC 是""实验室通用型""——便宜、方便、停在醛
• Jones 氧化彻底——1°醇 → 羧酸，2°醇 → 酮
• Oppenauer/MPV 是一对可逆反应——方向由过量试剂决定

---"
"氧化还原反应 的关键结论有哪些？","• 氧化还原是光谱，不是开关——试剂选择决定氧化深度
• 负氢迁移串联多个人名反应——学会 Cannizzaro = 学会 MPV = 学会 Tishchenko
• Swern 和 Dess-Martin 停在醛——是 1°醇 → 醛 的首选（不过氧化）
• PCC 是""实验室通用型""——便宜、方便、停在醛
• Jones 氧化彻底——1°醇 → 羧酸，2°醇 → 酮
• Oppenauer/MPV 是一对可逆反应——方向由过量试剂决定

---","有机化学 氧化还原 氧化还原反应 rc_30d 化竞 选择性光谱 负氢迁移","Chem::Core","[[氧化还原反应]]","30d","总结卡","有机氧化还原反应：有机分子中碳原子的氧化态发生变化，或电子密度在原子间重新分布的反应。"
"氧化还原反应 有哪些常见易错点？","• ❌ PCC 氧化 1°醇得羧酸 → PCC 停在醛，Jones 才到酸
• ❌ Swern 可以室温做 → Swern 必须 -78°C
• ❌ NaBH₄ 能还原酯 → NaBH₄ 不能还原酯，LiAlH₄ 才能
• ❌ Cannizzaro 需要 α-H → 恰恰需要 无 α-H
• ❌ Oppenauer 和 MPV 是不同反应 → 是同一反应的两个方向
• ❌ 氧化就是加氧 → 有机化学中失氢也是氧化（如醇 → 醛）

---","有机化学 氧化还原 氧化还原反应 rc_30d 化竞 选择性光谱 负氢迁移","Chem::Core","[[氧化还原反应]]","30d","易错点卡","有机氧化还原反应：有机分子中碳原子的氧化态发生变化，或电子密度在原子间重新分布的反应。"
"什么是氨基酸与等电点？","• 总览：中国化学奥林匹克基本要求-总览
• 所属模块：基础要求-有机化学
• 对应考纲条目：54-氨基酸","有机化学 特殊体系 氨基酸与等电点 rc_30d 化竞 氨基酸 等电点 pI","Chem::Core","[[氨基酸与等电点]]","30d","概念卡","关键结论：
• 氨基酸在生理 pH（~7.4）下主要以两性离子存在：因为 pKa₁ < 7 < pKa₂
• 中性氨基酸的 pI ≈ 5.5-6.0：在 pKa₁ 和 pKa₂ 之间
• 酸性氨基酸的 pI < 4：两个羧基的平均，偏酸性
• 碱性氨基酸的 pI > 7.5：两个氨基的平均，偏碱性
• 等电点是氨基酸分离（电泳、离子交换）的理论基础：pH = pI 时溶解度最低，可等电沉淀"
"氨基酸与等电点 的关键结论有哪些？","• 氨基酸在生理 pH（~7.4）下主要以两性离子存在：因为 pKa₁ < 7 < pKa₂
• 中性氨基酸的 pI ≈ 5.5-6.0：在 pKa₁ 和 pKa₂ 之间
• 酸性氨基酸的 pI < 4：两个羧基的平均，偏酸性
• 碱性氨基酸的 pI > 7.5：两个氨基的平均，偏碱性
• 等电点是氨基酸分离（电泳、离子交换）的理论基础：pH = pI 时溶解度最低，可等电沉淀","有机化学 特殊体系 氨基酸与等电点 rc_30d 化竞 氨基酸 等电点 pI","Chem::Core","[[氨基酸与等电点]]","30d","总结卡","• 总览：中国化学奥林匹克基本要求-总览
• 所属模块：基础要求-有机化学
• 对应考纲条目：54-氨基酸"
"氨基酸与等电点 有哪些常见易错点？","|  错误  |  原因  |  纠正  |  课堂提问  | 
 | :--- | :--- | :--- | :--- | 
 |  ""所有氨基酸的 pI 都在 7 附近""  |  以为氨基酸都是""中性""  |  酸性氨基酸 pI ~3，碱性氨基酸 pI ~10  |  天冬氨酸和赖氨酸谁的 pI 更高？  | 
 |  ""pI = (pKa₁ + pKa₂)/2 通用于所有氨基酸""  |  忽略侧链电离基团  |  酸性氨基酸用 (pKa₁+pKaᵣ)/2；碱性用 (pKaᵣ+pKa₂)/2  |  含三个可电离基团的氨基酸如何算 pI？  | 
 |  ""D-氨基酸就是 R 构型""  |  混淆命名体系  |  D/L 基于 Fischer 投影与甘油醛的关系；R/S 基于 CIP 规则  |  L-半胱氨酸是 R 还是 S？为什么？  | 
 |  ""pH = pI 时氨基酸不带电""  |  忽略两性离子  |  pI 时净电荷为零，但分子内有正负电荷（两性离子） |  pI 时氨基酸真的""不带电""吗？  | 
 |  ""电泳时所有氨基酸都向阳极移动""  |  忽略 pI 与 pH 的关系  |  pH > pI → 阳极；pH < pI → 阴极  |  pH=3 时 Glu 向哪边移动？Lys 呢？  | 
 |  ""Strecker 合成可得光学纯氨基酸""  |  忽略反应机理  |  Strecker 从平面醛出发 → 外消旋混合物  |  如何从不具有手性的原料得到光学纯氨基酸？  |","有机化学 特殊体系 氨基酸与等电点 rc_30d 化竞 氨基酸 等电点 pI","Chem::Core","[[氨基酸与等电点]]","30d","易错点卡","• 总览：中国化学奥林匹克基本要求-总览
• 所属模块：基础要求-有机化学
• 对应考纲条目：54-氨基酸"
"什么是消除反应？","消除反应（Elimination Reaction）：从相邻两个原子上各脱去一个原子或基团，形成不饱和键（C=C 双键或 C≡C 三键）的反应。","有机化学 反应分类 消除反应 rc_30d 化竞 E1 E2","Chem::Core","[[消除反应]]","30d","概念卡","关键结论：
• E2 是消除反应的核心——竞赛中最常考，因为立体化学可控
• anti-periplanar 是 E2 的灵魂——不满足则消除极慢
• **"
"消除反应 的关键结论有哪些？","• E2 是消除反应的核心——竞赛中最常考，因为立体化学可控
• anti-periplanar 是 E2 的灵魂——不满足则消除极慢
• **","有机化学 反应分类 消除反应 rc_30d 化竞 E1 E2","Chem::Core","[[消除反应]]","30d","总结卡","消除反应（Elimination Reaction）：从相邻两个原子上各脱去一个原子或基团，形成不饱和键（C=C 双键或 C≡C 三键）的反应。"
"消除反应 有哪些常见易错点？","• ❌ **认为 E2 总是","有机化学 反应分类 消除反应 rc_30d 化竞 E1 E2","Chem::Core","[[消除反应]]","30d","易错点卡","消除反应（Elimination Reaction）：从相邻两个原子上各脱去一个原子或基团，形成不饱和键（C=C 双键或 C≡C 三键）的反应。"
"什么是消除反应的立体化学？","消除反应的立体化学：研究消除反应中产物的烯烃构型（E/","有机化学 消除反应 消除反应的立体化学 rc_30d 化竞 立体化学 E2","Chem::Core","[[消除反应的立体化学]]","30d","概念卡",""
"什么是溶剂效应？","溶剂效应（Solvent Effect）是指溶剂的极性、质子供体/受体能力、介电常数等性质对化学反应速率、机理和选择性的影响。在竞赛有机化学中，溶剂效应是判断 SN1/SN2 竞争、碳正离子稳定性、亲核试剂活性的重要依据。","有机化学 反应机理 溶剂效应 rc_30d 化竞 基础要求 溶剂 SN1","Chem::Core","[[溶剂效应]]","30d","概念卡","关键结论：
• [待补充]"
"溶剂效应 的关键结论有哪些？","• [待补充]","有机化学 反应机理 溶剂效应 rc_30d 化竞 基础要求 溶剂 SN1","Chem::Core","[[溶剂效应]]","30d","总结卡","溶剂效应（Solvent Effect）是指溶剂的极性、质子供体/受体能力、介电常数等性质对化学反应速率、机理和选择性的影响。在竞赛有机化学中，溶剂效应是判断 SN1/SN2 竞争、碳正离子稳定性、亲核试剂活性的重要依据。"
"溶剂效应 有哪些常见易错点？","• [待补充]","有机化学 反应机理 溶剂效应 rc_30d 化竞 基础要求 溶剂 SN1","Chem::Core","[[溶剂效应]]","30d","易错点卡","溶剂效应（Solvent Effect）是指溶剂的极性、质子供体/受体能力、介电常数等性质对化学反应速率、机理和选择性的影响。在竞赛有机化学中，溶剂效应是判断 SN1/SN2 竞争、碳正离子稳定性、亲核试剂活性的重要依据。"
"什么是溶剂解反应？","溶剂解反应（Solvolysis）：底物在溶剂中发生分解，溶剂分子同时充当亲核试剂的反应。是 SN1 机理的典型表现形式。","有机化学 有机反应机理 溶剂解反应 rc_30d 化竞 溶剂解 SN1 碳正离子","Chem::Core","[[溶剂解反应]]","30d","概念卡","关键结论：
• 溶剂解 = SN1 在溶剂中的具体表现• 一级动力学：速率 = k[RX]• 外消旋化倾向：自由碳正离子 → 外消旋；离子对 → 部分保持• 重排常见：碳正离子中间体可发生 Wagner-Meerwein 重排• 溶剂极性越高，SN1 越快：水的促进 > 醇 > 非质子溶剂"
"溶剂解反应 的关键结论有哪些？","• 溶剂解 = SN1 在溶剂中的具体表现• 一级动力学：速率 = k[RX]• 外消旋化倾向：自由碳正离子 → 外消旋；离子对 → 部分保持• 重排常见：碳正离子中间体可发生 Wagner-Meerwein 重排• 溶剂极性越高，SN1 越快：水的促进 > 醇 > 非质子溶剂","有机化学 有机反应机理 溶剂解反应 rc_30d 化竞 溶剂解 SN1 碳正离子","Chem::Core","[[溶剂解反应]]","30d","总结卡","溶剂解反应（Solvolysis）：底物在溶剂中发生分解，溶剂分子同时充当亲核试剂的反应。是 SN1 机理的典型表现形式。"
"溶剂解反应 有哪些常见易错点？","• ❌ 溶剂解一定是 SN1 → 在极性非质子溶剂中，某些底物可能走 SN2• ❌ 溶剂解产物只有一种 → 碳正离子重排可产生多种产物• ❌ 忽略离子对效应 → 紧密离子对可导致部分构型保持• ❌ 混淆溶剂极性与亲核性 → 极性高 ≠ 亲核性强（如水的极性高但亲核性弱于 OH⁻）","有机化学 有机反应机理 溶剂解反应 rc_30d 化竞 溶剂解 SN1 碳正离子","Chem::Core","[[溶剂解反应]]","30d","易错点卡","溶剂解反应（Solvolysis）：底物在溶剂中发生分解，溶剂分子同时充当亲核试剂的反应。是 SN1 机理的典型表现形式。"
"什么是炔烃？","炔烃（Alkyne）：含碳碳三键（C≡C）的不饱和烃。与烯烃相比，炔烃具有独特的反应性——既能发生亲电加成（比烯烃慢），也能发生亲核加成（烯烃一般不）。","有机化学 亲电加成 炔烃 rc_30d 化竞 亲核加成","Chem::Core","[[炔烃]]","30d","概念卡","关键结论：
• 炔烃亲电加成比烯烃慢——烯基正离子不稳定
• 炔烃可发生亲核加成——烯烃一般不，这是炔烃最核心的独特性
• **Lindlar ="
"炔烃 的关键结论有哪些？","• 炔烃亲电加成比烯烃慢——烯基正离子不稳定
• 炔烃可发生亲核加成——烯烃一般不，这是炔烃最核心的独特性
• **Lindlar =","有机化学 亲电加成 炔烃 rc_30d 化竞 亲核加成","Chem::Core","[[炔烃]]","30d","总结卡","炔烃（Alkyne）：含碳碳三键（C≡C）的不饱和烃。与烯烃相比，炔烃具有独特的反应性——既能发生亲电加成（比烯烃慢），也能发生亲核加成（烯烃一般不）。"
"炔烃 有哪些常见易错点？","• ❌ 认为炔烃亲电加成和烯烃一样快 → 炔烃更慢（烯基正离子不稳定）
• ❌ Lindlar 和 Na/NH₃ 只记产物不记机理 → 前者是催化氢化（syn），后者是单电子还原（anti）
• ❌ 端炔水合产物死记""醛"" → Hg²⁺ 马氏水合得 甲基酮，硼氢化反马氏才得 醛
• ❌ 忽略炔烃的亲核加成 → 烯烃一般不，炔烃可以（ROH、HCN、RSH）
• ❌ 端炔酸性被低估 → pKa ~25，可被 NaNH₂ 去质子，用于碳链增长
• ❌ 混淆端炔和内炔的硼氢化产物 → 末端炔 → 醛；内炔 → 酮
• ❌ 认为炔基负离子只能做亲核试剂 → 也可发生氧化偶联（Glaser）
• ❌ 炔烃氧化只记 KMnO₄ → 臭氧化得 α-二羰基，也是有用的结构推断工具

---","有机化学 亲电加成 炔烃 rc_30d 化竞 亲核加成","Chem::Core","[[炔烃]]","30d","易错点卡","炔烃（Alkyne）：含碳碳三键（C≡C）的不饱和烃。与烯烃相比，炔烃具有独特的反应性——既能发生亲电加成（比烯烃慢），也能发生亲核加成（烯烃一般不）。"
"什么是炔负离子？","炔负离子 是末端炔烃（R—C≡C—H）失去炔氢后形成的碳负离子，通式为 R—C≡C⁻。因其 sp 杂化轨道的高 s 成分，炔负离子比烯基/烷基负离子更稳定，是一种重要的强亲核试剂和强碱。","有机化学 碳负离子与亲核试剂 炔负离子 rc_90d 化竞 炔 碳负离子 亲核试剂","Chem::Review","[[炔负离子]]","90d","概念卡",""
"什么是热力学控制？","热力学控制是指当反应在可逆条件下达到平衡时，产物分布由各产物的相对热力学稳定性（自由能 ΔG）决定，最稳定的产物成为主产物。","有机化学 机理基础 热力学控制 rc_30d 化竞 反应机理","Chem::Core","[[热力学控制]]","30d","概念卡","关键结论：
• 热力学产物 = 最稳定的产物——不一定是形成最快的产物• 热力学控制需要可逆性——产物之间必须能相互转化• 高温有利于热力学控制——提供更多能量越过活化能垒，加速平衡建立• 热力学控制与动力学控制不是对立的""机理""，而是同一竞争体系在不同条件下的表现• 合成中常需要刻意避免热力学控制——如动力学烯醇盐的生成需要大位阻碱、低温、不可逆条件"
"热力学控制 的关键结论有哪些？","• 热力学产物 = 最稳定的产物——不一定是形成最快的产物• 热力学控制需要可逆性——产物之间必须能相互转化• 高温有利于热力学控制——提供更多能量越过活化能垒，加速平衡建立• 热力学控制与动力学控制不是对立的""机理""，而是同一竞争体系在不同条件下的表现• 合成中常需要刻意避免热力学控制——如动力学烯醇盐的生成需要大位阻碱、低温、不可逆条件","有机化学 机理基础 热力学控制 rc_30d 化竞 反应机理","Chem::Core","[[热力学控制]]","30d","总结卡","热力学控制是指当反应在可逆条件下达到平衡时，产物分布由各产物的相对热力学稳定性（自由能 ΔG）决定，最稳定的产物成为主产物。"
"热力学控制 有哪些常见易错点？","|  错误  |  原因  |  纠正  |  课堂提问  | 
 | :--- | :--- | :--- | :--- | 
 |  ""热力学产物一定比动力学产物稳定""  |  循环定义  |  这是定义本身，但关键要理解为什么稳定——是产物能量低  |  热力学产物和动力学产物哪个更稳定？这是定义还是推导？  | 
 |  ""高温一定得到热力学产物""  |  忽略不可逆性  |  如果反应不可逆，高温只加速反应，不改变产物比例  |  不可逆反应在高温下能得到热力学产物吗？  | 
 |  ""热力学控制就是慢反应""  |  混淆控制类型和反应速率  |  热力学控制是结果特征（平衡产物），不是速率特征  |  热力学控制的反应一定慢吗？  | 
 |  ""热力学产物总是合成目标""  |  忽视合成需求  |  很多合成需要动力学产物，如动力学烯醇盐的 Aldol 反应  |  合成中为什么有时要刻意避免热力学控制？  | 
 |  ""平衡常数只与温度有关""  |  忽略浓度/溶剂  |  K 只与温度有关，但表观产物比例还受动力学因素干扰  |  为什么有时即使高温也得不到纯热力学产物？  |","有机化学 机理基础 热力学控制 rc_30d 化竞 反应机理","Chem::Core","[[热力学控制]]","30d","易错点卡","热力学控制是指当反应在可逆条件下达到平衡时，产物分布由各产物的相对热力学稳定性（自由能 ΔG）决定，最稳定的产物成为主产物。"
"什么是烯烃？","烯烃（Alkene）：含碳碳双键（C=C）的不饱和烃，通式 CₙH₂ₙ（单烯烃）。","有机化学 亲电加成 烯烃 rc_30d 化竞 马氏规则","Chem::Core","[[烯烃]]","30d","概念卡","关键结论：
• π 键是亲电加成的核心——几乎所有烯烃特征反应都始于 E⁺ 对 π 的进攻• 中间体类型决定立体化学——碳正离子（无立体控制）vs 鎓离子/环状中间体（syn 或 anti）• 马氏/反马氏取决于机理类型——离子型一般马氏；硼氢化和自由基型反马氏• 烯烃是结构推断的关键节点——臭氧化断裂可反推双键位置• 氧化程度递进：环氧化 → 双羟化 → 臭氧化断裂（控制氧化深度是合成关键）

---"
"烯烃 的关键结论有哪些？","• π 键是亲电加成的核心——几乎所有烯烃特征反应都始于 E⁺ 对 π 的进攻• 中间体类型决定立体化学——碳正离子（无立体控制）vs 鎓离子/环状中间体（syn 或 anti）• 马氏/反马氏取决于机理类型——离子型一般马氏；硼氢化和自由基型反马氏• 烯烃是结构推断的关键节点——臭氧化断裂可反推双键位置• 氧化程度递进：环氧化 → 双羟化 → 臭氧化断裂（控制氧化深度是合成关键）

---","有机化学 亲电加成 烯烃 rc_30d 化竞 马氏规则","Chem::Core","[[烯烃]]","30d","总结卡","烯烃（Alkene）：含碳碳双键（C=C）的不饱和烃，通式 CₙH₂ₙ（单烯烃）。"
"烯烃 有哪些常见易错点？","• ❌ 认为所有 HX 都马氏 → HBr/ROOR 是自由基反马氏• ❌ 溴水加成写 syn → 溴鎓离子中间体，是 anti• ❌ 硼氢化产物记混 → 末端烯烃 → 伯醇；内烯 → 仲醇• ❌ 臭氧化工作条件忽略 → 还原工作（","有机化学 亲电加成 烯烃 rc_30d 化竞 马氏规则","Chem::Core","[[烯烃]]","30d","易错点卡","烯烃（Alkene）：含碳碳双键（C=C）的不饱和烃，通式 CₙH₂ₙ（单烯烃）。"
"什么是烯烃复分解？","烯烃复分解（Olefin Metathesis）：在 过渡金属卡宾催化剂（通常是 Ru、Mo、W）存在下，两个烯烃的 C=C 双键断裂并重新组合，生成新烯烃的催化反应。","有机化学 过渡金属催化 烯烃复分解 rc_30d 化竞 烯烃易位 Grubbs催化","Chem::Core","[[烯烃复分解]]","30d","概念卡","关键结论：
• 烯烃复分解 = 烯烃间""交换舞伴""
• 金属杂环丁烷是核心中间体
• Grubbs G2 是竞赛中最常用的催化剂
• RCM 是大环合成的利器
• 反应可逆，产物受热力学控制
• 释放小分子（如乙烯）驱动 RCM 正向进行

---"
"烯烃复分解 的关键结论有哪些？","• 烯烃复分解 = 烯烃间""交换舞伴""
• 金属杂环丁烷是核心中间体
• Grubbs G2 是竞赛中最常用的催化剂
• RCM 是大环合成的利器
• 反应可逆，产物受热力学控制
• 释放小分子（如乙烯）驱动 RCM 正向进行

---","有机化学 过渡金属催化 烯烃复分解 rc_30d 化竞 烯烃易位 Grubbs催化","Chem::Core","[[烯烃复分解]]","30d","总结卡","烯烃复分解（Olefin Metathesis）：在 过渡金属卡宾催化剂（通常是 Ru、Mo、W）存在下，两个烯烃的 C=C 双键断裂并重新组合，生成新烯烃的催化反应。"
"烯烃复分解 有哪些常见易错点？","• ❌ 复分解是氧化还原反应 → 复分解不是氧化还原，金属氧化态不变
• ❌ RCM 生成饱和环 → RCM 产物有双键
• ❌ 所有烯烃都能复分解 → 共轭烯烃、强吸电子烯烃可能不行
• ❌ Grubbs 催化剂含 Pd → Grubbs 是 Ru（钌）催化剂
• ❌ RCM 不需要稀释 → 大环 RCM 必须稀释，防止分子间反应

---","有机化学 过渡金属催化 烯烃复分解 rc_30d 化竞 烯烃易位 Grubbs催化","Chem::Core","[[烯烃复分解]]","30d","易错点卡","烯烃复分解（Olefin Metathesis）：在 过渡金属卡宾催化剂（通常是 Ru、Mo、W）存在下，两个烯烃的 C=C 双键断裂并重新组合，生成新烯烃的催化反应。"
"什么是烯烃复分解反应？","• 烯烃复分解反应（olefin metathesis）是指两个烯烃分子在过渡金属卡宾催化剂作用下，交换亚烷基（alkylidene）片段形成新烯烃的反应。• 通式可表示为：R^1CH=CHR^2 + R^3CH=CHR^4 \rightleftharpoons R^1CH=CHR^3 + R^2CH=CHR^4• 该反应是 2005 年诺贝尔化学奖 的核心成果（Chauvin、Grubbs、Schrock）。","有机化学 有机合成 金属有机催化 烯烃复分解反应 rc_30d 化竞 金属有机 人名反应","Chem::Core","[[烯烃复分解]]","30d","概念卡","关键结论：
• 烯烃复分解是构建 C=C 双键的最强大方法之一，与 Wittig 反应、消除反应并列为三大 C=C 合成策略。• RCM 是天然产物全合成的首选关环工具，可高效构建 5–30 元环（包括中环，而中环用其他方法极难合成）。• 反应对多种官能团耐受，但配位性基团（如吡啶、膦、游离胺）会与 Ru 配位，毒化催化剂。• 交叉复分解的选择性控制是难点：自复分解（homodimerization）副反应常难以避免；选用端烯/1,1-二取代烯策略可改善。"
"烯烃复分解反应 的关键结论有哪些？","• 烯烃复分解是构建 C=C 双键的最强大方法之一，与 Wittig 反应、消除反应并列为三大 C=C 合成策略。• RCM 是天然产物全合成的首选关环工具，可高效构建 5–30 元环（包括中环，而中环用其他方法极难合成）。• 反应对多种官能团耐受，但配位性基团（如吡啶、膦、游离胺）会与 Ru 配位，毒化催化剂。• 交叉复分解的选择性控制是难点：自复分解（homodimerization）副反应常难以避免；选用端烯/1,1-二取代烯策略可改善。","有机化学 有机合成 金属有机催化 烯烃复分解反应 rc_30d 化竞 金属有机 人名反应","Chem::Core","[[烯烃复分解]]","30d","总结卡","• 烯烃复分解反应（olefin metathesis）是指两个烯烃分子在过渡金属卡宾催化剂作用下，交换亚烷基（alkylidene）片段形成新烯烃的反应。• 通式可表示为：R^1CH=CHR^2 + R^3CH=CHR^4 \rightleftharpoons R^1CH=CHR^3 + R^2CH=CHR^4• 该反应是 2005 年诺贝尔化学奖 的核心成果（Chauvin、Grubbs、Schrock）。"
"烯烃复分解反应 有哪些常见易错点？","• 混淆复分解与偶联：复分解不产生新的 C–C σ 键，只是 C=C 的""交换""；写机理时不要画出 C–C 单键的断裂/形成。• 忽略反应可逆性：CM 中若不移除小分子副产物，产率会很低；RCM 中环张力小的底物可能不发生或发生聚合。• 催化剂选择失误：含有吡啶、膦、硫醚的底物会毒化 Ru 催化剂，此时需保护或改用其他策略。• 立体化学误判：默认产物为 E 型，但在位阻极大的特殊催化剂（如","有机化学 有机合成 金属有机催化 烯烃复分解反应 rc_30d 化竞 金属有机 人名反应","Chem::Core","[[烯烃复分解]]","30d","易错点卡","• 烯烃复分解反应（olefin metathesis）是指两个烯烃分子在过渡金属卡宾催化剂作用下，交换亚烷基（alkylidene）片段形成新烯烃的反应。• 通式可表示为：R^1CH=CHR^2 + R^3CH=CHR^4 \rightleftharpoons R^1CH=CHR^3 + R^2CH=CHR^4• 该反应是 2005 年诺贝尔化学奖 的核心成果（Chauvin、Grubbs、Schrock）。"
"什么是烯胺？","烯胺（Enamine）：醛或酮与仲胺（2° 胺，R₂NH）反应生成的产物，分子中含有 C=C-N 结构单元（α,β-不饱和胺）。","有机化学 亲核加成反应 烯胺 rc_30d 化竞 基础要求 亲核加成","Chem::Core","[[烯胺]]","30d","概念卡",""
"什么是烯醇？","烯醇（Enol）是指含有羟基直接连在双键碳上的结构（\text{R}_2\text{C}=\text{C(OH)R}），是羰基化合物（醛、酮、酯）的互变异构体。酮-烯醇互变异构（Keto-Enol Tautomerism）是有机化学中最重要的平衡之一，是羰基 α-位反应性的根源。","有机化学 羰基化合物 烯醇 rc_30d 化竞 基础要求 互变异构","Chem::Core","[[烯醇]]","30d","概念卡","关键结论：
• [待补充]

---"
"烯醇 的关键结论有哪些？","• [待补充]

---","有机化学 羰基化合物 烯醇 rc_30d 化竞 基础要求 互变异构","Chem::Core","[[烯醇]]","30d","总结卡","烯醇（Enol）是指含有羟基直接连在双键碳上的结构（\text{R}_2\text{C}=\text{C(OH)R}），是羰基化合物（醛、酮、酯）的互变异构体。酮-烯醇互变异构（Keto-Enol Tautomerism）是有机化学中最重要的平衡之一，是羰基 α-位反应性的根源。"
"烯醇 有哪些常见易错点？","• [待补充]

---","有机化学 羰基化合物 烯醇 rc_30d 化竞 基础要求 互变异构","Chem::Core","[[烯醇]]","30d","易错点卡","烯醇（Enol）是指含有羟基直接连在双键碳上的结构（\text{R}_2\text{C}=\text{C(OH)R}），是羰基化合物（醛、酮、酯）的互变异构体。酮-烯醇互变异构（Keto-Enol Tautomerism）是有机化学中最重要的平衡之一，是羰基 α-位反应性的根源。"
"什么是烯醇负离子？","烯醇负离子（Enolate） 是羰基化合物在碱作用下，α-碳去质子化形成的共振稳定的碳负离子-烯醇盐杂化体。","有机化学 具体反应 烯醇负离子 rc_30d 化竞 羰基α位 烯醇","Chem::Core","[[烯醇负离子]]","30d","概念卡","关键结论：
• 动力学烯醇 vs 热力学烯醇：• 动力学烯醇：取代较少的双键（较不稳定），在 低温、强位阻碱（LDA）、不可逆条件 下形成• 热力学烯醇：取代较多的双键（较稳定），在 高温、弱碱、可逆条件 下形成• 烯醇负离子的两种反应模式：• 作为亲核体（C-位）：α-烷基化、Aldol 缩合、Michael 加成、Claisen 缩合• 作为碱（O-位）：夺取其他质子（较少见，但可发生）• 硅烯醇醚（Silyl Enol Ether）：烯醇负离子的 O-硅基化保护形式，可隔离储存，后续再生成烯醇负离子• LUMO 控制：烯醇负离子的 HOMO 与羰基 LUMO 相互作用是 Aldol/Michael 反应的核心"
"烯醇负离子 的关键结论有哪些？","• 动力学烯醇 vs 热力学烯醇：• 动力学烯醇：取代较少的双键（较不稳定），在 低温、强位阻碱（LDA）、不可逆条件 下形成• 热力学烯醇：取代较多的双键（较稳定），在 高温、弱碱、可逆条件 下形成• 烯醇负离子的两种反应模式：• 作为亲核体（C-位）：α-烷基化、Aldol 缩合、Michael 加成、Claisen 缩合• 作为碱（O-位）：夺取其他质子（较少见，但可发生）• 硅烯醇醚（Silyl Enol Ether）：烯醇负离子的 O-硅基化保护形式，可隔离储存，后续再生成烯醇负离子• LUMO 控制：烯醇负离子的 HOMO 与羰基 LUMO 相互作用是 Aldol/Michael 反应的核心","有机化学 具体反应 烯醇负离子 rc_30d 化竞 羰基α位 烯醇","Chem::Core","[[烯醇负离子]]","30d","总结卡","烯醇负离子（Enolate） 是羰基化合物在碱作用下，α-碳去质子化形成的共振稳定的碳负离子-烯醇盐杂化体。"
"烯醇负离子 有哪些常见易错点？","|  错误  |  原因  |  纠正  |  课堂提问  | 
 | :--- | :--- | :--- | :--- | 
 |  认为烯醇负离子的亲核位点是氧  |  负电荷更多在氧上  |  虽然氧上负电荷多，但 碳是亲核进攻位点（C-C 键形成在合成上更有价值） |  烯醇负离子与 CH₃I 反应，产物是 C-甲基化还是 O-甲基化？  | 
 |  混淆动力学/热力学烯醇的形成条件  |  只记 ""LDA = 动力学""  |  强调三要素：碱位阻大 + 低温 + 不可逆 = 动力学；碱位阻小 + 高温 + 可逆 = 热力学  |  NaH 对不对称酮去质子，主要得动力学还是热力学烯醇？  | 
 |  认为所有羰基化合物的 α-H 都易去质子  |  忽略 pKa 差异  |  单酮 α-H pKa ~20，需强碱；β-二酮 pKa ~9，弱碱即可  |  为什么乙酰丙酮能用 NaOEt 去质子，而丙酮需要 LDA？  | 
 |  Aldol 缩合只写一步加成  |  忽略脱水步骤  |  碱性条件下 Aldol 产物常自发脱水得 α,β-不饱和羰基；合成题中需判断是否脱水  |  什么条件下 Aldol 产物会脱水？脱水驱动力是什么？  | 
 |  酯的烯醇负离子与酮混淆  |  未注意酯烯醇的特殊性  |  酯的烯醇负离子 O-烷基化竞争更强；Claisen 缩合需强碱和可逆条件  |  为什么 Claisen 缩合需要一分子酯被完全去质子？  |","有机化学 具体反应 烯醇负离子 rc_30d 化竞 羰基α位 烯醇","Chem::Core","[[烯醇负离子]]","30d","易错点卡","烯醇负离子（Enolate） 是羰基化合物在碱作用下，α-碳去质子化形成的共振稳定的碳负离子-烯醇盐杂化体。"
"什么是环化反应？","环化反应是构建碳环和杂环骨架的核心反应类型。根据机理不同，可分为离子型环化、自由基环化、周环环化和金属催化环化。决赛题目中，环化反应常与串联策略结合，考察对立体电子效应和选择性控制的深层理解。","有机化学 有机反应 环化反应 rc_30d 化竞 反应机理 决赛要求","Chem::Core","[[环化反应]]","30d","概念卡","关键结论：
• [待补充]"
"环化反应 的关键结论有哪些？","• [待补充]","有机化学 有机反应 环化反应 rc_30d 化竞 反应机理 决赛要求","Chem::Core","[[环化反应]]","30d","总结卡","环化反应是构建碳环和杂环骨架的核心反应类型。根据机理不同，可分为离子型环化、自由基环化、周环环化和金属催化环化。决赛题目中，环化反应常与串联策略结合，考察对立体电子效应和选择性控制的深层理解。"
"环化反应 有哪些常见易错点？","• Baldwin 规则的记忆：5/6-Endo-Tet 和 5-Endo-Trig 是被禁阻的（但也有例外）
• 环张力与反应性：小环（3 元）因张力而活泼，中环（8–11 元）因不利构象而难合成
• 立体电子效应：环化中的轨道重叠要求（如 anti-periplanar 消除）
• 溶剂效应：极性溶剂有利于离子型环化，非极性溶剂有利于周环/自由基环化
• 分子内 D-A 的 endo 例外：短链连接时可能被迫采取""错误""取向","有机化学 有机反应 环化反应 rc_30d 化竞 反应机理 决赛要求","Chem::Core","[[环化反应]]","30d","易错点卡","环化反应是构建碳环和杂环骨架的核心反应类型。根据机理不同，可分为离子型环化、自由基环化、周环环化和金属催化环化。决赛题目中，环化反应常与串联策略结合，考察对立体电子效应和选择性控制的深层理解。"
"什么是环张力？","环张力（Ring Strain）：环状化合物中由于成键几何偏离理想值而产生的额外能量，使环状结构比相应的开链结构不稳定。环张力主要包括：","有机化学 有机物结构的稳定性 环张力 rc_30d 化竞 基础要求 构象","Chem::Core","[[环张力]]","30d","概念卡",""
"什么是环张力与开环聚合？","环张力（ring strain）是环状化合物因键角偏离正常值、扭转张力或范德华排斥而产生的额外能量。开环聚合（Ring-Opening Polymerization, ROP）是利用环张力作为热力学驱动力，使环状单体开环连接成线性聚合物的反应。环张力越大，ROP 的热力学趋势越强。","有机化学 有机结构 环张力与开环聚合 rc_30d 化竞 环张力 聚合反应","Chem::Core","[[环张力与开环聚合]]","30d","概念卡","关键结论：
• 三元环和四元环因环张力大，最易发生开环聚合。• 五元环和六元环环张力最小，ROP 热力学不利。• 中环（8-11 元）因跨环张力，ROP 有一定驱动力。• 聚合平衡常数与平均聚合度相关：DPn ≈ 1/(1–p)，其中 p 为转化率。"
"环张力与开环聚合 的关键结论有哪些？","• 三元环和四元环因环张力大，最易发生开环聚合。• 五元环和六元环环张力最小，ROP 热力学不利。• 中环（8-11 元）因跨环张力，ROP 有一定驱动力。• 聚合平衡常数与平均聚合度相关：DPn ≈ 1/(1–p)，其中 p 为转化率。","有机化学 有机结构 环张力与开环聚合 rc_30d 化竞 环张力 聚合反应","Chem::Core","[[环张力与开环聚合]]","30d","总结卡","环张力（ring strain）是环状化合物因键角偏离正常值、扭转张力或范德华排斥而产生的额外能量。开环聚合（Ring-Opening Polymerization, ROP）是利用环张力作为热力学驱动力，使环状单体开环连接成线性聚合物的反应。环张力越大，ROP 的热力学趋势越强。"
"环张力与开环聚合 有哪些常见易错点？","• 误认为所有环状单体都能发生 ROP；实际上五元环和六元环因环张力小，ROP 热力学不利。• 混淆环张力与关环速率：关环速率最快的五元环，恰恰是 ROP 最难的。• 忽视熵变对 ROP 的影响：聚合是熵减过程，高温不利于聚合。","有机化学 有机结构 环张力与开环聚合 rc_30d 化竞 环张力 聚合反应","Chem::Core","[[环张力与开环聚合]]","30d","易错点卡","环张力（ring strain）是环状化合物因键角偏离正常值、扭转张力或范德华排斥而产生的额外能量。开环聚合（Ring-Opening Polymerization, ROP）是利用环张力作为热力学驱动力，使环状单体开环连接成线性聚合物的反应。环张力越大，ROP 的热力学趋势越强。"
"什么是环氧化反应？","环氧化反应（Epoxidation）：烯烃与过酸（如 mCPBA）反应生成环氧乙烷衍生物（三元环醚）的反应。环氧可在酸性或碱性条件下开环，生成邻二醇或其他取代醇。","有机化学 氧化还原 环氧化反应 rc_30d 化竞 过酸 mCPBA","Chem::Core","[[环氧化反应]]","30d","概念卡","关键结论：
• 环氧化 = syn 加成，立体化学完全保留
• 过酸酸性 < 羧酸——分子内五元环氢键阻止解离（ABOC 反直觉点）
• 酸性开环 → 进攻多取代碳（碳正离子控制）
• 碱性开环 → 进攻位阻小碳（SN2 控制）
• 环氧开环总是反式——背面进攻三元环
• 环氧化速率：富电子、少位阻的双键更快

---"
"环氧化反应 的关键结论有哪些？","• 环氧化 = syn 加成，立体化学完全保留
• 过酸酸性 < 羧酸——分子内五元环氢键阻止解离（ABOC 反直觉点）
• 酸性开环 → 进攻多取代碳（碳正离子控制）
• 碱性开环 → 进攻位阻小碳（SN2 控制）
• 环氧开环总是反式——背面进攻三元环
• 环氧化速率：富电子、少位阻的双键更快

---","有机化学 氧化还原 环氧化反应 rc_30d 化竞 过酸 mCPBA","Chem::Core","[[环氧化反应]]","30d","总结卡","环氧化反应（Epoxidation）：烯烃与过酸（如 mCPBA）反应生成环氧乙烷衍生物（三元环醚）的反应。环氧可在酸性或碱性条件下开环，生成邻二醇或其他取代醇。"
"环氧化反应 有哪些常见易错点？","• ❌ 认为过酸酸性 > 羧酸 → 实际 过酸酸性 < 羧酸（分子内氢键阻止解离）
• ❌ 酸性/碱性开环都进攻多取代碳 → 碱性是 SN2，进攻位阻小碳
• ❌ 忽略环氧化是 syn 加成 → 顺/反烯烃的立体化学在环氧中保留
• ❌ 混淆环氧开环与鎓离子开环 → 环氧开环也反式，但控制因素不同
• ❌ 认为环氧只能在酸性条件下开环 → 碱性条件同样常见，且产物不同
• ❌ 忘记环氧可被高碘酸切断 → 环氧 → 邻二醇 → HIO₄ 切断（结构推断链）
• ❌ mCPBA 与底物中的氨基反应 → mCPBA 也会氧化胺，需注意官能团兼容性
• ❌ 环氧在 Lewis 酸下重排 → Meinwald 重排：环氧 → 羰基化合物

---","有机化学 氧化还原 环氧化反应 rc_30d 化竞 过酸 mCPBA","Chem::Core","[[环氧化反应]]","30d","易错点卡","环氧化反应（Epoxidation）：烯烃与过酸（如 mCPBA）反应生成环氧乙烷衍生物（三元环醚）的反应。环氧可在酸性或碱性条件下开环，生成邻二醇或其他取代醇。"
"什么是环氧化合物开环？","环氧化合物开环是指亲核试剂或酸碱催化下，三元环氧环断裂生成开链产物的反应。根据反应条件可分为：• 碱性（中性/亲核）开环：亲核试剂进攻环氧碳，类似 S_N2 机理• 酸性开环：酸催化下环氧氧质子化，亲核试剂进攻，具有 S_N1/S_N2 混合特征• 还原开环：氢化物（\mathrm{LiAlH_4}）或催化氢化开环• 有机金属试剂开环：格氏试剂、有机锂试剂等开环","有机化学 反应机理 环氧化合物开环 rc_30d 化竞 环氧 开环反应","Chem::Core","[[环氧化合物开环]]","30d","概念卡","关键结论：
4.1 区域选择性规律

不对称环氧的开环：

以 2-甲基环氧丙烷（propylene oxide）为例：

\underset{\mathrm{CH_3}}{\underset{ | }{\mathrm{C}}\mathrm{H}}\!\!-\!\!\overset{\mathrm{O}}{\underset{\Large{\frown}}{\phantom{O}}}\!\!-\!\!\mathrm{CH_2}• 碱性条件（如 \mathrm{RO^-Na^+}）：\mathrm{RO^-} 进攻位阻小的 -\mathrm{CH_2}- 端• 酸性条件（如 \mathrm{H_2SO_4}/\mathrm{H_2O}）：\mathrm{H_2O} 进攻取代较多的 -\mathrm{CH(CH_3)}- 端

4.2 立体化学规律• 环氧开环通常是反式的：无论酸性或碱性，亲核试剂从 C–O 键断裂方向的背面进攻• 顺式环氧 → 反式二醇：反式二羟基化可通过环氧-开环序列实现• 手性环氧开环：若从单一对映体环氧出发，S_N2 开环会得到构型翻转的产物

4.3 环氧开环在合成中的应用• C–C 键增长：格氏试剂 + 环氧乙烷 → 多两个碳的伯醇• 1,2-二醇的制备：酸性或碱性水解开环• 氨基醇的制备：胺类亲核试剂开环• Payne 重排：在碱性条件下，环氧醇可发生分子内迁移，实现羟基位置的改变"
"环氧化合物开环 的关键结论有哪些？","4.1 区域选择性规律

不对称环氧的开环：

以 2-甲基环氧丙烷（propylene oxide）为例：

\underset{\mathrm{CH_3}}{\underset{ | }{\mathrm{C}}\mathrm{H}}\!\!-\!\!\overset{\mathrm{O}}{\underset{\Large{\frown}}{\phantom{O}}}\!\!-\!\!\mathrm{CH_2}• 碱性条件（如 \mathrm{RO^-Na^+}）：\mathrm{RO^-} 进攻位阻小的 -\mathrm{CH_2}- 端• 酸性条件（如 \mathrm{H_2SO_4}/\mathrm{H_2O}）：\mathrm{H_2O} 进攻取代较多的 -\mathrm{CH(CH_3)}- 端

4.2 立体化学规律• 环氧开环通常是反式的：无论酸性或碱性，亲核试剂从 C–O 键断裂方向的背面进攻• 顺式环氧 → 反式二醇：反式二羟基化可通过环氧-开环序列实现• 手性环氧开环：若从单一对映体环氧出发，S_N2 开环会得到构型翻转的产物

4.3 环氧开环在合成中的应用• C–C 键增长：格氏试剂 + 环氧乙烷 → 多两个碳的伯醇• 1,2-二醇的制备：酸性或碱性水解开环• 氨基醇的制备：胺类亲核试剂开环• Payne 重排：在碱性条件下，环氧醇可发生分子内迁移，实现羟基位置的改变","有机化学 反应机理 环氧化合物开环 rc_30d 化竞 环氧 开环反应","Chem::Core","[[环氧化合物开环]]","30d","总结卡","环氧化合物开环是指亲核试剂或酸碱催化下，三元环氧环断裂生成开链产物的反应。根据反应条件可分为：• 碱性（中性/亲核）开环：亲核试剂进攻环氧碳，类似 S_N2 机理• 酸性开环：酸催化下环氧氧质子化，亲核试剂进攻，具有 S_N1/S_N2 混合特征• 还原开环：氢化物（\mathrm{LiAlH_4}）或催化氢化开环• 有机金属试剂开环：格氏试剂、有机锂试剂等开环"
"环氧化合物开环 有哪些常见易错点？","• 混淆酸碱性开环的区域选择性：酸性进攻取代多的碳，碱性进攻位阻小的碳• 忽略格氏试剂中的 MgBr_2：格氏试剂与环氧的反应可能伴随 Lewis 酸催化的重排• 误认为环氧开环是顺式：无论酸碱，开环通常是反式的• 多环氧底物的选择性：多个环氧共存时，位阻和电子效应共同决定哪个环氧先开环","有机化学 反应机理 环氧化合物开环 rc_30d 化竞 环氧 开环反应","Chem::Core","[[环氧化合物开环]]","30d","易错点卡","环氧化合物开环是指亲核试剂或酸碱催化下，三元环氧环断裂生成开链产物的反应。根据反应条件可分为：• 碱性（中性/亲核）开环：亲核试剂进攻环氧碳，类似 S_N2 机理• 酸性开环：酸催化下环氧氧质子化，亲核试剂进攻，具有 S_N1/S_N2 混合特征• 还原开环：氢化物（\mathrm{LiAlH_4}）或催化氢化开环• 有机金属试剂开环：格氏试剂、有机锂试剂等开环"
"什么是环状分子的立体选择性？","环状分子的立体选择性：环状化合物（四/五/六元环、桥环、稠环、螺环）在发生亲核加成、亲电进攻、环氧化、烷基化等反应时，由于环的刚性构象限制，试剂优先从某一特定空间方向进攻，从而优先生成某一立体异构体的现象。","有机化学 立体化学 环状分子的立体选择性 rc_30d 化竞 基础要求 环状分子","Chem::Core","[[环状分子的立体选择性]]","30d","概念卡","关键结论：
• 四/五元环：平面或近平面 → 从较小空阻面进攻（anti大基团）• 六元环（1个sp²）：椅式保留 → 小试剂直立进攻，大试剂平伏进攻• 六元环（≥2个sp²）：半椅式 → 仅直立进攻（动力学控制，避免扭船过渡态）• 桥双环：exo进攻为主；甲基等空阻可逆转为endo• 反式稠环：全椅式，直立烷基化；顺式稠环：蝴蝶形，外部反应• 氢键/螯合可逆转常规选择性：烯丙醇syn环氧化是经典反例• 环氧形成与开环具有立体专一性：过渡态相同，方向相反

---"
"环状分子的立体选择性 的关键结论有哪些？","• 四/五元环：平面或近平面 → 从较小空阻面进攻（anti大基团）• 六元环（1个sp²）：椅式保留 → 小试剂直立进攻，大试剂平伏进攻• 六元环（≥2个sp²）：半椅式 → 仅直立进攻（动力学控制，避免扭船过渡态）• 桥双环：exo进攻为主；甲基等空阻可逆转为endo• 反式稠环：全椅式，直立烷基化；顺式稠环：蝴蝶形，外部反应• 氢键/螯合可逆转常规选择性：烯丙醇syn环氧化是经典反例• 环氧形成与开环具有立体专一性：过渡态相同，方向相反

---","有机化学 立体化学 环状分子的立体选择性 rc_30d 化竞 基础要求 环状分子","Chem::Core","[[环状分子的立体选择性]]","30d","总结卡","环状分子的立体选择性：环状化合物（四/五/六元环、桥环、稠环、螺环）在发生亲核加成、亲电进攻、环氧化、烷基化等反应时，由于环的刚性构象限制，试剂优先从某一特定空间方向进攻，从而优先生成某一立体异构体的现象。"
"环状分子的立体选择性 有哪些常见易错点？","• ❌ 混淆""直立进攻""与""直立产物"" → 直立进攻 → 亲核试剂从直立方向来 → 产物中新基团处于平伏；平伏进攻 → 产物中新基团处于直立• ❌ 环己酮 vs 环己烯酮混淆 → 环己酮（1个sp²）：大小试剂决定进攻方向；环己烯酮（2个sp²）：仅直立进攻• ❌ endo/exo定义不清 → 相对于船形六元环的外部/内部，不是简单的""上/下""• ❌ 氢键逆转条件遗漏 → 只有烯丙醇（OH与双键隔一个C）才有此效应，普通醇没有• ❌ 认为所有桥环都exo → 樟脑因甲基阻碍，选择性逆转为endo• ❌ 忽略六元环（≥2 sp²）的动力学控制本质 → ""仅直立""是动力学结论，热力学条件下可能不同• ❌ 把环氧形成与开环的立体化学割裂 → 二者过渡态相同（仅方向相反），应统一记忆

---","有机化学 立体化学 环状分子的立体选择性 rc_30d 化竞 基础要求 环状分子","Chem::Core","[[环状分子的立体选择性]]","30d","易错点卡","环状分子的立体选择性：环状化合物（四/五/六元环、桥环、稠环、螺环）在发生亲核加成、亲电进攻、环氧化、烷基化等反应时，由于环的刚性构象限制，试剂优先从某一特定空间方向进攻，从而优先生成某一立体异构体的现象。"
"什么是生物碱？","• 生物碱（alkaloid）是指天然存在于生物体内、具有显著生理活性的含氮碱性有机化合物。• 绝大多数生物碱含有杂环结构，氮原子多在杂环内（少数为脂肪胺，如麻黄碱）。• 命名常以来源植物命名（如吗啡来自罂粟 opium，奎宁来自金鸡纳 cinchona）。","有机化学 含氮化合物 天然产物 生物碱 rc_30d 化竞","Chem::Core","[[生物碱]]","30d","概念卡","关键结论：
• 生物碱的核心特征是天然来源 + 含氮 + 碱性 + 生理活性；四者缺一不可（但偶有例外，如秋水仙碱碱性极弱）。• 碱性比较规律：脂肪胺 > 氨 > 芳香胺 > 酰胺 ≈ 吡咯（具体需结合杂化、诱导、共轭综合判断）。• 托烷类生物碱（如阿托品）具有显著的旋光性和外消旋化倾向（如阿托品为莨菪碱的外消旋体）。• 吗啡类生物碱的酚羟基使其具有酸碱两性（叔胺基碱性 + 酚羟基酸性）。"
"生物碱 的关键结论有哪些？","• 生物碱的核心特征是天然来源 + 含氮 + 碱性 + 生理活性；四者缺一不可（但偶有例外，如秋水仙碱碱性极弱）。• 碱性比较规律：脂肪胺 > 氨 > 芳香胺 > 酰胺 ≈ 吡咯（具体需结合杂化、诱导、共轭综合判断）。• 托烷类生物碱（如阿托品）具有显著的旋光性和外消旋化倾向（如阿托品为莨菪碱的外消旋体）。• 吗啡类生物碱的酚羟基使其具有酸碱两性（叔胺基碱性 + 酚羟基酸性）。","有机化学 含氮化合物 天然产物 生物碱 rc_30d 化竞","Chem::Core","[[生物碱]]","30d","总结卡","• 生物碱（alkaloid）是指天然存在于生物体内、具有显著生理活性的含氮碱性有机化合物。• 绝大多数生物碱含有杂环结构，氮原子多在杂环内（少数为脂肪胺，如麻黄碱）。• 命名常以来源植物命名（如吗啡来自罂粟 opium，奎宁来自金鸡纳 cinchona）。"
"生物碱 有哪些常见易错点？","• 误以为所有生物碱都是杂环：麻黄碱（脂肪胺型）、秋水仙碱（酰胺型，碱性极弱）是典型反例。• 混淆奎宁与奎尼丁：二者为对映体，不是同一物质的不同晶型或同分异构体。• 忽略吗啡的两性：吗啡含酚羟基（弱酸，pK_a ≈ 9.9）和叔胺基（弱碱，pK_a ≈ 8.0），在等电点附近溶解度最低。• 吡啶 vs 吡咯碱性判断颠倒：吡啶碱性强于吡咯，但学生常因""吡咯含 NH""而误认为它碱性更强。","有机化学 含氮化合物 天然产物 生物碱 rc_30d 化竞","Chem::Core","[[生物碱]]","30d","易错点卡","• 生物碱（alkaloid）是指天然存在于生物体内、具有显著生理活性的含氮碱性有机化合物。• 绝大多数生物碱含有杂环结构，氮原子多在杂环内（少数为脂肪胺，如麻黄碱）。• 命名常以来源植物命名（如吗啡来自罂粟 opium，奎宁来自金鸡纳 cinchona）。"
"什么是电子转移？","电子转移是有机反应的核心过程，指反应中化学键断裂和形成时电子的重新分布。理解电子的流动方向和方式是掌握有机反应机理的基础。电子转移主要分为两大类：极性反应（电子对转移）和自由基反应（单电子转移）。","有机化学 机理基础 电子转移 rc_30d 化竞 反应机理","Chem::Core","[[电子转移]]","30d","概念卡","关键结论：
• 弯箭头是机理书写的""语法""：正确使用弯箭头是写出合理解析的必要条件• 异裂产生离子，均裂产生自由基：这是区分极性反应和自由基反应的根本• 电子总是从富电子区流向缺电子区：亲核体 → 亲电体是极性反应的主线• 共振式之间的电子重排不涉及原子位置的移动：只有电子分布改变• 单电子转移（SET）是自由基反应和某些氧化还原反应的关键：如 Birch 还原、Swern 氧化中的某些步骤"
"电子转移 的关键结论有哪些？","• 弯箭头是机理书写的""语法""：正确使用弯箭头是写出合理解析的必要条件• 异裂产生离子，均裂产生自由基：这是区分极性反应和自由基反应的根本• 电子总是从富电子区流向缺电子区：亲核体 → 亲电体是极性反应的主线• 共振式之间的电子重排不涉及原子位置的移动：只有电子分布改变• 单电子转移（SET）是自由基反应和某些氧化还原反应的关键：如 Birch 还原、Swern 氧化中的某些步骤","有机化学 机理基础 电子转移 rc_30d 化竞 反应机理","Chem::Core","[[电子转移]]","30d","总结卡","电子转移是有机反应的核心过程，指反应中化学键断裂和形成时电子的重新分布。理解电子的流动方向和方式是掌握有机反应机理的基础。电子转移主要分为两大类：极性反应（电子对转移）和自由基反应（单电子转移）。"
"电子转移 有哪些常见易错点？","|  错误  |  原因  |  纠正  |  课堂提问  | 
 | :--- | :--- | :--- | :--- | 
 |  ""弯箭头从正电荷出发""  |  混淆电子源和电子穴  |  正电荷是电子缺乏区，只能接受电子  |  碳正离子可以作为电子推动的起点吗？  | 
 |  ""鱼钩箭头用于极性反应""  |  混淆两种箭头  |  极性反应用弯箭头，自由基反应用鱼钩箭头  |  SN2 反应用什么箭头？自由基取代用什么？  | 
 |  ""一次画三步机理的箭头""  |  贪图捷径  |  每步机理单独画，只表示当前电子流动  |  可以同时画进攻和离去的箭头吗？（SN2可以，SN1不行） | 
 |  ""电子推动不考虑立体化学""  |  忽略三维要求  |  SN2 的背面进攻、E2 的反式共平面等必须用立体结构表达  |  SN2 的弯箭头如何体现构型翻转？  | 
 |  ""共振式之间用单向箭头""  |  不了解共振表示  |  共振式之间用双头箭头 ⇌，不用单箭头  |  烯醇和酮的互变用什么箭头？（⇌，不是→） |","有机化学 机理基础 电子转移 rc_30d 化竞 反应机理","Chem::Core","[[电子转移]]","30d","易错点卡","电子转移是有机反应的核心过程，指反应中化学键断裂和形成时电子的重新分布。理解电子的流动方向和方式是掌握有机反应机理的基础。电子转移主要分为两大类：极性反应（电子对转移）和自由基反应（单电子转移）。"
"什么是电环化反应？","电环化反应（Electrocyclic Reaction）：共轭多烯的末端碳之间形成 σ 键（关环）或σ 键断裂（开环）的协同周环反应。","有机化学 周环反应 电环化反应 rc_30d 化竞 对旋 旋光","Chem::Core","[[电环化反应]]","30d","概念卡","关键结论：
• 电环化 = 共轭多烯 ↔ 环烯烃• 4n 热旋光，4n+2 热对旋• 光反应方式与热反应相反• 旋光产生反式双键，对旋产生顺式双键• 规则来源于 HOMO 末端瓣的相对相位

---"
"电环化反应 的关键结论有哪些？","• 电环化 = 共轭多烯 ↔ 环烯烃• 4n 热旋光，4n+2 热对旋• 光反应方式与热反应相反• 旋光产生反式双键，对旋产生顺式双键• 规则来源于 HOMO 末端瓣的相对相位

---","有机化学 周环反应 电环化反应 rc_30d 化竞 对旋 旋光","Chem::Core","[[电环化反应]]","30d","总结卡","电环化反应（Electrocyclic Reaction）：共轭多烯的末端碳之间形成 σ 键（关环）或σ 键断裂（开环）的协同周环反应。"
"电环化反应 有哪些常见易错点？","• ❌ 4n 热对旋 → 4n 热旋光• ❌ 光反应和热反应一样 → 光反应方式相反• ❌ 旋光产生顺式双键 → 旋光产生反式双键• ❌ 电环化可以离子型机理 → 电环化是协同周环反应• ❌ 只背规则不画轨道 → 必须理解HOMO 末端瓣相位

---","有机化学 周环反应 电环化反应 rc_30d 化竞 对旋 旋光","Chem::Core","[[电环化反应]]","30d","易错点卡","电环化反应（Electrocyclic Reaction）：共轭多烯的末端碳之间形成 σ 键（关环）或σ 键断裂（开环）的协同周环反应。"
"什么是直接加成与共轭加成？","在共轭体系（如 1,3-丁二烯、α,β-不饱和羰基化合物）的加成反应中，亲电/亲核试剂有两种加成模式：","有机化学 加成反应 直接加成与共轭加成 rc_30d 化竞 共轭加成 Michael加成","Chem::Core","[[直接加成与共轭加成]]","30d","概念卡","关键结论：
• 1,2-加成 = 动力学，1,4-加成 = 热力学（经典规律，对共轭二烯和 α,β-不饱和羰基均适用）
• 低温 → 1,2；高温 → 1,4——温度是切换控制类型的开关
• 硬亲核 → 1,2；软亲核 → 1,4——见 硬软亲核试剂
• 1,4-加成保留羰基 → 热力学更稳定（C=O 键能 > C=C）
• 共轭加成的核心中间体：烯醇盐——质子化后羰基恢复

---"
"直接加成与共轭加成 的关键结论有哪些？","• 1,2-加成 = 动力学，1,4-加成 = 热力学（经典规律，对共轭二烯和 α,β-不饱和羰基均适用）
• 低温 → 1,2；高温 → 1,4——温度是切换控制类型的开关
• 硬亲核 → 1,2；软亲核 → 1,4——见 硬软亲核试剂
• 1,4-加成保留羰基 → 热力学更稳定（C=O 键能 > C=C）
• 共轭加成的核心中间体：烯醇盐——质子化后羰基恢复

---","有机化学 加成反应 直接加成与共轭加成 rc_30d 化竞 共轭加成 Michael加成","Chem::Core","[[直接加成与共轭加成]]","30d","总结卡","在共轭体系（如 1,3-丁二烯、α,β-不饱和羰基化合物）的加成反应中，亲电/亲核试剂有两种加成模式："
"直接加成与共轭加成 有哪些常见易错点？","• ❌ 认为 1,4-加成破坏共轭 → 1,4-加成后中间仍有双键，共轭被破坏但新双键形成
• ❌ 动力学产物 = 1,4 对共轭二烯 → 低温下 1,2 是动力学产物
• ❌ 温度是唯一控制因素 → 亲核试剂软硬、Cu 盐同样关键
• ❌ 所有 1,2-产物都能转为 1,4 → 若不可逆则动力学产物锁定
• ❌ 1,4-加成的编号从氧开始 → α,β-不饱和羰基编号从羰基碳开始
• ❌ 忽略烯醇互变 → 1,4-加成的第一步产物是烯醇盐，需质子化才得最终产物
• ❌ 混淆 Michael 加成与 1,2-加成 → Michael 专指 1,4-共轭加成
• ❌ 认为热力学产物总是 1,4 → 对醛而言，1,2 同时是动力学和热力学产物

---","有机化学 加成反应 直接加成与共轭加成 rc_30d 化竞 共轭加成 Michael加成","Chem::Core","[[直接加成与共轭加成]]","30d","易错点卡","在共轭体系（如 1,3-丁二烯、α,β-不饱和羰基化合物）的加成反应中，亲电/亲核试剂有两种加成模式："
"什么是硫叶立德？","硫叶立德（sulfur ylide，又称硫鎓叶立德）是一类以硫原子带正电荷、相邻碳原子带负电荷为特征的 1,2-偶极物种，通式为 R₂S⁺–CH⁻–R'。与磷叶立德（Wittig 试剂）类似，硫叶立德是重要的亲核性碳负离子等价物，但反应性有显著差异。","有机化学 有机合成 硫叶立德 rc_30d 化竞 叶立德 硫试剂","Chem::Core","[[硫叶立德]]","30d","概念卡","关键结论：
• 硫叶立德是合成环氧和环丙烷的重要试剂，反应条件温和。• 与 Wittig 反应的关键区别在于产物类型：硫叶立德 → 环氧/环丙烷；磷叶立德 → 烯烃。• 36届初赛涉及 Swern 氧化中的烷氧基硫鎓盐和烷氧基硫叶立德中间体，以及 [2,3]-σ 迁移。• ABOC Ch.2 章末习题 T3 涉及硫叶立德 vs 半缩硫醛的选择性比较。"
"硫叶立德 的关键结论有哪些？","• 硫叶立德是合成环氧和环丙烷的重要试剂，反应条件温和。• 与 Wittig 反应的关键区别在于产物类型：硫叶立德 → 环氧/环丙烷；磷叶立德 → 烯烃。• 36届初赛涉及 Swern 氧化中的烷氧基硫鎓盐和烷氧基硫叶立德中间体，以及 [2,3]-σ 迁移。• ABOC Ch.2 章末习题 T3 涉及硫叶立德 vs 半缩硫醛的选择性比较。","有机化学 有机合成 硫叶立德 rc_30d 化竞 叶立德 硫试剂","Chem::Core","[[硫叶立德]]","30d","总结卡","硫叶立德（sulfur ylide，又称硫鎓叶立德）是一类以硫原子带正电荷、相邻碳原子带负电荷为特征的 1,2-偶极物种，通式为 R₂S⁺–CH⁻–R'。与磷叶立德（Wittig 试剂）类似，硫叶立德是重要的亲核性碳负离子等价物，但反应性有显著差异。"
"硫叶立德 有哪些常见易错点？","• 混淆硫叶立德和磷叶立德的反应产物。• 忽视硫叶立德的不稳定性，在合成设计中未考虑原位制备。• Swern 氧化机理中的烷氧基硫鎓盐 → 烷氧基硫叶立德 → [2,3]-σ 迁移序列需准确理解。","有机化学 有机合成 硫叶立德 rc_30d 化竞 叶立德 硫试剂","Chem::Core","[[硫叶立德]]","30d","易错点卡","硫叶立德（sulfur ylide，又称硫鎓叶立德）是一类以硫原子带正电荷、相邻碳原子带负电荷为特征的 1,2-偶极物种，通式为 R₂S⁺–CH⁻–R'。与磷叶立德（Wittig 试剂）类似，硫叶立德是重要的亲核性碳负离子等价物，但反应性有显著差异。"
"什么是硬软亲核试剂？","硬软酸碱理论（Hard and Soft Acids and Bases, HSAB）：由 Pearson 于 1963 年提出，根据路易斯酸碱的电荷密度、极化度、电负性将其分为""硬""（hard）和""软""（soft）两类。","有机化学 亲核试剂 硬软亲核试剂 rc_30d 化竞 HSAB 硬软酸碱","Chem::Core","[[硬软亲核试剂]]","30d","概念卡","关键结论：
• 硬亲核试剂 → 1,2-加成（直接加成）：RLi、RMgX、RO⁻、HO⁻
• 软亲核试剂 → 1,4-加成（共轭加成）：R₂CuLi、RS⁻、稳定烯醇盐、有机锂的共轭加成变体
• Cu 盐是""软硬开关""：RMgX + CuI → R₂CuLi（硬→软）→ 选择性从 1,2 转 1,4
• 醛是 1,2 加成堡垒：即使软亲核试剂，对醛也倾向 1,2
• ""2eq, 1-2""记号含义：2 当量时先 1,2，产物可继续反应

---"
"硬软亲核试剂 的关键结论有哪些？","• 硬亲核试剂 → 1,2-加成（直接加成）：RLi、RMgX、RO⁻、HO⁻
• 软亲核试剂 → 1,4-加成（共轭加成）：R₂CuLi、RS⁻、稳定烯醇盐、有机锂的共轭加成变体
• Cu 盐是""软硬开关""：RMgX + CuI → R₂CuLi（硬→软）→ 选择性从 1,2 转 1,4
• 醛是 1,2 加成堡垒：即使软亲核试剂，对醛也倾向 1,2
• ""2eq, 1-2""记号含义：2 当量时先 1,2，产物可继续反应

---","有机化学 亲核试剂 硬软亲核试剂 rc_30d 化竞 HSAB 硬软酸碱","Chem::Core","[[硬软亲核试剂]]","30d","总结卡","硬软酸碱理论（Hard and Soft Acids and Bases, HSAB）：由 Pearson 于 1963 年提出，根据路易斯酸碱的电荷密度、极化度、电负性将其分为""硬""（hard）和""软""（soft）两类。"
"硬软亲核试剂 有哪些常见易错点？","• ❌ 把软硬等同于强弱 → F⁻ 硬但弱，RS⁻ 软但强
• ❌ 认为所有醛都 1,2 → 基本是，但大位阻软亲核试剂可能例外
• ❌ 忽略 Cu 盐的作用 → CuI 可以把硬 RMgX 变成软 R₂CuLi
• ❌ 混淆动力学和热力学 → 低温 1,2（动力学），高温 1,4（热力学）
• ❌ 认为 HSAB 100% 准确 → 大位阻、溶剂效应、温度都可能导致例外
• ❌ 烯醇盐软硬不分 → 简单烯醇盐（K/Na）偏硬，硅基烯醇醚偏软
• ❌  Wittig 试剂归错类 → Ph₃P 是软亲核试剂，但 Wittig 机理不是简单加成
• ❌ 把 1,4-加成产物画错 → 1,4 加成第一步生成烯醇盐，质子化后羰基恢复

---","有机化学 亲核试剂 硬软亲核试剂 rc_30d 化竞 HSAB 硬软酸碱","Chem::Core","[[硬软亲核试剂]]","30d","易错点卡","硬软酸碱理论（Hard and Soft Acids and Bases, HSAB）：由 Pearson 于 1963 年提出，根据路易斯酸碱的电荷密度、极化度、电负性将其分为""硬""（hard）和""软""（soft）两类。"
"什么是硼氢化反应？","硼氢化反应（Hydroboration）：烯烃或炔烃与硼烷（BH₃ 或衍生物）发生的顺式加成反应，生成烷基硼化合物。后续可通过氧化（H₂O₂/NaOH）转化为醇，或通过还原（RCOOH）转化为烷烃。","有机化学 亲电加成 硼氢化反应 rc_30d 化竞 反马氏规则 顺式加成","Chem::Core","[[硼氢化反应]]","30d","概念卡","关键结论：
• 硼氢化 = 四中心过渡态 = 顺式加成 + 反马氏——与鎓离子机理形成鲜明对比
• 反马氏的本质是 B^δ⁺ 进攻——不是 H^δ⁺，所以和马氏规则相反
• 氧化时的烷基迁移保持构型——整个硼氢化-氧化序列：syn 加成 + 构型保持 → 得特定立体化学的醇
• 9-BBN 用于位阻选择性——大位阻硼烷优先反应位阻小的双键
• 炔烃硼氢化：末端炔 → 醛（烯醇互变），内炔 → 酮
• 硼氢化可逆——高温下烷基硼可脱氢恢复烯烃（竞赛高阶内容）

---"
"硼氢化反应 的关键结论有哪些？","• 硼氢化 = 四中心过渡态 = 顺式加成 + 反马氏——与鎓离子机理形成鲜明对比
• 反马氏的本质是 B^δ⁺ 进攻——不是 H^δ⁺，所以和马氏规则相反
• 氧化时的烷基迁移保持构型——整个硼氢化-氧化序列：syn 加成 + 构型保持 → 得特定立体化学的醇
• 9-BBN 用于位阻选择性——大位阻硼烷优先反应位阻小的双键
• 炔烃硼氢化：末端炔 → 醛（烯醇互变），内炔 → 酮
• 硼氢化可逆——高温下烷基硼可脱氢恢复烯烃（竞赛高阶内容）

---","有机化学 亲电加成 硼氢化反应 rc_30d 化竞 反马氏规则 顺式加成","Chem::Core","[[硼氢化反应]]","30d","总结卡","硼氢化反应（Hydroboration）：烯烃或炔烃与硼烷（BH₃ 或衍生物）发生的顺式加成反应，生成烷基硼化合物。后续可通过氧化（H₂O₂/NaOH）转化为醇，或通过还原（RCOOH）转化为烷烃。"
"硼氢化反应 有哪些常见易错点？","• ❌ 认为硼氢化是马氏加成 → B 是正电性，H 是负电性，所以是反马氏
• ❌ 忘记 syn 加成 → 硼氢化是顺式加成，产物中 H 和 OH 来自同侧
• ❌ 混淆氧化和还原的后续处理 → H₂O₂/NaOH = 醇；RCOOH = 烷烃
• ❌ 认为炔烃硼氢化都得醛 → 只有末端炔得醛，内炔得酮
• ❌ 忽略 9-BBN 的位阻选择性 → 9-BBN 优先反应位阻小的双键
• ❌ 画机理不写四中心过渡态 → 必须画出协同的环状过渡态
• ❌ 认为硼氢化经历碳正离子 → 没有碳正离子，是协同机理
• ❌ 忽略烷基迁移的构型保持 → 氧化后手性中心的构型保持不变

---","有机化学 亲电加成 硼氢化反应 rc_30d 化竞 反马氏规则 顺式加成","Chem::Core","[[硼氢化反应]]","30d","易错点卡","硼氢化反应（Hydroboration）：烯烃或炔烃与硼烷（BH₃ 或衍生物）发生的顺式加成反应，生成烷基硼化合物。后续可通过氧化（H₂O₂/NaOH）转化为醇，或通过还原（RCOOH）转化为烷烃。"
"什么是碳正离子？","碳正离子（Carbocation, R₃C⁺） 是带正电荷的三配位（trivalent）碳物种，是有机化学中最重要的活性中间体之一。","有机化学 活性中间体 碳正离子 rc_30d 化竞 反应机理 ABOC核心思维","Chem::Core","[[碳正离子]]","30d","概念卡",""
"碳正离子 有哪些常见易错点？","11.1 把""3°比2°稳定""机械记忆，忽略共轭

错误：(CH₃)₃C⁺ > PhCH₂⁺（用""3° > 苯甲基""）。

正确：苄基正离子比 (CH₃)₃C⁺ 更稳定（共轭 > 超共轭）。真正顺序：
\mathrm{Ph_3C^+ > Ph_2CH^+ > R_3C^+ > R_2CH^+ \sim 苄基^+ \sim 烯丙基^+}

11.2 认为""sp² 一定比 sp³ 稳定""

错误：1-降冰片基正离子（sp³）应该不如普通 3° 不稳定。

正确：被桥环锁定的 sp³ 正离子远比 sp² 不稳定。1-金刚烷正离子（也是 sp³，但桥环柔性大）反而比 2-金刚烷正离子（sp²）稳定——刚性锁定与柔性差别决定一切。

11.3 忽略桥头位置的限制

错误：试图用 SN1 解释桥头碳上的取代反应。

正确：桥头碳上不能形成稳定的 sp² 碳正离子，故 SN1 几乎不发生。桥头位置必须用 SN2（但此时 SN2 也极慢，因为亲核试剂攻击受阻）→ 反应通常不发生或经过特殊路径。

11.4 忽略 vinyl⁺ 和 aryl⁺ 的不稳定性

错误：CH₂=CH-Cl 在水中应能 SN1 水解（按""卤代烃水解""经验）。

正确：vinyl⁺ 和 Ph⁺ 极不稳定，SN1 水解几乎不发生。Vinyl-X 通常不水解，aryl-X 必须特殊条件（如 Sandmeyer 反应、芳香亲核取代）。

11.5 把碳正离子当成""短暂瞬间""

错误：所有碳正离子都很短暂，无法分离。

正确：Ph₃C⁺、1-金刚烷正离子、酰基正离子、亚胺正离子等都可以作为稳定盐分离。George A. Olah 的诺奖工作就是研究这些可分离的""超酸碳正离子""。

11.6 忽视平衡思维

错误：碳正离子重排只朝""更稳定""方向。

正确：重排是平衡反应。如果不稳定方向能继续反应（被消耗、形成产物），即使是""反向""重排也可发生。这就是平衡思维的核心。

11.7 用诱导效应解释烷基稳定碳正离子

错误：烷基的 +I 诱导效应使邻位 C⁺ 稳定。

正确：烷基的 +I 是非常弱的（甚至有人认为可忽略）。烷基稳定 C⁺ 主要来自 超共轭效应（σ-p 重叠）。这是 ABOC 框架强调的重要修正。

11.8 忽视 Grossman 规则在重排题中的作用

错误：直接靠""看图""猜测产物。

正确：碳数 ≥ 6 的重排题，必须先用 Grossman规则 标号，再追踪每个碳的去向，才能确定迁移路径。

---","有机化学 活性中间体 碳正离子 rc_30d 化竞 反应机理 ABOC核心思维","Chem::Core","[[碳正离子]]","30d","易错点卡","碳正离子（Carbocation, R₃C⁺） 是带正电荷的三配位（trivalent）碳物种，是有机化学中最重要的活性中间体之一。"
"什么是碳负离子？","碳负离子是指带负电荷的三配位碳物种，中心碳为 sp³ 杂化（或接近 sp²），几何构型为三角锥形（与氨类似），含有一对孤对电子。","有机化学 活性中间体 碳负离子 rc_30d 化竞","Chem::Core","[[碳负离子]]","30d","概念卡","关键结论：
• 碳负离子的稳定性与碳正离子基本相反：吸电子基稳定碳负离子，给电子基稳定碳正离子• 碳负离子是有机合成中最重要的亲核体之一：烯醇盐、有机锂试剂、格氏试剂本质上都含碳负离子特征• 共振稳定化是碳负离子稳定的核心机制：与羰基、氰基、硝基共轭的碳负离子远比烷基碳负离子稳定• s 成分效应：sp 杂化碳（炔基负离子）比 sp³ 杂化碳更稳定，因为 sp 轨道 s 成分高、电负性大、更能容纳负电荷• 芳香性稳定化能极大增强碳负离子的稳定性：环戊二烯的 pKa 仅约 15（与醇相当），因其共轭碱是芳香性的环戊二烯负离子"
"碳负离子 的关键结论有哪些？","• 碳负离子的稳定性与碳正离子基本相反：吸电子基稳定碳负离子，给电子基稳定碳正离子• 碳负离子是有机合成中最重要的亲核体之一：烯醇盐、有机锂试剂、格氏试剂本质上都含碳负离子特征• 共振稳定化是碳负离子稳定的核心机制：与羰基、氰基、硝基共轭的碳负离子远比烷基碳负离子稳定• s 成分效应：sp 杂化碳（炔基负离子）比 sp³ 杂化碳更稳定，因为 sp 轨道 s 成分高、电负性大、更能容纳负电荷• 芳香性稳定化能极大增强碳负离子的稳定性：环戊二烯的 pKa 仅约 15（与醇相当），因其共轭碱是芳香性的环戊二烯负离子","有机化学 活性中间体 碳负离子 rc_30d 化竞","Chem::Core","[[碳负离子]]","30d","总结卡","碳负离子是指带负电荷的三配位碳物种，中心碳为 sp³ 杂化（或接近 sp²），几何构型为三角锥形（与氨类似），含有一对孤对电子。"
"碳负离子 有哪些常见易错点？","|  错误  |  原因  |  纠正  |  课堂提问  | 
 | :--- | :--- | :--- | :--- | 
 |  ""碳负离子和碳正离子稳定性顺序相同""  |  惯性思维  |  二者基本相反：吸电子基稳定碳负离子，给电子基稳定碳正离子  |  三级碳正离子很稳定，三级碳负离子呢？  | 
 |  ""烷基越多碳负离子越稳定""  |  套用碳正离子规律  |  烷基是给电子基（+I）→  destabilize 碳负离子  |  甲基负离子和叔丁基负离子哪个更稳定？  | 
 |  ""碳负离子是 sp² 平面""  |  与碳正离子混淆  |  碳负离子是 sp³ 三角锥（类似 NH₃） |  碳负离子和碳正离子的几何构型有何不同？  | 
 |  ""所有碳负离子都极不稳定""  |  忽略共振稳定化  |  烯醇盐、苄基负离子等可以相当稳定  |  烯醇盐为什么比烷基碳负离子稳定得多？  | 
 |  ""碳负离子不发生重排""  |  与碳正离子对比过度  |  碳负离子可以发生重排（如 Stevens 重排、Wittig 重排） |  碳负离子和碳正离子都能发生重排吗？  |","有机化学 活性中间体 碳负离子 rc_30d 化竞","Chem::Core","[[碳负离子]]","30d","易错点卡","碳负离子是指带负电荷的三配位碳物种，中心碳为 sp³ 杂化（或接近 sp²），几何构型为三角锥形（与氨类似），含有一对孤对电子。"
"什么是离去基与pKa？","离去基（Leaving Group, LG）：在取代反应或消除反应中带着电子对离开的基团。","有机化学 反应机理 离去基与pKa rc_30d 化竞 有机反应机理 酸碱","Chem::Core","[[离去基与pKa]]","30d","概念卡","关键结论：
4.1 经常用的""激活""策略
 |  原始 OH 基  |  激活成  |  反应  | 
 | --- | --- | --- | 
 |  \ce{ROH}  |  \ce{ROTs}（与 TsCl） |  然后 SN2  | 
 |  \ce{ROH}  |  \ce{R-OPO_3^-}（与磷酸）  |  在生物体中  | 
 |  \ce{ROH}  |  \ce{R-OH2^+}（在酸中）  |  E1 / SN1  | 
 |  \ce{R-NH2}  |  \ce{R-N2^+}（与 HNO₂） |  几乎万能离去  | 
 |  \ce{R-CO-OH}  |  \ce{R-CO-Cl}（与 SOCl₂） |  酰化反应  | 

4.2 在 SN1 / SN2 / E1 / E2 中的角色
• SN1：好离去基至关重要——离去为限速步
• SN2：好离去基有利但不必要——亲核体也驱动
• E1：与 SN1 同——好离去基
• E2：好离去基有利

4.3 为何 F⁻ 在 C 上是差离去基
• C-F 键能极高（~485 kJ/mol）
• HF 的 pKa = 3.2（中性）
• 在水中 F⁻ 很差离去，但其碱性介于硬-软之间
• 唯一例外：超强亲核条件（如 LDA + R-F → 消除）

4.4 离去基与亲核体的关系
• 同一物种 X⁻：同时是好亲核和好离去基的有 I⁻、Br⁻、Cl⁻
• 大多数好离去基（TsO⁻、TfO⁻）也是较差亲核体（共振稳定）"
"离去基与pKa 的关键结论有哪些？","4.1 经常用的""激活""策略
 |  原始 OH 基  |  激活成  |  反应  | 
 | --- | --- | --- | 
 |  \ce{ROH}  |  \ce{ROTs}（与 TsCl） |  然后 SN2  | 
 |  \ce{ROH}  |  \ce{R-OPO_3^-}（与磷酸）  |  在生物体中  | 
 |  \ce{ROH}  |  \ce{R-OH2^+}（在酸中）  |  E1 / SN1  | 
 |  \ce{R-NH2}  |  \ce{R-N2^+}（与 HNO₂） |  几乎万能离去  | 
 |  \ce{R-CO-OH}  |  \ce{R-CO-Cl}（与 SOCl₂） |  酰化反应  | 

4.2 在 SN1 / SN2 / E1 / E2 中的角色
• SN1：好离去基至关重要——离去为限速步
• SN2：好离去基有利但不必要——亲核体也驱动
• E1：与 SN1 同——好离去基
• E2：好离去基有利

4.3 为何 F⁻ 在 C 上是差离去基
• C-F 键能极高（~485 kJ/mol）
• HF 的 pKa = 3.2（中性）
• 在水中 F⁻ 很差离去，但其碱性介于硬-软之间
• 唯一例外：超强亲核条件（如 LDA + R-F → 消除）

4.4 离去基与亲核体的关系
• 同一物种 X⁻：同时是好亲核和好离去基的有 I⁻、Br⁻、Cl⁻
• 大多数好离去基（TsO⁻、TfO⁻）也是较差亲核体（共振稳定）","有机化学 反应机理 离去基与pKa rc_30d 化竞 有机反应机理 酸碱","Chem::Core","[[离去基与pKa]]","30d","总结卡","离去基（Leaving Group, LG）：在取代反应或消除反应中带着电子对离开的基团。"
"离去基与pKa 有哪些常见易错点？","• 用离去基本身的 pKa（错——应用其共轭酸的 pKa）
• 把""碱性强""等同于""好离去基""——完全相反
• 忽视溶剂——在质子性溶剂中，差离去基（如 OH⁻）会被氢键稳定，""看起来""略好
• 在 Si 化学中错误套用碳化学的 LG 顺序","有机化学 反应机理 离去基与pKa rc_30d 化竞 有机反应机理 酸碱","Chem::Core","[[离去基与pKa]]","30d","易错点卡","离去基（Leaving Group, LG）：在取代反应或消除反应中带着电子对离开的基团。"
"什么是离子对机理？","离子对机理：在离子型反应中，正负离子并非瞬间完全解离，而是经历不同程度的缔合状态，这些缔合状态统称为""离子对""。离子对的存在解释了诸多实验现象，如 SN1 反应中部分构型保持、烯烃加氯气的顺式加成等。","有机化学 机理基础 离子对机理 rc_30d 化竞 离子对 SN1 立体化学","Chem::Core","[[离子对机理]]","30d","概念卡","关键结论：
• 离子对是 SN1 ""不完全外消旋""的根源——离去基团没走远
• 三层模型 = 连续谱——不是三种独立物种，而是逐渐解离的过程
• 溶剂极性决定离子对寿命——低极性 → 紧密离子对为主；高极性 → 自由离子为主
• Cl₂ 对烯烃的加成用离子对机理解释——顺式加成是因为无鎓离子
• 把 SN1 当成""一定性质的 SN2""——在紧密离子对阶段，Nu 进攻有方向性（ABOC 行 1865）

---"
"离子对机理 的关键结论有哪些？","• 离子对是 SN1 ""不完全外消旋""的根源——离去基团没走远
• 三层模型 = 连续谱——不是三种独立物种，而是逐渐解离的过程
• 溶剂极性决定离子对寿命——低极性 → 紧密离子对为主；高极性 → 自由离子为主
• Cl₂ 对烯烃的加成用离子对机理解释——顺式加成是因为无鎓离子
• 把 SN1 当成""一定性质的 SN2""——在紧密离子对阶段，Nu 进攻有方向性（ABOC 行 1865）

---","有机化学 机理基础 离子对机理 rc_30d 化竞 离子对 SN1 立体化学","Chem::Core","[[离子对机理]]","30d","总结卡","离子对机理：在离子型反应中，正负离子并非瞬间完全解离，而是经历不同程度的缔合状态，这些缔合状态统称为""离子对""。离子对的存在解释了诸多实验现象，如 SN1 反应中部分构型保持、烯烃加氯气的顺式加成等。"
"离子对机理 有哪些常见易错点？","• ❌ 认为 SN1 总是完全外消旋 → 离子对效应使翻转略多
• ❌ 把离子对当成独立中间体画出来 → 离子对是连续谱，不是单一物种
• ❌ 混淆离子对机理与鎓离子机理 → 前者顺式（Cl₂），后者反式（Br₂）
• ❌ 忽略溶剂极性的影响 → 溶剂决定离子对解离程度
• ❌ 把邻基参与归因于离子对 → 邻基参与是分子内亲核进攻，机制不同
• ❌ 认为紧密离子对可分离 → 寿命极短，无法分离
• ❌ 离子对机理只适用于 SN1 → 烯烃加 Cl₂ 也适用
• ❌ 认为所有氯加成都是顺式 → 若溶剂极性极高或底物特殊，可能混合

---","有机化学 机理基础 离子对机理 rc_30d 化竞 离子对 SN1 立体化学","Chem::Core","[[离子对机理]]","30d","易错点卡","离子对机理：在离子型反应中，正负离子并非瞬间完全解离，而是经历不同程度的缔合状态，这些缔合状态统称为""离子对""。离子对的存在解释了诸多实验现象，如 SN1 反应中部分构型保持、烯烃加氯气的顺式加成等。"
"什么是空间位阻效应？","空间位阻效应是指原子或基团因自身占据空间而对邻近原子或进攻试剂产生的物理排斥作用。它包括：","有机化学 有机结构 空间位阻效应 rc_30d 化竞 立体化学 反应选择性","Chem::Core","[[空间位阻效应]]","30d","概念卡","关键结论：
4.1 位阻效应的核心规律

 |  场景  |  位阻影响  |  结果  | 
 | :--- | :--- | :--- | 
 |  SN2 反应  |  大位阻底物抑制背面进攻  |  叔卤代物不发生 SN2  | 
 |  SN1 反应  |  碳正离子平面化缓解张力  |  大位阻促进 SN1  | 
 |  E2 消除  |  大位阻碱难接近多取代 β-H  |  Hofmann 产物为主  | 
 |  环己烷构象  |  大基团占平伏位避免 1,3-相互作用  |  A值越大，平伏位优势越明显  | 
 |  羰基加成  |  亲核试剂从位阻小面进攻  |  Cram 规则、Felkin-Anh 模型  | 

4.2 位阻与电子效应的竞争

在许多反应中，位阻效应与电子效应同时作用：• SN1/SN2 边界：叔卤代物 SN1 占优势，不仅是位阻因素，也因为碳正离子被超共轭稳定• 亲核试剂选择：\mathrm{t\text{-}BuO^-} 既是强碱又是大位阻亲核试剂，有利于消除而非取代• 配位化学：膦配体的给电子能力（电子效应）和锥角（位阻效应）共同决定金属催化性能"
"空间位阻效应 的关键结论有哪些？","4.1 位阻效应的核心规律

 |  场景  |  位阻影响  |  结果  | 
 | :--- | :--- | :--- | 
 |  SN2 反应  |  大位阻底物抑制背面进攻  |  叔卤代物不发生 SN2  | 
 |  SN1 反应  |  碳正离子平面化缓解张力  |  大位阻促进 SN1  | 
 |  E2 消除  |  大位阻碱难接近多取代 β-H  |  Hofmann 产物为主  | 
 |  环己烷构象  |  大基团占平伏位避免 1,3-相互作用  |  A值越大，平伏位优势越明显  | 
 |  羰基加成  |  亲核试剂从位阻小面进攻  |  Cram 规则、Felkin-Anh 模型  | 

4.2 位阻与电子效应的竞争

在许多反应中，位阻效应与电子效应同时作用：• SN1/SN2 边界：叔卤代物 SN1 占优势，不仅是位阻因素，也因为碳正离子被超共轭稳定• 亲核试剂选择：\mathrm{t\text{-}BuO^-} 既是强碱又是大位阻亲核试剂，有利于消除而非取代• 配位化学：膦配体的给电子能力（电子效应）和锥角（位阻效应）共同决定金属催化性能","有机化学 有机结构 空间位阻效应 rc_30d 化竞 立体化学 反应选择性","Chem::Core","[[空间位阻效应]]","30d","总结卡","空间位阻效应是指原子或基团因自身占据空间而对邻近原子或进攻试剂产生的物理排斥作用。它包括："
"空间位阻效应 有哪些常见易错点？","• 忽略 SN1 中位阻的""正向""作用：位阻不仅抑制 SN2，也促进 SN1• 混淆位阻效应与电子效应：如叔卤代物易 SN1，既有位阻因素也有超共轭电子效应• Hofmann 消除的适用范围：Hofmann 规则主要适用于大位阻碱，不是普适规律• 环己烷中顺/反与 a/e 的对应关系：顺式-1,2-二取代是 a,e 或 e,a；反式-1,2-二取代是 e,e 或 a,a","有机化学 有机结构 空间位阻效应 rc_30d 化竞 立体化学 反应选择性","Chem::Core","[[空间位阻效应]]","30d","易错点卡","空间位阻效应是指原子或基团因自身占据空间而对邻近原子或进攻试剂产生的物理排斥作用。它包括："
"什么是立体化学？","立体化学（Stereochemistry）：研究分子在三维空间中排列方式及其对物理、化学性质影响的化学分支。","有机化学 立体化学 rc_30d 化竞 手性 对映异构","Chem::Core","[[立体化学]]","30d","概念卡","关键结论：
• 分析顺序 = 先非对映 → 再对映 → 最后 R/S——这是 ABOC 反复强调的""正确思维顺序""
• 手性判断先看对称面/对称中心——不要只数手性中心（meso 体有手性中心但无手性）
• R/S 与 (+)/(-) 完全无关——R 可以是左旋，S 也可以是右旋
• Fischer 投影式不可旋转 90°——只能旋转 180°，否则构型反转
• CIP 规则中多重键要展开——C=O 视为连两个 O，C≡C 视为连三个 C
• n 个手性中心最多 2ⁿ 个立体异构体——meso 体会减少实际数目

---"
"立体化学 的关键结论有哪些？","• 分析顺序 = 先非对映 → 再对映 → 最后 R/S——这是 ABOC 反复强调的""正确思维顺序""
• 手性判断先看对称面/对称中心——不要只数手性中心（meso 体有手性中心但无手性）
• R/S 与 (+)/(-) 完全无关——R 可以是左旋，S 也可以是右旋
• Fischer 投影式不可旋转 90°——只能旋转 180°，否则构型反转
• CIP 规则中多重键要展开——C=O 视为连两个 O，C≡C 视为连三个 C
• n 个手性中心最多 2ⁿ 个立体异构体——meso 体会减少实际数目

---","有机化学 立体化学 rc_30d 化竞 手性 对映异构","Chem::Core","[[立体化学]]","30d","总结卡","立体化学（Stereochemistry）：研究分子在三维空间中排列方式及其对物理、化学性质影响的化学分支。"
"立体化学 有哪些常见易错点？","• ❌ 一上来就标 R/S，不判断 meso/非对映关系 → 正确顺序：先非对映 → 再对映 → 最后 R/S
• ❌ 认为有手性中心就一定有手性 → meso 体有手性中心但无手性（有对称面）
• ❌ 混淆外消旋体与内消旋体 → 前者是混合物，后者是纯化合物
• ❌ Fischer 投影式旋转 90° → 只能旋转 180°，90° 会改变构型
• ❌ CIP 规则不展开多重键 → C=C 视为连两个 C，C=O 视为连两个 O
• ❌ R/S 与 (+)/(-) 混为一谈 → R 可以是左旋，S 也可以是右旋
• ❌ 忽略虚线/楔形键的方向 → 画三维结构时必须标明，否则立体信息丢失
• ❌ 差向异构体 = 对映体 → 差向异构体是非对映体的一种（仅一个中心不同）

---","有机化学 立体化学 rc_30d 化竞 手性 对映异构","Chem::Core","[[立体化学]]","30d","易错点卡","立体化学（Stereochemistry）：研究分子在三维空间中排列方式及其对物理、化学性质影响的化学分支。"
"什么是立体电子效应？","立体电子效应（Stereoelectronic Effect）：当分子内的轨道相互作用（给体-受体相互作用）受几何位形显著影响、并由此决定构象偏好或反应选择性时，所产生的总效应。","有机化学 电子效应 立体电子效应 rc_30d 化竞 给体受体相互作用 构象分析","Chem::Core","[[立体电子效应]]","30d","概念卡","关键结论：
4.1 七大典型立体电子效应

ABOC 体系下「立体电子效应」覆盖以下七大具体效应（每一项都是""几何依赖的轨道相互作用""的具体显化）：

 |  编号  |  名称  |  几何要求  |  关键给体-受体  |  现象  | 
 | :---: | :--- | :--- | :--- | :--- | 
 |  (1)  |  gauche effect  |  1,2-二氟乙烷 gauche 二面角  |  σ(C-H) → σ\(C-F)  |  反直觉 gauche > anti  | 
 |  (2)  |  异头效应（端基效应 子集） |  C1 取代基直立键  |  n(O) → σ\(C-O')  |  糖化学 α-异头体优先  | 
 |  (3)  |  端基效应（广义） |  Y-C-"
"立体电子效应 的关键结论有哪些？","4.1 七大典型立体电子效应

ABOC 体系下「立体电子效应」覆盖以下七大具体效应（每一项都是""几何依赖的轨道相互作用""的具体显化）：

 |  编号  |  名称  |  几何要求  |  关键给体-受体  |  现象  | 
 | :---: | :--- | :--- | :--- | :--- | 
 |  (1)  |  gauche effect  |  1,2-二氟乙烷 gauche 二面角  |  σ(C-H) → σ\(C-F)  |  反直觉 gauche > anti  | 
 |  (2)  |  异头效应（端基效应 子集） |  C1 取代基直立键  |  n(O) → σ\(C-O')  |  糖化学 α-异头体优先  | 
 |  (3)  |  端基效应（广义） |  Y-C-","有机化学 电子效应 立体电子效应 rc_30d 化竞 给体受体相互作用 构象分析","Chem::Core","[[立体电子效应]]","30d","总结卡","立体电子效应（Stereoelectronic Effect）：当分子内的轨道相互作用（给体-受体相互作用）受几何位形显著影响、并由此决定构象偏好或反应选择性时，所产生的总效应。"
"立体电子效应 有哪些常见易错点？","11.1 把""反式共平面""缩写

错误：写""反共平面""或""反式""。

正确：必须保持""反式共平面""完整。""反式""未指定共平面，""反共平面""省了""式""字。ABOC 强调三次禁止缩写。

11.2 用空间位阻解释 gauche effect

错误：1,2-二氟乙烷的 gauche 偏好""是因为 F 体积小所以可以靠近""。

正确：F 体积虽小但偏好不源自位阻——是 σ(C-H) → σ\(C-F) 超共轭主导。

11.3 忽视静电效应的优先级

错误：所有构象题都只用超共轭/立体电子效应分析。

正确：含强极性键时，先看静电——典型能量差 30-50 vs 3-10 kJ/mol。例如 α-氟代酰胺如果只用立体电子效应分析会得错。

11.4 把立体电子效应与立体（位阻）效应混淆

错误：把""位阻""现象都归到""立体电子效应""。

正确：• 位阻 = 经典空间排斥（核-核+电子云排斥）• 立体电子效应 = 几何依赖的轨道电子离域• 二者有时偏好同向（如轴向取代位阻 + 1,3-双轴）但本质不同。

11.5 在共振结构中""看""立体电子效应

错误：用共振结构判断 1,2-二氟乙烷 gauche 偏好。

正确：共振结构没有几何信息。立体电子效应必须用三维构象 + 轨道重叠分析。

11.6 忘记几何节面

错误：当二面角 = 90° 时认为还有一些超共轭。

正确：θ = 90° 时 cos²θ = 0 —— 完全无重叠（节面阻断）。

11.7 把 Bürgi-Dunitz 角写成 90° 或 180°

错误：直觉认为 Nu 应垂直进攻（90°）或正对进攻（180°）。

正确：Nu 与 C=O 轴的角度 ≈ 107°——这是 π\ 在 C 上的最大波瓣方向，向 O 后方倾斜。

11.8 Baldwin 规则 endo/exo 判断错误

错误：把 endo 和 exo 搞混，或分不清 tet/trig/dig。

正确：• endo = 断开的键在环内；exo = 断开的键在环外• tet = sp³（四面体）；trig = sp²（三角）；dig = sp（直线）• 记忆锚点：5-endo-trig 不利，6-endo-trig 有利

11.9 混淆关环速率与 Baldwin 规则

错误：认为""5元环关环最快""所以""5-endo-trig 应该有利""。

正确：• 关环速率顺序（5 > 6 > 3...）是热力学/动力学统计结果• Baldwin 规则是轨道可达性判断——即使 5 元环通常快，若几何不允许（5-endo-trig），反应仍被禁阻• 二者互补：Baldwin 判断""能不能""，速率顺序判断""有多快""

11.10 忽视 Thorpe-Ingold 效应

错误：关环产率低时只考虑 Baldwin 规则，不考虑取代基效应。

正确：Thorpe-Ingold 效应（偕二甲基）可显著提高关环速率和平衡常数——合成设计中常用此策略。

---","有机化学 电子效应 立体电子效应 rc_30d 化竞 给体受体相互作用 构象分析","Chem::Core","[[立体电子效应]]","30d","易错点卡","立体电子效应（Stereoelectronic Effect）：当分子内的轨道相互作用（给体-受体相互作用）受几何位形显著影响、并由此决定构象偏好或反应选择性时，所产生的总效应。"
"什么是立体选择性？","立体选择性（Stereoselectivity）是指一个化学反应在生成立体异构体时，优先产生某一种立体异构体（或对映异构体、非对映异构体）的现象。立体选择性是竞赛有机合成和机理分析中的高频考点，涉及顺反选择性、对映选择性和非对映选择性三个层次。","有机化学 立体化学 立体选择性 rc_30d 化竞 基础要求 手性","Chem::Core","[[立体选择性]]","30d","概念卡","关键结论：
• [待补充]"
"立体选择性 的关键结论有哪些？","• [待补充]","有机化学 立体化学 立体选择性 rc_30d 化竞 基础要求 手性","Chem::Core","[[立体选择性]]","30d","总结卡","立体选择性（Stereoselectivity）是指一个化学反应在生成立体异构体时，优先产生某一种立体异构体（或对映异构体、非对映异构体）的现象。立体选择性是竞赛有机合成和机理分析中的高频考点，涉及顺反选择性、对映选择性和非对映选择性三个层次。"
"立体选择性 有哪些常见易错点？","• [待补充]","有机化学 立体化学 立体选择性 rc_30d 化竞 基础要求 手性","Chem::Core","[[立体选择性]]","30d","易错点卡","立体选择性（Stereoselectivity）是指一个化学反应在生成立体异构体时，优先产生某一种立体异构体（或对映异构体、非对映异构体）的现象。立体选择性是竞赛有机合成和机理分析中的高频考点，涉及顺反选择性、对映选择性和非对映选择性三个层次。"
"什么是端基效应？","端基效应（Anomeric Effect），又称异头效应（anomeric effect），最初指糖化学中吡喃糖 C1（异头碳）位上电负性取代基（OR、OAc、Cl 等）异常偏好直立键（axial）而非平伏键（equatorial），违反一般的空间位阻预期。","有机化学 结构基础 端基效应 rc_30d 化竞 立体电子效应 分子轨道","Chem::Core","[[端基效应]]","30d","概念卡",""
"什么是糖化学？","糖类（Carbohydrates）：多羟基醛或多羟基酮及其缩聚物和衍生物的统称。","有机化学 糖类 糖化学 rc_30d 化竞 立体化学 缩醛","Chem::Core","[[糖化学]]","30d","概念卡","关键结论：
4.1 常见单糖的结构特征

 |  单糖  |  碳数  |  环型  |  特征  | 
 | :--- | :---: | :--- | :--- | 
 |  D-葡萄糖  |  6  |  吡喃（六元） |  所有取代基可平伏（β-型最稳定） | 
 |  D-果糖  |  6  |  吡喃/呋喃  |  酮糖，C2为异头碳  | 
 |  D-核糖  |  5  |  呋喃（五元） |  RNA组分；2'-OH参与RNA碱性水解  | 
 |  D-脱氧核糖  |  5  |  呋喃  |  DNA组分；2'位无OH  | 
 |  D-半乳糖  |  6  |  吡喃  |  C4构型与葡萄糖相反  | 
 |  D-甘露糖  |  6  |  吡喃  |  C2构型与葡萄糖相反  | 

4.2 异头碳效应的定量影响• 在 D-葡萄糖甲苷中，热力学控制下 α-异头体（OMe 直立）比 β-异头体（OMe 平伏）更稳定• 这违背了简单的 A 值（A-value）预测，是立体电子效应的典型证据

4.3 常见二糖与多糖的糖苷键

 |  糖类  |  组成单糖  |  糖苷键类型  |  特征  | 
 | :--- | :--- | :--- | :--- | 
 |  麦芽糖  |  葡萄糖 + 葡萄糖  |  α-1,4  |  还原糖（保留异头羟基） | 
 |  蔗糖  |  葡萄糖 + 果糖  |  α-1,β-2  |  非还原糖（异头碳均参与成键） | 
 |  乳糖  |  葡萄糖 + 半乳糖  |  β-1,4  |  还原糖  | 
 |  纤维素  |  葡萄糖聚合  |  β-1,4  |  每个糖苷键平伏 → 分子直线形；氢键固定 → 难水解  | 
 |  淀粉（直链） |  葡萄糖聚合  |  α-1,4  |  螺旋构象  | 
 |  淀粉（支链） |  葡萄糖聚合  |  α-1,4 + α-1,6  |  分支点每24-30个葡萄糖  | 
 |  几丁质  |  N-乙酰葡糖胺聚合  |  β-1,4  |  壳多糖，昆虫外骨骼  | 

4.4 糖类保护基策略

糖类多羟基化合物在合成中需要选择性保护：

 |  保护基  |  试剂  |  选择性  |  脱保护  | 
 | :--- | :--- | :--- | :--- | 
 |  丙酮缩醛（异亚丙基） |  丙酮/酸  |  1,2-或1,3-邻二醇  |  稀酸  | 
 |  苯甲醛缩醛  |  PhCHO/酸  |  1,3-二醇（顺式稠合） |  氢解或酸解  | 
 |  苄基醚（Bn） |  BnBr/NaH  |  任意单羟基  |  H₂/Pd 或 Na/NH₃  | 
 |  乙酰基（Ac） |  Ac₂O/吡啶  |  全部羟基  |  碱或氨解  | 
 |  硅醚（TBS/TMS） |  TBSCl/咪唑  |  位阻最小羟基  |  TBAF 或 HF  | 

丙酮缩醛的立体选择性：在热力学控制下，双环缩醛倾向于顺式稠合（更稳定）。"
"糖化学 的关键结论有哪些？","4.1 常见单糖的结构特征

 |  单糖  |  碳数  |  环型  |  特征  | 
 | :--- | :---: | :--- | :--- | 
 |  D-葡萄糖  |  6  |  吡喃（六元） |  所有取代基可平伏（β-型最稳定） | 
 |  D-果糖  |  6  |  吡喃/呋喃  |  酮糖，C2为异头碳  | 
 |  D-核糖  |  5  |  呋喃（五元） |  RNA组分；2'-OH参与RNA碱性水解  | 
 |  D-脱氧核糖  |  5  |  呋喃  |  DNA组分；2'位无OH  | 
 |  D-半乳糖  |  6  |  吡喃  |  C4构型与葡萄糖相反  | 
 |  D-甘露糖  |  6  |  吡喃  |  C2构型与葡萄糖相反  | 

4.2 异头碳效应的定量影响• 在 D-葡萄糖甲苷中，热力学控制下 α-异头体（OMe 直立）比 β-异头体（OMe 平伏）更稳定• 这违背了简单的 A 值（A-value）预测，是立体电子效应的典型证据

4.3 常见二糖与多糖的糖苷键

 |  糖类  |  组成单糖  |  糖苷键类型  |  特征  | 
 | :--- | :--- | :--- | :--- | 
 |  麦芽糖  |  葡萄糖 + 葡萄糖  |  α-1,4  |  还原糖（保留异头羟基） | 
 |  蔗糖  |  葡萄糖 + 果糖  |  α-1,β-2  |  非还原糖（异头碳均参与成键） | 
 |  乳糖  |  葡萄糖 + 半乳糖  |  β-1,4  |  还原糖  | 
 |  纤维素  |  葡萄糖聚合  |  β-1,4  |  每个糖苷键平伏 → 分子直线形；氢键固定 → 难水解  | 
 |  淀粉（直链） |  葡萄糖聚合  |  α-1,4  |  螺旋构象  | 
 |  淀粉（支链） |  葡萄糖聚合  |  α-1,4 + α-1,6  |  分支点每24-30个葡萄糖  | 
 |  几丁质  |  N-乙酰葡糖胺聚合  |  β-1,4  |  壳多糖，昆虫外骨骼  | 

4.4 糖类保护基策略

糖类多羟基化合物在合成中需要选择性保护：

 |  保护基  |  试剂  |  选择性  |  脱保护  | 
 | :--- | :--- | :--- | :--- | 
 |  丙酮缩醛（异亚丙基） |  丙酮/酸  |  1,2-或1,3-邻二醇  |  稀酸  | 
 |  苯甲醛缩醛  |  PhCHO/酸  |  1,3-二醇（顺式稠合） |  氢解或酸解  | 
 |  苄基醚（Bn） |  BnBr/NaH  |  任意单羟基  |  H₂/Pd 或 Na/NH₃  | 
 |  乙酰基（Ac） |  Ac₂O/吡啶  |  全部羟基  |  碱或氨解  | 
 |  硅醚（TBS/TMS） |  TBSCl/咪唑  |  位阻最小羟基  |  TBAF 或 HF  | 

丙酮缩醛的立体选择性：在热力学控制下，双环缩醛倾向于顺式稠合（更稳定）。","有机化学 糖类 糖化学 rc_30d 化竞 立体化学 缩醛","Chem::Core","[[糖化学]]","30d","总结卡","糖类（Carbohydrates）：多羟基醛或多羟基酮及其缩聚物和衍生物的统称。"
"糖化学 有哪些常见易错点？","• 混淆 α/β 定义：α/β 是相对于异头碳的构型，不是相对于绝对构型（D/L）• 忽略异头碳效应：简单用 A 值判断会得出错误结论（甲苷中直立更稳定）• Fischer 投影式旋转规则：只能在纸面内旋转 180°，不能旋转 90°• 糖苷键水解条件：糖苷键对碱稳定、对酸敏感（缩醛特性）• 还原糖判断：必须检查是否有游离异头羟基，而非仅看是否有醛基","有机化学 糖类 糖化学 rc_30d 化竞 立体化学 缩醛","Chem::Core","[[糖化学]]","30d","易错点卡","糖类（Carbohydrates）：多羟基醛或多羟基酮及其缩聚物和衍生物的统称。"
"什么是糖的构型与变旋？","糖的构型指单糖分子中手性碳原子的空间排布，通常用 D/L 标记法表示。由于单糖分子含有多个手性中心，其构型由离羰基最远的那个手性碳（即编号最大的手性碳）上的羟基方向决定。","有机化学 特殊体系 糖的构型与变旋 rc_30d 化竞 糖化学 D/L构型 变旋","Chem::Core","[[糖的构型与变旋]]","30d","概念卡","关键结论：
• D/L 标记只看最远手性碳：与 R/S 体系独立，不要混淆• 变旋的本质是 α/β 端基异构体的互变平衡：通过微量开链形式实现• D-吡喃葡萄糖的 β 型比 α 型更稳定：β 型的端基 —OH 处于平伏键• 不发生变旋 = 端基 OH 被保护：糖苷、非还原二糖（蔗糖）无变旋• Haworth 式是半平面投影：上下方代表环平面的两侧，不代表前后（与 Fischer 不同）"
"糖的构型与变旋 的关键结论有哪些？","• D/L 标记只看最远手性碳：与 R/S 体系独立，不要混淆• 变旋的本质是 α/β 端基异构体的互变平衡：通过微量开链形式实现• D-吡喃葡萄糖的 β 型比 α 型更稳定：β 型的端基 —OH 处于平伏键• 不发生变旋 = 端基 OH 被保护：糖苷、非还原二糖（蔗糖）无变旋• Haworth 式是半平面投影：上下方代表环平面的两侧，不代表前后（与 Fischer 不同）","有机化学 特殊体系 糖的构型与变旋 rc_30d 化竞 糖化学 D/L构型 变旋","Chem::Core","[[糖的构型与变旋]]","30d","总结卡","糖的构型指单糖分子中手性碳原子的空间排布，通常用 D/L 标记法表示。由于单糖分子含有多个手性中心，其构型由离羰基最远的那个手性碳（即编号最大的手性碳）上的羟基方向决定。"
"糖的构型与变旋 有哪些常见易错点？","|  错误  |  原因  |  纠正  |  课堂提问  | 
 | :--- | :--- | :--- | :--- | 
 |  ""D/L 与 R/S 有对应关系""  |  混淆两套标记系统  |  D/L 和 R/S 完全独立，不要试图对应  |  D-葡萄糖的 C2 是 R 还是 S？（需要计算，不是固定的） | 
 |  ""α/β 判定与 D/L 无关""  |  忽略关联  |  α/β 判定需结合 D/L：对 D-糖，端基 —OH 在 Haworth 上方为 β  |  L-糖的 α/β 判定与 D-糖相同还是相反？  | 
 |  ""Haworth 上下 = Fischer 前后""  |  误解投影规则  |  Haworth 是半平面投影，上下不代表前后；Fischer 是前后投影  |  Fischer 式右侧的基团在 Haworth 式中在哪边？  | 
 |  ""所有糖都变旋""  |  忽略糖苷  |  只有含游离端基 OH 的糖才变旋；糖苷和非还原糖不变旋  |  蔗糖有变旋现象吗？为什么？  | 
 |  ""α 型总是比 β 型稳定""  |  不了解构象分析  |  对 D-吡喃葡萄糖，β 型更稳定（端基 —OH 在平伏键） |  α 和 β 哪个更稳定？为什么？  |","有机化学 特殊体系 糖的构型与变旋 rc_30d 化竞 糖化学 D/L构型 变旋","Chem::Core","[[糖的构型与变旋]]","30d","易错点卡","糖的构型指单糖分子中手性碳原子的空间排布，通常用 D/L 标记法表示。由于单糖分子含有多个手性中心，其构型由离羰基最远的那个手性碳（即编号最大的手性碳）上的羟基方向决定。"
"什么是系统命名法？","系统命名法（IUPAC Nomenclature）是由国际纯粹与应用化学联合会（International Union of Pure and Applied Chemistry）制定的有机化合物标准化命名规则。其目标是为每个有机化合物提供唯一、明确、可推导的名称，避免俗名的歧义性和地域性。","有机化学 结构基础 系统命名法 rc_30d 化竞 命名 IUPAC 系统命名","Chem::Core","[[系统命名法]]","30d","概念卡","关键结论：
• 母体选择 = 最高优先官能团 + 最长碳链：这是命名的第一步也是最关键的一步• 编号优先满足高优先官能团：即使取代基位次会因此变大• 取代基按字母顺序排列：di-, tri-, tetra- 等数量前缀不参与字母排序• 立体化学标记放在名称最前面：R/S, E/"
"系统命名法 的关键结论有哪些？","• 母体选择 = 最高优先官能团 + 最长碳链：这是命名的第一步也是最关键的一步• 编号优先满足高优先官能团：即使取代基位次会因此变大• 取代基按字母顺序排列：di-, tri-, tetra- 等数量前缀不参与字母排序• 立体化学标记放在名称最前面：R/S, E/","有机化学 结构基础 系统命名法 rc_30d 化竞 命名 IUPAC 系统命名","Chem::Core","[[系统命名法]]","30d","总结卡","系统命名法（IUPAC Nomenclature）是由国际纯粹与应用化学联合会（International Union of Pure and Applied Chemistry）制定的有机化合物标准化命名规则。其目标是为每个有机化合物提供唯一、明确、可推导的名称，避免俗名的歧义性和地域性。"
"系统命名法 有哪些常见易错点？","|  错误  |  原因  |  纠正  |  课堂提问  | 
 | :--- | :--- | :--- | :--- | 
 |  ""主链只选直链""  |  忽略支链可能更长  |  主链是含最高优先官能团的最长碳链，不一定是直链  |  某分子主链是否一定要是直链？  | 
 |  ""编号使取代基位次和最小""  |  忽略官能团优先级  |  先满足高优先官能团位次最小，再考虑取代基  |  同时有 —OH 和 C=O，应从哪端编号？  | 
 |  ""di-, tri- 参与字母排序""  |  误解排序规则  |  数量前缀不参与字母排序；按取代基本身字母排序  |  dimethyl 和 ethyl 哪个排前面？  | 
 |  ""俗名不能用于竞赛""  |  过度严格  |  竞赛接受系统命名，但需认识常见俗名  |  醋酸的系统名是什么？  | 
 |  ""二环化合物编号随意""  |  不了解桥环规则  |  从桥头碳开始，沿最长桥 → 次长桥 → 最短桥  |  bicyclo[2.2.1]庚烷的编号顺序？  | 
 |  ""立体标记放在名称中间""  |  位置错误  |  R/S, E/","有机化学 结构基础 系统命名法 rc_30d 化竞 命名 IUPAC 系统命名","Chem::Core","[[系统命名法]]","30d","易错点卡","系统命名法（IUPAC Nomenclature）是由国际纯粹与应用化学联合会（International Union of Pure and Applied Chemistry）制定的有机化合物标准化命名规则。其目标是为每个有机化合物提供唯一、明确、可推导的名称，避免俗名的歧义性和地域性。"
"什么是缩合反应？","缩合反应（Condensation Reaction）：两个或多个分子通过形成新的碳-碳键（或碳-杂原子键）结合成一个较大分子的反应，通常伴随小分子（如H₂O、ROH、NH₃等）的消除。在有机化学中，缩合反应特指以烯醇/烯胺等价物为亲核体、以羰基/亚胺正离子为亲电体的C-C键形成反应。","有机化学 有机反应 缩合反应 rc_30d 化竞 Aldol缩合 Mannich反应","Chem::Core","[[缩合反应]]","30d","概念卡","关键结论：
• 烯醇化学是缩合反应的内功：不管Aldol/Mannich/Knoevenagel/Reformatsky，核心都是烯醇/烯醇等价物对亲电羰基的加成• 反式迁移不是背的，是推的：Beckmann重排的反式规则，画出肟的构型，标出与OH反式的基团，自然得到迁移基团• B-V迁移优先级有规律：给电子基更愿意迁移（稳定过渡态正电荷）→ 取代基多的基团优先• Robinson = Michael + Aldol串联：两步反应一锅做，产物是环己烯酮——甾体骨架的""万能前体""• Baldwin规则是合成设计的预判器：在遇到分子内环化时，先标出Exo/Endo和Tet/Trig/Dig，再查表判断• 重排反应的核心是迁移基团的立体电子需求：Beckmann（反式迁移）、B-V（迁移优先级）、Favorskii（环丙酮开环）——看似不同，本质都是""哪个键/基团更容易迁移""

---"
"缩合反应 的关键结论有哪些？","• 烯醇化学是缩合反应的内功：不管Aldol/Mannich/Knoevenagel/Reformatsky，核心都是烯醇/烯醇等价物对亲电羰基的加成• 反式迁移不是背的，是推的：Beckmann重排的反式规则，画出肟的构型，标出与OH反式的基团，自然得到迁移基团• B-V迁移优先级有规律：给电子基更愿意迁移（稳定过渡态正电荷）→ 取代基多的基团优先• Robinson = Michael + Aldol串联：两步反应一锅做，产物是环己烯酮——甾体骨架的""万能前体""• Baldwin规则是合成设计的预判器：在遇到分子内环化时，先标出Exo/Endo和Tet/Trig/Dig，再查表判断• 重排反应的核心是迁移基团的立体电子需求：Beckmann（反式迁移）、B-V（迁移优先级）、Favorskii（环丙酮开环）——看似不同，本质都是""哪个键/基团更容易迁移""

---","有机化学 有机反应 缩合反应 rc_30d 化竞 Aldol缩合 Mannich反应","Chem::Core","[[缩合反应]]","30d","总结卡","缩合反应（Condensation Reaction）：两个或多个分子通过形成新的碳-碳键（或碳-杂原子键）结合成一个较大分子的反应，通常伴随小分子（如H₂O、ROH、NH₃等）的消除。在有机化学中，缩合反应特指以烯醇/烯胺等价物为亲核体、以羰基/亚胺正离子为亲电体的C-C键形成反应。"
"缩合反应 有哪些常见易错点？","• Beckmann重排的构型判断• 错误：死记""反式迁移""而不画结构• 正确：画出肟的构型，明确标出与OH反式的基团• B-V迁移优先级的混淆• 错误：认为烷基总比芳基容易迁移• 正确：给电子能力决定迁移优先级，苯基 > 伯烷基 > 甲基• Aldol反应条件的选择• 错误：所有Aldol都用强碱• 正确：根据底物敏感性选择酸/碱/硅醚法；Mukaiyama Aldol适用于碱敏感底物• Robinson环化的机理拆分• 错误：将Robinson视为单步反应• 正确：必须能写出Michael加成 → 分子内Aldol → 脱水的分步机理• 交叉缩合的产物复杂性• 错误：两种不同醛混合进行Aldol只得到一种产物• 正确：交叉Aldol可能得到四种产物，需通过控制烯醇盐形成或选择无α-H的醛来简化

---","有机化学 有机反应 缩合反应 rc_30d 化竞 Aldol缩合 Mannich反应","Chem::Core","[[缩合反应]]","30d","易错点卡","缩合反应（Condensation Reaction）：两个或多个分子通过形成新的碳-碳键（或碳-杂原子键）结合成一个较大分子的反应，通常伴随小分子（如H₂O、ROH、NH₃等）的消除。在有机化学中，缩合反应特指以烯醇/烯胺等价物为亲核体、以羰基/亚胺正离子为亲电体的C-C键形成反应。"
"什么是缩聚反应？","缩聚反应（Condensation Polymerization）：由含有两个或两个以上官能团的单体通过缩合反应相互连接，形成高分子链的反应。反应过程中伴随小分子副产物（如 H₂O、HCl、NH₃、醇等）的生成。","有机化学 高分子化学 缩聚反应 rc_30d 化竞 高分子 聚合反应","Chem::Core","[[缩聚反应]]","30d","概念卡",""
"什么是缩醛？","缩醛（Acetal）：醛或酮与两分子醇在酸催化下反应生成的产物，分子中含有两个烷氧基（-OR）连接在同一碳原子上。","有机化学 亲核加成反应 缩醛 rc_30d 化竞 基础要求 保护基","Chem::Core","[[缩醛]]","30d","概念卡",""
"什么是羧酸？","羧酸 是含有 羧基（—COOH） 的有机化合物，通式为 R—COOH。羧基由羰基（C=O）和羟基（—OH）直接相连而成，是含氧官能团中酸性最强的。","有机化学 含氧官能团 羧酸 rc_90d 化竞 羧基","Chem::Review","[[羧酸]]","90d","概念卡",""
"什么是羧酸衍生物？","羧酸衍生物是指羧酸分子中 -OH 被其他基团取代后形成的一类化合物，通式为 \mathrm{R-CO-L}，其中 L 为离去基团。","有机化学 羰基化合物 羧酸衍生物 rc_30d 化竞 酰基取代 酯","Chem::Core","[[羧酸衍生物]]","30d","概念卡","关键结论：
• 活性顺序：酰卤 > 酸酐 > 酯 > 酰胺（亲核取代）
• 低活性 → 高活性需要强试剂（酰胺 → 酰氯需 \mathrm{SOCl_2}）；高活性 → 低活性只需弱亲核试剂（酰氯 + ROH → 酯）
• 酯的碱性水解不可逆（皂化），酸性水解可逆（Fischer 酯化）
• 酰胺是羧酸衍生物中活性最低、但氮上氢有酸性（pKa ~15-17）
• 羧酸 + 胺通常先成盐，不是高效直接酰胺化条件"
"羧酸衍生物 的关键结论有哪些？","• 活性顺序：酰卤 > 酸酐 > 酯 > 酰胺（亲核取代）
• 低活性 → 高活性需要强试剂（酰胺 → 酰氯需 \mathrm{SOCl_2}）；高活性 → 低活性只需弱亲核试剂（酰氯 + ROH → 酯）
• 酯的碱性水解不可逆（皂化），酸性水解可逆（Fischer 酯化）
• 酰胺是羧酸衍生物中活性最低、但氮上氢有酸性（pKa ~15-17）
• 羧酸 + 胺通常先成盐，不是高效直接酰胺化条件","有机化学 羰基化合物 羧酸衍生物 rc_30d 化竞 酰基取代 酯","Chem::Core","[[羧酸衍生物]]","30d","总结卡","羧酸衍生物是指羧酸分子中 -OH 被其他基团取代后形成的一类化合物，通式为 \mathrm{R-CO-L}，其中 L 为离去基团。"
"羧酸衍生物 有哪些常见易错点？","|  错误  |  原因  |  纠正  |  课堂提问  | 
 | :--- | :--- | :--- | :--- | 
 |  认为酯的酸水解和碱水解都不可逆  |  忽略产物状态  |  碱水解不可逆（羧酸根稳定）；酸水解可逆（需除水） |  为何皂化反应不可逆？  | 
 |  混淆酰氯和酸酐的活性  |  两者都高活性  |  酰氯 > 酸酐；酸酐醇解更温和、选择性更好  |  何时选酸酐而非酰氯？  | 
 |  酰胺直接与醇反应制酯  |  酰胺活性太低  |  酰胺需先水解为羧酸，再酯化；或极端条件  |  酰胺→酯的最短路线？  | 
 |  忽略酰亚胺的酸性  |  误认为酰胺无酸性  |  邻苯二甲酰亚胺 N-H pKa ~8，可与碱成盐  |  Gabriel 合成为何用酰亚胺？  |","有机化学 羰基化合物 羧酸衍生物 rc_30d 化竞 酰基取代 酯","Chem::Core","[[羧酸衍生物]]","30d","易错点卡","羧酸衍生物是指羧酸分子中 -OH 被其他基团取代后形成的一类化合物，通式为 \mathrm{R-CO-L}，其中 L 为离去基团。"
"什么是羰基α位烷基化？","羰基α位烷基化是指在碱作用下，羰基化合物（醛、酮、酯）α-位碳去质子形成烯醇盐（enolate），随后烯醇盐作为亲核试剂进攻卤代烃（或其他亲电试剂），在 α-位引入烷基的反应。","有机化学 基础要求-有机化学 反应类型 羰基α位烷基化 rc_30d 化竞 羰基化合物 烷基化 烯醇盐","Chem::Core","[[羰基α位烷基化]]","30d","概念卡","关键结论：
4.1 反应成功的四要素• 足够的烯醇盐浓度 → 强碱 + 无水条件• 合适的亲电试剂 → 1°/2° RX，避免 3°（消除竞争）• 避免 O-烷基化 → 烯醇盐有两个亲核位点（C 和 O），极性非质子溶剂有利于 C-烷基化• 控制聚合/二聚 → 过量碱或 RX 可能导致多烷基化

4.2 与 Aldol 的竞争• 烯醇盐 + RX → α-烷基化（SN2）• 烯醇盐 + 羰基 → Aldol 缩合（亲核加成）

控制方法：先 fully 形成烯醇盐，再一次性加入 RX；或预先硅基化保护（烯醇硅醚）后再反应。"
"羰基α位烷基化 的关键结论有哪些？","4.1 反应成功的四要素• 足够的烯醇盐浓度 → 强碱 + 无水条件• 合适的亲电试剂 → 1°/2° RX，避免 3°（消除竞争）• 避免 O-烷基化 → 烯醇盐有两个亲核位点（C 和 O），极性非质子溶剂有利于 C-烷基化• 控制聚合/二聚 → 过量碱或 RX 可能导致多烷基化

4.2 与 Aldol 的竞争• 烯醇盐 + RX → α-烷基化（SN2）• 烯醇盐 + 羰基 → Aldol 缩合（亲核加成）

控制方法：先 fully 形成烯醇盐，再一次性加入 RX；或预先硅基化保护（烯醇硅醚）后再反应。","有机化学 基础要求-有机化学 反应类型 羰基α位烷基化 rc_30d 化竞 羰基化合物 烷基化 烯醇盐","Chem::Core","[[羰基α位烷基化]]","30d","总结卡","羰基α位烷基化是指在碱作用下，羰基化合物（醛、酮、酯）α-位碳去质子形成烯醇盐（enolate），随后烯醇盐作为亲核试剂进攻卤代烃（或其他亲电试剂），在 α-位引入烷基的反应。"
"羰基α位烷基化 有哪些常见易错点？","• 用 NaOH 或 KOH 做碱 → 这些碱不够强，无法充分去质子普通酮（pKa ~20），产率极低• 3° 卤代烷 → 主要发生 E2 消除，不是 SN2 烷基化• 忘记区分动力学/热力学条件 → 导致产物结构判断错误• 醛的 α-烷基化 → 实际上在竞赛中几乎不用，因为 Aldol 竞争太严重","有机化学 基础要求-有机化学 反应类型 羰基α位烷基化 rc_30d 化竞 羰基化合物 烷基化 烯醇盐","Chem::Core","[[羰基α位烷基化]]","30d","易错点卡","羰基α位烷基化是指在碱作用下，羰基化合物（醛、酮、酯）α-位碳去质子形成烯醇盐（enolate），随后烯醇盐作为亲核试剂进攻卤代烃（或其他亲电试剂），在 α-位引入烷基的反应。"
"什么是羰基亲核加成？","羰基亲核加成：亲核试剂进攻羰基碳（C=O），π 键断裂，形成新的 σ 键的加成反应。","有机化学 加成反应 羰基亲核加成 rc_30d 化竞 羰基 亲核加成 醛","Chem::Core","[[羰基亲核加成]]","30d","概念卡",""
"什么是联烯化学？","联烯（allene，又称丙二烯或累积二烯）是一类含有两个累积双键（C=C=C）的化合物，通式为 R₂C=C=CR₂。联烯的中心碳为 sp 杂化，两个末端碳为 sp2 杂化，三个碳呈线性排列，但两个 π 键相互垂直。","有机化学 有机合成 联烯化学 rc_30d 化竞 联烯 累积双键","Chem::Core","[[联烯化学]]","30d","概念卡","关键结论：
• 联烯的手性轴使其成为不对称合成中的重要砌块。• 联烯的反应性介于烯烃和炔烃之间，兼具两者的特征。• ABOC 第11章（Mutilin 全合成）将联烯化学作为核心考查点，涉及 TMS-EBX 试剂构建联烯和立体控制。• 联烯在金属催化下可发生丰富的环化反应，是构建复杂环系的重要策略。"
"联烯化学 的关键结论有哪些？","• 联烯的手性轴使其成为不对称合成中的重要砌块。• 联烯的反应性介于烯烃和炔烃之间，兼具两者的特征。• ABOC 第11章（Mutilin 全合成）将联烯化学作为核心考查点，涉及 TMS-EBX 试剂构建联烯和立体控制。• 联烯在金属催化下可发生丰富的环化反应，是构建复杂环系的重要策略。","有机化学 有机合成 联烯化学 rc_30d 化竞 联烯 累积双键","Chem::Core","[[联烯化学]]","30d","总结卡","联烯（allene，又称丙二烯或累积二烯）是一类含有两个累积双键（C=C=C）的化合物，通式为 R₂C=C=CR₂。联烯的中心碳为 sp 杂化，两个末端碳为 sp2 杂化，三个碳呈线性排列，但两个 π 键相互垂直。"
"联烯化学 有哪些常见易错点？","• 忽视联烯的手性轴，在判断光学活性时遗漏。• 混淆联烯与炔烃的反应性差异。","有机化学 有机合成 联烯化学 rc_30d 化竞 联烯 累积双键","Chem::Core","[[联烯化学]]","30d","易错点卡","联烯（allene，又称丙二烯或累积二烯）是一类含有两个累积双键（C=C=C）的化合物，通式为 R₂C=C=CR₂。联烯的中心碳为 sp 杂化，两个末端碳为 sp2 杂化，三个碳呈线性排列，但两个 π 键相互垂直。"
"什么是聚硫酯结构？","聚硫酯（polythioester）是一类主链中含有硫酯键（–C(=O)–S–）的高分子化合物，可视为聚酯中酯键的氧原子被硫原子取代的产物。硫酯键的存在赋予聚硫酯与聚酯不同的物理化学性质，如更高的折射率、不同的降解行为和特殊的配位能力。","有机化学 有机结构 聚硫酯结构 rc_30d 化竞 高分子 硫酯","Chem::Core","[[聚硫酯结构]]","30d","概念卡","关键结论：
• 聚硫酯可通过环状硫酯的活性开环聚合制备，分子量可控。• 34届初赛第4题系统考察了环状单体的开环聚合：• 第4-1题：环张力是开环聚合的热力学驱动力。• 第4-2题：苄硫醇引发活性开环聚合，产物为聚酯/聚硫酯结构。• 第4-3题：聚合平衡常数与平均聚合度的计算。• 第4-4题：提高单体转化率的方法（降低温度、移除产物、增加单体浓度）。• 聚硫酯在功能高分子和生物医用材料领域有潜在应用。"
"聚硫酯结构 的关键结论有哪些？","• 聚硫酯可通过环状硫酯的活性开环聚合制备，分子量可控。• 34届初赛第4题系统考察了环状单体的开环聚合：• 第4-1题：环张力是开环聚合的热力学驱动力。• 第4-2题：苄硫醇引发活性开环聚合，产物为聚酯/聚硫酯结构。• 第4-3题：聚合平衡常数与平均聚合度的计算。• 第4-4题：提高单体转化率的方法（降低温度、移除产物、增加单体浓度）。• 聚硫酯在功能高分子和生物医用材料领域有潜在应用。","有机化学 有机结构 聚硫酯结构 rc_30d 化竞 高分子 硫酯","Chem::Core","[[聚硫酯结构]]","30d","总结卡","聚硫酯（polythioester）是一类主链中含有硫酯键（–C(=O)–S–）的高分子化合物，可视为聚酯中酯键的氧原子被硫原子取代的产物。硫酯键的存在赋予聚硫酯与聚酯不同的物理化学性质，如更高的折射率、不同的降解行为和特殊的配位能力。"
"聚硫酯结构 有哪些常见易错点？","• 混淆聚硫酯与聚酯的结构差异。• 忽视硫酯键的水解敏感性。","有机化学 有机结构 聚硫酯结构 rc_30d 化竞 高分子 硫酯","Chem::Core","[[聚硫酯结构]]","30d","易错点卡","聚硫酯（polythioester）是一类主链中含有硫酯键（–C(=O)–S–）的高分子化合物，可视为聚酯中酯键的氧原子被硫原子取代的产物。硫酯键的存在赋予聚硫酯与聚酯不同的物理化学性质，如更高的折射率、不同的降解行为和特殊的配位能力。"
"什么是肽键？","肽键（peptide bond）是连接两个氨基酸的酰胺键（amide linkage），由一个氨基酸的 α-羧基与另一个氨基酸的 α-氨基脱水缩合形成。","有机化学 特殊体系 肽键 rc_90d 化竞 蛋白质 酰胺","Chem::Review","[[肽键]]","90d","概念卡","关键结论：
• 肽键 = 酰胺键，因共振而平面、刚性、反式优先。• C–N 不可自由旋转是蛋白质折叠的核心约束条件。• 反式构型占绝对主导（>99.9%），仅在 X-Pro 处顺式比例略高。• 肽键水解是蛋白质降解 / 多肽合成的逆过程，实验室中需活化羧基才能高效成肽。"
"肽键 的关键结论有哪些？","• 肽键 = 酰胺键，因共振而平面、刚性、反式优先。• C–N 不可自由旋转是蛋白质折叠的核心约束条件。• 反式构型占绝对主导（>99.9%），仅在 X-Pro 处顺式比例略高。• 肽键水解是蛋白质降解 / 多肽合成的逆过程，实验室中需活化羧基才能高效成肽。","有机化学 特殊体系 肽键 rc_90d 化竞 蛋白质 酰胺","Chem::Review","[[肽键]]","90d","总结卡","肽键（peptide bond）是连接两个氨基酸的酰胺键（amide linkage），由一个氨基酸的 α-羧基与另一个氨基酸的 α-氨基脱水缩合形成。"
"什么是胺的化学？","胺（Amine）：氨分子（NH₃）中的一个或多个氢原子被烃基取代形成的化合物。","有机化学 含氮化合物 胺的化学 rc_30d 化竞 胺 人名反应","Chem::Core","[[胺的化学]]","30d","概念卡","关键结论：
4.1 胺的碱性定量

 |  化合物  |  pKb  |  说明  | 
 | :--- | :---: | :--- | 
 |  甲胺  |  3.4  |  脂肪胺典型值  | 
 |  二甲胺  |  3.2  |  2°胺碱性最强  | 
 |  三甲胺  |  4.2  |  3°胺溶剂化效应减弱  | 
 |  苯胺  |  9.4  |  芳胺碱性显著弱于脂肪胺  | 
 |  对甲氧基苯胺  |  8.7  |  给电子基增强碱性  | 
 |  对硝基苯胺  |  11.2  |  吸电子基减弱碱性  | 

4.2 消除规则对比

 |  规则  |  产物  |  控制因素  |  典型反应  | 
 | :--- | :--- | :--- | :--- | 
 |  **"
"胺的化学 的关键结论有哪些？","4.1 胺的碱性定量

 |  化合物  |  pKb  |  说明  | 
 | :--- | :---: | :--- | 
 |  甲胺  |  3.4  |  脂肪胺典型值  | 
 |  二甲胺  |  3.2  |  2°胺碱性最强  | 
 |  三甲胺  |  4.2  |  3°胺溶剂化效应减弱  | 
 |  苯胺  |  9.4  |  芳胺碱性显著弱于脂肪胺  | 
 |  对甲氧基苯胺  |  8.7  |  给电子基增强碱性  | 
 |  对硝基苯胺  |  11.2  |  吸电子基减弱碱性  | 

4.2 消除规则对比

 |  规则  |  产物  |  控制因素  |  典型反应  | 
 | :--- | :--- | :--- | :--- | 
 |  **","有机化学 含氮化合物 胺的化学 rc_30d 化竞 胺 人名反应","Chem::Core","[[胺的化学]]","30d","总结卡","胺（Amine）：氨分子（NH₃）中的一个或多个氢原子被烃基取代形成的化合物。"
"胺的化学 有哪些常见易错点？","• 混淆 Hofmann 消除与 Hofmann 重排：前者是季铵碱消除，后者是酰胺降解为胺• 忽略溶剂化效应：气相中 3°胺碱性最强，水溶液中可能 2°或 1°更强• 重氮盐温度控制：忘记 0-5°C 条件，导致分解• Gabriel 合成仅得 1°胺：不能用于制备 2°或 3°胺• 芳胺的 Friedel-Crafts 反应：苯胺碱性太强，与 AlCl₃ 配位，无法进行 F-C 反应• Cope 消除的 syn 立体化学：误用 anti-periplanar 规则分析 Cope 消除","有机化学 含氮化合物 胺的化学 rc_30d 化竞 胺 人名反应","Chem::Core","[[胺的化学]]","30d","易错点卡","胺（Amine）：氨分子（NH₃）中的一个或多个氢原子被烃基取代形成的化合物。"
"什么是脂肪酸生物合成？","脂肪酸生物合成是生物体以乙酰 CoA 为基本单元，通过 iterative 缩合-还原-消除-还原循环构建长链脂肪酸的代谢通路。产物特征：**直链、偶数碳、无分支、","有机化学 特殊体系 脂肪酸生物合成 rc_90d 化竞 生物合成 脂肪酸 辅酶A","Chem::Review","[[脂肪酸生物合成]]","90d","概念卡",""
"什么是膦化合物？","膦化合物（Phosphorus Compounds） 是指含 P-C 键 的有机化合物。磷与氮同族，但原子半径更大、电负性更低，导致膦化合物的性质与胺类有显著差异。","有机化学 有机磷化学 膦化合物 rc_30d 化竞 膦叶立德 Wittig反应","Chem::Core","[[膦化合物]]","30d","概念卡","关键结论：
• 膦亲核性 >> 胺 —— P 原子大、可极化性高、孤对电子弥散
• P=O 形成是强驱动力 —— Wittig、Arbuzov、Mitsunobu 等反应的核心动力
• Wittig 反应选择性：
• 非稳定化叶立德 + 醛 →"
"膦化合物 的关键结论有哪些？","• 膦亲核性 >> 胺 —— P 原子大、可极化性高、孤对电子弥散
• P=O 形成是强驱动力 —— Wittig、Arbuzov、Mitsunobu 等反应的核心动力
• Wittig 反应选择性：
• 非稳定化叶立德 + 醛 →","有机化学 有机磷化学 膦化合物 rc_30d 化竞 膦叶立德 Wittig反应","Chem::Core","[[膦化合物]]","30d","总结卡","膦化合物（Phosphorus Compounds） 是指含 P-C 键 的有机化合物。磷与氮同族，但原子半径更大、电负性更低，导致膦化合物的性质与胺类有显著差异。"
"膦化合物 有哪些常见易错点？","|  错误  |  原因  |  纠正  |  课堂提问  | 
 | :--- | :--- | :--- | :--- | 
 |  认为 Wittig 反应总是 E-选择性  |  混淆稳定化/非稳定化  |  非稳定化 →","有机化学 有机磷化学 膦化合物 rc_30d 化竞 膦叶立德 Wittig反应","Chem::Core","[[膦化合物]]","30d","易错点卡","膦化合物（Phosphorus Compounds） 是指含 P-C 键 的有机化合物。磷与氮同族，但原子半径更大、电负性更低，导致膦化合物的性质与胺类有显著差异。"
"什么是膦化学？","膦化学（phosphorus chemistry）研究含磷有机化合物的结构、性质和反应。在有机合成中，膦化合物主要作为亲核试剂、配体和还原剂使用。三价膦（R₃P）是 Wittig 反应、Mitsunobu 反应和过渡金属催化偶联反应的核心试剂。","有机化学 有机合成 膦化学 rc_30d 化竞 磷 配体","Chem::Core","[[膦化学]]","30d","概念卡","关键结论：
• P=O 键的高键能是理解 Mitsunobu、Wittig 等反应驱动力的关键。• 膦配体在过渡金属催化中不仅是""辅助""，而是直接参与催化循环、控制选择性的核心。• ABOC 第4章 T10（原创）专门考察膦化学基础：PPh₃、P(OR)₃、磷酸酯的性质对比。"
"膦化学 的关键结论有哪些？","• P=O 键的高键能是理解 Mitsunobu、Wittig 等反应驱动力的关键。• 膦配体在过渡金属催化中不仅是""辅助""，而是直接参与催化循环、控制选择性的核心。• ABOC 第4章 T10（原创）专门考察膦化学基础：PPh₃、P(OR)₃、磷酸酯的性质对比。","有机化学 有机合成 膦化学 rc_30d 化竞 磷 配体","Chem::Core","[[膦化学]]","30d","总结卡","膦化学（phosphorus chemistry）研究含磷有机化合物的结构、性质和反应。在有机合成中，膦化合物主要作为亲核试剂、配体和还原剂使用。三价膦（R₃P）是 Wittig 反应、Mitsunobu 反应和过渡金属催化偶联反应的核心试剂。"
"膦化学 有哪些常见易错点？","• 误认为所有 Pd 偶联都用 PPh₃（ABOC 踩坑回流指出此误区）。• 混淆 Wittig 和 HWE 反应的副产物和选择性差异。","有机化学 有机合成 膦化学 rc_30d 化竞 磷 配体","Chem::Core","[[膦化学]]","30d","易错点卡","膦化学（phosphorus chemistry）研究含磷有机化合物的结构、性质和反应。在有机合成中，膦化合物主要作为亲核试剂、配体和还原剂使用。三价膦（R₃P）是 Wittig 反应、Mitsunobu 反应和过渡金属催化偶联反应的核心试剂。"
"什么是自由基？","自由基（Free Radical）：带有未成对电子的中性物种。中心原子（通常为碳）外层有 7 个电子，通过超共轭和共轭效应趋于平面化（接近 sp² 杂化）。","有机化学 活性中间体 自由基 rc_30d 化竞 单电子反应","Chem::Core","[[自由基]]","30d","概念卡","关键结论：
• 自由基稳定性 5 规则是核心判据——尤其注意""离域 > 叔""与碳正离子的区别
• 链式反应三段式必须掌握——引发、链转移、链终止
• 过氧化物效应 = 反马氏 HBr 加成——自由基加成决定方向
• NBS 是""溴单质均匀释放器""——维持低浓度 Br₂，避免加成副反应
• 氧化性/还原性自由基的判别是竞赛新考点——α 效应类比法

---"
"自由基 的关键结论有哪些？","• 自由基稳定性 5 规则是核心判据——尤其注意""离域 > 叔""与碳正离子的区别
• 链式反应三段式必须掌握——引发、链转移、链终止
• 过氧化物效应 = 反马氏 HBr 加成——自由基加成决定方向
• NBS 是""溴单质均匀释放器""——维持低浓度 Br₂，避免加成副反应
• 氧化性/还原性自由基的判别是竞赛新考点——α 效应类比法

---","有机化学 活性中间体 自由基 rc_30d 化竞 单电子反应","Chem::Core","[[自由基]]","30d","总结卡","自由基（Free Radical）：带有未成对电子的中性物种。中心原子（通常为碳）外层有 7 个电子，通过超共轭和共轭效应趋于平面化（接近 sp² 杂化）。"
"自由基 有哪些常见易错点？","• ❌ 把自由基稳定性顺序照搬碳正离子 → 自由基：烯丙基 > 叔；碳正离子：叔 > 烯丙基
• ❌ 认为所有 HX 都有反马氏加成 → 仅 HBr，HF/HCl/HI 不行
• ❌ NBS 反应中把产物写成加成产物 → NBS 是取代（烯丙位），不是加成
• ❌ 忽略 O₂ 对自由基反应的抑制 → 空气中做自由基反应常失败
• ❌ 链终止写成离子型反应 → 终止是两个自由基相遇（偶联或歧化）
• ❌ 认为持久自由基不反应 → TEMPO 虽稳定，但仍可氧化醇 → TEMPO/NaOCl 是温和氧化体系
• ❌ 氧化性/还原性判别只看原子电负性 → 整体电荷和周围基团同样重要（如 ·O₂⁻）
• ❌ 自由基取代位置选择性记混 → 自由基：3° > 2° > 1°，但烯丙位/苄位因离域而优先
• ❌ Barton 反应的 [1,5]-H 迁移记成 [1,3] 或 [1,7] → Barton 反应特指 [1,5]-H 迁移（六元环过渡态），[1,3] 不利，[1,7] 几何不利
• ❌ 自由基环化只考虑产物自由基稳定性 → 5-exo-trig 动力学优先，即使生成的自由基稳定性不如 6-endo
• ❌ 忽略 Barton-McCombie 脱氧与 Barton 反应的区别 → Barton 反应 = 远程官能团化（生成肟）；Barton-McCombie = 脱氧（醇 → 烷烃）

---","有机化学 活性中间体 自由基 rc_30d 化竞 单电子反应","Chem::Core","[[自由基]]","30d","易错点卡","自由基（Free Radical）：带有未成对电子的中性物种。中心原子（通常为碳）外层有 7 个电子，通过超共轭和共轭效应趋于平面化（接近 sp² 杂化）。"
"什么是自由基取代？","自由基取代（Free Radical Substitution, SR） 是指通过中性自由基中间体进行的取代反应，其通式为：","有机化学 具体反应 自由基取代 rc_30d 化竞 自由基 取代反应","Chem::Core","[[自由基取代]]","30d","概念卡","关键结论：
• 选择性：Br₂ >> Cl₂ > F₂（F₂ 过于剧烈，爆炸性；I₂ 太慢，可逆）• NBS 是烯丙基溴代的理想试剂：低浓度 Br₂ 原位生成，避免双键加成竞争• 过氧化物效应只适用于 HBr：H-Cl 键太强（BDE 431 kJ/mol），I· 太不稳定，均不能有效链增长• 自由基取代可与消除竞争：高温下 β-断裂（ fragmentation）可能占优• 溶剂对自由基反应影响小：非极性溶剂即可；极性溶剂反而可能淬灭自由基"
"自由基取代 的关键结论有哪些？","• 选择性：Br₂ >> Cl₂ > F₂（F₂ 过于剧烈，爆炸性；I₂ 太慢，可逆）• NBS 是烯丙基溴代的理想试剂：低浓度 Br₂ 原位生成，避免双键加成竞争• 过氧化物效应只适用于 HBr：H-Cl 键太强（BDE 431 kJ/mol），I· 太不稳定，均不能有效链增长• 自由基取代可与消除竞争：高温下 β-断裂（ fragmentation）可能占优• 溶剂对自由基反应影响小：非极性溶剂即可；极性溶剂反而可能淬灭自由基","有机化学 具体反应 自由基取代 rc_30d 化竞 自由基 取代反应","Chem::Core","[[自由基取代]]","30d","总结卡","自由基取代（Free Radical Substitution, SR） 是指通过中性自由基中间体进行的取代反应，其通式为："
"自由基取代 有哪些常见易错点？","|  错误  |  原因  |  纠正  |  课堂提问  | 
 | :--- | :--- | :--- | :--- | 
 |  把 NBS 当成直接提供 Br· 的试剂  |  未理解 NBS 的 ""Br₂ 缓冲"" 机制  |  NBS 通过 N-Br 键均裂或水解 维持极低 [Br₂]；真正夺 H 的是 Br·  |  为什么不用 Br₂ 直接做烯丙基溴代？  | 
 |  过氧化物效应用于 HCl 和 HI  |  只记 ""ROOR → 反马氏""  |  只有 HBr 可行；HCl 的 Cl· 夺 H 太慢，HI 的 I· 不稳定且 H-I 键弱  |  从键能角度解释为什么 HCl 不能有过氧化物效应？  | 
 |  忽略高温对选择性的破坏  |  认为选择性是常数  |  高温 → 活化能差异被 RT 稀释 → 选择性下降  |  工业上烷烃氯代为什么高温进行？选择性如何？  | 
 |  自由基取代画成离子型箭头  |  混淆鱼钩箭头与双钩箭头  |  自由基步骤用 单电子箭头（fishhook）：一个半箭头表示单电子移动  |  链增长步骤中，Cl· 夺 H 时画几个鱼钩箭头？  | 
 |  认为所有光照反应都是自由基  |  忽略光化学离子型反应  |  光也可激发电子到 LUMO 引发离子型反应（如光氧化还原） |  光照下的 [2+2] 环加成是自由基反应吗？  |","有机化学 具体反应 自由基取代 rc_30d 化竞 自由基 取代反应","Chem::Core","[[自由基取代]]","30d","易错点卡","自由基取代（Free Radical Substitution, SR） 是指通过中性自由基中间体进行的取代反应，其通式为："
"什么是臭氧化反应？","臭氧化反应（Ozonolysis）：烯烃或炔烃与臭氧（O₃）反应，使不饱和键彻底断裂的氧化反应。反应经历 1,3-偶极环加成 机理，生成一系列臭氧加成中间体，最终通过后处理得到醛、酮或羧酸。","有机化学 氧化还原 臭氧化反应 rc_30d 化竞 臭氧分解 1,3-偶极环加成","Chem::Core","[[臭氧化反应]]","30d","概念卡","关键结论：
• 臭氧化 = 双键/三键的""剪刀""——在双键处彻底切断碳骨架
• 机理核心 = 两次 [3+2] 环加成——第一次生成一级臭氧化物，第二次生成二级臭氧化物
• 后处理决定产物类型：
• 还原（"
"臭氧化反应 的关键结论有哪些？","• 臭氧化 = 双键/三键的""剪刀""——在双键处彻底切断碳骨架
• 机理核心 = 两次 [3+2] 环加成——第一次生成一级臭氧化物，第二次生成二级臭氧化物
• 后处理决定产物类型：
• 还原（","有机化学 氧化还原 臭氧化反应 rc_30d 化竞 臭氧分解 1,3-偶极环加成","Chem::Core","[[臭氧化反应]]","30d","总结卡","臭氧化反应（Ozonolysis）：烯烃或炔烃与臭氧（O₃）反应，使不饱和键彻底断裂的氧化反应。反应经历 1,3-偶极环加成 机理，生成一系列臭氧加成中间体，最终通过后处理得到醛、酮或羧酸。"
"臭氧化反应 有哪些常见易错点？","• ❌ **只记","有机化学 氧化还原 臭氧化反应 rc_30d 化竞 臭氧分解 1,3-偶极环加成","Chem::Core","[[臭氧化反应]]","30d","易错点卡","臭氧化反应（Ozonolysis）：烯烃或炔烃与臭氧（O₃）反应，使不饱和键彻底断裂的氧化反应。反应经历 1,3-偶极环加成 机理，生成一系列臭氧加成中间体，最终通过后处理得到醛、酮或羧酸。"
"什么是芳香亲核取代？","芳香亲核取代反应（SNAr） 是指亲核试剂进攻芳香环，取代环上离去基（通常为卤素）的反应。与脂肪族亲核取代（SN2/SN1）机理完全不同。","有机化学 具体反应 芳香亲核取代 rc_30d 化竞 芳香取代 SNAr Meisenheimer","Chem::Core","[[芳香亲核取代]]","30d","概念卡","关键结论：
• 加成-消除 SNAr 的活化和定位要求：• EWG 必须在离去基的 邻位或对位（能共轭离域负电荷）• 间位 EWG 不能有效稳定 Meisenheimer 络合物 → 反应极慢• 离去基活性顺序（加成-消除中）：
   \ce{F >> Cl > Br > I}• 与脂肪族 SN2 相反！• 原因：C-F 键的强极性使芳环碳更缺电子，更易受亲核进攻（决速步是加成，不是离去）• 苯炔机理的离去基顺序：
   \ce{F > Cl > Br > I}• F 的强 -I 效应使邻位氢酸性增强 → 消除更快• 同样与脂肪族相反，但原因不同• SNAr 是合成芳醚、芳胺、芳基腈的重要方法• 硝基芳烃是 SNAr 的经典底物：对硝基氟苯是最活泼的 SNAr 底物之一"
"芳香亲核取代 的关键结论有哪些？","• 加成-消除 SNAr 的活化和定位要求：• EWG 必须在离去基的 邻位或对位（能共轭离域负电荷）• 间位 EWG 不能有效稳定 Meisenheimer 络合物 → 反应极慢• 离去基活性顺序（加成-消除中）：
   \ce{F >> Cl > Br > I}• 与脂肪族 SN2 相反！• 原因：C-F 键的强极性使芳环碳更缺电子，更易受亲核进攻（决速步是加成，不是离去）• 苯炔机理的离去基顺序：
   \ce{F > Cl > Br > I}• F 的强 -I 效应使邻位氢酸性增强 → 消除更快• 同样与脂肪族相反，但原因不同• SNAr 是合成芳醚、芳胺、芳基腈的重要方法• 硝基芳烃是 SNAr 的经典底物：对硝基氟苯是最活泼的 SNAr 底物之一","有机化学 具体反应 芳香亲核取代 rc_30d 化竞 芳香取代 SNAr Meisenheimer","Chem::Core","[[芳香亲核取代]]","30d","总结卡","芳香亲核取代反应（SNAr） 是指亲核试剂进攻芳香环，取代环上离去基（通常为卤素）的反应。与脂肪族亲核取代（SN2/SN1）机理完全不同。"
"芳香亲核取代 有哪些常见易错点？","|  错误  |  原因  |  纠正  |  课堂提问  | 
 | :--- | :--- | :--- | :--- | 
 |  ""SNAr 的离去基顺序与 SN2 相同""  |  惯性思维  |  SNAr 决速步是加成，F 的 -I 效应使芳碳最缺电子 → F >> Cl > Br > I  |  为什么对硝基氟苯比对硝基氯苯更容易发生 SNAr？  | 
 |  ""间位 EWG 也能活化 SNAr""  |  不理解 Meisenheimer 络合物  |  间位 EWG 不能共轭离域负电荷 → 几乎不活化  |  3-硝基氯苯与 4-硝基氯苯哪个更容易发生 SNAr？  | 
 |  ""所有芳香亲核取代都走苯炔机理""  |  忽略加成-消除  |  有 EWG 时优先走加成-消除  |  对硝基氯苯在碱下走什么机理？  | 
 |  ""SNAr 不需要碱""  |  概念不清  |  碱用于活化亲核试剂和中和 HX  |  SNAr 反应中碱的作用是什么？  | 
 |  ""苯炔机理只得一种产物""  |  忽略不对称性  |  不对称苯炔 → 混合物  |  间溴甲苯 + NaNH₂ 得到几种产物？  |","有机化学 具体反应 芳香亲核取代 rc_30d 化竞 芳香取代 SNAr Meisenheimer","Chem::Core","[[芳香亲核取代]]","30d","易错点卡","芳香亲核取代反应（SNAr） 是指亲核试剂进攻芳香环，取代环上离去基（通常为卤素）的反应。与脂肪族亲核取代（SN2/SN1）机理完全不同。"
"什么是芳香亲电取代反应？","芳香亲电取代（Electrophilic Aromatic Substitution, SEAr） 是指亲电试剂（E⁺）进攻芳香环，取代环上的氢原子（或其他基团），同时保留芳香体系的反应。是芳香化合物最核心、最典型的反应类型。","有机化学 芳香反应 芳香亲电取代反应 rc_30d 化竞","Chem::Core","[[芳香亲电取代反应]]","30d","概念卡","关键结论：
• 定位效应的本质：取代基通过 诱导效应（I） 和 共轭效应（C） 影响 σ-络合物在邻、间、对位的相对稳定性• 活化基团 = 邻对位定位：给电子基（+I / +C）稳定 σ-络合物的正电荷 → 降低活化能 → 加速反应• 钝化基团 = 间位定位：吸电子基（-I / -C） destabilize σ-络合物 → 提高活化能 → 减速反应• 卤素是特殊钝化但邻对位定位基：-I > +C，整体钝化；但 +C 效应使邻对位的 σ-络合物相对间位更稳定• 多取代苯的定位：活化基团主导；定位一致时加和；定位矛盾时活化基团优先• Friedel-Crafts 烷基化可逆且易重排；酰基化不可逆且无重排 → 合成上更常用酰基化后还原"
"芳香亲电取代反应 的关键结论有哪些？","• 定位效应的本质：取代基通过 诱导效应（I） 和 共轭效应（C） 影响 σ-络合物在邻、间、对位的相对稳定性• 活化基团 = 邻对位定位：给电子基（+I / +C）稳定 σ-络合物的正电荷 → 降低活化能 → 加速反应• 钝化基团 = 间位定位：吸电子基（-I / -C） destabilize σ-络合物 → 提高活化能 → 减速反应• 卤素是特殊钝化但邻对位定位基：-I > +C，整体钝化；但 +C 效应使邻对位的 σ-络合物相对间位更稳定• 多取代苯的定位：活化基团主导；定位一致时加和；定位矛盾时活化基团优先• Friedel-Crafts 烷基化可逆且易重排；酰基化不可逆且无重排 → 合成上更常用酰基化后还原","有机化学 芳香反应 芳香亲电取代反应 rc_30d 化竞","Chem::Core","[[芳香亲电取代反应]]","30d","总结卡","芳香亲电取代（Electrophilic Aromatic Substitution, SEAr） 是指亲电试剂（E⁺）进攻芳香环，取代环上的氢原子（或其他基团），同时保留芳香体系的反应。是芳香化合物最核心、最典型的反应类型。"
"芳香亲电取代反应 有哪些常见易错点？","|  错误  |  原因  |  纠正  |  课堂提问  | 
 | :--- | :--- | :--- | :--- | 
 |  把 -Cl、-Br 当成间位定位基  |  只记 ""吸电子 = 钝化 = m-定位""，忽略卤素的 +C  |  卤素是 o,p-定位但钝化（唯一例外） |  为什么氯苯硝化比苯慢，但仍在邻对位？  | 
 |  多取代苯定位只看最近基团  |  未考虑活化基团优先和加和规则  |  三原则：① 活化基主导；② 一致时加和；③ 矛盾时看相对活化能力  |  间硝基苯酚的溴化主产物在哪？  | 
 |  忽略 F-C 烷基化的重排  |  以为烷基化直接引入直链烷基  |  F-C 烷基化经碳正离子 → 必检查重排  |  如何用 F-C 反应向苯引入正丁基？  | 
 |  认为所有芳环都能发生 F-C  |  未考虑强钝化基的影响  |  含 -NO₂、-CN、-COR 的芳环 不发生 F-C  |  硝基苯为什么不能 Friedel-Crafts 烷基化？  | 
 |  磺化可逆性被忽略  |  只记磺化是 SEAr，忘记可逆  |  磺化是 可逆的；稀酸加热可脱磺酸基，用于占位/保护  |  如何利用磺化的可逆性合成邻溴甲苯？  |","有机化学 芳香反应 芳香亲电取代反应 rc_30d 化竞","Chem::Core","[[芳香亲电取代反应]]","30d","易错点卡","芳香亲电取代（Electrophilic Aromatic Substitution, SEAr） 是指亲电试剂（E⁺）进攻芳香环，取代环上的氢原子（或其他基团），同时保留芳香体系的反应。是芳香化合物最核心、最典型的反应类型。"
"什么是芳香体系中吸电子基作用？","芳香体系中吸电子基（Electron-Withdrawing Group, EWG）是指通过诱导效应（-I）和/或共轭效应（-M）将电子密度从芳环拉走的取代基。EWG 对芳环的化学性质产生系统性影响：降低环电子密度、钝化亲电取代、活化亲核取代、增强芳香酸的酸性。","有机化学 基础要求-有机化学 反应机理 芳香体系中吸电子基作用 rc_30d 化竞 芳香化学 取代基效应 吸电子基","Chem::Core","[[芳香体系中吸电子基作用]]","30d","概念卡","关键结论：
4.1 常见 EWG 强度排序

\ce{-NO2} > \ce{-CF3} > \ce{-CN} > \ce{-SO3H} > \ce{-COOH} \approx \ce{-COOR} \approx \ce{-CHO} \approx \ce{-COR} > \ce{-X}

4.2 EWG 的定位效应（SEAr 中）• 间位定位：EWG 使邻/对位 σ 络合物极不稳定（正电荷落在连有 EWG 的碳上）• 钝化：整个环反应变慢，通常需要更强条件（高温、浓酸）

4.3 EWG 对酸性的增强

 |  化合物  |  pKa  |  原因  | 
 | :--- | :---: | :--- | 
 |  苯酚  |  ~10  |  参考  | 
 |  对硝基苯酚  |  ~7.2  |  -NO₂ 稳定酚氧负离子（-M） | 
 |  邻硝基苯酚  |  ~7.2 + 分子内氢键  |  类似，但邻位有分子内氢键  | 
 |  苯甲酸  |  ~4.2  |  参考  | 
 |  对硝基苯甲酸  |  ~3.4  |  -NO₂ 稳定羧酸根  | 

规律：EWG 越强的位置（邻/对），酸性增强越显著。"
"芳香体系中吸电子基作用 的关键结论有哪些？","4.1 常见 EWG 强度排序

\ce{-NO2} > \ce{-CF3} > \ce{-CN} > \ce{-SO3H} > \ce{-COOH} \approx \ce{-COOR} \approx \ce{-CHO} \approx \ce{-COR} > \ce{-X}

4.2 EWG 的定位效应（SEAr 中）• 间位定位：EWG 使邻/对位 σ 络合物极不稳定（正电荷落在连有 EWG 的碳上）• 钝化：整个环反应变慢，通常需要更强条件（高温、浓酸）

4.3 EWG 对酸性的增强

 |  化合物  |  pKa  |  原因  | 
 | :--- | :---: | :--- | 
 |  苯酚  |  ~10  |  参考  | 
 |  对硝基苯酚  |  ~7.2  |  -NO₂ 稳定酚氧负离子（-M） | 
 |  邻硝基苯酚  |  ~7.2 + 分子内氢键  |  类似，但邻位有分子内氢键  | 
 |  苯甲酸  |  ~4.2  |  参考  | 
 |  对硝基苯甲酸  |  ~3.4  |  -NO₂ 稳定羧酸根  | 

规律：EWG 越强的位置（邻/对），酸性增强越显著。","有机化学 基础要求-有机化学 反应机理 芳香体系中吸电子基作用 rc_30d 化竞 芳香化学 取代基效应 吸电子基","Chem::Core","[[芳香体系中吸电子基作用]]","30d","总结卡","芳香体系中吸电子基（Electron-Withdrawing Group, EWG）是指通过诱导效应（-I）和/或共轭效应（-M）将电子密度从芳环拉走的取代基。EWG 对芳环的化学性质产生系统性影响：降低环电子密度、钝化亲电取代、活化亲核取代、增强芳香酸的酸性。"
"芳香体系中吸电子基作用 有哪些常见易错点？","• 把 -CF₃ 当成 +M 基团 → 实际上 CF₃ 无 π 体系，只有 -I• 认为所有 EWG 都间位定位 → 卤素是例外（邻/对位定位）• SNAr 中按 SN1/SN2 离去基顺序判断 → SNAr 中 F > Cl > Br > I• 忘记多 EWG 的协同效应 → 如 2,4-二硝基氯苯的 SNAr 活性远高于对硝基氯苯","有机化学 基础要求-有机化学 反应机理 芳香体系中吸电子基作用 rc_30d 化竞 芳香化学 取代基效应 吸电子基","Chem::Core","[[芳香体系中吸电子基作用]]","30d","易错点卡","芳香体系中吸电子基（Electron-Withdrawing Group, EWG）是指通过诱导效应（-I）和/或共轭效应（-M）将电子密度从芳环拉走的取代基。EWG 对芳环的化学性质产生系统性影响：降低环电子密度、钝化亲电取代、活化亲核取代、增强芳香酸的酸性。"
"什么是苯炔？","苯炔（Benzyne） 是苯环上相邻两个氢原子被消除后形成的高度活泼的中性活性中间体，含有一个形式上的碳碳三键（实际为高度张力的""扭曲炔键""）。","有机化学 活性中间体 苯炔 rc_30d 化竞","Chem::Core","[[苯炔]]","30d","概念卡","关键结论：
• 苯炔是消除-加成 SNAr 的核心中间体：用于无吸电子基活化的卤代芳烃的亲核取代• 不对称苯炔的加成存在区域选择性问题：亲核试剂倾向于加成到能生成更稳定碳负离子的位置• 苯炔的 D-A 反应是捕获和鉴定它的经典方法：呋喃 + 苯炔 → 氧桥加成物• 苯炔的生成通常需要强碱或高温：反映其高度活泼性• 区域选择性由取代基电子效应控制：吸电子基使邻位碳更易受亲核进攻"
"苯炔 的关键结论有哪些？","• 苯炔是消除-加成 SNAr 的核心中间体：用于无吸电子基活化的卤代芳烃的亲核取代• 不对称苯炔的加成存在区域选择性问题：亲核试剂倾向于加成到能生成更稳定碳负离子的位置• 苯炔的 D-A 反应是捕获和鉴定它的经典方法：呋喃 + 苯炔 → 氧桥加成物• 苯炔的生成通常需要强碱或高温：反映其高度活泼性• 区域选择性由取代基电子效应控制：吸电子基使邻位碳更易受亲核进攻","有机化学 活性中间体 苯炔 rc_30d 化竞","Chem::Core","[[苯炔]]","30d","总结卡","苯炔（Benzyne） 是苯环上相邻两个氢原子被消除后形成的高度活泼的中性活性中间体，含有一个形式上的碳碳三键（实际为高度张力的""扭曲炔键""）。"
"苯炔 有哪些常见易错点？","|  错误  |  原因  |  纠正  |  课堂提问  | 
 | :--- | :--- | :--- | :--- | 
 |  ""苯炔就是苯环上有三键""  |  结构理解不深入  |  苯炔的""三键""是sp² 碳的弱重叠，不是真正炔键  |  苯炔和乙炔的三键有何本质区别？  | 
 |  ""苯炔机理和 SNAr 是同一回事""  |  概念混淆  |  SNAr = 加成-消除（有 Meisenheimer 络合物）；苯炔 = 消除-加成（中间体是苯炔） |  对硝基氯苯与氯苯分别在碱下的反应机理有何不同？  | 
 |  ""所有卤代芳烃在碱下都走苯炔机理""  |  忽略 SNAr 的竞争  |  有强 EWG 时优先走 SNAr；无 EWG 时走苯炔机理  |  对硝基氟苯在碱下的反应走什么机理？  | 
 |  ""苯炔机理的区域选择性很强""  |  期望单一产物  |  不对称苯炔通常得到混合物  |  间溴甲苯 + NaNH₂ 会得到几种产物？  | 
 |  ""苯炔可以分离纯化""  |  忽略其高活性  |  苯炔寿命极短，原位生成原位反应  |  为什么苯炔不能像卡宾一样被""捕获在基质中""？  |","有机化学 活性中间体 苯炔 rc_30d 化竞","Chem::Core","[[苯炔]]","30d","易错点卡","苯炔（Benzyne） 是苯环上相邻两个氢原子被消除后形成的高度活泼的中性活性中间体，含有一个形式上的碳碳三键（实际为高度张力的""扭曲炔键""）。"
"苯胺 有哪些常见易错点？","• ❌ ""苯胺比苯酚更稳定""——苯胺更易被氧化，空气中变色更快。• ❌ ""氨基是邻对位定位基，所以可以直接做 F-C 反应""——F-C 的 Lewis 酸会与氨基配位，导致芳环钝化，必须先保护。• ❌ ""硝基苯还原总得到苯胺""——碱性条件下得到偶氮苯，这是 E1cb 消除的实例。• ❌ ""重氮盐很稳定，可以长期存放""——干燥重氮盐会爆炸，通常现制现用。• ❌ ""偶联反应在强酸中进行""——强酸使苯胺质子化（失去亲核性），强碱使重氮盐变成重氮酸盐（失去亲电性），必须弱酸性或弱碱性。","有机化学 芳香化合物与胺 苯胺 rc_30d 化竞 基础要求 芳香化合物 胺类","Chem::Core","[[苯胺]]","30d","易错点卡",""
"什么是药物化学？","药物化学（Medicinal Chemistry）是研究用于预防、诊断和治疗疾病的化学物质的学科。核心任务是发现、设计和优化具有治疗活性的化合物，理解药物在分子水平上的作用机制，以及药物在生物体内的吸收、分布、代谢和排泄（ADME）规律。从有机化学竞赛角度，重点掌握构效关系、先导化合物优化策略和经典药物的作用机理。","有机化学 有机合成 药物化学 rc_30d 化竞 构效关系 抗生素","Chem::Core","[[药物化学]]","30d","概念卡",""
"药物化学 有哪些常见易错点？","• 混淆药物来源与分类：半合成药物（如氨苄西林）源自天然产物修饰，不是全合成药物
• 忽略手性因素：许多药物的手性中心对活性至关重要，不同对映体可能活性差异巨大甚至毒性相反
• 混淆激动剂与拮抗剂：两者都能与受体结合，但激动剂激活受体而拮抗剂不激活
• 误解选择性来源：选择性不是绝对的，而是相对的亲和力差异；所有药物都有潜在的脱靶效应
• 忽视前药概念：前药本身无活性，需在体内代谢转化为活性形式","有机化学 有机合成 药物化学 rc_30d 化竞 构效关系 抗生素","Chem::Core","[[药物化学]]","30d","易错点卡","药物化学（Medicinal Chemistry）是研究用于预防、诊断和治疗疾病的化学物质的学科。核心任务是发现、设计和优化具有治疗活性的化合物，理解药物在分子水平上的作用机制，以及药物在生物体内的吸收、分布、代谢和排泄（ADME）规律。从有机化学竞赛角度，重点掌握构效关系、先导化合物优化策略和经典药物的作用机理。"
"什么是莽草酸途径？","莽草酸途径是植物、真菌和细菌中合成芳香氨基酸（苯丙氨酸 Phe、酪氨酸 Tyr、色氨酸 Trp）的核心代谢通路。其核心骨架 莽草酸（shikimic acid）是多个六元环天然产物（如奎宁酸咖啡醇酯、奥司他韦前体）的共同中间体。","有机化学 特殊体系 莽草酸途径 rc_90d 化竞 生物合成 芳香氨基酸 羟醛反应","Chem::Review","[[莽草酸途径]]","90d","概念卡",""
"什么是诱导效应？","诱导效应（Inductive Effect, 简称 I 效应） 是指由于分子中原子或基团电负性（或表观电负性）不同而引起成键电子云沿着 σ 键链向某一方向移动的效应。","有机化学 电子效应 诱导效应 rc_30d 化竞 σ极化 表观电负性","Chem::Core","[[诱导效应]]","30d","概念卡","关键结论：
4.1 综合诱导吸电子强度顺序

ABOC 行 856-861（基于取代乙酸 pKa 数据）：

\mathrm{-NR_3^+ > -NO_2 > -CN > -COOH > -COOR > -COCH_3 (或-CHO) > -F > -Cl > -Br > -I > -C\equiv CH > -OCH_3 (或-OH) > -C_6H_5 > -CH=CH_2 > H}

解读：
• 永久正电荷（-NR₃⁺）= 强 -I（无共轭）
• 共轭吸电子基（-NO₂、-CN、-CO-）= 强 -I + 强 -M
• 卤素：-F > -Cl > -Br > -I（电负性越大，-I 越强）
• O 系：-OH ≈ -OMe（吸电子稍弱于卤素）
• π 体系（-Ph、-CH=CH₂）：很弱的 -I
• 所有这些基团都比 -H 吸电子！ 这是 ABOC 的关键洞察

4.2 烷基的""+I"" 效应辨析

烷基（-CH₃、-CH₂CH₃ 等）传统上被认为是 +I（弱给电子）。

实际情况：
• 烷基的 +I 效应非常弱（甚至有人认为可忽略）
• 烷基稳定碳正离子的主要原因是 超共轭效应（超共轭效应）
• 真正的 +I 主要来自 C 与 H 的电负性差（C: 2.55, H: 2.20）→ 烷基对 C 是弱给电子

烷基级数顺序（基于碳正离子稳定性，主要超共轭效应）：

\mathrm{-C(CH_3)_3 > -CH(CH_3)_2 > -CH_2CH_3 > -CH_3}

但论 +I 强度（基于丁酸 pKa）：

\mathrm{-CH_2CH_3 \approx -CH(CH_3)_2 \approx -C(CH_3)_3} \text{（差异极小）}

教训：不要过度强调烷基的 +I！主要看超共轭。

4.3 自学练习 1.2.1（取代乙酸 pKa）

ABOC 行 862-864：根据下列实验数据判断与羧基相连基团的诱导效应是吸电子还是给电子，并按强弱排序。

 |  化合物  |  pKa  |  诱导效应  | 
 | :--- | :--- | :--- | 
 |  CH₃COOH  |  4.74  |  参考点（H 是 0） | 
 |  ClCH₂COOH  |  2.86  |  强 -I（pKa 减小 1.88） | 
 |  CH₃OCH₂COOH  |  3.53  |  中 -I  | 
 |  HC≡CCH₂COOH  |  3.82  |  中 -I（炔基） | 
 |  C₆H₅CH₂COOH  |  4.31  |  弱 -I（苯基） | 
 |  CH₃COCH₂COOH  |  3.58  |  中 -I（羰基） | 
 |  CH₃SO₂CH₂COOH  |  2.36  |  强 -I（磺酰基！） | 
 |  O₂NCH₂COOH  |  1.68  |  极强 -I（硝基！） | 
 |  (CH₃)₃N⁺CH₂COOH  |  1.83  |  极强 -I（季铵正电荷） | 

解题思路：pKa 越小（酸性越强），相应取代基的 -I 越强。

排序（从最强 -I 到最弱）：

-\mathrm{NO_2} > -\mathrm{N(CH_3)_3^+} > -\mathrm{SO_2CH_3} > -\mathrm{Cl} > -\mathrm{COCH_3} > -\mathrm{OCH_3} > -\mathrm{C\equiv CH} > -\mathrm{C_6H_5}

4.4 表观电负性的关键意义

 |  应用场景  |  表观电负性的作用  | 
 | :--- | :--- | 
 |  NCS / NBS / NIS  |  解释 N-X 键极化 → ""X⁺"" 试剂  | 
 |  NFSI  |  解释 N-F 极化反向 → ""F⁺""  | 
 |  α 卤代羰基  |  解释 α 位 H 酸性增强（C-H 键的表观电负性变化） | 
 |  三氟甲基（CF₃）连接物  |  解释远端基团的吸电子被 CF₃ 增强  | 
 |  季铵盐（-NR₃⁺） |  永久正电荷 → 极强表观电负性 → 极强 -I  | 
 |  共振稳定的离子  |  表观电负性可被共振调节  | 

---"
"诱导效应 的关键结论有哪些？","4.1 综合诱导吸电子强度顺序

ABOC 行 856-861（基于取代乙酸 pKa 数据）：

\mathrm{-NR_3^+ > -NO_2 > -CN > -COOH > -COOR > -COCH_3 (或-CHO) > -F > -Cl > -Br > -I > -C\equiv CH > -OCH_3 (或-OH) > -C_6H_5 > -CH=CH_2 > H}

解读：
• 永久正电荷（-NR₃⁺）= 强 -I（无共轭）
• 共轭吸电子基（-NO₂、-CN、-CO-）= 强 -I + 强 -M
• 卤素：-F > -Cl > -Br > -I（电负性越大，-I 越强）
• O 系：-OH ≈ -OMe（吸电子稍弱于卤素）
• π 体系（-Ph、-CH=CH₂）：很弱的 -I
• 所有这些基团都比 -H 吸电子！ 这是 ABOC 的关键洞察

4.2 烷基的""+I"" 效应辨析

烷基（-CH₃、-CH₂CH₃ 等）传统上被认为是 +I（弱给电子）。

实际情况：
• 烷基的 +I 效应非常弱（甚至有人认为可忽略）
• 烷基稳定碳正离子的主要原因是 超共轭效应（超共轭效应）
• 真正的 +I 主要来自 C 与 H 的电负性差（C: 2.55, H: 2.20）→ 烷基对 C 是弱给电子

烷基级数顺序（基于碳正离子稳定性，主要超共轭效应）：

\mathrm{-C(CH_3)_3 > -CH(CH_3)_2 > -CH_2CH_3 > -CH_3}

但论 +I 强度（基于丁酸 pKa）：

\mathrm{-CH_2CH_3 \approx -CH(CH_3)_2 \approx -C(CH_3)_3} \text{（差异极小）}

教训：不要过度强调烷基的 +I！主要看超共轭。

4.3 自学练习 1.2.1（取代乙酸 pKa）

ABOC 行 862-864：根据下列实验数据判断与羧基相连基团的诱导效应是吸电子还是给电子，并按强弱排序。

 |  化合物  |  pKa  |  诱导效应  | 
 | :--- | :--- | :--- | 
 |  CH₃COOH  |  4.74  |  参考点（H 是 0） | 
 |  ClCH₂COOH  |  2.86  |  强 -I（pKa 减小 1.88） | 
 |  CH₃OCH₂COOH  |  3.53  |  中 -I  | 
 |  HC≡CCH₂COOH  |  3.82  |  中 -I（炔基） | 
 |  C₆H₅CH₂COOH  |  4.31  |  弱 -I（苯基） | 
 |  CH₃COCH₂COOH  |  3.58  |  中 -I（羰基） | 
 |  CH₃SO₂CH₂COOH  |  2.36  |  强 -I（磺酰基！） | 
 |  O₂NCH₂COOH  |  1.68  |  极强 -I（硝基！） | 
 |  (CH₃)₃N⁺CH₂COOH  |  1.83  |  极强 -I（季铵正电荷） | 

解题思路：pKa 越小（酸性越强），相应取代基的 -I 越强。

排序（从最强 -I 到最弱）：

-\mathrm{NO_2} > -\mathrm{N(CH_3)_3^+} > -\mathrm{SO_2CH_3} > -\mathrm{Cl} > -\mathrm{COCH_3} > -\mathrm{OCH_3} > -\mathrm{C\equiv CH} > -\mathrm{C_6H_5}

4.4 表观电负性的关键意义

 |  应用场景  |  表观电负性的作用  | 
 | :--- | :--- | 
 |  NCS / NBS / NIS  |  解释 N-X 键极化 → ""X⁺"" 试剂  | 
 |  NFSI  |  解释 N-F 极化反向 → ""F⁺""  | 
 |  α 卤代羰基  |  解释 α 位 H 酸性增强（C-H 键的表观电负性变化） | 
 |  三氟甲基（CF₃）连接物  |  解释远端基团的吸电子被 CF₃ 增强  | 
 |  季铵盐（-NR₃⁺） |  永久正电荷 → 极强表观电负性 → 极强 -I  | 
 |  共振稳定的离子  |  表观电负性可被共振调节  | 

---","有机化学 电子效应 诱导效应 rc_30d 化竞 σ极化 表观电负性","Chem::Core","[[诱导效应]]","30d","总结卡","诱导效应（Inductive Effect, 简称 I 效应） 是指由于分子中原子或基团电负性（或表观电负性）不同而引起成键电子云沿着 σ 键链向某一方向移动的效应。"
"诱导效应 有哪些常见易错点？","11.1 用绝对电负性判断 NCS 中的 Cl 极化

错误：N 和 Cl 电负性相近，所以 NCS 中没有明显极化，Cl 是自由基。

正确：考虑表观电负性。N 受两个羰基诱导吸电子，表观电负性 > Cl → N-Cl 极化朝 N → Cl 是 ""Cl⁺"" 性质。

11.2 把烷基的 +I 当成稳定碳正离子的主因

错误：(CH₃)₃C⁺ 比 CH₃⁺ 稳定是因为 -CH₃ 的 +I 给电子。

正确：主要是超共轭效应（σ-p 重叠）。烷基的 +I 非常弱（甚至可忽略）。

11.3 忽略诱导效应的 3 键衰减

错误：把 5 键外的取代基也算进诱导分析。

正确：诱导效应在 3 键内显著，3 键外快速衰减。CH₃CH₂CH₂CH₂CH₂F 中 F 对羧基（如果有的话）的诱导作用可忽略。

11.4 把诱导和共轭混为一谈

错误：苯酚酸性强是因为 -OH 的 -I。

正确：苯酚酸性主要是 -OH 共轭分散负电荷（-O⁻ 共振到环上 4 个极限式），不是 -I。-I 的作用相对小。

11.5 把卤素看成""全部一样""

错误：F、Cl、Br、I 都是吸电子，差不多。

正确：电负性顺序 F > Cl > Br > I，因此 -I 强度也是 F > Cl > Br > I。但+M 强度（共轭给电子）顺序是 I > Br > Cl > F（轨道重叠考虑）。

11.6 把 -NMe₃⁺ 当成温和取代基

错误：-NMe₃⁺ 看起来像普通胺，应该弱影响。

正确：永久正电荷使 -NMe₃⁺ 是极强的 -I 基团（-I 强度仅次于 -NO₂）。pKa 数据：(CH₃)₃N⁺CH₂COOH 的 pKa = 1.83（vs CH₃COOH 4.74，差 ~ 3 个单位）。

11.7 把 NCS / NFSI 当作""温和""试剂

错误：N-Cl 和 N-F 看起来温和，反应弱。

正确：NCS 是温和的 ""Cl⁺"" 源；NFSI 是惊艳的 ""F⁺"" 源。两者都是化竞中重要的亲电卤化试剂。

---","有机化学 电子效应 诱导效应 rc_30d 化竞 σ极化 表观电负性","Chem::Core","[[诱导效应]]","30d","易错点卡","诱导效应（Inductive Effect, 简称 I 效应） 是指由于分子中原子或基团电负性（或表观电负性）不同而引起成键电子云沿着 σ 键链向某一方向移动的效应。"
"什么是负氢转移？","负氢转移（Hydride Transfer / Hydride Shift）是指带有两个电子的氢负离子（H⁻）从一个碳原子迁移到相邻缺电子中心（通常是碳正离子）的过程。它是碳正离子重排中最常见的一种，也是许多有机反应（如 SN1、E1、Friedel-Crafts 烷基化）中出现意外产物的主要原因。","有机化学 反应机理 负氢转移 rc_30d 化竞 基础要求 碳正离子","Chem::Core","[[负氢转移]]","30d","概念卡","关键结论：
• [待补充]"
"负氢转移 的关键结论有哪些？","• [待补充]","有机化学 反应机理 负氢转移 rc_30d 化竞 基础要求 碳正离子","Chem::Core","[[负氢转移]]","30d","总结卡","负氢转移（Hydride Transfer / Hydride Shift）是指带有两个电子的氢负离子（H⁻）从一个碳原子迁移到相邻缺电子中心（通常是碳正离子）的过程。它是碳正离子重排中最常见的一种，也是许多有机反应（如 SN1、E1、Friedel-Crafts 烷基化）中出现意外产物的主要原因。"
"负氢转移 有哪些常见易错点？","• [待补充]","有机化学 反应机理 负氢转移 rc_30d 化竞 基础要求 碳正离子","Chem::Core","[[负氢转移]]","30d","易错点卡","负氢转移（Hydride Transfer / Hydride Shift）是指带有两个电子的氢负离子（H⁻）从一个碳原子迁移到相邻缺电子中心（通常是碳正离子）的过程。它是碳正离子重排中最常见的一种，也是许多有机反应（如 SN1、E1、Friedel-Crafts 烷基化）中出现意外产物的主要原因。"
"什么是负氢迁移？","负氢迁移（Hydride Shift）：氢原子以氢负离子（H⁻）的形式从一个碳原子迁移到相邻的缺电子中心（通常是碳正离子）的过程。","有机化学 反应机理 负氢迁移 rc_30d 化竞 重排 碳正离子","Chem::Core","[[负氢转移]]","30d","概念卡","关键结论：
• 负氢迁移是碳正离子重排的最常见形式• 负氢迁移通常比烷基迁移快——H 体积小，轨道重叠好• 负氢迁移的驱动力是生成更稳定的碳正离子• 负氢迁移是多种氧化还原反应的共性机理——Cannizzaro、MPV、Oppenauer、Tishchenko• 1,2-负氢迁移中，H 的立体化学保持"
"负氢迁移 的关键结论有哪些？","• 负氢迁移是碳正离子重排的最常见形式• 负氢迁移通常比烷基迁移快——H 体积小，轨道重叠好• 负氢迁移的驱动力是生成更稳定的碳正离子• 负氢迁移是多种氧化还原反应的共性机理——Cannizzaro、MPV、Oppenauer、Tishchenko• 1,2-负氢迁移中，H 的立体化学保持","有机化学 反应机理 负氢迁移 rc_30d 化竞 重排 碳正离子","Chem::Core","[[负氢转移]]","30d","总结卡","负氢迁移（Hydride Shift）：氢原子以氢负离子（H⁻）的形式从一个碳原子迁移到相邻的缺电子中心（通常是碳正离子）的过程。"
"负氢迁移 有哪些常见易错点？","• ❌ 混淆负氢迁移和质子转移 → 负氢是 H⁻（带电子对），质子是 H⁺• ❌ 认为负氢迁移只发生在碳正离子中 → 也发生在氧化还原反应中• ❌ 忽略负氢迁移的可逆性 → 在 W-M 重排中是平衡过程• ❌ 认为烷基迁移总是比 H 慢 → 芳基迁移有时比 H 快","有机化学 反应机理 负氢迁移 rc_30d 化竞 重排 碳正离子","Chem::Core","[[负氢转移]]","30d","易错点卡","负氢迁移（Hydride Shift）：氢原子以氢负离子（H⁻）的形式从一个碳原子迁移到相邻的缺电子中心（通常是碳正离子）的过程。"
"什么是质子转移可行性？","质子转移可行性：在有机反应机理中，判断一个质子（H⁺）能否从给体（酸）转移到受体（碱）的分析框架。ABOC 将其列为""八大思维""之一，核心原则是六元环质子转移优先。","有机化学 反应机理 质子转移可行性 rc_30d 化竞 质子转移 六元环质子转移 烯醇互变","Chem::Core","[[质子转移可行性]]","30d","概念卡","关键结论：
• 质子转移方向 = 从弱酸到强碱（ΔpKa 决定热力学）
• 六元环过渡态最优（动力学优势）
• 质子转移通常不是决速步——它很快，可逆，常处于平衡
• 烯醇互变是有机化学中最重要的质子转移——涉及羰基化合物的几乎所有反应
• 书写机理时，先找六元环质子转移的可能路径

---"
"质子转移可行性 的关键结论有哪些？","• 质子转移方向 = 从弱酸到强碱（ΔpKa 决定热力学）
• 六元环过渡态最优（动力学优势）
• 质子转移通常不是决速步——它很快，可逆，常处于平衡
• 烯醇互变是有机化学中最重要的质子转移——涉及羰基化合物的几乎所有反应
• 书写机理时，先找六元环质子转移的可能路径

---","有机化学 反应机理 质子转移可行性 rc_30d 化竞 质子转移 六元环质子转移 烯醇互变","Chem::Core","[[质子转移可行性]]","30d","总结卡","质子转移可行性：在有机反应机理中，判断一个质子（H⁺）能否从给体（酸）转移到受体（碱）的分析框架。ABOC 将其列为""八大思维""之一，核心原则是六元环质子转移优先。"
"质子转移可行性 有哪些常见易错点？","• ❌ 箭头方向画反 → 电子对应从碱（受体）指向酸（给体）
• ❌ 忽略六元环过渡态 → 分子内质子转移优先画六元环
• ❌ 混淆质子转移与氢负离子转移 → H⁺ 是两电子过程，H⁻ 也是两电子但转移对象不同
• ❌ 认为所有质子转移都很快 → 分子间质子转移在浓溶液中快，稀溶液中可能较慢
• ❌ 气相 pKa 与溶液 pKa 混用 → 有机溶剂中 pKa 显著改变

---","有机化学 反应机理 质子转移可行性 rc_30d 化竞 质子转移 六元环质子转移 烯醇互变","Chem::Core","[[质子转移可行性]]","30d","易错点卡","质子转移可行性：在有机反应机理中，判断一个质子（H⁺）能否从给体（酸）转移到受体（碱）的分析框架。ABOC 将其列为""八大思维""之一，核心原则是六元环质子转移优先。"
"什么是质谱？","质谱（MS）：通过将有机分子离子化后按质荷比（m/z）分离并检测，获得分子离子峰和碎片离子峰信息，从而推断分子量和结构的波谱技术。","有机化学 有机波谱分析 质谱 rc_30d 化竞 波谱分析 MS","Chem::Core","[[质谱]]","30d","概念卡","关键结论：
• 结构推求第一步：先看分子离子峰确定分子量，再看碎片峰推断结构片段
• 氮规则快速判氮：奇数 m/z 且含 N → 奇数个 N；偶数 m/z → 无 N 或偶数个 N
• 卤素识别看 M+2：Cl 的 3:1 和 Br 的 1:1 是最可靠的同位素指纹
• McLafferty 重排 = γ-H + 羰基 → 看到 M–28 且分子含羰基 → 优先考虑
• 稳定碳正离子优先形成：苄基、烯丙基、叔丁基等离子丰度最高

---"
"质谱 的关键结论有哪些？","• 结构推求第一步：先看分子离子峰确定分子量，再看碎片峰推断结构片段
• 氮规则快速判氮：奇数 m/z 且含 N → 奇数个 N；偶数 m/z → 无 N 或偶数个 N
• 卤素识别看 M+2：Cl 的 3:1 和 Br 的 1:1 是最可靠的同位素指纹
• McLafferty 重排 = γ-H + 羰基 → 看到 M–28 且分子含羰基 → 优先考虑
• 稳定碳正离子优先形成：苄基、烯丙基、叔丁基等离子丰度最高

---","有机化学 有机波谱分析 质谱 rc_30d 化竞 波谱分析 MS","Chem::Core","[[质谱]]","30d","总结卡","质谱（MS）：通过将有机分子离子化后按质荷比（m/z）分离并检测，获得分子离子峰和碎片离子峰信息，从而推断分子量和结构的波谱技术。"
"质谱 有哪些常见易错点？","• ❌ 忽略氮规则 → 奇数 m/z 含奇数个 N，是快速判氮的利器
• ❌ 把同位素峰当碎片峰 → M+2 可能是同位素，不是真正的碎片
• ❌ 醇的 M⁺• 弱就以为分子量错了 → 醇容易脱水，M⁺• 本来就弱
• ❌ McLafferty 重排只记 M–28 → 实际失去的烯烃取决于 γ-取代基
• ❌ 忽略高分辨 MS 的小数部分 → HRMS 的精确质量是确定分子式的金标准

---","有机化学 有机波谱分析 质谱 rc_30d 化竞 波谱分析 MS","Chem::Core","[[质谱]]","30d","易错点卡","质谱（MS）：通过将有机分子离子化后按质荷比（m/z）分离并检测，获得分子离子峰和碎片离子峰信息，从而推断分子量和结构的波谱技术。"
"什么是超分子识别？","超分子识别（Supramolecular Recognition）是指分子之间通过非共价相互作用（氢键、范德华力、π-π 堆积、疏水作用、离子-偶极作用等）实现的选择性结合过程。这种识别是超分子化学的核心概念，类似于生物学中的""锁-钥""模型。","有机化学 特殊体系 超分子识别 rc_30d 化竞 超分子","Chem::Core","[[超分子识别]]","30d","概念卡","关键结论：
• 超分子识别的本质是多弱相互作用的协同：单个氢键或范德华力很弱，但多个协同可达共价键强度• 选择性源于三维结构的精确匹配：如同酶对底物的识别• 可逆性是超分子体系的核心特征：非共价键的动态性使体系具有自修复、自适应能力• 冠醚的孔径决定选择性：不同环大小的冠醚识别不同直径的阳离子• 环糊精的疏水空腔可包结有机分子：广泛用于药物递送和分离"
"超分子识别 的关键结论有哪些？","• 超分子识别的本质是多弱相互作用的协同：单个氢键或范德华力很弱，但多个协同可达共价键强度• 选择性源于三维结构的精确匹配：如同酶对底物的识别• 可逆性是超分子体系的核心特征：非共价键的动态性使体系具有自修复、自适应能力• 冠醚的孔径决定选择性：不同环大小的冠醚识别不同直径的阳离子• 环糊精的疏水空腔可包结有机分子：广泛用于药物递送和分离","有机化学 特殊体系 超分子识别 rc_30d 化竞 超分子","Chem::Core","[[超分子识别]]","30d","总结卡","超分子识别（Supramolecular Recognition）是指分子之间通过非共价相互作用（氢键、范德华力、π-π 堆积、疏水作用、离子-偶极作用等）实现的选择性结合过程。这种识别是超分子化学的核心概念，类似于生物学中的""锁-钥""模型。"
"超分子识别 有哪些常见易错点？","|  错误  |  原因  |  纠正  |  课堂提问  | 
 | :--- | :--- | :--- | :--- | 
 |  ""超分子靠共价键结合""  |  不了解超分子定义  |  超分子的核心是非共价键（氢键、范德华力等） |  冠醚与 K⁺ 之间是什么键？  | 
 |  ""冠醚孔径越大结合越强""  |  忽略匹配原则  |  冠醚的结合是尺寸匹配的，过大或过小都不利  |  Na⁺ 和 K⁺ 谁更适合 18-冠-6？  | 
 |  ""疏水作用只在水中存在""  |  不了解疏水作用的本质  |  疏水作用的本质是水分子氢键网络的重组，确实主要在水相中显著  |  环糊精包结为什么在水相中最有效？  |","有机化学 特殊体系 超分子识别 rc_30d 化竞 超分子","Chem::Core","[[超分子识别]]","30d","易错点卡","超分子识别（Supramolecular Recognition）是指分子之间通过非共价相互作用（氢键、范德华力、π-π 堆积、疏水作用、离子-偶极作用等）实现的选择性结合过程。这种识别是超分子化学的核心概念，类似于生物学中的""锁-钥""模型。"
"什么是轨道对称性？","轨道对称性（orbital symmetry）是理解周环反应的核心理论框架。Woodward-Hoffmann 规则指出：协同反应中，反应物和产物的分子轨道对称性必须守恒，反应才能发生。前线轨道理论（FMO）进一步简化了这一分析，只需考察反应物 HOMO 和 LUMO 的对称性匹配。","有机化学 反应机理 轨道对称性 rc_30d 化竞 周环反应 前沿轨道","Chem::Core","[[轨道对称性]]","30d","概念卡","关键结论：
• 轨道对称性是周环反应的""底层逻辑""，掌握 FMO 分析比死记规则更重要。• 热反应和光反应的选择性相反：光激发改变 HOMO 的相位，使禁阻变允许。• ""允许""不等于""会发生""——还需考虑热力学和动力学因素（Clayden 语）。• ABOC 第7章系统覆盖了前线轨道、D-A、[2+2]、电环化、σ 迁移、Ene 反应和 Nazarov 环化。"
"轨道对称性 的关键结论有哪些？","• 轨道对称性是周环反应的""底层逻辑""，掌握 FMO 分析比死记规则更重要。• 热反应和光反应的选择性相反：光激发改变 HOMO 的相位，使禁阻变允许。• ""允许""不等于""会发生""——还需考虑热力学和动力学因素（Clayden 语）。• ABOC 第7章系统覆盖了前线轨道、D-A、[2+2]、电环化、σ 迁移、Ene 反应和 Nazarov 环化。","有机化学 反应机理 轨道对称性 rc_30d 化竞 周环反应 前沿轨道","Chem::Core","[[轨道对称性]]","30d","总结卡","轨道对称性（orbital symmetry）是理解周环反应的核心理论框架。Woodward-Hoffmann 规则指出：协同反应中，反应物和产物的分子轨道对称性必须守恒，反应才能发生。前线轨道理论（FMO）进一步简化了这一分析，只需考察反应物 HOMO 和 LUMO 的对称性匹配。"
"轨道对称性 有哪些常见易错点？","• 死记规则而不理解轨道相位推导过程。• 将 Woodward-Hoffmann 规则错误应用于非协同反应。• 混淆顺旋和对旋的方向（可记忆：4n 热反应""同向旋转""=顺旋）。","有机化学 反应机理 轨道对称性 rc_30d 化竞 周环反应 前沿轨道","Chem::Core","[[轨道对称性]]","30d","易错点卡","轨道对称性（orbital symmetry）是理解周环反应的核心理论框架。Woodward-Hoffmann 规则指出：协同反应中，反应物和产物的分子轨道对称性必须守恒，反应才能发生。前线轨道理论（FMO）进一步简化了这一分析，只需考察反应物 HOMO 和 LUMO 的对称性匹配。"
"什么是轨道观点下的稳定性？","轨道观点下的稳定性是指从分子轨道（MO）理论出发，通过分析电子在轨道中的排布、键级、HOMO-LUMO 能隙等参数，解释和预测分子或离子相对稳定性的方法。它超越了定域的价键理论（Lewis 结构），用离域的轨道图像理解稳定性的本质。","有机化学 基础要求-有机化学 结构化学 轨道观点下的稳定性 rc_30d 化竞 分子轨道理论 稳定性 键级","Chem::Core","[[轨道观点下的稳定性]]","30d","概念卡","关键结论：
4.1 同核双原子分子的 MO 能级顺序

第二周期存在两种能级顺序：• O₂、F₂、Ne₂（s-p 混杂弱）：σ₂ₛ < σ₂ₛ < σ₂ₚ < π₂ₚ = π₂ₚ < π₂ₚ = π₂ₚ < σ₂ₚ• N₂ 及更轻元素（s-p 混杂强）：σ₂ₛ < σ₂ₛ < π₂ₚ = π₂ₚ < σ₂ₚ < π₂ₚ = π₂ₚ < σ₂ₚ

判断要点：s-p 混杂导致 σ₂ₚ 能量升高，在 N₂ 中 π₂ₚ 低于 σ₂ₚ。

4.2 共轭多烯的 MO 特征

 |  共轭体系  |  π 电子数  |  HOMO 节点数  |  LUMO 节点数  |  稳定性来源  | 
 | :--- | :---: | :---: | :---: | :--- | 
 |  乙烯  |  2  |  0  |  1  |  定域 π 键  | 
 |  1,3-丁二烯  |  4  |  1  |  2  |  离域，键级平均化  | 
 |  苯  |  6  |  1  |  2  |  芳香性，大 HOMO-LUMO 能隙  | 
 |  环丁二烯  |  4  |  —  |  —  |  反芳香性，极不稳定  | 

4.3 前线轨道对称性与反应允许性• 允许反应：HOMO 与 LUMO 在成键区域相位相同（波瓣同号重叠）• 禁阻反应：HOMO 与 LUMO 在成键区域相位相反（波瓣异号重叠）"
"轨道观点下的稳定性 的关键结论有哪些？","4.1 同核双原子分子的 MO 能级顺序

第二周期存在两种能级顺序：• O₂、F₂、Ne₂（s-p 混杂弱）：σ₂ₛ < σ₂ₛ < σ₂ₚ < π₂ₚ = π₂ₚ < π₂ₚ = π₂ₚ < σ₂ₚ• N₂ 及更轻元素（s-p 混杂强）：σ₂ₛ < σ₂ₛ < π₂ₚ = π₂ₚ < σ₂ₚ < π₂ₚ = π₂ₚ < σ₂ₚ

判断要点：s-p 混杂导致 σ₂ₚ 能量升高，在 N₂ 中 π₂ₚ 低于 σ₂ₚ。

4.2 共轭多烯的 MO 特征

 |  共轭体系  |  π 电子数  |  HOMO 节点数  |  LUMO 节点数  |  稳定性来源  | 
 | :--- | :---: | :---: | :---: | :--- | 
 |  乙烯  |  2  |  0  |  1  |  定域 π 键  | 
 |  1,3-丁二烯  |  4  |  1  |  2  |  离域，键级平均化  | 
 |  苯  |  6  |  1  |  2  |  芳香性，大 HOMO-LUMO 能隙  | 
 |  环丁二烯  |  4  |  —  |  —  |  反芳香性，极不稳定  | 

4.3 前线轨道对称性与反应允许性• 允许反应：HOMO 与 LUMO 在成键区域相位相同（波瓣同号重叠）• 禁阻反应：HOMO 与 LUMO 在成键区域相位相反（波瓣异号重叠）","有机化学 基础要求-有机化学 结构化学 轨道观点下的稳定性 rc_30d 化竞 分子轨道理论 稳定性 键级","Chem::Core","[[轨道观点下的稳定性]]","30d","总结卡","轨道观点下的稳定性是指从分子轨道（MO）理论出发，通过分析电子在轨道中的排布、键级、HOMO-LUMO 能隙等参数，解释和预测分子或离子相对稳定性的方法。它超越了定域的价键理论（Lewis 结构），用离域的轨道图像理解稳定性的本质。"
"轨道观点下的稳定性 有哪些常见易错点？","• N₂ 的 MO 能级顺序与 O₂ 不同（s-p 混杂导致 π₂ₚ < σ₂ₚ），计算键级时容易用错顺序• 把超共轭效应当成 π 共轭——超共轭是 σ→p 或 σ→π，没有真正的 π 轨道重叠• 认为 4n+2 规则适用于所有环——必须是平面、共轭、单环同时满足• HOMO-LUMO 能隙小 = 活泼，但不等于""不稳定""——热力学稳定性和动力学活泼性是两个概念","有机化学 基础要求-有机化学 结构化学 轨道观点下的稳定性 rc_30d 化竞 分子轨道理论 稳定性 键级","Chem::Core","[[轨道观点下的稳定性]]","30d","易错点卡","轨道观点下的稳定性是指从分子轨道（MO）理论出发，通过分析电子在轨道中的排布、键级、HOMO-LUMO 能隙等参数，解释和预测分子或离子相对稳定性的方法。它超越了定域的价键理论（Lewis 结构），用离域的轨道图像理解稳定性的本质。"
"什么是辅酶与生物氧化还原？","生物体在室温、水相、有氧条件下完成氧化还原反应，依赖一系列辅酶（coenzymes）作为可逆的氧化还原试剂。这些辅酶本质上是""大自然的有机试剂""，其化学原理与实验室中的 NaBH₄、Jones 试剂等完全相通。","有机化学 特殊体系 辅酶与生物氧化还原 rc_90d 化竞 辅酶 氧化还原 NADH","Chem::Review","[[辅酶与生物氧化还原]]","90d","概念卡","关键结论：
• 辅酶 = 大自然的有机试剂：NADH ≈ NaBH₄；CoA 硫醇酯 ≈ 活化酯/硫醇酯；PLP ≈ 多功能胺催化剂。• 酶的核心作用是立体控制和定向：辅酶本身的化学反应性并不神秘，奇迹在于酶将底物和辅酶以精确的几何关系固定。• 所有生物氧化还原反应都遵循与实验室相同的电子转移机理和热力学规律。"
"辅酶与生物氧化还原 的关键结论有哪些？","• 辅酶 = 大自然的有机试剂：NADH ≈ NaBH₄；CoA 硫醇酯 ≈ 活化酯/硫醇酯；PLP ≈ 多功能胺催化剂。• 酶的核心作用是立体控制和定向：辅酶本身的化学反应性并不神秘，奇迹在于酶将底物和辅酶以精确的几何关系固定。• 所有生物氧化还原反应都遵循与实验室相同的电子转移机理和热力学规律。","有机化学 特殊体系 辅酶与生物氧化还原 rc_90d 化竞 辅酶 氧化还原 NADH","Chem::Review","[[辅酶与生物氧化还原]]","90d","总结卡","生物体在室温、水相、有氧条件下完成氧化还原反应，依赖一系列辅酶（coenzymes）作为可逆的氧化还原试剂。这些辅酶本质上是""大自然的有机试剂""，其化学原理与实验室中的 NaBH₄、Jones 试剂等完全相通。"
"什么是过氧化物效应？","过氧化物效应：在过氧化物（如 ROOR、BPO、AIBN）存在下，HBr 对烯烃的加成表现出反马氏规则的取向——Br 加到含氢较多的双键碳上，H 加到含氢较少的双键碳上。","有机化学 自由基反应 过氧化物效应 rc_30d 化竞 自由基 反马氏","Chem::Core","[[过氧化物效应]]","30d","概念卡","关键结论：
• 过氧化物效应 = 机理切换（离子型 → 自由基型），不是规则例外
• 反马氏的本质 = 自由基稳定性（二级 > 一级），类比马氏规则中碳正离子稳定性
• 只有 HBr 有明显过氧化物效应——见 §6 限制
• Br· 的氧化性是关键——氧化性不如 Cl· 强，所以较易生成且选择性适中
• NBS 体系是过氧化物效应的""温和版""——低浓度 Br₂ 避免亲电加成竞争

---"
"过氧化物效应 的关键结论有哪些？","• 过氧化物效应 = 机理切换（离子型 → 自由基型），不是规则例外
• 反马氏的本质 = 自由基稳定性（二级 > 一级），类比马氏规则中碳正离子稳定性
• 只有 HBr 有明显过氧化物效应——见 §6 限制
• Br· 的氧化性是关键——氧化性不如 Cl· 强，所以较易生成且选择性适中
• NBS 体系是过氧化物效应的""温和版""——低浓度 Br₂ 避免亲电加成竞争

---","有机化学 自由基反应 过氧化物效应 rc_30d 化竞 自由基 反马氏","Chem::Core","[[过氧化物效应]]","30d","总结卡","过氧化物效应：在过氧化物（如 ROOR、BPO、AIBN）存在下，HBr 对烯烃的加成表现出反马氏规则的取向——Br 加到含氢较多的双键碳上，H 加到含氢较少的双键碳上。"
"过氧化物效应 有哪些常见易错点？","• ❌ 认为所有 HX 都有过氧化物效应 → 只有 HBr 明显有效
• ❌ 把反马氏当成马氏规则的""例外"" → 其实是不同机理（自由基 vs 离子型）
• ❌ 混淆过氧化物效应与催化加氢 → 催化加氢（H₂/Pd）不是反马氏，是无选择性的顺式加氢
• ❌ 写机理时遗漏链终止 → 完整链式机理必须包含引发/转移/终止
• ❌ 认为过氧化物效应只发生在加成 → NBS 体系中主要是烯丙位取代
• ❌ 忽略 O₂ 的干扰 → O₂ 捕获自由基，可能抑制反应
• ❌ 把""反马氏""等同于""末端取代"" → 对不对称内烯，需具体分析自由基稳定性
• ❌ Br· 进攻位点判断错误 → Br· 优先进攻能生成更稳定自由基的碳

---","有机化学 自由基反应 过氧化物效应 rc_30d 化竞 自由基 反马氏","Chem::Core","[[过氧化物效应]]","30d","易错点卡","过氧化物效应：在过氧化物（如 ROOR、BPO、AIBN）存在下，HBr 对烯烃的加成表现出反马氏规则的取向——Br 加到含氢较多的双键碳上，H 加到含氢较少的双键碳上。"
"什么是过渡态？","过渡态是指反应路径上能量最高点的结构，是反应物转化为产物过程中必须经过的瞬时构型。过渡态在势能面上是一个鞍点（一阶鞍点：一个方向上能量最大，其他方向上能量最小）。","有机化学 机理基础 过渡态 rc_30d 化竞 反应机理 活化能","Chem::Core","[[过渡态]]","30d","概念卡","关键结论：
• 过渡态是能量最高点，中间体是能量最低点：这是二者的本质区别
• 活化能决定反应速率：Ea 越低，反应越快（Arrhenius 方程）
• Hammond 假说是推断过渡态结构的强大工具：通过反应热判断过渡态位置
• 过渡态不可分离，但可用理论方法计算：现代计算化学（DFT 等）可优化过渡态结构
• 多步反应有多个过渡态和中间体：每个基元步骤都有自己的过渡态"
"过渡态 的关键结论有哪些？","• 过渡态是能量最高点，中间体是能量最低点：这是二者的本质区别
• 活化能决定反应速率：Ea 越低，反应越快（Arrhenius 方程）
• Hammond 假说是推断过渡态结构的强大工具：通过反应热判断过渡态位置
• 过渡态不可分离，但可用理论方法计算：现代计算化学（DFT 等）可优化过渡态结构
• 多步反应有多个过渡态和中间体：每个基元步骤都有自己的过渡态","有机化学 机理基础 过渡态 rc_30d 化竞 反应机理 活化能","Chem::Core","[[过渡态]]","30d","总结卡","过渡态是指反应路径上能量最高点的结构，是反应物转化为产物过程中必须经过的瞬时构型。过渡态在势能面上是一个鞍点（一阶鞍点：一个方向上能量最大，其他方向上能量最小）。"
"过渡态 有哪些常见易错点？","|  错误  |  原因  |  纠正  |  课堂提问  | 
 | :--- | :--- | :--- | :--- | 
 |  ""过渡态就是中间体""  |  概念混淆  |  过渡态是能量极大值，中间体是能量极小值  |  SN1 反应中有几个过渡态、几个中间体？  | 
 |  ""过渡态可以被分离""  |  忽略其寿命  |  过渡态寿命约 10⁻¹³ s，不可分离  |  为什么过渡态不能被分离，而碳正离子可以？  | 
 |  ""放热反应过渡态像产物""  |  Hammond 假说记反  |  放热 → 早期 TS → 像反应物；吸热 → 晚期 TS → 像产物  |  放热反应的过渡态更像反应物还是产物？  | 
 |  ""活化能高反应一定慢""  |  忽略温度影响  |  高温可补偿高活化能；Arrhenius 方程中 T 在指数分母  |  两个反应 Ea 相差 5 kcal/mol，室温下速率差多少倍？  | 
 |  ""所有反应只有一个过渡态""  |  忽略多步反应  |  多步反应有多个过渡态，每步一个  |  E1 反应有几个过渡态？决速步是哪个？  |","有机化学 机理基础 过渡态 rc_30d 化竞 反应机理 活化能","Chem::Core","[[过渡态]]","30d","易错点卡","过渡态是指反应路径上能量最高点的结构，是反应物转化为产物过程中必须经过的瞬时构型。过渡态在势能面上是一个鞍点（一阶鞍点：一个方向上能量最大，其他方向上能量最小）。"
"什么是过碘酸氧化？","过碘酸氧化（Malaprade 反应）：使用 过碘酸 HIO₄（或六羟基碘酸 H₅IO₆） 这一类 λ⁷-碘烷（I(VII) 试剂） 在水/醇相中将 顺式 1,2-二醇（vicinal diol） 氧化裂解为两个羰基化合物（醛、酮或酸）的反应。","有机化学 具体反应 过碘酸氧化 rc_30d 化竞 氧化反应 二醇 裂解","Chem::Core","[[过碘酸氧化]]","30d","概念卡","关键结论：
• 底物要求：必须有 相邻 的两个含氧官能团（1,2-二醇、α-羟基醛、α-羟基酸等），且最好是顺式构型（5 元环过渡态）。
• 机理本质：碘催化的环状协同 [2σ+2σ] 逆环加成，类似 铅四乙酸酯氧化（PbOAc₄）。
• 碘的电子流：I(VII) → I(V)，每次反应释放 2 电子，将一个 C-C 键氧化裂解。
• 反应条件：水相、室温，可加 1:1 H₂O/MeOH 或乙醚作为助溶剂。
• 碳数变化：1,2-二醇 → 2 个羰基，碳骨架 C-C 断裂——这是 Malaprade 反应的核心特征。"
"过碘酸氧化 的关键结论有哪些？","• 底物要求：必须有 相邻 的两个含氧官能团（1,2-二醇、α-羟基醛、α-羟基酸等），且最好是顺式构型（5 元环过渡态）。
• 机理本质：碘催化的环状协同 [2σ+2σ] 逆环加成，类似 铅四乙酸酯氧化（PbOAc₄）。
• 碘的电子流：I(VII) → I(V)，每次反应释放 2 电子，将一个 C-C 键氧化裂解。
• 反应条件：水相、室温，可加 1:1 H₂O/MeOH 或乙醚作为助溶剂。
• 碳数变化：1,2-二醇 → 2 个羰基，碳骨架 C-C 断裂——这是 Malaprade 反应的核心特征。","有机化学 具体反应 过碘酸氧化 rc_30d 化竞 氧化反应 二醇 裂解","Chem::Core","[[过碘酸氧化]]","30d","总结卡","过碘酸氧化（Malaprade 反应）：使用 过碘酸 HIO₄（或六羟基碘酸 H₅IO₆） 这一类 λ⁷-碘烷（I(VII) 试剂） 在水/醇相中将 顺式 1,2-二醇（vicinal diol） 氧化裂解为两个羰基化合物（醛、酮或酸）的反应。"
"过碘酸氧化 有哪些常见易错点？","• ❌ 误以为 HIO₄ 能氧化任何 OH：只能氧化相邻位 OH（1,2-二醇），独立 OH 不反应。
• ❌ 把 HIO₄ 与 IBX 混淆：HIO₄ 是 I(VII) 无机酸；IBX 是 I(V) 含芳基有机碘。
• ❌ 误以为对反式二醇也快：顺式快，反式慢——5 元环要求决定。
• ❌ 把 HIO₃ 写成产物 IO₃⁻：HIO₃（碘酸）和 IO₃⁻（碘酸根）等价，主要产物之一。
• ❌ 算错 C-C 断裂数：n 个 OH 的多元醇可被裂为 n+1 块（但相邻 OH 才被打断）。","有机化学 具体反应 过碘酸氧化 rc_30d 化竞 氧化反应 二醇 裂解","Chem::Core","[[过碘酸氧化]]","30d","易错点卡","过碘酸氧化（Malaprade 反应）：使用 过碘酸 HIO₄（或六羟基碘酸 H₅IO₆） 这一类 λ⁷-碘烷（I(VII) 试剂） 在水/醇相中将 顺式 1,2-二醇（vicinal diol） 氧化裂解为两个羰基化合物（醛、酮或酸）的反应。"
"什么是逆合成分析？","逆合成分析是由 E.J. Corey 于 1967 年系统提出的有机合成设计方法，核心思想是从目标分子（Target Molecule, TM）出发，逆向推导合成路径。通过一系列合理的""断键""（disconnection）操作，将复杂分子逐步简化为可购买的简单原料。","有机化学 具体反应 逆合成分析 rc_30d 化竞 有机合成","Chem::Core","[[逆合成分析]]","30d","概念卡","关键结论：
• 逆合成分析是有机合成的""战略思维""：好的逆合成路线比单纯的反应知识更重要• 断键选择决定合成效率：同一分子可能有多种逆合成路线，需要评估比较• 对称性是最有力的简化工具：对称分子通过对称断键可大幅缩短路线• 保护基策略是逆合成的一部分：在逆合成阶段就应考虑何时保护、何时脱除• Corey 的逆合成分析是 1990 年诺贝尔化学奖的基础：是现代有机合成的核心方法论"
"逆合成分析 的关键结论有哪些？","• 逆合成分析是有机合成的""战略思维""：好的逆合成路线比单纯的反应知识更重要• 断键选择决定合成效率：同一分子可能有多种逆合成路线，需要评估比较• 对称性是最有力的简化工具：对称分子通过对称断键可大幅缩短路线• 保护基策略是逆合成的一部分：在逆合成阶段就应考虑何时保护、何时脱除• Corey 的逆合成分析是 1990 年诺贝尔化学奖的基础：是现代有机合成的核心方法论","有机化学 具体反应 逆合成分析 rc_30d 化竞 有机合成","Chem::Core","[[逆合成分析]]","30d","总结卡","逆合成分析是由 E.J. Corey 于 1967 年系统提出的有机合成设计方法，核心思想是从目标分子（Target Molecule, TM）出发，逆向推导合成路径。通过一系列合理的""断键""（disconnection）操作，将复杂分子逐步简化为可购买的简单原料。"
"逆合成分析 有哪些常见易错点？","|  错误  |  原因  |  纠正  |  课堂提问  | 
 | :--- | :--- | :--- | :--- | 
 |  ""逆合成就是写反应式倒过来""  |  理解肤浅  |  逆合成是断键分析，不是简单倒写反应式；需考虑合成子和等价物  |  逆合成箭头和正常反应箭头有何不同含义？  | 
 |  ""只选最短路线""  |  忽略可行性和产率  |  最佳路线需综合考虑步骤数、产率、选择性、原料可得性  |  两步 50% 产率的路线和四步 80% 产率的路线哪个更好？  | 
 |  ""所有断键都可行""  |  忽略反应限制  |  断键必须有可靠的正向反应支持  |  某酮在某个 C-C 键处切断，但无合适反应构建该键，怎么办？  | 
 |  ""忽略保护基策略""  |  线性思维  |  逆合成阶段就应预判哪些官能团需要保护  |  含羟基和醛基的分子做 Grignard 反应前需要做什么？  | 
 |  ""忽略立体化学""  |  只关注骨架  |  手性分子的逆合成必须考虑立体化学控制  |  手性中心的构建应在路线早期还是晚期？  |","有机化学 具体反应 逆合成分析 rc_30d 化竞 有机合成","Chem::Core","[[逆合成分析]]","30d","易错点卡","逆合成分析是由 E.J. Corey 于 1967 年系统提出的有机合成设计方法，核心思想是从目标分子（Target Molecule, TM）出发，逆向推导合成路径。通过一系列合理的""断键""（disconnection）操作，将复杂分子逐步简化为可购买的简单原料。"
"什么是邻二醇切断？","邻二醇切断（Glycol Cleavage）：1,2-二醇（邻二醇）在高碘酸（HIO₄）或四醋酸铅（Pb(OAc)₄）作用下，C-C 键断裂生成两分子羰基化合物（醛或酮）的反应。","有机化学 氧化还原 邻二醇切断 rc_30d 化竞 高碘酸 HIO4","Chem::Core","[[邻二醇切断]]","30d","概念卡","关键结论：
• 邻二醇切断 = C-C 键断裂 + 各碳氧化为羰基
• 顺式邻二醇切断更快——五元环过渡态更易形成
• 1 mol HIO₄ 切 1 mol 邻二醇——定量反应
• 结构推断的利器——从产物反推邻二醇，再反推原烯烃
• 与臭氧化形成互补——臭氧化从烯烃推断；邻二醇切断从邻二醇推断

---"
"邻二醇切断 的关键结论有哪些？","• 邻二醇切断 = C-C 键断裂 + 各碳氧化为羰基
• 顺式邻二醇切断更快——五元环过渡态更易形成
• 1 mol HIO₄ 切 1 mol 邻二醇——定量反应
• 结构推断的利器——从产物反推邻二醇，再反推原烯烃
• 与臭氧化形成互补——臭氧化从烯烃推断；邻二醇切断从邻二醇推断

---","有机化学 氧化还原 邻二醇切断 rc_30d 化竞 高碘酸 HIO4","Chem::Core","[[邻二醇切断]]","30d","总结卡","邻二醇切断（Glycol Cleavage）：1,2-二醇（邻二醇）在高碘酸（HIO₄）或四醋酸铅（Pb(OAc)₄）作用下，C-C 键断裂生成两分子羰基化合物（醛或酮）的反应。"
"邻二醇切断 有哪些常见易错点？","• ❌ 认为 1,3-二醇也能被切断 → HIO₄ 只切 1,2-二醇
• ❌ 忽略顺/反速率差异 → 顺式比反式快得多
• ❌ 忘记 α-羟基醛/酮也可被切断 → 它们可烯醇化为邻二醇形式
• ❌ 与臭氧化产物混淆 → 邻二醇切断和臭氧化是两条不同的推断链
• ❌ 环状邻二醇切断后忘记环已打开 → 产物是链状二醛/二酮

---","有机化学 氧化还原 邻二醇切断 rc_30d 化竞 高碘酸 HIO4","Chem::Core","[[邻二醇切断]]","30d","易错点卡","邻二醇切断（Glycol Cleavage）：1,2-二醇（邻二醇）在高碘酸（HIO₄）或四醋酸铅（Pb(OAc)₄）作用下，C-C 键断裂生成两分子羰基化合物（醛或酮）的反应。"
"什么是邻基参与？","邻基参与是指分子中与反应中心相邻的基团（含孤对电子或 π 电子）在反应过程中主动参与，通过分子内亲核进攻形成环状中间体（或过渡态），从而影响反应速率、产物分布和立体化学的现象。","有机化学 具体反应 邻基参与 rc_30d 化竞 反应机理 SN1","Chem::Core","[[邻基参与]]","30d","概念卡","关键结论：
• 邻基参与是导致""SN1 反应中构型保持""的重要原因：看似 SN1（碳正离子特征），实则通过环状中间体实现两次翻转• 邻基参与对立体化学有严格要求：邻基与离去基必须处于 anti-periplanar 构象• 邻基参与的反应速率远快于普通 SN1/SN2：分子内反应的有效浓度效应• 酯的碱性水解中的邻基参与（BAC2 vs BAC1）：某些酯水解速率异常快，源于羰基氧的邻基参与• 非经典碳正离子的本质就是邻基参与：环丙基、双键、苯环对碳正离子的稳定化属于广义的邻基参与"
"邻基参与 的关键结论有哪些？","• 邻基参与是导致""SN1 反应中构型保持""的重要原因：看似 SN1（碳正离子特征），实则通过环状中间体实现两次翻转• 邻基参与对立体化学有严格要求：邻基与离去基必须处于 anti-periplanar 构象• 邻基参与的反应速率远快于普通 SN1/SN2：分子内反应的有效浓度效应• 酯的碱性水解中的邻基参与（BAC2 vs BAC1）：某些酯水解速率异常快，源于羰基氧的邻基参与• 非经典碳正离子的本质就是邻基参与：环丙基、双键、苯环对碳正离子的稳定化属于广义的邻基参与","有机化学 具体反应 邻基参与 rc_30d 化竞 反应机理 SN1","Chem::Core","[[邻基参与]]","30d","总结卡","邻基参与是指分子中与反应中心相邻的基团（含孤对电子或 π 电子）在反应过程中主动参与，通过分子内亲核进攻形成环状中间体（或过渡态），从而影响反应速率、产物分布和立体化学的现象。"
"邻基参与 有哪些常见易错点？","|  错误  |  原因  |  纠正  |  课堂提问  | 
 | :--- | :--- | :--- | :--- | 
 |  ""邻基参与导致构型翻转""  |  只算了一步  |  邻基参与是两次翻转 = 构型保持  |  邻基参与的净立体化学结果是什么？为什么？  | 
 |  ""所有邻位杂原子都参与""  |  忽略立体要求  |  必须满足 anti-periplanar 几何  |  syn-构型的 β-卤代醇能发生邻基参与吗？  | 
 |  ""邻基参与就是 SN1""  |  机理混淆  |  邻基参与是分子内两步，不是碳正离子 SN1  |  邻基参与和 SN1 的本质区别是什么？  | 
 |  ""邻基参与只加速反应""  |  忽略立体化学影响  |  邻基参与同时控制立体化学  |  邻基参与除了加速，还带来什么影响？  |","有机化学 具体反应 邻基参与 rc_30d 化竞 反应机理 SN1","Chem::Core","[[邻基参与]]","30d","易错点卡","邻基参与是指分子中与反应中心相邻的基团（含孤对电子或 π 电子）在反应过程中主动参与，通过分子内亲核进攻形成环状中间体（或过渡态），从而影响反应速率、产物分布和立体化学的现象。"
"什么是酚的亲核性？","酚（ArOH）的亲核性指其羟基氧原子作为电子供体进攻亲电中心的能力。酚氧负离子（ArO⁻）由于负电荷通过共振离域到芳环上，亲核性较醇氧负离子（RO⁻）弱，但碱性也更弱（酚的 pKa ~10，醇的 pKa ~16-18）。","有机化学 反应机理 酚的亲核性 rc_30d 化竞 酚 亲核性","Chem::Core","[[酚的亲核性]]","30d","概念卡","关键结论：
• 酚氧负离子（ArO⁻）亲核性弱于 RO⁻，但足以进行 Williamson 醚合成和某些 SN2 反应。• 酚的酸性（pKa ~10）使其在弱碱（如 NaOH、K₂CO₃）条件下即可去质子，形成亲核性更强的酚氧负离子。• 酚与重氮盐的偶联是制备偶氮染料的经典方法，反应位点通常在酚羟基的邻/对位。• ABOC 第5章提到苯酚/苯胺的酸碱性和与重氮盐的偶联反应。"
"酚的亲核性 的关键结论有哪些？","• 酚氧负离子（ArO⁻）亲核性弱于 RO⁻，但足以进行 Williamson 醚合成和某些 SN2 反应。• 酚的酸性（pKa ~10）使其在弱碱（如 NaOH、K₂CO₃）条件下即可去质子，形成亲核性更强的酚氧负离子。• 酚与重氮盐的偶联是制备偶氮染料的经典方法，反应位点通常在酚羟基的邻/对位。• ABOC 第5章提到苯酚/苯胺的酸碱性和与重氮盐的偶联反应。","有机化学 反应机理 酚的亲核性 rc_30d 化竞 酚 亲核性","Chem::Core","[[酚的亲核性]]","30d","总结卡","酚（ArOH）的亲核性指其羟基氧原子作为电子供体进攻亲电中心的能力。酚氧负离子（ArO⁻）由于负电荷通过共振离域到芳环上，亲核性较醇氧负离子（RO⁻）弱，但碱性也更弱（酚的 pKa ~10，醇的 pKa ~16-18）。"
"酚的亲核性 有哪些常见易错点？","• 混淆酚的 O-烷基化与 C-烷基化：前者是酚氧负离子的 SN2，后者是芳环上的亲电取代。• 忽视酚氧负离子亲核性弱于烷氧负离子的事实，在合成设计中误用。","有机化学 反应机理 酚的亲核性 rc_30d 化竞 酚 亲核性","Chem::Core","[[酚的亲核性]]","30d","易错点卡","酚（ArOH）的亲核性指其羟基氧原子作为电子供体进攻亲电中心的能力。酚氧负离子（ArO⁻）由于负电荷通过共振离域到芳环上，亲核性较醇氧负离子（RO⁻）弱，但碱性也更弱（酚的 pKa ~10，醇的 pKa ~16-18）。"
"什么是酰基亲核取代？","酰基亲核取代是指亲核试剂进攻羧酸衍生物的羰基碳，经四面体中间体后消除离去基团，净结果是酰基上的取代基被亲核试剂取代。","有机化学 具体反应 酰基亲核取代 rc_30d 化竞 羧酸衍生物 酰基取代 酯化","Chem::Core","[[酰基亲核取代]]","30d","概念卡","关键结论：
• 酰基取代的活性由离去基决定：Cl⁻ >> RCOO⁻ > RO⁻ > NH₂⁻• 四面体中间体是真实存在的中间体：可被稳定化和检测（如硫酯的四面体中间体较稳定）• 酸和碱都可催化酰基取代：• 酸催化：质子化羰基氧 → 增强羰基碳的亲电性• 碱催化：增强亲核试剂的亲核性（如 OH⁻ > H₂O）• 酰胺的水解需要剧烈条件：因为 NH₂⁻ 是极差的离去基，需强酸/强碱/高温• 酰卤是活性最高的羧酸衍生物：常用于实验室合成，将酰卤转化为其他衍生物"
"酰基亲核取代 的关键结论有哪些？","• 酰基取代的活性由离去基决定：Cl⁻ >> RCOO⁻ > RO⁻ > NH₂⁻• 四面体中间体是真实存在的中间体：可被稳定化和检测（如硫酯的四面体中间体较稳定）• 酸和碱都可催化酰基取代：• 酸催化：质子化羰基氧 → 增强羰基碳的亲电性• 碱催化：增强亲核试剂的亲核性（如 OH⁻ > H₂O）• 酰胺的水解需要剧烈条件：因为 NH₂⁻ 是极差的离去基，需强酸/强碱/高温• 酰卤是活性最高的羧酸衍生物：常用于实验室合成，将酰卤转化为其他衍生物","有机化学 具体反应 酰基亲核取代 rc_30d 化竞 羧酸衍生物 酰基取代 酯化","Chem::Core","[[酰基亲核取代]]","30d","总结卡","酰基亲核取代是指亲核试剂进攻羧酸衍生物的羰基碳，经四面体中间体后消除离去基团，净结果是酰基上的取代基被亲核试剂取代。"
"酰基亲核取代 有哪些常见易错点？","|  错误  |  原因  |  纠正  |  课堂提问  | 
 | :--- | :--- | :--- | :--- | 
 |  ""酯水解总是不可逆的""  |  忽略酸催化情况  |  碱催化不可逆，酸催化可逆  |  酯在酸和碱中的水解有何本质区别？  | 
 |  ""酰基取代是 SN2 机理""  |  名称误导  |  酰基取代是加成-消除，不是 SN2  |  酰基取代和 SN2 的机理有何不同？  | 
 |  ""羧酸可以直接与胺生成酰胺""  |  忽略活化需求  |  羧酸 + 胺直接加热只能成盐；需酰卤/酸酐/偶联剂活化  |  如何从苯甲酸合成苯甲酰胺？  | 
 |  ""所有酯水解条件相同""  |  忽略取代基影响  |  位阻大的酯更难水解；有吸电子基的酯更易水解  |  为什么甲酸甲酯比乙酸叔丁酯更易水解？  | 
 |  ""四面体中间体是过渡态""  |  中间体/过渡态混淆  |  四面体中间体是真实中间体（能量谷），不是过渡态  |  酰基取代的能量图有几个峰几个谷？  |","有机化学 具体反应 酰基亲核取代 rc_30d 化竞 羧酸衍生物 酰基取代 酯化","Chem::Core","[[酰基亲核取代]]","30d","易错点卡","酰基亲核取代是指亲核试剂进攻羧酸衍生物的羰基碳，经四面体中间体后消除离去基团，净结果是酰基上的取代基被亲核试剂取代。"
"什么是醇？","醇是羟基（—OH）连在饱和碳原子上的有机化合物，通式为 R—OH。醇是含氧官能团中最基础的类型，也是有机合成中重要的原料和中间体。","有机化学 含氧官能团 醇 rc_90d 化竞 羟基","Chem::Review","[[醇]]","90d","概念卡",""
"什么是醇的化学？","醇（Alcohol）：烃分子中的氢原子被羟基（-OH）取代形成的化合物，通式 R-OH。","有机化学 醇酚醚 醇的化学 rc_30d 化竞 醇 氧化还原 取代反应","Chem::Core","[[醇]]","30d","概念卡","关键结论：
4.1 醇的反应性排序

 |  反应类型  |  反应性顺序  |  原因  | 
 | :--- | :--- | :--- | 
 |  亲核取代（SN1） |  3° > 2° > 1°  |  碳正离子稳定性  | 
 |  亲核取代（SN2） |  1° > 2° > 3°  |  位阻  | 
 |  消除（E1） |  3° > 2° > 1°  |  碳正离子稳定性  | 
 |  消除（E2） |  3° > 2°（强碱） |  烯烃稳定性 + 位阻  | 
 |  氧化  |  1°/2°可氧化，3°不氧化  |  无 α-H  | 

4.2 氧化试剂选择决策树

4.3 卤代试剂选择

 |  目标  |  首选试剂  |  注意  | 
 | :--- | :--- | :--- | 
 |  1°醇 → 氯代烷  |  SOCl₂/吡啶  |  inversion  | 
 |  1°醇 → 溴代烷  |  PBr₃ 或 Appel  |  inversion  | 
 |  1°/2°/3°醇 → 氟代烷  |  DAST  |  有时 retention  | 
 |  构型翻转（2°醇） |  Mitsunobu  |  先成酯，再水解  |"
"醇的化学 的关键结论有哪些？","4.1 醇的反应性排序

 |  反应类型  |  反应性顺序  |  原因  | 
 | :--- | :--- | :--- | 
 |  亲核取代（SN1） |  3° > 2° > 1°  |  碳正离子稳定性  | 
 |  亲核取代（SN2） |  1° > 2° > 3°  |  位阻  | 
 |  消除（E1） |  3° > 2° > 1°  |  碳正离子稳定性  | 
 |  消除（E2） |  3° > 2°（强碱） |  烯烃稳定性 + 位阻  | 
 |  氧化  |  1°/2°可氧化，3°不氧化  |  无 α-H  | 

4.2 氧化试剂选择决策树

4.3 卤代试剂选择

 |  目标  |  首选试剂  |  注意  | 
 | :--- | :--- | :--- | 
 |  1°醇 → 氯代烷  |  SOCl₂/吡啶  |  inversion  | 
 |  1°醇 → 溴代烷  |  PBr₃ 或 Appel  |  inversion  | 
 |  1°/2°/3°醇 → 氟代烷  |  DAST  |  有时 retention  | 
 |  构型翻转（2°醇） |  Mitsunobu  |  先成酯，再水解  |","有机化学 醇酚醚 醇的化学 rc_30d 化竞 醇 氧化还原 取代反应","Chem::Core","[[醇]]","30d","总结卡","醇（Alcohol）：烃分子中的氢原子被羟基（-OH）取代形成的化合物，通式 R-OH。"
"醇的化学 有哪些常见易错点？","• ""PCC 氧化 1°醇得羧酸""：错误，PCC 停在醛；Jones 才氧化到羧酸• **""E2 总是","有机化学 醇酚醚 醇的化学 rc_30d 化竞 醇 氧化还原 取代反应","Chem::Core","[[醇]]","30d","易错点卡","醇（Alcohol）：烃分子中的氢原子被羟基（-OH）取代形成的化合物，通式 R-OH。"
"什么是醛酮？","醛（Aldehyde）：羰基碳至少连接一个氢原子的化合物，通式 RCHO。","有机化学 羰基化合物 醛酮 rc_30d 化竞 亲核加成","Chem::Core","[[醛酮]]","30d","概念卡","关键结论：
4.1 亲核加成活性排序

醛 > 酮 > 酯 > 酰胺

原因：• 醛：一个给电子烷基，羰基碳亲电性最强• 酮：两个给电子烷基，位阻和电子效应均降低活性• 酯/酰胺：共轭效应进一步降低羰基亲电性

4.2 醛酮鉴别反应

 |  试剂  |  醛  |  酮  |  特点  | 
 | :--- | :---: | :---: | :--- | 
 |  Tollens 试剂  |  ✅ 银镜  |  ❌  |  温和氧化  | 
 |  Fehling 试剂  |  ✅ 砖红色 Cu₂O  |  ❌  |  脂肪醛阳性  | 
 |  Schiff 试剂  |  ✅ 紫红色  |  ❌  |  品红-亚硫酸  | 
 |  NaHSO₃  |  ✅ 结晶  |  甲基酮/环酮  |  可逆加成  | 
 |  2,4-DNPH  |  ✅ 黄色沉淀  |  ✅ 黄色沉淀  |  通用鉴定  | 

4.3 Wittig 反应选择指南

 |  目标  |  试剂  |  产物构型  | 
 | :--- | :--- | :---: | 
 |"
"醛酮 的关键结论有哪些？","4.1 亲核加成活性排序

醛 > 酮 > 酯 > 酰胺

原因：• 醛：一个给电子烷基，羰基碳亲电性最强• 酮：两个给电子烷基，位阻和电子效应均降低活性• 酯/酰胺：共轭效应进一步降低羰基亲电性

4.2 醛酮鉴别反应

 |  试剂  |  醛  |  酮  |  特点  | 
 | :--- | :---: | :---: | :--- | 
 |  Tollens 试剂  |  ✅ 银镜  |  ❌  |  温和氧化  | 
 |  Fehling 试剂  |  ✅ 砖红色 Cu₂O  |  ❌  |  脂肪醛阳性  | 
 |  Schiff 试剂  |  ✅ 紫红色  |  ❌  |  品红-亚硫酸  | 
 |  NaHSO₃  |  ✅ 结晶  |  甲基酮/环酮  |  可逆加成  | 
 |  2,4-DNPH  |  ✅ 黄色沉淀  |  ✅ 黄色沉淀  |  通用鉴定  | 

4.3 Wittig 反应选择指南

 |  目标  |  试剂  |  产物构型  | 
 | :--- | :--- | :---: | 
 |","有机化学 羰基化合物 醛酮 rc_30d 化竞 亲核加成","Chem::Core","[[醛酮]]","30d","总结卡","醛（Aldehyde）：羰基碳至少连接一个氢原子的化合物，通式 RCHO。"
"醛酮 有哪些常见易错点？","• ""所有醛都能发生 Cannizzaro""：错误，必须有 α-H 的醛发生 Aldol，无 α-H 才发生 Cannizzaro• ""酮不能发生亲核加成""：错误，酮可以，但活性比醛低• ""Wittig 总是得 E-烯烃""：错误，非稳定化叶立德主要得","有机化学 羰基化合物 醛酮 rc_30d 化竞 亲核加成","Chem::Core","[[醛酮]]","30d","易错点卡","醛（Aldehyde）：羰基碳至少连接一个氢原子的化合物，通式 RCHO。"
"什么是重排反应？","重排反应是指反应过程中分子骨架发生重组，一个原子或基团从分子中的一个位置迁移到另一个位置的反应。净结果是分子内基团的位置改变，通常伴随着邻近官能团的转化。","有机化学 反应分类 重排反应 rc_30d 化竞","Chem::Core","[[重排反应]]","30d","概念卡","关键结论：
• 碳正离子重排是竞赛中最常见的重排类型：Wagner-Meerwein 重排是几乎所有碳正离子反应中都可能伴随的副反应• 1,2-氢迁移通常比 1,2-烷基迁移更快：因为 H 体积小，能垒低• 芳基迁移非常快：苯环可稳定迁移过渡态的部分正电荷• 重排反应中迁移基团保持构型：这是判断重排机理的重要依据• Pinacol 和 Beckmann 重排是合成酮/酰胺的经典方法"
"重排反应 的关键结论有哪些？","• 碳正离子重排是竞赛中最常见的重排类型：Wagner-Meerwein 重排是几乎所有碳正离子反应中都可能伴随的副反应• 1,2-氢迁移通常比 1,2-烷基迁移更快：因为 H 体积小，能垒低• 芳基迁移非常快：苯环可稳定迁移过渡态的部分正电荷• 重排反应中迁移基团保持构型：这是判断重排机理的重要依据• Pinacol 和 Beckmann 重排是合成酮/酰胺的经典方法","有机化学 反应分类 重排反应 rc_30d 化竞","Chem::Core","[[重排反应]]","30d","总结卡","重排反应是指反应过程中分子骨架发生重组，一个原子或基团从分子中的一个位置迁移到另一个位置的反应。净结果是分子内基团的位置改变，通常伴随着邻近官能团的转化。"
"重排反应 有哪些常见易错点？","|  错误  |  原因  |  纠正  |  课堂提问  | 
 | :--- | :--- | :--- | :--- | 
 |  ""重排反应改变分子式""  |  与分解反应混淆  |  重排反应不改变分子式，只是原子连接方式改变  |  重排反应和消除反应的本质区别是什么？  | 
 |  ""所有碳正离子都会重排""  |  过度概括  |  只有当重排能生成更稳定的碳正离子时才会发生  |  甲基碳正离子邻位是季碳，会重排吗？  | 
 |  ""1,2-迁移中迁移基团构型翻转""  |  与 SN2 混淆  |  1,2-迁移是协同的，迁移基团保持构型  |  1,2-迁移与 SN2 的立体化学有何不同？  | 
 |  ""Beckmann 重排中顺式基团迁移""  |  记忆错误  |  Beckmann 是反式（anti）基团迁移  |  为什么 Beckmann 重排中","有机化学 反应分类 重排反应 rc_30d 化竞","Chem::Core","[[重排反应]]","30d","易错点卡","重排反应是指反应过程中分子骨架发生重组，一个原子或基团从分子中的一个位置迁移到另一个位置的反应。净结果是分子内基团的位置改变，通常伴随着邻近官能团的转化。"
"什么是重氮化合物？","1.1 三类相关化合物的区分（极易混淆，必须明确）
 |  类别  |  通式  |  结构特点  | 
 | --- | --- | --- | 
 |  重氮盐（Diazonium Salt）  |  \ce{R-N2^+ X^-}  |  单个 R 接 N₂⁺，X⁻ 为对阴离子（如 Cl⁻、BF₄⁻）  | 
 |  偶氮化合物（Azo Compound）  |  \ce{R^1-N=N-R^2}  |  两个 R 各接一个 N，N=N 双键  | 
 |  重氮化合物（Diazo Compound）  |  \ce{R^1R^2C=N2} 或 \ce{R^1R^2C=N^+=N^-}  |  一个 C 双键到 N₂；带正/负偶极  |","有机化学 活性中间体 重氮化合物 rc_30d 化竞 名称反应 卡宾前体","Chem::Core","[[重氮化合物]]","30d","概念卡","关键结论：
4.1 三类化合物的反应模式总结
 |  类别  |  核心反应  |  驱动力  |  应用  | 
 | --- | --- | --- | --- | 
 |  芳基重氮盐  |  放氮（→Ar-Nu）/ 偶联（→Ar-N=N-Ar'）  |  脱 N₂  |  Sandmeyer、Balz-Schiemann、染料合成  | 
 |  偶氮化合物  |  受热脱 N₂ → 自由基  |  脱 N₂  |  AIBN（自由基引发）  | 
 |  重氮化合物  |  1,3-偶极环加成、卡宾前体、甲基化  |  脱 N₂  |  Wolff 重排、Arndt-Eistert、环丙烷化  | 

4.2 N₂ 离去的""无敌驱动力""
• N≡N 键能 ≈ 945 kJ/mol（化学中最高）
• 几乎所有""重氮""系反应都靠脱 N₂ 推动
• 这是""含 N₂ 的有机分子""几乎都不稳定的本质原因

4.3 安全注意
• 重氮甲烷：剧毒、爆炸性气体（黄色）
• 芳基重氮盐：低温稳定、室温分解
• α-重氮酮：相对安全（但加热易爆）
• 现代趋势：用 TMS-CHN₂、EDA 等""安全替代品"""
"重氮化合物 的关键结论有哪些？","4.1 三类化合物的反应模式总结
 |  类别  |  核心反应  |  驱动力  |  应用  | 
 | --- | --- | --- | --- | 
 |  芳基重氮盐  |  放氮（→Ar-Nu）/ 偶联（→Ar-N=N-Ar'）  |  脱 N₂  |  Sandmeyer、Balz-Schiemann、染料合成  | 
 |  偶氮化合物  |  受热脱 N₂ → 自由基  |  脱 N₂  |  AIBN（自由基引发）  | 
 |  重氮化合物  |  1,3-偶极环加成、卡宾前体、甲基化  |  脱 N₂  |  Wolff 重排、Arndt-Eistert、环丙烷化  | 

4.2 N₂ 离去的""无敌驱动力""
• N≡N 键能 ≈ 945 kJ/mol（化学中最高）
• 几乎所有""重氮""系反应都靠脱 N₂ 推动
• 这是""含 N₂ 的有机分子""几乎都不稳定的本质原因

4.3 安全注意
• 重氮甲烷：剧毒、爆炸性气体（黄色）
• 芳基重氮盐：低温稳定、室温分解
• α-重氮酮：相对安全（但加热易爆）
• 现代趋势：用 TMS-CHN₂、EDA 等""安全替代品""","有机化学 活性中间体 重氮化合物 rc_30d 化竞 名称反应 卡宾前体","Chem::Core","[[重氮化合物]]","30d","总结卡","1.1 三类相关化合物的区分（极易混淆，必须明确）
 |  类别  |  通式  |  结构特点  | 
 | --- | --- | --- | 
 |  重氮盐（Diazonium Salt）  |  \ce{R-N2^+ X^-}  |  单个 R 接 N₂⁺，X⁻ 为对阴离子（如 Cl⁻、BF₄⁻）  | 
 |  偶氮化合物（Azo Compound）  |  \ce{R^1-N=N-R^2}  |  两个 R 各接一个 N，N=N 双键  | 
 |  重氮化合物（Diazo Compound）  |  \ce{R^1R^2C=N2} 或 \ce{R^1R^2C=N^+=N^-}  |  一个 C 双键到 N₂；带正/负偶极  |"
"重氮化合物 有哪些常见易错点？","• 把重氮盐 ArN₂⁺ 与重氮甲烷 CH₂N₂ 混淆（一个阳离子、一个中性偶极）
• Sandmeyer 反应误以为是简单 SN1（实际是单电子转移）
• 忘记重氮化必须在低温（0–5 ℃）下
• 把 Wolff 重排与 Curtius 重排混淆（前者迁移到 C，后者迁移到 N）
• 忘记 N₂ 是反应所有重氮化学的""超级离去基""
• 不知道 TMS-CHN₂ 是 CH₂N₂ 的安全替代品","有机化学 活性中间体 重氮化合物 rc_30d 化竞 名称反应 卡宾前体","Chem::Core","[[重氮化合物]]","30d","易错点卡","1.1 三类相关化合物的区分（极易混淆，必须明确）
 |  类别  |  通式  |  结构特点  | 
 | --- | --- | --- | 
 |  重氮盐（Diazonium Salt）  |  \ce{R-N2^+ X^-}  |  单个 R 接 N₂⁺，X⁻ 为对阴离子（如 Cl⁻、BF₄⁻）  | 
 |  偶氮化合物（Azo Compound）  |  \ce{R^1-N=N-R^2}  |  两个 R 各接一个 N，N=N 双键  | 
 |  重氮化合物（Diazo Compound）  |  \ce{R^1R^2C=N2} 或 \ce{R^1R^2C=N^+=N^-}  |  一个 C 双键到 N₂；带正/负偶极  |"
"什么是重氮甲烷？","重氮甲烷（diazomethane, CH₂N₂）是最简单的重氮化合物，由甲基与重氮基（–N≡N⁺）相连构成。它是一种剧毒、易爆的气体（沸点仅 –24 °C），需在稀溶液中使用。重氮甲烷兼具甲基化试剂和卡宾前体的双重角色。","有机化学 有机合成 重氮甲烷 rc_30d 化竞 重氮化合物 卡宾","Chem::Core","[[重氮甲烷]]","30d","概念卡","关键结论：
• 重氮甲烷是高效、清洁的甲基化试剂，但毒性大、易爆，操作需极度谨慎。• α-重氮酮是竞赛中更常见的卡宾前体，稳定性优于重氮甲烷。• Arndt–Eistert 同系化是羧酸同系化的经典方法，一步增加一个碳原子。• 氮气的失去在能量上补偿了不稳定卡宾的形成，是反应的热力学驱动力。"
"重氮甲烷 的关键结论有哪些？","• 重氮甲烷是高效、清洁的甲基化试剂，但毒性大、易爆，操作需极度谨慎。• α-重氮酮是竞赛中更常见的卡宾前体，稳定性优于重氮甲烷。• Arndt–Eistert 同系化是羧酸同系化的经典方法，一步增加一个碳原子。• 氮气的失去在能量上补偿了不稳定卡宾的形成，是反应的热力学驱动力。","有机化学 有机合成 重氮甲烷 rc_30d 化竞 重氮化合物 卡宾","Chem::Core","[[重氮甲烷]]","30d","总结卡","重氮甲烷（diazomethane, CH₂N₂）是最简单的重氮化合物，由甲基与重氮基（–N≡N⁺）相连构成。它是一种剧毒、易爆的气体（沸点仅 –24 °C），需在稀溶液中使用。重氮甲烷兼具甲基化试剂和卡宾前体的双重角色。"
"重氮甲烷 有哪些常见易错点？","• 混淆重氮甲烷（CH₂N₂）与叠氮化合物（RN₃）的结构和反应性。• 忽视重氮甲烷的毒性和爆炸性，在实验设计题中未考虑安全因素。• Wolff 重排中烯酮中间体需进一步反应（水解/醇解）才能得到稳定产物。","有机化学 有机合成 重氮甲烷 rc_30d 化竞 重氮化合物 卡宾","Chem::Core","[[重氮甲烷]]","30d","易错点卡","重氮甲烷（diazomethane, CH₂N₂）是最简单的重氮化合物，由甲基与重氮基（–N≡N⁺）相连构成。它是一种剧毒、易爆的气体（沸点仅 –24 °C），需在稀溶液中使用。重氮甲烷兼具甲基化试剂和卡宾前体的双重角色。"
"什么是重氮盐？","重氮盐（Diazonium Salt）：芳胺（ArNH₂）在 NaNO₂/HCl（或 H₂SO₄） 作用下，于 0-5°C 生成的 ArN₂⁺X⁻ 盐。","有机化学 芳香取代 重氮盐 rc_30d 化竞 芳香重氮盐 Sandmeyer反应","Chem::Core","[[重氮盐]]","30d","概念卡","关键结论：
• 重氮盐是芳香取代的万能中间体
• 制备必须低温（0-5°C）——室温分解
• Sandmeyer = Cu(I) 催化 → ArCl/ArBr/ArCN
• Schiemann = HBF₄ → 热分解 → ArF
• 碘代不需要 Cu——直接加 KI
• 偶联反应 = 亲电芳香取代——重氮正离子进攻苯酚/苯胺
• H₃PO₂ 还原 → 去氨基

---"
"重氮盐 的关键结论有哪些？","• 重氮盐是芳香取代的万能中间体
• 制备必须低温（0-5°C）——室温分解
• Sandmeyer = Cu(I) 催化 → ArCl/ArBr/ArCN
• Schiemann = HBF₄ → 热分解 → ArF
• 碘代不需要 Cu——直接加 KI
• 偶联反应 = 亲电芳香取代——重氮正离子进攻苯酚/苯胺
• H₃PO₂ 还原 → 去氨基

---","有机化学 芳香取代 重氮盐 rc_30d 化竞 芳香重氮盐 Sandmeyer反应","Chem::Core","[[重氮盐]]","30d","总结卡","重氮盐（Diazonium Salt）：芳胺（ArNH₂）在 NaNO₂/HCl（或 H₂SO₄） 作用下，于 0-5°C 生成的 ArN₂⁺X⁻ 盐。"
"重氮盐 有哪些常见易错点？","• ❌ 重氮盐可以室温储存 → 必须 0-5°C，立即使用
• ❌ 碘代也需要 Cu 催化 → 碘代 不需要 Cu，直接加 KI
• ❌ Schiemann 用 CuF → Schiemann 用 HBF₄
• ❌ 偶联反应是亲核取代 → 偶联是亲电取代（重氮正离子进攻苯酚）
• ❌ **去氨基用","有机化学 芳香取代 重氮盐 rc_30d 化竞 芳香重氮盐 Sandmeyer反应","Chem::Core","[[重氮盐]]","30d","易错点卡","重氮盐（Diazonium Salt）：芳胺（ArNH₂）在 NaNO₂/HCl（或 H₂SO₄） 作用下，于 0-5°C 生成的 ArN₂⁺X⁻ 盐。"
"什么是金属有机与羰基化学？","金属有机与羰基化学是研究一氧化碳（CO）作为配体与过渡金属形成的配合物（金属羰基化合物）及其反应性质的化学分支。CO 是最经典的 π 接受体配体，能稳定金属的低价氧化态（甚至零价），其成键模式和反应性在金属有机化学和工业催化中具有核心地位。","有机化学 金属有机化学 金属有机基础 金属有机与羰基化学 rc_30d 化竞 决赛 金属有机 羰基化合物 18电子规则","Chem::Core","[[金属有机与羰基化学]]","30d","概念卡","关键结论：
• π 反馈是羰基化合物稳定性的核心：没有 d 电子反馈，CO 只是极弱的 σ 给予体。• IR ν(CO) 是判断反馈强度的标尺：频率越低，反馈越强，M—C 键越强，C—O 键越弱。• 18 电子规则系统化羰基化合物结构：族号奇偶决定单核/双核，M—M 键是补足电子的常用手段。• 金属羰基化合物是金属有机合成的""万能前体""：通过取代、氧化、还原可衍生出几乎所有类型的金属有机化合物。"
"金属有机与羰基化学 的关键结论有哪些？","• π 反馈是羰基化合物稳定性的核心：没有 d 电子反馈，CO 只是极弱的 σ 给予体。• IR ν(CO) 是判断反馈强度的标尺：频率越低，反馈越强，M—C 键越强，C—O 键越弱。• 18 电子规则系统化羰基化合物结构：族号奇偶决定单核/双核，M—M 键是补足电子的常用手段。• 金属羰基化合物是金属有机合成的""万能前体""：通过取代、氧化、还原可衍生出几乎所有类型的金属有机化合物。","有机化学 金属有机化学 金属有机基础 金属有机与羰基化学 rc_30d 化竞 决赛 金属有机 羰基化合物 18电子规则","Chem::Core","[[金属有机与羰基化学]]","30d","总结卡","金属有机与羰基化学是研究一氧化碳（CO）作为配体与过渡金属形成的配合物（金属羰基化合物）及其反应性质的化学分支。CO 是最经典的 π 接受体配体，能稳定金属的低价氧化态（甚至零价），其成键模式和反应性在金属有机化学和工业催化中具有核心地位。"
"金属有机与羰基化学 有哪些常见易错点？","• ν(CO) 变化方向：反馈越强，ν(CO) 越低，不是越高。容易与键能变化方向混淆。• 桥连 CO 的电子计数：μ²-CO 向整个簇贡献 2e，每个金属获得 1e（不是 2e/金属）。• 18 电子规则的例外：[V(CO)₆] 是稳定的 17 电子化合物（空间位阻阻止二聚），不能机械套用规则。• M—M 键的电子计数：每个金属从 M—M 键获得 1e，不是 2e。","有机化学 金属有机化学 金属有机基础 金属有机与羰基化学 rc_30d 化竞 决赛 金属有机 羰基化合物 18电子规则","Chem::Core","[[金属有机与羰基化学]]","30d","易错点卡","金属有机与羰基化学是研究一氧化碳（CO）作为配体与过渡金属形成的配合物（金属羰基化合物）及其反应性质的化学分支。CO 是最经典的 π 接受体配体，能稳定金属的低价氧化态（甚至零价），其成键模式和反应性在金属有机化学和工业催化中具有核心地位。"
"什么是鎓离子？","鎓离子（Onium Ion）：烯烃与亲电试剂（如卤素、Hg²⁺ 等）反应时形成的三元环状正离子中间体。中心原子（卤素、O、Hg、Se、S 等）通过孤对电子与双键的两个碳形成三元环，用环张力换取八隅体碳的稳定化。","有机化学 亲电加成 鎓离子 rc_30d 化竞 非经典碳正离子","Chem::Core","[[鎓离子]]","30d","概念卡","关键结论：
• 鎓离子 = 用环张力换八隅体稳定化——三元环张力高，但两个碳都满足八隅律
• 开环方向 = 多取代一边——本质是碳正离子稳定性（Hammond 假说）
• Br₂/I₂ = 反式加成（鎓离子机理）；Cl₂ = 顺式加成（离子对机理）
• 分子内开环 > 分子间开环——熵优势
• 汞鎓离子的独特价值：避免碳正离子重排（Ch.2 §2.8 行 1916 提及的""如何避免重排""的答案）
• 画鎓离子必须标立体构型——楔形键/虚线键不可省略

---"
"鎓离子 的关键结论有哪些？","• 鎓离子 = 用环张力换八隅体稳定化——三元环张力高，但两个碳都满足八隅律
• 开环方向 = 多取代一边——本质是碳正离子稳定性（Hammond 假说）
• Br₂/I₂ = 反式加成（鎓离子机理）；Cl₂ = 顺式加成（离子对机理）
• 分子内开环 > 分子间开环——熵优势
• 汞鎓离子的独特价值：避免碳正离子重排（Ch.2 §2.8 行 1916 提及的""如何避免重排""的答案）
• 画鎓离子必须标立体构型——楔形键/虚线键不可省略

---","有机化学 亲电加成 鎓离子 rc_30d 化竞 非经典碳正离子","Chem::Core","[[鎓离子]]","30d","总结卡","鎓离子（Onium Ion）：烯烃与亲电试剂（如卤素、Hg²⁺ 等）反应时形成的三元环状正离子中间体。中心原子（卤素、O、Hg、Se、S 等）通过孤对电子与双键的两个碳形成三元环，用环张力换取八隅体碳的稳定化。"
"鎓离子 有哪些常见易错点？","• ❌ 认为所有卤素都形成鎓离子 → Cl₂ 通常走离子对机理（Cl 半径太小）
• ❌ 开环方向死记""多取代""而不理解本质 → 本质是碳正离子稳定性（Hammond 假说）
• ❌ 画鎓离子不标立体构型 → 必须画楔形键/虚线键，否则扣分
• ❌ 忽略分子内反应优先 → 卤代内酯化是经典考点
• ❌ 混淆鎓离子与经典碳正离子 → 鎓离子是""被束缚""的碳正离子，不易重排
• ❌ 认为碱性条件下也走多取代 → 环氧碱性开环是 SN2，进攻位阻小碳
• ❌ 忘记抗衡离子 → 鎓离子是阳离子，必须有 X⁻ 等抗衡离子
• ❌ 把汞鎓离子当普通鎓离子处理 → Hg 的特殊价值是""避免重排""

---","有机化学 亲电加成 鎓离子 rc_30d 化竞 非经典碳正离子","Chem::Core","[[鎓离子]]","30d","易错点卡","鎓离子（Onium Ion）：烯烃与亲电试剂（如卤素、Hg²⁺ 等）反应时形成的三元环状正离子中间体。中心原子（卤素、O、Hg、Se、S 等）通过孤对电子与双键的两个碳形成三元环，用环张力换取八隅体碳的稳定化。"
"什么是铜锂试剂？","铜锂试剂（Gilman Reagent） 通式为 R₂CuLi，是由两当量有机锂试剂（RLi）与一当量碘化亚铜（CuI）在低温下反应制备的有机金属化合物。","有机化学 具体反应 铜锂试剂 rc_30d 化竞 金属有机","Chem::Core","[[铜锂试剂]]","30d","概念卡","关键结论：
• 铜锂试剂是实现 1,4-加成的首选试剂：将 α,β-不饱和羰基转化为 β-烷基取代的饱和羰基• 与酰氯反应得酮（不继续加成）：R₂CuLi + R'COCl → RCOR' + RCu + LiCl。这是合成酮的独特方法• 与环氧反应开环：进攻位阻较小的碳，SN2 机理• 与卤代烃偶联（Corey-House 反应）：R₂CuLi + R'X → R-R' + RCu + LiX。适用于 1°、烯丙基、苄基卤代烃• 不能直接制备：必须由 RLi + CuI 原位制备；无法像格氏试剂一样商品化储存• 催化量 Cu(I) 可转化格氏试剂的加成模式：RMgX + 催化量 CuI/LiCl → 原位生成 RCu，实现 1,4-加成"
"铜锂试剂 的关键结论有哪些？","• 铜锂试剂是实现 1,4-加成的首选试剂：将 α,β-不饱和羰基转化为 β-烷基取代的饱和羰基• 与酰氯反应得酮（不继续加成）：R₂CuLi + R'COCl → RCOR' + RCu + LiCl。这是合成酮的独特方法• 与环氧反应开环：进攻位阻较小的碳，SN2 机理• 与卤代烃偶联（Corey-House 反应）：R₂CuLi + R'X → R-R' + RCu + LiX。适用于 1°、烯丙基、苄基卤代烃• 不能直接制备：必须由 RLi + CuI 原位制备；无法像格氏试剂一样商品化储存• 催化量 Cu(I) 可转化格氏试剂的加成模式：RMgX + 催化量 CuI/LiCl → 原位生成 RCu，实现 1,4-加成","有机化学 具体反应 铜锂试剂 rc_30d 化竞 金属有机","Chem::Core","[[铜锂试剂]]","30d","总结卡","铜锂试剂（Gilman Reagent） 通式为 R₂CuLi，是由两当量有机锂试剂（RLi）与一当量碘化亚铜（CuI）在低温下反应制备的有机金属化合物。"
"铜锂试剂 有哪些常见易错点？","|  错误  |  原因  |  纠正  |  课堂提问  | 
 | :--- | :--- | :--- | :--- | 
 |  认为铜锂试剂与饱和酮反应  |  混淆亲核性  |  R₂CuLi 不与饱和醛/酮反应（太软，不匹配硬中心） |  铜锂试剂与丙酮混合会怎样？  | 
 |  1,4-加成后产物画错  |  忘记烯醇盐质子化  |  1,4-加成后得 烯醇盐，需酸性后处理得饱和羰基  |  1,4-加成后的中间体是什么？如何转化为最终产物？  | 
 |  与酰氯反应继续加成  |  与 RLi/RMgX 混淆  |  R₂CuLi + 酰氯 → 酮（不继续加成），这是合成酮的独特方法  |  为什么铜锂试剂与酰氯反应停在酮，而格氏试剂不停？  | 
 |  忽略 Corey-House 偶联的底物限制  |  认为所有卤代烃都能偶联  |   Corey-House 仅适用于 1°、烯丙基、苄基卤代烃；2°/3° 产率低  |  为什么 2-溴丙烷与 (CH₃)₂CuLi 偶联效果差？  | 
 |  催化量 Cu(I) 法与原位制备混淆  |  概念不清  |  催化量 Cu(I) 法 = 格氏试剂 + 少量 CuI → 原位生成铜试剂；纯 R₂CuLi = 2 RLi + CuI  |  两种方法各有什么优缺点？  |","有机化学 具体反应 铜锂试剂 rc_30d 化竞 金属有机","Chem::Core","[[铜锂试剂]]","30d","易错点卡","铜锂试剂（Gilman Reagent） 通式为 R₂CuLi，是由两当量有机锂试剂（RLi）与一当量碘化亚铜（CuI）在低温下反应制备的有机金属化合物。"
"什么是铬试剂？","铬试剂是一类以六价铬（Cr(VI)）为活性中心的氧化剂，广泛用于醇的氧化。根据反应条件和配体不同，铬试剂可将一级醇氧化为醛或羧酸，将二级醇氧化为酮。常见的铬试剂包括 Jones 试剂、PCC、PDC 和 Collins 试剂等。","有机化学 有机合成 铬试剂 rc_30d 化竞 氧化反应 铬","Chem::Core","[[铬试剂]]","30d","概念卡","关键结论：
• PCC/PDC/Collins 是制备醛的首选铬试剂，因为反应停在醛。• Jones 试剂用于需要彻底氧化的场合（醇 → 羧酸）。• 铬试剂有毒性和环境危害，在绿色化学趋势下，Swern、Dess-Martin 等无金属氧化剂日益受到重视。• 38届初赛涉及铬的化合物（醋酸亚铬结构、Cr–Cr 四重键），但属于无机化学范畴。"
"铬试剂 的关键结论有哪些？","• PCC/PDC/Collins 是制备醛的首选铬试剂，因为反应停在醛。• Jones 试剂用于需要彻底氧化的场合（醇 → 羧酸）。• 铬试剂有毒性和环境危害，在绿色化学趋势下，Swern、Dess-Martin 等无金属氧化剂日益受到重视。• 38届初赛涉及铬的化合物（醋酸亚铬结构、Cr–Cr 四重键），但属于无机化学范畴。","有机化学 有机合成 铬试剂 rc_30d 化竞 氧化反应 铬","Chem::Core","[[铬试剂]]","30d","总结卡","铬试剂是一类以六价铬（Cr(VI)）为活性中心的氧化剂，广泛用于醇的氧化。根据反应条件和配体不同，铬试剂可将一级醇氧化为醛或羧酸，将二级醇氧化为酮。常见的铬试剂包括 Jones 试剂、PCC、PDC 和 Collins 试剂等。"
"铬试剂 有哪些常见易错点？","• 误认为 PCC 氧化 1°醇得羧酸（ABOC 踩坑回流中专门指出此误区）。• 在含多羟基的底物中，未考虑选择保护/脱保护策略。","有机化学 有机合成 铬试剂 rc_30d 化竞 氧化反应 铬","Chem::Core","[[铬试剂]]","30d","易错点卡","铬试剂是一类以六价铬（Cr(VI)）为活性中心的氧化剂，广泛用于醇的氧化。根据反应条件和配体不同，铬试剂可将一级醇氧化为醛或羧酸，将二级醇氧化为酮。常见的铬试剂包括 Jones 试剂、PCC、PDC 和 Collins 试剂等。"
"什么是锂卤交换？","锂卤交换（halogen-lithium exchange）是指有机锂试剂（通常为丁基锂，n-BuLi 或 t-BuLi）与卤代烃（R–X）之间发生的快速金属-卤素交换反应，生成新的有机锂试剂（R–Li）和相应的卤代丁烷。这是制备芳基锂、烯基锂等有机锂试剂的重要方法。","有机化学 有机合成 锂卤交换 rc_30d 化竞 有机金属试剂 锂试剂","Chem::Core","[[锂卤交换]]","30d","概念卡","关键结论：
• 锂卤交换是制备敏感有机锂试剂的首选方法，因为避免了格氏试剂制备中的官能团兼容性问题。• 反应需在低温（–78 °C）和无水条件下进行，防止生成的有机锂分解或发生副反应。• 34届初赛第10-3-1题涉及锂卤交换：三元环开环与分子内缩合，锂卤交换后发生 E1cb 消除和桥环合成。• 卤素-金属交换不仅限于 Li，Mg、"
"锂卤交换 的关键结论有哪些？","• 锂卤交换是制备敏感有机锂试剂的首选方法，因为避免了格氏试剂制备中的官能团兼容性问题。• 反应需在低温（–78 °C）和无水条件下进行，防止生成的有机锂分解或发生副反应。• 34届初赛第10-3-1题涉及锂卤交换：三元环开环与分子内缩合，锂卤交换后发生 E1cb 消除和桥环合成。• 卤素-金属交换不仅限于 Li，Mg、","有机化学 有机合成 锂卤交换 rc_30d 化竞 有机金属试剂 锂试剂","Chem::Core","[[锂卤交换]]","30d","总结卡","锂卤交换（halogen-lithium exchange）是指有机锂试剂（通常为丁基锂，n-BuLi 或 t-BuLi）与卤代烃（R–X）之间发生的快速金属-卤素交换反应，生成新的有机锂试剂（R–Li）和相应的卤代丁烷。这是制备芳基锂、烯基锂等有机锂试剂的重要方法。"
"锂卤交换 有哪些常见易错点？","• 忽视锂卤交换与去质子化的竞争：有酸性氢的底物可能不发生交换。• 混淆锂卤交换和格氏试剂制备的机理差异。• 未注意低温操作的重要性，导致生成的有机锂分解。","有机化学 有机合成 锂卤交换 rc_30d 化竞 有机金属试剂 锂试剂","Chem::Core","[[锂卤交换]]","30d","易错点卡","锂卤交换（halogen-lithium exchange）是指有机锂试剂（通常为丁基锂，n-BuLi 或 t-BuLi）与卤代烃（R–X）之间发生的快速金属-卤素交换反应，生成新的有机锂试剂（R–Li）和相应的卤代丁烷。这是制备芳基锂、烯基锂等有机锂试剂的重要方法。"
"什么是锯架式？","锯架式（Sawhorse Projection）是一种从侧面透视观察 C—C 键的三维结构表示法，因形似锯木架（sawhorse）而得名。它通过倾斜的碳碳键和向外展开的取代基键，同时展示相邻两个碳原子上所有取代基的空间关系，是表达构象和相对立体化学的直观工具。","有机化学 结构表达 锯架式 rc_30d 化竞 构象","Chem::Core","[[锯架式]]","30d","概念卡","关键结论：
• 锯架式是最直观的构象表示法之一：同时展示两个碳及其所有取代基的空间关系• 锯架式与 Newman 投影式是同一物体的两种观察角度：掌握二者互转是立体化学的基本功• 反式构象（anti）总是最稳定的：最大基团相距最远，位阻和扭转张力最小• 全重叠构象能量最高：大基团直接重叠产生强烈的 van der Waals 斥力• 锯架式也可用于表达相邻手性中心的相对构型：如赤式（erythro）和苏式（threo）的表示"
"锯架式 的关键结论有哪些？","• 锯架式是最直观的构象表示法之一：同时展示两个碳及其所有取代基的空间关系• 锯架式与 Newman 投影式是同一物体的两种观察角度：掌握二者互转是立体化学的基本功• 反式构象（anti）总是最稳定的：最大基团相距最远，位阻和扭转张力最小• 全重叠构象能量最高：大基团直接重叠产生强烈的 van der Waals 斥力• 锯架式也可用于表达相邻手性中心的相对构型：如赤式（erythro）和苏式（threo）的表示","有机化学 结构表达 锯架式 rc_30d 化竞 构象","Chem::Core","[[锯架式]]","30d","总结卡","锯架式（Sawhorse Projection）是一种从侧面透视观察 C—C 键的三维结构表示法，因形似锯木架（sawhorse）而得名。它通过倾斜的碳碳键和向外展开的取代基键，同时展示相邻两个碳原子上所有取代基的空间关系，是表达构象和相对立体化学的直观工具。"
"锯架式 有哪些常见易错点？","|  错误  |  原因  |  纠正  |  课堂提问  | 
 | :--- | :--- | :--- | :--- | 
 |  ""锯架式中所有键都在纸面内""  |  误解透视关系  |  锯架式是三维透视，前碳和后碳的取代基有前后层次  |  锯架式和键线式的根本区别是什么？  | 
 |  ""锯架式和 Newman 是两种不同构象""  |  混淆投影与构象  |  它们是同一构象的不同投影，不是不同构象  |  锯架式的 anti 和 Newman 的 anti 是同一个构象吗？  | 
 |  ""画锯架式时碳碳键画成水平线""  |  不了解标准画法  |  碳碳键应画成斜线（约 120°），才有透视感  |  锯架式为什么叫""锯架""？  | 
 |  ""从锯架式无法判断 R/S""  |  不了解转换方法  |  锯架式可转换为楔形式或 Fischer 投影式后判断 R/S  |  锯架式中的手性中心如何判断构型？  | 
 |  ""旁式和反式能量相同""  |  忽略 gauche 相互作用  |  反式比旁式稳定约 0.9 kcal/mol（丁烷） |  丁烷的旁式和反式哪个更稳定？为什么？  |","有机化学 结构表达 锯架式 rc_30d 化竞 构象","Chem::Core","[[锯架式]]","30d","易错点卡","锯架式（Sawhorse Projection）是一种从侧面透视观察 C—C 键的三维结构表示法，因形似锯木架（sawhorse）而得名。它通过倾斜的碳碳键和向外展开的取代基键，同时展示相邻两个碳原子上所有取代基的空间关系，是表达构象和相对立体化学的直观工具。"
"什么是非对映异构？","非对映异构体（Diastereomers）是指互为立体异构体但不互为镜像的分子。当分子含有两个或两个以上手性中心时，除对映体外，其余立体异构体之间均为非对映关系。","有机化学 立体化学 非对映异构 rc_30d 化竞 非对映体","Chem::Core","[[非对映异构]]","30d","概念卡","关键结论：
• 非对映异构体的物理性质不同：这是与对映体的根本区别
• meso 化合物是""有手性中心的无手性分子""：分子内对称面抵消了手性
• 非对映体的化学性质也不同：尤其在手性试剂或手性催化剂存在下差异显著
• 差向异构体（Epimers）是非对映体的子集：仅一个手性中心构型不同，其余相同
• 分离非对映体比对映体容易：可用常规色谱或结晶方法"
"非对映异构 的关键结论有哪些？","• 非对映异构体的物理性质不同：这是与对映体的根本区别
• meso 化合物是""有手性中心的无手性分子""：分子内对称面抵消了手性
• 非对映体的化学性质也不同：尤其在手性试剂或手性催化剂存在下差异显著
• 差向异构体（Epimers）是非对映体的子集：仅一个手性中心构型不同，其余相同
• 分离非对映体比对映体容易：可用常规色谱或结晶方法","有机化学 立体化学 非对映异构 rc_30d 化竞 非对映体","Chem::Core","[[非对映异构]]","30d","总结卡","非对映异构体（Diastereomers）是指互为立体异构体但不互为镜像的分子。当分子含有两个或两个以上手性中心时，除对映体外，其余立体异构体之间均为非对映关系。"
"非对映异构 有哪些常见易错点？","|  错误  |  原因  |  纠正  |  课堂提问  | 
 | :--- | :--- | :--- | :--- | 
 |  ""所有含两个手性中心的分子都有 4 个立体异构体""  |  忽略对称性和 meso 体  |  对称分子可能产生 meso 体，使总数减至 3  |  2,3-二氯丁烷有几个立体异构体？  | 
 |  ""meso 化合物没有手性中心""  |  概念混淆  |  meso 化合物有手性中心，但分子整体有对称面  |  meso-酒石酸有手性中心吗？它有旋光性吗？  | 
 |  ""非对映体和对映体性质相同""  |  混淆两类异构体  |  非对映体物理化学性质都不同；对映体在非手性环境性质相同  |  顺-2-丁烯和反-2-丁烯的沸点相同吗？  | 
 |  ""差向异构体是对映体""  |  忽略""仅一个中心不同""  |  差向异构体是非对映体（不互为镜像） |  D-葡萄糖和 D-半乳糖是对映体吗？  | 
 |  ""端基异构体是对映体""  |  忽略 α/β 的糖类关系  |  α-D-葡萄糖和 β-D-葡萄糖是非对映体（端基差向异构体） |  α-D-葡萄糖和 β-D-葡萄糖是对映体吗？  |","有机化学 立体化学 非对映异构 rc_30d 化竞 非对映体","Chem::Core","[[非对映异构]]","30d","易错点卡","非对映异构体（Diastereomers）是指互为立体异构体但不互为镜像的分子。当分子含有两个或两个以上手性中心时，除对映体外，其余立体异构体之间均为非对映关系。"
"什么是非对映选择性？","非对映选择性（Diastereoselectivity） 是指反应生成两个或多个非对映异构体时，其中某一非对映体被优先生成的倾向性。它描述的是反应在立体化学上的""偏向性""，是立体选择性合成（stereoselective synthesis）的核心概念之一。","有机化学 立体化学 非对映选择性 rc_30d 化竞 Felkin-Anh","Chem::Core","[[非对映选择性]]","30d","概念卡","关键结论：
• Felkin-Anh 模型是默认分析框架：无螯合可能时，大基团或负电性原子与 C=O 正交，亲核试剂从空阻小面进攻• 螯合控制可逆转选择性：金属离子配位锁定构象，使 C=O 与杂原子接近，产物立体化学与 Felkin-Anh 预测相反• **"
"非对映选择性 的关键结论有哪些？","• Felkin-Anh 模型是默认分析框架：无螯合可能时，大基团或负电性原子与 C=O 正交，亲核试剂从空阻小面进攻• 螯合控制可逆转选择性：金属离子配位锁定构象，使 C=O 与杂原子接近，产物立体化学与 Felkin-Anh 预测相反• **","有机化学 立体化学 非对映选择性 rc_30d 化竞 Felkin-Anh","Chem::Core","[[非对映选择性]]","30d","总结卡","非对映选择性（Diastereoselectivity） 是指反应生成两个或多个非对映异构体时，其中某一非对映体被优先生成的倾向性。它描述的是反应在立体化学上的""偏向性""，是立体选择性合成（stereoselective synthesis）的核心概念之一。"
"非对映选择性 有哪些常见易错点？","|  错误  |  原因  |  纠正  |  课堂提问  | 
 | :--- | :--- | :--- | :--- | 
 |  Felkin-Anh 构象画错  |  把大基团画成与 C=O 重叠而非正交  |  大基团必须与 C=O 正交（~90° dihedral） |  Newman 投影中 L 基团朝向哪里？  | 
 |  螯合金属判断错误  |  认为所有金属都螯合或都不螯合  |  Na⁺/K⁺ 通常不螯合；","有机化学 立体化学 非对映选择性 rc_30d 化竞 Felkin-Anh","Chem::Core","[[非对映选择性]]","30d","易错点卡","非对映选择性（Diastereoselectivity） 是指反应生成两个或多个非对映异构体时，其中某一非对映体被优先生成的倾向性。它描述的是反应在立体化学上的""偏向性""，是立体选择性合成（stereoselective synthesis）的核心概念之一。"
"什么是非经典碳正离子？","非经典碳正离子（nonclassical carbocation）是指正电荷不是定域在单个碳原子上，而是通过桥键或离域分布在多个碳原子上的碳正离子。最典型的例子是 2-降冰片基碳正离子（2-norbornyl cation），其中 C1–C6 键参与形成三中心两电子键，正电荷离域在 C1、C2、C6 上。","有机化学 反应机理 非经典碳正离子 rc_30d 化竞 碳正离子 超共轭","Chem::Core","[[非经典碳正离子]]","30d","概念卡","关键结论：
• 非经典碳正离子的稳定性远高于相应的经典碳正离子，这解释了降冰片基体系的异常反应活性。• 邻基参与（neighboring group participation）是形成非经典碳正离子的关键。• ABOC 将鎓离子统一视为非经典碳正离子，是理解开环方向本质的重要视角。• 竞赛中，非经典碳正离子概念常用于解释异常溶剂解速率、重排产物和立体化学结果。"
"非经典碳正离子 的关键结论有哪些？","• 非经典碳正离子的稳定性远高于相应的经典碳正离子，这解释了降冰片基体系的异常反应活性。• 邻基参与（neighboring group participation）是形成非经典碳正离子的关键。• ABOC 将鎓离子统一视为非经典碳正离子，是理解开环方向本质的重要视角。• 竞赛中，非经典碳正离子概念常用于解释异常溶剂解速率、重排产物和立体化学结果。","有机化学 反应机理 非经典碳正离子 rc_30d 化竞 碳正离子 超共轭","Chem::Core","[[非经典碳正离子]]","30d","总结卡","非经典碳正离子（nonclassical carbocation）是指正电荷不是定域在单个碳原子上，而是通过桥键或离域分布在多个碳原子上的碳正离子。最典型的例子是 2-降冰片基碳正离子（2-norbornyl cation），其中 C1–C6 键参与形成三中心两电子键，正电荷离域在 C1、C2、C6 上。"
"非经典碳正离子 有哪些常见易错点？","• 滥用非经典碳正离子概念解释所有异常反应；实际上许多""异常""可用经典离子 + 超共轭解释。• 混淆非经典碳正离子与经典碳正离子的结构表示方法。","有机化学 反应机理 非经典碳正离子 rc_30d 化竞 碳正离子 超共轭","Chem::Core","[[非经典碳正离子]]","30d","易错点卡","非经典碳正离子（nonclassical carbocation）是指正电荷不是定域在单个碳原子上，而是通过桥键或离域分布在多个碳原子上的碳正离子。最典型的例子是 2-降冰片基碳正离子（2-norbornyl cation），其中 C1–C6 键参与形成三中心两电子键，正电荷离域在 C1、C2、C6 上。"
"什么是顺反异构？","顺反异构（几何异构）是由于双键的不可旋转性或环状结构的限制，导致分子中取代基在空间具有不同相对排布的立体异构现象。顺反异构体互为非对映体（diastereomers），具有不同的物理性质和化学活性。","有机化学 立体化学 顺反异构 rc_30d 化竞","Chem::Core","[[顺反异构]]","30d","概念卡","关键结论：
• 顺反异构体是非对映体：不是镜像关系，因此物理性质不同（熔点、沸点、偶极矩、溶解度）• 顺式通常极性更大、沸点更高：因为偶极矩不为零；反式通常更对称、熔点更高• **E/"
"顺反异构 的关键结论有哪些？","• 顺反异构体是非对映体：不是镜像关系，因此物理性质不同（熔点、沸点、偶极矩、溶解度）• 顺式通常极性更大、沸点更高：因为偶极矩不为零；反式通常更对称、熔点更高• **E/","有机化学 立体化学 顺反异构 rc_30d 化竞","Chem::Core","[[顺反异构]]","30d","总结卡","顺反异构（几何异构）是由于双键的不可旋转性或环状结构的限制，导致分子中取代基在空间具有不同相对排布的立体异构现象。顺反异构体互为非对映体（diastereomers），具有不同的物理性质和化学活性。"
"顺反异构 有哪些常见易错点？","|  错误  |  原因  |  纠正  |  课堂提问  | 
 | :--- | :--- | :--- | :--- | 
 |  ""有双键就有顺反异构""  |  忽略取代基条件  |  必须每个双键碳上连接两个不同基团  |  CH₂=CHCl 有顺反异构吗？  | 
 |  ""","有机化学 立体化学 顺反异构 rc_30d 化竞","Chem::Core","[[顺反异构]]","30d","易错点卡","顺反异构（几何异构）是由于双键的不可旋转性或环状结构的限制，导致分子中取代基在空间具有不同相对排布的立体异构现象。顺反异构体互为非对映体（diastereomers），具有不同的物理性质和化学活性。"
"什么是马氏规则？","马氏规则：烯烃与卤化氢（HX）等不对称亲电试剂发生加成时，氢原子（或正电部分）优先加到含氢较多的双键碳上，卤素（或负电部分）加到含氢较少的双键碳上。","有机化学 加成反应 马氏规则 rc_30d 化竞 碳正离子","Chem::Core","[[马氏规则]]","30d","概念卡","关键结论：
• 马氏规则的本质 = 碳正离子稳定性——不是经验规律，而是有物理有机基础
• 过渡态已带部分正电荷——所以碳正离子的稳定因素在 TS 中就开始发挥作用
• 吸电子基团可能导致""反马氏""行为——电子效应压倒结构效应
• 碳正离子中间体可重排——马氏规则预测的是第一步，实际产物可能经 Wagner-Meerwein 重排（见 1,2-迁移与重排）
• 烯烃加水制醇时易重排——因为是 SN1 型碳正离子机理（ABOC 行 1916）

---"
"马氏规则 的关键结论有哪些？","• 马氏规则的本质 = 碳正离子稳定性——不是经验规律，而是有物理有机基础
• 过渡态已带部分正电荷——所以碳正离子的稳定因素在 TS 中就开始发挥作用
• 吸电子基团可能导致""反马氏""行为——电子效应压倒结构效应
• 碳正离子中间体可重排——马氏规则预测的是第一步，实际产物可能经 Wagner-Meerwein 重排（见 1,2-迁移与重排）
• 烯烃加水制醇时易重排——因为是 SN1 型碳正离子机理（ABOC 行 1916）

---","有机化学 加成反应 马氏规则 rc_30d 化竞 碳正离子","Chem::Core","[[马氏规则]]","30d","总结卡","马氏规则：烯烃与卤化氢（HX）等不对称亲电试剂发生加成时，氢原子（或正电部分）优先加到含氢较多的双键碳上，卤素（或负电部分）加到含氢较少的双键碳上。"
"马氏规则 有哪些常见易错点？","• ❌ 把马氏规则当经验口诀死记 → 本质是碳正离子稳定性，理解了才能处理例外
• ❌ 忽略碳正离子重排 → 马氏规则只预测第一步，产物可能重排
• ❌ 认为所有 HX 都遵循马氏 → HBr/ROOR 是反马氏（自由基机理）
• ❌ 吸电子基团存在时仍机械套马氏 → CF₃, CN, COOR 等可能反转
• ❌ 混淆马氏规则与区域选择性 → 马氏是区域选择性的一个特例
• ❌ 认为反马氏就是""错误""的 → 反马氏有其独立的机理基础（自由基/电子效应）
• ❌ 忽略卤素的特殊效应 → 卤乙烯（CH₂=CHCl）仍遵循马氏，因为 Cl 的 +C 效应

---","有机化学 加成反应 马氏规则 rc_30d 化竞 碳正离子","Chem::Core","[[马氏规则]]","30d","易错点卡","马氏规则：烯烃与卤化氢（HX）等不对称亲电试剂发生加成时，氢原子（或正电部分）优先加到含氢较多的双键碳上，卤素（或负电部分）加到含氢较少的双键碳上。"
"什么是高分子化学？","高分子（Polymer）：由大量重复结构单元（单体）通过共价键连接而成的大分子化合物，分子量通常在 10⁴ 以上。","有机化学 高分子 高分子化学 rc_30d 化竞 聚合 聚合物","Chem::Core","[[高分子化学]]","30d","概念卡","关键结论：
• 加聚无副产物，缩聚有小分子副产物• 链式聚合分子量增长快，逐步聚合分子量增长慢• **"
"高分子化学 的关键结论有哪些？","• 加聚无副产物，缩聚有小分子副产物• 链式聚合分子量增长快，逐步聚合分子量增长慢• **","有机化学 高分子 高分子化学 rc_30d 化竞 聚合 聚合物","Chem::Core","[[高分子化学]]","30d","总结卡","高分子（Polymer）：由大量重复结构单元（单体）通过共价键连接而成的大分子化合物，分子量通常在 10⁴ 以上。"
"高分子化学 有哪些常见易错点？","• ❌ 混淆加聚和缩聚 → 加聚无副产物，缩聚有小分子• ❌ 忽略逐步聚合的等摩尔比要求 → 不等摩尔比限制分子量• ❌ 混淆链式和逐步聚合的特征 → 链式有活性中心，逐步是官能团反应• ❌ 认为所有聚合都是自由基机理 → 还有离子、配位、开环等机理","有机化学 高分子 高分子化学 rc_30d 化竞 聚合 聚合物","Chem::Core","[[高分子化学]]","30d","易错点卡","高分子（Polymer）：由大量重复结构单元（单体）通过共价键连接而成的大分子化合物，分子量通常在 10⁴ 以上。"
"什么是高分子重复单元？","高分子（聚合物，Polymer）是由大量重复结构单元（重复单元，Repeat Unit）通过共价键连接而成的大分子化合物。重复单元是由单体（Monomer）通过聚合反应形成的、在聚合物链中周期性出现的最小结构片段。","有机化学 特殊体系 高分子重复单元 rc_30d 化竞 高分子","Chem::Core","[[高分子重复单元]]","30d","概念卡","关键结论：
• 加聚反应：重复单元 = 单体残基（双键打开）；缩聚反应：重复单元 = 单体残基之和 − 小分子
• 聚合度 DP 决定分子量：M_n = DP \times M_0；高分子通常 DP > 1000
• 聚乙烯是最简单的高分子：重复单元为 \ce{-[CH2-CH2]-}，但实际聚乙烯链末端有烷基
• 缩聚反应需要严格化学计量比：否则分子量受限（Carothers 方程）
• 天然高分子也是聚合物：纤维素、淀粉、蛋白质、DNA 都有重复单元结构"
"高分子重复单元 的关键结论有哪些？","• 加聚反应：重复单元 = 单体残基（双键打开）；缩聚反应：重复单元 = 单体残基之和 − 小分子
• 聚合度 DP 决定分子量：M_n = DP \times M_0；高分子通常 DP > 1000
• 聚乙烯是最简单的高分子：重复单元为 \ce{-[CH2-CH2]-}，但实际聚乙烯链末端有烷基
• 缩聚反应需要严格化学计量比：否则分子量受限（Carothers 方程）
• 天然高分子也是聚合物：纤维素、淀粉、蛋白质、DNA 都有重复单元结构","有机化学 特殊体系 高分子重复单元 rc_30d 化竞 高分子","Chem::Core","[[高分子重复单元]]","30d","总结卡","高分子（聚合物，Polymer）是由大量重复结构单元（重复单元，Repeat Unit）通过共价键连接而成的大分子化合物。重复单元是由单体（Monomer）通过聚合反应形成的、在聚合物链中周期性出现的最小结构片段。"
"高分子重复单元 有哪些常见易错点？","|  错误  |  原因  |  纠正  |  课堂提问  | 
 | :--- | :--- | :--- | :--- | 
 |  ""重复单元 = 单体""  |  忽略缩聚反应  |  只有加聚的重复单元与单体基本相同；缩聚要减去小分子  |  PET 的重复单元与单体分子式相同吗？  | 
 |  ""所有高分子都是加聚得到的""  |  不了解缩聚  |  聚酯、聚酰胺、酚醛树脂都是缩聚产物  |  尼龙是加聚还是缩聚产物？  | 
 |  ""高分子链两端没有区别""  |  忽略端基  |  高分子链有端基，只是分子量很大时端基影响小  |  聚乙烯链的末端是什么基团？  | 
 |  ""共聚物只有两种单体""  |  理解过窄  |  共聚物可以有两种或以上单体  |  ABS 塑料由几种单体组成？（三种：丙烯腈、丁二烯、苯乙烯） | 
 |  ""热塑性塑料不能交联""  |  不了解改性  |  某些热塑性塑料可通过辐照等方法交联  |  PE 可以交联吗？（可以，得到 XLPE） |","有机化学 特殊体系 高分子重复单元 rc_30d 化竞 高分子","Chem::Core","[[高分子重复单元]]","30d","易错点卡","高分子（聚合物，Polymer）是由大量重复结构单元（重复单元，Repeat Unit）通过共价键连接而成的大分子化合物。重复单元是由单体（Monomer）通过聚合反应形成的、在聚合物链中周期性出现的最小结构片段。"
"什么是平均聚合度？","平均聚合度（Degree of Polymerization, DP 或 X_n） 是指高分子链中重复单元（结构单元）的平均数目。它是描述高分子大小的基本参数，与分子量直接相关：","物理化学 高分子化学 平均聚合度 rc_30d 化竞 聚合反应 统计","Chem::Core","[[平均聚合度]]","30d","概念卡","关键结论：
• 数均聚合度 = 单体分子总数 / 高分子链总数——是链浓度的倒数
• 逐步聚合中，高聚合度需要高反应程度——p > 0.99 才得到 X_n > 100
• 等摩尔比是逐步聚合的关键——偏离等摩尔比会严重限制聚合度
• 链式聚合中，动力学链长决定聚合度上限——终止方式和链转移进一步调节
• 可逆聚合中，聚合度受热力学平衡限制——低温有利于高聚合度"
"平均聚合度 的关键结论有哪些？","• 数均聚合度 = 单体分子总数 / 高分子链总数——是链浓度的倒数
• 逐步聚合中，高聚合度需要高反应程度——p > 0.99 才得到 X_n > 100
• 等摩尔比是逐步聚合的关键——偏离等摩尔比会严重限制聚合度
• 链式聚合中，动力学链长决定聚合度上限——终止方式和链转移进一步调节
• 可逆聚合中，聚合度受热力学平衡限制——低温有利于高聚合度","物理化学 高分子化学 平均聚合度 rc_30d 化竞 聚合反应 统计","Chem::Core","[[平均聚合度]]","30d","总结卡","平均聚合度（Degree of Polymerization, DP 或 X_n） 是指高分子链中重复单元（结构单元）的平均数目。它是描述高分子大小的基本参数，与分子量直接相关："
"平均聚合度 有哪些常见易错点？","|  错误  |  原因  |  纠正  |  课堂提问  | 
 | :--- | :--- | :--- | :--- | 
 |  混淆重复单元和结构单元  |  共聚物中定义不同  |  均聚物中重复单元 = 结构单元；共聚物中需明确  |  聚乙烯的重复单元是什么？聚对苯二甲酸乙二酯呢？  | 
 |  逐步聚合中忽略 r 的影响  |  只记 Xn = 1/(1-p)  |  非等摩尔比时必须用 Xn = (1+r)/(1+r-2rp)  |  若二元醇过量 10%，即使 p=99%，Xn 能到 100 吗？  | 
 |  自由基聚合中混淆 ν 和 Xn  |  不清楚终止方式的影响  |  偶合终止：Xn = 2ν；歧化终止：Xn = ν  |  若动力学链长为 100，偶合终止时 Xn 是多少？  | 
 |  活性聚合中用总单体浓度算 Xn  |  忽略转化率  |  必须用消耗的单体浓度：[M]0 - [M]  |  若 [M]0/[I]0 = 1000，转化率 50%，Xn = ?  | 
 |  忽略端基质量  |  低聚物中误差大  |  精确计算时：Mn = n×M0 + M端基  |  对于 Xn=10 的聚合物，端基质量可忽略吗？  |","物理化学 高分子化学 平均聚合度 rc_30d 化竞 聚合反应 统计","Chem::Core","[[平均聚合度]]","30d","易错点卡","平均聚合度（Degree of Polymerization, DP 或 X_n） 是指高分子链中重复单元（结构单元）的平均数目。它是描述高分子大小的基本参数，与分子量直接相关："
"什么是热力学驱动力？","热力学驱动力 是指在等温等压条件下，推动化学反应自发进行的热力学因素，其核心是 Gibbs自由能变化 \Delta G。","物理化学 热力学 热力学驱动力 rc_30d 化竞 自由能 反应自发性","Chem::Core","[[热力学驱动力]]","30d","概念卡","关键结论：
4.1 标准态与非标准态

标准 Gibbs 自由能变化 \Delta G^\ominus：
• 指反应物和生成物都处于标准状态时的 Gibbs 自由能变化
• 可由标准 Gibbs 生成自由能计算：\Delta_r G_m^\ominus = \sum \nu_i \Delta_f G_m^\ominus(产物) - \sum \nu_i \Delta_f G_m^\ominus(反应物)
• 只能粗略估计反应的方向

实际 Gibbs 自由能变化 \Delta G：
• 适用于任意温度及压力条件
• 与 \Delta G^\ominus 的关系：\Delta G = \Delta G^\ominus + 2.30RT \lg Q
• 是判别反应自发方向的可靠依据

4.2 \Delta G^\ominus 与平衡常数的关系

\Delta G^\ominus = -2.30RT \lg K^\ominus
• \Delta G^\ominus < 0：K^\ominus > 1，反应在标态下自发
• \Delta G^\ominus > 0：K^\ominus < 1，反应在标态下非自发
• \Delta G^\ominus = 0：K^\ominus = 1，反应处于平衡

4.3 反应方向的完整判据

综合以上关系：

\Delta G = -2.30RT \lg K + 2.30RT \lg Q = 2.30RT \lg \frac{Q}{K}
• Q < K：\Delta G < 0，正向自发
• Q = K：\Delta G = 0，平衡状态
• Q > K：\Delta G > 0，逆向自发"
"热力学驱动力 的关键结论有哪些？","4.1 标准态与非标准态

标准 Gibbs 自由能变化 \Delta G^\ominus：
• 指反应物和生成物都处于标准状态时的 Gibbs 自由能变化
• 可由标准 Gibbs 生成自由能计算：\Delta_r G_m^\ominus = \sum \nu_i \Delta_f G_m^\ominus(产物) - \sum \nu_i \Delta_f G_m^\ominus(反应物)
• 只能粗略估计反应的方向

实际 Gibbs 自由能变化 \Delta G：
• 适用于任意温度及压力条件
• 与 \Delta G^\ominus 的关系：\Delta G = \Delta G^\ominus + 2.30RT \lg Q
• 是判别反应自发方向的可靠依据

4.2 \Delta G^\ominus 与平衡常数的关系

\Delta G^\ominus = -2.30RT \lg K^\ominus
• \Delta G^\ominus < 0：K^\ominus > 1，反应在标态下自发
• \Delta G^\ominus > 0：K^\ominus < 1，反应在标态下非自发
• \Delta G^\ominus = 0：K^\ominus = 1，反应处于平衡

4.3 反应方向的完整判据

综合以上关系：

\Delta G = -2.30RT \lg K + 2.30RT \lg Q = 2.30RT \lg \frac{Q}{K}
• Q < K：\Delta G < 0，正向自发
• Q = K：\Delta G = 0，平衡状态
• Q > K：\Delta G > 0，逆向自发","物理化学 热力学 热力学驱动力 rc_30d 化竞 自由能 反应自发性","Chem::Core","[[热力学驱动力]]","30d","总结卡","热力学驱动力 是指在等温等压条件下，推动化学反应自发进行的热力学因素，其核心是 Gibbs自由能变化 \Delta G。"
"热力学驱动力 有哪些常见易错点？","• 单位统一：\Delta H 常用 \mathrm{kJ\cdot mol^{-1}}，\Delta S 常用 \mathrm{J\cdot mol^{-1}\cdot K^{-1}}，计算时需注意换算
• \Delta G^\ominus 与自发性：\Delta G^\ominus > 0 不代表任何条件下反应都不自发，非标准态下可能 \Delta G < 0
• 转变温度的意义：T_转 是标准态下的转变温度，实际反应条件需综合考虑动力学因素
• \Delta G 与反应速率无关：\Delta G 判断热力学可能性，不判断反应快慢","物理化学 热力学 热力学驱动力 rc_30d 化竞 自由能 反应自发性","Chem::Core","[[热力学驱动力]]","30d","易错点卡","热力学驱动力 是指在等温等压条件下，推动化学反应自发进行的热力学因素，其核心是 Gibbs自由能变化 \Delta G。"
"什么是相图与相平衡？","相（phase）：系统中物理和化学性质完全均匀的部分。相与相之间有明确的界面。","物理化学 热力学 相图与相平衡 rc_30d 化竞 相平衡 Gibbs相律","Chem::Core","[[相图与相平衡]]","30d","概念卡","关键结论：
4.1 相律应用速查

 |  系统类型  |  组分数 C  |  最大相数 P_{\max}  |  条件  | 
 | :--- | :---: | :---: | :--- | 
 |  单组分  |  1  |  3  |  F=0 时  | 
 |  二组分  |  2  |  4  |  F=0 时  | 
 |  三组分  |  3  |  5  |  F=0 时  | 

4.2 相图阅读要点• 区域：每个区域代表一个单相区，F = C - 1 + 2 = C + 1• 线：相界线代表两相共存，F = C - 2 + 2 = C• 点：• 三相点：F = 0，三相共存• 临界点：液-气相界线的终点• 恒沸点：气相线与液相线相切的特殊点（非理想溶液）

4.3 水的反常相行为

 |  现象  |  解释  |  后果  | 
 | :--- | :--- | :--- | 
 |  冰的密度小于水  |  氢键形成四面体空洞结构  |  冰浮于水面，保护水生生物  | 
 |  加压熔点降低  |  固-液线斜率为负（Le Chatelier） |  滑冰时冰刀压力下冰熔化起润滑作用  | 
 |  三相点压力极低  |  611 Pa ≪ 1 atm  |  1 atm 下冰可直接升华  |"
"相图与相平衡 的关键结论有哪些？","4.1 相律应用速查

 |  系统类型  |  组分数 C  |  最大相数 P_{\max}  |  条件  | 
 | :--- | :---: | :---: | :--- | 
 |  单组分  |  1  |  3  |  F=0 时  | 
 |  二组分  |  2  |  4  |  F=0 时  | 
 |  三组分  |  3  |  5  |  F=0 时  | 

4.2 相图阅读要点• 区域：每个区域代表一个单相区，F = C - 1 + 2 = C + 1• 线：相界线代表两相共存，F = C - 2 + 2 = C• 点：• 三相点：F = 0，三相共存• 临界点：液-气相界线的终点• 恒沸点：气相线与液相线相切的特殊点（非理想溶液）

4.3 水的反常相行为

 |  现象  |  解释  |  后果  | 
 | :--- | :--- | :--- | 
 |  冰的密度小于水  |  氢键形成四面体空洞结构  |  冰浮于水面，保护水生生物  | 
 |  加压熔点降低  |  固-液线斜率为负（Le Chatelier） |  滑冰时冰刀压力下冰熔化起润滑作用  | 
 |  三相点压力极低  |  611 Pa ≪ 1 atm  |  1 atm 下冰可直接升华  |","物理化学 热力学 相图与相平衡 rc_30d 化竞 相平衡 Gibbs相律","Chem::Core","[[相图与相平衡]]","30d","总结卡","相（phase）：系统中物理和化学性质完全均匀的部分。相与相之间有明确的界面。"
"相图与相平衡 有哪些常见易错点？","• 三相点与凝固点混淆：三相点是物质特性；正常凝固点是在 1 atm 外压下的测量值• 自由度计算忘记修正：恒压条件下应使用 F = C - P + 1• 杠杆规则线段取反：记住""某相的量与对侧线段成正比""• 忽略水的反常膨胀：冰的密度小于水是解释许多自然现象的关键","物理化学 热力学 相图与相平衡 rc_30d 化竞 相平衡 Gibbs相律","Chem::Core","[[相图与相平衡]]","30d","易错点卡","相（phase）：系统中物理和化学性质完全均匀的部分。相与相之间有明确的界面。"
"什么是元素推断？","元素推断题是化学竞赛中常见的大题类型，要求根据题目给出的物理化学性质、结构信息、反应特征等线索，推断出未知元素或化合物。这类题目综合考查元素周期律、原子结构、化学键、配位化学、氧化还原等多模块知识。","综合 推断方法 元素推断 rc_30d 化竞 基础要求 推断 元素周期表 综合题","Chem::Core","[[元素推断]]","30d","概念卡",""
"什么是化学式推断？","化学式推断是指根据实验数据（元素质量分数、燃烧产物质量、气体体积、晶胞参数等）确定未知化合物的实验式（最简式）或分子式的过程。它是竞赛中元素分析和结构推断的基础技能。","综合 推断方法 化学式推断 rc_30d 化竞 基础要求 推断 化学式 计算","Chem::Core","[[化学式推断]]","30d","概念卡",""
"什么是生物化学？","生物化学（Biochemistry）是研究生物体内化学过程的学科，关注生物大分子（糖类、蛋白质、核酸、脂类）的结构与功能，以及维持生命所需的代谢途径和能量转换。从有机化学竞赛角度，重点掌握生物大分子的化学结构特征、酶催化的有机反应机理，以及代谢途径中的关键化学转化。","综合 生物化学 代谢与酶催化 rc_30d 化竞 糖类 氨基酸 蛋白质","Chem::Core","[[生物化学]]","30d","概念卡",""
"生物化学 有哪些常见易错点？","• 混淆 α/β 异头体定义：α-异头体指异头碳上的取代基与 C6（或决定构型的碳）在同侧（D-系列中为直立），不是简单的上下关系
• 忽略 D/L 与 R/S 的区别：D/L 是相对于甘油醛的相对构型；R/S 是 CIP 绝对构型。两者无简单对应关系
• 肽键刚性误解：肽键的平面刚性来自 C=O 与 N 孤对电子的共轭，不是单键旋转受阻
• NADH 负氢转移方向：NAD⁺ 的烟酰胺环在 4-位接受负氢（H⁻），不是 2-位或 6-位
• CoA 硫醇酯特性：硫醇酯比氧酯更易烯醇化和水解，因为硫的 3p 轨道与羰基 π* 轨道重叠差，共轭稳定化弱
• 糖苷键类型混淆：α-1,4、β-1,4、α-1,6 等表示异头碳构型和连接位置，需仔细区分","综合 生物化学 代谢与酶催化 rc_30d 化竞 糖类 氨基酸 蛋白质","Chem::Core","[[生物化学]]","30d","易错点卡","生物化学（Biochemistry）是研究生物体内化学过程的学科，关注生物大分子（糖类、蛋白质、核酸、脂类）的结构与功能，以及维持生命所需的代谢途径和能量转换。从有机化学竞赛角度，重点掌握生物大分子的化学结构特征、酶催化的有机反应机理，以及代谢途径中的关键化学转化。"